secs,km,power,hr,cad,alt
0,0,,111,,51.4
1,0,,112,,50.8
2,0.001105,,113,,50.5
3,0.00221,,114,,50.2
4,0.00489,,115.5,,50.2
5,0.00757,,117,,50.2
6,0.01032,,118,,50.6
7,0.01364,,118.4,,50.64
8,0.01696,,118.8,,50.68
9,0.02028,,119.2,,50.72
10,0.0236,,119.6,,50.76
11,0.02692,,120,,50.8
12,0.03041,,120.75,,50.85
13,0.0339,,121.5,,50.9
14,0.03739,,122.25,,50.95
15,0.04088,,123,,51
16,0.0446367,,124,,50.8667
17,0.0483933,,125,,50.7333
18,0.05215,,126,,50.6
19,0.0557333,,127.333,,50.5333
20,0.0593167,,128.667,,50.4667
21,0.0629,,130,,50.4
22,0.0661467,,131,,50.8
23,0.0693933,,132,,51.2
24,0.07264,,133,,51.6
25,0.0753533,,134,,51.8
26,0.0780667,,135,,52
27,0.08078,,136,,52.2
28,0.08351,,137,,52.6
29,0.08678,,137.75,,52.35
30,0.09005,,138.5,,52.1
31,0.09332,,139.25,,51.85
32,0.09659,,140,,51.6
33,0.09991,,141,,51.6
34,0.102995,,141.75,,51.65
35,0.10608,,142.5,,51.7
36,0.109165,,143.25,,51.75
37,0.11225,,144,,51.8
38,0.115633,,144.333,,51.6
39,0.119017,,144.667,,51.4
40,0.1224,,145,,51.2
41,0.125783,,145.333,,51
42,0.129167,,145.667,,50.8
43,0.13255,,146,,50.6
44,0.13573,,146.286,,50.5143
45,0.13891,,146.571,,50.4286
46,0.14209,,146.857,,50.3429
47,0.14527,,147.143,,50.2571
48,0.14845,,147.429,,50.1714
49,0.15163,,147.714,,50.0857
50,0.15481,,148,,50
51,0.15805,,148.143,,50.2
52,0.16129,,148.286,,50.4
53,0.16453,,148.429,,50.6
54,0.16777,,148.571,,50.8
55,0.17101,,148.714,,51
56,0.17425,,148.857,,51.2
57,0.17749,,149,,51.4
58,0.180717,,149,,50.7333
59,0.183943,,149,,50.0667
60,0.18717,,149,,49.4
61,0.19065,,149.333,,49.5
62,0.19413,,149.667,,49.6
63,0.19761,,150,,49.7
64,0.20109,,150.333,,49.8
65,0.20457,,150.667,,49.9
66,0.20805,,151,,50
67,0.211284,,150.857,,50.1429
68,0.214519,,150.714,,50.2857
69,0.217753,,150.571,,50.4286
70,0.220987,,150.429,,50.5714
71,0.224221,,150.286,,50.7143
72,0.227456,,150.143,,50.8571
73,0.23069,,150,,51
74,0.233809,,149.857,,51.1714
75,0.236927,,149.714,,51.3429
76,0.240046,,149.571,,51.5143
77,0.243164,,149.429,,51.6857
78,0.246283,,149.286,,51.8571
79,0.249401,,149.143,,52.0286
80,0.25252,,149,,52.2
81,0.255714,,149,,52.4
82,0.258909,,149,,52.6
83,0.262103,,149,,52.8
84,0.265297,,149,,53
85,0.268491,,149,,53.2
86,0.271686,,149,,53.4
87,0.27488,,149,,53.6
88,0.27811,,148.857,,54
89,0.28134,,148.714,,54.4
90,0.28457,,148.571,,54.8
91,0.2878,,148.429,,55.2
92,0.29103,,148.286,,55.6
93,0.29426,,148.143,,56
94,0.29749,,148,,56.4
95,0.30059,,148,,56.3714
96,0.30369,,148,,56.3429
97,0.30679,,148,,56.3143
98,0.30989,,148,,56.2857
99,0.31299,,148,,56.2571
100,0.31609,,148,,56.2286
101,0.31919,,148,,56.2
102,0.32235,,148.143,,56.5429
103,0.32551,,148.286,,56.8857
104,0.32867,,148.429,,57.2286
105,0.33183,,148.571,,57.5714
106,0.33499,,148.714,,57.9143
107,0.33815,,148.857,,58.2571
108,0.34131,,149,,58.6
109,0.344527,,149,,58.6
110,0.347744,,149,,58.6
111,0.350961,,149,,58.6
112,0.354179,,149,,58.6
113,0.357396,,149,,58.6
114,0.360613,,149,,58.6
115,0.36383,,149,,58.6
116,0.367403,,149.333,,58.3333
117,0.370977,,149.667,,58.0667
118,0.37455,,150,,57.8
119,0.378123,,150.333,,57.5333
120,0.381697,,150.667,,57.2667
121,0.38527,,151,,57
122,0.387955,,150.667,,56.4333
123,0.39064,,150.333,,55.8667
124,0.393325,,150,,55.3
125,0.39601,,149.667,,54.7333
126,0.398695,,149.333,,54.1667
127,0.40138,,149,,53.6
128,0.403616,,149,,53.16
129,0.405852,,149,,52.72
130,0.408088,,149,,52.28
131,0.410324,,149,,51.84
132,0.41256,,149,,51.4
133,0.415576,,148.857,,51.4286
134,0.418591,,148.714,,51.4571
135,0.421607,,148.571,,51.4857
136,0.424623,,148.429,,51.5143
137,0.427639,,148.286,,51.5429
138,0.430654,,148.143,,51.5714
139,0.43367,,148,,51.6
140,0.436641,,147.857,,51.4286
141,0.439613,,147.714,,51.2571
142,0.442584,,147.571,,51.0857
143,0.445556,,147.429,,50.9143
144,0.448527,,147.286,,50.7429
145,0.451499,,147.143,,50.5714
146,0.45447,,147,,50.4
147,0.457623,,147,,50.4571
148,0.460776,,147,,50.5143
149,0.463929,,147,,50.5714
150,0.467081,,147,,50.6286
151,0.470234,,147,,50.6857
152,0.473387,,147,,50.7429
153,0.47654,,147,,50.8
154,0.479684,,146.714,,50.8
155,0.482829,,146.429,,50.8
156,0.485973,,146.143,,50.8
157,0.489117,,145.857,,50.8
158,0.492261,,145.571,,50.8
159,0.495406,,145.286,,50.8
160,0.49855,,145,,50.8
161,0.501583,,144.857,,50.8286
162,0.504616,,144.714,,50.8571
163,0.507649,,144.571,,50.8857
164,0.510681,,144.429,,50.9143
165,0.513714,,144.286,,50.9429
166,0.516747,,144.143,,50.9714
167,0.51978,,144,,51
168,0.522743,,144,,51.4857
169,0.525706,,144,,51.9714
170,0.528669,,144,,52.4571
171,0.531631,,144,,52.9429
172,0.534594,,144,,53.4286
173,0.537557,,144,,53.9143
174,0.54052,,144,,54.4
175,0.543726,,144,,54.5143
176,0.546931,,144,,54.6286
177,0.550137,,144,,54.7429
178,0.553343,,144,,54.8571
179,0.556549,,144,,54.9714
180,0.559754,,144,,55.0857
181,0.56296,,144,,55.2
182,0.566024,,144,,54.9714
183,0.569089,,144,,54.7429
184,0.572153,,144,,54.5143
185,0.575217,,144,,54.2857
186,0.578281,,144,,54.0571
187,0.581346,,144,,53.8286
188,0.58441,,144,,53.6
189,0.587629,,144.143,,53.6857
190,0.590847,,144.286,,53.7714
191,0.594066,,144.429,,53.8571
192,0.597284,,144.571,,53.9429
193,0.600503,,144.714,,54.0286
194,0.603721,,144.857,,54.1143
195,0.60694,,145,,54.2
196,0.60996,,145.143,,52.8286
197,0.61298,,145.286,,51.4571
198,0.616,,145.429,,50.0857
199,0.61902,,145.571,,48.7143
200,0.62204,,145.714,,47.3429
201,0.62506,,145.857,,45.9714
202,0.62808,,146,,44.6
203,0.631051,,146,,44.4857
204,0.634023,,146,,44.3714
205,0.636994,,146,,44.2571
206,0.639966,,146,,44.1429
207,0.642937,,146,,44.0286
208,0.645909,,146,,43.9143
209,0.64888,,146,,43.8
210,0.651924,,146.286,,44.2
211,0.654969,,146.571,,44.6
212,0.658013,,146.857,,45
213,0.661057,,147.143,,45.4
214,0.664101,,147.429,,45.8
215,0.667146,,147.714,,46.2
216,0.67019,,148,,46.6
217,0.67313,,148,,46.7429
218,0.67607,,148,,46.8857
219,0.67901,,148,,47.0286
220,0.68195,,148,,47.1714
221,0.68489,,148,,47.3143
222,0.68783,,148,,47.4571
223,0.69077,,148,,47.6
224,0.693793,,147.857,,48.0571
225,0.696816,,147.714,,48.5143
226,0.699839,,147.571,,48.9714
227,0.702861,,147.429,,49.4286
228,0.705884,,147.286,,49.8857
229,0.708907,,147.143,,50.3429
230,0.71193,,147,,50.8
231,0.715001,,146.857,,51
232,0.718073,,146.714,,51.2
233,0.721144,,146.571,,51.4
234,0.724216,,146.429,,51.6
235,0.727287,,146.286,,51.8
236,0.730359,,146.143,,52
237,0.73343,,146,,52.2
238,0.736229,,145.875,,52.325
239,0.739027,,145.75,,52.45
240,0.741826,,145.625,,52.575
241,0.744625,,145.5,,52.7
242,0.747424,,145.375,,52.825
243,0.750222,,145.25,,52.95
244,0.753021,,145.125,,53.075
245,0.75582,,145,,53.2
246,0.75892,,145,,53.1143
247,0.76202,,145,,53.0286
248,0.76512,,145,,52.9429
249,0.76822,,145,,52.8571
250,0.77132,,145,,52.7714
251,0.77442,,145,,52.6857
252,0.77752,,145,,52.6
253,0.780586,,145,,52.6571
254,0.783651,,145,,52.7143
255,0.786717,,145,,52.7714
256,0.789783,,145,,52.8286
257,0.792849,,145,,52.8857
258,0.795914,,145,,52.9429
259,0.79898,,145,,53
260,0.8019,,144.857,,52.9714
261,0.80482,,144.714,,52.9429
262,0.80774,,144.571,,52.9143
263,0.81066,,144.429,,52.8857
264,0.81358,,144.286,,52.8571
265,0.8165,,144.143,,52.8286
266,0.81942,,144,,52.8
267,0.822521,,144,,52.5143
268,0.825623,,144,,52.2286
269,0.828724,,144,,51.9429
270,0.831826,,144,,51.6571
271,0.834927,,144,,51.3714
272,0.838029,,144,,51.0857
273,0.84113,,144,,50.8
274,0.844266,,144.143,,51.1143
275,0.847401,,144.286,,51.4286
276,0.850537,,144.429,,51.7429
277,0.853673,,144.571,,52.0571
278,0.856809,,144.714,,52.3714
279,0.859944,,144.857,,52.6857
280,0.86308,,145,,53
281,0.865825,,145,,53.1
282,0.86857,,145,,53.2
283,0.871315,,145,,53.3
284,0.87406,,145,,53.4
285,0.876805,,145,,53.5
286,0.87955,,145,,53.6
287,0.882295,,145,,53.7
288,0.88504,,145,,53.8
289,0.888013,,145.286,,53.6286
290,0.890986,,145.571,,53.4571
291,0.893959,,145.857,,53.2857
292,0.896931,,146.143,,53.1143
293,0.899904,,146.429,,52.9429
294,0.902877,,146.714,,52.7714
295,0.90585,,147,,52.6
296,0.90872,,147.143,,52.7714
297,0.91159,,147.286,,52.9429
298,0.91446,,147.429,,53.1143
299,0.91733,,147.571,,53.2857
300,0.9202,,147.714,,53.4571
301,0.92307,,147.857,,53.6286
302,0.92594,,148,,53.8
303,0.929056,,148.286,,53.9143
304,0.932171,,148.571,,54.0286
305,0.935287,,148.857,,54.1429
306,0.938403,,149.143,,54.2571
307,0.941519,,149.429,,54.3714
308,0.944634,,149.714,,54.4857
309,0.94775,,150,,54.6
310,0.950848,,149.5,,54.7667
311,0.953947,,149,,54.9333
312,0.957045,,148.5,,55.1
313,0.960143,,148,,55.2667
314,0.963242,,147.5,,55.4333
315,0.96634,,147,,55.6
316,0.969493,,146.857,,55.9143
317,0.972646,,146.714,,56.2286
318,0.975799,,146.571,,56.5429
319,0.978951,,146.429,,56.8571
320,0.982104,,146.286,,57.1714
321,0.985257,,146.143,,57.4857
322,0.98841,,146,,57.8
323,0.991441,,146,,58.0286
324,0.994473,,146,,58.2571
325,0.997504,,146,,58.4857
326,1.00054,,146,,58.7143
327,1.00357,,146,,58.9429
328,1.0066,,146,,59.1714
329,1.00963,,146,,59.4
330,1.01261,,146,,59.4286
331,1.0156,,146,,59.4571
332,1.01858,,146,,59.4857
333,1.02156,,146,,59.5143
334,1.02454,,146,,59.5429
335,1.02753,,146,,59.5714
336,1.03051,,146,,59.6
337,1.03353,,145.857,,59.7143
338,1.03654,,145.714,,59.8286
339,1.03956,,145.571,,59.9429
340,1.04258,,145.429,,60.0571
341,1.0456,,145.286,,60.1714
342,1.04861,,145.143,,60.2857
343,1.05163,,145,,60.4
344,1.05473,,145,,60.1714
345,1.05783,,145,,59.9429
346,1.06093,,145,,59.7143
347,1.06404,,145,,59.4857
348,1.06714,,145,,59.2571
349,1.07024,,145,,59.0286
350,1.07334,,145,,58.8
351,1.07621,,145,,58.8286
352,1.07908,,145,,58.8571
353,1.08195,,145,,58.8857
354,1.08482,,145,,58.9143
355,1.08769,,145,,58.9429
356,1.09056,,145,,58.9714
357,1.09343,,145,,59
358,1.09594,,145,,58.8444
359,1.09844,,145,,58.6889
360,1.10095,,145,,58.5333
361,1.10345,,145,,58.3778
362,1.10596,,145,,58.2222
363,1.10846,,145,,58.0667
364,1.11097,,145,,57.9111
365,1.11347,,145,,57.7556
366,1.11598,,145,,57.6
367,1.11878,,145.125,,57.45
368,1.12157,,145.25,,57.3
369,1.12437,,145.375,,57.15
370,1.12716,,145.5,,57
371,1.12996,,145.625,,56.85
372,1.13276,,145.75,,56.7
373,1.13555,,145.875,,56.55
374,1.13835,,146,,56.4
375,1.1417,,146,,56.3
376,1.14506,,146,,56.2
377,1.14842,,146,,56.1
378,1.15177,,146,,56
379,1.15513,,146,,55.9
380,1.15848,,146,,55.8
381,1.16171,,145.857,,55.9429
382,1.16495,,145.714,,56.0857
383,1.16818,,145.571,,56.2286
384,1.17142,,145.429,,56.3714
385,1.17465,,145.286,,56.5143
386,1.17789,,145.143,,56.6571
387,1.18112,,145,,56.8
388,1.18419,,145.143,,56.6571
389,1.18725,,145.286,,56.5143
390,1.19032,,145.429,,56.3714
391,1.19338,,145.571,,56.2286
392,1.19645,,145.714,,56.0857
393,1.19951,,145.857,,55.9429
394,1.20258,,146,,55.8
395,1.20548,,145.714,,55.5714
396,1.20837,,145.429,,55.3429
397,1.21127,,145.143,,55.1143
398,1.21417,,144.857,,54.8857
399,1.21707,,144.571,,54.6571
400,1.21996,,144.286,,54.4286
401,1.22286,,144,,54.2
402,1.22587,,143.857,,54.4286
403,1.22887,,143.714,,54.6571
404,1.23188,,143.571,,54.8857
405,1.23488,,143.429,,55.1143
406,1.23789,,143.286,,55.3429
407,1.24089,,143.143,,55.5714
408,1.2439,,143,,55.8
409,1.24699,,142.714,,56.0286
410,1.25007,,142.429,,56.2571
411,1.25316,,142.143,,56.4857
412,1.25625,,141.857,,56.7143
413,1.25934,,141.571,,56.9429
414,1.26242,,141.286,,57.1714
415,1.26551,,141,,57.4
416,1.26842,,141.143,,57.4286
417,1.27134,,141.286,,57.4571
418,1.27425,,141.429,,57.4857
419,1.27717,,141.571,,57.5143
420,1.28008,,141.714,,57.5429
421,1.283,,141.857,,57.5714
422,1.28591,,142,,57.6
423,1.2887,,141.625,,57.425
424,1.2915,,141.25,,57.25
425,1.29429,,140.875,,57.075
426,1.29709,,140.5,,56.9
427,1.29988,,140.125,,56.725
428,1.30267,,139.75,,56.55
429,1.30547,,139.375,,56.375
430,1.30826,,139,,56.2
431,1.31098,,139,,56.025
432,1.3137,,139,,55.85
433,1.31641,,139,,55.675
434,1.31913,,139,,55.5
435,1.32185,,139,,55.325
436,1.32456,,139,,55.15
437,1.32728,,139,,54.975
438,1.33,,139,,54.8
439,1.3327,,139,,54.725
440,1.3354,,139,,54.65
441,1.3381,,139,,54.575
442,1.34081,,139,,54.5
443,1.34351,,139,,54.425
444,1.34621,,139,,54.35
445,1.34891,,139,,54.275
446,1.35161,,139,,54.2
447,1.35462,,139,,54.2
448,1.35764,,139,,54.2
449,1.36065,,139,,54.2
450,1.36366,,139,,54.2
451,1.36667,,139,,54.2
452,1.36969,,139,,54.2
453,1.3727,,139,,54.2
454,1.37557,,139,,53.8857
455,1.37845,,139,,53.5714
456,1.38132,,139,,53.2571
457,1.3842,,139,,52.9429
458,1.38707,,139,,52.6286
459,1.38995,,139,,52.3143
460,1.39282,,139,,52
461,1.39552,,139.429,,51.9714
462,1.39822,,139.857,,51.9429
463,1.40092,,140.286,,51.9143
464,1.40362,,140.714,,51.8857
465,1.40632,,141.143,,51.8571
466,1.40902,,141.571,,51.8286
467,1.41172,,142,,51.8
468,1.41442,,142.25,,51.75
469,1.41713,,142.5,,51.7
470,1.41983,,142.75,,51.65
471,1.42254,,143,,51.6
472,1.42524,,143.25,,51.55
473,1.42794,,143.5,,51.5
474,1.43065,,143.75,,51.45
475,1.43335,,144,,51.4
476,1.43628,,144.143,,51.3143
477,1.43921,,144.286,,51.2286
478,1.44214,,144.429,,51.1429
479,1.44508,,144.571,,51.0571
480,1.44801,,144.714,,50.9714
481,1.45094,,144.857,,50.8857
482,1.45387,,145,,50.8
483,1.45679,,145.286,,50.8286
484,1.45972,,145.571,,50.8571
485,1.46264,,145.857,,50.8857
486,1.46557,,146.143,,50.9143
487,1.46849,,146.429,,50.9429
488,1.47142,,146.714,,50.9714
489,1.47434,,147,,51
490,1.47735,,147,,50.9714
491,1.48035,,147,,50.9429
492,1.48336,,147,,50.9143
493,1.48636,,147,,50.8857
494,1.48937,,147,,50.8571
495,1.49237,,147,,50.8286
496,1.49538,,147,,50.8
497,1.49838,,147,,50.9429
498,1.50139,,147,,51.0857
499,1.50439,,147,,51.2286
500,1.50739,,147,,51.3714
501,1.51039,,147,,51.5143
502,1.5134,,147,,51.6571
503,1.5164,,147,,51.8
504,1.5194,,146.857,,51.8571
505,1.5224,,146.714,,51.9143
506,1.5254,,146.571,,51.9714
507,1.52839,,146.429,,52.0286
508,1.53139,,146.286,,52.0857
509,1.53439,,146.143,,52.1429
510,1.53739,,146,,52.2
511,1.5404,,145.857,,52.4571
512,1.54342,,145.714,,52.7143
513,1.54643,,145.571,,52.9714
514,1.54944,,145.429,,53.2286
515,1.55245,,145.286,,53.4857
516,1.55547,,145.143,,53.7429
517,1.55848,,145,,54
518,1.56182,,144.25,,53.85
519,1.56516,,143.5,,53.7
520,1.5685,,142.75,,53.55
521,1.57184,,142,,53.4
522,1.57483,,142.286,,53.3714
523,1.57781,,142.571,,53.3429
524,1.5808,,142.857,,53.3143
525,1.58378,,143.143,,53.2857
526,1.58677,,143.429,,53.2571
527,1.58975,,143.714,,53.2286
528,1.59274,,144,,53.2
529,1.59591,,144.286,,53.1143
530,1.59909,,144.571,,53.0286
531,1.60226,,144.857,,52.9429
532,1.60543,,145.143,,52.8571
533,1.6086,,145.429,,52.7714
534,1.61178,,145.714,,52.6857
535,1.61495,,146,,52.6
536,1.61797,,145.857,,52.6286
537,1.62099,,145.714,,52.6571
538,1.62401,,145.571,,52.6857
539,1.62704,,145.429,,52.7143
540,1.63006,,145.286,,52.7429
541,1.63308,,145.143,,52.7714
542,1.6361,,145,,52.8
543,1.63924,,145,,52.8571
544,1.64239,,145,,52.9143
545,1.64553,,145,,52.9714
546,1.64867,,145,,53.0286
547,1.65181,,145,,53.0857
548,1.65496,,145,,53.1429
549,1.6581,,145,,53.2
550,1.66112,,144.857,,53.1714
551,1.66413,,144.714,,53.1429
552,1.66715,,144.571,,53.1143
553,1.67016,,144.429,,53.0857
554,1.67318,,144.286,,53.0571
555,1.67619,,144.143,,53.0286
556,1.67921,,144,,53
557,1.68231,,144,,53.2
558,1.68541,,144,,53.4
559,1.68851,,144,,53.6
560,1.69162,,144,,53.8
561,1.69472,,144,,54
562,1.69782,,144,,54.2
563,1.70092,,144,,54.4
564,1.70404,,143.857,,54.7714
565,1.70716,,143.714,,55.1429
566,1.71028,,143.571,,55.5143
567,1.71339,,143.429,,55.8857
568,1.71651,,143.286,,56.2571
569,1.71963,,143.143,,56.6286
570,1.72275,,143,,57
571,1.72593,,143.143,,57.2286
572,1.72911,,143.286,,57.4571
573,1.73229,,143.429,,57.6857
574,1.73546,,143.571,,57.9143
575,1.73864,,143.714,,58.1429
576,1.74182,,143.857,,58.3714
577,1.745,,144,,58.6
578,1.74795,,144,,58.8571
579,1.75091,,144,,59.1143
580,1.75386,,144,,59.3714
581,1.75681,,144,,59.6286
582,1.75976,,144,,59.8857
583,1.76272,,144,,60.1429
584,1.76567,,144,,60.4
585,1.76819,,144.25,,59.9
586,1.77071,,144.5,,59.4
587,1.77323,,144.75,,58.9
588,1.77574,,145,,58.4
589,1.77826,,145.25,,57.9
590,1.78078,,145.5,,57.4
591,1.7833,,145.75,,56.9
592,1.78582,,146,,56.4
593,1.78862,,146,,56.15
594,1.79143,,146,,55.9
595,1.79423,,146,,55.65
596,1.79703,,146,,55.4
597,1.79984,,146,,55.15
598,1.80264,,146,,54.9
599,1.80545,,146,,54.65
600,1.80825,,146,,54.4
601,1.81126,,145.857,,54.3143
602,1.81427,,145.714,,54.2286
603,1.81728,,145.571,,54.1429
604,1.8203,,145.429,,54.0571
605,1.82331,,145.286,,53.9714
606,1.82632,,145.143,,53.8857
607,1.82933,,145,,53.8
608,1.83225,,144.857,,53.6857
609,1.83516,,144.714,,53.5714
610,1.83808,,144.571,,53.4571
611,1.841,,144.429,,53.3429
612,1.84392,,144.286,,53.2286
613,1.84683,,144.143,,53.1143
614,1.84975,,144,,53
615,1.85261,,143.875,,52.875
616,1.85546,,143.75,,52.75
617,1.85832,,143.625,,52.625
618,1.86118,,143.5,,52.5
619,1.86404,,143.375,,52.375
620,1.8669,,143.25,,52.25
621,1.86975,,143.125,,52.125
622,1.87261,,143,,52
623,1.87565,,143.143,,51.8571
624,1.87869,,143.286,,51.7143
625,1.88173,,143.429,,51.5714
626,1.88477,,143.571,,51.4286
627,1.88781,,143.714,,51.2857
628,1.89085,,143.857,,51.1429
629,1.89389,,144,,51
630,1.897,,143.714,,51.0571
631,1.90011,,143.429,,51.1143
632,1.90322,,143.143,,51.1714
633,1.90634,,142.857,,51.2286
634,1.90945,,142.571,,51.2857
635,1.91256,,142.286,,51.3429
636,1.91567,,142,,51.4
637,1.91856,,141.714,,51.3143
638,1.92146,,141.429,,51.2286
639,1.92435,,141.143,,51.1429
640,1.92724,,140.857,,51.0571
641,1.93013,,140.571,,50.9714
642,1.93303,,140.286,,50.8857
643,1.93592,,140,,50.8
644,1.93877,,140.25,,50.375
645,1.94162,,140.5,,49.95
646,1.94447,,140.75,,49.525
647,1.94732,,141,,49.1
648,1.95016,,141.25,,48.675
649,1.95301,,141.5,,48.25
650,1.95586,,141.75,,47.825
651,1.95871,,142,,47.4
652,1.96158,,142.286,,47.2857
653,1.96444,,142.571,,47.1714
654,1.96731,,142.857,,47.0571
655,1.97017,,143.143,,46.9429
656,1.97304,,143.429,,46.8286
657,1.9759,,143.714,,46.7143
658,1.97877,,144,,46.6
659,1.98179,,144,,46.7429
660,1.98482,,144,,46.8857
661,1.98784,,144,,47.0286
662,1.99087,,144,,47.1714
663,1.99389,,144,,47.3143
664,1.99692,,144,,47.4571
665,1.99994,,144,,47.6
666,2.0026,,144,,47.725
667,2.00526,,144,,47.85
668,2.00791,,144,,47.975
669,2.01057,,144,,48.1
670,2.01323,,144,,48.225
671,2.01588,,144,,48.35
672,2.01854,,144,,48.475
673,2.0212,,144,,48.6
674,2.02428,,143.857,,48.2571
675,2.02736,,143.714,,47.9143
676,2.03044,,143.571,,47.5714
677,2.03352,,143.429,,47.2286
678,2.0366,,143.286,,46.8857
679,2.03968,,143.143,,46.5429
680,2.04276,,143,,46.2
681,2.04596,,142.75,,46
682,2.04916,,142.5,,45.8
683,2.05236,,142.25,,45.6
684,2.05556,,142,,45.4
685,2.05836,,141.875,,45.725
686,2.06116,,141.75,,46.05
687,2.06396,,141.625,,46.375
688,2.06676,,141.5,,46.7
689,2.06955,,141.375,,47.025
690,2.07235,,141.25,,47.35
691,2.07515,,141.125,,47.675
692,2.07795,,141,,48
693,2.0808,,140.875,,48.125
694,2.08366,,140.75,,48.25
695,2.08651,,140.625,,48.375
696,2.08937,,140.5,,48.5
697,2.09223,,140.375,,48.625
698,2.09508,,140.25,,48.75
699,2.09794,,140.125,,48.875
700,2.10079,,140,,49
701,2.10359,,140,,49.05
702,2.10638,,140,,49.1
703,2.10918,,140,,49.15
704,2.11198,,140,,49.2
705,2.11478,,140,,49.25
706,2.11757,,140,,49.3
707,2.12037,,140,,49.35
708,2.12317,,140,,49.4
709,2.1261,,140.6,,49.68
710,2.12902,,141.2,,49.96
711,2.13195,,141.8,,50.24
712,2.13487,,142.4,,50.52
713,2.1378,,143,,50.8
714,2.14077,,143,,50.9143
715,2.14374,,143,,51.0286
716,2.14671,,143,,51.1429
717,2.14967,,143,,51.2571
718,2.15264,,143,,51.3714
719,2.15561,,143,,51.4857
720,2.15858,,143,,51.6
721,2.16131,,142.75,,51.6
722,2.16405,,142.5,,51.6
723,2.16678,,142.25,,51.6
724,2.16952,,142,,51.6
725,2.17225,,141.75,,51.6
726,2.17499,,141.5,,51.6
727,2.17773,,141.25,,51.6
728,2.18046,,141,,51.6
729,2.18345,,141,,51.5143
730,2.18644,,141,,51.4286
731,2.18943,,141,,51.3429
732,2.19242,,141,,51.2571
733,2.19541,,141,,51.1714
734,2.1984,,141,,51.0857
735,2.20139,,141,,51
736,2.20427,,141,,51.075
737,2.20716,,141,,51.15
738,2.21004,,141,,51.225
739,2.21292,,141,,51.3
740,2.21581,,141,,51.375
741,2.21869,,141,,51.45
742,2.22158,,141,,51.525
743,2.22446,,141,,51.6
744,2.22726,,140.875,,51.7
745,2.23006,,140.75,,51.8
746,2.23287,,140.625,,51.9
747,2.23567,,140.5,,52
748,2.23847,,140.375,,52.1
749,2.24127,,140.25,,52.2
750,2.24408,,140.125,,52.3
751,2.24688,,140,,52.4
752,2.24984,,140.5,,52.2667
753,2.25281,,141,,52.1333
754,2.25577,,141.5,,52
755,2.25873,,142,,51.8667
756,2.2617,,142.5,,51.7333
757,2.26466,,143,,51.6
758,2.26748,,143.5,,51.5667
759,2.27031,,144,,51.5333
760,2.27313,,144.5,,51.5
761,2.27596,,145,,51.4667
762,2.27878,,145.5,,51.4333
763,2.28161,,146,,51.4
764,2.28449,,146.143,,51.3143
765,2.28737,,146.286,,51.2286
766,2.29025,,146.429,,51.1429
767,2.29313,,146.571,,51.0571
768,2.29601,,146.714,,50.9714
769,2.29889,,146.857,,50.8857
770,2.30177,,147,,50.8
771,2.3044,,146.875,,50.35
772,2.30703,,146.75,,49.9
773,2.30967,,146.625,,49.45
774,2.3123,,146.5,,49
775,2.31493,,146.375,,48.55
776,2.31756,,146.25,,48.1
777,2.3202,,146.125,,47.65
778,2.32283,,146,,47.2
779,2.32575,,145.857,,47.1429
780,2.32868,,145.714,,47.0857
781,2.3316,,145.571,,47.0286
782,2.33453,,145.429,,46.9714
783,2.33745,,145.286,,46.9143
784,2.34038,,145.143,,46.8571
785,2.3433,,145,,46.8
786,2.34632,,144.714,,46.8571
787,2.34934,,144.429,,46.9143
788,2.35236,,144.143,,46.9714
789,2.35537,,143.857,,47.0286
790,2.35839,,143.571,,47.0857
791,2.36141,,143.286,,47.1429
792,2.36443,,143,,47.2
793,2.36744,,142.857,,46.9714
794,2.37045,,142.714,,46.7429
795,2.37346,,142.571,,46.5143
796,2.37646,,142.429,,46.2857
797,2.37947,,142.286,,46.0571
798,2.38248,,142.143,,45.8286
799,2.38549,,142,,45.6
800,2.38847,,142.143,,45.5143
801,2.39145,,142.286,,45.4286
802,2.39443,,142.429,,45.3429
803,2.3974,,142.571,,45.2571
804,2.40038,,142.714,,45.1714
805,2.40336,,142.857,,45.0857
806,2.40634,,143,,45
807,2.4094,,143.143,,44.9429
808,2.41246,,143.286,,44.8857
809,2.41552,,143.429,,44.8286
810,2.41859,,143.571,,44.7714
811,2.42165,,143.714,,44.7143
812,2.42471,,143.857,,44.6571
813,2.42777,,144,,44.6
814,2.43084,,144,,44.6
815,2.43391,,144,,44.6
816,2.43698,,144,,44.6
817,2.44004,,144,,44.6
818,2.44311,,144,,44.6
819,2.44618,,144,,44.6
820,2.44925,,144,,44.6
821,2.45218,,143.857,,44.6
822,2.45512,,143.714,,44.6
823,2.45805,,143.571,,44.6
824,2.46098,,143.429,,44.6
825,2.46391,,143.286,,44.6
826,2.46685,,143.143,,44.6
827,2.46978,,143,,44.6
828,2.47272,,143,,44.6286
829,2.47566,,143,,44.6571
830,2.4786,,143,,44.6857
831,2.48154,,143,,44.7143
832,2.48448,,143,,44.7429
833,2.48742,,143,,44.7714
834,2.49036,,143,,44.8
835,2.49344,,143.143,,44.7714
836,2.49652,,143.286,,44.7429
837,2.4996,,143.429,,44.7143
838,2.50267,,143.571,,44.6857
839,2.50575,,143.714,,44.6571
840,2.50883,,143.857,,44.6286
841,2.51191,,144,,44.6
842,2.5149,,144.143,,44.6571
843,2.51789,,144.286,,44.7143
844,2.52088,,144.429,,44.7714
845,2.52388,,144.571,,44.8286
846,2.52687,,144.714,,44.8857
847,2.52986,,144.857,,44.9429
848,2.53285,,145,,45
849,2.53594,,144.857,,45.0857
850,2.53904,,144.714,,45.1714
851,2.54213,,144.571,,45.2571
852,2.54523,,144.429,,45.3429
853,2.54832,,144.286,,45.4286
854,2.55142,,144.143,,45.5143
855,2.55451,,144,,45.6
856,2.5575,,143.857,,45.6857
857,2.5605,,143.714,,45.7714
858,2.56349,,143.571,,45.8571
859,2.56648,,143.429,,45.9429
860,2.56947,,143.286,,46.0286
861,2.57247,,143.143,,46.1143
862,2.57546,,143,,46.2
863,2.5782,,143,,46.425
864,2.58095,,143,,46.65
865,2.58369,,143,,46.875
866,2.58643,,143,,47.1
867,2.58918,,143,,47.325
868,2.59192,,143,,47.55
869,2.59467,,143,,47.775
870,2.59741,,143,,48
871,2.6002,,143.125,,48.25
872,2.603,,143.25,,48.5
873,2.60579,,143.375,,48.75
874,2.60859,,143.5,,49
875,2.61138,,143.625,,49.25
876,2.61417,,143.75,,49.5
877,2.61697,,143.875,,49.75
878,2.61976,,144,,50
879,2.62294,,144,,49.7714
880,2.62611,,144,,49.5429
881,2.62929,,144,,49.3143
882,2.63246,,144,,49.0857
883,2.63564,,144,,48.8571
884,2.63881,,144,,48.6286
885,2.64199,,144,,48.4
886,2.64515,,143.857,,48.2857
887,2.64832,,143.714,,48.1714
888,2.65148,,143.571,,48.0571
889,2.65464,,143.429,,47.9429
890,2.6578,,143.286,,47.8286
891,2.66097,,143.143,,47.7143
892,2.66413,,143,,47.6
893,2.66726,,143,,47.7429
894,2.67038,,143,,47.8857
895,2.67351,,143,,48.0286
896,2.67663,,143,,48.1714
897,2.67976,,143,,48.3143
898,2.68288,,143,,48.4571
899,2.68601,,143,,48.6
900,2.68915,,143,,48.7143
901,2.6923,,143,,48.8286
902,2.69544,,143,,48.9429
903,2.69859,,143,,49.0571
904,2.70173,,143,,49.1714
905,2.70488,,143,,49.2857
906,2.70802,,143,,49.4
907,2.71127,,143.286,,49.5714
908,2.71452,,143.571,,49.7429
909,2.71777,,143.857,,49.9143
910,2.72102,,144.143,,50.0857
911,2.72427,,144.429,,50.2571
912,2.72752,,144.714,,50.4286
913,2.73077,,145,,50.6
914,2.73393,,145,,50.4571
915,2.7371,,145,,50.3143
916,2.74026,,145,,50.1714
917,2.74342,,145,,50.0286
918,2.74658,,145,,49.8857
919,2.74975,,145,,49.7429
920,2.75291,,145,,49.6
921,2.75587,,144.857,,49.4857
922,2.75883,,144.714,,49.3714
923,2.76179,,144.571,,49.2571
924,2.76475,,144.429,,49.1429
925,2.76771,,144.286,,49.0286
926,2.77067,,144.143,,48.9143
927,2.77363,,144,,48.8
928,2.7765,,143.857,,48.8571
929,2.77938,,143.714,,48.9143
930,2.78225,,143.571,,48.9714
931,2.78512,,143.429,,49.0286
932,2.78799,,143.286,,49.0857
933,2.79087,,143.143,,49.1429
934,2.79374,,143,,49.2
935,2.79657,,142.875,,49.025
936,2.79941,,142.75,,48.85
937,2.80224,,142.625,,48.675
938,2.80507,,142.5,,48.5
939,2.80791,,142.375,,48.325
940,2.81074,,142.25,,48.15
941,2.81358,,142.125,,47.975
942,2.81641,,142,,47.8
943,2.81886,,142.222,,47.3333
944,2.8213,,142.444,,46.8667
945,2.82375,,142.667,,46.4
946,2.82619,,142.889,,45.9333
947,2.82864,,143.111,,45.4667
948,2.83108,,143.333,,45
949,2.83353,,143.556,,44.5333
950,2.83597,,143.778,,44.0667
951,2.83842,,144,,43.6
952,2.84133,,144.143,,43.9429
953,2.84425,,144.286,,44.2857
954,2.84716,,144.429,,44.6286
955,2.85007,,144.571,,44.9714
956,2.85298,,144.714,,45.3143
957,2.8559,,144.857,,45.6571
958,2.85881,,145,,46
959,2.8617,,145,,46.6857
960,2.86459,,145,,47.3714
961,2.86748,,145,,48.0571
962,2.87036,,145,,48.7429
963,2.87325,,145,,49.4286
964,2.87614,,145,,50.1143
965,2.87903,,145,,50.8
966,2.88202,,145.143,,51.2
967,2.88501,,145.286,,51.6
968,2.888,,145.429,,52
969,2.89098,,145.571,,52.4
970,2.89397,,145.714,,52.8
971,2.89696,,145.857,,53.2
972,2.89995,,146,,53.6
973,2.90274,,145.875,,53.9
974,2.90553,,145.75,,54.2
975,2.90832,,145.625,,54.5
976,2.91112,,145.5,,54.8
977,2.91391,,145.375,,55.1
978,2.9167,,145.25,,55.4
979,2.91949,,145.125,,55.7
980,2.92228,,145,,56
981,2.925,,144.875,,56.1
982,2.92772,,144.75,,56.2
983,2.93045,,144.625,,56.3
984,2.93317,,144.5,,56.4
985,2.93589,,144.375,,56.5
986,2.93861,,144.25,,56.6
987,2.94134,,144.125,,56.7
988,2.94406,,144,,56.8
989,2.94662,,143.875,,56.9
990,2.94919,,143.75,,57
991,2.95175,,143.625,,57.1
992,2.95431,,143.5,,57.2
993,2.95688,,143.375,,57.3
994,2.95944,,143.25,,57.4
995,2.96201,,143.125,,57.5
996,2.96457,,143,,57.6
997,2.96716,,143.125,,57.375
998,2.96975,,143.25,,57.15
999,2.97234,,143.375,,56.925
1000,2.97492,,143.5,,56.7
1001,2.97751,,143.625,,56.475
1002,2.9801,,143.75,,56.25
1003,2.98269,,143.875,,56.025
1004,2.98528,,144,,55.8
1005,2.98798,,143.875,,55.65
1006,2.99068,,143.75,,55.5
1007,2.99338,,143.625,,55.35
1008,2.99608,,143.5,,55.2
1009,2.99878,,143.375,,55.05
1010,3.00148,,143.25,,54.9
1011,3.00418,,143.125,,54.75
1012,3.00688,,143,,54.6
1013,3.00986,,143,,54.2
1014,3.01284,,143,,53.8
1015,3.01582,,143,,53.4
1016,3.0188,,143,,53
1017,3.02178,,143,,52.6
1018,3.02476,,143,,52.2
1019,3.02774,,143,,51.8
1020,3.03069,,142.857,,51.1714
1021,3.03364,,142.714,,50.5429
1022,3.03659,,142.571,,49.9143
1023,3.03953,,142.429,,49.2857
1024,3.04248,,142.286,,48.6571
1025,3.04543,,142.143,,48.0286
1026,3.04838,,142,,47.4
1027,3.05097,,142.125,,47.25
1028,3.05356,,142.25,,47.1
1029,3.05616,,142.375,,46.95
1030,3.05875,,142.5,,46.8
1031,3.06134,,142.625,,46.65
1032,3.06393,,142.75,,46.5
1033,3.06653,,142.875,,46.35
1034,3.06912,,143,,46.2
1035,3.07211,,143,,46.1429
1036,3.07511,,143,,46.0857
1037,3.0781,,143,,46.0286
1038,3.08109,,143,,45.9714
1039,3.08408,,143,,45.9143
1040,3.08708,,143,,45.8571
1041,3.09007,,143,,45.8
1042,3.09276,,143,,45.55
1043,3.09544,,143,,45.3
1044,3.09813,,143,,45.05
1045,3.10081,,143,,44.8
1046,3.1035,,143,,44.55
1047,3.10619,,143,,44.3
1048,3.10887,,143,,44.05
1049,3.11156,,143,,43.8
1050,3.11477,,143,,43.6286
1051,3.11797,,143,,43.4571
1052,3.12118,,143,,43.2857
1053,3.12439,,143,,43.1143
1054,3.1276,,143,,42.9429
1055,3.1308,,143,,42.7714
1056,3.13401,,143,,42.6
1057,3.13715,,142.857,,42.5143
1058,3.14029,,142.714,,42.4286
1059,3.14343,,142.571,,42.3429
1060,3.14658,,142.429,,42.2571
1061,3.14972,,142.286,,42.1714
1062,3.15286,,142.143,,42.0857
1063,3.156,,142,,42
1064,3.15956,,142,,42.1
1065,3.16312,,142,,42.2
1066,3.16667,,142,,42.3
1067,3.17023,,142,,42.4
1068,3.17379,,142,,42.5
1069,3.17735,,142,,42.6
1070,3.18074,,142,,42.7333
1071,3.18413,,142,,42.8667
1072,3.18752,,142,,43
1073,3.19092,,142,,43.1333
1074,3.19431,,142,,43.2667
1075,3.1977,,142,,43.4
1076,3.20076,,142.143,,43.4
1077,3.20381,,142.286,,43.4
1078,3.20687,,142.429,,43.4
1079,3.20993,,142.571,,43.4
1080,3.21299,,142.714,,43.4
1081,3.21604,,142.857,,43.4
1082,3.2191,,143,,43.4
1083,3.22205,,143.286,,43.4286
1084,3.22499,,143.571,,43.4571
1085,3.22794,,143.857,,43.4857
1086,3.23088,,144.143,,43.5143
1087,3.23383,,144.429,,43.5429
1088,3.23677,,144.714,,43.5714
1089,3.23972,,145,,43.6
1090,3.2427,,145.143,,43.7143
1091,3.24568,,145.286,,43.8286
1092,3.24866,,145.429,,43.9429
1093,3.25163,,145.571,,44.0571
1094,3.25461,,145.714,,44.1714
1095,3.25759,,145.857,,44.2857
1096,3.26057,,146,,44.4
1097,3.26371,,146,,44.5714
1098,3.26685,,146,,44.7429
1099,3.26999,,146,,44.9143
1100,3.27314,,146,,45.0857
1101,3.27628,,146,,45.2571
1102,3.27942,,146,,45.4286
1103,3.28256,,146,,45.6
1104,3.28542,,145.857,,45.7143
1105,3.28828,,145.714,,45.8286
1106,3.29114,,145.571,,45.9429
1107,3.29399,,145.429,,46.0571
1108,3.29685,,145.286,,46.1714
1109,3.29971,,145.143,,46.2857
1110,3.30257,,145,,46.4
1111,3.30561,,145.143,,46.3714
1112,3.30865,,145.286,,46.3429
1113,3.31169,,145.429,,46.3143
1114,3.31474,,145.571,,46.2857
1115,3.31778,,145.714,,46.2571
1116,3.32082,,145.857,,46.2286
1117,3.32386,,146,,46.2
1118,3.32689,,146.143,,46.2571
1119,3.32993,,146.286,,46.3143
1120,3.33296,,146.429,,46.3714
1121,3.336,,146.571,,46.4286
1122,3.33903,,146.714,,46.4857
1123,3.34207,,146.857,,46.5429
1124,3.3451,,147,,46.6
1125,3.34771,,147.375,,47.2
1126,3.35032,,147.75,,47.8
1127,3.35293,,148.125,,48.4
1128,3.35554,,148.5,,49
1129,3.35815,,148.875,,49.6
1130,3.36076,,149.25,,50.2
1131,3.36337,,149.625,,50.8
1132,3.36598,,150,,51.4
1133,3.36863,,150.125,,51.775
1134,3.37127,,150.25,,52.15
1135,3.37392,,150.375,,52.525
1136,3.37656,,150.5,,52.9
1137,3.37921,,150.625,,53.275
1138,3.38186,,150.75,,53.65
1139,3.3845,,150.875,,54.025
1140,3.38715,,151,,54.4
1141,3.3902,,150.714,,54.4
1142,3.39326,,150.429,,54.4
1143,3.39631,,150.143,,54.4
1144,3.39937,,149.857,,54.4
1145,3.40242,,149.571,,54.4
1146,3.40548,,149.286,,54.4
1147,3.40853,,149,,54.4
1148,3.41175,,148.857,,54.1429
1149,3.41496,,148.714,,53.8857
1150,3.41818,,148.571,,53.6286
1151,3.42139,,148.429,,53.3714
1152,3.42461,,148.286,,53.1143
1153,3.42782,,148.143,,52.8571
1154,3.43104,,148,,52.6
1155,3.43407,,147.714,,52.4857
1156,3.43711,,147.429,,52.3714
1157,3.44014,,147.143,,52.2571
1158,3.44318,,146.857,,52.1429
1159,3.44621,,146.571,,52.0286
1160,3.44925,,146.286,,51.9143
1161,3.45228,,146,,51.8
1162,3.455,,145.875,,51.3
1163,3.45773,,145.75,,50.8
1164,3.46046,,145.625,,50.3
1165,3.46318,,145.5,,49.8
1166,3.4659,,145.375,,49.3
1167,3.46863,,145.25,,48.8
1168,3.47135,,145.125,,48.3
1169,3.47408,,145,,47.8
1170,3.47716,,145,,47.6
1171,3.48025,,145,,47.4
1172,3.48333,,145,,47.2
1173,3.48642,,145,,47
1174,3.4895,,145,,46.8
1175,3.49259,,145,,46.6
1176,3.49567,,145,,46.4
1177,3.49853,,144.857,,46.1714
1178,3.50139,,144.714,,45.9429
1179,3.50425,,144.571,,45.7143
1180,3.50711,,144.429,,45.4857
1181,3.50997,,144.286,,45.2571
1182,3.51283,,144.143,,45.0286
1183,3.51569,,144,,44.8
1184,3.51842,,144.125,,44.8
1185,3.52114,,144.25,,44.8
1186,3.52387,,144.375,,44.8
1187,3.52659,,144.5,,44.8
1188,3.52932,,144.625,,44.8
1189,3.53205,,144.75,,44.8
1190,3.53477,,144.875,,44.8
1191,3.5375,,145,,44.8
1192,3.54055,,145,,44.8
1193,3.5436,,145,,44.8
1194,3.54666,,145,,44.8
1195,3.54971,,145,,44.8
1196,3.55276,,145,,44.8
1197,3.55646,,145,,45.0333
1198,3.56016,,145,,45.2667
1199,3.56386,,145,,45.5
1200,3.56756,,145,,45.7333
1201,3.57126,,145,,45.9667
1202,3.57496,,145,,46.2
1203,3.57833,,145,,46.7
1204,3.5817,,145,,47.2
1205,3.58506,,145,,47.7
1206,3.58843,,145,,48.2
1207,3.5918,,145,,48.7
1208,3.59517,,145,,49.2
1209,3.59838,,145.143,,49.4286
1210,3.6016,,145.286,,49.6571
1211,3.60481,,145.429,,49.8857
1212,3.60803,,145.571,,50.1143
1213,3.61124,,145.714,,50.3429
1214,3.61446,,145.857,,50.5714
1215,3.61767,,146,,50.8
1216,3.62128,,146.167,,51.1667
1217,3.6249,,146.333,,51.5333
1218,3.62851,,146.5,,51.9
1219,3.63213,,146.667,,52.2667
1220,3.63575,,146.833,,52.6333
1221,3.63936,,147,,53
1222,3.64268,,147.286,,53.0857
1223,3.64601,,147.571,,53.1714
1224,3.64933,,147.857,,53.2571
1225,3.65266,,148.143,,53.3429
1226,3.65598,,148.429,,53.4286
1227,3.65931,,148.714,,53.5143
1228,3.66263,,149,,53.6
1229,3.66555,,149,,53.6857
1230,3.66848,,149,,53.7714
1231,3.6714,,149,,53.8571
1232,3.67433,,149,,53.9429
1233,3.67725,,149,,54.0286
1234,3.68018,,149,,54.1143
1235,3.6831,,149,,54.2
1236,3.68593,,148.75,,53.725
1237,3.68875,,148.5,,53.25
1238,3.69158,,148.25,,52.775
1239,3.69441,,148,,52.3
1240,3.69723,,147.75,,51.825
1241,3.70006,,147.5,,51.35
1242,3.70288,,147.25,,50.875
1243,3.70571,,147,,50.4
1244,3.70799,,147,,50.2222
1245,3.71028,,147,,50.0444
1246,3.71256,,147,,49.8667
1247,3.71484,,147,,49.6889
1248,3.71713,,147,,49.5111
1249,3.71941,,147,,49.3333
1250,3.72169,,147,,49.1556
1251,3.72398,,147,,48.9778
1252,3.72626,,147,,48.8
1253,3.72957,,146.857,,49.8286
1254,3.73289,,146.714,,50.8571
1255,3.7362,,146.571,,51.8857
1256,3.73952,,146.429,,52.9143
1257,3.74283,,146.286,,53.9429
1258,3.74615,,146.143,,54.9714
1259,3.74946,,146,,56
1260,3.75243,,146,,56.4571
1261,3.7554,,146,,56.9143
1262,3.75837,,146,,57.3714
1263,3.76133,,146,,57.8286
1264,3.7643,,146,,58.2857
1265,3.76727,,146,,58.7429
1266,3.77024,,146,,59.2
1267,3.77291,,146.125,,59.475
1268,3.77558,,146.25,,59.75
1269,3.77825,,146.375,,60.025
1270,3.78092,,146.5,,60.3
1271,3.78359,,146.625,,60.575
1272,3.78626,,146.75,,60.85
1273,3.78893,,146.875,,61.125
1274,3.7916,,147,,61.4
1275,3.79479,,146.857,,61.1143
1276,3.79799,,146.714,,60.8286
1277,3.80118,,146.571,,60.5429
1278,3.80437,,146.429,,60.2571
1279,3.80756,,146.286,,59.9714
1280,3.81076,,146.143,,59.6857
1281,3.81395,,146,,59.4
1282,3.81784,,146.333,,59.8667
1283,3.82174,,146.667,,60.3333
1284,3.82563,,147,,60.8
1285,3.82953,,147.333,,61.2667
1286,3.83343,,147.667,,61.7333
1287,3.83732,,148,,62.2
1288,3.84035,,147.857,,62.4
1289,3.84338,,147.714,,62.6
1290,3.84641,,147.571,,62.8
1291,3.84943,,147.429,,63
1292,3.85246,,147.286,,63.2
1293,3.85549,,147.143,,63.4
1294,3.85852,,147,,63.6
1295,3.86169,,146.857,,63.6286
1296,3.86487,,146.714,,63.6571
1297,3.86804,,146.571,,63.6857
1298,3.87121,,146.429,,63.7143
1299,3.87438,,146.286,,63.7429
1300,3.87756,,146.143,,63.7714
1301,3.88073,,146,,63.8
1302,3.88395,,145.857,,63.6286
1303,3.88716,,145.714,,63.4571
1304,3.89038,,145.571,,63.2857
1305,3.8936,,145.429,,63.1143
1306,3.89682,,145.286,,62.9429
1307,3.90003,,145.143,,62.7714
1308,3.90325,,145,,62.6
1309,3.90673,,145,,62.9667
1310,3.9102,,145,,63.3333
1311,3.91368,,145,,63.7
1312,3.91716,,145,,64.0667
1313,3.92063,,145,,64.4333
1314,3.92411,,145,,64.8
1315,3.92748,,145,,65.0286
1316,3.93086,,145,,65.2571
1317,3.93423,,145,,65.4857
1318,3.9376,,145,,65.7143
1319,3.94097,,145,,65.9429
1320,3.94435,,145,,66.1714
1321,3.94772,,145,,66.4
1322,3.95118,,144.833,,66.7333
1323,3.95465,,144.667,,67.0667
1324,3.95811,,144.5,,67.4
1325,3.96157,,144.333,,67.7333
1326,3.96504,,144.167,,68.0667
1327,3.9685,,144,,68.4
1328,3.97143,,143.857,,68.2571
1329,3.97437,,143.714,,68.1143
1330,3.9773,,143.571,,67.9714
1331,3.98023,,143.429,,67.8286
1332,3.98316,,143.286,,67.6857
1333,3.9861,,143.143,,67.5429
1334,3.98903,,143,,67.4
1335,3.99183,,143.125,,67.125
1336,3.99463,,143.25,,66.85
1337,3.99743,,143.375,,66.575
1338,4.00023,,143.5,,66.3
1339,4.00304,,143.625,,66.025
1340,4.00584,,143.75,,65.75
1341,4.00864,,143.875,,65.475
1342,4.01144,,144,,65.2
1343,4.0139,,143.889,,64.8889
1344,4.01635,,143.778,,64.5778
1345,4.01881,,143.667,,64.2667
1346,4.02126,,143.556,,63.9556
1347,4.02372,,143.444,,63.6444
1348,4.02617,,143.333,,63.3333
1349,4.02863,,143.222,,63.0222
1350,4.03108,,143.111,,62.7111
1351,4.03354,,143,,62.4
1352,4.03606,,142.875,,62.125
1353,4.03859,,142.75,,61.85
1354,4.04111,,142.625,,61.575
1355,4.04364,,142.5,,61.3
1356,4.04616,,142.375,,61.025
1357,4.04868,,142.25,,60.75
1358,4.05121,,142.125,,60.475
1359,4.05373,,142,,60.2
1360,4.05656,,141.5,,59.8333
1361,4.05938,,141,,59.4667
1362,4.06221,,140.5,,59.1
1363,4.06503,,140,,58.7333
1364,4.06786,,139.5,,58.3667
1365,4.07068,,139,,58
1366,4.07361,,139.429,,57.8571
1367,4.07655,,139.857,,57.7143
1368,4.07948,,140.286,,57.5714
1369,4.08241,,140.714,,57.4286
1370,4.08534,,141.143,,57.2857
1371,4.08828,,141.571,,57.1429
1372,4.09121,,142,,57
1373,4.09419,,142.286,,56.7429
1374,4.09717,,142.571,,56.4857
1375,4.10015,,142.857,,56.2286
1376,4.10314,,143.143,,55.9714
1377,4.10612,,143.429,,55.7143
1378,4.1091,,143.714,,55.4571
1379,4.11208,,144,,55.2
1380,4.11546,,143.667,,55.0333
1381,4.11884,,143.333,,54.8667
1382,4.12222,,143,,54.7
1383,4.12559,,142.667,,54.5333
1384,4.12897,,142.333,,54.3667
1385,4.13235,,142,,54.2
1386,4.13569,,142.2,,54.28
1387,4.13902,,142.4,,54.36
1388,4.14236,,142.6,,54.44
1389,4.14569,,142.8,,54.52
1390,4.14903,,143,,54.6
1391,4.15272,,143,,54.3333
1392,4.1564,,143,,54.0667
1393,4.16009,,143,,53.8
1394,4.16377,,143,,53.5333
1395,4.16746,,143,,53.2667
1396,4.17114,,143,,53
1397,4.1745,,143,,52.8571
1398,4.17785,,143,,52.7143
1399,4.18121,,143,,52.5714
1400,4.18456,,143,,52.4286
1401,4.18792,,143,,52.2857
1402,4.19127,,143,,52.1429
1403,4.19463,,143,,52
1404,4.19758,,143,,51.9429
1405,4.20054,,143,,51.8857
1406,4.20349,,143,,51.8286
1407,4.20644,,143,,51.7714
1408,4.20939,,143,,51.7143
1409,4.21235,,143,,51.6571
1410,4.2153,,143,,51.6
1411,4.218,,143.125,,51.625
1412,4.22071,,143.25,,51.65
1413,4.22341,,143.375,,51.675
1414,4.22611,,143.5,,51.7
1415,4.22881,,143.625,,51.725
1416,4.23151,,143.75,,51.75
1417,4.23422,,143.875,,51.775
1418,4.23692,,144,,51.8
1419,4.23963,,144.125,,51.8
1420,4.24234,,144.25,,51.8
1421,4.24505,,144.375,,51.8
1422,4.24775,,144.5,,51.8
1423,4.25046,,144.625,,51.8
1424,4.25317,,144.75,,51.8
1425,4.25588,,144.875,,51.8
1426,4.25859,,145,,51.8
1427,4.26174,,145.143,,51.4
1428,4.26489,,145.286,,51
1429,4.26804,,145.429,,50.6
1430,4.2712,,145.571,,50.2
1431,4.27435,,145.714,,49.8
1432,4.2775,,145.857,,49.4
1433,4.28065,,146,,49
1434,4.28372,,146,,48.7429
1435,4.28678,,146,,48.4857
1436,4.28985,,146,,48.2286
1437,4.29292,,146,,47.9714
1438,4.29599,,146,,47.7143
1439,4.29905,,146,,47.4571
1440,4.30212,,146,,47.2
1441,4.30513,,145.857,,47.4571
1442,4.30814,,145.714,,47.7143
1443,4.31115,,145.571,,47.9714
1444,4.31415,,145.429,,48.2286
1445,4.31716,,145.286,,48.4857
1446,4.32017,,145.143,,48.7429
1447,4.32318,,145,,49
1448,4.32612,,144.857,,49.0571
1449,4.32907,,144.714,,49.1143
1450,4.33201,,144.571,,49.1714
1451,4.33495,,144.429,,49.2286
1452,4.33789,,144.286,,49.2857
1453,4.34084,,144.143,,49.3429
1454,4.34378,,144,,49.4
1455,4.34665,,144,,49.65
1456,4.34953,,144,,49.9
1457,4.3524,,144,,50.15
1458,4.35527,,144,,50.4
1459,4.35814,,144,,50.65
1460,4.36102,,144,,50.9
1461,4.36389,,144,,51.15
1462,4.36676,,144,,51.4
1463,4.3697,,144.143,,51.6
1464,4.37264,,144.286,,51.8
1465,4.37558,,144.429,,52
1466,4.37853,,144.571,,52.2
1467,4.38147,,144.714,,52.4
1468,4.38441,,144.857,,52.6
1469,4.38735,,145,,52.8
1470,4.39022,,144.75,,52.825
1471,4.39309,,144.5,,52.85
1472,4.39596,,144.25,,52.875
1473,4.39884,,144,,52.9
1474,4.40171,,143.75,,52.925
1475,4.40458,,143.5,,52.95
1476,4.40745,,143.25,,52.975
1477,4.41032,,143,,53
1478,4.4132,,143.429,,52.9714
1479,4.41608,,143.857,,52.9429
1480,4.41896,,144.286,,52.9143
1481,4.42183,,144.714,,52.8857
1482,4.42471,,145.143,,52.8571
1483,4.42759,,145.571,,52.8286
1484,4.43047,,146,,52.8
1485,4.43334,,146,,52.8286
1486,4.4362,,146,,52.8571
1487,4.43907,,146,,52.8857
1488,4.44193,,146,,52.9143
1489,4.4448,,146,,52.9429
1490,4.44766,,146,,52.9714
1491,4.45053,,146,,53
1492,4.45342,,146,,53.0571
1493,4.4563,,146,,53.1143
1494,4.45919,,146,,53.1714
1495,4.46208,,146,,53.2286
1496,4.46497,,146,,53.2857
1497,4.46785,,146,,53.3429
1498,4.47074,,146,,53.4
1499,4.47377,,146,,53.3143
1500,4.4768,,146,,53.2286
1501,4.47983,,146,,53.1429
1502,4.48287,,146,,53.0571
1503,4.4859,,146,,52.9714
1504,4.48893,,146,,52.8857
1505,4.49196,,146,,52.8
1506,4.49515,,145.857,,52.6857
1507,4.49833,,145.714,,52.5714
1508,4.50152,,145.571,,52.4571
1509,4.5047,,145.429,,52.3429
1510,4.50789,,145.286,,52.2286
1511,4.51107,,145.143,,52.1143
1512,4.51426,,145,,52
1513,4.51719,,145,,51.8857
1514,4.52011,,145,,51.7714
1515,4.52304,,145,,51.6571
1516,4.52596,,145,,51.5429
1517,4.52889,,145,,51.4286
1518,4.53181,,145,,51.3143
1519,4.53474,,145,,51.2
1520,4.53801,,145.143,,51.3143
1521,4.54128,,145.286,,51.4286
1522,4.54455,,145.429,,51.5429
1523,4.54782,,145.571,,51.6571
1524,4.55109,,145.714,,51.7714
1525,4.55436,,145.857,,51.8857
1526,4.55763,,146,,52
1527,4.56077,,146,,52.0286
1528,4.56392,,146,,52.0571
1529,4.56706,,146,,52.0857
1530,4.57021,,146,,52.1143
1531,4.57335,,146,,52.1429
1532,4.5765,,146,,52.1714
1533,4.57964,,146,,52.2
1534,4.58294,,146.143,,52.2286
1535,4.58625,,146.286,,52.2571
1536,4.58955,,146.429,,52.2857
1537,4.59286,,146.571,,52.3143
1538,4.59616,,146.714,,52.3429
1539,4.59947,,146.857,,52.3714
1540,4.60277,,147,,52.4
1541,4.60612,,147.143,,52.4571
1542,4.60946,,147.286,,52.5143
1543,4.61281,,147.429,,52.5714
1544,4.61616,,147.571,,52.6286
1545,4.61951,,147.714,,52.6857
1546,4.62285,,147.857,,52.7429
1547,4.6262,,148,,52.8
1548,4.62893,,147.571,,53.4571
1549,4.63165,,147.143,,54.1143
1550,4.63438,,146.714,,54.7714
1551,4.63711,,146.286,,55.4286
1552,4.63984,,145.857,,56.0857
1553,4.64256,,145.429,,56.7429
1554,4.64529,,145,,57.4
1555,4.648,,145.125,,57.525
1556,4.65071,,145.25,,57.65
1557,4.65342,,145.375,,57.775
1558,4.65613,,145.5,,57.9
1559,4.65883,,145.625,,58.025
1560,4.66154,,145.75,,58.15
1561,4.66425,,145.875,,58.275
1562,4.66696,,146,,58.4
1563,4.67101,,146,,58.76
1564,4.67505,,146,,59.12
1565,4.6791,,146,,59.48
1566,4.68314,,146,,59.84
1567,4.68719,,146,,60.2
1568,4.69053,,145.667,,60.0333
1569,4.69388,,145.333,,59.8667
1570,4.69722,,145,,59.7
1571,4.70056,,144.667,,59.5333
1572,4.70391,,144.333,,59.3667
1573,4.70725,,144,,59.2
1574,4.70982,,143.875,,58.1
1575,4.71238,,143.75,,57
1576,4.71495,,143.625,,55.9
1577,4.71752,,143.5,,54.8
1578,4.72008,,143.375,,53.7
1579,4.72265,,143.25,,52.6
1580,4.72521,,143.125,,51.5
1581,4.72778,,143,,50.4
1582,4.73039,,143.125,,50
1583,4.73301,,143.25,,49.6
1584,4.73562,,143.375,,49.2
1585,4.73823,,143.5,,48.8
1586,4.74085,,143.625,,48.4
1587,4.74346,,143.75,,48
1588,4.74608,,143.875,,47.6
1589,4.74869,,144,,47.2
1590,4.75183,,144.5,,47.3
1591,4.75497,,145,,47.4
1592,4.75811,,145.5,,47.5
1593,4.76125,,146,,47.6
1594,4.76439,,146.5,,47.7
1595,4.76753,,147,,47.8
1596,4.77012,,146.6,,47.72
1597,4.7727,,146.2,,47.64
1598,4.77529,,145.8,,47.56
1599,4.77787,,145.4,,47.48
1600,4.78046,,145,,47.4
1601,4.78296,,145,,47.3
1602,4.78547,,145,,47.2
1603,4.78797,,145,,47.1
1604,4.79047,,145,,47
1605,4.79323,,145.125,,47
1606,4.79598,,145.25,,47
1607,4.79874,,145.375,,47
1608,4.8015,,145.5,,47
1609,4.80425,,145.625,,47
1610,4.80701,,145.75,,47
1611,4.80976,,145.875,,47
1612,4.81252,,146,,47
1613,4.81534,,146.125,,47.025
1614,4.81815,,146.25,,47.05
1615,4.82097,,146.375,,47.075
1616,4.82378,,146.5,,47.1
1617,4.8266,,146.625,,47.125
1618,4.82942,,146.75,,47.15
1619,4.83223,,146.875,,47.175
1620,4.83505,,147,,47.2
1621,4.83776,,147.125,,47.175
1622,4.84047,,147.25,,47.15
1623,4.84318,,147.375,,47.125
1624,4.84589,,147.5,,47.1
1625,4.8486,,147.625,,47.075
1626,4.85131,,147.75,,47.05
1627,4.85402,,147.875,,47.025
1628,4.85673,,148,,47
1629,4.85944,,148.143,,46.8571
1630,4.86214,,148.286,,46.7143
1631,4.86485,,148.429,,46.5714
1632,4.86756,,148.571,,46.4286
1633,4.87027,,148.714,,46.2857
1634,4.87297,,148.857,,46.1429
1635,4.87568,,149,,46
1636,4.87855,,149.25,,45.95
1637,4.88142,,149.5,,45.9
1638,4.88428,,149.75,,45.85
1639,4.88715,,150,,45.8
1640,4.88996,,150.125,,45.875
1641,4.89276,,150.25,,45.95
1642,4.89557,,150.375,,46.025
1643,4.89837,,150.5,,46.1
1644,4.90118,,150.625,,46.175
1645,4.90399,,150.75,,46.25
1646,4.90679,,150.875,,46.325
1647,4.9096,,151,,46.4
1648,4.91256,,151,,47.3714
1649,4.91552,,151,,48.3429
1650,4.91848,,151,,49.3143
1651,4.92145,,151,,50.2857
1652,4.92441,,151,,51.2571
1653,4.92737,,151,,52.2286
1654,4.93033,,151,,53.2
1655,4.93275,,150,,53.6
1656,4.93518,,149,,54
1657,4.9376,,148,,54.4
1658,4.94049,,147.714,,54.4571
1659,4.94337,,147.429,,54.5143
1660,4.94626,,147.143,,54.5714
1661,4.94914,,146.857,,54.6286
1662,4.95203,,146.571,,54.6857
1663,4.95491,,146.286,,54.7429
1664,4.9578,,146,,54.8
1665,4.96068,,146.286,,55.4571
1666,4.96356,,146.571,,56.1143
1667,4.96644,,146.857,,56.7714
1668,4.96932,,147.143,,57.4286
1669,4.9722,,147.429,,58.0857
1670,4.97508,,147.714,,58.7429
1671,4.97796,,148,,59.4
1672,4.98058,,148,,59.08
1673,4.9832,,148,,58.76
1674,4.98583,,148,,58.44
1675,4.98845,,148,,58.12
1676,4.99107,,148,,57.8
1677,4.99436,,148.143,,57.9143
1678,4.99766,,148.286,,58.0286
1679,5.00095,,148.429,,58.1429
1680,5.00425,,148.571,,58.2571
1681,5.00754,,148.714,,58.3714
1682,5.01084,,148.857,,58.4857
1683,5.01413,,149,,58.6
1684,5.01718,,149,,58.6286
1685,5.02024,,149,,58.6571
1686,5.02329,,149,,58.6857
1687,5.02634,,149,,58.7143
1688,5.02939,,149,,58.7429
1689,5.03245,,149,,58.7714
1690,5.0355,,149,,58.8
1691,5.03823,,148.571,,58.5143
1692,5.04096,,148.143,,58.2286
1693,5.04369,,147.714,,57.9429
1694,5.04642,,147.286,,57.6571
1695,5.04915,,146.857,,57.3714
1696,5.05188,,146.429,,57.0857
1697,5.05461,,146,,56.8
1698,5.05762,,146,,56
1699,5.06064,,146,,55.2
1700,5.06365,,146,,54.4
1701,5.06635,,146,,54.15
1702,5.06905,,146,,53.9
1703,5.07175,,146,,53.65
1704,5.07445,,146,,53.4
1705,5.07724,,146,,53.125
1706,5.08003,,146,,52.85
1707,5.08281,,146,,52.575
1708,5.0856,,146,,52.3
1709,5.08839,,146,,52.025
1710,5.09117,,146,,51.75
1711,5.09396,,146,,51.475
1712,5.09675,,146,,51.2
1713,5.09962,,145.875,,51.15
1714,5.10248,,145.75,,51.1
1715,5.10534,,145.625,,51.05
1716,5.10821,,145.5,,51
1717,5.11108,,145.375,,50.95
1718,5.11394,,145.25,,50.9
1719,5.11681,,145.125,,50.85
1720,5.11967,,145,,50.8
1721,5.12257,,144.875,,51.025
1722,5.12546,,144.75,,51.25
1723,5.12836,,144.625,,51.475
1724,5.13126,,144.5,,51.7
1725,5.13415,,144.375,,51.925
1726,5.13705,,144.25,,52.15
1727,5.13994,,144.125,,52.375
1728,5.14284,,144,,52.6
1729,5.14588,,144.286,,53.0286
1730,5.14893,,144.571,,53.4571
1731,5.15197,,144.857,,53.8857
1732,5.15502,,145.143,,54.3143
1733,5.15806,,145.429,,54.7429
1734,5.16111,,145.714,,55.1714
1735,5.16415,,146,,55.6
1736,5.16711,,145.4,,55.8
1737,5.17006,,144.8,,56
1738,5.17302,,144.2,,56.2
1739,5.17597,,143.6,,56.4
1740,5.17893,,143,,56.6
1741,5.18234,,143,,56.5667
1742,5.18576,,143,,56.5333
1743,5.18918,,143,,56.5
1744,5.19259,,143,,56.4667
1745,5.196,,143,,56.4333
1746,5.19942,,143,,56.4
1747,5.20282,,143.167,,56.3333
1748,5.20622,,143.333,,56.2667
1749,5.20962,,143.5,,56.2
1750,5.21301,,143.667,,56.1333
1751,5.21641,,143.833,,56.0667
1752,5.21981,,144,,56
1753,5.22279,,144.143,,56.1714
1754,5.22577,,144.286,,56.3429
1755,5.22875,,144.429,,56.5143
1756,5.23173,,144.571,,56.6857
1757,5.23471,,144.714,,56.8571
1758,5.23769,,144.857,,57.0286
1759,5.24067,,145,,57.2
1760,5.24344,,145,,57
1761,5.24622,,145,,56.8
1762,5.24899,,145,,56.6
1763,5.25177,,145,,56.4
1764,5.25454,,145,,56.2
1765,5.25731,,145,,56
1766,5.26009,,145,,55.8
1767,5.26286,,145,,55.6
1768,5.26603,,145.5,,55.5333
1769,5.2692,,146,,55.4667
1770,5.27238,,146.5,,55.4
1771,5.27555,,147,,55.3333
1772,5.27872,,147.5,,55.2667
1773,5.28189,,148,,55.2
1774,5.28487,,148.143,,55.1143
1775,5.28785,,148.286,,55.0286
1776,5.29083,,148.429,,54.9429
1777,5.2938,,148.571,,54.8571
1778,5.29678,,148.714,,54.7714
1779,5.29976,,148.857,,54.6857
1780,5.30274,,149,,54.6
1781,5.30564,,148.857,,54.6571
1782,5.30854,,148.714,,54.7143
1783,5.31144,,148.571,,54.7714
1784,5.31433,,148.429,,54.8286
1785,5.31723,,148.286,,54.8857
1786,5.32013,,148.143,,54.9429
1787,5.32303,,148,,55
1788,5.32588,,147.875,,54.775
1789,5.32873,,147.75,,54.55
1790,5.33158,,147.625,,54.325
1791,5.33443,,147.5,,54.1
1792,5.33728,,147.375,,53.875
1793,5.34013,,147.25,,53.65
1794,5.34298,,147.125,,53.425
1795,5.34583,,147,,53.2
1796,5.34898,,147,,53.3143
1797,5.35212,,147,,53.4286
1798,5.35527,,147,,53.5429
1799,5.35842,,147,,53.6571
1800,5.36157,,147,,53.7714
1801,5.36471,,147,,53.8857
1802,5.36786,,147,,54
1803,5.37055,,147.125,,54.15
1804,5.37324,,147.25,,54.3
1805,5.37593,,147.375,,54.45
1806,5.37863,,147.5,,54.6
1807,5.38132,,147.625,,54.75
1808,5.38401,,147.75,,54.9
1809,5.3867,,147.875,,55.05
1810,5.38939,,148,,55.2
1811,5.39221,,148.125,,55.55
1812,5.39502,,148.25,,55.9
1813,5.39784,,148.375,,56.25
1814,5.40066,,148.5,,56.6
1815,5.40347,,148.625,,56.95
1816,5.40629,,148.75,,57.3
1817,5.4091,,148.875,,57.65
1818,5.41192,,149,,58
1819,5.41491,,149.286,,58.3429
1820,5.41791,,149.571,,58.6857
1821,5.4209,,149.857,,59.0286
1822,5.42389,,150.143,,59.3714
1823,5.42688,,150.429,,59.7143
1824,5.42988,,150.714,,60.0571
1825,5.43287,,151,,60.4
1826,5.43541,,151.25,,60.85
1827,5.43795,,151.5,,61.3
1828,5.44048,,151.75,,61.75
1829,5.44302,,152,,62.2
1830,5.44556,,152.25,,62.65
1831,5.4481,,152.5,,63.1
1832,5.45063,,152.75,,63.55
1833,5.45317,,153,,64
1834,5.45562,,153.375,,64.275
1835,5.45807,,153.75,,64.55
1836,5.46052,,154.125,,64.825
1837,5.46297,,154.5,,65.1
1838,5.46542,,154.875,,65.375
1839,5.46787,,155.25,,65.65
1840,5.47032,,155.625,,65.925
1841,5.47277,,156,,66.2
1842,5.47564,,155.875,,66.275
1843,5.47852,,155.75,,66.35
1844,5.48139,,155.625,,66.425
1845,5.48426,,155.5,,66.5
1846,5.48713,,155.375,,66.575
1847,5.49001,,155.25,,66.65
1848,5.49288,,155.125,,66.725
1849,5.49575,,155,,66.8
1850,5.49813,,155.222,,67.1111
1851,5.50052,,155.444,,67.4222
1852,5.5029,,155.667,,67.7333
1853,5.50529,,155.889,,68.0444
1854,5.50767,,156.111,,68.3556
1855,5.51006,,156.333,,68.6667
1856,5.51244,,156.556,,68.9778
1857,5.51483,,156.778,,69.2889
1858,5.51721,,157,,69.6
1859,5.52013,,157.143,,69.8857
1860,5.52306,,157.286,,70.1714
1861,5.52598,,157.429,,70.4571
1862,5.52891,,157.571,,70.7429
1863,5.53183,,157.714,,71.0286
1864,5.53476,,157.857,,71.3143
1865,5.53768,,158,,71.6
1866,5.54011,,157.889,,71.6444
1867,5.54253,,157.778,,71.6889
1868,5.54496,,157.667,,71.7333
1869,5.54739,,157.556,,71.7778
1870,5.54981,,157.444,,71.8222
1871,5.55224,,157.333,,71.8667
1872,5.55467,,157.222,,71.9111
1873,5.55709,,157.111,,71.9556
1874,5.55952,,157,,72
1875,5.56225,,156.4,,72
1876,5.56497,,155.8,,72
1877,5.5677,,155.2,,72
1878,5.57042,,154.6,,72
1879,5.57315,,154,,72
1880,5.57601,,153.571,,72.0286
1881,5.57886,,153.143,,72.0571
1882,5.58172,,152.714,,72.0857
1883,5.58457,,152.286,,72.1143
1884,5.58743,,151.857,,72.1429
1885,5.59028,,151.429,,72.1714
1886,5.59314,,151,,72.2
1887,5.5962,,150.571,,72.2571
1888,5.59926,,150.143,,72.3143
1889,5.60232,,149.714,,72.3714
1890,5.60539,,149.286,,72.4286
1891,5.60845,,148.857,,72.4857
1892,5.61151,,148.429,,72.5429
1893,5.61457,,148,,72.6
1894,5.61792,,147.667,,72.2667
1895,5.62127,,147.333,,71.9333
1896,5.62462,,147,,71.6
1897,5.62798,,146.667,,71.2667
1898,5.63133,,146.333,,70.9333
1899,5.63468,,146,,70.6
1900,5.63748,,146.125,,70.775
1901,5.64028,,146.25,,70.95
1902,5.64308,,146.375,,71.125
1903,5.64588,,146.5,,71.3
1904,5.64867,,146.625,,71.475
1905,5.65147,,146.75,,71.65
1906,5.65427,,146.875,,71.825
1907,5.65707,,147,,72
1908,5.66017,,147,,72.3714
1909,5.66326,,147,,72.7429
1910,5.66636,,147,,73.1143
1911,5.66946,,147,,73.4857
1912,5.67256,,147,,73.8571
1913,5.67565,,147,,74.2286
1914,5.67875,,147,,74.6
1915,5.68175,,146.857,,74.9143
1916,5.68474,,146.714,,75.2286
1917,5.68774,,146.571,,75.5429
1918,5.69073,,146.429,,75.8571
1919,5.69373,,146.286,,76.1714
1920,5.69672,,146.143,,76.4857
1921,5.69972,,146,,76.8
1922,5.70261,,146,,76.6857
1923,5.70549,,146,,76.5714
1924,5.70838,,146,,76.4571
1925,5.71127,,146,,76.3429
1926,5.71416,,146,,76.2286
1927,5.71704,,146,,76.1143
1928,5.71993,,146,,76
1929,5.7231,,146.286,,75.7143
1930,5.72626,,146.571,,75.4286
1931,5.72943,,146.857,,75.1429
1932,5.73259,,147.143,,74.8571
1933,5.73576,,147.429,,74.5714
1934,5.73892,,147.714,,74.2857
1935,5.74209,,148,,74
1936,5.74502,,147.857,,74.1143
1937,5.74795,,147.714,,74.2286
1938,5.75088,,147.571,,74.3429
1939,5.7538,,147.429,,74.4571
1940,5.75673,,147.286,,74.5714
1941,5.75966,,147.143,,74.6857
1942,5.76259,,147,,74.8
1943,5.76553,,147,,74.825
1944,5.76847,,147,,74.85
1945,5.77141,,147,,74.875
1946,5.77435,,147,,74.9
1947,5.77729,,147,,74.925
1948,5.78023,,147,,74.95
1949,5.78317,,147,,74.975
1950,5.78611,,147,,75
1951,5.78931,,146.714,,74.7714
1952,5.79252,,146.429,,74.5429
1953,5.79572,,146.143,,74.3143
1954,5.79893,,145.857,,74.0857
1955,5.80213,,145.571,,73.8571
1956,5.80534,,145.286,,73.6286
1957,5.80854,,145,,73.4
1958,5.81096,,145,,73.3333
1959,5.81339,,145,,73.2667
1960,5.81581,,145,,73.2
1961,5.81786,,145,,72.8333
1962,5.81992,,145,,72.4667
1963,5.82197,,145,,72.1
1964,5.82402,,145,,71.7333
1965,5.82608,,145,,71.3667
1966,5.82813,,145,,71
1967,5.83068,,144.875,,70.875
1968,5.83323,,144.75,,70.75
1969,5.83578,,144.625,,70.625
1970,5.83833,,144.5,,70.5
1971,5.84087,,144.375,,70.375
1972,5.84342,,144.25,,70.25
1973,5.84597,,144.125,,70.125
1974,5.84852,,144,,70
1975,5.85137,,143.25,,69.65
1976,5.85421,,142.5,,69.3
1977,5.85706,,141.75,,68.95
1978,5.8599,,141,,68.6
1979,5.86312,,141.143,,68.2857
1980,5.86633,,141.286,,67.9714
1981,5.86955,,141.429,,67.6571
1982,5.87276,,141.571,,67.3429
1983,5.87598,,141.714,,67.0286
1984,5.87919,,141.857,,66.7143
1985,5.88241,,142,,66.4
1986,5.88512,,142.25,,66.275
1987,5.88783,,142.5,,66.15
1988,5.89054,,142.75,,66.025
1989,5.89325,,143,,65.9
1990,5.89596,,143.25,,65.775
1991,5.89867,,143.5,,65.65
1992,5.90138,,143.75,,65.525
1993,5.90409,,144,,65.4
1994,5.90689,,143.875,,65.625
1995,5.9097,,143.75,,65.85
1996,5.9125,,143.625,,66.075
1997,5.9153,,143.5,,66.3
1998,5.9181,,143.375,,66.525
1999,5.92091,,143.25,,66.75
2000,5.92371,,143.125,,66.975
2001,5.92651,,143,,67.2
2002,5.9292,,143,,67.625
2003,5.93189,,143,,68.05
2004,5.93457,,143,,68.475
2005,5.93726,,143,,68.9
2006,5.93995,,143,,69.325
2007,5.94264,,143,,69.75
2008,5.94532,,143,,70.175
2009,5.94801,,143,,70.6
2010,5.95081,,143,,70.8
2011,5.95362,,143,,71
2012,5.95642,,143,,71.2
2013,5.95922,,143,,71.4
2014,5.96203,,143,,71.6
2015,5.96483,,143,,71.8
2016,5.96764,,143,,72
2017,5.97044,,143,,72.2
2018,5.97309,,143.125,,72.2
2019,5.97575,,143.25,,72.2
2020,5.9784,,143.375,,72.2
2021,5.98105,,143.5,,72.2
2022,5.98371,,143.625,,72.2
2023,5.98636,,143.75,,72.2
2024,5.98902,,143.875,,72.2
2025,5.99167,,144,,72.2
2026,5.9947,,143.857,,72.1429
2027,5.99772,,143.714,,72.0857
2028,6.00075,,143.571,,72.0286
2029,6.00377,,143.429,,71.9714
2030,6.0068,,143.286,,71.9143
2031,6.00982,,143.143,,71.8571
2032,6.01285,,143,,71.8
2033,6.01629,,143.333,,71.6667
2034,6.01973,,143.667,,71.5333
2035,6.02317,,144,,71.4
2036,6.02661,,144.333,,71.2667
2037,6.03005,,144.667,,71.1333
2038,6.03349,,145,,71
2039,6.03731,,144.833,,70.7667
2040,6.04113,,144.667,,70.5333
2041,6.04495,,144.5,,70.3
2042,6.04878,,144.333,,70.0667
2043,6.0526,,144.167,,69.8333
2044,6.05642,,144,,69.6
2045,6.06019,,144,,69.2333
2046,6.06396,,144,,68.8667
2047,6.06773,,144,,68.5
2048,6.0715,,144,,68.1333
2049,6.07527,,144,,67.7667
2050,6.07904,,144,,67.4
2051,6.08296,,143.833,,67.0333
2052,6.08689,,143.667,,66.6667
2053,6.09081,,143.5,,66.3
2054,6.09473,,143.333,,65.9333
2055,6.09866,,143.167,,65.5667
2056,6.10258,,143,,65.2
2057,6.10529,,143.25,,65.05
2058,6.108,,143.5,,64.9
2059,6.11071,,143.75,,64.75
2060,6.11342,,144,,64.6
2061,6.11673,,144.25,,64.6
2062,6.12004,,144.5,,64.6
2063,6.12334,,144.75,,64.6
2064,6.12665,,145,,64.6
2065,6.12945,,145,,64.65
2066,6.13225,,145,,64.7
2067,6.13504,,145,,64.75
2068,6.13784,,145,,64.8
2069,6.14064,,145,,64.85
2070,6.14344,,145,,64.9
2071,6.14623,,145,,64.95
2072,6.14903,,145,,65
2073,6.15191,,144.875,,65.125
2074,6.1548,,144.75,,65.25
2075,6.15768,,144.625,,65.375
2076,6.16057,,144.5,,65.5
2077,6.16345,,144.375,,65.625
2078,6.16633,,144.25,,65.75
2079,6.16922,,144.125,,65.875
2080,6.1721,,144,,66
2081,6.17537,,144.143,,66.2
2082,6.17864,,144.286,,66.4
2083,6.18191,,144.429,,66.6
2084,6.18517,,144.571,,66.8
2085,6.18844,,144.714,,67
2086,6.19171,,144.857,,67.2
2087,6.19498,,145,,67.4
2088,6.19761,,145.125,,67.75
2089,6.20025,,145.25,,68.1
2090,6.20288,,145.375,,68.45
2091,6.20552,,145.5,,68.8
2092,6.20815,,145.625,,69.15
2093,6.21078,,145.75,,69.5
2094,6.21342,,145.875,,69.85
2095,6.21605,,146,,70.2
2096,6.21885,,146,,70.575
2097,6.22165,,146,,70.95
2098,6.22445,,146,,71.325
2099,6.22724,,146,,71.7
2100,6.23004,,146,,72.075
2101,6.23284,,146,,72.45
2102,6.23564,,146,,72.825
2103,6.23844,,146,,73.2
2104,6.24142,,146,,73.4857
2105,6.2444,,146,,73.7714
2106,6.24738,,146,,74.0571
2107,6.25036,,146,,74.3429
2108,6.25334,,146,,74.6286
2109,6.25632,,146,,74.9143
2110,6.2593,,146,,75.2
2111,6.26247,,146.143,,75.3429
2112,6.26563,,146.286,,75.4857
2113,6.2688,,146.429,,75.6286
2114,6.27196,,146.571,,75.7714
2115,6.27513,,146.714,,75.9143
2116,6.27829,,146.857,,76.0571
2117,6.28146,,147,,76.2
2118,6.28465,,147.143,,76.3429
2119,6.28785,,147.286,,76.4857
2120,6.29104,,147.429,,76.6286
2121,6.29424,,147.571,,76.7714
2122,6.29743,,147.714,,76.9143
2123,6.30063,,147.857,,77.0571
2124,6.30382,,148,,77.2
2125,6.30753,,148.167,,76.6667
2126,6.31125,,148.333,,76.1333
2127,6.31496,,148.5,,75.6
2128,6.31867,,148.667,,75.0667
2129,6.32239,,148.833,,74.5333
2130,6.3261,,149,,74
2131,6.32902,,149.143,,74.1429
2132,6.33193,,149.286,,74.2857
2133,6.33485,,149.429,,74.4286
2134,6.33777,,149.571,,74.5714
2135,6.34069,,149.714,,74.7143
2136,6.3436,,149.857,,74.8571
2137,6.34652,,150,,75
2138,6.34921,,150,,75.175
2139,6.35191,,150,,75.35
2140,6.3546,,150,,75.525
2141,6.35729,,150,,75.7
2142,6.35998,,150,,75.875
2143,6.36268,,150,,76.05
2144,6.36537,,150,,76.225
2145,6.36806,,150,,76.4
2146,6.3708,,150,,76.7
2147,6.37353,,150,,77
2148,6.37627,,150,,77.3
2149,6.379,,150,,77.6
2150,6.38174,,150,,77.9
2151,6.38447,,150,,78.2
2152,6.38701,,149.75,,78.2
2153,6.38955,,149.5,,78.2
2154,6.3921,,149.25,,78.2
2155,6.39464,,149,,78.2
2156,6.39766,,149,,77.9714
2157,6.40069,,149,,77.7429
2158,6.40371,,149,,77.5143
2159,6.40673,,149,,77.2857
2160,6.40975,,149,,77.0571
2161,6.41278,,149,,76.8286
2162,6.4158,,149,,76.6
2163,6.41847,,149,,76.4
2164,6.42115,,149,,76.2
2165,6.42382,,149,,76
2166,6.4265,,149,,75.8
2167,6.42918,,149,,75.6
2168,6.43185,,149,,75.4
2169,6.43453,,149,,75.2
2170,6.4372,,149,,75
2171,6.44006,,148.875,,74.55
2172,6.44293,,148.75,,74.1
2173,6.44579,,148.625,,73.65
2174,6.44865,,148.5,,73.2
2175,6.45151,,148.375,,72.75
2176,6.45438,,148.25,,72.3
2177,6.45724,,148.125,,71.85
2178,6.4601,,148,,71.4
2179,6.46339,,147.714,,71.2
2180,6.46668,,147.429,,71
2181,6.46997,,147.143,,70.8
2182,6.47325,,146.857,,70.6
2183,6.47654,,146.571,,70.4
2184,6.47983,,146.286,,70.2
2185,6.48312,,146,,70
2186,6.48585,,146.375,,69.95
2187,6.48858,,146.75,,69.9
2188,6.49131,,147.125,,69.85
2189,6.49404,,147.5,,69.8
2190,6.49677,,147.875,,69.75
2191,6.4995,,148.25,,69.7
2192,6.50223,,148.625,,69.65
2193,6.50496,,149,,69.6
2194,6.5075,,149,,69.6
2195,6.51005,,149,,69.6
2196,6.51259,,149,,69.6
2197,6.51514,,149,,69.6
2198,6.51768,,149,,69.6
2199,6.52022,,149,,69.6
2200,6.52277,,149,,69.6
2201,6.52531,,149,,69.6
2202,6.52756,,149,,69.9556
2203,6.52981,,149,,70.3111
2204,6.53206,,149,,70.6667
2205,6.53431,,149,,71.0222
2206,6.53657,,149,,71.3778
2207,6.53882,,149,,71.7333
2208,6.54107,,149,,72.0889
2209,6.54332,,149,,72.4444
2210,6.54557,,149,,72.8
2211,6.54813,,149,,73.2
2212,6.5507,,149,,73.6
2213,6.55326,,149,,74
2214,6.55583,,149,,74.4
2215,6.55839,,149,,74.8
2216,6.56095,,149,,75.2
2217,6.56352,,149,,75.6
2218,6.56608,,149,,76
2219,6.56961,,148.25,,76.3
2220,6.57315,,147.5,,76.6
2221,6.57668,,146.75,,76.9
2222,6.58021,,146,,77.2
2223,6.58346,,146,,77.6
2224,6.58671,,146,,78
2225,6.58996,,146,,78.4
2226,6.5932,,146,,78.8
2227,6.59645,,146,,79.2
2228,6.5997,,146,,79.6
2229,6.60295,,146,,80
2230,6.60657,,145.833,,80.1
2231,6.61019,,145.667,,80.2
2232,6.61382,,145.5,,80.3
2233,6.61744,,145.333,,80.4
2234,6.62106,,145.167,,80.5
2235,6.62468,,145,,80.6
2236,6.62786,,145.143,,80.4286
2237,6.63103,,145.286,,80.2571
2238,6.63421,,145.429,,80.0857
2239,6.63739,,145.571,,79.9143
2240,6.64057,,145.714,,79.7429
2241,6.64374,,145.857,,79.5714
2242,6.64692,,146,,79.4
2243,6.64968,,145.875,,79.2
2244,6.65245,,145.75,,79
2245,6.65521,,145.625,,78.8
2246,6.65797,,145.5,,78.6
2247,6.66073,,145.375,,78.4
2248,6.6635,,145.25,,78.2
2249,6.66626,,145.125,,78
2250,6.66902,,145,,77.8
2251,6.67194,,144.714,,77.2286
2252,6.67485,,144.429,,76.6571
2253,6.67777,,144.143,,76.0857
2254,6.68068,,143.857,,75.5143
2255,6.6836,,143.571,,74.9429
2256,6.68651,,143.286,,74.3714
2257,6.68943,,143,,73.8
2258,6.69262,,143.143,,73.5143
2259,6.69582,,143.286,,73.2286
2260,6.69901,,143.429,,72.9429
2261,6.7022,,143.571,,72.6571
2262,6.70539,,143.714,,72.3714
2263,6.70859,,143.857,,72.0857
2264,6.71178,,144,,71.8
2265,6.71588,,143.8,,71.44
2266,6.71998,,143.6,,71.08
2267,6.72409,,143.4,,70.72
2268,6.72819,,143.2,,70.36
2269,6.73229,,143,,70
2270,6.73596,,143.167,,69.9333
2271,6.73964,,143.333,,69.8667
2272,6.74331,,143.5,,69.8
2273,6.74698,,143.667,,69.7333
2274,6.75066,,143.833,,69.6667
2275,6.75433,,144,,69.6
2276,6.758,,144.167,,68.9
2277,6.76167,,144.333,,68.2
2278,6.76534,,144.5,,67.5
2279,6.76901,,144.667,,66.8
2280,6.77268,,144.833,,66.1
2281,6.77635,,145,,65.4
2282,6.77985,,145,,65.1333
2283,6.78335,,145,,64.8667
2284,6.78684,,145,,64.6
2285,6.79034,,145,,64.3333
2286,6.79384,,145,,64.0667
2287,6.79734,,145,,63.8
2288,6.80052,,145.143,,63.4857
2289,6.80369,,145.286,,63.1714
2290,6.80687,,145.429,,62.8571
2291,6.81005,,145.571,,62.5429
2292,6.81323,,145.714,,62.2286
2293,6.8164,,145.857,,61.9143
2294,6.81958,,146,,61.6
2295,6.82254,,146.143,,61.4857
2296,6.82551,,146.286,,61.3714
2297,6.82847,,146.429,,61.2571
2298,6.83144,,146.571,,61.1429
2299,6.8344,,146.714,,61.0286
2300,6.83737,,146.857,,60.9143
2301,6.84033,,147,,60.8
2302,6.84276,,147.111,,60.9333
2303,6.84519,,147.222,,61.0667
2304,6.84762,,147.333,,61.2
2305,6.85005,,147.444,,61.3333
2306,6.85249,,147.556,,61.4667
2307,6.85492,,147.667,,61.6
2308,6.85735,,147.778,,61.7333
2309,6.85978,,147.889,,61.8667
2310,6.86221,,148,,62
2311,6.86496,,147.875,,62.375
2312,6.86772,,147.75,,62.75
2313,6.87048,,147.625,,63.125
2314,6.87323,,147.5,,63.5
2315,6.87599,,147.375,,63.875
2316,6.87874,,147.25,,64.25
2317,6.8815,,147.125,,64.625
2318,6.88425,,147,,65
2319,6.88724,,147.286,,65.5143
2320,6.89023,,147.571,,66.0286
2321,6.89322,,147.857,,66.5429
2322,6.89621,,148.143,,67.0571
2323,6.8992,,148.429,,67.5714
2324,6.90219,,148.714,,68.0857
2325,6.90518,,149,,68.6
2326,6.90808,,148.857,,68.8571
2327,6.91098,,148.714,,69.1143
2328,6.91388,,148.571,,69.3714
2329,6.91679,,148.429,,69.6286
2330,6.91969,,148.286,,69.8857
2331,6.92259,,148.143,,70.1429
2332,6.92549,,148,,70.4
2333,6.92833,,148.429,,70.8857
2334,6.93117,,148.857,,71.3714
2335,6.93401,,149.286,,71.8571
2336,6.93686,,149.714,,72.3429
2337,6.9397,,150.143,,72.8286
2338,6.94254,,150.571,,73.3143
2339,6.94538,,151,,73.8
2340,6.94799,,150.75,,73.8
2341,6.9506,,150.5,,73.8
2342,6.95321,,150.25,,73.8
2343,6.95583,,150,,73.8
2344,6.95844,,149.75,,73.8
2345,6.96105,,149.5,,73.8
2346,6.96366,,149.25,,73.8
2347,6.96627,,149,,73.8
2348,6.96961,,149.333,,73.8333
2349,6.97294,,149.667,,73.8667
2350,6.97628,,150,,73.9
2351,6.97961,,150.333,,73.9333
2352,6.98295,,150.667,,73.9667
2353,6.98628,,151,,74
2354,6.98986,,150.833,,73.4333
2355,6.99343,,150.667,,72.8667
2356,6.99701,,150.5,,72.3
2357,7.00059,,150.333,,71.7333
2358,7.00416,,150.167,,71.1667
2359,7.00774,,150,,70.6
2360,7.01052,,150,,70.0667
2361,7.0133,,150,,69.5333
2362,7.01609,,150,,69
2363,7.01887,,150,,68.4667
2364,7.02165,,150,,67.9333
2365,7.02443,,150,,67.4
2366,7.0269,,149.625,,66.85
2367,7.02937,,149.25,,66.3
2368,7.03184,,148.875,,65.75
2369,7.0343,,148.5,,65.2
2370,7.03677,,148.125,,64.65
2371,7.03924,,147.75,,64.1
2372,7.04171,,147.375,,63.55
2373,7.04418,,147,,63
2374,7.04708,,147,,62.8571
2375,7.04999,,147,,62.7143
2376,7.05289,,147,,62.5714
2377,7.05579,,147,,62.4286
2378,7.05869,,147,,62.2857
2379,7.0616,,147,,62.1429
2380,7.0645,,147,,62
2381,7.0675,,147,,61.8286
2382,7.07051,,147,,61.6571
2383,7.07351,,147,,61.4857
2384,7.07652,,147,,61.3143
2385,7.07952,,147,,61.1429
2386,7.08253,,147,,60.9714
2387,7.08553,,147,,60.8
2388,7.08832,,147,,60.825
2389,7.0911,,147,,60.85
2390,7.09389,,147,,60.875
2391,7.09667,,147,,60.9
2392,7.09946,,147,,60.925
2393,7.10224,,147,,60.95
2394,7.10503,,147,,60.975
2395,7.10781,,147,,61
2396,7.11109,,146.857,,61.0571
2397,7.11438,,146.714,,61.1143
2398,7.11766,,146.571,,61.1714
2399,7.12094,,146.429,,61.2286
2400,7.12422,,146.286,,61.2857
2401,7.12751,,146.143,,61.3429
2402,7.13079,,146,,61.4
2403,7.13396,,145.857,,61.3429
2404,7.13713,,145.714,,61.2857
2405,7.1403,,145.571,,61.2286
2406,7.14346,,145.429,,61.1714
2407,7.14663,,145.286,,61.1143
2408,7.1498,,145.143,,61.0571
2409,7.15297,,145,,61
2410,7.15604,,145.286,,61.1714
2411,7.15912,,145.571,,61.3429
2412,7.16219,,145.857,,61.5143
2413,7.16527,,146.143,,61.6857
2414,7.16834,,146.429,,61.8571
2415,7.17142,,146.714,,62.0286
2416,7.17449,,147,,62.2
2417,7.17769,,147,,62.5143
2418,7.18088,,147,,62.8286
2419,7.18408,,147,,63.1429
2420,7.18727,,147,,63.4571
2421,7.19047,,147,,63.7714
2422,7.19366,,147,,64.0857
2423,7.19686,,147,,64.4
2424,7.19992,,147,,64.5714
2425,7.20297,,147,,64.7429
2426,7.20603,,147,,64.9143
2427,7.20909,,147,,65.0857
2428,7.21215,,147,,65.2571
2429,7.2152,,147,,65.4286
2430,7.21826,,147,,65.6
2431,7.22118,,147.286,,65.5429
2432,7.22409,,147.571,,65.4857
2433,7.22701,,147.857,,65.4286
2434,7.22993,,148.143,,65.3714
2435,7.23285,,148.429,,65.3143
2436,7.23576,,148.714,,65.2571
2437,7.23868,,149,,65.2
2438,7.24158,,149.286,,64.8857
2439,7.24448,,149.571,,64.5714
2440,7.24738,,149.857,,64.2571
2441,7.25028,,150.143,,63.9429
2442,7.25318,,150.429,,63.6286
2443,7.25608,,150.714,,63.3143
2444,7.25898,,151,,63
2445,7.26217,,150.4,,62.92
2446,7.26536,,149.8,,62.84
2447,7.26855,,149.2,,62.76
2448,7.27174,,148.6,,62.68
2449,7.27493,,148,,62.6
2450,7.27781,,148,,62.7143
2451,7.28069,,148,,62.8286
2452,7.28357,,148,,62.9429
2453,7.28644,,148,,63.0571
2454,7.28932,,148,,63.1714
2455,7.2922,,148,,63.2857
2456,7.29508,,148,,63.4
2457,7.29868,,147.833,,63.0667
2458,7.30228,,147.667,,62.7333
2459,7.30588,,147.5,,62.4
2460,7.30947,,147.333,,62.0667
2461,7.31307,,147.167,,61.7333
2462,7.31667,,147,,61.4
2463,7.31957,,146.571,,61.6857
2464,7.32248,,146.143,,61.9714
2465,7.32538,,145.714,,62.2571
2466,7.32829,,145.286,,62.5429
2467,7.33119,,144.857,,62.8286
2468,7.3341,,144.429,,63.1143
2469,7.337,,144,,63.4
2470,7.33968,,144,,63.7
2471,7.34236,,144,,64
2472,7.34504,,144,,64.3
2473,7.34772,,144,,64.6
2474,7.35039,,144,,64.9
2475,7.35307,,144,,65.2
2476,7.35575,,144,,65.5
2477,7.35843,,144,,65.8
2478,7.35982,,143.25,,66
2479,7.3612,,142.5,,66.2
2480,7.36259,,141.75,,66.4
2481,7.36397,,141,,66.6
2482,7.36704,,141.429,,66.8286
2483,7.37012,,141.857,,67.0571
2484,7.37319,,142.286,,67.2857
2485,7.37626,,142.714,,67.5143
2486,7.37933,,143.143,,67.7429
2487,7.38241,,143.571,,67.9714
2488,7.38548,,144,,68.2
2489,7.38856,,144,,68.3143
2490,7.39163,,144,,68.4286
2491,7.39471,,144,,68.5429
2492,7.39779,,144,,68.6571
2493,7.40087,,144,,68.7714
2494,7.40394,,144,,68.8857
2495,7.40702,,144,,69
2496,7.40991,,143.857,,69.1143
2497,7.41279,,143.714,,69.2286
2498,7.41568,,143.571,,69.3429
2499,7.41856,,143.429,,69.4571
2500,7.42145,,143.286,,69.5714
2501,7.42433,,143.143,,69.6857
2502,7.42722,,143,,69.8
2503,7.43022,,143.143,,70.2
2504,7.43322,,143.286,,70.6
2505,7.43622,,143.429,,71
2506,7.43922,,143.571,,71.4
2507,7.44222,,143.714,,71.8
2508,7.44522,,143.857,,72.2
2509,7.44822,,144,,72.6
2510,7.45104,,143.875,,72.6
2511,7.45387,,143.75,,72.6
2512,7.45669,,143.625,,72.6
2513,7.45951,,143.5,,72.6
2514,7.46233,,143.375,,72.6
2515,7.46516,,143.25,,72.6
2516,7.46798,,143.125,,72.6
2517,7.4708,,143,,72.6
2518,7.47343,,143,,72.525
2519,7.47606,,143,,72.45
2520,7.47869,,143,,72.375
2521,7.48133,,143,,72.3
2522,7.48396,,143,,72.225
2523,7.48659,,143,,72.15
2524,7.48922,,143,,72.075
2525,7.49185,,143,,72
2526,7.49479,,143.286,,71.8286
2527,7.49773,,143.571,,71.6571
2528,7.50067,,143.857,,71.4857
2529,7.50362,,144.143,,71.3143
2530,7.50656,,144.429,,71.1429
2531,7.5095,,144.714,,70.9714
2532,7.51244,,145,,70.8
2533,7.5153,,145,,70.9
2534,7.51816,,145,,71
2535,7.52102,,145,,71.1
2536,7.52388,,145,,71.2
2537,7.52673,,145,,71.3
2538,7.52959,,145,,71.4
2539,7.53245,,145,,71.5
2540,7.53531,,145,,71.6
2541,7.5382,,144.857,,71.8571
2542,7.54108,,144.714,,72.1143
2543,7.54397,,144.571,,72.3714
2544,7.54685,,144.429,,72.6286
2545,7.54974,,144.286,,72.8857
2546,7.55262,,144.143,,73.1429
2547,7.55551,,144,,73.4
2548,7.55881,,144,,73.3143
2549,7.5621,,144,,73.2286
2550,7.5654,,144,,73.1429
2551,7.56869,,144,,73.0571
2552,7.57199,,144,,72.9714
2553,7.57528,,144,,72.8857
2554,7.57858,,144,,72.8
2555,7.58164,,144.286,,72.8571
2556,7.5847,,144.571,,72.9143
2557,7.58776,,144.857,,72.9714
2558,7.59081,,145.143,,73.0286
2559,7.59387,,145.429,,73.0857
2560,7.59693,,145.714,,73.1429
2561,7.59999,,146,,73.2
2562,7.60307,,146.143,,73.4571
2563,7.60614,,146.286,,73.7143
2564,7.60922,,146.429,,73.9714
2565,7.61229,,146.571,,74.2286
2566,7.61537,,146.714,,74.4857
2567,7.61844,,146.857,,74.7429
2568,7.62152,,147,,75
2569,7.62439,,147.286,,74.9143
2570,7.62726,,147.571,,74.8286
2571,7.63013,,147.857,,74.7429
2572,7.633,,148.143,,74.6571
2573,7.63587,,148.429,,74.5714
2574,7.63874,,148.714,,74.4857
2575,7.64161,,149,,74.4
2576,7.64374,,148.8,,73.66
2577,7.64587,,148.6,,72.92
2578,7.64799,,148.4,,72.18
2579,7.65012,,148.2,,71.44
2580,7.65225,,148,,70.7
2581,7.65438,,147.8,,69.96
2582,7.65651,,147.6,,69.22
2583,7.65863,,147.4,,68.48
2584,7.66076,,147.2,,67.74
2585,7.66289,,147,,67
2586,7.66502,,146.4,,66.16
2587,7.66715,,145.8,,65.32
2588,7.66928,,145.2,,64.48
2589,7.67141,,144.6,,63.64
2590,7.67354,,144,,62.8
2591,7.67646,,143.857,,62.3714
2592,7.67937,,143.714,,61.9429
2593,7.68229,,143.571,,61.5143
2594,7.6852,,143.429,,61.0857
2595,7.68812,,143.286,,60.6571
2596,7.69103,,143.143,,60.2286
2597,7.69395,,143,,59.8
2598,7.69718,,143,,59.95
2599,7.70041,,143,,60.1
2600,7.70365,,143,,60.25
2601,7.70688,,143,,60.4
2602,7.71009,,143.8,,60.52
2603,7.71329,,144.6,,60.64
2604,7.7165,,145.4,,60.76
2605,7.7197,,146.2,,60.88
2606,7.72291,,147,,61
2607,7.72585,,147.286,,61.2
2608,7.72879,,147.571,,61.4
2609,7.73173,,147.857,,61.6
2610,7.73468,,148.143,,61.8
2611,7.73762,,148.429,,62
2612,7.74056,,148.714,,62.2
2613,7.7435,,149,,62.4
2614,7.74635,,149.125,,62.6
2615,7.7492,,149.25,,62.8
2616,7.75205,,149.375,,63
2617,7.7549,,149.5,,63.2
2618,7.75774,,149.625,,63.4
2619,7.76059,,149.75,,63.6
2620,7.76344,,149.875,,63.8
2621,7.76629,,150,,64
2622,7.76913,,149.75,,64.125
2623,7.77196,,149.5,,64.25
2624,7.7748,,149.25,,64.375
2625,7.77764,,149,,64.5
2626,7.78047,,148.75,,64.625
2627,7.78331,,148.5,,64.75
2628,7.78614,,148.25,,64.875
2629,7.78898,,148,,65
2630,7.79181,,147.875,,65.325
2631,7.79464,,147.75,,65.65
2632,7.79747,,147.625,,65.975
2633,7.8003,,147.5,,66.3
2634,7.80313,,147.375,,66.625
2635,7.80596,,147.25,,66.95
2636,7.80879,,147.125,,67.275
2637,7.81162,,147,,67.6
2638,7.81531,,146.833,,67.8667
2639,7.819,,146.667,,68.1333
2640,7.82269,,146.5,,68.4
2641,7.82638,,146.333,,68.6667
2642,7.83007,,146.167,,68.9333
2643,7.83376,,146,,69.2
2644,7.83637,,146,,69.5
2645,7.83898,,146,,69.8
2646,7.84158,,146,,70.1
2647,7.84419,,146,,70.4
2648,7.8468,,146,,70.7
2649,7.84941,,146,,71
2650,7.85201,,146,,71.3
2651,7.85462,,146,,71.6
2652,7.85779,,146.143,,72.1429
2653,7.86095,,146.286,,72.6857
2654,7.86412,,146.429,,73.2286
2655,7.86729,,146.571,,73.7714
2656,7.87046,,146.714,,74.3143
2657,7.87362,,146.857,,74.8571
2658,7.87679,,147,,75.4
2659,7.88018,,146.833,,75.9333
2660,7.88357,,146.667,,76.4667
2661,7.88696,,146.5,,77
2662,7.89034,,146.333,,77.5333
2663,7.89373,,146.167,,78.0667
2664,7.89712,,146,,78.6
2665,7.90153,,145.8,,78.72
2666,7.90593,,145.6,,78.84
2667,7.91034,,145.4,,78.96
2668,7.91474,,145.2,,79.08
2669,7.91915,,145,,79.2
2670,7.92253,,144.833,,79.8333
2671,7.92591,,144.667,,80.4667
2672,7.92929,,144.5,,81.1
2673,7.93266,,144.333,,81.7333
2674,7.93604,,144.167,,82.3667
2675,7.93942,,144,,83
2676,7.94245,,144,,83.4
2677,7.94547,,144,,83.8
2678,7.94831,,144.125,,83.5
2679,7.95115,,144.25,,83.2
2680,7.95398,,144.375,,82.9
2681,7.95682,,144.5,,82.6
2682,7.95966,,144.625,,82.3
2683,7.9625,,144.75,,82
2684,7.96533,,144.875,,81.7
2685,7.96817,,145,,81.4
2686,7.97095,,144.8,,80.8
2687,7.97373,,144.6,,80.2
2688,7.9765,,144.4,,79.6
2689,7.97928,,144.2,,79
2690,7.98206,,144,,78.4
2691,7.98535,,144,,78.4
2692,7.98864,,144,,78.4
2693,7.99194,,144,,78.4
2694,7.99523,,144,,78.4
2695,7.99852,,144,,78.4
2696,8.00141,,143.875,,78.25
2697,8.00429,,143.75,,78.1
2698,8.00718,,143.625,,77.95
2699,8.01006,,143.5,,77.8
2700,8.01295,,143.375,,77.65
2701,8.01583,,143.25,,77.5
2702,8.01872,,143.125,,77.35
2703,8.0216,,143,,77.2
2704,8.0248,,143,,76.9143
2705,8.02801,,143,,76.6286
2706,8.03121,,143,,76.3429
2707,8.03441,,143,,76.0571
2708,8.03761,,143,,75.7714
2709,8.04082,,143,,75.4857
2710,8.04402,,143,,75.2
2711,8.04726,,143.143,,74.7714
2712,8.0505,,143.286,,74.3429
2713,8.05374,,143.429,,73.9143
2714,8.05699,,143.571,,73.4857
2715,8.06023,,143.714,,73.0571
2716,8.06347,,143.857,,72.6286
2717,8.06671,,144,,72.2
2718,8.06996,,143.857,,72.6286
2719,8.07322,,143.714,,73.0571
2720,8.07647,,143.571,,73.4857
2721,8.07973,,143.429,,73.9143
2722,8.08298,,143.286,,74.3429
2723,8.08624,,143.143,,74.7714
2724,8.08949,,143,,75.2
2725,8.09265,,142.857,,75.7143
2726,8.0958,,142.714,,76.2286
2727,8.09896,,142.571,,76.7429
2728,8.10212,,142.429,,77.2571
2729,8.10528,,142.286,,77.7714
2730,8.10843,,142.143,,78.2857
2731,8.11159,,142,,78.8
2732,8.11486,,142.143,,79
2733,8.11813,,142.286,,79.2
2734,8.1214,,142.429,,79.4
2735,8.12466,,142.571,,79.6
2736,8.12793,,142.714,,79.8
2737,8.1312,,142.857,,80
2738,8.13447,,143,,80.2
2739,8.13819,,143.167,,79.7667
2740,8.14191,,143.333,,79.3333
2741,8.14563,,143.5,,78.9
2742,8.14934,,143.667,,78.4667
2743,8.15306,,143.833,,78.0333
2744,8.15678,,144,,77.6
2745,8.15995,,144.5,,77.7333
2746,8.16312,,145,,77.8667
2747,8.16629,,145.5,,78
2748,8.16945,,146,,78.1333
2749,8.17262,,146.5,,78.2667
2750,8.17579,,147,,78.4
2751,8.17871,,147,,78.6
2752,8.18163,,147,,78.8
2753,8.18455,,147,,79
2754,8.18747,,147,,79.2
2755,8.19039,,147,,79.4
2756,8.19331,,147,,79.6
2757,8.19623,,147,,79.8
2758,8.1997,,147,,79.3333
2759,8.20317,,147,,78.8667
2760,8.20664,,147,,78.4
2761,8.21011,,147,,77.9333
2762,8.21358,,147,,77.4667
2763,8.21705,,147,,77
2764,8.21981,,146.571,,77.0286
2765,8.22258,,146.143,,77.0571
2766,8.22534,,145.714,,77.0857
2767,8.22811,,145.286,,77.1143
2768,8.23087,,144.857,,77.1429
2769,8.23364,,144.429,,77.1714
2770,8.2364,,144,,77.2
2771,8.23923,,144.125,,77.275
2772,8.24207,,144.25,,77.35
2773,8.2449,,144.375,,77.425
2774,8.24774,,144.5,,77.5
2775,8.25057,,144.625,,77.575
2776,8.2534,,144.75,,77.65
2777,8.25624,,144.875,,77.725
2778,8.25907,,145,,77.8
2779,8.26209,,145,,77.8
2780,8.26511,,145,,77.8
2781,8.26813,,145,,77.8
2782,8.27115,,145,,77.8
2783,8.27417,,145,,77.8
2784,8.27719,,145,,77.8
2785,8.28021,,145,,77.8
2786,8.28378,,144.5,,76.3667
2787,8.28736,,144,,74.9333
2788,8.29093,,143.5,,73.5
2789,8.2945,,143,,72.0667
2790,8.29808,,142.5,,70.6333
2791,8.30165,,142,,69.2
2792,8.30447,,142.125,,69.025
2793,8.30729,,142.25,,68.85
2794,8.31011,,142.375,,68.675
2795,8.31293,,142.5,,68.5
2796,8.31575,,142.625,,68.325
2797,8.31857,,142.75,,68.15
2798,8.32139,,142.875,,67.975
2799,8.32421,,143,,67.8
2800,8.32715,,143.286,,66.9429
2801,8.33009,,143.571,,66.0857
2802,8.33303,,143.857,,65.2286
2803,8.33596,,144.143,,64.3714
2804,8.3389,,144.429,,63.5143
2805,8.34184,,144.714,,62.6571
2806,8.34478,,145,,61.8
2807,8.34794,,144.857,,61.1143
2808,8.35111,,144.714,,60.4286
2809,8.35427,,144.571,,59.7429
2810,8.35743,,144.429,,59.0571
2811,8.36059,,144.286,,58.3714
2812,8.36376,,144.143,,57.6857
2813,8.36692,,144,,57
2814,8.37012,,143.4,,56.76
2815,8.37332,,142.8,,56.52
2816,8.37652,,142.2,,56.28
2817,8.37972,,141.6,,56.04
2818,8.38292,,141,,55.8
2819,8.38595,,141,,55.6571
2820,8.38899,,141,,55.5143
2821,8.39202,,141,,55.3714
2822,8.39505,,141,,55.2286
2823,8.39808,,141,,55.0857
2824,8.40112,,141,,54.9429
2825,8.40415,,141,,54.8
2826,8.40717,,141.286,,54.6286
2827,8.4102,,141.571,,54.4571
2828,8.41322,,141.857,,54.2857
2829,8.41625,,142.143,,54.1143
2830,8.41927,,142.429,,53.9429
2831,8.4223,,142.714,,53.7714
2832,8.42532,,143,,53.6
2833,8.42813,,143.125,,53.425
2834,8.43094,,143.25,,53.25
2835,8.43375,,143.375,,53.075
2836,8.43656,,143.5,,52.9
2837,8.43936,,143.625,,52.725
2838,8.44217,,143.75,,52.55
2839,8.44498,,143.875,,52.375
2840,8.44779,,144,,52.2
2841,8.45056,,144.125,,52.1
2842,8.45333,,144.25,,52
2843,8.45611,,144.375,,51.9
2844,8.45888,,144.5,,51.8
2845,8.46165,,144.625,,51.7
2846,8.46443,,144.75,,51.6
2847,8.4672,,144.875,,51.5
2848,8.46997,,145,,51.4
2849,8.47316,,144.857,,51.3429
2850,8.47634,,144.714,,51.2857
2851,8.47953,,144.571,,51.2286
2852,8.48272,,144.429,,51.1714
2853,8.48591,,144.286,,51.1143
2854,8.48909,,144.143,,51.0571
2855,8.49228,,144,,51
2856,8.49575,,143.833,,50.4667
2857,8.49921,,143.667,,49.9333
2858,8.50268,,143.5,,49.4
2859,8.50614,,143.333,,48.8667
2860,8.50961,,143.167,,48.3333
2861,8.51307,,143,,47.8
2862,8.51632,,142.857,,47.6
2863,8.51956,,142.714,,47.4
2864,8.52281,,142.571,,47.2
2865,8.52605,,142.429,,47
2866,8.5293,,142.286,,46.8
2867,8.53254,,142.143,,46.6
2868,8.53579,,142,,46.4
2869,8.53905,,142,,46.3714
2870,8.54231,,142,,46.3429
2871,8.54557,,142,,46.3143
2872,8.54882,,142,,46.2857
2873,8.55208,,142,,46.2571
2874,8.55534,,142,,46.2286
2875,8.5586,,142,,46.2
2876,8.56174,,142,,45.6857
2877,8.56487,,142,,45.1714
2878,8.56801,,142,,44.6571
2879,8.57115,,142,,44.1429
2880,8.57429,,142,,43.6286
2881,8.57742,,142,,43.1143
2882,8.58056,,142,,42.6
2883,8.58346,,142,,42.8286
2884,8.58635,,142,,43.0571
2885,8.58925,,142,,43.2857
2886,8.59215,,142,,43.5143
2887,8.59505,,142,,43.7429
2888,8.59794,,142,,43.9714
2889,8.60084,,142,,44.2
2890,8.60375,,142,,44.4571
2891,8.60666,,142,,44.7143
2892,8.60957,,142,,44.9714
2893,8.61247,,142,,45.2286
2894,8.61538,,142,,45.4857
2895,8.61829,,142,,45.7429
2896,8.6212,,142,,46
2897,8.62424,,142.286,,46.0286
2898,8.62727,,142.571,,46.0571
2899,8.63031,,142.857,,46.0857
2900,8.63334,,143.143,,46.1143
2901,8.63638,,143.429,,46.1429
2902,8.63941,,143.714,,46.1714
2903,8.64245,,144,,46.2
2904,8.64538,,144,,46.2857
2905,8.64832,,144,,46.3714
2906,8.65125,,144,,46.4571
2907,8.65418,,144,,46.5429
2908,8.65711,,144,,46.6286
2909,8.66005,,144,,46.7143
2910,8.66298,,144,,46.8
2911,8.66581,,144.25,,46.9
2912,8.66864,,144.5,,47
2913,8.67147,,144.75,,47.1
2914,8.6743,,145,,47.2
2915,8.67712,,145.25,,47.3
2916,8.67995,,145.5,,47.4
2917,8.68278,,145.75,,47.5
2918,8.68561,,146,,47.6
2919,8.68879,,145.857,,47.6571
2920,8.69196,,145.714,,47.7143
2921,8.69514,,145.571,,47.7714
2922,8.69831,,145.429,,47.8286
2923,8.70149,,145.286,,47.8857
2924,8.70466,,145.143,,47.9429
2925,8.70784,,145,,48
2926,8.71108,,145.143,,48.1429
2927,8.71431,,145.286,,48.2857
2928,8.71755,,145.429,,48.4286
2929,8.72079,,145.571,,48.5714
2930,8.72403,,145.714,,48.7143
2931,8.72726,,145.857,,48.8571
2932,8.7305,,146,,49
2933,8.73356,,145.5,,49.1
2934,8.73662,,145,,49.2
2935,8.73968,,144.5,,49.3
2936,8.74275,,144,,49.4
2937,8.74581,,143.5,,49.5
2938,8.74887,,143,,49.6
2939,8.75147,,143.25,,49.65
2940,8.75407,,143.5,,49.7
2941,8.75667,,143.75,,49.75
2942,8.75928,,144,,49.8
2943,8.76188,,144.25,,49.85
2944,8.76448,,144.5,,49.9
2945,8.76708,,144.75,,49.95
2946,8.76968,,145,,50
2947,8.77269,,145,,49.9429
2948,8.77569,,145,,49.8857
2949,8.7787,,145,,49.8286
2950,8.78171,,145,,49.7714
2951,8.78472,,145,,49.7143
2952,8.78772,,145,,49.6571
2953,8.79073,,145,,49.6
2954,8.79362,,145,,49.9143
2955,8.79651,,145,,50.2286
2956,8.7994,,145,,50.5429
2957,8.80229,,145,,50.8571
2958,8.80518,,145,,51.1714
2959,8.80807,,145,,51.4857
2960,8.81096,,145,,51.8
2961,8.81425,,144.571,,52.0286
2962,8.81753,,144.143,,52.2571
2963,8.82082,,143.714,,52.4857
2964,8.8241,,143.286,,52.7143
2965,8.82739,,142.857,,52.9429
2966,8.83067,,142.429,,53.1714
2967,8.83396,,142,,53.4
2968,8.83717,,142.143,,53.4286
2969,8.84039,,142.286,,53.4571
2970,8.8436,,142.429,,53.4857
2971,8.84682,,142.571,,53.5143
2972,8.85003,,142.714,,53.5429
2973,8.85325,,142.857,,53.5714
2974,8.85646,,143,,53.6
2975,8.85956,,143.143,,53.7429
2976,8.86267,,143.286,,53.8857
2977,8.86577,,143.429,,54.0286
2978,8.86888,,143.571,,54.1714
2979,8.87198,,143.714,,54.3143
2980,8.87509,,143.857,,54.4571
2981,8.87819,,144,,54.6
2982,8.88126,,144.143,,54.6286
2983,8.88434,,144.286,,54.6571
2984,8.88741,,144.429,,54.6857
2985,8.89048,,144.571,,54.7143
2986,8.89355,,144.714,,54.7429
2987,8.89663,,144.857,,54.7714
2988,8.8997,,145,,54.8
2989,8.90259,,144.857,,54.7143
2990,8.90547,,144.714,,54.6286
2991,8.90836,,144.571,,54.5429
2992,8.91124,,144.429,,54.4571
2993,8.91413,,144.286,,54.3714
2994,8.91701,,144.143,,54.2857
2995,8.9199,,144,,54.2
2996,8.92292,,144,,54.0286
2997,8.92594,,144,,53.8571
2998,8.92896,,144,,53.6857
2999,8.93199,,144,,53.5143
3000,8.93501,,144,,53.3429
3001,8.93803,,144,,53.1714
3002,8.94105,,144,,53
3003,8.94411,,144.143,,53.0857
3004,8.94717,,144.286,,53.1714
3005,8.95023,,144.429,,53.2571
3006,8.9533,,144.571,,53.3429
3007,8.95636,,144.714,,53.4286
3008,8.95942,,144.857,,53.5143
3009,8.96248,,145,,53.6
3010,8.96559,,145,,53.3714
3011,8.9687,,145,,53.1429
3012,8.97181,,145,,52.9143
3013,8.97493,,145,,52.6857
3014,8.97804,,145,,52.4571
3015,8.98115,,145,,52.2286
3016,8.98426,,145,,52
3017,8.98721,,145.143,,51.9714
3018,8.99016,,145.286,,51.9429
3019,8.99311,,145.429,,51.9143
3020,8.99607,,145.571,,51.8857
3021,8.99902,,145.714,,51.8571
3022,9.00197,,145.857,,51.8286
3023,9.00492,,146,,51.8
3024,9.0078,,145.857,,52
3025,9.01067,,145.714,,52.2
3026,9.01355,,145.571,,52.4
3027,9.01643,,145.429,,52.6
3028,9.01931,,145.286,,52.8
3029,9.02218,,145.143,,53
3030,9.02506,,145,,53.2
3031,9.02809,,145,,53
3032,9.03111,,145,,52.8
3033,9.03414,,145,,52.6
3034,9.03716,,145,,52.4
3035,9.04019,,145,,52.2
3036,9.04321,,145,,52
3037,9.04624,,145,,51.8
3038,9.04921,,145,,51.6571
3039,9.05218,,145,,51.5143
3040,9.05515,,145,,51.3714
3041,9.05812,,145,,51.2286
3042,9.06109,,145,,51.0857
3043,9.06406,,145,,50.9429
3044,9.06703,,145,,50.8
3045,9.07006,,145,,50.7143
3046,9.07308,,145,,50.6286
3047,9.07611,,145,,50.5429
3048,9.07914,,145,,50.4571
3049,9.08217,,145,,50.3714
3050,9.08519,,145,,50.2857
3051,9.08822,,145,,50.2
3052,9.09101,,145,,49.95
3053,9.0938,,145,,49.7
3054,9.0966,,145,,49.45
3055,9.09939,,145,,49.2
3056,9.10218,,145,,48.95
3057,9.10497,,145,,48.7
3058,9.10777,,145,,48.45
3059,9.11056,,145,,48.2
3060,9.11343,,144.714,,48.2571
3061,9.11631,,144.429,,48.3143
3062,9.11918,,144.143,,48.3714
3063,9.12206,,143.857,,48.4286
3064,9.12493,,143.571,,48.4857
3065,9.12781,,143.286,,48.5429
3066,9.13068,,143,,48.6
3067,9.13361,,143.143,,48.4857
3068,9.13655,,143.286,,48.3714
3069,9.13948,,143.429,,48.2571
3070,9.14241,,143.571,,48.1429
3071,9.14534,,143.714,,48.0286
3072,9.14828,,143.857,,47.9143
3073,9.15121,,144,,47.8
3074,9.1542,,144,,47.7143
3075,9.15718,,144,,47.6286
3076,9.16017,,144,,47.5429
3077,9.16316,,144,,47.4571
3078,9.16615,,144,,47.3714
3079,9.16913,,144,,47.2857
3080,9.17212,,144,,47.2
3081,9.17507,,144,,46.9714
3082,9.17803,,144,,46.7429
3083,9.18098,,144,,46.5143
3084,9.18393,,144,,46.2857
3085,9.18688,,144,,46.0571
3086,9.18984,,144,,45.8286
3087,9.19279,,144,,45.6
3088,9.1957,,143.714,,45.5143
3089,9.1986,,143.429,,45.4286
3090,9.20151,,143.143,,45.3429
3091,9.20442,,142.857,,45.2571
3092,9.20733,,142.571,,45.1714
3093,9.21023,,142.286,,45.0857
3094,9.21314,,142,,45
3095,9.2159,,141.875,,45.175
3096,9.21865,,141.75,,45.35
3097,9.22141,,141.625,,45.525
3098,9.22417,,141.5,,45.7
3099,9.22692,,141.375,,45.875
3100,9.22968,,141.25,,46.05
3101,9.23243,,141.125,,46.225
3102,9.23519,,141,,46.4
3103,9.23797,,140.875,,46.275
3104,9.24075,,140.75,,46.15
3105,9.24353,,140.625,,46.025
3106,9.24631,,140.5,,45.9
3107,9.24909,,140.375,,45.775
3108,9.25187,,140.25,,45.65
3109,9.25465,,140.125,,45.525
3110,9.25743,,140,,45.4
3111,9.2606,,140.143,,45.1429
3112,9.26378,,140.286,,44.8857
3113,9.26695,,140.429,,44.6286
3114,9.27012,,140.571,,44.3714
3115,9.27329,,140.714,,44.1143
3116,9.27647,,140.857,,43.8571
3117,9.27964,,141,,43.6
3118,9.28273,,141.143,,43.5429
3119,9.28582,,141.286,,43.4857
3120,9.28891,,141.429,,43.4286
3121,9.29201,,141.571,,43.3714
3122,9.2951,,141.714,,43.3143
3123,9.29819,,141.857,,43.2571
3124,9.30128,,142,,43.2
3125,9.3044,,142.286,,43.2571
3126,9.30753,,142.571,,43.3143
3127,9.31065,,142.857,,43.3714
3128,9.31377,,143.143,,43.4286
3129,9.31689,,143.429,,43.4857
3130,9.32002,,143.714,,43.5429
3131,9.32314,,144,,43.6
3132,9.32575,,143.875,,43.725
3133,9.32836,,143.75,,43.85
3134,9.33097,,143.625,,43.975
3135,9.33358,,143.5,,44.1
3136,9.33619,,143.375,,44.225
3137,9.3388,,143.25,,44.35
3138,9.34141,,143.125,,44.475
3139,9.34402,,143,,44.6
3140,9.34681,,142.875,,44.8
3141,9.34961,,142.75,,45
3142,9.3524,,142.625,,45.2
3143,9.35519,,142.5,,45.4
3144,9.35798,,142.375,,45.6
3145,9.36078,,142.25,,45.8
3146,9.36357,,142.125,,46
3147,9.36636,,142,,46.2
3148,9.36941,,141.857,,46.4
3149,9.37246,,141.714,,46.6
3150,9.37551,,141.571,,46.8
3151,9.37857,,141.429,,47
3152,9.38162,,141.286,,47.2
3153,9.38467,,141.143,,47.4
3154,9.38772,,141,,47.6
3155,9.39079,,141.5,,47.5667
3156,9.39386,,142,,47.5333
3157,9.39693,,142.5,,47.5
3158,9.39999,,143,,47.4667
3159,9.40306,,143.5,,47.4333
3160,9.40613,,144,,47.4
3161,9.40924,,144.286,,47.2571
3162,9.41234,,144.571,,47.1143
3163,9.41545,,144.857,,46.9714
3164,9.41855,,145.143,,46.8286
3165,9.42166,,145.429,,46.6857
3166,9.42476,,145.714,,46.5429
3167,9.42787,,146,,46.4
3168,9.43085,,146.286,,46.2286
3169,9.43382,,146.571,,46.0571
3170,9.4368,,146.857,,45.8857
3171,9.43977,,147.143,,45.7143
3172,9.44275,,147.429,,45.5429
3173,9.44572,,147.714,,45.3714
3174,9.4487,,148,,45.2
3175,9.45161,,148,,45.2857
3176,9.45451,,148,,45.3714
3177,9.45742,,148,,45.4571
3178,9.46033,,148,,45.5429
3179,9.46324,,148,,45.6286
3180,9.46614,,148,,45.7143
3181,9.46905,,148,,45.8
3182,9.47196,,147.714,,45.9429
3183,9.47487,,147.429,,46.0857
3184,9.47778,,147.143,,46.2286
3185,9.48068,,146.857,,46.3714
3186,9.48359,,146.571,,46.5143
3187,9.4865,,146.286,,46.6571
3188,9.48941,,146,,46.8
3189,9.49238,,145.714,,46.9143
3190,9.49535,,145.429,,47.0286
3191,9.49832,,145.143,,47.1429
3192,9.5013,,144.857,,47.2571
3193,9.50427,,144.571,,47.3714
3194,9.50724,,144.286,,47.4857
3195,9.51021,,144,,47.6
3196,9.51327,,144,,47.6286
3197,9.51634,,144,,47.6571
3198,9.5194,,144,,47.6857
3199,9.52247,,144,,47.7143
3200,9.52553,,144,,47.7429
3201,9.5286,,144,,47.7714
3202,9.53166,,144,,47.8
3203,9.53473,,143.714,,47.8
3204,9.5378,,143.429,,47.8
3205,9.54087,,143.143,,47.8
3206,9.54393,,142.857,,47.8
3207,9.547,,142.571,,47.8
3208,9.55007,,142.286,,47.8
3209,9.55314,,142,,47.8
3210,9.55609,,141.857,,48.0286
3211,9.55904,,141.714,,48.2571
3212,9.56199,,141.571,,48.4857
3213,9.56493,,141.429,,48.7143
3214,9.56788,,141.286,,48.9429
3215,9.57083,,141.143,,49.1714
3216,9.57378,,141,,49.4
3217,9.57661,,141,,49.35
3218,9.57944,,141,,49.3
3219,9.58227,,141,,49.25
3220,9.5851,,141,,49.2
3221,9.58792,,141,,49.15
3222,9.59075,,141,,49.1
3223,9.59358,,141,,49.05
3224,9.59641,,141,,49
3225,9.59941,,141.286,,48.6571
3226,9.60242,,141.571,,48.3143
3227,9.60542,,141.857,,47.9714
3228,9.60843,,142.143,,47.6286
3229,9.61143,,142.429,,47.2857
3230,9.61444,,142.714,,46.9429
3231,9.61744,,143,,46.6
3232,9.62045,,143.143,,46.6286
3233,9.62346,,143.286,,46.6571
3234,9.62647,,143.429,,46.6857
3235,9.62947,,143.571,,46.7143
3236,9.63248,,143.714,,46.7429
3237,9.63549,,143.857,,46.7714
3238,9.6385,,144,,46.8
3239,9.64154,,143.714,,46.6571
3240,9.64458,,143.429,,46.5143
3241,9.64762,,143.143,,46.3714
3242,9.65067,,142.857,,46.2286
3243,9.65371,,142.571,,46.0857
3244,9.65675,,142.286,,45.9429
3245,9.65979,,142,,45.8
3246,9.66285,,142,,45.5429
3247,9.66592,,142,,45.2857
3248,9.66898,,142,,45.0286
3249,9.67204,,142,,44.7714
3250,9.6751,,142,,44.5143
3251,9.67817,,142,,44.2571
3252,9.68123,,142,,44
3253,9.68421,,142,,44
3254,9.68719,,142,,44
3255,9.69017,,142,,44
3256,9.69316,,142,,44
3257,9.69614,,142,,44
3258,9.69912,,142,,44
3259,9.7021,,142,,44
3260,9.70496,,142.286,,44.0857
3261,9.70782,,142.571,,44.1714
3262,9.71068,,142.857,,44.2571
3263,9.71355,,143.143,,44.3429
3264,9.71641,,143.429,,44.4286
3265,9.71927,,143.714,,44.5143
3266,9.72213,,144,,44.6
3267,9.7252,,144,,44.7429
3268,9.72828,,144,,44.8857
3269,9.73135,,144,,45.0286
3270,9.73443,,144,,45.1714
3271,9.7375,,144,,45.3143
3272,9.74058,,144,,45.4571
3273,9.74365,,144,,45.6
3274,9.74669,,144.143,,45.6286
3275,9.74974,,144.286,,45.6571
3276,9.75278,,144.429,,45.6857
3277,9.75582,,144.571,,45.7143
3278,9.75886,,144.714,,45.7429
3279,9.76191,,144.857,,45.7714
3280,9.76495,,145,,45.8
3281,9.76799,,145.143,,45.7429
3282,9.77102,,145.286,,45.6857
3283,9.77406,,145.429,,45.6286
3284,9.77709,,145.571,,45.5714
3285,9.78013,,145.714,,45.5143
3286,9.78316,,145.857,,45.4571
3287,9.7862,,146,,45.4
3288,9.78908,,145.714,,45.1714
3289,9.79197,,145.429,,44.9429
3290,9.79485,,145.143,,44.7143
3291,9.79773,,144.857,,44.4857
3292,9.80061,,144.571,,44.2571
3293,9.8035,,144.286,,44.0286
3294,9.80638,,144,,43.8
3295,9.80938,,143.857,,43.8857
3296,9.81239,,143.714,,43.9714
3297,9.81539,,143.571,,44.0571
3298,9.81839,,143.429,,44.1429
3299,9.82139,,143.286,,44.2286
3300,9.8244,,143.143,,44.3143
3301,9.8274,,143,,44.4
3302,9.83033,,143,,44.5429
3303,9.83326,,143,,44.6857
3304,9.83619,,143,,44.8286
3305,9.83911,,143,,44.9714
3306,9.84204,,143,,45.1143
3307,9.84497,,143,,45.2571
3308,9.8479,,143,,45.4
3309,9.8508,,142.857,,45.6571
3310,9.8537,,142.714,,45.9143
3311,9.8566,,142.571,,46.1714
3312,9.85949,,142.429,,46.4286
3313,9.86239,,142.286,,46.6857
3314,9.86529,,142.143,,46.9429
3315,9.86819,,142,,47.2
3316,9.87114,,142,,47.2857
3317,9.8741,,142,,47.3714
3318,9.87705,,142,,47.4571
3319,9.88,,142,,47.5429
3320,9.88295,,142,,47.6286
3321,9.88591,,142,,47.7143
3322,9.88886,,142,,47.8
3323,9.89182,,141.857,,47.8
3324,9.89479,,141.714,,47.8
3325,9.89775,,141.571,,47.8
3326,9.90072,,141.429,,47.8
3327,9.90368,,141.286,,47.8
3328,9.90665,,141.143,,47.8
3329,9.90961,,141,,47.8
3330,9.91237,,141.125,,47.85
3331,9.91513,,141.25,,47.9
3332,9.91789,,141.375,,47.95
3333,9.92066,,141.5,,48
3334,9.92342,,141.625,,48.05
3335,9.92618,,141.75,,48.1
3336,9.92894,,141.875,,48.15
3337,9.9317,,142,,48.2
3338,9.93468,,142.143,,48.2857
3339,9.93767,,142.286,,48.3714
3340,9.94065,,142.429,,48.4571
3341,9.94363,,142.571,,48.5429
3342,9.94661,,142.714,,48.6286
3343,9.9496,,142.857,,48.7143
3344,9.95258,,143,,48.8
3345,9.95547,,143,,48.8857
3346,9.95837,,143,,48.9714
3347,9.96126,,143,,49.0571
3348,9.96415,,143,,49.1429
3349,9.96704,,143,,49.2286
3350,9.96994,,143,,49.3143
3351,9.97283,,143,,49.4
3352,9.97562,,143.125,,49.5
3353,9.97841,,143.25,,49.6
3354,9.98119,,143.375,,49.7
3355,9.98398,,143.5,,49.8
3356,9.98677,,143.625,,49.9
3357,9.98955,,143.75,,50
3358,9.99234,,143.875,,50.1
3359,9.99513,,144,,50.2
3360,9.99793,,143.75,,50.375
3361,10.0007,,143.5,,50.55
3362,10.0035,,143.25,,50.725
3363,10.0063,,143,,50.9
3364,10.0091,,142.75,,51.075
3365,10.0119,,142.5,,51.25
3366,10.0147,,142.25,,51.425
3367,10.0175,,142,,51.6
3368,10.0204,,141.875,,51.85
3369,10.0232,,141.75,,52.1
3370,10.026,,141.625,,52.35
3371,10.0288,,141.5,,52.6
3372,10.0316,,141.375,,52.85
3373,10.0344,,141.25,,53.1
3374,10.0372,,141.125,,53.35
3375,10.0401,,141,,53.6
3376,10.0427,,141,,53.825
3377,10.0454,,141,,54.05
3378,10.048,,141,,54.275
3379,10.0507,,141,,54.5
3380,10.0534,,141,,54.725
3381,10.056,,141,,54.95
3382,10.0587,,141,,55.175
3383,10.0613,,141,,55.4
3384,10.0644,,141,,55.5714
3385,10.0676,,141,,55.7429
3386,10.0707,,141,,55.9143
3387,10.0738,,141,,56.0857
3388,10.0769,,141,,56.2571
3389,10.08,,141,,56.4286
3390,10.0831,,141,,56.6
3391,10.0863,,141,,56.6286
3392,10.0895,,141,,56.6571
3393,10.0926,,141,,56.6857
3394,10.0958,,141,,56.7143
3395,10.0989,,141,,56.7429
3396,10.1021,,141,,56.7714
3397,10.1053,,141,,56.8
3398,10.1083,,141,,56.8571
3399,10.1113,,141,,56.9143
3400,10.1143,,141,,56.9714
3401,10.1173,,141,,57.0286
3402,10.1203,,141,,57.0857
3403,10.1233,,141,,57.1429
3404,10.1264,,141,,57.2
3405,10.1295,,141,,57.0286
3406,10.1326,,141,,56.8571
3407,10.1357,,141,,56.6857
3408,10.1388,,141,,56.5143
3409,10.1419,,141,,56.3429
3410,10.145,,141,,56.1714
3411,10.1481,,141,,56
3412,10.1509,,140.875,,55.975
3413,10.1538,,140.75,,55.95
3414,10.1566,,140.625,,55.925
3415,10.1594,,140.5,,55.9
3416,10.1623,,140.375,,55.875
3417,10.1651,,140.25,,55.85
3418,10.168,,140.125,,55.825
3419,10.1708,,140,,55.8
3420,10.1738,,139.857,,56.0286
3421,10.1768,,139.714,,56.2571
3422,10.1798,,139.571,,56.4857
3423,10.1828,,139.429,,56.7143
3424,10.1858,,139.286,,56.9429
3425,10.1888,,139.143,,57.1714
3426,10.1918,,139,,57.4
3427,10.1947,,139,,57.4286
3428,10.1977,,139,,57.4571
3429,10.2006,,139,,57.4857
3430,10.2035,,139,,57.5143
3431,10.2065,,139,,57.5429
3432,10.2094,,139,,57.5714
3433,10.2124,,139,,57.6
3434,10.2151,,139.125,,57.625
3435,10.2178,,139.25,,57.65
3436,10.2205,,139.375,,57.675
3437,10.2232,,139.5,,57.7
3438,10.2259,,139.625,,57.725
3439,10.2286,,139.75,,57.75
3440,10.2313,,139.875,,57.775
3441,10.234,,140,,57.8
3442,10.2366,,140,,57.45
3443,10.2392,,140,,57.1
3444,10.2418,,140,,56.75
3445,10.2444,,140,,56.4
3446,10.247,,140,,56.05
3447,10.2496,,140,,55.7
3448,10.2522,,140,,55.35
3449,10.2548,,140,,55
3450,10.2576,,139.875,,54.75
3451,10.2604,,139.75,,54.5
3452,10.2632,,139.625,,54.25
3453,10.266,,139.5,,54
3454,10.2688,,139.375,,53.75
3455,10.2716,,139.25,,53.5
3456,10.2744,,139.125,,53.25
3457,10.2772,,139,,53
3458,10.28,,139.125,,52.775
3459,10.2828,,139.25,,52.55
3460,10.2856,,139.375,,52.325
3461,10.2884,,139.5,,52.1
3462,10.2912,,139.625,,51.875
3463,10.294,,139.75,,51.65
3464,10.2967,,139.875,,51.425
3465,10.2995,,140,,51.2
3466,10.3025,,140.143,,50.9714
3467,10.3054,,140.286,,50.7429
3468,10.3084,,140.429,,50.5143
3469,10.3113,,140.571,,50.2857
3470,10.3143,,140.714,,50.0571
3471,10.3172,,140.857,,49.8286
3472,10.3201,,141,,49.6
3473,10.323,,141,,49.475
3474,10.3258,,141,,49.35
3475,10.3287,,141,,49.225
3476,10.3315,,141,,49.1
3477,10.3343,,141,,48.975
3478,10.3372,,141,,48.85
3479,10.34,,141,,48.725
3480,10.3429,,141,,48.6
3481,10.346,,141,,48.3429
3482,10.3492,,141,,48.0857
3483,10.3524,,141,,47.8286
3484,10.3555,,141,,47.5714
3485,10.3587,,141,,47.3143
3486,10.3619,,141,,47.0571
3487,10.3651,,141,,46.8
3488,10.3682,,141.75,,46.5
3489,10.3713,,142.5,,46.2
3490,10.3745,,143.25,,45.9
3491,10.3776,,144,,45.6
3492,10.3806,,144.286,,45.4
3493,10.3835,,144.571,,45.2
3494,10.3864,,144.857,,45
3495,10.3894,,145.143,,44.8
3496,10.3923,,145.429,,44.6
3497,10.3952,,145.714,,44.4
3498,10.3982,,146,,44.2
3499,10.4011,,145.714,,44.1714
3500,10.404,,145.429,,44.1429
3501,10.4069,,145.143,,44.1143
3502,10.4099,,144.857,,44.0857
3503,10.4128,,144.571,,44.0571
3504,10.4157,,144.286,,44.0286
3505,10.4187,,144,,44
3506,10.4216,,143.857,,43.7143
3507,10.4245,,143.714,,43.4286
3508,10.4275,,143.571,,43.1429
3509,10.4304,,143.429,,42.8571
3510,10.4333,,143.286,,42.5714
3511,10.4363,,143.143,,42.2857
3512,10.4392,,143,,42
3513,10.442,,143,,42.05
3514,10.4448,,143,,42.1
3515,10.4476,,143,,42.15
3516,10.4504,,143,,42.2
3517,10.4532,,143,,42.25
3518,10.456,,143,,42.3
3519,10.4588,,143,,42.35
3520,10.4616,,143,,42.4
3521,10.4644,,142.875,,42.2
3522,10.4672,,142.75,,42
3523,10.47,,142.625,,41.8
3524,10.4728,,142.5,,41.6
3525,10.4756,,142.375,,41.4
3526,10.4783,,142.25,,41.2
3527,10.4811,,142.125,,41
3528,10.4839,,142,,40.8
3529,10.4868,,141.714,,41.0286
3530,10.4898,,141.429,,41.2571
3531,10.4927,,141.143,,41.4857
3532,10.4956,,140.857,,41.7143
3533,10.4985,,140.571,,41.9429
3534,10.5014,,140.286,,42.1714
3535,10.5044,,140,,42.4
3536,10.5072,,140,,42.5714
3537,10.5101,,140,,42.7429
3538,10.513,,140,,42.9143
3539,10.5159,,140,,43.0857
3540,10.5188,,140,,43.2571
3541,10.5216,,140,,43.4286
3542,10.5245,,140,,43.6
3543,10.5276,,140.143,,43.4286
3544,10.5306,,140.286,,43.2571
3545,10.5336,,140.429,,43.0857
3546,10.5367,,140.571,,42.9143
3547,10.5397,,140.714,,42.7429
3548,10.5427,,140.857,,42.5714
3549,10.5458,,141,,42.4
3550,10.5487,,141.286,,42.1429
3551,10.5517,,141.571,,41.8857
3552,10.5546,,141.857,,41.6286
3553,10.5576,,142.143,,41.3714
3554,10.5605,,142.429,,41.1143
3555,10.5634,,142.714,,40.8571
3556,10.5664,,143,,40.6
3557,10.5694,,143,,40.6286
3558,10.5724,,143,,40.6571
3559,10.5754,,143,,40.6857
3560,10.5784,,143,,40.7143
3561,10.5814,,143,,40.7429
3562,10.5844,,143,,40.7714
3563,10.5874,,143,,40.8
3564,10.5904,,143,,40.7143
3565,10.5933,,143,,40.6286
3566,10.5963,,143,,40.5429
3567,10.5993,,143,,40.4571
3568,10.6023,,143,,40.3714
3569,10.6052,,143,,40.2857
3570,10.6082,,143,,40.2
3571,10.6111,,142.857,,40.2
3572,10.614,,142.714,,40.2
3573,10.6169,,142.571,,40.2
3574,10.6198,,142.429,,40.2
3575,10.6227,,142.286,,40.2
3576,10.6256,,142.143,,40.2
3577,10.6285,,142,,40.2
3578,10.6315,,142,,39.9714
3579,10.6344,,142,,39.7429
3580,10.6374,,142,,39.5143
3581,10.6403,,142,,39.2857
3582,10.6432,,142,,39.0571
3583,10.6462,,142,,38.8286
3584,10.6491,,142,,38.6
3585,10.6519,,141.75,,38.625
3586,10.6548,,141.5,,38.65
3587,10.6576,,141.25,,38.675
3588,10.6604,,141,,38.7
3589,10.6633,,140.75,,38.725
3590,10.6661,,140.5,,38.75
3591,10.6689,,140.25,,38.775
3592,10.6718,,140,,38.8
3593,10.6746,,140,,38.85
3594,10.6774,,140,,38.9
3595,10.6803,,140,,38.95
3596,10.6831,,140,,39
3597,10.6859,,140,,39.05
3598,10.6887,,140,,39.1
3599,10.6916,,140,,39.15
3600,10.6944,,140,,39.2
3601,10.6972,,140,,39.375
3602,10.7,,140,,39.55
3603,10.7028,,140,,39.725
3604,10.7056,,140,,39.9
3605,10.7084,,140,,40.075
3606,10.7112,,140,,40.25
3607,10.7141,,140,,40.425
3608,10.7169,,140,,40.6
3609,10.7198,,140,,40.5143
3610,10.7227,,140,,40.4286
3611,10.7257,,140,,40.3429
3612,10.7286,,140,,40.2571
3613,10.7316,,140,,40.1714
3614,10.7345,,140,,40.0857
3615,10.7374,,140,,40
3616,10.7404,,140,,40.1714
3617,10.7433,,140,,40.3429
3618,10.7462,,140,,40.5143
3619,10.7491,,140,,40.6857
3620,10.7521,,140,,40.8571
3621,10.755,,140,,41.0286
3622,10.7579,,140,,41.2
3623,10.7608,,140,,41.2571
3624,10.7637,,140,,41.3143
3625,10.7666,,140,,41.3714
3626,10.7694,,140,,41.4286
3627,10.7723,,140,,41.4857
3628,10.7752,,140,,41.5429
3629,10.7781,,140,,41.6
3630,10.781,,140.125,,41.475
3631,10.7838,,140.25,,41.35
3632,10.7867,,140.375,,41.225
3633,10.7896,,140.5,,41.1
3634,10.7924,,140.625,,40.975
3635,10.7953,,140.75,,40.85
3636,10.7982,,140.875,,40.725
3637,10.801,,141,,40.6
3638,10.8041,,141.143,,40.5714
3639,10.8071,,141.286,,40.5429
3640,10.8101,,141.429,,40.5143
3641,10.8131,,141.571,,40.4857
3642,10.8162,,141.714,,40.4571
3643,10.8192,,141.857,,40.4286
3644,10.8222,,142,,40.4
3645,10.8251,,142,,40.3429
3646,10.8279,,142,,40.2857
3647,10.8308,,142,,40.2286
3648,10.8337,,142,,40.1714
3649,10.8365,,142,,40.1143
3650,10.8394,,142,,40.0571
3651,10.8423,,142,,40
3652,10.8451,,142,,40.175
3653,10.848,,142,,40.35
3654,10.8508,,142,,40.525
3655,10.8537,,142,,40.7
3656,10.8565,,142,,40.875
3657,10.8594,,142,,41.05
3658,10.8623,,142,,41.225
3659,10.8651,,142,,41.4
3660,10.868,,142.143,,41.4857
3661,10.871,,142.286,,41.5714
3662,10.8739,,142.429,,41.6571
3663,10.8768,,142.571,,41.7429
3664,10.8797,,142.714,,41.8286
3665,10.8827,,142.857,,41.9143
3666,10.8856,,143,,42
3667,10.8885,,143,,41.9429
3668,10.8914,,143,,41.8857
3669,10.8944,,143,,41.8286
3670,10.8973,,143,,41.7714
3671,10.9002,,143,,41.7143
3672,10.9032,,143,,41.6571
3673,10.9061,,143,,41.6
3674,10.909,,143.143,,41.4857
3675,10.912,,143.286,,41.3714
3676,10.9149,,143.429,,41.2571
3677,10.9179,,143.571,,41.1429
3678,10.9209,,143.714,,41.0286
3679,10.9238,,143.857,,40.9143
3680,10.9268,,144,,40.8
3681,10.9297,,144.429,,40.8286
3682,10.9326,,144.857,,40.8571
3683,10.9356,,145.286,,40.8857
3684,10.9385,,145.714,,40.9143
3685,10.9414,,146.143,,40.9429
3686,10.9443,,146.571,,40.9714
3687,10.9473,,147,,41
3688,10.9499,,147.25,,41.075
3689,10.9526,,147.5,,41.15
3690,10.9552,,147.75,,41.225
3691,10.9578,,148,,41.3
3692,10.9605,,148.25,,41.375
3693,10.9631,,148.5,,41.45
3694,10.9657,,148.75,,41.525
3695,10.9684,,149,,41.6
3696,10.9711,,148.5,,41.7333
3697,10.9739,,148,,41.8667
3698,10.9766,,147.5,,42
3699,10.9794,,147,,42.1333
3700,10.9821,,146.5,,42.2667
3701,10.9849,,146,,42.4
3702,10.988,,146,,42.4
3703,10.9911,,145.714,,42.2857
3704,10.9942,,145.429,,42.1714
3705,10.9972,,145.143,,42.0571
3706,11.0003,,144.857,,41.9429
3707,11.0034,,144.571,,41.8286
3708,11.0065,,144.286,,41.7143
3709,11.0095,,144,,41.6
3710,11.0124,,144,,41.6
3711,11.0155,,144.143,,41.8857
3712,11.0185,,144.286,,42.1714
3713,11.0216,,144.429,,42.4571
3714,11.0246,,144.571,,42.7429
3715,11.0277,,144.714,,43.0286
3716,11.0307,,144.857,,43.3143
3717,11.0338,,145,,43.6
3718,11.0365,,144.875,,43.975
3719,11.0393,,144.75,,44.35
3720,11.042,,144.625,,44.725
3721,11.0448,,144.5,,45.1
3722,11.0475,,144.375,,45.475
3723,11.0503,,144.25,,45.85
3724,11.053,,144.125,,46.225
3725,11.0558,,144,,46.6
3726,11.0586,,144.125,,46.8
3727,11.0613,,144.25,,47
3728,11.0641,,144.375,,47.2
3729,11.0668,,144.5,,47.4
3730,11.0696,,144.625,,47.6
3731,11.0724,,144.75,,47.8
3732,11.0751,,144.875,,48
3733,11.0779,,145,,48.2
3734,11.0809,,145.143,,48.5429
3735,11.0839,,145.286,,48.8857
3736,11.0869,,145.429,,49.2286
3737,11.09,,145.571,,49.5714
3738,11.093,,145.714,,49.9143
3739,11.096,,145.857,,50.2571
3740,11.099,,146,,50.6
3741,11.1021,,146,,51.0286
3742,11.1052,,146,,51.4571
3743,11.1084,,146,,51.8857
3744,11.1115,,146,,52.3143
3745,11.1146,,146,,52.7429
3746,11.1177,,146,,53.1714
3747,11.1208,,146,,53.6
3748,11.1239,,146,,53.9429
3749,11.127,,146,,54.2857
3750,11.13,,146,,54.6286
3751,11.1331,,146,,54.9714
3752,11.1362,,146,,55.3143
3753,11.1392,,146,,55.6571
3754,11.1423,,146,,56
3755,11.1454,,146,,56.1714
3756,11.1485,,146,,56.3429
3757,11.1516,,146,,56.5143
3758,11.1547,,146,,56.6857
3759,11.1578,,146,,56.8571
3760,11.1609,,146,,57.0286
3761,11.1639,,146,,57.2
3762,11.1671,,145.714,,57.2
3763,11.1703,,145.429,,57.2
3764,11.1735,,145.143,,57.2
3765,11.1767,,144.857,,57.2
3766,11.1798,,144.571,,57.2
3767,11.183,,144.286,,57.2
3768,11.1862,,144,,57.2
3769,11.1893,,144,,57.1143
3770,11.1925,,144,,57.0286
3771,11.1956,,144,,56.9429
3772,11.1987,,144,,56.8571
3773,11.2019,,144,,56.7714
3774,11.205,,144,,56.6857
3775,11.2081,,144,,56.6
3776,11.2116,,144,,56.8
3777,11.215,,144,,56.5667
3778,11.2184,,144,,56.3333
3779,11.2218,,144,,56.1
3780,11.2252,,144,,55.8667
3781,11.2285,,144,,55.6333
3782,11.2319,,144,,55.4
3783,11.2357,,145,,54.6
3784,11.2392,,144.667,,54.3333
3785,11.2426,,144.333,,54.0667
3786,11.2461,,144,,53.8
3787,11.2496,,143.667,,53.5333
3788,11.253,,143.333,,53.2667
3789,11.2565,,143,,53
3790,11.2599,,143,,52.9
3791,11.2633,,143,,52.8
3792,11.2668,,143,,52.7
3793,11.2702,,143,,52.6
3794,11.2736,,143,,52.5
3795,11.2771,,143,,52.4
3796,11.2802,,143.5,,52.0667
3797,11.2833,,144,,51.7333
3798,11.2864,,144.5,,51.4
3799,11.2895,,145,,51.0667
3800,11.2926,,145.5,,50.7333
3801,11.2957,,146,,50.4
3802,11.2986,,146.143,,50.2571
3803,11.3015,,146.286,,50.1143
3804,11.3044,,146.429,,49.9714
3805,11.3074,,146.571,,49.8286
3806,11.3103,,146.714,,49.6857
3807,11.3132,,146.857,,49.5429
3808,11.3161,,147,,49.4
3809,11.319,,146.857,,49.0286
3810,11.3219,,146.714,,48.6571
3811,11.3248,,146.571,,48.2857
3812,11.3277,,146.429,,47.9143
3813,11.3306,,146.286,,47.5429
3814,11.3335,,146.143,,47.1714
3815,11.3363,,146,,46.8
3816,11.3397,,146,,46.3667
3817,11.343,,146,,45.9333
3818,11.3464,,146,,45.5
3819,11.3498,,146,,45.0667
3820,11.3531,,146,,44.6333
3821,11.3565,,146,,44.2
3822,11.3597,,146,,43.7714
3823,11.363,,146,,43.3429
3824,11.3662,,146,,42.9143
3825,11.3695,,146,,42.4857
3826,11.3727,,146,,42.0571
3827,11.376,,146,,41.6286
3828,11.3792,,146,,41.2
3829,11.3823,,145.714,,41.0857
3830,11.3854,,145.429,,40.9714
3831,11.3885,,145.143,,40.8571
3832,11.3916,,144.857,,40.7429
3833,11.3947,,144.571,,40.6286
3834,11.3978,,144.286,,40.5143
3835,11.4009,,144,,40.4
3836,11.4031,,144,,40.8
3837,11.4051,,143.75,,40.95
3838,11.407,,143.5,,41.1
3839,11.4089,,143.25,,41.25
3840,11.4108,,143,,41.4
3841,11.412,,143,,41.8
