secs,km,power,hr,cad,alt
0,0,,56,0,31.6
1,0.00024,,56,61,32.2
2,0.00024,,58.1111,62.8889,32.3111
3,0.00024,,60.2222,64.7778,32.4222
4,0.00024,,62.3333,66.6667,32.5333
5,0.00024,,64.4444,68.5556,32.6444
6,0.00024,,66.5556,70.4444,32.7556
7,0.00024,,68.6667,72.3333,32.8667
8,0.00024,,70.7778,74.2222,32.9778
9,0.00024,,72.8889,76.1111,33.0889
10,0.00024,,75,78,33.2
11,0.003335,,76.5,78.5,33.2
12,0.00643,,78,79,33.2
13,0.00974,,82,79,32.8
14,0.01309,,85,79,32.8
15,0.01619,,85,78,32.8
16,0.01939,,88,78,32.6
17,0.02252,,89,78,32.3333
18,0.02565,,90,78,32.0667
19,0.02878,,91,78,31.8
20,0.0315867,,92,78,31.6
21,0.0343933,,93,78,31.4
22,0.0372,,94,78,31.2
23,0.03999,,95,78.3333,31.2
24,0.04278,,96,78.6667,31.2
25,0.04557,,97,79,31.2
26,0.0485467,,98,78.3333,31.4
27,0.0515233,,99,77.6667,31.6
28,0.0545,,100,77,31.8
29,0.0561733,,100.333,77.1667,32.2667
30,0.0578467,,100.667,77.3333,32.7333
31,0.05952,,101,77.5,33.2
32,0.0611933,,101.333,77.6667,33.6667
33,0.0628667,,101.667,77.8333,34.1333
34,0.06454,,102,78,34.6
35,0.0670217,,102.667,78,34.9333
36,0.0695033,,103.333,78,35.2667
37,0.071985,,104,78,35.6
38,0.0744667,,104.667,78,35.9333
39,0.0769483,,105.333,78,36.2667
40,0.07943,,106,78,36.6
41,0.08224,,106,78,36.8
42,0.08505,,106,78,37
43,0.08786,,106,78,37.2
44,0.09067,,106,78,37.4
45,0.0938667,,107.333,77.3333,37.9333
46,0.0970633,,108.667,76.6667,38.4667
47,0.10026,,110,76,39
48,0.103467,,110.143,76.5714,39.6
49,0.106674,,110.286,77.1429,40.2
50,0.109881,,110.429,77.7143,40.8
51,0.113089,,110.571,78.2857,41.4
52,0.116296,,110.714,78.8571,42
53,0.119503,,110.857,79.4286,42.6
54,0.12271,,111,80,43.2
55,0.12578,,111,80.5,43.9
56,0.12885,,111,81,44.6
57,0.131181,,111.333,80.7778,44.9778
58,0.133512,,111.667,80.5556,45.3556
59,0.135843,,112,80.3333,45.7333
60,0.138174,,112.333,80.1111,46.1111
61,0.140506,,112.667,79.8889,46.4889
62,0.142837,,113,79.6667,46.8667
63,0.145168,,113.333,79.4444,47.2444
64,0.147499,,113.667,79.2222,47.6222
65,0.14983,,114,79,48
66,0.1522,,115.5,79,48.3
67,0.15457,,117,79,48.6
68,0.156978,,117.5,79.25,49.05
69,0.159385,,118,79.5,49.5
70,0.161793,,118.5,79.75,49.95
71,0.1642,,119,80,50.4
72,0.165915,,120.5,79,50.8
73,0.16763,,122,78,51.2
74,0.171422,,122.5,78.6667,51.6333
75,0.175213,,123,79.3333,52.0667
76,0.179005,,123.5,80,52.5
77,0.182797,,124,80.6667,52.9333
78,0.186588,,124.5,81.3333,53.3667
79,0.19038,,125,82,53.8
80,0.194292,,125,82,54.6333
81,0.198203,,125,82,55.4667
82,0.202115,,125,82,56.3
83,0.206027,,125,82,57.1333
84,0.209938,,125,82,57.9667
85,0.21385,,125,82,58.8
86,0.217855,,126.5,82.5,58.9
87,0.22186,,128,83,59
88,0.225545,,128.667,82.8333,59.1
89,0.22923,,129.333,82.6667,59.2
90,0.232915,,130,82.5,59.3
91,0.2366,,130.667,82.3333,59.4
92,0.240285,,131.333,82.1667,59.5
93,0.24397,,132,82,59.6
94,0.247733,,132.333,82,60.0667
95,0.251497,,132.667,82,60.5333
96,0.25526,,133,82,61
97,0.259023,,133.333,82,61.4667
98,0.262787,,133.667,82,61.9333
99,0.26655,,134,82,62.4
100,0.270275,,135.5,82,62.9
101,0.274,,137,82,63.4
102,0.277517,,137,82,63.9333
103,0.281033,,137,82,64.4667
104,0.28455,,137,82,65
105,0.288067,,137,82,65.5333
106,0.291583,,137,82,66.0667
107,0.2951,,137,82,66.6
108,0.298848,,137,82,66.8333
109,0.302597,,137,82,67.0667
110,0.306345,,137,82,67.3
111,0.310093,,137,82,67.5333
112,0.313842,,137,82,67.7667
113,0.31759,,137,82,68
114,0.320877,,138,82,68.4667
115,0.324163,,139,82,68.9333
116,0.32745,,140,82,69.4
117,0.330351,,140.286,82,69.4286
118,0.333253,,140.571,82,69.4571
119,0.336154,,140.857,82,69.4857
120,0.339056,,141.143,82,69.5143
121,0.341957,,141.429,82,69.5429
122,0.344859,,141.714,82,69.5714
123,0.34776,,142,82,69.6
124,0.349977,,142,82,70.36
125,0.352194,,142,82,71.12
126,0.354411,,142,82,71.88
127,0.356628,,142,82,72.64
128,0.358845,,142,82,73.4
129,0.361062,,142,82,74.16
130,0.363279,,142,82,74.92
131,0.365496,,142,82,75.68
132,0.367713,,142,82,76.44
133,0.36993,,142,82,77.2
134,0.372987,,142.143,82,77.3714
135,0.376044,,142.286,82,77.5429
136,0.379101,,142.429,82,77.7143
137,0.382159,,142.571,82,77.8857
138,0.385216,,142.714,82,78.0571
139,0.388273,,142.857,82,78.2286
140,0.39133,,143,82,78.4
141,0.39481,,143.75,82,78.55
142,0.39829,,144.5,82,78.7
143,0.40177,,145.25,82,78.85
144,0.40525,,146,82,79
145,0.40777,,146,82,78.875
146,0.41029,,146,82,78.75
147,0.41281,,146,82,78.625
148,0.41533,,146,82,78.5
149,0.41785,,146,82,78.375
150,0.42037,,146,82,78.25
151,0.42289,,146,82,78.125
152,0.42541,,146,82,78
153,0.429498,,146,82,77.3333
154,0.433587,,146,82,76.6667
155,0.437675,,146,82,76
156,0.441763,,146,82,75.3333
157,0.445852,,146,82,74.6667
158,0.44994,,146,82,74
159,0.454104,,146.2,82,73.76
160,0.458268,,146.4,82,73.52
161,0.462432,,146.6,82,73.28
162,0.466596,,146.8,82,73.04
163,0.47076,,147,82,72.8
164,0.474041,,147.143,82,72.9429
165,0.477323,,147.286,82,73.0857
166,0.480604,,147.429,82,73.2286
167,0.483886,,147.571,82,73.3714
168,0.487167,,147.714,82,73.5143
169,0.490449,,147.857,82,73.6571
170,0.49373,,148,82,73.8
171,0.496554,,147.875,82,73.925
172,0.499378,,147.75,82,74.05
173,0.502201,,147.625,82,74.175
174,0.505025,,147.5,82,74.3
175,0.507849,,147.375,82,74.425
176,0.510672,,147.25,82,74.55
177,0.513496,,147.125,82,74.675
178,0.51632,,147,82,74.8
179,0.51901,,144,82,74.8
180,0.522397,,143,82,74.8
181,0.525783,,142,82,74.8
182,0.52917,,141,82,74.8
183,0.533974,,140.8,82,74.32
184,0.538778,,140.6,82,73.84
185,0.543582,,140.4,82,73.36
186,0.548386,,140.2,82,72.88
187,0.55319,,140,82,72.4
188,0.558312,,140,82,71.75
189,0.563435,,140,82,71.1
190,0.568557,,140,82,70.45
191,0.57368,,140,82,69.8
192,0.577794,,140,82,69.24
193,0.581908,,140,82,68.68
194,0.586022,,140,82,68.12
195,0.590136,,140,82,67.56
196,0.59425,,140,82,67
197,0.598173,,140,82,66.6333
198,0.602097,,140,82,66.2667
199,0.60602,,140,82,65.9
200,0.609943,,140,82,65.5333
201,0.613867,,140,82,65.1667
202,0.61779,,140,82,64.8
203,0.620891,,140,82,64.8286
204,0.623993,,140,82,64.8571
205,0.627094,,140,82,64.8857
206,0.630196,,140,82,64.9143
207,0.633297,,140,82,64.9429
208,0.636399,,140,82,64.9714
209,0.6395,,140,82,65
210,0.642873,,140.167,82,65.1333
211,0.646247,,140.333,82,65.2667
212,0.64962,,140.5,82,65.4
213,0.652993,,140.667,82,65.5333
214,0.656367,,140.833,82,65.6667
215,0.65974,,141,82,65.8
216,0.663828,,141,82,66.0667
217,0.667917,,141,82,66.3333
218,0.672005,,141,82,66.6
219,0.676093,,141,82,66.8667
220,0.680182,,141,82,67.1333
221,0.68427,,141,82,67.4
222,0.68657,,141.143,82.1429,67.1143
223,0.68887,,141.286,82.2857,66.8286
224,0.69117,,141.429,82.4286,66.5429
225,0.69347,,141.571,82.5714,66.2571
226,0.69577,,141.714,82.7143,65.9714
227,0.69807,,141.857,82.8571,65.6857
228,0.70037,,142,83,65.4
229,0.701985,,142.154,82.9231,65.1077
230,0.703601,,142.308,82.8462,64.8154
231,0.705216,,142.462,82.7692,64.5231
232,0.706832,,142.615,82.6923,64.2308
233,0.708447,,142.769,82.6154,63.9385
234,0.710062,,142.923,82.5385,63.6462
235,0.711678,,143.077,82.4615,63.3538
236,0.713293,,143.231,82.3846,63.0615
237,0.714908,,143.385,82.3077,62.7692
238,0.716524,,143.538,82.2308,62.4769
239,0.718139,,143.692,82.1538,62.1846
240,0.719755,,143.846,82.0769,61.8923
241,0.72137,,144,82,61.6
242,0.724447,,144,82,61.3429
243,0.727524,,144,82,61.0857
244,0.730601,,144,82,60.8286
245,0.733679,,144,82,60.5714
246,0.736756,,144,82,60.3143
247,0.739833,,144,82,60.0571
248,0.74291,,144,82,59.8
249,0.74632,,144.167,82,59.6
250,0.74973,,144.333,82,59.4
251,0.75314,,144.5,82,59.2
252,0.75655,,144.667,82,59
253,0.75996,,144.833,82,58.8
254,0.76337,,145,82,58.6
255,0.768204,,145.2,82,58.12
256,0.773038,,145.4,82,57.64
257,0.777872,,145.6,82,57.16
258,0.782706,,145.8,82,56.68
259,0.78754,,146,82,56.2
260,0.79337,,146.25,82,55.35
261,0.7992,,146.5,82,54.5
262,0.80503,,146.75,82,53.65
263,0.81086,,147,82,52.8
264,0.815764,,147,82,53.36
265,0.820668,,147,82,53.92
266,0.825572,,147,82,54.48
267,0.830476,,147,82,55.04
268,0.83538,,147,82,55.6
269,0.840923,,147,82,56.95
270,0.846465,,147,82,58.3
271,0.852008,,147,82,59.65
272,0.85755,,147,82,61
273,0.861832,,147.2,82,61.8
274,0.866114,,147.4,82,62.6
275,0.870396,,147.6,82,63.4
276,0.874678,,147.8,82,64.2
277,0.87896,,148,82,65
278,0.8828,,147.833,82,65.4667
279,0.88664,,147.667,82,65.9333
280,0.89048,,147.5,82,66.4
281,0.89432,,147.333,82,66.8667
282,0.89816,,147.167,82,67.3333
283,0.902,,147,82,67.8
284,0.905339,,146.857,82,68.2
285,0.908677,,146.714,82,68.6
286,0.912016,,146.571,82,69
287,0.915354,,146.429,82,69.4
288,0.918693,,146.286,82,69.8
289,0.922031,,146.143,82,70.2
290,0.92537,,146,82,70.6
291,0.927517,,146.1,82,71.08
292,0.929664,,146.2,82,71.56
293,0.931811,,146.3,82,72.04
294,0.933958,,146.4,82,72.52
295,0.936105,,146.5,82,73
296,0.938252,,146.6,82,73.48
297,0.940399,,146.7,82,73.96
298,0.942546,,146.8,82,74.44
299,0.944693,,146.9,82,74.92
300,0.94684,,147,82,75.4
301,0.95076,,147.167,82,75.1333
302,0.95468,,147.333,82,74.8667
303,0.9586,,147.5,82,74.6
304,0.96252,,147.667,82,74.3333
305,0.96644,,147.833,82,74.0667
306,0.97036,,148,82,73.8
307,0.976387,,147.75,82,72.8
308,0.982415,,147.5,82,71.8
309,0.988443,,147.25,82,70.8
310,0.99447,,147,82,69.8
311,0.998652,,147.2,82,69.4
312,1.00283,,147.4,82,69
313,1.00702,,147.6,82,68.6
314,1.0112,,147.8,82,68.2
315,1.01538,,148,82,67.8
316,1.01936,,148,82,67.5
317,1.02334,,148,82,67.2
318,1.02732,,148,82,66.9
319,1.0313,,148,82,66.6
320,1.03528,,148,82,66.3
321,1.03926,,148,82,66
322,1.04338,,148,81.8,65.64
323,1.04749,,148,81.6,65.28
324,1.05161,,148,81.4,64.92
325,1.05572,,148,81.2,64.56
326,1.05984,,148,81,64.2
327,1.0637,,148,81.1667,64.1333
328,1.06756,,148,81.3333,64.0667
329,1.07142,,148,81.5,64
330,1.07527,,148,81.6667,63.9333
331,1.07913,,148,81.8333,63.8667
332,1.08299,,148,82,63.8
333,1.08658,,148,82,64
334,1.09018,,148,82,64.2
335,1.09377,,148,82,64.4
336,1.09737,,148,82,64.6
337,1.10096,,148,82,64.8
338,1.10456,,148,82,65
339,1.1082,,148,82,65.2333
340,1.11183,,148,82,65.4667
341,1.11546,,148,82,65.7
342,1.1191,,148,82,65.9333
343,1.12274,,148,82,66.1667
344,1.12637,,148,82,66.4
345,1.12999,,148,82,66.5
346,1.13361,,148,82,66.6
347,1.13722,,148,82,66.7
348,1.14084,,148,82,66.8
349,1.14446,,148,82,66.9
350,1.14808,,148,82,67
351,1.15158,,148.167,82,66.8667
352,1.15509,,148.333,82,66.7333
353,1.15859,,148.5,82,66.6
354,1.16209,,148.667,82,66.4667
355,1.1656,,148.833,82,66.3333
356,1.1691,,149,82,66.2
357,1.17199,,149.143,82,66.0857
358,1.17487,,149.286,82,65.9714
359,1.17776,,149.429,82,65.8571
360,1.18064,,149.571,82,65.7429
361,1.18353,,149.714,82,65.6286
362,1.18641,,149.857,82,65.5143
363,1.1893,,150,82,65.4
364,1.19236,,150.143,82.1429,65.2857
365,1.19543,,150.286,82.2857,65.1714
366,1.19849,,150.429,82.4286,65.0571
367,1.20155,,150.571,82.5714,64.9429
368,1.20461,,150.714,82.7143,64.8286
369,1.20768,,150.857,82.8571,64.7143
370,1.21074,,151,83,64.6
371,1.21388,,151.143,82.8571,64.4
372,1.21702,,151.286,82.7143,64.2
373,1.22016,,151.429,82.5714,64
374,1.2233,,151.571,82.4286,63.8
375,1.22644,,151.714,82.2857,63.6
376,1.22958,,151.857,82.1429,63.4
377,1.23272,,152,82,63.2
378,1.23551,,152.125,82,62.825
379,1.23829,,152.25,82,62.45
380,1.24108,,152.375,82,62.075
381,1.24386,,152.5,82,61.7
382,1.24665,,152.625,82,61.325
383,1.24944,,152.75,82,60.95
384,1.25222,,152.875,82,60.575
385,1.25501,,153,82,60.2
386,1.25805,,152.875,82,58.975
387,1.2611,,152.75,82,57.75
388,1.26414,,152.625,82,56.525
389,1.26718,,152.5,82,55.3
390,1.27022,,152.375,82,54.075
391,1.27326,,152.25,82,52.85
392,1.27631,,152.125,82,51.625
393,1.27935,,152,82,50.4
394,1.28306,,152.167,82,49.1667
395,1.28677,,152.333,82,47.9333
396,1.29048,,152.5,82,46.7
397,1.29418,,152.667,82,45.4667
398,1.29789,,152.833,82,44.2333
399,1.3016,,153,82,43
400,1.30633,,153,82,43.12
401,1.31107,,153,82,43.24
402,1.3158,,153,82,43.36
403,1.32054,,153,82,43.48
404,1.32527,,153,82,43.6
405,1.32991,,153,82.2,43.72
406,1.33456,,153,82.4,43.84
407,1.3392,,153,82.6,43.96
408,1.34385,,153,82.8,44.08
409,1.34849,,153,83,44.2
410,1.35245,,153.167,82.8333,44.2333
411,1.35641,,153.333,82.6667,44.2667
412,1.36036,,153.5,82.5,44.3
413,1.36432,,153.667,82.3333,44.3333
414,1.36828,,153.833,82.1667,44.3667
415,1.37224,,154,82,44.4
416,1.37557,,153.857,81.7143,45.0286
417,1.37889,,153.714,81.4286,45.6571
418,1.38222,,153.571,81.1429,46.2857
419,1.38554,,153.429,80.8571,46.9143
420,1.38887,,153.286,80.5714,47.5429
421,1.39219,,153.143,80.2857,48.1714
422,1.39552,,153,80,48.8
423,1.39894,,153,80.1667,49.2667
424,1.40235,,153,80.3333,49.7333
425,1.40577,,153,80.5,50.2
426,1.40919,,153,80.6667,50.6667
427,1.4126,,153,80.8333,51.1333
428,1.41602,,153,81,51.6
429,1.41924,,153,81,51.6286
430,1.42247,,153,81,51.6571
431,1.42569,,153,81,51.6857
432,1.42892,,153,81,51.7143
433,1.43214,,153,81,51.7429
434,1.43537,,153,81,51.7714
435,1.43859,,153,81,51.8
436,1.44233,,153,80.5,51.9333
437,1.44608,,153,80,52.0667
438,1.44983,,153,79.5,52.2
439,1.45357,,153,79,52.3333
440,1.45731,,153,78.5,52.4667
441,1.46106,,153,78,52.6
442,1.46518,,153,78.2,52.64
443,1.4693,,153,78.4,52.68
444,1.47342,,153,78.6,52.72
445,1.47754,,153,78.8,52.76
446,1.48166,,153,79,52.8
447,1.48555,,153,79,52.9
448,1.48943,,153,79,53
449,1.49332,,153,79,53.1
450,1.49721,,153,79,53.2
451,1.50109,,153,79,53.3
452,1.50498,,153,79,53.4
453,1.50922,,152.8,79,53.24
454,1.51346,,152.6,79,53.08
455,1.5177,,152.4,79,52.92
456,1.52194,,152.2,79,52.76
457,1.52618,,152,79,52.6
458,1.53031,,152,78.8,52.64
459,1.53443,,152,78.6,52.68
460,1.53856,,152,78.4,52.72
461,1.54268,,152,78.2,52.76
462,1.54681,,152,78,52.8
463,1.54957,,152,78.25,52.65
464,1.55233,,152,78.5,52.5
465,1.55509,,152,78.75,52.35
466,1.55785,,152,79,52.2
467,1.56061,,152,79.25,52.05
468,1.56337,,152,79.5,51.9
469,1.56613,,152,79.75,51.75
470,1.56889,,152,80,51.6
471,1.57181,,152.143,79.8571,51.4571
472,1.57472,,152.286,79.7143,51.3143
473,1.57764,,152.429,79.5714,51.1714
474,1.58056,,152.571,79.4286,51.0286
475,1.58348,,152.714,79.2857,50.8857
476,1.58639,,152.857,79.1429,50.7429
477,1.58931,,153,79,50.6
478,1.59194,,153,78.875,50.4
479,1.59457,,153,78.75,50.2
480,1.5972,,153,78.625,50
481,1.59983,,153,78.5,49.8
482,1.60245,,153,78.375,49.6
483,1.60508,,153,78.25,49.4
484,1.60771,,153,78.125,49.2
485,1.61034,,153,78,49
486,1.61322,,153,78.1429,48.9429
487,1.61611,,153,78.2857,48.8857
488,1.61899,,153,78.4286,48.8286
489,1.62187,,153,78.5714,48.7714
490,1.62475,,153,78.7143,48.7143
491,1.62764,,153,78.8571,48.6571
492,1.63052,,153,79,48.6
493,1.63355,,153.143,78.8571,48.3714
494,1.63659,,153.286,78.7143,48.1429
495,1.63962,,153.429,78.5714,47.9143
496,1.64265,,153.571,78.4286,47.6857
497,1.64568,,153.714,78.2857,47.4571
498,1.64872,,153.857,78.1429,47.2286
499,1.65175,,154,78,47
500,1.65484,,153.857,78.1429,46.8
501,1.65794,,153.714,78.2857,46.6
502,1.66103,,153.571,78.4286,46.4
503,1.66412,,153.429,78.5714,46.2
504,1.66721,,153.286,78.7143,46
505,1.67031,,153.143,78.8571,45.8
506,1.6734,,153,79,45.6
507,1.67685,,153,78.8333,45.5
508,1.68029,,153,78.6667,45.4
509,1.68374,,153,78.5,45.3
510,1.68719,,153,78.3333,45.2
511,1.69063,,153,78.1667,45.1
512,1.69408,,153,78,45
513,1.69775,,153.167,78,44.8667
514,1.70141,,153.333,78,44.7333
515,1.70507,,153.5,78,44.6
516,1.70874,,153.667,78,44.4667
517,1.7124,,153.833,78,44.3333
518,1.71607,,154,78,44.2
519,1.71922,,154,78,44.0571
520,1.72237,,154,78,43.9143
521,1.72552,,154,78,43.7714
522,1.72867,,154,78,43.6286
523,1.73182,,154,78,43.4857
524,1.73497,,154,78,43.3429
525,1.73812,,154,78,43.2
526,1.74064,,153.875,78,43.05
527,1.74317,,153.75,78,42.9
528,1.74569,,153.625,78,42.75
529,1.74821,,153.5,78,42.6
530,1.75073,,153.375,78,42.45
531,1.75326,,153.25,78,42.3
532,1.75578,,153.125,78,42.15
533,1.7583,,153,78,42
534,1.76119,,153,78,42.0571
535,1.76407,,153,78,42.1143
536,1.76696,,153,78,42.1714
537,1.76985,,153,78,42.2286
538,1.77274,,153,78,42.2857
539,1.77562,,153,78,42.3429
540,1.77851,,153,78,42.4
541,1.78142,,153.125,78,42.175
542,1.78434,,153.25,78,41.95
543,1.78725,,153.375,78,41.725
544,1.79017,,153.5,78,41.5
545,1.79308,,153.625,78,41.275
546,1.79599,,153.75,78,41.05
547,1.79891,,153.875,78,40.825
548,1.80182,,154,78,40.6
549,1.8061,,153.8,78,39.96
550,1.81039,,153.6,78,39.32
551,1.81467,,153.4,78,38.68
552,1.81896,,153.2,78,38.04
553,1.82324,,153,78,37.4
554,1.82703,,153,77.8333,37.1667
555,1.83081,,153,77.6667,36.9333
556,1.8346,,153,77.5,36.7
557,1.83839,,153,77.3333,36.4667
558,1.84217,,153,77.1667,36.2333
559,1.84596,,153,77,36
560,1.85042,,153.2,77.4,35.56
561,1.85488,,153.4,77.8,35.12
562,1.85935,,153.6,78.2,34.68
563,1.86381,,153.8,78.6,34.24
564,1.86827,,154,79,33.8
565,1.87212,,154.167,78.8333,33.5667
566,1.87598,,154.333,78.6667,33.3333
567,1.87983,,154.5,78.5,33.1
568,1.88368,,154.667,78.3333,32.8667
569,1.88754,,154.833,78.1667,32.6333
570,1.89139,,155,78,32.4
571,1.89513,,155,78.1667,32.3333
572,1.89888,,155,78.3333,32.2667
573,1.90263,,155,78.5,32.2
574,1.90637,,155,78.6667,32.1333
575,1.91011,,155,78.8333,32.0667
576,1.91386,,155,79,32
577,1.91758,,155.167,78.8333,32.1333
578,1.92131,,155.333,78.6667,32.2667
579,1.92503,,155.5,78.5,32.4
580,1.92875,,155.667,78.3333,32.5333
581,1.93248,,155.833,78.1667,32.6667
582,1.9362,,156,78,32.8
583,1.9401,,156.167,77.8333,33.1333
584,1.94401,,156.333,77.6667,33.4667
585,1.94792,,156.5,77.5,33.8
586,1.95182,,156.667,77.3333,34.1333
587,1.95572,,156.833,77.1667,34.4667
588,1.95963,,157,77,34.8
589,1.9631,,156.833,76.8333,34.5667
590,1.96657,,156.667,76.6667,34.3333
591,1.97005,,156.5,76.5,34.1
592,1.97352,,156.333,76.3333,33.8667
593,1.97699,,156.167,76.1667,33.6333
594,1.98046,,156,76,33.4
595,1.98272,,155.778,73.5556,33.4444
596,1.98499,,155.556,71.1111,33.4889
597,1.98725,,155.333,68.6667,33.5333
598,1.98952,,155.111,66.2222,33.5778
599,1.99178,,154.889,63.7778,33.6222
600,1.99405,,154.667,61.3333,33.6667
601,1.99631,,154.444,58.8889,33.7111
602,1.99858,,154.222,56.4444,33.7556
603,2.00084,,154,54,33.8
604,2.0028,,153.6,53.6,34.04
605,2.00476,,153.2,53.2,34.28
606,2.00672,,152.8,52.8,34.52
607,2.00868,,152.4,52.4,34.76
608,2.01064,,152,52,35
609,2.01204,,151,51,35.4
610,2.01373,,150.333,50.6667,35.8
611,2.01541,,149.667,50.3333,36.2
612,2.0171,,149,50,36.6
613,2.01856,,148.333,50,36.6667
614,2.02003,,147.667,50,36.7333
615,2.02149,,147,50,36.8
616,2.02315,,146.5,57,37
617,2.02481,,146,64,37.2
618,2.02817,,146,52,38.8
619,2.03106,,145,51,40
620,2.03366,,144,51,41
621,2.03646,,143.25,51,41.75
622,2.03926,,142.5,51,42.5
623,2.04206,,141.75,51,43.25
624,2.04486,,141,51,44
625,2.04647,,140,50.6667,43.9333
626,2.04808,,139,50.3333,43.8667
627,2.04969,,138,50,43.8
628,2.05091,,136.5,50,43.8
629,2.05213,,135,50,43.8
630,2.05352,,133.667,49.6667,43.8
631,2.05492,,132.333,49.3333,43.8
632,2.05631,,131,49,43.8
633,2.05695,,130.6,47.8,43.84
634,2.05759,,130.2,46.6,43.88
635,2.05822,,129.8,45.4,43.92
636,2.05886,,129.4,44.2,43.96
637,2.0595,,129,43,44
638,2.05984,,129,43,43.9
639,2.06018,,129,43,43.8
640,2.06018,,128.8,44.45,44.32
641,2.06018,,128.6,45.9,44.84
642,2.06018,,128.4,47.35,45.36
643,2.06018,,128.2,48.8,45.88
644,2.06018,,128,50.25,46.4
645,2.06018,,127.8,51.7,46.92
646,2.06018,,127.6,53.15,47.44
647,2.06018,,127.4,54.6,47.96
648,2.06018,,127.2,56.05,48.48
649,2.06018,,127,57.5,49
650,2.06018,,126.8,58.95,49.52
651,2.06018,,126.6,60.4,50.04
652,2.06018,,126.4,61.85,50.56
653,2.06018,,126.2,63.3,51.08
654,2.06018,,126,64.75,51.6
655,2.06018,,125.8,66.2,52.12
656,2.06018,,125.6,67.65,52.64
657,2.06018,,125.4,69.1,53.16
658,2.06018,,125.2,70.55,53.68
659,2.06018,,125,72,54.2
660,2.06369,,125.143,72.8571,54.8286
661,2.06719,,125.286,73.7143,55.4571
662,2.0707,,125.429,74.5714,56.0857
663,2.0742,,125.571,75.4286,56.7143
664,2.07771,,125.714,76.2857,57.3429
665,2.08121,,125.857,77.1429,57.9714
666,2.08472,,126,78,58.6
667,2.08839,,126.5,77.8333,58.4333
668,2.09207,,127,77.6667,58.2667
669,2.09574,,127.5,77.5,58.1
670,2.09942,,128,77.3333,57.9333
671,2.1031,,128.5,77.1667,57.7667
672,2.10677,,129,77,57.6
673,2.11012,,129.6,77,57.6
674,2.11346,,130.2,77,57.6
675,2.11681,,130.8,77,57.6
676,2.12015,,131.4,77,57.6
677,2.1235,,132,77,57.6
678,2.12693,,132.333,77,57.5333
679,2.13037,,132.667,77,57.4667
680,2.1338,,133,77,57.4
681,2.13723,,133.333,77,57.3333
682,2.14067,,133.667,77,57.2667
683,2.1441,,134,77,57.2
684,2.14757,,134.5,77,57
685,2.15103,,135,77,56.8
686,2.1545,,135.5,77,56.6
687,2.15797,,136,77,56.4
688,2.16143,,136.5,77,56.2
689,2.1649,,137,77,56
690,2.16841,,137.333,77.1667,55.8333
691,2.17192,,137.667,77.3333,55.6667
692,2.17542,,138,77.5,55.5
693,2.17893,,138.333,77.6667,55.3333
694,2.18244,,138.667,77.8333,55.1667
695,2.18595,,139,78,55
696,2.18948,,139.333,77.8333,55.3333
697,2.193,,139.667,77.6667,55.6667
698,2.19653,,140,77.5,56
699,2.20006,,140.333,77.3333,56.3333
700,2.20358,,140.667,77.1667,56.6667
701,2.20711,,141,77,57
702,2.21053,,141.167,77,57.2667
703,2.21394,,141.333,77,57.5333
704,2.21735,,141.5,77,57.8
705,2.22077,,141.667,77,58.0667
706,2.22418,,141.833,77,58.3333
707,2.2276,,142,77,58.6
708,2.23107,,141.833,77,58.5667
709,2.23453,,141.667,77,58.5333
710,2.238,,141.5,77,58.5
711,2.24147,,141.333,77,58.4667
712,2.24493,,141.167,77,58.4333
713,2.2484,,141,77,58.4
714,2.25148,,141.143,77,58.4286
715,2.25456,,141.286,77,58.4571
716,2.25764,,141.429,77,58.4857
717,2.26071,,141.571,77,58.5143
718,2.26379,,141.714,77,58.5429
719,2.26687,,141.857,77,58.5714
720,2.26995,,142,77,58.6
721,2.27309,,142.143,77,58.3714
722,2.27623,,142.286,77,58.1429
723,2.27937,,142.429,77,57.9143
724,2.28251,,142.571,77,57.6857
725,2.28565,,142.714,77,57.4571
726,2.28879,,142.857,77,57.2286
727,2.29193,,143,77,57
728,2.29513,,143.143,77.1429,57.2
729,2.29833,,143.286,77.2857,57.4
730,2.30153,,143.429,77.4286,57.6
731,2.30474,,143.571,77.5714,57.8
732,2.30794,,143.714,77.7143,58
733,2.31114,,143.857,77.8571,58.2
734,2.31434,,144,78,58.4
735,2.31789,,144.167,77.8333,58.6
736,2.32144,,144.333,77.6667,58.8
737,2.32499,,144.5,77.5,59
738,2.32855,,144.667,77.3333,59.2
739,2.3321,,144.833,77.1667,59.4
740,2.33565,,145,77,59.6
741,2.33914,,145,77,60
742,2.34263,,145,77,60.4
743,2.34612,,145,77,60.8
744,2.34962,,145,77,61.2
745,2.35311,,145,77,61.6
746,2.3566,,145,77,62
747,2.36008,,145.333,77,62.3333
748,2.36356,,145.667,77,62.6667
749,2.36704,,146,77,63
750,2.37052,,146.333,77,63.3333
751,2.374,,146.667,77,63.6667
752,2.37748,,147,77,64
753,2.38099,,147.167,77,64.4
754,2.38451,,147.333,77,64.8
755,2.38802,,147.5,77,65.2
756,2.39154,,147.667,77,65.6
757,2.39505,,147.833,77,66
758,2.39857,,148,77,66.4
759,2.40201,,148.167,77,66.3667
760,2.40545,,148.333,77,66.3333
761,2.40889,,148.5,77,66.3
762,2.41233,,148.667,77,66.2667
763,2.41577,,148.833,77,66.2333
764,2.41921,,149,77,66.2
765,2.42245,,149,77.1429,66.0857
766,2.42569,,149,77.2857,65.9714
767,2.42893,,149,77.4286,65.8571
768,2.43217,,149,77.5714,65.7429
769,2.43541,,149,77.7143,65.6286
770,2.43865,,149,77.8571,65.5143
771,2.44189,,149,78,65.4
772,2.44529,,149,77.8333,65.5
773,2.44869,,149,77.6667,65.6
774,2.45208,,149,77.5,65.7
775,2.45548,,149,77.3333,65.8
776,2.45888,,149,77.1667,65.9
777,2.46228,,149,77,66
778,2.46572,,149,77,66.2333
779,2.46916,,149,77,66.4667
780,2.4726,,149,77,66.7
781,2.47605,,149,77,66.9333
782,2.47949,,149,77,67.1667
783,2.48293,,149,77,67.4
784,2.48619,,149.143,77,67.3714
785,2.48944,,149.286,77,67.3429
786,2.4927,,149.429,77,67.3143
787,2.49596,,149.571,77,67.2857
788,2.49922,,149.714,77,67.2571
789,2.50247,,149.857,77,67.2286
790,2.50573,,150,77,67.2
791,2.50889,,150,77,66.8571
792,2.51204,,150,77,66.5143
793,2.5152,,150,77,66.1714
794,2.51836,,150,77,65.8286
795,2.52152,,150,77,65.4857
796,2.52467,,150,77,65.1429
797,2.52783,,150,77,64.8
798,2.53099,,150.143,77,64.4857
799,2.53415,,150.286,77,64.1714
800,2.53731,,150.429,77,63.8571
801,2.54046,,150.571,77,63.5429
802,2.54362,,150.714,77,63.2286
803,2.54678,,150.857,77,62.9143
804,2.54994,,151,77,62.6
805,2.55311,,151,76.8571,62.0571
806,2.55628,,151,76.7143,61.5143
807,2.55945,,151,76.5714,60.9714
808,2.56261,,151,76.4286,60.4286
809,2.56578,,151,76.2857,59.8857
810,2.56895,,151,76.1429,59.3429
811,2.57212,,151,76,58.8
812,2.57524,,151,76.1429,58.4857
813,2.57836,,151,76.2857,58.1714
814,2.58148,,151,76.4286,57.8571
815,2.5846,,151,76.5714,57.5429
816,2.58772,,151,76.7143,57.2286
817,2.59084,,151,76.8571,56.9143
818,2.59396,,151,77,56.6
819,2.59703,,151.143,76.8571,56.3429
820,2.6001,,151.286,76.7143,56.0857
821,2.60317,,151.429,76.5714,55.8286
822,2.60623,,151.571,76.4286,55.5714
823,2.6093,,151.714,76.2857,55.3143
824,2.61237,,151.857,76.1429,55.0571
825,2.61544,,152,76,54.8
826,2.61867,,152.143,76.1429,54.6857
827,2.6219,,152.286,76.2857,54.5714
828,2.62513,,152.429,76.4286,54.4571
829,2.62835,,152.571,76.5714,54.3429
830,2.63158,,152.714,76.7143,54.2286
831,2.63481,,152.857,76.8571,54.1143
832,2.63804,,153,77,54
833,2.64124,,152.857,77,53.7714
834,2.64445,,152.714,77,53.5429
835,2.64765,,152.571,77,53.3143
836,2.65086,,152.429,77,53.0857
837,2.65406,,152.286,77,52.8571
838,2.65727,,152.143,77,52.6286
839,2.66047,,152,77,52.4
840,2.66382,,152,76.8333,52.3
841,2.66717,,152,76.6667,52.2
842,2.67052,,152,76.5,52.1
843,2.67387,,152,76.3333,52
844,2.67722,,152,76.1667,51.9
845,2.68057,,152,76,51.8
846,2.68373,,152,76,51.6571
847,2.6869,,152,76,51.5143
848,2.69006,,152,76,51.3714
849,2.69322,,152,76,51.2286
850,2.69638,,152,76,51.0857
851,2.69955,,152,76,50.9429
852,2.70271,,152,76,50.8
853,2.70599,,152,76,50.7143
854,2.70927,,152,76,50.6286
855,2.71255,,152,76,50.5429
856,2.71582,,152,76,50.4571
857,2.7191,,152,76,50.3714
858,2.72238,,152,76,50.2857
859,2.72566,,152,76,50.2
860,2.72899,,152.143,76,50.2286
861,2.73231,,152.286,76,50.2571
862,2.73564,,152.429,76,50.2857
863,2.73896,,152.571,76,50.3143
864,2.74229,,152.714,76,50.3429
865,2.74561,,152.857,76,50.3714
866,2.74894,,153,76,50.4
867,2.75223,,153.286,76.2857,50.2571
868,2.75551,,153.571,76.5714,50.1143
869,2.7588,,153.857,76.8571,49.9714
870,2.76208,,154.143,77.1429,49.8286
871,2.76537,,154.429,77.4286,49.6857
872,2.76865,,154.714,77.7143,49.5429
873,2.77194,,155,78,49.4
874,2.77514,,155.143,77.8571,49.4571
875,2.77835,,155.286,77.7143,49.5143
876,2.78155,,155.429,77.5714,49.5714
877,2.78475,,155.571,77.4286,49.6286
878,2.78795,,155.714,77.2857,49.6857
879,2.79116,,155.857,77.1429,49.7429
880,2.79436,,156,77,49.8
881,2.79764,,155.857,77,49.7143
882,2.80092,,155.714,77,49.6286
883,2.8042,,155.571,77,49.5429
884,2.80748,,155.429,77,49.4571
885,2.81076,,155.286,77,49.3714
886,2.81404,,155.143,77,49.2857
887,2.81732,,155,77,49.2
888,2.82054,,155,77,49.1429
889,2.82377,,155,77,49.0857
890,2.82699,,155,77,49.0286
891,2.83021,,155,77,48.9714
892,2.83343,,155,77,48.9143
893,2.83666,,155,77,48.8571
894,2.83988,,155,77,48.8
895,2.84351,,154.75,77,49.15
896,2.84714,,154.5,77,49.5
897,2.85077,,154.25,77,49.85
898,2.8544,,154,77,50.2
899,2.85792,,153.75,77,50.9
900,2.86144,,153.5,77,51.6
901,2.86496,,153.25,77,52.3
902,2.86848,,153,77,53
903,2.87195,,152.833,76.8333,53.2667
904,2.87542,,152.667,76.6667,53.5333
905,2.87888,,152.5,76.5,53.8
906,2.88235,,152.333,76.3333,54.0667
907,2.88582,,152.167,76.1667,54.3333
908,2.88929,,152,76,54.6
909,2.89296,,152.167,76,54.3667
910,2.89662,,152.333,76,54.1333
911,2.90029,,152.5,76,53.9
912,2.90396,,152.667,76,53.6667
913,2.90762,,152.833,76,53.4333
914,2.91129,,153,76,53.2
915,2.91458,,153,76,52.9714
916,2.91788,,153,76,52.7429
917,2.92117,,153,76,52.5143
918,2.92446,,153,76,52.2857
919,2.92775,,153,76,52.0571
920,2.93105,,153,76,51.8286
921,2.93434,,153,76,51.6
922,2.93747,,153,76.1429,50.9714
923,2.94061,,153,76.2857,50.3429
924,2.94374,,153,76.4286,49.7143
925,2.94687,,153,76.5714,49.0857
926,2.95,,153,76.7143,48.4571
927,2.95314,,153,76.8571,47.8286
928,2.95627,,153,77,47.2
929,2.95985,,153.167,77,46.9667
930,2.96342,,153.333,77,46.7333
931,2.96699,,153.5,77,46.5
932,2.97057,,153.667,77,46.2667
933,2.97415,,153.833,77,46.0333
934,2.97772,,154,77,45.8
935,2.98086,,154,77,45.8571
936,2.98401,,154,77,45.9143
937,2.98715,,154,77,45.9714
938,2.9903,,154,77,46.0286
939,2.99344,,154,77,46.0857
940,2.99659,,154,77,46.1429
941,2.99973,,154,77,46.2
942,3.00289,,153.857,77,45.9714
943,3.00604,,153.714,77,45.7429
944,3.0092,,153.571,77,45.5143
945,3.01236,,153.429,77,45.2857
946,3.01552,,153.286,77,45.0571
947,3.01867,,153.143,77,44.8286
948,3.02183,,153,77,44.6
949,3.02532,,153,77,44.3333
950,3.02881,,153,77,44.0667
951,3.0323,,153,77,43.8
952,3.03579,,153,77,43.5333
953,3.03928,,153,77,43.2667
954,3.04277,,153,77,43
955,3.04587,,152.857,77,42.9429
956,3.04898,,152.714,77,42.8857
957,3.05208,,152.571,77,42.8286
958,3.05519,,152.429,77,42.7714
959,3.05829,,152.286,77,42.7143
960,3.0614,,152.143,77,42.6571
961,3.0645,,152,77,42.6
962,3.06773,,152,77,42.4286
963,3.07097,,152,77,42.2571
964,3.0742,,152,77,42.0857
965,3.07743,,152,77,41.9143
966,3.08066,,152,77,41.7429
967,3.0839,,152,77,41.5714
968,3.08713,,152,77,41.4
969,3.09014,,152.143,77,41.1714
970,3.09315,,152.286,77,40.9429
971,3.09616,,152.429,77,40.7143
972,3.09918,,152.571,77,40.4857
973,3.10219,,152.714,77,40.2571
974,3.1052,,152.857,77,40.0286
975,3.10821,,153,77,39.8
976,3.11129,,153.286,77,39.8
977,3.11437,,153.571,77,39.8
978,3.11745,,153.857,77,39.8
979,3.12052,,154.143,77,39.8
980,3.1236,,154.429,77,39.8
981,3.12668,,154.714,77,39.8
982,3.12976,,155,77,39.8
983,3.13304,,155,77,39.6286
984,3.13633,,155,77,39.4571
985,3.13961,,155,77,39.2857
986,3.14289,,155,77,39.1143
987,3.14617,,155,77,38.9429
988,3.14946,,155,77,38.7714
989,3.15274,,155,77,38.6
990,3.15615,,155,76.8333,38.6
991,3.15957,,155,76.6667,38.6
992,3.16298,,155,76.5,38.6
993,3.16639,,155,76.3333,38.6
994,3.16981,,155,76.1667,38.6
995,3.17322,,155,76,38.6
996,3.17642,,154.714,76.1429,38.6
997,3.17962,,154.429,76.2857,38.6
998,3.18282,,154.143,76.4286,38.6
999,3.18601,,153.857,76.5714,38.6
1000,3.18921,,153.571,76.7143,38.6
1001,3.19241,,153.286,76.8571,38.6
1002,3.19561,,153,77,38.6
1003,3.19908,,153,77.1667,38.7
1004,3.20256,,153,77.3333,38.8
1005,3.20603,,153,77.5,38.9
1006,3.20951,,153,77.6667,39
1007,3.21299,,153,77.8333,39.1
1008,3.21646,,153,78,39.2
1009,3.22009,,153,78,39.6
1010,3.22384,,151.5,78,40
1011,3.22758,,150,78,40.4
1012,3.23105,,150.167,78,40.8
1013,3.23452,,150.333,78,41.2
1014,3.23799,,150.5,78,41.6
1015,3.24147,,150.667,78,42
1016,3.24494,,150.833,78,42.4
1017,3.24841,,151,78,42.8
1018,3.25192,,151.333,78.1667,43.1
1019,3.25542,,151.667,78.3333,43.4
1020,3.25893,,152,78.5,43.7
1021,3.26244,,152.333,78.6667,44
1022,3.26594,,152.667,78.8333,44.3
1023,3.26945,,153,79,44.6
1024,3.27276,,153.286,78.7143,44.6857
1025,3.27607,,153.571,78.4286,44.7714
1026,3.27938,,153.857,78.1429,44.8571
1027,3.28269,,154.143,77.8571,44.9429
1028,3.286,,154.429,77.5714,45.0286
1029,3.28931,,154.714,77.2857,45.1143
1030,3.29262,,155,77,45.2
1031,3.29595,,155,77,45.2571
1032,3.29928,,155,77,45.3143
1033,3.30261,,155,77,45.3714
1034,3.30594,,155,77,45.4286
1035,3.30927,,155,77,45.4857
1036,3.3126,,155,77,45.5429
1037,3.31593,,155,77,45.6
1038,3.31924,,155,77.1429,45.5429
1039,3.32254,,155,77.2857,45.4857
1040,3.32585,,155,77.4286,45.4286
1041,3.32915,,155,77.5714,45.3714
1042,3.33246,,155,77.7143,45.3143
1043,3.33576,,155,77.8571,45.2571
1044,3.33907,,155,78,45.2
1045,3.34223,,155,77.8571,45.2
1046,3.34539,,155,77.7143,45.2
1047,3.34855,,155,77.5714,45.2
1048,3.35171,,155,77.4286,45.2
1049,3.35487,,155,77.2857,45.2
1050,3.35803,,155,77.1429,45.2
1051,3.36119,,155,77,45.2
1052,3.36436,,155.143,77,45.4571
1053,3.36753,,155.286,77,45.7143
1054,3.3707,,155.429,77,45.9714
1055,3.37387,,155.571,77,46.2286
1056,3.37704,,155.714,77,46.4857
1057,3.38021,,155.857,77,46.7429
1058,3.38338,,156,77,47
1059,3.3868,,155.833,77.1667,47.4333
1060,3.39022,,155.667,77.3333,47.8667
1061,3.39363,,155.5,77.5,48.3
1062,3.39705,,155.333,77.6667,48.7333
1063,3.40047,,155.167,77.8333,49.1667
1064,3.40389,,155,78,49.6
1065,3.40724,,155,77.8333,49.7
1066,3.41059,,155,77.6667,49.8
1067,3.41394,,155,77.5,49.9
1068,3.41729,,155,77.3333,50
1069,3.42064,,155,77.1667,50.1
1070,3.42399,,155,77,50.2
1071,3.42725,,155,77.2857,50.2571
1072,3.4305,,155,77.5714,50.3143
1073,3.43376,,155,77.8571,50.3714
1074,3.43701,,155,78.1429,50.4286
1075,3.44027,,155,78.4286,50.4857
1076,3.44352,,155,78.7143,50.5429
1077,3.44678,,155,79,50.6
1078,3.45011,,154.857,78.8571,50.7714
1079,3.45343,,154.714,78.7143,50.9429
1080,3.45676,,154.571,78.5714,51.1143
1081,3.46008,,154.429,78.4286,51.2857
1082,3.46341,,154.286,78.2857,51.4571
1083,3.46673,,154.143,78.1429,51.6286
1084,3.47006,,154,78,51.8
1085,3.47335,,154.143,78,52
1086,3.47664,,154.286,78,52.2
1087,3.47993,,154.429,78,52.4
1088,3.48323,,154.571,78,52.6
1089,3.48652,,154.714,78,52.8
1090,3.48981,,154.857,78,53
1091,3.4931,,155,78,53.2
1092,3.49631,,155.286,78,53.2857
1093,3.49951,,155.571,78,53.3714
1094,3.50272,,155.857,78,53.4571
1095,3.50593,,156.143,78,53.5429
1096,3.50914,,156.429,78,53.6286
1097,3.51234,,156.714,78,53.7143
1098,3.51555,,157,78,53.8
1099,3.5187,,157,78,53.6571
1100,3.52185,,157,78,53.5143
1101,3.525,,157,78,53.3714
1102,3.52816,,157,78,53.2286
1103,3.53131,,157,78,53.0857
1104,3.53446,,157,78,52.9429
1105,3.53761,,157,78,52.8
1106,3.54041,,156.875,77.875,52.825
1107,3.54321,,156.75,77.75,52.85
1108,3.54601,,156.625,77.625,52.875
1109,3.5488,,156.5,77.5,52.9
1110,3.5516,,156.375,77.375,52.925
1111,3.5544,,156.25,77.25,52.95
1112,3.5572,,156.125,77.125,52.975
1113,3.56,,156,77,53
1114,3.56312,,156,77.2857,52.8286
1115,3.56623,,156,77.5714,52.6571
1116,3.56935,,156,77.8571,52.4857
1117,3.57246,,156,78.1429,52.3143
1118,3.57558,,156,78.4286,52.1429
1119,3.57869,,156,78.7143,51.9714
1120,3.58181,,156,79,51.8
1121,3.58519,,156.167,79,51.7333
1122,3.58857,,156.333,79,51.6667
1123,3.59196,,156.5,79,51.6
1124,3.59534,,156.667,79,51.5333
1125,3.59872,,156.833,79,51.4667
1126,3.6021,,157,79,51.4
1127,3.6052,,157.143,78.8571,51.2286
1128,3.60829,,157.286,78.7143,51.0571
1129,3.61139,,157.429,78.5714,50.8857
1130,3.61449,,157.571,78.4286,50.7143
1131,3.61759,,157.714,78.2857,50.5429
1132,3.62068,,157.857,78.1429,50.3714
1133,3.62378,,158,78,50.2
1134,3.62691,,157.857,77.8571,50.1429
1135,3.63003,,157.714,77.7143,50.0857
1136,3.63316,,157.571,77.5714,50.0286
1137,3.63629,,157.429,77.4286,49.9714
1138,3.63942,,157.286,77.2857,49.9143
1139,3.64254,,157.143,77.1429,49.8571
1140,3.64567,,157,77,49.8
1141,3.64867,,157.143,77.1429,49.6286
1142,3.65166,,157.286,77.2857,49.4571
1143,3.65466,,157.429,77.4286,49.2857
1144,3.65765,,157.571,77.5714,49.1143
1145,3.66065,,157.714,77.7143,48.9429
1146,3.66364,,157.857,77.8571,48.7714
1147,3.66664,,158,78,48.6
1148,3.66972,,157.857,77.8571,48.5714
1149,3.67279,,157.714,77.7143,48.5429
1150,3.67587,,157.571,77.5714,48.5143
1151,3.67894,,157.429,77.4286,48.4857
1152,3.68202,,157.286,77.2857,48.4571
1153,3.68509,,157.143,77.1429,48.4286
1154,3.68817,,157,77,48.4
1155,3.69154,,157,77,48.45
1156,3.69491,,157,77,48.5
1157,3.69828,,157,77,48.55
1158,3.70165,,157,77,48.6
1159,3.70465,,157.143,77.1429,48.5429
1160,3.70766,,157.286,77.2857,48.4857
1161,3.71066,,157.429,77.4286,48.4286
1162,3.71367,,157.571,77.5714,48.3714
1163,3.71667,,157.714,77.7143,48.3143
1164,3.71968,,157.857,77.8571,48.2571
1165,3.72268,,158,78,48.2
1166,3.7259,,158,78.1429,48.0286
1167,3.72913,,158,78.2857,47.8571
1168,3.73235,,158,78.4286,47.6857
1169,3.73558,,158,78.5714,47.5143
1170,3.7388,,158,78.7143,47.3429
1171,3.74203,,158,78.8571,47.1714
1172,3.74525,,158,79,47
1173,3.74824,,157.857,78.8571,46.9714
1174,3.75123,,157.714,78.7143,46.9429
1175,3.75422,,157.571,78.5714,46.9143
1176,3.7572,,157.429,78.4286,46.8857
1177,3.76019,,157.286,78.2857,46.8571
1178,3.76318,,157.143,78.1429,46.8286
1179,3.76617,,157,78,46.8
1180,3.7694,,157,77.8571,46.6571
1181,3.77263,,157,77.7143,46.5143
1182,3.77586,,157,77.5714,46.3714
1183,3.77909,,157,77.4286,46.2286
1184,3.78232,,157,77.2857,46.0857
1185,3.78555,,157,77.1429,45.9429
1186,3.78878,,157,77,45.8
1187,3.79186,,157,77.1429,45.6857
1188,3.79495,,157,77.2857,45.5714
1189,3.79803,,157,77.4286,45.4571
1190,3.80111,,157,77.5714,45.3429
1191,3.80419,,157,77.7143,45.2286
1192,3.80728,,157,77.8571,45.1143
1193,3.81036,,157,78,45
1194,3.81348,,157.286,77.8571,45.0286
1195,3.81661,,157.571,77.7143,45.0571
1196,3.81973,,157.857,77.5714,45.0857
1197,3.82286,,158.143,77.4286,45.1143
1198,3.82598,,158.429,77.2857,45.1429
1199,3.82911,,158.714,77.1429,45.1714
1200,3.83223,,159,77,45.2
1201,3.83554,,158.857,77.1429,45.1714
1202,3.83884,,158.714,77.2857,45.1429
1203,3.84215,,158.571,77.4286,45.1143
1204,3.84546,,158.429,77.5714,45.0857
1205,3.84877,,158.286,77.7143,45.0571
1206,3.85207,,158.143,77.8571,45.0286
1207,3.85538,,158,78,45
1208,3.85874,,157.667,77.8333,45.2
1209,3.8621,,157.333,77.6667,45.4
1210,3.86545,,157,77.5,45.6
1211,3.86881,,156.667,77.3333,45.8
1212,3.87217,,156.333,77.1667,46
1213,3.87553,,156,77,46.2
1214,3.87891,,156.167,77,46.3
1215,3.8823,,156.333,77,46.4
1216,3.88568,,156.5,77,46.5
1217,3.88906,,156.667,77,46.6
1218,3.89245,,156.833,77,46.7
1219,3.89583,,157,77,46.8
1220,3.89899,,157.143,77,46.8571
1221,3.90215,,157.286,77,46.9143
1222,3.90531,,157.429,77,46.9714
1223,3.90847,,157.571,77,47.0286
1224,3.91163,,157.714,77,47.0857
1225,3.91479,,157.857,77,47.1429
1226,3.91795,,158,77,47.2
1227,3.9211,,157.857,77,47.3429
1228,3.92426,,157.714,77,47.4857
1229,3.92741,,157.571,77,47.6286
1230,3.93057,,157.429,77,47.7714
1231,3.93372,,157.286,77,47.9143
1232,3.93688,,157.143,77,48.0571
1233,3.94003,,157,77,48.2
1234,3.94323,,157,77,48.3143
1235,3.94643,,157,77,48.4286
1236,3.94963,,157,77,48.5429
1237,3.95283,,157,77,48.6571
1238,3.95603,,157,77,48.7714
1239,3.95923,,157,77,48.8857
1240,3.96243,,157,77,49
1241,3.96565,,157.286,77,49.1429
1242,3.96886,,157.571,77,49.2857
1243,3.97208,,157.857,77,49.4286
1244,3.9753,,158.143,77,49.5714
1245,3.97852,,158.429,77,49.7143
1246,3.98173,,158.714,77,49.8571
1247,3.98495,,159,77,50
1248,3.98813,,159.143,77,49.8286
1249,3.9913,,159.286,77,49.6571
1250,3.99448,,159.429,77,49.4857
1251,3.99765,,159.571,77,49.3143
1252,4.00083,,159.714,77,49.1429
1253,4.004,,159.857,77,48.9714
1254,4.00718,,160,77,48.8
1255,4.01057,,159.75,77,48.75
1256,4.01396,,159.5,77,48.7
1257,4.01734,,159.25,77,48.65
1258,4.02073,,159,77,48.6
1259,4.02407,,159.143,77,48.5429
1260,4.0274,,159.286,77,48.4857
1261,4.03074,,159.429,77,48.4286
1262,4.03407,,159.571,77,48.3714
1263,4.03741,,159.714,77,48.3143
1264,4.04074,,159.857,77,48.2571
1265,4.04408,,160,77,48.2
1266,4.04733,,159.857,77,48.2286
1267,4.05059,,159.714,77,48.2571
1268,4.05384,,159.571,77,48.2857
1269,4.0571,,159.429,77,48.3143
1270,4.06035,,159.286,77,48.3429
1271,4.06361,,159.143,77,48.3714
1272,4.06686,,159,77,48.4
1273,4.07012,,159,77,48.4
1274,4.07339,,159,77,48.4
1275,4.07665,,159,77,48.4
1276,4.07992,,159,77,48.4
1277,4.08318,,159,77,48.4
1278,4.08645,,159,77,48.4
1279,4.08971,,159,77,48.4
1280,4.09304,,159,76.8571,48.4
1281,4.09637,,159,76.7143,48.4
1282,4.0997,,159,76.5714,48.4
1283,4.10303,,159,76.4286,48.4
1284,4.10636,,159,76.2857,48.4
1285,4.10969,,159,76.1429,48.4
1286,4.11302,,159,76,48.4
1287,4.11631,,159,76.2857,48.5143
1288,4.1196,,159,76.5714,48.6286
1289,4.12289,,159,76.8571,48.7429
1290,4.12617,,159,77.1429,48.8571
1291,4.12946,,159,77.4286,48.9714
1292,4.13275,,159,77.7143,49.0857
1293,4.13604,,159,78,49.2
1294,4.13922,,159,77.8571,49.1143
1295,4.1424,,159,77.7143,49.0286
1296,4.14558,,159,77.5714,48.9429
1297,4.14875,,159,77.4286,48.8571
1298,4.15193,,159,77.2857,48.7714
1299,4.15511,,159,77.1429,48.6857
1300,4.15829,,159,77,48.6
1301,4.16145,,159.143,76.8571,48.6286
1302,4.16462,,159.286,76.7143,48.6571
1303,4.16778,,159.429,76.5714,48.6857
1304,4.17094,,159.571,76.4286,48.7143
1305,4.1741,,159.714,76.2857,48.7429
1306,4.17727,,159.857,76.1429,48.7714
1307,4.18043,,160,76,48.8
1308,4.18361,,160,76.1429,48.9143
1309,4.18678,,160,76.2857,49.0286
1310,4.18996,,160,76.4286,49.1429
1311,4.19313,,160,76.5714,49.2571
1312,4.19631,,160,76.7143,49.3714
1313,4.19948,,160,76.8571,49.4857
1314,4.20266,,160,77,49.6
1315,4.2058,,160,76.8571,49.6
1316,4.20894,,160,76.7143,49.6
1317,4.21208,,160,76.5714,49.6
1318,4.21522,,160,76.4286,49.6
1319,4.21836,,160,76.2857,49.6
1320,4.2215,,160,76.1429,49.6
1321,4.22464,,160,76,49.6
1322,4.22767,,159.857,76.2857,49.4
1323,4.23069,,159.714,76.5714,49.2
1324,4.23372,,159.571,76.8571,49
1325,4.23675,,159.429,77.1429,48.8
1326,4.23978,,159.286,77.4286,48.6
1327,4.2428,,159.143,77.7143,48.4
1328,4.24583,,159,78,48.2
1329,4.24901,,159,77.8571,47.9143
1330,4.25219,,159,77.7143,47.6286
1331,4.25537,,159,77.5714,47.3429
1332,4.25855,,159,77.4286,47.0571
1333,4.26173,,159,77.2857,46.7714
1334,4.26491,,159,77.1429,46.4857
1335,4.26809,,159,77,46.2
1336,4.2715,,159,77,46.1667
1337,4.27491,,159,77,46.1333
1338,4.27832,,159,77,46.1
1339,4.28173,,159,77,46.0667
1340,4.28514,,159,77,46.0333
1341,4.28855,,159,77,46
1342,4.29142,,159,76.8571,45.9143
1343,4.2943,,159,76.7143,45.8286
1344,4.29717,,159,76.5714,45.7429
1345,4.30005,,159,76.4286,45.6571
1346,4.30292,,159,76.2857,45.5714
1347,4.3058,,159,76.1429,45.4857
1348,4.30867,,159,76,45.4
1349,4.31173,,159,76.1429,45.4286
1350,4.31479,,159,76.2857,45.4571
1351,4.31785,,159,76.4286,45.4857
1352,4.32092,,159,76.5714,45.5143
1353,4.32398,,159,76.7143,45.5429
1354,4.32704,,159,76.8571,45.5714
1355,4.3301,,159,77,45.6
1356,4.33307,,159,77,45.3714
1357,4.33603,,159,77,45.1429
1358,4.339,,159,77,44.9143
1359,4.34196,,159,77,44.6857
1360,4.34493,,159,77,44.4571
1361,4.34789,,159,77,44.2286
1362,4.35086,,159,77,44
1363,4.35345,,158.875,77,43.725
1364,4.35604,,158.75,77,43.45
1365,4.35862,,158.625,77,43.175
1366,4.36121,,158.5,77,42.9
1367,4.3638,,158.375,77,42.625
1368,4.36638,,158.25,77,42.35
1369,4.36897,,158.125,77,42.075
1370,4.37156,,158,77,41.8
1371,4.37412,,158.25,77,41.625
1372,4.37667,,158.5,77,41.45
1373,4.37923,,158.75,77,41.275
1374,4.38179,,159,77,41.1
1375,4.38435,,159.25,77,40.925
1376,4.3869,,159.5,77,40.75
1377,4.38946,,159.75,77,40.575
1378,4.39202,,160,77,40.4
1379,4.39506,,160,76.8571,40.4
1380,4.39811,,160,76.7143,40.4
1381,4.40115,,160,76.5714,40.4
1382,4.4042,,160,76.4286,40.4
1383,4.40724,,160,76.2857,40.4
1384,4.41029,,160,76.1429,40.4
1385,4.41333,,160,76,40.4
1386,4.41657,,159.857,76.1429,40.4286
1387,4.4198,,159.714,76.2857,40.4571
1388,4.42304,,159.571,76.4286,40.4857
1389,4.42627,,159.429,76.5714,40.5143
1390,4.42951,,159.286,76.7143,40.5429
1391,4.43274,,159.143,76.8571,40.5714
1392,4.43598,,159,77,40.6
1393,4.43971,,159.167,77,40.8333
1394,4.44343,,159.333,77,41.0667
1395,4.44716,,159.5,77,41.3
1396,4.45088,,159.667,77,41.5333
1397,4.4546,,159.833,77,41.7667
1398,4.45833,,160,77,42
1399,4.46287,,160,77,43.16
1400,4.46742,,160,77,44.32
1401,4.47196,,160,77,45.48
1402,4.47651,,160,77,46.64
1403,4.48105,,160,77,47.8
1404,4.48509,,160.167,76.8333,47.9667
1405,4.48913,,160.333,76.6667,48.1333
1406,4.49317,,160.5,76.5,48.3
1407,4.49722,,160.667,76.3333,48.4667
1408,4.50126,,160.833,76.1667,48.6333
1409,4.5053,,161,76,48.8
1410,4.50915,,161,76.3333,47.7
1411,4.51299,,161,76.6667,46.6
1412,4.51684,,161,77,45.5
1413,4.52069,,161,77.3333,44.4
1414,4.52453,,161,77.6667,43.3
1415,4.52838,,161,78,42.2
1416,4.53193,,161,78,42.0667
1417,4.53549,,161,78,41.9333
1418,4.53904,,161,78,41.8
1419,4.54259,,161,78,41.6667
1420,4.54615,,161,78,41.5333
1421,4.5497,,161,78,41.4
1422,4.55327,,161,78,41.1667
1423,4.55685,,161,78,40.9333
1424,4.56042,,161,78,40.7
1425,4.56399,,161,78,40.4667
1426,4.56757,,161,78,40.2333
1427,4.57114,,161,78,40
1428,4.57454,,161,77.8333,39.7
1429,4.57795,,161,77.6667,39.4
1430,4.58135,,161,77.5,39.1
1431,4.58475,,161,77.3333,38.8
1432,4.58816,,161,77.1667,38.5
1433,4.59156,,161,77,38.2
1434,4.59521,,161.167,77,38.4667
1435,4.59887,,161.333,77,38.7333
1436,4.60252,,161.5,77,39
1437,4.60617,,161.667,77,39.2667
1438,4.60983,,161.833,77,39.5333
1439,4.61348,,162,77,39.8
1440,4.61762,,161.6,77,40.72
1441,4.62177,,161.2,77,41.64
1442,4.62591,,160.8,77,42.56
1443,4.63006,,160.4,77,43.48
1444,4.6342,,160,77,44.4
1445,4.63783,,160.167,77.1667,44.7
1446,4.64146,,160.333,77.3333,45
1447,4.64509,,160.5,77.5,45.3
1448,4.64872,,160.667,77.6667,45.6
1449,4.65235,,160.833,77.8333,45.9
1450,4.65598,,161,78,46.2
1451,4.65929,,161.143,77.8571,46.1714
1452,4.66259,,161.286,77.7143,46.1429
1453,4.6659,,161.429,77.5714,46.1143
1454,4.6692,,161.571,77.4286,46.0857
1455,4.67251,,161.714,77.2857,46.0571
1456,4.67581,,161.857,77.1429,46.0286
1457,4.67912,,162,77,46
1458,4.68256,,162,77,46
1459,4.686,,162,77,46
1460,4.68943,,162,77,46
1461,4.69287,,162,77,46
1462,4.69631,,162,77,46
1463,4.69975,,162,77,46
1464,4.70297,,162.143,77.1429,45.8571
1465,4.70618,,162.286,77.2857,45.7143
1466,4.7094,,162.429,77.4286,45.5714
1467,4.71261,,162.571,77.5714,45.4286
1468,4.71583,,162.714,77.7143,45.2857
1469,4.71904,,162.857,77.8571,45.1429
1470,4.72226,,163,78,45
1471,4.72553,,162.857,78,44.9429
1472,4.7288,,162.714,78,44.8857
1473,4.73207,,162.571,78,44.8286
1474,4.73534,,162.429,78,44.7714
1475,4.73861,,162.286,78,44.7143
1476,4.74188,,162.143,78,44.6571
1477,4.74515,,162,78,44.6
1478,4.74831,,161.857,77.8571,44.3429
1479,4.75148,,161.714,77.7143,44.0857
1480,4.75464,,161.571,77.5714,43.8286
1481,4.7578,,161.429,77.4286,43.5714
1482,4.76096,,161.286,77.2857,43.3143
1483,4.76413,,161.143,77.1429,43.0571
1484,4.76729,,161,77,42.8
1485,4.77033,,161.143,77,42.6857
1486,4.77336,,161.286,77,42.5714
1487,4.7764,,161.429,77,42.4571
1488,4.77943,,161.571,77,42.3429
1489,4.78247,,161.714,77,42.2286
1490,4.7855,,161.857,77,42.1143
1491,4.78854,,162,77,42
1492,4.79214,,162,77,41.9333
1493,4.79574,,162,77,41.8667
1494,4.79935,,162,77,41.8
1495,4.80295,,162,77,41.7333
1496,4.80655,,162,77,41.6667
1497,4.81015,,162,77,41.6
1498,4.81349,,162,76.8333,41.6667
1499,4.81683,,162,76.6667,41.7333
1500,4.82017,,162,76.5,41.8
1501,4.82352,,162,76.3333,41.8667
1502,4.82686,,162,76.1667,41.9333
1503,4.8302,,162,76,42
1504,4.83338,,161.857,76.1429,41.6857
1505,4.83656,,161.714,76.2857,41.3714
1506,4.83974,,161.571,76.4286,41.0571
1507,4.84291,,161.429,76.5714,40.7429
1508,4.84609,,161.286,76.7143,40.4286
1509,4.84927,,161.143,76.8571,40.1143
1510,4.85245,,161,77,39.8
1511,4.85571,,161,77,39.6
1512,4.85896,,161,77,39.4
1513,4.86222,,161,77,39.2
1514,4.86547,,161,77,39
1515,4.86873,,161,77,38.8
1516,4.87198,,161,77,38.6
1517,4.87524,,161,77,38.4
1518,4.8781,,160.875,76.875,38.275
1519,4.88096,,160.75,76.75,38.15
1520,4.88382,,160.625,76.625,38.025
1521,4.88668,,160.5,76.5,37.9
1522,4.88955,,160.375,76.375,37.775
1523,4.89241,,160.25,76.25,37.65
1524,4.89527,,160.125,76.125,37.525
1525,4.89813,,160,76,37.4
1526,4.90077,,159.667,75.6667,37.6
1527,4.90342,,159.333,75.3333,37.8
1528,4.90606,,159,75,38
1764,4.90606,,113,120,37.8
1765,4.9067,,113,84,37.6
1766,4.9067,,113.118,82.0588,37.4824
1767,4.9067,,113.235,80.1176,37.3647
1768,4.9067,,113.353,78.1765,37.2471
1769,4.9067,,113.471,76.2353,37.1294
1770,4.9067,,113.588,74.2941,37.0118
1771,4.9067,,113.706,72.3529,36.8941
1772,4.9067,,113.824,70.4118,36.7765
1773,4.9067,,113.941,68.4706,36.6588
1774,4.9067,,114.059,66.5294,36.5412
1775,4.9067,,114.176,64.5882,36.4235
1776,4.9067,,114.294,62.6471,36.3059
1777,4.9067,,114.412,60.7059,36.1882
1778,4.9067,,114.529,58.7647,36.0706
1779,4.9067,,114.647,56.8235,35.9529
1780,4.9067,,114.765,54.8824,35.8353
1781,4.9067,,114.882,52.9412,35.7176
1782,4.9067,,115,51,35.6
1783,4.90865,,116,66,35.4
1784,4.91141,,116.75,69,35.3
1785,4.91416,,117.5,72,35.2
1786,4.91691,,118.25,75,35.1
1787,4.91967,,119,78,35
1788,4.923,,120.5,78,35.1
1789,4.92632,,122,78,35.2
1790,4.92967,,123.333,78.3333,35.3333
1791,4.93301,,124.667,78.6667,35.4667
1792,4.93636,,126,79,35.6
1793,4.9397,,127.5,79,35.8
1794,4.94304,,129,79,36
1795,4.94621,,130,78.6667,36.2
1796,4.94939,,131,78.3333,36.4
1797,4.95256,,132,78,36.6
1798,4.95565,,133,78,36.5333
1799,4.95875,,134,78,36.4667
1800,4.96184,,135,78,36.4
1801,4.96459,,136,78,36.3333
1802,4.96733,,137,78,36.2667
1803,4.97008,,138,78,36.2
1804,4.9725,,138.222,78,35.9111
1805,4.97491,,138.444,78,35.6222
1806,4.97733,,138.667,78,35.3333
1807,4.97975,,138.889,78,35.0444
1808,4.98216,,139.111,78,34.7556
1809,4.98458,,139.333,78,34.4667
1810,4.987,,139.556,78,34.1778
1811,4.98941,,139.778,78,33.8889
1812,4.99183,,140,78,33.6
1813,4.9943,,140.222,78,33.0667
1814,4.99677,,140.444,78,32.5333
1815,4.99923,,140.667,78,32
1816,5.0017,,140.889,78,31.4667
1817,5.00417,,141.111,78,30.9333
1818,5.00664,,141.333,78,30.4
1819,5.0091,,141.556,78,29.8667
1820,5.01157,,141.778,78,29.3333
1821,5.01404,,142,78,28.8
1822,5.01693,,142.143,78,28.3429
1823,5.01981,,142.286,78,27.8857
1824,5.0227,,142.429,78,27.4286
1825,5.02559,,142.571,78,26.9714
1826,5.02848,,142.714,78,26.5143
1827,5.03136,,142.857,78,26.0571
1828,5.03425,,143,78,25.6
1829,5.03682,,143.375,78,25.15
1830,5.03939,,143.75,78,24.7
1831,5.04197,,144.125,78,24.25
1832,5.04454,,144.5,78,23.8
1833,5.04711,,144.875,78,23.35
1834,5.04969,,145.25,78,22.9
1835,5.05226,,145.625,78,22.45
1836,5.05483,,146,78,22
1837,5.05731,,146.222,78,21.3556
1838,5.05979,,146.444,78,20.7111
1839,5.06227,,146.667,78,20.0667
1840,5.06475,,146.889,78,19.4222
1841,5.06724,,147.111,78,18.7778
1842,5.06972,,147.333,78,18.1333
1843,5.0722,,147.556,78,17.4889
1844,5.07468,,147.778,78,16.8444
1845,5.07716,,148,78,16.2
1846,5.07925,,148.1,78,15.6
1847,5.08134,,148.2,78,15
1848,5.08343,,148.3,78,14.4
1849,5.08552,,148.4,78,13.8
1850,5.0876,,148.5,78,13.2
1851,5.08969,,148.6,78,12.6
1852,5.09178,,148.7,78,12
1853,5.09387,,148.8,78,11.4
1854,5.09596,,148.9,78,10.8
1855,5.09805,,149,78,10.2
1856,5.10029,,149.111,77.8889,9.6
1857,5.10252,,149.222,77.7778,9
1858,5.10476,,149.333,77.6667,8.4
1859,5.10699,,149.444,77.5556,7.8
1860,5.10923,,149.556,77.4444,7.2
1861,5.11146,,149.667,77.3333,6.6
1862,5.1137,,149.778,77.2222,6
1863,5.11593,,149.889,77.1111,5.4
1864,5.11817,,150,77,4.8
1865,5.12073,,150.25,77,4.225
1866,5.12329,,150.5,77,3.65
1867,5.12585,,150.75,77,3.075
1868,5.1284,,151,77,2.5
1869,5.13096,,151.25,77,1.925
1870,5.13352,,151.5,77,1.35
1871,5.13608,,151.75,77,0.775
1872,5.13864,,152,77,0.2
1873,5.14182,,152.143,77.1429,-0.2
1874,5.145,,152.286,77.2857,-0.6
1875,5.14818,,152.429,77.4286,-1
1876,5.15137,,152.571,77.5714,-1.4
1877,5.15455,,152.714,77.7143,-1.8
1878,5.15773,,152.857,77.8571,-2.2
1879,5.16091,,153,78,-2.6
1880,5.16379,,153,78,-2.88571
1881,5.16666,,153,78,-3.17143
1882,5.16954,,153,78,-3.45714
1883,5.17241,,153,78,-3.74286
1884,5.17529,,153,78,-4.02857
1885,5.17816,,153,78,-4.31429
1886,5.18104,,153,78,-4.6
1887,5.18391,,153.125,77.875,-4.95
1888,5.18678,,153.25,77.75,-5.3
1889,5.18965,,153.375,77.625,-5.65
1890,5.19252,,153.5,77.5,-6
1891,5.19539,,153.625,77.375,-6.35
1892,5.19826,,153.75,77.25,-6.7
1893,5.20113,,153.875,77.125,-7.05
1894,5.204,,154,77,-7.4
1895,5.20652,,154.429,77.1429,-7.48571
1896,5.20904,,154.857,77.2857,-7.57143
1897,5.21156,,155.286,77.4286,-7.65714
1898,5.21407,,155.714,77.5714,-7.74286
1899,5.21659,,156.143,77.7143,-7.82857
1900,5.21911,,156.571,77.8571,-7.91429
1901,5.22163,,157,78,-8
1902,5.22454,,157,78,-7.7
1903,5.22746,,157,78,-7.4
1904,5.23038,,157,78,-7.1
1905,5.23329,,157,78,-6.8
1906,5.2362,,157,78,-6.5
1907,5.23912,,157,78,-6.2
1908,5.24204,,157,78,-5.9
1909,5.24495,,157,78,-5.6
1910,5.24772,,157,77.875,-5.375
1911,5.25049,,157,77.75,-5.15
1912,5.25327,,157,77.625,-4.925
1913,5.25604,,157,77.5,-4.7
1914,5.25881,,157,77.375,-4.475
1915,5.26159,,157,77.25,-4.25
1916,5.26436,,157,77.125,-4.025
1917,5.26713,,157,77,-3.8
1918,5.26999,,156.857,77,-3.65714
1919,5.27285,,156.714,77,-3.51429
1920,5.27571,,156.571,77,-3.37143
1921,5.27856,,156.429,77,-3.22857
1922,5.28142,,156.286,77,-3.08571
1923,5.28428,,156.143,77,-2.94286
1924,5.28714,,156,77,-2.8
1925,5.2902,,156.143,77,-2.6
1926,5.29325,,156.286,77,-2.4
1927,5.29631,,156.429,77,-2.2
1928,5.29937,,156.571,77,-2
1929,5.30243,,156.714,77,-1.8
1930,5.30548,,156.857,77,-1.6
1931,5.30854,,157,77,-1.4
1932,5.31148,,157,77,-1.275
1933,5.31442,,157,77,-1.15
1934,5.31735,,157,77,-1.025
1935,5.32029,,157,77,-0.9
1936,5.32323,,157,77,-0.775
1937,5.32616,,157,77,-0.65
1938,5.3291,,157,77,-0.525
1939,5.33204,,157,77,-0.4
1940,5.33516,,157,77,-0.371429
1941,5.33829,,157,77,-0.342857
1942,5.34141,,157,77,-0.314286
1943,5.34454,,157,77,-0.285714
1944,5.34766,,157,77,-0.257143
1945,5.35079,,157,77,-0.228571
1946,5.35391,,157,77,-0.2
1947,5.3569,,157,77,-0.314286
1948,5.35989,,157,77,-0.428571
1949,5.36288,,157,77,-0.542857
1950,5.36587,,157,77,-0.657143
1951,5.36886,,157,77,-0.771429
1952,5.37185,,157,77,-0.885714
1953,5.37484,,157,77,-1
1954,5.37794,,157,77,-0.914286
1955,5.38103,,157,77,-0.828571
1956,5.38413,,157,77,-0.742857
1957,5.38722,,157,77,-0.657143
1958,5.39032,,157,77,-0.571429
1959,5.39341,,157,77,-0.485714
1960,5.39651,,157,77,-0.4
1961,5.39926,,157,77,-0.575
1962,5.40201,,157,77,-0.75
1963,5.40476,,157,77,-0.925
1964,5.40751,,157,77,-1.1
1965,5.41026,,157,77,-1.275
1966,5.41301,,157,77,-1.45
1967,5.41576,,157,77,-1.625
1968,5.41851,,157,77,-1.8
1969,5.42174,,157,76.8571,-1.97143
1970,5.42496,,157,76.7143,-2.14286
1971,5.42819,,157,76.5714,-2.31429
1972,5.43142,,157,76.4286,-2.48571
1973,5.43465,,157,76.2857,-2.65714
1974,5.43787,,157,76.1429,-2.82857
1975,5.4411,,157,76,-3
1976,5.44425,,157.143,76.1429,-3.08571
1977,5.4474,,157.286,76.2857,-3.17143
1978,5.45055,,157.429,76.4286,-3.25714
1979,5.45371,,157.571,76.5714,-3.34286
1980,5.45686,,157.714,76.7143,-3.42857
1981,5.46001,,157.857,76.8571,-3.51429
1982,5.46316,,158,77,-3.6
1983,5.46573,,157.875,77,-3.675
1984,5.46829,,157.75,77,-3.75
1985,5.47086,,157.625,77,-3.825
1986,5.47343,,157.5,77,-3.9
1987,5.47599,,157.375,77,-3.975
1988,5.47856,,157.25,77,-4.05
1989,5.48112,,157.125,77,-4.125
1990,5.48369,,157,77,-4.2
1991,5.48702,,157.143,77,-4.22857
1992,5.49034,,157.286,77,-4.25714
1993,5.49367,,157.429,77,-4.28571
1994,5.497,,157.571,77,-4.31429
1995,5.50033,,157.714,77,-4.34286
1996,5.50365,,157.857,77,-4.37143
1997,5.50698,,158,77,-4.4
1998,5.50962,,157.875,77,-4.375
1999,5.51226,,157.75,77,-4.35
2000,5.5149,,157.625,77,-4.325
2001,5.51754,,157.5,77,-4.3
2002,5.52018,,157.375,77,-4.275
2003,5.52282,,157.25,77,-4.25
2004,5.52546,,157.125,77,-4.225
2005,5.5281,,157,77,-4.2
2006,5.53113,,157,77,-4.11429
2007,5.53416,,157,77,-4.02857
2008,5.53719,,157,77,-3.94286
2009,5.54023,,157,77,-3.85714
2010,5.54326,,157,77,-3.77143
2011,5.54629,,157,77,-3.68571
2012,5.54932,,157,77,-3.6
2013,5.55235,,157,77.1429,-3.31429
2014,5.55538,,157,77.2857,-3.02857
2015,5.55841,,157,77.4286,-2.74286
2016,5.56145,,157,77.5714,-2.45714
2017,5.56448,,157,77.7143,-2.17143
2018,5.56751,,157,77.8571,-1.88571
2019,5.57054,,157,78,-1.6
2020,5.5734,,157,78,-1.425
2021,5.57627,,157,78,-1.25
2022,5.57913,,157,78,-1.075
2023,5.58199,,157,78,-0.9
2024,5.58485,,157,78,-0.725
2025,5.58772,,157,78,-0.55
2026,5.59058,,157,78,-0.375
2027,5.59344,,157,78,-0.2
2028,5.59666,,157,77.8571,-0.114286
2029,5.59987,,157,77.7143,-0.0285714
2030,5.60309,,157,77.5714,0.0571429
2031,5.6063,,157,77.4286,0.142857
2032,5.60952,,157,77.2857,0.228571
2033,5.61273,,157,77.1429,0.314286
2034,5.61595,,157,77,0.4
2035,5.61793,,156.909,77,1.36364
2036,5.61991,,156.818,77,2.32727
2037,5.62189,,156.727,77,3.29091
2038,5.62387,,156.636,77,4.25455
2039,5.62585,,156.545,77,5.21818
2040,5.62783,,156.455,77,6.18182
2041,5.62981,,156.364,77,7.14545
2042,5.63179,,156.273,77,8.10909
2043,5.63377,,156.182,77,9.07273
2044,5.63575,,156.091,77,10.0364
2045,5.63773,,156,77,11
2046,5.64009,,156.111,77,11.8889
2047,5.64245,,156.222,77,12.7778
2048,5.64481,,156.333,77,13.6667
2049,5.64717,,156.444,77,14.5556
2050,5.64953,,156.556,77,15.4444
2051,5.65189,,156.667,77,16.3333
2052,5.65425,,156.778,77,17.2222
2053,5.65661,,156.889,77,18.1111
2054,5.65897,,157,77,19
2055,5.6617,,157.125,77,19.5
2056,5.66443,,157.25,77,20
2057,5.66716,,157.375,77,20.5
2058,5.6699,,157.5,77,21
2059,5.67263,,157.625,77,21.5
2060,5.67536,,157.75,77,22
2061,5.67809,,157.875,77,22.5
2062,5.68082,,158,77,23
2063,5.68369,,158,76.8571,23.5143
2064,5.68655,,158,76.7143,24.0286
2065,5.68942,,158,76.5714,24.5429
2066,5.69229,,158,76.4286,25.0571
2067,5.69516,,158,76.2857,25.5714
2068,5.69802,,158,76.1429,26.0857
2069,5.70089,,158,76,26.6
2070,5.70453,,157.833,76.1667,26.8667
2071,5.70818,,157.667,76.3333,27.1333
2072,5.71183,,157.5,76.5,27.4
2073,5.71547,,157.333,76.6667,27.6667
2074,5.71912,,157.167,76.8333,27.9333
2075,5.72276,,157,77,28.2
2076,5.72565,,157,77,28.4571
2077,5.72854,,157,77,28.7143
2078,5.73143,,157,77,28.9714
2079,5.73431,,157,77,29.2286
2080,5.7372,,157,77,29.4857
2081,5.74009,,157,77,29.7429
2082,5.74298,,157,77,30
2083,5.7459,,156.875,77,30
2084,5.74881,,156.75,77,30
2085,5.75173,,156.625,77,30
2086,5.75465,,156.5,77,30
2087,5.75756,,156.375,77,30
2088,5.76048,,156.25,77,30
2089,5.76339,,156.125,77,30
2090,5.76631,,156,77,30
2091,5.7692,,156,77,30.0571
2092,5.77208,,156,77,30.1143
2093,5.77497,,156,77,30.1714
2094,5.77786,,156,77,30.2286
2095,5.78075,,156,77,30.2857
2096,5.78363,,156,77,30.3429
2097,5.78652,,156,77,30.4
2098,5.78979,,156.143,77,30.1143
2099,5.79305,,156.286,77,29.8286
2100,5.79632,,156.429,77,29.5429
2101,5.79959,,156.571,77,29.2571
2102,5.80286,,156.714,77,28.9714
2103,5.80612,,156.857,77,28.6857
2104,5.80939,,157,77,28.4
2105,5.81229,,157,77,28.2857
2106,5.81518,,157,77,28.1714
2107,5.81808,,157,77,28.0571
2108,5.82098,,157,77,27.9429
2109,5.82388,,157,77,27.8286
2110,5.82677,,157,77,27.7143
2111,5.82967,,157,77,27.6
2112,5.83282,,157,76.8571,27.6571
2113,5.83596,,157,76.7143,27.7143
2114,5.83911,,157,76.5714,27.7714
2115,5.84225,,157,76.4286,27.8286
2116,5.8454,,157,76.2857,27.8857
2117,5.84854,,157,76.1429,27.9429
2118,5.85169,,157,76,28
2119,5.85539,,157,76,28.3667
2120,5.85909,,157,76,28.7333
2121,5.8628,,157,76,29.1
2122,5.8665,,157,76,29.4667
2123,5.8702,,157,76,29.8333
2124,5.8739,,157,76,30.2
2125,5.87762,,157,76.1667,30.1667
2126,5.88133,,157,76.3333,30.1333
2127,5.88505,,157,76.5,30.1
2128,5.88877,,157,76.6667,30.0667
2129,5.89248,,157,76.8333,30.0333
2130,5.8962,,157,77,30
2131,5.89963,,157.167,76.8333,30.3333
2132,5.90305,,157.333,76.6667,30.6667
2133,5.90648,,157.5,76.5,31
2134,5.90991,,157.667,76.3333,31.3333
2135,5.91333,,157.833,76.1667,31.6667
2136,5.91676,,158,76,32
2137,5.91939,,158,76.125,32.075
2138,5.92202,,158,76.25,32.15
2139,5.92464,,158,76.375,32.225
2140,5.92727,,158,76.5,32.3
2141,5.9299,,158,76.625,32.375
2142,5.93253,,158,76.75,32.45
2143,5.93515,,158,76.875,32.525
2144,5.93778,,158,77,32.6
2145,5.94036,,158,77,32.9
2146,5.94294,,158,77,33.2
2147,5.94552,,158,77,33.5
2148,5.9481,,158,77,33.8
2149,5.95069,,158,77,34.1
2150,5.95327,,158,77,34.4
2151,5.95585,,158,77,34.7
2152,5.95843,,158,77,35
2153,5.96145,,158.143,76.8571,34.9143
2154,5.96448,,158.286,76.7143,34.8286
2155,5.9675,,158.429,76.5714,34.7429
2156,5.97053,,158.571,76.4286,34.6571
2157,5.97355,,158.714,76.2857,34.5714
2158,5.97658,,158.857,76.1429,34.4857
2159,5.9796,,159,76,34.4
2160,5.98269,,159,76,34.5429
2161,5.98579,,159,76,34.6857
2162,5.98888,,159,76,34.8286
2163,5.99197,,159,76,34.9714
2164,5.99506,,159,76,35.1143
2165,5.99816,,159,76,35.2571
2166,6.00125,,159,76,35.4
2167,6.00489,,159,76.1667,35.1333
2168,6.00854,,159,76.3333,34.8667
2169,6.01218,,159,76.5,34.6
2170,6.01582,,159,76.6667,34.3333
2171,6.01947,,159,76.8333,34.0667
2172,6.02311,,159,77,33.8
2173,6.02645,,159.167,77,33.7333
2174,6.02979,,159.333,77,33.6667
2175,6.03313,,159.5,77,33.6
2176,6.03646,,159.667,77,33.5333
2177,6.0398,,159.833,77,33.4667
2178,6.04314,,160,77,33.4
2179,6.04639,,159.857,77,33.4286
2180,6.04963,,159.714,77,33.4571
2181,6.05288,,159.571,77,33.4857
2182,6.05612,,159.429,77,33.5143
2183,6.05937,,159.286,77,33.5429
2184,6.06261,,159.143,77,33.5714
2185,6.06586,,159,77,33.6
2186,6.06863,,159.125,77,33.3
2187,6.0714,,159.25,77,33
2188,6.07417,,159.375,77,32.7
2189,6.07695,,159.5,77,32.4
2190,6.07972,,159.625,77,32.1
2191,6.08249,,159.75,77,31.8
2192,6.08526,,159.875,77,31.5
2193,6.08803,,160,77,31.2
2194,6.0909,,159.857,77,31.4571
2195,6.09378,,159.714,77,31.7143
2196,6.09665,,159.571,77,31.9714
2197,6.09952,,159.429,77,32.2286
2198,6.10239,,159.286,77,32.4857
2199,6.10527,,159.143,77,32.7429
2200,6.10814,,159,77,33
2201,6.11069,,159,77,33.125
2202,6.11324,,159,77,33.25
2203,6.11579,,159,77,33.375
2204,6.11834,,159,77,33.5
2205,6.1209,,159,77,33.625
2206,6.12345,,159,77,33.75
2207,6.126,,159,77,33.875
2208,6.12855,,159,77,34
2209,6.13123,,159.125,77,34.175
2210,6.13391,,159.25,77,34.35
2211,6.13659,,159.375,77,34.525
2212,6.13927,,159.5,77,34.7
2213,6.14196,,159.625,77,34.875
2214,6.14464,,159.75,77,35.05
2215,6.14732,,159.875,77,35.225
2216,6.15,,160,77,35.4
2217,6.15372,,159.833,76.8333,34.8333
2218,6.15744,,159.667,76.6667,34.2667
2219,6.16117,,159.5,76.5,33.7
2220,6.16489,,159.333,76.3333,33.1333
2221,6.16861,,159.167,76.1667,32.5667
2222,6.17233,,159,76,32
2223,6.17692,,159,76.2,31.56
2224,6.1815,,159,76.4,31.12
2225,6.18609,,159,76.6,30.68
2226,6.19067,,159,76.8,30.24
2227,6.19526,,159,77,29.8
2228,6.19874,,159.167,77,29.7333
2229,6.20221,,159.333,77,29.6667
2230,6.20569,,159.5,77,29.6
2231,6.20917,,159.667,77,29.5333
2232,6.21264,,159.833,77,29.4667
2233,6.21612,,160,77,29.4
2234,6.21972,,159.833,77,29.7667
2235,6.22333,,159.667,77,30.1333
2236,6.22693,,159.5,77,30.5
2237,6.23053,,159.333,77,30.8667
2238,6.23414,,159.167,77,31.2333
2239,6.23774,,159,77,31.6
2240,6.24067,,159.143,77,31.7429
2241,6.24361,,159.286,77,31.8857
2242,6.24654,,159.429,77,32.0286
2243,6.24948,,159.571,77,32.1714
2244,6.25241,,159.714,77,32.3143
2245,6.25535,,159.857,77,32.4571
2246,6.25828,,160,77,32.6
2247,6.26056,,160,77,32.5333
2248,6.26284,,160,77,32.4667
2249,6.26512,,160,77,32.4
2250,6.2674,,160,77,32.3333
2251,6.26967,,160,77,32.2667
2252,6.27195,,160,77,32.2
2253,6.27423,,160,77,32.1333
2254,6.27651,,160,77,32.0667
2255,6.27879,,160,77,32
2256,6.28136,,160,77,31.875
2257,6.28393,,160,77,31.75
2258,6.2865,,160,77,31.625
2259,6.28908,,160,77,31.5
2260,6.29165,,160,77,31.375
2261,6.29422,,160,77,31.25
2262,6.29679,,160,77,31.125
2263,6.29936,,160,77,31
2264,6.30234,,160.286,77,30.8857
2265,6.30533,,160.571,77,30.7714
2266,6.30831,,160.857,77,30.6571
2267,6.31129,,161.143,77,30.5429
2268,6.31427,,161.429,77,30.4286
2269,6.31726,,161.714,77,30.3143
2270,6.32024,,162,77,30.2
2271,6.32332,,162,76.875,30.025
2272,6.32641,,162,76.75,29.85
2273,6.32949,,162,76.625,29.675
2274,6.33258,,162,76.5,29.5
2275,6.33566,,162,76.375,29.325
2276,6.33874,,162,76.25,29.15
2277,6.34183,,162,76.125,28.975
2278,6.34491,,162,76,28.8
2279,6.34855,,161.833,76.1667,28.9667
2280,6.35218,,161.667,76.3333,29.1333
2281,6.35582,,161.5,76.5,29.3
2282,6.35946,,161.333,76.6667,29.4667
2283,6.36309,,161.167,76.8333,29.6333
2284,6.36673,,161,77,29.8
2285,6.36992,,161,77,29.8571
2286,6.3731,,161,77,29.9143
2287,6.37629,,161,77,29.9714
2288,6.37947,,161,77,30.0286
2289,6.38266,,161,77,30.0857
2290,6.38584,,161,77,30.1429
2291,6.38903,,161,77,30.2
2292,6.39278,,162,77,30.2
2293,6.39614,,161.8,76.8,30.04
2294,6.39949,,161.6,76.6,29.88
2295,6.40285,,161.4,76.4,29.72
2296,6.4062,,161.2,76.2,29.56
2297,6.40956,,161,76,29.4
2298,6.4127,,160.833,76,29.4667
2299,6.41585,,160.667,76,29.5333
2300,6.41899,,160.5,76,29.6
2301,6.42213,,160.333,76,29.6667
2302,6.42528,,160.167,76,29.7333
2303,6.42842,,160,76,29.8
2304,6.43143,,160.333,76,29.8
2305,6.43445,,160.667,76,29.8
2306,6.43746,,161,76,29.8
2307,6.4397,,160.778,73.2222,29.9111
2308,6.44194,,160.556,70.4444,30.0222
2309,6.44417,,160.333,67.6667,30.1333
2310,6.44641,,160.111,64.8889,30.2444
2311,6.44865,,159.889,62.1111,30.3556
2312,6.45089,,159.667,59.3333,30.4667
2313,6.45312,,159.444,56.5556,30.5778
2314,6.45536,,159.222,53.7778,30.6889
2315,6.4576,,159,51,30.8
2316,6.45911,,158.75,51,30.65
2317,6.46061,,158.5,51,30.5
2318,6.46211,,158.25,51,30.35
2319,6.46362,,158,51,30.2
2320,6.46504,,158,51,30.3
2321,6.46647,,158,51,30.4
2322,6.46822,,157,51,30.4
2323,6.46973,,157,50.5,30.4
2324,6.47123,,157,50,30.4
2325,6.4723,,156.5,50,30.3
2326,6.47337,,156,50,30.2
2327,6.47447,,156,50,30.4
2328,6.47558,,156,50,30.6
2329,6.47689,,155,50,30.75
2330,6.47819,,154,50,30.9
2331,6.4795,,153,50,31.05
2332,6.48081,,152,50,31.2
2333,6.48217,,150,50,31
2334,6.4839,,148.5,50.5,30.9
2335,6.48562,,147,51,30.8
2336,6.48743,,146,51,30.7333
2337,6.48923,,145,51,30.6667
2338,6.49104,,144,51,30.6
2339,6.49267,,144,51,30.55
2340,6.49429,,144,51,30.5
2341,6.49592,,144,51,30.45
2342,6.49755,,144,51,30.4
2343,6.49917,,144,51,30.35
2344,6.5008,,144,51,30.3
2345,6.50243,,144,51,30.25
2346,6.50405,,144,51,30.2
2347,6.50568,,144,51,30.15
2348,6.50731,,144,51,30.1
2349,6.50893,,144,51,30.05
2350,6.51056,,144,51,30
2351,6.51206,,144,51,30.2
2352,6.51355,,144,51,30.4
2353,6.51527,,143.833,51.1667,30.4333
2354,6.51699,,143.667,51.3333,30.4667
2355,6.51872,,143.5,51.5,30.5
2356,6.52044,,143.333,51.6667,30.5333
2357,6.52216,,143.167,51.8333,30.5667
2358,6.52388,,143,52,30.6
2359,6.52558,,143,52,30.4
2360,6.52734,,142.857,52,30.4
2361,6.5291,,142.714,52,30.4
2362,6.53086,,142.571,52,30.4
2363,6.53263,,142.429,52,30.4
2364,6.53439,,142.286,52,30.4
2365,6.53615,,142.143,52,30.4
2366,6.53791,,142,52,30.4
2367,6.53951,,141.8,52,30.48
2368,6.54112,,141.6,52,30.56
2369,6.54272,,141.4,52,30.64
2370,6.54433,,141.2,52,30.72
2371,6.54593,,141,52,30.8
2372,6.54748,,141,52,30.9
2373,6.54903,,141,52,31
2374,6.55025,,139,52,31.2
2375,6.55176,,139,52,31
2376,6.55319,,138.4,52,30.92
2377,6.55461,,137.8,52,30.84
2378,6.55604,,137.2,52,30.76
2379,6.55746,,136.6,52,30.68
2380,6.55889,,136,52,30.6
2381,6.56039,,135,52,30.6
2382,6.56187,,134.25,52,30.55
2383,6.56335,,133.5,52,30.5
2384,6.56483,,132.75,52,30.45
2385,6.56631,,132,52,30.4
2386,6.56736,,132,52,30.3
2387,6.56841,,132,52,30.2
2388,6.5696,,131.5,52,30.2
2389,6.57079,,131,52,30.2
2390,6.57198,,130.5,52,30.2
2391,6.57316,,130,52,30.2
2392,6.57435,,129.5,52,30.2
2393,6.57554,,129,52,30.2
2394,6.57699,,129,51.5,30.1
2395,6.57843,,129,51,30
2396,6.57989,,129.4,51,29.88
2397,6.58135,,129.8,51,29.76
2398,6.5828,,130.2,51,29.64
2399,6.58426,,130.6,51,29.52
2400,6.58572,,131,51,29.4
2401,6.58734,,130.857,51,29.2857
2402,6.58896,,130.714,51,29.1714
2403,6.59058,,130.571,51,29.0571
2404,6.59219,,130.429,51,28.9429
2405,6.59381,,130.286,51,28.8286
2406,6.59543,,130.143,51,28.7143
2407,6.59705,,130,51,28.6
2408,6.59846,,129.8,51,28.48
2409,6.59987,,129.6,51,28.36
2410,6.60129,,129.4,51,28.24
2411,6.6027,,129.2,51,28.12
2412,6.60411,,129,51,28
2413,6.60543,,129,51,27.8
2414,6.60674,,129,51,27.6
2415,6.60827,,129,51,27.6
2416,6.6098,,129,51,27.6
2417,6.61123,,129.25,51,27.5
2418,6.61266,,129.5,51,27.4
2419,6.61409,,129.75,51,27.3
2420,6.61552,,130,51,27.2
2421,6.61682,,130,51,27.1333
2422,6.61813,,130,51,27.0667
2423,6.61943,,130,51,27
2424,6.62091,,129.8,51,26.94
2425,6.62239,,129.6,51,26.88
2426,6.62387,,129.4,51,26.82
2427,6.62535,,129.2,51,26.76
2428,6.62683,,129,51,26.7
2429,6.6283,,128.8,51,26.64
2430,6.62978,,128.6,51,26.58
2431,6.63126,,128.4,51,26.52
2432,6.63274,,128.2,51,26.46
2433,6.63422,,128,51,26.4
2434,6.63562,,127.5,51.5,26.3
2435,6.63702,,127,52,26.2
2436,6.63847,,126.929,51.9286,26.1143
2437,6.63993,,126.857,51.8571,26.0286
2438,6.64138,,126.786,51.7857,25.9429
2439,6.64283,,126.714,51.7143,25.8571
2440,6.64428,,126.643,51.6429,25.7714
2441,6.64574,,126.571,51.5714,25.6857
2442,6.64719,,126.5,51.5,25.6
2443,6.64864,,126.429,51.4286,25.5143
2444,6.6501,,126.357,51.3571,25.4286
2445,6.65155,,126.286,51.2857,25.3429
2446,6.653,,126.214,51.2143,25.2571
2447,6.65445,,126.143,51.1429,25.1714
2448,6.65591,,126.071,51.0714,25.0857
2449,6.65736,,126,51,25
2450,6.65925,,125.727,51,25.0182
2451,6.66114,,125.455,51,25.0364
2452,6.66303,,125.182,51,25.0545
2453,6.66492,,124.909,51,25.0727
2454,6.66681,,124.636,51,25.0909
2455,6.66869,,124.364,51,25.1091
2456,6.67058,,124.091,51,25.1273
2457,6.67247,,123.818,51,25.1455
2458,6.67436,,123.545,51,25.1636
2459,6.67625,,123.273,51,25.1818
2460,6.67814,,123,51,25.2
2461,6.67952,,122.889,51,25.1778
2462,6.6809,,122.778,51,25.1556
2463,6.68228,,122.667,51,25.1333
2464,6.68366,,122.556,51,25.1111
2465,6.68503,,122.444,51,25.0889
2466,6.68641,,122.333,51,25.0667
2467,6.68779,,122.222,51,25.0444
2468,6.68917,,122.111,51,25.0222
2469,6.69055,,122,51,25
2470,6.69204,,122.091,51,24.9455
2471,6.69353,,122.182,51,24.8909
2472,6.69502,,122.273,51,24.8364
2473,6.69651,,122.364,51,24.7818
2474,6.698,,122.455,51,24.7273
2475,6.69948,,122.545,51,24.6727
2476,6.70097,,122.636,51,24.6182
2477,6.70246,,122.727,51,24.5636
2478,6.70395,,122.818,51,24.5091
2479,6.70544,,122.909,51,24.4545
2480,6.70693,,123,51,24.4
2481,6.70835,,122.7,51.1,24.38
2482,6.70976,,122.4,51.2,24.36
2483,6.71118,,122.1,51.3,24.34
2484,6.71259,,121.8,51.4,24.32
2485,6.71401,,121.5,51.5,24.3
2486,6.71543,,121.2,51.6,24.28
2487,6.71684,,120.9,51.7,24.26
2488,6.71826,,120.6,51.8,24.24
2489,6.71967,,120.3,51.9,24.22
2490,6.72109,,120,52,24.2
2491,6.72266,,119.923,52,24.2
2492,6.72423,,119.846,52,24.2
2493,6.7258,,119.769,52,24.2
2494,6.72737,,119.692,52,24.2
2495,6.72894,,119.615,52,24.2
2496,6.73051,,119.538,52,24.2
2497,6.73208,,119.462,52,24.2
2498,6.73365,,119.385,52,24.2
2499,6.73522,,119.308,52,24.2
2500,6.73679,,119.231,52,24.2
2501,6.73836,,119.154,52,24.2
2502,6.73993,,119.077,52,24.2
2503,6.7415,,119,52,24.2
2504,6.74269,,118,52,24.2
2505,6.7442,,117.75,52,24.3
2506,6.74571,,117.5,52,24.4
2507,6.74723,,117.25,52,24.5
2508,6.74874,,117,52,24.6
2509,6.75029,,117.154,52,24.4615
2510,6.75185,,117.308,52,24.3231
2511,6.7534,,117.462,52,24.1846
2512,6.75495,,117.615,52,24.0462
2513,6.75651,,117.769,52,23.9077
2514,6.75806,,117.923,52,23.7692
2515,6.75961,,118.077,52,23.6308
2516,6.76116,,118.231,52,23.4923
2517,6.76272,,118.385,52,23.3538
2518,6.76427,,118.538,52,23.2154
2519,6.76582,,118.692,52,23.0769
2520,6.76738,,118.846,52,22.9385
2521,6.76893,,119,52,22.8
2522,6.77044,,118.917,51.9167,22.7833
2523,6.77196,,118.833,51.8333,22.7667
2524,6.77347,,118.75,51.75,22.75
2525,6.77499,,118.667,51.6667,22.7333
2526,6.7765,,118.583,51.5833,22.7167
2527,6.77801,,118.5,51.5,22.7
2528,6.77953,,118.417,51.4167,22.6833
2529,6.78104,,118.333,51.3333,22.6667
2530,6.78256,,118.25,51.25,22.65
2531,6.78407,,118.167,51.1667,22.6333
2532,6.78559,,118.083,51.0833,22.6167
2533,6.7871,,118,51,22.6
2534,6.78849,,117.867,51,22.6
2535,6.78988,,117.733,51,22.6
2536,6.79127,,117.6,51,22.6
2537,6.79265,,117.467,51,22.6
2538,6.79404,,117.333,51,22.6
2539,6.79543,,117.2,51,22.6
2540,6.79682,,117.067,51,22.6
2541,6.79821,,116.933,51,22.6
2542,6.7996,,116.8,51,22.6
2543,6.80099,,116.667,51,22.6
2544,6.80238,,116.533,51,22.6
2545,6.80376,,116.4,51,22.6
2546,6.80515,,116.267,51,22.6
2547,6.80654,,116.133,51,22.6
2548,6.80793,,116,51,22.6
2549,6.80935,,116,51,22.6267
2550,6.81077,,116,51,22.6533
2551,6.8122,,116,51,22.68
2552,6.81362,,116,51,22.7067
2553,6.81504,,116,51,22.7333
2554,6.81646,,116,51,22.76
2555,6.81788,,116,51,22.7867
2556,6.81931,,116,51,22.8133
2557,6.82073,,116,51,22.84
2558,6.82215,,116,51,22.8667
2559,6.82357,,116,51,22.8933
2560,6.82499,,116,51,22.92
2561,6.82642,,116,51,22.9467
2562,6.82784,,116,51,22.9733
2563,6.82926,,116,51,23
2564,6.83059,,116,50.8182,23.1273
2565,6.83193,,116,50.6364,23.2545
2566,6.83326,,116,50.4545,23.3818
2567,6.83459,,116,50.2727,23.5091
2568,6.83592,,116,50.0909,23.6364
2569,6.83726,,116,49.9091,23.7636
2570,6.83859,,116,49.7273,23.8909
2571,6.83992,,116,49.5455,24.0182
2572,6.84125,,116,49.3636,24.1455
2573,6.84259,,116,49.1818,24.2727
2574,6.84392,,116,49,24.4
2575,6.84544,,115.857,49.2143,24.4429
2576,6.84697,,115.714,49.4286,24.4857
2577,6.84849,,115.571,49.6429,24.5286
2578,6.85001,,115.429,49.8571,24.5714
2579,6.85154,,115.286,50.0714,24.6143
2580,6.85306,,115.143,50.2857,24.6571
2581,6.85459,,115,50.5,24.7
2582,6.85611,,114.857,50.7143,24.7429
2583,6.85763,,114.714,50.9286,24.7857
2584,6.85916,,114.571,51.1429,24.8286
2585,6.86068,,114.429,51.3571,24.8714
2586,6.8622,,114.286,51.5714,24.9143
2587,6.86373,,114.143,51.7857,24.9571
2588,6.86525,,114,52,25
2589,6.86685,,114.154,52,25.1231
2590,6.86844,,114.308,52,25.2462
2591,6.87004,,114.462,52,25.3692
2592,6.87164,,114.615,52,25.4923
2593,6.87323,,114.769,52,25.6154
2594,6.87483,,114.923,52,25.7385
2595,6.87643,,115.077,52,25.8615
2596,6.87803,,115.231,52,25.9846
2597,6.87962,,115.385,52,26.1077
2598,6.88122,,115.538,52,26.2308
2599,6.88282,,115.692,52,26.3538
2600,6.88441,,115.846,52,26.4769
2601,6.88601,,116,52,26.6
2602,6.88773,,116.5,52,26.8
2603,6.88945,,117,52,27
2604,6.89102,,117.5,51.5,26.9
2605,6.89259,,118,51,26.8
2606,6.89395,,117.857,51.1429,26.7143
2607,6.89532,,117.714,51.2857,26.6286
2608,6.89668,,117.571,51.4286,26.5429
2609,6.89805,,117.429,51.5714,26.4571
2610,6.89941,,117.286,51.7143,26.3714
2611,6.90078,,117.143,51.8571,26.2857
2612,6.90214,,117,52,26.2
2613,6.90371,,117,52,26.4
2614,6.90527,,117,52,26.6
2615,6.90684,,117,52,26.8
2616,6.90841,,117,52,27
2617,6.90987,,117.5,52,27.1
2618,6.91134,,118,52,27.2
2619,6.91296,,117,52,27.2
2620,6.91452,,117.077,52,27.3385
2621,6.91608,,117.154,52,27.4769
2622,6.91764,,117.231,52,27.6154
2623,6.91921,,117.308,52,27.7538
2624,6.92077,,117.385,52,27.8923
2625,6.92233,,117.462,52,28.0308
2626,6.92389,,117.538,52,28.1692
2627,6.92545,,117.615,52,28.3077
2628,6.92701,,117.692,52,28.4462
2629,6.92858,,117.769,52,28.5846
2630,6.93014,,117.846,52,28.7231
2631,6.9317,,117.923,52,28.8615
2632,6.93326,,118,52,29
2633,6.93493,,118.4,52,29.12
2634,6.9366,,118.8,52,29.24
2635,6.93826,,119.2,52,29.36
2636,6.93993,,119.6,52,29.48
2637,6.9416,,120,52,29.6
2638,6.94448,,120.6,57.2,29.92
2639,6.94736,,121.2,62.4,30.24
2640,6.95025,,121.8,67.6,30.56
2641,6.95313,,122.4,72.8,30.88
2642,6.95601,,123,78,31.2
2643,6.95952,,124,78,31.4
2644,6.96304,,125,78,31.6
2645,6.96655,,126,78,31.8
2646,6.96993,,127.333,78,32.2
2647,6.97332,,128.667,78,32.6
2648,6.9767,,130,78,33
2649,6.98003,,131,78,33.6667
2650,6.98335,,132,78,34.3333
2651,6.98668,,133,78,35
2652,6.99001,,134,78,35.3333
2653,6.99335,,135,78,35.6667
2654,6.99668,,136,78,36
2655,6.99988,,136.75,78,36.45
2656,7.00309,,137.5,78,36.9
2657,7.00629,,138.25,78,37.35
2658,7.00949,,139,78,37.8
2659,7.01274,,139.5,78,37.8667
2660,7.01598,,140,78,37.9333
2661,7.01923,,140.5,78,38
2662,7.02248,,141,78,38.0667
2663,7.02572,,141.5,78,38.1333
2664,7.02897,,142,78,38.2
2665,7.03186,,142.25,78,38.4
2666,7.03475,,142.5,78,38.6
2667,7.03764,,142.75,78,38.8
2668,7.04053,,143,78,39
2669,7.04376,,143.333,77.8333,38.0333
2670,7.04699,,143.667,77.6667,37.0667
2671,7.05022,,144,77.5,36.1
2672,7.05345,,144.333,77.3333,35.1333
2673,7.05668,,144.667,77.1667,34.1667
2674,7.05991,,145,77,33.2
2675,7.06343,,145.333,77.1667,32.9667
2676,7.06695,,145.667,77.3333,32.7333
2677,7.07048,,146,77.5,32.5
2678,7.074,,146.333,77.6667,32.2667
2679,7.07752,,146.667,77.8333,32.0333
2680,7.08104,,147,78,31.8
2681,7.08424,,147.143,77.8571,31.8286
2682,7.08744,,147.286,77.7143,31.8571
2683,7.09064,,147.429,77.5714,31.8857
2684,7.09385,,147.571,77.4286,31.9143
2685,7.09705,,147.714,77.2857,31.9429
2686,7.10025,,147.857,77.1429,31.9714
2687,7.10345,,148,77,32
2688,7.1066,,148.143,77,32.0286
2689,7.10974,,148.286,77,32.0571
2690,7.11289,,148.429,77,32.0857
2691,7.11603,,148.571,77,32.1143
2692,7.11918,,148.714,77,32.1429
2693,7.12232,,148.857,77,32.1714
2694,7.12547,,149,77,32.2
2695,7.12845,,149.143,77,32.2
2696,7.13144,,149.286,77,32.2
2697,7.13442,,149.429,77,32.2
2698,7.1374,,149.571,77,32.2
2699,7.14038,,149.714,77,32.2
2700,7.14337,,149.857,77,32.2
2701,7.14635,,150,77,32.2
2702,7.14945,,150.143,77,32.2286
2703,7.15255,,150.286,77,32.2571
2704,7.15565,,150.429,77,32.2857
2705,7.15875,,150.571,77,32.3143
2706,7.16185,,150.714,77,32.3429
2707,7.16495,,150.857,77,32.3714
2708,7.16805,,151,77,32.4
2709,7.17121,,150.857,77,32.5429
2710,7.17437,,150.714,77,32.6857
2711,7.17753,,150.571,77,32.8286
2712,7.18069,,150.429,77,32.9714
2713,7.18385,,150.286,77,33.1143
2714,7.18701,,150.143,77,33.2571
2715,7.19017,,150,77,33.4
2716,7.19334,,150.286,77,33.2571
2717,7.19652,,150.571,77,33.1143
2718,7.19969,,150.857,77,32.9714
2719,7.20286,,151.143,77,32.8286
2720,7.20603,,151.429,77,32.6857
2721,7.20921,,151.714,77,32.5429
2722,7.21238,,152,77,32.4
2723,7.21579,,152,77,32.4333
2724,7.21921,,152,77,32.4667
2725,7.22262,,152,77,32.5
2726,7.22603,,152,77,32.5333
2727,7.22945,,152,77,32.5667
2728,7.23286,,152,77,32.6
2729,7.23609,,152,77.1429,32.5714
2730,7.23931,,152,77.2857,32.5429
2731,7.24254,,152,77.4286,32.5143
2732,7.24577,,152,77.5714,32.4857
2733,7.249,,152,77.7143,32.4571
2734,7.25222,,152,77.8571,32.4286
2735,7.25545,,152,78,32.4
2736,7.2584,,152,77.8571,32.4286
2737,7.26136,,152,77.7143,32.4571
2738,7.26431,,152,77.5714,32.4857
2739,7.26727,,152,77.4286,32.5143
2740,7.27022,,152,77.2857,32.5429
2741,7.27318,,152,77.1429,32.5714
2742,7.27613,,152,77,32.6
2743,7.27905,,152,77,32.3429
2744,7.28196,,152,77,32.0857
2745,7.28488,,152,77,31.8286
2746,7.28779,,152,77,31.5714
2747,7.29071,,152,77,31.3143
2748,7.29362,,152,77,31.0571
2749,7.29654,,152,77,30.8
2750,7.29946,,152.143,77,30.8857
2751,7.30238,,152.286,77,30.9714
2752,7.3053,,152.429,77,31.0571
2753,7.30823,,152.571,77,31.1429
2754,7.31115,,152.714,77,31.2286
2755,7.31407,,152.857,77,31.3143
2756,7.31699,,153,77,31.4
2757,7.31986,,153,77,31.0857
2758,7.32274,,153,77,30.7714
2759,7.32561,,153,77,30.4571
2760,7.32848,,153,77,30.1429
2761,7.33135,,153,77,29.8286
2762,7.33423,,153,77,29.5143
2763,7.3371,,153,77,29.2
2764,7.3403,,153.143,76.8571,29.1714
2765,7.3435,,153.286,76.7143,29.1429
2766,7.3467,,153.429,76.5714,29.1143
2767,7.34989,,153.571,76.4286,29.0857
2768,7.35309,,153.714,76.2857,29.0571
2769,7.35629,,153.857,76.1429,29.0286
2770,7.35949,,154,76,29
2771,7.36272,,154.143,76.1429,28.8857
2772,7.36594,,154.286,76.2857,28.7714
2773,7.36917,,154.429,76.4286,28.6571
2774,7.3724,,154.571,76.5714,28.5429
2775,7.37563,,154.714,76.7143,28.4286
2776,7.37885,,154.857,76.8571,28.3143
2777,7.38208,,155,77,28.2
2778,7.38525,,155,77,28.1714
2779,7.38842,,155,77,28.1429
2780,7.39159,,155,77,28.1143
2781,7.39475,,155,77,28.0857
2782,7.39792,,155,77,28.0571
2783,7.40109,,155,77,28.0286
2784,7.40426,,155,77,28
2785,7.40705,,154.875,77,27.875
2786,7.40983,,154.75,77,27.75
2787,7.41262,,154.625,77,27.625
2788,7.4154,,154.5,77,27.5
2789,7.41819,,154.375,77,27.375
2790,7.42098,,154.25,77,27.25
2791,7.42376,,154.125,77,27.125
2792,7.42655,,154,77,27
2793,7.42942,,154,77,27
2794,7.43228,,154,77,27
2795,7.43515,,154,77,27
2796,7.43801,,154,77,27
2797,7.44088,,154,77,27
2798,7.44374,,154,77,27
2799,7.44661,,154,77,27
2800,7.4498,,154,77,26.8571
2801,7.453,,154,77,26.7143
2802,7.45619,,154,77,26.5714
2803,7.45939,,154,77,26.4286
2804,7.46258,,154,77,26.2857
2805,7.46578,,154,77,26.1429
2806,7.46897,,154,77,26
2807,7.47178,,154,77,25.95
2808,7.47459,,154,77,25.9
2809,7.4774,,154,77,25.85
2810,7.48021,,154,77,25.8
2811,7.48302,,154,77,25.75
2812,7.48583,,154,77,25.7
2813,7.48864,,154,77,25.65
2814,7.49145,,154,77,25.6
2815,7.49501,,154.167,77,25.5333
2816,7.49857,,154.333,77,25.4667
2817,7.50213,,154.5,77,25.4
2818,7.50568,,154.667,77,25.3333
2819,7.50924,,154.833,77,25.2667
2820,7.5128,,155,77,25.2
2821,7.51601,,155,77,25.2286
2822,7.51923,,155,77,25.2571
2823,7.52244,,155,77,25.2857
2824,7.52566,,155,77,25.3143
2825,7.52887,,155,77,25.3429
2826,7.53209,,155,77,25.3714
2827,7.5353,,155,77,25.4
2828,7.53894,,155,76.8333,25.6333
2829,7.54257,,155,76.6667,25.8667
2830,7.54621,,155,76.5,26.1
2831,7.54985,,155,76.3333,26.3333
2832,7.55348,,155,76.1667,26.5667
2833,7.55712,,155,76,26.8
2834,7.56074,,155,76.1667,26.7
2835,7.56435,,155,76.3333,26.6
2836,7.56797,,155,76.5,26.5
2837,7.57158,,155,76.6667,26.4
2838,7.57519,,155,76.8333,26.3
2839,7.57881,,155,77,26.2
2840,7.58196,,155,77,26.2667
2841,7.58512,,155,77,26.3333
2842,7.58827,,155,77,26.4
2843,7.59141,,155.143,77,26.6286
2844,7.59454,,155.286,77,26.8571
2845,7.59768,,155.429,77,27.0857
2846,7.60082,,155.571,77,27.3143
2847,7.60396,,155.714,77,27.5429
2848,7.60709,,155.857,77,27.7714
2849,7.61023,,156,77,28
2850,7.61331,,156,77,27.6
2851,7.61638,,156,77,27.2
2852,7.61946,,156,77,26.8
2853,7.62254,,156,77,26.4
2854,7.62562,,156,77,26
2855,7.62869,,156,77,25.6
2856,7.63177,,156,77,25.2
2857,7.6347,,156.143,77,24.8857
2858,7.63763,,156.286,77,24.5714
2859,7.64056,,156.429,77,24.2571
2860,7.6435,,156.571,77,23.9429
2861,7.64643,,156.714,77,23.6286
2862,7.64936,,156.857,77,23.3143
2863,7.65229,,157,77,23
2864,7.65558,,156.714,77.1429,22.6
2865,7.65888,,156.429,77.2857,22.2
2866,7.66217,,156.143,77.4286,21.8
2867,7.66546,,155.857,77.5714,21.4
2868,7.66875,,155.571,77.7143,21
2869,7.67205,,155.286,77.8571,20.6
2870,7.67534,,155,78,20.2
2871,7.67839,,155.143,77.8571,19.8571
2872,7.68144,,155.286,77.7143,19.5143
2873,7.68449,,155.429,77.5714,19.1714
2874,7.68755,,155.571,77.4286,18.8286
2875,7.6906,,155.714,77.2857,18.4857
2876,7.69365,,155.857,77.1429,18.1429
2877,7.6967,,156,77,17.8
2878,7.69989,,156,76.8571,17.9714
2879,7.70309,,156,76.7143,18.1429
2880,7.70628,,156,76.5714,18.3143
2881,7.70947,,156,76.4286,18.4857
2882,7.71266,,156,76.2857,18.6571
2883,7.71586,,156,76.1429,18.8286
2884,7.71905,,156,76,19
2885,7.72229,,156.143,76.1429,19.0857
2886,7.72552,,156.286,76.2857,19.1714
2887,7.72876,,156.429,76.4286,19.2571
2888,7.73199,,156.571,76.5714,19.3429
2889,7.73523,,156.714,76.7143,19.4286
2890,7.73846,,156.857,76.8571,19.5143
2891,7.7417,,157,77,19.6
2892,7.74459,,157.143,76.8571,19.5429
2893,7.74747,,157.286,76.7143,19.4857
2894,7.75036,,157.429,76.5714,19.4286
2895,7.75324,,157.571,76.4286,19.3714
2896,7.75613,,157.714,76.2857,19.3143
2897,7.75901,,157.857,76.1429,19.2571
2898,7.7619,,158,76,19.2
2899,7.76468,,157.875,76,19.325
2900,7.76746,,157.75,76,19.45
2901,7.77024,,157.625,76,19.575
2902,7.77303,,157.5,76,19.7
2903,7.77581,,157.375,76,19.825
2904,7.77859,,157.25,76,19.95
2905,7.78137,,157.125,76,20.075
2906,7.78415,,157,76,20.2
2907,7.78651,,157,76,20.2
2908,7.78886,,157,76,20.2
2909,7.79108,,157,76.1667,20.2667
2910,7.79329,,157,76.3333,20.3333
2911,7.79551,,157,76.5,20.4
2912,7.79773,,157,76.6667,20.4667
2913,7.79994,,157,76.8333,20.5333
2914,7.80216,,157,77,20.6
2915,7.80365,,156.7,74.5,21.04
2916,7.80514,,156.4,72,21.48
2917,7.80664,,156.1,69.5,21.92
2918,7.80813,,155.8,67,22.36
2919,7.80962,,155.5,64.5,22.8
2920,7.81111,,155.2,62,23.24
2921,7.8126,,154.9,59.5,23.68
2922,7.8141,,154.6,57,24.12
2923,7.81559,,154.3,54.5,24.56
2924,7.81708,,154,52,25
2925,7.81862,,153.75,52,25.125
2926,7.82015,,153.5,52,25.25
2927,7.82169,,153.25,52,25.375
2928,7.82322,,153,52,25.5
2929,7.82476,,152.75,52,25.625
2930,7.8263,,152.5,52,25.75
2931,7.82783,,152.25,52,25.875
2932,7.82937,,152,52,26
2933,7.83131,,151.5,52,25.9
2934,7.83324,,151,52,25.8
3136,7.83333,,121,47,26.6
3137,7.83351,,121,47,26.6
3138,7.83351,,121.25,48.9375,26.5875
3139,7.83351,,121.5,50.875,26.575
3140,7.83351,,121.75,52.8125,26.5625
3141,7.83351,,122,54.75,26.55
3142,7.83351,,122.25,56.6875,26.5375
3143,7.83351,,122.5,58.625,26.525
3144,7.83351,,122.75,60.5625,26.5125
3145,7.83351,,123,62.5,26.5
3146,7.83351,,123.25,64.4375,26.4875
3147,7.83351,,123.5,66.375,26.475
3148,7.83351,,123.75,68.3125,26.4625
3149,7.83351,,124,70.25,26.45
3150,7.83351,,124.25,72.1875,26.4375
3151,7.83351,,124.5,74.125,26.425
3152,7.83351,,124.75,76.0625,26.4125
3153,7.83351,,125,78,26.4
3154,7.83605,,126,78.3333,26.3333
3155,7.8386,,127,78.6667,26.2667
3156,7.84114,,128,79,26.2
3157,7.84362,,129,78.3333,26.0667
3158,7.84609,,130,77.6667,25.9333
3159,7.84857,,131,77,25.8
3160,7.85014,,132,77,25.8
3161,7.85247,,132.6,77.2,25.8
3162,7.85481,,133.2,77.4,25.8
3163,7.85714,,133.8,77.6,25.8
3164,7.85948,,134.4,77.8,25.8
3165,7.86181,,135,78,25.8
3166,7.86493,,135.5,78,25.9667
3167,7.86804,,136,78,26.1333
3168,7.87116,,136.5,78,26.3
3169,7.87428,,137,78,26.4667
3170,7.87739,,137.5,78,26.6333
3171,7.88051,,138,78,26.8
3172,7.88369,,138.6,78,26.8
3173,7.88687,,139.2,78,26.8
3174,7.89005,,139.8,78,26.8
3175,7.89323,,140.4,78,26.8
3176,7.89641,,141,78,26.8
3177,7.8995,,141.143,78.1429,26.8857
3178,7.9026,,141.286,78.2857,26.9714
3179,7.90569,,141.429,78.4286,27.0571
3180,7.90878,,141.571,78.5714,27.1429
3181,7.91187,,141.714,78.7143,27.2286
3182,7.91497,,141.857,78.8571,27.3143
3183,7.91806,,142,79,27.4
3184,7.92122,,141.25,79,27.45
3185,7.92437,,140.5,79,27.5
3186,7.92752,,139.75,79,27.55
3187,7.93068,,139,79,27.6
3188,7.93371,,139,78.8571,27.7714
3189,7.93674,,139,78.7143,27.9429
3190,7.93977,,139,78.5714,28.1143
3191,7.94281,,139,78.4286,28.2857
3192,7.94584,,139,78.2857,28.4571
3193,7.94887,,139,78.1429,28.6286
3194,7.9519,,139,78,28.8
3195,7.95491,,139.75,78,28.95
3196,7.95791,,140.5,78,29.1
3197,7.96091,,141.25,78,29.25
3198,7.96392,,142,78,29.4
3199,7.96696,,142.6,78,29.52
3200,7.96999,,143.2,78,29.64
3201,7.97303,,143.8,78,29.76
3202,7.97606,,144.4,78,29.88
3203,7.9791,,145,78,30
3204,7.98206,,145.286,78,30.0857
3205,7.98501,,145.571,78,30.1714
3206,7.98797,,145.857,78,30.2571
3207,7.99092,,146.143,78,30.3429
3208,7.99388,,146.429,78,30.4286
3209,7.99683,,146.714,78,30.5143
3210,7.99979,,147,78,30.6
3211,8.00276,,147.143,78,30.8
3212,8.00573,,147.286,78,31
3213,8.0087,,147.429,78,31.2
3214,8.01168,,147.571,78,31.4
3215,8.01465,,147.714,78,31.6
3216,8.01762,,147.857,78,31.8
3217,8.02059,,148,78,32
3218,8.02376,,148.429,78,32.4286
3219,8.02694,,148.857,78,32.8571
3220,8.03011,,149.286,78,33.2857
3221,8.03329,,149.714,78,33.7143
3222,8.03646,,150.143,78,34.1429
3223,8.03964,,150.571,78,34.5714
3224,8.04281,,151,78,35
3225,8.04573,,151,78,35.4
3226,8.04864,,151,78,35.8
3227,8.05159,,151,78,36.1143
3228,8.05453,,151,78,36.4286
3229,8.05748,,151,78,36.7429
3230,8.06043,,151,78,37.0571
3231,8.06338,,151,78,37.3714
3232,8.06632,,151,78,37.6857
3233,8.06927,,151,78,38
3234,8.07227,,151,77.8571,38.3143
3235,8.07527,,151,77.7143,38.6286
3236,8.07827,,151,77.5714,38.9429
3237,8.08126,,151,77.4286,39.2571
3238,8.08426,,151,77.2857,39.5714
3239,8.08726,,151,77.1429,39.8857
3240,8.09026,,151,77,40.2
3241,8.09329,,151.286,77,40.2286
3242,8.09631,,151.571,77,40.2571
3243,8.09934,,151.857,77,40.2857
3244,8.10236,,152.143,77,40.3143
3245,8.10539,,152.429,77,40.3429
3246,8.10841,,152.714,77,40.3714
3247,8.11144,,153,77,40.4
3248,8.11459,,153.143,77,40.4286
3249,8.11773,,153.286,77,40.4571
3250,8.12088,,153.429,77,40.4857
3251,8.12402,,153.571,77,40.5143
3252,8.12717,,153.714,77,40.5429
3253,8.13031,,153.857,77,40.5714
3254,8.13346,,154,77,40.6
3255,8.13658,,154,77,40.8
3256,8.1397,,154,77,41
3257,8.14282,,154,77,41.2
3258,8.14594,,154,77,41.4
3259,8.14906,,154,77,41.6
3260,8.15218,,154,77,41.8
3261,8.1553,,154,77,42
3262,8.1584,,154,77,41.9143
3263,8.16149,,154,77,41.8286
3264,8.16459,,154,77,41.7429
3265,8.16769,,154,77,41.6571
3266,8.17079,,154,77,41.5714
3267,8.17388,,154,77,41.4857
3268,8.17698,,154,77,41.4
3269,8.18019,,154.143,77,41.3429
3270,8.18341,,154.286,77,41.2857
3271,8.18662,,154.429,77,41.2286
3272,8.18983,,154.571,77,41.1714
3273,8.19304,,154.714,77,41.1143
3274,8.19626,,154.857,77,41.0571
3275,8.19947,,155,77,41
3276,8.20266,,155,77,40.8857
3277,8.20585,,155,77,40.7714
3278,8.20904,,155,77,40.6571
3279,8.21223,,155,77,40.5429
3280,8.21542,,155,77,40.4286
3281,8.21861,,155,77,40.3143
3282,8.2218,,155,77,40.2
3283,8.22509,,155.143,77,39.9429
3284,8.22838,,155.286,77,39.6857
3285,8.23167,,155.429,77,39.4286
3286,8.23497,,155.571,77,39.1714
3287,8.23826,,155.714,77,38.9143
3288,8.24155,,155.857,77,38.6571
3289,8.24484,,156,77,38.4
3290,8.248,,155.857,77,38.1429
3291,8.25117,,155.714,77,37.8857
3292,8.25433,,155.571,77,37.6286
3293,8.25749,,155.429,77,37.3714
3294,8.26065,,155.286,77,37.1143
3295,8.26382,,155.143,77,36.8571
3296,8.26698,,155,77,36.6
3297,8.27025,,154.857,77,36.6286
3298,8.27352,,154.714,77,36.6571
3299,8.27679,,154.571,77,36.6857
3300,8.28005,,154.429,77,36.7143
3301,8.28332,,154.286,77,36.7429
3302,8.28659,,154.143,77,36.7714
3303,8.28986,,154,77,36.8
3304,8.29308,,154,77,37
3305,8.29629,,154,77,37.2
3306,8.29951,,154,77,37.4
3307,8.30273,,154,77,37.6
3308,8.30595,,154,77,37.8
3309,8.30916,,154,77,38
3310,8.31238,,154,77,38.2
3311,8.3155,,154,77,38
3312,8.31863,,154,77,37.8
3313,8.32175,,154,77,37.6
3314,8.32487,,154,77,37.4
3315,8.32799,,154,77,37.2
3316,8.33112,,154,77,37
3317,8.33424,,154,77,36.8
3318,8.33714,,154.143,77.1429,36.1714
3319,8.34005,,154.286,77.2857,35.5429
3320,8.34295,,154.429,77.4286,34.9143
3321,8.34586,,154.571,77.5714,34.2857
3322,8.34876,,154.714,77.7143,33.6571
3323,8.35167,,154.857,77.8571,33.0286
3324,8.35457,,155,78,32.4
3325,8.35759,,155,77.8571,31.7714
3326,8.3606,,155,77.7143,31.1429
3327,8.36362,,155,77.5714,30.5143
3328,8.36664,,155,77.4286,29.8857
3329,8.36966,,155,77.2857,29.2571
3330,8.37267,,155,77.1429,28.6286
3331,8.37569,,155,77,28
3332,8.3786,,155,77.1429,27.6286
3333,8.38152,,155,77.2857,27.2571
3334,8.38443,,155,77.4286,26.8857
3335,8.38735,,155,77.5714,26.5143
3336,8.39026,,155,77.7143,26.1429
3337,8.39318,,155,77.8571,25.7714
3338,8.39609,,155,78,25.4
3339,8.39925,,155,77.8571,25.0286
3340,8.40241,,155,77.7143,24.6571
3341,8.40557,,155,77.5714,24.2857
3342,8.40874,,155,77.4286,23.9143
3343,8.4119,,155,77.2857,23.5429
3344,8.41506,,155,77.1429,23.1714
3345,8.41822,,155,77,22.8
3346,8.42122,,155.143,77,22.9143
3347,8.42421,,155.286,77,23.0286
3348,8.42721,,155.429,77,23.1429
3349,8.43021,,155.571,77,23.2571
3350,8.43321,,155.714,77,23.3714
3351,8.4362,,155.857,77,23.4857
3352,8.4392,,156,77,23.6
3353,8.44212,,156,77.125,23.5
3354,8.44504,,156,77.25,23.4
3355,8.44796,,156,77.375,23.3
3356,8.45088,,156,77.5,23.2
3357,8.45381,,156,77.625,23.1
3358,8.45673,,156,77.75,23
3359,8.45965,,156,77.875,22.9
3360,8.46257,,156,78,22.8
3361,8.4666,,156,78,23.24
3362,8.47063,,156,78,23.68
3363,8.47466,,156,78,24.12
3364,8.47869,,156,78,24.56
3365,8.48272,,156,78,25
3366,8.4861,,156.167,77.8333,25.5
3367,8.48948,,156.333,77.6667,26
3368,8.49287,,156.5,77.5,26.5
3369,8.49625,,156.667,77.3333,27
3370,8.49963,,156.833,77.1667,27.5
3371,8.50301,,157,77,28
3372,8.50606,,157,76.8571,28.0571
3373,8.50911,,157,76.7143,28.1143
3374,8.51216,,157,76.5714,28.1714
3375,8.51521,,157,76.4286,28.2286
3376,8.51826,,157,76.2857,28.2857
3377,8.52131,,157,76.1429,28.3429
3378,8.52436,,157,76,28.4
3379,8.52718,,156.875,76.25,28.375
3380,8.53001,,156.75,76.5,28.35
3381,8.53284,,156.625,76.75,28.325
3382,8.53566,,156.5,77,28.3
3383,8.53848,,156.375,77.25,28.275
3384,8.54131,,156.25,77.5,28.25
3385,8.54414,,156.125,77.75,28.225
3386,8.54696,,156,78,28.2
3387,8.55006,,156,77.8571,28.2857
3388,8.55315,,156,77.7143,28.3714
3389,8.55625,,156,77.5714,28.4571
3390,8.55934,,156,77.4286,28.5429
3391,8.56244,,156,77.2857,28.6286
3392,8.56553,,156,77.1429,28.7143
3393,8.56863,,156,77,28.8
3394,8.5716,,156,77,28.6857
3395,8.57457,,156,77,28.5714
3396,8.57754,,156,77,28.4571
3397,8.58051,,156,77,28.3429
3398,8.58348,,156,77,28.2286
3399,8.58645,,156,77,28.1143
3400,8.58942,,156,77,28
3401,8.59247,,156,77.1429,27.8286
3402,8.59552,,156,77.2857,27.6571
3403,8.59857,,156,77.4286,27.4857
3404,8.60161,,156,77.5714,27.3143
3405,8.60466,,156,77.7143,27.1429
3406,8.60771,,156,77.8571,26.9714
3407,8.61076,,156,78,26.8
3408,8.61383,,156,78,27.0286
3409,8.61691,,156,78,27.2571
3410,8.61998,,156,78,27.4857
3411,8.62305,,156,78,27.7143
3412,8.62612,,156,78,27.9429
3413,8.6292,,156,78,28.1714
3414,8.63227,,156,78,28.4
3415,8.63518,,156,77.8571,28.1429
3416,8.63808,,156,77.7143,27.8857
3417,8.64099,,156,77.5714,27.6286
3418,8.6439,,156,77.4286,27.3714
3419,8.64681,,156,77.2857,27.1143
3420,8.64971,,156,77.1429,26.8571
3421,8.65262,,156,77,26.6
3422,8.65538,,156.125,77,26.8
3423,8.65814,,156.25,77,27
3424,8.66089,,156.375,77,27.2
3425,8.66365,,156.5,77,27.4
3426,8.66641,,156.625,77,27.6
3427,8.66916,,156.75,77,27.8
3428,8.67192,,156.875,77,28
3429,8.67468,,157,77,28.2
3430,8.67786,,157,77,28.1143
3431,8.68103,,157,77,28.0286
3432,8.68421,,157,77,27.9429
3433,8.68739,,157,77,27.8571
3434,8.69057,,157,77,27.7714
3435,8.69374,,157,77,27.6857
3436,8.69692,,157,77,27.6
3437,8.70007,,157.286,77,27.4857
3438,8.70323,,157.571,77,27.3714
3439,8.70638,,157.857,77,27.2571
3440,8.70953,,158.143,77,27.1429
3441,8.71268,,158.429,77,27.0286
3442,8.71584,,158.714,77,26.9143
3443,8.71899,,159,77,26.8
3444,8.72258,,159,77,26.8667
3445,8.72617,,159,77,26.9333
3446,8.72977,,159,77,27
3447,8.73336,,159,77,27.0667
3448,8.73695,,159,77,27.1333
3449,8.74054,,159,77,27.2
3450,8.7435,,159,76.8571,27.4286
3451,8.74645,,159,76.7143,27.6571
3452,8.74941,,159,76.5714,27.8857
3453,8.75236,,159,76.4286,28.1143
3454,8.75532,,159,76.2857,28.3429
3455,8.75827,,159,76.1429,28.5714
3456,8.76123,,159,76,28.8
3457,8.76371,,159,76,28.8
3458,8.76642,,158.875,76,28.975
3459,8.76912,,158.75,76,29.15
3460,8.77183,,158.625,76,29.325
3461,8.77454,,158.5,76,29.5
3462,8.77724,,158.375,76,29.675
3463,8.77995,,158.25,76,29.85
3464,8.78265,,158.125,76,30.025
3465,8.78536,,158,76,30.2
3466,8.78808,,157.875,76.125,30.125
3467,8.79079,,157.75,76.25,30.05
3468,8.79351,,157.625,76.375,29.975
3469,8.79622,,157.5,76.5,29.9
3470,8.79894,,157.375,76.625,29.825
3471,8.80166,,157.25,76.75,29.75
3472,8.80437,,157.125,76.875,29.675
3473,8.80709,,157,77,29.6
3474,8.80988,,157,77,29.8
3475,8.81267,,157,77,30
3476,8.81567,,157,77,30.1429
3477,8.81867,,157,77,30.2857
3478,8.82167,,157,77,30.4286
3479,8.82468,,157,77,30.5714
3480,8.82768,,157,77,30.7143
3481,8.83068,,157,77,30.8571
3482,8.83368,,157,77,31
3483,8.8365,,157,77,30.9
3484,8.83931,,157,77,30.8
3485,8.84213,,157,77,30.7
3486,8.84495,,157,77,30.6
3487,8.84777,,157,77,30.5
3488,8.85059,,157,77,30.4
3489,8.8534,,157,77,30.3
3490,8.85622,,157,77,30.2
3491,8.85918,,157.143,77,30.3429
3492,8.86214,,157.286,77,30.4857
3493,8.8651,,157.429,77,30.6286
3494,8.86807,,157.571,77,30.7714
3495,8.87103,,157.714,77,30.9143
3496,8.87399,,157.857,77,31.0571
3497,8.87695,,158,77,31.2
3498,8.88007,,158.143,77,31.1714
3499,8.8832,,158.286,77,31.1429
3500,8.88632,,158.429,77,31.1143
3501,8.88945,,158.571,77,31.0857
3502,8.89257,,158.714,77,31.0571
3503,8.8957,,158.857,77,31.0286
3504,8.89882,,159,77,31
3505,8.90179,,159,77,30.9143
3506,8.90476,,159,77,30.8286
3507,8.90773,,159,77,30.7429
3508,8.91069,,159,77,30.6571
3509,8.91366,,159,77,30.5714
3510,8.91663,,159,77,30.4857
3511,8.9196,,159,77,30.4
3512,8.92229,,159,77,30.1
3513,8.92498,,159,77,29.8
3514,8.92767,,159,77,29.5
3515,8.93036,,159,77,29.2
3516,8.93305,,159,77,28.9
3517,8.93574,,159,77,28.6
3518,8.93843,,159,77,28.3
3519,8.94112,,159,77,28
3520,8.94438,,159,77,28.0286
3521,8.94763,,159,77,28.0571
3522,8.95089,,159,77,28.0857
3523,8.95415,,159,77,28.1143
3524,8.95741,,159,77,28.1429
3525,8.96066,,159,77,28.1714
3526,8.96392,,159,77,28.2
3527,8.96713,,158.75,77,28.15
3528,8.97033,,158.5,77,28.1
3529,8.97354,,158.25,77,28.05
3530,8.97675,,158,77,28
3531,8.97987,,158.143,77,27.7143
3532,8.98299,,158.286,77,27.4286
3533,8.98611,,158.429,77,27.1429
3534,8.98924,,158.571,77,26.8571
3535,8.99236,,158.714,77,26.5714
3536,8.99548,,158.857,77,26.2857
3537,8.9986,,159,77,26
3538,9.00174,,158.833,77,25.9667
3539,9.00489,,158.667,77,25.9333
3540,9.00803,,158.5,77,25.9
3541,9.01117,,158.333,77,25.8667
3542,9.01432,,158.167,77,25.8333
3543,9.01746,,158,77,25.8
3544,9.02006,,158,77,26.05
3545,9.02266,,158,77,26.3
3546,9.02526,,158,77,26.55
3547,9.02786,,158,77,26.8
3548,9.03063,,158,76.875,26.75
3549,9.03341,,158,76.75,26.7
3550,9.03618,,158,76.625,26.65
3551,9.03896,,158,76.5,26.6
3552,9.04173,,158,76.375,26.55
3553,9.0445,,158,76.25,26.5
3554,9.04728,,158,76.125,26.45
3555,9.05005,,158,76,26.4
3556,9.05306,,158,76,26.5333
3557,9.05607,,158,76,26.6667
3558,9.05908,,158,76,26.8
3559,9.0618,,158.125,76,26.975
3560,9.06452,,158.25,76,27.15
3561,9.06724,,158.375,76,27.325
3562,9.06996,,158.5,76,27.5
3563,9.07268,,158.625,76,27.675
3564,9.0754,,158.75,76,27.85
3565,9.07812,,158.875,76,28.025
3566,9.08084,,159,76,28.2
3567,9.08418,,159,76.1667,28.4667
3568,9.08752,,159,76.3333,28.7333
3569,9.09086,,159,76.5,29
3570,9.0942,,159,76.6667,29.2667
3571,9.09754,,159,76.8333,29.5333
3572,9.10088,,159,77,29.8
3573,9.10413,,159.143,77,30.0286
3574,9.10738,,159.286,77,30.2571
3575,9.11063,,159.429,77,30.4857
3576,9.11389,,159.571,77,30.7143
3577,9.11714,,159.714,77,30.9429
3578,9.12039,,159.857,77,31.1714
3579,9.12364,,160,77,31.4
3580,9.12687,,160,76.8571,31.6857
3581,9.13011,,160,76.7143,31.9714
3582,9.13334,,160,76.5714,32.2571
3583,9.13658,,160,76.4286,32.5429
3584,9.13981,,160,76.2857,32.8286
3585,9.14305,,160,76.1429,33.1143
3586,9.14628,,160,76,33.4
3587,9.14934,,160,76,33.6571
3588,9.15241,,160,76,33.9143
3589,9.15547,,160,76,34.1714
3590,9.15853,,160,76,34.4286
3591,9.16159,,160,76,34.6857
3592,9.16466,,160,76,34.9429
3593,9.16772,,160,76,35.2
3594,9.17048,,160,76.1429,34.9143
3595,9.17323,,160,76.2857,34.6286
3596,9.17599,,160,76.4286,34.3429
3597,9.17875,,160,76.5714,34.0571
3598,9.18151,,160,76.7143,33.7714
3599,9.18426,,160,76.8571,33.4857
3600,9.18702,,160,77,33.2
3601,9.19006,,159.857,77,32.9429
3602,9.19309,,159.714,77,32.6857
3603,9.19613,,159.571,77,32.4286
3604,9.19916,,159.429,77,32.1714
3605,9.2022,,159.286,77,31.9143
3606,9.20523,,159.143,77,31.6571
3607,9.20827,,159,77,31.4
3608,9.21133,,159,77,31.1143
3609,9.21439,,159,77,30.8286
3610,9.21745,,159,77,30.5429
3611,9.2205,,159,77,30.2571
3612,9.22356,,159,77,29.9714
3613,9.22662,,159,77,29.6857
3614,9.22968,,159,77,29.4
3615,9.23283,,159.143,76.8571,29
3616,9.23598,,159.286,76.7143,28.6
3617,9.23913,,159.429,76.5714,28.2
3618,9.24229,,159.571,76.4286,27.8
3619,9.24544,,159.714,76.2857,27.4
3620,9.24859,,159.857,76.1429,27
3621,9.25174,,160,76,26.6
3622,9.25465,,160,76,26.0286
3623,9.25756,,160,76,25.4571
3624,9.26047,,160,76,24.8857
3625,9.26339,,160,76,24.3143
3626,9.2663,,160,76,23.7429
3627,9.26921,,160,76,23.1714
3628,9.27212,,160,76,22.6
3629,9.27544,,160,76,22.4
3630,9.27823,,159.875,76.125,22.225
3631,9.28101,,159.75,76.25,22.05
3632,9.2838,,159.625,76.375,21.875
3633,9.28658,,159.5,76.5,21.7
3634,9.28937,,159.375,76.625,21.525
3635,9.29216,,159.25,76.75,21.35
3636,9.29494,,159.125,76.875,21.175
3637,9.29773,,159,77,21
3638,9.30092,,159,77,20.8
3639,9.30412,,159,77,20.6
3640,9.30731,,159,77,20.4
3641,9.31051,,159,77,20.2
3642,9.3137,,159,77,20
3643,9.3169,,159,77,19.8
3644,9.32009,,159,77,19.6
3645,9.32342,,159,77.1429,19.7429
3646,9.32675,,159,77.2857,19.8857
3647,9.33008,,159,77.4286,20.0286
3648,9.3334,,159,77.5714,20.1714
3649,9.33673,,159,77.7143,20.3143
3650,9.34006,,159,77.8571,20.4571
3651,9.34339,,159,78,20.6
3652,9.34662,,159,77.75,21.1
3653,9.34986,,159,77.5,21.6
3654,9.35309,,159,77.25,22.1
3655,9.35633,,159,77,22.6
3656,9.35905,,159.25,76.75,22.9
3657,9.36176,,159.5,76.5,23.2
3658,9.36448,,159.75,76.25,23.5
3659,9.36719,,160,76,23.8
3660,9.37001,,160,76,23.8333
3661,9.37282,,160,76,23.8667
3662,9.37564,,160,76,23.9
3663,9.37846,,160,76,23.9333
3664,9.38127,,160,76,23.9667
3665,9.38409,,160,76,24
3666,9.38723,,160,76,24.3429
3667,9.39038,,160,76,24.6857
3668,9.39352,,160,76,25.0286
3669,9.39667,,160,76,25.3714
3670,9.39981,,160,76,25.7143
3671,9.40296,,160,76,26.0571
3672,9.4061,,160,76,26.4
3673,9.4087,,159.875,76.25,26.6
3674,9.4113,,159.75,76.5,26.8
3675,9.4139,,159.625,76.75,27
3676,9.4165,,159.5,77,27.2
3677,9.4191,,159.375,77.25,27.4
3678,9.4217,,159.25,77.5,27.6
3679,9.4243,,159.125,77.75,27.8
3680,9.4269,,159,78,28
3681,9.42992,,159.143,77.7143,27.9714
3682,9.43293,,159.286,77.4286,27.9429
3683,9.43595,,159.429,77.1429,27.9143
3684,9.43897,,159.571,76.8571,27.8857
3685,9.44199,,159.714,76.5714,27.8571
3686,9.445,,159.857,76.2857,27.8286
3687,9.44802,,160,76,27.8
3688,9.45151,,160,76.1667,28.1333
3689,9.45501,,160,76.3333,28.4667
3690,9.4585,,160,76.5,28.8
3691,9.46199,,160,76.6667,29.1333
3692,9.46549,,160,76.8333,29.4667
3693,9.46898,,160,77,29.8
3694,9.47209,,159.857,77,30.2
3695,9.4752,,159.714,77,30.6
3696,9.47831,,159.571,77,31
3697,9.48143,,159.429,77,31.4
3698,9.48454,,159.286,77,31.8
3699,9.48765,,159.143,77,32.2
3700,9.49076,,159,77,32.6
3701,9.49346,,159,77,32.65
3702,9.49616,,159,77,32.7
3703,9.49887,,159,77,32.75
3704,9.50157,,159,77,32.8
3705,9.50427,,159,77,32.85
3706,9.50698,,159,77,32.9
3707,9.50968,,159,77,32.95
3708,9.51238,,159,77,33
3709,9.51546,,159.143,76.8571,32.9429
3710,9.51854,,159.286,76.7143,32.8857
3711,9.52162,,159.429,76.5714,32.8286
3712,9.52471,,159.571,76.4286,32.7714
3713,9.52779,,159.714,76.2857,32.7143
3714,9.53087,,159.857,76.1429,32.6571
3715,9.53395,,160,76,32.6
3716,9.53742,,160.167,76.1667,32.7333
3717,9.5409,,160.333,76.3333,32.8667
3718,9.54437,,160.5,76.5,33
3719,9.54784,,160.667,76.6667,33.1333
3720,9.55132,,160.833,76.8333,33.2667
3721,9.55479,,161,77,33.4
3722,9.55817,,161,77,33.8
3723,9.56154,,161,77,34.2
3724,9.56492,,161,77,34.6
3725,9.5683,,161,77,35
3726,9.57167,,161,77,35.4
3727,9.57505,,161,77,35.8
3728,9.57811,,160.857,77,36.0286
3729,9.58117,,160.714,77,36.2571
3730,9.58423,,160.571,77,36.4857
3731,9.58728,,160.429,77,36.7143
3732,9.59034,,160.286,77,36.9429
3733,9.5934,,160.143,77,37.1714
3734,9.59646,,160,77,37.4
3735,9.59977,,160.143,77,37.4857
3736,9.60309,,160.286,77,37.5714
3737,9.6064,,160.429,77,37.6571
3738,9.60971,,160.571,77,37.7429
3739,9.61302,,160.714,77,37.8286
3740,9.61634,,160.857,77,37.9143
3741,9.61965,,161,77,38
3742,9.62286,,161.143,77,37.7429
3743,9.62606,,161.286,77,37.4857
3744,9.62927,,161.429,77,37.2286
3745,9.63247,,161.571,77,36.9714
3746,9.63568,,161.714,77,36.7143
3747,9.63888,,161.857,77,36.4571
3748,9.64209,,162,77,36.2
3749,9.64541,,162,76.8,36.36
3750,9.64873,,162,76.6,36.52
3751,9.65205,,162,76.4,36.68
3752,9.65537,,162,76.2,36.84
3753,9.65869,,162,76,37
3754,9.66176,,161.857,76.1429,37.1429
3755,9.66483,,161.714,76.2857,37.2857
3756,9.6679,,161.571,76.4286,37.4286
3757,9.67096,,161.429,76.5714,37.5714
3758,9.67403,,161.286,76.7143,37.7143
3759,9.6771,,161.143,76.8571,37.8571
3760,9.68017,,161,77,38
3761,9.68344,,161,77,38.0857
3762,9.68671,,161,77,38.1714
3763,9.68998,,161,77,38.2571
3764,9.69325,,161,77,38.3429
3765,9.69652,,161,77,38.4286
3766,9.69979,,161,77,38.5143
3767,9.70306,,161,77,38.6
3768,9.70635,,161.143,77,39.0286
3769,9.70963,,161.286,77,39.4571
3770,9.71292,,161.429,77,39.8857
3771,9.7162,,161.571,77,40.3143
3772,9.71949,,161.714,77,40.7429
3773,9.72277,,161.857,77,41.1714
3774,9.72606,,162,77,41.6
3775,9.72925,,162,77,41.6286
3776,9.73244,,162,77,41.6571
3777,9.73563,,162,77,41.6857
3778,9.73881,,162,77,41.7143
3779,9.742,,162,77,41.7429
3780,9.74519,,162,77,41.7714
3781,9.74838,,162,77,41.8
3782,9.75176,,162,77,41.8
3783,9.75514,,162,77,41.8
3784,9.75852,,162,77,41.8
3785,9.76191,,162,77,41.8
3786,9.76529,,162,77,41.8
3787,9.76867,,162,77,41.8
3788,9.77202,,162.143,77.1429,41.9714
3789,9.77537,,162.286,77.2857,42.1429
3790,9.77872,,162.429,77.4286,42.3143
3791,9.78207,,162.571,77.5714,42.4857
3792,9.78542,,162.714,77.7143,42.6571
3793,9.78877,,162.857,77.8571,42.8286
3794,9.79212,,163,78,43
3795,9.79526,,163,78,43.0571
3796,9.7984,,163,78,43.1143
3797,9.80154,,163,78,43.1714
3798,9.80469,,163,78,43.2286
3799,9.80783,,163,78,43.2857
3800,9.81097,,163,78,43.3429
3801,9.81411,,163,78,43.4
3802,9.81719,,163,78,43.3429
3803,9.82027,,163,78,43.2857
3804,9.82335,,163,78,43.2286
3805,9.82642,,163,78,43.1714
3806,9.8295,,163,78,43.1143
3807,9.83258,,163,78,43.0571
3808,9.83566,,163,78,43
3809,9.83803,,163,74.5,42.8667
3810,9.84041,,163,71,42.7333
3811,9.84278,,163,67.5,42.6
3812,9.84515,,163,64,42.4667
3813,9.84753,,163,60.5,42.3333
3814,9.8499,,163,57,42.2
3815,9.85242,,162.778,59.2222,41.9778
3816,9.85495,,162.556,61.4444,41.7556
3817,9.85747,,162.333,63.6667,41.5333
3818,9.85999,,162.111,65.8889,41.3111
3819,9.86252,,161.889,68.1111,41.0889
3820,9.86504,,161.667,70.3333,40.8667
3821,9.86756,,161.444,72.5556,40.6444
3822,9.87009,,161.222,74.7778,40.4222
3823,9.87261,,161,77,40.2
3824,9.87582,,161.5,76.5,40.1
3825,9.87903,,162,76,40
3826,9.88251,,162.167,76,39.8
3827,9.886,,162.333,76,39.6
3828,9.88948,,162.5,76,39.4
3829,9.89296,,162.667,76,39.2
3830,9.89645,,162.833,76,39
3831,9.89993,,163,76,38.8
3832,9.90319,,162.857,76.1429,38.5714
3833,9.90645,,162.714,76.2857,38.3429
3834,9.90971,,162.571,76.4286,38.1143
3835,9.91297,,162.429,76.5714,37.8857
3836,9.91623,,162.286,76.7143,37.6571
3837,9.91949,,162.143,76.8571,37.4286
3838,9.92275,,162,77,37.2
3839,9.92582,,162,76.75,37.25
3840,9.9289,,162,76.5,37.3
3841,9.93197,,162,76.25,37.35
3842,9.93504,,162,76,37.4
3843,9.93848,,162,76.1667,37.3333
3844,9.94192,,162,76.3333,37.2667
3845,9.94536,,162,76.5,37.2
3846,9.9488,,162,76.6667,37.1333
3847,9.95224,,162,76.8333,37.0667
3848,9.95568,,162,77,37
3849,9.95888,,162.143,77,36.9714
3850,9.96208,,162.286,77,36.9429
3851,9.96528,,162.429,77,36.9143
3852,9.96847,,162.571,77,36.8857
3853,9.97167,,162.714,77,36.8571
3854,9.97487,,162.857,77,36.8286
3855,9.97807,,163,77,36.8
3856,9.9803,,162.889,75.5556,36.4889
3857,9.98254,,162.778,74.1111,36.1778
3858,9.98477,,162.667,72.6667,35.8667
3859,9.98701,,162.556,71.2222,35.5556
3860,9.98924,,162.444,69.7778,35.2444
3861,9.99148,,162.333,68.3333,34.9333
3862,9.99371,,162.222,66.8889,34.6222
3863,9.99595,,162.111,65.4444,34.3111
3864,9.99818,,162,64,34
3865,9.99975,,161.625,62.625,33.875
3866,10.0013,,161.25,61.25,33.75
3867,10.0029,,160.875,59.875,33.625
3868,10.0045,,160.5,58.5,33.5
3869,10.006,,160.125,57.125,33.375
3870,10.0076,,159.75,55.75,33.25
3871,10.0092,,159.375,54.375,33.125
3872,10.0107,,159,53,33
3873,10.0123,,158.333,52.3333,32.8667
3874,10.0139,,157.667,51.6667,32.7333
3875,10.0154,,157,51,32.6
3876,10.0169,,155.5,51.5,32.6
3877,10.0184,,154,52,32.6
3878,10.0197,,152.5,51.5,32.5
3879,10.0211,,151,51,32.4
3880,10.0225,,149.5,51,32.2
3881,10.0239,,148,51,32
3882,10.0256,,147,51,31.8
3883,10.0274,,146,51,31.6
3884,10.0288,,145.667,51,31.4667
3885,10.0303,,145.333,51,31.3333
3886,10.0318,,145,51,31.2
3887,10.0332,,145.333,51,31
3888,10.0347,,145.667,51,30.8
3889,10.0362,,146,51,30.6
3890,10.0376,,146.4,51,30.4
3891,10.0391,,146.8,51,30.2
3892,10.0406,,147.2,51,30
3893,10.0421,,147.6,51,29.8
3894,10.0436,,148,51,29.6
3895,10.0451,,148,51,29.5
3896,10.0466,,148,51,29.4
3897,10.0481,,148,51,29.3
3898,10.0495,,148,51,29.2
3899,10.051,,148,51,29.1
3900,10.0525,,148,51,29
3901,10.0541,,147.6,51,28.92
3902,10.0556,,147.2,51,28.84
3903,10.0571,,146.8,51,28.76
3904,10.0587,,146.4,51,28.68
3905,10.0602,,146,51,28.6
3906,10.0616,,145.5,51,28.5333
3907,10.063,,145,51,28.4667
3908,10.0644,,144.5,51,28.4
3909,10.0658,,144,51,28.3333
3910,10.0671,,143.5,51,28.2667
3911,10.0685,,143,51,28.2
3912,10.0697,,142.5,51,28
3913,10.0708,,142,51,27.8
3914,10.0722,,141.4,50.8,27.76
3915,10.0736,,140.8,50.6,27.72
3916,10.075,,140.2,50.4,27.68
3917,10.0764,,139.6,50.2,27.64
3918,10.0778,,139,50,27.6
3919,10.0791,,138.4,49.8,27.52
3920,10.0804,,137.8,49.6,27.44
3921,10.0818,,137.2,49.4,27.36
3922,10.0831,,136.6,49.2,27.28
3923,10.0845,,136,49,27.2
3924,10.0861,,135.5,49,27.1
3925,10.0877,,135,49,27
3926,10.0893,,134.5,49,26.9
3927,10.0908,,134,49,26.8
3928,10.0923,,133.727,49,26.7818
3929,10.0938,,133.455,49,26.7636
3930,10.0953,,133.182,49,26.7455
3931,10.0968,,132.909,49,26.7273
3932,10.0982,,132.636,49,26.7091
3933,10.0997,,132.364,49,26.6909
3934,10.1012,,132.091,49,26.6727
3935,10.1027,,131.818,49,26.6545
3936,10.1042,,131.545,49,26.6364
3937,10.1056,,131.273,49,26.6182
3938,10.1071,,131,49,26.6
3939,10.1084,,130.8,49.0667,26.6133
3940,10.1096,,130.6,49.1333,26.6267
3941,10.1109,,130.4,49.2,26.64
3942,10.1122,,130.2,49.2667,26.6533
3943,10.1135,,130,49.3333,26.6667
3944,10.1147,,129.8,49.4,26.68
3945,10.116,,129.6,49.4667,26.6933
3946,10.1173,,129.4,49.5333,26.7067
3947,10.1185,,129.2,49.6,26.72
3948,10.1198,,129,49.6667,26.7333
3949,10.1211,,128.8,49.7333,26.7467
3950,10.1223,,128.6,49.8,26.76
3951,10.1236,,128.4,49.8667,26.7733
3952,10.1249,,128.2,49.9333,26.7867
3953,10.1262,,128,50,26.8
3954,10.1273,,127.667,46,26.8
3955,10.1285,,127.333,42,26.8
3956,10.1297,,127,38,26.8
3957,10.1302,,127,36.5,26.7
3958,10.1306,,127,35,26.6
3959,10.1307,,127.333,23.3333,26.6667
3960,10.1308,,127.667,11.6667,26.7333
3961,10.1309,,128,0,26.8
4012,10.1309,,132,78,27
4013,10.1344,,133,78.3333,27.0667
4014,10.1379,,134,78.6667,27.1333
4015,10.1415,,135,79,27.2
4016,10.1453,,135.667,79,27.2667
4017,10.1492,,136.333,79,27.3333
4018,10.1531,,137,79,27.4
4019,10.1567,,137.75,79,27.4
4020,10.1603,,138.5,79,27.4
4021,10.164,,139.25,79,27.4
4022,10.1676,,140,79,27.4
4023,10.1708,,140.5,78.8333,27.7
4024,10.174,,141,78.6667,28
4025,10.1771,,141.5,78.5,28.3
4026,10.1803,,142,78.3333,28.6
4027,10.1835,,142.5,78.1667,28.9
4028,10.1866,,143,78,29.2
4029,10.1899,,143.429,78,29.4
4030,10.1932,,143.857,78,29.6
4031,10.1965,,144.286,78,29.8
4032,10.1998,,144.714,78,30
4033,10.2031,,145.143,78,30.2
4034,10.2064,,145.571,78,30.4
4035,10.2096,,146,78,30.6
4036,10.2127,,146.143,78,30.7429
4037,10.2158,,146.286,78,30.8857
4038,10.2189,,146.429,78,31.0286
4039,10.222,,146.571,78,31.1714
4040,10.225,,146.714,78,31.3143
4041,10.2281,,146.857,78,31.4571
4042,10.2312,,147,78,31.6
4043,10.2345,,147.286,77.8571,31.8
4044,10.2378,,147.571,77.7143,32
4045,10.2411,,147.857,77.5714,32.2
4046,10.2444,,148.143,77.4286,32.4
4047,10.2477,,148.429,77.2857,32.6
4048,10.251,,148.714,77.1429,32.8
4049,10.2543,,149,77,33
4050,10.2574,,149.286,77,33
4051,10.2605,,149.571,77,33
4052,10.2636,,149.857,77,33
4053,10.2666,,150.143,77,33
4054,10.2697,,150.429,77,33
4055,10.2728,,150.714,77,33
4056,10.2759,,151,77,33
4057,10.2788,,151.5,77,32.7333
4058,10.2817,,152,77,32.4667
4059,10.2846,,152.5,77,32.2
4060,10.2875,,153,77,31.9333
4061,10.2904,,153.5,77,31.6667
4062,10.2933,,154,77,31.4
4063,10.2963,,154.143,77.1429,31.1143
4064,10.2993,,154.286,77.2857,30.8286
4065,10.3023,,154.429,77.4286,30.5429
4066,10.3052,,154.571,77.5714,30.2571
4067,10.3082,,154.714,77.7143,29.9714
4068,10.3112,,154.857,77.8571,29.6857
4069,10.3142,,155,78,29.4
4070,10.3174,,154.857,78,29.4
4071,10.3207,,154.714,78,29.4
4072,10.3239,,154.571,78,29.4
4073,10.3271,,154.429,78,29.4
4074,10.3304,,154.286,78,29.4
4075,10.3336,,154.143,78,29.4
4076,10.3369,,154,78,29.4
4077,10.3399,,154,78,29.2
4078,10.343,,154,78,29
4079,10.346,,154,78,28.8
4080,10.3491,,154,78,28.6
4081,10.3521,,154,78,28.4
4082,10.3552,,154,78,28.2
4083,10.3582,,154,78,28
4084,10.3615,,154.286,78,27.7143
4085,10.3647,,154.571,78,27.4286
4086,10.3679,,154.857,78,27.1429
4087,10.3711,,155.143,78,26.8571
4088,10.3743,,155.429,78,26.5714
4089,10.3775,,155.714,78,26.2857
4090,10.3808,,156,78,26
4091,10.3838,,156.286,78,25.8286
4092,10.3869,,156.571,78,25.6571
4093,10.39,,156.857,78,25.4857
4094,10.3931,,157.143,78,25.3143
4095,10.3962,,157.429,78,25.1429
4096,10.3993,,157.714,78,24.9714
4097,10.4024,,158,78,24.8
4098,10.4048,,158,77.8889,24.5778
4099,10.4073,,158,77.7778,24.3556
4100,10.4097,,158,77.6667,24.1333
4101,10.4122,,158,77.5556,23.9111
4102,10.4146,,158,77.4444,23.6889
4103,10.4171,,158,77.3333,23.4667
4104,10.4196,,158,77.2222,23.2444
4105,10.422,,158,77.1111,23.0222
4106,10.4245,,158,77,22.8
4107,10.4279,,157.667,77.1667,22.5333
4108,10.4313,,157.333,77.3333,22.2667
4109,10.4347,,157,77.5,22
4110,10.4381,,156.667,77.6667,21.7333
4111,10.4415,,156.333,77.8333,21.4667
4112,10.4449,,156,78,21.2
4113,10.4486,,156,78,21.2333
4114,10.4524,,156,78,21.2667
4115,10.4561,,156,78,21.3
4116,10.4599,,156,78,21.3333
4117,10.4636,,156,78,21.3667
4118,10.4674,,156,78,21.4
4119,10.4708,,156,77.8333,21.6
4120,10.4743,,156,77.6667,21.8
4121,10.4777,,156,77.5,22
4122,10.4812,,156,77.3333,22.2
4123,10.4846,,156,77.1667,22.4
4124,10.4881,,156,77,22.6
4125,10.4916,,156,77.1667,22.4333
4126,10.4951,,156,77.3333,22.2667
4127,10.4986,,156,77.5,22.1
4128,10.5021,,156,77.6667,21.9333
4129,10.5056,,156,77.8333,21.7667
4130,10.5091,,156,78,21.6
4131,10.5125,,156.333,77.8333,21.7
4132,10.5158,,156.667,77.6667,21.8
4133,10.5192,,157,77.5,21.9
4134,10.5226,,157.333,77.3333,22
4135,10.526,,157.667,77.1667,22.1
4136,10.5294,,158,77,22.2
4137,10.5326,,158.143,77,22.6286
4138,10.5357,,158.286,77,23.0571
4139,10.5389,,158.429,77,23.4857
4140,10.542,,158.571,77,23.9143
4141,10.5452,,158.714,77,24.3429
4142,10.5483,,158.857,77,24.7714
4143,10.5515,,159,77,25.2
4144,10.5546,,159,77,25.4571
4145,10.5577,,159,77,25.7143
4146,10.5608,,159,77,25.9714
4147,10.5639,,159,77,26.2286
4148,10.567,,159,77,26.4857
4149,10.57,,159,77,26.7429
4150,10.5731,,159,77,27
4151,10.5767,,159,77,27.2667
4152,10.5803,,159,77,27.5333
4153,10.5839,,159,77,27.8
4154,10.5875,,159,77,28.0667
4155,10.5911,,159,77,28.3333
4156,10.5947,,159,77,28.6
4157,10.5986,,159,77,29.3333
4158,10.6024,,159,77,30.0667
4159,10.6062,,159,77,30.8
4160,10.61,,159,77,31.5333
4161,10.6139,,159,77,32.2667
4162,10.6177,,159,77,33
4163,10.6213,,159,77.1667,33.6
4164,10.6248,,159,77.3333,34.2
4165,10.6284,,159,77.5,34.8
4166,10.6319,,159,77.6667,35.4
4167,10.6355,,159,77.8333,36
4168,10.6391,,159,78,36.6
4169,10.6424,,159,77.8571,37.2571
4170,10.6457,,159,77.7143,37.9143
4171,10.649,,159,77.5714,38.5714
4172,10.6523,,159,77.4286,39.2286
4173,10.6556,,159,77.2857,39.8857
4174,10.6589,,159,77.1429,40.5429
4175,10.6622,,159,77,41.2
4176,10.6654,,158.857,77,41.8571
4177,10.6687,,158.714,77,42.5143
4178,10.672,,158.571,77,43.1714
4179,10.6753,,158.429,77,43.8286
4180,10.6786,,158.286,77,44.4857
4181,10.6818,,158.143,77,45.1429
4182,10.6851,,158,77,45.8
4183,10.6881,,158,77,45.9714
4184,10.691,,158,77,46.1429
4185,10.694,,158,77,46.3143
4186,10.6969,,158,77,46.4857
4187,10.6999,,158,77,46.6571
4188,10.7029,,158,77,46.8286
4189,10.7058,,158,77,47
4190,10.7091,,158,77,47.25
4191,10.7124,,158,77,47.5
4192,10.7156,,158,77,47.75
4193,10.7189,,158,77,48
4194,10.7225,,158,77,47.65
4195,10.7261,,158,77,47.3
4196,10.7296,,158,77,46.95
4197,10.7332,,158,77,46.6
4198,10.7354,,158.1,77.1,45.9
4199,10.7376,,158.2,77.2,45.2
4200,10.7399,,158.3,77.3,44.5
4201,10.7421,,158.4,77.4,43.8
4202,10.7443,,158.5,77.5,43.1
4203,10.7465,,158.6,77.6,42.4
4204,10.7487,,158.7,77.7,41.7
4205,10.751,,158.8,77.8,41
4206,10.7532,,158.9,77.9,40.3
4207,10.7554,,159,78,39.6
4208,10.7585,,159,78,39.2857
4209,10.7617,,159,78,38.9714
4210,10.7648,,159,78,38.6571
4211,10.7679,,159,78,38.3429
4212,10.7711,,159,78,38.0286
4213,10.7742,,159,78,37.7143
4214,10.7773,,159,78,37.4
4215,10.7807,,159,77.8571,37.1429
4216,10.784,,159,77.7143,36.8857
4217,10.7873,,159,77.5714,36.6286
4218,10.7906,,159,77.4286,36.3714
4219,10.794,,159,77.2857,36.1143
4220,10.7973,,159,77.1429,35.8571
4221,10.8006,,159,77,35.6
4222,10.8038,,159,77,35.4571
4223,10.8071,,159,77,35.3143
4224,10.8103,,159,77,35.1714
4225,10.8135,,159,77,35.0286
4226,10.8167,,159,77,34.8857
4227,10.8199,,159,77,34.7429
4228,10.8231,,159,77,34.6
4229,10.8265,,159,77,34.2333
4230,10.83,,159,77,33.8667
4231,10.8334,,159,77,33.5
4232,10.8368,,159,77,33.1333
4233,10.8402,,159,77,32.7667
4234,10.8436,,159,77,32.4
4235,10.8468,,159.143,77,32.1143
4236,10.8501,,159.286,77,31.8286
4237,10.8533,,159.429,77,31.5429
4238,10.8565,,159.571,77,31.2571
4239,10.8598,,159.714,77,30.9714
4240,10.863,,159.857,77,30.6857
4241,10.8663,,160,77,30.4
4242,10.8693,,160,77,30.1333
4243,10.8724,,160,77,29.8667
4244,10.8755,,160,77,29.6
4245,10.8787,,160,77,29.6571
4246,10.8819,,160,77,29.7143
4247,10.8851,,160,77,29.7714
4248,10.8883,,160,77,29.8286
4249,10.8915,,160,77,29.8857
4250,10.8947,,160,77,29.9429
4251,10.8979,,160,77,30
4252,10.9008,,160.125,77,30.05
4253,10.9037,,160.25,77,30.1
4254,10.9066,,160.375,77,30.15
4255,10.9095,,160.5,77,30.2
4256,10.9124,,160.625,77,30.25
4257,10.9153,,160.75,77,30.3
4258,10.9182,,160.875,77,30.35
4259,10.9211,,161,77,30.4
4260,10.924,,161,76.8571,30.4857
4261,10.9269,,161,76.7143,30.5714
4262,10.9299,,161,76.5714,30.6571
4263,10.9328,,161,76.4286,30.7429
4264,10.9358,,161,76.2857,30.8286
4265,10.9387,,161,76.1429,30.9143
4266,10.9416,,161,76,31
4267,10.9439,,161,76.1111,31.3333
4268,10.9461,,161,76.2222,31.6667
4269,10.9484,,161,76.3333,32
4270,10.9506,,161,76.4444,32.3333
4271,10.9528,,161,76.5556,32.6667
4272,10.9551,,161,76.6667,33
4273,10.9573,,161,76.7778,33.3333
4274,10.9596,,161,76.8889,33.6667
4275,10.9618,,161,77,34
4276,10.9647,,160.714,76.8571,34.7429
4277,10.9676,,160.429,76.7143,35.4857
4278,10.9706,,160.143,76.5714,36.2286
4279,10.9735,,159.857,76.4286,36.9714
4280,10.9764,,159.571,76.2857,37.7143
4281,10.9793,,159.286,76.1429,38.4571
4282,10.9822,,159,76,39.2
4283,10.9858,,159,76.1667,39.1
4284,10.9893,,159,76.3333,39
4285,10.9929,,159,76.5,38.9
4286,10.9964,,159,76.6667,38.8
4287,11,,159,76.8333,38.7
4288,11.0035,,159,77,38.6
4289,11.0069,,159,77,38.5
4290,11.0103,,159,77,38.4
4291,11.0137,,159,77,38.3
4292,11.0171,,159,77,38.2
4293,11.0205,,159,77,38.1
4294,11.0239,,159,77,38
4295,11.0272,,159,77,38.2
4296,11.0306,,159,77,38.4
4297,11.0339,,159,77,38.6
4298,11.0373,,159,77,38.8
4299,11.0406,,159,77,39
4300,11.044,,159,77,39.2
4301,11.0473,,159,77,39.4
4302,11.0504,,158.857,77,40.0571
4303,11.0534,,158.714,77,40.7143
4304,11.0564,,158.571,77,41.3714
4305,11.0594,,158.429,77,42.0286
4306,11.0624,,158.286,77,42.6857
4307,11.0655,,158.143,77,43.3429
4308,11.0685,,158,77,44
4309,11.072,,158.167,77,44.4667
4310,11.0756,,158.333,77,44.9333
4311,11.0791,,158.5,77,45.4
4312,11.0826,,158.667,77,45.8667
4313,11.0862,,158.833,77,46.3333
4314,11.0897,,159,77,46.8
4315,11.0935,,159,77,47.5667
4316,11.0973,,159,77,48.3333
4317,11.1011,,159,77,49.1
4318,11.1048,,159,77,49.8667
4319,11.1086,,159,77,50.6333
4320,11.1124,,159,77,51.4
4321,11.1157,,159.143,77.1429,51.5714
4322,11.119,,159.286,77.2857,51.7429
4323,11.1223,,159.429,77.4286,51.9143
4324,11.1256,,159.571,77.5714,52.0857
4325,11.1289,,159.714,77.7143,52.2571
4326,11.1322,,159.857,77.8571,52.4286
4327,11.1355,,160,78,52.6
4328,11.1386,,160,78,52.4286
4329,11.1417,,160,78,52.2571
4330,11.1447,,160,78,52.0857
4331,11.1478,,160,78,51.9143
4332,11.1509,,160,78,51.7429
4333,11.154,,160,78,51.5714
4334,11.1571,,160,78,51.4
4335,11.1611,,159.833,77.8333,51.9
4336,11.1651,,159.667,77.6667,52.4
4337,11.1691,,159.5,77.5,52.9
4338,11.1731,,159.333,77.3333,53.4
4339,11.1771,,159.167,77.1667,53.9
4340,11.1811,,159,77,54.4
4341,11.1849,,159.167,77,55.4
4342,11.1888,,159.333,77,56.4
4343,11.1926,,159.5,77,57.4
4344,11.1965,,159.667,77,58.4
4345,11.2003,,159.833,77,59.4
4346,11.2042,,160,77,60.4
4347,11.2082,,160,77.2,61.36
4348,11.2123,,160,77.4,62.32
4349,11.2163,,160,77.6,63.28
4350,11.2204,,160,77.8,64.24
4351,11.2245,,160,78,65.2
4352,11.228,,160.167,77.8333,65.7
4353,11.2315,,160.333,77.6667,66.2
4354,11.235,,160.5,77.5,66.7
4355,11.2385,,160.667,77.3333,67.2
4356,11.242,,160.833,77.1667,67.7
4357,11.2455,,161,77,68.2
4358,11.2485,,160.857,76.8571,68.6857
4359,11.2516,,160.714,76.7143,69.1714
4360,11.2546,,160.571,76.5714,69.6571
4361,11.2576,,160.429,76.4286,70.1429
4362,11.2606,,160.286,76.2857,70.6286
4363,11.2636,,160.143,76.1429,71.1143
4364,11.2666,,160,76,71.6
4365,11.2683,,159.8,71.4,72
4366,11.2699,,159.6,66.8,72.4
4367,11.2716,,159.4,62.2,72.8
4368,11.2732,,159.2,57.6,73.2
4369,11.2749,,159,53,73.6
4370,11.2762,,158.75,53,73.4
4371,11.2775,,158.5,53,73.2
4372,11.2789,,158.25,53,73
4373,11.2802,,158,53,72.8
4374,11.2832,,158,53,71.7429
4375,11.2863,,158,53,70.6857
4376,11.2893,,158,53,69.6286
4377,11.2923,,158,53,68.5714
4378,11.2954,,158,53,67.5143
4379,11.2984,,158,53,66.4571
4380,11.3014,,158,53,65.4
4381,11.3015,,158,52,64.6
4382,11.3027,,157.5,52,64.3
4383,11.3039,,157,52,64
4384,11.3057,,156.667,52,63.5333
4385,11.3075,,156.333,52,63.0667
4386,11.3094,,156,52,62.6
4387,11.3112,,155.571,52,62.3714
4388,11.3131,,155.143,52,62.1429
4389,11.315,,154.714,52,61.9143
4390,11.3169,,154.286,52,61.6857
4391,11.3188,,153.857,52,61.4571
4392,11.3206,,153.429,52,61.2286
4393,11.3225,,153,52,61
4394,11.3241,,153,52.25,61.3
4395,11.3256,,153,52.5,61.6
4396,11.3272,,153,52.75,61.9
4397,11.3288,,153,53,62.2
4398,11.3299,,153,53,62.45
4399,11.3311,,153,53,62.7
4400,11.3322,,153,53,62.95
4401,11.3334,,153,53,63.2
4402,11.3341,,152.8,53,62.76
4403,11.3349,,152.6,53,62.32
4404,11.3357,,152.4,53,61.88
4405,11.3365,,152.2,53,61.44
4406,11.3373,,152,53,61
4407,11.3381,,151.8,53,60.56
4408,11.3389,,151.6,53,60.12
4409,11.3397,,151.4,53,59.68
4410,11.3404,,151.2,53,59.24
4411,11.3412,,151,53,58.8
4412,11.3412,,150.833,53,58.3
4413,11.3412,,150.667,53,57.8
4414,11.3412,,150.5,53,57.3
4415,11.3412,,150.333,53,56.8
4416,11.3412,,150.167,53,56.3
4417,11.3412,,150,53,55.8
4418,11.3433,,149,53.6667,55.3333
4419,11.3453,,148,54.3333,54.8667
4420,11.3474,,147,55,54.4
4421,11.3491,,146.5,55,54.2
4422,11.3509,,146,55,54
4423,11.3526,,145.5,55,53.8
4424,11.3544,,145,55,53.6
4425,11.3562,,144.5,55,53.4
4426,11.3579,,144,55,53.2
4427,11.3596,,144,55.5,52.8
4428,11.3614,,144,56,52.4
4429,11.3628,,143.4,57.2,52.2
4430,11.3643,,142.8,58.4,52
4431,11.3657,,142.2,59.6,51.8
4432,11.3672,,141.6,60.8,51.6
4433,11.3686,,141,62,51.4
4434,11.3701,,140.7,61.4,51.26
4435,11.3716,,140.4,60.8,51.12
4436,11.3732,,140.1,60.2,50.98
4437,11.3747,,139.8,59.6,50.84
4438,11.3762,,139.5,59,50.7
4439,11.3777,,139.2,58.4,50.56
4440,11.3792,,138.9,57.8,50.42
4441,11.3808,,138.6,57.2,50.28
4442,11.3823,,138.3,56.6,50.14
4443,11.3838,,138,56,50
4444,11.3854,,137.571,55.8571,49.9143
4445,11.387,,137.143,55.7143,49.8286
4446,11.3887,,136.714,55.5714,49.7429
4447,11.3903,,136.286,55.4286,49.6571
4448,11.3919,,135.857,55.2857,49.5714
4449,11.3935,,135.429,55.1429,49.4857
4450,11.3951,,135,55,49.4
4451,11.3969,,134.4,54.8,49.48
4452,11.3987,,133.8,54.6,49.56
4453,11.4005,,133.2,54.4,49.64
4454,11.4023,,132.6,54.2,49.72
4455,11.404,,132,54,49.8
4456,11.4058,,132,54,49.76
4457,11.4076,,132,54,49.72
4458,11.4094,,132,54,49.68
4459,11.4112,,132,54,49.64
4460,11.413,,132,54,49.6
4461,11.4146,,131.75,53.75,49.5
4462,11.4162,,131.5,53.5,49.4
4463,11.4178,,131.25,53.25,49.3
4464,11.4194,,131,53,49.2
4465,11.4207,,130.75,52.75,49
4466,11.422,,130.5,52.5,48.8
4467,11.4233,,130.25,52.25,48.6
4468,11.4246,,130,52,48.4
4469,11.4264,,130,52,48.6
4470,11.4282,,129.667,52,48.4
4471,11.43,,129.333,52,48.2
4472,11.4318,,129,52,48
4473,11.4326,,129,52,47.4
4474,11.4334,,129.5,52,47.2
4475,11.4341,,130,52,47
4476,11.4356,,129.8,52,46.92
4477,11.4371,,129.6,52,46.84
4478,11.4387,,129.4,52,46.76
4479,11.4402,,129.2,52,46.68
4480,11.4417,,129,52,46.6
4481,11.4431,,130,52,46.6
4482,11.4445,,130,52,46.5333
4483,11.4459,,130,52,46.4667
4484,11.4473,,130,52,46.4
4485,11.4488,,129.5,52,46.4
4486,11.4503,,129,52,46.4
4487,11.4515,,129,52,46.24
4488,11.4527,,129,52,46.08
4489,11.4539,,129,52,45.92
4490,11.4551,,129,52,45.76
4491,11.4563,,129,52,45.6
4492,11.457,,129,52,45.3
4493,11.4577,,129,52,45
4494,11.4581,,129,52,44.6
4495,11.4587,,129.5,52,44.5
4496,11.4594,,130,52,44.4
4527,11.4594,,127,48,43.8
4528,11.4605,,126,48,43.8
4529,11.4617,,125,48,43.8
4530,11.4629,,124,48,43.8
4531,11.4641,,123,47,43.8
4532,11.4647,,122,43.5,43.8
4533,11.4653,,121,40,43.8
4534,11.4653,,120.8,41.2,43.8
4535,11.4653,,120.6,42.4,43.8
4536,11.4653,,120.4,43.6,43.8
4537,11.4653,,120.2,44.8,43.8
4538,11.4653,,120,46,43.8
4539,11.4665,,120,46,43.76
4540,11.4677,,120,46,43.72
4541,11.469,,120,46,43.68
4542,11.4702,,120,46,43.64
4543,11.4714,,120,46,43.6
