secs,km,power,hr,cad,alt
0,0,,69,0,33.8
1,0.0003,,69,0,33.8
2,0.000556667,,68.6667,0,33.8667
3,0.000813333,,68.3333,0,33.9333
4,0.00107,,68,0,34
5,0.00107,,68.2857,3.80952,34.1238
6,0.00107,,68.5714,7.61905,34.2476
7,0.00107,,68.8571,11.4286,34.3714
8,0.00107,,69.1429,15.2381,34.4952
9,0.00107,,69.4286,19.0476,34.619
10,0.00107,,69.7143,22.8571,34.7429
11,0.00107,,70,26.6667,34.8667
12,0.00107,,70.2857,30.4762,34.9905
13,0.00107,,70.5714,34.2857,35.1143
14,0.00107,,70.8571,38.0952,35.2381
15,0.00107,,71.1429,41.9048,35.3619
16,0.00107,,71.4286,45.7143,35.4857
17,0.00107,,71.7143,49.5238,35.6095
18,0.00107,,72,53.3333,35.7333
19,0.00107,,72.2857,57.1429,35.8571
20,0.00107,,72.5714,60.9524,35.981
21,0.00107,,72.8571,64.7619,36.1048
22,0.00107,,73.1429,68.5714,36.2286
23,0.00107,,73.4286,72.381,36.3524
24,0.00107,,73.7143,76.1905,36.4762
25,0.00107,,74,80,36.6
26,0.004215,,75.5,80.5,36.7
27,0.00736,,77,81,36.8
28,0.01056,,78.5,81,37
29,0.01376,,80,81,37.2
30,0.0171,,83,81,37.2
31,0.020725,,85.5,81,37.2
32,0.02435,,88,81,37.2
33,0.028145,,90,81,37.2
34,0.03194,,92,81,37.2
35,0.03574,,93.5,81.5,37.1
36,0.03954,,95,82,37
37,0.04358,,98,82,37
38,0.04711,,100,81.5,37.1
39,0.05064,,102,81,37.2
40,0.0542633,,103,80.6667,37.2667
41,0.0578867,,104,80.3333,37.3333
42,0.06151,,105,80,37.4
43,0.0651433,,105.333,80.1667,37.4333
44,0.0687767,,105.667,80.3333,37.4667
45,0.07241,,106,80.5,37.5
46,0.0760433,,106.333,80.6667,37.5333
47,0.0796767,,106.667,80.8333,37.5667
48,0.08331,,107,81,37.6
49,0.086992,,107.6,81.2,37.4
50,0.090674,,108.2,81.4,37.2
51,0.094356,,108.8,81.6,37
52,0.098038,,109.4,81.8,36.8
53,0.10172,,110,82,36.6
54,0.10508,,111,81.6667,36.4667
55,0.10844,,112,81.3333,36.3333
56,0.1118,,113,81,36.2
57,0.115202,,113.6,81.2,35.72
58,0.118604,,114.2,81.4,35.24
59,0.122006,,114.8,81.6,34.76
60,0.125408,,115.4,81.8,34.28
61,0.12881,,116,82,33.8
62,0.13227,,116.167,81.8333,33.8
63,0.13573,,116.333,81.6667,33.8
64,0.13919,,116.5,81.5,33.8
65,0.14265,,116.667,81.3333,33.8
66,0.14611,,116.833,81.1667,33.8
67,0.14957,,117,81,33.8
68,0.15314,,120,81,33.8
69,0.15666,,122,81,34
70,0.16018,,124,81,34.2
71,0.16404,,127,81,34.4
72,0.1674,,129,81,34.5
73,0.17076,,131,81,34.6
74,0.174127,,132,81,34.4667
75,0.177493,,133,81,34.3333
76,0.18086,,134,81,34.2
77,0.18401,,134.2,81,33.96
78,0.18716,,134.4,81,33.72
79,0.19031,,134.6,81,33.48
80,0.19346,,134.8,81,33.24
81,0.19661,,135,81,33
82,0.200045,,135.5,81,32.8
83,0.20348,,136,81,32.6
84,0.206915,,136.5,81,32.4
85,0.21035,,137,81,32.2
86,0.21379,,137.6,81,32.12
87,0.21723,,138.2,81,32.04
88,0.22067,,138.8,81,31.96
89,0.22411,,139.4,81,31.88
90,0.22755,,140,81,31.8
91,0.231173,,140.333,81,31.7667
92,0.234797,,140.667,81,31.7333
93,0.23842,,141,81,31.7
94,0.242043,,141.333,81,31.6667
95,0.245667,,141.667,81,31.6333
96,0.24929,,142,81,31.6
97,0.25255,,142.286,81,31.7143
98,0.25581,,142.571,81,31.8286
99,0.25907,,142.857,81,31.9429
100,0.26233,,143.143,81,32.0571
101,0.26559,,143.429,81,32.1714
102,0.26885,,143.714,81,32.2857
103,0.27211,,144,81,32.4
104,0.27475,,144,81,32.6
105,0.27739,,144,81,32.8
106,0.27952,,144.75,81,33.05
107,0.28165,,145.5,81,33.3
108,0.28378,,146.25,81,33.55
109,0.28591,,147,81,33.8
110,0.289015,,147.25,80.75,34.05
111,0.29212,,147.5,80.5,34.3
112,0.295225,,147.75,80.25,34.55
113,0.29833,,148,80,34.8
114,0.30167,,148,80.1429,35.0571
115,0.30501,,148,80.2857,35.3143
116,0.30835,,148,80.4286,35.5714
117,0.31169,,148,80.5714,35.8286
118,0.31503,,148,80.7143,36.0857
119,0.31837,,148,80.8571,36.3429
120,0.32171,,148,81,36.6
121,0.324823,,148.75,81,36.9
122,0.327935,,149.5,81,37.2
123,0.331047,,150.25,81,37.5
124,0.33416,,151,81,37.8
125,0.337146,,151.143,81,38
126,0.340131,,151.286,81,38.2
127,0.343117,,151.429,81,38.4
128,0.346103,,151.571,81,38.6
129,0.349089,,151.714,81,38.8
130,0.352074,,151.857,81,39
131,0.35506,,152,81,39.2
132,0.35782,,151.875,80.875,39.325
133,0.36058,,151.75,80.75,39.45
134,0.36334,,151.625,80.625,39.575
135,0.3661,,151.5,80.5,39.7
136,0.36886,,151.375,80.375,39.825
137,0.37162,,151.25,80.25,39.95
138,0.37438,,151.125,80.125,40.075
139,0.37714,,151,80,40.2
140,0.380505,,151.5,80,40.3
141,0.38387,,152,80,40.4
142,0.387235,,152.5,80,40.5
143,0.3906,,153,80,40.6
144,0.393965,,153.5,80,40.7
145,0.39733,,154,80,40.8
146,0.4007,,154,80.5,40.2
147,0.40407,,154,81,39.6
148,0.406936,,154,81,39.5143
149,0.409801,,154,81,39.4286
150,0.412667,,154,81,39.3429
151,0.415533,,154,81,39.2571
152,0.418399,,154,81,39.1714
153,0.421264,,154,81,39.0857
154,0.42413,,154,81,39
155,0.427993,,154.333,81,39.0333
156,0.431857,,154.667,81,39.0667
157,0.43572,,155,81,39.1
158,0.439583,,155.333,81,39.1333
159,0.443447,,155.667,81,39.1667
160,0.44731,,156,81,39.2
161,0.45094,,156.5,81,39.2
162,0.45457,,157,81,39.2
163,0.457952,,156.833,81,39.4333
164,0.461333,,156.667,81,39.6667
165,0.464715,,156.5,81,39.9
166,0.468097,,156.333,81,40.1333
167,0.471478,,156.167,81,40.3667
168,0.47486,,156,81,40.6
169,0.47856,,157,81,40.4
170,0.481795,,157,81,40.2
171,0.48503,,157,81,40
172,0.488788,,157.167,81,39.7667
173,0.492547,,157.333,81,39.5333
174,0.496305,,157.5,81,39.3
175,0.500063,,157.667,81,39.0667
176,0.503822,,157.833,81,38.8333
177,0.50758,,158,81,38.6
178,0.510945,,158.167,81,38.7667
179,0.51431,,158.333,81,38.9333
180,0.517675,,158.5,81,39.1
181,0.52104,,158.667,81,39.2667
182,0.524405,,158.833,81,39.4333
183,0.52777,,159,81,39.6
184,0.531248,,159,81,39.9
185,0.534727,,159,81,40.2
186,0.538205,,159,81,40.5
187,0.541683,,159,81,40.8
188,0.545162,,159,81,41.1
189,0.54864,,159,81,41.4
190,0.552075,,159.167,81,41.7333
191,0.55551,,159.333,81,42.0667
192,0.558945,,159.5,81,42.4
193,0.56238,,159.667,81,42.7333
194,0.565815,,159.833,81,43.0667
195,0.56925,,160,81,43.4
196,0.572822,,160,81,43.8333
197,0.576393,,160,81,44.2667
198,0.579965,,160,81,44.7
199,0.583537,,160,81,45.1333
200,0.587108,,160,81,45.5667
201,0.59068,,160,81,46
202,0.594064,,159.857,81.1429,46.3143
203,0.597449,,159.714,81.2857,46.6286
204,0.600833,,159.571,81.4286,46.9429
205,0.604217,,159.429,81.5714,47.2571
206,0.607601,,159.286,81.7143,47.5714
207,0.610986,,159.143,81.8571,47.8857
208,0.61437,,159,82,48.2
209,0.61797,,158.833,81.8333,48.3
210,0.62157,,158.667,81.6667,48.4
211,0.62517,,158.5,81.5,48.5
212,0.62877,,158.333,81.3333,48.6
213,0.63237,,158.167,81.1667,48.7
214,0.63597,,158,81,48.8
215,0.639625,,158,81.1667,49
216,0.64328,,158,81.3333,49.2
217,0.646935,,158,81.5,49.4
218,0.65059,,158,81.6667,49.6
219,0.654245,,158,81.8333,49.8
220,0.6579,,158,82,50
221,0.661627,,157.833,82,50.2333
222,0.665353,,157.667,82,50.4667
223,0.66908,,157.5,82,50.7
224,0.672807,,157.333,82,50.9333
225,0.676533,,157.167,82,51.1667
226,0.68026,,157,82,51.4
227,0.683712,,157.167,81.8333,51.3667
228,0.687163,,157.333,81.6667,51.3333
229,0.690615,,157.5,81.5,51.3
230,0.694067,,157.667,81.3333,51.2667
231,0.697518,,157.833,81.1667,51.2333
232,0.70097,,158,81,51.2
233,0.70439,,159,81.3333,51.0667
234,0.70781,,160,81.6667,50.9333
235,0.71123,,161,82,50.8
236,0.714035,,160.875,82,50.675
237,0.71684,,160.75,82,50.55
238,0.719645,,160.625,82,50.425
239,0.72245,,160.5,82,50.3
240,0.725255,,160.375,82,50.175
241,0.72806,,160.25,82,50.05
242,0.730865,,160.125,82,49.925
243,0.73367,,160,82,49.8
244,0.736849,,160,82,49.8286
245,0.740027,,160,82,49.8571
246,0.743206,,160,82,49.8857
247,0.746384,,160,82,49.9143
248,0.749563,,160,82,49.9429
249,0.752741,,160,82,49.9714
250,0.75592,,160,82,50
251,0.759627,,160.333,82,50.2333
252,0.763333,,160.667,82,50.4667
253,0.76704,,161,82,50.7
254,0.770747,,161.333,82,50.9333
255,0.774453,,161.667,82,51.1667
256,0.77816,,162,82,51.4
257,0.781091,,162.143,81.8571,51.5714
258,0.784023,,162.286,81.7143,51.7429
259,0.786954,,162.429,81.5714,51.9143
260,0.789886,,162.571,81.4286,52.0857
261,0.792817,,162.714,81.2857,52.2571
262,0.795749,,162.857,81.1429,52.4286
263,0.79868,,163,81,52.6
264,0.802,,163,81,52.6
265,0.80516,,163,81,52.8
266,0.808545,,163,81.1667,53
267,0.81193,,163,81.3333,53.2
268,0.815315,,163,81.5,53.4
269,0.8187,,163,81.6667,53.6
270,0.822085,,163,81.8333,53.8
271,0.82547,,163,82,54
272,0.828743,,163,81.8571,54.0571
273,0.832016,,163,81.7143,54.1143
274,0.835289,,163,81.5714,54.1714
275,0.838561,,163,81.4286,54.2286
276,0.841834,,163,81.2857,54.2857
277,0.845107,,163,81.1429,54.3429
278,0.84838,,163,81,54.4
279,0.851373,,163,81,54.6857
280,0.854366,,163,81,54.9714
281,0.857359,,163,81,55.2571
282,0.860351,,163,81,55.5429
283,0.863344,,163,81,55.8286
284,0.866337,,163,81,56.1143
285,0.86933,,163,81,56.4
286,0.87223,,163,81.1429,56.5143
287,0.87513,,163,81.2857,56.6286
288,0.87803,,163,81.4286,56.7429
289,0.88093,,163,81.5714,56.8571
290,0.88383,,163,81.7143,56.9714
291,0.88673,,163,81.8571,57.0857
292,0.88963,,163,82,57.2
293,0.89292,,163,82,57.1429
294,0.89621,,163,82,57.0857
295,0.8995,,163,82,57.0286
296,0.90279,,163,82,56.9714
297,0.90608,,163,82,56.9143
298,0.90937,,163,82,56.8571
299,0.91266,,163,82,56.8
300,0.91609,,163.167,82,56.9333
301,0.91952,,163.333,82,57.0667
302,0.92295,,163.5,82,57.2
303,0.92638,,163.667,82,57.3333
304,0.92981,,163.833,82,57.4667
305,0.93324,,164,82,57.6
306,0.936927,,163.667,82,57.5
307,0.940613,,163.333,82,57.4
308,0.9443,,163,82,57.3
309,0.947987,,162.667,82,57.2
310,0.951673,,162.333,82,57.1
311,0.95536,,162,82,57
312,0.958643,,162,82,56.8857
313,0.961926,,162,82,56.7714
314,0.965209,,162,82,56.6571
315,0.968491,,162,82,56.5429
316,0.971774,,162,82,56.4286
317,0.975057,,162,82,56.3143
318,0.97834,,162,82,56.2
319,0.981206,,162,82,56.025
320,0.984073,,162,82,55.85
321,0.986939,,162,82,55.675
322,0.989805,,162,82,55.5
323,0.992671,,162,82,55.325
324,0.995538,,162,82,55.15
325,0.998404,,162,82,54.975
326,1.00127,,162,82,54.8
327,1.0053,,161.6,81.8,54.72
328,1.00934,,161.2,81.6,54.64
329,1.01337,,160.8,81.4,54.56
330,1.01741,,160.4,81.2,54.48
331,1.02144,,160,81,54.4
332,1.02534,,159.833,81.1667,53.9
333,1.02924,,159.667,81.3333,53.4
334,1.03313,,159.5,81.5,52.9
335,1.03703,,159.333,81.6667,52.4
336,1.04093,,159.167,81.8333,51.9
337,1.04483,,159,82,51.4
338,1.04827,,159.167,82,50.7333
339,1.05171,,159.333,82,50.0667
340,1.05514,,159.5,82,49.4
341,1.05858,,159.667,82,48.7333
342,1.06202,,159.833,82,48.0667
343,1.06546,,160,82,47.4
344,1.06831,,159.5,82,47
345,1.07115,,159,82,46.6
346,1.074,,158.5,82,46.2
347,1.07685,,158,82,45.8
348,1.07969,,157.5,82,45.4
349,1.08254,,157,82,45
350,1.08584,,156.857,81.8571,44.6571
351,1.08914,,156.714,81.7143,44.3143
352,1.09244,,156.571,81.5714,43.9714
353,1.09573,,156.429,81.4286,43.6286
354,1.09903,,156.286,81.2857,43.2857
355,1.10233,,156.143,81.1429,42.9429
356,1.10563,,156,81,42.6
357,1.10937,,155.5,81.3333,42.0333
358,1.11311,,155,81.6667,41.4667
359,1.11685,,154.5,82,40.9
360,1.1206,,154,82.3333,40.3333
361,1.12434,,153.5,82.6667,39.7667
362,1.12808,,153,83,39.2
363,1.1317,,152.833,82.8333,39
364,1.13532,,152.667,82.6667,38.8
365,1.13894,,152.5,82.5,38.6
366,1.14255,,152.333,82.3333,38.4
367,1.14617,,152.167,82.1667,38.2
368,1.14979,,152,82,38
369,1.15287,,152.143,81.8571,37.5714
370,1.15596,,152.286,81.7143,37.1429
371,1.15904,,152.429,81.5714,36.7143
372,1.16213,,152.571,81.4286,36.2857
373,1.16521,,152.714,81.2857,35.8571
374,1.1683,,152.857,81.1429,35.4286
375,1.17138,,153,81,35
376,1.17478,,152.667,81,34.9
377,1.17819,,152.333,81,34.8
378,1.1816,,152,81,34.7
379,1.185,,151.667,81,34.6
380,1.1884,,151.333,81,34.5
381,1.19181,,151,81,34.4
382,1.19534,,150.6,81,34.4
383,1.19887,,150.2,81,34.4
384,1.20241,,149.8,81,34.4
385,1.20594,,149.4,81,34.4
386,1.20947,,149,81,34.4
387,1.21193,,148.25,80.5,34.4
388,1.21439,,147.5,80,34.4
389,1.21684,,146.75,79.5,34.4
390,1.2193,,146,79,34.4
391,1.22022,,144.5,83,34.4
392,1.22113,,143,87,34.4
393,1.2242,,142,85.6667,34.6
394,1.22728,,141,84.3333,34.8
395,1.23035,,140,83,35
396,1.23371,,139.667,82.6667,35.1
397,1.23707,,139.333,82.3333,35.2
398,1.24043,,139,82,35.3
399,1.24379,,138.667,81.6667,35.4
400,1.24715,,138.333,81.3333,35.5
401,1.25051,,138,81,35.6
402,1.25291,,137.667,81,35.8
403,1.25531,,137.333,81,36
404,1.25771,,137,81,36.2
405,1.26065,,136.857,81.1429,36.6571
406,1.2636,,136.714,81.2857,37.1143
407,1.26654,,136.571,81.4286,37.5714
408,1.26948,,136.429,81.5714,38.0286
409,1.27242,,136.286,81.7143,38.4857
410,1.27537,,136.143,81.8571,38.9429
411,1.27831,,136,82,39.4
412,1.28117,,135.857,82,39.8
413,1.28404,,135.714,82,40.2
414,1.2869,,135.571,82,40.6
415,1.28976,,135.429,82,41
416,1.29262,,135.286,82,41.4
417,1.29549,,135.143,82,41.8
418,1.29835,,135,82,42.2
419,1.30131,,134.857,82,42.5429
420,1.30427,,134.714,82,42.8857
421,1.30723,,134.571,82,43.2286
422,1.31018,,134.429,82,43.5714
423,1.31314,,134.286,82,43.9143
424,1.3161,,134.143,82,44.2571
425,1.31906,,134,82,44.6
426,1.32219,,134.143,82,44.7429
427,1.32531,,134.286,82,44.8857
428,1.32844,,134.429,82,45.0286
429,1.33156,,134.571,82,45.1714
430,1.33469,,134.714,82,45.3143
431,1.33781,,134.857,82,45.4571
432,1.34094,,135,82,45.6
433,1.34479,,135,81.8333,45.6333
434,1.34864,,135,81.6667,45.6667
435,1.35249,,135,81.5,45.7
436,1.35633,,135,81.3333,45.7333
437,1.36018,,135,81.1667,45.7667
438,1.36403,,135,81,45.8
439,1.36691,,134.667,81.1667,46.0333
440,1.36979,,134.333,81.3333,46.2667
441,1.37268,,134,81.5,46.5
442,1.37556,,133.667,81.6667,46.7333
443,1.37844,,133.333,81.8333,46.9667
444,1.38132,,133,82,47.2
445,1.38457,,132,81.75,47.35
446,1.38783,,131,81.5,47.5
447,1.39108,,130,81.25,47.65
448,1.39433,,129,81,47.8
449,1.39705,,127.5,81,48.1
450,1.39978,,126,81,48.4
451,1.40237,,126,81,48.4
452,1.40542,,126.6,81,48.48
453,1.40847,,127.2,81,48.56
454,1.41152,,127.8,81,48.64
455,1.41457,,128.4,81,48.72
456,1.41762,,129,81,48.8
457,1.42077,,129.75,81.25,49
458,1.42391,,130.5,81.5,49.2
459,1.42705,,131.25,81.75,49.4
460,1.4302,,132,82,49.6
461,1.43506,,132.75,82,48.7
462,1.43992,,133.5,82,47.8
463,1.44477,,134.25,82,46.9
464,1.44963,,135,82,46
465,1.45413,,135.4,82,46.32
466,1.45863,,135.8,82,46.64
467,1.46312,,136.2,82,46.96
468,1.46762,,136.6,82,47.28
469,1.47212,,137,82,47.6
470,1.47603,,137.167,81.8333,47.8333
471,1.47994,,137.333,81.6667,48.0667
472,1.48385,,137.5,81.5,48.3
473,1.48776,,137.667,81.3333,48.5333
474,1.49167,,137.833,81.1667,48.7667
475,1.49558,,138,81,49
476,1.50011,,138.2,80.8,48.6
477,1.50464,,138.4,80.6,48.2
478,1.50916,,138.6,80.4,47.8
479,1.51369,,138.8,80.2,47.4
480,1.51822,,139,80,47
481,1.52231,,139.2,80.2,46.88
482,1.5264,,139.4,80.4,46.76
483,1.53049,,139.6,80.6,46.64
484,1.53458,,139.8,80.8,46.52
485,1.53867,,140,81,46.4
486,1.5424,,140,81,46.6333
487,1.54613,,140,81,46.8667
488,1.54985,,140,81,47.1
489,1.55358,,140,81,47.3333
490,1.55731,,140,81,47.5667
491,1.56104,,140,81,47.8
492,1.56475,,140.167,81,47.8667
493,1.56847,,140.333,81,47.9333
494,1.57218,,140.5,81,48
495,1.5759,,140.667,81,48.0667
496,1.57961,,140.833,81,48.1333
497,1.58333,,141,81,48.2
498,1.58707,,141,81,47.9667
499,1.59081,,141,81,47.7333
500,1.59455,,141,81,47.5
501,1.59828,,141,81,47.2667
502,1.60202,,141,81,47.0333
503,1.60576,,141,81,46.8
504,1.6097,,141,81,46.4
505,1.61343,,140.833,81,45.9667
506,1.61716,,140.667,81,45.5333
507,1.62089,,140.5,81,45.1
508,1.62463,,140.333,81,44.6667
509,1.62836,,140.167,81,44.2333
510,1.63209,,140,81,43.8
511,1.63578,,140.167,81,43.5
512,1.63948,,140.333,81,43.2
513,1.64317,,140.5,81,42.9
514,1.64686,,140.667,81,42.6
515,1.65056,,140.833,81,42.3
516,1.65425,,141,81,42
517,1.65783,,141,81.1667,41.9
518,1.66142,,141,81.3333,41.8
519,1.665,,141,81.5,41.7
520,1.66859,,141,81.6667,41.6
521,1.67217,,141,81.8333,41.5
522,1.67576,,141,82,41.4
523,1.67921,,141,81.8333,41.2
524,1.68266,,141,81.6667,41
525,1.68612,,141,81.5,40.8
526,1.68957,,141,81.3333,40.6
527,1.69302,,141,81.1667,40.4
528,1.69647,,141,81,40.2
529,1.69996,,140.833,81.1667,40.1667
530,1.70346,,140.667,81.3333,40.1333
531,1.70695,,140.5,81.5,40.1
532,1.71044,,140.333,81.6667,40.0667
533,1.71394,,140.167,81.8333,40.0333
534,1.71743,,140,82,40
535,1.72099,,140,81.8333,39.9333
536,1.72454,,140,81.6667,39.8667
537,1.7281,,140,81.5,39.8
538,1.73166,,140,81.3333,39.7333
539,1.73521,,140,81.1667,39.6667
540,1.73877,,140,81,39.6
541,1.74208,,140,81.1429,39.5143
542,1.74539,,140,81.2857,39.4286
543,1.7487,,140,81.4286,39.3429
544,1.75201,,140,81.5714,39.2571
545,1.75532,,140,81.7143,39.1714
546,1.75863,,140,81.8571,39.0857
547,1.76194,,140,82,39
548,1.76541,,140,82,38.9
549,1.76889,,140,82,38.8
550,1.77237,,140,82,38.7
551,1.77584,,140,82,38.6
552,1.77931,,140,82,38.5
553,1.78279,,140,82,38.4
554,1.78602,,139.857,82,38.7143
555,1.78925,,139.714,82,39.0286
556,1.79248,,139.571,82,39.3429
557,1.79571,,139.429,82,39.6571
558,1.79894,,139.286,82,39.9714
559,1.80217,,139.143,82,40.2857
560,1.8054,,139,82,40.6
561,1.80874,,139,82,40.8
562,1.81208,,139,82,41
563,1.81542,,139,82,41.2
564,1.81877,,139,82,41.4
565,1.82211,,139,82,41.6
566,1.82545,,139,82,41.8
567,1.82852,,139.143,82,41.6571
568,1.83158,,139.286,82,41.5143
569,1.83465,,139.429,82,41.3714
570,1.83771,,139.571,82,41.2286
571,1.84078,,139.714,82,41.0857
572,1.84384,,139.857,82,40.9429
573,1.84691,,140,82,40.8
574,1.85037,,140,82,40.7
575,1.85382,,140,82,40.6
576,1.85728,,140,82,40.5
577,1.86074,,140,82,40.4
578,1.86419,,140,82,40.3
579,1.86765,,140,82,40.2
580,1.87122,,139.833,81.8333,40.0333
581,1.87479,,139.667,81.6667,39.8667
582,1.87837,,139.5,81.5,39.7
583,1.88194,,139.333,81.3333,39.5333
584,1.88551,,139.167,81.1667,39.3667
585,1.88908,,139,81,39.2
586,1.89245,,139,81.1667,38.8333
587,1.89582,,139,81.3333,38.4667
588,1.89919,,139,81.5,38.1
589,1.90256,,139,81.6667,37.7333
590,1.90593,,139,81.8333,37.3667
591,1.9093,,139,82,37
592,1.91234,,138.857,82,36.7143
593,1.91539,,138.714,82,36.4286
594,1.91843,,138.571,82,36.1429
595,1.92147,,138.429,82,35.8571
596,1.92451,,138.286,82,35.5714
597,1.92756,,138.143,82,35.2857
598,1.9306,,138,82,35
599,1.93407,,137.833,82,35
600,1.93753,,137.667,82,35
601,1.941,,137.5,82,35
602,1.94446,,137.333,82,35
603,1.94792,,137.167,82,35
604,1.95139,,137,82,35
605,1.95483,,137,82,34.9667
606,1.95827,,137,82,34.9333
607,1.96171,,137,82,34.9
608,1.96516,,137,82,34.8667
609,1.9686,,137,82,34.8333
610,1.97204,,137,82,34.8
611,1.97517,,136.857,82,34.6857
612,1.97829,,136.714,82,34.5714
613,1.98142,,136.571,82,34.4571
614,1.98454,,136.429,82,34.3429
615,1.98767,,136.286,82,34.2286
616,1.99079,,136.143,82,34.1143
617,1.99392,,136,82,34
618,1.99698,,136.333,82,34.1
619,2.00004,,136.667,82,34.2
620,2.0031,,137,82,34.3
621,2.00615,,137.333,82,34.4
622,2.00921,,137.667,82,34.5
623,2.01227,,138,82,34.6
624,2.01599,,138.167,82,34.8667
625,2.0197,,138.333,82,35.1333
626,2.02341,,138.5,82,35.4
627,2.02713,,138.667,82,35.6667
628,2.03084,,138.833,82,35.9333
629,2.03456,,139,82,36.2
630,2.03819,,139.167,82,36.3
631,2.04182,,139.333,82,36.4
632,2.04545,,139.5,82,36.5
633,2.04908,,139.667,82,36.6
634,2.05271,,139.833,82,36.7
635,2.05634,,140,82,36.8
636,2.06009,,140.333,81.8333,36.8333
637,2.06384,,140.667,81.6667,36.8667
638,2.06759,,141,81.5,36.9
639,2.07135,,141.333,81.3333,36.9333
640,2.0751,,141.667,81.1667,36.9667
641,2.07885,,142,81,37
642,2.0823,,141.833,81,36.9333
643,2.08575,,141.667,81,36.8667
644,2.0892,,141.5,81,36.8
645,2.09265,,141.333,81,36.7333
646,2.0961,,141.167,81,36.6667
647,2.09955,,141,81,36.6
648,2.10303,,140.667,81,36.6
649,2.10652,,140.333,81,36.6
650,2.11001,,140,81,36.6
651,2.11349,,139.667,81,36.6
652,2.11698,,139.333,81,36.6
653,2.12046,,139,81,36.6
654,2.1238,,138.833,81,36.5667
655,2.12714,,138.667,81,36.5333
656,2.13047,,138.5,81,36.5
657,2.13381,,138.333,81,36.4667
658,2.13715,,138.167,81,36.4333
659,2.14049,,138,81,36.4
660,2.14388,,137.833,81,36.6
661,2.14727,,137.667,81,36.8
662,2.15067,,137.5,81,37
663,2.15406,,137.333,81,37.2
664,2.15745,,137.167,81,37.4
665,2.16084,,137,81,37.6
666,2.1641,,136.857,81.1429,37.9143
667,2.16737,,136.714,81.2857,38.2286
668,2.17063,,136.571,81.4286,38.5429
669,2.1739,,136.429,81.5714,38.8571
670,2.17716,,136.286,81.7143,39.1714
671,2.18043,,136.143,81.8571,39.4857
672,2.18369,,136,82,39.8
673,2.18641,,136.25,82,40.125
674,2.18914,,136.5,82,40.45
675,2.19186,,136.75,82,40.775
676,2.19459,,137,82,41.1
677,2.19731,,137.25,82,41.425
678,2.20003,,137.5,82,41.75
679,2.20276,,137.75,82,42.075
680,2.20548,,138,82,42.4
681,2.20887,,138.167,82,42.6
682,2.21226,,138.333,82,42.8
683,2.21565,,138.5,82,43
684,2.21905,,138.667,82,43.2
685,2.22244,,138.833,82,43.4
686,2.22583,,139,82,43.6
687,2.22946,,139,81.6667,43.7667
688,2.23309,,139,81.3333,43.9333
689,2.23672,,139,81,44.1
690,2.24034,,139,80.6667,44.2667
691,2.24397,,139,80.3333,44.4333
692,2.2476,,139,80,44.6
693,2.25076,,138.857,80.2857,44.3429
694,2.25392,,138.714,80.5714,44.0857
695,2.25708,,138.571,80.8571,43.8286
696,2.26024,,138.429,81.1429,43.5714
697,2.2634,,138.286,81.4286,43.3143
698,2.26656,,138.143,81.7143,43.0571
699,2.26972,,138,82,42.8
700,2.27289,,138.143,82,42.8857
701,2.27607,,138.286,82,42.9714
702,2.27924,,138.429,82,43.0571
703,2.28242,,138.571,82,43.1429
704,2.28559,,138.714,82,43.2286
705,2.28877,,138.857,82,43.3143
706,2.29194,,139,82,43.4
707,2.29516,,139,82,43.2857
708,2.29839,,139,82,43.1714
709,2.30161,,139,82,43.0571
710,2.30483,,139,82,42.9429
711,2.30805,,139,82,42.8286
712,2.31128,,139,82,42.7143
713,2.3145,,139,82,42.6
714,2.31796,,139.167,82,42.6333
715,2.32142,,139.333,82,42.6667
716,2.32488,,139.5,82,42.7
717,2.32834,,139.667,82,42.7333
718,2.3318,,139.833,82,42.7667
719,2.33526,,140,82,42.8
720,2.3391,,140,81.8333,42.9
721,2.34295,,140,81.6667,43
722,2.34679,,140,81.5,43.1
723,2.35063,,140,81.3333,43.2
724,2.35448,,140,81.1667,43.3
725,2.35832,,140,81,43.4
726,2.36221,,139.833,81,43.5667
727,2.3661,,139.667,81,43.7333
728,2.37,,139.5,81,43.9
729,2.37389,,139.333,81,44.0667
730,2.37778,,139.167,81,44.2333
731,2.38167,,139,81,44.4
732,2.3855,,139,81,44.3333
733,2.38933,,139,81,44.2667
734,2.39316,,139,81,44.2
735,2.39698,,139,81,44.1333
736,2.40081,,139,81,44.0667
737,2.40464,,139,81,44
738,2.40799,,139.333,81,43.5333
739,2.41134,,139.667,81,43.0667
740,2.41469,,140,81,42.6
741,2.41803,,140,81.1667,42.6333
742,2.42138,,140,81.3333,42.6667
743,2.42472,,140,81.5,42.7
744,2.42806,,140,81.6667,42.7333
745,2.43141,,140,81.8333,42.7667
746,2.43475,,140,82,42.8
747,2.43791,,140.143,82,42.6571
748,2.44106,,140.286,82,42.5143
749,2.44422,,140.429,82,42.3714
750,2.44738,,140.571,82,42.2286
751,2.45054,,140.714,82,42.0857
752,2.45369,,140.857,82,41.9429
753,2.45685,,141,82,41.8
754,2.46052,,141,82,41.7667
755,2.46419,,141,82,41.7333
756,2.46786,,141,82,41.7
757,2.47153,,141,82,41.6667
758,2.4752,,141,82,41.6333
759,2.47887,,141,82,41.6
760,2.48201,,141.143,82,41.7143
761,2.48516,,141.286,82,41.8286
762,2.4883,,141.429,82,41.9429
763,2.49144,,141.571,82,42.0571
764,2.49458,,141.714,82,42.1714
765,2.49773,,141.857,82,42.2857
766,2.50087,,142,82,42.4
767,2.50383,,142.143,82,42.6571
768,2.50678,,142.286,82,42.9143
769,2.50974,,142.429,82,43.1714
770,2.5127,,142.571,82,43.4286
771,2.51566,,142.714,82,43.6857
772,2.51861,,142.857,82,43.9429
773,2.52157,,143,82,44.2
774,2.52474,,143,82,44.3429
775,2.5279,,143,82,44.4857
776,2.53107,,143,82,44.6286
777,2.53423,,143,82,44.7714
778,2.5374,,143,82,44.9143
779,2.54056,,143,82,45.0571
780,2.54373,,143,82,45.2
781,2.54719,,143,82,45.2333
782,2.55065,,143,82,45.2667
783,2.5541,,143,82,45.3
784,2.55756,,143,82,45.3333
785,2.56102,,143,82,45.3667
786,2.56448,,143,82,45.4
787,2.568,,143.167,82,45.4667
788,2.57152,,143.333,82,45.5333
789,2.57504,,143.5,82,45.6
790,2.57856,,143.667,82,45.6667
791,2.58208,,143.833,82,45.7333
792,2.5856,,144,82,45.8
793,2.58909,,144,82,45.8667
794,2.59258,,144,82,45.9333
795,2.59607,,144,82,46
796,2.59957,,144,82,46.0667
797,2.60306,,144,82,46.1333
798,2.60655,,144,82,46.2
799,2.60991,,143.833,82,46.0667
800,2.61328,,143.667,82,45.9333
801,2.61664,,143.5,82,45.8
802,2.62,,143.333,82,45.6667
803,2.62337,,143.167,82,45.5333
804,2.62673,,143,82,45.4
805,2.6302,,142.667,82,45.1
806,2.63367,,142.333,82,44.8
807,2.63713,,142,82,44.5
808,2.6406,,141.667,82,44.2
809,2.64407,,141.333,82,43.9
810,2.64754,,141,82,43.6
811,2.65103,,140.833,81.8333,43.5
812,2.65453,,140.667,81.6667,43.4
813,2.65802,,140.5,81.5,43.3
814,2.66151,,140.333,81.3333,43.2
815,2.66501,,140.167,81.1667,43.1
816,2.6685,,140,81,43
817,2.67185,,139.833,81.1667,42.9333
818,2.67521,,139.667,81.3333,42.8667
819,2.67856,,139.5,81.5,42.8
820,2.68191,,139.333,81.6667,42.7333
821,2.68527,,139.167,81.8333,42.6667
822,2.68862,,139,82,42.6
823,2.69184,,139.143,82,42.5429
824,2.69505,,139.286,82,42.4857
825,2.69827,,139.429,82,42.4286
826,2.70149,,139.571,82,42.3714
827,2.70471,,139.714,82,42.3143
828,2.70792,,139.857,82,42.2571
829,2.71114,,140,82,42.2
830,2.71382,,140,82,41.8
831,2.71703,,140,82,41.6571
832,2.72025,,140,82,41.5143
833,2.72346,,140,82,41.3714
834,2.72668,,140,82,41.2286
835,2.72989,,140,82,41.0857
836,2.73311,,140,82,40.9429
837,2.73632,,140,82,40.8
838,2.74044,,140.4,82.2,40.96
839,2.74456,,140.8,82.4,41.12
840,2.74867,,141.2,82.6,41.28
841,2.75279,,141.6,82.8,41.44
842,2.75691,,142,83,41.6
843,2.76035,,142.333,82.8333,41.8
844,2.76379,,142.667,82.6667,42
845,2.76723,,143,82.5,42.2
846,2.77068,,143.333,82.3333,42.4
847,2.77412,,143.667,82.1667,42.6
848,2.77756,,144,82,42.8
849,2.7809,,144.333,82,42.9667
850,2.78423,,144.667,82,43.1333
851,2.78757,,145,82,43.3
852,2.79091,,145.333,82,43.4667
853,2.79424,,145.667,82,43.6333
854,2.79758,,146,82,43.8
855,2.80092,,146.167,82.1667,44.0667
856,2.80426,,146.333,82.3333,44.3333
857,2.8076,,146.5,82.5,44.6
858,2.81094,,146.667,82.6667,44.8667
859,2.81428,,146.833,82.8333,45.1333
860,2.81762,,147,83,45.4
861,2.82099,,147,82.8333,45.4667
862,2.82437,,147,82.6667,45.5333
863,2.82774,,147,82.5,45.6
864,2.83111,,147,82.3333,45.6667
865,2.83449,,147,82.1667,45.7333
866,2.83786,,147,82,45.8
867,2.84117,,146.857,82.1429,45.8857
868,2.84447,,146.714,82.2857,45.9714
869,2.84778,,146.571,82.4286,46.0571
870,2.85109,,146.429,82.5714,46.1429
871,2.8544,,146.286,82.7143,46.2286
872,2.8577,,146.143,82.8571,46.3143
873,2.86101,,146,83,46.4
874,2.86467,,145.833,82.8333,46.5333
875,2.86832,,145.667,82.6667,46.6667
876,2.87197,,145.5,82.5,46.8
877,2.87563,,145.333,82.3333,46.9333
878,2.87928,,145.167,82.1667,47.0667
879,2.88294,,145,82,47.2
880,2.88664,,145.167,82,47.1333
881,2.89033,,145.333,82,47.0667
882,2.89403,,145.5,82,47
883,2.89772,,145.667,82,46.9333
884,2.90142,,145.833,82,46.8667
885,2.90511,,146,82,46.8
886,2.90836,,146.286,82,46.5429
887,2.91162,,146.571,82,46.2857
888,2.91487,,146.857,82,46.0286
889,2.91812,,147.143,82,45.7714
890,2.92137,,147.429,82,45.5143
891,2.92463,,147.714,82,45.2571
892,2.92788,,148,82,45
893,2.93191,,148,82,44.96
894,2.93594,,148,82,44.92
895,2.93997,,148,82,44.88
896,2.944,,148,82,44.84
897,2.94803,,148,82,44.8
898,2.95145,,148.167,82,44.7667
899,2.95486,,148.333,82,44.7333
900,2.95828,,148.5,82,44.7
901,2.9617,,148.667,82,44.6667
902,2.96511,,148.833,82,44.6333
903,2.96853,,149,82,44.6
904,2.97235,,148.667,81.6667,44.4
905,2.97618,,148.333,81.3333,44.2
906,2.98,,148,81,44
907,2.98352,,148.25,81,43.75
908,2.98703,,148.5,81,43.5
909,2.99055,,148.75,81,43.25
910,2.99407,,149,81,43
911,2.99773,,149,81.1667,43
912,3.00139,,149,81.3333,43
913,3.00505,,149,81.5,43
914,3.00872,,149,81.6667,43
915,3.01238,,149,81.8333,43
916,3.01604,,149,82,43
917,3.01987,,149,82,42.9333
918,3.0237,,149,82,42.8667
919,3.02752,,149,82,42.8
920,3.03135,,149,82,42.7333
921,3.03518,,149,82,42.6667
922,3.03901,,149,82,42.6
923,3.04251,,148.833,81.8333,42.8333
924,3.04601,,148.667,81.6667,43.0667
925,3.04952,,148.5,81.5,43.3
926,3.05302,,148.333,81.3333,43.5333
927,3.05652,,148.167,81.1667,43.7667
928,3.06002,,148,81,44
929,3.0635,,148,81.1667,43.8667
930,3.06698,,148,81.3333,43.7333
931,3.07046,,148,81.5,43.6
932,3.07394,,148,81.6667,43.4667
933,3.07742,,148,81.8333,43.3333
934,3.0809,,148,82,43.2
935,3.08442,,148,82,43
936,3.08793,,148,82,42.8
937,3.09145,,148,82,42.6
938,3.09497,,148,82,42.4
939,3.09848,,148,82,42.2
940,3.102,,148,82,42
941,3.10559,,148,82,41.7333
942,3.10917,,148,82,41.4667
943,3.11276,,148,82,41.2
944,3.11635,,148,82,40.9333
945,3.11993,,148,82,40.6667
946,3.12352,,148,82,40.4
947,3.12735,,148,82,40.1667
948,3.13118,,148,82,39.9333
949,3.13501,,148,82,39.7
950,3.13883,,148,82,39.4667
951,3.14266,,148,82,39.2333
952,3.14649,,148,82,39
953,3.15013,,148.167,81.8333,38.7
954,3.15377,,148.333,81.6667,38.4
955,3.1574,,148.5,81.5,38.1
956,3.16104,,148.667,81.3333,37.8
957,3.16468,,148.833,81.1667,37.5
958,3.16832,,149,81,37.2
959,3.17165,,149,81.1667,37.0667
960,3.17499,,149,81.3333,36.9333
961,3.17833,,149,81.5,36.8
962,3.18166,,149,81.6667,36.6667
963,3.185,,149,81.8333,36.5333
964,3.18833,,149,82,36.4
965,3.19176,,149,82,36.4667
966,3.19518,,149,82,36.5333
967,3.19861,,149,82,36.6
968,3.20203,,149,82,36.6667
969,3.20546,,149,82,36.7333
970,3.20888,,149,82,36.8
971,3.21241,,148.667,82,36.6
972,3.21593,,148.333,82,36.4
973,3.21946,,148,82,36.2
974,3.22339,,148,81.8333,35.9
975,3.22731,,148,81.6667,35.6
976,3.23124,,148,81.5,35.3
977,3.23517,,148,81.3333,35
978,3.23909,,148,81.1667,34.7
979,3.24302,,148,81,34.4
980,3.24658,,148.25,81.25,34
981,3.25014,,148.5,81.5,33.6
982,3.25369,,148.75,81.75,33.2
983,3.25725,,149,82,32.8
984,3.26059,,149,82,32.7667
985,3.26394,,149,82,32.7333
986,3.26728,,149,82,32.7
987,3.27062,,149,82,32.6667
988,3.27397,,149,82,32.6333
989,3.27731,,149,82,32.6
990,3.28078,,148.8,81.8,33.04
991,3.28426,,148.6,81.6,33.48
992,3.28773,,148.4,81.4,33.92
993,3.29121,,148.2,81.2,34.36
994,3.29468,,148,81,34.8
995,3.29773,,147.833,81.1667,34.8667
996,3.30079,,147.667,81.3333,34.9333
997,3.30384,,147.5,81.5,35
998,3.3069,,147.333,81.6667,35.0667
999,3.30995,,147.167,81.8333,35.1333
1000,3.31301,,147,82,35.2
1001,3.31642,,146.833,82,35.3333
1002,3.31983,,146.667,82,35.4667
1003,3.32323,,146.5,82,35.6
1004,3.32664,,146.333,82,35.7333
1005,3.33005,,146.167,82,35.8667
1006,3.33346,,146,82,36
1007,3.33712,,145.833,82,36.1667
1008,3.34078,,145.667,82,36.3333
1009,3.34445,,145.5,82,36.5
1010,3.34811,,145.333,82,36.6667
1011,3.35177,,145.167,82,36.8333
1012,3.35543,,145,82,37
1013,3.35914,,145.167,82,37.2667
1014,3.36284,,145.333,82,37.5333
1015,3.36655,,145.5,82,37.8
1016,3.37025,,145.667,82,38.0667
1017,3.37396,,145.833,82,38.3333
1018,3.37766,,146,82,38.6
1019,3.38086,,146.143,82,38.6857
1020,3.38406,,146.286,82,38.7714
1021,3.38726,,146.429,82,38.8571
1022,3.39045,,146.571,82,38.9429
1023,3.39365,,146.714,82,39.0286
1024,3.39685,,146.857,82,39.1143
1025,3.40005,,147,82,39.2
1026,3.40348,,147.167,82,39.4
1027,3.40691,,147.333,82,39.6
1028,3.41033,,147.5,82,39.8
1029,3.41376,,147.667,82,40
1030,3.41719,,147.833,82,40.2
1031,3.42062,,148,82,40.4
1032,3.42421,,148,82,40.7
1033,3.4278,,148,82,41
1034,3.43138,,148,82,41.3
1035,3.43497,,148,82,41.6
1036,3.43856,,148,82,41.9
1037,3.44215,,148,82,42.2
1038,3.44603,,148.167,82,42.6
1039,3.44991,,148.333,82,43
1040,3.45378,,148.5,82,43.4
1041,3.45766,,148.667,82,43.8
1042,3.46154,,148.833,82,44.2
1043,3.46542,,149,82,44.6
1044,3.46875,,148.833,81.8333,44.8
1045,3.47209,,148.667,81.6667,45
1046,3.47542,,148.5,81.5,45.2
1047,3.47876,,148.333,81.3333,45.4
1048,3.4821,,148.167,81.1667,45.6
1049,3.48543,,148,81,45.8
1050,3.48907,,147,81.3333,46.1333
1051,3.49272,,146,81.6667,46.4667
1052,3.49636,,145,82,46.8
1053,3.50008,,144.667,82,46.8
1054,3.50379,,144.333,82,46.8
1055,3.50751,,144,82,46.8
1056,3.51122,,143.667,82,46.8
1057,3.51493,,143.333,82,46.8
1058,3.51865,,143,82,46.8
1059,3.52294,,143.6,81.8,46.24
1060,3.52724,,144.2,81.6,45.68
1061,3.53153,,144.8,81.4,45.12
1062,3.53583,,145.4,81.2,44.56
1063,3.54012,,146,81,44
1064,3.54398,,146.333,81.1667,44.0667
1065,3.54784,,146.667,81.3333,44.1333
1066,3.5517,,147,81.5,44.2
1067,3.55555,,147.333,81.6667,44.2667
1068,3.55941,,147.667,81.8333,44.3333
1069,3.56327,,148,82,44.4
1070,3.56654,,148.143,81.8571,44.4857
1071,3.56982,,148.286,81.7143,44.5714
1072,3.57309,,148.429,81.5714,44.6571
1073,3.57637,,148.571,81.4286,44.7429
1074,3.57964,,148.714,81.2857,44.8286
1075,3.58292,,148.857,81.1429,44.9143
1076,3.58619,,149,81,45
1077,3.58963,,149,81.1667,45.1667
1078,3.59308,,149,81.3333,45.3333
1079,3.59652,,149,81.5,45.5
1080,3.59996,,149,81.6667,45.6667
1081,3.60341,,149,81.8333,45.8333
1082,3.60685,,149,82,46
1083,3.61064,,149,81.75,46.55
1084,3.61442,,149,81.5,47.1
1085,3.6182,,149,81.25,47.65
1086,3.62199,,149,81,48.2
1087,3.62573,,149,81,48.4667
1088,3.62946,,149,81,48.7333
1089,3.63319,,149,81,49
1090,3.63693,,149,81,49.2667
1091,3.64067,,149,81,49.5333
1092,3.6444,,149,81,49.8
1093,3.64826,,148.833,81.1667,49.9
1094,3.65211,,148.667,81.3333,50
1095,3.65597,,148.5,81.5,50.1
1096,3.65983,,148.333,81.6667,50.2
1097,3.66368,,148.167,81.8333,50.3
1098,3.66754,,148,82,50.4
1099,3.67071,,148,81.8571,50.4286
1100,3.67388,,148,81.7143,50.4571
1101,3.67705,,148,81.5714,50.4857
1102,3.68021,,148,81.4286,50.5143
1103,3.68338,,148,81.2857,50.5429
1104,3.68655,,148,81.1429,50.5714
1105,3.68972,,148,81,50.6
1106,3.69351,,148,81.1667,50.3
1107,3.6973,,148,81.3333,50
1108,3.7011,,148,81.5,49.7
1109,3.70489,,148,81.6667,49.4
1110,3.70868,,148,81.8333,49.1
1111,3.71247,,148,82,48.8
1112,3.71647,,148.2,82,48.64
1113,3.72048,,148.4,82,48.48
1114,3.72448,,148.6,82,48.32
1115,3.72849,,148.8,82,48.16
1116,3.73249,,149,82,48
1117,3.73591,,149.167,82,47.5667
1118,3.73933,,149.333,82,47.1333
1119,3.74275,,149.5,82,46.7
1120,3.74616,,149.667,82,46.2667
1121,3.74958,,149.833,82,45.8333
1122,3.753,,150,82,45.4
1123,3.75667,,150,82,45.2333
1124,3.76034,,150,82,45.0667
1125,3.76401,,150,82,44.9
1126,3.76767,,150,82,44.7333
1127,3.77134,,150,82,44.5667
1128,3.77501,,150,82,44.4
1129,3.778,,150,81.5714,44.6286
1130,3.78099,,150,81.1429,44.8571
1131,3.78398,,150,80.7143,45.0857
1132,3.78697,,150,80.2857,45.3143
1133,3.78996,,150,79.8571,45.5429
1134,3.79295,,150,79.4286,45.7714
1135,3.79594,,150,79,46
1136,3.79704,,150,56,46.4
1137,3.79754,,149.5,55.5,46.5
1138,3.79805,,149,55,46.6
1139,3.79824,,148.333,36.6667,46.6
1140,3.79842,,147.667,18.3333,46.6
1141,3.79861,,147,0,46.6
1142,3.79861,,146.6,8.2,46.56
1143,3.79861,,146.2,16.4,46.52
1144,3.79861,,145.8,24.6,46.48
1145,3.79861,,145.4,32.8,46.44
1146,3.79861,,145,41,46.4
1147,3.79861,,144.6,49.2,46.36
1148,3.79861,,144.2,57.4,46.32
1149,3.79861,,143.8,65.6,46.28
1150,3.79861,,143.4,73.8,46.24
1151,3.79861,,143,82,46.2
1152,3.80169,,142.6,82,46.04
1153,3.80476,,142.2,82,45.88
1154,3.80784,,141.8,82,45.72
1155,3.81091,,141.4,82,45.56
1156,3.81399,,141,82,45.4
1157,3.81755,,140.833,82,45.2667
1158,3.82111,,140.667,82,45.1333
1159,3.82468,,140.5,82,45
1160,3.82824,,140.333,82,44.8667
1161,3.8318,,140.167,82,44.7333
1162,3.83536,,140,82,44.6
1163,3.83904,,140.167,82,44.6333
1164,3.84272,,140.333,82,44.6667
1165,3.8464,,140.5,82,44.7
1166,3.85009,,140.667,82,44.7333
1167,3.85377,,140.833,82,44.7667
1168,3.85745,,141,82,44.8
1169,3.86137,,141.2,82.2,45.12
1170,3.86529,,141.4,82.4,45.44
1171,3.8692,,141.6,82.6,45.76
1172,3.87312,,141.8,82.8,46.08
1173,3.87704,,142,83,46.4
1174,3.88063,,142,82.6667,46.7667
1175,3.88423,,142,82.3333,47.1333
1176,3.88783,,142,82,47.5
1177,3.89142,,142,81.6667,47.8667
1178,3.89501,,142,81.3333,48.2333
1179,3.89861,,142,81,48.6
1180,3.90254,,142.167,81.1667,48.7333
1181,3.90648,,142.333,81.3333,48.8667
1182,3.91041,,142.5,81.5,49
1183,3.91435,,142.667,81.6667,49.1333
1184,3.91829,,142.833,81.8333,49.2667
1185,3.92222,,143,82,49.4
1186,3.92597,,143.167,82,49.6333
1187,3.92971,,143.333,82,49.8667
1188,3.93346,,143.5,82,50.1
1189,3.93721,,143.667,82,50.3333
1190,3.94095,,143.833,82,50.5667
1191,3.9447,,144,82,50.8
1192,3.94838,,144,81.8333,50.9
1193,3.95206,,144,81.6667,51
1194,3.95573,,144,81.5,51.1
1195,3.95941,,144,81.3333,51.2
1196,3.96309,,144,81.1667,51.3
1197,3.96677,,144,81,51.4
1198,3.9704,,143.833,81.1667,51.4667
1199,3.97403,,143.667,81.3333,51.5333
1200,3.97766,,143.5,81.5,51.6
1201,3.98129,,143.333,81.6667,51.6667
1202,3.98492,,143.167,81.8333,51.7333
1203,3.98855,,143,82,51.8
1204,3.99227,,143,82,51.8667
1205,3.99599,,143,82,51.9333
1206,3.99971,,143,82,52
1207,4.00342,,143,82,52.0667
1208,4.00714,,143,82,52.1333
1209,4.01086,,143,82,52.2
1210,4.01429,,143,82,52.2
1211,4.01771,,143,82,52.2
1212,4.02114,,143,82,52.2
1213,4.02456,,143,82,52.2
1214,4.02812,,143.167,82,52.3
1215,4.03167,,143.333,82,52.4
1216,4.03523,,143.5,82,52.5
1217,4.03879,,143.667,82,52.6
1218,4.04234,,143.833,82,52.7
1219,4.0459,,144,82,52.8
1220,4.0494,,144,82,52.8
1221,4.05289,,144,82,52.8
1222,4.05639,,144,82,52.8
1223,4.05989,,144,82,52.8
1224,4.06338,,144,82,52.8
1225,4.06688,,144,82,52.8
1226,4.07053,,144,82,52.6333
1227,4.07419,,144,82,52.4667
1228,4.07784,,144,82,52.3
1229,4.08149,,144,82,52.1333
1230,4.08515,,144,82,51.9667
1231,4.0888,,144,82,51.8
1232,4.09276,,144,82,51.8333
1233,4.09671,,144,82,51.8667
1234,4.10066,,144,82,51.9
1235,4.10462,,144,82,51.9333
1236,4.10858,,144,82,51.9667
1237,4.11253,,144,82,52
1238,4.11641,,144.167,82,52.0333
1239,4.12029,,144.333,82,52.0667
1240,4.12416,,144.5,82,52.1
1241,4.12804,,144.667,82,52.1333
1242,4.13192,,144.833,82,52.1667
1243,4.1358,,145,82,52.2
1244,4.13948,,144.833,82,52.4
1245,4.14316,,144.667,82,52.6
1246,4.14683,,144.5,82,52.8
1247,4.15051,,144.333,82,53
1248,4.15419,,144.167,82,53.2
1249,4.15787,,144,82,53.4
1250,4.1615,,144,82,53.3333
1251,4.16514,,144,82,53.2667
1252,4.16877,,144,82,53.2
1253,4.1724,,144,82,53.1333
1254,4.17604,,144,82,53.0667
1255,4.17967,,144,82,53
1256,4.18341,,144,82,53
1257,4.18715,,144,82,53
1258,4.19089,,144,82,53
1259,4.19463,,144,82,53
1260,4.19837,,144,82,53
1261,4.20211,,144,82,53
1262,4.20594,,144,82,52.8667
1263,4.20976,,144,82,52.7333
1264,4.21359,,144,82,52.6
1265,4.21741,,144,82,52.4667
1266,4.22124,,144,82,52.3333
1267,4.22506,,144,82,52.2
1268,4.2287,,143.833,82,52.0667
1269,4.23235,,143.667,82,51.9333
1270,4.23599,,143.5,82,51.8
1271,4.23964,,143.333,82,51.6667
1272,4.24329,,143.167,82,51.5333
1273,4.24693,,143,82,51.4
1274,4.25043,,143,82,51.2667
1275,4.25393,,143,82,51.1333
1276,4.25744,,143,82,51
1277,4.26094,,143,82,50.8667
1278,4.26444,,143,82,50.7333
1279,4.26794,,143,82,50.6
1280,4.27155,,143,82,50.7
1281,4.27516,,143,82,50.8
1282,4.27876,,143,82,50.9
1283,4.28237,,143,82,51
1284,4.28598,,143,82,51.1
1285,4.28959,,143,82,51.2
1286,4.29325,,143,82,51.1
1287,4.29691,,143,82,51
1288,4.30058,,143,82,50.9
1289,4.30424,,143,82,50.8
1290,4.3079,,143,82,50.7
1291,4.31156,,143,82,50.6
1292,4.31504,,143.167,82,50.4
1293,4.31853,,143.333,82,50.2
1294,4.32202,,143.5,82,50
1295,4.3255,,143.667,82,49.8
1296,4.32898,,143.833,82,49.6
1297,4.33247,,144,82,49.4
1298,4.33594,,144,82,49.3667
1299,4.3394,,144,82,49.3333
1300,4.34286,,144,82,49.3
1301,4.34633,,144,82,49.2667
1302,4.34979,,144,82,49.2333
1303,4.35326,,144,82,49.2
1304,4.35686,,143.833,82,49.1
1305,4.36047,,143.667,82,49
1306,4.36407,,143.5,82,48.9
1307,4.36768,,143.333,82,48.8
1308,4.37128,,143.167,82,48.7
1309,4.37489,,143,82,48.6
1310,4.37827,,143.167,82,48.3
1311,4.38166,,143.333,82,48
1312,4.38504,,143.5,82,47.7
1313,4.38842,,143.667,82,47.4
1314,4.39181,,143.833,82,47.1
1315,4.39519,,144,82,46.8
1316,4.39809,,143.857,82,46.2286
1317,4.401,,143.714,82,45.6571
1318,4.4039,,143.571,82,45.0857
1319,4.4068,,143.429,82,44.5143
1320,4.4097,,143.286,82,43.9429
1321,4.41261,,143.143,82,43.3714
1322,4.41551,,143,82,42.8
1323,4.41897,,143.25,82,42.65
1324,4.42242,,143.5,82,42.5
1325,4.42588,,143.75,82,42.35
1326,4.42933,,144,82,42.2
1327,4.43332,,143.833,82,42.3
1328,4.4373,,143.667,82,42.4
1329,4.44129,,143.5,82,42.5
1330,4.44528,,143.333,82,42.6
1331,4.44926,,143.167,82,42.7
1332,4.45325,,143,82,42.8
1333,4.45733,,143,82,43
1334,4.46141,,143,82,43.2
1335,4.4655,,143,82,43.4
1336,4.46958,,143,82,43.6
1337,4.47366,,143,82,43.8
1338,4.47746,,143.167,82.1667,44.1333
1339,4.48126,,143.333,82.3333,44.4667
1340,4.48506,,143.5,82.5,44.8
1341,4.48886,,143.667,82.6667,45.1333
1342,4.49266,,143.833,82.8333,45.4667
1343,4.49646,,144,83,45.8
1344,4.50009,,144.167,82.8333,45.7
1345,4.50372,,144.333,82.6667,45.6
1346,4.50734,,144.5,82.5,45.5
1347,4.51097,,144.667,82.3333,45.4
1348,4.5146,,144.833,82.1667,45.3
1349,4.51823,,145,82,45.2
1350,4.52177,,145,82,45.1
1351,4.52531,,145,82,45
1352,4.52885,,145,82,44.9
1353,4.53239,,145,82,44.8
1354,4.53593,,145,82,44.7
1355,4.53947,,145,82,44.6
1356,4.54313,,145,82,44.6333
1357,4.54678,,145,82,44.6667
1358,4.55044,,145,82,44.7
1359,4.5541,,145,82,44.7333
1360,4.55775,,145,82,44.7667
1361,4.56141,,145,82,44.8
1362,4.56517,,145.167,82,44.7
1363,4.56894,,145.333,82,44.6
1364,4.5727,,145.5,82,44.5
1365,4.57646,,145.667,82,44.4
1366,4.58023,,145.833,82,44.3
1367,4.58399,,146,82,44.2
1368,4.58783,,146.167,82,44.3667
1369,4.59168,,146.333,82,44.5333
1370,4.59552,,146.5,82,44.7
1371,4.59936,,146.667,82,44.8667
1372,4.60321,,146.833,82,45.0333
1373,4.60705,,147,82,45.2
1374,4.61074,,147.167,82,45.1667
1375,4.61442,,147.333,82,45.1333
1376,4.6181,,147.5,82,45.1
1377,4.62179,,147.667,82,45.0667
1378,4.62547,,147.833,82,45.0333
1379,4.62916,,148,82,45
1380,4.63264,,148.333,82,44.9
1381,4.63612,,148.667,82,44.8
1382,4.6396,,149,82,44.7
1383,4.64308,,149.333,82,44.6
1384,4.64656,,149.667,82,44.5
1385,4.65004,,150,82,44.4
1386,4.6537,,150,82,44.1667
1387,4.65735,,150,82,43.9333
1388,4.66101,,150,82,43.7
1389,4.66467,,150,82,43.4667
1390,4.66832,,150,82,43.2333
1391,4.67198,,150,82,43
1392,4.67582,,150.167,82,43.5
1393,4.67967,,150.333,82,44
1394,4.68351,,150.5,82,44.5
1395,4.68735,,150.667,82,45
1396,4.6912,,150.833,82,45.5
1397,4.69504,,151,82,46
1398,4.69868,,150.833,82,46.2667
1399,4.70233,,150.667,82,46.5333
1400,4.70598,,150.5,82,46.8
1401,4.70962,,150.333,82,47.0667
1402,4.71326,,150.167,82,47.3333
1403,4.71691,,150,82,47.6
1404,4.72041,,150,82,47.8333
1405,4.72392,,150,82,48.0667
1406,4.72742,,150,82,48.3
1407,4.73092,,150,82,48.5333
1408,4.73443,,150,82,48.7667
1409,4.73793,,150,82,49
1410,4.74143,,149.833,81.8333,48.9333
1411,4.74492,,149.667,81.6667,48.8667
1412,4.74842,,149.5,81.5,48.8
1413,4.75192,,149.333,81.3333,48.7333
1414,4.75541,,149.167,81.1667,48.6667
1415,4.75891,,149,81,48.6
1416,4.76226,,149,81,48.4
1417,4.76562,,149,81,48.2
1418,4.76897,,149,81,48
1419,4.77232,,149,81,47.8
1420,4.77568,,149,81,47.6
1421,4.77903,,149,81,47.4
1422,4.78239,,149,81.1667,47.1667
1423,4.78575,,149,81.3333,46.9333
1424,4.78911,,149,81.5,46.7
1425,4.79247,,149,81.6667,46.4667
1426,4.79583,,149,81.8333,46.2333
1427,4.79919,,149,82,46
1428,4.80262,,149,81.8333,45.9667
1429,4.80606,,149,81.6667,45.9333
1430,4.80949,,149,81.5,45.9
1431,4.81292,,149,81.3333,45.8667
1432,4.81636,,149,81.1667,45.8333
1433,4.81979,,149,81,45.8
1434,4.82336,,149,81,45.6
1435,4.82692,,149,81,45.4
1436,4.83049,,149,81,45.2
1437,4.83412,,149,81,45.2667
1438,4.83776,,149,81,45.3333
1439,4.84139,,149,81,45.4
1440,4.84502,,149,81,45.4667
1441,4.84866,,149,81,45.5333
1442,4.85229,,149,81,45.6
1443,4.8558,,148.833,81.1667,45.7667
1444,4.8593,,148.667,81.3333,45.9333
1445,4.86281,,148.5,81.5,46.1
1446,4.86632,,148.333,81.6667,46.2667
1447,4.86982,,148.167,81.8333,46.4333
1448,4.87333,,148,82,46.6
1449,4.87697,,148,81.8333,46.1667
1450,4.88061,,148,81.6667,45.7333
1451,4.88425,,148,81.5,45.3
1452,4.88789,,148,81.3333,44.8667
1453,4.89153,,148,81.1667,44.4333
1454,4.89517,,148,81,44
1455,4.89836,,147.857,81.1429,44.0286
1456,4.90154,,147.714,81.2857,44.0571
1457,4.90473,,147.571,81.4286,44.0857
1458,4.90792,,147.429,81.5714,44.1143
1459,4.91111,,147.286,81.7143,44.1429
1460,4.91429,,147.143,81.8571,44.1714
1461,4.91748,,147,82,44.2
1462,4.92099,,147,82,43.8333
1463,4.9245,,147,82,43.4667
1464,4.92801,,147,82,43.1
1465,4.93151,,147,82,42.7333
1466,4.93502,,147,82,42.3667
1467,4.93853,,147,82,42
1468,4.94189,,146.833,81.8333,42.0333
1469,4.94525,,146.667,81.6667,42.0667
1470,4.94861,,146.5,81.5,42.1
1471,4.95197,,146.333,81.3333,42.1333
1472,4.95533,,146.167,81.1667,42.1667
1473,4.95869,,146,81,42.2
1474,4.96234,,146,81,41.5667
1475,4.96599,,146,81,40.9333
1476,4.96964,,146,81,40.3
1477,4.97328,,146,81,39.6667
1478,4.97693,,146,81,39.0333
1479,4.98058,,146,81,38.4
1480,4.98419,,145.833,81,38.1667
1481,4.98781,,145.667,81,37.9333
1482,4.99142,,145.5,81,37.7
1483,4.99504,,145.333,81,37.4667
1484,4.99866,,145.167,81,37.2333
1485,5.00227,,145,81,37
1486,5.00561,,145,81,36.7
1487,5.00895,,145,81,36.4
1488,5.01229,,145,81,36.1
1489,5.01563,,145,81,35.8
1490,5.01897,,145,81,35.5
1491,5.02231,,145,81,35.2
1492,5.02568,,144.833,81,35.2
1493,5.02905,,144.667,81,35.2
1494,5.03242,,144.5,81,35.2
1495,5.0358,,144.333,81,35.2
1496,5.03917,,144.167,81,35.2
1497,5.04254,,144,81,35.2
1498,5.0459,,143.833,81,34.9333
1499,5.04926,,143.667,81,34.6667
1500,5.05261,,143.5,81,34.4
1501,5.05597,,143.333,81,34.1333
1502,5.05933,,143.167,81,33.8667
1503,5.06269,,143,81,33.6
1504,5.066,,141.5,81,32.7
1505,5.0693,,140,81,31.8
1506,5.07273,,138.5,81,31.6
1507,5.07615,,137,81,31.4
1508,5.07952,,136,81.3333,30.4
1509,5.0829,,135,81.6667,29.4
1510,5.08627,,134,82,28.4
1511,5.08958,,134.143,82,27.8286
1512,5.09288,,134.286,82,27.2571
1513,5.09619,,134.429,82,26.6857
1514,5.09949,,134.571,82,26.1143
1515,5.1028,,134.714,82,25.5429
1516,5.1061,,134.857,82,24.9714
1517,5.10941,,135,82,24.4
1518,5.1127,,136,82,24.2
1519,5.11599,,137,82,24
1520,5.11928,,138,82,23.8
1521,5.12277,,139,82,23.5333
1522,5.12627,,140,82,23.2667
1523,5.12976,,141,82,23
1524,5.13269,,141.286,82,22.7714
1525,5.13563,,141.571,82,22.5429
1526,5.13856,,141.857,82,22.3143
1527,5.14149,,142.143,82,22.0857
1528,5.14442,,142.429,82,21.8571
1529,5.14736,,142.714,82,21.6286
1530,5.15029,,143,82,21.4
1531,5.15354,,143.143,81.8571,21.5429
1532,5.1568,,143.286,81.7143,21.6857
1533,5.16005,,143.429,81.5714,21.8286
1534,5.1633,,143.571,81.4286,21.9714
1535,5.16655,,143.714,81.2857,22.1143
1536,5.16981,,143.857,81.1429,22.2571
1537,5.17306,,144,81,22.4
1538,5.1767,,144.167,81.1667,22.7
1539,5.18034,,144.333,81.3333,23
1540,5.18398,,144.5,81.5,23.3
1541,5.18761,,144.667,81.6667,23.6
1542,5.19125,,144.833,81.8333,23.9
1543,5.19489,,145,82,24.2
1544,5.19794,,145,82,24.4571
1545,5.20099,,145,82,24.7143
1546,5.20404,,145,82,24.9714
1547,5.20709,,145,82,25.2286
1548,5.21014,,145,82,25.4857
1549,5.21319,,145,82,25.7429
1550,5.21624,,145,82,26
1551,5.21906,,145,81.8333,25.6667
1552,5.22189,,145,81.6667,25.3333
1553,5.22471,,145,81.5,25
1554,5.22754,,145,81.3333,24.6667
1555,5.23036,,145,81.1667,24.3333
1556,5.23319,,145,81,24
1557,5.23672,,145,81.1667,23.7
1558,5.24024,,145,81.3333,23.4
1559,5.24377,,145,81.5,23.1
1560,5.2473,,145,81.6667,22.8
1561,5.25082,,145,81.8333,22.5
1562,5.25435,,145,82,22.2
1563,5.25791,,145.333,81.8333,21.9667
1564,5.26147,,145.667,81.6667,21.7333
1565,5.26503,,146,81.5,21.5
1566,5.2686,,146.333,81.3333,21.2667
1567,5.27216,,146.667,81.1667,21.0333
1568,5.27572,,147,81,20.8
1569,5.27912,,147,81,20.7143
1570,5.28252,,147,81,20.6286
1571,5.28592,,147,81,20.5429
1572,5.28932,,147,81,20.4571
1573,5.29272,,147,81,20.3714
1574,5.29612,,147,81,20.2857
1575,5.29952,,147,81,20.2
1576,5.30273,,147,81.1429,19.7143
1577,5.30593,,147,81.2857,19.2286
1578,5.30914,,147,81.4286,18.7429
1579,5.31234,,147,81.5714,18.2571
1580,5.31555,,147,81.7143,17.7714
1581,5.31875,,147,81.8571,17.2857
1582,5.32196,,147,82,16.8
1583,5.32531,,147,81.8333,16.8
1584,5.32866,,147,81.6667,16.8
1585,5.33202,,147,81.5,16.8
1586,5.33537,,147,81.3333,16.8
1587,5.33872,,147,81.1667,16.8
1588,5.34207,,147,81,16.8
1589,5.34558,,147.167,81.1667,17.2333
1590,5.3491,,147.333,81.3333,17.6667
1591,5.35262,,147.5,81.5,18.1
1592,5.35613,,147.667,81.6667,18.5333
1593,5.35964,,147.833,81.8333,18.9667
1594,5.36316,,148,82,19.4
1595,5.36663,,148,81.8333,19.4667
1596,5.3701,,148,81.6667,19.5333
1597,5.37357,,148,81.5,19.6
1598,5.37704,,148,81.3333,19.6667
1599,5.38051,,148,81.1667,19.7333
1600,5.38398,,148,81,19.8
1601,5.38811,,148,81,20.2
1602,5.39224,,148,81,20.6
1603,5.39638,,148,81,21
1604,5.40051,,148,81,21.4
1605,5.40359,,148,81,21.72
1606,5.40666,,148,81,22.04
1607,5.40974,,148,81,22.36
1608,5.41281,,148,81,22.68
1609,5.41589,,148,81,23
1610,5.4192,,147.857,81,23.3429
1611,5.42251,,147.714,81,23.6857
1612,5.42582,,147.571,81,24.0286
1613,5.42914,,147.429,81,24.3714
1614,5.43245,,147.286,81,24.7143
1615,5.43576,,147.143,81,25.0571
1616,5.43907,,147,81,25.4
1617,5.44216,,146.857,81,25.5714
1618,5.44526,,146.714,81,25.7429
1619,5.44835,,146.571,81,25.9143
1620,5.45144,,146.429,81,26.0857
1621,5.45453,,146.286,81,26.2571
1622,5.45763,,146.143,81,26.4286
1623,5.46072,,146,81,26.6
1624,5.46374,,145.857,81,26.8571
1625,5.46675,,145.714,81,27.1143
1626,5.46977,,145.571,81,27.3714
1627,5.47278,,145.429,81,27.6286
1628,5.4758,,145.286,81,27.8857
1629,5.47881,,145.143,81,28.1429
1630,5.48183,,145,81,28.4
1631,5.48536,,145,81,28.6667
1632,5.48889,,145,81,28.9333
1633,5.49242,,145,81,29.2
1634,5.49595,,145,81,29.4667
1635,5.49948,,145,81,29.7333
1636,5.50301,,145,81,30
1637,5.50642,,145,81,30.4
1638,5.50983,,145,81,30.8
1639,5.51324,,145,81,31.2
1640,5.51666,,145,81,31.6
1641,5.52007,,145,81,32
1642,5.52348,,145,81,32.4
1643,5.52646,,145.143,81,32.9143
1644,5.52944,,145.286,81,33.4286
1645,5.53242,,145.429,81,33.9429
1646,5.5354,,145.571,81,34.4571
1647,5.53838,,145.714,81,34.9714
1648,5.54136,,145.857,81,35.4857
1649,5.54434,,146,81,36
1650,5.54772,,146,81,36.3667
1651,5.5511,,146,81,36.7333
1652,5.55448,,146,81,37.1
1653,5.55787,,146,81,37.4667
1654,5.56125,,146,81,37.8333
1655,5.56463,,146,81,38.2
1656,5.56792,,145.857,81,38.6
1657,5.57121,,145.714,81,39
1658,5.5745,,145.571,81,39.4
1659,5.57779,,145.429,81,39.8
1660,5.58108,,145.286,81,40.2
1661,5.58437,,145.143,81,40.6
1662,5.58766,,145,81,41
1663,5.5911,,145.167,81,41.1667
1664,5.59454,,145.333,81,41.3333
1665,5.59798,,145.5,81,41.5
1666,5.60142,,145.667,81,41.6667
1667,5.60486,,145.833,81,41.8333
1668,5.6083,,146,81,42
1669,5.61216,,145.833,81,42.3333
1670,5.61602,,145.667,81,42.6667
1671,5.61988,,145.5,81,43
1672,5.62374,,145.333,81,43.3333
1673,5.6276,,145.167,81,43.6667
1674,5.63146,,145,81,44
1675,5.63625,,146,81,43.6
1676,5.63992,,145.833,81.3333,43.6667
1677,5.64359,,145.667,81.6667,43.7333
1678,5.64727,,145.5,82,43.8
1679,5.65094,,145.333,82.3333,43.8667
1680,5.65461,,145.167,82.6667,43.9333
1681,5.65828,,145,83,44
1682,5.6619,,145,82.8333,44.5333
1683,5.66552,,145,82.6667,45.0667
1684,5.66915,,145,82.5,45.6
1685,5.67277,,145,82.3333,46.1333
1686,5.67639,,145,82.1667,46.6667
1687,5.68001,,145,82,47.2
1688,5.68351,,145,81.8333,47.5
1689,5.687,,145,81.6667,47.8
1690,5.6905,,145,81.5,48.1
1691,5.694,,145,81.3333,48.4
1692,5.69749,,145,81.1667,48.7
1693,5.70099,,145,81,49
1694,5.70437,,145,81,49.1
1695,5.70775,,145,81,49.2
1696,5.71114,,145,81,49.3
1697,5.71452,,145,81,49.4
1698,5.7179,,145,81,49.5
1699,5.72128,,145,81,49.6
1700,5.72459,,145,81,49.9143
1701,5.7279,,145,81,50.2286
1702,5.73121,,145,81,50.5429
1703,5.73452,,145,81,50.8571
1704,5.73783,,145,81,51.1714
1705,5.74114,,145,81,51.4857
1706,5.74445,,145,81,51.8
1707,5.74797,,144.833,81,52.1
1708,5.7515,,144.667,81,52.4
1709,5.75502,,144.5,81,52.7
1710,5.75855,,144.333,81,53
1711,5.76208,,144.167,81,53.3
1712,5.7656,,144,81,53.6
1713,5.76861,,144.143,80.8571,53.7429
1714,5.77163,,144.286,80.7143,53.8857
1715,5.77464,,144.429,80.5714,54.0286
1716,5.77766,,144.571,80.4286,54.1714
1717,5.78067,,144.714,80.2857,54.3143
1718,5.78369,,144.857,80.1429,54.4571
1719,5.7867,,145,80,54.6
1720,5.79002,,144.857,80.1429,54.4857
1721,5.79334,,144.714,80.2857,54.3714
1722,5.79666,,144.571,80.4286,54.2571
1723,5.79997,,144.429,80.5714,54.1429
1724,5.80329,,144.286,80.7143,54.0286
1725,5.80661,,144.143,80.8571,53.9143
1726,5.80993,,144,81,53.8
1727,5.81296,,144.143,81,53.7714
1728,5.81598,,144.286,81,53.7429
1729,5.81901,,144.429,81,53.7143
1730,5.82204,,144.571,81,53.6857
1731,5.82507,,144.714,81,53.6571
1732,5.82809,,144.857,81,53.6286
1733,5.83112,,145,81,53.6
1734,5.83365,,145,81,53.625
1735,5.83618,,145,81,53.65
1736,5.83871,,145,81,53.675
1737,5.84124,,145,81,53.7
1738,5.84376,,145,81,53.725
1739,5.84629,,145,81,53.75
1740,5.84882,,145,81,53.775
1741,5.85135,,145,81,53.8
1742,5.85423,,144.857,80.8571,53.6
1743,5.85711,,144.714,80.7143,53.4
1744,5.85999,,144.571,80.5714,53.2
1745,5.86287,,144.429,80.4286,53
1746,5.86575,,144.286,80.2857,52.8
1747,5.86863,,144.143,80.1429,52.6
1748,5.87151,,144,80,52.4
1749,5.87465,,143.857,80,51.9714
1750,5.87778,,143.714,80,51.5429
1751,5.88092,,143.571,80,51.1143
1752,5.88405,,143.429,80,50.6857
1753,5.88719,,143.286,80,50.2571
1754,5.89032,,143.143,80,49.8286
1755,5.89346,,143,80,49.4
1756,5.89672,,143,80.1429,48.8857
1757,5.89999,,143,80.2857,48.3714
1758,5.90325,,143,80.4286,47.8571
1759,5.90652,,143,80.5714,47.3429
1760,5.90978,,143,80.7143,46.8286
1761,5.91305,,143,80.8571,46.3143
1762,5.91631,,143,81,45.8
1763,5.91951,,143,81,45.4
1764,5.92272,,143,81,45
1765,5.92592,,143,81,44.6
1766,5.92913,,143,81,44.2
1767,5.93233,,143,81,43.8
1768,5.93554,,143,81,43.4
1769,5.93874,,143,81,43
1770,5.94194,,142.857,81,42.8
1771,5.94515,,142.714,81,42.6
1772,5.94835,,142.571,81,42.4
1773,5.95156,,142.429,81,42.2
1774,5.95476,,142.286,81,42
1775,5.95797,,142.143,81,41.8
1776,5.96117,,142,81,41.6
1777,5.96461,,142,81,41.8
1778,5.96806,,142,81,42
1779,5.9715,,142,81,42.2
1780,5.97494,,142,81,42.4
1781,5.97839,,142,81,42.6
1782,5.98183,,142,81,42.8
1783,5.98539,,142.167,81,42.5667
1784,5.98894,,142.333,81,42.3333
1785,5.9925,,142.5,81,42.1
1786,5.99606,,142.667,81,41.8667
1787,5.99961,,142.833,81,41.6333
1788,6.00317,,143,81,41.4
1789,6.00685,,143,81,41.0667
1790,6.01052,,143,81,40.7333
1791,6.0142,,143,81,40.4
1792,6.01703,,142.875,81,40.525
1793,6.01986,,142.75,81,40.65
1794,6.02269,,142.625,81,40.775
1795,6.02553,,142.5,81,40.9
1796,6.02836,,142.375,81,41.025
1797,6.03119,,142.25,81,41.15
1798,6.03402,,142.125,81,41.275
1799,6.03685,,142,81,41.4
1800,6.04002,,142,81,40.9714
1801,6.04318,,142,81,40.5429
1802,6.04635,,142,81,40.1143
1803,6.04951,,142,81,39.6857
1804,6.05268,,142,81,39.2571
1805,6.05584,,142,81,38.8286
1806,6.05901,,142,81,38.4
1807,6.06236,,141.833,81,38.4333
1808,6.0657,,141.667,81,38.4667
1809,6.06905,,141.5,81,38.5
1810,6.07239,,141.333,81,38.5333
1811,6.07573,,141.167,81,38.5667
1812,6.07908,,141,81,38.6
1813,6.08253,,141.167,81,38.9333
1814,6.08599,,141.333,81,39.2667
1815,6.08944,,141.5,81,39.6
1816,6.09289,,141.667,81,39.9333
1817,6.09635,,141.833,81,40.2667
1818,6.0998,,142,81,40.6
1819,6.10322,,142,81,40.8667
1820,6.10664,,142,81,41.1333
1821,6.11006,,142,81,41.4
1822,6.11347,,142,81,41.6667
1823,6.11689,,142,81,41.9333
1824,6.12031,,142,81,42.2
1825,6.12345,,142,80.8571,42.4
1826,6.12658,,142,80.7143,42.6
1827,6.12972,,142,80.5714,42.8
1828,6.13285,,142,80.4286,43
1829,6.13599,,142,80.2857,43.2
1830,6.13912,,142,80.1429,43.4
1831,6.14226,,142,80,43.6
1832,6.14499,,142,80.125,43.575
1833,6.14773,,142,80.25,43.55
1834,6.15046,,142,80.375,43.525
1835,6.15319,,142,80.5,43.5
1836,6.15592,,142,80.625,43.475
1837,6.15865,,142,80.75,43.45
1838,6.16139,,142,80.875,43.425
1839,6.16412,,142,81,43.4
1840,6.16664,,142.111,81,43.2
1841,6.16916,,142.222,81,43
1842,6.17168,,142.333,81,42.8
1843,6.1742,,142.444,81,42.6
1844,6.17673,,142.556,81,42.4
1845,6.17925,,142.667,81,42.2
1846,6.18177,,142.778,81,42
1847,6.18429,,142.889,81,41.8
1848,6.18681,,143,81,41.6
1849,6.18958,,143.125,81.125,41.225
1850,6.19236,,143.25,81.25,40.85
1851,6.19513,,143.375,81.375,40.475
1852,6.19791,,143.5,81.5,40.1
1853,6.20068,,143.625,81.625,39.725
1854,6.20345,,143.75,81.75,39.35
1855,6.20623,,143.875,81.875,38.975
1856,6.209,,144,82,38.6
1857,6.21168,,144.125,81.875,38.7
1858,6.21436,,144.25,81.75,38.8
1859,6.21704,,144.375,81.625,38.9
1860,6.21972,,144.5,81.5,39
1861,6.2224,,144.625,81.375,39.1
1862,6.22508,,144.75,81.25,39.2
1863,6.22776,,144.875,81.125,39.3
1864,6.23044,,145,81,39.4
1865,6.23331,,145,81,39.125
1866,6.23618,,145,81,38.85
1867,6.23905,,145,81,38.575
1868,6.24192,,145,81,38.3
1869,6.24479,,145,81,38.025
1870,6.24766,,145,81,37.75
1871,6.25053,,145,81,37.475
1872,6.2534,,145,81,37.2
1873,6.25631,,144.714,81,37.0571
1874,6.25923,,144.429,81,36.9143
1875,6.26214,,144.143,81,36.7714
1876,6.26506,,143.857,81,36.6286
1877,6.26797,,143.571,81,36.4857
1878,6.27089,,143.286,81,36.3429
1879,6.2738,,143,81,36.2
1880,6.27728,,143,81,36.3
1881,6.28075,,143,81,36.4
1882,6.28423,,143,81,36.5
1883,6.28771,,143,81,36.6
1884,6.29118,,143,81,36.7
1885,6.29466,,143,81,36.8
1886,6.29823,,143.167,81,36.7333
1887,6.30179,,143.333,81,36.6667
1888,6.30536,,143.5,81,36.6
1889,6.30893,,143.667,81,36.5333
1890,6.31249,,143.833,81,36.4667
1891,6.31606,,144,81,36.4
1892,6.31934,,143.857,81,36.4
1893,6.32262,,143.714,81,36.4
1894,6.3259,,143.571,81,36.4
1895,6.32917,,143.429,81,36.4
1896,6.33245,,143.286,81,36.4
1897,6.33573,,143.143,81,36.4
1898,6.33901,,143,81,36.4
1899,6.34195,,143,81,36.2571
1900,6.3449,,143,81,36.1143
1901,6.34784,,143,81,35.9714
1902,6.35079,,143,81,35.8286
1903,6.35373,,143,81,35.6857
1904,6.35668,,143,81,35.5429
1905,6.35962,,143,81,35.4
1906,6.36295,,142.857,81,35.1143
1907,6.36628,,142.714,81,34.8286
1908,6.36961,,142.571,81,34.5429
1909,6.37295,,142.429,81,34.2571
1910,6.37628,,142.286,81,33.9714
1911,6.37961,,142.143,81,33.6857
1912,6.38294,,142,81,33.4
1913,6.38684,,142.167,81,33.1
1914,6.39074,,142.333,81,32.8
1915,6.39463,,142.5,81,32.5
1916,6.39853,,142.667,81,32.2
1917,6.40243,,142.833,81,31.9
1918,6.40633,,143,81,31.6
1919,6.41004,,143,81,31.2333
1920,6.41376,,143,81,30.8667
1921,6.41747,,143,81,30.5
1922,6.42119,,143,81,30.1333
1923,6.4249,,143,81,29.7667
1924,6.42862,,143,81,29.4
1925,6.43182,,143,80.6667,29.2
1926,6.43503,,143,80.3333,29
1927,6.43823,,143,80,28.8
1928,6.44101,,143,80.125,28.575
1929,6.4438,,143,80.25,28.35
1930,6.44658,,143,80.375,28.125
1931,6.44937,,143,80.5,27.9
1932,6.45215,,143,80.625,27.675
1933,6.45493,,143,80.75,27.45
1934,6.45772,,143,80.875,27.225
1935,6.4605,,143,81,27
1936,6.46354,,143,81.1429,26.8
1937,6.46657,,143,81.2857,26.6
1938,6.46961,,143,81.4286,26.4
1939,6.47264,,143,81.5714,26.2
1940,6.47568,,143,81.7143,26
1941,6.47871,,143,81.8571,25.8
1942,6.48175,,143,82,25.6
1943,6.48486,,143.143,82,25.3714
1944,6.48797,,143.286,82,25.1429
1945,6.49108,,143.429,82,24.9143
1946,6.49418,,143.571,82,24.6857
1947,6.49729,,143.714,82,24.4571
1948,6.5004,,143.857,82,24.2286
1949,6.50351,,144,82,24
1950,6.50693,,144.143,81.8571,23.7714
1951,6.51035,,144.286,81.7143,23.5429
1952,6.51377,,144.429,81.5714,23.3143
1953,6.5172,,144.571,81.4286,23.0857
1954,6.52062,,144.714,81.2857,22.8571
1955,6.52404,,144.857,81.1429,22.6286
1956,6.52746,,145,81,22.4
1957,6.53101,,145,81,21.7667
1958,6.53457,,145,81,21.1333
1959,6.53812,,145,81,20.5
1960,6.54167,,145,81,19.8667
1961,6.54523,,145,81,19.2333
1962,6.54878,,145,81,18.6
1963,6.5522,,145,81,18
1964,6.55633,,144.8,81,17.64
1965,6.56045,,144.6,81,17.28
1966,6.56458,,144.4,81,16.92
1967,6.5687,,144.2,81,16.56
1968,6.57283,,144,81,16.2
1969,6.5766,,143,81,15.6
1970,6.58009,,143,81.1667,15.3667
1971,6.58357,,143,81.3333,15.1333
1972,6.58706,,143,81.5,14.9
1973,6.59055,,143,81.6667,14.6667
1974,6.59403,,143,81.8333,14.4333
1975,6.59752,,143,82,14.2
1976,6.60069,,143.143,81.8571,13.8571
1977,6.60385,,143.286,81.7143,13.5143
1978,6.60702,,143.429,81.5714,13.1714
1979,6.61018,,143.571,81.4286,12.8286
1980,6.61335,,143.714,81.2857,12.4857
1981,6.61651,,143.857,81.1429,12.1429
1982,6.61968,,144,81,11.8
1983,6.62283,,144,81,11.5714
1984,6.62597,,144,81,11.3429
1985,6.62912,,144,81,11.1143
1986,6.63226,,144,81,10.8857
1987,6.63541,,144,81,10.6571
1988,6.63855,,144,81,10.4286
1989,6.6417,,144,81,10.2
1990,6.64518,,144.167,81.1667,10.3
1991,6.64865,,144.333,81.3333,10.4
1992,6.65212,,144.5,81.5,10.5
1993,6.6556,,144.667,81.6667,10.6
1994,6.65908,,144.833,81.8333,10.7
1995,6.66255,,145,82,10.8
1996,6.66562,,145,81.8571,10.9143
1997,6.6687,,145,81.7143,11.0286
1998,6.67177,,145,81.5714,11.1429
1999,6.67484,,145,81.4286,11.2571
2000,6.67791,,145,81.2857,11.3714
2001,6.68099,,145,81.1429,11.4857
2002,6.68406,,145,81,11.6
2003,6.68742,,145,81.1429,11.7143
2004,6.69079,,145,81.2857,11.8286
2005,6.69415,,145,81.4286,11.9429
2006,6.69752,,145,81.5714,12.0571
2007,6.70088,,145,81.7143,12.1714
2008,6.70425,,145,81.8571,12.2857
2009,6.70761,,145,82,12.4
2010,6.7108,,145.143,82,12.5429
2011,6.71399,,145.286,82,12.6857
2012,6.71718,,145.429,82,12.8286
2013,6.72038,,145.571,82,12.9714
2014,6.72357,,145.714,82,13.1143
2015,6.72676,,145.857,82,13.2571
2016,6.72995,,146,82,13.4
2017,6.73316,,146.143,82,13.9714
2018,6.73637,,146.286,82,14.5429
2019,6.73958,,146.429,82,15.1143
2020,6.7428,,146.571,82,15.6857
2021,6.74601,,146.714,82,16.2571
2022,6.74922,,146.857,82,16.8286
2023,6.75243,,147,82,17.4
2024,6.75617,,147,82,18.1
2025,6.75991,,147,82,18.8
2026,6.76365,,147,82,19.5
2027,6.76739,,147,82,20.2
2028,6.77113,,147,82,20.9
2029,6.77487,,147,82,21.6
2030,6.77907,,147,82,22.28
2031,6.78327,,147,82,22.96
2032,6.78747,,147,82,23.64
2033,6.79167,,147,82,24.32
2034,6.79587,,147,82,25
2035,6.79899,,146.857,82,25.2286
2036,6.80211,,146.714,82,25.4571
2037,6.80523,,146.571,82,25.6857
2038,6.80834,,146.429,82,25.9143
2039,6.81146,,146.286,82,26.1429
2040,6.81458,,146.143,82,26.3714
2041,6.8177,,146,82,26.6
2042,6.82127,,145.833,81.8333,26.8667
2043,6.82484,,145.667,81.6667,27.1333
2044,6.82841,,145.5,81.5,27.4
2045,6.83199,,145.333,81.3333,27.6667
2046,6.83556,,145.167,81.1667,27.9333
2047,6.83913,,145,81,28.2
2048,6.84257,,145,81,28.2
2049,6.84613,,145.167,81.1667,28.3667
2050,6.8497,,145.333,81.3333,28.5333
2051,6.85326,,145.5,81.5,28.7
2052,6.85682,,145.667,81.6667,28.8667
2053,6.86039,,145.833,81.8333,29.0333
2054,6.86395,,146,82,29.2
2055,6.86722,,146,81.75,29.4
2056,6.87049,,146,81.5,29.6
2057,6.87375,,146,81.25,29.8
2058,6.87702,,146,81,30
2059,6.88012,,145.857,81,30
2060,6.88322,,145.714,81,30
2061,6.88632,,145.571,81,30
2062,6.88943,,145.429,81,30
2063,6.89253,,145.286,81,30
2064,6.89563,,145.143,81,30
2065,6.89873,,145,81,30
2066,6.90221,,145.167,81,29.8667
2067,6.90569,,145.333,81,29.7333
2068,6.90916,,145.5,81,29.6
2069,6.91264,,145.667,81,29.4667
2070,6.91612,,145.833,81,29.3333
2071,6.9196,,146,81,29.2
2072,6.92351,,145.833,81,29.1667
2073,6.92742,,145.667,81,29.1333
2074,6.93133,,145.5,81,29.1
2075,6.93525,,145.333,81,29.0667
2076,6.93916,,145.167,81,29.0333
2077,6.94307,,145,81,29
2078,6.94707,,145,81,29.08
2079,6.95107,,145,81,29.16
2080,6.95508,,145,81,29.24
2081,6.95908,,145,81,29.32
2082,6.96308,,145,81,29.4
2083,6.96693,,145,81.1667,29.3667
2084,6.97078,,145,81.3333,29.3333
2085,6.97462,,145,81.5,29.3
2086,6.97847,,145,81.6667,29.2667
2087,6.98232,,145,81.8333,29.2333
2088,6.98617,,145,82,29.2
2089,6.98981,,145.167,82.1667,29.2
2090,6.99346,,145.333,82.3333,29.2
2091,6.9971,,145.5,82.5,29.2
2092,7.00074,,145.667,82.6667,29.2
2093,7.00439,,145.833,82.8333,29.2
2094,7.00803,,146,83,29.2
2095,7.01143,,146.167,83,29.4
2096,7.01483,,146.333,83,29.6
2097,7.01823,,146.5,83,29.8
2098,7.02164,,146.667,83,30
2099,7.02504,,146.833,83,30.2
2100,7.02844,,147,83,30.4
2101,7.03188,,147,82.8333,30.3
2102,7.03532,,147,82.6667,30.2
2103,7.03876,,147,82.5,30.1
2104,7.04219,,147,82.3333,30
2105,7.04563,,147,82.1667,29.9
2106,7.04907,,147,82,29.8
2107,7.05255,,147,82,29.8333
2108,7.05604,,147,82,29.8667
2109,7.05953,,147,82,29.9
2110,7.06301,,147,82,29.9333
2111,7.06649,,147,82,29.9667
2112,7.06998,,147,82,30
2113,7.07323,,147,82,30.0571
2114,7.07649,,147,82,30.1143
2115,7.07974,,147,82,30.1714
2116,7.08299,,147,82,30.2286
2117,7.08624,,147,82,30.2857
2118,7.0895,,147,82,30.3429
2119,7.09275,,147,82,30.4
2120,7.09601,,147.143,82.1429,30.3714
2121,7.09927,,147.286,82.2857,30.3429
2122,7.10253,,147.429,82.4286,30.3143
2123,7.10578,,147.571,82.5714,30.2857
2124,7.10904,,147.714,82.7143,30.2571
2125,7.1123,,147.857,82.8571,30.2286
2126,7.11556,,148,83,30.2
2127,7.1191,,148,82.8333,30.6333
2128,7.12263,,148,82.6667,31.0667
2129,7.12617,,148,82.5,31.5
2130,7.12971,,148,82.3333,31.9333
2131,7.13324,,148,82.1667,32.3667
2132,7.13678,,148,82,32.8
2133,7.14022,,147.833,82,33.2667
2134,7.14367,,147.667,82,33.7333
2135,7.14711,,147.5,82,34.2
2136,7.15055,,147.333,82,34.6667
2137,7.154,,147.167,82,35.1333
2138,7.15744,,147,82,35.6
2139,7.16026,,147.125,81.875,35.9
2140,7.16307,,147.25,81.75,36.2
2141,7.16589,,147.375,81.625,36.5
2142,7.16871,,147.5,81.5,36.8
2143,7.17152,,147.625,81.375,37.1
2144,7.17434,,147.75,81.25,37.4
2145,7.17715,,147.875,81.125,37.7
2146,7.17997,,148,81,38
2147,7.1827,,147.875,81.125,38.075
2148,7.18544,,147.75,81.25,38.15
2149,7.18817,,147.625,81.375,38.225
2150,7.1909,,147.5,81.5,38.3
2151,7.19363,,147.375,81.625,38.375
2152,7.19637,,147.25,81.75,38.45
2153,7.1991,,147.125,81.875,38.525
2154,7.20183,,147,82,38.6
2155,7.20493,,147,81.8571,38.6571
2156,7.20803,,147,81.7143,38.7143
2157,7.21113,,147,81.5714,38.7714
2158,7.21423,,147,81.4286,38.8286
2159,7.21733,,147,81.2857,38.8857
2160,7.22043,,147,81.1429,38.9429
2161,7.22353,,147,81,39
2162,7.227,,147.167,81,39.2667
2163,7.23048,,147.333,81,39.5333
2164,7.23395,,147.5,81,39.8
2165,7.23742,,147.667,81,40.0667
2166,7.2409,,147.833,81,40.3333
2167,7.24437,,148,81,40.6
2168,7.24757,,147.857,81,40.5143
2169,7.25078,,147.714,81,40.4286
2170,7.25398,,147.571,81,40.3429
2171,7.25719,,147.429,81,40.2571
2172,7.26039,,147.286,81,40.1714
2173,7.2636,,147.143,81,40.0857
2174,7.2668,,147,81,40
2175,7.26969,,146.714,80.8571,39.9714
2176,7.27257,,146.429,80.7143,39.9429
2177,7.27546,,146.143,80.5714,39.9143
2178,7.27835,,145.857,80.4286,39.8857
2179,7.28124,,145.571,80.2857,39.8571
2180,7.28412,,145.286,80.1429,39.8286
2181,7.28701,,145,80,39.8
2182,7.28943,,145,80,39.4222
2183,7.29185,,145,80,39.0444
2184,7.29427,,145,80,38.6667
2185,7.29669,,145,80,38.2889
2186,7.29911,,145,80,37.9111
2187,7.30153,,145,80,37.5333
2188,7.30395,,145,80,37.1556
2189,7.30637,,145,80,36.7778
2190,7.30879,,145,80,36.4
2191,7.31216,,145.143,80.1429,35.9714
2192,7.31553,,145.286,80.2857,35.5429
2193,7.3189,,145.429,80.4286,35.1143
2194,7.32227,,145.571,80.5714,34.6857
2195,7.32564,,145.714,80.7143,34.2571
2196,7.32901,,145.857,80.8571,33.8286
2197,7.33238,,146,81,33.4
2198,7.33625,,146,81.1667,33.4333
2199,7.34013,,146,81.3333,33.4667
2200,7.344,,146,81.5,33.5
2201,7.34788,,146,81.6667,33.5333
2202,7.35175,,146,81.8333,33.5667
2203,7.35563,,146,82,33.6
2204,7.35961,,146.333,82,33.8
2205,7.36358,,146.667,82,34
2206,7.36756,,147,82,34.2
2207,7.37097,,147,81.8333,33.9667
2208,7.37437,,147,81.6667,33.7333
2209,7.37778,,147,81.5,33.5
2210,7.38119,,147,81.3333,33.2667
2211,7.38459,,147,81.1667,33.0333
2212,7.388,,147,81,32.8
2213,7.39036,,146.889,81.1111,32.9111
2214,7.39272,,146.778,81.2222,33.0222
2215,7.39507,,146.667,81.3333,33.1333
2216,7.39743,,146.556,81.4444,33.2444
2217,7.39979,,146.444,81.5556,33.3556
2218,7.40215,,146.333,81.6667,33.4667
2219,7.4045,,146.222,81.7778,33.5778
2220,7.40686,,146.111,81.8889,33.6889
2221,7.40922,,146,82,33.8
2222,7.41212,,146.125,81.875,33.975
2223,7.41503,,146.25,81.75,34.15
2224,7.41793,,146.375,81.625,34.325
2225,7.42084,,146.5,81.5,34.5
2226,7.42374,,146.625,81.375,34.675
2227,7.42664,,146.75,81.25,34.85
2228,7.42955,,146.875,81.125,35.025
2229,7.43245,,147,81,35.2
2230,7.43574,,147,81.1429,35.3429
2231,7.43903,,147,81.2857,35.4857
2232,7.44232,,147,81.4286,35.6286
2233,7.44562,,147,81.5714,35.7714
2234,7.44891,,147,81.7143,35.9143
2235,7.4522,,147,81.8571,36.0571
2236,7.45549,,147,82,36.2
2237,7.45899,,147,82,36.2667
2238,7.4625,,147,82,36.3333
2239,7.466,,147,82,36.4
2240,7.4695,,147,82,36.4667
2241,7.47301,,147,82,36.5333
2242,7.47651,,147,82,36.6
2243,7.4798,,147,82,36.4857
2244,7.48309,,147,82,36.3714
2245,7.48638,,147,82,36.2571
2246,7.48967,,147,82,36.1429
2247,7.49296,,147,82,36.0286
2248,7.49625,,147,82,35.9143
2249,7.49954,,147,82,35.8
2250,7.50369,,147,82,35.72
2251,7.50784,,147,82,35.64
2252,7.512,,147,82,35.56
2253,7.51615,,147,82,35.48
2254,7.5203,,147,82,35.4
2255,7.52388,,147.167,81.8333,35.4667
2256,7.52745,,147.333,81.6667,35.5333
2257,7.53102,,147.5,81.5,35.6
2258,7.5346,,147.667,81.3333,35.6667
2259,7.53818,,147.833,81.1667,35.7333
2260,7.54175,,148,81,35.8
2261,7.5453,,148.167,81,36
2262,7.54884,,148.333,81,36.2
2263,7.55239,,148.5,81,36.4
2264,7.55593,,148.667,81,36.6
2265,7.55947,,148.833,81,36.8
2266,7.56302,,149,81,37
2267,7.56684,,149,81.1667,37.5333
2268,7.57066,,149,81.3333,38.0667
2269,7.57449,,149,81.5,38.6
2270,7.57831,,149,81.6667,39.1333
2271,7.58213,,149,81.8333,39.6667
2272,7.58595,,149,82,40.2
2273,7.58984,,149,82,40.6
2274,7.59372,,149,82,41
2275,7.59761,,149,82,41.4
2276,7.6015,,149,82,41.8
2277,7.60538,,149,82,42.2
2278,7.60927,,149,82,42.6
2279,7.61288,,149,82,42.9333
2280,7.61649,,149,82,43.2667
2281,7.6201,,149,82,43.6
2282,7.6237,,149,82,43.9333
2283,7.62731,,149,82,44.2667
2284,7.63092,,149,82,44.6
2285,7.63474,,149,82,45.1
2286,7.63856,,149,82,45.6
2287,7.64239,,149,82,46.1
2288,7.64621,,149,82,46.6
2289,7.64964,,149,82,46.9333
2290,7.65307,,149,82,47.2667
2291,7.6565,,149,82,47.6
2292,7.65993,,149,82,47.9333
2293,7.66336,,149,82,48.2667
2294,7.66679,,149,82,48.6
2295,7.67028,,149,82,48.6667
2296,7.67377,,149,82,48.7333
2297,7.67725,,149,82,48.8
2298,7.68074,,149,82,48.8667
2299,7.68423,,149,82,48.9333
2300,7.68772,,149,82,49
2301,7.69105,,148.833,81.8333,49.2
2302,7.69439,,148.667,81.6667,49.4
2303,7.69773,,148.5,81.5,49.6
2304,7.70106,,148.333,81.3333,49.8
2305,7.70439,,148.167,81.1667,50
2306,7.70773,,148,81,50.2
2307,7.71145,,147.833,81.1667,50.3667
2308,7.71518,,147.667,81.3333,50.5333
2309,7.7189,,147.5,81.5,50.7
2310,7.72262,,147.333,81.6667,50.8667
2311,7.72635,,147.167,81.8333,51.0333
2312,7.73007,,147,82,51.2
2313,7.73373,,146.833,81.8333,51.2667
2314,7.73739,,146.667,81.6667,51.3333
2315,7.74104,,146.5,81.5,51.4
2316,7.7447,,146.333,81.3333,51.4667
2317,7.74836,,146.167,81.1667,51.5333
2318,7.75202,,146,81,51.6
2319,7.75537,,146.167,81,51.5333
2320,7.75873,,146.333,81,51.4667
2321,7.76208,,146.5,81,51.4
2322,7.76543,,146.667,81,51.3333
2323,7.76879,,146.833,81,51.2667
2324,7.77214,,147,81,51.2
2325,7.77509,,146.857,81.1429,51.2857
2326,7.77805,,146.714,81.2857,51.3714
2327,7.781,,146.571,81.4286,51.4571
2328,7.78395,,146.429,81.5714,51.5429
2329,7.7869,,146.286,81.7143,51.6286
2330,7.78986,,146.143,81.8571,51.7143
2331,7.79281,,146,82,51.8
2332,7.79555,,146.167,82,51.8
2333,7.79829,,146.333,82,51.8
2334,7.80103,,146.5,82,51.8
2335,7.80377,,146.667,82,51.8
2336,7.80651,,146.833,82,51.8
2337,7.80925,,147,82,51.8
2338,7.81269,,147,81.8333,51.7667
2339,7.81614,,147,81.6667,51.7333
2340,7.81959,,147,81.5,51.7
2341,7.82303,,147,81.3333,51.6667
2342,7.82648,,147,81.1667,51.6333
2343,7.82992,,147,81,51.6
2344,7.83298,,147,81,51.2286
2345,7.83603,,147,81,50.8571
2346,7.83909,,147,81,50.4857
2347,7.84214,,147,81,50.1143
2348,7.8452,,147,81,49.7429
2349,7.84825,,147,81,49.3714
2350,7.85131,,147,81,49
2351,7.85447,,147,81.1429,48.6857
2352,7.85764,,147,81.2857,48.3714
2353,7.8608,,147,81.4286,48.0571
2354,7.86396,,147,81.5714,47.7429
2355,7.86712,,147,81.7143,47.4286
2356,7.87029,,147,81.8571,47.1143
2357,7.87345,,147,82,46.8
2358,7.87641,,147,81.8571,46.4857
2359,7.87937,,147,81.7143,46.1714
2360,7.88233,,147,81.5714,45.8571
2361,7.8853,,147,81.4286,45.5429
2362,7.88826,,147,81.2857,45.2286
2363,7.89122,,147,81.1429,44.9143
2364,7.89418,,147,81,44.6
2365,7.89721,,147,81,44.3714
2366,7.90025,,147,81,44.1429
2367,7.90328,,147,81,43.9143
2368,7.90631,,147,81,43.6857
2369,7.90934,,147,81,43.4571
2370,7.91238,,147,81,43.2286
2371,7.91541,,147,81,43
2372,7.91901,,147,81.1667,42.5
2373,7.92262,,147,81.3333,42
2374,7.92622,,147,81.5,41.5
2375,7.92983,,147,81.6667,41
2376,7.93343,,147,81.8333,40.5
2377,7.93704,,147,82,40
2378,7.94093,,146.833,81.8333,39.5333
2379,7.94482,,146.667,81.6667,39.0667
2380,7.94871,,146.5,81.5,38.6
2381,7.9526,,146.333,81.3333,38.1333
2382,7.95649,,146.167,81.1667,37.6667
2383,7.96038,,146,81,37.2
2384,7.96415,,146.167,81,37.2333
2385,7.96793,,146.333,81,37.2667
2386,7.97171,,146.5,81,37.3
2387,7.97548,,146.667,81,37.3333
2388,7.97926,,146.833,81,37.3667
2389,7.98303,,147,81,37.4
2390,7.98655,,147,81,37.6
2391,7.99006,,147,81,37.8
2392,7.99357,,147,81,38
2393,7.99709,,147,81,38.2
2394,8.00061,,147,81,38.4
2395,8.00412,,147,81,38.6
2396,8.00725,,147,81,38.7714
2397,8.01037,,147,81,38.9429
2398,8.0135,,147,81,39.1143
2399,8.01662,,147,81,39.2857
2400,8.01975,,147,81,39.4571
2401,8.02287,,147,81,39.6286
2402,8.026,,147,81,39.8
2403,8.02965,,147,81,39.8
2404,8.0333,,147,81,39.8
2405,8.03695,,147,81,39.8
2406,8.04061,,147,81,39.8
2407,8.04426,,147,81,39.8
2408,8.04791,,147,81,39.8
2409,8.05145,,147,81,39.9
2410,8.055,,147,81,40
2411,8.05854,,147,81,40.1
2412,8.06208,,147,81,40.2
2413,8.06563,,147,81,40.3
2414,8.06917,,147,81,40.4
2415,8.0724,,147.143,81,40.5429
2416,8.07563,,147.286,81,40.6857
2417,8.07886,,147.429,81,40.8286
2418,8.08208,,147.571,81,40.9714
2419,8.08531,,147.714,81,41.1143
2420,8.08854,,147.857,81,41.2571
2421,8.09177,,148,81,41.4
2422,8.09517,,147.833,81,41.4667
2423,8.09857,,147.667,81,41.5333
2424,8.10197,,147.5,81,41.6
2425,8.10537,,147.333,81,41.6667
2426,8.10877,,147.167,81,41.7333
2427,8.11217,,147,81,41.8
2428,8.11536,,146.857,81,41.9714
2429,8.11856,,146.714,81,42.1429
2430,8.12175,,146.571,81,42.3143
2431,8.12494,,146.429,81,42.4857
2432,8.12813,,146.286,81,42.6571
2433,8.13133,,146.143,81,42.8286
2434,8.13452,,146,81,43
2435,8.13811,,146,81.1667,43
2436,8.14169,,146,81.3333,43
2437,8.14528,,146,81.5,43
2438,8.14887,,146,81.6667,43
2439,8.15245,,146,81.8333,43
2440,8.15604,,146,82,43
2441,8.15927,,146,81.8571,43
2442,8.1625,,146,81.7143,43
2443,8.16573,,146,81.5714,43
2444,8.16895,,146,81.4286,43
2445,8.17218,,146,81.2857,43
2446,8.17541,,146,81.1429,43
2447,8.17864,,146,81,43
2448,8.18188,,146.143,81,43.0286
2449,8.18511,,146.286,81,43.0571
2450,8.18835,,146.429,81,43.0857
2451,8.19158,,146.571,81,43.1143
2452,8.19482,,146.714,81,43.1429
2453,8.19805,,146.857,81,43.1714
2454,8.20129,,147,81,43.2
2455,8.20444,,146.857,81,43.2286
2456,8.20758,,146.714,81,43.2571
2457,8.21073,,146.571,81,43.2857
2458,8.21387,,146.429,81,43.3143
2459,8.21702,,146.286,81,43.3429
2460,8.22016,,146.143,81,43.3714
2461,8.22331,,146,81,43.4
2462,8.22662,,146,81,43.6286
2463,8.22992,,146,81,43.8571
2464,8.23323,,146,81,44.0857
2465,8.23654,,146,81,44.3143
2466,8.23985,,146,81,44.5429
2467,8.24315,,146,81,44.7714
2468,8.24646,,146,81,45
2469,8.24975,,146,81,45.1429
2470,8.25304,,146,81,45.2857
2471,8.25633,,146,81,45.4286
2472,8.25962,,146,81,45.5714
2473,8.26291,,146,81,45.7143
2474,8.2662,,146,81,45.8571
2475,8.26949,,146,81,46
2476,8.27316,,146.2,81.2,45.92
2477,8.27683,,146.4,81.4,45.84
2478,8.28051,,146.6,81.6,45.76
2479,8.28418,,146.8,81.8,45.68
2480,8.28785,,147,82,45.6
2481,8.29123,,146.8,81.8,45.6
2482,8.2946,,146.6,81.6,45.6
2483,8.29798,,146.4,81.4,45.6
2484,8.30135,,146.2,81.2,45.6
2485,8.30473,,146,81,45.6
2486,8.30845,,145.667,81.5,45.5333
2487,8.31216,,145.333,82,45.4667
2488,8.31588,,145,82.5,45.4
2489,8.3196,,144.667,83,45.3333
2490,8.32331,,144.333,83.5,45.2667
2491,8.32703,,144,84,45.2
2492,8.3313,,144,83.8,45.24
2493,8.33557,,144,83.6,45.28
2494,8.33985,,144,83.4,45.32
2495,8.34412,,144,83.2,45.36
2496,8.34839,,144,83,45.4
2497,8.35201,,144.4,82.8,45.68
2498,8.35562,,144.8,82.6,45.96
2499,8.35924,,145.2,82.4,46.24
2500,8.36285,,145.6,82.2,46.52
2501,8.36647,,146,82,46.8
2502,8.36972,,146.286,81.8571,46.9714
2503,8.37296,,146.571,81.7143,47.1429
2504,8.37621,,146.857,81.5714,47.3143
2505,8.37945,,147.143,81.4286,47.4857
2506,8.3827,,147.429,81.2857,47.6571
2507,8.38594,,147.714,81.1429,47.8286
2508,8.38919,,148,81,48
2509,8.39248,,148.143,81.1429,48.1429
2510,8.39577,,148.286,81.2857,48.2857
2511,8.39906,,148.429,81.4286,48.4286
2512,8.40235,,148.571,81.5714,48.5714
2513,8.40564,,148.714,81.7143,48.7143
2514,8.40893,,148.857,81.8571,48.8571
2515,8.41222,,149,82,49
2516,8.41549,,149,82,48.8571
2517,8.41877,,149,82,48.7143
2518,8.42204,,149,82,48.5714
2519,8.42532,,149,82,48.4286
2520,8.42859,,149,82,48.2857
2521,8.43187,,149,82,48.1429
2522,8.43514,,149,82,48
2523,8.43871,,149,82,47.8
2524,8.44227,,149,82,47.6
2525,8.44584,,149,82,47.4
2526,8.4494,,149,82,47.2
2527,8.45338,,149,82,47.1333
2528,8.45735,,149,82,47.0667
2529,8.46133,,149,82,47
2530,8.4653,,149,82,46.9333
2531,8.46927,,149,82,46.8667
2532,8.47325,,149,82,46.8
2533,8.47663,,149,82.1667,46.8333
2534,8.48,,149,82.3333,46.8667
2535,8.48337,,149,82.5,46.9
2536,8.48675,,149,82.6667,46.9333
2537,8.49012,,149,82.8333,46.9667
2538,8.4935,,149,83,47
2539,8.49689,,149,82.8333,47.0333
2540,8.50029,,149,82.6667,47.0667
2541,8.50368,,149,82.5,47.1
2542,8.50707,,149,82.3333,47.1333
2543,8.51047,,149,82.1667,47.1667
2544,8.51386,,149,82,47.2
2545,8.51767,,149,81.8333,47.0667
2546,8.52148,,149,81.6667,46.9333
2547,8.52529,,149,81.5,46.8
2548,8.5291,,149,81.3333,46.6667
2549,8.53291,,149,81.1667,46.5333
2550,8.53672,,149,81,46.4
2551,8.5406,,149,81.3333,46.5333
2552,8.54449,,149,81.6667,46.6667
2553,8.54837,,149,82,46.8
2554,8.55225,,149,82.3333,46.9333
2555,8.55614,,149,82.6667,47.0667
2556,8.56002,,149,83,47.2
2557,8.56386,,148.833,82.6667,47.6
2558,8.5677,,148.667,82.3333,48
2559,8.57154,,148.5,82,48.4
2560,8.57538,,148.333,81.6667,48.8
2561,8.57922,,148.167,81.3333,49.2
2562,8.58306,,148,81,49.6
2563,8.58638,,148.143,81.1429,49.7143
2564,8.58969,,148.286,81.2857,49.8286
2565,8.59301,,148.429,81.4286,49.9429
2566,8.59632,,148.571,81.5714,50.0571
2567,8.59964,,148.714,81.7143,50.1714
2568,8.60295,,148.857,81.8571,50.2857
2569,8.60627,,149,82,50.4
2570,8.60979,,149,81.8333,50.5
2571,8.6133,,149,81.6667,50.6
2572,8.61682,,149,81.5,50.7
2573,8.62034,,149,81.3333,50.8
2574,8.62385,,149,81.1667,50.9
2575,8.62737,,149,81,51
2576,8.631,,149,81.1667,50.8667
2577,8.63463,,149,81.3333,50.7333
2578,8.63827,,149,81.5,50.6
2579,8.6419,,149,81.6667,50.4667
2580,8.64553,,149,81.8333,50.3333
2581,8.64916,,149,82,50.2
2582,8.65304,,149,82.1667,50.4333
2583,8.65691,,149,82.3333,50.6667
2584,8.66079,,149,82.5,50.9
2585,8.66467,,149,82.6667,51.1333
2586,8.66854,,149,82.8333,51.3667
2587,8.67242,,149,83,51.6
2588,8.67579,,148.833,82.8333,51.5
2589,8.67916,,148.667,82.6667,51.4
2590,8.68253,,148.5,82.5,51.3
2591,8.68589,,148.333,82.3333,51.2
2592,8.68926,,148.167,82.1667,51.1
2593,8.69263,,148,82,51
2594,8.69628,,148.167,82.1667,50.7667
2595,8.69992,,148.333,82.3333,50.5333
2596,8.70357,,148.5,82.5,50.3
2597,8.70722,,148.667,82.6667,50.0667
2598,8.71086,,148.833,82.8333,49.8333
2599,8.71451,,149,83,49.6
2600,8.71808,,149,82.8333,49.4333
2601,8.72164,,149,82.6667,49.2667
2602,8.72521,,149,82.5,49.1
2603,8.72877,,149,82.3333,48.9333
2604,8.73234,,149,82.1667,48.7667
2605,8.7359,,149,82,48.6
2606,8.73954,,149.167,81.8333,48.5
2607,8.74319,,149.333,81.6667,48.4
2608,8.74683,,149.5,81.5,48.3
2609,8.75047,,149.667,81.3333,48.2
2610,8.75412,,149.833,81.1667,48.1
2611,8.75776,,150,81,48
2612,8.76094,,149.857,81,47.5429
2613,8.76412,,149.714,81,47.0857
2614,8.7673,,149.571,81,46.6286
2615,8.77047,,149.429,81,46.1714
2616,8.77365,,149.286,81,45.7143
2617,8.77683,,149.143,81,45.2571
2618,8.78001,,149,81,44.8
2619,8.78372,,148.833,81,44.6
2620,8.78744,,148.667,81,44.4
2621,8.79115,,148.5,81,44.2
2622,8.79486,,148.333,81,44
2623,8.79858,,148.167,81,43.8
2624,8.80229,,148,81,43.6
2625,8.80571,,147.833,81,43.5
2626,8.80914,,147.667,81,43.4
2627,8.81256,,147.5,81,43.3
2628,8.81599,,147.333,81,43.2
2629,8.81941,,147.167,81,43.1
2630,8.82284,,147,81,43
2631,8.82606,,147,81.1667,42.7333
2632,8.82927,,147,81.3333,42.4667
2633,8.83249,,147,81.5,42.2
2634,8.83571,,147,81.6667,41.9333
2635,8.83892,,147,81.8333,41.6667
2636,8.84214,,147,82,41.4
2637,8.84563,,147,81.6667,41.3333
2638,8.84912,,147,81.3333,41.2667
2639,8.85261,,147,81,41.2
2640,8.85613,,147,81.1667,41.1
2641,8.85965,,147,81.3333,41
2642,8.86317,,147,81.5,40.9
2643,8.86668,,147,81.6667,40.8
2644,8.8702,,147,81.8333,40.7
2645,8.87372,,147,82,40.6
2646,8.87717,,148,82,40.8
2647,8.88056,,147.833,82,41
2648,8.88395,,147.667,82,41.2
2649,8.88734,,147.5,82,41.4
2650,8.89073,,147.333,82,41.6
2651,8.89412,,147.167,82,41.8
2652,8.89751,,147,82,42
2653,8.90069,,147,81.8571,42.2857
2654,8.90387,,147,81.7143,42.5714
2655,8.90705,,147,81.5714,42.8571
2656,8.91024,,147,81.4286,43.1429
2657,8.91342,,147,81.2857,43.4286
2658,8.9166,,147,81.1429,43.7143
2659,8.91978,,147,81,44
2660,8.92308,,147,81,44.2
2661,8.92638,,147,81,44.4
2662,8.92968,,147,81,44.6
2663,8.93299,,147,81,44.8
2664,8.93629,,147,81,45
2665,8.93959,,147,81,45.2
2666,8.94289,,147,81,45.4
2667,8.94651,,146.833,81,45.6
2668,8.95012,,146.667,81,45.8
2669,8.95373,,146.5,81,46
2670,8.95735,,146.333,81,46.2
2671,8.96096,,146.167,81,46.4
2672,8.96458,,146,81,46.6
2673,8.96814,,146,81,46.7
2674,8.97171,,146,81,46.8
2675,8.97527,,146,81,46.9
2676,8.97883,,146,81,47
2677,8.9824,,146,81,47.1
2678,8.98596,,146,81,47.2
2679,8.98907,,146.143,81,46.9714
2680,8.99218,,146.286,81,46.7429
2681,8.99529,,146.429,81,46.5143
2682,8.99839,,146.571,81,46.2857
2683,9.0015,,146.714,81,46.0571
2684,9.00461,,146.857,81,45.8286
2685,9.00772,,147,81,45.6
2686,9.01108,,147.143,81,45.4571
2687,9.01444,,147.286,81,45.3143
2688,9.0178,,147.429,81,45.1714
2689,9.02117,,147.571,81,45.0286
2690,9.02453,,147.714,81,44.8857
2691,9.02789,,147.857,81,44.7429
2692,9.03125,,148,81,44.6
2693,9.03438,,147.857,81,44.3143
2694,9.03752,,147.714,81,44.0286
2695,9.04065,,147.571,81,43.7429
2696,9.04379,,147.429,81,43.4571
2697,9.04692,,147.286,81,43.1714
2698,9.05006,,147.143,81,42.8857
2699,9.05319,,147,81,42.6
2700,9.05663,,147.167,81,42.4
2701,9.06007,,147.333,81,42.2
2702,9.06351,,147.5,81,42
2703,9.06695,,147.667,81,41.8
2704,9.07039,,147.833,81,41.6
2705,9.07383,,148,81,41.4
2706,9.07668,,148.25,81.125,41.075
2707,9.07953,,148.5,81.25,40.75
2708,9.08237,,148.75,81.375,40.425
2709,9.08522,,149,81.5,40.1
2710,9.08807,,149.25,81.625,39.775
2711,9.09091,,149.5,81.75,39.45
2712,9.09376,,149.75,81.875,39.125
2713,9.09661,,150,82,38.8
2714,9.0995,,150,81.8571,38.4571
2715,9.10238,,150,81.7143,38.1143
2716,9.10527,,150,81.5714,37.7714
2717,9.10816,,150,81.4286,37.4286
2718,9.11105,,150,81.2857,37.0857
2719,9.11393,,150,81.1429,36.7429
2720,9.11682,,150,81,36.4
2721,9.12032,,149.833,81,36
2722,9.12382,,149.667,81,35.6
2723,9.12731,,149.5,81,35.2
2724,9.13081,,149.333,81,34.8
2725,9.13431,,149.167,81,34.4
2726,9.13781,,149,81,34
2727,9.1417,,148.833,81,33.3667
2728,9.14559,,148.667,81,32.7333
2729,9.14949,,148.5,81,32.1
2730,9.15338,,148.333,81,31.4667
2731,9.15727,,148.167,81,30.8333
2732,9.16116,,148,81,30.2
2733,9.16523,,148,81,29.88
2734,9.16931,,148,81,29.56
2735,9.17338,,148,81,29.24
2736,9.17746,,148,81,28.92
2737,9.18153,,148,81,28.6
2738,9.18525,,148,81,28.5
2739,9.18898,,148,81,28.4
2740,9.1927,,148,81,28.3
2741,9.19642,,148,81,28.2
2742,9.20015,,148,81,28.1
2743,9.20387,,148,81,28
2744,9.20705,,148.143,81,27.7429
2745,9.21024,,148.286,81,27.4857
2746,9.21342,,148.429,81,27.2286
2747,9.2166,,148.571,81,26.9714
2748,9.21978,,148.714,81,26.7143
2749,9.22297,,148.857,81,26.4571
2750,9.22615,,149,81,26.2
2751,9.22921,,149,81,26.1429
2752,9.23226,,149,81,26.0857
2753,9.23532,,149,81,26.0286
2754,9.23837,,149,81,25.9714
2755,9.24143,,149,81,25.9143
2756,9.24448,,149,81,25.8571
2757,9.24754,,149,81,25.8
2758,9.25106,,148.5,81.5,25.7
2759,9.25457,,148,82,25.6
2760,9.25777,,148,81.8571,25.3429
2761,9.26098,,148,81.7143,25.0857
2762,9.26418,,148,81.5714,24.8286
2763,9.26738,,148,81.4286,24.5714
2764,9.27058,,148,81.2857,24.3143
2765,9.27379,,148,81.1429,24.0571
2766,9.27699,,148,81,23.8
2767,9.28042,,148,81,23.5667
2768,9.28385,,148,81,23.3333
2769,9.28728,,148,81,23.1
2770,9.29071,,148,81,22.8667
2771,9.29414,,148,81,22.6333
2772,9.29757,,148,81,22.4
2773,9.30114,,147.833,81,22.6667
2774,9.3047,,147.667,81,22.9333
2775,9.30827,,147.5,81,23.2
2776,9.31184,,147.333,81,23.4667
2777,9.3154,,147.167,81,23.7333
2778,9.31897,,147,81,24
2779,9.32318,,147,81,24.2
2780,9.3274,,147,81,24.4
2781,9.33161,,147,81,24.6
2782,9.33583,,147,81,24.8
2783,9.34004,,147,81,25
2784,9.34308,,147,81,25.2
2785,9.34611,,147,81,25.4
2786,9.34915,,147,81,25.6
2787,9.35218,,147,81,25.8
2788,9.35522,,147,81,26
2789,9.35825,,147,81,26.2
2790,9.36129,,147,81,26.4
2791,9.36408,,147.125,81.125,26.55
2792,9.36687,,147.25,81.25,26.7
2793,9.36965,,147.375,81.375,26.85
2794,9.37244,,147.5,81.5,27
2795,9.37523,,147.625,81.625,27.15
2796,9.37801,,147.75,81.75,27.3
2797,9.3808,,147.875,81.875,27.45
2798,9.38359,,148,82,27.6
2799,9.38683,,147.857,81.8571,27.6857
2800,9.39008,,147.714,81.7143,27.7714
2801,9.39332,,147.571,81.5714,27.8571
2802,9.39656,,147.429,81.4286,27.9429
2803,9.3998,,147.286,81.2857,28.0286
2804,9.40305,,147.143,81.1429,28.1143
2805,9.40629,,147,81,28.2
2806,9.4097,,147,81,28.4667
2807,9.41311,,147,81,28.7333
2808,9.41652,,147,81,29
2809,9.41992,,147,81,29.2667
2810,9.42333,,147,81,29.5333
2811,9.42674,,147,81,29.8
2812,9.43147,,147,81.2,30.4
2813,9.4362,,147,81.4,31
2814,9.44092,,147,81.6,31.6
2815,9.44565,,147,81.8,32.2
2816,9.45038,,147,82,32.8
2817,9.4548,,147.2,82,33.2
2818,9.45921,,147.4,82,33.6
2819,9.46363,,147.6,82,34
2820,9.46804,,147.8,82,34.4
2821,9.47246,,148,82,34.8
2822,9.47689,,147.8,82,35.4
2823,9.48132,,147.6,82,36
2824,9.48575,,147.4,82,36.6
2825,9.49018,,147.2,82,37.2
2826,9.49461,,147,82,37.8
2827,9.4987,,147,81.8,38.32
2828,9.50279,,147,81.6,38.84
2829,9.50689,,147,81.4,39.36
2830,9.51098,,147,81.2,39.88
2831,9.51507,,147,81,40.4
2832,9.5186,,146.833,81,40.6667
2833,9.52214,,146.667,81,40.9333
2834,9.52567,,146.5,81,41.2
2835,9.52921,,146.333,81,41.4667
2836,9.53275,,146.167,81,41.7333
2837,9.53628,,146,81,42
2838,9.53908,,146,81.5,42
2839,9.54188,,146,82,42
2840,9.54534,,145.833,82,42.2
2841,9.5488,,145.667,82,42.4
2842,9.55227,,145.5,82,42.6
2843,9.55573,,145.333,82,42.8
2844,9.55919,,145.167,82,43
2845,9.56265,,145,82,43.2
2846,9.56607,,145,81.25,43.3
2847,9.5695,,145,80.5,43.4
2848,9.57292,,145,79.75,43.5
2849,9.57635,,145,79,43.6
2850,9.5794,,144.714,79.2857,43.4571
2851,9.58246,,144.429,79.5714,43.3143
2852,9.58551,,144.143,79.8571,43.1714
2853,9.58856,,143.857,80.1429,43.0286
2854,9.59161,,143.571,80.4286,42.8857
2855,9.59467,,143.286,80.7143,42.7429
2856,9.59772,,143,81,42.6
2857,9.60155,,143.167,81.1667,42.6333
2858,9.60539,,143.333,81.3333,42.6667
2859,9.60922,,143.5,81.5,42.7
2860,9.61305,,143.667,81.6667,42.7333
2861,9.61689,,143.833,81.8333,42.7667
2862,9.62072,,144,82,42.8
2863,9.6241,,144.333,81.8333,42.7
2864,9.62747,,144.667,81.6667,42.6
2865,9.63085,,145,81.5,42.5
2866,9.63423,,145.333,81.3333,42.4
2867,9.6376,,145.667,81.1667,42.3
2868,9.64098,,146,81,42.2
2869,9.6434,,146.5,81,42.1
2870,9.64581,,147,81,42
2871,9.64853,,147,80.75,41.8
2872,9.65124,,147,80.5,41.6
2873,9.65395,,147,80.25,41.4
2874,9.65667,,147,80,41.2
2875,9.65927,,146.875,80.125,41.05
2876,9.66187,,146.75,80.25,40.9
2877,9.66447,,146.625,80.375,40.75
2878,9.66708,,146.5,80.5,40.6
2879,9.66968,,146.375,80.625,40.45
2880,9.67228,,146.25,80.75,40.3
2881,9.67488,,146.125,80.875,40.15
2882,9.67748,,146,81,40
2883,9.68058,,146.143,81,39.7714
2884,9.68368,,146.286,81,39.5429
2885,9.68678,,146.429,81,39.3143
2886,9.68989,,146.571,81,39.0857
2887,9.69299,,146.714,81,38.8571
2888,9.69609,,146.857,81,38.6286
2889,9.69919,,147,81,38.4
2890,9.70233,,147,81,38.2857
2891,9.70546,,147,81,38.1714
2892,9.7086,,147,81,38.0571
2893,9.71174,,147,81,37.9429
2894,9.71488,,147,81,37.8286
2895,9.71801,,147,81,37.7143
2896,9.72115,,147,81,37.6
2897,9.72469,,146.75,81,37.75
2898,9.72823,,146.5,81,37.9
2899,9.73176,,146.25,81,38.05
2900,9.7353,,146,81,38.2
2901,9.73909,,146,81,38.35
2902,9.74288,,146,81,38.5
2903,9.74666,,146,81,38.65
2904,9.75045,,146,81,38.8
2905,9.75363,,146,81,38.6286
2906,9.75682,,146,81,38.4571
2907,9.76,,146,81,38.2857
2908,9.76318,,146,81,38.1143
2909,9.76636,,146,81,37.9429
2910,9.76955,,146,81,37.7714
2911,9.77273,,146,81,37.6
2912,9.77647,,146,81,37.4333
2913,9.7802,,146,81,37.2667
2914,9.78394,,146,81,37.1
2915,9.78768,,146,81,36.9333
2916,9.79141,,146,81,36.7667
2917,9.79515,,146,81,36.6
2918,9.79866,,145,81.3333,36.3333
2919,9.80218,,144,81.6667,36.0667
2920,9.80569,,143,82,35.8
2921,9.80905,,141,81.5,35.7
2922,9.81241,,139,81,35.6
2923,9.81561,,138.25,81,35.65
2924,9.81882,,137.5,81,35.7
2925,9.82203,,136.75,81,35.75
2926,9.82523,,136,81,35.8
2927,9.82854,,136.6,81.2,35.68
2928,9.83186,,137.2,81.4,35.56
2929,9.83517,,137.8,81.6,35.44
2930,9.83849,,138.4,81.8,35.32
2931,9.8418,,139,82,35.2
2932,9.84549,,140.333,82,34.8667
2933,9.84917,,141.667,82,34.5333
2934,9.85286,,143,82,34.2
2935,9.85597,,144,82,33.9333
2936,9.85907,,145,82,33.6667
2937,9.86218,,146,82,33.4
2938,9.86559,,146.5,82,33.3
2939,9.86899,,147,82,33.2
2940,9.8724,,147.5,82,33.1
2941,9.87581,,148,82,33
2942,9.87921,,148.5,82,32.9
2943,9.88262,,149,82,32.8
2944,9.88648,,149.167,82,32.6667
2945,9.89034,,149.333,82,32.5333
2946,9.8942,,149.5,82,32.4
2947,9.89807,,149.667,82,32.2667
2948,9.90193,,149.833,82,32.1333
2949,9.90579,,150,82,32
2950,9.90952,,150.167,81.8333,31.9333
2951,9.91324,,150.333,81.6667,31.8667
2952,9.91697,,150.5,81.5,31.8
2953,9.9207,,150.667,81.3333,31.7333
2954,9.92442,,150.833,81.1667,31.6667
2955,9.92815,,151,81,31.6
2956,9.93151,,150.833,81,31.5333
2957,9.93487,,150.667,81,31.4667
2958,9.93822,,150.5,81,31.4
2959,9.94158,,150.333,81,31.3333
2960,9.94494,,150.167,81,31.2667
2961,9.9483,,150,81,31.2
2962,9.95173,,149.833,81,31.0333
2963,9.95516,,149.667,81,30.8667
2964,9.95859,,149.5,81,30.7
2965,9.96202,,149.333,81,30.5333
2966,9.96545,,149.167,81,30.3667
2967,9.96888,,149,81,30.2
2968,9.97228,,149,81,30.0333
2969,9.97568,,149,81,29.8667
2970,9.97907,,149,81,29.7
2971,9.98247,,149,81,29.5333
2972,9.98587,,149,81,29.3667
2973,9.98927,,149,81,29.2
2974,9.99232,,148.857,81,28.8286
2975,9.99538,,148.714,81,28.4571
2976,9.99843,,148.571,81,28.0857
2977,10.0015,,148.429,81,27.7143
2978,10.0045,,148.286,81,27.3429
2979,10.0076,,148.143,81,26.9714
2980,10.0107,,148,81,26.6
2981,10.0144,,147.833,81,26.5
2982,10.0181,,147.667,81,26.4
2983,10.0219,,147.5,81,26.3
2984,10.0256,,147.333,81,26.2
2985,10.0293,,147.167,81,26.1
2986,10.0331,,147,81,26
2987,10.0369,,147.167,81,26.0667
2988,10.0408,,147.333,81,26.1333
2989,10.0447,,147.5,81,26.2
2990,10.0486,,147.667,81,26.2667
2991,10.0524,,147.833,81,26.3333
2992,10.0563,,148,81,26.4
2993,10.0596,,148,81,26.2
2994,10.0633,,148,81,26.0333
2995,10.0669,,148,81,25.8667
2996,10.0705,,148,81,25.7
2997,10.0741,,148,81,25.5333
2998,10.0778,,148,81,25.3667
2999,10.0814,,148,81,25.2
3000,10.0849,,147.833,81,25.0333
3001,10.0883,,147.667,81,24.8667
3002,10.0918,,147.5,81,24.7
3003,10.0952,,147.333,81,24.5333
3004,10.0987,,147.167,81,24.3667
3005,10.1021,,147,81,24.2
3006,10.1054,,147,81,23.8571
3007,10.1087,,147,81,23.5143
3008,10.112,,147,81,23.1714
3009,10.1153,,147,81,22.8286
3010,10.1186,,147,81,22.4857
3011,10.1219,,147,81,22.1429
3012,10.1252,,147,81,21.8
3013,10.1283,,147.143,81,21.6
3014,10.1314,,147.286,81,21.4
3015,10.1345,,147.429,81,21.2
3016,10.1376,,147.571,81,21
3017,10.1407,,147.714,81,20.8
3018,10.1438,,147.857,81,20.6
3019,10.1469,,148,81,20.4
3020,10.1503,,147.833,80.8333,20.3
3021,10.1536,,147.667,80.6667,20.2
3022,10.157,,147.5,80.5,20.1
3023,10.1603,,147.333,80.3333,20
3024,10.1637,,147.167,80.1667,19.9
3025,10.167,,147,80,19.8
3026,10.17,,147,80.1429,20.0571
3027,10.1729,,147,80.2857,20.3143
3028,10.1759,,147,80.4286,20.5714
3029,10.1789,,147,80.5714,20.8286
3030,10.1818,,147,80.7143,21.0857
3031,10.1848,,147,80.8571,21.3429
3032,10.1878,,147,81,21.6
3033,10.1909,,147,81,21.6571
3034,10.1941,,147,81,21.7143
3035,10.1973,,147,81,21.7714
3036,10.2004,,147,81,21.8286
3037,10.2036,,147,81,21.8857
3038,10.2068,,147,81,21.9429
3039,10.2099,,147,81,22
3040,10.2136,,147,81,21.6667
3041,10.2172,,147,81,21.3333
3042,10.2208,,147,81,21
3043,10.2244,,147,81,20.6667
3044,10.228,,147,81,20.3333
3045,10.2317,,147,81,20
3046,10.2355,,147,81,20.0333
3047,10.2393,,147,81,20.0667
3048,10.2432,,147,81,20.1
3049,10.247,,147,81,20.1333
3050,10.2509,,147,81,20.1667
3051,10.2547,,147,81,20.2
3052,10.2582,,147,81,20
3053,10.2616,,147,81,19.8
3054,10.265,,147,81,19.6
3055,10.2684,,147,81,19.4
3056,10.2718,,147,81,19.2
3057,10.2753,,147,81,19
3058,10.2797,,147.2,80.8,18.88
3059,10.2842,,147.4,80.6,18.76
3060,10.2887,,147.6,80.4,18.64
3061,10.2932,,147.8,80.2,18.52
3062,10.2976,,148,80,18.4
3063,10.3012,,148,80.1667,17.9667
3064,10.3047,,148,80.3333,17.5333
3065,10.3083,,148,80.5,17.1
3066,10.3118,,148,80.6667,16.6667
3067,10.3154,,148,80.8333,16.2333
3068,10.3189,,148,81,15.8
3069,10.3223,,148,81,15.5333
3070,10.3257,,148,81,15.2667
3071,10.329,,148,81,15
3072,10.3324,,148,81,14.7333
3073,10.3358,,148,81,14.4667
3074,10.3392,,148,81,14.2
3075,10.3428,,148,81,14.1
3076,10.3465,,148,81,14
3077,10.3501,,148,81,13.9
3078,10.3538,,148,81,13.8
3079,10.3574,,148,81,13.7
3080,10.3611,,148,81,13.6
3081,10.3648,,147.833,80.8333,13.6667
3082,10.3684,,147.667,80.6667,13.7333
3083,10.3721,,147.5,80.5,13.8
3084,10.3758,,147.333,80.3333,13.8667
3085,10.3795,,147.167,80.1667,13.9333
3086,10.3832,,147,80,14
3087,10.3871,,147,80,14.4667
3088,10.3911,,147,80,14.9333
3089,10.395,,147,80,15.4
3090,10.399,,147,80,15.8667
3091,10.4029,,147,80,16.3333
3092,10.4069,,147,80,16.8
3093,10.4109,,147,80.4,17.4
3094,10.415,,147,80.8,18
3095,10.419,,147,81.2,18.6
3096,10.4231,,147,81.6,19.2
3097,10.4271,,147,82,19.8
3098,10.4309,,147.167,82,20.1333
3099,10.4347,,147.333,82,20.4667
3100,10.4384,,147.5,82,20.8
3101,10.4422,,147.667,82,21.1333
3102,10.446,,147.833,82,21.4667
3103,10.4497,,148,82,21.8
3104,10.4534,,147.75,81.75,21.9
3105,10.457,,147.5,81.5,22
3106,10.4606,,147.25,81.25,22.1
3107,10.4642,,147,81,22.2
3108,10.467,,147.125,81,22.625
3109,10.4698,,147.25,81,23.05
3110,10.4726,,147.375,81,23.475
3111,10.4753,,147.5,81,23.9
3112,10.4781,,147.625,81,24.325
3113,10.4809,,147.75,81,24.75
3114,10.4836,,147.875,81,25.175
3115,10.4864,,148,81,25.6
3116,10.4894,,148,80.8571,25.5143
3117,10.4923,,148,80.7143,25.4286
3118,10.4953,,148,80.5714,25.3429
3119,10.4983,,148,80.4286,25.2571
3120,10.5012,,148,80.2857,25.1714
3121,10.5042,,148,80.1429,25.0857
3122,10.5071,,148,80,25
3123,10.5105,,148,80.1429,24.6857
3124,10.5138,,148,80.2857,24.3714
3125,10.5172,,148,80.4286,24.0571
3126,10.5205,,148,80.5714,23.7429
3127,10.5238,,148,80.7143,23.4286
3128,10.5272,,148,80.8571,23.1143
3129,10.5305,,148,81,22.8
3130,10.5342,,148,81,22.9
3131,10.5379,,148,81,23
3132,10.5416,,148,81,23.1
3133,10.5453,,148,81,23.2
3134,10.549,,148,81,23.3
3135,10.5527,,148,81,23.4
3136,10.5561,,148,81,23.2333
3137,10.5594,,148,81,23.0667
3138,10.5628,,148,81,22.9
3139,10.5662,,148,81,22.7333
3140,10.5696,,148,81,22.5667
3141,10.5729,,148,81,22.4
3142,10.5763,,148,81,22.0857
3143,10.5796,,148,81,21.7714
3144,10.583,,148,81,21.4571
3145,10.5863,,148,81,21.1429
3146,10.5897,,148,81,20.8286
3147,10.593,,148,81,20.5143
3148,10.5964,,148,81,20.2
3149,10.5997,,148,80.8333,19.9333
3150,10.6031,,148,80.6667,19.6667
3151,10.6064,,148,80.5,19.4
3152,10.6098,,148,80.3333,19.1333
3153,10.6131,,148,80.1667,18.8667
3154,10.6164,,148,80,18.6
3155,10.6198,,148.167,80.3333,18.1667
3156,10.6232,,148.333,80.6667,17.7333
3157,10.6265,,148.5,81,17.3
3158,10.6299,,148.667,81.3333,16.8667
3159,10.6332,,148.833,81.6667,16.4333
3160,10.6366,,149,82,16
3161,10.6403,,149,81.8333,15.4667
3162,10.6441,,149,81.6667,14.9333
3163,10.6478,,149,81.5,14.4
3164,10.6516,,149,81.3333,13.8667
3165,10.6554,,149,81.1667,13.3333
3166,10.6591,,149,81,12.8
3167,10.6625,,149,81.1667,12.5
3168,10.666,,149,81.3333,12.2
3169,10.6694,,149,81.5,11.9
3170,10.6728,,149,81.6667,11.6
3171,10.6762,,149,81.8333,11.3
3172,10.6797,,149,82,11
3173,10.6833,,149,81.8333,11.1333
3174,10.6869,,149,81.6667,11.2667
3175,10.6905,,149,81.5,11.4
3176,10.6941,,149,81.3333,11.5333
3177,10.6977,,149,81.1667,11.6667
3178,10.7013,,149,81,11.8
3179,10.7055,,149,81,11.96
3180,10.7096,,149,81,12.12
3181,10.7138,,149,81,12.28
3182,10.718,,149,81,12.44
3183,10.7221,,149,81,12.6
3184,10.7258,,149,81,13.2333
3185,10.7295,,149,81,13.8667
3186,10.7332,,149,81,14.5
3187,10.737,,149,81,15.1333
3188,10.7407,,149,81,15.7667
3189,10.7444,,149,81,16.4
3190,10.7488,,149,81,16.92
3191,10.7533,,149,81,17.44
3192,10.7577,,149,81,17.96
3193,10.7622,,149,81,18.48
3194,10.7666,,149,81,19
3195,10.7701,,149,81,19.4667
3196,10.7737,,149,81,19.9333
3197,10.7772,,149,81,20.4
3198,10.7808,,149,81,20.8667
3199,10.7843,,149,81,21.3333
3200,10.7878,,149,81,21.8
3201,10.792,,149,81.2,22.08
3202,10.7961,,149,81.4,22.36
3203,10.8002,,149,81.6,22.64
3204,10.8044,,149,81.8,22.92
3205,10.8085,,149,82,23.2
3206,10.8122,,149,81.8333,23.2667
3207,10.8159,,149,81.6667,23.3333
3208,10.8196,,149,81.5,23.4
3209,10.8234,,149,81.3333,23.4667
3210,10.8271,,149,81.1667,23.5333
3211,10.8308,,149,81,23.6
3212,10.8347,,148.833,81,24.1
3213,10.8386,,148.667,81,24.6
3214,10.8425,,148.5,81,25.1
3215,10.8463,,148.333,81,25.6
3216,10.8502,,148.167,81,26.1
3217,10.8541,,148,81,26.6
3218,10.8579,,148,81,27.2667
3219,10.8616,,148,81,27.9333
3220,10.8654,,148,81,28.6
3221,10.8687,,148,81.2857,28.8
3222,10.8719,,148,81.5714,29
3223,10.8752,,148,81.8571,29.2
3224,10.8785,,148,82.1429,29.4
3225,10.8818,,148,82.4286,29.6
3226,10.885,,148,82.7143,29.8
3227,10.8883,,148,83,30
3228,10.8919,,148.167,82.8333,30.2
3229,10.8955,,148.333,82.6667,30.4
3230,10.8991,,148.5,82.5,30.6
3231,10.9027,,148.667,82.3333,30.8
3232,10.9063,,148.833,82.1667,31
3233,10.9099,,149,82,31.2
3234,10.9136,,149,81.8333,31.1667
3235,10.9174,,149,81.6667,31.1333
3236,10.9211,,149,81.5,31.1
3237,10.9248,,149,81.3333,31.0667
3238,10.9286,,149,81.1667,31.0333
3239,10.9323,,149,81,31
3240,10.9357,,149,81,30.8571
3241,10.9391,,149,81,30.7143
3242,10.9426,,149,81,30.5714
3243,10.946,,149,81,30.4286
3244,10.9494,,149,81,30.2857
3245,10.9528,,149,81,30.1429
3246,10.9562,,149,81,30
3247,10.9602,,148.8,81,30.4
3248,10.9643,,148.6,81,30.8
3249,10.9683,,148.4,81,31.2
3250,10.9724,,148.2,81,31.6
3251,10.9764,,148,81,32
3252,10.9804,,148,81,32.8
3253,10.9844,,148,81,33.6
3254,10.9884,,148,81,34.4
3255,10.9924,,148,81,35.2
3256,10.9964,,148,81,36
3257,11,,148.167,81,36.7
3258,11.0037,,148.333,81,37.4
3259,11.0073,,148.5,81,38.1
3260,11.0109,,148.667,81,38.8
3261,11.0146,,148.833,81,39.5
3262,11.0182,,149,81,40.2
3263,11.0217,,149,81.1667,40.7
3264,11.0252,,149,81.3333,41.2
3265,11.0287,,149,81.5,41.7
3266,11.0321,,149,81.6667,42.2
3267,11.0356,,149,81.8333,42.7
3268,11.0391,,149,82,43.2
3269,11.042,,149.143,82,43.4571
3270,11.0449,,149.286,82,43.7143
3271,11.0477,,149.429,82,43.9714
3272,11.0506,,149.571,82,44.2286
3273,11.0535,,149.714,82,44.4857
3274,11.0564,,149.857,82,44.7429
3275,11.0592,,150,82,45
3276,11.0626,,150,81.8571,45.1714
3277,11.0659,,150,81.7143,45.3429
3278,11.0692,,150,81.5714,45.5143
3279,11.0725,,150,81.4286,45.6857
3280,11.0758,,150,81.2857,45.8571
3281,11.0791,,150,81.1429,46.0286
3282,11.0824,,150,81,46.2
3283,11.0846,,150,96.5,46.2
3284,11.0869,,150,112,46.2
3285,11.0871,,149.6,102,46.32
3286,11.0873,,149.2,92,46.44
3287,11.0875,,148.8,82,46.56
3288,11.0877,,148.4,72,46.68
3289,11.0879,,148,62,46.8
3290,11.0879,,147.647,62.9412,46.8471
3291,11.0879,,147.294,63.8824,46.8941
3292,11.0879,,146.941,64.8235,46.9412
3293,11.0879,,146.588,65.7647,46.9882
3294,11.0879,,146.235,66.7059,47.0353
3295,11.0879,,145.882,67.6471,47.0824
3296,11.0879,,145.529,68.5882,47.1294
3297,11.0879,,145.176,69.5294,47.1765
3298,11.0879,,144.824,70.4706,47.2235
3299,11.0879,,144.471,71.4118,47.2706
3300,11.0879,,144.118,72.3529,47.3176
3301,11.0879,,143.765,73.2941,47.3647
3302,11.0879,,143.412,74.2353,47.4118
3303,11.0879,,143.059,75.1765,47.4588
3304,11.0879,,142.706,76.1176,47.5059
3305,11.0879,,142.353,77.0588,47.5529
3306,11.0879,,142,78,47.6
3307,11.0898,,142,78,47.6
3308,11.0912,,141.25,74.5,47.6
3309,11.0926,,140.5,71,47.6
3310,11.0941,,139.75,67.5,47.6
3311,11.0955,,139,64,47.6
3312,11.0961,,139,60,47.4
3313,11.0971,,138,60,47.2667
3314,11.0981,,137,60,47.1333
3315,11.0991,,136,60,47
3316,11.0991,,136,66.6667,46.8667
3317,11.0991,,136,73.3333,46.7333
3318,11.0991,,136,80,46.6
3319,11.1026,,136.4,81,46.48
3320,11.1061,,136.8,82,46.36
3321,11.1096,,137.2,83,46.24
3322,11.1131,,137.6,84,46.12
3323,11.1166,,138,85,46
3324,11.12,,138.167,84.5,46
3325,11.1234,,138.333,84,46
3326,11.1268,,138.5,83.5,46
3327,11.1302,,138.667,83,46
3328,11.1336,,138.833,82.5,46
3329,11.137,,139,82,46
3330,11.1404,,139,81.8333,46.1
3331,11.1439,,139,81.6667,46.2
3332,11.1473,,139,81.5,46.3
3333,11.1508,,139,81.3333,46.4
3334,11.1542,,139,81.1667,46.5
3335,11.1577,,139,81,46.6
3336,11.1614,,139.167,81.1667,46.8
3337,11.1651,,139.333,81.3333,47
3338,11.1687,,139.5,81.5,47.2
3339,11.1724,,139.667,81.6667,47.4
3340,11.1761,,139.833,81.8333,47.6
3341,11.1798,,140,82,47.8
3342,11.1833,,140.167,82,47.7333
3343,11.1868,,140.333,82,47.6667
3344,11.1904,,140.5,82,47.6
3345,11.1939,,140.667,82,47.5333
3346,11.1975,,140.833,82,47.4667
3347,11.201,,141,82,47.4
3348,11.2044,,141.167,82,47.3333
3349,11.2078,,141.333,82,47.2667
3350,11.2111,,141.5,82,47.2
3351,11.2145,,141.667,82,47.1333
3352,11.2179,,141.833,82,47.0667
3353,11.2212,,142,82,47
3354,11.2248,,142,81.8333,46.7333
3355,11.2283,,142,81.6667,46.4667
3356,11.2318,,142,81.5,46.2
3357,11.2353,,142,81.3333,45.9333
3358,11.2388,,142,81.1667,45.6667
3359,11.2423,,142,81,45.4
3360,11.2452,,142.125,81,45.375
3361,11.248,,142.25,81,45.35
3362,11.2509,,142.375,81,45.325
3363,11.2537,,142.5,81,45.3
3364,11.2566,,142.625,81,45.275
3365,11.2594,,142.75,81,45.25
3366,11.2623,,142.875,81,45.225
3367,11.2652,,143,81,45.2
3368,11.2675,,142,81,44.8
3369,11.2705,,142.167,81,44.6667
3370,11.2736,,142.333,81,44.5333
3371,11.2766,,142.5,81,44.4
3372,11.2797,,142.667,81,44.2667
3373,11.2827,,142.833,81,44.1333
3374,11.2857,,143,81,44
3375,11.2892,,143,81,43.75
3376,11.2926,,143,81,43.5
3377,11.296,,143,81,43.25
3378,11.2995,,143,81,43
3379,11.3025,,143,81,43.3143
3380,11.3056,,143,81,43.6286
3381,11.3086,,143,81,43.9429
3382,11.3117,,143,81,44.2571
3383,11.3147,,143,81,44.5714
3384,11.3178,,143,81,44.8857
3385,11.3209,,143,81,45.2
3386,11.3235,,143,81,45.35
3387,11.3261,,143,81,45.5
3388,11.3287,,143,81,45.65
3389,11.3313,,143,81,45.8
3390,11.3339,,143,81,45.95
3391,11.3365,,143,81,46.1
3392,11.3391,,143,81,46.25
3393,11.3417,,143,81,46.4
3394,11.3447,,143,81,46.1143
3395,11.3477,,143,81,45.8286
3396,11.3508,,143,81,45.5429
3397,11.3538,,143,81,45.2571
3398,11.3568,,143,81,44.9714
3399,11.3598,,143,81,44.6857
3400,11.3628,,143,81,44.4
3401,11.366,,143.143,81,44.0857
3402,11.3692,,143.286,81,43.7714
3403,11.3724,,143.429,81,43.4571
3404,11.3756,,143.571,81,43.1429
3405,11.3788,,143.714,81,42.8286
3406,11.382,,143.857,81,42.5143
3407,11.3852,,144,81,42.2
3408,11.3895,,144,81,41.56
3409,11.3937,,144,81,40.92
3410,11.3979,,144,81,40.28
3411,11.4021,,144,81,39.64
3412,11.4063,,144,81,39
3413,11.4096,,144.143,81,38.6
3414,11.4128,,144.286,81,38.2
3415,11.4161,,144.429,81,37.8
3416,11.4194,,144.571,81,37.4
3417,11.4226,,144.714,81,37
3418,11.4259,,144.857,81,36.6
3419,11.4292,,145,81,36.2
3420,11.4324,,144.857,81.1429,35.8
3421,11.4356,,144.714,81.2857,35.4
3422,11.4388,,144.571,81.4286,35
3423,11.442,,144.429,81.5714,34.6
3424,11.4452,,144.286,81.7143,34.2
3425,11.4484,,144.143,81.8571,33.8
3426,11.4516,,144,82,33.4
3427,11.4553,,144,81.8333,32.9333
3428,11.459,,144,81.6667,32.4667
3429,11.4627,,144,81.5,32
3430,11.4664,,144,81.3333,31.5333
3431,11.4701,,144,81.1667,31.0667
3432,11.4738,,144,81,30.6
3433,11.4774,,143.833,81.1667,30.2
3434,11.481,,143.667,81.3333,29.8
3435,11.4846,,143.5,81.5,29.4
3436,11.4882,,143.333,81.6667,29
3437,11.4917,,143.167,81.8333,28.6
3438,11.4953,,143,82,28.2
3439,11.4992,,143,81.8333,27.8667
3440,11.503,,143,81.6667,27.5333
3441,11.5068,,143,81.5,27.2
3442,11.5107,,143,81.3333,26.8667
3443,11.5145,,143,81.1667,26.5333
3444,11.5183,,143,81,26.2
3445,11.5221,,143,81.1667,25.9
3446,11.5258,,143,81.3333,25.6
3447,11.5296,,143,81.5,25.3
3448,11.5333,,143,81.6667,25
3449,11.5371,,143,81.8333,24.7
3450,11.5408,,143,82,24.4
3451,11.5441,,143.143,82,24.1143
3452,11.5474,,143.286,82,23.8286
3453,11.5507,,143.429,82,23.5429
3454,11.5539,,143.571,82,23.2571
3455,11.5572,,143.714,82,22.9714
3456,11.5605,,143.857,82,22.6857
3457,11.5638,,144,82,22.4
3458,11.5674,,144,81.8333,22.1
3459,11.5711,,144,81.6667,21.8
3460,11.5747,,144,81.5,21.5
3461,11.5784,,144,81.3333,21.2
3462,11.5821,,144,81.1667,20.9
3463,11.5857,,144,81,20.6
3464,11.5892,,144,81,20.1333
3465,11.5926,,144,81,19.6667
3466,11.5961,,144,81,19.2
3467,11.5995,,144,81,18.7333
3468,11.6029,,144,81,18.2667
3469,11.6064,,144,81,17.8
3470,11.6101,,144,81,17.3667
3471,11.6138,,144,81,16.9333
3472,11.6175,,144,81,16.5
3473,11.6212,,144,81,16.0667
3474,11.6249,,144,81,15.6333
3475,11.6286,,144,81,15.2
3476,11.632,,143.833,81,15.9
3477,11.6353,,143.667,81,16.6
3478,11.6387,,143.5,81,17.3
3479,11.642,,143.333,81,18
3480,11.6453,,143.167,81,18.7
3481,11.6487,,143,81,19.4
3482,11.6522,,143,81,20.0667
3483,11.6557,,143,81,20.7333
3484,11.6592,,143,81,21.4
3485,11.6626,,143,81,22.0667
3486,11.6661,,143,81,22.7333
3487,11.6696,,143,81,23.4
3488,11.6727,,143,81,23.8
3489,11.6759,,143,81,24.2
3490,11.679,,143,81,24.6
3491,11.6821,,143,81,25
3492,11.6852,,143,81,25.4
3493,11.6884,,143,81,25.8
3494,11.6915,,143,81,26.2
3495,11.695,,143.167,81,26.1667
3496,11.6985,,143.333,81,26.1333
3497,11.7019,,143.5,81,26.1
3498,11.7054,,143.667,81,26.0667
3499,11.7089,,143.833,81,26.0333
3500,11.7124,,144,81,26
3501,11.7161,,144.167,81,26.1
3502,11.7197,,144.333,81,26.2
3503,11.7234,,144.5,81,26.3
3504,11.7271,,144.667,81,26.4
3505,11.7308,,144.833,81,26.5
3506,11.7344,,145,81,26.6
3507,11.7375,,144.857,81,26.7143
3508,11.7406,,144.714,81,26.8286
3509,11.7437,,144.571,81,26.9429
3510,11.7467,,144.429,81,27.0571
3511,11.7498,,144.286,81,27.1714
3512,11.7529,,144.143,81,27.2857
3513,11.756,,144,81,27.4
3514,11.7593,,144.143,81,27.3143
3515,11.7625,,144.286,81,27.2286
3516,11.7658,,144.429,81,27.1429
3517,11.7691,,144.571,81,27.0571
3518,11.7724,,144.714,81,26.9714
3519,11.7757,,144.857,81,26.8857
3520,11.779,,145,81,26.8
3521,11.7828,,145,81,26.9333
3522,11.7867,,145,81,27.0667
3523,11.7906,,145,81,27.2
3524,11.7945,,145,81,27.3333
3525,11.7983,,145,81,27.4667
3526,11.8022,,145,81,27.6
3527,11.8063,,145,81,27.52
3528,11.8104,,145,81,27.44
3529,11.8145,,145,81,27.36
3530,11.8186,,145,81,27.28
3531,11.8227,,145,81,27.2
3532,11.8263,,145.167,80.8333,27.8667
3533,11.8299,,145.333,80.6667,28.5333
3534,11.8335,,145.5,80.5,29.2
3535,11.8371,,145.667,80.3333,29.8667
3536,11.8407,,145.833,80.1667,30.5333
3537,11.8443,,146,80,31.2
3538,11.8475,,145.857,80,31.4
3539,11.8506,,145.714,80,31.6
3540,11.8538,,145.571,80,31.8
3541,11.8569,,145.429,80,32
3542,11.8601,,145.286,80,32.2
3543,11.8632,,145.143,80,32.4
3544,11.8664,,145,80,32.6
3545,11.8685,,145,80.25,32.6
3546,11.8706,,145,80.5,32.6
3547,11.8726,,145,80.75,32.6
3548,11.8747,,145,81,32.6
3549,11.8774,,144.75,81.5,32.55
3550,11.88,,144.5,82,32.5
3551,11.8826,,144.25,82.5,32.45
3552,11.8853,,144,83,32.4
3553,11.889,,143.667,82.8333,32.5
3554,11.8927,,143.333,82.6667,32.6
3555,11.8964,,143,82.5,32.7
3556,11.9001,,142.667,82.3333,32.8
3557,11.9038,,142.333,82.1667,32.9
3558,11.9075,,142,82,33
3559,11.9104,,142.143,81.8571,33.2286
3560,11.9133,,142.286,81.7143,33.4571
3561,11.9163,,142.429,81.5714,33.6857
3562,11.9192,,142.571,81.4286,33.9143
3563,11.9221,,142.714,81.2857,34.1429
3564,11.925,,142.857,81.1429,34.3714
3565,11.928,,143,81,34.6
3566,11.9317,,143,81,34.6333
3567,11.9354,,143,81,34.6667
3568,11.9392,,143,81,34.7
3569,11.9429,,143,81,34.7333
3570,11.9466,,143,81,34.7667
3571,11.9504,,143,81,34.8
3572,11.9537,,143.143,80.8571,34.8286
3573,11.957,,143.286,80.7143,34.8571
3574,11.9603,,143.429,80.5714,34.8857
3575,11.9635,,143.571,80.4286,34.9143
3576,11.9668,,143.714,80.2857,34.9429
3577,11.9701,,143.857,80.1429,34.9714
3578,11.9734,,144,80,35
3579,11.9773,,144,80.1667,34.8667
3580,11.9812,,144,80.3333,34.7333
3581,11.9851,,144,80.5,34.6
3582,11.989,,144,80.6667,34.4667
3583,11.993,,144,80.8333,34.3333
3584,11.9969,,144,81,34.2
3585,12.0005,,143.2,81,34
3586,12.0042,,142.4,81,33.8
3587,12.0078,,141.6,81,33.6
3588,12.0115,,140.8,81,33.4
3589,12.0152,,140,81,33.2
3590,12.0179,,139.25,81.25,33.05
3591,12.0207,,138.5,81.5,32.9
3592,12.0234,,137.75,81.75,32.75
3593,12.0262,,137,82,32.6
3594,12.0296,,137.6,81.8,32.28
3595,12.0329,,138.2,81.6,31.96
3596,12.0363,,138.8,81.4,31.64
3597,12.0397,,139.4,81.2,31.32
3598,12.0431,,140,81,31
3599,12.0464,,140.75,81,30.8
3600,12.0497,,141.5,81,30.6
3601,12.053,,142.25,81,30.4
3602,12.0564,,143,81,30.2
3603,12.0605,,143.5,81,30.15
3604,12.0646,,144,81,30.1
3605,12.0688,,144.5,81,30.05
3606,12.0729,,145,81,30
3607,12.0762,,145.333,81,29.7667
3608,12.0796,,145.667,81,29.5333
3609,12.083,,146,81,29.3
3610,12.0863,,146.333,81,29.0667
3611,12.0897,,146.667,81,28.8333
3612,12.093,,147,81,28.6
3613,12.097,,147,81,28.3333
3614,12.101,,147,81,28.0667
3615,12.1049,,147,81,27.8
3616,12.1089,,147,81,27.5333
3617,12.1129,,147,81,27.2667
3618,12.1169,,147,81,27
3619,12.1205,,147.167,80.8333,26.7333
3620,12.124,,147.333,80.6667,26.4667
3621,12.1276,,147.5,80.5,26.2
3622,12.1312,,147.667,80.3333,25.9333
3623,12.1348,,147.833,80.1667,25.6667
3624,12.1383,,148,80,25.4
3625,12.142,,147.833,80.1667,25.1333
3626,12.1456,,147.667,80.3333,24.8667
3627,12.1492,,147.5,80.5,24.6
3628,12.1528,,147.333,80.6667,24.3333
3629,12.1565,,147.167,80.8333,24.0667
3630,12.1601,,147,81,23.8
3631,12.1638,,147,81,23.5333
3632,12.1676,,147,81,23.2667
3633,12.1713,,147,81,23
3634,12.175,,147,81,22.7333
3635,12.1788,,147,81,22.4667
3636,12.1825,,147,81,22.2
3637,12.1864,,147,81.1667,21.8333
3638,12.1904,,147,81.3333,21.4667
3639,12.1944,,147,81.5,21.1
3640,12.1983,,147,81.6667,20.7333
3641,12.2023,,147,81.8333,20.3667
3642,12.2062,,147,82,20
3643,12.2098,,146.833,81.8333,19.6333
3644,12.2135,,146.667,81.6667,19.2667
3645,12.2171,,146.5,81.5,18.9
3646,12.2207,,146.333,81.3333,18.5333
3647,12.2243,,146.167,81.1667,18.1667
3648,12.228,,146,81,17.8
3649,12.2316,,145.833,81,17.3
3650,12.2352,,145.667,81,16.8
3651,12.2388,,145.5,81,16.3
3652,12.2425,,145.333,81,15.8
3653,12.2461,,145.167,81,15.3
3654,12.2497,,145,81,14.8
3655,12.2535,,145.167,81,14.5333
3656,12.2573,,145.333,81,14.2667
3657,12.2611,,145.5,81,14
3658,12.2649,,145.667,81,13.7333
3659,12.2686,,145.833,81,13.4667
3660,12.2724,,146,81,13.2
3661,12.2756,,145.857,81.1429,12.8
3662,12.2788,,145.714,81.2857,12.4
3663,12.282,,145.571,81.4286,12
3664,12.2853,,145.429,81.5714,11.6
3665,12.2885,,145.286,81.7143,11.2
3666,12.2917,,145.143,81.8571,10.8
3667,12.2949,,145,82,10.4
3668,12.2986,,144.833,82,9.76667
3669,12.3023,,144.667,82,9.13333
3670,12.306,,144.5,82,8.5
3671,12.3098,,144.333,82,7.86667
3672,12.3135,,144.167,82,7.23333
3673,12.3172,,144,82,6.6
3674,12.3204,,144.143,82,6.82857
3675,12.3236,,144.286,82,7.05714
3676,12.3269,,144.429,82,7.28571
3677,12.3301,,144.571,82,7.51429
3678,12.3333,,144.714,82,7.74286
3679,12.3365,,144.857,82,7.97143
3680,12.3398,,145,82,8.2
3681,12.3429,,145.143,82,8.8
3682,12.346,,145.286,82,9.4
3683,12.3492,,145.429,82,10
3684,12.3523,,145.571,82,10.6
3685,12.3554,,145.714,82,11.2
3686,12.3586,,145.857,82,11.8
3687,12.3617,,146,82,12.4
3688,12.3651,,145.833,82,12.4667
3689,12.3686,,145.667,82,12.5333
3690,12.372,,145.5,82,12.6
3691,12.3755,,145.333,82,12.6667
3692,12.3789,,145.167,82,12.7333
3693,12.3823,,145,82,12.8
3694,12.3855,,144.857,82,12.7143
3695,12.3886,,144.714,82,12.6286
3696,12.3917,,144.571,82,12.5429
3697,12.3949,,144.429,82,12.4571
3698,12.398,,144.286,82,12.3714
3699,12.4012,,144.143,82,12.2857
3700,12.4043,,144,82,12.2
3701,12.4084,,144,82,12.12
3702,12.4125,,144,82,12.04
3703,12.4167,,144,82,11.96
3704,12.4208,,144,82,11.88
3705,12.4249,,144,82,11.8
3706,12.4286,,144,82,11.4
3707,12.4323,,144,82,11
3708,12.436,,144,82,10.6
3709,12.4397,,144,82,10.2
3710,12.4434,,144,82,9.8
3711,12.447,,144,82,9.4
3712,12.4509,,144.167,81.8333,9.36667
3713,12.4548,,144.333,81.6667,9.33333
3714,12.4587,,144.5,81.5,9.3
3715,12.4625,,144.667,81.3333,9.26667
3716,12.4664,,144.833,81.1667,9.23333
3717,12.4703,,145,81,9.2
3718,12.4734,,145,81,9.4
3719,12.4767,,144.833,81.1667,10.0667
3720,12.4801,,144.667,81.3333,10.7333
3721,12.4834,,144.5,81.5,11.4
3722,12.4867,,144.333,81.6667,12.0667
3723,12.4901,,144.167,81.8333,12.7333
3724,12.4934,,144,82,13.4
3725,12.497,,144.167,81.8333,13.7
3726,12.5005,,144.333,81.6667,14
3727,12.5041,,144.5,81.5,14.3
3728,12.5076,,144.667,81.3333,14.6
3729,12.5112,,144.833,81.1667,14.9
3730,12.5147,,145,81,15.2
3731,12.5183,,144.833,81,15.1333
3732,12.5219,,144.667,81,15.0667
3733,12.5255,,144.5,81,15
3734,12.5291,,144.333,81,14.9333
3735,12.5327,,144.167,81,14.8667
3736,12.5363,,144,81,14.8
3737,12.5397,,144,81.1667,14.9667
3738,12.5431,,144,81.3333,15.1333
3739,12.5465,,144,81.5,15.3
3740,12.55,,144,81.6667,15.4667
3741,12.5534,,144,81.8333,15.6333
3742,12.5568,,144,82,15.8
3743,12.5597,,143.857,82,16.2286
3744,12.5627,,143.714,82,16.6571
3745,12.5656,,143.571,82,17.0857
3746,12.5685,,143.429,82,17.5143
3747,12.5715,,143.286,82,17.9429
3748,12.5744,,143.143,82,18.3714
3749,12.5773,,143,82,18.8
3750,12.5808,,143.167,82,18.9667
3751,12.5843,,143.333,82,19.1333
3752,12.5877,,143.5,82,19.3
3753,12.5912,,143.667,82,19.4667
3754,12.5947,,143.833,82,19.6333
3755,12.5982,,144,82,19.8
3756,12.6015,,144.167,82,19.6333
3757,12.6048,,144.333,82,19.4667
3758,12.6082,,144.5,82,19.3
3759,12.6115,,144.667,82,19.1333
3760,12.6149,,144.833,82,18.9667
3761,12.6182,,145,82,18.8
3762,12.621,,145.125,82,18.625
3763,12.6238,,145.25,82,18.45
3764,12.6267,,145.375,82,18.275
3765,12.6295,,145.5,82,18.1
3766,12.6323,,145.625,82,17.925
3767,12.6351,,145.75,82,17.75
3768,12.6379,,145.875,82,17.575
3769,12.6408,,146,82,17.4
3770,12.6438,,146,82,17.4857
3771,12.6468,,146,82,17.5714
3772,12.6498,,146,82,17.6571
3773,12.6527,,146,82,17.7429
3774,12.6557,,146,82,17.8286
3775,12.6587,,146,82,17.9143
3776,12.6617,,146,82,18
3777,12.6647,,145.75,82,18
3778,12.6676,,145.5,82,18
3779,12.6705,,145.25,82,18
3780,12.6734,,145,82,18
3781,12.6767,,144.857,81.8571,18.0571
3782,12.6799,,144.714,81.7143,18.1143
3783,12.6831,,144.571,81.5714,18.1714
3784,12.6864,,144.429,81.4286,18.2286
3785,12.6896,,144.286,81.2857,18.2857
3786,12.6928,,144.143,81.1429,18.3429
3787,12.696,,144,81,18.4
3788,12.6997,,144.167,81.1667,18.5333
3789,12.7033,,144.333,81.3333,18.6667
3790,12.707,,144.5,81.5,18.8
3791,12.7106,,144.667,81.6667,18.9333
3792,12.7143,,144.833,81.8333,19.0667
3793,12.7179,,145,82,19.2
3794,12.7211,,145,81.8571,19.4286
3795,12.7244,,145,81.7143,19.6571
3796,12.7276,,145,81.5714,19.8857
3797,12.7308,,145,81.4286,20.1143
3798,12.734,,145,81.2857,20.3429
3799,12.7372,,145,81.1429,20.5714
3800,12.7404,,145,81,20.8
3801,12.7441,,145,81.1667,21.1333
3802,12.7478,,145,81.3333,21.4667
3803,12.7515,,145,81.5,21.8
3804,12.7552,,145,81.6667,22.1333
3805,12.7589,,145,81.8333,22.4667
3806,12.7626,,145,82,22.8
3807,12.7665,,144.833,82,22.7
3808,12.7704,,144.667,82,22.6
3809,12.7743,,144.5,82,22.5
3810,12.7782,,144.333,82,22.4
3811,12.7821,,144.167,82,22.3
3812,12.786,,144,82,22.2
3813,12.7896,,144.167,82,22
3814,12.7932,,144.333,82,21.8
3815,12.7968,,144.5,82,21.6
3816,12.8004,,144.667,82,21.4
3817,12.804,,144.833,82,21.2
3818,12.8075,,145,82,21
3819,12.8107,,145,81.8571,20.9143
3820,12.8139,,145,81.7143,20.8286
3821,12.8171,,145,81.5714,20.7429
3822,12.8203,,145,81.4286,20.6571
3823,12.8235,,145,81.2857,20.5714
3824,12.8267,,145,81.1429,20.4857
3825,12.8299,,145,81,20.4
3826,12.8336,,145,81,20.6
3827,12.8373,,145,81,20.8
3828,12.8409,,145,81,21
3829,12.8446,,145,81,21.2
3830,12.8483,,145,81,21.4
3831,12.852,,145,81,21.6
3832,12.8555,,145.167,81.1667,22.1667
3833,12.859,,145.333,81.3333,22.7333
3834,12.8626,,145.5,81.5,23.3
3835,12.8661,,145.667,81.6667,23.8667
3836,12.8696,,145.833,81.8333,24.4333
3837,12.8732,,146,82,25
3838,12.8772,,146,82,25.4
3839,12.8808,,145.833,82,25.6667
3840,12.8844,,145.667,82,25.9333
3841,12.888,,145.5,82,26.2
3842,12.8917,,145.333,82,26.4667
3843,12.8953,,145.167,82,26.7333
3844,12.8989,,145,82,27
3845,12.9021,,144.857,81.8571,27.0571
3846,12.9054,,144.714,81.7143,27.1143
3847,12.9086,,144.571,81.5714,27.1714
3848,12.9118,,144.429,81.4286,27.2286
3849,12.9151,,144.286,81.2857,27.2857
3850,12.9183,,144.143,81.1429,27.3429
3851,12.9215,,144,81,27.4
3852,12.925,,143.833,81.1667,27.5
3853,12.9284,,143.667,81.3333,27.6
3854,12.9319,,143.5,81.5,27.7
3855,12.9353,,143.333,81.6667,27.8
3856,12.9388,,143.167,81.8333,27.9
3857,12.9422,,143,82,28
3858,12.9461,,143.167,82,28.3
3859,12.95,,143.333,82,28.6
3860,12.9539,,143.5,82,28.9
3861,12.9578,,143.667,82,29.2
3862,12.9617,,143.833,82,29.5
3863,12.9656,,144,82,29.8
3864,12.9694,,144.333,82,29.8333
3865,12.9731,,144.667,82,29.8667
3866,12.9768,,145,82,29.9
3867,12.9806,,145.333,82,29.9333
3868,12.9843,,145.667,82,29.9667
3869,12.988,,146,82,30
3870,12.991,,146,82,29.9143
3871,12.994,,146,82,29.8286
3872,12.997,,146,82,29.7429
3873,13,,146,82,29.6571
3874,13.003,,146,82,29.5714
3875,13.006,,146,82,29.4857
3876,13.0089,,146,82,29.4
3877,13.0123,,146,82,29.3667
3878,13.0158,,146,82,29.3333
3879,13.0192,,146,82,29.3
3880,13.0226,,146,82,29.2667
3881,13.026,,146,82,29.2333
3882,13.0294,,146,82,29.2
3883,13.0328,,146,81.8333,29.3333
3884,13.0362,,146,81.6667,29.4667
3885,13.0396,,146,81.5,29.6
3886,13.043,,146,81.3333,29.7333
3887,13.0464,,146,81.1667,29.8667
3888,13.0499,,146,81,30
3889,13.052,,146,81,30.4
3890,13.0547,,146,81,30.5
3891,13.0575,,146,81,30.6
3892,13.0602,,146,81,30.7
3893,13.0629,,146,81,30.8
3894,13.0656,,146,81,30.9
3895,13.0683,,146,81,31
3896,13.0716,,146,81,31.0286
3897,13.0749,,146,81,31.0571
3898,13.0783,,146,81,31.0857
3899,13.0816,,146,81,31.1143
3900,13.0849,,146,81,31.1429
3901,13.0882,,146,81,31.1714
3902,13.0915,,146,81,31.2
3903,13.0949,,146,81.1667,31.3333
3904,13.0982,,146,81.3333,31.4667
3905,13.1016,,146,81.5,31.6
3906,13.105,,146,81.6667,31.7333
3907,13.1084,,146,81.8333,31.8667
3908,13.1118,,146,82,32
3909,13.1153,,146,82,32.2
3910,13.1189,,146,82,32.4
3911,13.1225,,146,82,32.6
3912,13.1261,,146,82,32.8
3913,13.1296,,146,82,33
3914,13.1332,,146,82,33.2
3915,13.1356,,146,81.8889,34.3111
3916,13.138,,146,81.7778,35.4222
3917,13.1404,,146,81.6667,36.5333
3918,13.1428,,146,81.5556,37.6444
3919,13.1453,,146,81.4444,38.7556
3920,13.1477,,146,81.3333,39.8667
3921,13.1501,,146,81.2222,40.9778
3922,13.1525,,146,81.1111,42.0889
3923,13.1549,,146,81,43.2
3924,13.1577,,146,81.2,44.2
3925,13.1605,,146,81.4,45.2
3926,13.1632,,146,81.6,46.2
3927,13.166,,146,81.8,47.2
3928,13.1688,,146,82,48.2
3929,13.1726,,146,81.8,48.24
3930,13.1763,,146,81.6,48.28
3931,13.18,,146,81.4,48.32
3932,13.1838,,146,81.2,48.36
3933,13.1875,,146,81,48.4
3934,13.1904,,146,81,49
3935,13.1933,,146,81,49.6
3936,13.1962,,146,81,50.2
3937,13.199,,146,81,50.8
3938,13.2019,,146,81,51.4
3939,13.2054,,146,81,50.96
3940,13.209,,146,81,50.52
3941,13.2125,,146,81,50.08
3942,13.216,,146,81,49.64
3943,13.2196,,146,81,49.2
3944,13.2233,,146.167,81,48.9333
3945,13.2271,,146.333,81,48.6667
3946,13.2308,,146.5,81,48.4
3947,13.2346,,146.667,81,48.1333
3948,13.2383,,146.833,81,47.8667
3949,13.2421,,147,81,47.6
3950,13.2454,,147,81,47.3
3951,13.2488,,147,81,47
3952,13.2522,,147,81,46.7
3953,13.2555,,147,81,46.4
3954,13.2589,,147,81,46.1
3955,13.2622,,147,81,45.8
3956,13.2658,,147,81,46
3957,13.2693,,147,81,46.2
3958,13.2728,,147,81,46.4
3959,13.2763,,147,81,46.6
3960,13.2799,,147,81,46.8
3961,13.2832,,147,81,46.5143
3962,13.2865,,147,81,46.2286
3963,13.2897,,147,81,45.9429
3964,13.293,,147,81,45.6571
3965,13.2963,,147,81,45.3714
3966,13.2996,,147,81,45.0857
3967,13.3029,,147,81,44.8
3968,13.3074,,146.8,81,44.08
3969,13.3119,,146.6,81,43.36
3970,13.3164,,146.4,81,42.64
3971,13.3209,,146.2,81,41.92
3972,13.3254,,146,81,41.2
3973,13.3291,,146,81,40.7667
3974,13.3329,,146,81,40.3333
3975,13.3366,,146,81,39.9
3976,13.3404,,146,81,39.4667
3977,13.3442,,146,81,39.0333
3978,13.3479,,146,81,38.6
3979,13.3518,,146.167,81.1667,38.5667
3980,13.3556,,146.333,81.3333,38.5333
3981,13.3594,,146.5,81.5,38.5
3982,13.3633,,146.667,81.6667,38.4667
3983,13.3671,,146.833,81.8333,38.4333
3984,13.371,,147,82,38.4
3985,13.3745,,146.833,81.8333,38.2333
3986,13.3781,,146.667,81.6667,38.0667
3987,13.3817,,146.5,81.5,37.9
3988,13.3853,,146.333,81.3333,37.7333
3989,13.3889,,146.167,81.1667,37.5667
3990,13.3924,,146,81,37.4
3991,13.3957,,146,81,37.45
3992,13.399,,146,81,37.5
3993,13.4023,,146,81,37.55
3994,13.4056,,146,81,37.6
3995,13.4084,,146,81.125,37.8
3996,13.4112,,146,81.25,38
3997,13.414,,146,81.375,38.2
3998,13.4168,,146,81.5,38.4
3999,13.4195,,146,81.625,38.6
4000,13.4223,,146,81.75,38.8
4001,13.4251,,146,81.875,39
4002,13.4279,,146,82,39.2
4003,13.4315,,146,82,39.32
4004,13.4351,,146,82,39.44
4005,13.4386,,146,82,39.56
4006,13.4422,,146,82,39.68
4007,13.4457,,146,82,39.8
4008,13.4494,,146,81.8333,40.0667
4009,13.4531,,146,81.6667,40.3333
4010,13.4568,,146,81.5,40.6
4011,13.4605,,146,81.3333,40.8667
4012,13.4642,,146,81.1667,41.1333
4013,13.4679,,146,81,41.4
4014,13.4712,,146,81,41.2857
4015,13.4745,,146,81,41.1714
4016,13.4778,,146,81,41.0571
4017,13.4811,,146,81,40.9429
4018,13.4843,,146,81,40.8286
4019,13.4876,,146,81,40.7143
4020,13.4909,,146,81,40.6
4021,13.4944,,146,81,40.6
4022,13.4978,,146,81,40.6
4023,13.5012,,146,81,40.6
4024,13.5047,,146,81,40.6
4025,13.5081,,146,81,40.6
4026,13.5115,,146,81,40.6
4027,13.5146,,146,80.8571,40.7429
4028,13.5177,,146,80.7143,40.8857
4029,13.5209,,146,80.5714,41.0286
4030,13.524,,146,80.4286,41.1714
4031,13.5271,,146,80.2857,41.3143
4032,13.5302,,146,80.1429,41.4571
4033,13.5333,,146,80,41.6
4034,13.5348,,145.571,75.7143,41.1714
4035,13.5363,,145.143,71.4286,40.7429
4036,13.5378,,144.714,67.1429,40.3143
4037,13.5394,,144.286,62.8571,39.8857
4038,13.5409,,143.857,58.5714,39.4571
4039,13.5424,,143.429,54.2857,39.0286
4040,13.5439,,143,50,38.6
4041,13.5449,,143,50,38.2
4042,13.5462,,143,50,37.8
4043,13.5484,,143,50,37.4
4044,13.5512,,142.875,54,37.05
4045,13.554,,142.75,58,36.7
4046,13.5568,,142.625,62,36.35
4047,13.5596,,142.5,66,36
4048,13.5625,,142.375,70,35.65
4049,13.5653,,142.25,74,35.3
4050,13.5681,,142.125,78,34.95
4051,13.5709,,142,82,34.6
4052,13.5741,,142.143,81.8571,34.2286
4053,13.5774,,142.286,81.7143,33.8571
4054,13.5806,,142.429,81.5714,33.4857
4055,13.5839,,142.571,81.4286,33.1143
4056,13.5871,,142.714,81.2857,32.7429
4057,13.5904,,142.857,81.1429,32.3714
4058,13.5936,,143,81,32
4059,13.597,,143.167,81,32.2
4060,13.6004,,143.333,81,32.4
4061,13.6038,,143.5,81,32.6
4062,13.6071,,143.667,81,32.8
4063,13.6105,,143.833,81,33
4064,13.6139,,144,81,33.2
4065,13.6171,,144.143,81,33.3714
4066,13.6202,,144.286,81,33.5429
4067,13.6234,,144.429,81,33.7143
4068,13.6265,,144.571,81,33.8857
4069,13.6297,,144.714,81,34.0571
4070,13.6328,,144.857,81,34.2286
4071,13.6359,,145,81,34.4
4072,13.6395,,145,81,34.6667
4073,13.643,,145,81,34.9333
4074,13.6465,,145,81,35.2
4075,13.65,,145,81,35.4667
4076,13.6535,,145,81,35.7333
4077,13.657,,145,81,36
4078,13.6604,,145.167,81,36.2333
4079,13.6638,,145.333,81,36.4667
4080,13.6672,,145.5,81,36.7
4081,13.6706,,145.667,81,36.9333
4082,13.674,,145.833,81,37.1667
4083,13.6774,,146,81,37.4
4084,13.6811,,146,81,37.6
4085,13.6847,,146.167,81,37.8333
4086,13.6882,,146.333,81,38.0667
4087,13.6917,,146.5,81,38.3
4088,13.6953,,146.667,81,38.5333
4089,13.6988,,146.833,81,38.7667
4090,13.7023,,147,81,39
4091,13.7052,,146.875,81,38.975
4092,13.7081,,146.75,81,38.95
4093,13.711,,146.625,81,38.925
4094,13.7139,,146.5,81,38.9
4095,13.7168,,146.375,81,38.875
4096,13.7197,,146.25,81,38.85
4097,13.7226,,146.125,81,38.825
4098,13.7255,,146,81,38.8
4099,13.7289,,146.167,81,38.6
4100,13.7323,,146.333,81,38.4
4101,13.7356,,146.5,81,38.2
4102,13.739,,146.667,81,38
4103,13.7424,,146.833,81,37.8
4104,13.7458,,147,81,37.6
4105,13.7493,,146,81,37.6
4106,13.7526,,146.167,81,37.4667
4107,13.756,,146.333,81,37.3333
4108,13.7593,,146.5,81,37.2
4109,13.7627,,146.667,81,37.0667
4110,13.766,,146.833,81,36.9333
4111,13.7693,,147,81,36.8
4112,13.7725,,147,81,36.7429
4113,13.7756,,147,81,36.6857
4114,13.7787,,147,81,36.6286
4115,13.7819,,147,81,36.5714
4116,13.785,,147,81,36.5143
4117,13.7881,,147,81,36.4571
4118,13.7912,,147,81,36.4
4119,13.7947,,147,81,36.2333
4120,13.7982,,147,81,36.0667
4121,13.8017,,147,81,35.9
4122,13.8051,,147,81,35.7333
4123,13.8086,,147,81,35.5667
4124,13.8121,,147,81,35.4
4125,13.8159,,147.167,81,35.1333
4126,13.8197,,147.333,81,34.8667
4127,13.8235,,147.5,81,34.6
4128,13.8273,,147.667,81,34.3333
4129,13.8312,,147.833,81,34.0667
4130,13.835,,148,81,33.8
4131,13.8383,,148,81,33.8
4132,13.8416,,148,81,33.8
4133,13.8449,,148,81,33.8
4134,13.8482,,148,81,33.8
4135,13.8515,,148,81,33.8
4136,13.8548,,148,81,33.8
4137,13.8581,,148,81,33.8
4138,13.8614,,148,81,33.8286
4139,13.8647,,148,81,33.8571
4140,13.868,,148,81,33.8857
4141,13.8713,,148,81,33.9143
4142,13.8746,,148,81,33.9429
4143,13.8779,,148,81,33.9714
4144,13.8812,,148,81,34
4145,13.8842,,148,81,33.9429
4146,13.8873,,148,81,33.8857
4147,13.8904,,148,81,33.8286
4148,13.8934,,148,81,33.7714
4149,13.8965,,148,81,33.7143
4150,13.8996,,148,81,33.6571
4151,13.9026,,148,81,33.6
4152,13.906,,147.833,81,33.7333
4153,13.9094,,147.667,81,33.8667
4154,13.9128,,147.5,81,34
4155,13.9162,,147.333,81,34.1333
4156,13.9196,,147.167,81,34.2667
4157,13.923,,147,81,34.4
4158,13.9266,,147.167,81,34.5333
4159,13.9303,,147.333,81,34.6667
4160,13.9339,,147.5,81,34.8
4161,13.9375,,147.667,81,34.9333
4162,13.9412,,147.833,81,35.0667
4163,13.9448,,148,81,35.2
4164,13.9482,,148,81.3333,35.5333
4165,13.9517,,148,81.6667,35.8667
4166,13.9551,,148,82,36.2
4167,13.9588,,147.75,81.75,36.25
4168,13.9625,,147.5,81.5,36.3
4169,13.9662,,147.25,81.25,36.35
4170,13.9698,,147,81,36.4
4171,13.9734,,147,81.1667,36.4
4172,13.977,,147,81.3333,36.4
4173,13.9805,,147,81.5,36.4
4174,13.9841,,147,81.6667,36.4
4175,13.9877,,147,81.8333,36.4
4176,13.9912,,147,82,36.4
4177,13.9949,,147,81.8333,36.4
4178,13.9986,,147,81.6667,36.4
4179,14.0024,,147,81.5,36.4
4180,14.0061,,147,81.3333,36.4
4181,14.0098,,147,81.1667,36.4
4182,14.0135,,147,81,36.4
4183,14.0171,,147,81,36.4667
4184,14.0208,,147,81,36.5333
4185,14.0244,,147,81,36.6
4186,14.0281,,147,81,36.6667
4187,14.0318,,147,81,36.7333
4188,14.0354,,147,81,36.8
4189,14.0387,,147,81,37.2
4190,14.042,,147,81,37.6
4191,14.0453,,147,81,38
4192,14.0485,,147,81,38.4
4193,14.0518,,147,81,38.8
4194,14.0551,,147,81,39.2
4195,14.0584,,147,81,39.6
4196,14.0618,,147,81.1667,39.9333
4197,14.0651,,147,81.3333,40.2667
4198,14.0685,,147,81.5,40.6
4199,14.0719,,147,81.6667,40.9333
4200,14.0752,,147,81.8333,41.2667
4201,14.0786,,147,82,41.6
4202,14.0821,,147,82,42
4203,14.0857,,147.167,82,42.2333
4204,14.0892,,147.333,82,42.4667
4205,14.0927,,147.5,82,42.7
4206,14.0962,,147.667,82,42.9333
4207,14.0997,,147.833,82,43.1667
4208,14.1032,,148,82,43.4
4209,14.1068,,148.167,82,43.3333
4210,14.1105,,148.333,82,43.2667
4211,14.1141,,148.5,82,43.2
4212,14.1177,,148.667,82,43.1333
4213,14.1213,,148.833,82,43.0667
4214,14.1249,,149,82,43
4215,14.1286,,148.833,81.8333,43.1
4216,14.1323,,148.667,81.6667,43.2
4217,14.1361,,148.5,81.5,43.3
4218,14.1398,,148.333,81.3333,43.4
4219,14.1435,,148.167,81.1667,43.5
4220,14.1472,,148,81,43.6
4221,14.1509,,148,81,43.8
4222,14.1546,,148,81,44
4223,14.1583,,148,81,44.2
4224,14.162,,148,81,44.4
4225,14.1657,,148,81,44.6
4226,14.1694,,148,81,44.8
4227,14.1729,,148,81.1667,44.7667
4228,14.1764,,148,81.3333,44.7333
4229,14.1799,,148,81.5,44.7
4230,14.1834,,148,81.6667,44.6667
4231,14.1869,,148,81.8333,44.6333
4232,14.1905,,148,82,44.6
4233,14.1936,,147.857,82,44.8857
4234,14.1967,,147.714,82,45.1714
4235,14.1998,,147.571,82,45.4571
4236,14.2029,,147.429,82,45.7429
4237,14.206,,147.286,82,46.0286
4238,14.2091,,147.143,82,46.3143
4239,14.2122,,147,82,46.6
4240,14.2153,,147.143,81.8571,47.1143
4241,14.2183,,147.286,81.7143,47.6286
4242,14.2213,,147.429,81.5714,48.1429
4243,14.2243,,147.571,81.4286,48.6571
4244,14.2274,,147.714,81.2857,49.1714
4245,14.2304,,147.857,81.1429,49.6857
4246,14.2334,,148,81,50.2
4247,14.2368,,147.833,81.1667,50.3
4248,14.2403,,147.667,81.3333,50.4
4249,14.2437,,147.5,81.5,50.5
4250,14.2471,,147.333,81.6667,50.6
4251,14.2506,,147.167,81.8333,50.7
4252,14.254,,147,82,50.8
4253,14.2575,,145.667,82,50.8
4254,14.2609,,144.333,82,50.8
4255,14.2644,,143,82,50.8
4256,14.2674,,141.5,82,50.9
4257,14.2703,,140,82,51
4258,14.2728,,139.333,81.6667,51.2
4259,14.2753,,138.667,81.3333,51.4
4260,14.2777,,138,81,51.6
4261,14.2811,,138.167,81,51.5667
4262,14.2845,,138.333,81,51.5333
4263,14.2879,,138.5,81,51.5
4264,14.2913,,138.667,81,51.4667
4265,14.2946,,138.833,81,51.4333
4266,14.298,,139,81,51.4
4267,14.3014,,140,81,51.4
4268,14.3053,,141,81.3333,51.6667
4269,14.3092,,142,81.6667,51.9333
4270,14.3131,,143,82,52.2
4271,14.3169,,143.75,82,52.3
4272,14.3208,,144.5,82,52.4
4273,14.3246,,145.25,82,52.5
4274,14.3285,,146,82,52.6
4275,14.3321,,146.5,81.8333,52.6333
4276,14.3358,,147,81.6667,52.6667
4277,14.3394,,147.5,81.5,52.7
4278,14.343,,148,81.3333,52.7333
4279,14.3467,,148.5,81.1667,52.7667
4280,14.3503,,149,81,52.8
4281,14.3537,,149,81,52.9667
4282,14.3571,,149,81,53.1333
4283,14.3605,,149,81,53.3
4284,14.3638,,149,81,53.4667
4285,14.3672,,149,81,53.6333
4286,14.3706,,149,81,53.8
4287,14.3742,,149,81,53.8667
4288,14.3778,,149,81,53.9333
4289,14.3814,,149,81,54
4290,14.385,,149,81,54.0667
4291,14.3886,,149,81,54.1333
4292,14.3922,,149,81,54.2
4293,14.3965,,148.8,81,54.8
4294,14.4009,,148.6,81,55.4
4295,14.4052,,148.4,81,56
4296,14.4096,,148.2,81,56.6
4297,14.4139,,148,81,57.2
4298,14.417,,147.8,80.8,57.28
4299,14.4201,,147.6,80.6,57.36
4300,14.4232,,147.4,80.4,57.44
4301,14.4264,,147.2,80.2,57.52
4302,14.4295,,147,80,57.6
4303,14.4326,,146.714,80.1429,57.6857
4304,14.4357,,146.429,80.2857,57.7714
4305,14.4389,,146.143,80.4286,57.8571
4306,14.442,,145.857,80.5714,57.9429
4307,14.4451,,145.571,80.7143,58.0286
4308,14.4482,,145.286,80.8571,58.1143
4309,14.4514,,145,81,58.2
4310,14.4546,,145,81.1429,58.2
4311,14.4578,,145,81.2857,58.2
4312,14.461,,145,81.4286,58.2
4313,14.4642,,145,81.5714,58.2
4314,14.4674,,145,81.7143,58.2
4315,14.4706,,145,81.8571,58.2
4316,14.4739,,145,82,58.2
4317,14.4775,,145,81.6667,58.2
4318,14.4811,,145,81.3333,58.2
4319,14.4847,,145,81,58.2
4320,14.4885,,145.167,81,58.2667
4321,14.4924,,145.333,81,58.3333
4322,14.4962,,145.5,81,58.4
4323,14.5,,145.667,81,58.4667
4324,14.5039,,145.833,81,58.5333
4325,14.5077,,146,81,58.6
4326,14.5114,,146,81,58.6
4327,14.515,,146,81,58.6
4328,14.5187,,146,81,58.6
4329,14.5223,,146,81,58.6
4330,14.526,,146,81,58.6
4331,14.5296,,146,81,58.6
4332,14.5329,,146.143,81,58.6286
4333,14.5361,,146.286,81,58.6571
4334,14.5394,,146.429,81,58.6857
4335,14.5426,,146.571,81,58.7143
4336,14.5459,,146.714,81,58.7429
4337,14.5491,,146.857,81,58.7714
4338,14.5524,,147,81,58.8
4339,14.5556,,147,81,58.8571
4340,14.5588,,147,81,58.9143
4341,14.562,,147,81,58.9714
4342,14.5652,,147,81,59.0286
4343,14.5684,,147,81,59.0857
4344,14.5716,,147,81,59.1429
4345,14.5747,,147,81,59.2
4346,14.578,,147,81,59.3714
4347,14.5813,,147,81,59.5429
4348,14.5845,,147,81,59.7143
4349,14.5878,,147,81,59.8857
4350,14.591,,147,81,60.0571
4351,14.5943,,147,81,60.2286
4352,14.5976,,147,81,60.4
4353,14.6009,,146.833,81,60.4333
4354,14.6042,,146.667,81,60.4667
4355,14.6076,,146.5,81,60.5
4356,14.6109,,146.333,81,60.5333
4357,14.6142,,146.167,81,60.5667
4358,14.6176,,146,81,60.6
4359,14.6204,,146,81.25,60.7
4360,14.6233,,146,81.5,60.8
4361,14.6261,,146,81.75,60.9
4362,14.629,,146,82,61
4363,14.6319,,146,82.25,61.1
4364,14.6347,,146,82.5,61.2
4365,14.6376,,146,82.75,61.3
4366,14.6404,,146,83,61.4
4367,14.6438,,146.167,82.6667,61.3667
4368,14.6472,,146.333,82.3333,61.3333
4369,14.6506,,146.5,82,61.3
4370,14.654,,146.667,81.6667,61.2667
4371,14.6575,,146.833,81.3333,61.2333
4372,14.6609,,147,81,61.2
4373,14.6641,,146.857,81,61.1429
4374,14.6673,,146.714,81,61.0857
4375,14.6705,,146.571,81,61.0286
4376,14.6737,,146.429,81,60.9714
4377,14.677,,146.286,81,60.9143
4378,14.6802,,146.143,81,60.8571
4379,14.6834,,146,81,60.8
4380,14.6865,,146.25,81,60.55
4381,14.6897,,146.5,81,60.3
4382,14.6928,,146.75,81,60.05
4383,14.6959,,147,81,59.8
4384,14.6984,,146.889,81,59.3556
4385,14.7009,,146.778,81,58.9111
4386,14.7033,,146.667,81,58.4667
4387,14.7058,,146.556,81,58.0222
4388,14.7082,,146.444,81,57.5778
4389,14.7107,,146.333,81,57.1333
4390,14.7131,,146.222,81,56.6889
4391,14.7156,,146.111,81,56.2444
4392,14.718,,146,81,55.8
4393,14.7214,,146,81.1667,55.6
4394,14.7248,,146,81.3333,55.4
4395,14.7283,,146,81.5,55.2
4396,14.7317,,146,81.6667,55
4397,14.7351,,146,81.8333,54.8
4398,14.7385,,146,82,54.6
4399,14.7417,,146,81.8571,54.4286
4400,14.745,,146,81.7143,54.2571
4401,14.7482,,146,81.5714,54.0857
4402,14.7514,,146,81.4286,53.9143
4403,14.7547,,146,81.2857,53.7429
4404,14.7579,,146,81.1429,53.5714
4405,14.7612,,146,81,53.4
4406,14.7645,,146.167,81,53.0667
4407,14.7679,,146.333,81,52.7333
4408,14.7713,,146.5,81,52.4
4409,14.7747,,146.667,81,52.0667
4410,14.7781,,146.833,81,51.7333
4411,14.7814,,147,81,51.4
4412,14.7851,,147,81,50.9
4413,14.7887,,147,81,50.4
4414,14.7923,,147,81,49.9
4415,14.796,,147,81,49.4
4416,14.7996,,147,81,48.9
4417,14.8032,,147,81,48.4
4418,14.8066,,147.167,81,48.0667
4419,14.81,,147.333,81,47.7333
4420,14.8134,,147.5,81,47.4
4421,14.8168,,147.667,81,47.0667
4422,14.8202,,147.833,81,46.7333
4423,14.8236,,148,81,46.4
4424,14.8271,,148,81,46.2286
4425,14.8306,,148,81,46.0571
4426,14.8341,,148,81,45.8857
4427,14.8376,,148,81,45.7143
4428,14.8411,,148,81,45.5429
4429,14.8446,,148,81,45.3714
4430,14.8481,,148,81,45.2
4431,14.8507,,147.667,82.3333,45.2667
4432,14.8533,,147.333,83.6667,45.3333
4433,14.8559,,147,85,45.4
4434,14.8586,,146.5,84.25,45.15
4435,14.8612,,146,83.5,44.9
4436,14.8639,,145.5,82.75,44.65
4437,14.8666,,145,82,44.4
4438,14.8696,,145,81.8571,44.2857
4439,14.8727,,145,81.7143,44.1714
4440,14.8757,,145,81.5714,44.0571
4441,14.8788,,145,81.4286,43.9429
4442,14.8819,,145,81.2857,43.8286
4443,14.8849,,145,81.1429,43.7143
4444,14.888,,145,81,43.6
4445,14.891,,145,81,43.4571
4446,14.894,,145,81,43.3143
4447,14.897,,145,81,43.1714
4448,14.9,,145,81,43.0286
4449,14.903,,145,81,42.8857
4450,14.906,,145,81,42.7429
4451,14.909,,145,81,42.6
4452,14.9115,,145.125,81.125,43.225
4453,14.9141,,145.25,81.25,43.85
4454,14.9166,,145.375,81.375,44.475
4455,14.9191,,145.5,81.5,45.1
4456,14.9217,,145.625,81.625,45.725
4457,14.9242,,145.75,81.75,46.35
4458,14.9268,,145.875,81.875,46.975
4459,14.9293,,146,82,47.6
4460,14.9324,,146,81.8571,47.6571
4461,14.9356,,146,81.7143,47.7143
4462,14.9387,,146,81.5714,47.7714
4463,14.9419,,146,81.4286,47.8286
4464,14.9451,,146,81.2857,47.8857
4465,14.9482,,146,81.1429,47.9429
4466,14.9514,,146,81,48
4467,14.9547,,145.857,81,47.9143
4468,14.9581,,145.714,81,47.8286
4469,14.9614,,145.571,81,47.7429
4470,14.9648,,145.429,81,47.6571
4471,14.9681,,145.286,81,47.5714
4472,14.9715,,145.143,81,47.4857
4473,14.9748,,145,81,47.4
4474,14.978,,144.857,81,47.2571
4475,14.9812,,144.714,81,47.1143
4476,14.9844,,144.571,81,46.9714
4477,14.9876,,144.429,81,46.8286
4478,14.9908,,144.286,81,46.6857
4479,14.9939,,144.143,81,46.5429
4480,14.9971,,144,81,46.4
4481,14.9998,,144,82,46
4482,15.0025,,143.875,82,45.775
4483,15.0051,,143.75,82,45.55
4484,15.0078,,143.625,82,45.325
4485,15.0105,,143.5,82,45.1
4486,15.0132,,143.375,82,44.875
4487,15.0159,,143.25,82,44.65
4488,15.0186,,143.125,82,44.425
4489,15.0213,,143,82,44.2
4490,15.0241,,143,81.8,43.96
4491,15.0269,,143,81.6,43.72
4492,15.0297,,143,81.4,43.48
4493,15.0326,,143,81.2,43.24
4494,15.0354,,143,81,43
4495,15.0386,,143,81,43.2571
4496,15.0417,,143,81,43.5143
4497,15.0449,,143,81,43.7714
4498,15.0481,,143,81,44.0286
4499,15.0512,,143,81,44.2857
4500,15.0544,,143,81,44.5429
4501,15.0576,,143,81,44.8
4502,15.0604,,143.25,81.125,44.875
4503,15.0633,,143.5,81.25,44.95
4504,15.0661,,143.75,81.375,45.025
4505,15.069,,144,81.5,45.1
4506,15.0718,,144.25,81.625,45.175
4507,15.0747,,144.5,81.75,45.25
4508,15.0776,,144.75,81.875,45.325
4509,15.0804,,145,82,45.4
4510,15.0836,,145.143,82,45.3143
4511,15.0867,,145.286,82,45.2286
4512,15.0899,,145.429,82,45.1429
4513,15.093,,145.571,82,45.0571
4514,15.0962,,145.714,82,44.9714
4515,15.0993,,145.857,82,44.8857
4516,15.1024,,146,82,44.8
4517,15.1067,,146,81.8,44.88
4518,15.1109,,146,81.6,44.96
4519,15.1151,,146,81.4,45.04
4520,15.1193,,146,81.2,45.12
4521,15.1235,,146,81,45.2
4522,15.1265,,146,81,45.4
4523,15.1294,,146,81,45.6
4524,15.1324,,146,81,45.8
4525,15.1354,,146,81,46
4526,15.1384,,146,81,46.2
4527,15.1414,,146,81,46.4
4528,15.1444,,146,81,46.6
4529,15.1479,,146.167,81,46.6333
4530,15.1515,,146.333,81,46.6667
4531,15.1551,,146.5,81,46.7
4532,15.1586,,146.667,81,46.7333
4533,15.1622,,146.833,81,46.7667
4534,15.1658,,147,81,46.8
4535,15.1689,,147,81.1429,47
4536,15.1721,,147,81.2857,47.2
4537,15.1753,,147,81.4286,47.4
4538,15.1785,,147,81.5714,47.6
4539,15.1816,,147,81.7143,47.8
4540,15.1848,,147,81.8571,48
4541,15.188,,147,82,48.2
4542,15.1918,,147,81.8333,48.4333
4543,15.1957,,147,81.6667,48.6667
4544,15.1996,,147,81.5,48.9
4545,15.2034,,147,81.3333,49.1333
4546,15.2073,,147,81.1667,49.3667
4547,15.2111,,147,81,49.6
4548,15.2149,,147.167,81,49.8
4549,15.2186,,147.333,81,50
4550,15.2224,,147.5,81,50.2
4551,15.2262,,147.667,81,50.4
4552,15.2299,,147.833,81,50.6
4553,15.2337,,148,81,50.8
4554,15.237,,148,81.1667,50.8
4555,15.2404,,148,81.3333,50.8
4556,15.2437,,148,81.5,50.8
4557,15.2471,,148,81.6667,50.8
4558,15.2505,,148,81.8333,50.8
4559,15.2538,,148,82,50.8
4560,15.2573,,148,81.8333,50.6333
4561,15.2607,,148,81.6667,50.4667
4562,15.2642,,148,81.5,50.3
4563,15.2677,,148,81.3333,50.1333
4564,15.2712,,148,81.1667,49.9667
4565,15.2746,,148,81,49.8
4566,15.2779,,148,81,49.68
4567,15.2812,,148,81,49.56
4568,15.2845,,148,81,49.44
4569,15.2878,,148,81,49.32
4570,15.2912,,148,81,49.2
4571,15.2948,,148.167,81,49.1333
4572,15.2985,,148.333,81,49.0667
4573,15.3021,,148.5,81,49
4574,15.3058,,148.667,81,48.9333
4575,15.3095,,148.833,81,48.8667
4576,15.3131,,149,81,48.8
4577,15.3166,,148.833,81.1667,49
4578,15.3201,,148.667,81.3333,49.2
4579,15.3237,,148.5,81.5,49.4
4580,15.3272,,148.333,81.6667,49.6
4581,15.3307,,148.167,81.8333,49.8
4582,15.3342,,148,82,50
4583,15.3374,,148,82,49.9714
4584,15.3406,,148,82,49.9429
4585,15.3438,,148,82,49.9143
4586,15.347,,148,82,49.8857
4587,15.3502,,148,82,49.8571
4588,15.3534,,148,82,49.8286
4589,15.3566,,148,82,49.8
4590,15.3595,,148.25,82,49.85
4591,15.3623,,148.5,82,49.9
4592,15.3652,,148.75,82,49.95
4593,15.368,,149,82,50
4594,15.3707,,148.875,82,50.325
4595,15.3733,,148.75,82,50.65
4596,15.376,,148.625,82,50.975
4597,15.3786,,148.5,82,51.3
4598,15.3812,,148.375,82,51.625
4599,15.3839,,148.25,82,51.95
4600,15.3865,,148.125,82,52.275
4601,15.3892,,148,82,52.6
4602,15.3928,,148,82,52.6333
4603,15.3964,,148,82,52.6667
4604,15.4001,,148,82,52.7
4605,15.4037,,148,82,52.7333
4606,15.4073,,148,82,52.7667
4607,15.4109,,148,82,52.8
4608,15.4145,,148,82,52.8
4609,15.418,,148,82,52.8
4610,15.4215,,148,82,52.8
4611,15.425,,148,82,52.8
4612,15.4286,,148,82,52.8
4613,15.4321,,148,82,52.8
4614,15.4349,,148,82,52.625
4615,15.4376,,148,82,52.45
4616,15.4404,,148,82,52.275
4617,15.4432,,148,82,52.1
4618,15.446,,148,82,51.925
4619,15.4487,,148,82,51.75
4620,15.4515,,148,82,51.575
4621,15.4543,,148,82,51.4
4622,15.458,,148.167,82,51.1667
4623,15.4617,,148.333,82,50.9333
4624,15.4654,,148.5,82,50.7
4625,15.4691,,148.667,82,50.4667
4626,15.4728,,148.833,82,50.2333
4627,15.4766,,149,82,50
4628,15.4795,,149,81.8571,49.8857
4629,15.4825,,149,81.7143,49.7714
4630,15.4855,,149,81.5714,49.6571
4631,15.4885,,149,81.4286,49.5429
4632,15.4914,,149,81.2857,49.4286
4633,15.4944,,149,81.1429,49.3143
4634,15.4974,,149,81,49.2
4635,15.5008,,148.833,81,49.3667
4636,15.5042,,148.667,81,49.5333
4637,15.5075,,148.5,81,49.7
4638,15.5109,,148.333,81,49.8667
4639,15.5143,,148.167,81,50.0333
4640,15.5177,,148,81,50.2
4641,15.5206,,147.857,81,50.1143
4642,15.5235,,147.714,81,50.0286
4643,15.5263,,147.571,81,49.9429
4644,15.5292,,147.429,81,49.8571
4645,15.5321,,147.286,81,49.7714
4646,15.535,,147.143,81,49.6857
4647,15.5379,,147,81,49.6
4648,15.5407,,146.8,80.4,49.56
4649,15.5436,,146.6,79.8,49.52
4650,15.5465,,146.4,79.2,49.48
4651,15.5494,,146.2,78.6,49.44
4652,15.5523,,146,78,49.4
4653,15.5533,,145.4,74.6,49.76
4654,15.5542,,144.8,71.2,50.12
4655,15.5551,,144.2,67.8,50.48
4656,15.556,,143.6,64.4,50.84
4657,15.5569,,143,61,51.2
4658,15.5573,,143,58.6667,51.4667
4659,15.5578,,143,56.3333,51.7333
4660,15.5582,,143,54,52
4661,15.5586,,142.333,52,52
4662,15.559,,141.667,50,52
4663,15.5594,,141,48,52
4664,15.5594,,141,56.75,52.35
4665,15.5594,,141,65.5,52.7
4666,15.5594,,141,74.25,53.05
4667,15.5594,,141,83,53.4
4668,15.563,,141.167,82.8333,53.3333
4669,15.5666,,141.333,82.6667,53.2667
4670,15.5701,,141.5,82.5,53.2
4671,15.5737,,141.667,82.3333,53.1333
4672,15.5773,,141.833,82.1667,53.0667
4673,15.5809,,142,82,53
4674,15.5843,,142,81.8333,53.1
4675,15.5876,,142,81.6667,53.2
4676,15.591,,142,81.5,53.3
4677,15.5944,,142,81.3333,53.4
4678,15.5977,,142,81.1667,53.5
4679,15.6011,,142,81,53.6
4680,15.6046,,142.167,81,53.6
4681,15.6081,,142.333,81,53.6
4682,15.6115,,142.5,81,53.6
4683,15.615,,142.667,81,53.6
4684,15.6185,,142.833,81,53.6
4685,15.622,,143,81,53.6
4686,15.6258,,143,81,53.5
4687,15.6295,,143,81,53.4
4688,15.6333,,143,81,53.3
4689,15.637,,143,81,53.2
4690,15.6407,,143,81,53.1
4691,15.6445,,143,81,53
4692,15.6482,,143.167,81.1667,52.7
4693,15.6518,,143.333,81.3333,52.4
4694,15.6555,,143.5,81.5,52.1
4695,15.6592,,143.667,81.6667,51.8
4696,15.6628,,143.833,81.8333,51.5
4697,15.6665,,144,82,51.2
4698,15.6697,,144,81.8571,51.2
4699,15.6729,,144,81.7143,51.2
4700,15.6761,,144,81.5714,51.2
4701,15.6793,,144,81.4286,51.2
4702,15.6825,,144,81.2857,51.2
4703,15.6857,,144,81.1429,51.2
4704,15.6889,,144,81,51.2
4705,15.6922,,144,81,51.4
4706,15.6952,,144,81,51.08
4707,15.6982,,144,81,50.76
4708,15.7011,,144,81,50.44
4709,15.7041,,144,81,50.12
4710,15.7071,,144,81,49.8
4711,15.7101,,143.714,81,49.5143
4712,15.7132,,143.429,81,49.2286
4713,15.7163,,143.143,81,48.9429
4714,15.7194,,142.857,81,48.6571
4715,15.7225,,142.571,81,48.3714
4716,15.7256,,142.286,81,48.0857
4717,15.7287,,142,81,47.8
4718,15.7321,,142.167,81,47.1333
4719,15.7356,,142.333,81,46.4667
4720,15.739,,142.5,81,45.8
4721,15.7424,,142.667,81,45.1333
4722,15.7459,,142.833,81,44.4667
4723,15.7493,,143,81,43.8
4724,15.753,,143,81,43.6333
4725,15.7567,,143,81,43.4667
4726,15.7603,,143,81,43.3
4727,15.764,,143,81,43.1333
4728,15.7677,,143,81,42.9667
4729,15.7713,,143,81,42.8
4730,15.7747,,143.167,81,42.6
4731,15.778,,143.333,81,42.4
4732,15.7813,,143.5,81,42.2
4733,15.7847,,143.667,81,42
4734,15.788,,143.833,81,41.8
4735,15.7913,,144,81,41.6
4736,15.795,,144,81,41.2333
4737,15.7987,,144,81,40.8667
4738,15.8024,,144,81,40.5
4739,15.8061,,144,81,40.1333
4740,15.8098,,144,81,39.7667
4741,15.8135,,144,81,39.4
4742,15.8173,,144.167,81,39.5
4743,15.8212,,144.333,81,39.6
4744,15.825,,144.5,81,39.7
4745,15.8289,,144.667,81,39.8
4746,15.8327,,144.833,81,39.9
4747,15.8366,,145,81,40
4748,15.8399,,145,81,39.7143
4749,15.8431,,145,81,39.4286
4750,15.8464,,145,81,39.1429
4751,15.8496,,145,81,38.8571
4752,15.8529,,145,81,38.5714
4753,15.8562,,145,81,38.2857
4754,15.8594,,145,81,38
4755,15.8629,,145,81,37.8333
4756,15.8665,,145,81,37.6667
4757,15.87,,145,81,37.5
4758,15.8735,,145,81,37.3333
4759,15.8771,,145,81,37.1667
4760,15.8806,,145,81,37
4761,15.8842,,145,81.1667,36.7667
4762,15.8877,,145,81.3333,36.5333
4763,15.8913,,145,81.5,36.3
4764,15.8949,,145,81.6667,36.0667
4765,15.8984,,145,81.8333,35.8333
4766,15.902,,145,82,35.6
4767,15.9057,,145.167,81.8333,35.4
4768,15.9093,,145.333,81.6667,35.2
4769,15.913,,145.5,81.5,35
4770,15.9167,,145.667,81.3333,34.8
4771,15.9203,,145.833,81.1667,34.6
4772,15.924,,146,81,34.4
4773,15.9266,,145.875,81,34
4774,15.9293,,145.75,81,33.6
4775,15.9319,,145.625,81,33.2
4776,15.9346,,145.5,81,32.8
4777,15.9372,,145.375,81,32.4
4778,15.9399,,145.25,81,32
4779,15.9425,,145.125,81,31.6
4780,15.9452,,145,81,31.2
4781,15.9484,,145.143,81.1429,30.8
4782,15.9515,,145.286,81.2857,30.4
4783,15.9547,,145.429,81.4286,30
4784,15.9579,,145.571,81.5714,29.6
4785,15.9611,,145.714,81.7143,29.2
4786,15.9643,,145.857,81.8571,28.8
4787,15.9675,,146,82,28.4
4788,15.9707,,145.857,81.8571,27.8857
4789,15.974,,145.714,81.7143,27.3714
4790,15.9772,,145.571,81.5714,26.8571
4791,15.9805,,145.429,81.4286,26.3429
4792,15.9838,,145.286,81.2857,25.8286
4793,15.987,,145.143,81.1429,25.3143
4794,15.9903,,145,81,24.8
4795,15.9939,,145,81.3333,24.4667
4796,15.9975,,145,81.6667,24.1333
4797,16.0011,,145,82,23.8
4798,16.0048,,145,82.3333,23.4667
4799,16.0084,,145,82.6667,23.1333
4800,16.012,,145,83,22.8
4801,16.0166,,145.2,83,23.12
4802,16.0211,,145.4,83,23.44
4803,16.0257,,145.6,83,23.76
4804,16.0303,,145.8,83,24.08
4805,16.0348,,146,83,24.4
4806,16.0388,,146,83,24.64
4807,16.0428,,146,83,24.88
4808,16.0469,,146,83,25.12
4809,16.0509,,146,83,25.36
4810,16.0549,,146,83,25.6
4811,16.0586,,146,82.8333,25.7
4812,16.0624,,146,82.6667,25.8
4813,16.0661,,146,82.5,25.9
4814,16.0698,,146,82.3333,26
4815,16.0736,,146,82.1667,26.1
4816,16.0773,,146,82,26.2
4817,16.0808,,146.2,82,26.12
4818,16.0843,,146.4,82,26.04
4819,16.0878,,146.6,82,25.96
4820,16.0913,,146.8,82,25.88
4821,16.0948,,147,82,25.8
4822,16.0984,,147.167,81.8333,25.9
4823,16.102,,147.333,81.6667,26
4824,16.1057,,147.5,81.5,26.1
4825,16.1093,,147.667,81.3333,26.2
4826,16.113,,147.833,81.1667,26.3
4827,16.1166,,148,81,26.4
4828,16.1197,,148,81,26.4286
4829,16.1229,,148,81,26.4571
4830,16.126,,148,81,26.4857
4831,16.1291,,148,81,26.5143
4832,16.1323,,148,81,26.5429
4833,16.1354,,148,81,26.5714
4834,16.1385,,148,81,26.6
4835,16.1419,,148,81,26.5667
4836,16.1453,,148,81,26.5333
4837,16.1487,,148,81,26.5
4838,16.1522,,148,81,26.4667
4839,16.1556,,148,81,26.4333
4840,16.159,,148,81,26.4
4841,16.1624,,147.857,81,26.5429
4842,16.1658,,147.714,81,26.6857
4843,16.1692,,147.571,81,26.8286
4844,16.1727,,147.429,81,26.9714
4845,16.1761,,147.286,81,27.1143
4846,16.1795,,147.143,81,27.2571
4847,16.1829,,147,81,27.4
4848,16.1866,,147.167,81.1667,27.6
4849,16.1902,,147.333,81.3333,27.8
4850,16.1938,,147.5,81.5,28
4851,16.1974,,147.667,81.6667,28.2
4852,16.201,,147.833,81.8333,28.4
4853,16.2047,,148,82,28.6
4854,16.2077,,148,81.8571,28.6
4855,16.2108,,148,81.7143,28.6
4856,16.2138,,148,81.5714,28.6
4857,16.2169,,148,81.4286,28.6
4858,16.2199,,148,81.2857,28.6
4859,16.223,,148,81.1429,28.6
4860,16.226,,148,81,28.6
4861,16.2293,,147.857,80.8571,28.6
4862,16.2326,,147.714,80.7143,28.6
4863,16.236,,147.571,80.5714,28.6
4864,16.2393,,147.429,80.4286,28.6
4865,16.2426,,147.286,80.2857,28.6
4866,16.2459,,147.143,80.1429,28.6
4867,16.2492,,147,80,28.6
4868,16.2528,,147,80.1667,29.3
4869,16.2564,,147,80.3333,30
4870,16.26,,147,80.5,30.7
4871,16.2636,,147,80.6667,31.4
4872,16.2672,,147,80.8333,32.1
4873,16.2708,,147,81,32.8
4874,16.275,,147,81.5,33.2
4875,16.2792,,147,82,33.6
4876,16.2835,,147.2,82,34.16
4877,16.2878,,147.4,82,34.72
4878,16.2921,,147.6,82,35.28
4879,16.2964,,147.8,82,35.84
4880,16.3007,,148,82,36.4
4881,16.3042,,148,81.8333,36.3333
4882,16.3078,,148,81.6667,36.2667
4883,16.3113,,148,81.5,36.2
4884,16.3148,,148,81.3333,36.1333
4885,16.3183,,148,81.1667,36.0667
4886,16.3218,,148,81,36
4887,16.3255,,147.833,81.1667,35.8333
4888,16.3292,,147.667,81.3333,35.6667
4889,16.3328,,147.5,81.5,35.5
4890,16.3365,,147.333,81.6667,35.3333
4891,16.3402,,147.167,81.8333,35.1667
4892,16.3438,,147,82,35
4893,16.3478,,147,82,34.5667
4894,16.3517,,147,82,34.1333
4895,16.3556,,147,82,33.7
4896,16.3595,,147,82,33.2667
4897,16.3635,,147,82,32.8333
4898,16.3674,,147,82,32.4
4899,16.3709,,146.833,81.8333,32.5333
4900,16.3744,,146.667,81.6667,32.6667
4901,16.3779,,146.5,81.5,32.8
4902,16.3813,,146.333,81.3333,32.9333
4903,16.3848,,146.167,81.1667,33.0667
4904,16.3883,,146,81,33.2
4905,16.3915,,146,81,33.3
4906,16.3947,,146,81,33.4
4907,16.3979,,146,81,33.5
4908,16.4011,,146,81,33.6
4909,16.4051,,146,81.1667,33.9333
4910,16.409,,146,81.3333,34.2667
4911,16.413,,146,81.5,34.6
4912,16.417,,146,81.6667,34.9333
4913,16.4209,,146,81.8333,35.2667
4914,16.4249,,146,82,35.6
4915,16.4286,,146.167,81.8333,35.7667
4916,16.4324,,146.333,81.6667,35.9333
4917,16.4361,,146.5,81.5,36.1
4918,16.4398,,146.667,81.3333,36.2667
4919,16.4436,,146.833,81.1667,36.4333
4920,16.4473,,147,81,36.6
4921,16.4507,,147,81.1667,36.7
4922,16.4542,,147,81.3333,36.8
4923,16.4576,,147,81.5,36.9
4924,16.461,,147,81.6667,37
4925,16.4644,,147,81.8333,37.1
4926,16.4679,,147,82,37.2
4927,16.4715,,147.167,82,37.3667
4928,16.4752,,147.333,82,37.5333
4929,16.4788,,147.5,82,37.7
4930,16.4825,,147.667,82,37.8667
4931,16.4862,,147.833,82,38.0333
4932,16.4898,,148,82,38.2
4933,16.493,,148,82,38.5
4934,16.4962,,148,82,38.8
4935,16.4991,,147.875,82.125,39.35
4936,16.5021,,147.75,82.25,39.9
4937,16.505,,147.625,82.375,40.45
4938,16.5079,,147.5,82.5,41
4939,16.5108,,147.375,82.625,41.55
4940,16.5137,,147.25,82.75,42.1
4941,16.5166,,147.125,82.875,42.65
4942,16.5195,,147,83,43.2
4943,16.5225,,147.143,82.8571,43.5143
4944,16.5256,,147.286,82.7143,43.8286
4945,16.5286,,147.429,82.5714,44.1429
4946,16.5317,,147.571,82.4286,44.4571
4947,16.5347,,147.714,82.2857,44.7714
4948,16.5378,,147.857,82.1429,45.0857
4949,16.5408,,148,82,45.4
4950,16.5444,,148,82,45.6333
4951,16.5479,,148,82,45.8667
4952,16.5514,,148,82,46.1
4953,16.5549,,148,82,46.3333
4954,16.5585,,148,82,46.5667
4955,16.562,,148,82,46.8
4956,16.5654,,148,82,46.7143
4957,16.5688,,148,82,46.6286
4958,16.5723,,148,82,46.5429
4959,16.5757,,148,82,46.4571
4960,16.5791,,148,82,46.3714
4961,16.5825,,148,82,46.2857
4962,16.5859,,148,82,46.2
4963,16.5897,,148,82,46.2333
4964,16.5935,,148,82,46.2667
4965,16.5973,,148,82,46.3
4966,16.6012,,148,82,46.3333
4967,16.605,,148,82,46.3667
4968,16.6088,,148,82,46.4
4969,16.612,,148,81.8571,46.4571
4970,16.6153,,148,81.7143,46.5143
4971,16.6185,,148,81.5714,46.5714
4972,16.6218,,148,81.4286,46.6286
4973,16.625,,148,81.2857,46.6857
4974,16.6283,,148,81.1429,46.7429
4975,16.6316,,148,81,46.8
4976,16.6344,,148,81.25,46.775
4977,16.6373,,148,81.5,46.75
4978,16.6401,,148,81.75,46.725
4979,16.643,,148,82,46.7
4980,16.6458,,148,82.25,46.675
4981,16.6487,,148,82.5,46.65
4982,16.6516,,148,82.75,46.625
4983,16.6544,,148,83,46.6
4984,16.6581,,148.167,82.8333,46.6333
4985,16.6618,,148.333,82.6667,46.6667
4986,16.6655,,148.5,82.5,46.7
4987,16.6693,,148.667,82.3333,46.7333
4988,16.673,,148.833,82.1667,46.7667
4989,16.6767,,149,82,46.8
4990,16.6808,,149,82,47
4991,16.685,,149,82,47.2
4992,16.6892,,149,82,47.4
4993,16.6933,,149,82,47.6
4994,16.6975,,149,82,47.8
4995,16.702,,149,82,48
4996,16.7066,,149,82,48.2
4997,16.7112,,149,82,48.4
4998,16.7157,,149,82,48.6
4999,16.7203,,149,82,48.8
5000,16.7246,,148.8,82,48.76
5001,16.7289,,148.6,82,48.72
5002,16.7332,,148.4,82,48.68
5003,16.7375,,148.2,82,48.64
5004,16.7417,,148,82,48.6
5005,16.7449,,147.714,82,48.4571
5006,16.748,,147.429,82,48.3143
5007,16.7511,,147.143,82,48.1714
5008,16.7543,,146.857,82,48.0286
5009,16.7574,,146.571,82,47.8857
5010,16.7605,,146.286,82,47.7429
5011,16.7637,,146,82,47.6
5012,16.7673,,144.5,82.5,47.5
5013,16.7709,,143,83,47.4
5014,16.7741,,141.667,82.3333,47.1333
5015,16.7772,,140.333,81.6667,46.8667
5016,16.7803,,139,81,46.6
5017,16.7837,,138.75,81,46.55
5018,16.7871,,138.5,81,46.5
5019,16.7905,,138.25,81,46.45
5020,16.7938,,138,81,46.4
5021,16.7969,,138.75,81.25,46.5
5022,16.7999,,139.5,81.5,46.6
5023,16.803,,140.25,81.75,46.7
5024,16.806,,141,82,46.8
5025,16.8096,,141.75,82,46.5
5026,16.8132,,142.5,82,46.2
5027,16.8169,,143.25,82,45.9
5028,16.8205,,144,82,45.6
5029,16.8249,,144.75,82.25,44.9
5030,16.8293,,145.5,82.5,44.2
5031,16.8338,,146.25,82.75,43.5
5032,16.8382,,147,83,42.8
5033,16.8423,,147.4,82.8,43
5034,16.8464,,147.8,82.6,43.2
5035,16.8506,,148.2,82.4,43.4
5036,16.8547,,148.6,82.2,43.6
5037,16.8588,,149,82,43.8
5038,16.8625,,149,81.8333,43.8
5039,16.8663,,149,81.6667,43.8
5040,16.87,,149,81.5,43.8
5041,16.8738,,149,81.3333,43.8
5042,16.8775,,149,81.1667,43.8
5043,16.8813,,149,81,43.8
5044,16.8847,,149,81,43.68
5045,16.8881,,149,81,43.56
5046,16.8915,,149,81,43.44
5047,16.8949,,149,81,43.32
5048,16.8983,,149,81,43.2
5049,16.9014,,148.714,81,42.9143
5050,16.9044,,148.429,81,42.6286
5051,16.9075,,148.143,81,42.3429
5052,16.9106,,147.857,81,42.0571
5053,16.9137,,147.571,81,41.7714
5054,16.9167,,147.286,81,41.4857
5055,16.9198,,147,81,41.2
5056,16.9231,,146.8,81.2,41.04
5057,16.9265,,146.6,81.4,40.88
5058,16.9299,,146.4,81.6,40.72
5059,16.9332,,146.2,81.8,40.56
5060,16.9366,,146,82,40.4
5061,16.94,,146.167,81.8333,40.0667
5062,16.9434,,146.333,81.6667,39.7333
5063,16.9469,,146.5,81.5,39.4
5064,16.9503,,146.667,81.3333,39.0667
5065,16.9538,,146.833,81.1667,38.7333
5066,16.9572,,147,81,38.4
5067,16.9608,,147.167,81.1667,38.2
5068,16.9644,,147.333,81.3333,38
5069,16.968,,147.5,81.5,37.8
5070,16.9716,,147.667,81.6667,37.6
5071,16.9752,,147.833,81.8333,37.4
5072,16.9789,,148,82,37.2
5073,16.9823,,148,81.8333,36.9667
5074,16.9858,,148,81.6667,36.7333
5075,16.9893,,148,81.5,36.5
5076,16.9928,,148,81.3333,36.2667
5077,16.9962,,148,81.1667,36.0333
5078,16.9997,,148,81,35.8
5079,17.003,,148.143,81.1429,35.5714
5080,17.0063,,148.286,81.2857,35.3429
5081,17.0096,,148.429,81.4286,35.1143
5082,17.013,,148.571,81.5714,34.8857
5083,17.0163,,148.714,81.7143,34.6571
5084,17.0196,,148.857,81.8571,34.4286
5085,17.0229,,149,82,34.2
5086,17.0267,,149,82,34.0333
5087,17.0304,,149,82,33.8667
5088,17.0342,,149,82,33.7
5089,17.038,,149,82,33.5333
5090,17.0418,,149,82,33.3667
5091,17.0456,,149,82,33.2
5092,17.0496,,148.8,82,33.12
5093,17.0536,,148.6,82,33.04
5094,17.0576,,148.4,82,32.96
5095,17.0616,,148.2,82,32.88
5096,17.0657,,148,82,32.8
5097,17.0695,,148,81.8333,32.5
5098,17.0733,,148,81.6667,32.2
5099,17.0771,,148,81.5,31.9
5100,17.0809,,148,81.3333,31.6
5101,17.0848,,148,81.1667,31.3
5102,17.0886,,148,81,31
5103,17.0927,,148,81.2,31.08
5104,17.0968,,148,81.4,31.16
5105,17.1009,,148,81.6,31.24
5106,17.1049,,148,81.8,31.32
5107,17.109,,148,82,31.4
5108,17.1131,,148.2,82,31.84
5109,17.1171,,148.4,82,32.28
5110,17.1212,,148.6,82,32.72
5111,17.1253,,148.8,82,33.16
5112,17.1293,,149,82,33.6
5113,17.1329,,148.833,82,33.5333
5114,17.1364,,148.667,82,33.4667
5115,17.1399,,148.5,82,33.4
5116,17.1435,,148.333,82,33.3333
5117,17.147,,148.167,82,33.2667
5118,17.1506,,148,82,33.2
5119,17.154,,148.167,82,33.2
5120,17.1573,,148.333,82,33.2
5121,17.1607,,148.5,82,33.2
5122,17.1641,,148.667,82,33.2
5123,17.1675,,148.833,82,33.2
5124,17.1709,,149,82,33.2
5125,17.1742,,148.75,81.75,33.1
5126,17.1775,,148.5,81.5,33
5127,17.1808,,148.25,81.25,32.9
5128,17.1841,,148,81,32.8
5129,17.1877,,147.833,81,32.7333
5130,17.1913,,147.667,81,32.6667
5131,17.1949,,147.5,81,32.6
5132,17.1985,,147.333,81,32.5333
5133,17.2021,,147.167,81,32.4667
5134,17.2057,,147,81,32.4
5135,17.2091,,147.167,81,32.3667
5136,17.2124,,147.333,81,32.3333
5137,17.2158,,147.5,81,32.3
5138,17.2192,,147.667,81,32.2667
5139,17.2226,,147.833,81,32.2333
5140,17.226,,148,81,32.2
5141,17.2296,,148,81.1667,31.7
5142,17.2333,,148,81.3333,31.2
5143,17.237,,148,81.5,30.7
5144,17.2407,,148,81.6667,30.2
5145,17.2444,,148,81.8333,29.7
5146,17.2481,,148,82,29.2
5147,17.2514,,149,82,29.2
5148,17.2544,,149,82,29.2
5149,17.2573,,149,82,29.2
5150,17.2603,,149,82,29.2
5151,17.2633,,149,82,29.2
5152,17.2662,,149,82,29.2
5153,17.2694,,148.857,81.8571,28.8857
5154,17.2725,,148.714,81.7143,28.5714
5155,17.2756,,148.571,81.5714,28.2571
5156,17.2788,,148.429,81.4286,27.9429
5157,17.2819,,148.286,81.2857,27.6286
5158,17.285,,148.143,81.1429,27.3143
5159,17.2881,,148,81,27
5160,17.2915,,148.25,81,26.45
5161,17.2948,,148.5,81,25.9
5162,17.2982,,148.75,81,25.35
5163,17.3015,,149,81,24.8
5164,17.3053,,149,81.1667,24.7
5165,17.3092,,149,81.3333,24.6
5166,17.313,,149,81.5,24.5
5167,17.3168,,149,81.6667,24.4
5168,17.3207,,149,81.8333,24.3
5169,17.3245,,149,82,24.2
5170,17.3283,,149,82,24.2
5171,17.332,,149,82,24.2
5172,17.3358,,149,82,24.2
5173,17.3395,,149,82,24.2
5174,17.3433,,149,82,24.2
5175,17.3471,,149,82,24.2
5176,17.3514,,149,81.8,24.72
5177,17.3557,,149,81.6,25.24
5178,17.36,,149,81.4,25.76
5179,17.3643,,149,81.2,26.28
5180,17.3686,,149,81,26.8
5181,17.373,,149,81.2,27.68
5182,17.3773,,149,81.4,28.56
5183,17.3816,,149,81.6,29.44
5184,17.386,,149,81.8,30.32
5185,17.3903,,149,82,31.2
5186,17.3943,,149.167,82,31.9
5187,17.3983,,149.333,82,32.6
5188,17.4023,,149.5,82,33.3
5189,17.4063,,149.667,82,34
5190,17.4103,,149.833,82,34.7
5191,17.4143,,150,82,35.4
5192,17.418,,150,82,35.7
5193,17.4218,,150,82,36
5194,17.4256,,150,82,36.3
5195,17.4294,,150,82,36.6
5196,17.4331,,150,82,36.9
5197,17.4369,,150,82,37.2
5198,17.4405,,150,82,37.3333
5199,17.4441,,150,82,37.4667
5200,17.4478,,150,82,37.6
5201,17.4514,,150,82,37.7333
5202,17.455,,150,82,37.8667
5203,17.4586,,150,82,38
5204,17.4618,,150.143,82,38.0857
5205,17.465,,150.286,82,38.1714
5206,17.4682,,150.429,82,38.2571
5207,17.4714,,150.571,82,38.3429
5208,17.4746,,150.714,82,38.4286
5209,17.4778,,150.857,82,38.5143
5210,17.481,,151,82,38.6
5211,17.4845,,151,82,38.48
5212,17.4879,,151,82,38.36
5213,17.4913,,151,82,38.24
5214,17.4947,,151,82,38.12
5215,17.4981,,151,82,38
5216,17.5016,,151,82,37.9667
5217,17.505,,151,82,37.9333
5218,17.5084,,151,82,37.9
5219,17.5119,,151,82,37.8667
5220,17.5153,,151,82,37.8333
5221,17.5188,,151,82,37.8
5222,17.5225,,150.833,82,37.9
5223,17.5263,,150.667,82,38
5224,17.53,,150.5,82,38.1
5225,17.5338,,150.333,82,38.2
5226,17.5376,,150.167,82,38.3
5227,17.5413,,150,82,38.4
5228,17.5448,,150.143,82,38.3429
5229,17.5482,,150.286,82,38.2857
5230,17.5516,,150.429,82,38.2286
5231,17.5551,,150.571,82,38.1714
5232,17.5585,,150.714,82,38.1143
5233,17.562,,150.857,82,38.0571
5234,17.5654,,151,82,38
5235,17.5689,,151,82,38.0333
5236,17.5724,,151,82,38.0667
5237,17.5759,,151,82,38.1
5238,17.5794,,151,82,38.1333
5239,17.5829,,151,82,38.1667
5240,17.5864,,151,82,38.2
5241,17.5898,,151.167,82,38.3333
5242,17.5932,,151.333,82,38.4667
5243,17.5966,,151.5,82,38.6
5244,17.6,,151.667,82,38.7333
5245,17.6034,,151.833,82,38.8667
5246,17.6068,,152,82,39
5247,17.6099,,151.857,81.8571,38.9714
5248,17.6129,,151.714,81.7143,38.9429
5249,17.616,,151.571,81.5714,38.9143
5250,17.619,,151.429,81.4286,38.8857
5251,17.6221,,151.286,81.2857,38.8571
5252,17.6252,,151.143,81.1429,38.8286
5253,17.6282,,151,81,38.8
5254,17.6316,,151.143,81,38.8571
5255,17.6349,,151.286,81,38.9143
5256,17.6382,,151.429,81,38.9714
5257,17.6416,,151.571,81,39.0286
5258,17.6449,,151.714,81,39.0857
5259,17.6482,,151.857,81,39.1429
5260,17.6516,,152,81,39.2
5261,17.655,,151.667,81.1667,39.2333
5262,17.6585,,151.333,81.3333,39.2667
5263,17.662,,151,81.5,39.3
5264,17.6655,,150.667,81.6667,39.3333
5265,17.6689,,150.333,81.8333,39.3667
5266,17.6724,,150,82,39.4
5267,17.6759,,150.167,81.6667,39.2667
5268,17.6794,,150.333,81.3333,39.1333
5269,17.6828,,150.5,81,39
5270,17.6863,,150.667,80.6667,38.8667
5271,17.6898,,150.833,80.3333,38.7333
5272,17.6933,,151,80,38.6
5273,17.6966,,151,80,38.5333
5274,17.6999,,151,80,38.4667
5275,17.7031,,151,80,38.4
5276,17.7065,,151,80.2,38.2
5277,17.7099,,151,80.4,38
5278,17.7133,,151,80.6,37.8
5279,17.7167,,151,80.8,37.6
5280,17.7201,,151,81,37.4
5281,17.7234,,151.167,81,37.3333
5282,17.7267,,151.333,81,37.2667
5283,17.73,,151.5,81,37.2
5284,17.7333,,151.667,81,37.1333
5285,17.7366,,151.833,81,37.0667
5286,17.74,,152,81,37
5287,17.7433,,152,81.3333,37.0667
5288,17.7466,,152,81.6667,37.1333
5289,17.7499,,152,82,37.2
5290,17.7533,,152,81.8333,37.4
5291,17.7566,,152,81.6667,37.6
5292,17.7599,,152,81.5,37.8
5293,17.7633,,152,81.3333,38
5294,17.7666,,152,81.1667,38.2
5295,17.77,,152,81,38.4
5296,17.7737,,152,81,38.3667
5297,17.7774,,152,81,38.3333
5298,17.7811,,152,81,38.3
5299,17.7848,,152,81,38.2667
5300,17.7885,,152,81,38.2333
5301,17.7922,,152,81,38.2
5302,17.796,,151.833,81.1667,38.1333
5303,17.7998,,151.667,81.3333,38.0667
5304,17.8037,,151.5,81.5,38
5305,17.8075,,151.333,81.6667,37.9333
5306,17.8113,,151.167,81.8333,37.8667
5307,17.8151,,151,82,37.8
5308,17.8185,,151.167,81.8333,37.7667
5309,17.822,,151.333,81.6667,37.7333
5310,17.8254,,151.5,81.5,37.7
5311,17.8288,,151.667,81.3333,37.6667
5312,17.8322,,151.833,81.1667,37.6333
5313,17.8356,,152,81,37.6
5314,17.8387,,151.857,81,37.4
5315,17.8419,,151.714,81,37.2
5316,17.845,,151.571,81,37
5317,17.8482,,151.429,81,36.8
5318,17.8513,,151.286,81,36.6
5319,17.8545,,151.143,81,36.4
5320,17.8576,,151,81,36.2
5321,17.8611,,150.833,81,36.4
5322,17.8645,,150.667,81,36.6
5323,17.868,,150.5,81,36.8
5324,17.8714,,150.333,81,37
5325,17.8749,,150.167,81,37.2
5326,17.8783,,150,81,37.4
5327,17.8813,,150,81,37.4857
5328,17.8844,,150,81,37.5714
5329,17.8874,,150,81,37.6571
5330,17.8905,,150,81,37.7429
5331,17.8935,,150,81,37.8286
5332,17.8965,,150,81,37.9143
5333,17.8996,,150,81,38
5334,17.9028,,149.857,81,38.0571
5335,17.906,,149.714,81,38.1143
5336,17.9093,,149.571,81,38.1714
5337,17.9125,,149.429,81,38.2286
5338,17.9157,,149.286,81,38.2857
5339,17.919,,149.143,81,38.3429
5340,17.9222,,149,81,38.4
5341,17.926,,149.167,81.1667,38.3333
5342,17.9299,,149.333,81.3333,38.2667
5343,17.9337,,149.5,81.5,38.2
5344,17.9375,,149.667,81.6667,38.1333
5345,17.9414,,149.833,81.8333,38.0667
5346,17.9452,,150,82,38
5347,17.9495,,150,82,37.88
5348,17.9537,,150,82,37.76
5349,17.958,,150,82,37.64
5350,17.9622,,150,82,37.52
5351,17.9665,,150,82,37.4
5352,17.9703,,150,82,37.2667
5353,17.9742,,150,82,37.1333
5354,17.978,,150,82,37
5355,17.9819,,150,82,36.8667
5356,17.9857,,150,82,36.7333
5357,17.9896,,150,82,36.6
5358,17.9928,,149.857,82,36.5429
5359,17.996,,149.714,82,36.4857
5360,17.9992,,149.571,82,36.4286
5361,18.0024,,149.429,82,36.3714
5362,18.0056,,149.286,82,36.3143
5363,18.0088,,149.143,82,36.2571
5364,18.012,,149,82,36.2
5365,18.0155,,148.833,81.8333,36.0667
5366,18.0189,,148.667,81.6667,35.9333
5367,18.0224,,148.5,81.5,35.8
5368,18.0259,,148.333,81.3333,35.6667
5369,18.0294,,148.167,81.1667,35.5333
5370,18.0329,,148,81,35.4
5371,18.0364,,148,81.1667,35.3
5372,18.0399,,148,81.3333,35.2
5373,18.0435,,148,81.5,35.1
5374,18.047,,148,81.6667,35
5375,18.0506,,148,81.8333,34.9
5376,18.0541,,148,82,34.8
5377,18.0576,,148,82,34.6
5378,18.0611,,148,82,34.4
5379,18.0645,,148,82,34.2
5380,18.068,,148,82,34
5381,18.0715,,148,82,33.8
5382,18.075,,148,82,33.6
5383,18.0786,,148.167,82,33.6333
5384,18.0823,,148.333,82,33.6667
5385,18.086,,148.5,82,33.7
5386,18.0896,,148.667,82,33.7333
5387,18.0933,,148.833,82,33.7667
5388,18.0969,,149,82,33.8
5389,18.1003,,149,81.6667,34.3333
5390,18.1037,,149,81.3333,34.8667
5391,18.1071,,149,81,35.4
5392,18.1098,,149,81,35.2
5393,18.1131,,149.143,81.1429,35.6286
5394,18.1164,,149.286,81.2857,36.0571
5395,18.1196,,149.429,81.4286,36.4857
5396,18.1229,,149.571,81.5714,36.9143
5397,18.1262,,149.714,81.7143,37.3429
5398,18.1295,,149.857,81.8571,37.7714
5399,18.1328,,150,82,38.2
5400,18.1363,,150,82,38.1333
5401,18.1398,,150,82,38.0667
5402,18.1432,,150,82,38
5403,18.1467,,150,82,37.9333
5404,18.1502,,150,82,37.8667
5405,18.1536,,150,82,37.8
5406,18.1567,,150.143,82,37.8
5407,18.1597,,150.286,82,37.8
5408,18.1627,,150.429,82,37.8
5409,18.1658,,150.571,82,37.8
5410,18.1688,,150.714,82,37.8
5411,18.1718,,150.857,82,37.8
5412,18.1748,,151,82,37.8
5413,18.1785,,150.833,82,37.8333
5414,18.1821,,150.667,82,37.8667
5415,18.1858,,150.5,82,37.9
5416,18.1894,,150.333,82,37.9333
5417,18.1931,,150.167,82,37.9667
5418,18.1967,,150,82,38
5419,18.1999,,150,82,37.8571
5420,18.203,,150,82,37.7143
5421,18.2061,,150,82,37.5714
5422,18.2092,,150,82,37.4286
5423,18.2123,,150,82,37.2857
5424,18.2154,,150,82,37.1429
5425,18.2185,,150,82,37
5426,18.2218,,149.8,81.8,37
5427,18.225,,149.6,81.6,37
5428,18.2282,,149.4,81.4,37
5429,18.2314,,149.2,81.2,37
5430,18.2346,,149,81,37
5431,18.2377,,148.857,81.1429,36.9429
5432,18.2408,,148.714,81.2857,36.8857
5433,18.2439,,148.571,81.4286,36.8286
5434,18.247,,148.429,81.5714,36.7714
5435,18.2501,,148.286,81.7143,36.7143
5436,18.2532,,148.143,81.8571,36.6571
5437,18.2563,,148,82,36.6
5438,18.2584,,149,83,36.6
5439,18.2622,,149,82.8333,36.6667
5440,18.2659,,149,82.6667,36.7333
5441,18.2696,,149,82.5,36.8
5442,18.2734,,149,82.3333,36.8667
5443,18.2771,,149,82.1667,36.9333
5444,18.2808,,149,82,37
5445,18.2844,,149,82.1667,37.0333
5446,18.2881,,149,82.3333,37.0667
5447,18.2917,,149,82.5,37.1
5448,18.2953,,149,82.6667,37.1333
5449,18.299,,149,82.8333,37.1667
5450,18.3026,,149,83,37.2
5451,18.3063,,149.167,82.8333,37
5452,18.31,,149.333,82.6667,36.8
5453,18.3138,,149.5,82.5,36.6
5454,18.3175,,149.667,82.3333,36.4
5455,18.3212,,149.833,82.1667,36.2
5456,18.325,,150,82,36
5457,18.3286,,149.833,81.8333,35.8333
5458,18.3323,,149.667,81.6667,35.6667
5459,18.336,,149.5,81.5,35.5
5460,18.3397,,149.333,81.3333,35.3333
5461,18.3434,,149.167,81.1667,35.1667
5462,18.347,,149,81,35
5463,18.3506,,149.167,81.1667,34.7667
5464,18.3541,,149.333,81.3333,34.5333
5465,18.3576,,149.5,81.5,34.3
5466,18.3611,,149.667,81.6667,34.0667
5467,18.3646,,149.833,81.8333,33.8333
5468,18.3681,,150,82,33.6
5469,18.3718,,149.833,82,33.6333
5470,18.3755,,149.667,82,33.6667
5471,18.3792,,149.5,82,33.7
5472,18.3829,,149.333,82,33.7333
5473,18.3866,,149.167,82,33.7667
5474,18.3903,,149,82,33.8
5475,18.3933,,149,82,33.5143
5476,18.3962,,149,82,33.2286
5477,18.3992,,149,82,32.9429
5478,18.4022,,149,82,32.6571
5479,18.4052,,149,82,32.3714
5480,18.4081,,149,82,32.0857
5481,18.4111,,149,82,31.8
5482,18.4147,,148.833,82,32.0667
5483,18.4184,,148.667,82,32.3333
5484,18.422,,148.5,82,32.6
5485,18.4257,,148.333,82,32.8667
5486,18.4293,,148.167,82,33.1333
5487,18.433,,148,82,33.4
5488,18.4371,,148.2,82,33.12
5489,18.4411,,148.4,82,32.84
5490,18.4452,,148.6,82,32.56
5491,18.4492,,148.8,82,32.28
5492,18.4533,,149,82,32
5493,18.4573,,148.833,82,31.8
5494,18.4612,,148.667,82,31.6
5495,18.4652,,148.5,82,31.4
5496,18.4692,,148.333,82,31.2
5497,18.4731,,148.167,82,31
5498,18.4771,,148,82,30.8
5499,18.4812,,148.167,82,30.9667
5500,18.4853,,148.333,82,31.1333
5501,18.4894,,148.5,82,31.3
5502,18.4935,,148.667,82,31.4667
5503,18.4977,,148.833,82,31.6333
5504,18.5018,,149,82,31.8
5505,18.5054,,148.5,82,32.4
5506,18.5091,,148,82,33
5507,18.5124,,148.143,81.8571,32.9143
5508,18.5157,,148.286,81.7143,32.8286
5509,18.519,,148.429,81.5714,32.7429
5510,18.5222,,148.571,81.4286,32.6571
5511,18.5255,,148.714,81.2857,32.5714
5512,18.5288,,148.857,81.1429,32.4857
5513,18.5321,,149,81,32.4
5514,18.5358,,149.167,81,32.8667
5515,18.5394,,149.333,81,33.3333
5516,18.5431,,149.5,81,33.8
5517,18.5468,,149.667,81,34.2667
5518,18.5505,,149.833,81,34.7333
5519,18.5541,,150,81,35.2
5520,18.5572,,150,80.5714,35.2286
5521,18.5603,,150,80.1429,35.2571
5522,18.5634,,150,79.7143,35.2857
5523,18.5664,,150,79.2857,35.3143
5524,18.5695,,150,78.8571,35.3429
5525,18.5726,,150,78.4286,35.3714
5526,18.5756,,150,78,35.4
5527,18.5772,,149.6,73,35.2
5528,18.5787,,149.2,68,35
5529,18.5803,,148.8,63,34.8
5530,18.5818,,148.4,58,34.6
5531,18.5834,,148,53,34.4
5532,18.5849,,147.8,57.4,34.2
5533,18.5864,,147.6,61.8,34
5534,18.5879,,147.4,66.2,33.8
5535,18.5893,,147.2,70.6,33.6
5536,18.5908,,147,75,33.4
5537,18.5936,,147.125,76,33.325
5538,18.5965,,147.25,77,33.25
5539,18.5993,,147.375,78,33.175
5540,18.6021,,147.5,79,33.1
5541,18.6049,,147.625,80,33.025
5542,18.6077,,147.75,81,32.95
5543,18.6105,,147.875,82,32.875
5544,18.6133,,148,83,32.8
5545,18.6167,,148.167,82.8333,33.0667
5546,18.6202,,148.333,82.6667,33.3333
5547,18.6236,,148.5,82.5,33.6
5548,18.6271,,148.667,82.3333,33.8667
5549,18.6305,,148.833,82.1667,34.1333
5550,18.6339,,149,82,34.4
5551,18.6373,,149.167,82,34.3
5552,18.6406,,149.333,82,34.2
5553,18.644,,149.5,82,34.1
5554,18.6473,,149.667,82,34
5555,18.6507,,149.833,82,33.9
5556,18.654,,150,82,33.8
5557,18.6573,,149.857,82,33.9429
5558,18.6607,,149.714,82,34.0857
5559,18.664,,149.571,82,34.2286
5560,18.6673,,149.429,82,34.3714
5561,18.6707,,149.286,82,34.5143
5562,18.674,,149.143,82,34.6571
5563,18.6773,,149,82,34.8
5564,18.6801,,149,81.875,34.75
5565,18.683,,149,81.75,34.7
5566,18.6858,,149,81.625,34.65
5567,18.6886,,149,81.5,34.6
5568,18.6915,,149,81.375,34.55
5569,18.6943,,149,81.25,34.5
5570,18.6971,,149,81.125,34.45
5571,18.7,,149,81,34.4
5572,18.7032,,148.857,81.1429,33.9714
5573,18.7065,,148.714,81.2857,33.5429
5574,18.7098,,148.571,81.4286,33.1143
5575,18.713,,148.429,81.5714,32.6857
5576,18.7163,,148.286,81.7143,32.2571
5577,18.7196,,148.143,81.8571,31.8286
5578,18.7229,,148,82,31.4
5579,18.7268,,148.167,82,30.8667
5580,18.7307,,148.333,82,30.3333
5581,18.7346,,148.5,82,29.8
5582,18.7385,,148.667,82,29.2667
5583,18.7424,,148.833,82,28.7333
5584,18.7463,,149,82,28.2
5585,18.75,,149,82,27.8
5586,18.7536,,149,82,27.4
5587,18.7572,,149,82,27
5588,18.7609,,149,82,26.6
5589,18.7645,,149,82,26.2
5590,18.7681,,149,82,25.8
5591,18.7715,,149,82,25.4
5592,18.7749,,149,82,25
5593,18.7783,,149,82,24.6
5594,18.7816,,149,82,24.2
5595,18.785,,149,82,23.8
5596,18.7884,,149,82,23.4
5597,18.7921,,149,82,23.2333
5598,18.7958,,149,82,23.0667
5599,18.7995,,149,82,22.9
5600,18.8032,,149,82,22.7333
5601,18.807,,149,82,22.5667
5602,18.8107,,149,82,22.4
5603,18.8139,,149,82,22.2286
5604,18.8172,,149,82,22.0571
5605,18.8204,,149,82,21.8857
5606,18.8236,,149,82,21.7143
5607,18.8269,,149,82,21.5429
5608,18.8301,,149,82,21.3714
5609,18.8334,,149,82,21.2
5610,18.8368,,149,82,21.1667
5611,18.8402,,149,82,21.1333
5612,18.8436,,149,82,21.1
5613,18.847,,149,82,21.0667
5614,18.8504,,149,82,21.0333
5615,18.8538,,149,82,21
5616,18.8568,,149,82,20.7143
5617,18.8598,,149,82,20.4286
5618,18.8629,,149,82,20.1429
5619,18.8659,,149,82,19.8571
5620,18.8689,,149,82,19.5714
5621,18.8719,,149,82,19.2857
5622,18.8749,,149,82,19
5623,18.878,,149,81.8571,18.7429
5624,18.8811,,149,81.7143,18.4857
5625,18.8841,,149,81.5714,18.2286
5626,18.8872,,149,81.4286,17.9714
5627,18.8902,,149,81.2857,17.7143
5628,18.8933,,149,81.1429,17.4571
5629,18.8963,,149,81,17.2
5630,18.9001,,149,81,17.15
5631,18.9038,,149,81,17.1
5632,18.9075,,149,81,17.05
5633,18.9112,,149,81,17
5634,18.9145,,149,81,16.8857
5635,18.9177,,149,81,16.7714
5636,18.921,,149,81,16.6571
5637,18.9242,,149,81,16.5429
5638,18.9275,,149,81,16.4286
5639,18.9307,,149,81,16.3143
5640,18.934,,149,81,16.2
5641,18.9371,,149,81,15.9143
5642,18.9403,,149,81,15.6286
5643,18.9434,,149,81,15.3429
5644,18.9466,,149,81,15.0571
5645,18.9498,,149,81,14.7714
5646,18.9529,,149,81,14.4857
5647,18.9561,,149,81,14.2
5648,18.96,,149,81.1667,14.2
5649,18.9638,,149,81.3333,14.2
5650,18.9677,,149,81.5,14.2
5651,18.9716,,149,81.6667,14.2
5652,18.9754,,149,81.8333,14.2
5653,18.9793,,149,82,14.2
5654,18.9832,,149,82,13.8
5655,18.9872,,149,82,13.4
5656,18.9911,,149,82,13
5657,18.995,,149,82,12.6
5658,18.999,,149,82,12.2
5659,19.0029,,149,82,11.8
5660,19.006,,149,81.8571,11.1429
5661,19.0091,,149,81.7143,10.4857
5662,19.0121,,149,81.5714,9.82857
5663,19.0152,,149,81.4286,9.17143
5664,19.0183,,149,81.2857,8.51429
5665,19.0214,,149,81.1429,7.85714
5666,19.0244,,149,81,7.2
5667,19.028,,149,81,6.5
5668,19.0316,,149,81,5.8
5669,19.0352,,149,81,5.1
5670,19.0388,,149,81,4.4
5671,19.0424,,149,81,3.7
5672,19.046,,149,81,3
5673,19.0496,,149,81,2.33333
5674,19.0531,,149,81,1.66667
5675,19.0567,,149,81,1
5676,19.0603,,149,81,0.333333
5677,19.0639,,149,81,-0.333333
5678,19.0675,,149,81,-1
5679,19.0713,,149.167,81.1667,-1.43333
5680,19.0751,,149.333,81.3333,-1.86667
5681,19.0789,,149.5,81.5,-2.3
5682,19.0827,,149.667,81.6667,-2.73333
5683,19.0865,,149.833,81.8333,-3.16667
5684,19.0904,,150,82,-3.6
5685,19.0937,,150,82,-3.9
5686,19.0971,,150,82,-4.2
5687,19.1005,,150,82,-4.5
5688,19.1039,,150,82,-4.8
5689,19.1073,,150,82,-5.1
5690,19.1107,,150,82,-5.4
5691,19.1137,,150,81.8571,-5.68571
5692,19.1168,,150,81.7143,-5.97143
5693,19.1199,,150,81.5714,-6.25714
5694,19.1229,,150,81.4286,-6.54286
5695,19.126,,150,81.2857,-6.82857
5696,19.129,,150,81.1429,-7.11429
5697,19.1321,,150,81,-7.4
5698,19.1356,,150,81.1667,-7.53333
5699,19.1392,,150,81.3333,-7.66667
5700,19.1428,,150,81.5,-7.8
5701,19.1463,,150,81.6667,-7.93333
5702,19.1499,,150,81.8333,-8.06667
5703,19.1535,,150,82,-8.2
5704,19.1566,,149.857,82,-8.42857
5705,19.1597,,149.714,82,-8.65714
5706,19.1629,,149.571,82,-8.88571
5707,19.166,,149.429,82,-9.11429
5708,19.1692,,149.286,82,-9.34286
5709,19.1723,,149.143,82,-9.57143
5710,19.1754,,149,82,-9.8
5711,19.1791,,149,82,-9.93333
5712,19.1827,,149,82,-10.0667
5713,19.1863,,149,82,-10.2
5714,19.1899,,149,82,-10.3333
5715,19.1935,,149,82,-10.4667
5716,19.1972,,149,82,-10.6
5717,19.2005,,149,82.1667,-10.9667
5718,19.2039,,149,82.3333,-11.3333
5719,19.2073,,149,82.5,-11.7
5720,19.2106,,149,82.6667,-12.0667
5721,19.214,,149,82.8333,-12.4333
5722,19.2173,,149,83,-12.8
5723,19.2217,,149,83,-11.68
5724,19.226,,149,83,-10.56
5725,19.2303,,149,83,-9.44
5726,19.2346,,149,83,-8.32
5727,19.2389,,149,83,-7.2
5728,19.2434,,149,82.8,-6.4
5729,19.2478,,149,82.6,-5.6
5730,19.2522,,149,82.4,-4.8
5731,19.2566,,149,82.2,-4
5732,19.261,,149,82,-3.2
5733,19.2656,,149,82,-2.16
5734,19.2701,,149,82,-1.12
5735,19.2746,,149,82,-0.08
5736,19.2791,,149,82,0.96
5737,19.2836,,149,82,2
5738,19.2867,,149,82,1.91429
5739,19.2897,,149,82,1.82857
5740,19.2928,,149,82,1.74286
5741,19.2958,,149,82,1.65714
5742,19.2989,,149,82,1.57143
5743,19.3019,,149,82,1.48571
5744,19.305,,149,82,1.4
5745,19.3089,,149,82,1.2
5746,19.3128,,149,82,1
5747,19.3163,,149,82,0.833333
5748,19.3198,,149,82,0.666667
5749,19.3234,,149,82,0.5
5750,19.3269,,149,82,0.333333
5751,19.3304,,149,82,0.166667
5752,19.334,,149,82,0
5753,19.3376,,149,82,-0.2
5754,19.3412,,149,82,-0.4
5755,19.3448,,149,82,-0.6
5756,19.3485,,149,82,-0.8
5757,19.3521,,149,82,-1
5758,19.3557,,149,82,-1.2
5759,19.359,,149.143,82,-1.17143
5760,19.3623,,149.286,82,-1.14286
5761,19.3656,,149.429,82,-1.11429
5762,19.3689,,149.571,82,-1.08571
5763,19.3722,,149.714,82,-1.05714
5764,19.3755,,149.857,82,-1.02857
5765,19.3788,,150,82,-1
5766,19.3819,,150,82,-0.828571
5767,19.385,,150,82,-0.657143
5768,19.3881,,150,82,-0.485714
5769,19.3912,,150,82,-0.314286
5770,19.3942,,150,82,-0.142857
5771,19.3973,,150,82,0.0285714
5772,19.4004,,150,82,0.2
5773,19.405,,150.2,82,0.88
5774,19.4096,,150.4,82,1.56
5775,19.4142,,150.6,82,2.24
5776,19.4188,,150.8,82,2.92
5777,19.4234,,151,82,3.6
5778,19.4271,,151.167,82,3.9
5779,19.4308,,151.333,82,4.2
5780,19.4346,,151.5,82,4.5
5781,19.4383,,151.667,82,4.8
5782,19.442,,151.833,82,5.1
5783,19.4457,,152,82,5.4
5784,19.4492,,152.167,82.1667,6.06667
5785,19.4528,,152.333,82.3333,6.73333
5786,19.4563,,152.5,82.5,7.4
5787,19.4599,,152.667,82.6667,8.06667
5788,19.4634,,152.833,82.8333,8.73333
5789,19.4669,,153,83,9.4
5790,19.4706,,153,82.8333,9.93333
5791,19.4743,,153,82.6667,10.4667
5792,19.4779,,153,82.5,11
5793,19.4816,,153,82.3333,11.5333
5794,19.4852,,153,82.1667,12.0667
5795,19.4889,,153,82,12.6
5796,19.4928,,153,81.8333,13.0333
5797,19.4968,,153,81.6667,13.4667
5798,19.5008,,153,81.5,13.9
5799,19.5047,,153,81.3333,14.3333
5800,19.5087,,153,81.1667,14.7667
5801,19.5126,,153,81,15.2
5802,19.5171,,153,81,15.64
5803,19.5216,,153,81,16.08
5804,19.5261,,153,81,16.52
5805,19.5306,,153,81,16.96
5806,19.5351,,153,81,17.4
5807,19.5402,,153,81,18
5808,19.5454,,153,81,18.6
5809,19.5505,,153,81,19.2
5810,19.5557,,153,81,19.8
5811,19.5608,,153,81,20.4
5812,19.565,,153,81.2,20.88
5813,19.5693,,153,81.4,21.36
5814,19.5735,,153,81.6,21.84
5815,19.5777,,153,81.8,22.32
5816,19.5819,,153,82,22.8
5817,19.5858,,153,81.8333,22.5
5818,19.5898,,153,81.6667,22.2
5819,19.5937,,153,81.5,21.9
5820,19.5977,,153,81.3333,21.6
5821,19.6017,,153,81.1667,21.3
5822,19.6056,,153,81,21
5823,19.6094,,153,81.1667,21.1667
5824,19.6132,,153,81.3333,21.3333
5825,19.617,,153,81.5,21.5
5826,19.6209,,153,81.6667,21.6667
5827,19.6247,,153,81.8333,21.8333
5828,19.6285,,153,82,22
5829,19.6321,,153,82,22.2667
5830,19.6356,,153,82,22.5333
5831,19.6392,,153,82,22.8
5832,19.6428,,153,82,23.0667
5833,19.6464,,153,82,23.3333
5834,19.65,,153,82,23.6
5835,19.6536,,152.833,82.3333,23.9667
5836,19.6573,,152.667,82.6667,24.3333
5837,19.6609,,152.5,83,24.7
5838,19.6646,,152.333,83.3333,25.0667
5839,19.6682,,152.167,83.6667,25.4333
5840,19.6719,,152,84,25.8
5841,19.6757,,152,83.6667,25.8667
5842,19.6794,,152,83.3333,25.9333
5843,19.6832,,152,83,26
5844,19.6869,,152,82.6667,26.0667
5845,19.6907,,152,82.3333,26.1333
5846,19.6944,,152,82,26.2
5847,19.6983,,152,82,26.2
5848,19.7022,,152,82,26.2
5849,19.706,,152,82,26.2
5850,19.7099,,152,82,26.2
5851,19.7137,,152,82,26.2
5852,19.7176,,152,82,26.2
5853,19.7212,,152,81.8333,25.9
5854,19.7248,,152,81.6667,25.6
5855,19.7284,,152,81.5,25.3
5856,19.732,,152,81.3333,25
5857,19.7357,,152,81.1667,24.7
5858,19.7393,,152,81,24.4
5859,19.743,,151.833,81,24.4333
5860,19.7468,,151.667,81,24.4667
5861,19.7505,,151.5,81,24.5
5862,19.7542,,151.333,81,24.5333
5863,19.758,,151.167,81,24.5667
5864,19.7617,,151,81,24.6
5865,19.7654,,151,81.3333,24.6333
5866,19.7692,,151,81.6667,24.6667
5867,19.7729,,151,82,24.7
5868,19.7766,,151,82.3333,24.7333
5869,19.7803,,151,82.6667,24.7667
5870,19.7841,,151,83,24.8
5871,19.7873,,150.857,82.2857,24.9143
5872,19.7905,,150.714,81.5714,25.0286
5873,19.7937,,150.571,80.8571,25.1429
5874,19.797,,150.429,80.1429,25.2571
5875,19.8002,,150.286,79.4286,25.3714
5876,19.8034,,150.143,78.7143,25.4857
5877,19.8066,,150,78,25.6
5878,19.8081,,150,69,25.6
5879,19.8102,,149.75,72,25.7
5880,19.8123,,149.5,75,25.8
5881,19.8144,,149.25,78,25.9
5882,19.8165,,149,81,26
5883,19.8193,,148.667,81,26.4
5884,19.8222,,148.333,81,26.8
5885,19.8251,,148,81,27.2
5886,19.8276,,147.75,81.25,27.475
5887,19.8302,,147.5,81.5,27.75
5888,19.8327,,147.25,81.75,28.025
5889,19.8353,,147,82,28.3
5890,19.8378,,146.75,82.25,28.575
5891,19.8404,,146.5,82.5,28.85
5892,19.8429,,146.25,82.75,29.125
5893,19.8455,,146,83,29.4
5894,19.849,,146.167,82.6667,29.7667
5895,19.8525,,146.333,82.3333,30.1333
5896,19.856,,146.5,82,30.5
5897,19.8595,,146.667,81.6667,30.8667
5898,19.8631,,146.833,81.3333,31.2333
5899,19.8666,,147,81,31.6
5900,19.8704,,147.167,81.3333,31.9333
5901,19.8743,,147.333,81.6667,32.2667
5902,19.8781,,147.5,82,32.6
5903,19.882,,147.667,82.3333,32.9333
5904,19.8858,,147.833,82.6667,33.2667
5905,19.8897,,148,83,33.6
5906,19.8935,,148.167,82.8333,33.8667
5907,19.8973,,148.333,82.6667,34.1333
5908,19.901,,148.5,82.5,34.4
5909,19.9048,,148.667,82.3333,34.6667
5910,19.9086,,148.833,82.1667,34.9333
5911,19.9124,,149,82,35.2
5912,19.9162,,149,82,35.6
5913,19.9199,,149,82,36
5914,19.9237,,149,82,36.4
5915,19.9274,,149,82,36.8
5916,19.9312,,149,82,37.2
5917,19.935,,149,82,37.6
5918,19.9385,,149.167,82.1667,37.3333
5919,19.9421,,149.333,82.3333,37.0667
5920,19.9456,,149.5,82.5,36.8
5921,19.9492,,149.667,82.6667,36.5333
5922,19.9527,,149.833,82.8333,36.2667
5923,19.9563,,150,83,36
5924,19.9599,,149.833,83,35.7333
5925,19.9636,,149.667,83,35.4667
5926,19.9673,,149.5,83,35.2
5927,19.9709,,149.333,83,34.9333
5928,19.9746,,149.167,83,34.6667
5929,19.9783,,149,83,34.4
5930,19.9814,,149,82.8571,34.5714
5931,19.9846,,149,82.7143,34.7429
5932,19.9878,,149,82.5714,34.9143
5933,19.9909,,149,82.4286,35.0857
5934,19.9941,,149,82.2857,35.2571
5935,19.9973,,149,82.1429,35.4286
5936,20.0005,,149,82,35.6
5937,20.0037,,149,82.1429,35.8286
5938,20.0069,,149,82.2857,36.0571
5939,20.0102,,149,82.4286,36.2857
5940,20.0134,,149,82.5714,36.5143
5941,20.0167,,149,82.7143,36.7429
5942,20.0199,,149,82.8571,36.9714
5943,20.0232,,149,83,37.2
5944,20.0265,,149,82.8571,37.1429
5945,20.0298,,149,82.7143,37.0857
5946,20.0331,,149,82.5714,37.0286
5947,20.0364,,149,82.4286,36.9714
5948,20.0397,,149,82.2857,36.9143
5949,20.043,,149,82.1429,36.8571
5950,20.0464,,149,82,36.8
5951,20.0503,,149,82,36.4
5952,20.0543,,149,82,36
5953,20.0582,,149,82,35.6
5954,20.0622,,149,82,35.2
5955,20.0661,,149,82,34.8
5956,20.0701,,149,82,34.4
5957,20.0736,,149.167,82.1667,33.7667
5958,20.0772,,149.333,82.3333,33.1333
5959,20.0808,,149.5,82.5,32.5
5960,20.0843,,149.667,82.6667,31.8667
5961,20.0879,,149.833,82.8333,31.2333
5962,20.0914,,150,83,30.6
5963,20.0947,,150,82.8571,30.2
5964,20.0979,,150,82.7143,29.8
5965,20.1011,,150,82.5714,29.4
5966,20.1043,,150,82.4286,29
5967,20.1075,,150,82.2857,28.6
5968,20.1107,,150,82.1429,28.2
5969,20.1139,,150,82,27.8
5970,20.1175,,149,82,27.8
5971,20.1211,,149.167,82,27.8
5972,20.1246,,149.333,82,27.8
5973,20.1282,,149.5,82,27.8
5974,20.1318,,149.667,82,27.8
5975,20.1354,,149.833,82,27.8
5976,20.139,,150,82,27.8
5977,20.1423,,150,82,27.7
5978,20.1457,,150,82,27.6
5979,20.1491,,150,82,27.5
5980,20.1524,,150,82,27.4
5981,20.1558,,150,82,27.3
5982,20.1592,,150,82,27.2
5983,20.1626,,150,82,27
5984,20.166,,150,82,26.8
5985,20.1694,,150,82,26.6
5986,20.1728,,150,82,26.4
5987,20.1762,,150,82,26.2
5988,20.1796,,150,82,26
5989,20.183,,149.833,82,26
5990,20.1864,,149.667,82,26
5991,20.1898,,149.5,82,26
5992,20.1932,,149.333,82,26
5993,20.1966,,149.167,82,26
5994,20.2,,149,82,26
5995,20.203,,147.667,82,26.0667
5996,20.206,,146.333,82,26.1333
5997,20.2091,,145,82,26.2
5998,20.2124,,143.667,82,26.5333
5999,20.2157,,142.333,82,26.8667
6000,20.219,,141,82,27.2
6001,20.2222,,140.714,81.8571,27.2857
6002,20.2255,,140.429,81.7143,27.3714
6003,20.2287,,140.143,81.5714,27.4571
6004,20.2319,,139.857,81.4286,27.5429
6005,20.2352,,139.571,81.2857,27.6286
6006,20.2384,,139.286,81.1429,27.7143
6007,20.2417,,139,81,27.8
6008,20.2454,,140,81,27.5333
6009,20.2491,,141,81,27.2667
6010,20.2527,,142,81,27
6011,20.2567,,142.75,81.25,26.45
6012,20.2606,,143.5,81.5,25.9
6013,20.2645,,144.25,81.75,25.35
6014,20.2684,,145,82,24.8
6015,20.2717,,145.75,82,24.6
6016,20.2751,,146.5,82,24.4
6017,20.2785,,147.25,82,24.2
6018,20.2818,,148,82,24
6019,20.2854,,148.167,82,23.8667
6020,20.289,,148.333,82,23.7333
6021,20.2925,,148.5,82,23.6
6022,20.2961,,148.667,82,23.4667
6023,20.2996,,148.833,82,23.3333
6024,20.3032,,149,82,23.2
6025,20.3067,,149,82,23.2333
6026,20.3102,,149,82,23.2667
6027,20.3137,,149,82,23.3
6028,20.3172,,149,82,23.3333
6029,20.3207,,149,82,23.3667
6030,20.3242,,149,82,23.4
6031,20.3279,,149,82,23.1714
6032,20.3316,,149,82,22.9429
6033,20.3353,,149,82,22.7143
6034,20.339,,149,82,22.4857
6035,20.3426,,149,82,22.2571
6036,20.3463,,149,82,22.0286
6037,20.35,,149,82,21.8
6038,20.3535,,149,81.75,21.65
6039,20.3569,,149,81.5,21.5
6040,20.3603,,149,81.25,21.35
6041,20.3637,,149,81,21.2
6042,20.3656,,149.25,81,21.1
6043,20.3674,,149.5,81,21
6044,20.3692,,149.75,81,20.9
6045,20.371,,150,81,20.8
6046,20.3742,,149.667,81.3333,20.9333
6047,20.3775,,149.333,81.6667,21.0667
6048,20.3808,,149,82,21.2
6049,20.3841,,149,81.8571,21.4571
6050,20.3874,,149,81.7143,21.7143
6051,20.3907,,149,81.5714,21.9714
6052,20.394,,149,81.4286,22.2286
6053,20.3973,,149,81.2857,22.4857
6054,20.4006,,149,81.1429,22.7429
6055,20.4039,,149,81,23
6056,20.4072,,149,81.3333,23.4
6057,20.4106,,149,81.6667,23.8
6058,20.4139,,149,82,24.2
6059,20.4169,,149.143,82,24.5714
6060,20.4199,,149.286,82,24.9429
6061,20.423,,149.429,82,25.3143
6062,20.426,,149.571,82,25.6857
6063,20.429,,149.714,82,26.0571
6064,20.432,,149.857,82,26.4286
6065,20.435,,150,82,26.8
6066,20.4386,,150.167,82,27.5
6067,20.4422,,150.333,82,28.2
6068,20.4458,,150.5,82,28.9
6069,20.4494,,150.667,82,29.6
6070,20.453,,150.833,82,30.3
6071,20.4566,,151,82,31
6072,20.4595,,151,82,31.2
6073,20.4623,,151,82,31.4
6074,20.4652,,151,82,31.6
6075,20.4681,,151,82,31.8
6076,20.471,,151,82,32
6077,20.4739,,151,82,32.2
6078,20.4767,,151,82,32.4
6079,20.4803,,151,81.8333,32.4667
6080,20.4838,,151,81.6667,32.5333
6081,20.4873,,151,81.5,32.6
6082,20.4909,,151,81.3333,32.6667
6083,20.4944,,151,81.1667,32.7333
6084,20.4979,,151,81,32.8
6085,20.5013,,151,81,33.0667
6086,20.5046,,151,81,33.3333
6087,20.508,,151,81,33.6
6088,20.5113,,151,81,33.8667
6089,20.5147,,151,81,34.1333
6090,20.518,,151,81,34.4
6091,20.5215,,151,81,34.6
6092,20.5248,,151,81,34.6
6093,20.5282,,151,81,34.6
6094,20.5316,,151,81,34.6
6095,20.535,,151,81,34.6
6096,20.5383,,151,81,34.6
6097,20.5417,,151,81,34.6
6098,20.5452,,151.167,81.1667,34.5667
6099,20.5487,,151.333,81.3333,34.5333
6100,20.5523,,151.5,81.5,34.5
6101,20.5558,,151.667,81.6667,34.4667
6102,20.5593,,151.833,81.8333,34.4333
6103,20.5628,,152,82,34.4
6104,20.5665,,152,82,34.5
6105,20.5701,,152,82,34.6
6106,20.5738,,152,82,34.7
6107,20.5774,,152,82,34.8
6108,20.5811,,152,82,34.9
6109,20.5848,,152,82,35
6110,20.5884,,152,81.8333,34.8667
6111,20.5921,,152,81.6667,34.7333
6112,20.5957,,152,81.5,34.6
6113,20.5993,,152,81.3333,34.4667
6114,20.603,,152,81.1667,34.3333
6115,20.6066,,152,81,34.2
6116,20.6103,,152,81,34.0667
6117,20.6139,,152,81,33.9333
6118,20.6175,,152,81,33.8
6119,20.6211,,152,81,33.6667
6120,20.6248,,152,81,33.5333
6121,20.6284,,152,81,33.4
6122,20.6322,,152,81.1667,33.3333
6123,20.6361,,152,81.3333,33.2667
6124,20.6399,,152,81.5,33.2
6125,20.6437,,152,81.6667,33.1333
6126,20.6475,,152,81.8333,33.0667
6127,20.6514,,152,82,33
6128,20.6549,,151.833,81.8333,33.1
6129,20.6584,,151.667,81.6667,33.2
6130,20.6619,,151.5,81.5,33.3
6131,20.6655,,151.333,81.3333,33.4
6132,20.669,,151.167,81.1667,33.5
6133,20.6725,,151,81,33.6
6134,20.6755,,151,80,33.9
6135,20.6785,,151,79,34.2
6136,20.6812,,151,79.25,34.4
6137,20.6839,,151,79.5,34.6
6138,20.6866,,151,79.75,34.8
6139,20.6893,,151,80,35
6140,20.692,,151,80.25,35.2
6141,20.6947,,151,80.5,35.4
6142,20.6974,,151,80.75,35.6
6143,20.7001,,151,81,35.8
6144,20.703,,150.875,80.875,35.975
6145,20.7058,,150.75,80.75,36.15
6146,20.7086,,150.625,80.625,36.325
6147,20.7114,,150.5,80.5,36.5
6148,20.7143,,150.375,80.375,36.675
6149,20.7171,,150.25,80.25,36.85
6150,20.7199,,150.125,80.125,37.025
6151,20.7227,,150,80,37.2
6152,20.7241,,149.7,77.3,37.3
6153,20.7255,,149.4,74.6,37.4
6154,20.7269,,149.1,71.9,37.5
6155,20.7283,,148.8,69.2,37.6
6156,20.7297,,148.5,66.5,37.7
6157,20.7311,,148.2,63.8,37.8
6158,20.7325,,147.9,61.1,37.9
6159,20.7339,,147.6,58.4,38
6160,20.7353,,147.3,55.7,38.1
6161,20.7367,,147,53,38.2
6162,20.738,,147,52,38
6163,20.7408,,146.75,55.625,38.1
6164,20.7435,,146.5,59.25,38.2
6165,20.7463,,146.25,62.875,38.3
6166,20.749,,146,66.5,38.4
6167,20.7518,,145.75,70.125,38.5
6168,20.7546,,145.5,73.75,38.6
6169,20.7573,,145.25,77.375,38.7
6170,20.7601,,145,81,38.8
6171,20.7632,,144.714,81,38.5714
6172,20.7664,,144.429,81,38.3429
6173,20.7696,,144.143,81,38.1143
6174,20.7727,,143.857,81,37.8857
6175,20.7759,,143.571,81,37.6571
6176,20.7791,,143.286,81,37.4286
6177,20.7823,,143,81,37.2
6178,20.7861,,143.167,81,36.4667
6179,20.79,,143.333,81,35.7333
6180,20.7939,,143.5,81,35
6181,20.7977,,143.667,81,34.2667
6182,20.8016,,143.833,81,33.5333
6183,20.8055,,144,81,32.8
6184,20.8088,,144.333,80.8333,32.8
6185,20.8121,,144.667,80.6667,32.8
6186,20.8155,,145,80.5,32.8
6187,20.8188,,145.333,80.3333,32.8
6188,20.8222,,145.667,80.1667,32.8
6189,20.8255,,146,80,32.8
6190,20.8291,,146.167,80.1667,33.1667
6191,20.8328,,146.333,80.3333,33.5333
6192,20.8364,,146.5,80.5,33.9
6193,20.8401,,146.667,80.6667,34.2667
6194,20.8438,,146.833,80.8333,34.6333
6195,20.8474,,147,81,35
6196,20.8508,,147,81,35.1333
6197,20.8542,,147,81,35.2667
6198,20.8575,,147,81,35.4
6199,20.8609,,147,81,35.5333
6200,20.8643,,147,81,35.6667
6201,20.8676,,147,81,35.8
6202,20.8717,,147.2,80.8,36
6203,20.8758,,147.4,80.6,36.2
6204,20.8799,,147.6,80.4,36.4
6205,20.884,,147.8,80.2,36.6
6206,20.8881,,148,80,36.8
6207,20.8917,,148,80.3333,37.1667
6208,20.8954,,148,80.6667,37.5333
6209,20.899,,148,81,37.9
6210,20.9027,,148,81.3333,38.2667
6211,20.9063,,148,81.6667,38.6333
6212,20.91,,148,82,39
6213,20.9137,,148,81.75,39.45
6214,20.9173,,148,81.5,39.9
6215,20.921,,148,81.25,40.35
6216,20.9246,,148,81,40.8
6217,20.9284,,149,81,41
6218,20.9323,,149,81,41.1333
6219,20.9362,,149,81,41.2667
6220,20.9402,,149,81,41.4
6221,20.9441,,149,81,41.5333
6222,20.948,,149,81,41.6667
6223,20.952,,149,81,41.8
6224,20.9551,,149.143,81.2857,41.9714
6225,20.9582,,149.286,81.5714,42.1429
6226,20.9613,,149.429,81.8571,42.3143
6227,20.9645,,149.571,82.1429,42.4857
6228,20.9676,,149.714,82.4286,42.6571
6229,20.9707,,149.857,82.7143,42.8286
6230,20.9739,,150,83,43
6231,20.9768,,149.857,82.7143,42.8
6232,20.9798,,149.714,82.4286,42.6
6233,20.9827,,149.571,82.1429,42.4
6234,20.9856,,149.429,81.8571,42.2
6235,20.9886,,149.286,81.5714,42
6236,20.9915,,149.143,81.2857,41.8
6237,20.9945,,149,81,41.6
6238,20.997,,148.875,81,41.125
6239,20.9996,,148.75,81,40.65
6240,21.0022,,148.625,81,40.175
6241,21.0048,,148.5,81,39.7
6242,21.0073,,148.375,81,39.225
6243,21.0099,,148.25,81,38.75
6244,21.0125,,148.125,81,38.275
6245,21.0151,,148,81,37.8
6246,21.0191,,148,81,37.84
6247,21.0231,,148,81,37.88
6248,21.0271,,148,81,37.92
6249,21.0312,,148,81,37.96
6250,21.0352,,148,81,38
6251,21.0367,,147.75,60.75,37.4
6252,21.0383,,147.5,40.5,36.8
6253,21.0398,,147.25,20.25,36.2
6254,21.0414,,147,0,35.6
6255,21.0445,,146.857,11.5714,35.4571
6256,21.0476,,146.714,23.1429,35.3143
6257,21.0507,,146.571,34.7143,35.1714
6258,21.0538,,146.429,46.2857,35.0286
6259,21.0569,,146.286,57.8571,34.8857
6260,21.06,,146.143,69.4286,34.7429
6261,21.0631,,146,81,34.6
6262,21.0671,,146,81,34
6263,21.0705,,146.167,81.1667,33.9
6264,21.0739,,146.333,81.3333,33.8
6265,21.0773,,146.5,81.5,33.7
6266,21.0807,,146.667,81.6667,33.6
6267,21.0841,,146.833,81.8333,33.5
6268,21.0875,,147,82,33.4
6269,21.0909,,147,81.8333,33.4667
6270,21.0944,,147,81.6667,33.5333
6271,21.0978,,147,81.5,33.6
6272,21.1013,,147,81.3333,33.6667
6273,21.1047,,147,81.1667,33.7333
6274,21.1082,,147,81,33.8
6275,21.1119,,147,81,33.8333
6276,21.1155,,147,81,33.8667
6277,21.1192,,147,81,33.9
6278,21.1229,,147,81,33.9333
6279,21.1266,,147,81,33.9667
6280,21.1302,,147,81,34
6281,21.1344,,147,81,34.36
6282,21.1385,,147,81,34.72
6283,21.1427,,147,81,35.08
6284,21.1469,,147,81,35.44
6285,21.151,,147,81,35.8
6286,21.1547,,147,81,36.2
6287,21.1583,,147,81,36.6
6288,21.162,,147,81,37
6289,21.1652,,147.143,81.1429,37.3143
6290,21.1685,,147.286,81.2857,37.6286
6291,21.1717,,147.429,81.4286,37.9429
6292,21.1749,,147.571,81.5714,38.2571
6293,21.1782,,147.714,81.7143,38.5714
6294,21.1814,,147.857,81.8571,38.8857
6295,21.1847,,148,82,39.2
6296,21.1882,,148,81.8333,39.6667
6297,21.1917,,148,81.6667,40.1333
6298,21.1952,,148,81.5,40.6
6299,21.1987,,148,81.3333,41.0667
6300,21.2021,,148,81.1667,41.5333
6301,21.2056,,148,81,42
6302,21.2094,,148,81,41.9333
6303,21.2131,,148,81,41.8667
6304,21.2168,,148,81,41.8
6305,21.2205,,148,81,41.7333
6306,21.2243,,148,81,41.6667
6307,21.228,,148,81,41.6
6308,21.2314,,148,81,41.2667
6309,21.2347,,148,81,40.9333
6310,21.2381,,148,81,40.6
6311,21.2415,,148,81,40.2667
6312,21.2448,,148,81,39.9333
6313,21.2482,,148,81,39.6
6314,21.251,,148,81,39.3
6315,21.2538,,148,81,39
6316,21.2566,,148,81,38.7
6317,21.2594,,148,81,38.4
6318,21.2623,,148,81,38.1
6319,21.2651,,148,81,37.8
6320,21.2679,,148,81,37.5
6321,21.2707,,148,81,37.2
6322,21.2746,,148,81,37.1667
6323,21.2785,,148,81,37.1333
6324,21.2823,,148,81,37.1
6325,21.2862,,148,81,37.0667
6326,21.2901,,148,81,37.0333
6327,21.294,,148,81,37
6328,21.2978,,147.833,81,36.8667
6329,21.3016,,147.667,81,36.7333
6330,21.3054,,147.5,81,36.6
6331,21.3092,,147.333,81,36.4667
6332,21.313,,147.167,81,36.3333
6333,21.3168,,147,81,36.2
6334,21.3205,,147.333,81,36.6
6335,21.3243,,147.667,81,37
6336,21.328,,148,81,37.4
6337,21.3319,,148,81,37.6333
6338,21.3358,,148,81,37.8667
6339,21.3397,,148,81,38.1
6340,21.3436,,148,81,38.3333
6341,21.3475,,148,81,38.5667
6342,21.3514,,148,81,38.8
6343,21.355,,148.167,81,38.3
6344,21.3586,,148.333,81,37.8
6345,21.3621,,148.5,81,37.3
6346,21.3657,,148.667,81,36.8
6347,21.3693,,148.833,81,36.3
6348,21.3729,,149,81,35.8
6349,21.3762,,149,81,35.2286
6350,21.3795,,149,81,34.6571
6351,21.3828,,149,81,34.0857
6352,21.3861,,149,81,33.5143
6353,21.3893,,149,81,32.9429
6354,21.3926,,149,81,32.3714
6355,21.3959,,149,81,31.8
6356,21.3992,,149,81.1429,31.2
6357,21.4025,,149,81.2857,30.6
6358,21.4058,,149,81.4286,30
6359,21.4091,,149,81.5714,29.4
6360,21.4124,,149,81.7143,28.8
6361,21.4156,,149,81.8571,28.2
6362,21.4189,,149,82,27.6
6363,21.4218,,149,81.8571,27
6364,21.4247,,149,81.7143,26.4
6365,21.4275,,149,81.5714,25.8
6366,21.4304,,149,81.4286,25.2
6367,21.4333,,149,81.2857,24.6
6368,21.4362,,149,81.1429,24
6369,21.439,,149,81,23.4
6370,21.4427,,149,81,23.2667
6371,21.4463,,149,81,23.1333
6372,21.45,,149,81,23
6373,21.4537,,149,81,22.8667
6374,21.4573,,149,81,22.7333
6375,21.461,,149,81,22.6
6376,21.4646,,149,81.1429,22.7143
6377,21.4682,,149,81.2857,22.8286
6378,21.4718,,149,81.4286,22.9429
6379,21.4754,,149,81.5714,23.0571
6380,21.479,,149,81.7143,23.1714
6381,21.4826,,149,81.8571,23.2857
6382,21.4862,,149,82,23.4
6383,21.4906,,149,82,23.96
6384,21.495,,149,82,24.52
6385,21.4995,,149,82,25.08
6386,21.5039,,149,82,25.64
6387,21.5083,,149,82,26.2
6388,21.5124,,149,81.8,26.72
6389,21.5165,,149,81.6,27.24
6390,21.5206,,149,81.4,27.76
6391,21.5246,,149,81.2,28.28
6392,21.5287,,149,81,28.8
6393,21.5323,,149.167,81.1667,29.1667
6394,21.536,,149.333,81.3333,29.5333
6395,21.5396,,149.5,81.5,29.9
6396,21.5432,,149.667,81.6667,30.2667
6397,21.5468,,149.833,81.8333,30.6333
6398,21.5504,,150,82,31
6399,21.5532,,149.875,82,30.55
6400,21.556,,149.75,82,30.1
6401,21.5588,,149.625,82,29.65
6402,21.5616,,149.5,82,29.2
6403,21.5644,,149.375,82,28.75
6404,21.5671,,149.25,82,28.3
6405,21.5699,,149.125,82,27.85
6406,21.5727,,149,82,27.4
6407,21.5759,,149.143,82,27.0857
6408,21.5791,,149.286,82,26.7714
6409,21.5823,,149.429,82,26.4571
6410,21.5855,,149.571,82,26.1429
6411,21.5887,,149.714,82,25.8286
6412,21.5919,,149.857,82,25.5143
6413,21.5951,,150,82,25.2
6414,21.5984,,150,81.8571,25.1143
6415,21.6017,,150,81.7143,25.0286
6416,21.6049,,150,81.5714,24.9429
6417,21.6082,,150,81.4286,24.8571
6418,21.6115,,150,81.2857,24.7714
6419,21.6147,,150,81.1429,24.6857
6420,21.618,,150,81,24.6
6421,21.622,,150,81.1667,24.5333
6422,21.626,,150,81.3333,24.4667
6423,21.6299,,150,81.5,24.4
6424,21.6339,,150,81.6667,24.3333
6425,21.6379,,150,81.8333,24.2667
6426,21.6419,,150,82,24.2
6427,21.6461,,150,82,24.24
6428,21.6503,,150,82,24.28
6429,21.6545,,150,82,24.32
6430,21.6588,,150,82,24.36
6431,21.663,,150,82,24.4
6432,21.6668,,150,82,24.5333
6433,21.6707,,150,82,24.6667
6434,21.6745,,150,82,24.8
6435,21.6784,,150,82,24.9333
6436,21.6822,,150,82,25.0667
6437,21.6861,,150,82,25.2
6438,21.6898,,150,82,25.3333
6439,21.6934,,150,82,25.4667
6440,21.6971,,150,82,25.6
6441,21.7008,,150,82,25.7333
6442,21.7044,,150,82,25.8667
6443,21.7081,,150,82,26
6444,21.7117,,150,82,26.2
6445,21.7153,,150,82,26.4
6446,21.7189,,150,82,26.6
6447,21.7225,,150,82,26.8
6448,21.7261,,150,82,27
6449,21.7296,,150,82,27.2
6450,21.7338,,150,82,27.52
6451,21.7379,,150,82,27.84
6452,21.7421,,150,82,28.16
6453,21.7462,,150,82,28.48
6454,21.7504,,150,82,28.8
6455,21.7542,,150.167,82,28.8
6456,21.758,,150.333,82,28.8
6457,21.7618,,150.5,82,28.8
6458,21.7657,,150.667,82,28.8
6459,21.7695,,150.833,82,28.8
6460,21.7733,,151,82,28.8
6461,21.777,,151,82,28.7667
6462,21.7807,,151,82,28.7333
6463,21.7844,,151,82,28.7
6464,21.7882,,151,82,28.6667
6465,21.7919,,151,82,28.6333
6466,21.7956,,151,82,28.6
6467,21.799,,151,82,28.8
6468,21.8025,,151,82,29
6469,21.8059,,151,82,29.2
6470,21.8094,,150.833,81.8333,28.9
6471,21.8128,,150.667,81.6667,28.6
6472,21.8163,,150.5,81.5,28.3
6473,21.8197,,150.333,81.3333,28
6474,21.8232,,150.167,81.1667,27.7
6475,21.8266,,150,81,27.4
6476,21.8299,,150,81.2,26.76
6477,21.8331,,150,81.4,26.12
6478,21.8363,,150,81.6,25.48
6479,21.8395,,150,81.8,24.84
6480,21.8427,,150,82,24.2
6481,21.8455,,150,81.875,24.125
6482,21.8482,,150,81.75,24.05
6483,21.851,,150,81.625,23.975
6484,21.8538,,150,81.5,23.9
6485,21.8565,,150,81.375,23.825
6486,21.8593,,150,81.25,23.75
6487,21.8621,,150,81.125,23.675
6488,21.8648,,150,81,23.6
6489,21.8673,,150,81,23.4
6490,21.8698,,150,81,23.2
6491,21.8723,,150,81,23
6492,21.8748,,150,81,22.8
6493,21.8773,,150,81,22.6
6494,21.8798,,150,81,22.4
6495,21.8823,,150,81,22.2
6496,21.8848,,150,81,22
6497,21.8874,,150,81,21.8
6498,21.8902,,150,81,21.625
6499,21.893,,150,81,21.45
6500,21.8958,,150,81,21.275
6501,21.8986,,150,81,21.1
6502,21.9014,,150,81,20.925
6503,21.9042,,150,81,20.75
6504,21.907,,150,81,20.575
6505,21.9099,,150,81,20.4
6506,21.912,,149.6,77,20.4
6507,21.9142,,149.2,73,20.4
6508,21.9164,,148.8,69,20.4
6509,21.9186,,148.4,65,20.4
6510,21.9208,,148,61,20.4
