secs,km,power,hr,cad,alt
0,0,,79,,282.6
1,0.00104,,79,,282.6
2,0.00226,,80,,282.6
3,0.00473,,81,,282.8
4,0.00764,,82,,282.8
5,0.01047,,82,,283
6,0.01349,,83,,283.2
7,0.01637,,85,,283.4
8,0.0189,,88,,283.6
9,0.02137,,92,,283.6
10,0.02406,,93,,283.8
11,0.02664,,94,,284.2
12,0.02929,,97,,284.2
13,0.03193,,99,,284.4
14,0.03415,,101,,284.2
15,0.03637,,102,,284.4
16,0.03887,,104,,284.6
17,0.04123,,105,,284.8
18,0.04366,,107,,285
19,0.04612,,108,,285.4
20,0.04842,,109,,285.2
21,0.05076,,110,,285.2
22,0.05333,,111,,285.4
23,0.05581,,111,,285.4
24,0.05828,,112,,285.8
25,0.06073,,113,,286
26,0.06284,,114,,286
27,0.06484,,115,,286.2
28,0.06686,,116,,286.4
29,0.06889,,117,,286.4
30,0.07119,,118,,286.8
31,0.07366,,118,,287
32,0.07587,,119,,287.4
33,0.07793,,120,,287.4
34,0.08016,,121,,287.6
35,0.08274,,121,,288
36,0.08522,,122,,288
37,0.08771,,123,,288
38,0.09046,,124,,288.4
39,0.09305,,124,,288.6
40,0.0955,,124,,288.6
41,0.09818,,124,,288.4
42,0.10091,,123,,288.4
43,0.10367,,124,,288.4
44,0.10663,,124,,288.8
45,0.10925,,125,,289
46,0.11184,,125,,288.8
47,0.11448,,125,,288.6
48,0.11706,,126,,288.6
49,0.11957,,126,,288.4
50,0.12215,,127,,288.4
51,0.12458,,127,,288
52,0.12702,,127,,288.2
53,0.12986,,128,,288.4
54,0.13291,,129,,288.2
55,0.1356,,129,,288.2
56,0.13825,,130,,288
57,0.14085,,130,,288
58,0.14377,,130,,288
59,0.14639,,131,,288.2
60,0.14923,,131,,288.4
61,0.15221,,131,,288.2
62,0.15509,,131,,288.2
63,0.15827,,132,,288
64,0.16162,,132,,288
65,0.16503,,132,,288.2
66,0.16822,,132,,288.4
67,0.17136,,132,,288.4
68,0.17462,,132,,288.4
69,0.17816,,132,,288.2
70,0.18137,,133,,288.4
71,0.18452,,133,,288.4
72,0.1875,,132,,288.4
73,0.19041,,133,,288.4
74,0.19301,,133,,288.8
75,0.19594,,133,,289
76,0.19907,,133,,289
77,0.20197,,133,,288.8
78,0.20504,,133,,289
79,0.20801,,133,,289
80,0.21108,,133,,288.8
81,0.21412,,133,,288.8
82,0.21699,,133,,289
83,0.22007,,133,,289
84,0.22349,,133,,289.2
85,0.22645,,134,,289.4
86,0.22897,,133,,289.4
87,0.2317,,133,,289.4
88,0.23451,,134,,289.8
89,0.23748,,133,,289.6
90,0.24066,,134,,290
91,0.24391,,133,,289.8
92,0.24721,,134,,290
93,0.25041,,134,,290
94,0.25369,,134,,290.2
95,0.25692,,134,,290.4
96,0.26005,,134,,290.6
97,0.26286,,134,,290.8
98,0.26605,,135,,290.8
99,0.26909,,135,,291
100,0.27228,,135,,291.2
101,0.2762,,135,,291.2
102,0.27983,,135,,291.4
103,0.28291,,135,,291.6
104,0.28621,,135,,291.4
105,0.28976,,135,,291.4
106,0.29311,,135,,291.4
107,0.29644,,135,,291.4
108,0.29994,,135,,291.6
109,0.30286,,135,,291.2
110,0.30587,,134,,291.2
111,0.30911,,134,,291
112,0.31221,,134,,290.8
113,0.31556,,133,,290.6
114,0.31895,,133,,290.6
115,0.322,,132,,290.2
116,0.32462,,132,,290.2
117,0.3274,,132,,289.8
118,0.33045,,131,,289.6
119,0.33326,,131,,289.2
120,0.33637,,131,,289.2
121,0.33971,,130,,289
122,0.34325,,130,,289
123,0.34713,,130,,289
124,0.35084,,130,,289
125,0.3543,,130,,289.2
126,0.35768,,129,,289
127,0.36125,,129,,289.4
128,0.36495,,129,,289.2
129,0.36807,,129,,289.4
130,0.37108,,129,,289.2
131,0.37449,,129,,289.4
132,0.37766,,129,,289.4
133,0.38076,,129,,289.2
134,0.38398,,129,,289.4
135,0.3875,,129,,289.4
136,0.39117,,129,,289.4
137,0.39447,,129,,289.4
138,0.39822,,129,,289.4
139,0.40175,,129,,289.2
140,0.4049,,130,,289
141,0.40787,,130,,289.2
142,0.41104,,130,,289.2
143,0.41417,,129,,289
144,0.41747,,130,,289
145,0.42075,,130,,289
146,0.42392,,130,,289.4
147,0.427,,130,,289.2
148,0.43012,,131,,289.4
149,0.43325,,131,,289.6
150,0.43693,,131,,289.4
151,0.44033,,131,,289.4
152,0.44373,,132,,289.4
153,0.4473,,132,,289.2
154,0.45063,,132,,288.8
155,0.45401,,133,,288.6
156,0.45753,,132,,288.4
157,0.46102,,132,,288.2
158,0.46543,,132,,288
159,0.46982,,132,,287.8
160,0.47362,,132,,287.4
161,0.47747,,132,,287
162,0.48151,,131,,286.6
163,0.48529,,131,,286.6
164,0.4889,,131,,286
165,0.49252,,130,,285.8
166,0.49599,,129,,285.4
167,0.49918,,129,,285.2
168,0.50222,,128,,284.8
169,0.5053,,128,,284.4
170,0.50838,,127,,284
171,0.51142,,127,,284
172,0.51465,,127,,283.8
173,0.51794,,127,,283.8
174,0.52087,,127,,284
175,0.52403,,127,,284
176,0.52725,,126,,283.8
177,0.53025,,125,,283.8
178,0.53343,,124,,283.8
179,0.53683,,123,,283.8
180,0.54021,,121,,283.8
181,0.54339,,120,,284
182,0.54709,,120,,283.8
183,0.55066,,120,,283.8
184,0.5543,,121,,283.6
185,0.55782,,122,,283.6
186,0.56088,,123,,283.6
187,0.56415,,124,,283.4
188,0.56764,,125,,283.4
189,0.57099,,125,,283.4
190,0.57432,,126,,283.4
191,0.57755,,126,,283.2
192,0.58101,,127,,283
193,0.58438,,127,,282.8
194,0.58779,,128,,282.8
195,0.59127,,128,,282.6
196,0.59478,,128,,282.4
197,0.59803,,128,,282.2
198,0.60164,,128,,282
199,0.60501,,128,,281.6
200,0.60836,,127,,281.4
201,0.61191,,127,,281.2
202,0.61579,,127,,281
203,0.61935,,127,,280.6
204,0.62327,,127,,280.2
205,0.62672,,127,,280
206,0.63019,,128,,280
207,0.63354,,128,,280
208,0.6367,,128,,279.8
209,0.64004,,128,,279.8
210,0.64352,,129,,280.4
211,0.64659,,129,,280.4
212,0.64923,,129,,280.4
213,0.65198,,130,,280.6
214,0.65467,,130,,280.4
215,0.65747,,130,,280.4
216,0.66041,,131,,280.4
217,0.66297,,131,,280.2
218,0.66547,,132,,280.2
219,0.66855,,132,,280
220,0.67125,,132,,279.8
221,0.67501,,133,,280
222,0.67905,,133,,280.2
223,0.68226,,133,,280.2
224,0.68524,,133,,280.4
225,0.68814,,133,,280.6
226,0.69136,,133,,280.6
227,0.6943,,134,,280.8
228,0.69752,,134,,281.2
229,0.70041,,134,,281.2
230,0.70354,,135,,281.6
231,0.70724,,135,,281.8
232,0.71069,,135,,281.8
233,0.71383,,135,,281.8
234,0.71708,,136,,281.8
235,0.72032,,136,,282.2
236,0.72335,,136,,282.4
237,0.72617,,137,,282.4
238,0.72886,,137,,282.6
239,0.73206,,137,,282.8
240,0.73488,,137,,283
241,0.73785,,138,,282.8
242,0.7407,,138,,282.8
243,0.74354,,138,,282.8
244,0.74617,,138,,282.8
245,0.74919,,138,,282.8
246,0.75232,,138,,282.8
247,0.75535,,138,,282.8
248,0.75853,,138,,283
249,0.76144,,138,,283
250,0.76477,,138,,283
251,0.76814,,138,,283
252,0.77166,,138,,283
253,0.77516,,138,,283.2
254,0.77862,,138,,282.8
255,0.78204,,138,,282.8
256,0.78575,,138,,282.6
257,0.78967,,139,,282.6
258,0.79357,,139,,282.4
259,0.7974,,139,,282.4
260,0.80099,,139,,282.4
261,0.80433,,139,,282.2
262,0.80747,,139,,282
263,0.81073,,139,,282
264,0.81415,,140,,282.2
265,0.81762,,140,,282.6
266,0.82074,,140,,282.2
267,0.82319,,140,,282
268,0.82596,,140,,282.4
269,0.82893,,140,,282.6
270,0.83175,,140,,282.4
271,0.8343,,140,,282.4
272,0.83659,,140,,282.4
273,0.83917,,140,,282.6
274,0.84216,,140,,283.2
275,0.84537,,140,,283
276,0.84859,,141,,283.2
277,0.85152,,141,,283.4
278,0.85479,,141,,283.4
279,0.85799,,141,,284
280,0.86124,,141,,284
281,0.86441,,141,,284
282,0.86733,,141,,284.2
283,0.87086,,141,,284.2
284,0.87437,,141,,284.4
285,0.8776,,141,,284.4
286,0.88087,,141,,284.6
287,0.88412,,141,,284.8
288,0.88794,,141,,285
289,0.89092,,141,,284.8
290,0.89414,,141,,285
291,0.89747,,140,,285
292,0.90079,,140,,285.2
293,0.9042,,140,,284.8
294,0.90762,,140,,284.8
295,0.91117,,139,,284.8
296,0.91451,,139,,284.6
297,0.91796,,139,,284.4
298,0.92144,,139,,284.2
299,0.92483,,138,,284.6
300,0.92815,,138,,283.8
301,0.93139,,138,,283.6
302,0.93456,,137,,283.4
303,0.93796,,137,,283.4
304,0.94178,,137,,283.8
305,0.94576,,137,,283.6
306,0.94929,,137,,283.6
307,0.95282,,137,,283.8
308,0.95637,,137,,283.4
309,0.96005,,137,,283.6
310,0.96353,,138,,283.4
311,0.96641,,138,,283.6
312,0.96907,,138,,283.8
313,0.97203,,137,,284
314,0.97514,,138,,284.2
315,0.97837,,138,,284.2
316,0.98144,,138,,284.2
317,0.98435,,139,,284.4
318,0.98731,,139,,284.6
319,0.99033,,139,,284.4
320,0.99289,,139,,284.8
321,0.99578,,139,,285
322,0.99884,,139,,285
323,1.00186,,139,,285
324,1.00488,,139,,285.2
325,1.00768,,139,,285.4
326,1.01036,,139,,285.6
327,1.01292,,139,,285.6
328,1.01557,,139,,286
329,1.0184,,139,,286
330,1.02108,,140,,286.2
331,1.02359,,140,,286.2
332,1.02646,,140,,286.2
333,1.0292,,140,,286.2
334,1.03223,,140,,286.2
335,1.03504,,140,,286
336,1.03837,,140,,285.8
337,1.04132,,139,,285.6
338,1.04423,,139,,285.4
339,1.04723,,139,,285.2
340,1.04995,,139,,285.2
341,1.05276,,138,,285.4
342,1.05556,,138,,285.4
343,1.05848,,138,,285.4
344,1.06094,,137,,285
345,1.06353,,137,,284.8
346,1.06545,,136,,285
347,1.06625,,135,,285
348,1.06825,,135,,285.2
349,1.07002,,134,,285.2
350,1.07187,,134,,285.6
351,1.07408,,134,,285.8
352,1.07642,,134,,286
353,1.07887,,135,,286.2
354,1.08141,,135,,286
355,1.08352,,135,,286.2
356,1.0856,,136,,286.4
357,1.08803,,137,,286.6
358,1.0906,,138,,286.8
359,1.09327,,138,,287
360,1.09584,,138,,287
361,1.09883,,138,,286.8
362,1.10252,,139,,286.8
363,1.10536,,138,,286.4
364,1.10853,,138,,286.2
365,1.1116,,138,,286.2
366,1.11461,,137,,286.8
367,1.11799,,137,,286.2
368,1.12095,,136,,285.6
369,1.12511,,135,,285.4
370,1.12877,,134,,285.2
371,1.13248,,134,,285.2
372,1.1362,,133,,285
373,1.13979,,132,,285.2
374,1.14312,,131,,285
375,1.14624,,130,,285
376,1.14931,,129,,285.4
377,1.15246,,128,,285.4
378,1.15568,,127,,285
379,1.15905,,127,,284.8
380,1.16259,,128,,285
381,1.16575,,128,,284.6
382,1.16865,,130,,284.2
383,1.17186,,131,,283.8
384,1.17513,,132,,283.8
385,1.17839,,132,,283.8
386,1.18162,,133,,284
387,1.1853,,134,,284.2
388,1.18869,,134,,283.8
389,1.19255,,134,,283.8
390,1.19591,,135,,284.2
391,1.19924,,135,,284.6
392,1.20275,,136,,284.6
393,1.20548,,136,,284.8
394,1.20848,,137,,284.8
395,1.21153,,137,,284.6
396,1.21482,,138,,284.8
397,1.21803,,138,,285.2
398,1.22142,,138,,285.4
399,1.22444,,138,,285.2
400,1.22789,,139,,285.4
401,1.23105,,139,,285.2
402,1.23449,,139,,285
403,1.23793,,139,,285
404,1.24128,,139,,285
405,1.24511,,139,,285.2
406,1.24897,,139,,285
407,1.25244,,139,,284.8
408,1.2556,,139,,284.6
409,1.25862,,139,,284.8
410,1.26128,,139,,285
411,1.26366,,138,,285
412,1.26598,,139,,284.8
413,1.26851,,139,,284.6
414,1.2707,,139,,284.4
415,1.27281,,139,,284.4
416,1.27479,,139,,284.2
417,1.2769,,140,,284
418,1.27872,,139,,283.8
419,1.28123,,139,,283.4
420,1.28388,,139,,282.8
421,1.28722,,139,,282.8
422,1.29062,,139,,282.6
423,1.29411,,138,,282.8
424,1.29716,,139,,283
425,1.30003,,138,,282.8
426,1.3033,,138,,282.4
427,1.30675,,138,,282.4
428,1.31032,,137,,282.4
429,1.31341,,137,,282.6
430,1.31729,,137,,282.8
431,1.32097,,137,,282.8
432,1.32578,,137,,282.8
433,1.32994,,137,,283
434,1.3338,,138,,283
435,1.3371,,138,,283.2
436,1.34118,,138,,283.2
437,1.34517,,138,,283
438,1.34894,,138,,283
439,1.35277,,138,,283.2
440,1.35624,,138,,283.2
441,1.35971,,138,,283.2
442,1.36271,,138,,283
443,1.3663,,138,,283
444,1.37042,,138,,283.2
445,1.37437,,138,,283.2
446,1.37822,,138,,283.2
447,1.38247,,138,,283
448,1.38653,,139,,283
449,1.39026,,139,,283
450,1.39428,,139,,283
451,1.39801,,139,,283.2
452,1.40197,,139,,283
453,1.40542,,139,,282.8
454,1.40859,,139,,282.6
455,1.41176,,139,,282.4
456,1.41506,,139,,282.2
457,1.41818,,139,,282.2
458,1.42126,,139,,281.8
459,1.42416,,139,,281.6
460,1.42711,,139,,281.4
461,1.43019,,139,,281.4
462,1.4334,,139,,281.2
463,1.43656,,139,,281.2
464,1.43975,,138,,281
465,1.44311,,138,,280.8
466,1.44636,,138,,280.8
467,1.44948,,139,,280.6
468,1.45248,,138,,280.6
469,1.45543,,138,,280.8
470,1.45783,,138,,280.6
471,1.46058,,138,,280.4
472,1.46362,,138,,280.4
473,1.46687,,138,,280.6
474,1.47039,,137,,280.2
475,1.47497,,137,,280
476,1.47832,,137,,280.2
477,1.48266,,138,,280.2
478,1.486,,138,,280.2
479,1.4894,,137,,280.2
480,1.49264,,137,,280
481,1.49604,,137,,280.2
482,1.49984,,138,,280.2
483,1.50311,,138,,280.4
484,1.50709,,138,,280.8
485,1.51042,,138,,281
486,1.5153,,139,,281
487,1.51932,,139,,281.4
488,1.52395,,140,,281.4
489,1.52741,,140,,281.6
490,1.53094,,141,,282
491,1.53498,,141,,282.2
492,1.53847,,142,,282.2
493,1.54173,,142,,282.4
494,1.54537,,143,,282.4
495,1.54869,,143,,282.6
496,1.55209,,144,,282.8
497,1.55629,,144,,283
498,1.55964,,144,,283
499,1.56263,,145,,283.4
500,1.56613,,145,,283.2
501,1.56927,,145,,283.2
502,1.57259,,145,,283.2
503,1.57569,,145,,283.2
504,1.57877,,145,,283.4
505,1.58214,,145,,283.4
506,1.58502,,145,,283.6
507,1.58794,,145,,283.6
508,1.59072,,145,,283.8
509,1.59345,,145,,283.8
510,1.59617,,146,,284
511,1.59904,,146,,284.2
512,1.60197,,145,,284.2
513,1.60467,,145,,284.2
514,1.60746,,146,,284.2
515,1.60986,,146,,284.2
516,1.61189,,145,,284.6
517,1.61352,,146,,284.4
518,1.61528,,146,,284.2
519,1.61738,,146,,284.2
520,1.61971,,145,,284.2
521,1.62209,,146,,284.4
522,1.62463,,145,,284.6
523,1.62743,,145,,284.8
524,1.63051,,146,,285
525,1.6339,,146,,285.2
526,1.63682,,146,,285.6
527,1.63992,,146,,286.4
528,1.64324,,146,,286.6
529,1.64634,,146,,287
530,1.64964,,147,,286.8
531,1.65312,,147,,287
532,1.65641,,147,,287.6
533,1.65975,,148,,287.8
534,1.66309,,148,,288
535,1.66581,,149,,288.4
536,1.66908,,149,,288.4
537,1.67246,,149,,288.6
538,1.67561,,149,,288.8
539,1.67884,,149,,289
540,1.6817,,150,,289.2
541,1.68477,,150,,289.4
542,1.68802,,150,,289.4
543,1.69118,,150,,289.8
544,1.69443,,150,,289.8
545,1.69756,,150,,289.8
546,1.70071,,150,,290
547,1.70394,,150,,290
548,1.70722,,151,,289.8
549,1.71053,,150,,289.8
550,1.71386,,151,,289.6
551,1.7171,,150,,289.6
552,1.72099,,151,,289.6
553,1.7248,,150,,289.6
554,1.72889,,150,,290
555,1.73259,,150,,289.8
556,1.73612,,150,,289.8
557,1.73995,,150,,289.8
558,1.74335,,149,,289.6
559,1.74652,,149,,289.6
560,1.7498,,149,,289.6
561,1.75294,,148,,289.6
562,1.75593,,147,,289.6
563,1.75911,,146,,289.4
564,1.76227,,146,,289.4
565,1.76549,,145,,289.2
566,1.7688,,145,,289.2
567,1.77218,,145,,289.2
568,1.7756,,145,,289.2
569,1.779,,146,,289.2
570,1.78234,,145,,289.2
571,1.78566,,145,,289.2
572,1.7891,,146,,289.4
573,1.79262,,146,,289.2
574,1.79609,,146,,289.6
575,1.79957,,146,,289.6
576,1.80272,,147,,289.6
577,1.80588,,147,,289.8
578,1.80889,,147,,290
579,1.8121,,148,,290.2
580,1.81507,,148,,290.4
581,1.81821,,148,,290.6
582,1.82133,,148,,290.8
583,1.82433,,148,,291
584,1.82774,,149,,291.4
585,1.83095,,149,,291.6
586,1.83452,,149,,292
587,1.83765,,149,,292.2
588,1.84069,,149,,292.2
589,1.84379,,149,,292
590,1.84712,,149,,292
591,1.85077,,149,,292
592,1.85404,,149,,291.8
593,1.85731,,149,,291.6
594,1.86093,,149,,291.6
595,1.86442,,149,,291.4
596,1.86763,,148,,291.4
597,1.87096,,148,,291
598,1.87444,,147,,291
599,1.87785,,147,,290.8
600,1.88138,,146,,290.6
601,1.88497,,146,,290.4
602,1.88826,,145,,290.4
603,1.89184,,144,,290.2
604,1.89562,,145,,290
605,1.89919,,144,,290
606,1.9028,,144,,289.8
607,1.90609,,143,,289.8
608,1.90919,,143,,289.6
609,1.91233,,142,,289.6
610,1.91539,,142,,289.4
611,1.91866,,141,,289.4
612,1.92196,,141,,289.2
613,1.92506,,141,,289.2
614,1.92841,,140,,289
615,1.93169,,140,,289.2
616,1.93478,,140,,289
617,1.93768,,140,,288.8
618,1.94053,,139,,288.8
619,1.94375,,139,,288.8
620,1.947,,139,,288.8
621,1.95005,,138,,288.6
622,1.95331,,139,,288.6
623,1.95673,,138,,288.8
624,1.95985,,138,,288.8
625,1.96297,,138,,288.8
626,1.96569,,138,,288.6
627,1.96828,,138,,288.6
628,1.97127,,138,,288.6
629,1.97466,,138,,288.8
630,1.97808,,138,,288.8
631,1.98149,,138,,288.8
632,1.98489,,138,,288.6
633,1.98792,,138,,288.4
634,1.99092,,138,,288.2
635,1.99425,,139,,288.4
636,1.99769,,138,,288.4
637,2.00121,,139,,288.6
638,2.00426,,138,,289
639,2.00779,,139,,289
640,2.01038,,139,,289.2
641,2.01248,,139,,289.4
642,2.01458,,139,,289.8
643,2.0167,,139,,289.8
644,2.01887,,140,,290
645,2.02129,,140,,290
646,2.02395,,140,,290
647,2.02695,,141,,290.2
648,2.02978,,142,,290.4
649,2.03205,,142,,290.6
650,2.03436,,142,,291
651,2.03674,,142,,291
652,2.03933,,143,,291.2
653,2.04208,,143,,291.4
654,2.04497,,143,,291.8
655,2.0476,,144,,291.8
656,2.05032,,144,,292.2
657,2.05315,,144,,292.4
658,2.05588,,145,,292.6
659,2.0586,,145,,292.8
660,2.06128,,145,,293
661,2.06407,,145,,293.4
662,2.06678,,146,,293.6
663,2.06945,,146,,293.8
664,2.07175,,147,,294
665,2.07432,,147,,294.4
666,2.07681,,147,,294.6
667,2.07928,,147,,295
668,2.08154,,148,,295.4
669,2.08381,,148,,295.6
670,2.08666,,148,,295.6
671,2.08967,,149,,296
672,2.09222,,149,,296
673,2.09434,,150,,296.4
674,2.09702,,150,,296.8
675,2.09978,,150,,297
676,2.10224,,150,,297.4
677,2.10463,,150,,297.4
678,2.1072,,151,,297.6
679,2.10982,,151,,298.2
680,2.11245,,151,,298.2
681,2.11529,,151,,298.4
682,2.11795,,151,,298.6
683,2.12061,,151,,299
684,2.12314,,152,,299.4
685,2.12555,,152,,299.6
686,2.12788,,152,,299.8
687,2.13053,,152,,299.8
688,2.13301,,152,,300.4
689,2.13525,,152,,300.6
690,2.13736,,153,,300.6
691,2.13956,,153,,301.2
692,2.14145,,153,,301.4
693,2.14372,,153,,301.4
694,2.14638,,153,,302
695,2.14882,,153,,302
696,2.15134,,153,,302.2
697,2.15376,,153,,302.8
698,2.1564,,153,,302.8
699,2.15923,,153,,303.2
700,2.16174,,152,,303.2
701,2.16478,,152,,303.4
702,2.16806,,152,,303.4
703,2.17081,,152,,303.8
704,2.17401,,152,,303.8
705,2.17738,,152,,304.4
706,2.18048,,152,,304.4
707,2.18358,,152,,304.4
708,2.18645,,152,,304.6
709,2.18924,,152,,304.6
710,2.19242,,152,,304.6
711,2.19548,,151,,304.6
712,2.19848,,151,,304.8
713,2.20187,,151,,305
714,2.20508,,151,,305.4
715,2.20813,,151,,305.6
716,2.21144,,151,,305.8
717,2.21446,,151,,306
718,2.21719,,150,,306
719,2.22021,,150,,306.2
720,2.22301,,151,,306.4
721,2.22576,,150,,306.4
722,2.22871,,151,,306.6
723,2.23172,,150,,306.8
724,2.23462,,151,,307
725,2.23726,,151,,307.2
726,2.2399,,151,,307.6
727,2.24251,,151,,307.8
728,2.24493,,151,,308.4
729,2.24758,,151,,308.4
730,2.25043,,151,,308.8
731,2.2529,,151,,309
732,2.25532,,152,,309.2
733,2.25779,,152,,309.6
734,2.25996,,152,,310.2
735,2.2622,,152,,310.4
736,2.26459,,152,,310.6
737,2.26689,,153,,311
738,2.26914,,153,,311.6
739,2.27152,,153,,311.8
740,2.27374,,153,,312
741,2.2762,,153,,312.4
742,2.27885,,153,,312.6
743,2.28106,,154,,313.2
744,2.2831,,154,,313.4
745,2.28582,,154,,313.6
746,2.28829,,154,,313.8
747,2.29041,,155,,314
748,2.29292,,155,,314.2
749,2.2954,,155,,314.4
750,2.29789,,155,,314.4
751,2.30026,,155,,314.6
752,2.30267,,156,,315.2
753,2.3047,,156,,315.2
754,2.30665,,156,,315.4
755,2.30899,,156,,315.6
756,2.31124,,156,,315.8
757,2.31366,,156,,316.2
758,2.31604,,156,,316.4
759,2.31789,,155,,316.6
760,2.32045,,155,,317
761,2.32319,,155,,317.2
762,2.32538,,155,,317.4
763,2.32757,,155,,318
764,2.32998,,154,,318
765,2.33233,,154,,318.4
766,2.33459,,154,,318.6
767,2.33692,,154,,319.4
768,2.33924,,154,,319.8
769,2.3415,,154,,319.8
770,2.34472,,154,,320.2
771,2.34785,,154,,320.4
772,2.35041,,154,,320.6
773,2.35305,,154,,320.8
774,2.35554,,154,,321
775,2.35759,,154,,321
776,2.36009,,153,,321.4
777,2.36283,,153,,321.6
778,2.36541,,153,,321.6
779,2.36864,,153,,321.8
780,2.37186,,153,,322
781,2.37426,,153,,322.4
782,2.37677,,153,,322.6
783,2.37955,,153,,323
784,2.38204,,152,,323
785,2.38462,,152,,323
786,2.38783,,152,,323.4
787,2.39089,,152,,323.6
788,2.39327,,152,,323.6
789,2.39586,,152,,323.6
790,2.3986,,152,,323.8
791,2.40099,,153,,324
792,2.40346,,153,,324.2
793,2.4062,,152,,324.6
794,2.4088,,153,,324.8
795,2.41146,,153,,325.2
796,2.41379,,153,,325.4
797,2.41576,,152,,325.6
798,2.41793,,152,,325.8
799,2.42023,,153,,326.2
800,2.42242,,153,,326.6
801,2.42447,,153,,327
802,2.4267,,152,,327.2
803,2.4287,,152,,327.6
804,2.43082,,153,,327.8
805,2.4335,,153,,328
806,2.4357,,153,,328.2
807,2.43812,,153,,328.4
808,2.44086,,153,,329.2
809,2.44334,,153,,329.2
810,2.44534,,152,,329.2
811,2.448,,153,,329.6
812,2.4506,,153,,330
813,2.45302,,153,,330
814,2.45573,,153,,330.6
815,2.45831,,153,,331
816,2.46049,,153,,331
817,2.46329,,153,,331.2
818,2.46627,,153,,331.4
819,2.46854,,153,,331.8
820,2.47112,,153,,332
821,2.4741,,153,,332.2
822,2.47648,,153,,332.4
823,2.47924,,154,,332.6
824,2.48242,,153,,332.6
825,2.48481,,154,,333
826,2.48706,,154,,333
827,2.48965,,154,,333.2
828,2.49235,,154,,333.4
829,2.49546,,153,,333.6
830,2.49851,,153,,333.8
831,2.50115,,153,,334
832,2.50386,,153,,334.2
833,2.507,,154,,334.2
834,2.50988,,154,,334.4
835,2.51228,,154,,334.6
836,2.51559,,154,,334.6
837,2.51891,,154,,334.8
838,2.52158,,154,,335
839,2.5246,,154,,335
840,2.52778,,154,,335.4
841,2.53049,,154,,335.4
842,2.53311,,154,,335.6
843,2.5358,,154,,335.8
844,2.53815,,154,,336
845,2.54089,,153,,336.2
846,2.54347,,153,,336.4
847,2.54602,,153,,336.4
848,2.54861,,152,,336.6
849,2.5511,,152,,336.6
850,2.55383,,152,,337
851,2.55693,,152,,337.2
852,2.55984,,151,,337.4
853,2.56278,,151,,337.6
854,2.56582,,151,,337.8
855,2.56839,,151,,338
856,2.5708,,151,,338.2
857,2.57352,,151,,338.4
858,2.57619,,152,,338.8
859,2.57876,,152,,339
860,2.58139,,152,,339.2
861,2.58375,,152,,339.2
862,2.58595,,152,,339.6
863,2.58842,,152,,340
864,2.59084,,152,,340.2
865,2.59345,,152,,340.2
866,2.59618,,152,,340.6
867,2.59893,,152,,340.8
868,2.60153,,152,,341.2
869,2.60449,,152,,341.6
870,2.60738,,153,,341.6
871,2.60975,,152,,341.8
872,2.61213,,152,,342
873,2.61484,,153,,342.4
874,2.6176,,153,,342.8
875,2.62046,,153,,342.8
876,2.62304,,153,,343
877,2.62548,,153,,343.2
878,2.62821,,153,,343.2
879,2.63106,,152,,343.2
880,2.63403,,152,,343.2
881,2.63728,,152,,343.4
882,2.63963,,152,,343.6
883,2.64227,,152,,343.8
884,2.64509,,152,,344
885,2.64735,,152,,344.2
886,2.65002,,151,,344.2
887,2.6529,,151,,344.2
888,2.65543,,152,,344.6
889,2.65825,,152,,345
890,2.66141,,152,,345
891,2.66441,,151,,344.8
892,2.66752,,151,,344.8
893,2.67061,,151,,344.8
894,2.67386,,151,,345.2
895,2.67717,,150,,345
896,2.68027,,150,,345.2
897,2.68314,,150,,345.4
898,2.68618,,150,,345.6
899,2.6893,,149,,345.6
900,2.69217,,149,,345.6
901,2.69485,,147,,345.6
902,2.69749,,146,,345.8
903,2.70028,,146,,346
904,2.7032,,145,,346.2
905,2.70561,,144,,346.6
906,2.70834,,145,,346.6
907,2.71148,,145,,346.8
908,2.71463,,145,,346.4
909,2.71801,,145,,346
910,2.72156,,146,,345.8
911,2.72522,,146,,345.4
912,2.72851,,146,,345.2
913,2.73196,,147,,345
914,2.73573,,147,,345
915,2.73937,,146,,344.8
916,2.74271,,147,,345
917,2.74641,,147,,345.2
918,2.75027,,147,,344.8
919,2.75401,,148,,344.8
920,2.75772,,147,,344.4
921,2.76138,,147,,344
922,2.76522,,148,,344
923,2.7688,,147,,343.8
924,2.7723,,147,,344
925,2.77568,,147,,344.2
926,2.77885,,147,,344.2
927,2.78197,,147,,344.2
928,2.78509,,147,,344.2
929,2.78821,,147,,344.4
930,2.79137,,147,,344.8
931,2.79448,,147,,344.8
932,2.79752,,147,,344.8
933,2.80043,,147,,345
934,2.80358,,148,,344.8
935,2.80684,,148,,344.8
936,2.81015,,147,,345
937,2.81372,,148,,345
938,2.81738,,148,,344.6
939,2.82088,,148,,344.8
940,2.82464,,148,,344.8
941,2.82811,,148,,345
942,2.83146,,148,,345.2
943,2.83486,,148,,345.4
944,2.83863,,148,,345.6
945,2.84242,,148,,345.6
946,2.84567,,149,,345.8
947,2.84896,,149,,345.8
948,2.85186,,149,,346
949,2.85513,,149,,346.2
950,2.85852,,150,,346.2
951,2.86147,,150,,346.6
952,2.86471,,150,,346.6
953,2.868,,150,,346.8
954,2.87102,,150,,347.2
955,2.87403,,150,,347.2
956,2.877,,150,,347.4
957,2.88003,,150,,347.6
958,2.88304,,151,,347.8
959,2.88579,,151,,348
960,2.88889,,151,,348.2
961,2.89213,,151,,348.2
962,2.89517,,151,,348.6
963,2.89858,,151,,348.8
964,2.90209,,152,,348.6
965,2.90488,,152,,348.8
966,2.90795,,152,,349
967,2.91138,,152,,349
968,2.91448,,152,,349
969,2.91773,,152,,349
970,2.92125,,152,,348.6
971,2.92442,,152,,348.2
972,2.92794,,152,,347.8
973,2.93146,,151,,347.2
974,2.93477,,151,,346.6
975,2.93853,,151,,346.2
976,2.9424,,151,,345.8
977,2.94592,,150,,345.6
978,2.94987,,150,,345.4
979,2.95375,,150,,345.6
980,2.9574,,150,,345.8
981,2.96072,,150,,346
982,2.96412,,150,,346.2
983,2.96739,,150,,346.4
984,2.96985,,150,,346.6
985,2.97262,,150,,346.8
986,2.97551,,150,,347
987,2.97862,,150,,347.4
988,2.98128,,151,,347.6
989,2.98329,,151,,347.8
990,2.9861,,151,,348.2
991,2.98923,,151,,348.6
992,2.9911,,151,,349
993,2.99358,,151,,349.2
994,2.99653,,152,,349.6
995,2.99853,,152,,350
996,3.00051,,152,,350.4
997,3.00287,,152,,350.8
998,3.00495,,153,,351
999,3.00765,,153,,351.4
1000,3.01058,,153,,351.6
1001,3.01289,,153,,351.6
1002,3.01552,,154,,352
1003,3.01859,,154,,352.4
1004,3.02121,,154,,352.6
1005,3.0239,,154,,352.8
1006,3.02688,,154,,353
1007,3.02945,,154,,353
1008,3.0319,,155,,353.4
1009,3.0348,,155,,353.6
1010,3.0376,,155,,353.8
1011,3.04059,,155,,354
1012,3.04355,,155,,354.2
1013,3.04617,,156,,354.4
1014,3.04918,,156,,354.6
1015,3.05249,,156,,354.8
1016,3.05543,,155,,355.2
1017,3.05799,,155,,355.2
1018,3.06043,,155,,355.4
1019,3.06283,,155,,355.6
1020,3.06534,,155,,355.8
1021,3.06791,,155,,356
1022,3.07019,,155,,356
1023,3.07273,,155,,356.4
1024,3.07567,,156,,356.6
1025,3.07829,,156,,356.8
1026,3.08091,,156,,356.8
1027,3.08357,,155,,357
1028,3.08627,,155,,357.2
1029,3.08903,,156,,357.4
1030,3.09164,,155,,357.8
1031,3.09412,,155,,358
1032,3.0967,,155,,358
1033,3.0992,,155,,358.4
1034,3.10162,,156,,358.6
1035,3.10436,,156,,358.8
1036,3.10708,,156,,359.2
1037,3.10951,,155,,359.2
1038,3.11244,,156,,359.6
1039,3.11525,,156,,359.8
1040,3.11799,,156,,360.2
1041,3.12093,,156,,360.4
1042,3.12355,,156,,360.8
1043,3.12638,,156,,360.6
1044,3.12973,,156,,360.8
1045,3.13277,,156,,361
1046,3.1355,,156,,361.4
1047,3.13848,,156,,361.4
1048,3.1412,,156,,361.6
1049,3.14399,,156,,362
1050,3.14708,,156,,361.8
1051,3.15037,,155,,361.6
1052,3.15366,,155,,361.2
1053,3.15699,,154,,361.2
1054,3.16048,,154,,361
1055,3.16444,,154,,360.8
1056,3.16782,,154,,360.6
1057,3.17136,,154,,360.4
1058,3.17526,,153,,360.2
1059,3.17875,,153,,360
1060,3.18238,,153,,359.8
1061,3.18614,,153,,359.6
1062,3.18994,,152,,359.6
1063,3.19339,,152,,359.4
1064,3.19635,,152,,359.4
1065,3.19984,,151,,359.4
1066,3.20408,,151,,359.2
1067,3.20793,,151,,359
1068,3.21128,,150,,358.8
1069,3.21456,,150,,359
1070,3.21771,,150,,358.8
1071,3.22082,,150,,359
1072,3.22389,,150,,359.2
1073,3.22739,,150,,359
1074,3.23128,,150,,359.4
1075,3.23514,,149,,359.4
1076,3.23909,,149,,359.6
1077,3.24241,,149,,359.6
1078,3.24622,,149,,359.8
1079,3.24999,,149,,359.8
1080,3.25356,,149,,360
1081,3.25698,,150,,360
1082,3.26027,,149,,360
1083,3.26355,,150,,360
1084,3.2668,,150,,360
1085,3.26994,,150,,359.8
1086,3.27326,,149,,359.6
1087,3.27644,,150,,359.6
1088,3.27955,,149,,359.6
1089,3.28292,,149,,359.6
1090,3.28573,,149,,359.6
1091,3.28871,,149,,359.8
1092,3.29154,,149,,360
1093,3.29403,,148,,360
1094,3.29664,,148,,360.2
1095,3.29976,,148,,360.2
1096,3.30279,,148,,360.4
1097,3.30584,,148,,360.4
1098,3.30903,,148,,360.4
1099,3.3124,,148,,360.4
1100,3.31563,,148,,360.4
1101,3.31865,,148,,360.4
1102,3.32153,,148,,360.2
1103,3.32467,,148,,359.8
1104,3.32748,,148,,359.4
1105,3.33029,,148,,359.2
1106,3.33334,,148,,359
1107,3.33664,,147,,358.6
1108,3.34016,,147,,358.6
1109,3.3437,,147,,358.4
1110,3.34697,,146,,358.4
1111,3.35038,,147,,358.2
1112,3.3535,,146,,357.8
1113,3.35635,,147,,357.4
1114,3.35936,,146,,357
1115,3.36207,,146,,356.4
1116,3.36459,,146,,356
1117,3.36722,,145,,355.6
1118,3.36988,,145,,355.4
1119,3.3719,,145,,354.6
1120,3.37465,,144,,354.2
1121,3.37827,,144,,354
1122,3.38166,,144,,353.8
1123,3.38529,,143,,353.6
1124,3.38881,,143,,353.2
1125,3.39196,,142,,353
1126,3.39507,,142,,352.8
1127,3.39788,,141,,352.4
1128,3.4004,,140,,351.8
1129,3.40336,,140,,351.8
1130,3.40682,,139,,351.2
1131,3.40994,,139,,350.6
1132,3.41306,,139,,350.2
1133,3.41624,,138,,349.8
1134,3.41933,,137,,349.2
1135,3.4224,,137,,348.6
1136,3.42499,,136,,348.6
1137,3.42736,,136,,348.4
1138,3.43003,,136,,348.4
1139,3.43261,,135,,348.2
1140,3.43516,,135,,347.8
1141,3.43758,,135,,347.4
1142,3.44009,,135,,347
1143,3.44243,,135,,346.6
1144,3.44522,,136,,346.4
1145,3.44802,,136,,346.2
1146,3.45111,,136,,346
1147,3.45415,,136,,345.8
1148,3.45742,,136,,345.8
1149,3.46077,,137,,345.8
1150,3.46405,,136,,345.6
1151,3.46746,,136,,345.6
1152,3.4706,,136,,345.6
1153,3.47322,,136,,345.8
1154,3.47543,,136,,345.8
1155,3.47792,,136,,345.4
1156,3.48074,,136,,345.2
1157,3.48377,,136,,345
1158,3.48753,,137,,344.6
1159,3.49142,,137,,344.4
1160,3.49503,,136,,344.2
1161,3.49885,,137,,343.8
1162,3.50275,,136,,343.6
1163,3.50669,,136,,343.4
1164,3.51108,,136,,343.4
1165,3.51524,,137,,343
1166,3.51919,,137,,343
1167,3.523,,137,,342.8
1168,3.52631,,137,,342.6
1169,3.52976,,137,,342.8
1170,3.53297,,138,,342.6
1171,3.53631,,138,,343.2
1172,3.53965,,138,,343.6
1173,3.54234,,139,,343.8
1174,3.54522,,139,,344.2
1175,3.54816,,139,,344.2
1176,3.55064,,140,,344.4
1177,3.55285,,140,,344.8
1178,3.55533,,140,,345
1179,3.55808,,141,,345.4
1180,3.5612,,141,,345.4
1181,3.56445,,141,,345.6
1182,3.56724,,142,,345.6
1183,3.57044,,143,,345.8
1184,3.57369,,143,,345.8
1185,3.57664,,143,,345.6
1186,3.57984,,144,,345.8
1187,3.58303,,144,,346
1188,3.58549,,145,,346.4
1189,3.58784,,145,,346.4
1190,3.5902,,146,,346.4
1191,3.59256,,146,,346.6
1192,3.59528,,146,,346.8
1193,3.59784,,147,,347
1194,3.60069,,147,,347.2
1195,3.6035,,147,,347.2
1196,3.6061,,148,,347.4
1197,3.60902,,148,,347.6
1198,3.61205,,148,,348.2
1199,3.61465,,149,,348.4
1200,3.61719,,149,,348.2
1201,3.61967,,149,,348.8
1202,3.62192,,150,,349
1203,3.62413,,150,,349.4
1204,3.62664,,151,,349.8
1205,3.62875,,151,,350.2
1206,3.63096,,152,,350.6
1207,3.63361,,152,,350.8
1208,3.6358,,153,,351.2
1209,3.63823,,153,,351.4
1210,3.64057,,154,,351.6
1211,3.64266,,154,,351.8
1212,3.64477,,154,,352.2
1213,3.6474,,155,,352.4
1214,3.64962,,155,,352.4
1215,3.65168,,155,,353
1216,3.65418,,156,,353
1217,3.65654,,156,,353.2
1218,3.65896,,156,,353.4
1219,3.66173,,156,,353.6
1220,3.6642,,156,,353.8
1221,3.66681,,156,,353.8
1222,3.66948,,156,,354.2
1223,3.67225,,157,,354.4
1224,3.67516,,157,,354.8
1225,3.67824,,157,,354.8
1226,3.68066,,157,,355
1227,3.68356,,157,,355.4
1228,3.68627,,158,,355.6
1229,3.6887,,157,,355.8
1230,3.69087,,157,,356
1231,3.69345,,158,,356.4
1232,3.69589,,157,,356.4
1233,3.6982,,158,,357
1234,3.70098,,158,,357.2
1235,3.70321,,157,,357.8
1236,3.70573,,157,,358
1237,3.7089,,157,,358.2
1238,3.71052,,157,,358.4
1239,3.71246,,157,,358.8
1240,3.71473,,157,,359.2
1241,3.71681,,157,,359.4
1242,3.71888,,157,,360.2
1243,3.72132,,157,,360.4
1244,3.72334,,157,,360.6
1245,3.72496,,157,,360.8
1246,3.727,,158,,361.2
1247,3.72945,,158,,361.4
1248,3.73185,,158,,362
1249,3.73401,,158,,362.4
1250,3.73583,,158,,362.8
1251,3.73781,,159,,363.2
1252,3.73979,,159,,363.6
1253,3.74173,,159,,364
1254,3.74367,,159,,364.4
1255,3.7461,,159,,364.4
1256,3.74885,,160,,364.8
1257,3.7509,,160,,364.8
1258,3.75307,,160,,365
1259,3.75554,,160,,365.2
1260,3.7572,,160,,365.6
1261,3.75903,,160,,365.8
1262,3.76115,,160,,366
1263,3.76367,,160,,366.4
1264,3.76596,,160,,366.6
1265,3.76758,,160,,366.8
1266,3.76951,,160,,367
1267,3.77162,,159,,367.2
1268,3.77371,,159,,367.6
1269,3.77556,,159,,368.2
1270,3.77783,,159,,368.4
1271,3.78011,,158,,368.6
1272,3.78179,,158,,369
1273,3.78337,,158,,369
1274,3.7856,,158,,369.6
1275,3.78776,,158,,369.8
1276,3.78948,,158,,370
1277,3.791,,157,,370.2
1278,3.79303,,157,,370.6
1279,3.79491,,158,,370.6
1280,3.79641,,157,,370.8
1281,3.79794,,157,,371.2
1282,3.79997,,157,,371.4
1283,3.80188,,157,,371.8
1284,3.80351,,157,,372.2
1285,3.80527,,157,,372.4
1286,3.80749,,157,,372.8
1287,3.80959,,157,,373
1288,3.81154,,157,,373.2
1289,3.81321,,157,,373.4
1290,3.81497,,157,,374
1291,3.81704,,156,,374
1292,3.81889,,156,,374.6
1293,3.82046,,156,,374.8
1294,3.82197,,156,,375
1295,3.82405,,156,,375.4
1296,3.82643,,156,,375.6
1297,3.82808,,156,,376
1298,3.83005,,156,,376.2
1299,3.83237,,156,,376.4
1300,3.83429,,156,,376.8
1301,3.83555,,156,,377.2
1302,3.83693,,156,,377.6
1303,3.83904,,156,,377.8
1304,3.84129,,156,,378.2
1305,3.84314,,157,,378.4
1306,3.8444,,157,,378.8
1307,3.84575,,157,,379
1308,3.84777,,157,,379.4
1309,3.84973,,157,,379.8
1310,3.85119,,157,,379.8
1311,3.85269,,158,,380.2
1312,3.85407,,158,,380.8
1313,3.85542,,158,,381.2
1314,3.85713,,158,,381.4
1315,3.85886,,157,,381.8
1316,3.86049,,157,,382
1317,3.86162,,157,,382.4
1318,3.86285,,157,,382.8
1319,3.86466,,157,,383
1320,3.86654,,157,,383.6
1321,3.86821,,157,,383.8
1322,3.86944,,157,,384
1323,3.87096,,157,,384.4
1324,3.87274,,158,,384.8
1325,3.87434,,157,,385
1326,3.87615,,157,,385.4
1327,3.87786,,158,,385.8
1328,3.8793,,157,,386.4
1329,3.88059,,157,,386.8
1330,3.88201,,157,,387.2
1331,3.88355,,158,,387.4
1332,3.88508,,158,,387.6
1333,3.88608,,158,,387.8
1334,3.88717,,158,,388.2
1335,3.88845,,158,,388.4
1336,3.89022,,159,,388.8
1337,3.89207,,159,,389.4
1338,3.89396,,159,,390
1339,3.89572,,159,,390
1340,3.89746,,159,,390
1341,3.89924,,159,,390.2
1342,3.90047,,160,,390.6
1343,3.90175,,159,,391
1344,3.90373,,160,,391.4
1345,3.90578,,160,,391.4
1346,3.90755,,160,,391.8
1347,3.90904,,160,,392
1348,3.91084,,160,,392.4
1349,3.91273,,160,,392.6
1350,3.91433,,160,,392.8
1351,3.91624,,160,,393
1352,3.91848,,160,,393.4
1353,3.91998,,160,,393.8
1354,3.92125,,160,,394.2
1355,3.92281,,159,,394.4
1356,3.92482,,159,,394.8
1357,3.92686,,160,,395.2
1358,3.9283,,159,,395.6
1359,3.92949,,159,,395.8
1360,3.93081,,160,,396
1361,3.9324,,159,,396.4
1362,3.93414,,159,,396.8
1363,3.93603,,160,,397
1364,3.93793,,159,,397.4
1365,3.9399,,159,,397.8
1366,3.94161,,159,,398
1367,3.94352,,159,,398.6
1368,3.94524,,159,,399
1369,3.94714,,159,,399.2
1370,3.94897,,160,,399.4
1371,3.9503,,159,,399.8
1372,3.95159,,159,,400
1373,3.95283,,159,,400.2
1374,3.954,,158,,400.6
1375,3.95506,,158,,400.6
1376,3.95657,,158,,401
1377,3.95849,,158,,401.4
1378,3.96031,,157,,401.6
1379,3.9618,,157,,401.8
1380,3.96326,,156,,402.2
1381,3.9651,,156,,402.4
1382,3.96695,,156,,402.6
1383,3.96895,,156,,402.8
1384,3.97054,,156,,403.2
1385,3.97202,,156,,403.4
1386,3.97374,,156,,403.8
1387,3.97544,,156,,404.2
1388,3.97702,,155,,404.2
1389,3.97864,,155,,404.4
1390,3.98106,,155,,404.6
1391,3.98346,,155,,404.8
1392,3.98539,,155,,405
1393,3.98723,,155,,405.4
1394,3.98929,,155,,405.4
1395,3.99143,,155,,405.8
1396,3.99322,,155,,406
1397,3.99548,,155,,406.2
1398,3.99807,,155,,406.4
1399,4,,155,,406.4
1400,4.00194,,155,,406.4
1401,4.00445,,155,,406.8
1402,4.00656,,155,,407
1403,4.00882,,155,,407.4
1404,4.0114,,155,,407.4
1405,4.01369,,155,,407.4
1406,4.01604,,155,,407.6
1407,4.01847,,154,,407.8
1408,4.02131,,154,,408
1409,4.02356,,154,,408
1410,4.02549,,153,,408.2
1411,4.02794,,154,,408.6
1412,4.03037,,153,,408.6
1413,4.03279,,154,,408.8
1414,4.03523,,154,,409
1415,4.03753,,154,,409.2
1416,4.04044,,154,,409.4
1417,4.04357,,154,,409.6
1418,4.04598,,154,,409.6
1419,4.04883,,154,,409.8
1420,4.05194,,154,,409.6
1421,4.05477,,154,,409.8
1422,4.05797,,154,,410
1423,4.06137,,154,,410.4
1424,4.06439,,154,,410.6
1425,4.06731,,155,,410.4
1426,4.06964,,154,,410.6
1427,4.07198,,155,,410.8
1428,4.07471,,154,,411
1429,4.07685,,154,,411.2
1430,4.07948,,154,,411.4
1431,4.08251,,154,,411.8
1432,4.08513,,155,,412
1433,4.08803,,155,,412
1434,4.09113,,155,,412
1435,4.09421,,155,,412.2
1436,4.09704,,155,,412.2
1437,4.09978,,155,,412.2
1438,4.10304,,156,,412.4
1439,4.10625,,156,,412.2
1440,4.10918,,156,,412.4
1441,4.11225,,156,,412.6
1442,4.11518,,156,,412.6
1443,4.1183,,157,,412.8
1444,4.12148,,157,,413
1445,4.12448,,156,,413.2
1446,4.12728,,157,,413.6
1447,4.13037,,157,,413.6
1448,4.13312,,157,,414.2
1449,4.13589,,157,,414.2
1450,4.13847,,158,,414.2
1451,4.14128,,158,,414.2
1452,4.14435,,157,,414.8
1453,4.14686,,158,,415
1454,4.14908,,158,,415.2
1455,4.15173,,157,,415.2
1456,4.15405,,158,,415.6
1457,4.15623,,158,,416.2
1458,4.15844,,158,,416.4
1459,4.16083,,158,,416.4
1460,4.16357,,157,,416.6
1461,4.16638,,158,,416.8
1462,4.16903,,158,,417
1463,4.17198,,157,,417.2
1464,4.17437,,158,,417.4
1465,4.1768,,157,,417.8
1466,4.17945,,157,,418
1467,4.18196,,157,,418.2
1468,4.18454,,157,,418.2
1469,4.18708,,157,,418.6
1470,4.18969,,157,,418.8
1471,4.19239,,158,,419.2
1472,4.19514,,157,,419.4
1473,4.19745,,158,,419.6
1474,4.19984,,158,,419.8
1475,4.20226,,159,,420
1476,4.20477,,159,,420.2
1477,4.20791,,159,,420.2
1478,4.21088,,159,,420.2
1479,4.21361,,160,,420.4
1480,4.21645,,160,,420.6
1481,4.21957,,160,,420.6
1482,4.22283,,160,,420.6
1483,4.22603,,160,,420.6
1484,4.22931,,159,,420.6
1485,4.23249,,159,,420.4
1486,4.23587,,159,,420.4
1487,4.23897,,159,,420.2
1488,4.24228,,158,,420.2
1489,4.24569,,158,,420
1490,4.24863,,157,,419.8
1491,4.25186,,157,,419.8
1492,4.2555,,157,,419.6
1493,4.25856,,157,,419.6
1494,4.26129,,156,,419.4
1495,4.26361,,156,,419.4
1496,4.26624,,156,,419
1497,4.2691,,156,,418.8
1498,4.27233,,156,,418.4
1499,4.27569,,155,,418.4
1500,4.2788,,155,,418.2
1501,4.28165,,154,,417.8
1502,4.28481,,153,,417.6
1503,4.28741,,153,,417.2
1504,4.28989,,152,,416.8
1505,4.29236,,151,,416.4
1506,4.29477,,150,,416.4
1507,4.29742,,148,,415.8
1508,4.30044,,147,,415.6
1509,4.30302,,148,,415.2
1510,4.30581,,148,,414.6
1511,4.30894,,147,,414
1512,4.31235,,146,,413.8
1513,4.316,,146,,413.4
1514,4.31876,,145,,413.2
1515,4.3219,,145,,413
1516,4.32577,,145,,413
1517,4.32938,,145,,412.8
1518,4.33298,,144,,412.6
1519,4.33678,,144,,412.6
1520,4.34032,,143,,412.6
1521,4.34392,,143,,412.6
1522,4.34755,,142,,412.8
1523,4.35091,,142,,412.6
1524,4.35436,,142,,412.4
1525,4.35783,,142,,412
1526,4.36151,,142,,411.8
1527,4.36504,,142,,411.6
1528,4.368,,142,,411.4
1529,4.37137,,143,,411.4
1530,4.37483,,144,,411.2
1531,4.37808,,144,,410.8
1532,4.38097,,144,,410.8
1533,4.38392,,144,,410.8
1534,4.38658,,144,,410.6
1535,4.38933,,143,,410.2
1536,4.39277,,143,,410
1537,4.39667,,144,,409.8
1538,4.40042,,144,,409.8
1539,4.40393,,144,,409.6
1540,4.40734,,144,,409.4
1541,4.41052,,144,,409.4
1542,4.41366,,144,,409.6
1543,4.41664,,145,,410.2
1544,4.41943,,145,,410.4
1545,4.42201,,145,,410.6
1546,4.42433,,145,,410.4
1547,4.42661,,146,,410.2
1548,4.42887,,146,,410.4
1549,4.43144,,147,,411
1550,4.43426,,147,,411.2
1551,4.437,,147,,411.8
1552,4.43976,,148,,411.8
1553,4.44274,,148,,412.2
1554,4.4456,,149,,412.2
1555,4.44828,,149,,412.2
1556,4.45134,,150,,412
1557,4.45473,,150,,412
1558,4.45843,,151,,412
1559,4.46167,,151,,412
1560,4.46511,,152,,412
1561,4.46855,,152,,412
1562,4.47207,,152,,412
1563,4.47513,,153,,412.2
1564,4.47844,,153,,412.4
1565,4.48163,,153,,412.2
1566,4.48461,,153,,412.4
1567,4.48758,,154,,412.4
1568,4.49051,,154,,412.6
1569,4.49361,,153,,412.4
1570,4.49656,,154,,412.6
1571,4.49956,,154,,412.6
1572,4.50296,,153,,413
1573,4.50631,,153,,413
1574,4.50944,,154,,413.2
1575,4.51254,,154,,413.4
1576,4.51537,,153,,413.6
1577,4.51802,,153,,413.8
1578,4.52072,,154,,413.8
1579,4.52372,,154,,414.2
1580,4.52635,,154,,414.2
1581,4.52893,,154,,414.4
1582,4.53169,,154,,414.8
1583,4.5344,,154,,415.2
1584,4.53712,,154,,415.4
1585,4.54007,,154,,415.6
1586,4.54273,,154,,416
1587,4.54542,,155,,416
1588,4.54837,,154,,416.4
1589,4.55092,,155,,416.6
1590,4.55322,,155,,416.8
1591,4.55529,,155,,417
1592,4.55752,,155,,417.2
1593,4.56037,,156,,417.4
1594,4.56309,,156,,417.8
1595,4.56538,,156,,418
1596,4.56782,,156,,418.2
1597,4.57019,,156,,418.6
1598,4.57242,,156,,419.2
1599,4.5748,,156,,419.4
1600,4.57718,,156,,419.6
1601,4.57943,,156,,419.8
1602,4.58184,,156,,420.2
1603,4.58456,,157,,420.4
1604,4.58701,,157,,420.8
1605,4.58952,,157,,421
1606,4.5919,,157,,421
1607,4.59407,,157,,421.2
1608,4.59642,,157,,421.6
1609,4.59915,,157,,422
1610,4.60167,,158,,422.2
1611,4.60392,,157,,422.4
1612,4.60591,,158,,422.6
1613,4.60845,,158,,422.6
1614,4.61103,,157,,422.8
1615,4.61359,,157,,423
1616,4.61623,,158,,423.4
1617,4.61861,,158,,423.6
1618,4.62065,,158,,423.8
1619,4.62281,,159,,424
1620,4.62471,,159,,424.2
1621,4.62662,,159,,424.2
1622,4.62924,,159,,424.4
1623,4.63192,,159,,425
1624,4.6344,,159,,425
1625,4.6366,,159,,425.4
1626,4.63882,,159,,425.8
1627,4.64085,,159,,426
1628,4.64288,,159,,426.4
1629,4.64455,,159,,426.6
1630,4.64667,,159,,426.8
1631,4.64884,,159,,427.2
1632,4.65108,,158,,427.4
1633,4.65287,,158,,427.8
1634,4.65457,,158,,428.2
1635,4.65681,,158,,428.4
1636,4.65922,,159,,428.6
1637,4.66148,,158,,428.8
1638,4.66346,,158,,429
1639,4.66563,,158,,429.4
1640,4.66784,,158,,429.4
1641,4.67001,,158,,429.8
1642,4.67249,,158,,429.8
1643,4.67479,,158,,430.2
1644,4.67707,,159,,430.2
1645,4.67928,,159,,430.2
1646,4.68174,,159,,430.4
1647,4.68388,,159,,430.6
1648,4.68592,,159,,430.8
1649,4.68855,,160,,431
1650,4.69091,,159,,431.2
1651,4.69319,,159,,431.6
1652,4.69601,,159,,432
1653,4.69851,,159,,432.2
1654,4.70043,,158,,432.2
1655,4.70228,,158,,432.4
1656,4.70452,,158,,432.6
1657,4.70679,,158,,432.8
1658,4.70847,,158,,433
1659,4.71037,,158,,433.2
1660,4.71274,,158,,433.6
1661,4.71485,,157,,433.8
1662,4.71666,,157,,434
1663,4.71883,,157,,434.6
1664,4.72091,,156,,434.8
1665,4.72177,,156,,435
1666,4.72268,,156,,435
1667,4.72343,,155,,435.4
1668,4.72439,,155,,435.8
1669,4.7258,,155,,436
1670,4.72704,,155,,436.6
1671,4.72831,,155,,437
1672,4.7299,,155,,437.2
1673,4.73198,,155,,437.6
1674,4.73397,,155,,437.8
1675,4.73549,,156,,438.2
1676,4.73733,,156,,438.4
1677,4.739,,156,,438.6
1678,4.74027,,157,,439
1679,4.74162,,157,,439.2
1680,4.74291,,157,,439.6
1681,4.74415,,157,,440
1682,4.74568,,157,,440.4
1683,4.74726,,157,,440.6
1684,4.74866,,157,,441.2
1685,4.74991,,157,,441.4
1686,4.75086,,157,,441.6
1687,4.75181,,157,,442
1688,4.75303,,157,,442.4
1689,4.75471,,158,,443
1690,4.75614,,157,,443.4
1691,4.75696,,158,,443.6
1692,4.7581,,158,,443.8
1693,4.75893,,158,,444
1694,4.75971,,158,,444.2
1695,4.76045,,158,,444.4
1696,4.7614,,158,,444.8
1697,4.76236,,158,,445
1698,4.76358,,158,,445.4
1699,4.76487,,158,,445.8
1700,4.76608,,158,,446
1701,4.76697,,158,,446.2
1702,4.76824,,158,,446.6
1703,4.76919,,157,,447.2
1704,4.77014,,157,,447.4
1705,4.77067,,157,,447.4
1706,4.77142,,157,,447.8
1707,4.77243,,156,,448.4
1708,4.77326,,156,,448.6
1709,4.7744,,156,,449
1710,4.77548,,156,,449.4
1711,4.77651,,156,,449.8
1712,4.77756,,156,,450
1713,4.7781,,156,,450.2
1714,4.77882,,156,,450.6
1715,4.78021,,156,,450.8
1716,4.78156,,156,,451.2
1717,4.7826,,156,,451.8
1718,4.78347,,156,,452
1719,4.78421,,156,,452.2
1720,4.78466,,157,,452.6
1721,4.78525,,156,,453
1722,4.78614,,156,,453.4
1723,4.78716,,156,,453.8
1724,4.78804,,157,,454
1725,4.78882,,157,,454.6
1726,4.78965,,157,,454.6
1727,4.79043,,157,,454.8
1728,4.79109,,157,,455
1729,4.79211,,156,,455.4
1730,4.79286,,157,,455.8
1731,4.79373,,157,,456
1732,4.79459,,157,,456.6
1733,4.79518,,157,,456.8
1734,4.79589,,157,,457.2
1735,4.79676,,156,,457.4
1736,4.79739,,156,,457.6
1737,4.79757,,157,,457.8
1738,4.79838,,156,,458.2
1739,4.79933,,156,,458.2
1740,4.80051,,156,,458.4
1741,4.80189,,156,,458.6
1742,4.80328,,156,,458.8
1743,4.80447,,156,,459
1744,4.80537,,155,,459.2
1745,4.80641,,155,,459.6
1746,4.80725,,155,,460
1747,4.80785,,154,,460.2
1748,4.80842,,154,,460.8
1749,4.80929,,154,,461.2
1750,4.81017,,153,,461.4
1751,4.81073,,153,,461.6
1752,4.81154,,153,,461.8
1753,4.81255,,152,,461.8
1754,4.81357,,152,,462
1755,4.81436,,152,,462.2
1895,4.81436,,103,,462
1896,4.8148,,102,,461.8
1897,4.81563,,100,,461.8
1898,4.81651,,99,,462
1899,4.81729,,99,,462.2
1900,4.81827,,99,,462.2
1946,4.81827,,105,,462.8
1947,4.81903,,106,,462.8
1948,4.82011,,108,,463
1949,4.82207,,110,,463
1950,4.82458,,110,,463
1951,4.82697,,110,,463.2
1952,4.82905,,112,,463.2
1953,4.83116,,112,,463.2
1954,4.83319,,113,,463.2
1955,4.83512,,113,,463.2
1956,4.83705,,113,,463.4
1957,4.83883,,113,,463.4
1958,4.84068,,113,,463.2
1959,4.84287,,113,,463.2
1960,4.84538,,113,,463.2
1961,4.84784,,112,,463.4
1962,4.85011,,112,,463.8
1963,4.85227,,112,,464
1964,4.85454,,112,,464.2
1965,4.85648,,113,,464.6
1966,4.85896,,113,,465
1967,4.86161,,114,,465.2
1968,4.86367,,116,,465.6
1969,4.86564,,117,,466
1970,4.86817,,119,,466.2
1971,4.87054,,121,,466.4
1972,4.87305,,122,,466.6
1973,4.87547,,123,,466.8
1974,4.8777,,125,,466.8
1975,4.88023,,126,,467
1976,4.88328,,127,,467
1977,4.88635,,129,,466.4
1978,4.88924,,130,,466.2
1979,4.89244,,130,,466
1980,4.89538,,131,,465.6
1981,4.8984,,133,,465.2
1982,4.90171,,133,,465.2
1983,4.90474,,134,,465
1984,4.90775,,134,,465
1985,4.91081,,135,,465
1986,4.91329,,135,,464.8
1987,4.91581,,136,,464.8
1988,4.91843,,136,,464.6
1989,4.92093,,136,,464.4
1990,4.92381,,136,,464.4
1991,4.92685,,136,,464.4
1992,4.92985,,137,,464.4
1993,4.93278,,137,,464.2
1994,4.93545,,136,,464
1995,4.9382,,136,,463.6
1996,4.94201,,136,,463.2
1997,4.94568,,135,,462.8
1998,4.94884,,135,,462.4
1999,4.95288,,135,,462
2000,4.95663,,134,,461.8
2001,4.96018,,134,,461.4
2002,4.96414,,135,,461.2
2003,4.96775,,134,,461.2
2004,4.97125,,135,,461.2
2005,4.97497,,135,,460.8
2006,4.97828,,135,,460.6
2007,4.98122,,135,,460.2
2008,4.98446,,135,,459.8
2009,4.98761,,135,,459.6
2010,4.9908,,135,,459.2
2011,4.99445,,135,,458.8
2012,4.99801,,135,,458.6
2013,5.00127,,135,,458.8
2014,5.00428,,135,,458.4
2015,5.00651,,135,,458.2
2016,5.00875,,135,,457.8
2017,5.0113,,135,,457.6
2018,5.01401,,135,,457.2
2019,5.01718,,135,,456.6
2020,5.02057,,134,,456.6
2021,5.0234,,134,,456
2022,5.02564,,134,,455.6
2023,5.02815,,134,,454.8
2024,5.031,,133,,454.4
2025,5.03395,,133,,453.8
2026,5.03662,,133,,453.6
2027,5.03925,,133,,453.4
2028,5.04232,,132,,453.2
2029,5.04541,,132,,452.8
2030,5.04831,,132,,452.6
2031,5.05154,,132,,452.2
2032,5.05453,,131,,451.6
2033,5.05728,,131,,451.6
2034,5.06033,,130,,451
2035,5.06341,,130,,450.6
2036,5.06644,,130,,450
2037,5.06909,,130,,449.8
2038,5.07184,,129,,449.6
2039,5.07445,,129,,449.4
2040,5.07696,,129,,449.6
2041,5.0795,,129,,449.2
2042,5.08241,,129,,448.8
2043,5.08522,,129,,448.8
2044,5.08811,,129,,448.6
2045,5.09177,,129,,448.2
2046,5.09601,,129,,448.4
2047,5.0996,,130,,448.2
2048,5.10307,,130,,448
2049,5.10643,,130,,448
2050,5.10958,,130,,447.8
2051,5.11303,,130,,447.8
2052,5.11617,,131,,447.4
2053,5.11872,,131,,447.2
2054,5.12148,,131,,446.8
2055,5.12405,,131,,446.4
2056,5.1267,,131,,446
2057,5.13,,131,,445.2
2058,5.13277,,131,,445
2059,5.13536,,131,,444.8
2060,5.1383,,131,,444.8
2061,5.14099,,130,,444.4
2062,5.14372,,130,,443.8
2063,5.14649,,130,,443.6
2064,5.14879,,130,,443.2
2065,5.15101,,130,,442.8
2066,5.1534,,129,,442.2
2067,5.15557,,129,,441.6
2068,5.1575,,129,,441.4
2069,5.15945,,129,,441.2
2070,5.16157,,129,,440.6
2071,5.16346,,129,,440
2072,5.16507,,129,,439.6
2073,5.16734,,129,,439
2074,5.1701,,129,,438.6
2075,5.1728,,130,,438.4
2076,5.1756,,129,,438
2077,5.1786,,129,,437.6
2078,5.18119,,129,,437.2
2079,5.18372,,129,,436.8
2080,5.18671,,128,,436.4
2081,5.1893,,127,,435.8
2082,5.19205,,127,,435.4
2083,5.19492,,126,,435.2
2084,5.19718,,125,,435
2085,5.19939,,125,,434.6
2086,5.2018,,124,,434
2087,5.20412,,123,,433.8
2088,5.20683,,123,,433.4
2089,5.20968,,123,,433
2090,5.21227,,123,,432.6
2091,5.21447,,123,,432.2
2092,5.21674,,123,,431.6
2093,5.21877,,123,,431
2094,5.22107,,123,,430.6
2095,5.22396,,123,,430.4
2096,5.22721,,122,,430.2
2097,5.23047,,123,,430
2098,5.23364,,123,,429.8
2099,5.23678,,123,,429.6
2100,5.23969,,123,,429.2
2101,5.24274,,123,,429
2102,5.24573,,123,,428.6
2103,5.24858,,123,,428.4
2104,5.25159,,123,,428
2105,5.25441,,123,,427.8
2106,5.25732,,123,,427.6
2107,5.26041,,123,,427.2
2108,5.26358,,123,,426.8
2109,5.26633,,123,,426.4
2110,5.26955,,123,,426.2
2111,5.27295,,123,,426
2112,5.27588,,123,,426
2113,5.27887,,124,,425.6
2114,5.28175,,124,,425.4
2115,5.28474,,124,,425.2
2116,5.28792,,124,,424.8
2117,5.29103,,125,,424.6
2118,5.29415,,125,,424.2
2119,5.29754,,125,,423.6
2120,5.30079,,125,,423.2
2121,5.30397,,126,,423
2122,5.30709,,126,,422.8
2123,5.31049,,126,,422.6
2124,5.31406,,126,,422.4
2125,5.3173,,127,,422
2126,5.32081,,127,,422
2127,5.32445,,127,,422
2128,5.328,,127,,422
2129,5.33206,,128,,422
2130,5.33585,,128,,421.8
2131,5.33963,,129,,421.4
2132,5.34381,,130,,421.4
2133,5.34778,,130,,421.8
2134,5.35171,,131,,421.8
2135,5.3553,,132,,422
2136,5.35905,,132,,422
2137,5.36282,,133,,422.4
2138,5.36617,,134,,422.8
2139,5.36907,,135,,423
2140,5.37216,,136,,423.2
2141,5.37553,,137,,423.2
2142,5.37845,,138,,423.4
2143,5.38136,,139,,423.2
2144,5.38426,,140,,423.2
2145,5.38747,,141,,423.4
2146,5.38996,,142,,423.6
2147,5.39281,,143,,424
2148,5.39618,,144,,424
2149,5.39896,,144,,424
2150,5.40216,,145,,423.8
2151,5.40573,,146,,423.8
2152,5.40902,,147,,423.4
2153,5.4125,,147,,423
2154,5.41593,,148,,422.6
2155,5.41946,,149,,422.8
2156,5.42329,,149,,422.2
2157,5.42715,,149,,422.2
2158,5.43138,,150,,422.2
2159,5.43489,,150,,422.4
2160,5.43831,,150,,422.4
2161,5.44169,,150,,422.4
2162,5.44518,,151,,422.4
2163,5.44863,,151,,422.8
2164,5.45183,,151,,422.8
2165,5.45516,,152,,423
2166,5.45784,,152,,423.2
2167,5.46067,,152,,423.4
2168,5.46367,,152,,423.8
2169,5.46635,,153,,423.8
2170,5.46923,,153,,424.4
2171,5.47215,,154,,424.4
2172,5.47528,,154,,424.6
2173,5.47819,,155,,425
2174,5.48074,,155,,425.2
2175,5.48388,,156,,425.6
2176,5.48634,,156,,425.8
2177,5.48841,,157,,425.8
2178,5.49087,,157,,426
2179,5.49332,,157,,426
2180,5.49577,,158,,425.4
2181,5.49867,,158,,425.2
2182,5.50155,,158,,425.2
2183,5.50426,,159,,425
2184,5.50719,,159,,424.8
2185,5.50992,,158,,424.4
2186,5.51265,,158,,424.2
2187,5.51514,,157,,423.6
2188,5.51746,,157,,423.2
2189,5.52045,,156,,422.8
2190,5.5233,,156,,422.4
2191,5.52608,,156,,421.8
2192,5.52918,,155,,421.4
2193,5.53197,,155,,420.8
2194,5.53482,,154,,420.4
2195,5.53787,,153,,420
2196,5.54072,,153,,420
2197,5.54378,,152,,419.4
2198,5.54677,,151,,419.2
2199,5.54968,,150,,418.6
2200,5.553,,149,,418.4
2201,5.55635,,149,,418
2202,5.55949,,147,,417.4
2203,5.56306,,147,,417
2204,5.56683,,145,,416.6
2205,5.57075,,144,,416.2
2206,5.57465,,143,,416
2207,5.57766,,143,,415.6
2208,5.58054,,142,,415.4
2209,5.58376,,141,,415
2210,5.58659,,140,,414.4
2211,5.58968,,140,,414.2
2212,5.59339,,139,,414
2213,5.59624,,138,,413.8
2214,5.59879,,138,,413.4
2215,5.60171,,137,,413
2216,5.6041,,137,,412.6
2217,5.60632,,137,,412.2
2218,5.60856,,137,,411.6
2219,5.61044,,137,,411.2
2220,5.61176,,136,,410.6
2221,5.61304,,136,,410.2
2222,5.61512,,135,,409.6
2223,5.61731,,135,,409.2
2224,5.61935,,134,,408.8
2225,5.62191,,134,,408.4
2226,5.62441,,133,,408
2227,5.62666,,133,,407.6
2228,5.62883,,132,,407
2229,5.63121,,131,,406.8
2230,5.63371,,131,,406.2
2231,5.63591,,130,,406
2232,5.63831,,130,,405.4
2233,5.64098,,129,,405
2234,5.64324,,129,,404.6
2235,5.64521,,129,,404.2
2236,5.64754,,129,,404
2237,5.65019,,128,,403.6
2238,5.65255,,128,,403.4
2239,5.65488,,127,,403
2240,5.65749,,127,,402.6
2241,5.65964,,126,,402.4
2242,5.66197,,126,,402
2243,5.6642,,125,,401.6
2244,5.66598,,125,,401.2
2245,5.66808,,125,,400.8
2246,5.67032,,125,,400.8
2247,5.6726,,124,,400.2
2248,5.67519,,124,,399.6
2249,5.67782,,123,,399.4
2250,5.68063,,123,,399.2
2251,5.68362,,123,,398.6
2252,5.68635,,123,,398.4
2253,5.68912,,123,,398.2
2254,5.69185,,123,,398.2
2255,5.69432,,124,,397.8
2256,5.697,,124,,397.6
2257,5.69949,,125,,397.4
2258,5.7019,,125,,397
2259,5.70459,,125,,396.6
2260,5.70709,,126,,396.4
2261,5.70964,,126,,395.8
2262,5.71225,,126,,395.6
2263,5.71466,,126,,395
2264,5.71737,,127,,394.6
2265,5.72014,,127,,394.6
2266,5.72306,,128,,394.4
2267,5.726,,128,,394
2268,5.72833,,129,,393.8
2269,5.73069,,128,,393.4
2270,5.73314,,128,,393
2271,5.73562,,128,,392.8
2272,5.7388,,128,,392.6
2273,5.74198,,128,,392.2
2274,5.74501,,128,,392
2275,5.74855,,128,,392
2276,5.75174,,128,,391.8
2277,5.75461,,129,,391.4
2278,5.75763,,129,,391.2
2279,5.76054,,128,,391
2280,5.76377,,128,,390.8
2281,5.76769,,129,,390.8
2282,5.77118,,129,,390.8
2283,5.77478,,129,,390.8
2284,5.77864,,129,,390.6
2285,5.78196,,129,,390.4
2286,5.78535,,130,,390.2
2287,5.78897,,130,,390.2
2288,5.79201,,130,,390.2
2289,5.79518,,131,,390.2
2290,5.79848,,131,,390
2291,5.80128,,131,,389.8
2292,5.80416,,131,,389.8
2293,5.80722,,132,,389.6
2294,5.81007,,132,,389
2295,5.81306,,132,,388.8
2296,5.81667,,133,,388.8
2297,5.81961,,133,,388.4
2298,5.82256,,134,,388.4
2299,5.82564,,134,,388.2
2300,5.82818,,134,,388.2
2301,5.83039,,134,,387.6
2302,5.83322,,135,,387.4
2303,5.8361,,134,,387
2304,5.83828,,134,,387
2305,5.84007,,134,,386.8
2306,5.84204,,133,,386.4
2307,5.8437,,134,,386
2308,5.84536,,133,,385.6
2309,5.84764,,133,,385.4
2310,5.85011,,133,,384.8
2311,5.85249,,133,,384.6
2312,5.85475,,133,,384.2
2313,5.85733,,132,,383.8
2314,5.85971,,132,,383.4
2315,5.86197,,132,,383
2316,5.86439,,131,,382.8
2317,5.86713,,131,,382.2
2318,5.86958,,130,,382
2319,5.87199,,130,,381.8
2320,5.87468,,130,,381.6
2321,5.87689,,129,,381.4
2322,5.87919,,129,,381
2323,5.88161,,128,,380.8
2324,5.88333,,127,,380.4
2325,5.88471,,127,,380
2326,5.88623,,127,,379.6
2327,5.88778,,127,,379.4
2328,5.88945,,127,,379
2329,5.89112,,127,,378.6
2330,5.89263,,127,,378.6
2331,5.89404,,127,,378.4
2332,5.89608,,126,,377.8
2333,5.89804,,127,,377.4
2334,5.89968,,127,,376.8
2335,5.90164,,127,,376.6
2336,5.90393,,127,,376.4
2337,5.90583,,127,,376
2338,5.90787,,128,,375.6
2339,5.9101,,128,,375.4
2340,5.91164,,128,,375.2
2341,5.9128,,128,,375
2342,5.91325,,128,,374.6
2343,5.91397,,127,,375
2344,5.91504,,127,,375.2
2345,5.91623,,127,,375.4
2346,5.91772,,127,,375.8
2347,5.91956,,128,,376.2
2348,5.92129,,128,,376.8
2349,5.92314,,128,,376.8
2350,5.92498,,129,,377.2
2351,5.927,,130,,377.4
2352,5.92844,,131,,377.6
2353,5.92974,,131,,378
2354,5.93178,,132,,378.4
2355,5.93373,,133,,378.8
2356,5.93509,,134,,379
2357,5.93669,,135,,379.4
2358,5.93867,,136,,379.8
2359,5.94048,,137,,380
2360,5.94184,,138,,380.2
2361,5.94338,,139,,380.8
2362,5.94517,,140,,381
2363,5.94706,,141,,381.2
2364,5.94922,,142,,381.4
2365,5.95173,,142,,381.8
2366,5.95396,,143,,382
2367,5.95608,,144,,382.4
2368,5.95817,,145,,382.4
2369,5.96018,,146,,382.6
2370,5.96262,,146,,383
2371,5.96527,,147,,383.4
2372,5.96741,,148,,383.6
2373,5.96942,,148,,384
2374,5.97171,,149,,384.4
2375,5.9736,,149,,384.6
2376,5.9753,,150,,384.8
2377,5.97753,,150,,385.2
2378,5.97983,,151,,385.6
2379,5.9815,,151,,385.8
2380,5.98353,,152,,386.2
2381,5.98568,,152,,386.4
2382,5.98738,,153,,386.8
2383,5.98837,,154,,387.4
2384,5.99079,,154,,387.4
2385,5.9935,,154,,387.8
2386,5.99531,,155,,387.8
2387,5.99751,,155,,388
2388,6.00045,,155,,388
2389,6.00352,,156,,388.4
2390,6.00658,,156,,388.6
2391,6.0096,,157,,388.8
2392,6.01223,,158,,389.2
2393,6.01458,,158,,389.2
2394,6.01683,,158,,389.6
2395,6.01878,,158,,389.6
2396,6.0211,,159,,389.6
2397,6.02394,,158,,389.6
2398,6.02632,,158,,389.8
2399,6.02953,,159,,389.8
2400,6.0328,,159,,389.8
2401,6.03545,,159,,390.2
2402,6.0383,,158,,390.4
2403,6.0414,,159,,390.6
2404,6.04391,,158,,390.4
2405,6.0469,,158,,390.4
2406,6.04957,,158,,390.6
2407,6.05182,,158,,391.2
2408,6.05461,,158,,391.2
2409,6.05736,,158,,391.2
2410,6.05977,,158,,391.2
2411,6.06255,,157,,391.2
2412,6.06548,,156,,391.4
2413,6.0681,,156,,391.4
2414,6.07093,,156,,391.6
2415,6.07355,,156,,391.8
2416,6.07628,,156,,392
2417,6.07888,,156,,392
2418,6.08086,,156,,392
2419,6.08304,,156,,392
2420,6.08504,,156,,392.4
2421,6.08717,,156,,392.6
2422,6.08964,,156,,392.8
2423,6.09171,,156,,393.2
2424,6.09353,,157,,393.6
2425,6.0956,,156,,393.8
2426,6.0977,,157,,394.2
2427,6.10023,,157,,394.4
2428,6.10275,,158,,394.8
2429,6.10486,,158,,395
2430,6.10704,,159,,395.2
2431,6.10948,,159,,395.6
2432,6.11147,,159,,395.8
2433,6.11341,,159,,396
2434,6.11585,,159,,396.2
2435,6.1183,,160,,396.8
2436,6.12036,,160,,397
2437,6.1225,,160,,397.2
2438,6.12507,,160,,397.6
2439,6.12767,,160,,398
2440,6.13042,,160,,398
2441,6.13296,,160,,398.2
2442,6.13499,,161,,398.4
2443,6.13759,,161,,398.8
2444,6.14036,,161,,398.8
2445,6.1426,,161,,399.2
2446,6.14477,,161,,399.4
2447,6.14728,,161,,399.6
2448,6.1497,,162,,400
2449,6.15186,,162,,400.2
2450,6.15433,,162,,400.6
2451,6.15631,,162,,401
2452,6.158,,162,,401.4
2453,6.16057,,162,,401.8
2454,6.16319,,162,,402.2
2455,6.16518,,162,,402
2456,6.16745,,162,,402.4
2457,6.16978,,163,,403
2458,6.17158,,163,,403.2
2459,6.1734,,163,,403.6
2460,6.17594,,163,,403.8
2461,6.17839,,163,,404
2462,6.18055,,163,,404.2
2463,6.1835,,163,,404.4
2464,6.18574,,163,,404.6
2465,6.18711,,163,,405.2
2466,6.18933,,164,,405.6
2467,6.19177,,164,,406
2468,6.19332,,164,,406.2
2469,6.19484,,163,,406.6
2470,6.19714,,164,,406.8
2471,6.19925,,164,,407.2
2472,6.20008,,164,,407.4
2473,6.20147,,163,,407.8
2474,6.2037,,163,,408.2
2475,6.20566,,163,,408.6
2476,6.20732,,164,,409
2477,6.20916,,164,,409.4
2478,6.21145,,164,,409.6
2479,6.21351,,163,,410
2480,6.21492,,163,,410.4
2481,6.21622,,163,,410.8
2482,6.21762,,163,,411.2
2483,6.21897,,163,,411.4
2484,6.22038,,162,,411.8
2485,6.22185,,162,,411.8
2486,6.22344,,162,,412
2487,6.2248,,162,,412.4
2488,6.22642,,162,,412.8
2489,6.22858,,162,,413
2490,6.23022,,161,,413.2
2491,6.23189,,161,,413.4
2492,6.23431,,161,,413.6
2493,6.23677,,161,,413.6
2494,6.23894,,161,,414
2495,6.24163,,161,,414.2
2496,6.24412,,161,,414.4
2497,6.24584,,162,,414.6
2498,6.24831,,162,,415.2
2499,6.2507,,162,,415.2
2500,6.2527,,162,,415.4
2501,6.25534,,161,,415.2
2502,6.25777,,161,,415.6
2503,6.25998,,161,,416.4
2504,6.26256,,161,,416.6
2505,6.26476,,160,,416.6
2506,6.26686,,160,,417
2507,6.26935,,160,,417.2
2508,6.27192,,160,,417.4
2509,6.27421,,159,,417.6
2510,6.27693,,159,,418
2511,6.27942,,159,,418.2
2512,6.28143,,159,,418.4
2513,6.28385,,158,,418.8
2514,6.28646,,158,,418.8
2515,6.2888,,158,,419.2
2516,6.29111,,158,,419.4
2517,6.29313,,159,,419.8
2518,6.29445,,159,,420.2
2519,6.29656,,159,,420.6
2520,6.29908,,160,,421
2521,6.30079,,160,,421.6
2522,6.30242,,160,,421.8
2523,6.30461,,160,,422.2
2524,6.30669,,161,,422.6
2525,6.30789,,161,,422.8
2526,6.30907,,161,,423
2527,6.31119,,161,,423.4
2528,6.31356,,162,,423.8
2529,6.31513,,162,,424
2530,6.31707,,162,,424.6
2531,6.31919,,162,,424.8
2532,6.32082,,162,,425.2
2533,6.32223,,162,,425.4
2534,6.32329,,162,,425.4
2535,6.32418,,161,,425.6
2536,6.3254,,161,,425.2
2537,6.32732,,161,,425.2
2538,6.32971,,161,,425.2
2539,6.33155,,161,,425.6
2540,6.33289,,161,,426
2541,6.33473,,161,,426
2542,6.33696,,161,,426
2543,6.33875,,161,,426
2544,6.34092,,160,,425.8
2545,6.34357,,160,,425.4
2546,6.34618,,159,,425
2547,6.34928,,159,,424.6
2548,6.35291,,159,,424.4
2549,6.35593,,158,,424.4
2550,6.35888,,158,,424.2
2551,6.36208,,158,,424
2552,6.36508,,157,,423.6
2553,6.36869,,156,,423.4
2554,6.3723,,156,,423.2
2555,6.37571,,155,,422.6
2556,6.3793,,154,,422.6
2557,6.38284,,154,,422.6
2558,6.38628,,153,,422.4
2559,6.38993,,153,,422.4
2560,6.39342,,152,,422.2
2561,6.39718,,152,,422.4
2562,6.40097,,151,,422.6
2563,6.40428,,151,,422.2
2564,6.40772,,151,,422.2
2565,6.41091,,151,,422.4
2566,6.41412,,150,,422.6
2567,6.41717,,151,,422.8
2568,6.42003,,150,,423
2569,6.42305,,150,,423.4
2570,6.42563,,151,,423.4
2571,6.428,,151,,423.4
2572,6.43114,,151,,423.6
2573,6.43407,,151,,423.6
2574,6.43686,,151,,423.4
2575,6.44016,,151,,423.4
2576,6.44377,,151,,423.2
2577,6.44732,,151,,423
2578,6.45108,,151,,422.8
2579,6.45457,,151,,422.6
2580,6.45808,,151,,422.2
2581,6.46178,,151,,422.4
2582,6.46498,,151,,422.6
2583,6.46828,,151,,422.6
2584,6.47185,,151,,422.4
2585,6.47525,,151,,422.2
2586,6.47887,,151,,422
2587,6.4825,,151,,422.2
2588,6.48624,,151,,422.2
2589,6.48986,,151,,422
2590,6.49275,,150,,422
2591,6.49594,,150,,422.2
2592,6.4988,,150,,421.8
2593,6.50152,,150,,421.8
2594,6.50456,,150,,422
2595,6.5074,,150,,422
2596,6.5103,,150,,422.2
2597,6.51337,,150,,422.8
2598,6.51593,,150,,423
2599,6.51834,,150,,423.4
2600,6.52083,,150,,423.4
2601,6.52293,,151,,423.2
2602,6.52573,,150,,423.4
2603,6.52861,,150,,423.8
2604,6.5306,,150,,424
2605,6.53291,,151,,424.4
2606,6.53576,,151,,424.4
2607,6.53814,,150,,424.8
2608,6.54024,,151,,425
2609,6.54273,,151,,425.2
2610,6.54501,,152,,425.6
2611,6.54717,,152,,426
2612,6.54997,,152,,426.2
2613,6.55232,,152,,426.4
2614,6.55423,,153,,426.4
2615,6.55704,,153,,426.6
2616,6.55951,,153,,426.6
2617,6.56161,,154,,426.8
2618,6.56432,,154,,427
2619,6.56673,,154,,427.2
2620,6.56908,,155,,427.6
2621,6.57182,,155,,428
2622,6.57418,,155,,428.2
2623,6.57624,,155,,428.4
2624,6.57886,,155,,428.8
2625,6.58109,,154,,429.2
2626,6.58318,,154,,429.4
2627,6.58596,,154,,429.4
2628,6.5886,,154,,429.4
2629,6.59093,,153,,429.6
2630,6.59356,,153,,430
2631,6.5959,,153,,430.2
2632,6.59829,,152,,430.6
2633,6.60038,,153,,430.8
2634,6.60234,,153,,431
2635,6.60515,,153,,431.4
2636,6.60764,,154,,431.8
2637,6.60941,,154,,432.2
2638,6.61136,,155,,432.6
2639,6.614,,156,,432.8
2640,6.61609,,156,,433
2641,6.61763,,157,,433.4
2642,6.6199,,157,,433.6
2643,6.62189,,158,,434
2644,6.62327,,158,,434.4
2645,6.62561,,159,,434.8
2646,6.62815,,159,,435.2
2647,6.63003,,160,,435.4
2648,6.63181,,161,,435.4
2649,6.63471,,161,,435.6
2650,6.63709,,162,,436
2651,6.63865,,162,,436.4
2652,6.64017,,162,,436.4
2653,6.64231,,162,,436.8
2654,6.64433,,162,,437
2655,6.64593,,162,,437.4
2656,6.64858,,162,,437.8
2657,6.65099,,162,,438.2
2658,6.65277,,162,,438.8
2659,6.65451,,162,,439
2660,6.65674,,162,,439.2
2661,6.65882,,162,,439.6
2662,6.66014,,163,,439.8
2663,6.66185,,163,,440
2664,6.6637,,163,,440.6
2665,6.66499,,162,,440.8
2666,6.66599,,162,,441
2667,6.66754,,162,,441.4
2668,6.66888,,162,,441.8
2669,6.66962,,162,,442
2670,6.67083,,162,,442.4
2671,6.67214,,162,,442.8
2672,6.67388,,162,,443
2673,6.6753,,162,,443.4
2674,6.6763,,162,,443.4
2675,6.67761,,162,,443.8
2676,6.67968,,162,,444
2677,6.68205,,161,,444.2
2678,6.68363,,162,,444.4
2679,6.68502,,162,,444.6
2680,6.68652,,162,,445
2681,6.68847,,161,,445.2
2682,6.69036,,161,,445.2
2683,6.69216,,161,,445.2
2684,6.69409,,161,,445.6
2685,6.69614,,161,,446.2
2686,6.69757,,161,,446.4
2687,6.69852,,160,,446.4
2688,6.69997,,160,,446.8
2689,6.70189,,161,,447.2
2690,6.70376,,160,,447.6
2691,6.70496,,160,,447.4
2692,6.7064,,160,,447.6
2693,6.70877,,160,,447.8
2694,6.71098,,160,,448
2695,6.71298,,160,,447.8
2696,6.71562,,159,,448
2697,6.71832,,159,,448
2698,6.72088,,159,,448.2
2699,6.72387,,159,,448.2
2700,6.72679,,158,,448.2
2701,6.72947,,158,,448.4
2702,6.73242,,158,,448.6
2703,6.73508,,159,,448.8
2704,6.73765,,158,,449
2705,6.74055,,158,,448.8
2706,6.74338,,158,,449
2707,6.74639,,158,,449.2
2708,6.74913,,158,,449.4
2709,6.7514,,158,,449.4
2710,6.75424,,158,,449.8
2711,6.7574,,158,,449.8
2712,6.7599,,157,,449.8
2713,6.76289,,157,,449.8
2714,6.76582,,156,,450
2715,6.76831,,156,,450.2
2716,6.77084,,156,,450.4
2717,6.77335,,156,,450.6
2718,6.77566,,157,,450.6
2719,6.77821,,157,,450.8
2720,6.78078,,157,,451
2721,6.78288,,157,,451.2
2722,6.78564,,157,,451.6
2723,6.78851,,157,,451.6
2724,6.79079,,156,,451.6
2725,6.79332,,157,,452
2726,6.79612,,157,,452
2727,6.79862,,157,,452.2
2728,6.80121,,157,,452.2
2729,6.80416,,157,,452.2
2730,6.80674,,156,,452
2731,6.80942,,156,,452.2
2732,6.81204,,156,,452.2
2733,6.81473,,156,,452.4
2734,6.81774,,155,,452.6
2735,6.82061,,155,,453
2736,6.8231,,156,,453
2737,6.82537,,156,,452.8
2738,6.82719,,156,,452.8
2739,6.82874,,155,,452.6
2740,6.83019,,155,,452.8
2741,6.83247,,154,,453
2742,6.83448,,154,,453.4
2743,6.83735,,154,,453.2
2744,6.84042,,153,,453
2745,6.84294,,153,,453
2746,6.84632,,153,,452.8
2747,6.84943,,152,,452.6
2748,6.85178,,152,,452.8
2749,6.85451,,152,,452.6
2750,6.85755,,151,,452.6
2751,6.85995,,151,,452.4
2752,6.86263,,151,,452
2753,6.86588,,150,,451.8
2754,6.86908,,150,,451.4
2755,6.87202,,149,,451.4
2756,6.87513,,149,,451
2757,6.87784,,148,,451
2758,6.88043,,148,,450.8
2759,6.88378,,147,,450.4
2760,6.88698,,147,,450.2
2761,6.88974,,146,,450
2762,6.89293,,146,,449.8
2763,6.89632,,145,,449.4
2764,6.89943,,144,,448.8
2765,6.90282,,144,,448.6
2766,6.90634,,144,,448.4
2767,6.90946,,144,,448.4
2768,6.91277,,144,,448.4
2769,6.91604,,144,,448.2
2770,6.91873,,143,,447.8
2771,6.9222,,143,,447.6
2772,6.92535,,143,,447.2
2773,6.9279,,142,,446.8
2774,6.93109,,141,,446.4
2775,6.93403,,141,,446
2776,6.93685,,140,,445.8
2777,6.94023,,140,,445.4
2778,6.9437,,140,,445.2
2779,6.94668,,139,,444.8
2780,6.95004,,139,,444.6
2781,6.95337,,139,,444
2782,6.95645,,138,,443.6
2783,6.95994,,138,,443.2
2784,6.96326,,137,,442.8
2785,6.96613,,137,,442.6
2786,6.96933,,137,,442.2
2787,6.97298,,137,,442
2788,6.97601,,137,,441.4
2789,6.97899,,136,,441
2790,6.98228,,136,,440.8
2791,6.9852,,135,,440.4
2792,6.98819,,135,,440.2
2793,6.99099,,135,,440
2794,6.99337,,134,,439.4
2795,6.99637,,134,,439
2796,6.99934,,133,,438.8
2797,7.00203,,133,,438.4
2798,7.00534,,133,,438
2799,7.00872,,133,,438
2800,7.01169,,133,,437.6
2801,7.0145,,133,,437.4
2802,7.0172,,133,,437
2803,7.01984,,133,,436.6
2804,7.02281,,132,,436.4
2805,7.02614,,132,,436
2806,7.02908,,132,,435.8
2807,7.0323,,132,,435.6
2808,7.03593,,132,,435.4
2809,7.03939,,132,,435.6
2810,7.04242,,132,,435.4
2811,7.0453,,132,,435.2
2812,7.0481,,132,,435.4
2813,7.05017,,132,,435
2814,7.05245,,132,,435
2815,7.05472,,131,,435
2816,7.05581,,131,,435.2
2817,7.05682,,131,,435.8
2818,7.05839,,131,,436
2819,7.06046,,132,,436.6
2820,7.06257,,133,,437
2821,7.06449,,134,,437.4
2822,7.06659,,134,,437.6
2823,7.06897,,136,,437.8
2824,7.07142,,137,,438
2825,7.07364,,137,,438.6
2826,7.07534,,138,,439
2827,7.07724,,139,,439.2
2828,7.07897,,139,,439.6
2829,7.08065,,140,,440
2830,7.08288,,141,,440.4
2831,7.0852,,142,,440.4
2832,7.08668,,142,,440.8
2833,7.08871,,143,,441
2834,7.0911,,144,,441.6
2835,7.09301,,145,,441.8
2836,7.0943,,146,,442.2
2837,7.09598,,146,,442.6
2838,7.09754,,147,,443.2
2839,7.09872,,148,,443.6
2840,7.09972,,149,,444
2841,7.10121,,150,,444.2
2842,7.10286,,151,,444.6
2843,7.10418,,152,,444.8
2844,7.10459,,153,,445.2
2845,7.10575,,154,,445.6
2846,7.10704,,154,,445.8
2847,7.10804,,155,,446.4
2848,7.10866,,155,,446.8
2849,7.10977,,156,,447.2
2850,7.11088,,156,,447.6
2851,7.11159,,157,,448
2852,7.11218,,157,,448.4
2853,7.11325,,158,,448.6
2854,7.11432,,158,,449.2
2855,7.11505,,158,,449.4
2856,7.11643,,158,,450
2857,7.11766,,159,,450
2858,7.11808,,159,,450.6
2859,7.11888,,159,,450.8
2860,7.1196,,159,,451.2
2861,7.12019,,159,,451.6
2862,7.12058,,159,,451.8
2863,7.12113,,159,,452.2
2864,7.1219,,159,,452.2
2865,7.12232,,159,,452.6
2866,7.12293,,159,,453
2867,7.12349,,158,,453
2868,7.12412,,158,,453.4
2869,7.12509,,158,,453.8
2870,7.12599,,158,,453.8
2871,7.1265,,158,,454.2
2872,7.12813,,158,,454.4
2873,7.12937,,158,,454.6
2874,7.1298,,158,,455
2875,7.13069,,157,,455.2
2876,7.13097,,157,,455.6
2877,7.13146,,157,,455.8
2878,7.13213,,157,,456.2
2879,7.13319,,156,,456.4
2880,7.13357,,156,,456.8
2881,7.13412,,156,,457.2
2882,7.13434,,156,,457.4
2883,7.13516,,156,,457.6
2884,7.13614,,156,,458
2885,7.13648,,156,,458
2886,7.13742,,155,,458.4
2887,7.13891,,155,,458.2
2888,7.14041,,155,,458.4
2889,7.14144,,155,,458.6
2890,7.14196,,155,,459
2891,7.143,,155,,459.6
2892,7.14403,,155,,459.6
2893,7.14435,,155,,460.2
2894,7.1451,,155,,460.4
2895,7.14553,,155,,460.8
2896,7.14661,,154,,461.4
2897,7.14768,,154,,461.4
2898,7.14768,,154,,461.6
2899,7.14815,,153,,461.8
2900,7.14903,,152,,462.2
2901,7.14969,,152,,462.2
2902,7.15096,,152,,462.4
2903,7.1524,,152,,462.4
2904,7.15422,,152,,462.4
2905,7.15653,,152,,462.6
2906,7.15875,,153,,462.8
2907,7.1608,,153,,462.8
2908,7.16329,,153,,462.8
2909,7.16587,,153,,463
2910,7.16813,,153,,463.4
2911,7.1703,,154,,463.6
2912,7.17286,,154,,463.4
2913,7.1756,,154,,463.2
2914,7.1786,,154,,463.2
2915,7.18171,,154,,463.2
2916,7.18457,,154,,463.4
2917,7.18744,,154,,464
2918,7.19036,,154,,464
2919,7.19301,,154,,464
2920,7.19551,,154,,464.4
2921,7.19786,,154,,464.6
2922,7.20039,,154,,464.8
2923,7.20287,,154,,465.4
2924,7.2049,,154,,465.6
2925,7.20655,,155,,466.2
2926,7.20868,,155,,466.6
2927,7.21065,,156,,466.6
2928,7.21278,,156,,466.6
2929,7.21521,,157,,467
2930,7.21768,,157,,467.2
2931,7.22007,,157,,467.2
2932,7.22288,,158,,467.2
2933,7.22598,,158,,466.8
2934,7.22907,,158,,466.4
2935,7.2323,,158,,466
2936,7.2355,,158,,465.8
2937,7.23878,,158,,465.4
2938,7.24206,,158,,465.2
2939,7.24522,,157,,465.2
2940,7.24835,,157,,465
2941,7.25166,,157,,465.2
2942,7.25446,,156,,465
2943,7.25757,,156,,464.8
2944,7.26095,,156,,464.8
2945,7.26448,,155,,464.8
2946,7.26805,,155,,464.6
2947,7.27148,,155,,464.6
2948,7.27459,,155,,464.6
2949,7.27783,,154,,464.4
2950,7.28101,,154,,464
2951,7.28411,,153,,463.4
2952,7.28835,,152,,463.2
2953,7.29198,,152,,462.6
2954,7.29497,,151,,462.2
2955,7.29905,,151,,462
2956,7.30299,,150,,461.8
2957,7.30674,,150,,461.4
2958,7.31056,,149,,461.2
2959,7.31414,,149,,461.2
2960,7.3175,,148,,460.8
2961,7.32113,,147,,460.4
2962,7.32457,,146,,460.2
2963,7.32806,,146,,460
2964,7.3318,,145,,459.6
2965,7.33503,,144,,459.2
2966,7.33827,,144,,459
2967,7.3415,,143,,459.2
2968,7.3442,,143,,458.8
2969,7.34697,,143,,458.6
2970,7.34971,,142,,458.2
2971,7.35254,,142,,457.8
2972,7.35561,,141,,457.2
2973,7.35868,,141,,456.6
2974,7.36204,,140,,456.4
2975,7.36532,,140,,456
2976,7.36821,,139,,455.6
2977,7.37114,,139,,454.8
2978,7.37447,,139,,454.4
2979,7.37776,,138,,454.2
2980,7.38048,,138,,453.8
2981,7.38306,,138,,453.4
2982,7.38588,,137,,453.2
2983,7.38883,,137,,452.8
2984,7.39188,,137,,452.4
2985,7.39534,,136,,452.2
2986,7.39845,,136,,451.8
2987,7.40152,,136,,451.8
2988,7.40448,,135,,451
2989,7.40709,,135,,451
2990,7.40971,,135,,451
2991,7.41243,,135,,450.6
2992,7.41534,,135,,450.2
2993,7.41815,,135,,450
2994,7.42058,,135,,449.8
2995,7.42277,,135,,449.2
2996,7.42469,,135,,449
2997,7.42701,,135,,449.2
2998,7.43003,,136,,449.4
2999,7.4332,,136,,449.4
3000,7.4365,,136,,449.4
3001,7.43976,,137,,449.6
3002,7.44321,,137,,449.6
3003,7.44642,,138,,449.8
3004,7.44959,,138,,449.8
3005,7.45268,,139,,450.2
3006,7.45587,,139,,450.4
3007,7.4589,,140,,450.6
3008,7.46204,,140,,450.8
3009,7.46538,,141,,451
3010,7.46836,,141,,451.2
3011,7.47077,,141,,451.2
3012,7.47343,,142,,451.6
3013,7.47619,,142,,451.4
3014,7.47988,,143,,451.6
3015,7.48319,,143,,451.8
3016,7.48601,,144,,451.8
3017,7.48895,,144,,452
3018,7.49175,,145,,452.2
3019,7.49441,,145,,452.2
3020,7.49757,,146,,452.2
3021,7.50073,,147,,452.4
3022,7.50402,,147,,452.4
3023,7.50707,,147,,452.6
3024,7.5098,,148,,452.6
3025,7.51253,,148,,452.6
3026,7.51427,,148,,452.8
3027,7.51556,,148,,452.8
3028,7.51714,,148,,453.4
3029,7.51903,,148,,453.2
3030,7.52131,,149,,453
3031,7.52354,,148,,452.8
3032,7.52648,,149,,452.8
3033,7.52937,,149,,452.8
3034,7.53219,,149,,452.6
3035,7.53511,,149,,452.8
3036,7.53769,,149,,452.8
3037,7.54006,,150,,452.8
3038,7.54293,,150,,452.8
3039,7.54582,,150,,452.2
3040,7.54856,,150,,451.8
3041,7.55154,,150,,451.8
3042,7.55418,,149,,451.8
3043,7.55695,,149,,451.6
3044,7.56006,,149,,451.2
3045,7.56286,,149,,451
3046,7.56553,,149,,450.8
3047,7.56877,,148,,450.4
3048,7.57181,,148,,450.2
3049,7.5749,,147,,450
3050,7.57824,,147,,449.6
3051,7.5814,,147,,449
3052,7.58446,,146,,448.8
3053,7.58787,,146,,448.4
3054,7.59097,,145,,448.4
3055,7.59418,,144,,448.2
3056,7.5976,,144,,447.8
3057,7.60043,,143,,447.6
3058,7.60317,,143,,447.4
3059,7.60659,,142,,447.2
3060,7.60979,,142,,446.8
3061,7.61266,,141,,446.6
3062,7.61562,,141,,446.4
3063,7.61848,,140,,446.2
3064,7.62116,,140,,445.8
3065,7.62392,,139,,445.6
3066,7.62642,,139,,445
3067,7.62917,,138,,444.8
3068,7.63225,,137,,444.4
3069,7.6354,,137,,443.8
3070,7.63888,,136,,443.4
3071,7.64222,,136,,443
3072,7.64505,,135,,442.8
3073,7.64828,,135,,442.6
3074,7.6515,,135,,442.4
3075,7.6543,,134,,441.8
3076,7.65772,,134,,441.4
3077,7.66141,,134,,441.2
3078,7.66443,,134,,441
3079,7.66748,,134,,440.6
3080,7.67043,,133,,440.2
3081,7.67348,,133,,440
3082,7.67658,,133,,439.4
3083,7.67967,,133,,439
3084,7.68252,,133,,438.8
3085,7.68543,,132,,438.4
3086,7.68854,,132,,438
3087,7.692,,132,,437.8
3088,7.69554,,132,,437.4
3089,7.69906,,132,,437.2
3090,7.70269,,132,,436.8
3091,7.70587,,132,,436.6
3092,7.70921,,132,,436.6
3093,7.71281,,131,,436.2
3094,7.71612,,131,,436
3095,7.71965,,132,,435.6
3096,7.72323,,132,,435.6
3097,7.7265,,132,,435.4
3098,7.7299,,132,,435
3099,7.733,,132,,435
3100,7.73586,,132,,435.2
3101,7.73875,,131,,434.8
3102,7.74143,,131,,434.2
3103,7.7439,,131,,434
3104,7.74691,,131,,433.8
3105,7.74975,,130,,433.4
3106,7.75271,,131,,432.8
3107,7.75579,,131,,432.6
3108,7.75884,,131,,432.4
3109,7.76204,,131,,432.2
3110,7.76514,,131,,431.6
3111,7.76788,,131,,431.2
3112,7.77063,,130,,431
3113,7.77327,,130,,431.6
3114,7.77594,,131,,431
3115,7.77832,,131,,430.6
3116,7.78024,,132,,430.6
3117,7.78031,,131.167,,430.633
3118,7.78037,,130.333,,430.667
3119,7.78044,,129.5,,430.7
3120,7.7805,,128.667,,430.733
3121,7.78057,,127.833,,430.767
3122,7.78064,,127,,430.8
3123,7.7807,,126.167,,430.833
3124,7.78077,,125.333,,430.867
3125,7.78083,,124.5,,430.9
3126,7.7809,,123.667,,430.933
3127,7.78096,,122.833,,430.967
3128,7.78103,,122,,431
3129,7.7823,,122,,430.4
3130,7.78514,,123,,429.8
3131,7.78802,,125,,429.6
3132,7.7907,,126,,429.6
3133,7.79363,,126,,429.4
3134,7.7964,,127,,429.2
3135,7.79916,,127,,429
3136,7.80222,,128,,428.8
3137,7.80473,,127,,428.6
3138,7.80701,,128,,428.4
3139,7.80963,,128,,428
3140,7.81184,,128,,427.6
3141,7.81368,,129,,427.2
3142,7.81597,,129,,426.8
3143,7.81851,,128,,426.6
3144,7.82058,,128,,426.4
3145,7.82287,,128,,425.8
3146,7.82521,,127,,425.4
3147,7.8277,,126,,424.8
3148,7.83029,,126,,424.6
3149,7.83282,,126,,424.2
3150,7.83614,,126,,424.2
3151,7.8395,,126,,423.8
3152,7.84256,,126,,423.6
3153,7.84583,,125,,423.2
3154,7.84882,,125,,423
3155,7.85168,,125,,422.8
3156,7.8545,,124,,422.8
3157,7.8571,,124,,422.6
3158,7.85931,,124,,422.4
3159,7.86165,,124,,421.8
3160,7.86408,,125,,421.4
3161,7.86643,,125,,421.4
3162,7.86937,,125,,420.8
3163,7.87272,,125,,420.4
3164,7.87583,,126,,420
3165,7.87906,,126,,419.6
3166,7.88244,,126,,419.4
3167,7.88499,,126,,419.2
3168,7.88723,,126,,418.8
3169,7.89008,,126,,418.4
3170,7.89285,,126,,418
3171,7.89566,,126,,417.8
3172,7.8992,,127,,417.4
3173,7.90231,,127,,417.2
3174,7.90532,,127,,417
3175,7.90872,,127,,416.4
3176,7.91188,,127,,416
3177,7.91501,,127,,415.8
3178,7.91817,,127,,415.4
3179,7.92069,,127,,415.4
3180,7.92357,,127,,414.8
3181,7.92688,,127,,414.4
3182,7.9303,,128,,414.4
3183,7.93359,,128,,414.2
3184,7.93675,,129,,413.8
3185,7.93978,,129,,413.6
3186,7.94339,,129,,413.4
3187,7.94665,,129,,413.2
3188,7.94946,,130,,412.8
3189,7.95295,,130,,412.6
3190,7.95643,,131,,412.4
3191,7.95988,,131,,412.6
3192,7.96337,,131,,412.4
3193,7.9667,,132,,412.2
3194,7.96986,,132,,412.4
3195,7.97319,,132,,412.2
3196,7.9768,,133,,412.2
3197,7.9803,,133,,412
3198,7.98383,,133,,412
3199,7.98698,,133,,412
3200,7.99017,,133,,412
3201,7.99353,,133,,412
3202,7.99689,,132,,411.8
3203,8.00031,,132,,411.8
3204,8.00388,,133,,411.8
3205,8.00751,,133,,412
3206,8.01088,,134,,412.2
3207,8.01398,,135,,412
3208,8.01708,,135,,411.6
3209,8.02012,,137,,411.2
3210,8.02328,,137,,410.8
3211,8.02635,,138,,410.4
3212,8.02965,,139,,410.2
3213,8.03314,,139,,410.2
3214,8.03655,,140,,409.8
3215,8.04014,,141,,409.8
3216,8.04371,,142,,409.8
3217,8.04689,,142,,409.6
3218,8.05047,,143,,409.8
3219,8.05413,,143,,409.6
3220,8.05793,,144,,409.6
3221,8.06171,,144,,409.8
3222,8.06491,,144,,410
3223,8.06774,,145,,410.4
3224,8.0701,,146,,410.4
3225,8.0724,,146,,410.6
3226,8.07549,,146,,410.6
3227,8.07874,,147,,411.2
3228,8.08155,,147,,411.2
3229,8.08484,,148,,411.4
3230,8.08797,,148,,411.4
3231,8.09118,,149,,411.6
3232,8.09433,,149,,411.6
3233,8.0976,,150,,411.8
3234,8.10091,,150,,411.6
3235,8.10435,,150,,412
3236,8.10787,,151,,412.2
3237,8.11059,,151,,412.4
3238,8.11308,,152,,412.8
3239,8.1162,,152,,412.6
3240,8.11987,,152,,412.6
3241,8.12356,,153,,412.6
3242,8.12714,,153,,413
3243,8.13032,,154,,413.2
3244,8.13312,,154,,413.2
3245,8.13572,,154,,413.2
3246,8.13854,,155,,413.2
3247,8.14174,,155,,413.2
3248,8.14471,,155,,413.2
3249,8.14758,,155,,413.6
3250,8.15066,,156,,413.8
3251,8.15324,,156,,414
3252,8.15576,,156,,414.4
3253,8.15832,,156,,415
3254,8.16046,,156,,415.4
3255,8.1623,,157,,415.8
3256,8.16419,,157,,416.2
3257,8.16619,,158,,416.4
3258,8.16837,,158,,416.6
3259,8.17067,,158,,416.8
3260,8.17279,,158,,417.2
3261,8.17464,,159,,417.4
3262,8.17681,,160,,417.8
3263,8.17899,,160,,418
3264,8.18086,,159,,418
3265,8.18287,,160,,418.2
3266,8.18517,,159,,418.4
3267,8.18758,,159,,418.6
3268,8.19055,,160,,419
3269,8.19295,,160,,419.2
3270,8.19487,,160,,419.4
3271,8.19709,,160,,419.6
3272,8.1995,,160,,419.8
3273,8.20221,,159,,419.8
3274,8.20549,,159,,419.6
3275,8.20879,,159,,419.8
3276,8.21209,,159,,420
3277,8.21548,,160,,420
3278,8.2182,,159,,420.2
3279,8.22093,,160,,420
3280,8.22405,,160,,420.2
3281,8.22672,,160,,420.4
3282,8.22925,,160,,420.4
3283,8.23203,,160,,420.6
3284,8.23447,,160,,420.8
3285,8.23705,,160,,420.8
3286,8.23963,,161,,420.6
3287,8.24213,,160,,420.6
3288,8.24486,,160,,420.6
3289,8.24773,,160,,420.8
3290,8.2504,,160,,420.6
3291,8.25294,,160,,420.6
3292,8.25567,,159,,420.6
3293,8.25846,,159,,420.4
3294,8.26104,,158,,420.2
3295,8.26387,,158,,419.8
3296,8.26667,,157,,419.6
3297,8.26931,,156,,419.4
3298,8.27225,,156,,419
3299,8.27514,,155,,418.8
3300,8.27732,,154,,418.6
3301,8.27975,,154,,418.2
3302,8.28246,,153,,417.8
3303,8.28528,,152,,417.2
3304,8.28832,,151,,417.2
3305,8.29166,,151,,417.2
3306,8.29456,,150,,417
3307,8.29732,,149,,417
3308,8.30001,,148,,416.8
3309,8.30269,,147,,416.4
3310,8.30562,,146,,416.2
3311,8.30852,,145,,415.8
3312,8.31147,,144,,415.4
3313,8.31501,,143,,415.2
3314,8.31851,,143,,415
3315,8.32197,,142,,414.6
3316,8.32555,,141,,414.4
3317,8.32887,,141,,414.2
3318,8.33184,,141,,414.2
3319,8.33459,,140,,414
3320,8.33712,,139,,414
3321,8.33983,,139,,413.6
3322,8.34274,,138,,413.4
3323,8.34601,,138,,413
3324,8.34979,,137,,413
3325,8.35317,,137,,412.6
3326,8.35657,,137,,412.8
3327,8.36011,,137,,412.8
3328,8.36356,,137,,412.8
3329,8.36712,,138,,412.8
3330,8.37029,,137,,412.6
3331,8.37351,,138,,412.4
3332,8.37685,,138,,412.4
3333,8.37977,,137,,412.4
3334,8.38257,,137,,412.2
3335,8.38555,,137,,411.8
3336,8.3885,,136,,411.6
3337,8.39193,,136,,411.4
3338,8.39561,,136,,411.2
3339,8.39886,,136,,410.8
3340,8.4026,,136,,410.6
3341,8.40603,,136,,410.6
3342,8.40915,,136,,410.4
3343,8.41233,,136,,410.2
3344,8.41522,,136,,410.2
3345,8.418,,136,,410
3346,8.42122,,136,,409.8
3347,8.42428,,137,,409.6
3348,8.42709,,137,,409.6
3349,8.43031,,136,,409.4
3350,8.43354,,136,,409.4
3351,8.43672,,137,,409
3352,8.43998,,137,,408.8
3353,8.44275,,137,,408.8
3354,8.44578,,137,,408.6
3355,8.44881,,137,,408.4
3356,8.45162,,136,,408.2
3357,8.45456,,137,,407.8
3358,8.45752,,137,,407.6
3359,8.4604,,137,,407.2
3360,8.46318,,137,,407.2
3361,8.46574,,136,,407
3362,8.46817,,137,,407
3363,8.47055,,136,,406.6
3364,8.47292,,136,,406.4
3365,8.47519,,135,,406.2
3366,8.47769,,134,,406
3367,8.48017,,133,,405.6
3368,8.48232,,133,,405.4
3369,8.48447,,133,,405.2
3370,8.48661,,133,,404.8
3371,8.4886,,132,,404.6
3372,8.49072,,132,,404.4
3373,8.49317,,132,,404
3374,8.49537,,132,,403.6
3375,8.49786,,131,,403.2
3376,8.49996,,131,,403
3377,8.50202,,130,,402.6
3378,8.50453,,130,,402.4
3379,8.50687,,130,,402.2
3380,8.50917,,130,,402
3381,8.51148,,130,,401.4
3382,8.51314,,129,,401
3383,8.51511,,129,,400.6
3384,8.51747,,129,,400.2
3385,8.51924,,128,,399.6
3386,8.52123,,128,,399.4
3387,8.52331,,127,,398.8
3388,8.52505,,127,,398.4
3389,8.52647,,127,,398.2
3390,8.52818,,126,,397.8
3391,8.53019,,126,,397.4
3392,8.53221,,126,,397
3393,8.53452,,125,,396.4
3394,8.5367,,125,,396
3395,8.5387,,124,,395.6
3396,8.54081,,124,,395.2
3397,8.54289,,123,,394.8
3398,8.54474,,123,,394.6
3399,8.54675,,123,,394.2
3400,8.54878,,123,,393.8
3401,8.55053,,123,,393.4
3402,8.5521,,122,,393
3403,8.55398,,122,,392.8
3404,8.55579,,121,,392.6
3405,8.55793,,121,,392.2
3406,8.56001,,120,,391.8
3407,8.56148,,120,,391.6
3408,8.56276,,119,,391
3409,8.56447,,118,,390.6
3410,8.56611,,118,,390.2
3411,8.56805,,118,,390.2
3412,8.5701,,118,,389.6
3413,8.57202,,118,,389.2
3414,8.57403,,118,,388.8
3415,8.57625,,118,,388.2
3416,8.57826,,118,,388
3417,8.58025,,117,,387.4
3418,8.58208,,118,,387
3419,8.58412,,117,,386.6
3420,8.58613,,118,,386.4
3421,8.58798,,118,,386
3422,8.59013,,118,,385.6
3423,8.59224,,118,,385
3424,8.59413,,117,,384.6
3425,8.59617,,117,,384.4
3426,8.59806,,117,,383.6
3427,8.60003,,117,,383.4
3428,8.60205,,117,,383.2
3429,8.60383,,116,,382.8
3430,8.60554,,116,,382.4
3431,8.6074,,116,,382
3432,8.60938,,116,,381.2
3433,8.61128,,117,,381
3434,8.6132,,117,,380.6
3435,8.61492,,117,,380.4
3436,8.61697,,117,,380
3437,8.6191,,117,,379.6
3438,8.62108,,116,,379.2
3439,8.62312,,116,,378.8
3440,8.62488,,115,,378.4
3441,8.62687,,115,,378.2
3442,8.6289,,114,,377.8
3443,8.63104,,115,,377.2
3444,8.63321,,115,,376.8
3445,8.63535,,115,,376.4
3446,8.63733,,115,,376
3447,8.63919,,115,,375.8
3448,8.64099,,115,,375.6
3449,8.64306,,114,,375.4
3450,8.64529,,114,,375
3451,8.64748,,114,,374.6
3452,8.65001,,114,,374.4
3453,8.65219,,114,,374.2
3454,8.65394,,115,,374
3455,8.65598,,115,,373.6
3456,8.65841,,115,,373.2
3457,8.66072,,115,,373
3458,8.66281,,115,,372.6
3459,8.66502,,115,,372.2
3460,8.6673,,116,,372
3461,8.66946,,116,,371.8
3462,8.67167,,116,,371.4
3463,8.67413,,117,,371
3464,8.67612,,116,,370.8
3465,8.67801,,116,,370.4
3466,8.67971,,116,,370
3467,8.68173,,115,,369.6
3468,8.68418,,115,,369.4
3469,8.68641,,115,,369
3470,8.6884,,115,,368.4
3471,8.6906,,115,,368
3472,8.69273,,115,,367.6
3473,8.69491,,114,,367.6
3474,8.6971,,115,,367.6
3475,8.69925,,115,,367.2
3476,8.70133,,115,,366.8
3477,8.70349,,115,,366.8
3478,8.7057,,116,,366.2
3479,8.70774,,116,,366
3480,8.70983,,115,,365.6
3481,8.71232,,115,,365.4
3482,8.71482,,115,,365.2
3483,8.71685,,115,,365
3484,8.71889,,116,,364.8
3485,8.72088,,115,,364.4
3486,8.72283,,116,,364.2
3487,8.72423,,116,,363.8
3488,8.72564,,115,,363.4
3489,8.72726,,116,,363
3490,8.72877,,116,,362.6
3491,8.73045,,116,,362.4
3492,8.73233,,115,,362
3493,8.73408,,115,,361.8
3494,8.73599,,115,,361.4
3495,8.73811,,115,,361.2
3496,8.74043,,114,,360.8
3497,8.74289,,114,,360.4
3498,8.74542,,114,,360.2
3499,8.74767,,114,,359.8
3500,8.75027,,114,,359.6
3501,8.75285,,114,,359.2
3502,8.75503,,114,,359
3503,8.75737,,113,,358.8
3504,8.75948,,113,,358.2
3505,8.76179,,113,,357.8
3506,8.76421,,113,,357.6
3507,8.76692,,114,,357.6
3508,8.76963,,114,,357.4
3509,8.77215,,114,,357
3510,8.7749,,114,,356.8
3511,8.77778,,115,,356.6
3512,8.78047,,115,,356.2
3513,8.78287,,115,,356
3514,8.7855,,115,,355.8
3515,8.78788,,115,,355.6
3516,8.79061,,116,,355.4
3517,8.7936,,116,,355.2
3518,8.79636,,117,,355
3519,8.79887,,117,,354.8
3520,8.80124,,117,,354.6
3521,8.80414,,118,,354.2
3522,8.80733,,118,,354
3523,8.81023,,118,,353.8
3524,8.81291,,118,,353.6
3525,8.81545,,119,,353.2
3526,8.81805,,119,,353
3527,8.82082,,119,,352.6
3528,8.82375,,120,,352.4
3529,8.82649,,120,,352.2
3530,8.82913,,120,,352.2
3531,8.83178,,120,,352
3532,8.83426,,120,,351.6
3533,8.83658,,121,,351.2
3534,8.83894,,121,,350.8
3535,8.84124,,122,,350.4
3536,8.84371,,122,,349.8
3537,8.84612,,122,,349.4
3538,8.84899,,122,,349
3539,8.85142,,122,,348.6
3540,8.85333,,122,,348.4
3541,8.85599,,123,,348.2
3542,8.85927,,123,,348
3543,8.86217,,123,,347.8
3544,8.86492,,123,,347.6
3545,8.86754,,122,,347.4
3546,8.87022,,122,,347.4
3547,8.87309,,122,,347
3548,8.87599,,122,,346.8
3549,8.8787,,123,,346.8
3550,8.88167,,123,,346.8
3551,8.88462,,124,,346.8
3552,8.88791,,124,,346.8
3553,8.89122,,124,,346.6
3554,8.89473,,125,,346.4
3555,8.89838,,125,,346.2
3556,8.9021,,126,,346.2
3557,8.90564,,127,,346.2
3558,8.90951,,128,,346.2
3559,8.91343,,129,,346
3560,8.9173,,130,,345.8
3561,8.92089,,130,,346
3562,8.92467,,131,,345.8
3563,8.9283,,132,,345.6
3564,8.93186,,132,,345.2
3565,8.93554,,132,,344.8
3566,8.9394,,133,,344.6
3567,8.94341,,133,,344.4
3568,8.94716,,133,,344.2
3569,8.95111,,134,,344.2
3570,8.95501,,134,,344.4
3571,8.95852,,135,,344.6
3572,8.96204,,136,,344.8
3573,8.96511,,136,,345
3574,8.96818,,137,,345
3575,8.97155,,138,,345.2
3576,8.97469,,138,,345.2
3577,8.97771,,139,,345.6
3578,8.98087,,139,,345.8
3579,8.98384,,140,,345.8
3580,8.98688,,140,,345.8
3581,8.98974,,141,,345.4
3582,8.99226,,141,,345.4
3583,8.9949,,142,,345.6
3584,8.99752,,142,,345.6
3585,9.00013,,143,,346.2
3586,9.00237,,144,,346.8
3587,9.00416,,144,,346.8
3588,9.0056,,145,,346.6
3589,9.00737,,145,,346.6
3590,9.00963,,145,,346.6
3591,9.01218,,145,,346.4
3592,9.01512,,146,,346.6
3593,9.01782,,147,,346.8
3594,9.0203,,147,,347
3595,9.02309,,147,,347.4
3596,9.02582,,148,,347.4
3597,9.02822,,148,,347.8
3598,9.03094,,149,,348
3599,9.03335,,149,,348.2
3600,9.03588,,150,,348.6
3601,9.03849,,150,,349
3602,9.04067,,150,,349.4
3603,9.04287,,150,,349.8
3604,9.04507,,151,,350
3605,9.04709,,151,,350.2
3606,9.04908,,152,,350.6
3607,9.05156,,152,,350.8
3608,9.05373,,152,,351
3609,9.05566,,152,,351.4
3610,9.05795,,153,,351.8
3611,9.06017,,153,,352.2
3612,9.06207,,153,,352.4
3613,9.0641,,154,,352.8
3614,9.06643,,154,,353
3615,9.06857,,155,,353.2
3616,9.07093,,155,,353.2
3617,9.07376,,156,,353.4
3618,9.07666,,156,,353.6
3619,9.07918,,156,,354.2
3620,9.08166,,157,,354.2
3621,9.08408,,157,,354.4
3622,9.08617,,157,,354.6
3623,9.08832,,158,,355
3624,9.09071,,158,,355.2
3625,9.09309,,159,,355.6
3626,9.09565,,159,,356
3627,9.09831,,159,,356
3628,9.10077,,158,,356.6
3629,9.10306,,158,,356.4
3630,9.10602,,158,,356.8
3631,9.10877,,158,,357
3632,9.11101,,158,,357.2
3633,9.11331,,158,,357.6
3634,9.11577,,157,,357.8
3635,9.11765,,157,,358
3636,9.11965,,157,,358
3637,9.1221,,157,,358
3638,9.12428,,157,,358.2
3639,9.12642,,157,,358.8
3640,9.12904,,157,,359
3641,9.13164,,157,,359.4
3642,9.13402,,157,,359.6
3643,9.13656,,157,,359.8
3644,9.13893,,157,,359.6
3645,9.14122,,157,,359.8
3646,9.14418,,158,,359.8
3647,9.1472,,157,,360
3648,9.14968,,157,,360.2
3649,9.15245,,158,,360.4
3650,9.1553,,158,,360.8
3651,9.15798,,158,,360.8
3652,9.16089,,157,,360.8
3653,9.16359,,157,,360.6
3654,9.16636,,157,,361
3655,9.16952,,157,,361
3656,9.17274,,157,,361
3657,9.17586,,157,,361.2
3658,9.17904,,158,,361.6
3659,9.18202,,158,,361.4
3660,9.18506,,158,,361.6
3661,9.18852,,158,,361.6
3662,9.19184,,158,,361.8
3663,9.1951,,158,,361.6
3664,9.19837,,158,,361.4
3665,9.20171,,158,,361.2
3666,9.20519,,158,,361
3667,9.20846,,157,,361
3668,9.21172,,157,,360.8
3669,9.21502,,158,,360.8
3670,9.21868,,157,,360.6
3671,9.22242,,157,,360.4
3672,9.22587,,157,,360.2
3673,9.22941,,157,,360.2
3674,9.23288,,157,,360.2
3675,9.23665,,157,,360.4
3676,9.2402,,156,,360.2
3677,9.24335,,156,,360.4
3678,9.24648,,157,,360.6
3679,9.24948,,156,,360.6
3680,9.2524,,156,,360.6
3681,9.25533,,156,,360.8
3682,9.25839,,156,,360.8
3683,9.26166,,156,,360.8
3684,9.26452,,155,,361.2
3685,9.26742,,155,,361.4
3686,9.27034,,155,,361.4
3687,9.27311,,155,,361.4
3688,9.276,,155,,361.4
3689,9.27898,,156,,362
3690,9.28189,,155,,362
3691,9.28498,,155,,362
3692,9.28822,,155,,363
3693,9.29132,,155,,362.8
3694,9.2944,,155,,362.6
3695,9.29704,,155,,362.8
3696,9.29985,,156,,363
3697,9.30336,,156,,363.4
3698,9.30662,,156,,363
3699,9.30988,,156,,363
3700,9.31336,,156,,362.6
3701,9.31677,,155,,362.4
3702,9.32023,,155,,362
3703,9.32377,,154,,361.8
3704,9.32725,,154,,361.6
3705,9.33069,,154,,361.2
3706,9.33426,,154,,361.2
3707,9.33761,,153,,360.8
3708,9.34117,,152,,360.6
3709,9.3449,,152,,360.4
3710,9.34811,,151,,360
3711,9.35154,,151,,359.6
3712,9.35515,,150,,359.4
3713,9.35857,,149,,359.2
3714,9.36201,,149,,359
3715,9.36556,,148,,358.6
3716,9.36909,,148,,358.2
3717,9.37282,,147,,358
3718,9.37655,,146,,357.8
3719,9.38004,,145,,357.8
3720,9.38339,,145,,357
3721,9.38681,,144,,356.8
3722,9.39064,,144,,356.6
3723,9.39429,,143,,356.2
3724,9.39775,,143,,355.8
3725,9.40145,,143,,355.6
3726,9.40491,,142,,355.4
3727,9.40824,,142,,355.2
3728,9.41201,,142,,355.2
3729,9.41583,,141,,355.2
3730,9.41963,,141,,355
3731,9.42313,,141,,354.2
3732,9.42654,,140,,354
3733,9.42988,,140,,353.8
3734,9.43346,,139,,353.2
3735,9.43701,,139,,353
3736,9.44028,,139,,352.6
3737,9.44333,,138,,352.4
3738,9.44622,,138,,351.8
3739,9.44936,,138,,351.4
3740,9.45297,,137,,351
3741,9.45643,,137,,350.4
3742,9.45973,,136,,350
3743,9.46344,,136,,350
3744,9.46716,,135,,349.6
3745,9.47035,,135,,349.4
3746,9.47318,,135,,349
3747,9.47659,,135,,348.6
3748,9.48004,,136,,348.2
3749,9.48357,,135,,348.2
3750,9.48724,,136,,347.8
3751,9.49112,,136,,347.4
3752,9.49447,,136,,347.4
3753,9.49764,,135,,347.6
3754,9.50051,,136,,347.8
3755,9.50356,,136,,348
3756,9.50674,,136,,348
3757,9.50941,,136,,348.4
3758,9.51212,,136,,348.8
3759,9.5147,,136,,349.2
3760,9.51748,,136,,349.4
3761,9.52043,,136,,349.8
3762,9.52314,,137,,350
3763,9.52578,,138,,350.2
3764,9.52837,,139,,350.6
3765,9.53097,,141,,350.8
3766,9.53379,,141,,350.6
3767,9.53661,,143,,350.8
3768,9.5395,,144,,350.6
3769,9.54272,,145,,350.6
3770,9.54578,,146,,350.4
3771,9.54886,,146,,350.2
3772,9.55198,,147,,350.2
3773,9.55522,,148,,350
3774,9.5585,,150,,349.8
3775,9.56187,,150,,349.2
3776,9.5653,,150,,349
3777,9.56872,,150,,348.6
3778,9.57197,,151,,349
3779,9.5754,,151,,348.6
3780,9.57909,,151,,348.6
3781,9.58288,,152,,348.6
3782,9.58658,,152,,348.4
3783,9.59047,,151,,348.2
3784,9.59415,,151,,347.8
3785,9.59776,,151,,347.6
3786,9.6012,,151,,347.6
3787,9.60445,,150,,347.2
3788,9.60785,,150,,347
3789,9.6113,,150,,346.6
3790,9.61501,,150,,346.6
3791,9.61884,,150,,346.4
3792,9.62223,,149,,346
3793,9.62586,,150,,346.2
3794,9.62935,,150,,346.6
3795,9.63273,,150,,346.4
3796,9.63591,,149,,346.6
3797,9.63879,,150,,346.8
3798,9.64177,,149,,346.4
3799,9.64477,,149,,346.6
3800,9.64784,,149,,346.4
3801,9.65109,,149,,346.4
3802,9.65389,,149,,346.2
3803,9.65696,,149,,346.2
3804,9.66034,,149,,346.2
3805,9.66377,,150,,346.4
3806,9.66701,,150,,346.4
3807,9.67041,,150,,346.2
3808,9.67409,,150,,346.2
3809,9.67745,,150,,346.2
3810,9.68056,,150,,346.4
3811,9.68368,,151,,346.6
3812,9.68646,,151,,346.4
3813,9.68947,,151,,346.4
3814,9.69262,,151,,346.6
3815,9.69587,,151,,346.8
3816,9.69909,,151,,346.8
3817,9.7022,,152,,347
3818,9.70585,,152,,347
3819,9.70915,,152,,347
3820,9.71185,,152,,347.2
3821,9.71471,,153,,347.4
3822,9.71765,,153,,347.8
3823,9.72037,,153,,348
3824,9.72331,,153,,348.2
3825,9.72639,,154,,348.4
3826,9.72935,,154,,348.6
3827,9.73214,,154,,348.6
3828,9.73486,,154,,348.6
3829,9.73795,,154,,348.4
3830,9.74178,,154,,348
3831,9.74586,,155,,347.8
3832,9.74996,,155,,347.6
3833,9.75404,,155,,347.4
3834,9.75769,,154,,347.4
3835,9.76156,,155,,347.4
3836,9.76544,,155,,347
3837,9.76904,,155,,346.8
3838,9.77264,,155,,346.8
3839,9.77618,,155,,346.8
3840,9.77974,,154,,347
3841,9.78343,,155,,347.2
3842,9.78689,,155,,347
3843,9.79041,,154,,347
3844,9.79402,,154,,346.4
3845,9.79743,,154,,346.2
3846,9.80113,,154,,346.2
3847,9.80455,,154,,346.2
3848,9.80764,,154,,345.8
3849,9.81089,,154,,345.8
3850,9.81421,,153,,345.4
3851,9.81738,,153,,345.2
3852,9.82072,,153,,344.8
3853,9.82439,,152,,344.8
3854,9.82839,,152,,344.8
3855,9.83231,,151,,344.8
3856,9.83583,,151,,344.2
3857,9.83908,,151,,343.8
3858,9.84242,,150,,343.6
3859,9.84587,,149,,343.2
3860,9.84957,,149,,342.8
3861,9.85329,,149,,342.6
3862,9.85688,,148,,342.2
3863,9.8607,,148,,342.2
3864,9.86425,,148,,342.2
3865,9.86761,,147,,341.6
3866,9.87125,,147,,341
3867,9.87489,,146,,340.8
3868,9.87838,,146,,340.2
3869,9.88195,,146,,340
3870,9.88543,,145,,339.6
3871,9.88911,,145,,339.2
3872,9.89284,,145,,338.8
3873,9.89653,,144,,338.8
3874,9.90014,,144,,338.6
3875,9.90393,,144,,338.4
3876,9.9075,,144,,338
3877,9.91091,,144,,337.6
3878,9.91427,,143,,337.6
3879,9.91785,,143,,337.6
3880,9.92173,,143,,337.4
3881,9.92563,,143,,337.2
3882,9.92963,,144,,337.2
3883,9.93343,,143,,336.8
3884,9.93723,,143,,336.4
3885,9.94126,,144,,336.2
3886,9.94501,,143,,336
3887,9.94908,,143,,335.8
3888,9.9528,,143,,335.6
3889,9.95635,,143,,335.4
3890,9.9602,,143,,335.2
3891,9.96376,,143,,335
3892,9.96734,,144,,334.8
3893,9.97127,,143,,334.4
3894,9.97498,,143,,334
3895,9.97834,,143,,333.6
3896,9.9821,,142,,333.2
3897,9.9857,,142,,332.8
3898,9.98949,,141,,332.2
3899,9.99352,,141,,331.8
3900,9.99725,,141,,331.4
3901,10.001,,140,,331
3902,10.0048,,140,,330.8
3903,10.0083,,140,,330.4
3904,10.0119,,139,,330.8
3905,10.0155,,139,,330.4
3906,10.0189,,139,,329.2
3907,10.0222,,138,,328.8
3908,10.0257,,138,,328
3909,10.0292,,137,,327.4
3910,10.0329,,137,,327
3911,10.0365,,137,,326.8
3912,10.0402,,137,,326.6
3913,10.0442,,137,,326.6
3914,10.048,,136,,326.2
3915,10.0518,,136,,326
3916,10.0558,,136,,325.8
3917,10.0596,,136,,325.8
3918,10.0633,,136,,325.6
3919,10.0668,,136,,325.2
3920,10.0702,,136,,325.2
3921,10.0739,,136,,325
3922,10.0772,,135,,324.6
3923,10.0802,,135,,324.4
3924,10.0837,,136,,324
3925,10.0871,,136,,323.6
3926,10.0904,,136,,323.4
3927,10.0939,,137,,323
3928,10.0973,,137,,322.8
3929,10.1006,,137,,322.2
3930,10.1041,,136,,322
3931,10.1074,,136,,321.4
3932,10.1107,,136,,321.2
3933,10.1141,,136,,320.8
3934,10.1171,,136,,320.2
3935,10.1202,,136,,319.8
3936,10.1235,,136,,319.4
3937,10.1268,,135,,318.8
3938,10.1303,,135,,318.6
3939,10.134,,135,,318.4
3940,10.1373,,135,,318.4
3941,10.1403,,134,,317.8
3942,10.1432,,134,,317.6
3943,10.1465,,134,,317.4
3944,10.15,,134,,317
3945,10.1535,,134,,317
3946,10.1569,,134,,316.6
3947,10.1603,,133,,316.2
3948,10.1639,,133,,315.8
3949,10.1676,,133,,315.2
3950,10.1714,,133,,314.8
3951,10.1753,,133,,314.4
3952,10.179,,132,,313.8
3953,10.1824,,132,,313.2
3954,10.186,,132,,312.8
3955,10.1897,,132,,312.6
3956,10.1928,,131,,311.8
3957,10.1959,,131,,311.6
3958,10.1996,,131,,311.2
3959,10.2033,,131,,311
3960,10.207,,131,,310.4
3961,10.2106,,131,,309.8
3962,10.2141,,131,,309.2
3963,10.2175,,131,,308.8
3964,10.2212,,131,,308.8
3965,10.2249,,131,,308.6
3966,10.2287,,132,,308.8
3967,10.2322,,132,,308.4
3968,10.2353,,132,,308.6
3969,10.2393,,133,,308
3970,10.2432,,133,,308
3971,10.2471,,133,,307.6
3972,10.251,,134,,307.6
3973,10.2547,,134,,307.4
3974,10.2582,,134,,306.8
3975,10.2619,,134,,306.6
3976,10.2655,,135,,306.8
3977,10.269,,135,,306.6
3978,10.2724,,136,,306.2
3979,10.2763,,136,,306.2
3980,10.2799,,137,,305.8
3981,10.2835,,137,,305.4
3982,10.287,,137,,305.2
3983,10.2908,,137,,305.2
3984,10.2943,,137,,304.8
3985,10.2976,,138,,304.2
3986,10.301,,138,,304
3987,10.3041,,137,,303.6
3988,10.3073,,138,,303.6
3989,10.3108,,137,,302.8
3990,10.3143,,137,,302.8
3991,10.3178,,137,,302.4
3992,10.3213,,137,,302.2
3993,10.3249,,137,,302
3994,10.3285,,137,,301.8
3995,10.332,,137,,301.2
3996,10.3358,,136,,300.6
3997,10.3394,,136,,300.2
3998,10.3427,,136,,300
3999,10.3465,,136,,299.8
4000,10.3499,,136,,299.4
4001,10.3528,,136,,298.8
4002,10.3562,,136,,298.4
4003,10.3594,,136,,297.6
4004,10.3626,,136,,297.4
4005,10.366,,136,,297.2
4006,10.3692,,135,,296.8
4007,10.3717,,135,,296.6
4008,10.3748,,135,,296.2
4009,10.3781,,135,,295.8
4010,10.3812,,135,,295.4
4011,10.3847,,135,,295
4012,10.3878,,135,,294.8
4013,10.391,,134,,294.4
4014,10.3942,,134,,294
4015,10.3975,,134,,293.8
4016,10.401,,134,,293.6
4017,10.4045,,134,,293.2
4018,10.4077,,133,,292.8
4019,10.4109,,133,,292.8
4020,10.4142,,133,,292.6
4021,10.4178,,133,,292.4
4022,10.4211,,134,,291.8
4023,10.4244,,134,,291.8
4024,10.4276,,134,,291.6
4025,10.4312,,134,,291.6
4026,10.4342,,134,,291.6
4027,10.4366,,134,,291.4
4028,10.4392,,134,,291.4
4029,10.4421,,135,,291.2
4030,10.445,,135,,291
4031,10.4478,,135,,290.8
4032,10.4505,,135,,291
4033,10.4533,,136,,291.2
4034,10.4562,,137,,291
4035,10.4589,,137,,291
4036,10.4618,,138,,290.8
4037,10.4649,,139,,290.8
4038,10.4681,,140,,291
4039,10.4712,,140,,290.8
4040,10.4742,,141,,291
4041,10.4775,,142,,290.8
4042,10.4809,,143,,291.2
4043,10.4845,,143,,291.2
4044,10.4883,,144,,291.2
4045,10.492,,145,,291.2
4046,10.4961,,145,,291.2
4047,10.4996,,146,,291
4048,10.5029,,147,,291.2
4049,10.5066,,147,,291
4050,10.5102,,148,,291
4051,10.5135,,149,,291
4052,10.5168,,150,,291.2
4053,10.5201,,150,,291.2
4054,10.5234,,151,,291.4
4055,10.5266,,152,,291.6
4056,10.5297,,152,,291.6
4057,10.5329,,153,,291.6
4058,10.5363,,154,,292
4059,10.5398,,154,,292
4060,10.5427,,155,,292
4061,10.5456,,155,,292
4062,10.5493,,155,,292.2
4063,10.5528,,156,,292.2
4064,10.5563,,156,,292.6
4065,10.5594,,156,,292.6
4066,10.5625,,157,,292.6
4067,10.5657,,157,,292.8
4068,10.5694,,157,,293
4069,10.5729,,157,,293.2
4070,10.5763,,157,,293.4
4071,10.5797,,157,,293.6
4072,10.583,,157,,293.6
4073,10.5867,,158,,294
4074,10.59,,158,,294
4075,10.5937,,158,,294
4076,10.5975,,158,,294
4077,10.601,,159,,294.2
4078,10.6044,,159,,294.4
4079,10.6079,,160,,294.4
4080,10.6113,,160,,294.2
4081,10.6147,,160,,294.2
4082,10.6183,,160,,294.2
4083,10.6216,,161,,294
4084,10.6251,,161,,294
4085,10.6287,,161,,293.8
4086,10.6321,,161,,293.6
4087,10.6358,,161,,293.4
4088,10.6392,,161,,293
4089,10.6426,,161,,292.8
4090,10.6461,,161,,292.6
4091,10.6494,,161,,292.4
4092,10.6527,,160,,292
4093,10.6561,,160,,291.8
4094,10.6594,,160,,291.8
4095,10.6633,,160,,291.8
4096,10.6671,,160,,292
4097,10.6708,,159,,292.2
4098,10.6742,,159,,292.2
4099,10.6773,,159,,292
4100,10.6806,,158,,292
4101,10.6839,,158,,291.8
4102,10.6873,,158,,292
4103,10.6907,,157,,292
4104,10.6939,,157,,291.8
4105,10.6972,,157,,291.8
4106,10.7005,,158,,291.8
4107,10.7041,,157,,292.2
4108,10.7075,,157,,292
4109,10.7111,,157,,291.8
4110,10.7144,,156,,292
4111,10.7179,,156,,291.8
4112,10.7218,,156,,292
4113,10.7251,,156,,292.2
4114,10.7285,,156,,292
4115,10.7314,,156,,292
4116,10.734,,156,,292
4117,10.737,,156,,292
4118,10.7403,,155,,292
4119,10.7437,,155,,292
4120,10.7466,,156,,292.2
4121,10.7495,,156,,292.2
4122,10.7525,,156,,292
4123,10.7558,,156,,291.8
4124,10.7594,,156,,291.8
4125,10.763,,155,,291.6
4126,10.7665,,156,,291.4
4127,10.7702,,156,,291.2
4128,10.7737,,155,,291
4129,10.7777,,155,,290.8
4130,10.7817,,155,,290.4
4131,10.7856,,155,,290.4
4132,10.7893,,154,,289.8
4133,10.7927,,154,,289.6
4134,10.796,,153,,289.4
4135,10.7993,,153,,289
4136,10.8024,,153,,288.8
4137,10.8055,,152,,288.4
4138,10.8088,,152,,288.2
4139,10.8122,,151,,287.6
4140,10.8156,,151,,287.2
4141,10.8193,,151,,287
4142,10.8227,,150,,286.6
4143,10.826,,151,,286.4
4144,10.829,,150,,286.4
4145,10.8323,,150,,286.6
4146,10.8357,,150,,286.8
4147,10.839,,150,,286.6
4148,10.8419,,150,,286.4
4149,10.8448,,150,,286.4
4150,10.8476,,150,,286.4
4151,10.8506,,149,,286.2
4152,10.8537,,149,,286.2
4153,10.8571,,149,,286.2
4154,10.8608,,149,,286.4
4155,10.8641,,149,,286.2
4156,10.8676,,149,,286.2
4157,10.8716,,149,,286.4
4158,10.8755,,149,,286.2
4159,10.879,,149,,286
4160,10.8825,,149,,286.2
4161,10.886,,149,,286.2
4162,10.8892,,148,,286
4163,10.8923,,149,,286
4164,10.8956,,149,,285.8
4165,10.8989,,148,,285.6
4166,10.9021,,148,,285.8
4167,10.9049,,148,,285.6
4168,10.9077,,148,,285.2
4169,10.9107,,148,,284.8
4170,10.9132,,148,,284.4
4171,10.916,,148,,284.2
4172,10.9194,,147,,284
4173,10.9231,,147,,283.6
4174,10.9268,,147,,283.2
4175,10.9305,,147,,283
4176,10.9338,,147,,282.8
4177,10.9375,,146,,282.8
4178,10.9413,,147,,282.6
4179,10.9447,,147,,282.8
4180,10.948,,147,,282.8
4181,10.9515,,147,,282.6
4182,10.9548,,147,,282.6
4183,10.9581,,148,,282.6
4184,10.9615,,148,,282.6
4185,10.9649,,148,,283
4186,10.9678,,148,,283
4187,10.971,,148,,282.8
4188,10.9741,,149,,282.8
4189,10.9777,,149,,282.8
4190,10.981,,150,,282.8
4191,10.9842,,150,,283
4192,10.9872,,151,,283.4
4193,10.9902,,151,,283.4
4194,10.9936,,152,,283.2
4195,10.9968,,152,,283.2
4196,10.9999,,153,,283.4
4197,11.0029,,153,,283.8
4198,11.0061,,154,,284
4199,11.0091,,155,,284.6
4200,11.0121,,155,,284.4
4201,11.015,,155,,284.6
4202,11.0179,,156,,284.6
4203,11.0208,,156,,284.8
4204,11.0234,,157,,284.8
4205,11.0261,,157,,285
4206,11.0289,,157,,285
4207,11.0319,,158,,285.2
4208,11.035,,159,,285.6
4209,11.0385,,159,,285.8
4210,11.042,,159,,286
4211,11.0455,,160,,285.8
4212,11.049,,160,,285.8
4213,11.0527,,160,,286
4214,11.0562,,160,,285.8
4215,11.0597,,161,,285.8
4216,11.0631,,161,,286
4217,11.0666,,161,,286
4218,11.0701,,161,,286
4219,11.0733,,161,,285.8
4220,11.0766,,161,,285.8
4221,11.0798,,162,,285.8
4222,11.0829,,161,,285.8
4223,11.086,,161,,286.2
4224,11.089,,161,,285.8
4225,11.0924,,161,,285.6
4226,11.0956,,160,,285.6
4227,11.0987,,160,,285.4
4228,11.1015,,160,,285.4
4229,11.1047,,159,,285.4
4230,11.108,,159,,285.6
4231,11.111,,158,,285.4
4232,11.1139,,158,,285.2
4233,11.1167,,159,,284.8
4234,11.1196,,158,,284.8
4235,11.1226,,158,,284.8
4236,11.1258,,158,,285
4237,11.1287,,159,,284.8
4238,11.1314,,158,,284.8
4239,11.1342,,158,,285.2
4240,11.1375,,158,,285.4
4241,11.1404,,159,,285.8
4242,11.1434,,158,,286
4243,11.146,,158,,286.2
4244,11.1487,,159,,286.6
4245,11.1519,,159,,286.2
4246,11.1552,,159,,286
4247,11.1582,,159,,286.2
4248,11.1613,,159,,286.2
4249,11.1644,,158,,286.4
4250,11.1672,,159,,286.6
4251,11.1705,,159,,286.6
4252,11.1736,,160,,286.8
4253,11.1773,,160,,286.8
4254,11.1808,,161,,287
4255,11.1844,,161,,287.2
4256,11.1882,,161,,287.2
4257,11.1916,,161,,287.4
4258,11.1953,,162,,287.6
4259,11.1988,,162,,287.8
4260,11.2021,,162,,288
4261,11.2057,,162,,287.8
4262,11.2091,,162,,287.8
4263,11.2128,,162,,287.8
4264,11.2164,,163,,287.6
4265,11.2202,,163,,287.4
4266,11.224,,162,,287.4
4267,11.2278,,162,,287
4268,11.232,,163,,286.8
4269,11.2361,,162,,286.4
4270,11.2401,,162,,286.2
4271,11.2439,,162,,286
4272,11.2476,,162,,286
4273,11.251,,161,,286.4
4274,11.2545,,161,,286.4
4275,11.258,,161,,286
4276,11.2612,,160,,286
4277,11.2647,,160,,286
4278,11.2678,,159,,286.2
4279,11.2709,,159,,286.2
4280,11.274,,158,,286.2
4281,11.2767,,157,,286.4
4282,11.2793,,157,,286.6
4283,11.2818,,157,,286.6
4284,11.2847,,157,,287
4285,11.2877,,157,,287
4286,11.2905,,157,,287.2
4287,11.2935,,157,,287.4
4288,11.2976,,157,,287.4
4289,11.301,,157,,287.6
4290,11.3045,,157,,287.6
4291,11.3077,,157,,288
4292,11.3105,,158,,288
4293,11.3134,,158,,288
4294,11.3162,,158,,288
4295,11.3191,,159,,288
4296,11.322,,158,,288.4
4297,11.325,,158,,288.4
4298,11.3278,,159,,288.8
4299,11.3308,,158,,289
4300,11.3334,,158,,289.2
4301,11.336,,158,,289.4
4302,11.3378,,157,,289.6
4303,11.3384,,157,,289.4
4304,11.3402,,157,,289.2
4305,11.3425,,157,,289
4306,11.345,,156,,288.8
4307,11.3475,,156,,288.6
4308,11.3501,,156,,288.4
4309,11.3527,,156,,288.6
4310,11.3555,,156,,288.4
4311,11.3587,,156,,288
4312,11.3618,,156,,288
4313,11.3648,,156,,288
4314,11.3679,,156,,288
4315,11.3705,,155,,287.8
4316,11.3733,,155,,287.8
4317,11.376,,154,,287
4318,11.3786,,154,,287
4319,11.3811,,153,,287.4
4320,11.3833,,153,,287.2
4321,11.3857,,152,,287
4322,11.389,,152,,287.4
4323,11.3921,,151,,287.4
4324,11.3952,,151,,286.8
4325,11.3985,,151,,286.4
4326,11.4018,,151,,286.6
4327,11.405,,151,,286.6
4328,11.4082,,151,,286.8
4329,11.4117,,151,,286.6
4330,11.4149,,151,,286.6
4331,11.4181,,151,,286.8
4332,11.4213,,151,,287.2
4333,11.4248,,151,,287.2
4334,11.4284,,152,,287.2
4335,11.4316,,152,,286.8
4336,11.4346,,153,,286.8
4337,11.4373,,153,,287.2
4338,11.4402,,153,,287.6
4339,11.4433,,154,,287.4
4340,11.446,,154,,287.6
4341,11.4491,,155,,287.8
4342,11.4526,,155,,287.8
4343,11.4561,,155,,287.6
4344,11.4593,,156,,287.6
4345,11.4624,,156,,287.8
4346,11.4652,,155,,287.8
4347,11.4684,,156,,287.6
4348,11.472,,155,,287.6
4349,11.4751,,156,,287.6
4350,11.4778,,156,,287.6
4351,11.4803,,156,,287.4
4352,11.4832,,156,,287.2
4353,11.4864,,156,,287
4354,11.4895,,156,,286.8
4355,11.493,,155,,286.8
4356,11.4962,,155,,286.8
4357,11.4993,,155,,286.6
4358,11.5023,,154,,286.2
4359,11.5052,,154,,286.2
4360,11.5083,,153,,286
4361,11.5114,,153,,286
4362,11.5143,,153,,286
4363,11.5178,,152,,285.8
4364,11.5211,,151,,285.6
4365,11.5239,,152,,285.6
4366,11.5268,,151,,285.6
4367,11.5296,,151,,285.6
4368,11.5321,,151,,285.4
4369,11.5348,,150,,285.2
4370,11.5375,,150,,285.2
4371,11.54,,150,,285.2
4372,11.5427,,150,,285.6
4373,11.5461,,150,,285.6
4374,11.5496,,150,,285.8
4375,11.5533,,150,,285.8
4376,11.5568,,150,,285.6
4377,11.5602,,151,,286
4378,11.5637,,151,,286.2
4379,11.5666,,151,,286
4380,11.5698,,151,,286
4381,11.5732,,152,,286.2
4382,11.5764,,152,,286.4
4383,11.5794,,152,,286.6
4384,11.5829,,152,,286.2
4385,11.5861,,153,,286
4386,11.5897,,153,,286
4387,11.5934,,154,,285.8
4388,11.5968,,154,,285.8
4389,11.6008,,154,,285.8
4390,11.6049,,155,,285.8
4391,11.6085,,155,,285.8
4392,11.6125,,155,,285.8
4393,11.6164,,155,,285.8
4394,11.6205,,156,,285.8
4395,11.624,,155,,285.6
4396,11.6273,,155,,285.4
4397,11.6305,,155,,285.2
4398,11.6334,,155,,284.8
4399,11.6364,,155,,284.8
4400,11.6394,,155,,284.8
4401,11.6424,,155,,284.8
4402,11.645,,155,,284.8
4403,11.6476,,155,,284.8
4404,11.6502,,154,,284.4
4405,11.6532,,154,,284.2
4406,11.6567,,153,,283.8
4407,11.6604,,154,,283.2
4408,11.6639,,153,,283.2
4409,11.6671,,153,,283.4
4410,11.6705,,153,,283
4411,11.6741,,153,,283.2
4412,11.6777,,153,,283.2
4413,11.6811,,153,,283.2
4414,11.6845,,152,,283.2
4415,11.6879,,152,,283.2
4416,11.6911,,153,,283.2
4417,11.6939,,153,,283.4
4418,11.6971,,153,,283.4
4419,11.7002,,153,,283.2
4420,11.7039,,153,,283.2
4421,11.7076,,153,,283.2
4422,11.7109,,153,,283.2
4423,11.7145,,153,,283.2
4424,11.718,,153,,283
4425,11.7216,,153,,283.2
4426,11.7255,,153,,283.4
4427,11.7289,,154,,283.4
4428,11.732,,154,,283.4
4429,11.7348,,154,,283.8
4430,11.7379,,154,,284
4431,11.7409,,155,,284.2
4432,11.7441,,155,,284.4
4433,11.7465,,155,,284.8
4434,11.749,,155,,284.8
4435,11.7513,,155,,285
4436,11.754,,155,,285.2
4437,11.757,,155,,285.4
4438,11.7594,,155,,285.6
4439,11.7619,,156,,285.8
4440,11.7646,,156,,285.8
4441,11.7671,,156,,285.8
4442,11.7704,,156,,286
4443,11.773,,156,,286
4444,11.7757,,156,,285.8
4445,11.7783,,156,,285.8
4446,11.7808,,157,,286
4447,11.7837,,157,,286
4448,11.7861,,157,,286
4449,11.7886,,157,,286.2
4450,11.7912,,157,,286.6
4451,11.7939,,157,,286.6
4452,11.7969,,157,,286.8
4453,11.7996,,157,,286.8
4454,11.8024,,158,,286.8
4455,11.8056,,158,,287.2
4456,11.8086,,157,,287.2
4457,11.8116,,157,,287.2
4458,11.8142,,157,,287.2
4459,11.8168,,158,,287.4
4460,11.8194,,158,,287.2
4461,11.8222,,157,,287.6
4462,11.825,,157,,287.4
4463,11.8275,,157,,287.2
4464,11.8299,,157,,287.2
4465,11.8321,,157,,287.2
4466,11.8342,,157,,287.2
4467,11.8369,,157,,287.2
4468,11.8395,,157,,287.4
4469,11.8421,,157,,287.6
4470,11.8446,,157,,287.8
4471,11.8476,,157,,287.8
4472,11.8503,,158,,288
4473,11.8535,,158,,288.4
4474,11.8563,,157,,288.6
4475,11.8587,,157,,288.8
4476,11.8609,,157,,289
4477,11.8632,,157,,289.2
4478,11.8659,,157,,289.4
4479,11.8689,,157,,289.6
4480,11.8718,,157,,289.8
4481,11.8748,,157,,290
4482,11.8781,,157,,290.4
4483,11.8809,,158,,290.6
4484,11.8837,,158,,291
4485,11.8867,,158,,291
4486,11.8895,,158,,291.4
4487,11.8921,,159,,291.6
4488,11.8946,,159,,291.8
4489,11.8972,,159,,292
4490,11.8996,,159,,292.2
4491,11.9022,,159,,292.2
4492,11.9047,,159,,292.4
4493,11.907,,158,,292.4
4494,11.9092,,158,,292.6
4495,11.9116,,157,,292.6
4496,11.9136,,157,,292.8
4497,11.9155,,157,,292.6
4498,11.9179,,157,,292.8
4499,11.9203,,157,,293.2
4500,11.9227,,157,,293.2
4501,11.9253,,157,,293
4502,11.9278,,156,,293
4503,11.9305,,156,,293
4504,11.9337,,156,,293
4505,11.9367,,156,,293
4506,11.9391,,156,,293
4507,11.9421,,155,,292.8
4508,11.9452,,155,,292.6
4509,11.9481,,156,,292.6
4510,11.9508,,155,,292.8
4511,11.9534,,155,,292.8
4512,11.9562,,155,,292.8
4513,11.9591,,155,,292.6
4514,11.962,,155,,292.6
4515,11.9654,,154,,292.6
4516,11.9691,,154,,292.6
4517,11.9723,,154,,292.6
4518,11.9758,,153,,292.8
4519,11.9789,,153,,292.6
4520,11.982,,154,,292.4
4521,11.9853,,153,,292.2
4522,11.9886,,153,,292.2
4523,11.9919,,153,,292.2
4524,11.9954,,153,,292
4525,11.9989,,153,,292
4526,12.002,,153,,292.4
4527,12.0053,,152,,292.6
4528,12.0091,,152,,292.6
4529,12.0128,,151,,292.6
4530,12.016,,151,,292.8
4531,12.0188,,151,,292.8
4532,12.0214,,151,,292.8
4533,12.0241,,151,,293
4534,12.0267,,151,,293.2
4535,12.0292,,151,,293.6
4536,12.0318,,151,,294
4537,12.0343,,151,,293.8
4538,12.0367,,151,,294.2
4539,12.0395,,151,,294.2
4540,12.0423,,151,,294.4
4541,12.045,,150,,294.6
4542,12.0478,,151,,294.8
4543,12.0512,,151,,294.8
4544,12.0547,,151,,294.8
4545,12.0579,,151,,295
4546,12.0612,,151,,295
4547,12.0643,,152,,294.8
4548,12.0674,,152,,294.8
4549,12.0709,,152,,294.8
4550,12.0738,,152,,294.8
4551,12.077,,152,,294.6
4552,12.0803,,152,,294.6
4553,12.0833,,152,,294.6
4554,12.0863,,152,,294.8
4555,12.0893,,152,,294.6
4556,12.0921,,151,,294.2
4557,12.0953,,151,,294
4558,12.0983,,151,,293.6
4559,12.1012,,150,,293.4
4560,12.1046,,150,,293.4
4561,12.1079,,149,,293.2
4562,12.1117,,148,,293
4563,12.1153,,147,,292.8
4564,12.1183,,147,,293
4565,12.1215,,146,,293
4566,12.1246,,145,,292.8
4567,12.1271,,145,,292.6
4568,12.1299,,146,,292.8
4569,12.1327,,146,,293
4570,12.1356,,147,,292.6
4571,12.1386,,147,,292.6
4572,12.1417,,148,,292.2
4573,12.1447,,149,,292.4
4574,12.1475,,149,,292.4
4575,12.1509,,150,,292
4576,12.1545,,150,,292
4577,12.1579,,150,,291.6
4578,12.161,,151,,291.2
4579,12.1641,,151,,291
4580,12.1673,,151,,291
4581,12.1704,,151,,291.2
4582,12.1736,,151,,291.2
4583,12.1767,,152,,291.4
4584,12.1798,,152,,291.6
4585,12.1826,,151,,291.4
4586,12.1852,,151,,291.2
4587,12.1879,,151,,291.2
4588,12.1907,,151,,291
4589,12.1934,,151,,291
4590,12.1965,,151,,291.2
4591,12.1997,,151,,291
4592,12.2027,,150,,291
4593,12.2059,,151,,290.8
4594,12.2094,,150,,291
4595,12.2128,,151,,291
4596,12.2159,,151,,291.4
4597,12.2187,,151,,291.4
4598,12.2219,,151,,291.6
4599,12.2253,,151,,291.8
4600,12.2279,,151,,291.8
4601,12.2306,,152,,291.8
4602,12.2335,,152,,291.8
4603,12.2365,,152,,291.6
4604,12.2398,,152,,291.8
4605,12.2435,,152,,291.4
4606,12.2472,,152,,291.2
4607,12.2507,,152,,291.4
4608,12.2543,,151,,291.4
4609,12.2579,,151,,291.2
4610,12.2614,,152,,291.2
4611,12.2651,,152,,290.8
4612,12.2688,,151,,290.8
4613,12.2725,,151,,291
4614,12.2759,,151,,290.6
4615,12.2794,,150,,290.2
4616,12.2829,,150,,289.8
4617,12.2863,,150,,289.8
4618,12.2899,,150,,289.2
4619,12.2936,,149,,288.8
4620,12.2973,,150,,288.6
4621,12.301,,149,,288.4
4622,12.3047,,148,,288.6
4623,12.3081,,148,,288.2
4624,12.3115,,148,,287.8
4625,12.3147,,148,,287.6
4626,12.3181,,147,,287.6
4627,12.3216,,147,,287.4
4628,12.3249,,147,,287.2
4629,12.328,,146,,287.6
4630,12.3314,,146,,287.2
4631,12.3345,,145,,286.8
4632,12.3375,,145,,286.6
4633,12.3408,,145,,286.4
4634,12.3439,,145,,286
4635,12.3469,,144,,286
4636,12.3502,,144,,285.8
4637,12.3535,,144,,285.8
4638,12.3569,,143,,285.8
4639,12.3603,,143,,285.8
4640,12.3633,,143,,285.4
4641,12.3666,,143,,285.4
4642,12.3701,,143,,285.2
4643,12.3731,,142,,285
4644,12.3764,,142,,285
4645,12.3795,,142,,285.2
4646,12.3826,,142,,285.2
4647,12.3857,,141,,285.2
4648,12.389,,141,,284.8
4649,12.3918,,140,,284.8
4650,12.3947,,140,,284.4
4651,12.3977,,140,,284.4
4652,12.4005,,139,,284.2
4653,12.4032,,139,,283.8
4654,12.4064,,139,,283.6
4655,12.4094,,138,,283.4
4656,12.4126,,138,,283.4
4657,12.4154,,137,,283.4
4658,12.4177,,137,,283.2
