secs,km,power,hr,cad,alt
0,0,,59,,0
1,0.00149,,59,,211.6
2,0.00298,,72,,211.4
3,0.00475,,84,,211.4
4,0.00475,,84,,211.6
5,0.00765,,84,,211.6
6,0.01101,,84,,211.667
7,0.01437,,84,,211.733
8,0.01773,,84,,211.8
9,0.02109,,84,,211.867
10,0.02445,,84,,211.933
11,0.02781,,84,,212
12,0.03049,,85.25,,212.05
13,0.03317,,86.5,,212.1
14,0.03585,,87.75,,212.15
15,0.03853,,89,,212.2
16,0.04112,,89,,212.2
17,0.0438333,,90,,212.267
18,0.0465467,,91,,212.333
19,0.04926,,92,,212.4
20,0.0518525,,93,,212.4
21,0.054445,,94,,212.4
22,0.0570375,,95,,212.4
23,0.05963,,96,,212.4
24,0.0624033,,97.3333,,212.4
25,0.0651767,,98.6667,,212.4
26,0.06795,,100,,212.4
27,0.0697733,,101.333,,212.4
28,0.0715967,,102.667,,212.4
29,0.07342,,104,,212.4
30,0.0761,,105.5,,212.4
31,0.07878,,107,,212.4
32,0.081635,,108.5,,212.4
33,0.08449,,110,,212.4
34,0.087135,,111,,212.45
35,0.08978,,112,,212.5
36,0.092425,,113,,212.55
37,0.09507,,114,,212.6
38,0.097915,,115.5,,212.6
39,0.10076,,117,,212.6
40,0.103423,,117.75,,212.65
41,0.106085,,118.5,,212.7
42,0.108748,,119.25,,212.75
43,0.11141,,120,,212.8
44,0.113988,,120.6,,212.84
45,0.116566,,121.2,,212.88
46,0.119144,,121.8,,212.92
47,0.121722,,122.4,,212.96
48,0.1243,,123,,213
49,0.126778,,123,,213.05
50,0.129255,,123,,213.1
51,0.131733,,123,,213.15
52,0.13421,,123,,213.2
53,0.136687,,123,,213.25
54,0.139165,,123,,213.3
55,0.141642,,123,,213.35
56,0.14412,,123,,213.4
57,0.147079,,123,,213.457
58,0.150037,,123,,213.514
59,0.152996,,123,,213.571
60,0.155954,,123,,213.629
61,0.158913,,123,,213.686
62,0.161871,,123,,213.743
63,0.16483,,123,,213.8
64,0.16731,,123,,213.822
65,0.16979,,123,,213.844
66,0.17227,,123,,213.867
67,0.17475,,123,,213.889
68,0.17723,,123,,213.911
69,0.17971,,123,,213.933
70,0.18219,,123,,213.956
71,0.18467,,123,,213.978
72,0.18715,,123,,214
73,0.189675,,123.125,,213.95
74,0.1922,,123.25,,213.9
75,0.194725,,123.375,,213.85
76,0.19725,,123.5,,213.8
77,0.199775,,123.625,,213.75
78,0.2023,,123.75,,213.7
79,0.204825,,123.875,,213.65
80,0.20735,,124,,213.6
81,0.209969,,124.125,,213.575
82,0.212588,,124.25,,213.55
83,0.215206,,124.375,,213.525
84,0.217825,,124.5,,213.5
85,0.220444,,124.625,,213.475
86,0.223063,,124.75,,213.45
87,0.225681,,124.875,,213.425
88,0.2283,,125,,213.4
89,0.23086,,124.875,,213.4
90,0.23342,,124.75,,213.4
91,0.23598,,124.625,,213.4
92,0.23854,,124.5,,213.4
93,0.2411,,124.375,,213.4
94,0.24366,,124.25,,213.4
95,0.24622,,124.125,,213.4
96,0.24878,,124,,213.4
97,0.251441,,123.875,,213.375
98,0.254103,,123.75,,213.35
99,0.256764,,123.625,,213.325
100,0.259425,,123.5,,213.3
101,0.262086,,123.375,,213.275
102,0.264748,,123.25,,213.25
103,0.267409,,123.125,,213.225
104,0.27007,,123,,213.2
105,0.272889,,123,,213.35
106,0.275708,,123,,213.5
107,0.278526,,123,,213.65
108,0.281345,,123,,213.8
109,0.284164,,123,,213.95
110,0.286982,,123,,214.1
111,0.289801,,123,,214.25
112,0.29262,,123,,214.4
113,0.295382,,123.125,,214.725
114,0.298145,,123.25,,215.05
115,0.300907,,123.375,,215.375
116,0.30367,,123.5,,215.7
117,0.306432,,123.625,,216.025
118,0.309195,,123.75,,216.35
119,0.311958,,123.875,,216.675
120,0.31472,,124,,217
121,0.317359,,124,,217.05
122,0.319997,,124,,217.1
123,0.322636,,124,,217.15
124,0.325275,,124,,217.2
125,0.327914,,124,,217.25
126,0.330552,,124,,217.3
127,0.333191,,124,,217.35
128,0.33583,,124,,217.4
129,0.338532,,124.125,,217.175
130,0.341235,,124.25,,216.95
131,0.343937,,124.375,,216.725
132,0.34664,,124.5,,216.5
133,0.349343,,124.625,,216.275
134,0.352045,,124.75,,216.05
135,0.354748,,124.875,,215.825
136,0.35745,,125,,215.6
137,0.359807,,125,,215.244
138,0.362163,,125,,214.889
139,0.36452,,125,,214.533
140,0.366877,,125,,214.178
141,0.369233,,125,,213.822
142,0.37159,,125,,213.467
143,0.373947,,125,,213.111
144,0.376303,,125,,212.756
145,0.37866,,125,,212.4
146,0.380976,,124.6,,212.2
147,0.383292,,124.2,,212
148,0.385608,,123.8,,211.8
149,0.387924,,123.4,,211.6
150,0.39024,,123,,211.4
151,0.392827,,122.5,,211.467
152,0.395413,,122,,211.533
153,0.398,,121.5,,211.6
154,0.400587,,121,,211.667
155,0.403173,,120.5,,211.733
156,0.40576,,120,,211.8
157,0.40867,,120,,211.886
158,0.41158,,120,,211.971
159,0.41449,,120,,212.057
160,0.4174,,120,,212.143
161,0.42031,,120,,212.229
162,0.42322,,120,,212.314
163,0.42613,,120,,212.4
164,0.42894,,120.125,,212.475
165,0.43175,,120.25,,212.55
166,0.43456,,120.375,,212.625
167,0.43737,,120.5,,212.7
168,0.44018,,120.625,,212.775
169,0.44299,,120.75,,212.85
170,0.4458,,120.875,,212.925
171,0.44861,,121,,213
172,0.450765,,121,,212.98
173,0.45292,,121,,212.96
174,0.455075,,121,,212.94
175,0.45723,,121,,212.92
176,0.459385,,121,,212.9
177,0.46154,,121,,212.88
178,0.463695,,121,,212.86
179,0.46585,,121,,212.84
180,0.468005,,121,,212.82
181,0.47016,,121,,212.8
182,0.472803,,121.125,,212.875
183,0.475445,,121.25,,212.95
184,0.478087,,121.375,,213.025
185,0.48073,,121.5,,213.1
186,0.483372,,121.625,,213.175
187,0.486015,,121.75,,213.25
188,0.488657,,121.875,,213.325
189,0.4913,,122,,213.4
190,0.494035,,121.875,,213.475
191,0.49677,,121.75,,213.55
192,0.499505,,121.625,,213.625
193,0.50224,,121.5,,213.7
194,0.504975,,121.375,,213.775
195,0.50771,,121.25,,213.85
196,0.510445,,121.125,,213.925
197,0.51318,,121,,214
198,0.516005,,121.25,,214.075
199,0.51883,,121.5,,214.15
200,0.521655,,121.75,,214.225
201,0.52448,,122,,214.3
202,0.527305,,122.25,,214.375
203,0.53013,,122.5,,214.45
204,0.532955,,122.75,,214.525
205,0.53578,,123,,214.6
206,0.538564,,123.125,,214.7
207,0.541348,,123.25,,214.8
208,0.544131,,123.375,,214.9
209,0.546915,,123.5,,215
210,0.549699,,123.625,,215.1
211,0.552482,,123.75,,215.2
212,0.555266,,123.875,,215.3
213,0.55805,,124,,215.4
214,0.56079,,124.125,,215.5
215,0.56353,,124.25,,215.6
216,0.56627,,124.375,,215.7
217,0.56901,,124.5,,215.8
218,0.57175,,124.625,,215.9
219,0.57449,,124.75,,216
220,0.57723,,124.875,,216.1
221,0.57997,,125,,216.2
222,0.582829,,125,,216.286
223,0.585687,,125,,216.371
224,0.588546,,125,,216.457
225,0.591404,,125,,216.543
226,0.594263,,125,,216.629
227,0.597121,,125,,216.714
228,0.59998,,125,,216.8
229,0.602854,,125.125,,216.55
230,0.605727,,125.25,,216.3
231,0.608601,,125.375,,216.05
232,0.611475,,125.5,,215.8
233,0.614349,,125.625,,215.55
234,0.617222,,125.75,,215.3
235,0.620096,,125.875,,215.05
236,0.62297,,126,,214.8
237,0.62576,,126.125,,214.575
238,0.62855,,126.25,,214.35
239,0.63134,,126.375,,214.125
240,0.63413,,126.5,,213.9
241,0.63692,,126.625,,213.675
242,0.63971,,126.75,,213.45
243,0.6425,,126.875,,213.225
244,0.64529,,127,,213
245,0.648019,,126.875,,212.9
246,0.650747,,126.75,,212.8
247,0.653476,,126.625,,212.7
248,0.656205,,126.5,,212.6
249,0.658934,,126.375,,212.5
250,0.661662,,126.25,,212.4
251,0.664391,,126.125,,212.3
252,0.66712,,126,,212.2
253,0.669611,,125.875,,212.075
254,0.672102,,125.75,,211.95
255,0.674594,,125.625,,211.825
256,0.677085,,125.5,,211.7
257,0.679576,,125.375,,211.575
258,0.682067,,125.25,,211.45
259,0.684559,,125.125,,211.325
260,0.68705,,125,,211.2
261,0.689704,,125,,211.25
262,0.692357,,125,,211.3
263,0.695011,,125,,211.35
264,0.697665,,125,,211.4
265,0.700319,,125,,211.45
266,0.702973,,125,,211.5
267,0.705626,,125,,211.55
268,0.70828,,125,,211.6
269,0.710826,,125.25,,211.625
270,0.713373,,125.5,,211.65
271,0.715919,,125.75,,211.675
272,0.718465,,126,,211.7
273,0.721011,,126.25,,211.725
274,0.723558,,126.5,,211.75
275,0.726104,,126.75,,211.775
276,0.72865,,127,,211.8
277,0.731278,,127,,211.75
278,0.733905,,127,,211.7
279,0.736532,,127,,211.65
280,0.73916,,127,,211.6
281,0.741945,,127.125,,211.575
282,0.74473,,127.25,,211.55
283,0.747515,,127.375,,211.525
284,0.7503,,127.5,,211.5
285,0.753085,,127.625,,211.475
286,0.75587,,127.75,,211.45
287,0.758655,,127.875,,211.425
288,0.76144,,128,,211.4
289,0.764094,,128.125,,211.525
290,0.766747,,128.25,,211.65
291,0.769401,,128.375,,211.775
292,0.772055,,128.5,,211.9
293,0.774709,,128.625,,212.025
294,0.777362,,128.75,,212.15
295,0.780016,,128.875,,212.275
296,0.78267,,129,,212.4
297,0.785131,,129.111,,212.489
298,0.787592,,129.222,,212.578
299,0.790053,,129.333,,212.667
300,0.792514,,129.444,,212.756
301,0.794976,,129.556,,212.844
302,0.797437,,129.667,,212.933
303,0.799898,,129.778,,213.022
304,0.802359,,129.889,,213.111
305,0.80482,,130,,213.2
306,0.80755,,130.125,,213.35
307,0.81028,,130.25,,213.5
308,0.81301,,130.375,,213.65
309,0.81574,,130.5,,213.8
310,0.81847,,130.625,,213.95
311,0.8212,,130.75,,214.1
312,0.82393,,130.875,,214.25
313,0.82666,,131,,214.4
314,0.829252,,131,,214.52
315,0.831844,,131,,214.64
316,0.834436,,131,,214.76
317,0.837028,,131,,214.88
318,0.83962,,131,,215
319,0.842469,,130.875,,215.025
320,0.845317,,130.75,,215.05
321,0.848166,,130.625,,215.075
322,0.851015,,130.5,,215.1
323,0.853864,,130.375,,215.125
324,0.856712,,130.25,,215.15
325,0.859561,,130.125,,215.175
326,0.86241,,130,,215.2
327,0.865199,,130,,215.175
328,0.867987,,130,,215.15
329,0.870776,,130,,215.125
330,0.873565,,130,,215.1
331,0.876354,,130,,215.075
332,0.879142,,130,,215.05
333,0.881931,,130,,215.025
334,0.88472,,130,,215
335,0.887202,,129.889,,215.022
336,0.889684,,129.778,,215.044
337,0.892167,,129.667,,215.067
338,0.894649,,129.556,,215.089
339,0.897131,,129.444,,215.111
340,0.899613,,129.333,,215.133
341,0.902096,,129.222,,215.156
342,0.904578,,129.111,,215.178
343,0.90706,,129,,215.2
344,0.909754,,128.75,,215.2
345,0.912447,,128.5,,215.2
346,0.915141,,128.25,,215.2
347,0.917835,,128,,215.2
348,0.920529,,127.75,,215.2
349,0.923222,,127.5,,215.2
350,0.925916,,127.25,,215.2
351,0.92861,,127,,215.2
352,0.931199,,126.875,,215.175
353,0.933787,,126.75,,215.15
354,0.936376,,126.625,,215.125
355,0.938965,,126.5,,215.1
356,0.941554,,126.375,,215.075
357,0.944143,,126.25,,215.05
358,0.946731,,126.125,,215.025
359,0.94932,,126,,215
360,0.95205,,125.875,,215
361,0.95478,,125.75,,215
362,0.95751,,125.625,,215
363,0.96024,,125.5,,215
364,0.96297,,125.375,,215
365,0.9657,,125.25,,215
366,0.96843,,125.125,,215
367,0.97116,,125,,215
368,0.973824,,124.875,,214.925
369,0.976487,,124.75,,214.85
370,0.979151,,124.625,,214.775
371,0.981815,,124.5,,214.7
372,0.984479,,124.375,,214.625
373,0.987142,,124.25,,214.55
374,0.989806,,124.125,,214.475
375,0.99247,,124,,214.4
376,0.995444,,124,,214.4
377,0.998419,,124,,214.4
378,1.00139,,124,,214.4
379,1.00437,,124,,214.4
380,1.00734,,124,,214.4
381,1.01032,,124,,214.4
382,1.01329,,124,,214.4
383,1.01611,,124.125,,214.425
384,1.01894,,124.25,,214.45
385,1.02176,,124.375,,214.475
386,1.02458,,124.5,,214.5
387,1.02741,,124.625,,214.525
388,1.03023,,124.75,,214.55
389,1.03306,,124.875,,214.575
390,1.03588,,125,,214.6
391,1.03863,,125.125,,214.625
392,1.04137,,125.25,,214.65
393,1.04411,,125.375,,214.675
394,1.04686,,125.5,,214.7
395,1.0496,,125.625,,214.725
396,1.05235,,125.75,,214.75
397,1.05509,,125.875,,214.775
398,1.05784,,126,,214.8
399,1.06046,,125.875,,214.825
400,1.06307,,125.75,,214.85
401,1.06569,,125.625,,214.875
402,1.06831,,125.5,,214.9
403,1.07093,,125.375,,214.925
404,1.07355,,125.25,,214.95
405,1.07616,,125.125,,214.975
406,1.07878,,125,,215
407,1.08138,,125.125,,214.975
408,1.08397,,125.25,,214.95
409,1.08657,,125.375,,214.925
410,1.08917,,125.5,,214.9
411,1.09176,,125.625,,214.875
412,1.09436,,125.75,,214.85
413,1.09695,,125.875,,214.825
414,1.09955,,126,,214.8
415,1.10236,,125.875,,214.8
416,1.10516,,125.75,,214.8
417,1.10797,,125.625,,214.8
418,1.11078,,125.5,,214.8
419,1.11358,,125.375,,214.8
420,1.11639,,125.25,,214.8
421,1.11919,,125.125,,214.8
422,1.122,,125,,214.8
423,1.12489,,125.143,,214.829
424,1.12778,,125.286,,214.857
425,1.13067,,125.429,,214.886
426,1.13355,,125.571,,214.914
427,1.13644,,125.714,,214.943
428,1.13933,,125.857,,214.971
429,1.14222,,126,,215
430,1.14497,,126,,215
431,1.14772,,126,,215
432,1.15047,,126,,215
433,1.15321,,126,,215
434,1.15596,,126,,215
435,1.15871,,126,,215
436,1.16146,,126,,215
437,1.16421,,126,,215
438,1.16682,,126,,215.025
439,1.16942,,126,,215.05
440,1.17203,,126,,215.075
441,1.17464,,126,,215.1
442,1.17725,,126,,215.125
443,1.17985,,126,,215.15
444,1.18246,,126,,215.175
445,1.18507,,126,,215.2
446,1.18761,,125.875,,215.325
447,1.19014,,125.75,,215.45
448,1.19268,,125.625,,215.575
449,1.19522,,125.5,,215.7
450,1.19776,,125.375,,215.825
451,1.20029,,125.25,,215.95
452,1.20283,,125.125,,216.075
453,1.20537,,125,,216.2
454,1.20805,,124.75,,216.35
455,1.21073,,124.5,,216.5
456,1.21341,,124.25,,216.65
457,1.21609,,124,,216.8
458,1.21877,,123.75,,216.95
459,1.22145,,123.5,,217.1
460,1.22413,,123.25,,217.25
461,1.22681,,123,,217.4
462,1.22968,,123,,217.625
463,1.23256,,123,,217.85
464,1.23543,,123,,218.075
465,1.23831,,123,,218.3
466,1.24118,,123,,218.525
467,1.24405,,123,,218.75
468,1.24693,,123,,218.975
469,1.2498,,123,,219.2
470,1.25253,,123,,219.55
471,1.25525,,123,,219.9
472,1.25798,,123,,220.25
473,1.2607,,123,,220.6
474,1.26343,,123,,220.95
475,1.26615,,123,,221.3
476,1.26887,,123,,221.65
477,1.2716,,123,,222
478,1.27462,,123.143,,222.257
479,1.27763,,123.286,,222.514
480,1.28065,,123.429,,222.771
481,1.28366,,123.571,,223.029
482,1.28668,,123.714,,223.286
483,1.28969,,123.857,,223.543
484,1.29271,,124,,223.8
485,1.2957,,124,,223.771
486,1.29868,,124,,223.743
487,1.30167,,124,,223.714
488,1.30466,,124,,223.686
489,1.30765,,124,,223.657
490,1.31063,,124,,223.629
491,1.31362,,124,,223.6
492,1.31698,,124.143,,223.514
493,1.32034,,124.286,,223.429
494,1.3237,,124.429,,223.343
495,1.32705,,124.571,,223.257
496,1.33041,,124.714,,223.171
497,1.33377,,124.857,,223.086
498,1.33713,,125,,223
499,1.33958,,125.222,,222.933
500,1.34203,,125.444,,222.867
501,1.34448,,125.667,,222.8
502,1.34693,,125.889,,222.733
503,1.34939,,126.111,,222.667
504,1.35184,,126.333,,222.6
505,1.35429,,126.556,,222.533
506,1.35674,,126.778,,222.467
507,1.35919,,127,,222.4
508,1.36168,,127.111,,222.444
509,1.36417,,127.222,,222.489
510,1.36667,,127.333,,222.533
511,1.36916,,127.444,,222.578
512,1.37165,,127.556,,222.622
513,1.37414,,127.667,,222.667
514,1.37664,,127.778,,222.711
515,1.37913,,127.889,,222.756
516,1.38162,,128,,222.8
517,1.38456,,128,,222.65
518,1.3875,,128,,222.5
519,1.39044,,128,,222.35
520,1.39338,,128,,222.2
521,1.39631,,128,,222.05
522,1.39925,,128,,221.9
523,1.40219,,128,,221.75
524,1.40513,,128,,221.6
525,1.40741,,128,,221.64
526,1.40968,,128,,221.68
527,1.41196,,128,,221.72
528,1.41423,,128,,221.76
529,1.41651,,128,,221.8
530,1.41878,,128,,221.84
531,1.42106,,128,,221.88
532,1.42333,,128,,221.92
533,1.42561,,128,,221.96
534,1.42788,,128,,222
535,1.43085,,127.857,,222.057
536,1.43382,,127.714,,222.114
537,1.43679,,127.571,,222.171
538,1.43977,,127.429,,222.229
539,1.44274,,127.286,,222.286
540,1.44571,,127.143,,222.343
541,1.44868,,127,,222.4
542,1.45092,,126.9,,222.48
543,1.45316,,126.8,,222.56
544,1.4554,,126.7,,222.64
545,1.45764,,126.6,,222.72
546,1.45989,,126.5,,222.8
547,1.46213,,126.4,,222.88
548,1.46437,,126.3,,222.96
549,1.46661,,126.2,,223.04
550,1.46885,,126.1,,223.12
551,1.47109,,126,,223.2
552,1.47427,,126.125,,223.6
553,1.47745,,126.25,,224
554,1.48063,,126.375,,224.4
555,1.48382,,126.5,,224.8
556,1.487,,126.625,,225.2
557,1.49018,,126.75,,225.6
558,1.49336,,126.875,,226
559,1.49654,,127,,226.4
560,1.49922,,127,,226.6
561,1.50189,,127,,226.8
562,1.50457,,127,,227
563,1.50724,,127,,227.2
564,1.50991,,127,,227.4
565,1.51259,,127,,227.6
566,1.51526,,127,,227.8
567,1.51794,,127,,228
568,1.52043,,127.222,,228.289
569,1.52292,,127.444,,228.578
570,1.52541,,127.667,,228.867
571,1.5279,,127.889,,229.156
572,1.53038,,128.111,,229.444
573,1.53287,,128.333,,229.733
574,1.53536,,128.556,,230.022
575,1.53785,,128.778,,230.311
576,1.54034,,129,,230.6
577,1.54335,,128.857,,230.6
578,1.54636,,128.714,,230.6
579,1.54937,,128.571,,230.6
580,1.55239,,128.429,,230.6
581,1.5554,,128.286,,230.6
582,1.55841,,128.143,,230.6
583,1.56142,,128,,230.6
584,1.56404,,128.375,,230.675
585,1.56666,,128.75,,230.75
586,1.56928,,129.125,,230.825
587,1.57191,,129.5,,230.9
588,1.57453,,129.875,,230.975
589,1.57715,,130.25,,231.05
590,1.57977,,130.625,,231.125
591,1.58239,,131,,231.2
592,1.58497,,131,,231.325
593,1.58755,,131,,231.45
594,1.59012,,131,,231.575
595,1.5927,,131,,231.7
596,1.59528,,131,,231.825
597,1.59786,,131,,231.95
598,1.60043,,131,,232.075
599,1.60301,,131,,232.2
600,1.60528,,130.889,,232.267
601,1.60755,,130.778,,232.333
602,1.60982,,130.667,,232.4
603,1.61209,,130.556,,232.467
604,1.61436,,130.444,,232.533
605,1.61663,,130.333,,232.6
606,1.6189,,130.222,,232.667
607,1.62117,,130.111,,232.733
608,1.62344,,130,,232.8
609,1.62586,,129.889,,232.889
610,1.62828,,129.778,,232.978
611,1.63071,,129.667,,233.067
612,1.63313,,129.556,,233.156
613,1.63555,,129.444,,233.244
614,1.63797,,129.333,,233.333
615,1.6404,,129.222,,233.422
616,1.64282,,129.111,,233.511
617,1.64524,,129,,233.6
618,1.64767,,128.889,,233.622
619,1.6501,,128.778,,233.644
620,1.65253,,128.667,,233.667
621,1.65496,,128.556,,233.689
622,1.6574,,128.444,,233.711
623,1.65983,,128.333,,233.733
624,1.66226,,128.222,,233.756
625,1.66469,,128.111,,233.778
626,1.66712,,128,,233.8
627,1.66972,,127.75,,233.525
628,1.67233,,127.5,,233.25
629,1.67493,,127.25,,232.975
630,1.67754,,127,,232.7
631,1.68014,,126.75,,232.425
632,1.68275,,126.5,,232.15
633,1.68535,,126.25,,231.875
634,1.68796,,126,,231.6
635,1.69051,,126.125,,231.45
636,1.69306,,126.25,,231.3
637,1.69561,,126.375,,231.15
638,1.69815,,126.5,,231
639,1.7007,,126.625,,230.85
640,1.70325,,126.75,,230.7
641,1.7058,,126.875,,230.55
642,1.70835,,127,,230.4
643,1.71091,,127,,230.3
644,1.71348,,127,,230.2
645,1.71604,,127,,230.1
646,1.71861,,127,,230
647,1.72117,,127,,229.9
648,1.72374,,127,,229.8
649,1.7263,,127,,229.7
650,1.72887,,127,,229.6
651,1.73146,,127,,229.725
652,1.73405,,127,,229.85
653,1.73664,,127,,229.975
654,1.73922,,127,,230.1
655,1.74181,,127,,230.225
656,1.7444,,127,,230.35
657,1.74699,,127,,230.475
658,1.74958,,127,,230.6
659,1.75187,,127.111,,230.889
660,1.75416,,127.222,,231.178
661,1.75645,,127.333,,231.467
662,1.75874,,127.444,,231.756
663,1.76103,,127.556,,232.044
664,1.76332,,127.667,,232.333
665,1.76561,,127.778,,232.622
666,1.7679,,127.889,,232.911
667,1.77019,,128,,233.2
668,1.77282,,127.875,,233.425
669,1.77545,,127.75,,233.65
670,1.77809,,127.625,,233.875
671,1.78072,,127.5,,234.1
672,1.78335,,127.375,,234.325
673,1.78598,,127.25,,234.55
674,1.78862,,127.125,,234.775
675,1.79125,,127,,235
676,1.79381,,127.25,,235.175
677,1.79636,,127.5,,235.35
678,1.79892,,127.75,,235.525
679,1.80148,,128,,235.7
680,1.80404,,128.25,,235.875
681,1.80659,,128.5,,236.05
682,1.80915,,128.75,,236.225
683,1.81171,,129,,236.4
684,1.81417,,129.222,,236.356
685,1.81663,,129.444,,236.311
686,1.8191,,129.667,,236.267
687,1.82156,,129.889,,236.222
688,1.82402,,130.111,,236.178
689,1.82648,,130.333,,236.133
690,1.82895,,130.556,,236.089
691,1.83141,,130.778,,236.044
692,1.83387,,131,,236
693,1.83651,,131.714,,235.914
694,1.83914,,132.429,,235.829
695,1.84178,,133.143,,235.743
696,1.84442,,133.857,,235.657
697,1.84706,,134.571,,235.571
698,1.84969,,135.286,,235.486
699,1.85233,,136,,235.4
700,1.85467,,135.889,,235.244
701,1.85701,,135.778,,235.089
702,1.85935,,135.667,,234.933
703,1.86169,,135.556,,234.778
704,1.86403,,135.444,,234.622
705,1.86637,,135.333,,234.467
706,1.86871,,135.222,,234.311
707,1.87105,,135.111,,234.156
708,1.87339,,135,,234
709,1.87644,,135,,234
710,1.8795,,135,,234
711,1.88255,,135,,234
712,1.88561,,135,,234
713,1.88866,,135,,234
714,1.89172,,135,,234
715,1.89477,,135,,234
716,1.89766,,134.857,,234.029
717,1.90055,,134.714,,234.057
718,1.90344,,134.571,,234.086
719,1.90633,,134.429,,234.114
720,1.90922,,134.286,,234.143
721,1.91211,,134.143,,234.171
722,1.915,,134,,234.2
723,1.91767,,133.625,,234.35
724,1.92035,,133.25,,234.5
725,1.92302,,132.875,,234.65
726,1.92569,,132.5,,234.8
727,1.92836,,132.125,,234.95
728,1.93104,,131.75,,235.1
729,1.93371,,131.375,,235.25
730,1.93638,,131,,235.4
731,1.93907,,130.4,,235.56
732,1.94176,,129.8,,235.72
733,1.94444,,129.2,,235.88
734,1.94713,,128.6,,236.04
735,1.94982,,128,,236.2
736,1.95207,,127.667,,236.267
737,1.95433,,127.333,,236.333
738,1.95658,,127,,236.4
739,1.95883,,126.667,,236.467
740,1.96109,,126.333,,236.533
741,1.96334,,126,,236.6
742,1.96559,,125.667,,236.667
743,1.96785,,125.333,,236.733
744,1.9701,,125,,236.8
745,1.97145,,124,,236.933
746,1.97279,,123,,237.067
747,1.97414,,122,,237.2
748,1.97558,,121.333,,237.467
749,1.97701,,120.667,,237.733
750,1.97845,,120,,238
751,1.98008,,119,,238.333
752,1.98171,,118,,238.667
753,1.98334,,117,,239
754,1.98503,,116.25,,239.05
755,1.98673,,115.5,,239.1
756,1.98842,,114.75,,239.15
757,1.99012,,114,,239.2
758,1.99166,,112.5,,239.1
759,1.99321,,111,,239
760,1.99441,,109.667,,239
761,1.9956,,108.333,,239
762,1.9968,,107,,239
763,1.9981,,106,,238.9
764,1.99939,,105,,238.8
765,2.00076,,104,,238.9
766,2.00212,,103,,239
767,2.00349,,102,,239.1
768,2.00486,,101,,239.2
769,2.00608,,100.4,,239.36
770,2.0073,,99.8,,239.52
771,2.00852,,99.2,,239.68
772,2.00974,,98.6,,239.84
773,2.01096,,98,,240
774,2.0124,,97.25,,240.25
775,2.01383,,96.5,,240.5
776,2.01527,,95.75,,240.75
777,2.01671,,95,,241
778,2.0182,,95,,241.533
779,2.0197,,95,,242.067
780,2.02119,,95,,242.6
781,2.02255,,94.5,,242.833
782,2.02392,,94,,243.067
783,2.02528,,93.5,,243.3
784,2.02665,,93,,243.533
785,2.02801,,92.5,,243.767
786,2.02938,,92,,244
787,2.03107,,92.0833,,244.033
788,2.03276,,92.1667,,244.067
789,2.03445,,92.25,,244.1
790,2.03615,,92.3333,,244.133
791,2.03784,,92.4167,,244.167
792,2.03953,,92.5,,244.2
793,2.04122,,92.5833,,244.233
794,2.04291,,92.6667,,244.267
795,2.0446,,92.75,,244.3
796,2.0463,,92.8333,,244.333
797,2.04799,,92.9167,,244.367
798,2.04968,,93,,244.4
799,2.05117,,92.9286,,244.571
800,2.05266,,92.8571,,244.743
801,2.05416,,92.7857,,244.914
802,2.05565,,92.7143,,245.086
803,2.05714,,92.6429,,245.257
804,2.05863,,92.5714,,245.429
805,2.06013,,92.5,,245.6
806,2.06162,,92.4286,,245.771
807,2.06311,,92.3571,,245.943
808,2.0646,,92.2857,,246.114
809,2.06609,,92.2143,,246.286
810,2.06759,,92.1429,,246.457
811,2.06908,,92.0714,,246.629
812,2.07057,,92,,246.8
813,2.07215,,91.8462,,246.692
814,2.07373,,91.6923,,246.585
815,2.0753,,91.5385,,246.477
816,2.07688,,91.3846,,246.369
817,2.07846,,91.2308,,246.262
818,2.08004,,91.0769,,246.154
819,2.08161,,90.9231,,246.046
820,2.08319,,90.7692,,245.938
821,2.08477,,90.6154,,245.831
822,2.08635,,90.4615,,245.723
823,2.08792,,90.3077,,245.615
824,2.0895,,90.1538,,245.508
825,2.09108,,90,,245.4
826,2.09254,,90,,245.357
827,2.094,,90,,245.314
828,2.09547,,90,,245.271
829,2.09693,,90,,245.229
830,2.09839,,90,,245.186
831,2.09985,,90,,245.143
832,2.10132,,90,,245.1
833,2.10278,,90,,245.057
834,2.10424,,90,,245.014
835,2.1057,,90,,244.971
836,2.10716,,90,,244.929
837,2.10863,,90,,244.886
838,2.11009,,90,,244.843
839,2.11155,,90,,244.8
840,2.11309,,90.1538,,244.862
841,2.11463,,90.3077,,244.923
842,2.11617,,90.4615,,244.985
843,2.11771,,90.6154,,245.046
844,2.11925,,90.7692,,245.108
845,2.12079,,90.9231,,245.169
846,2.12233,,91.0769,,245.231
847,2.12387,,91.2308,,245.292
848,2.12541,,91.3846,,245.354
849,2.12695,,91.5385,,245.415
850,2.12849,,91.6923,,245.477
851,2.13003,,91.8462,,245.538
852,2.13157,,92,,245.6
853,2.13321,,91.5,,245.7
854,2.13485,,91,,245.8
855,2.13636,,90.25,,246.25
856,2.13787,,89.5,,246.7
857,2.13938,,88.75,,247.15
858,2.14089,,88,,247.6
859,2.14228,,87.75,,247.733
860,2.14368,,87.5,,247.867
861,2.14507,,87.25,,248
862,2.14647,,87,,248.133
863,2.14786,,86.75,,248.267
864,2.14926,,86.5,,248.4
865,2.15065,,86.25,,248.533
866,2.15204,,86,,248.667
867,2.15344,,85.75,,248.8
868,2.15483,,85.5,,248.933
869,2.15623,,85.25,,249.067
870,2.15762,,85,,249.2
871,2.15912,,85.1667,,249
872,2.16062,,85.3333,,248.8
873,2.16213,,85.5,,248.6
874,2.16363,,85.6667,,248.4
875,2.16513,,85.8333,,248.2
876,2.16663,,86,,248
877,2.16813,,86.1667,,247.8
878,2.16963,,86.3333,,247.6
879,2.17113,,86.5,,247.4
880,2.17264,,86.6667,,247.2
881,2.17414,,86.8333,,247
882,2.17564,,87,,246.8
883,2.1767,,87.125,,246.825
884,2.17775,,87.25,,246.85
885,2.17881,,87.375,,246.875
886,2.17986,,87.5,,246.9
887,2.18092,,87.625,,246.925
888,2.18198,,87.75,,246.95
889,2.18303,,87.875,,246.975
890,2.18409,,88,,247
891,2.18614,,88,,247
892,2.1882,,88,,247
893,2.19025,,88,,247
894,2.1923,,88,,247
895,2.19436,,88,,247
896,2.19641,,88,,247
897,2.19846,,88,,247
898,2.20051,,88,,247
899,2.20257,,88,,247
900,2.20462,,88,,247
901,2.20613,,88,,247.143
902,2.20764,,88,,247.286
903,2.20915,,88,,247.429
904,2.21065,,88,,247.571
905,2.21216,,88,,247.714
906,2.21367,,88,,247.857
907,2.21518,,88,,248
908,2.21669,,88,,248.143
909,2.2182,,88,,248.286
910,2.21971,,88,,248.429
911,2.22121,,88,,248.571
912,2.22272,,88,,248.714
913,2.22423,,88,,248.857
914,2.22574,,88,,249
915,2.2277,,87.9091,,249.036
916,2.22967,,87.8182,,249.073
917,2.23163,,87.7273,,249.109
918,2.23359,,87.6364,,249.145
919,2.23555,,87.5455,,249.182
920,2.23752,,87.4545,,249.218
921,2.23948,,87.3636,,249.255
922,2.24144,,87.2727,,249.291
923,2.2434,,87.1818,,249.327
924,2.24537,,87.0909,,249.364
925,2.24733,,87,,249.4
926,2.25107,,87.3333,,249.067
927,2.2548,,87.6667,,248.733
928,2.25854,,88,,248.4
929,2.26228,,88.3333,,248.067
930,2.26601,,88.6667,,247.733
931,2.26975,,89,,247.4
932,2.27335,,90.5,,247.2
933,2.27695,,92,,247
934,2.28093,,96,,247
935,2.28492,,100,,247
936,2.2889,,104,,247
937,2.29304,,104,,246.8
938,2.29641,,104,,246.6
939,2.29978,,104,,246.4
940,2.30315,,104,,246.2
941,2.30651,,104,,246
942,2.30988,,104,,245.8
943,2.31325,,104,,245.6
944,2.31615,,104,,245.514
945,2.31905,,104,,245.429
946,2.32195,,104,,245.343
947,2.32486,,104,,245.257
948,2.32776,,104,,245.171
949,2.33066,,104,,245.086
950,2.33356,,104,,245
951,2.33645,,107.5,,244.9
952,2.33933,,111,,244.8
953,2.34304,,111,,244.6
954,2.34669,,116.5,,244.7
955,2.35034,,122,,244.8
956,2.35357,,122,,244.8
957,2.35664,,126,,244.8
958,2.3597,,130,,244.8
959,2.36271,,130,,244.8
960,2.36592,,129.714,,244.114
961,2.36913,,129.429,,243.429
962,2.37234,,129.143,,242.743
963,2.37554,,128.857,,242.057
964,2.37875,,128.571,,241.371
965,2.38196,,128.286,,240.686
966,2.38517,,128,,240
967,2.38795,,129.333,,239.467
968,2.39072,,130.667,,238.933
969,2.3935,,132,,238.4
970,2.39627,,132,,237.8
971,2.39955,,131.571,,237.257
972,2.40284,,131.143,,236.714
973,2.40612,,130.714,,236.171
974,2.4094,,130.286,,235.629
975,2.41268,,129.857,,235.086
976,2.41597,,129.429,,234.543
977,2.41925,,129,,234
978,2.4225,,129.75,,233.75
979,2.42576,,130.5,,233.5
980,2.42901,,131.25,,233.25
981,2.43226,,132,,233
982,2.43548,,131.714,,232.886
983,2.4387,,131.429,,232.771
984,2.44192,,131.143,,232.657
985,2.44514,,130.857,,232.543
986,2.44836,,130.571,,232.429
987,2.45158,,130.286,,232.314
988,2.4548,,130,,232.2
989,2.45857,,130,,232.033
990,2.46234,,130,,231.867
991,2.4661,,130,,231.7
992,2.46987,,130,,231.533
993,2.47364,,130,,231.367
994,2.47741,,130,,231.2
995,2.48091,,130,,231.167
996,2.48441,,130,,231.133
997,2.4879,,130,,231.1
998,2.4914,,130,,231.067
999,2.4949,,130,,231.033
1000,2.4984,,130,,231
1001,2.50107,,129.75,,231.15
1002,2.50374,,129.5,,231.3
1003,2.50641,,129.25,,231.45
1004,2.50908,,129,,231.6
1005,2.51176,,128.75,,231.75
1006,2.51443,,128.5,,231.9
1007,2.5171,,128.25,,232.05
1008,2.51977,,128,,232.2
1009,2.52247,,127.75,,232.45
1010,2.52517,,127.5,,232.7
1011,2.52786,,127.25,,232.95
1012,2.53056,,127,,233.2
1013,2.53326,,126.75,,233.45
1014,2.53596,,126.5,,233.7
1015,2.53865,,126.25,,233.95
1016,2.54135,,126,,234.2
1017,2.54396,,126.667,,234.367
1018,2.54658,,127.333,,234.533
1019,2.54919,,128,,234.7
1020,2.5518,,128.667,,234.867
1021,2.55442,,129.333,,235.033
1022,2.55703,,130,,235.2
1023,2.55995,,129.857,,235.171
1024,2.56287,,129.714,,235.143
1025,2.56579,,129.571,,235.114
1026,2.5687,,129.429,,235.086
1027,2.57162,,129.286,,235.057
1028,2.57454,,129.143,,235.029
1029,2.57746,,129,,235
1030,2.58005,,129.5,,234.833
1031,2.58264,,130,,234.667
1032,2.58522,,130.5,,234.5
1033,2.58781,,131,,234.333
1034,2.5904,,131.5,,234.167
1035,2.59299,,132,,234
1036,2.59565,,131.625,,233.875
1037,2.59831,,131.25,,233.75
1038,2.60097,,130.875,,233.625
1039,2.60364,,130.5,,233.5
1040,2.6063,,130.125,,233.375
1041,2.60896,,129.75,,233.25
1042,2.61162,,129.375,,233.125
1043,2.61428,,129,,233
1044,2.61709,,128.875,,232.825
1045,2.6199,,128.75,,232.65
1046,2.6227,,128.625,,232.475
1047,2.62551,,128.5,,232.3
1048,2.62832,,128.375,,232.125
1049,2.63112,,128.25,,231.95
1050,2.63393,,128.125,,231.775
1051,2.63674,,128,,231.6
1052,2.64014,,128,,231.633
1053,2.64355,,128,,231.667
1054,2.64695,,128,,231.7
1055,2.65036,,128,,231.733
1056,2.65376,,128,,231.767
1057,2.65717,,128,,231.8
1058,2.66035,,130,,232.3
1059,2.66353,,132,,232.8
1060,2.66677,,135,,233.2
1061,2.66995,,135,,233.6
1062,2.67282,,135.143,,233.971
1063,2.67569,,135.286,,234.343
1064,2.67856,,135.429,,234.714
1065,2.68144,,135.571,,235.086
1066,2.68431,,135.714,,235.457
1067,2.68718,,135.857,,235.829
1068,2.69005,,136,,236.2
1069,2.69255,,135,,236.467
1070,2.69506,,134,,236.733
1071,2.69756,,133,,237
1072,2.70031,,132.875,,237.225
1073,2.70306,,132.75,,237.45
1074,2.7058,,132.625,,237.675
1075,2.70855,,132.5,,237.9
1076,2.7113,,132.375,,238.125
1077,2.71405,,132.25,,238.35
1078,2.71679,,132.125,,238.575
1079,2.71954,,132,,238.8
1080,2.72242,,130.667,,239
1081,2.72529,,129.333,,239.2
1082,2.72817,,128,,239.4
1083,2.73096,,127,,239.533
1084,2.73375,,126,,239.667
1085,2.73654,,125,,239.8
1086,2.73948,,124.857,,240.029
1087,2.74243,,124.714,,240.257
1088,2.74537,,124.571,,240.486
1089,2.74832,,124.429,,240.714
1090,2.75126,,124.286,,240.943
1091,2.75421,,124.143,,241.171
1092,2.75715,,124,,241.4
1093,2.75949,,124.111,,241.667
1094,2.76183,,124.222,,241.933
1095,2.76418,,124.333,,242.2
1096,2.76652,,124.444,,242.467
1097,2.76886,,124.556,,242.733
1098,2.7712,,124.667,,243
1099,2.77355,,124.778,,243.267
1100,2.77589,,124.889,,243.533
1101,2.77823,,125,,243.8
1102,2.78035,,125.9,,243.96
1103,2.78248,,126.8,,244.12
1104,2.7846,,127.7,,244.28
1105,2.78673,,128.6,,244.44
1106,2.78885,,129.5,,244.6
1107,2.79097,,130.4,,244.76
1108,2.7931,,131.3,,244.92
1109,2.79522,,132.2,,245.08
1110,2.79735,,133.1,,245.24
1111,2.79947,,134,,245.4
1112,2.8014,,134,,245.6
1113,2.80358,,133.5,,245.467
1114,2.80575,,133,,245.333
1115,2.80793,,132.5,,245.2
1116,2.81011,,132,,245.067
1117,2.81228,,131.5,,244.933
1118,2.81446,,131,,244.8
1119,2.81686,,130.889,,244.578
1120,2.81926,,130.778,,244.356
1121,2.82166,,130.667,,244.133
1122,2.82406,,130.556,,243.911
1123,2.82645,,130.444,,243.689
1124,2.82885,,130.333,,243.467
1125,2.83125,,130.222,,243.244
1126,2.83365,,130.111,,243.022
1127,2.83605,,130,,242.8
1128,2.83782,,131,,242.8
1129,2.83885,,130.667,,242.733
1130,2.83988,,130.333,,242.667
1131,2.84091,,130,,242.6
1132,2.84194,,129.667,,242.533
1133,2.84297,,129.333,,242.467
1134,2.844,,129,,242.4
1135,2.84503,,128.667,,242.333
1136,2.84606,,128.333,,242.267
1137,2.84709,,128,,242.2
1138,2.84918,,127.25,,242.2
1139,2.85127,,126.5,,242.2
1140,2.85335,,125.75,,242.2
1141,2.85544,,125,,242.2
1142,2.85683,,124.25,,242.25
1143,2.85822,,123.5,,242.3
1144,2.85961,,122.75,,242.35
1145,2.861,,122,,242.4
1146,2.86239,,121,,242.4
1147,2.86377,,120,,242.4
1148,2.86516,,119,,242.4
1149,2.86665,,117.5,,242.4
1150,2.86815,,116,,242.4
1151,2.86905,,115,,242.4
1152,2.86995,,114,,242.4
1153,2.87085,,113,,242.4
1154,2.87175,,112,,242.4
1155,2.87353,,110,,242.4
1156,2.87479,,108.667,,242.333
1157,2.87605,,107.333,,242.267
1158,2.87731,,106,,242.2
1159,2.87815,,104.5,,242.2
1160,2.87899,,103,,242.2
1161,2.88016,,101.667,,242.2
1162,2.88134,,100.333,,242.2
1163,2.88251,,99,,242.2
1164,2.88391,,97.5,,242.2
1165,2.8853,,96,,242.2
1166,2.88686,,95,,242.2
1167,2.88843,,94,,242.2
1168,2.88999,,93,,242.2
1169,2.89204,,92.25,,242.3
1170,2.89408,,91.5,,242.4
1171,2.89613,,90.75,,242.5
1172,2.89818,,90,,242.6
1173,2.89986,,89.7,,242.62
1174,2.90155,,89.4,,242.64
1175,2.90323,,89.1,,242.66
1176,2.90492,,88.8,,242.68
1177,2.9066,,88.5,,242.7
1178,2.90828,,88.2,,242.72
1179,2.90997,,87.9,,242.74
1180,2.91165,,87.6,,242.76
1181,2.91334,,87.3,,242.78
1182,2.91502,,87,,242.8
1183,2.91678,,85.5,,242.9
1184,2.91854,,84,,243
1185,2.92021,,83.6667,,243
1186,2.92187,,83.3333,,243
1187,2.92354,,83,,243
1188,2.9252,,82.6667,,243
1189,2.92687,,82.3333,,243
1190,2.92853,,82,,243
1191,2.93004,,82,,242.987
1192,2.93154,,82,,242.973
1193,2.93305,,82,,242.96
1194,2.93455,,82,,242.947
1195,2.93606,,82,,242.933
1196,2.93757,,82,,242.92
1197,2.93907,,82,,242.907
1198,2.94058,,82,,242.893
1199,2.94208,,82,,242.88
1200,2.94359,,82,,242.867
1201,2.9451,,82,,242.853
1202,2.9466,,82,,242.84
1203,2.94811,,82,,242.827
1204,2.94961,,82,,242.813
1205,2.95112,,82,,242.8
1206,2.95329,,82.3333,,242.756
1207,2.95547,,82.6667,,242.711
1208,2.95764,,83,,242.667
1209,2.95982,,83.3333,,242.622
1210,2.96199,,83.6667,,242.578
1211,2.96417,,84,,242.533
1212,2.96634,,84.3333,,242.489
1213,2.96852,,84.6667,,242.444
1214,2.97069,,85,,242.4
1215,2.97237,,84.9167,,242.367
1216,2.97404,,84.8333,,242.333
1217,2.97572,,84.75,,242.3
1218,2.9774,,84.6667,,242.267
1219,2.97907,,84.5833,,242.233
1220,2.98075,,84.5,,242.2
1221,2.98243,,84.4167,,242.167
1222,2.9841,,84.3333,,242.133
1223,2.98578,,84.25,,242.1
1224,2.98746,,84.1667,,242.067
1225,2.98913,,84.0833,,242.033
1226,2.99081,,84,,242
1227,2.99193,,83.25,,241.8
1228,2.99304,,82.5,,241.6
1229,2.99416,,81.75,,241.4
1230,2.99527,,81,,241.2
1231,2.99682,,81.375,,241.025
1232,2.99837,,81.75,,240.85
1233,2.99992,,82.125,,240.675
1234,3.00147,,82.5,,240.5
1235,3.00302,,82.875,,240.325
1236,3.00457,,83.25,,240.15
1237,3.00612,,83.625,,239.975
1238,3.00767,,84,,239.8
1239,3.00921,,83.9231,,239.738
1240,3.01076,,83.8462,,239.677
1241,3.0123,,83.7692,,239.615
1242,3.01385,,83.6923,,239.554
1243,3.01539,,83.6154,,239.492
1244,3.01693,,83.5385,,239.431
1245,3.01848,,83.4615,,239.369
1246,3.02002,,83.3846,,239.308
1247,3.02156,,83.3077,,239.246
1248,3.02311,,83.2308,,239.185
1249,3.02465,,83.1538,,239.123
1250,3.0262,,83.0769,,239.062
1251,3.02774,,83,,239
1252,3.03062,,83,,238.6
1253,3.0335,,83,,238.2
1254,3.03638,,83,,237.8
1255,3.03927,,83,,237.4
1256,3.04215,,83,,237
1257,3.04503,,83,,236.6
1258,3.04791,,83,,236.2
1259,3.05104,,86,,235.8
1260,3.05372,,86.25,,235.55
1261,3.05639,,86.5,,235.3
1262,3.05907,,86.75,,235.05
1263,3.06174,,87,,234.8
1264,3.06441,,87.25,,234.55
1265,3.06709,,87.5,,234.3
1266,3.06976,,87.75,,234.05
1267,3.07244,,88,,233.8
1268,3.07579,,88,,233.733
1269,3.07915,,88,,233.667
1270,3.0825,,88,,233.6
1271,3.08585,,88,,233.533
1272,3.08921,,88,,233.467
1273,3.09256,,88,,233.4
1274,3.09607,,88.8333,,233.567
1275,3.09958,,89.6667,,233.733
1276,3.10309,,90.5,,233.9
1277,3.10659,,91.3333,,234.067
1278,3.1101,,92.1667,,234.233
1279,3.11361,,93,,234.4
1280,3.11705,,97,,234.6
1281,3.12036,,100,,234.8
1282,3.12382,,101.5,,235
1283,3.12728,,103,,235.2
1284,3.12999,,104.333,,235.333
1285,3.13269,,105.667,,235.467
1286,3.1354,,107,,235.6
1287,3.13819,,107.75,,236.05
1288,3.14098,,108.5,,236.5
1289,3.14378,,109.25,,236.95
1290,3.14657,,110,,237.4
1291,3.14911,,111.5,,237.8
1292,3.15166,,113,,238.2
1293,3.15413,,113.75,,238.75
1294,3.1566,,114.5,,239.3
1295,3.15908,,115.25,,239.85
1296,3.16155,,116,,240.4
1297,3.16434,,116.6,,240.88
1298,3.16712,,117.2,,241.36
1299,3.16991,,117.8,,241.84
1300,3.17269,,118.4,,242.32
1301,3.17548,,119,,242.8
1302,3.17818,,119.375,,243.125
1303,3.18089,,119.75,,243.45
1304,3.18359,,120.125,,243.775
1305,3.18629,,120.5,,244.1
1306,3.18899,,120.875,,244.425
1307,3.1917,,121.25,,244.75
1308,3.1944,,121.625,,245.075
1309,3.1971,,122,,245.4
1310,3.19988,,122.125,,245.225
1311,3.20267,,122.25,,245.05
1312,3.20545,,122.375,,244.875
1313,3.20823,,122.5,,244.7
1314,3.21101,,122.625,,244.525
1315,3.2138,,122.75,,244.35
1316,3.21658,,122.875,,244.175
1317,3.21936,,123,,244
1318,3.22223,,124.25,,243.85
1319,3.22511,,125.5,,243.7
1320,3.22798,,126.75,,243.55
1321,3.23085,,128,,243.4
1322,3.23314,,128,,243.6
1323,3.23569,,128.25,,243.7
1324,3.23824,,128.5,,243.8
1325,3.24079,,128.75,,243.9
1326,3.24333,,129,,244
1327,3.24588,,129.25,,244.1
1328,3.24843,,129.5,,244.2
1329,3.25098,,129.75,,244.3
1330,3.25353,,130,,244.4
1331,3.25661,,129.714,,244.514
1332,3.25969,,129.429,,244.629
1333,3.26277,,129.143,,244.743
1334,3.26584,,128.857,,244.857
1335,3.26892,,128.571,,244.971
1336,3.272,,128.286,,245.086
1337,3.27508,,128,,245.2
1338,3.27759,,127.75,,245.425
1339,3.28009,,127.5,,245.65
1340,3.2826,,127.25,,245.875
1341,3.2851,,127,,246.1
1342,3.28761,,126.75,,246.325
1343,3.29011,,126.5,,246.55
1344,3.29262,,126.25,,246.775
1345,3.29512,,126,,247
1346,3.29787,,125.4,,247.4
1347,3.30063,,124.8,,247.8
1348,3.30338,,124.2,,248.2
1349,3.30614,,123.6,,248.6
1350,3.30889,,123,,249
1351,3.31123,,123,,248.956
1352,3.31357,,123,,248.911
1353,3.31591,,123,,248.867
1354,3.31825,,123,,248.822
1355,3.32058,,123,,248.778
1356,3.32292,,123,,248.733
1357,3.32526,,123,,248.689
1358,3.3276,,123,,248.644
1359,3.32994,,123,,248.6
1360,3.33267,,125.5,,248.45
1361,3.33541,,128,,248.3
1362,3.33814,,130.5,,248.15
1363,3.34087,,133,,248
1364,3.34389,,133,,247.8
1365,3.34691,,131,,247.7
1366,3.34993,,129,,247.6
1367,3.35265,,128,,247.467
1368,3.35536,,127,,247.333
1369,3.35808,,126,,247.2
1370,3.36089,,125.75,,247.15
1371,3.3637,,125.5,,247.1
1372,3.3665,,125.25,,247.05
1373,3.36931,,125,,247
1374,3.37212,,124.75,,246.95
1375,3.37493,,124.5,,246.9
1376,3.37773,,124.25,,246.85
1377,3.38054,,124,,246.8
1378,3.38306,,123.889,,246.733
1379,3.38558,,123.778,,246.667
1380,3.3881,,123.667,,246.6
1381,3.39062,,123.556,,246.533
1382,3.39314,,123.444,,246.467
1383,3.39566,,123.333,,246.4
1384,3.39818,,123.222,,246.333
1385,3.4007,,123.111,,246.267
1386,3.40322,,123,,246.2
1387,3.40602,,123,,246.175
1388,3.40882,,123,,246.15
1389,3.41162,,123,,246.125
1390,3.41442,,123,,246.1
1391,3.41721,,123,,246.075
1392,3.42001,,123,,246.05
1393,3.42281,,123,,246.025
1394,3.42561,,123,,246
1395,3.42856,,123,,245.657
1396,3.4315,,123,,245.314
1397,3.43445,,123,,244.971
1398,3.4374,,123,,244.629
1399,3.44035,,123,,244.286
1400,3.44329,,123,,243.943
1401,3.44624,,123,,243.6
1402,3.44956,,123.286,,242.943
1403,3.45289,,123.571,,242.286
1404,3.45621,,123.857,,241.629
1405,3.45954,,124.143,,240.971
1406,3.46286,,124.429,,240.314
1407,3.46619,,124.714,,239.657
1408,3.46951,,125,,239
1409,3.47273,,125.286,,238.8
1410,3.47594,,125.571,,238.6
1411,3.47916,,125.857,,238.4
1412,3.48238,,126.143,,238.2
1413,3.4856,,126.429,,238
1414,3.48881,,126.714,,237.8
1415,3.49203,,127,,237.6
1416,3.49459,,127,,237.475
1417,3.49714,,127,,237.35
1418,3.4997,,127,,237.225
1419,3.50225,,127,,237.1
1420,3.5048,,127,,236.975
1421,3.50736,,127,,236.85
1422,3.50991,,127,,236.725
1423,3.51247,,127,,236.6
1424,3.51544,,126.714,,236.543
1425,3.51842,,126.429,,236.486
1426,3.52139,,126.143,,236.429
1427,3.52436,,125.857,,236.371
1428,3.52733,,125.571,,236.314
1429,3.53031,,125.286,,236.257
1430,3.53328,,125,,236.2
1431,3.53601,,124.875,,236.1
1432,3.53873,,124.75,,236
1433,3.54146,,124.625,,235.9
1434,3.54418,,124.5,,235.8
1435,3.54691,,124.375,,235.7
1436,3.54963,,124.25,,235.6
1437,3.55236,,124.125,,235.5
1438,3.55508,,124,,235.4
1439,3.55752,,124,,235.511
1440,3.55996,,124,,235.622
1441,3.5624,,124,,235.733
1442,3.56484,,124,,235.844
1443,3.56727,,124,,235.956
1444,3.56971,,124,,236.067
1445,3.57215,,124,,236.178
1446,3.57459,,124,,236.289
1447,3.57703,,124,,236.4
1448,3.58007,,124,,236.543
1449,3.58312,,124,,236.686
1450,3.58616,,124,,236.829
1451,3.5892,,124,,236.971
1452,3.59224,,124,,237.114
1453,3.59529,,124,,237.257
1454,3.59833,,124,,237.4
1455,3.60091,,124.125,,237.45
1456,3.6035,,124.25,,237.5
1457,3.60608,,124.375,,237.55
1458,3.60867,,124.5,,237.6
1459,3.61125,,124.625,,237.65
1460,3.61383,,124.75,,237.7
1461,3.61642,,124.875,,237.75
1462,3.619,,125,,237.8
1463,3.62128,,125.111,,237.822
1464,3.62357,,125.222,,237.844
1465,3.62585,,125.333,,237.867
1466,3.62814,,125.444,,237.889
1467,3.63042,,125.556,,237.911
1468,3.63271,,125.667,,237.933
1469,3.63499,,125.778,,237.956
1470,3.63728,,125.889,,237.978
1471,3.63956,,126,,238
1472,3.64072,,125.5,,238
1473,3.64187,,125,,238
1474,3.64303,,124.5,,238
1475,3.64419,,124,,238
1476,3.64534,,123.5,,238
1477,3.6465,,123,,238
1478,3.64774,,121.5,,238
1479,3.64899,,120,,238
1480,3.65092,,119,,238.067
1481,3.65285,,118,,238.133
1482,3.65478,,117,,238.2
1483,3.6563,,116,,238.2
1484,3.65782,,115,,238.2
1485,3.65934,,114,,238.2
1486,3.66024,,112.667,,238.2
1487,3.66114,,111.333,,238.2
1488,3.66204,,110,,238.2
1489,3.66379,,108.667,,238.333
1490,3.66555,,107.333,,238.467
1491,3.6673,,106,,238.6
1492,3.66878,,104.667,,238.667
1493,3.67025,,103.333,,238.733
1494,3.67173,,102,,238.8
1495,3.67385,,101,,239.067
1496,3.67597,,100,,239.333
1497,3.67809,,99,,239.6
1498,3.67919,,99,,239.8
1499,3.68061,,98.25,,239.9
1500,3.68203,,97.5,,240
1501,3.68344,,96.75,,240.1
1502,3.68486,,96,,240.2
1503,3.68652,,94.5,,240.4
1504,3.68818,,93,,240.6
1505,3.68986,,92.6667,,240.822
1506,3.69154,,92.3333,,241.044
1507,3.69322,,92,,241.267
1508,3.6949,,91.6667,,241.489
1509,3.69659,,91.3333,,241.711
1510,3.69827,,91,,241.933
1511,3.69995,,90.6667,,242.156
1512,3.70163,,90.3333,,242.378
1513,3.70331,,90,,242.6
1514,3.70519,,89.25,,242.85
1515,3.70707,,88.5,,243.1
1516,3.70894,,87.75,,243.35
1517,3.71082,,87,,243.6
1518,3.7127,,86.8182,,243.764
1519,3.71457,,86.6364,,243.927
1520,3.71645,,86.4545,,244.091
1521,3.71833,,86.2727,,244.255
1522,3.7202,,86.0909,,244.418
1523,3.72208,,85.9091,,244.582
1524,3.72395,,85.7273,,244.745
1525,3.72583,,85.5455,,244.909
1526,3.72771,,85.3636,,245.073
1527,3.72958,,85.1818,,245.236
1528,3.73146,,85,,245.4
1529,3.73334,,84.9091,,245.309
1530,3.73522,,84.8182,,245.218
1531,3.7371,,84.7273,,245.127
1532,3.73898,,84.6364,,245.036
1533,3.74086,,84.5455,,244.945
1534,3.74273,,84.4545,,244.855
1535,3.74461,,84.3636,,244.764
1536,3.74649,,84.2727,,244.673
1537,3.74837,,84.1818,,244.582
1538,3.75025,,84.0909,,244.491
1539,3.75213,,84,,244.4
1540,3.75356,,84,,244.386
1541,3.755,,84,,244.371
1542,3.75643,,84,,244.357
1543,3.75787,,84,,244.343
1544,3.7593,,84,,244.329
1545,3.76074,,84,,244.314
1546,3.76217,,84,,244.3
1547,3.76361,,84,,244.286
1548,3.76504,,84,,244.271
1549,3.76648,,84,,244.257
1550,3.76791,,84,,244.243
1551,3.76935,,84,,244.229
1552,3.77078,,84,,244.214
1553,3.77222,,84,,244.2
1554,3.77383,,84.1538,,244.292
1555,3.77543,,84.3077,,244.385
1556,3.77704,,84.4615,,244.477
1557,3.77864,,84.6154,,244.569
1558,3.78025,,84.7692,,244.662
1559,3.78185,,84.9231,,244.754
1560,3.78346,,85.0769,,244.846
1561,3.78506,,85.2308,,244.938
1562,3.78667,,85.3846,,245.031
1563,3.78827,,85.5385,,245.123
1564,3.78988,,85.6923,,245.215
1565,3.79148,,85.8462,,245.308
1566,3.79309,,86,,245.4
1567,3.79475,,86,,245.415
1568,3.7964,,86,,245.431
1569,3.79806,,86,,245.446
1570,3.79972,,86,,245.462
1571,3.80137,,86,,245.477
1572,3.80303,,86,,245.492
1573,3.80469,,86,,245.508
1574,3.80635,,86,,245.523
1575,3.808,,86,,245.538
1576,3.80966,,86,,245.554
1577,3.81132,,86,,245.569
1578,3.81297,,86,,245.585
1579,3.81463,,86,,245.6
1580,3.81733,,86.5,,245.7
1581,3.82002,,87,,245.8
1582,3.82272,,87.5,,245.9
1583,3.82542,,88,,246
1584,3.82811,,88.5,,246.1
1585,3.83081,,89,,246.2
1586,3.83369,,92,,246.4
1587,3.83657,,93.5,,246.5
1588,3.83946,,95,,246.6
1589,3.84226,,97,,246.7
1590,3.84506,,99,,246.8
1591,3.8481,,99.8,,247.12
1592,3.85113,,100.6,,247.44
1593,3.85417,,101.4,,247.76
1594,3.8572,,102.2,,248.08
1595,3.86024,,103,,248.4
1596,3.8631,,104.333,,248.667
1597,3.86595,,105.667,,248.933
1598,3.86881,,107,,249.2
1599,3.87171,,107.75,,249.5
1600,3.8746,,108.5,,249.8
1601,3.8775,,109.25,,250.1
1602,3.8804,,110,,250.4
1603,3.88327,,110.286,,250.514
1604,3.88614,,110.571,,250.629
1605,3.88901,,110.857,,250.743
1606,3.89189,,111.143,,250.857
1607,3.89476,,111.429,,250.971
1608,3.89763,,111.714,,251.086
1609,3.9005,,112,,251.2
1610,3.90346,,112.429,,251.286
1611,3.90641,,112.857,,251.371
1612,3.90937,,113.286,,251.457
1613,3.91232,,113.714,,251.543
1614,3.91528,,114.143,,251.629
1615,3.91823,,114.571,,251.714
1616,3.92119,,115,,251.8
1617,3.92398,,115.125,,251.825
1618,3.92678,,115.25,,251.85
1619,3.92957,,115.375,,251.875
1620,3.93236,,115.5,,251.9
1621,3.93516,,115.625,,251.925
1622,3.93795,,115.75,,251.95
1623,3.94075,,115.875,,251.975
1624,3.94354,,116,,252
1625,3.94636,,116.375,,252.05
1626,3.94918,,116.75,,252.1
1627,3.952,,117.125,,252.15
1628,3.95482,,117.5,,252.2
1629,3.95763,,117.875,,252.25
1630,3.96045,,118.25,,252.3
1631,3.96327,,118.625,,252.35
1632,3.96609,,119,,252.4
1633,3.96888,,119.429,,252.543
1634,3.97168,,119.857,,252.686
1635,3.97447,,120.286,,252.829
1636,3.97727,,120.714,,252.971
1637,3.98006,,121.143,,253.114
1638,3.98286,,121.571,,253.257
1639,3.98565,,122,,253.4
1640,3.98841,,122.5,,253.533
1641,3.99117,,123,,253.667
1642,3.99393,,123.5,,253.8
1643,3.99669,,124,,253.933
1644,3.99945,,124.5,,254.067
1645,4.00221,,125,,254.2
1646,4.00484,,125,,254.3
1647,4.00748,,125,,254.4
1648,4.01011,,125,,254.5
1649,4.01274,,125,,254.6
1650,4.01538,,125,,254.7
1651,4.01801,,125,,254.8
1652,4.02065,,125,,254.9
1653,4.02328,,125,,255
1654,4.02608,,125,,255
1655,4.02889,,125,,255
1656,4.03169,,125,,255
1657,4.03449,,125,,255
1658,4.03729,,125,,255
1659,4.04009,,125,,255
1660,4.0429,,125,,255
1661,4.0457,,125,,255
1662,4.04844,,124.875,,254.8
1663,4.05117,,124.75,,254.6
1664,4.05391,,124.625,,254.4
1665,4.05665,,124.5,,254.2
1666,4.05938,,124.375,,254
1667,4.06212,,124.25,,253.8
1668,4.06485,,124.125,,253.6
1669,4.06759,,124,,253.4
1670,4.07036,,124.125,,253.25
1671,4.07312,,124.25,,253.1
1672,4.07589,,124.375,,252.95
1673,4.07865,,124.5,,252.8
1674,4.08142,,124.625,,252.65
1675,4.08418,,124.75,,252.5
1676,4.08694,,124.875,,252.35
1677,4.08971,,125,,252.2
1678,4.09256,,124.875,,252.1
1679,4.0954,,124.75,,252
1680,4.09825,,124.625,,251.9
1681,4.10109,,124.5,,251.8
1682,4.10394,,124.375,,251.7
1683,4.10679,,124.25,,251.6
1684,4.10963,,124.125,,251.5
1685,4.11248,,124,,251.4
1686,4.11516,,124,,251.175
1687,4.11784,,124,,250.95
1688,4.12052,,124,,250.725
1689,4.1232,,124,,250.5
1690,4.12587,,124,,250.275
1691,4.12855,,124,,250.05
1692,4.13123,,124,,249.825
1693,4.13391,,124,,249.6
1694,4.13685,,124.143,,249.029
1695,4.13978,,124.286,,248.457
1696,4.14272,,124.429,,247.886
1697,4.14565,,124.571,,247.314
1698,4.14859,,124.714,,246.743
1699,4.15152,,124.857,,246.171
1700,4.15446,,125,,245.6
1701,4.15762,,125,,244.829
1702,4.16077,,125,,244.057
1703,4.16393,,125,,243.286
1704,4.16708,,125,,242.514
1705,4.17024,,125,,241.743
1706,4.17339,,125,,240.971
1707,4.17655,,125,,240.2
1708,4.17959,,124.75,,240.025
1709,4.18263,,124.5,,239.85
1710,4.18567,,124.25,,239.675
1711,4.18871,,124,,239.5
1712,4.19176,,123.75,,239.325
1713,4.1948,,123.5,,239.15
1714,4.19784,,123.25,,238.975
1715,4.20088,,123,,238.8
1716,4.20383,,123,,238.714
1717,4.20679,,123,,238.629
1718,4.20974,,123,,238.543
1719,4.21269,,123,,238.457
1720,4.21564,,123,,238.371
1721,4.2186,,123,,238.286
1722,4.22155,,123,,238.2
1723,4.22433,,122.875,,238.25
1724,4.22711,,122.75,,238.3
1725,4.22989,,122.625,,238.35
1726,4.23267,,122.5,,238.4
1727,4.23546,,122.375,,238.45
1728,4.23824,,122.25,,238.5
1729,4.24102,,122.125,,238.55
1730,4.2438,,122,,238.6
1731,4.24654,,122,,238.9
1732,4.24927,,122,,239.2
1733,4.25201,,122,,239.5
1734,4.25474,,122,,239.8
1735,4.25748,,122,,240.1
1736,4.26022,,122,,240.4
1737,4.26295,,122,,240.7
1738,4.26569,,122,,241
1739,4.26867,,122.143,,241.343
1740,4.27166,,122.286,,241.686
1741,4.27464,,122.429,,242.029
1742,4.27763,,122.571,,242.371
1743,4.28061,,122.714,,242.714
1744,4.2836,,122.857,,243.057
1745,4.28658,,123,,243.4
1746,4.28906,,122.889,,243.444
1747,4.29153,,122.778,,243.489
1748,4.29401,,122.667,,243.533
1749,4.29649,,122.556,,243.578
1750,4.29896,,122.444,,243.622
1751,4.30144,,122.333,,243.667
1752,4.30392,,122.222,,243.711
1753,4.30639,,122.111,,243.756
1754,4.30887,,122,,243.8
1755,4.31182,,122,,243.514
1756,4.31477,,122,,243.229
1757,4.31772,,122,,242.943
1758,4.32068,,122,,242.657
1759,4.32363,,122,,242.371
1760,4.32658,,122,,242.086
1761,4.32953,,122,,241.8
1762,4.33232,,122.125,,241.675
1763,4.3351,,122.25,,241.55
1764,4.33789,,122.375,,241.425
1765,4.34068,,122.5,,241.3
1766,4.34347,,122.625,,241.175
1767,4.34626,,122.75,,241.05
1768,4.34904,,122.875,,240.925
1769,4.35183,,123,,240.8
1770,4.35456,,122.875,,240.75
1771,4.35729,,122.75,,240.7
1772,4.36002,,122.625,,240.65
1773,4.36276,,122.5,,240.6
1774,4.36549,,122.375,,240.55
1775,4.36822,,122.25,,240.5
1776,4.37095,,122.125,,240.45
1777,4.37368,,122,,240.4
1778,4.37636,,122.125,,240.35
1779,4.37903,,122.25,,240.3
1780,4.38171,,122.375,,240.25
1781,4.38438,,122.5,,240.2
1782,4.38706,,122.625,,240.15
1783,4.38973,,122.75,,240.1
1784,4.39241,,122.875,,240.05
1785,4.39508,,123,,240
1786,4.39785,,122.875,,240.025
1787,4.40062,,122.75,,240.05
1788,4.40338,,122.625,,240.075
1789,4.40615,,122.5,,240.1
1790,4.40892,,122.375,,240.125
1791,4.41169,,122.25,,240.15
1792,4.41445,,122.125,,240.175
1793,4.41722,,122,,240.2
1794,4.42023,,122.143,,240.286
1795,4.42325,,122.286,,240.371
1796,4.42626,,122.429,,240.457
1797,4.42928,,122.571,,240.543
1798,4.43229,,122.714,,240.629
1799,4.43531,,122.857,,240.714
1800,4.43832,,123,,240.8
1801,4.44035,,122.8,,240.72
1802,4.44239,,122.6,,240.64
1803,4.44442,,122.4,,240.56
1804,4.44646,,122.2,,240.48
1805,4.44849,,122,,240.4
1806,4.45052,,121.8,,240.32
1807,4.45256,,121.6,,240.24
1808,4.45459,,121.4,,240.16
1809,4.45663,,121.2,,240.08
1810,4.45866,,121,,240
1811,4.4605,,120.25,,240
1812,4.46233,,119.5,,240
1813,4.46417,,118.75,,240
1814,4.46601,,118,,240
1815,4.46759,,116.5,,240
1816,4.46917,,115,,240
1817,4.47067,,113.5,,240
1818,4.47217,,112,,240
1819,4.47371,,111,,240
1820,4.47524,,110,,240
1821,4.47678,,109,,240
1822,4.47846,,107.5,,240
1823,4.48015,,106,,240
1824,4.48182,,105.25,,240
1825,4.48348,,104.5,,240
1826,4.48515,,103.75,,240
1827,4.48682,,103,,240
1828,4.48832,,102.4,,240.04
1829,4.48982,,101.8,,240.08
1830,4.49133,,101.2,,240.12
1831,4.49283,,100.6,,240.16
1832,4.49433,,100,,240.2
1833,4.49587,,99,,240.2
1834,4.49742,,98,,240.2
1835,4.49896,,97,,240.2
1836,4.5005,,96.4,,240.2
1837,4.50204,,95.8,,240.2
1838,4.50359,,95.2,,240.2
1839,4.50513,,94.6,,240.2
1840,4.50667,,94,,240.2
1841,4.50829,,93.5,,240.2
1842,4.50991,,93,,240.2
1843,4.51153,,92.5,,240.2
1844,4.51316,,92,,240.2
1845,4.51478,,91.5,,240.2
1846,4.5164,,91,,240.2
1847,4.51791,,90.5714,,240.2
1848,4.51942,,90.1429,,240.2
1849,4.52093,,89.7143,,240.2
1850,4.52244,,89.2857,,240.2
1851,4.52395,,88.8571,,240.2
1852,4.52546,,88.4286,,240.2
1853,4.52697,,88,,240.2
1854,4.52841,,87.9286,,240.186
1855,4.52984,,87.8571,,240.171
1856,4.53128,,87.7857,,240.157
1857,4.53271,,87.7143,,240.143
1858,4.53415,,87.6429,,240.129
1859,4.53558,,87.5714,,240.114
1860,4.53702,,87.5,,240.1
1861,4.53846,,87.4286,,240.086
1862,4.53989,,87.3571,,240.071
1863,4.54133,,87.2857,,240.057
1864,4.54276,,87.2143,,240.043
1865,4.5442,,87.1429,,240.029
1866,4.54563,,87.0714,,240.014
1867,4.54707,,87,,240
1868,4.54876,,86.8333,,239.983
1869,4.55044,,86.6667,,239.967
1870,4.55213,,86.5,,239.95
1871,4.55382,,86.3333,,239.933
1872,4.55551,,86.1667,,239.917
1873,4.55719,,86,,239.9
1874,4.55888,,85.8333,,239.883
1875,4.56057,,85.6667,,239.867
1876,4.56226,,85.5,,239.85
1877,4.56394,,85.3333,,239.833
1878,4.56563,,85.1667,,239.817
1879,4.56732,,85,,239.8
1880,4.56896,,85.0769,,239.785
1881,4.5706,,85.1538,,239.769
1882,4.57224,,85.2308,,239.754
1883,4.57388,,85.3077,,239.738
1884,4.57552,,85.3846,,239.723
1885,4.57716,,85.4615,,239.708
1886,4.57879,,85.5385,,239.692
1887,4.58043,,85.6154,,239.677
1888,4.58207,,85.6923,,239.662
1889,4.58371,,85.7692,,239.646
1890,4.58535,,85.8462,,239.631
1891,4.58699,,85.9231,,239.615
1892,4.58863,,86,,239.6
1893,4.58997,,86,,239.588
1894,4.5913,,86,,239.575
1895,4.59264,,86,,239.563
1896,4.59398,,86,,239.55
1897,4.59532,,86,,239.538
1898,4.59665,,86,,239.525
1899,4.59799,,86,,239.513
1900,4.59933,,86,,239.5
1901,4.60067,,86,,239.487
1902,4.602,,86,,239.475
1903,4.60334,,86,,239.462
1904,4.60468,,86,,239.45
1905,4.60602,,86,,239.437
1906,4.60735,,86,,239.425
1907,4.60869,,86,,239.412
1908,4.61003,,86,,239.4
1909,4.61288,,86.6,,239.44
1910,4.61573,,87.2,,239.48
1911,4.61859,,87.8,,239.52
1912,4.62144,,88.4,,239.56
1913,4.62429,,89,,239.6
1914,4.62751,,91.6667,,239.667
1915,4.63073,,94.3333,,239.733
1916,4.63395,,97,,239.8
1917,4.63733,,98.5,,239.8
1918,4.6407,,100,,239.8
1919,4.64415,,101.5,,239.8
1920,4.64759,,103,,239.8
1921,4.65076,,104,,239.867
1922,4.65392,,105,,239.933
1923,4.65709,,106,,240
1924,4.66005,,106.5,,240.033
1925,4.66301,,107,,240.067
1926,4.66597,,107.5,,240.1
1927,4.66894,,108,,240.133
1928,4.6719,,108.5,,240.167
1929,4.67486,,109,,240.2
1930,4.67766,,109.429,,240.2
1931,4.68047,,109.857,,240.2
1932,4.68327,,110.286,,240.2
1933,4.68608,,110.714,,240.2
1934,4.68888,,111.143,,240.2
1935,4.69169,,111.571,,240.2
1936,4.69449,,112,,240.2
1937,4.69747,,112.143,,240.171
1938,4.70044,,112.286,,240.143
1939,4.70342,,112.429,,240.114
1940,4.70639,,112.571,,240.086
1941,4.70937,,112.714,,240.057
1942,4.71234,,112.857,,240.029
1943,4.71532,,113,,240
1944,4.71896,,113,,239.9
1945,4.7226,,113,,239.8
1946,4.72623,,113,,239.7
1947,4.72987,,113,,239.6
1948,4.73351,,113,,239.5
1949,4.73715,,113,,239.4
1950,4.73951,,113.429,,239.4
1951,4.74186,,113.857,,239.4
1952,4.74422,,114.286,,239.4
1953,4.74657,,114.714,,239.4
1954,4.74893,,115.143,,239.4
1955,4.75128,,115.571,,239.4
1956,4.75364,,116,,239.4
1957,4.757,,116.333,,239.4
1958,4.76036,,116.667,,239.4
1959,4.76372,,117,,239.4
1960,4.76707,,117.333,,239.4
1961,4.77043,,117.667,,239.4
1962,4.77379,,118,,239.4
1963,4.77651,,118,,239.4
1964,4.77922,,118,,239.4
1965,4.78193,,118,,239.4
1966,4.78465,,118,,239.4
1967,4.78736,,118,,239.4
1968,4.79008,,118,,239.4
1969,4.79279,,118,,239.4
1970,4.79551,,118,,239.4
1971,4.79831,,118.125,,239.4
1972,4.80112,,118.25,,239.4
1973,4.80392,,118.375,,239.4
1974,4.80673,,118.5,,239.4
1975,4.80954,,118.625,,239.4
1976,4.81234,,118.75,,239.4
1977,4.81515,,118.875,,239.4
1978,4.81795,,119,,239.4
1979,4.8204,,119.375,,239.475
1980,4.82286,,119.75,,239.55
1981,4.82531,,120.125,,239.625
1982,4.82776,,120.5,,239.7
1983,4.83021,,120.875,,239.775
1984,4.83266,,121.25,,239.85
1985,4.83512,,121.625,,239.925
1986,4.83757,,122,,240
1987,4.84032,,122.125,,240.075
1988,4.84308,,122.25,,240.15
1989,4.84583,,122.375,,240.225
1990,4.84859,,122.5,,240.3
1991,4.85134,,122.625,,240.375
1992,4.8541,,122.75,,240.45
1993,4.85685,,122.875,,240.525
1994,4.85961,,123,,240.6
1995,4.86237,,123,,240.65
1996,4.86512,,123,,240.7
1997,4.86788,,123,,240.75
1998,4.87064,,123,,240.8
1999,4.87339,,123,,240.85
2000,4.87615,,123,,240.9
2001,4.8789,,123,,240.95
2002,4.88166,,123,,241
2003,4.88436,,123.125,,241.05
2004,4.88706,,123.25,,241.1
2005,4.88976,,123.375,,241.15
2006,4.89246,,123.5,,241.2
2007,4.89516,,123.625,,241.25
2008,4.89786,,123.75,,241.3
2009,4.90056,,123.875,,241.35
2010,4.90326,,124,,241.4
2011,4.90614,,124.143,,241.429
2012,4.90902,,124.286,,241.457
2013,4.9119,,124.429,,241.486
2014,4.91478,,124.571,,241.514
2015,4.91766,,124.714,,241.543
2016,4.92054,,124.857,,241.571
2017,4.92342,,125,,241.6
2018,4.92683,,125,,241.486
2019,4.93025,,125,,241.371
2020,4.93366,,125,,241.257
2021,4.93708,,125,,241.143
2022,4.94049,,125,,241.029
2023,4.94391,,125,,240.914
2024,4.94732,,125,,240.8
2025,4.95106,,125.167,,240.733
2026,4.95479,,125.333,,240.667
2027,4.95853,,125.5,,240.6
2028,4.96227,,125.667,,240.533
2029,4.966,,125.833,,240.467
2030,4.96974,,126,,240.4
2031,4.97301,,126,,240.371
2032,4.97629,,126,,240.343
2033,4.97956,,126,,240.314
2034,4.98284,,126,,240.286
2035,4.98611,,126,,240.257
2036,4.98939,,126,,240.229
2037,4.99266,,126,,240.2
2038,4.99564,,125.857,,240.143
2039,4.99861,,125.714,,240.086
2040,5.00159,,125.571,,240.029
2041,5.00457,,125.429,,239.971
2042,5.00755,,125.286,,239.914
2043,5.01052,,125.143,,239.857
2044,5.0135,,125,,239.8
2045,5.01611,,124.875,,239.85
2046,5.01873,,124.75,,239.9
2047,5.02134,,124.625,,239.95
2048,5.02396,,124.5,,240
2049,5.02657,,124.375,,240.05
2050,5.02919,,124.25,,240.1
2051,5.0318,,124.125,,240.15
2052,5.03442,,124,,240.2
2053,5.03737,,123.857,,240.229
2054,5.04033,,123.714,,240.257
2055,5.04328,,123.571,,240.286
2056,5.04624,,123.429,,240.314
2057,5.04919,,123.286,,240.343
2058,5.05215,,123.143,,240.371
2059,5.0551,,123,,240.4
2060,5.05816,,122.714,,240.429
2061,5.06121,,122.429,,240.457
2062,5.06427,,122.143,,240.486
2063,5.06733,,121.857,,240.514
2064,5.07039,,121.571,,240.543
2065,5.07344,,121.286,,240.571
2066,5.0765,,121,,240.6
2067,5.07953,,121,,240.771
2068,5.08255,,121,,240.943
2069,5.08558,,121,,241.114
2070,5.0886,,121,,241.286
2071,5.09163,,121,,241.457
2072,5.09465,,121,,241.629
2073,5.09768,,121,,241.8
2074,5.09907,,120.667,,241.867
2075,5.10047,,120.333,,241.933
2076,5.10186,,120,,242
2077,5.10504,,119.857,,241.829
2078,5.10822,,119.714,,241.657
2079,5.1114,,119.571,,241.486
2080,5.11459,,119.429,,241.314
2081,5.11777,,119.286,,241.143
2082,5.12095,,119.143,,240.971
2083,5.12413,,119,,240.8
2084,5.12731,,119,,240.743
2085,5.13048,,119,,240.686
2086,5.13366,,119,,240.629
2087,5.13683,,119,,240.571
2088,5.14001,,119,,240.514
2089,5.14318,,119,,240.457
2090,5.14636,,119,,240.4
2091,5.14935,,119,,240.371
2092,5.15233,,119,,240.343
2093,5.15532,,119,,240.314
2094,5.15831,,119,,240.286
2095,5.1613,,119,,240.257
2096,5.16428,,119,,240.229
2097,5.16727,,119,,240.2
2098,5.17012,,119.25,,240.175
2099,5.17296,,119.5,,240.15
2100,5.17581,,119.75,,240.125
2101,5.17866,,120,,240.1
2102,5.18151,,120.25,,240.075
2103,5.18435,,120.5,,240.05
2104,5.1872,,120.75,,240.025
2105,5.19005,,121,,240
2106,5.19277,,120.875,,240.025
2107,5.19548,,120.75,,240.05
2108,5.1982,,120.625,,240.075
2109,5.20092,,120.5,,240.1
2110,5.20364,,120.375,,240.125
2111,5.20635,,120.25,,240.15
2112,5.20907,,120.125,,240.175
2113,5.21179,,120,,240.2
2114,5.21452,,120,,240.225
2115,5.21724,,120,,240.25
2116,5.21996,,120,,240.275
2117,5.22269,,120,,240.3
2118,5.22541,,120,,240.325
2119,5.22814,,120,,240.35
2120,5.23086,,120,,240.375
2121,5.23359,,120,,240.4
2122,5.23564,,119.7,,240.42
2123,5.23769,,119.4,,240.44
2124,5.23974,,119.1,,240.46
2125,5.24179,,118.8,,240.48
2126,5.24383,,118.5,,240.5
2127,5.24588,,118.2,,240.52
2128,5.24793,,117.9,,240.54
2129,5.24998,,117.6,,240.56
2130,5.25203,,117.3,,240.58
2131,5.25408,,117,,240.6
2132,5.25513,,116,,240.667
2133,5.25617,,115,,240.733
2134,5.25722,,114,,240.8
2135,5.25876,,113.25,,240.85
2136,5.2603,,112.5,,240.9
2137,5.26183,,111.75,,240.95
2138,5.26337,,111,,241
2139,5.26477,,110,,241.067
2140,5.26618,,109,,241.133
2141,5.26758,,108,,241.2
2142,5.26894,,107.25,,241.2
2143,5.2703,,106.5,,241.2
2144,5.27167,,105.75,,241.2
2145,5.27303,,105,,241.2
2146,5.27434,,103.667,,241.2
2147,5.27564,,102.333,,241.2
2148,5.27695,,101,,241.2
2149,5.27814,,100.4,,241.24
2150,5.27932,,99.8,,241.28
2151,5.28051,,99.2,,241.32
2152,5.28169,,98.6,,241.36
2153,5.28288,,98,,241.4
2154,5.28431,,97.5,,241.367
2155,5.28574,,97,,241.333
2156,5.28717,,96.5,,241.3
2157,5.2886,,96,,241.267
2158,5.29003,,95.5,,241.233
2159,5.29146,,95,,241.2
2160,5.29275,,94.4,,241.16
2161,5.29404,,93.8,,241.12
2162,5.29534,,93.2,,241.08
2163,5.29663,,92.6,,241.04
2164,5.29792,,92,,241
2165,5.29947,,91.25,,240.95
2166,5.30102,,90.5,,240.9
2167,5.30257,,89.75,,240.85
2168,5.30412,,89,,240.8
2169,5.30603,,88.8182,,240.782
2170,5.30794,,88.6364,,240.764
2171,5.30984,,88.4545,,240.745
2172,5.31175,,88.2727,,240.727
2173,5.31366,,88.0909,,240.709
2174,5.31557,,87.9091,,240.691
2175,5.31748,,87.7273,,240.673
2176,5.31939,,87.5455,,240.655
2177,5.32129,,87.3636,,240.636
2178,5.3232,,87.1818,,240.618
2179,5.32511,,87,,240.6
2180,5.32676,,86.8462,,240.569
2181,5.32841,,86.6923,,240.538
2182,5.33006,,86.5385,,240.508
2183,5.3317,,86.3846,,240.477
2184,5.33335,,86.2308,,240.446
2185,5.335,,86.0769,,240.415
2186,5.33665,,85.9231,,240.385
2187,5.3383,,85.7692,,240.354
2188,5.33995,,85.6154,,240.323
2189,5.34159,,85.4615,,240.292
2190,5.34324,,85.3077,,240.262
2191,5.34489,,85.1538,,240.231
2192,5.34654,,85,,240.2
2193,5.34811,,85,,240.154
2194,5.34967,,85,,240.108
2195,5.35124,,85,,240.062
2196,5.3528,,85,,240.015
2197,5.35437,,85,,239.969
2198,5.35594,,85,,239.923
2199,5.3575,,85,,239.877
2200,5.35907,,85,,239.831
2201,5.36064,,85,,239.785
2202,5.3622,,85,,239.738
2203,5.36377,,85,,239.692
2204,5.36533,,85,,239.646
2205,5.3669,,85,,239.6
2206,5.36855,,84.9231,,239.585
2207,5.37019,,84.8462,,239.569
2208,5.37184,,84.7692,,239.554
2209,5.37349,,84.6923,,239.538
2210,5.37513,,84.6154,,239.523
2211,5.37678,,84.5385,,239.508
2212,5.37843,,84.4615,,239.492
2213,5.38008,,84.3846,,239.477
2214,5.38172,,84.3077,,239.462
2215,5.38337,,84.2308,,239.446
2216,5.38502,,84.1538,,239.431
2217,5.38666,,84.0769,,239.415
2218,5.38831,,84,,239.4
2219,5.38988,,84,,239.415
2220,5.39145,,84,,239.431
2221,5.39302,,84,,239.446
2222,5.39458,,84,,239.462
2223,5.39615,,84,,239.477
2224,5.39772,,84,,239.492
2225,5.39929,,84,,239.508
2226,5.40086,,84,,239.523
2227,5.40243,,84,,239.538
2228,5.40399,,84,,239.554
2229,5.40556,,84,,239.569
2230,5.40713,,84,,239.585
2231,5.4087,,84,,239.6
2232,5.41047,,84.0833,,239.6
2233,5.41223,,84.1667,,239.6
2234,5.414,,84.25,,239.6
2235,5.41576,,84.3333,,239.6
2236,5.41753,,84.4167,,239.6
2237,5.4193,,84.5,,239.6
2238,5.42106,,84.5833,,239.6
2239,5.42283,,84.6667,,239.6
2240,5.42459,,84.75,,239.6
2241,5.42636,,84.8333,,239.6
2242,5.42812,,84.9167,,239.6
2243,5.42989,,85,,239.6
2244,5.43143,,84.7273,,239.6
2245,5.43297,,84.4545,,239.6
2246,5.43451,,84.1818,,239.6
2247,5.43605,,83.9091,,239.6
2248,5.43759,,83.6364,,239.6
2249,5.43912,,83.3636,,239.6
2250,5.44066,,83.0909,,239.6
2251,5.4422,,82.8182,,239.6
2252,5.44374,,82.5455,,239.6
2253,5.44528,,82.2727,,239.6
2254,5.44682,,82,,239.6
2255,5.44879,,83.4286,,239.629
2256,5.45077,,84.8571,,239.657
2257,5.45274,,86.2857,,239.686
2258,5.45471,,87.7143,,239.714
2259,5.45668,,89.1429,,239.743
2260,5.45866,,90.5714,,239.771
2261,5.46063,,92,,239.8
2262,5.46415,,92,,239.8
2263,5.46782,,92.6,,239.88
2264,5.47148,,93.2,,239.96
2265,5.47515,,93.8,,240.04
2266,5.47881,,94.4,,240.12
2267,5.48248,,95,,240.2
2268,5.48607,,96.5,,240.2
2269,5.48966,,98,,240.2
2270,5.49486,,99.5,,240.2
2271,5.50007,,101,,240.2
2272,5.50259,,101.75,,240.15
2273,5.50511,,102.5,,240.1
2274,5.50764,,103.25,,240.05
2275,5.51016,,104,,240
2276,5.51347,,104.75,,240
2277,5.51677,,105.5,,240
2278,5.52007,,106.25,,240
2279,5.52338,,107,,240
2280,5.52658,,109,,240
2281,5.52978,,111,,240
2282,5.53299,,113,,240
2283,5.53619,,115,,240
2284,5.53939,,117,,240
2285,5.54295,,117,,240
2286,5.54633,,116.667,,239.967
2287,5.54971,,116.333,,239.933
2288,5.5531,,116,,239.9
2289,5.55648,,115.667,,239.867
2290,5.55986,,115.333,,239.833
2291,5.56324,,115,,239.8
2292,5.56642,,115,,239.8
2293,5.56959,,115,,239.8
2294,5.57277,,115,,239.8
2295,5.57594,,115,,239.8
2296,5.57912,,115,,239.8
2297,5.58229,,115,,239.8
2298,5.58547,,115,,239.8
2299,5.58861,,115.143,,239.829
2300,5.59175,,115.286,,239.857
2301,5.59489,,115.429,,239.886
2302,5.59803,,115.571,,239.914
2303,5.60117,,115.714,,239.943
2304,5.60431,,115.857,,239.971
2305,5.60745,,116,,240
2306,5.61055,,116.286,,240
2307,5.61364,,116.571,,240
2308,5.61674,,116.857,,240
2309,5.61984,,117.143,,240
2310,5.62294,,117.429,,240
2311,5.62603,,117.714,,240
2312,5.62913,,118,,240
2313,5.63208,,118.143,,240.029
2314,5.63503,,118.286,,240.057
2315,5.63798,,118.429,,240.086
2316,5.64094,,118.571,,240.114
2317,5.64389,,118.714,,240.143
2318,5.64684,,118.857,,240.171
2319,5.64979,,119,,240.2
2320,5.65254,,119.125,,240.225
2321,5.65528,,119.25,,240.25
2322,5.65803,,119.375,,240.275
2323,5.66077,,119.5,,240.3
2324,5.66352,,119.625,,240.325
2325,5.66626,,119.75,,240.35
2326,5.66901,,119.875,,240.375
2327,5.67175,,120,,240.4
2328,5.67468,,120,,240.4
2329,5.6776,,120,,240.4
2330,5.68053,,120,,240.4
2331,5.68345,,120,,240.4
2332,5.68638,,120,,240.4
2333,5.6893,,120,,240.4
2334,5.69223,,120,,240.4
2335,5.69518,,120.286,,240.4
2336,5.69813,,120.571,,240.4
2337,5.70108,,120.857,,240.4
2338,5.70402,,121.143,,240.4
2339,5.70697,,121.429,,240.4
2340,5.70992,,121.714,,240.4
2341,5.71287,,122,,240.4
2342,5.71576,,122.143,,240.429
2343,5.71865,,122.286,,240.457
2344,5.72154,,122.429,,240.486
2345,5.72443,,122.571,,240.514
2346,5.72732,,122.714,,240.543
2347,5.73021,,122.857,,240.571
2348,5.7331,,123,,240.6
2349,5.73619,,122.857,,240.829
2350,5.73927,,122.714,,241.057
2351,5.74236,,122.571,,241.286
2352,5.74545,,122.429,,241.514
2353,5.74854,,122.286,,241.743
2354,5.75162,,122.143,,241.971
2355,5.75471,,122,,242.2
2356,5.75817,,121.857,,242.229
2357,5.76164,,121.714,,242.257
2358,5.7651,,121.571,,242.286
2359,5.76856,,121.429,,242.314
2360,5.77202,,121.286,,242.343
2361,5.77549,,121.143,,242.371
2362,5.77895,,121,,242.4
2363,5.78148,,120.75,,242.325
2364,5.78402,,120.5,,242.25
2365,5.78655,,120.25,,242.175
2366,5.78908,,120,,242.1
2367,5.79161,,119.75,,242.025
2368,5.79415,,119.5,,241.95
2369,5.79668,,119.25,,241.875
2370,5.79921,,119,,241.8
2371,5.80219,,119.143,,241.829
2372,5.80518,,119.286,,241.857
2373,5.80816,,119.429,,241.886
2374,5.81115,,119.571,,241.914
2375,5.81413,,119.714,,241.943
2376,5.81712,,119.857,,241.971
2377,5.8201,,120,,242
2378,5.82287,,120,,241.95
2379,5.82563,,120,,241.9
2380,5.8284,,120,,241.85
2381,5.83116,,120,,241.8
2382,5.83393,,120,,241.75
2383,5.83669,,120,,241.7
2384,5.83946,,120,,241.65
2385,5.84222,,120,,241.6
2386,5.845,,120.25,,241.7
2387,5.84778,,120.5,,241.8
2388,5.85056,,120.75,,241.9
2389,5.85334,,121,,242
2390,5.85611,,121.25,,242.1
2391,5.85889,,121.5,,242.2
2392,5.86167,,121.75,,242.3
2393,5.86445,,122,,242.4
2394,5.86718,,122,,242.675
2395,5.86991,,122,,242.95
2396,5.87263,,122,,243.225
2397,5.87536,,122,,243.5
2398,5.87809,,122,,243.775
2399,5.88082,,122,,244.05
2400,5.88354,,122,,244.325
2401,5.88627,,122,,244.6
2402,5.88905,,122,,244.425
2403,5.89182,,122,,244.25
2404,5.8946,,122,,244.075
2405,5.89737,,122,,243.9
2406,5.90015,,122,,243.725
2407,5.90292,,122,,243.55
2408,5.9057,,122,,243.375
2409,5.90847,,122,,243.2
2410,5.91126,,122,,242.9
2411,5.91406,,122,,242.6
2412,5.91685,,122,,242.3
2413,5.91965,,122,,242
2414,5.92244,,122,,241.7
2415,5.92523,,122,,241.4
2416,5.92803,,122,,241.1
2417,5.93082,,122,,240.8
2418,5.93368,,121.75,,240.475
2419,5.93653,,121.5,,240.15
2420,5.93939,,121.25,,239.825
2421,5.94225,,121,,239.5
2422,5.94511,,120.75,,239.175
2423,5.94797,,120.5,,238.85
2424,5.95082,,120.25,,238.525
2425,5.95368,,120,,238.2
2426,5.95667,,120.143,,238.2
2427,5.95965,,120.286,,238.2
2428,5.96264,,120.429,,238.2
2429,5.96563,,120.571,,238.2
2430,5.96862,,120.714,,238.2
2431,5.9716,,120.857,,238.2
2432,5.97459,,121,,238.2
2433,5.97777,,120.857,,238.314
2434,5.98095,,120.714,,238.429
2435,5.98413,,120.571,,238.543
2436,5.98732,,120.429,,238.657
2437,5.9905,,120.286,,238.771
2438,5.99368,,120.143,,238.886
2439,5.99686,,120,,239
2440,5.99987,,120,,239.171
2441,6.00289,,120,,239.343
2442,6.0059,,120,,239.514
2443,6.00891,,120,,239.686
2444,6.01192,,120,,239.857
2445,6.01494,,120,,240.029
2446,6.01795,,120,,240.2
2447,6.02045,,120.25,,240.825
2448,6.02295,,120.5,,241.45
2449,6.02545,,120.75,,242.075
2450,6.02796,,121,,242.7
2451,6.03046,,121.25,,243.325
2452,6.03296,,121.5,,243.95
2453,6.03546,,121.75,,244.575
2454,6.03796,,122,,245.2
2455,6.03955,,121.667,,245.567
2456,6.04115,,121.333,,245.933
2457,6.04274,,121,,246.3
2458,6.04434,,120.667,,246.667
2459,6.04594,,120.333,,247.033
2460,6.04753,,120,,247.4
2461,6.04913,,119.667,,247.767
2462,6.05072,,119.333,,248.133
2463,6.05232,,119,,248.5
2464,6.05391,,118.667,,248.867
2465,6.05551,,118.333,,249.233
2466,6.0571,,118,,249.6
2467,6.05788,,116.667,,249.667
2468,6.05866,,115.333,,249.733
2469,6.05944,,114,,249.8
2470,6.06102,,113,,250
2471,6.06261,,112,,250.2
2472,6.06419,,111,,250.4
2473,6.06578,,110,,250.6
2474,6.06733,,109.25,,250.75
2475,6.06888,,108.5,,250.9
2476,6.07042,,107.75,,251.05
2477,6.07197,,107,,251.2
2478,6.07345,,106,,251.3
2479,6.07493,,105,,251.4
2480,6.07641,,104,,251.5
2481,6.07789,,103,,251.6
2482,6.07951,,102.333,,251.7
2483,6.08114,,101.667,,251.8
2484,6.08276,,101,,251.9
2485,6.08438,,100.333,,252
2486,6.08601,,99.6667,,252.1
2487,6.08763,,99,,252.2
2488,6.08934,,97.5,,252.2
2489,6.09106,,96,,252.2
2490,6.09277,,95.25,,252.35
2491,6.09447,,94.5,,252.5
2492,6.09617,,93.75,,252.65
2493,6.09788,,93,,252.8
2494,6.09977,,92.25,,252.85
2495,6.10167,,91.5,,252.9
2496,6.10356,,90.75,,252.95
2497,6.10546,,90,,253
2498,6.10723,,89.7273,,253.091
2499,6.109,,89.4545,,253.182
2500,6.11077,,89.1818,,253.273
2501,6.11254,,88.9091,,253.364
2502,6.11431,,88.6364,,253.455
2503,6.11609,,88.3636,,253.545
2504,6.11786,,88.0909,,253.636
2505,6.11963,,87.8182,,253.727
2506,6.1214,,87.5455,,253.818
2507,6.12317,,87.2727,,253.909
2508,6.12494,,87,,254
2509,6.12637,,86.7273,,254.164
2510,6.1278,,86.4545,,254.327
2511,6.12923,,86.1818,,254.491
2512,6.13066,,85.9091,,254.655
2513,6.13209,,85.6364,,254.818
2514,6.13353,,85.3636,,254.982
2515,6.13496,,85.0909,,255.145
2516,6.13639,,84.8182,,255.309
2517,6.13782,,84.5455,,255.473
2518,6.13925,,84.2727,,255.636
2519,6.14068,,84,,255.8
2520,6.14227,,83.8462,,255.923
2521,6.14386,,83.6923,,256.046
2522,6.14545,,83.5385,,256.169
2523,6.14705,,83.3846,,256.292
2524,6.14864,,83.2308,,256.415
2525,6.15023,,83.0769,,256.538
2526,6.15182,,82.9231,,256.662
2527,6.15341,,82.7692,,256.785
2528,6.155,,82.6154,,256.908
2529,6.1566,,82.4615,,257.031
2530,6.15819,,82.3077,,257.154
2531,6.15978,,82.1538,,257.277
2532,6.16137,,82,,257.4
2533,6.16288,,82,,257.4
2534,6.16439,,82,,257.4
2535,6.16591,,82,,257.4
2536,6.16742,,82,,257.4
2537,6.16893,,82,,257.4
2538,6.17044,,82,,257.4
2539,6.17196,,82,,257.4
2540,6.17347,,82,,257.4
2541,6.17498,,82,,257.4
2542,6.17649,,82,,257.4
2543,6.178,,82,,257.4
2544,6.17952,,82,,257.4
2545,6.18103,,82,,257.4
2546,6.18254,,82,,257.4
2547,6.1842,,83.3333,,257.333
2548,6.18585,,84.6667,,257.267
2549,6.18751,,86,,257.2
2550,6.18911,,86.0769,,257.108
2551,6.1907,,86.1538,,257.015
2552,6.1923,,86.2308,,256.923
2553,6.19389,,86.3077,,256.831
2554,6.19549,,86.3846,,256.738
2555,6.19708,,86.4615,,256.646
2556,6.19868,,86.5385,,256.554
2557,6.20027,,86.6154,,256.462
2558,6.20187,,86.6923,,256.369
2559,6.20346,,86.7692,,256.277
2560,6.20506,,86.8462,,256.185
2561,6.20665,,86.9231,,256.092
2562,6.20825,,87,,256
2563,6.20984,,86.9231,,255.908
2564,6.21143,,86.8462,,255.815
2565,6.21302,,86.7692,,255.723
2566,6.21461,,86.6923,,255.631
2567,6.2162,,86.6154,,255.538
2568,6.21779,,86.5385,,255.446
2569,6.21937,,86.4615,,255.354
2570,6.22096,,86.3846,,255.262
2571,6.22255,,86.3077,,255.169
2572,6.22414,,86.2308,,255.077
2573,6.22573,,86.1538,,254.985
2574,6.22732,,86.0769,,254.892
2575,6.22891,,86,,254.8
2576,6.23139,,86.2222,,254.822
2577,6.23387,,86.4444,,254.844
2578,6.23635,,86.6667,,254.867
2579,6.23883,,86.8889,,254.889
2580,6.2413,,87.1111,,254.911
2581,6.24378,,87.3333,,254.933
2582,6.24626,,87.5556,,254.956
2583,6.24874,,87.7778,,254.978
2584,6.25122,,88,,255
2585,6.25431,,89,,254.8
2586,6.25739,,90,,254.6
2587,6.26048,,91,,254.4
2588,6.2635,,92,,254.267
2589,6.26652,,93,,254.133
2590,6.26954,,94,,254
2591,6.27277,,95.5,,253.8
2592,6.27601,,97,,253.6
2593,6.27868,,97.5,,253.567
2594,6.28136,,98,,253.533
2595,6.28403,,98.5,,253.5
2596,6.28671,,99,,253.467
2597,6.28939,,99.5,,253.433
2598,6.29206,,100,,253.4
2599,6.29525,,100.75,,253.3
2600,6.29844,,101.5,,253.2
2601,6.30162,,102.25,,253.1
2602,6.30481,,103,,253
2603,6.30833,,103.6,,252.6
2604,6.31186,,104.2,,252.2
2605,6.31538,,104.8,,251.8
2606,6.31891,,105.4,,251.4
2607,6.32243,,106,,251
2608,6.32517,,106.75,,250.75
2609,6.3279,,107.5,,250.5
2610,6.33064,,108.25,,250.25
2611,6.33337,,109,,250
2612,6.33638,,109.429,,249.8
2613,6.3394,,109.857,,249.6
2614,6.34241,,110.286,,249.4
2615,6.34542,,110.714,,249.2
2616,6.34843,,111.143,,249
2617,6.35145,,111.571,,248.8
2618,6.35446,,112,,248.6
2619,6.35778,,112.429,,248.457
2620,6.3611,,112.857,,248.314
2621,6.36442,,113.286,,248.171
2622,6.36774,,113.714,,248.029
2623,6.37106,,114.143,,247.886
2624,6.37438,,114.571,,247.743
2625,6.3777,,115,,247.6
2626,6.38069,,115.143,,247.457
2627,6.38369,,115.286,,247.314
2628,6.38668,,115.429,,247.171
2629,6.38967,,115.571,,247.029
2630,6.39266,,115.714,,246.886
2631,6.39566,,115.857,,246.743
2632,6.39865,,116,,246.6
2633,6.40156,,116,,246.543
2634,6.40447,,116,,246.486
2635,6.40738,,116,,246.429
2636,6.41029,,116,,246.371
2637,6.4132,,116,,246.314
2638,6.41611,,116,,246.257
2639,6.41902,,116,,246.2
2640,6.42177,,116.25,,246.2
2641,6.42451,,116.5,,246.2
2642,6.42726,,116.75,,246.2
2643,6.43,,117,,246.2
2644,6.43274,,117.25,,246.2
2645,6.43549,,117.5,,246.2
2646,6.43823,,117.75,,246.2
2647,6.44098,,118,,246.2
2648,6.44376,,118.125,,246.275
2649,6.44655,,118.25,,246.35
2650,6.44933,,118.375,,246.425
2651,6.45211,,118.5,,246.5
2652,6.4549,,118.625,,246.575
2653,6.45768,,118.75,,246.65
2654,6.46047,,118.875,,246.725
2655,6.46325,,119,,246.8
2656,6.46576,,118.875,,246.55
2657,6.46827,,118.75,,246.3
2658,6.47078,,118.625,,246.05
2659,6.47329,,118.5,,245.8
2660,6.4758,,118.375,,245.55
2661,6.47831,,118.25,,245.3
2662,6.48082,,118.125,,245.05
2663,6.48333,,118,,244.8
2664,6.48572,,118,,244.578
2665,6.48811,,118,,244.356
2666,6.49051,,118,,244.133
2667,6.4929,,118,,243.911
2668,6.49529,,118,,243.689
2669,6.49768,,118,,243.467
2670,6.50008,,118,,243.244
2671,6.50247,,118,,243.022
2672,6.50486,,118,,242.8
2673,6.5073,,118,,242.889
2674,6.50974,,118,,242.978
2675,6.51217,,118,,243.067
2676,6.51461,,118,,243.156
2677,6.51705,,118,,243.244
2678,6.51949,,118,,243.333
2679,6.52192,,118,,243.422
2680,6.52436,,118,,243.511
2681,6.5268,,118,,243.6
2682,6.52906,,118.375,,243.45
2683,6.53132,,118.75,,243.3
2684,6.53358,,119.125,,243.15
2685,6.53584,,119.5,,243
2686,6.5381,,119.875,,242.85
2687,6.54036,,120.25,,242.7
2688,6.54262,,120.625,,242.55
2689,6.54488,,121,,242.4
2690,6.54823,,121.75,,242.3
2691,6.55158,,122.5,,242.2
2692,6.55494,,123.25,,242.1
2693,6.55829,,124,,242
2694,6.56175,,124.167,,241.967
2695,6.5652,,124.333,,241.933
2696,6.56866,,124.5,,241.9
2697,6.57211,,124.667,,241.867
2698,6.57557,,124.833,,241.833
2699,6.57902,,125,,241.8
2700,6.58244,,125,,241.567
2701,6.58585,,125,,241.333
2702,6.58927,,125,,241.1
2703,6.59269,,125,,240.867
2704,6.5961,,125,,240.633
2705,6.59952,,125,,240.4
2706,6.6027,,124.714,,240.029
2707,6.60587,,124.429,,239.657
2708,6.60905,,124.143,,239.286
2709,6.61222,,123.857,,238.914
2710,6.6154,,123.571,,238.543
2711,6.61857,,123.286,,238.171
2712,6.62175,,123,,237.8
2713,6.6249,,122.857,,237.571
2714,6.62804,,122.714,,237.343
2715,6.63119,,122.571,,237.114
2716,6.63434,,122.429,,236.886
2717,6.63749,,122.286,,236.657
2718,6.64063,,122.143,,236.429
2719,6.64378,,122,,236.2
2720,6.64715,,121.857,,236.286
2721,6.65053,,121.714,,236.371
2722,6.6539,,121.571,,236.457
2723,6.65728,,121.429,,236.543
2724,6.66065,,121.286,,236.629
2725,6.66403,,121.143,,236.714
2726,6.6674,,121,,236.8
2727,6.67018,,120.875,,236.925
2728,6.67296,,120.75,,237.05
2729,6.67574,,120.625,,237.175
2730,6.67851,,120.5,,237.3
2731,6.68129,,120.375,,237.425
2732,6.68407,,120.25,,237.55
2733,6.68685,,120.125,,237.675
2734,6.68963,,120,,237.8
2735,6.6921,,120.111,,237.889
2736,6.69457,,120.222,,237.978
2737,6.69704,,120.333,,238.067
2738,6.69951,,120.444,,238.156
2739,6.70197,,120.556,,238.244
2740,6.70444,,120.667,,238.333
2741,6.70691,,120.778,,238.422
2742,6.70938,,120.889,,238.511
2743,6.71185,,121,,238.6
2744,6.71447,,120.875,,239.025
2745,6.71708,,120.75,,239.45
2746,6.7197,,120.625,,239.875
2747,6.72231,,120.5,,240.3
2748,6.72493,,120.375,,240.725
2749,6.72754,,120.25,,241.15
2750,6.73016,,120.125,,241.575
2751,6.73277,,120,,242
2752,6.73514,,120,,242.467
2753,6.73751,,120,,242.933
2754,6.73989,,120,,243.4
2755,6.74226,,120,,243.867
2756,6.74463,,120,,244.333
2757,6.747,,120,,244.8
2758,6.74938,,120,,245.267
2759,6.75175,,120,,245.733
2760,6.75412,,120,,246.2
2761,6.75713,,119.875,,246.475
2762,6.76013,,119.75,,246.75
2763,6.76314,,119.625,,247.025
2764,6.76615,,119.5,,247.3
2765,6.76915,,119.375,,247.575
2766,6.77216,,119.25,,247.85
2767,6.77516,,119.125,,248.125
2768,6.77817,,119,,248.4
2769,6.78041,,118.889,,248.489
2770,6.78265,,118.778,,248.578
2771,6.78489,,118.667,,248.667
2772,6.78713,,118.556,,248.756
2773,6.78938,,118.444,,248.844
2774,6.79162,,118.333,,248.933
2775,6.79386,,118.222,,249.022
2776,6.7961,,118.111,,249.111
2777,6.79834,,118,,249.2
2778,6.80141,,118,,249.486
2779,6.80447,,118,,249.771
2780,6.80754,,118,,250.057
2781,6.8106,,118,,250.343
2782,6.81367,,118,,250.629
2783,6.81673,,118,,250.914
2784,6.8198,,118,,251.2
2785,6.82205,,118.111,,251.311
2786,6.82429,,118.222,,251.422
2787,6.82654,,118.333,,251.533
2788,6.82878,,118.444,,251.644
2789,6.83103,,118.556,,251.756
2790,6.83327,,118.667,,251.867
2791,6.83552,,118.778,,251.978
2792,6.83776,,118.889,,252.089
2793,6.84001,,119,,252.2
2794,6.84287,,119,,252.3
2795,6.84573,,119,,252.4
2796,6.84859,,119,,252.5
2797,6.85144,,119,,252.6
2798,6.8543,,119,,252.7
2799,6.85716,,119,,252.8
2800,6.86002,,119,,252.9
2801,6.86288,,119,,253
2802,6.86529,,118.889,,253.2
2803,6.8677,,118.778,,253.4
2804,6.87011,,118.667,,253.6
2805,6.87252,,118.556,,253.8
2806,6.87494,,118.444,,254
2807,6.87735,,118.333,,254.2
2808,6.87976,,118.222,,254.4
2809,6.88217,,118.111,,254.6
2810,6.88458,,118,,254.8
2811,6.8871,,118,,254.625
2812,6.88962,,118,,254.45
2813,6.89214,,118,,254.275
2814,6.89467,,118,,254.1
2815,6.89719,,118,,253.925
2816,6.89971,,118,,253.75
2817,6.90223,,118,,253.575
2818,6.90475,,118,,253.4
2819,6.90762,,118.125,,253.275
2820,6.91048,,118.25,,253.15
2821,6.91335,,118.375,,253.025
2822,6.91622,,118.5,,252.9
2823,6.91909,,118.625,,252.775
2824,6.92195,,118.75,,252.65
2825,6.92482,,118.875,,252.525
2826,6.92769,,119,,252.4
2827,6.9306,,118.857,,252.257
2828,6.93352,,118.714,,252.114
2829,6.93643,,118.571,,251.971
2830,6.93935,,118.429,,251.829
2831,6.94226,,118.286,,251.686
2832,6.94518,,118.143,,251.543
2833,6.94809,,118,,251.4
2834,6.95068,,118.333,,251.267
2835,6.95327,,118.667,,251.133
2836,6.95586,,119,,251
2837,6.95872,,119.143,,250.457
2838,6.96159,,119.286,,249.914
2839,6.96445,,119.429,,249.371
2840,6.96731,,119.571,,248.829
2841,6.97017,,119.714,,248.286
2842,6.97304,,119.857,,247.743
2843,6.9759,,120,,247.2
2844,6.97924,,120.333,,247.1
2845,6.98258,,120.667,,247
2846,6.98593,,121,,246.9
2847,6.98927,,121.333,,246.8
2848,6.99261,,121.667,,246.7
2849,6.99595,,122,,246.6
2850,6.99921,,122.143,,246.143
2851,7.00248,,122.286,,245.686
2852,7.00574,,122.429,,245.229
2853,7.00901,,122.571,,244.771
2854,7.01227,,122.714,,244.314
2855,7.01554,,122.857,,243.857
2856,7.0188,,123,,243.4
2857,7.02248,,123,,242.8
2858,7.02617,,123,,242.2
2859,7.02985,,123,,241.6
2860,7.03353,,123,,241
2861,7.03722,,123,,240.4
2862,7.0409,,123,,239.8
2863,7.04404,,122.857,,239.314
2864,7.04719,,122.714,,238.829
2865,7.05033,,122.571,,238.343
2866,7.05347,,122.429,,237.857
2867,7.05661,,122.286,,237.371
2868,7.05976,,122.143,,236.886
2869,7.0629,,122,,236.4
2870,7.06556,,121.875,,236.225
2871,7.06823,,121.75,,236.05
2872,7.0709,,121.625,,235.875
2873,7.07356,,121.5,,235.7
2874,7.07623,,121.375,,235.525
2875,7.07889,,121.25,,235.35
2876,7.08156,,121.125,,235.175
2877,7.08422,,121,,235
2878,7.0864,,121,,235.12
2879,7.08859,,121,,235.24
2880,7.09077,,121,,235.36
2881,7.09295,,121,,235.48
2882,7.09514,,121,,235.6
2883,7.09732,,121,,235.72
2884,7.0995,,121,,235.84
2885,7.10168,,121,,235.96
2886,7.10387,,121,,236.08
2887,7.10605,,121,,236.2
2888,7.1088,,120.875,,236.4
2889,7.11155,,120.75,,236.6
2890,7.1143,,120.625,,236.8
2891,7.11705,,120.5,,237
2892,7.1198,,120.375,,237.2
2893,7.12255,,120.25,,237.4
2894,7.1253,,120.125,,237.6
2895,7.12805,,120,,237.8
2896,7.13062,,120.25,,238.125
2897,7.13319,,120.5,,238.45
2898,7.13576,,120.75,,238.775
2899,7.13833,,121,,239.1
2900,7.14091,,121.25,,239.425
2901,7.14348,,121.5,,239.75
2902,7.14605,,121.75,,240.075
2903,7.14862,,122,,240.4
2904,7.15088,,122.2,,240.82
2905,7.15314,,122.4,,241.24
2906,7.15539,,122.6,,241.66
2907,7.15765,,122.8,,242.08
2908,7.15991,,123,,242.5
2909,7.16217,,123.2,,242.92
2910,7.16443,,123.4,,243.34
2911,7.16668,,123.6,,243.76
2912,7.16894,,123.8,,244.18
2913,7.1712,,124,,244.6
2914,7.17233,,124,,244.6
2915,7.17345,,124,,244.6
2916,7.17531,,124.5,,244.7
2917,7.17717,,125,,244.8
2918,7.17903,,125.5,,244.9
2919,7.18089,,126,,245
2920,7.18359,,126.25,,245.2
2921,7.18629,,126.5,,245.4
2922,7.18899,,126.75,,245.6
2923,7.1917,,127,,245.8
2924,7.1944,,127.25,,246
2925,7.1971,,127.5,,246.2
2926,7.1998,,127.75,,246.4
2927,7.2025,,128,,246.6
2928,7.20535,,128.125,,246.675
2929,7.2082,,128.25,,246.75
2930,7.21105,,128.375,,246.825
2931,7.2139,,128.5,,246.9
2932,7.21675,,128.625,,246.975
2933,7.2196,,128.75,,247.05
2934,7.22245,,128.875,,247.125
2935,7.2253,,129,,247.2
2936,7.22906,,129,,247.2
2937,7.23282,,129,,247.2
2938,7.23658,,129,,247.2
2939,7.24035,,129,,247.2
2940,7.24411,,129,,247.2
2941,7.24787,,129,,247.2
2942,7.25136,,128.833,,247.167
2943,7.25485,,128.667,,247.133
2944,7.25834,,128.5,,247.1
2945,7.26184,,128.333,,247.067
2946,7.26533,,128.167,,247.033
2947,7.26882,,128,,247
2948,7.27234,,128.167,,246.933
2949,7.27587,,128.333,,246.867
2950,7.2794,,128.5,,246.8
2951,7.28292,,128.667,,246.733
2952,7.28645,,128.833,,246.667
2953,7.28997,,129,,246.6
2954,7.29366,,129.167,,246.533
2955,7.29735,,129.333,,246.467
2956,7.30104,,129.5,,246.4
2957,7.30473,,129.667,,246.333
2958,7.30842,,129.833,,246.267
2959,7.31211,,130,,246.2
2960,7.31438,,130,,246.222
2961,7.31666,,130,,246.244
2962,7.31893,,130,,246.267
2963,7.32121,,130,,246.289
2964,7.32348,,130,,246.311
2965,7.32576,,130,,246.333
2966,7.32803,,130,,246.356
2967,7.33031,,130,,246.378
2968,7.33258,,130,,246.4
2969,7.33511,,129.571,,246.657
2970,7.33764,,129.143,,246.914
2971,7.34017,,128.714,,247.171
2972,7.34269,,128.286,,247.429
2973,7.34522,,127.857,,247.686
2974,7.34775,,127.429,,247.943
2975,7.35028,,127,,248.2
2976,7.35345,,126.75,,248.325
2977,7.35663,,126.5,,248.45
2978,7.3598,,126.25,,248.575
2979,7.36297,,126,,248.7
2980,7.36615,,125.75,,248.825
2981,7.36932,,125.5,,248.95
2982,7.3725,,125.25,,249.075
2983,7.37567,,125,,249.2
2984,7.37777,,124.571,,249.143
2985,7.37986,,124.143,,249.086
2986,7.38196,,123.714,,249.029
2987,7.38406,,123.286,,248.971
2988,7.38616,,122.857,,248.914
2989,7.38825,,122.429,,248.857
2990,7.39035,,122,,248.8
2991,7.39322,,121.857,,248.514
2992,7.39609,,121.714,,248.229
2993,7.39896,,121.571,,247.943
2994,7.40183,,121.429,,247.657
2995,7.4047,,121.286,,247.371
2996,7.40757,,121.143,,247.086
2997,7.41044,,121,,246.8
2998,7.41347,,120,,246.533
2999,7.41651,,119,,246.267
3000,7.41954,,118,,246
3001,7.42314,,117.5,,245.733
3002,7.42674,,117,,245.467
3003,7.43034,,116.5,,245.2
3004,7.43394,,116,,244.933
3005,7.43754,,115.5,,244.667
3006,7.44114,,115,,244.4
3007,7.44435,,115.286,,244.171
3008,7.44755,,115.571,,243.943
3009,7.45076,,115.857,,243.714
3010,7.45397,,116.143,,243.486
3011,7.45718,,116.429,,243.257
3012,7.46038,,116.714,,243.029
3013,7.46359,,117,,242.8
3014,7.4676,,117,,242.52
3015,7.47161,,117,,242.24
3016,7.47562,,117,,241.96
3017,7.47963,,117,,241.68
3018,7.48364,,117,,241.4
3019,7.48694,,117.143,,240.971
3020,7.49024,,117.286,,240.543
3021,7.49354,,117.429,,240.114
3022,7.49685,,117.571,,239.686
3023,7.50015,,117.714,,239.257
3024,7.50345,,117.857,,238.829
3025,7.50675,,118,,238.4
3026,7.5104,,118,,237.933
3027,7.51404,,118,,237.467
3028,7.51769,,118,,237
3029,7.52133,,118,,236.533
3030,7.52498,,118,,236.067
3031,7.52862,,118,,235.6
3032,7.53142,,118.6,,235.32
3033,7.53422,,119.2,,235.04
3034,7.53701,,119.8,,234.76
3035,7.53981,,120.4,,234.48
3036,7.54261,,121,,234.2
3037,7.54558,,121.143,,234.229
3038,7.54855,,121.286,,234.257
3039,7.55152,,121.429,,234.286
3040,7.5545,,121.571,,234.314
3041,7.55747,,121.714,,234.343
3042,7.56044,,121.857,,234.371
3043,7.56341,,122,,234.4
3044,7.56546,,122.429,,234.457
3045,7.5675,,122.857,,234.514
3046,7.56955,,123.286,,234.571
3047,7.57159,,123.714,,234.629
3048,7.57364,,124.143,,234.686
3049,7.57568,,124.571,,234.743
3050,7.57773,,125,,234.8
3051,7.58038,,125.125,,234.95
3052,7.58303,,125.25,,235.1
3053,7.58568,,125.375,,235.25
3054,7.58833,,125.5,,235.4
3055,7.59098,,125.625,,235.55
3056,7.59363,,125.75,,235.7
3057,7.59628,,125.875,,235.85
3058,7.59893,,126,,236
3059,7.60145,,125.875,,236.175
3060,7.60397,,125.75,,236.35
3061,7.60649,,125.625,,236.525
3062,7.60902,,125.5,,236.7
3063,7.61154,,125.375,,236.875
3064,7.61406,,125.25,,237.05
3065,7.61658,,125.125,,237.225
3066,7.6191,,125,,237.4
3067,7.62155,,124.778,,237.2
3068,7.624,,124.556,,237
3069,7.62646,,124.333,,236.8
3070,7.62891,,124.111,,236.6
3071,7.63136,,123.889,,236.4
3072,7.63381,,123.667,,236.2
3073,7.63627,,123.444,,236
3074,7.63872,,123.222,,235.8
3075,7.64117,,123,,235.6
3076,7.64488,,122.833,,235.267
3077,7.64859,,122.667,,234.933
3078,7.6523,,122.5,,234.6
3079,7.65602,,122.333,,234.267
3080,7.65973,,122.167,,233.933
3081,7.66344,,122,,233.6
3082,7.66679,,122,,233.4
3083,7.67014,,122,,233.2
3084,7.67349,,122,,233
3085,7.67684,,122,,232.8
3086,7.68019,,122,,232.6
3087,7.68354,,122,,232.4
3088,7.68704,,122,,232.367
3089,7.69055,,122,,232.333
3090,7.69405,,122,,232.3
3091,7.69755,,122,,232.267
3092,7.70106,,122,,232.233
3093,7.70456,,122,,232.2
3094,7.70711,,122.125,,232.275
3095,7.70965,,122.25,,232.35
3096,7.7122,,122.375,,232.425
3097,7.71474,,122.5,,232.5
3098,7.71728,,122.625,,232.575
3099,7.71983,,122.75,,232.65
3100,7.72237,,122.875,,232.725
3101,7.72492,,123,,232.8
3102,7.72693,,123.333,,232.889
3103,7.72894,,123.667,,232.978
3104,7.73095,,124,,233.067
3105,7.73296,,124.333,,233.156
3106,7.73496,,124.667,,233.244
3107,7.73697,,125,,233.333
3108,7.73898,,125.333,,233.422
3109,7.74099,,125.667,,233.511
3110,7.743,,126,,233.6
3111,7.74528,,126.111,,233.822
3112,7.74756,,126.222,,234.044
3113,7.74984,,126.333,,234.267
3114,7.75212,,126.444,,234.489
3115,7.7544,,126.556,,234.711
3116,7.75668,,126.667,,234.933
3117,7.75896,,126.778,,235.156
3118,7.76124,,126.889,,235.378
3119,7.76352,,127,,235.6
3120,7.76611,,127.25,,236.275
3121,7.7687,,127.5,,236.95
3122,7.77128,,127.75,,237.625
3123,7.77387,,128,,238.3
3124,7.77646,,128.25,,238.975
3125,7.77905,,128.5,,239.65
3126,7.78163,,128.75,,240.325
3127,7.78422,,129,,241
3128,7.78645,,128.9,,241.54
3129,7.78867,,128.8,,242.08
3130,7.7909,,128.7,,242.62
3131,7.79312,,128.6,,243.16
3132,7.79535,,128.5,,243.7
3133,7.79757,,128.4,,244.24
3134,7.7998,,128.3,,244.78
3135,7.80202,,128.2,,245.32
3136,7.80425,,128.1,,245.86
3137,7.80647,,128,,246.4
3138,7.80879,,127.778,,246.978
3139,7.81111,,127.556,,247.556
3140,7.81344,,127.333,,248.133
3141,7.81576,,127.111,,248.711
3142,7.81808,,126.889,,249.289
3143,7.8204,,126.667,,249.867
3144,7.82273,,126.444,,250.444
3145,7.82505,,126.222,,251.022
3146,7.82737,,126,,251.6
3147,7.83009,,126.125,,252.05
3148,7.83281,,126.25,,252.5
3149,7.83553,,126.375,,252.95
3150,7.83825,,126.5,,253.4
3151,7.84096,,126.625,,253.85
3152,7.84368,,126.75,,254.3
3153,7.8464,,126.875,,254.75
3154,7.84912,,127,,255.2
3155,7.85185,,127.125,,255.325
3156,7.85458,,127.25,,255.45
3157,7.85731,,127.375,,255.575
3158,7.86004,,127.5,,255.7
3159,7.86276,,127.625,,255.825
3160,7.86549,,127.75,,255.95
3161,7.86822,,127.875,,256.075
3162,7.87095,,128,,256.2
3163,7.87405,,128.143,,256.229
3164,7.87715,,128.286,,256.257
3165,7.88025,,128.429,,256.286
3166,7.88336,,128.571,,256.314
3167,7.88646,,128.714,,256.343
3168,7.88956,,128.857,,256.371
3169,7.89266,,129,,256.4
3170,7.89526,,128.875,,256.45
3171,7.89786,,128.75,,256.5
3172,7.90046,,128.625,,256.55
3173,7.90306,,128.5,,256.6
3174,7.90565,,128.375,,256.65
3175,7.90825,,128.25,,256.7
3176,7.91085,,128.125,,256.75
3177,7.91345,,128,,256.8
3178,7.91576,,128,,256.667
3179,7.91808,,128,,256.533
3180,7.92039,,128,,256.4
3181,7.9227,,128,,256.267
3182,7.92502,,128,,256.133
3183,7.92733,,128,,256
3184,7.92964,,128,,255.867
3185,7.93196,,128,,255.733
3186,7.93427,,128,,255.6
3187,7.93755,,128.143,,255.486
3188,7.94082,,128.286,,255.371
3189,7.9441,,128.429,,255.257
3190,7.94738,,128.571,,255.143
3191,7.95066,,128.714,,255.029
3192,7.95393,,128.857,,254.914
3193,7.95721,,129,,254.8
3194,7.96049,,129,,254.6
3195,7.96378,,129,,254.4
3196,7.96706,,129,,254.2
3197,7.97034,,129,,254
3198,7.97362,,129,,253.8
3199,7.97691,,129,,253.6
3200,7.98019,,129,,253.4
3201,7.98326,,129.143,,253.143
3202,7.98634,,129.286,,252.886
3203,7.98941,,129.429,,252.629
3204,7.99249,,129.571,,252.371
3205,7.99556,,129.714,,252.114
3206,7.99864,,129.857,,251.857
3207,8.00171,,130,,251.6
3208,8.00462,,130,,251.257
3209,8.00754,,130,,250.914
3210,8.01045,,130,,250.571
3211,8.01337,,130,,250.229
3212,8.01628,,130,,249.886
3213,8.0192,,130,,249.543
3214,8.02211,,130,,249.2
3215,8.02639,,129.8,,249.24
3216,8.03066,,129.6,,249.28
3217,8.03494,,129.4,,249.32
3218,8.03921,,129.2,,249.36
3219,8.04349,,129,,249.4
3220,8.0463,,128.875,,249.55
3221,8.04912,,128.75,,249.7
3222,8.05193,,128.625,,249.85
3223,8.05475,,128.5,,250
3224,8.05756,,128.375,,250.15
3225,8.06037,,128.25,,250.3
3226,8.06319,,128.125,,250.45
3227,8.066,,128,,250.6
3228,8.06933,,128,,251.029
3229,8.07267,,128,,251.457
3230,8.076,,128,,251.886
3231,8.07934,,128,,252.314
3232,8.08267,,128,,252.743
3233,8.08601,,128,,253.171
3234,8.08934,,128,,253.6
3235,8.09275,,127.667,,253.8
3236,8.09616,,127.333,,254
3237,8.09957,,127,,254.2
3238,8.10299,,126.667,,254.4
3239,8.1064,,126.333,,254.6
3240,8.10981,,126,,254.8
3241,8.1131,,125.857,,255.2
3242,8.11638,,125.714,,255.6
3243,8.11967,,125.571,,256
3244,8.12295,,125.429,,256.4
3245,8.12624,,125.286,,256.8
3246,8.12952,,125.143,,257.2
3247,8.13281,,125,,257.6
3248,8.13636,,125.167,,257.767
3249,8.13992,,125.333,,257.933
3250,8.14347,,125.5,,258.1
3251,8.14702,,125.667,,258.267
3252,8.15058,,125.833,,258.433
3253,8.15413,,126,,258.6
3254,8.15722,,125.714,,258.343
3255,8.16032,,125.429,,258.086
3256,8.16341,,125.143,,257.829
3257,8.1665,,124.857,,257.571
3258,8.16959,,124.571,,257.314
3259,8.17269,,124.286,,257.057
3260,8.17578,,124,,256.8
3261,8.17802,,124,,256
3262,8.18026,,124,,255.2
3263,8.18249,,124,,254.4
3264,8.18473,,124,,253.6
3265,8.18697,,124,,252.8
3266,8.18921,,124,,252
3267,8.19145,,124,,251.2
3268,8.19368,,124,,250.4
3269,8.19592,,124,,249.6
3270,8.19816,,124,,248.8
3271,8.20059,,124.111,,248.333
3272,8.20301,,124.222,,247.867
3273,8.20544,,124.333,,247.4
3274,8.20786,,124.444,,246.933
3275,8.21029,,124.556,,246.467
3276,8.21271,,124.667,,246
3277,8.21514,,124.778,,245.533
3278,8.21756,,124.889,,245.067
3279,8.21999,,125,,244.6
3280,8.22216,,128,,244.4
3281,8.22477,,127.875,,244.275
3282,8.22737,,127.75,,244.15
3283,8.22998,,127.625,,244.025
3284,8.23258,,127.5,,243.9
3285,8.23519,,127.375,,243.775
3286,8.2378,,127.25,,243.65
3287,8.2404,,127.125,,243.525
3288,8.24301,,127,,243.4
3289,8.24617,,127,,242.943
3290,8.24933,,127,,242.486
3291,8.25249,,127,,242.029
3292,8.25565,,127,,241.571
3293,8.25881,,127,,241.114
3294,8.26197,,127,,240.657
3295,8.26513,,127,,240.2
3296,8.26748,,129,,239.933
3297,8.26982,,131,,239.667
3298,8.27217,,133,,239.4
3299,8.27457,,132,,239.2
3300,8.27655,,131.5,,238.9
3301,8.27854,,131,,238.6
3302,8.28052,,130.5,,238.3
3303,8.2825,,130,,238
3304,8.28449,,129.5,,237.7
3305,8.28647,,129,,237.4
3306,8.28884,,128.889,,237.222
3307,8.29122,,128.778,,237.044
3308,8.29359,,128.667,,236.867
3309,8.29596,,128.556,,236.689
3310,8.29834,,128.444,,236.511
3311,8.30071,,128.333,,236.333
3312,8.30308,,128.222,,236.156
3313,8.30546,,128.111,,235.978
3314,8.30783,,128,,235.8
3315,8.31075,,127.857,,235.629
3316,8.31366,,127.714,,235.457
3317,8.31658,,127.571,,235.286
3318,8.31949,,127.429,,235.114
3319,8.32241,,127.286,,234.943
3320,8.32532,,127.143,,234.771
3321,8.32824,,127,,234.6
3322,8.33153,,126.857,,234.657
3323,8.33483,,126.714,,234.714
3324,8.33812,,126.571,,234.771
3325,8.34141,,126.429,,234.829
3326,8.3447,,126.286,,234.886
3327,8.348,,126.143,,234.943
3328,8.35129,,126,,235
3329,8.35563,,126,,235.04
3330,8.35996,,126,,235.08
3331,8.3643,,126,,235.12
3332,8.36863,,126,,235.16
3333,8.37297,,126,,235.2
3334,8.37696,,125.833,,235.367
3335,8.38094,,125.667,,235.533
3336,8.38493,,125.5,,235.7
3337,8.38892,,125.333,,235.867
3338,8.3929,,125.167,,236.033
3339,8.39689,,125,,236.2
3340,8.40073,,124.833,,236.4
3341,8.40458,,124.667,,236.6
3342,8.40842,,124.5,,236.8
3343,8.41226,,124.333,,237
3344,8.41611,,124.167,,237.2
3345,8.41995,,124,,237.4
3346,8.42377,,124,,237.367
3347,8.42759,,124,,237.333
3348,8.43142,,124,,237.3
3349,8.43524,,124,,237.267
3350,8.43906,,124,,237.233
3351,8.44288,,124,,237.2
3352,8.44577,,123.857,,237.371
3353,8.44865,,123.714,,237.543
3354,8.45154,,123.571,,237.714
3355,8.45443,,123.429,,237.886
3356,8.45732,,123.286,,238.057
3357,8.4602,,123.143,,238.229
3358,8.46309,,123,,238.4
3359,8.46568,,122.875,,238.375
3360,8.46827,,122.75,,238.35
3361,8.47086,,122.625,,238.325
3362,8.47345,,122.5,,238.3
3363,8.47604,,122.375,,238.275
3364,8.47863,,122.25,,238.25
3365,8.48122,,122.125,,238.225
3366,8.48381,,122,,238.2
3367,8.48735,,121.857,,238.571
3368,8.49089,,121.714,,238.943
3369,8.49443,,121.571,,239.314
3370,8.49796,,121.429,,239.686
3371,8.5015,,121.286,,240.057
3372,8.50504,,121.143,,240.429
3373,8.50858,,121,,240.8
3374,8.51261,,121,,241.16
3375,8.51664,,121,,241.52
3376,8.52068,,121,,241.88
3377,8.52471,,121,,242.24
3378,8.52874,,121,,242.6
3379,8.53076,,121.1,,242.46
3380,8.53279,,121.2,,242.32
3381,8.53481,,121.3,,242.18
3382,8.53683,,121.4,,242.04
3383,8.53885,,121.5,,241.9
3384,8.54088,,121.6,,241.76
3385,8.5429,,121.7,,241.62
3386,8.54492,,121.8,,241.48
3387,8.54695,,121.9,,241.34
3388,8.54897,,122,,241.2
3389,8.55186,,122.143,,241
3390,8.55474,,122.286,,240.8
3391,8.55763,,122.429,,240.6
3392,8.56052,,122.571,,240.4
3393,8.56341,,122.714,,240.2
3394,8.56629,,122.857,,240
3395,8.56918,,123,,239.8
3396,8.5722,,123,,239.657
3397,8.57522,,123,,239.514
3398,8.57824,,123,,239.371
3399,8.58125,,123,,239.229
3400,8.58427,,123,,239.086
3401,8.58729,,123,,238.943
3402,8.59031,,123,,238.8
3403,8.59387,,123,,238.743
3404,8.59744,,123,,238.686
3405,8.601,,123,,238.629
3406,8.60457,,123,,238.571
3407,8.60813,,123,,238.514
3408,8.6117,,123,,238.457
3409,8.61526,,123,,238.4
3410,8.62003,,123,,238.64
3411,8.6248,,123,,238.88
3412,8.62957,,123,,239.12
3413,8.63434,,123,,239.36
3414,8.63911,,123,,239.6
3415,8.64205,,123.143,,239.2
3416,8.645,,123.286,,238.8
3417,8.64794,,123.429,,238.4
3418,8.65088,,123.571,,238
3419,8.65382,,123.714,,237.6
3420,8.65677,,123.857,,237.2
3421,8.65971,,124,,236.8
3422,8.6636,,123.857,,237.229
3423,8.6675,,123.714,,237.657
3424,8.67139,,123.571,,238.086
3425,8.67528,,123.429,,238.514
3426,8.67917,,123.286,,238.943
3427,8.68307,,123.143,,239.371
3428,8.68696,,123,,239.8
3429,8.69132,,122.6,,239.84
3430,8.69568,,122.2,,239.88
3431,8.70003,,121.8,,239.92
3432,8.70439,,121.4,,239.96
3433,8.70875,,121,,240
3434,8.71216,,120.857,,239
3435,8.71557,,120.714,,238
3436,8.71898,,120.571,,237
3437,8.72238,,120.429,,236
3438,8.72579,,120.286,,235
3439,8.7292,,120.143,,234
3440,8.73261,,120,,233
3441,8.73657,,123,,232
3442,8.74053,,126,,231
3443,8.7441,,125,,230
3444,8.74725,,123.5,,229.5
3445,8.75041,,122,,229
3446,8.75369,,121.714,,228.914
3447,8.75696,,121.429,,228.829
3448,8.76024,,121.143,,228.743
3449,8.76352,,120.857,,228.657
3450,8.7668,,120.571,,228.571
3451,8.77007,,120.286,,228.486
3452,8.77335,,120,,228.4
3453,8.77652,,120.143,,228.6
3454,8.77969,,120.286,,228.8
3455,8.78286,,120.429,,229
3456,8.78602,,120.571,,229.2
3457,8.78919,,120.714,,229.4
3458,8.79236,,120.857,,229.6
3459,8.79553,,121,,229.8
3460,8.79823,,121.75,,229.65
3461,8.80094,,122.5,,229.5
3462,8.80364,,123.25,,229.35
3463,8.80634,,124,,229.2
3464,8.80929,,124,,228.771
3465,8.81223,,124,,228.343
3466,8.81518,,124,,227.914
3467,8.81813,,124,,227.486
3468,8.82108,,124,,227.057
3469,8.82402,,124,,226.629
3470,8.82697,,124,,226.2
3471,8.8304,,124,,226.133
3472,8.83383,,124,,226.067
3473,8.83726,,124,,226
3474,8.8407,,124,,225.933
3475,8.84413,,124,,225.867
3476,8.84756,,124,,225.8
3477,8.85083,,124.286,,225.686
3478,8.85409,,124.571,,225.571
3479,8.85736,,124.857,,225.457
3480,8.86062,,125.143,,225.343
3481,8.86389,,125.429,,225.229
3482,8.86715,,125.714,,225.114
3483,8.87042,,126,,225
3484,8.87386,,127.25,,225.05
3485,8.87731,,128.5,,225.1
3486,8.88076,,129.75,,225.15
3487,8.8842,,131,,225.2
3488,8.88726,,130.25,,225.2
3489,8.89032,,129.5,,225.2
3490,8.89338,,128.75,,225.2
3491,8.89644,,128,,225.2
3492,8.89956,,127.714,,224.943
3493,8.90268,,127.429,,224.686
3494,8.9058,,127.143,,224.429
3495,8.90891,,126.857,,224.171
3496,8.91203,,126.571,,223.914
3497,8.91515,,126.286,,223.657
3498,8.91827,,126,,223.4
3499,8.92117,,125.857,,223.029
3500,8.92408,,125.714,,222.657
3501,8.92698,,125.571,,222.286
3502,8.92989,,125.429,,221.914
3503,8.93279,,125.286,,221.543
3504,8.9357,,125.143,,221.171
3505,8.9386,,125,,220.8
3506,8.94182,,125,,220.4
3507,8.94503,,125,,220
3508,8.94825,,125,,219.6
3509,8.95146,,125,,219.2
3510,8.95468,,125,,218.8
3511,8.95789,,125,,218.4
3512,8.96111,,125,,218
3513,8.96398,,125,,217.8
3514,8.96685,,125,,217.6
3515,8.96972,,125,,217.4
3516,8.9726,,125,,217.2
3517,8.97547,,125,,217
3518,8.97834,,125,,216.8
3519,8.98121,,125,,216.6
3520,8.98419,,124.857,,216.429
3521,8.98717,,124.714,,216.257
3522,8.99015,,124.571,,216.086
3523,8.99313,,124.429,,215.914
3524,8.99611,,124.286,,215.743
3525,8.99909,,124.143,,215.571
3526,9.00207,,124,,215.4
3527,9.00494,,124,,215.314
3528,9.00781,,124,,215.229
3529,9.01068,,124,,215.143
3530,9.01356,,124,,215.057
3531,9.01643,,124,,214.971
3532,9.0193,,124,,214.886
3533,9.02217,,124,,214.8
3534,9.025,,124,,214.8
3535,9.02783,,124,,214.8
3536,9.03067,,124,,214.8
3537,9.0335,,124,,214.8
3538,9.03633,,124,,214.8
3539,9.03917,,124,,214.8
3540,9.042,,124,,214.8
3541,9.04483,,124,,214.8
3542,9.04805,,123.857,,214.8
3543,9.05128,,123.714,,214.8
3544,9.0545,,123.571,,214.8
3545,9.05772,,123.429,,214.8
3546,9.06094,,123.286,,214.8
3547,9.06417,,123.143,,214.8
3548,9.06739,,123,,214.8
3549,9.07041,,123.143,,214.8
3550,9.07344,,123.286,,214.8
3551,9.07646,,123.429,,214.8
3552,9.07948,,123.571,,214.8
3553,9.0825,,123.714,,214.8
3554,9.08553,,123.857,,214.8
3555,9.08855,,124,,214.8
3556,9.09154,,124.143,,214.857
3557,9.09453,,124.286,,214.914
3558,9.09752,,124.429,,214.971
3559,9.10052,,124.571,,215.029
3560,9.10351,,124.714,,215.086
3561,9.1065,,124.857,,215.143
3562,9.10949,,125,,215.2
3563,9.11256,,125,,215.171
3564,9.11562,,125,,215.143
3565,9.11869,,125,,215.114
3566,9.12176,,125,,215.086
3567,9.12483,,125,,215.057
3568,9.12789,,125,,215.029
3569,9.13096,,125,,215
3570,9.13381,,125,,214.95
3571,9.13666,,125,,214.9
3572,9.13951,,125,,214.85
3573,9.14236,,125,,214.8
3574,9.14521,,125,,214.75
3575,9.14806,,125,,214.7
3576,9.15091,,125,,214.65
3577,9.15376,,125,,214.6
3578,9.15614,,125.111,,214.578
3579,9.15851,,125.222,,214.556
3580,9.16089,,125.333,,214.533
3581,9.16326,,125.444,,214.511
3582,9.16564,,125.556,,214.489
3583,9.16801,,125.667,,214.467
3584,9.17039,,125.778,,214.444
3585,9.17276,,125.889,,214.422
3586,9.17514,,126,,214.4
3587,9.17804,,126.143,,214.4
3588,9.18095,,126.286,,214.4
3589,9.18385,,126.429,,214.4
3590,9.18675,,126.571,,214.4
3591,9.18965,,126.714,,214.4
3592,9.19256,,126.857,,214.4
3593,9.19546,,127,,214.4
3594,9.19882,,127,,214.5
3595,9.20218,,127,,214.6
3596,9.20554,,127,,214.7
3597,9.2089,,127,,214.8
3598,9.21226,,127,,214.9
3599,9.21562,,127,,215
3600,9.21813,,127.125,,215.05
3601,9.22063,,127.25,,215.1
3602,9.22314,,127.375,,215.15
3603,9.22565,,127.5,,215.2
3604,9.22815,,127.625,,215.25
3605,9.23066,,127.75,,215.3
3606,9.23316,,127.875,,215.35
3607,9.23567,,128,,215.4
3608,9.23888,,127.857,,215.429
3609,9.24209,,127.714,,215.457
3610,9.2453,,127.571,,215.486
3611,9.24852,,127.429,,215.514
3612,9.25173,,127.286,,215.543
3613,9.25494,,127.143,,215.571
3614,9.25815,,127,,215.6
3615,9.26093,,139,,215.6
3616,9.26093,,139,,215.6
3617,9.26532,,137.5,,215.6
3618,9.26972,,136,,215.6
3619,9.27228,,135.625,,215.575
3620,9.27485,,135.25,,215.55
3621,9.27741,,134.875,,215.525
3622,9.27998,,134.5,,215.5
3623,9.28254,,134.125,,215.475
3624,9.2851,,133.75,,215.45
3625,9.28767,,133.375,,215.425
3626,9.29023,,133,,215.4
3627,9.29288,,132.25,,215.35
3628,9.29554,,131.5,,215.3
3629,9.29819,,130.75,,215.25
3630,9.30084,,130,,215.2
3631,9.3036,,129.5,,215.233
3632,9.30636,,129,,215.267
3633,9.30912,,128.5,,215.3
3634,9.31189,,128,,215.333
3635,9.31465,,127.5,,215.367
3636,9.31741,,127,,215.4
3637,9.32027,,126.75,,215.4
3638,9.32313,,126.5,,215.4
3639,9.32599,,126.25,,215.4
3640,9.32885,,126,,215.4
3641,9.33172,,125.75,,215.4
3642,9.33458,,125.5,,215.4
3643,9.33744,,125.25,,215.4
3644,9.3403,,125,,215.4
3645,9.34317,,125.125,,215.375
3646,9.34605,,125.25,,215.35
3647,9.34892,,125.375,,215.325
3648,9.35179,,125.5,,215.3
3649,9.35467,,125.625,,215.275
3650,9.35754,,125.75,,215.25
3651,9.36042,,125.875,,215.225
3652,9.36329,,126,,215.2
3653,9.36668,,126,,215
3654,9.37,,126,,214.829
3655,9.37333,,126,,214.657
3656,9.37665,,126,,214.486
3657,9.37997,,126,,214.314
3658,9.38329,,126,,214.143
3659,9.38662,,126,,213.971
3660,9.38994,,126,,213.8
3661,9.39309,,126,,213.686
3662,9.39624,,126,,213.571
3663,9.39939,,126,,213.457
3664,9.40255,,126,,213.343
3665,9.4057,,126,,213.229
3666,9.40885,,126,,213.114
3667,9.412,,126,,213
3668,9.41488,,125.5,,212.9
3669,9.41777,,125,,212.8
3670,9.42065,,124.5,,212.7
3671,9.42354,,124,,212.6
3672,9.42642,,123.5,,212.5
3673,9.42931,,123,,212.4
3674,9.43265,,122.833,,212.233
3675,9.43599,,122.667,,212.067
3676,9.43933,,122.5,,211.9
3677,9.44268,,122.333,,211.733
3678,9.44602,,122.167,,211.567
3679,9.44936,,122,,211.4
3680,9.45244,,122,,211.429
3681,9.45553,,122,,211.457
3682,9.45861,,122,,211.486
3683,9.46169,,122,,211.514
3684,9.46477,,122,,211.543
3685,9.46786,,122,,211.571
3686,9.47094,,122,,211.6
3687,9.47606,,122,,211.6
3688,9.47878,,122,,211.55
3689,9.4815,,122,,211.5
3690,9.48422,,122,,211.45
3691,9.48694,,122,,211.4
3692,9.48966,,122,,211.35
3693,9.49238,,122,,211.3
3694,9.4951,,122,,211.25
3695,9.49782,,122,,211.2
3696,9.50111,,122,,211.171
3697,9.5044,,122,,211.143
3698,9.50769,,122,,211.114
3699,9.51099,,122,,211.086
3700,9.51428,,122,,211.057
3701,9.51757,,122,,211.029
3702,9.52086,,122,,211
3703,9.52378,,122.143,,211.143
3704,9.52671,,122.286,,211.286
3705,9.52963,,122.429,,211.429
3706,9.53255,,122.571,,211.571
3707,9.53547,,122.714,,211.714
3708,9.5384,,122.857,,211.857
3709,9.54132,,123,,212
3710,9.54499,,123.5,,212.133
3711,9.54866,,124,,212.267
3712,9.55233,,124.5,,212.4
3713,9.556,,125,,212.533
3714,9.55967,,125.5,,212.667
3715,9.56334,,126,,212.8
3716,9.56664,,126.286,,212.971
3717,9.56995,,126.571,,213.143
3718,9.57325,,126.857,,213.314
3719,9.57655,,127.143,,213.486
3720,9.57985,,127.429,,213.657
3721,9.58316,,127.714,,213.829
3722,9.58646,,128,,214
3723,9.58955,,127.857,,214.229
3724,9.59264,,127.714,,214.457
3725,9.59573,,127.571,,214.686
3726,9.59881,,127.429,,214.914
3727,9.6019,,127.286,,215.143
3728,9.60499,,127.143,,215.371
3729,9.60808,,127,,215.6
3730,9.61099,,127,,215.543
3731,9.61389,,127,,215.486
3732,9.6168,,127,,215.429
3733,9.61971,,127,,215.371
3734,9.62262,,127,,215.314
3735,9.62552,,127,,215.257
3736,9.62843,,127,,215.2
3737,9.63167,,124,,215.2
3738,9.63477,,124.286,,215.086
3739,9.63788,,124.571,,214.971
3740,9.64098,,124.857,,214.857
3741,9.64408,,125.143,,214.743
3742,9.64718,,125.429,,214.629
3743,9.65029,,125.714,,214.514
3744,9.65339,,126,,214.4
3745,9.65614,,126,,214.325
3746,9.6589,,126,,214.25
3747,9.66165,,126,,214.175
3748,9.6644,,126,,214.1
3749,9.66716,,126,,214.025
3750,9.66991,,126,,213.95
3751,9.67267,,126,,213.875
3752,9.67542,,126,,213.8
3753,9.67793,,126.125,,213.725
3754,9.68045,,126.25,,213.65
3755,9.68296,,126.375,,213.575
3756,9.68548,,126.5,,213.5
3757,9.68799,,126.625,,213.425
3758,9.6905,,126.75,,213.35
3759,9.69302,,126.875,,213.275
3760,9.69553,,127,,213.2
3761,9.69827,,127.125,,213.125
3762,9.70102,,127.25,,213.05
3763,9.70376,,127.375,,212.975
3764,9.70651,,127.5,,212.9
3765,9.70925,,127.625,,212.825
3766,9.71199,,127.75,,212.75
3767,9.71474,,127.875,,212.675
3768,9.71748,,128,,212.6
3769,9.72029,,128.111,,212.622
3770,9.7231,,128.222,,212.644
3771,9.72591,,128.333,,212.667
3772,9.72872,,128.444,,212.689
3773,9.73154,,128.556,,212.711
3774,9.73435,,128.667,,212.733
3775,9.73716,,128.778,,212.756
3776,9.73997,,128.889,,212.778
3777,9.74278,,129,,212.8
3778,9.74543,,129,,212.775
3779,9.74808,,129,,212.75
3780,9.75072,,129,,212.725
3781,9.75337,,129,,212.7
3782,9.75602,,129,,212.675
3783,9.75867,,129,,212.65
3784,9.76131,,129,,212.625
3785,9.76396,,129,,212.6
3786,9.76725,,129,,212.486
3787,9.77055,,129,,212.371
3788,9.77384,,129,,212.257
3789,9.77714,,129,,212.143
3790,9.78043,,129,,212.029
3791,9.78373,,129,,211.914
3792,9.78702,,129,,211.8
3793,9.78962,,128.875,,211.7
3794,9.79222,,128.75,,211.6
3795,9.79483,,128.625,,211.5
3796,9.79743,,128.5,,211.4
3797,9.80003,,128.375,,211.3
3798,9.80263,,128.25,,211.2
3799,9.80524,,128.125,,211.1
3800,9.80784,,128,,211
3801,9.81079,,127.857,,211.143
3802,9.81373,,127.714,,211.286
3803,9.81668,,127.571,,211.429
3804,9.81962,,127.429,,211.571
3805,9.82257,,127.286,,211.714
3806,9.82551,,127.143,,211.857
3807,9.82846,,127,,212
3808,9.83115,,127,,212.375
3809,9.83383,,127,,212.75
3810,9.83652,,127,,213.125
3811,9.83921,,127,,213.5
3812,9.84189,,127,,213.875
3813,9.84458,,127,,214.25
3814,9.84726,,127,,214.625
3815,9.84995,,127,,215
3816,9.85289,,128,,215.367
3817,9.85584,,129,,215.733
3818,9.85878,,130,,216.1
3819,9.86172,,131,,216.467
3820,9.86467,,132,,216.833
3821,9.86761,,133,,217.2
3822,9.87229,,137,,217.4
3823,9.87229,,137,,217.4
3824,9.87696,,137,,217.2
3825,9.87945,,136.667,,216.933
3826,9.88195,,136.333,,216.667
3827,9.88444,,136,,216.4
3828,9.88793,,134.5,,216
3829,9.89141,,133,,215.6
3830,9.8946,,132.571,,215.2
3831,9.89778,,132.143,,214.8
3832,9.90097,,131.714,,214.4
3833,9.90416,,131.286,,214
3834,9.90735,,130.857,,213.6
3835,9.91053,,130.429,,213.2
3836,9.91372,,130,,212.8
3837,9.91647,,130.125,,212.8
3838,9.91923,,130.25,,212.8
3839,9.92198,,130.375,,212.8
3840,9.92473,,130.5,,212.8
3841,9.92749,,130.625,,212.8
3842,9.93024,,130.75,,212.8
3843,9.933,,130.875,,212.8
3844,9.93575,,131,,212.8
3845,9.93887,,130,,212.8
3846,9.94199,,129,,212.8
3847,9.94511,,128,,212.8
3848,9.94803,,127.857,,212.829
3849,9.95094,,127.714,,212.857
3850,9.95386,,127.571,,212.886
3851,9.95677,,127.429,,212.914
3852,9.95969,,127.286,,212.943
3853,9.9626,,127.143,,212.971
3854,9.96552,,127,,213
3855,9.96836,,126.75,,213
3856,9.9712,,126.5,,213
3857,9.97405,,126.25,,213
3858,9.97689,,126,,213
3859,9.97973,,125.75,,213
3860,9.98257,,125.5,,213
3861,9.98542,,125.25,,213
3862,9.98826,,125,,213
3863,9.99128,,125,,213.029
3864,9.99431,,125,,213.057
3865,9.99733,,125,,213.086
3866,10.0004,,125,,213.114
3867,10.0034,,125,,213.143
3868,10.0064,,125,,213.171
3869,10.0094,,125,,213.2
3870,10.0121,,124.875,,213.2
3871,10.0148,,124.75,,213.2
3872,10.0175,,124.625,,213.2
3873,10.0202,,124.5,,213.2
3874,10.023,,124.375,,213.2
3875,10.0257,,124.25,,213.2
3876,10.0284,,124.125,,213.2
3877,10.0311,,124,,213.2
3878,10.0339,,123.875,,213.225
3879,10.0368,,123.75,,213.25
3880,10.0397,,123.625,,213.275
3881,10.0426,,123.5,,213.3
3882,10.0455,,123.375,,213.325
3883,10.0483,,123.25,,213.35
3884,10.0512,,123.125,,213.375
3885,10.0541,,123,,213.4
3886,10.0568,,123,,213.4
3887,10.0594,,123,,213.4
3888,10.0621,,123,,213.4
3889,10.0647,,123,,213.4
3890,10.0674,,123,,213.4
3891,10.0701,,123,,213.4
3892,10.0727,,123,,213.4
3893,10.0754,,123,,213.4
3894,10.0782,,123.125,,213.375
3895,10.081,,123.25,,213.35
3896,10.0838,,123.375,,213.325
3897,10.0866,,123.5,,213.3
3898,10.0894,,123.625,,213.275
3899,10.0922,,123.75,,213.25
3900,10.095,,123.875,,213.225
3901,10.0978,,124,,213.2
3902,10.1006,,124.429,,213.2
3903,10.1035,,124.857,,213.2
3904,10.1063,,125.286,,213.2
3905,10.1092,,125.714,,213.2
3906,10.112,,126.143,,213.2
3907,10.1149,,126.571,,213.2
3908,10.1177,,127,,213.2
3909,10.1207,,127,,213.171
3910,10.1237,,127,,213.143
3911,10.1267,,127,,213.114
3912,10.1297,,127,,213.086
3913,10.1327,,127,,213.057
3914,10.1357,,127,,213.029
3915,10.1386,,127,,213
3916,10.1416,,127,,212.943
3917,10.1446,,127,,212.886
3918,10.1476,,127,,212.829
3919,10.1506,,127,,212.771
3920,10.1536,,127,,212.714
3921,10.1566,,127,,212.657
3922,10.1596,,127,,212.6
3923,10.1627,,127.143,,212.543
3924,10.1658,,127.286,,212.486
3925,10.1688,,127.429,,212.429
3926,10.1719,,127.571,,212.371
3927,10.175,,127.714,,212.314
3928,10.1781,,127.857,,212.257
3929,10.1811,,128,,212.2
3930,10.1835,,127.778,,212.156
3931,10.1859,,127.556,,212.111
3932,10.1883,,127.333,,212.067
3933,10.1907,,127.111,,212.022
3934,10.1931,,126.889,,211.978
3935,10.1955,,126.667,,211.933
3936,10.1978,,126.444,,211.889
3937,10.2002,,126.222,,211.844
3938,10.2026,,126,,211.8
3939,10.2055,,125,,211.733
3940,10.2084,,124,,211.667
3941,10.2113,,123,,211.6
3942,10.2138,,122.5,,211.6
3943,10.2163,,122,,211.6
3944,10.2179,,121.5,,211.567
3945,10.2195,,121,,211.533
3946,10.221,,120.5,,211.5
3947,10.2226,,120,,211.467
3948,10.2242,,119.5,,211.433
3949,10.2258,,119,,211.4
3950,10.2264,,117.5,,211.4
3951,10.2269,,116,,211.4
