secs,km,power,hr,cad,alt
0,0,,57,,0
1,0,,57,,0
2,0.000258571,,57.4286,,30.2
3,0.000517143,,57.8571,,60.4
4,0.000775714,,58.2857,,90.6
5,0.00103429,,58.7143,,120.8
6,0.00129286,,59.1429,,151
7,0.00155143,,59.5714,,181.2
8,0.00181,,60,,211.4
9,0.00371,,62.5,,211.4
10,0.00561,,65,,211.4
11,0.0070625,,65.75,,211.4
12,0.008515,,66.5,,211.4
13,0.0099675,,67.25,,211.4
14,0.01142,,68,,211.4
15,0.0128263,,68.375,,211.45
16,0.0142325,,68.75,,211.5
17,0.0156388,,69.125,,211.55
18,0.017045,,69.5,,211.6
19,0.0184513,,69.875,,211.65
20,0.0198575,,70.25,,211.7
21,0.0212638,,70.625,,211.75
22,0.02267,,71,,211.8
23,0.0239357,,71.7143,,211.786
24,0.0252014,,72.4286,,211.771
25,0.0264671,,73.1429,,211.757
26,0.0277329,,73.8571,,211.743
27,0.0289986,,74.5714,,211.729
28,0.0302643,,75.2857,,211.714
29,0.03153,,76,,211.7
30,0.0327957,,76.7143,,211.686
31,0.0340614,,77.4286,,211.671
32,0.0353271,,78.1429,,211.657
33,0.0365929,,78.8571,,211.643
34,0.0378586,,79.5714,,211.629
35,0.0391243,,80.2857,,211.614
36,0.04039,,81,,211.6
37,0.0423,,81,,211.6
38,0.0436747,,80.9333,,211.493
39,0.0450493,,80.8667,,211.387
40,0.046424,,80.8,,211.28
41,0.0477987,,80.7333,,211.173
42,0.0491733,,80.6667,,211.067
43,0.050548,,80.6,,210.96
44,0.0519227,,80.5333,,210.853
45,0.0532973,,80.4667,,210.747
46,0.054672,,80.4,,210.64
47,0.0560467,,80.3333,,210.533
48,0.0574213,,80.2667,,210.427
49,0.058796,,80.2,,210.32
50,0.0601707,,80.1333,,210.213
51,0.0615453,,80.0667,,210.107
52,0.06292,,80,,210
53,0.0645867,,79.5,,209.9
54,0.0662533,,79,,209.8
55,0.06792,,78.5,,209.7
56,0.0695867,,78,,209.6
57,0.0712533,,77.5,,209.5
58,0.07292,,77,,209.4
59,0.0744007,,76.9286,,209.286
60,0.0758814,,76.8571,,209.171
61,0.0773621,,76.7857,,209.057
62,0.0788429,,76.7143,,208.943
63,0.0803236,,76.6429,,208.829
64,0.0818043,,76.5714,,208.714
65,0.083285,,76.5,,208.6
66,0.0847657,,76.4286,,208.486
67,0.0862464,,76.3571,,208.371
68,0.0877271,,76.2857,,208.257
69,0.0892079,,76.2143,,208.143
70,0.0906886,,76.1429,,208.029
71,0.0921693,,76.0714,,207.914
72,0.09365,,76,,207.8
73,0.09512,,76,,207.8
74,0.0968025,,75.8333,,207.667
75,0.098485,,75.6667,,207.533
76,0.100168,,75.5,,207.4
77,0.10185,,75.3333,,207.267
78,0.103533,,75.1667,,207.133
79,0.105215,,75,,207
80,0.106897,,74.8333,,206.867
81,0.10858,,74.6667,,206.733
82,0.110262,,74.5,,206.6
83,0.111945,,74.3333,,206.467
84,0.113627,,74.1667,,206.333
85,0.11531,,74,,206.2
86,0.117076,,74,,206.117
87,0.118842,,74,,206.033
88,0.120607,,74,,205.95
89,0.122373,,74,,205.867
90,0.124139,,74,,205.783
91,0.125905,,74,,205.7
92,0.127671,,74,,205.617
93,0.129437,,74,,205.533
94,0.131202,,74,,205.45
95,0.132968,,74,,205.367
96,0.134734,,74,,205.283
97,0.1365,,74,,205.2
98,0.138182,,73.4,,205.12
99,0.139864,,72.8,,205.04
100,0.141546,,72.2,,204.96
101,0.143228,,71.6,,204.88
102,0.14491,,71,,204.8
103,0.146798,,70.9091,,204.691
104,0.148686,,70.8182,,204.582
105,0.150575,,70.7273,,204.473
106,0.152463,,70.6364,,204.364
107,0.154351,,70.5455,,204.255
108,0.156239,,70.4545,,204.145
109,0.158127,,70.3636,,204.036
110,0.160015,,70.2727,,203.927
111,0.161904,,70.1818,,203.818
112,0.163792,,70.0909,,203.709
113,0.16568,,70,,203.6
114,0.167688,,70.1,,203.48
115,0.169696,,70.2,,203.36
116,0.171704,,70.3,,203.24
117,0.173712,,70.4,,203.12
118,0.17572,,70.5,,203
119,0.177728,,70.6,,202.88
120,0.179736,,70.7,,202.76
121,0.181744,,70.8,,202.64
122,0.183752,,70.9,,202.52
123,0.18576,,71,,202.4
124,0.18785,,70.8,,202.26
125,0.18994,,70.6,,202.12
126,0.19203,,70.4,,201.98
127,0.19412,,70.2,,201.84
128,0.19621,,70,,201.7
129,0.1983,,69.8,,201.56
130,0.20039,,69.6,,201.42
131,0.20248,,69.4,,201.28
132,0.20457,,69.2,,201.14
133,0.20666,,69,,201
134,0.208443,,68.8333,,200.933
135,0.210227,,68.6667,,200.867
136,0.21201,,68.5,,200.8
137,0.213793,,68.3333,,200.733
138,0.215577,,68.1667,,200.667
139,0.21736,,68,,200.6
140,0.219143,,67.8333,,200.533
141,0.220927,,67.6667,,200.467
142,0.22271,,67.5,,200.4
143,0.224493,,67.3333,,200.333
144,0.226277,,67.1667,,200.267
145,0.22806,,67,,200.2
146,0.229757,,67.0833,,200.133
147,0.231455,,67.1667,,200.067
148,0.233152,,67.25,,200
149,0.23485,,67.3333,,199.933
150,0.236547,,67.4167,,199.867
151,0.238245,,67.5,,199.8
152,0.239942,,67.5833,,199.733
153,0.24164,,67.6667,,199.667
154,0.243337,,67.75,,199.6
155,0.245035,,67.8333,,199.533
156,0.246732,,67.9167,,199.467
157,0.24843,,68,,199.4
158,0.250038,,68.1,,199.36
159,0.251646,,68.2,,199.32
160,0.253254,,68.3,,199.28
161,0.254862,,68.4,,199.24
162,0.25647,,68.5,,199.2
163,0.258078,,68.6,,199.16
164,0.259686,,68.7,,199.12
165,0.261294,,68.8,,199.08
166,0.262902,,68.9,,199.04
167,0.26451,,69,,199
168,0.266313,,69.0833,,198.883
169,0.268117,,69.1667,,198.767
170,0.26992,,69.25,,198.65
171,0.271723,,69.3333,,198.533
172,0.273527,,69.4167,,198.417
173,0.27533,,69.5,,198.3
174,0.277133,,69.5833,,198.183
175,0.278937,,69.6667,,198.067
176,0.28074,,69.75,,197.95
177,0.282543,,69.8333,,197.833
178,0.284347,,69.9167,,197.717
179,0.28615,,70,,197.6
180,0.287876,,69.9167,,197.517
181,0.289602,,69.8333,,197.433
182,0.291327,,69.75,,197.35
183,0.293053,,69.6667,,197.267
184,0.294779,,69.5833,,197.183
185,0.296505,,69.5,,197.1
186,0.298231,,69.4167,,197.017
187,0.299957,,69.3333,,196.933
188,0.301682,,69.25,,196.85
189,0.303408,,69.1667,,196.767
190,0.305134,,69.0833,,196.683
191,0.30686,,69,,196.6
192,0.308724,,69.0909,,196.509
193,0.310587,,69.1818,,196.418
194,0.312451,,69.2727,,196.327
195,0.314315,,69.3636,,196.236
196,0.316178,,69.4545,,196.145
197,0.318042,,69.5455,,196.055
198,0.319905,,69.6364,,195.964
199,0.321769,,69.7273,,195.873
200,0.323633,,69.8182,,195.782
201,0.325496,,69.9091,,195.691
202,0.32736,,70,,195.6
203,0.32941,,70.1,,195.54
204,0.33146,,70.2,,195.48
205,0.33351,,70.3,,195.42
206,0.33556,,70.4,,195.36
207,0.33761,,70.5,,195.3
208,0.33966,,70.6,,195.24
209,0.34171,,70.7,,195.18
210,0.34376,,70.8,,195.12
211,0.34581,,70.9,,195.06
212,0.34786,,71,,195
213,0.349897,,71,,194.96
214,0.351934,,71,,194.92
215,0.353971,,71,,194.88
216,0.356008,,71,,194.84
217,0.358045,,71,,194.8
218,0.360082,,71,,194.76
219,0.362119,,71,,194.72
220,0.364156,,71,,194.68
221,0.366193,,71,,194.64
222,0.36823,,71,,194.6
223,0.369842,,71,,194.523
224,0.371455,,71,,194.446
225,0.373067,,71,,194.369
226,0.374679,,71,,194.292
227,0.376292,,71,,194.215
228,0.377904,,71,,194.138
229,0.379516,,71,,194.062
230,0.381128,,71,,193.985
231,0.382741,,71,,193.908
232,0.384353,,71,,193.831
233,0.385965,,71,,193.754
234,0.387578,,71,,193.677
235,0.38919,,71,,193.6
236,0.390762,,71,,193.511
237,0.392334,,71,,193.422
238,0.393907,,71,,193.333
239,0.395479,,71,,193.244
240,0.397051,,71,,193.156
241,0.398623,,71,,193.067
242,0.400196,,71,,192.978
243,0.401768,,71,,192.889
244,0.40334,,71,,192.8
245,0.404786,,72.3333,,192.756
246,0.406231,,73.6667,,192.711
247,0.407677,,75,,192.667
248,0.409122,,76.3333,,192.622
249,0.410568,,77.6667,,192.578
250,0.412013,,79,,192.533
251,0.413459,,80.3333,,192.489
252,0.414904,,81.6667,,192.444
253,0.41635,,83,,192.4
254,0.41785,,83,,192.4
255,0.419432,,82.7273,,192.382
256,0.421014,,82.4545,,192.364
257,0.422595,,82.1818,,192.345
258,0.424177,,81.9091,,192.327
259,0.425759,,81.6364,,192.309
260,0.427341,,81.3636,,192.291
261,0.428923,,81.0909,,192.273
262,0.430505,,80.8182,,192.255
263,0.432086,,80.5455,,192.236
264,0.433668,,80.2727,,192.218
265,0.43525,,80,,192.2
266,0.437077,,79,,192.133
267,0.438903,,78,,192.067
268,0.44073,,77,,192
269,0.442532,,76.6667,,192
270,0.444334,,76.3333,,192
271,0.446137,,76,,192
272,0.447939,,75.6667,,192
273,0.449741,,75.3333,,192
274,0.451543,,75,,192
275,0.453346,,74.6667,,192
276,0.455148,,74.3333,,192
277,0.45695,,74,,192
278,0.458718,,74,,191.967
279,0.460485,,74,,191.933
280,0.462253,,74,,191.9
281,0.46402,,74,,191.867
282,0.465788,,74,,191.833
283,0.467555,,74,,191.8
284,0.469323,,74,,191.767
285,0.47109,,74,,191.733
286,0.472858,,74,,191.7
287,0.474625,,74,,191.667
288,0.476393,,74,,191.633
289,0.47816,,74,,191.6
290,0.48028,,74.5,,191.533
291,0.4824,,75,,191.467
292,0.48452,,75.5,,191.4
293,0.48664,,76,,191.333
294,0.48876,,76.5,,191.267
295,0.49088,,77,,191.2
296,0.492528,,76.9231,,191.138
297,0.494175,,76.8462,,191.077
298,0.495823,,76.7692,,191.015
299,0.497471,,76.6923,,190.954
300,0.499118,,76.6154,,190.892
301,0.500766,,76.5385,,190.831
302,0.502414,,76.4615,,190.769
303,0.504062,,76.3846,,190.708
304,0.505709,,76.3077,,190.646
305,0.507357,,76.2308,,190.585
306,0.509005,,76.1538,,190.523
307,0.510652,,76.0769,,190.462
308,0.5123,,76,,190.4
309,0.514145,,76.0909,,190.327
310,0.515991,,76.1818,,190.255
311,0.517836,,76.2727,,190.182
312,0.519682,,76.3636,,190.109
313,0.521527,,76.4545,,190.036
314,0.523373,,76.5455,,189.964
315,0.525218,,76.6364,,189.891
316,0.527064,,76.7273,,189.818
317,0.528909,,76.8182,,189.745
318,0.530755,,76.9091,,189.673
319,0.5326,,77,,189.6
320,0.534555,,77,,189.527
321,0.536511,,77,,189.455
322,0.538466,,77,,189.382
323,0.540422,,77,,189.309
324,0.542377,,77,,189.236
325,0.544333,,77,,189.164
326,0.546288,,77,,189.091
327,0.548244,,77,,189.018
328,0.550199,,77,,188.945
329,0.552155,,77,,188.873
330,0.55411,,77,,188.8
331,0.555806,,76.7,,188.74
332,0.557502,,76.4,,188.68
333,0.559198,,76.1,,188.62
334,0.560894,,75.8,,188.56
335,0.56259,,75.5,,188.5
336,0.564286,,75.2,,188.44
337,0.565982,,74.9,,188.38
338,0.567678,,74.6,,188.32
339,0.569374,,74.3,,188.26
340,0.57107,,74,,188.2
341,0.573547,,74.2222,,188.133
342,0.576023,,74.4444,,188.067
343,0.5785,,74.6667,,188
344,0.580977,,74.8889,,187.933
345,0.583453,,75.1111,,187.867
346,0.58593,,75.3333,,187.8
347,0.588407,,75.5556,,187.733
348,0.590883,,75.7778,,187.667
349,0.59336,,76,,187.6
350,0.595248,,75.9091,,187.545
351,0.597136,,75.8182,,187.491
352,0.599025,,75.7273,,187.436
353,0.600913,,75.6364,,187.382
354,0.602801,,75.5455,,187.327
355,0.604689,,75.4545,,187.273
356,0.606577,,75.3636,,187.218
357,0.608465,,75.2727,,187.164
358,0.610354,,75.1818,,187.109
359,0.612242,,75.0909,,187.055
360,0.61413,,75,,187
361,0.615992,,74.8182,,186.964
362,0.617854,,74.6364,,186.927
363,0.619715,,74.4545,,186.891
364,0.621577,,74.2727,,186.855
365,0.623439,,74.0909,,186.818
366,0.625301,,73.9091,,186.782
367,0.627163,,73.7273,,186.745
368,0.629025,,73.5455,,186.709
369,0.630886,,73.3636,,186.673
370,0.632748,,73.1818,,186.636
371,0.63461,,73,,186.6
372,0.63641,,73,,186.6
373,0.63821,,73,,186.6
374,0.64001,,73,,186.6
375,0.64181,,73,,186.6
376,0.64361,,73,,186.6
377,0.64541,,73,,186.6
378,0.64721,,73,,186.6
379,0.64901,,73,,186.6
380,0.65081,,73,,186.6
381,0.65261,,73,,186.6
382,0.65441,,73,,186.6
383,0.65621,,73,,186.6
384,0.657924,,73.2727,,186.618
385,0.659637,,73.5455,,186.636
386,0.661351,,73.8182,,186.655
387,0.663065,,74.0909,,186.673
388,0.664778,,74.3636,,186.691
389,0.666492,,74.6364,,186.709
390,0.668205,,74.9091,,186.727
391,0.669919,,75.1818,,186.745
392,0.671633,,75.4545,,186.764
393,0.673346,,75.7273,,186.782
394,0.67506,,76,,186.8
395,0.67656,,75.8889,,186.822
396,0.67806,,75.7778,,186.844
397,0.67956,,75.6667,,186.867
398,0.68106,,75.5556,,186.889
399,0.68256,,75.4444,,186.911
400,0.68406,,75.3333,,186.933
401,0.68556,,75.2222,,186.956
402,0.68706,,75.1111,,186.978
403,0.68856,,75,,187
404,0.690305,,75.1667,,186.983
405,0.69205,,75.3333,,186.967
406,0.693795,,75.5,,186.95
407,0.69554,,75.6667,,186.933
408,0.697285,,75.8333,,186.917
409,0.69903,,76,,186.9
410,0.700775,,76.1667,,186.883
411,0.70252,,76.3333,,186.867
412,0.704265,,76.5,,186.85
413,0.70601,,76.6667,,186.833
414,0.707755,,76.8333,,186.817
415,0.7095,,77,,186.8
416,0.711367,,77.1818,,186.782
417,0.713235,,77.3636,,186.764
418,0.715102,,77.5455,,186.745
419,0.716969,,77.7273,,186.727
420,0.718836,,77.9091,,186.709
421,0.720704,,78.0909,,186.691
422,0.722571,,78.2727,,186.673
423,0.724438,,78.4545,,186.655
424,0.726305,,78.6364,,186.636
425,0.728173,,78.8182,,186.618
426,0.73004,,79,,186.6
427,0.73182,,79.0833,,186.567
428,0.7336,,79.1667,,186.533
429,0.73538,,79.25,,186.5
430,0.73716,,79.3333,,186.467
431,0.73894,,79.4167,,186.433
432,0.74072,,79.5,,186.4
433,0.7425,,79.5833,,186.367
434,0.74428,,79.6667,,186.333
435,0.74606,,79.75,,186.3
436,0.74784,,79.8333,,186.267
437,0.74962,,79.9167,,186.233
438,0.7514,,80,,186.2
439,0.753335,,80,,186.2
440,0.755271,,80,,186.2
441,0.757206,,80,,186.2
442,0.759142,,80,,186.2
443,0.761077,,80,,186.2
444,0.763013,,80,,186.2
445,0.764948,,80,,186.2
446,0.766884,,80,,186.2
447,0.768819,,80,,186.2
448,0.770755,,80,,186.2
449,0.77269,,80,,186.2
450,0.774514,,79.9091,,186.255
451,0.776337,,79.8182,,186.309
452,0.778161,,79.7273,,186.364
453,0.779985,,79.6364,,186.418
454,0.781808,,79.5455,,186.473
455,0.783632,,79.4545,,186.527
456,0.785455,,79.3636,,186.582
457,0.787279,,79.2727,,186.636
458,0.789103,,79.1818,,186.691
459,0.790926,,79.0909,,186.745
460,0.79275,,79,,186.8
461,0.794429,,78.8333,,186.833
462,0.796108,,78.6667,,186.867
463,0.797788,,78.5,,186.9
464,0.799467,,78.3333,,186.933
465,0.801146,,78.1667,,186.967
466,0.802825,,78,,187
467,0.804504,,77.8333,,187.033
468,0.806183,,77.6667,,187.067
469,0.807863,,77.5,,187.1
470,0.809542,,77.3333,,187.133
471,0.811221,,77.1667,,187.167
472,0.8129,,77,,187.2
473,0.814508,,76.875,,187.15
474,0.816115,,76.75,,187.1
475,0.817723,,76.625,,187.05
476,0.81933,,76.5,,187
477,0.820938,,76.375,,186.95
478,0.822545,,76.25,,186.9
479,0.824153,,76.125,,186.85
480,0.82576,,76,,186.8
481,0.827378,,75.8462,,186.862
482,0.828997,,75.6923,,186.923
483,0.830615,,75.5385,,186.985
484,0.832234,,75.3846,,187.046
485,0.833852,,75.2308,,187.108
486,0.835471,,75.0769,,187.169
487,0.837089,,74.9231,,187.231
488,0.838708,,74.7692,,187.292
489,0.840326,,74.6154,,187.354
490,0.841945,,74.4615,,187.415
491,0.843563,,74.3077,,187.477
492,0.845182,,74.1538,,187.538
493,0.8468,,74,,187.6
494,0.848239,,74.125,,187.675
495,0.849677,,74.25,,187.75
496,0.851116,,74.375,,187.825
497,0.852555,,74.5,,187.9
498,0.853994,,74.625,,187.975
499,0.855432,,74.75,,188.05
500,0.856871,,74.875,,188.125
501,0.85831,,75,,188.2
502,0.86004,,74.7273,,188.182
503,0.86177,,74.4545,,188.164
504,0.8635,,74.1818,,188.145
505,0.86523,,73.9091,,188.127
506,0.86696,,73.6364,,188.109
507,0.86869,,73.3636,,188.091
508,0.87042,,73.0909,,188.073
509,0.87215,,72.8182,,188.055
510,0.87388,,72.5455,,188.036
511,0.87561,,72.2727,,188.018
512,0.87734,,72,,188
513,0.879532,,72,,187.92
514,0.881724,,72,,187.84
515,0.883916,,72,,187.76
516,0.886108,,72,,187.68
517,0.8883,,72,,187.6
518,0.890492,,72,,187.52
519,0.892684,,72,,187.44
520,0.894876,,72,,187.36
521,0.897068,,72,,187.28
522,0.89926,,72,,187.2
523,0.901152,,72,,187.2
524,0.903044,,72,,187.2
525,0.904935,,72,,187.2
526,0.906827,,72,,187.2
527,0.908719,,72,,187.2
528,0.910611,,72,,187.2
529,0.912503,,72,,187.2
530,0.914395,,72,,187.2
531,0.916286,,72,,187.2
532,0.918178,,72,,187.2
533,0.92007,,72,,187.2
534,0.921559,,72.1429,,187.329
535,0.923049,,72.2857,,187.457
536,0.924538,,72.4286,,187.586
537,0.926027,,72.5714,,187.714
538,0.927516,,72.7143,,187.843
539,0.929006,,72.8571,,187.971
540,0.930495,,73,,188.1
541,0.931984,,73.1429,,188.229
542,0.933474,,73.2857,,188.357
543,0.934963,,73.4286,,188.486
544,0.936452,,73.5714,,188.614
545,0.937941,,73.7143,,188.743
546,0.939431,,73.8571,,188.871
547,0.94092,,74,,189
548,0.942511,,74.0769,,189.154
549,0.944102,,74.1538,,189.308
550,0.945692,,74.2308,,189.462
551,0.947283,,74.3077,,189.615
552,0.948874,,74.3846,,189.769
553,0.950465,,74.4615,,189.923
554,0.952055,,74.5385,,190.077
555,0.953646,,74.6154,,190.231
556,0.955237,,74.6923,,190.385
557,0.956828,,74.7692,,190.538
558,0.958418,,74.8462,,190.692
559,0.960009,,74.9231,,190.846
560,0.9616,,75,,191
561,0.963307,,75,,191
562,0.965015,,75,,191
563,0.966722,,75,,191
564,0.96843,,75,,191
565,0.970137,,75,,191
566,0.971845,,75,,191
567,0.973553,,75,,191
568,0.97526,,75,,191
569,0.976968,,75,,191
570,0.978675,,75,,191
571,0.980383,,75,,191
572,0.98209,,75,,191
573,0.983663,,75,,191.15
574,0.985235,,75,,191.3
575,0.986808,,75,,191.45
576,0.98838,,75,,191.6
577,0.989953,,75,,191.75
578,0.991525,,75,,191.9
579,0.993098,,75,,192.05
580,0.99467,,75,,192.2
581,0.996243,,75,,192.35
582,0.997815,,75,,192.5
583,0.999388,,75,,192.65
584,1.00096,,75,,192.8
585,1.00281,,75.0909,,192.873
586,1.00466,,75.1818,,192.945
587,1.0065,,75.2727,,193.018
588,1.00835,,75.3636,,193.091
589,1.0102,,75.4545,,193.164
590,1.01205,,75.5455,,193.236
591,1.0139,,75.6364,,193.309
592,1.01575,,75.7273,,193.382
593,1.01759,,75.8182,,193.455
594,1.01944,,75.9091,,193.527
595,1.02129,,76,,193.6
596,1.02293,,76.0769,,193.538
597,1.02458,,76.1538,,193.477
598,1.02622,,76.2308,,193.415
599,1.02786,,76.3077,,193.354
600,1.02951,,76.3846,,193.292
601,1.03115,,76.4615,,193.231
602,1.03279,,76.5385,,193.169
603,1.03443,,76.6154,,193.108
604,1.03608,,76.6923,,193.046
605,1.03772,,76.7692,,192.985
606,1.03936,,76.8462,,192.923
607,1.04101,,76.9231,,192.862
608,1.04265,,77,,192.8
609,1.04438,,77.0833,,192.85
610,1.04611,,77.1667,,192.9
611,1.04783,,77.25,,192.95
612,1.04956,,77.3333,,193
613,1.05129,,77.4167,,193.05
614,1.05302,,77.5,,193.1
615,1.05474,,77.5833,,193.15
616,1.05647,,77.6667,,193.2
617,1.0582,,77.75,,193.25
618,1.05993,,77.8333,,193.3
619,1.06165,,77.9167,,193.35
620,1.06338,,78,,193.4
621,1.06531,,78.1818,,193.509
622,1.06724,,78.3636,,193.618
623,1.06916,,78.5455,,193.727
624,1.07109,,78.7273,,193.836
625,1.07302,,78.9091,,193.945
626,1.07495,,79.0909,,194.055
627,1.07688,,79.2727,,194.164
628,1.07881,,79.4545,,194.273
629,1.08073,,79.6364,,194.382
630,1.08266,,79.8182,,194.491
631,1.08459,,80,,194.6
632,1.08663,,80.2,,194.72
633,1.08867,,80.4,,194.84
634,1.0907,,80.6,,194.96
635,1.09274,,80.8,,195.08
636,1.09478,,81,,195.2
637,1.09682,,81.2,,195.32
638,1.09886,,81.4,,195.44
639,1.10089,,81.6,,195.56
640,1.10293,,81.8,,195.68
641,1.10497,,82,,195.8
642,1.10676,,82.5,,195.933
643,1.10855,,83,,196.067
644,1.11033,,83.5,,196.2
645,1.11212,,84,,196.333
646,1.11391,,84.5,,196.467
647,1.1157,,85,,196.6
648,1.11705,,84.8125,,196.825
649,1.1184,,84.625,,197.05
650,1.11975,,84.4375,,197.275
651,1.1211,,84.25,,197.5
652,1.12246,,84.0625,,197.725
653,1.12381,,83.875,,197.95
654,1.12516,,83.6875,,198.175
655,1.12651,,83.5,,198.4
656,1.12786,,83.3125,,198.625
657,1.12921,,83.125,,198.85
658,1.13056,,82.9375,,199.075
659,1.13191,,82.75,,199.3
660,1.13327,,82.5625,,199.525
661,1.13462,,82.375,,199.75
662,1.13597,,82.1875,,199.975
663,1.13732,,82,,200.2
664,1.13873,,81.5714,,200.6
665,1.14014,,81.1429,,201
666,1.14155,,80.7143,,201.4
667,1.14297,,80.2857,,201.8
668,1.14438,,79.8571,,202.2
669,1.14579,,79.4286,,202.6
670,1.1472,,79,,203
671,1.14884,,78.8182,,203.4
672,1.15047,,78.6364,,203.8
673,1.15211,,78.4545,,204.2
674,1.15374,,78.2727,,204.6
675,1.15538,,78.0909,,205
676,1.15701,,77.9091,,205.4
677,1.15865,,77.7273,,205.8
678,1.16028,,77.5455,,206.2
679,1.16192,,77.3636,,206.6
680,1.16355,,77.1818,,207
681,1.16519,,77,,207.4
682,1.16666,,77,,207.567
683,1.16813,,77,,207.733
684,1.16959,,77,,207.9
685,1.17106,,77,,208.067
686,1.17253,,77,,208.233
687,1.174,,77,,208.4
688,1.17541,,77.3333,,208.467
689,1.17683,,77.6667,,208.533
690,1.17824,,78,,208.6
691,1.17968,,77.7143,,208.6
692,1.18112,,77.4286,,208.6
693,1.18256,,77.1429,,208.6
694,1.18401,,76.8571,,208.6
695,1.18545,,76.5714,,208.6
696,1.18689,,76.2857,,208.6
697,1.18833,,76,,208.6
698,1.19007,,76,,208.873
699,1.19181,,76,,209.145
700,1.19355,,76,,209.418
701,1.19529,,76,,209.691
702,1.19703,,76,,209.964
703,1.19877,,76,,210.236
704,1.20051,,76,,210.509
705,1.20225,,76,,210.782
706,1.20399,,76,,211.055
707,1.20573,,76,,211.327
708,1.20747,,76,,211.6
709,1.20947,,76.2,,211.72
710,1.21146,,76.4,,211.84
711,1.21346,,76.6,,211.96
712,1.21545,,76.8,,212.08
713,1.21745,,77,,212.2
714,1.21959,,76.9,,212.08
715,1.22173,,76.8,,211.96
716,1.22388,,76.7,,211.84
717,1.22602,,76.6,,211.72
718,1.22816,,76.5,,211.6
719,1.2303,,76.4,,211.48
720,1.23244,,76.3,,211.36
721,1.23459,,76.2,,211.24
722,1.23673,,76.1,,211.12
723,1.23887,,76,,211
724,1.24066,,76,,210.767
725,1.24244,,76,,210.533
726,1.24423,,76,,210.3
727,1.24601,,76,,210.067
728,1.2478,,76,,209.833
729,1.24959,,76,,209.6
730,1.25137,,76,,209.367
731,1.25316,,76,,209.133
732,1.25494,,76,,208.9
733,1.25673,,76,,208.667
734,1.25851,,76,,208.433
735,1.2603,,76,,208.2
736,1.26201,,76.0833,,208.1
737,1.26371,,76.1667,,208
738,1.26542,,76.25,,207.9
739,1.26713,,76.3333,,207.8
740,1.26883,,76.4167,,207.7
741,1.27054,,76.5,,207.6
742,1.27225,,76.5833,,207.5
743,1.27395,,76.6667,,207.4
744,1.27566,,76.75,,207.3
745,1.27737,,76.8333,,207.2
746,1.27907,,76.9167,,207.1
747,1.28078,,77,,207
748,1.28236,,76.9231,,207.169
749,1.28394,,76.8462,,207.338
750,1.28552,,76.7692,,207.508
751,1.28709,,76.6923,,207.677
752,1.28867,,76.6154,,207.846
753,1.29025,,76.5385,,208.015
754,1.29183,,76.4615,,208.185
755,1.29341,,76.3846,,208.354
756,1.29499,,76.3077,,208.523
757,1.29656,,76.2308,,208.692
758,1.29814,,76.1538,,208.862
759,1.29972,,76.0769,,209.031
760,1.3013,,76,,209.2
761,1.30286,,76,,209.246
762,1.30442,,76,,209.292
763,1.30598,,76,,209.338
764,1.30754,,76,,209.385
765,1.3091,,76,,209.431
766,1.31066,,76,,209.477
767,1.31223,,76,,209.523
768,1.31379,,76,,209.569
769,1.31535,,76,,209.615
770,1.31691,,76,,209.662
771,1.31847,,76,,209.708
772,1.32003,,76,,209.754
773,1.32159,,76,,209.8
774,1.32307,,76.2308,,209.708
775,1.32454,,76.4615,,209.615
776,1.32602,,76.6923,,209.523
777,1.3275,,76.9231,,209.431
778,1.32897,,77.1538,,209.338
779,1.33045,,77.3846,,209.246
780,1.33193,,77.6154,,209.154
781,1.33341,,77.8462,,209.062
782,1.33488,,78.0769,,208.969
783,1.33636,,78.3077,,208.877
784,1.33784,,78.5385,,208.785
785,1.33931,,78.7692,,208.692
786,1.34079,,79,,208.6
787,1.34229,,78.9231,,208.708
788,1.34379,,78.8462,,208.815
789,1.34529,,78.7692,,208.923
790,1.34679,,78.6923,,209.031
791,1.34829,,78.6154,,209.138
792,1.34979,,78.5385,,209.246
793,1.35129,,78.4615,,209.354
794,1.35279,,78.3846,,209.462
795,1.35429,,78.3077,,209.569
796,1.35579,,78.2308,,209.677
797,1.35729,,78.1538,,209.785
798,1.35879,,78.0769,,209.892
799,1.36029,,78,,210
800,1.36206,,78.75,,210.2
801,1.36382,,79.5,,210.4
802,1.36558,,80.25,,210.6
803,1.36735,,81,,210.8
804,1.3691,,81,,210.933
805,1.37085,,81,,211.067
806,1.3726,,81,,211.2
807,1.37459,,80.9091,,210.982
808,1.37657,,80.8182,,210.764
809,1.37856,,80.7273,,210.545
810,1.38054,,80.6364,,210.327
811,1.38253,,80.5455,,210.109
812,1.38451,,80.4545,,209.891
813,1.3865,,80.3636,,209.673
814,1.38848,,80.2727,,209.455
815,1.39047,,80.1818,,209.236
816,1.39245,,80.0909,,209.018
817,1.39444,,80,,208.8
818,1.39627,,80,,208.655
819,1.39809,,80,,208.509
820,1.39992,,80,,208.364
821,1.40175,,80,,208.218
822,1.40357,,80,,208.073
823,1.4054,,80,,207.927
824,1.40722,,80,,207.782
825,1.40905,,80,,207.636
826,1.41088,,80,,207.491
827,1.4127,,80,,207.345
828,1.41453,,80,,207.2
829,1.41607,,80.25,,207.233
830,1.41761,,80.5,,207.267
831,1.41915,,80.75,,207.3
832,1.42069,,81,,207.333
833,1.42223,,81.25,,207.367
834,1.42378,,81.5,,207.4
835,1.42532,,81.75,,207.433
836,1.42686,,82,,207.467
837,1.4284,,82.25,,207.5
838,1.42994,,82.5,,207.533
839,1.43148,,82.75,,207.567
840,1.43302,,83,,207.6
841,1.43451,,83.25,,207.3
842,1.43601,,83.5,,207
843,1.4375,,83.75,,206.7
844,1.43899,,84,,206.4
845,1.44048,,84,,206.1
846,1.44197,,84,,205.8
847,1.44346,,84,,205.5
848,1.44496,,84,,205.2
849,1.44645,,84,,204.9
850,1.44794,,84,,204.6
851,1.4496,,84,,204.2
852,1.45126,,84,,203.8
853,1.45297,,84,,203.6
854,1.45467,,84,,203.4
855,1.45587,,83.8824,,203.247
856,1.45707,,83.7647,,203.094
857,1.45826,,83.6471,,202.941
858,1.45946,,83.5294,,202.788
859,1.46066,,83.4118,,202.635
860,1.46186,,83.2941,,202.482
861,1.46306,,83.1765,,202.329
862,1.46426,,83.0588,,202.176
863,1.46545,,82.9412,,202.024
864,1.46665,,82.8235,,201.871
865,1.46785,,82.7059,,201.718
866,1.46905,,82.5882,,201.565
867,1.47025,,82.4706,,201.412
868,1.47145,,82.3529,,201.259
869,1.47264,,82.2353,,201.106
870,1.47384,,82.1176,,200.953
871,1.47504,,82,,200.8
872,1.47604,,81.9444,,200.678
873,1.47705,,81.8889,,200.556
874,1.47805,,81.8333,,200.433
875,1.47906,,81.7778,,200.311
876,1.48006,,81.7222,,200.189
877,1.48107,,81.6667,,200.067
878,1.48207,,81.6111,,199.944
879,1.48308,,81.5556,,199.822
880,1.48408,,81.5,,199.7
881,1.48508,,81.4444,,199.578
882,1.48609,,81.3889,,199.456
883,1.48709,,81.3333,,199.333
884,1.4881,,81.2778,,199.211
885,1.4891,,81.2222,,199.089
886,1.49011,,81.1667,,198.967
887,1.49111,,81.1111,,198.844
888,1.49212,,81.0556,,198.722
889,1.49312,,81,,198.6
890,1.49461,,81.375,,198.275
891,1.4961,,81.75,,197.95
892,1.49759,,82.125,,197.625
893,1.49908,,82.5,,197.3
894,1.50057,,82.875,,196.975
895,1.50206,,83.25,,196.65
896,1.50355,,83.625,,196.325
897,1.50504,,84,,196
898,1.50636,,84.1333,,195.787
899,1.50769,,84.2667,,195.573
900,1.50901,,84.4,,195.36
901,1.51034,,84.5333,,195.147
902,1.51166,,84.6667,,194.933
903,1.51298,,84.8,,194.72
904,1.51431,,84.9333,,194.507
905,1.51563,,85.0667,,194.293
906,1.51696,,85.2,,194.08
907,1.51828,,85.3333,,193.867
908,1.5196,,85.4667,,193.653
909,1.52093,,85.6,,193.44
910,1.52225,,85.7333,,193.227
911,1.52358,,85.8667,,193.013
912,1.5249,,86,,192.8
913,1.52626,,86.2,,192.84
914,1.52761,,86.4,,192.88
915,1.52897,,86.6,,192.92
916,1.53032,,86.8,,192.96
917,1.53168,,87,,193
918,1.53331,,87.375,,193.025
919,1.53494,,87.75,,193.05
920,1.53657,,88.125,,193.075
921,1.53821,,88.5,,193.1
922,1.53984,,88.875,,193.125
923,1.54147,,89.25,,193.15
924,1.5431,,89.625,,193.175
925,1.54473,,90,,193.2
926,1.54622,,90,,193.229
927,1.54771,,90,,193.257
928,1.5492,,90,,193.286
929,1.55069,,90,,193.314
930,1.55218,,90,,193.343
931,1.55367,,90,,193.371
932,1.55516,,90,,193.4
933,1.55665,,90,,193.429
934,1.55814,,90,,193.457
935,1.55963,,90,,193.486
936,1.56112,,90,,193.514
937,1.56261,,90,,193.543
938,1.5641,,90,,193.571
939,1.56559,,90,,193.6
940,1.56718,,89.75,,193.625
941,1.56876,,89.5,,193.65
942,1.57035,,89.25,,193.675
943,1.57193,,89,,193.7
944,1.57352,,88.75,,193.725
945,1.57511,,88.5,,193.75
946,1.57669,,88.25,,193.775
947,1.57828,,88,,193.8
948,1.58019,,87.4,,193.8
949,1.5821,,86.8,,193.8
950,1.58402,,86.2,,193.8
951,1.58593,,85.6,,193.8
952,1.58784,,85,,193.8
953,1.58977,,84.5,,193.867
954,1.59171,,84,,193.933
955,1.59364,,83.5,,194
956,1.59557,,83,,194.067
957,1.59751,,82.5,,194.133
958,1.59944,,82,,194.2
959,1.60155,,81.9,,194.16
960,1.60365,,81.8,,194.12
961,1.60576,,81.7,,194.08
962,1.60787,,81.6,,194.04
963,1.60997,,81.5,,194
964,1.61208,,81.4,,193.96
965,1.61419,,81.3,,193.92
966,1.6163,,81.2,,193.88
967,1.6184,,81.1,,193.84
968,1.62051,,81,,193.8
969,1.6225,,81.0909,,193.818
970,1.6245,,81.1818,,193.836
971,1.62649,,81.2727,,193.855
972,1.62848,,81.3636,,193.873
973,1.63048,,81.4545,,193.891
974,1.63247,,81.5455,,193.909
975,1.63447,,81.6364,,193.927
976,1.63646,,81.7273,,193.945
977,1.63845,,81.8182,,193.964
978,1.64045,,81.9091,,193.982
979,1.64244,,82,,194
980,1.64383,,82.0625,,194.087
981,1.64523,,82.125,,194.175
982,1.64662,,82.1875,,194.262
983,1.64802,,82.25,,194.35
984,1.64941,,82.3125,,194.437
985,1.65081,,82.375,,194.525
986,1.6522,,82.4375,,194.612
987,1.6536,,82.5,,194.7
988,1.65499,,82.5625,,194.787
989,1.65639,,82.625,,194.875
990,1.65778,,82.6875,,194.962
991,1.65918,,82.75,,195.05
992,1.66057,,82.8125,,195.137
993,1.66197,,82.875,,195.225
994,1.66337,,82.9375,,195.312
995,1.66476,,83,,195.4
996,1.6658,,83.05,,195.31
997,1.66683,,83.1,,195.22
998,1.66787,,83.15,,195.13
999,1.6689,,83.2,,195.04
1000,1.66994,,83.25,,194.95
1001,1.67098,,83.3,,194.86
1002,1.67201,,83.35,,194.77
1003,1.67305,,83.4,,194.68
1004,1.67408,,83.45,,194.59
1005,1.67512,,83.5,,194.5
1006,1.67616,,83.55,,194.41
1007,1.67719,,83.6,,194.32
1008,1.67823,,83.65,,194.23
1009,1.67926,,83.7,,194.14
1010,1.6803,,83.75,,194.05
1011,1.68134,,83.8,,193.96
1012,1.68237,,83.85,,193.87
1013,1.68341,,83.9,,193.78
1014,1.68444,,83.95,,193.69
1015,1.68548,,84,,193.6
1016,1.68619,,84,,193.667
1017,1.68691,,84,,193.733
1018,1.68762,,84,,193.8
1019,1.68834,,84,,193.867
1020,1.68906,,84,,193.933
1021,1.68977,,84,,194
1022,1.69163,,84,,194.091
1023,1.69349,,84,,194.182
1024,1.69535,,84,,194.273
1025,1.69721,,84,,194.364
1026,1.69907,,84,,194.455
1027,1.70092,,84,,194.545
1028,1.70278,,84,,194.636
1029,1.70464,,84,,194.727
1030,1.7065,,84,,194.818
1031,1.70836,,84,,194.909
1032,1.71022,,84,,195
1033,1.71304,,84.5,,195.133
1034,1.71586,,85,,195.267
1035,1.71868,,85.5,,195.4
1036,1.72151,,86,,195.533
1037,1.72433,,86.5,,195.667
1038,1.72715,,87,,195.8
1039,1.72998,,87.5,,195.933
1040,1.73281,,88,,196.067
1041,1.73565,,88.5,,196.2
1042,1.73848,,89,,196.333
1043,1.74131,,89.5,,196.467
1044,1.74414,,90,,196.6
1045,1.74665,,90.125,,196.65
1046,1.74916,,90.25,,196.7
1047,1.75167,,90.375,,196.75
1048,1.75418,,90.5,,196.8
1049,1.7567,,90.625,,196.85
1050,1.75921,,90.75,,196.9
1051,1.76172,,90.875,,196.95
1052,1.76423,,91,,197
1053,1.76613,,91,,197
1054,1.76803,,91,,197
1055,1.76992,,91,,197
1056,1.77182,,91,,197
1057,1.77372,,91,,197
1058,1.77562,,91,,197
1059,1.77752,,91,,197
1060,1.77942,,91,,197
1061,1.78131,,91,,197
1062,1.78321,,91,,197
1063,1.78511,,91,,197
1064,1.78698,,91,,197.218
1065,1.78884,,91,,197.436
1066,1.79071,,91,,197.655
1067,1.79258,,91,,197.873
1068,1.79445,,91,,198.091
1069,1.79631,,91,,198.309
1070,1.79818,,91,,198.527
1071,1.80005,,91,,198.745
1072,1.80192,,91,,198.964
1073,1.80378,,91,,199.182
1074,1.80565,,91,,199.4
1075,1.8074,,91.3,,199.66
1076,1.80915,,91.6,,199.92
1077,1.81089,,91.9,,200.18
1078,1.81264,,92.2,,200.44
1079,1.81439,,92.5,,200.7
1080,1.81614,,92.8,,200.96
1081,1.81789,,93.1,,201.22
1082,1.81963,,93.4,,201.48
1083,1.82138,,93.7,,201.74
1084,1.82313,,94,,202
1085,1.82493,,94,,202
1086,1.82639,,93.9286,,202.143
1087,1.82786,,93.8571,,202.286
1088,1.82932,,93.7857,,202.429
1089,1.83078,,93.7143,,202.571
1090,1.83224,,93.6429,,202.714
1091,1.83371,,93.5714,,202.857
1092,1.83517,,93.5,,203
1093,1.83663,,93.4286,,203.143
1094,1.8381,,93.3571,,203.286
1095,1.83956,,93.2857,,203.429
1096,1.84102,,93.2143,,203.571
1097,1.84248,,93.1429,,203.714
1098,1.84395,,93.0714,,203.857
1099,1.84541,,93,,204
1100,1.84679,,92.9333,,204.013
1101,1.84816,,92.8667,,204.027
1102,1.84954,,92.8,,204.04
1103,1.85091,,92.7333,,204.053
1104,1.85229,,92.6667,,204.067
1105,1.85367,,92.6,,204.08
1106,1.85504,,92.5333,,204.093
1107,1.85642,,92.4667,,204.107
1108,1.85779,,92.4,,204.12
1109,1.85917,,92.3333,,204.133
1110,1.86055,,92.2667,,204.147
1111,1.86192,,92.2,,204.16
1112,1.8633,,92.1333,,204.173
1113,1.86467,,92.0667,,204.187
1114,1.86605,,92,,204.2
1115,1.86758,,91.9286,,204.329
1116,1.8691,,91.8571,,204.457
1117,1.87063,,91.7857,,204.586
1118,1.87215,,91.7143,,204.714
1119,1.87368,,91.6429,,204.843
1120,1.8752,,91.5714,,204.971
1121,1.87673,,91.5,,205.1
1122,1.87826,,91.4286,,205.229
1123,1.87978,,91.3571,,205.357
1124,1.88131,,91.2857,,205.486
1125,1.88283,,91.2143,,205.614
1126,1.88436,,91.1429,,205.743
1127,1.88588,,91.0714,,205.871
1128,1.88741,,91,,206
1129,1.88908,,91,,206.2
1130,1.89074,,91,,206.4
1131,1.89241,,91,,206.6
1132,1.89408,,91,,206.8
1133,1.89575,,91,,207
1134,1.89741,,91,,207.2
1135,1.89908,,91,,207.4
1136,1.90076,,90.8462,,207.646
1137,1.90244,,90.6923,,207.892
1138,1.90412,,90.5385,,208.138
1139,1.9058,,90.3846,,208.385
1140,1.90748,,90.2308,,208.631
1141,1.90916,,90.0769,,208.877
1142,1.91084,,89.9231,,209.123
1143,1.91252,,89.7692,,209.369
1144,1.9142,,89.6154,,209.615
1145,1.91588,,89.4615,,209.862
1146,1.91756,,89.3077,,210.108
1147,1.91924,,89.1538,,210.354
1148,1.92092,,89,,210.6
1149,1.92259,,89.0833,,210.817
1150,1.92426,,89.1667,,211.033
1151,1.92593,,89.25,,211.25
1152,1.9276,,89.3333,,211.467
1153,1.92927,,89.4167,,211.683
1154,1.93095,,89.5,,211.9
1155,1.93262,,89.5833,,212.117
1156,1.93429,,89.6667,,212.333
1157,1.93596,,89.75,,212.55
1158,1.93763,,89.8333,,212.767
1159,1.9393,,89.9167,,212.983
1160,1.94097,,90,,213.2
1161,1.94277,,89.9167,,213.283
1162,1.94458,,89.8333,,213.367
1163,1.94638,,89.75,,213.45
1164,1.94818,,89.6667,,213.533
1165,1.94999,,89.5833,,213.617
1166,1.95179,,89.5,,213.7
1167,1.95359,,89.4167,,213.783
1168,1.9554,,89.3333,,213.867
1169,1.9572,,89.25,,213.95
1170,1.959,,89.1667,,214.033
1171,1.96081,,89.0833,,214.117
1172,1.96261,,89,,214.2
1173,1.96422,,88.8462,,214.277
1174,1.96582,,88.6923,,214.354
1175,1.96743,,88.5385,,214.431
1176,1.96903,,88.3846,,214.508
1177,1.97064,,88.2308,,214.585
1178,1.97225,,88.0769,,214.662
1179,1.97385,,87.9231,,214.738
1180,1.97546,,87.7692,,214.815
1181,1.97707,,87.6154,,214.892
1182,1.97867,,87.4615,,214.969
1183,1.98028,,87.3077,,215.046
1184,1.98188,,87.1538,,215.123
1185,1.98349,,87,,215.2
1186,1.98521,,87.1,,215.1
1187,1.98692,,87.2,,215
1188,1.98864,,87.3,,214.9
1189,1.99035,,87.4,,214.8
1190,1.99207,,87.5,,214.7
1191,1.99379,,87.6,,214.6
1192,1.9955,,87.7,,214.5
1193,1.99722,,87.8,,214.4
1194,1.99893,,87.9,,214.3
1195,2.00065,,88,,214.2
1196,2.00225,,87.9231,,214.046
1197,2.00386,,87.8462,,213.892
1198,2.00546,,87.7692,,213.738
1199,2.00707,,87.6923,,213.585
1200,2.00867,,87.6154,,213.431
1201,2.01028,,87.5385,,213.277
1202,2.01188,,87.4615,,213.123
1203,2.01349,,87.3846,,212.969
1204,2.01509,,87.3077,,212.815
1205,2.0167,,87.2308,,212.662
1206,2.0183,,87.1538,,212.508
1207,2.01991,,87.0769,,212.354
1208,2.02151,,87,,212.2
1209,2.02318,,87.3,,212.08
1210,2.02484,,87.6,,211.96
1211,2.02651,,87.9,,211.84
1212,2.02818,,88.2,,211.72
1213,2.02985,,88.5,,211.6
1214,2.03151,,88.8,,211.48
1215,2.03318,,89.1,,211.36
1216,2.03485,,89.4,,211.24
1217,2.03651,,89.7,,211.12
1218,2.03818,,90,,211
1219,2.03971,,89.75,,210.9
1220,2.04123,,89.5,,210.8
1221,2.04276,,89.25,,210.7
1222,2.04428,,89,,210.6
1223,2.04581,,88.75,,210.5
1224,2.04734,,88.5,,210.4
1225,2.04886,,88.25,,210.3
1226,2.05039,,88,,210.2
1227,2.05191,,87.75,,210.1
1228,2.05344,,87.5,,210
1229,2.05496,,87.25,,209.9
1230,2.05649,,87,,209.8
1231,2.05807,,87,,209.754
1232,2.05965,,87,,209.708
1233,2.06124,,87,,209.662
1234,2.06282,,87,,209.615
1235,2.0644,,87,,209.569
1236,2.06598,,87,,209.523
1237,2.06757,,87,,209.477
1238,2.06915,,87,,209.431
1239,2.07073,,87,,209.385
1240,2.07231,,87,,209.338
1241,2.0739,,87,,209.292
1242,2.07548,,87,,209.246
1243,2.07706,,87,,209.2
1244,2.07857,,86.9286,,209.271
1245,2.08008,,86.8571,,209.343
1246,2.0816,,86.7857,,209.414
1247,2.08311,,86.7143,,209.486
1248,2.08462,,86.6429,,209.557
1249,2.08613,,86.5714,,209.629
1250,2.08765,,86.5,,209.7
1251,2.08916,,86.4286,,209.771
1252,2.09067,,86.3571,,209.843
1253,2.09218,,86.2857,,209.914
1254,2.09369,,86.2143,,209.986
1255,2.09521,,86.1429,,210.057
1256,2.09672,,86.0714,,210.129
1257,2.09823,,86,,210.2
1258,2.1002,,85.9091,,210.218
1259,2.10218,,85.8182,,210.236
1260,2.10415,,85.7273,,210.255
1261,2.10612,,85.6364,,210.273
1262,2.10809,,85.5455,,210.291
1263,2.11007,,85.4545,,210.309
1264,2.11204,,85.3636,,210.327
1265,2.11401,,85.2727,,210.345
1266,2.11598,,85.1818,,210.364
1267,2.11796,,85.0909,,210.382
1268,2.11993,,85,,210.4
1269,2.12154,,85.0769,,210.415
1270,2.12316,,85.1538,,210.431
1271,2.12477,,85.2308,,210.446
1272,2.12638,,85.3077,,210.462
1273,2.128,,85.3846,,210.477
1274,2.12961,,85.4615,,210.492
1275,2.13122,,85.5385,,210.508
1276,2.13283,,85.6154,,210.523
1277,2.13445,,85.6923,,210.538
1278,2.13606,,85.7692,,210.554
1279,2.13767,,85.8462,,210.569
1280,2.13929,,85.9231,,210.585
1281,2.1409,,86,,210.6
1282,2.14249,,85.8462,,210.462
1283,2.14407,,85.6923,,210.323
1284,2.14566,,85.5385,,210.185
1285,2.14724,,85.3846,,210.046
1286,2.14883,,85.2308,,209.908
1287,2.15042,,85.0769,,209.769
1288,2.152,,84.9231,,209.631
1289,2.15359,,84.7692,,209.492
1290,2.15518,,84.6154,,209.354
1291,2.15676,,84.4615,,209.215
1292,2.15835,,84.3077,,209.077
1293,2.15993,,84.1538,,208.938
1294,2.16152,,84,,208.8
1295,2.16311,,83.9231,,208.631
1296,2.1647,,83.8462,,208.462
1297,2.16629,,83.7692,,208.292
1298,2.16788,,83.6923,,208.123
1299,2.16947,,83.6154,,207.954
1300,2.17106,,83.5385,,207.785
1301,2.17265,,83.4615,,207.615
1302,2.17424,,83.3846,,207.446
1303,2.17583,,83.3077,,207.277
1304,2.17742,,83.2308,,207.108
1305,2.17901,,83.1538,,206.938
1306,2.1806,,83.0769,,206.769
1307,2.18219,,83,,206.6
1308,2.18356,,82.9333,,206.52
1309,2.18493,,82.8667,,206.44
1310,2.18629,,82.8,,206.36
1311,2.18766,,82.7333,,206.28
1312,2.18903,,82.6667,,206.2
1313,2.1904,,82.6,,206.12
1314,2.19177,,82.5333,,206.04
1315,2.19313,,82.4667,,205.96
1316,2.1945,,82.4,,205.88
1317,2.19587,,82.3333,,205.8
1318,2.19724,,82.2667,,205.72
1319,2.19861,,82.2,,205.64
1320,2.19997,,82.1333,,205.56
1321,2.20134,,82.0667,,205.48
1322,2.20271,,82,,205.4
1323,2.2043,,82.0769,,205.492
1324,2.20588,,82.1538,,205.585
1325,2.20747,,82.2308,,205.677
1326,2.20905,,82.3077,,205.769
1327,2.21064,,82.3846,,205.862
1328,2.21223,,82.4615,,205.954
1329,2.21381,,82.5385,,206.046
1330,2.2154,,82.6154,,206.138
1331,2.21699,,82.6923,,206.231
1332,2.21857,,82.7692,,206.323
1333,2.22016,,82.8462,,206.415
1334,2.22174,,82.9231,,206.508
1335,2.22333,,83,,206.6
1336,2.22498,,82.9231,,206.708
1337,2.22662,,82.8462,,206.815
1338,2.22827,,82.7692,,206.923
1339,2.22991,,82.6923,,207.031
1340,2.23156,,82.6154,,207.138
1341,2.2332,,82.5385,,207.246
1342,2.23485,,82.4615,,207.354
1343,2.23649,,82.3846,,207.462
1344,2.23814,,82.3077,,207.569
1345,2.23978,,82.2308,,207.677
1346,2.24143,,82.1538,,207.785
1347,2.24307,,82.0769,,207.892
1348,2.24472,,82,,208
1349,2.24651,,82.2727,,208.164
1350,2.24829,,82.5455,,208.327
1351,2.25008,,82.8182,,208.491
1352,2.25187,,83.0909,,208.655
1353,2.25366,,83.3636,,208.818
1354,2.25544,,83.6364,,208.982
1355,2.25723,,83.9091,,209.145
1356,2.25902,,84.1818,,209.309
1357,2.26081,,84.4545,,209.473
1358,2.26259,,84.7273,,209.636
1359,2.26438,,85,,209.8
1360,2.26596,,84.9231,,209.923
1361,2.26754,,84.8462,,210.046
1362,2.26912,,84.7692,,210.169
1363,2.2707,,84.6923,,210.292
1364,2.27228,,84.6154,,210.415
1365,2.27386,,84.5385,,210.538
1366,2.27543,,84.4615,,210.662
1367,2.27701,,84.3846,,210.785
1368,2.27859,,84.3077,,210.908
1369,2.28017,,84.2308,,211.031
1370,2.28175,,84.1538,,211.154
1371,2.28333,,84.0769,,211.277
1372,2.28491,,84,,211.4
1373,2.28667,,84.1667,,211.2
1374,2.28843,,84.3333,,211
1375,2.29018,,84.5,,210.8
1376,2.29194,,84.6667,,210.6
1377,2.2937,,84.8333,,210.4
1378,2.29546,,85,,210.2
1379,2.29722,,85.1667,,210
1380,2.29898,,85.3333,,209.8
1381,2.30073,,85.5,,209.6
1382,2.30249,,85.6667,,209.4
1383,2.30425,,85.8333,,209.2
1384,2.30601,,86,,209
1385,2.30786,,86,,208.873
1386,2.30971,,86,,208.745
1387,2.31157,,86,,208.618
1388,2.31342,,86,,208.491
1389,2.31527,,86,,208.364
1390,2.31712,,86,,208.236
1391,2.31897,,86,,208.109
1392,2.32082,,86,,207.982
1393,2.32268,,86,,207.855
1394,2.32453,,86,,207.727
1395,2.32638,,86,,207.6
1396,2.32816,,86.0833,,207.467
1397,2.32995,,86.1667,,207.333
1398,2.33173,,86.25,,207.2
1399,2.33351,,86.3333,,207.067
1400,2.3353,,86.4167,,206.933
1401,2.33708,,86.5,,206.8
1402,2.33886,,86.5833,,206.667
1403,2.34065,,86.6667,,206.533
1404,2.34243,,86.75,,206.4
1405,2.34421,,86.8333,,206.267
1406,2.346,,86.9167,,206.133
1407,2.34778,,87,,206
1408,2.34954,,86.9167,,205.833
1409,2.3513,,86.8333,,205.667
1410,2.35305,,86.75,,205.5
1411,2.35481,,86.6667,,205.333
1412,2.35657,,86.5833,,205.167
1413,2.35833,,86.5,,205
1414,2.36009,,86.4167,,204.833
1415,2.36185,,86.3333,,204.667
1416,2.3636,,86.25,,204.5
1417,2.36536,,86.1667,,204.333
1418,2.36712,,86.0833,,204.167
1419,2.36888,,86,,204
1420,2.37059,,85.8333,,203.967
1421,2.3723,,85.6667,,203.933
1422,2.37401,,85.5,,203.9
1423,2.37572,,85.3333,,203.867
1424,2.37743,,85.1667,,203.833
1425,2.37913,,85,,203.8
1426,2.38084,,84.8333,,203.767
1427,2.38255,,84.6667,,203.733
1428,2.38426,,84.5,,203.7
1429,2.38597,,84.3333,,203.667
1430,2.38768,,84.1667,,203.633
1431,2.38939,,84,,203.6
1432,2.39114,,83.8333,,203.583
1433,2.39289,,83.6667,,203.567
1434,2.39463,,83.5,,203.55
1435,2.39638,,83.3333,,203.533
1436,2.39813,,83.1667,,203.517
1437,2.39988,,83,,203.5
1438,2.40163,,82.8333,,203.483
1439,2.40338,,82.6667,,203.467
1440,2.40513,,82.5,,203.45
1441,2.40687,,82.3333,,203.433
1442,2.40862,,82.1667,,203.417
1443,2.41037,,82,,203.4
1444,2.41191,,82,,203.415
1445,2.41345,,82,,203.431
1446,2.41499,,82,,203.446
1447,2.41653,,82,,203.462
1448,2.41807,,82,,203.477
1449,2.41961,,82,,203.492
1450,2.42116,,82,,203.508
1451,2.4227,,82,,203.523
1452,2.42424,,82,,203.538
1453,2.42578,,82,,203.554
1454,2.42732,,82,,203.569
1455,2.42886,,82,,203.585
1456,2.4304,,82,,203.6
1457,2.43212,,81.8333,,203.583
1458,2.43384,,81.6667,,203.567
1459,2.43556,,81.5,,203.55
1460,2.43729,,81.3333,,203.533
1461,2.43901,,81.1667,,203.517
1462,2.44073,,81,,203.5
1463,2.44245,,80.8333,,203.483
1464,2.44417,,80.6667,,203.467
1465,2.4459,,80.5,,203.45
1466,2.44762,,80.3333,,203.433
1467,2.44934,,80.1667,,203.417
1468,2.45106,,80,,203.4
1469,2.45275,,80,,203.383
1470,2.45445,,80,,203.367
1471,2.45614,,80,,203.35
1472,2.45784,,80,,203.333
1473,2.45953,,80,,203.317
1474,2.46122,,80,,203.3
1475,2.46292,,80,,203.283
1476,2.46461,,80,,203.267
1477,2.46631,,80,,203.25
1478,2.468,,80,,203.233
1479,2.4697,,80,,203.217
1480,2.47139,,80,,203.2
1481,2.47293,,79.7273,,203.164
1482,2.47447,,79.4545,,203.127
1483,2.476,,79.1818,,203.091
1484,2.47754,,78.9091,,203.055
1485,2.47908,,78.6364,,203.018
1486,2.48062,,78.3636,,202.982
1487,2.48216,,78.0909,,202.945
1488,2.4837,,77.8182,,202.909
1489,2.48523,,77.5455,,202.873
1490,2.48677,,77.2727,,202.836
1491,2.48831,,77,,202.8
1492,2.48954,,77,,202.8
1493,2.49077,,77,,202.8
1494,2.49247,,77,,202.683
1495,2.49417,,77,,202.567
1496,2.49587,,77,,202.45
1497,2.49757,,77,,202.333
1498,2.49927,,77,,202.217
1499,2.50097,,77,,202.1
1500,2.50268,,77,,201.983
1501,2.50438,,77,,201.867
1502,2.50608,,77,,201.75
1503,2.50778,,77,,201.633
1504,2.50948,,77,,201.517
1505,2.51118,,77,,201.4
1506,2.51283,,77.0769,,201.354
1507,2.51449,,77.1538,,201.308
1508,2.51614,,77.2308,,201.262
1509,2.5178,,77.3077,,201.215
1510,2.51945,,77.3846,,201.169
1511,2.5211,,77.4615,,201.123
1512,2.52276,,77.5385,,201.077
1513,2.52441,,77.6154,,201.031
1514,2.52606,,77.6923,,200.985
1515,2.52772,,77.7692,,200.938
1516,2.52937,,77.8462,,200.892
1517,2.53103,,77.9231,,200.846
1518,2.53268,,78,,200.8
1519,2.53434,,77.9231,,200.754
1520,2.536,,77.8462,,200.708
1521,2.53765,,77.7692,,200.662
1522,2.53931,,77.6923,,200.615
1523,2.54097,,77.6154,,200.569
1524,2.54263,,77.5385,,200.523
1525,2.54428,,77.4615,,200.477
1526,2.54594,,77.3846,,200.431
1527,2.5476,,77.3077,,200.385
1528,2.54926,,77.2308,,200.338
1529,2.55091,,77.1538,,200.292
1530,2.55257,,77.0769,,200.246
1531,2.55423,,77,,200.2
1532,2.55591,,77.0833,,200.083
1533,2.55759,,77.1667,,199.967
1534,2.55927,,77.25,,199.85
1535,2.56094,,77.3333,,199.733
1536,2.56262,,77.4167,,199.617
1537,2.5643,,77.5,,199.5
1538,2.56598,,77.5833,,199.383
1539,2.56766,,77.6667,,199.267
1540,2.56934,,77.75,,199.15
1541,2.57101,,77.8333,,199.033
1542,2.57269,,77.9167,,198.917
1543,2.57437,,78,,198.8
1544,2.57627,,78,,198.691
1545,2.57817,,78,,198.582
1546,2.58007,,78,,198.473
1547,2.58197,,78,,198.364
1548,2.58387,,78,,198.255
1549,2.58576,,78,,198.145
1550,2.58766,,78,,198.036
1551,2.58956,,78,,197.927
1552,2.59146,,78,,197.818
1553,2.59336,,78,,197.709
1554,2.59526,,78,,197.6
1555,2.59702,,78,,197.483
1556,2.59878,,78,,197.367
1557,2.60054,,78,,197.25
1558,2.60231,,78,,197.133
1559,2.60407,,78,,197.017
1560,2.60583,,78,,196.9
1561,2.60759,,78,,196.783
1562,2.60935,,78,,196.667
1563,2.61111,,78,,196.55
1564,2.61288,,78,,196.433
1565,2.61464,,78,,196.317
1566,2.6164,,78,,196.2
1567,2.61807,,78.0833,,196.083
1568,2.61974,,78.1667,,195.967
1569,2.62141,,78.25,,195.85
1570,2.62308,,78.3333,,195.733
1571,2.62475,,78.4167,,195.617
1572,2.62642,,78.5,,195.5
1573,2.62809,,78.5833,,195.383
1574,2.62976,,78.6667,,195.267
1575,2.63143,,78.75,,195.15
1576,2.6331,,78.8333,,195.033
1577,2.63477,,78.9167,,194.917
1578,2.63644,,79,,194.8
1579,2.63825,,78.9167,,194.683
1580,2.64006,,78.8333,,194.567
1581,2.64188,,78.75,,194.45
1582,2.64369,,78.6667,,194.333
1583,2.6455,,78.5833,,194.217
1584,2.64731,,78.5,,194.1
1585,2.64913,,78.4167,,193.983
1586,2.65094,,78.3333,,193.867
1587,2.65275,,78.25,,193.75
1588,2.65456,,78.1667,,193.633
1589,2.65638,,78.0833,,193.517
1590,2.65819,,78,,193.4
1591,2.65977,,77.6667,,193.267
1592,2.66136,,77.3333,,193.133
1593,2.66294,,77,,193
1594,2.6645,,77,,192.908
1595,2.66606,,77,,192.815
1596,2.66761,,77,,192.723
1597,2.66917,,77,,192.631
1598,2.67073,,77,,192.538
1599,2.67229,,77,,192.446
1600,2.67384,,77,,192.354
1601,2.6754,,77,,192.262
1602,2.67696,,77,,192.169
1603,2.67852,,77,,192.077
1604,2.68007,,77,,191.985
1605,2.68163,,77,,191.892
1606,2.68319,,77,,191.8
1607,2.68495,,77.0833,,191.733
1608,2.68671,,77.1667,,191.667
1609,2.68847,,77.25,,191.6
1610,2.69023,,77.3333,,191.533
1611,2.69199,,77.4167,,191.467
1612,2.69374,,77.5,,191.4
1613,2.6955,,77.5833,,191.333
1614,2.69726,,77.6667,,191.267
1615,2.69902,,77.75,,191.2
1616,2.70078,,77.8333,,191.133
1617,2.70254,,77.9167,,191.067
1618,2.7043,,78,,191
1619,2.70608,,77.625,,191
1620,2.70785,,77.25,,191
1621,2.70963,,76.875,,191
1622,2.71141,,76.5,,191
1623,2.71318,,76.125,,191
1624,2.71496,,75.75,,191
1625,2.71673,,75.375,,191
1626,2.71851,,75,,191
1627,2.72026,,75,,191
1628,2.72202,,75,,191
1629,2.72377,,75,,191
1630,2.72552,,75,,191
1631,2.72728,,75,,191
1632,2.72903,,75,,191
1633,2.73078,,75,,191
1634,2.73254,,75,,191
1635,2.73429,,75,,191
1636,2.73604,,75,,191
1637,2.7378,,75,,191
1638,2.73955,,75,,191
1639,2.74128,,75,,191
1640,2.74301,,75,,191
1641,2.74474,,75,,191
1642,2.74646,,75,,191
1643,2.74819,,75,,191
1644,2.74992,,75,,191
1645,2.75165,,75,,191
1646,2.75338,,75,,191
1647,2.75511,,75,,191
1648,2.75683,,75,,191
1649,2.75856,,75,,191
1650,2.76029,,75,,191
1651,2.76201,,75.0833,,190.983
1652,2.76373,,75.1667,,190.967
1653,2.76545,,75.25,,190.95
1654,2.76717,,75.3333,,190.933
1655,2.76889,,75.4167,,190.917
1656,2.77061,,75.5,,190.9
1657,2.77233,,75.5833,,190.883
1658,2.77405,,75.6667,,190.867
1659,2.77577,,75.75,,190.85
1660,2.77749,,75.8333,,190.833
1661,2.77921,,75.9167,,190.817
1662,2.78093,,76,,190.8
1663,2.78273,,75.8333,,190.817
1664,2.78453,,75.6667,,190.833
1665,2.78633,,75.5,,190.85
1666,2.78813,,75.3333,,190.867
1667,2.78993,,75.1667,,190.883
1668,2.79173,,75,,190.9
1669,2.79354,,74.8333,,190.917
1670,2.79534,,74.6667,,190.933
1671,2.79714,,74.5,,190.95
1672,2.79894,,74.3333,,190.967
1673,2.80074,,74.1667,,190.983
1674,2.80254,,74,,191
1675,2.80429,,73.9167,,191.05
1676,2.80603,,73.8333,,191.1
1677,2.80778,,73.75,,191.15
1678,2.80952,,73.6667,,191.2
1679,2.81127,,73.5833,,191.25
1680,2.81302,,73.5,,191.3
1681,2.81476,,73.4167,,191.35
1682,2.81651,,73.3333,,191.4
1683,2.81825,,73.25,,191.45
1684,2.82,,73.1667,,191.5
1685,2.82174,,73.0833,,191.55
1686,2.82349,,73,,191.6
1687,2.82508,,73.1538,,191.692
1688,2.82667,,73.3077,,191.785
1689,2.82827,,73.4615,,191.877
1690,2.82986,,73.6154,,191.969
1691,2.83145,,73.7692,,192.062
1692,2.83304,,73.9231,,192.154
1693,2.83464,,74.0769,,192.246
1694,2.83623,,74.2308,,192.338
1695,2.83782,,74.3846,,192.431
1696,2.83941,,74.5385,,192.523
1697,2.84101,,74.6923,,192.615
1698,2.8426,,74.8462,,192.708
1699,2.84419,,75,,192.8
1700,2.84624,,75.1,,192.88
1701,2.8483,,75.2,,192.96
1702,2.85035,,75.3,,193.04
1703,2.85241,,75.4,,193.12
1704,2.85446,,75.5,,193.2
1705,2.85651,,75.6,,193.28
1706,2.85857,,75.7,,193.36
1707,2.86062,,75.8,,193.44
1708,2.86268,,75.9,,193.52
1709,2.86473,,76,,193.6
1710,2.86631,,76,,193.646
1711,2.8679,,76,,193.692
1712,2.86948,,76,,193.738
1713,2.87107,,76,,193.785
1714,2.87265,,76,,193.831
1715,2.87424,,76,,193.877
1716,2.87582,,76,,193.923
1717,2.87741,,76,,193.969
1718,2.87899,,76,,194.015
1719,2.88058,,76,,194.062
1720,2.88216,,76,,194.108
1721,2.88375,,76,,194.154
1722,2.88533,,76,,194.2
1723,2.88712,,76,,194.233
1724,2.8889,,76,,194.267
1725,2.89069,,76,,194.3
1726,2.89248,,76,,194.333
1727,2.89426,,76,,194.367
1728,2.89605,,76,,194.4
1729,2.89784,,76,,194.433
1730,2.89962,,76,,194.467
1731,2.90141,,76,,194.5
1732,2.9032,,76,,194.533
1733,2.90498,,76,,194.567
1734,2.90677,,76,,194.6
1735,2.90866,,75,,194.6
1736,2.91056,,75,,194.6
1737,2.91246,,75,,194.6
1738,2.91436,,75,,194.6
1739,2.91626,,75,,194.6
1740,2.91815,,75,,194.6
1741,2.92005,,75,,194.6
1742,2.92195,,75,,194.6
1743,2.92385,,75,,194.6
1744,2.92569,,74.9091,,194.618
1745,2.92753,,74.8182,,194.636
1746,2.92937,,74.7273,,194.655
1747,2.93121,,74.6364,,194.673
1748,2.93305,,74.5455,,194.691
1749,2.9349,,74.4545,,194.709
1750,2.93674,,74.3636,,194.727
1751,2.93858,,74.2727,,194.745
1752,2.94042,,74.1818,,194.764
1753,2.94226,,74.0909,,194.782
1754,2.9441,,74,,194.8
1755,2.94586,,74.3333,,194.867
1756,2.94763,,74.6667,,194.933
1757,2.94939,,75,,195
1758,2.95107,,74.9167,,195.05
1759,2.95275,,74.8333,,195.1
1760,2.95443,,74.75,,195.15
1761,2.95611,,74.6667,,195.2
1762,2.95779,,74.5833,,195.25
1763,2.95947,,74.5,,195.3
1764,2.96115,,74.4167,,195.35
1765,2.96283,,74.3333,,195.4
1766,2.96451,,74.25,,195.45
1767,2.96619,,74.1667,,195.5
1768,2.96787,,74.0833,,195.55
1769,2.96955,,74,,195.6
1770,2.9713,,74.3333,,195.6
1771,2.97306,,74.6667,,195.6
1772,2.97481,,75,,195.6
1773,2.97657,,75,,195.517
1774,2.97834,,75,,195.433
1775,2.9801,,75,,195.35
1776,2.98187,,75,,195.267
1777,2.98363,,75,,195.183
1778,2.9854,,75,,195.1
1779,2.98716,,75,,195.017
1780,2.98892,,75,,194.933
1781,2.99069,,75,,194.85
1782,2.99245,,75,,194.767
1783,2.99422,,75,,194.683
1784,2.99598,,75,,194.6
1785,2.99775,,75,,194.333
1786,2.99952,,75,,194.067
1787,3.00129,,75,,193.8
1788,3.0031,,75,,193.633
1789,3.0049,,75,,193.467
1790,3.00671,,75,,193.3
1791,3.00852,,75,,193.133
1792,3.01032,,75,,192.967
1793,3.01213,,75,,192.8
1794,3.01394,,75,,192.633
1795,3.01574,,75,,192.467
1796,3.01755,,75,,192.3
1797,3.01936,,75,,192.133
1798,3.02116,,75,,191.967
1799,3.02297,,75,,191.8
1800,3.02476,,74.9167,,191.633
1801,3.02655,,74.8333,,191.467
1802,3.02834,,74.75,,191.3
1803,3.03013,,74.6667,,191.133
1804,3.03192,,74.5833,,190.967
1805,3.03371,,74.5,,190.8
1806,3.03551,,74.4167,,190.633
1807,3.0373,,74.3333,,190.467
1808,3.03909,,74.25,,190.3
1809,3.04088,,74.1667,,190.133
1810,3.04267,,74.0833,,189.967
1811,3.04446,,74,,189.8
1812,3.04625,,74,,189.617
1813,3.04803,,74,,189.433
1814,3.04982,,74,,189.25
1815,3.05161,,74,,189.067
1816,3.05339,,74,,188.883
1817,3.05518,,74,,188.7
1818,3.05697,,74,,188.517
1819,3.05875,,74,,188.333
1820,3.06054,,74,,188.15
1821,3.06233,,74,,187.967
1822,3.06411,,74,,187.783
1823,3.0659,,74,,187.6
1824,3.06765,,74.0833,,187.683
1825,3.0694,,74.1667,,187.767
1826,3.07116,,74.25,,187.85
1827,3.07291,,74.3333,,187.933
1828,3.07466,,74.4167,,188.017
1829,3.07641,,74.5,,188.1
1830,3.07817,,74.5833,,188.183
1831,3.07992,,74.6667,,188.267
1832,3.08167,,74.75,,188.35
1833,3.08342,,74.8333,,188.433
1834,3.08518,,74.9167,,188.517
1835,3.08693,,75,,188.6
1836,3.0887,,75,,188.517
1837,3.09046,,75,,188.433
1838,3.09223,,75,,188.35
1839,3.094,,75,,188.267
1840,3.09576,,75,,188.183
1841,3.09753,,75,,188.1
1842,3.0993,,75,,188.017
1843,3.10106,,75,,187.933
1844,3.10283,,75,,187.85
1845,3.1046,,75,,187.767
1846,3.10636,,75,,187.683
1847,3.10813,,75,,187.6
1848,3.10975,,74.8462,,187.523
1849,3.11138,,74.6923,,187.446
1850,3.113,,74.5385,,187.369
1851,3.11463,,74.3846,,187.292
1852,3.11625,,74.2308,,187.215
1853,3.11787,,74.0769,,187.138
1854,3.1195,,73.9231,,187.062
1855,3.12112,,73.7692,,186.985
1856,3.12274,,73.6154,,186.908
1857,3.12437,,73.4615,,186.831
1858,3.12599,,73.3077,,186.754
1859,3.12762,,73.1538,,186.677
1860,3.12924,,73,,186.6
1861,3.13067,,73,,186.477
1862,3.13209,,73,,186.354
1863,3.13352,,73,,186.231
1864,3.13494,,73,,186.108
1865,3.13637,,73,,185.985
1866,3.1378,,73,,185.862
1867,3.13922,,73,,185.738
1868,3.14065,,73,,185.615
1869,3.14208,,73,,185.492
1870,3.1435,,73,,185.369
1871,3.14493,,73,,185.246
1872,3.14635,,73,,185.123
1873,3.14778,,73,,185
1874,3.14938,,73.0769,,184.938
1875,3.15098,,73.1538,,184.877
1876,3.15258,,73.2308,,184.815
1877,3.15419,,73.3077,,184.754
1878,3.15579,,73.3846,,184.692
1879,3.15739,,73.4615,,184.631
1880,3.15899,,73.5385,,184.569
1881,3.16059,,73.6154,,184.508
1882,3.16219,,73.6923,,184.446
1883,3.1638,,73.7692,,184.385
1884,3.1654,,73.8462,,184.323
1885,3.167,,73.9231,,184.262
1886,3.1686,,74,,184.2
1887,3.17038,,74.0833,,184.1
1888,3.17216,,74.1667,,184
1889,3.17395,,74.25,,183.9
1890,3.17573,,74.3333,,183.8
1891,3.17751,,74.4167,,183.7
1892,3.17929,,74.5,,183.6
1893,3.18107,,74.5833,,183.5
1894,3.18285,,74.6667,,183.4
1895,3.18464,,74.75,,183.3
1896,3.18642,,74.8333,,183.2
1897,3.1882,,74.9167,,183.1
1898,3.18998,,75,,183
1899,3.1918,,75,,183.067
1900,3.19361,,75,,183.133
1901,3.19543,,75,,183.2
1902,3.19725,,75,,183.267
1903,3.19906,,75,,183.333
1904,3.20088,,75,,183.4
1905,3.2027,,75,,183.467
1906,3.20451,,75,,183.533
1907,3.20633,,75,,183.6
1908,3.20815,,75,,183.667
1909,3.20996,,75,,183.733
1910,3.21178,,75,,183.8
1911,3.21356,,74.8333,,183.867
1912,3.21535,,74.6667,,183.933
1913,3.21713,,74.5,,184
1914,3.21892,,74.3333,,184.067
1915,3.2207,,74.1667,,184.133
1916,3.22248,,74,,184.2
1917,3.22427,,73.8333,,184.267
1918,3.22605,,73.6667,,184.333
1919,3.22784,,73.5,,184.4
1920,3.22962,,73.3333,,184.467
1921,3.23141,,73.1667,,184.533
1922,3.23319,,73,,184.6
1923,3.23484,,73,,184.615
1924,3.2365,,73,,184.631
1925,3.23815,,73,,184.646
1926,3.2398,,73,,184.662
1927,3.24146,,73,,184.677
1928,3.24311,,73,,184.692
1929,3.24476,,73,,184.708
1930,3.24641,,73,,184.723
1931,3.24807,,73,,184.738
1932,3.24972,,73,,184.754
1933,3.25137,,73,,184.769
1934,3.25303,,73,,184.785
1935,3.25468,,73,,184.8
1936,3.25627,,72.9231,,184.708
1937,3.25786,,72.8462,,184.615
1938,3.25946,,72.7692,,184.523
1939,3.26105,,72.6923,,184.431
1940,3.26264,,72.6154,,184.338
1941,3.26423,,72.5385,,184.246
1942,3.26583,,72.4615,,184.154
1943,3.26742,,72.3846,,184.062
1944,3.26901,,72.3077,,183.969
1945,3.2706,,72.2308,,183.877
1946,3.2722,,72.1538,,183.785
1947,3.27379,,72.0769,,183.692
1948,3.27538,,72,,183.6
1949,3.27698,,72.0769,,183.523
1950,3.27858,,72.1538,,183.446
1951,3.28019,,72.2308,,183.369
1952,3.28179,,72.3077,,183.292
1953,3.28339,,72.3846,,183.215
1954,3.28499,,72.4615,,183.138
1955,3.2866,,72.5385,,183.062
1956,3.2882,,72.6154,,182.985
1957,3.2898,,72.6923,,182.908
1958,3.2914,,72.7692,,182.831
1959,3.29301,,72.8462,,182.754
1960,3.29461,,72.9231,,182.677
1961,3.29621,,73,,182.6
1962,3.29781,,73.0769,,182.754
1963,3.29941,,73.1538,,182.908
1964,3.30101,,73.2308,,183.062
1965,3.30262,,73.3077,,183.215
1966,3.30422,,73.3846,,183.369
1967,3.30582,,73.4615,,183.523
1968,3.30742,,73.5385,,183.677
1969,3.30902,,73.6154,,183.831
1970,3.31062,,73.6923,,183.985
1971,3.31223,,73.7692,,184.138
1972,3.31383,,73.8462,,184.292
1973,3.31543,,73.9231,,184.446
1974,3.31703,,74,,184.6
1975,3.31844,,73.9333,,184.667
1976,3.31984,,73.8667,,184.733
1977,3.32125,,73.8,,184.8
1978,3.32265,,73.7333,,184.867
1979,3.32406,,73.6667,,184.933
1980,3.32546,,73.6,,185
1981,3.32687,,73.5333,,185.067
1982,3.32827,,73.4667,,185.133
1983,3.32968,,73.4,,185.2
1984,3.33108,,73.3333,,185.267
1985,3.33249,,73.2667,,185.333
1986,3.33389,,73.2,,185.4
1987,3.3353,,73.1333,,185.467
1988,3.3367,,73.0667,,185.533
1989,3.33811,,73,,185.6
1990,3.33998,,73.5,,185.733
1991,3.34185,,74,,185.867
1992,3.34373,,74.5,,186
1993,3.3456,,75,,186.133
1994,3.34747,,75.5,,186.267
1995,3.34934,,76,,186.4
1996,3.35102,,76.0833,,186.283
1997,3.35271,,76.1667,,186.167
1998,3.35439,,76.25,,186.05
1999,3.35607,,76.3333,,185.933
2000,3.35775,,76.4167,,185.817
2001,3.35944,,76.5,,185.7
2002,3.36112,,76.5833,,185.583
2003,3.3628,,76.6667,,185.467
2004,3.36448,,76.75,,185.35
2005,3.36617,,76.8333,,185.233
2006,3.36785,,76.9167,,185.117
2007,3.36953,,77,,185
2008,3.37107,,76.5,,184.6
2009,3.37261,,76,,184.2
2010,3.37449,,75.9091,,183.945
2011,3.37638,,75.8182,,183.691
2012,3.37826,,75.7273,,183.436
2013,3.38014,,75.6364,,183.182
2014,3.38202,,75.5455,,182.927
2015,3.38391,,75.4545,,182.673
2016,3.38579,,75.3636,,182.418
2017,3.38767,,75.2727,,182.164
2018,3.38955,,75.1818,,181.909
2019,3.39144,,75.0909,,181.655
2020,3.39332,,75,,181.4
2021,3.39513,,75,,181.317
2022,3.39694,,75,,181.233
2023,3.39875,,75,,181.15
2024,3.40056,,75,,181.067
2025,3.40237,,75,,180.983
2026,3.40418,,75,,180.9
2027,3.40599,,75,,180.817
2028,3.4078,,75,,180.733
2029,3.40961,,75,,180.65
2030,3.41142,,75,,180.567
2031,3.41323,,75,,180.483
2032,3.41504,,75,,180.4
2033,3.41686,,75.2727,,180.418
2034,3.41869,,75.5455,,180.436
2035,3.42051,,75.8182,,180.455
2036,3.42233,,76.0909,,180.473
2037,3.42415,,76.3636,,180.491
2038,3.42598,,76.6364,,180.509
2039,3.4278,,76.9091,,180.527
2040,3.42962,,77.1818,,180.545
2041,3.43144,,77.4545,,180.564
2042,3.43327,,77.7273,,180.582
2043,3.43509,,78,,180.6
2044,3.43697,,78.0909,,180.6
2045,3.43884,,78.1818,,180.6
2046,3.44072,,78.2727,,180.6
2047,3.44259,,78.3636,,180.6
2048,3.44447,,78.4545,,180.6
2049,3.44634,,78.5455,,180.6
2050,3.44822,,78.6364,,180.6
2051,3.45009,,78.7273,,180.6
2052,3.45197,,78.8182,,180.6
2053,3.45384,,78.9091,,180.6
2054,3.45572,,79,,180.6
2055,3.45739,,78.9231,,180.646
2056,3.45906,,78.8462,,180.692
2057,3.46073,,78.7692,,180.738
2058,3.46239,,78.6923,,180.785
2059,3.46406,,78.6154,,180.831
2060,3.46573,,78.5385,,180.877
2061,3.4674,,78.4615,,180.923
2062,3.46907,,78.3846,,180.969
2063,3.47074,,78.3077,,181.015
2064,3.4724,,78.2308,,181.062
2065,3.47407,,78.1538,,181.108
2066,3.47574,,78.0769,,181.154
2067,3.47741,,78,,181.2
2068,3.47879,,78,,181.293
2069,3.48017,,78,,181.387
2070,3.48156,,78,,181.48
2071,3.48294,,78,,181.573
2072,3.48432,,78,,181.667
2073,3.4857,,78,,181.76
2074,3.48708,,78,,181.853
2075,3.48847,,78,,181.947
2076,3.48985,,78,,182.04
2077,3.49123,,78,,182.133
2078,3.49261,,78,,182.227
2079,3.49399,,78,,182.32
2080,3.49538,,78,,182.413
2081,3.49676,,78,,182.507
2082,3.49814,,78,,182.6
2083,3.49981,,78,,182.585
2084,3.50148,,78,,182.569
2085,3.50314,,78,,182.554
2086,3.50481,,78,,182.538
2087,3.50648,,78,,182.523
2088,3.50815,,78,,182.508
2089,3.50981,,78,,182.492
2090,3.51148,,78,,182.477
2091,3.51315,,78,,182.462
2092,3.51482,,78,,182.446
2093,3.51648,,78,,182.431
2094,3.51815,,78,,182.415
2095,3.51982,,78,,182.4
2096,3.52173,,78,,182.327
2097,3.52363,,78,,182.255
2098,3.52554,,78,,182.182
2099,3.52745,,78,,182.109
2100,3.52936,,78,,182.036
2101,3.53126,,78,,181.964
2102,3.53317,,78,,181.891
2103,3.53508,,78,,181.818
2104,3.53699,,78,,181.745
2105,3.53889,,78,,181.673
2106,3.5408,,78,,181.6
2107,3.54292,,77.9,,181.44
2108,3.54504,,77.8,,181.28
2109,3.54715,,77.7,,181.12
2110,3.54927,,77.6,,180.96
2111,3.55139,,77.5,,180.8
2112,3.55351,,77.4,,180.64
2113,3.55563,,77.3,,180.48
2114,3.55774,,77.2,,180.32
2115,3.55986,,77.1,,180.16
2116,3.56198,,77,,180
2117,3.56382,,76.9091,,179.782
2118,3.56567,,76.8182,,179.564
2119,3.56751,,76.7273,,179.345
2120,3.56936,,76.6364,,179.127
2121,3.5712,,76.5455,,178.909
2122,3.57305,,76.4545,,178.691
2123,3.57489,,76.3636,,178.473
2124,3.57674,,76.2727,,178.255
2125,3.57858,,76.1818,,178.036
2126,3.58043,,76.0909,,177.818
2127,3.58227,,76,,177.6
2128,3.58414,,76,,177.473
2129,3.58602,,76,,177.345
2130,3.58789,,76,,177.218
2131,3.58976,,76,,177.091
2132,3.59164,,76,,176.964
2133,3.59351,,76,,176.836
2134,3.59539,,76,,176.709
2135,3.59726,,76,,176.582
2136,3.59913,,76,,176.455
2137,3.60101,,76,,176.327
2138,3.60288,,76,,176.2
2139,3.60455,,75.9167,,176.05
2140,3.60622,,75.8333,,175.9
2141,3.6079,,75.75,,175.75
2142,3.60957,,75.6667,,175.6
2143,3.61124,,75.5833,,175.45
2144,3.61291,,75.5,,175.3
2145,3.61459,,75.4167,,175.15
2146,3.61626,,75.3333,,175
2147,3.61793,,75.25,,174.85
2148,3.6196,,75.1667,,174.7
2149,3.62128,,75.0833,,174.55
2150,3.62295,,75,,174.4
2151,3.62454,,75.0769,,174.338
2152,3.62613,,75.1538,,174.277
2153,3.62771,,75.2308,,174.215
2154,3.6293,,75.3077,,174.154
2155,3.63089,,75.3846,,174.092
2156,3.63248,,75.4615,,174.031
2157,3.63406,,75.5385,,173.969
2158,3.63565,,75.6154,,173.908
2159,3.63724,,75.6923,,173.846
2160,3.63883,,75.7692,,173.785
2161,3.64041,,75.8462,,173.723
2162,3.642,,75.9231,,173.662
2163,3.64359,,76,,173.6
2164,3.64528,,76,,173.571
2165,3.64697,,76,,173.543
2166,3.64866,,76,,173.514
2167,3.65036,,76,,173.486
2168,3.65205,,76,,173.457
2169,3.65374,,76,,173.429
2170,3.65543,,76,,173.4
2171,3.65717,,76.0833,,173.333
2172,3.65892,,76.1667,,173.267
2173,3.66066,,76.25,,173.2
2174,3.66241,,76.3333,,173.133
2175,3.66416,,76.4167,,173.067
2176,3.6659,,76.5,,173
2177,3.66765,,76.5833,,172.933
2178,3.66939,,76.6667,,172.867
2179,3.67114,,76.75,,172.8
2180,3.67288,,76.8333,,172.733
2181,3.67463,,76.9167,,172.667
2182,3.67637,,77,,172.6
2183,3.67802,,76.9231,,172.585
2184,3.67966,,76.8462,,172.569
2185,3.68131,,76.7692,,172.554
2186,3.68296,,76.6923,,172.538
2187,3.6846,,76.6154,,172.523
2188,3.68625,,76.5385,,172.508
2189,3.6879,,76.4615,,172.492
2190,3.68955,,76.3846,,172.477
2191,3.69119,,76.3077,,172.462
2192,3.69284,,76.2308,,172.446
2193,3.69449,,76.1538,,172.431
2194,3.69613,,76.0769,,172.415
2195,3.69778,,76,,172.4
2196,3.69928,,81,,172.4
2197,3.70094,,81,,172.4
2198,3.70253,,80.9231,,172.369
2199,3.70413,,80.8462,,172.338
2200,3.70572,,80.7692,,172.308
2201,3.70732,,80.6923,,172.277
2202,3.70891,,80.6154,,172.246
2203,3.71051,,80.5385,,172.215
2204,3.7121,,80.4615,,172.185
2205,3.7137,,80.3846,,172.154
2206,3.71529,,80.3077,,172.123
2207,3.71689,,80.2308,,172.092
2208,3.71848,,80.1538,,172.062
2209,3.72008,,80.0769,,172.031
2210,3.72167,,80,,172
2211,3.72327,,79.5,,171.967
2212,3.72487,,79,,171.933
2213,3.72646,,78.5,,171.9
2214,3.72806,,78,,171.867
2215,3.72966,,77.5,,171.833
2216,3.73126,,77,,171.8
2217,3.733,,76.9167,,171.733
2218,3.73473,,76.8333,,171.667
2219,3.73647,,76.75,,171.6
2220,3.7382,,76.6667,,171.533
2221,3.73994,,76.5833,,171.467
2222,3.74168,,76.5,,171.4
2223,3.74341,,76.4167,,171.333
2224,3.74515,,76.3333,,171.267
2225,3.74688,,76.25,,171.2
2226,3.74862,,76.1667,,171.133
2227,3.75035,,76.0833,,171.067
2228,3.75209,,76,,171
2229,3.75389,,75.9167,,170.983
2230,3.75568,,75.8333,,170.967
2231,3.75748,,75.75,,170.95
2232,3.75927,,75.6667,,170.933
2233,3.76107,,75.5833,,170.917
2234,3.76286,,75.5,,170.9
2235,3.76466,,75.4167,,170.883
2236,3.76646,,75.3333,,170.867
2237,3.76825,,75.25,,170.85
2238,3.77005,,75.1667,,170.833
2239,3.77184,,75.0833,,170.817
2240,3.77364,,75,,170.8
2241,3.7754,,75,,170.767
2242,3.77716,,75,,170.733
2243,3.77892,,75,,170.7
2244,3.78068,,75,,170.667
2245,3.78244,,75,,170.633
2246,3.78419,,75,,170.6
2247,3.78595,,75,,170.567
2248,3.78771,,75,,170.533
2249,3.78947,,75,,170.5
2250,3.79123,,75,,170.467
2251,3.79299,,75,,170.433
2252,3.79475,,75,,170.4
2253,3.79652,,75,,170.4
2254,3.79829,,75,,170.4
2255,3.80007,,75,,170.4
2256,3.80184,,75,,170.4
2257,3.80361,,75,,170.4
2258,3.80538,,75,,170.4
2259,3.80715,,75,,170.4
2260,3.80892,,75,,170.4
2261,3.8107,,75,,170.4
2262,3.81247,,75,,170.4
2263,3.81424,,75,,170.4
2264,3.81601,,75,,170.4
2265,3.81782,,75.1667,,170.4
2266,3.81964,,75.3333,,170.4
2267,3.82145,,75.5,,170.4
2268,3.82326,,75.6667,,170.4
2269,3.82508,,75.8333,,170.4
2270,3.82689,,76,,170.4
2271,3.8287,,76.1667,,170.4
2272,3.83052,,76.3333,,170.4
2273,3.83233,,76.5,,170.4
2274,3.83414,,76.6667,,170.4
2275,3.83596,,76.8333,,170.4
2276,3.83777,,77,,170.4
2277,3.83939,,77.375,,170.425
2278,3.84101,,77.75,,170.45
2279,3.84263,,78.125,,170.475
2280,3.84426,,78.5,,170.5
2281,3.84588,,78.875,,170.525
2282,3.8475,,79.25,,170.55
2283,3.84912,,79.625,,170.575
2284,3.85074,,80,,170.6
2285,3.85238,,79.9231,,170.569
2286,3.85402,,79.8462,,170.538
2287,3.85566,,79.7692,,170.508
2288,3.8573,,79.6923,,170.477
2289,3.85894,,79.6154,,170.446
2290,3.86058,,79.5385,,170.415
2291,3.86221,,79.4615,,170.385
2292,3.86385,,79.3846,,170.354
2293,3.86549,,79.3077,,170.323
2294,3.86713,,79.2308,,170.292
2295,3.86877,,79.1538,,170.262
2296,3.87041,,79.0769,,170.231
2297,3.87205,,79,,170.2
2298,3.87374,,78.8333,,170.167
2299,3.87544,,78.6667,,170.133
2300,3.87713,,78.5,,170.1
2301,3.87883,,78.3333,,170.067
2302,3.88052,,78.1667,,170.033
2303,3.88221,,78,,170
2304,3.88391,,77.8333,,169.967
2305,3.8856,,77.6667,,169.933
2306,3.8873,,77.5,,169.9
2307,3.88899,,77.3333,,169.867
2308,3.89069,,77.1667,,169.833
2309,3.89238,,77,,169.8
2310,3.89415,,77,,169.683
2311,3.89591,,77,,169.567
2312,3.89768,,77,,169.45
2313,3.89944,,77,,169.333
2314,3.90121,,77,,169.217
2315,3.90297,,77,,169.1
2316,3.90474,,77,,168.983
2317,3.90651,,77,,168.867
2318,3.90827,,77,,168.75
2319,3.91004,,77,,168.633
2320,3.9118,,77,,168.517
2321,3.91357,,77,,168.4
2322,3.91519,,77.0769,,168.385
2323,3.9168,,77.1538,,168.369
2324,3.91842,,77.2308,,168.354
2325,3.92003,,77.3077,,168.338
2326,3.92165,,77.3846,,168.323
2327,3.92327,,77.4615,,168.308
2328,3.92488,,77.5385,,168.292
2329,3.9265,,77.6154,,168.277
2330,3.92812,,77.6923,,168.262
2331,3.92973,,77.7692,,168.246
2332,3.93135,,77.8462,,168.231
2333,3.93296,,77.9231,,168.215
2334,3.93458,,78,,168.2
2335,3.93625,,77.9167,,168.117
2336,3.93793,,77.8333,,168.033
2337,3.9396,,77.75,,167.95
2338,3.94128,,77.6667,,167.867
2339,3.94295,,77.5833,,167.783
2340,3.94463,,77.5,,167.7
2341,3.9463,,77.4167,,167.617
2342,3.94797,,77.3333,,167.533
2343,3.94965,,77.25,,167.45
2344,3.95132,,77.1667,,167.367
2345,3.953,,77.0833,,167.283
2346,3.95467,,77,,167.2
2347,3.9563,,77,,167.108
2348,3.95793,,77,,167.015
2349,3.95957,,77,,166.923
2350,3.9612,,77,,166.831
2351,3.96283,,77,,166.738
2352,3.96446,,77,,166.646
2353,3.9661,,77,,166.554
2354,3.96773,,77,,166.462
2355,3.96936,,77,,166.369
2356,3.97099,,77,,166.277
2357,3.97263,,77,,166.185
2358,3.97426,,77,,166.092
2359,3.97589,,77,,166
2360,3.9776,,77,,165.917
2361,3.97931,,77,,165.833
2362,3.98102,,77,,165.75
2363,3.98273,,77,,165.667
2364,3.98444,,77,,165.583
2365,3.98615,,77,,165.5
2366,3.98787,,77,,165.417
2367,3.98958,,77,,165.333
2368,3.99129,,77,,165.25
2369,3.993,,77,,165.167
2370,3.99471,,77,,165.083
2371,3.99642,,77,,165
2372,3.99834,,76.5,,164.9
2373,4.00027,,76,,164.8
2374,4.00214,,76.1818,,164.691
2375,4.004,,76.3636,,164.582
2376,4.00587,,76.5455,,164.473
2377,4.00774,,76.7273,,164.364
2378,4.00961,,76.9091,,164.255
2379,4.01147,,77.0909,,164.145
2380,4.01334,,77.2727,,164.036
2381,4.01521,,77.4545,,163.927
2382,4.01708,,77.6364,,163.818
2383,4.01894,,77.8182,,163.709
2384,4.02081,,78,,163.6
2385,4.02253,,78,,163.55
2386,4.02425,,78,,163.5
2387,4.02598,,78,,163.45
2388,4.0277,,78,,163.4
2389,4.02942,,78,,163.35
2390,4.03114,,78,,163.3
2391,4.03286,,78,,163.25
2392,4.03458,,78,,163.2
2393,4.0363,,78,,163.15
2394,4.03803,,78,,163.1
2395,4.03975,,78,,163.05
2396,4.04147,,78,,163
2397,4.0432,,77.9167,,163.033
2398,4.04493,,77.8333,,163.067
2399,4.04666,,77.75,,163.1
2400,4.0484,,77.6667,,163.133
2401,4.05013,,77.5833,,163.167
2402,4.05186,,77.5,,163.2
2403,4.05359,,77.4167,,163.233
2404,4.05532,,77.3333,,163.267
2405,4.05705,,77.25,,163.3
2406,4.05879,,77.1667,,163.333
2407,4.06052,,77.0833,,163.367
2408,4.06225,,77,,163.4
2409,4.06387,,77.0769,,163.4
2410,4.06549,,77.1538,,163.4
2411,4.06711,,77.2308,,163.4
2412,4.06872,,77.3077,,163.4
2413,4.07034,,77.3846,,163.4
2414,4.07196,,77.4615,,163.4
2415,4.07358,,77.5385,,163.4
2416,4.0752,,77.6154,,163.4
2417,4.07682,,77.6923,,163.4
2418,4.07843,,77.7692,,163.4
2419,4.08005,,77.8462,,163.4
2420,4.08167,,77.9231,,163.4
2421,4.08329,,78,,163.4
2422,4.08487,,77.8462,,163.415
2423,4.08645,,77.6923,,163.431
2424,4.08803,,77.5385,,163.446
2425,4.08961,,77.3846,,163.462
2426,4.09119,,77.2308,,163.477
2427,4.09277,,77.0769,,163.492
2428,4.09436,,76.9231,,163.508
2429,4.09594,,76.7692,,163.523
2430,4.09752,,76.6154,,163.538
2431,4.0991,,76.4615,,163.554
2432,4.10068,,76.3077,,163.569
2433,4.10226,,76.1538,,163.585
2434,4.10384,,76,,163.6
2435,4.10572,,76.1818,,163.473
2436,4.10759,,76.3636,,163.345
2437,4.10947,,76.5455,,163.218
2438,4.11135,,76.7273,,163.091
2439,4.11322,,76.9091,,162.964
2440,4.1151,,77.0909,,162.836
2441,4.11697,,77.2727,,162.709
2442,4.11885,,77.4545,,162.582
2443,4.12073,,77.6364,,162.455
2444,4.1226,,77.8182,,162.327
2445,4.12448,,78,,162.2
2446,4.1262,,77.8333,,162.083
2447,4.12793,,77.6667,,161.967
2448,4.12965,,77.5,,161.85
2449,4.13137,,77.3333,,161.733
2450,4.1331,,77.1667,,161.617
2451,4.13482,,77,,161.5
2452,4.13654,,76.8333,,161.383
2453,4.13827,,76.6667,,161.267
2454,4.13999,,76.5,,161.15
2455,4.14171,,76.3333,,161.033
2456,4.14344,,76.1667,,160.917
2457,4.14516,,76,,160.8
2458,4.14689,,76.0833,,160.683
2459,4.14861,,76.1667,,160.567
2460,4.15034,,76.25,,160.45
2461,4.15207,,76.3333,,160.333
2462,4.15379,,76.4167,,160.217
2463,4.15552,,76.5,,160.1
2464,4.15725,,76.5833,,159.983
2465,4.15897,,76.6667,,159.867
2466,4.1607,,76.75,,159.75
2467,4.16243,,76.8333,,159.633
2468,4.16415,,76.9167,,159.517
2469,4.16588,,77,,159.4
2470,4.16762,,76.9167,,159.25
2471,4.16937,,76.8333,,159.1
2472,4.17111,,76.75,,158.95
2473,4.17286,,76.6667,,158.8
2474,4.1746,,76.5833,,158.65
2475,4.17635,,76.5,,158.5
2476,4.17809,,76.4167,,158.35
2477,4.17984,,76.3333,,158.2
2478,4.18158,,76.25,,158.05
2479,4.18333,,76.1667,,157.9
2480,4.18507,,76.0833,,157.75
2481,4.18682,,76,,157.6
2482,4.18863,,76,,157.433
2483,4.19044,,76,,157.267
2484,4.19225,,76,,157.1
2485,4.19406,,76,,156.933
2486,4.19587,,76,,156.767
2487,4.19768,,76,,156.6
2488,4.1995,,76,,156.433
2489,4.20131,,76,,156.267
2490,4.20312,,76,,156.1
2491,4.20493,,76,,155.933
2492,4.20674,,76,,155.767
2493,4.20855,,76,,155.6
2494,4.21034,,76.0833,,155.467
2495,4.21214,,76.1667,,155.333
2496,4.21393,,76.25,,155.2
2497,4.21573,,76.3333,,155.067
2498,4.21752,,76.4167,,154.933
2499,4.21931,,76.5,,154.8
2500,4.22111,,76.5833,,154.667
2501,4.2229,,76.6667,,154.533
2502,4.2247,,76.75,,154.4
2503,4.22649,,76.8333,,154.267
2504,4.22829,,76.9167,,154.133
2505,4.23008,,77,,154
2506,4.23162,,77,,153.908
2507,4.23316,,77,,153.815
2508,4.23471,,77,,153.723
2509,4.23625,,77,,153.631
2510,4.23779,,77,,153.538
2511,4.23933,,77,,153.446
2512,4.24088,,77,,153.354
2513,4.24242,,77,,153.262
2514,4.24396,,77,,153.169
2515,4.2455,,77,,153.077
2516,4.24705,,77,,152.985
2517,4.24859,,77,,152.892
2518,4.25013,,77,,152.8
2519,4.25159,,77.0714,,152.714
2520,4.25305,,77.1429,,152.629
2521,4.2545,,77.2143,,152.543
2522,4.25596,,77.2857,,152.457
2523,4.25742,,77.3571,,152.371
2524,4.25888,,77.4286,,152.286
2525,4.26033,,77.5,,152.2
2526,4.26179,,77.5714,,152.114
2527,4.26325,,77.6429,,152.029
2528,4.26471,,77.7143,,151.943
2529,4.26617,,77.7857,,151.857
2530,4.26762,,77.8571,,151.771
2531,4.26908,,77.9286,,151.686
2532,4.27054,,78,,151.6
2533,4.27133,,78.1667,,151.544
2534,4.27211,,78.3333,,151.489
2535,4.2729,,78.5,,151.433
2536,4.27369,,78.6667,,151.378
2537,4.27447,,78.8333,,151.322
2538,4.27526,,79,,151.267
2539,4.27605,,79.1667,,151.211
2540,4.27683,,79.3333,,151.156
2541,4.27762,,79.5,,151.1
2542,4.27841,,79.6667,,151.044
2543,4.27919,,79.8333,,150.989
2544,4.27998,,80,,150.933
2545,4.28077,,80.1667,,150.878
2546,4.28155,,80.3333,,150.822
2547,4.28234,,80.5,,150.767
2548,4.28313,,80.6667,,150.711
2549,4.28391,,80.8333,,150.656
2550,4.2847,,81,,150.6
2551,4.28541,,80.8,,150.587
2552,4.28612,,80.6,,150.573
2553,4.28684,,80.4,,150.56
2554,4.28755,,80.2,,150.547
2555,4.28826,,80,,150.533
2556,4.28897,,79.8,,150.52
2557,4.28968,,79.6,,150.507
2558,4.2904,,79.4,,150.493
2559,4.29111,,79.2,,150.48
2560,4.29182,,79,,150.467
2561,4.29253,,78.8,,150.453
2562,4.29324,,78.6,,150.44
2563,4.29396,,78.4,,150.427
2564,4.29467,,78.2,,150.413
2565,4.29538,,78,,150.4
2566,4.29709,,86,,150.4
2567,4.29823,,86,,150.4
2568,4.2994,,85.25,,150.3
2569,4.30057,,84.5,,150.2
2570,4.30175,,83.75,,150.1
2571,4.30292,,83,,150
2572,4.30379,,82.25,,150
2573,4.30466,,81.5,,150
2574,4.30552,,80.75,,150
2575,4.30639,,80,,150
2576,4.30768,,79.6667,,150.067
2577,4.30896,,79.3333,,150.133
2578,4.31025,,79,,150.2
2579,4.3119,,79.1538,,150.246
2580,4.31355,,79.3077,,150.292
2581,4.31519,,79.4615,,150.338
2582,4.31684,,79.6154,,150.385
2583,4.31849,,79.7692,,150.431
2584,4.32014,,79.9231,,150.477
2585,4.32178,,80.0769,,150.523
2586,4.32343,,80.2308,,150.569
2587,4.32508,,80.3846,,150.615
2588,4.32673,,80.5385,,150.662
2589,4.32837,,80.6923,,150.708
2590,4.33002,,80.8462,,150.754
2591,4.33167,,81,,150.8
2592,4.33326,,81.0769,,150.8
2593,4.33485,,81.1538,,150.8
2594,4.33644,,81.2308,,150.8
2595,4.33802,,81.3077,,150.8
2596,4.33961,,81.3846,,150.8
2597,4.3412,,81.4615,,150.8
2598,4.34279,,81.5385,,150.8
2599,4.34438,,81.6154,,150.8
2600,4.34597,,81.6923,,150.8
2601,4.34755,,81.7692,,150.8
2602,4.34914,,81.8462,,150.8
2603,4.35073,,81.9231,,150.8
2604,4.35232,,82,,150.8
2605,4.3538,,82,,150.933
2606,4.35528,,82,,151.067
2607,4.35676,,82,,151.2
2608,4.35826,,82.25,,151.333
2609,4.35977,,82.5,,151.467
2610,4.36127,,82.75,,151.6
2611,4.36278,,83,,151.733
2612,4.36428,,83.25,,151.867
2613,4.36579,,83.5,,152
2614,4.36729,,83.75,,152.133
2615,4.3688,,84,,152.267
2616,4.3703,,84.25,,152.4
2617,4.37181,,84.5,,152.533
2618,4.37331,,84.75,,152.667
2619,4.37482,,85,,152.8
2620,4.37659,,85.0833,,152.883
2621,4.37836,,85.1667,,152.967
2622,4.38013,,85.25,,153.05
2623,4.3819,,85.3333,,153.133
2624,4.38367,,85.4167,,153.217
2625,4.38544,,85.5,,153.3
2626,4.38721,,85.5833,,153.383
2627,4.38898,,85.6667,,153.467
2628,4.39075,,85.75,,153.55
2629,4.39252,,85.8333,,153.633
2630,4.39429,,85.9167,,153.717
2631,4.39606,,86,,153.8
2632,4.39783,,85.9167,,153.733
2633,4.3996,,85.8333,,153.667
2634,4.40137,,85.75,,153.6
2635,4.40314,,85.6667,,153.533
2636,4.40491,,85.5833,,153.467
2637,4.40669,,85.5,,153.4
2638,4.40846,,85.4167,,153.333
2639,4.41023,,85.3333,,153.267
2640,4.412,,85.25,,153.2
2641,4.41377,,85.1667,,153.133
2642,4.41554,,85.0833,,153.067
2643,4.41731,,85,,153
2644,4.41904,,84.75,,152.933
2645,4.42076,,84.5,,152.867
2646,4.42249,,84.25,,152.8
2647,4.42422,,84,,152.733
2648,4.42594,,83.75,,152.667
2649,4.42767,,83.5,,152.6
2650,4.4294,,83.25,,152.533
2651,4.43112,,83,,152.467
2652,4.43285,,82.75,,152.4
2653,4.43458,,82.5,,152.333
2654,4.4363,,82.25,,152.267
2655,4.43803,,82,,152.2
2656,4.43972,,82,,152.133
2657,4.44142,,82,,152.067
2658,4.44311,,82,,152
2659,4.4448,,82,,151.933
2660,4.4465,,82,,151.867
2661,4.44819,,82,,151.8
2662,4.44988,,82,,151.733
2663,4.45158,,82,,151.667
2664,4.45327,,82,,151.6
2665,4.45496,,82,,151.533
2666,4.45666,,82,,151.467
2667,4.45835,,82,,151.4
2668,4.46,,82.0769,,151.477
2669,4.46165,,82.1538,,151.554
2670,4.4633,,82.2308,,151.631
2671,4.46495,,82.3077,,151.708
2672,4.4666,,82.3846,,151.785
2673,4.46825,,82.4615,,151.862
2674,4.4699,,82.5385,,151.938
2675,4.47155,,82.6154,,152.015
2676,4.4732,,82.6923,,152.092
2677,4.47485,,82.7692,,152.169
2678,4.4765,,82.8462,,152.246
2679,4.47815,,82.9231,,152.323
2680,4.4798,,83,,152.4
2681,4.48157,,83,,152.55
2682,4.48334,,83,,152.7
2683,4.48511,,83,,152.85
2684,4.48688,,83,,153
2685,4.48865,,83,,153.15
2686,4.49042,,83,,153.3
2687,4.49219,,83,,153.45
2688,4.49396,,83,,153.6
2689,4.49573,,83,,153.75
2690,4.4975,,83,,153.9
2691,4.49927,,83,,154.05
2692,4.50104,,83,,154.2
2693,4.50284,,83,,154.35
2694,4.50465,,83,,154.5
2695,4.50645,,83,,154.65
2696,4.50825,,83,,154.8
2697,4.51005,,83,,154.95
2698,4.51185,,83,,155.1
2699,4.51366,,83,,155.25
2700,4.51546,,83,,155.4
2701,4.51726,,83,,155.55
2702,4.51906,,83,,155.7
2703,4.52087,,83,,155.85
2704,4.52267,,83,,156
2705,4.5244,,83,,156.117
2706,4.52612,,83,,156.233
2707,4.52785,,83,,156.35
2708,4.52958,,83,,156.467
2709,4.5313,,83,,156.583
2710,4.53303,,83,,156.7
2711,4.53476,,83,,156.817
2712,4.53648,,83,,156.933
2713,4.53821,,83,,157.05
2714,4.53994,,83,,157.167
2715,4.54166,,83,,157.283
2716,4.54339,,83,,157.4
2717,4.54509,,82.9167,,157.333
2718,4.5468,,82.8333,,157.267
2719,4.5485,,82.75,,157.2
2720,4.5502,,82.6667,,157.133
2721,4.5519,,82.5833,,157.067
2722,4.5536,,82.5,,157
2723,4.55531,,82.4167,,156.933
2724,4.55701,,82.3333,,156.867
2725,4.55871,,82.25,,156.8
2726,4.56041,,82.1667,,156.733
2727,4.56212,,82.0833,,156.667
2728,4.56382,,82,,156.6
2729,4.56563,,82,,156.517
2730,4.56745,,82,,156.433
2731,4.56926,,82,,156.35
2732,4.57108,,82,,156.267
2733,4.57289,,82,,156.183
2734,4.57471,,82,,156.1
2735,4.57652,,82,,156.017
2736,4.57834,,82,,155.933
2737,4.58016,,82,,155.85
2738,4.58197,,82,,155.767
2739,4.58379,,82,,155.683
2740,4.5856,,82,,155.6
2741,4.5873,,82.1667,,155.517
2742,4.589,,82.3333,,155.433
2743,4.59071,,82.5,,155.35
2744,4.59241,,82.6667,,155.267
2745,4.59411,,82.8333,,155.183
2746,4.59581,,83,,155.1
2747,4.59751,,83.1667,,155.017
2748,4.59921,,83.3333,,154.933
2749,4.60092,,83.5,,154.85
2750,4.60262,,83.6667,,154.767
2751,4.60432,,83.8333,,154.683
2752,4.60602,,84,,154.6
2753,4.60768,,83.9231,,154.615
2754,4.60934,,83.8462,,154.631
2755,4.611,,83.7692,,154.646
2756,4.61266,,83.6923,,154.662
2757,4.61432,,83.6154,,154.677
2758,4.61598,,83.5385,,154.692
2759,4.61765,,83.4615,,154.708
2760,4.61931,,83.3846,,154.723
2761,4.62097,,83.3077,,154.738
2762,4.62263,,83.2308,,154.754
2763,4.62429,,83.1538,,154.769
2764,4.62595,,83.0769,,154.785
2765,4.62761,,83,,154.8
2766,4.62926,,82.8462,,154.923
2767,4.6309,,82.6923,,155.046
2768,4.63255,,82.5385,,155.169
2769,4.63419,,82.3846,,155.292
2770,4.63584,,82.2308,,155.415
2771,4.63749,,82.0769,,155.538
2772,4.63913,,81.9231,,155.662
2773,4.64078,,81.7692,,155.785
2774,4.64243,,81.6154,,155.908
2775,4.64407,,81.4615,,156.031
2776,4.64572,,81.3077,,156.154
2777,4.64736,,81.1538,,156.277
2778,4.64901,,81,,156.4
2779,4.65077,,81.0833,,156.55
2780,4.65253,,81.1667,,156.7
2781,4.65429,,81.25,,156.85
2782,4.65606,,81.3333,,157
2783,4.65782,,81.4167,,157.15
2784,4.65958,,81.5,,157.3
2785,4.66134,,81.5833,,157.45
2786,4.6631,,81.6667,,157.6
2787,4.66486,,81.75,,157.75
2788,4.66663,,81.8333,,157.9
2789,4.66839,,81.9167,,158.05
2790,4.67015,,82,,158.2
2791,4.67179,,82,,158.354
2792,4.67344,,82,,158.508
2793,4.67508,,82,,158.662
2794,4.67673,,82,,158.815
2795,4.67837,,82,,158.969
2796,4.68001,,82,,159.123
2797,4.68166,,82,,159.277
2798,4.6833,,82,,159.431
2799,4.68494,,82,,159.585
2800,4.68659,,82,,159.738
2801,4.68823,,82,,159.892
2802,4.68988,,82,,160.046
2803,4.69152,,82,,160.2
2804,4.69322,,81.75,,160.35
2805,4.69492,,81.5,,160.5
2806,4.69662,,81.25,,160.65
2807,4.69832,,81,,160.8
2808,4.70002,,80.75,,160.95
2809,4.70172,,80.5,,161.1
2810,4.70341,,80.25,,161.25
2811,4.70511,,80,,161.4
2812,4.70681,,79.75,,161.55
2813,4.70851,,79.5,,161.7
2814,4.71021,,79.25,,161.85
2815,4.71191,,79,,162
2816,4.71352,,79,,162.031
2817,4.71512,,79,,162.062
2818,4.71673,,79,,162.092
2819,4.71834,,79,,162.123
2820,4.71994,,79,,162.154
2821,4.72155,,79,,162.185
2822,4.72316,,79,,162.215
2823,4.72477,,79,,162.246
2824,4.72637,,79,,162.277
2825,4.72798,,79,,162.308
2826,4.72959,,79,,162.338
2827,4.73119,,79,,162.369
2828,4.7328,,79,,162.4
2829,4.73448,,79,,162.483
2830,4.73615,,79,,162.567
2831,4.73783,,79,,162.65
2832,4.73951,,79,,162.733
2833,4.74118,,79,,162.817
2834,4.74286,,79,,162.9
2835,4.74454,,79,,162.983
2836,4.74621,,79,,163.067
2837,4.74789,,79,,163.15
2838,4.74957,,79,,163.233
2839,4.75124,,79,,163.317
2840,4.75292,,79,,163.4
2841,4.75428,,78.8667,,163.467
2842,4.75563,,78.7333,,163.533
2843,4.75699,,78.6,,163.6
2844,4.75834,,78.4667,,163.667
2845,4.7597,,78.3333,,163.733
2846,4.76106,,78.2,,163.8
2847,4.76241,,78.0667,,163.867
2848,4.76377,,77.9333,,163.933
2849,4.76512,,77.8,,164
2850,4.76648,,77.6667,,164.067
2851,4.76784,,77.5333,,164.133
2852,4.76919,,77.4,,164.2
2853,4.77055,,77.2667,,164.267
2854,4.7719,,77.1333,,164.333
2855,4.77326,,77,,164.4
2856,4.77492,,77.0769,,164.492
2857,4.77657,,77.1538,,164.585
2858,4.77823,,77.2308,,164.677
2859,4.77988,,77.3077,,164.769
2860,4.78154,,77.3846,,164.862
2861,4.7832,,77.4615,,164.954
2862,4.78485,,77.5385,,165.046
2863,4.78651,,77.6154,,165.138
2864,4.78817,,77.6923,,165.231
2865,4.78982,,77.7692,,165.323
2866,4.79148,,77.8462,,165.415
2867,4.79313,,77.9231,,165.508
2868,4.79479,,78,,165.6
2869,4.7964,,78.0769,,165.585
2870,4.79801,,78.1538,,165.569
2871,4.79962,,78.2308,,165.554
2872,4.80123,,78.3077,,165.538
2873,4.80284,,78.3846,,165.523
2874,4.80445,,78.4615,,165.508
2875,4.80605,,78.5385,,165.492
2876,4.80766,,78.6154,,165.477
2877,4.80927,,78.6923,,165.462
2878,4.81088,,78.7692,,165.446
2879,4.81249,,78.8462,,165.431
2880,4.8141,,78.9231,,165.415
2881,4.81571,,79,,165.4
2882,4.81743,,79.1667,,165.4
2883,4.81915,,79.3333,,165.4
2884,4.82087,,79.5,,165.4
2885,4.82259,,79.6667,,165.4
2886,4.82431,,79.8333,,165.4
2887,4.82602,,80,,165.4
2888,4.82774,,80.1667,,165.4
2889,4.82946,,80.3333,,165.4
2890,4.83118,,80.5,,165.4
2891,4.8329,,80.6667,,165.4
2892,4.83462,,80.8333,,165.4
2893,4.83634,,81,,165.4
2894,4.83814,,80.9167,,165.417
2895,4.83995,,80.8333,,165.433
2896,4.84175,,80.75,,165.45
2897,4.84356,,80.6667,,165.467
2898,4.84536,,80.5833,,165.483
2899,4.84717,,80.5,,165.5
2900,4.84897,,80.4167,,165.517
2901,4.85078,,80.3333,,165.533
2902,4.85258,,80.25,,165.55
2903,4.85439,,80.1667,,165.567
2904,4.85619,,80.0833,,165.583
2905,4.858,,80,,165.6
2906,4.85953,,80,,165.614
2907,4.86105,,80,,165.629
2908,4.86258,,80,,165.643
2909,4.8641,,80,,165.657
2910,4.86563,,80,,165.671
2911,4.86715,,80,,165.686
2912,4.86868,,80,,165.7
2913,4.87021,,80,,165.714
2914,4.87173,,80,,165.729
2915,4.87326,,80,,165.743
2916,4.87478,,80,,165.757
2917,4.87631,,80,,165.771
2918,4.87783,,80,,165.786
2919,4.87936,,80,,165.8
2920,4.88089,,80.1429,,165.8
2921,4.88242,,80.2857,,165.8
2922,4.88396,,80.4286,,165.8
2923,4.88549,,80.5714,,165.8
2924,4.88702,,80.7143,,165.8
2925,4.88855,,80.8571,,165.8
2926,4.89008,,81,,165.8
2927,4.89162,,81.1429,,165.8
2928,4.89315,,81.2857,,165.8
2929,4.89468,,81.4286,,165.8
2930,4.89621,,81.5714,,165.8
2931,4.89775,,81.7143,,165.8
2932,4.89928,,81.8571,,165.8
2933,4.90081,,82,,165.8
2934,4.9024,,81.7273,,165.818
2935,4.90398,,81.4545,,165.836
2936,4.90557,,81.1818,,165.855
2937,4.90715,,80.9091,,165.873
2938,4.90874,,80.6364,,165.891
2939,4.91032,,80.3636,,165.909
2940,4.91191,,80.0909,,165.927
2941,4.91349,,79.8182,,165.945
2942,4.91508,,79.5455,,165.964
2943,4.91666,,79.2727,,165.982
2944,4.91825,,79,,166
2945,4.91992,,79,,166.031
2946,4.92158,,79,,166.062
2947,4.92325,,79,,166.092
2948,4.92491,,79,,166.123
2949,4.92658,,79,,166.154
2950,4.92825,,79,,166.185
2951,4.92991,,79,,166.215
2952,4.93158,,79,,166.246
2953,4.93325,,79,,166.277
2954,4.93491,,79,,166.308
2955,4.93658,,79,,166.338
2956,4.93824,,79,,166.369
2957,4.93991,,79,,166.4
2958,4.94157,,78.9231,,166.431
2959,4.94323,,78.8462,,166.462
2960,4.94489,,78.7692,,166.492
2961,4.94655,,78.6923,,166.523
2962,4.94821,,78.6154,,166.554
2963,4.94987,,78.5385,,166.585
2964,4.95154,,78.4615,,166.615
2965,4.9532,,78.3846,,166.646
2966,4.95486,,78.3077,,166.677
2967,4.95652,,78.2308,,166.708
2968,4.95818,,78.1538,,166.738
2969,4.95984,,78.0769,,166.769
2970,4.9615,,78,,166.8
2971,4.96312,,78.6,,166.8
2972,4.96475,,79.2,,166.8
2973,4.96637,,79.8,,166.8
2974,4.968,,80.4,,166.8
2975,4.96962,,81,,166.8
2976,4.97129,,81.0833,,166.767
2977,4.97297,,81.1667,,166.733
2978,4.97464,,81.25,,166.7
2979,4.97632,,81.3333,,166.667
2980,4.97799,,81.4167,,166.633
2981,4.97967,,81.5,,166.6
2982,4.98134,,81.5833,,166.567
2983,4.98301,,81.6667,,166.533
2984,4.98469,,81.75,,166.5
2985,4.98636,,81.8333,,166.467
2986,4.98804,,81.9167,,166.433
2987,4.98971,,82,,166.4
2988,4.99138,,81.8571,,166.4
2989,4.99305,,81.7143,,166.4
2990,4.99472,,81.5714,,166.4
2991,4.9964,,81.4286,,166.4
2992,4.99807,,81.2857,,166.4
2993,4.99974,,81.1429,,166.4
2994,5.00141,,81,,166.4
2995,5.00299,,81.0769,,166.431
2996,5.00457,,81.1538,,166.462
2997,5.00615,,81.2308,,166.492
2998,5.00773,,81.3077,,166.523
2999,5.00931,,81.3846,,166.554
3000,5.01089,,81.4615,,166.585
3001,5.01246,,81.5385,,166.615
3002,5.01404,,81.6154,,166.646
3003,5.01562,,81.6923,,166.677
3004,5.0172,,81.7692,,166.708
3005,5.01878,,81.8462,,166.738
3006,5.02036,,81.9231,,166.769
3007,5.02194,,82,,166.8
3008,5.02339,,81.9286,,166.9
3009,5.02483,,81.8571,,167
3010,5.02628,,81.7857,,167.1
3011,5.02773,,81.7143,,167.2
3012,5.02918,,81.6429,,167.3
3013,5.03062,,81.5714,,167.4
3014,5.03207,,81.5,,167.5
3015,5.03352,,81.4286,,167.6
3016,5.03496,,81.3571,,167.7
3017,5.03641,,81.2857,,167.8
3018,5.03786,,81.2143,,167.9
3019,5.03931,,81.1429,,168
3020,5.04075,,81.0714,,168.1
3021,5.0422,,81,,168.2
3022,5.04388,,80.9231,,168.154
3023,5.04556,,80.8462,,168.108
3024,5.04723,,80.7692,,168.062
3025,5.04891,,80.6923,,168.015
3026,5.05059,,80.6154,,167.969
3027,5.05227,,80.5385,,167.923
3028,5.05394,,80.4615,,167.877
3029,5.05562,,80.3846,,167.831
3030,5.0573,,80.3077,,167.785
3031,5.05898,,80.2308,,167.738
3032,5.06065,,80.1538,,167.692
3033,5.06233,,80.0769,,167.646
3034,5.06401,,80,,167.6
3035,5.06555,,80.1429,,167.557
3036,5.06708,,80.2857,,167.514
3037,5.06862,,80.4286,,167.471
3038,5.07016,,80.5714,,167.429
3039,5.07169,,80.7143,,167.386
3040,5.07323,,80.8571,,167.343
3041,5.07476,,81,,167.3
3042,5.0763,,81.1429,,167.257
3043,5.07784,,81.2857,,167.214
3044,5.07937,,81.4286,,167.171
3045,5.08091,,81.5714,,167.129
3046,5.08245,,81.7143,,167.086
3047,5.08398,,81.8571,,167.043
3048,5.08552,,82,,167
3049,5.08721,,81.9167,,167.017
3050,5.08891,,81.8333,,167.033
3051,5.0906,,81.75,,167.05
3052,5.0923,,81.6667,,167.067
3053,5.09399,,81.5833,,167.083
3054,5.09569,,81.5,,167.1
3055,5.09738,,81.4167,,167.117
3056,5.09907,,81.3333,,167.133
3057,5.10077,,81.25,,167.15
3058,5.10246,,81.1667,,167.167
3059,5.10416,,81.0833,,167.183
3060,5.10585,,81,,167.2
3061,5.10757,,81,,167.233
3062,5.10928,,81,,167.267
3063,5.111,,81,,167.3
3064,5.11272,,81,,167.333
3065,5.11443,,81,,167.367
3066,5.11615,,81,,167.4
3067,5.11787,,81,,167.433
3068,5.11958,,81,,167.467
3069,5.1213,,81,,167.5
3070,5.12302,,81,,167.533
3071,5.12473,,81,,167.567
3072,5.12645,,81,,167.6
3073,5.12814,,80.8333,,167.617
3074,5.12984,,80.6667,,167.633
3075,5.13153,,80.5,,167.65
3076,5.13322,,80.3333,,167.667
3077,5.13491,,80.1667,,167.683
3078,5.1366,,80,,167.7
3079,5.1383,,79.8333,,167.717
3080,5.13999,,79.6667,,167.733
3081,5.14168,,79.5,,167.75
3082,5.14337,,79.3333,,167.767
3083,5.14507,,79.1667,,167.783
3084,5.14676,,79,,167.8
3085,5.1484,,79.0769,,167.769
3086,5.15004,,79.1538,,167.738
3087,5.15168,,79.2308,,167.708
3088,5.15332,,79.3077,,167.677
3089,5.15496,,79.3846,,167.646
3090,5.1566,,79.4615,,167.615
3091,5.15824,,79.5385,,167.585
3092,5.15988,,79.6154,,167.554
3093,5.16152,,79.6923,,167.523
3094,5.16316,,79.7692,,167.492
3095,5.1648,,79.8462,,167.462
3096,5.16644,,79.9231,,167.431
3097,5.16808,,80,,167.4
3098,5.16992,,80.0909,,167.345
3099,5.17177,,80.1818,,167.291
3100,5.17361,,80.2727,,167.236
3101,5.17545,,80.3636,,167.182
3102,5.1773,,80.4545,,167.127
3103,5.17914,,80.5455,,167.073
3104,5.18099,,80.6364,,167.018
3105,5.18283,,80.7273,,166.964
3106,5.18467,,80.8182,,166.909
3107,5.18652,,80.9091,,166.855
3108,5.18836,,81,,166.8
3109,5.19008,,80.8333,,166.75
3110,5.1918,,80.6667,,166.7
3111,5.19351,,80.5,,166.65
3112,5.19523,,80.3333,,166.6
3113,5.19695,,80.1667,,166.55
3114,5.19867,,80,,166.5
3115,5.20039,,79.8333,,166.45
3116,5.20211,,79.6667,,166.4
3117,5.20382,,79.5,,166.35
3118,5.20554,,79.3333,,166.3
3119,5.20726,,79.1667,,166.25
3120,5.20898,,79,,166.2
3121,5.21065,,78.9167,,166.167
3122,5.21232,,78.8333,,166.133
3123,5.21398,,78.75,,166.1
3124,5.21565,,78.6667,,166.067
3125,5.21732,,78.5833,,166.033
3126,5.21899,,78.5,,166
3127,5.22065,,78.4167,,165.967
3128,5.22232,,78.3333,,165.933
3129,5.22399,,78.25,,165.9
3130,5.22566,,78.1667,,165.867
3131,5.22732,,78.0833,,165.833
3132,5.22899,,78,,165.8
3133,5.23026,,77.9375,,165.813
3134,5.23152,,77.875,,165.825
3135,5.23279,,77.8125,,165.838
3136,5.23406,,77.75,,165.85
3137,5.23532,,77.6875,,165.863
3138,5.23659,,77.625,,165.875
3139,5.23785,,77.5625,,165.888
3140,5.23912,,77.5,,165.9
3141,5.24039,,77.4375,,165.913
3142,5.24165,,77.375,,165.925
3143,5.24292,,77.3125,,165.938
3144,5.24419,,77.25,,165.95
3145,5.24545,,77.1875,,165.963
3146,5.24672,,77.125,,165.975
3147,5.24798,,77.0625,,165.988
3148,5.24925,,77,,166
3149,5.25087,,77,,166.077
3150,5.25248,,77,,166.154
3151,5.2541,,77,,166.231
3152,5.25571,,77,,166.308
3153,5.25733,,77,,166.385
3154,5.25894,,77,,166.462
3155,5.26056,,77,,166.538
3156,5.26217,,77,,166.615
3157,5.26379,,77,,166.692
3158,5.2654,,77,,166.769
3159,5.26702,,77,,166.846
3160,5.26863,,77,,166.923
3161,5.27025,,77,,167
3162,5.27178,,77.2143,,167.1
3163,5.27331,,77.4286,,167.2
3164,5.27484,,77.6429,,167.3
3165,5.27637,,77.8571,,167.4
3166,5.2779,,78.0714,,167.5
3167,5.27943,,78.2857,,167.6
3168,5.28096,,78.5,,167.7
3169,5.28248,,78.7143,,167.8
3170,5.28401,,78.9286,,167.9
3171,5.28554,,79.1429,,168
3172,5.28707,,79.3571,,168.1
3173,5.2886,,79.5714,,168.2
3174,5.29013,,79.7857,,168.3
3175,5.29166,,80,,168.4
3176,5.2933,,80.0769,,168.508
3177,5.29495,,80.1538,,168.615
3178,5.29659,,80.2308,,168.723
3179,5.29823,,80.3077,,168.831
3180,5.29988,,80.3846,,168.938
3181,5.30152,,80.4615,,169.046
3182,5.30316,,80.5385,,169.154
3183,5.3048,,80.6154,,169.262
3184,5.30645,,80.6923,,169.369
3185,5.30809,,80.7692,,169.477
3186,5.30973,,80.8462,,169.585
3187,5.31138,,80.9231,,169.692
3188,5.31302,,81,,169.8
3189,5.31474,,81.1667,,169.833
3190,5.31647,,81.3333,,169.867
3191,5.31819,,81.5,,169.9
3192,5.31991,,81.6667,,169.933
3193,5.32164,,81.8333,,169.967
3194,5.32336,,82,,170
3195,5.32508,,82.1667,,170.033
3196,5.32681,,82.3333,,170.067
3197,5.32853,,82.5,,170.1
3198,5.33025,,82.6667,,170.133
3199,5.33198,,82.8333,,170.167
3200,5.3337,,83,,170.2
3201,5.33548,,83.0833,,170.25
3202,5.33726,,83.1667,,170.3
3203,5.33904,,83.25,,170.35
3204,5.34082,,83.3333,,170.4
3205,5.3426,,83.4167,,170.45
3206,5.34439,,83.5,,170.5
3207,5.34617,,83.5833,,170.55
3208,5.34795,,83.6667,,170.6
3209,5.34973,,83.75,,170.65
3210,5.35151,,83.8333,,170.7
3211,5.35329,,83.9167,,170.75
3212,5.35507,,84,,170.8
3213,5.35679,,83.9167,,170.85
3214,5.35852,,83.8333,,170.9
3215,5.36024,,83.75,,170.95
3216,5.36197,,83.6667,,171
3217,5.36369,,83.5833,,171.05
3218,5.36541,,83.5,,171.1
3219,5.36714,,83.4167,,171.15
3220,5.36886,,83.3333,,171.2
3221,5.37059,,83.25,,171.25
3222,5.37231,,83.1667,,171.3
3223,5.37404,,83.0833,,171.35
3224,5.37576,,83,,171.4
3225,5.37728,,83,,171.443
3226,5.37879,,83,,171.486
3227,5.38031,,83,,171.529
3228,5.38182,,83,,171.571
3229,5.38334,,83,,171.614
3230,5.38485,,83,,171.657
3231,5.38637,,83,,171.7
3232,5.38789,,83,,171.743
3233,5.3894,,83,,171.786
3234,5.39092,,83,,171.829
3235,5.39243,,83,,171.871
3236,5.39395,,83,,171.914
3237,5.39546,,83,,171.957
3238,5.39698,,83,,172
3239,5.39854,,83.0769,,172.062
3240,5.40009,,83.1538,,172.123
3241,5.40165,,83.2308,,172.185
3242,5.4032,,83.3077,,172.246
3243,5.40476,,83.3846,,172.308
3244,5.40631,,83.4615,,172.369
3245,5.40787,,83.5385,,172.431
3246,5.40942,,83.6154,,172.492
3247,5.41098,,83.6923,,172.554
3248,5.41253,,83.7692,,172.615
3249,5.41409,,83.8462,,172.677
3250,5.41564,,83.9231,,172.738
3251,5.4172,,84,,172.8
3252,5.41894,,83.9167,,172.883
3253,5.42068,,83.8333,,172.967
3254,5.42241,,83.75,,173.05
3255,5.42415,,83.6667,,173.133
3256,5.42589,,83.5833,,173.217
3257,5.42762,,83.5,,173.3
3258,5.42936,,83.4167,,173.383
3259,5.4311,,83.3333,,173.467
3260,5.43284,,83.25,,173.55
3261,5.43457,,83.1667,,173.633
3262,5.43631,,83.0833,,173.717
3263,5.43805,,83,,173.8
3264,5.43964,,83,,173.892
3265,5.44124,,83,,173.985
3266,5.44283,,83,,174.077
3267,5.44443,,83,,174.169
3268,5.44602,,83,,174.262
3269,5.44762,,83,,174.354
3270,5.44921,,83,,174.446
3271,5.45081,,83,,174.538
3272,5.4524,,83,,174.631
3273,5.454,,83,,174.723
3274,5.45559,,83,,174.815
3275,5.45719,,83,,174.908
3276,5.45878,,83,,175
3277,5.46045,,83.1538,,175.108
3278,5.46212,,83.3077,,175.215
3279,5.4638,,83.4615,,175.323
3280,5.46547,,83.6154,,175.431
3281,5.46714,,83.7692,,175.538
3282,5.46881,,83.9231,,175.646
3283,5.47049,,84.0769,,175.754
3284,5.47216,,84.2308,,175.862
3285,5.47383,,84.3846,,175.969
3286,5.4755,,84.5385,,176.077
3287,5.47718,,84.6923,,176.185
3288,5.47885,,84.8462,,176.292
3289,5.48052,,85,,176.4
3290,5.4823,,85.4286,,176.486
3291,5.48408,,85.8571,,176.571
3292,5.48586,,86.2857,,176.657
3293,5.48765,,86.7143,,176.743
3294,5.48943,,87.1429,,176.829
3295,5.49121,,87.5714,,176.914
3296,5.49299,,88,,177
3297,5.49472,,88.25,,177.067
3298,5.49644,,88.5,,177.133
3299,5.49817,,88.75,,177.2
3300,5.49989,,89,,177.267
3301,5.50162,,89.25,,177.333
3302,5.50334,,89.5,,177.4
3303,5.50507,,89.75,,177.467
3304,5.50679,,90,,177.533
3305,5.50852,,90.25,,177.6
3306,5.51024,,90.5,,177.667
3307,5.51196,,90.75,,177.733
3308,5.51369,,91,,177.8
3309,5.51534,,91.2727,,177.855
3310,5.51699,,91.5455,,177.909
3311,5.51864,,91.8182,,177.964
3312,5.52029,,92.0909,,178.018
3313,5.52194,,92.3636,,178.073
3314,5.52358,,92.6364,,178.127
3315,5.52523,,92.9091,,178.182
3316,5.52688,,93.1818,,178.236
3317,5.52853,,93.4545,,178.291
3318,5.53018,,93.7273,,178.345
3319,5.53183,,94,,178.4
3320,5.53355,,94.0833,,178.467
3321,5.53527,,94.1667,,178.533
3322,5.537,,94.25,,178.6
3323,5.53872,,94.3333,,178.667
3324,5.54044,,94.4167,,178.733
3325,5.54216,,94.5,,178.8
3326,5.54388,,94.5833,,178.867
3327,5.5456,,94.6667,,178.933
3328,5.54733,,94.75,,179
3329,5.54905,,94.8333,,179.067
3330,5.55077,,94.9167,,179.133
3331,5.55249,,95,,179.2
3332,5.55403,,95.0714,,179.286
3333,5.55557,,95.1429,,179.371
3334,5.55711,,95.2143,,179.457
3335,5.55865,,95.2857,,179.543
3336,5.56019,,95.3571,,179.629
3337,5.56173,,95.4286,,179.714
3338,5.56327,,95.5,,179.8
3339,5.5648,,95.5714,,179.886
3340,5.56634,,95.6429,,179.971
3341,5.56788,,95.7143,,180.057
3342,5.56942,,95.7857,,180.143
3343,5.57096,,95.8571,,180.229
3344,5.5725,,95.9286,,180.314
3345,5.57404,,96,,180.4
3346,5.57565,,96.0769,,180.554
3347,5.57725,,96.1538,,180.708
3348,5.57886,,96.2308,,180.862
3349,5.58046,,96.3077,,181.015
3350,5.58207,,96.3846,,181.169
3351,5.58368,,96.4615,,181.323
3352,5.58528,,96.5385,,181.477
3353,5.58689,,96.6154,,181.631
3354,5.5885,,96.6923,,181.785
3355,5.5901,,96.7692,,181.938
3356,5.59171,,96.8462,,182.092
3357,5.59331,,96.9231,,182.246
3358,5.59492,,97,,182.4
3359,5.59631,,97.1333,,182.507
3360,5.59769,,97.2667,,182.613
3361,5.59908,,97.4,,182.72
3362,5.60046,,97.5333,,182.827
3363,5.60185,,97.6667,,182.933
3364,5.60323,,97.8,,183.04
3365,5.60462,,97.9333,,183.147
3366,5.606,,98.0667,,183.253
3367,5.60739,,98.2,,183.36
3368,5.60877,,98.3333,,183.467
3369,5.61016,,98.4667,,183.573
3370,5.61154,,98.6,,183.68
3371,5.61293,,98.7333,,183.787
3372,5.61431,,98.8667,,183.893
3373,5.6157,,99,,184
3374,5.61708,,99,,184.107
3375,5.61847,,99,,184.213
3376,5.61985,,99,,184.32
3377,5.62124,,99,,184.427
3378,5.62262,,99,,184.533
3379,5.62401,,99,,184.64
3380,5.62539,,99,,184.747
3381,5.62678,,99,,184.853
3382,5.62816,,99,,184.96
3383,5.62955,,99,,185.067
3384,5.63093,,99,,185.173
3385,5.63232,,99,,185.28
3386,5.6337,,99,,185.387
3387,5.63509,,99,,185.493
3388,5.63647,,99,,185.6
3389,5.63796,,99.1429,,185.729
3390,5.63944,,99.2857,,185.857
3391,5.64093,,99.4286,,185.986
3392,5.64242,,99.5714,,186.114
3393,5.64391,,99.7143,,186.243
3394,5.64539,,99.8571,,186.371
3395,5.64688,,100,,186.5
3396,5.64837,,100.143,,186.629
3397,5.64985,,100.286,,186.757
3398,5.65134,,100.429,,186.886
3399,5.65283,,100.571,,187.014
3400,5.65432,,100.714,,187.143
3401,5.6558,,100.857,,187.271
3402,5.65729,,101,,187.4
3403,5.65873,,101.273,,187.527
3404,5.66018,,101.545,,187.655
3405,5.66162,,101.818,,187.782
3406,5.66306,,102.091,,187.909
3407,5.6645,,102.364,,188.036
3408,5.66595,,102.636,,188.164
3409,5.66739,,102.909,,188.291
3410,5.66883,,103.182,,188.418
3411,5.67027,,103.455,,188.545
3412,5.67172,,103.727,,188.673
3413,5.67316,,104,,188.8
3414,5.67479,,104,,188.862
3415,5.67643,,104,,188.923
3416,5.67806,,104,,188.985
3417,5.67969,,104,,189.046
3418,5.68133,,104,,189.108
3419,5.68296,,104,,189.169
3420,5.68459,,104,,189.231
3421,5.68622,,104,,189.292
3422,5.68786,,104,,189.354
3423,5.68949,,104,,189.415
3424,5.69112,,104,,189.477
3425,5.69276,,104,,189.538
3426,5.69439,,104,,189.6
3427,5.69603,,103.923,,189.662
3428,5.69767,,103.846,,189.723
3429,5.69931,,103.769,,189.785
3430,5.70095,,103.692,,189.846
3431,5.70259,,103.615,,189.908
3432,5.70423,,103.538,,189.969
3433,5.70587,,103.462,,190.031
3434,5.70751,,103.385,,190.092
3435,5.70915,,103.308,,190.154
3436,5.71079,,103.231,,190.215
3437,5.71243,,103.154,,190.277
3438,5.71407,,103.077,,190.338
3439,5.71571,,103,,190.4
3440,5.71734,,102.727,,190.455
3441,5.71897,,102.455,,190.509
3442,5.72059,,102.182,,190.564
3443,5.72222,,101.909,,190.618
3444,5.72385,,101.636,,190.673
3445,5.72548,,101.364,,190.727
3446,5.72711,,101.091,,190.782
3447,5.72874,,100.818,,190.836
3448,5.73036,,100.545,,190.891
3449,5.73199,,100.273,,190.945
3450,5.73362,,100,,191
3451,5.73512,,99.6667,,191.022
3452,5.73663,,99.3333,,191.044
3453,5.73813,,99,,191.067
3454,5.73964,,98.6667,,191.089
3455,5.74114,,98.3333,,191.111
3456,5.74265,,98,,191.133
3457,5.74415,,97.6667,,191.156
3458,5.74566,,97.3333,,191.178
3459,5.74716,,97,,191.2
3460,5.74875,,96.8462,,191.231
3461,5.75034,,96.6923,,191.262
3462,5.75193,,96.5385,,191.292
3463,5.75353,,96.3846,,191.323
3464,5.75512,,96.2308,,191.354
3465,5.75671,,96.0769,,191.385
3466,5.7583,,95.9231,,191.415
3467,5.75989,,95.7692,,191.446
3468,5.76148,,95.6154,,191.477
3469,5.76308,,95.4615,,191.508
3470,5.76467,,95.3077,,191.538
3471,5.76626,,95.1538,,191.569
3472,5.76785,,95,,191.6
3473,5.76951,,94.5714,,191.629
3474,5.77116,,94.1429,,191.657
3475,5.77282,,93.7143,,191.686
3476,5.77448,,93.2857,,191.714
3477,5.77614,,92.8571,,191.743
3478,5.77779,,92.4286,,191.771
3479,5.77945,,92,,191.8
3480,5.78106,,91.9231,,191.831
3481,5.78267,,91.8462,,191.862
3482,5.78428,,91.7692,,191.892
3483,5.7859,,91.6923,,191.923
3484,5.78751,,91.6154,,191.954
3485,5.78912,,91.5385,,191.985
3486,5.79073,,91.4615,,192.015
3487,5.79234,,91.3846,,192.046
3488,5.79395,,91.3077,,192.077
3489,5.79557,,91.2308,,192.108
3490,5.79718,,91.1538,,192.138
3491,5.79879,,91.0769,,192.169
3492,5.8004,,91,,192.2
3493,5.80201,,90.7692,,192.231
3494,5.80361,,90.5385,,192.262
3495,5.80522,,90.3077,,192.292
3496,5.80683,,90.0769,,192.323
3497,5.80843,,89.8462,,192.354
3498,5.81004,,89.6154,,192.385
3499,5.81165,,89.3846,,192.415
3500,5.81326,,89.1538,,192.446
3501,5.81486,,88.9231,,192.477
3502,5.81647,,88.6923,,192.508
3503,5.81808,,88.4615,,192.538
3504,5.81968,,88.2308,,192.569
3505,5.82129,,88,,192.6
3506,5.82289,,87.6667,,192.622
3507,5.82449,,87.3333,,192.644
3508,5.82609,,87,,192.667
3509,5.82769,,86.6667,,192.689
3510,5.82929,,86.3333,,192.711
3511,5.83089,,86,,192.733
3512,5.83249,,85.6667,,192.756
3513,5.83409,,85.3333,,192.778
3514,5.83569,,85,,192.8
3515,5.83721,,84.9286,,192.814
3516,5.83873,,84.8571,,192.829
3517,5.84025,,84.7857,,192.843
3518,5.84177,,84.7143,,192.857
3519,5.84329,,84.6429,,192.871
3520,5.84481,,84.5714,,192.886
3521,5.84632,,84.5,,192.9
3522,5.84784,,84.4286,,192.914
3523,5.84936,,84.3571,,192.929
3524,5.85088,,84.2857,,192.943
3525,5.8524,,84.2143,,192.957
3526,5.85392,,84.1429,,192.971
3527,5.85544,,84.0714,,192.986
3528,5.85696,,84,,193
3529,5.85861,,83.5,,193.033
3530,5.86026,,83,,193.067
3531,5.86191,,82.5,,193.1
3532,5.86356,,82,,193.133
3533,5.86521,,81.5,,193.167
3534,5.86686,,81,,193.2
3535,5.86855,,80.8462,,193.215
3536,5.87024,,80.6923,,193.231
3537,5.87192,,80.5385,,193.246
3538,5.87361,,80.3846,,193.262
3539,5.8753,,80.2308,,193.277
3540,5.87699,,80.0769,,193.292
3541,5.87867,,79.9231,,193.308
3542,5.88036,,79.7692,,193.323
3543,5.88205,,79.6154,,193.338
3544,5.88374,,79.4615,,193.354
3545,5.88542,,79.3077,,193.369
3546,5.88711,,79.1538,,193.385
3547,5.8888,,79,,193.4
3548,5.89048,,78.9167,,193.433
3549,5.89216,,78.8333,,193.467
3550,5.89384,,78.75,,193.5
3551,5.89552,,78.6667,,193.533
3552,5.8972,,78.5833,,193.567
3553,5.89888,,78.5,,193.6
3554,5.90056,,78.4167,,193.633
3555,5.90224,,78.3333,,193.667
3556,5.90392,,78.25,,193.7
3557,5.9056,,78.1667,,193.733
3558,5.90728,,78.0833,,193.767
3559,5.90896,,78,,193.8
3560,5.91055,,78,,193.831
3561,5.91213,,78,,193.862
3562,5.91372,,78,,193.892
3563,5.9153,,78,,193.923
3564,5.91689,,78,,193.954
3565,5.91847,,78,,193.985
3566,5.92006,,78,,194.015
3567,5.92164,,78,,194.046
3568,5.92323,,78,,194.077
3569,5.92481,,78,,194.108
3570,5.9264,,78,,194.138
3571,5.92798,,78,,194.169
3572,5.92957,,78,,194.2
3573,5.93126,,77.9167,,194.2
3574,5.93294,,77.8333,,194.2
3575,5.93463,,77.75,,194.2
3576,5.93631,,77.6667,,194.2
3577,5.938,,77.5833,,194.2
3578,5.93968,,77.5,,194.2
3579,5.94137,,77.4167,,194.2
3580,5.94306,,77.3333,,194.2
3581,5.94474,,77.25,,194.2
3582,5.94643,,77.1667,,194.2
3583,5.94811,,77.0833,,194.2
3584,5.9498,,77,,194.2
3585,5.95146,,77.0769,,194.2
3586,5.95311,,77.1538,,194.2
3587,5.95477,,77.2308,,194.2
3588,5.95642,,77.3077,,194.2
3589,5.95808,,77.3846,,194.2
3590,5.95974,,77.4615,,194.2
3591,5.96139,,77.5385,,194.2
3592,5.96305,,77.6154,,194.2
3593,5.96471,,77.6923,,194.2
3594,5.96636,,77.7692,,194.2
3595,5.96802,,77.8462,,194.2
3596,5.96967,,77.9231,,194.2
3597,5.97133,,78,,194.2
3598,5.97291,,78.0769,,194.215
3599,5.97448,,78.1538,,194.231
3600,5.97606,,78.2308,,194.246
3601,5.97764,,78.3077,,194.262
3602,5.97921,,78.3846,,194.277
3603,5.98079,,78.4615,,194.292
3604,5.98237,,78.5385,,194.308
3605,5.98395,,78.6154,,194.323
3606,5.98552,,78.6923,,194.338
3607,5.9871,,78.7692,,194.354
3608,5.98868,,78.8462,,194.369
3609,5.99025,,78.9231,,194.385
3610,5.99183,,79,,194.4
3611,5.99343,,79,,194.4
3612,5.99503,,79,,194.4
3613,5.99663,,79,,194.4
3614,5.99823,,79,,194.4
3615,5.99983,,79,,194.4
3616,6.00143,,79,,194.4
3617,6.00306,,79,,194.4
3618,6.00469,,79,,194.4
3619,6.00632,,79,,194.4
3620,6.00795,,79,,194.4
3621,6.00958,,79,,194.4
3622,6.01133,,79.0833,,194.383
3623,6.01307,,79.1667,,194.367
3624,6.01482,,79.25,,194.35
3625,6.01656,,79.3333,,194.333
3626,6.01831,,79.4167,,194.317
3627,6.02005,,79.5,,194.3
3628,6.0218,,79.5833,,194.283
3629,6.02355,,79.6667,,194.267
3630,6.02529,,79.75,,194.25
3631,6.02704,,79.8333,,194.233
3632,6.02878,,79.9167,,194.217
3633,6.03053,,80,,194.2
3634,6.03218,,79.9231,,194.215
3635,6.03382,,79.8462,,194.231
3636,6.03547,,79.7692,,194.246
3637,6.03711,,79.6923,,194.262
3638,6.03876,,79.6154,,194.277
3639,6.04041,,79.5385,,194.292
3640,6.04205,,79.4615,,194.308
3641,6.0437,,79.3846,,194.323
3642,6.04535,,79.3077,,194.338
3643,6.04699,,79.2308,,194.354
3644,6.04864,,79.1538,,194.369
3645,6.05028,,79.0769,,194.385
3646,6.05193,,79,,194.4
3647,6.05351,,79.1538,,194.4
3648,6.05509,,79.3077,,194.4
3649,6.05667,,79.4615,,194.4
3650,6.05826,,79.6154,,194.4
3651,6.05984,,79.7692,,194.4
3652,6.06142,,79.9231,,194.4
3653,6.063,,80.0769,,194.4
3654,6.06458,,80.2308,,194.4
3655,6.06616,,80.3846,,194.4
3656,6.06775,,80.5385,,194.4
3657,6.06933,,80.6923,,194.4
3658,6.07091,,80.8462,,194.4
3659,6.07249,,81,,194.4
3660,6.0741,,81.0769,,194.4
3661,6.07571,,81.1538,,194.4
3662,6.07733,,81.2308,,194.4
3663,6.07894,,81.3077,,194.4
3664,6.08055,,81.3846,,194.4
3665,6.08216,,81.4615,,194.4
3666,6.08378,,81.5385,,194.4
3667,6.08539,,81.6154,,194.4
3668,6.087,,81.6923,,194.4
3669,6.08861,,81.7692,,194.4
3670,6.09023,,81.8462,,194.4
3671,6.09184,,81.9231,,194.4
3672,6.09345,,82,,194.4
3673,6.09503,,82,,194.415
3674,6.09661,,82,,194.431
3675,6.09819,,82,,194.446
3676,6.09977,,82,,194.462
3677,6.10135,,82,,194.477
3678,6.10293,,82,,194.492
3679,6.1045,,82,,194.508
3680,6.10608,,82,,194.523
3681,6.10766,,82,,194.538
3682,6.10924,,82,,194.554
3683,6.11082,,82,,194.569
3684,6.1124,,82,,194.585
3685,6.11398,,82,,194.6
3686,6.1156,,82.0769,,194.615
3687,6.11722,,82.1538,,194.631
3688,6.11884,,82.2308,,194.646
3689,6.12046,,82.3077,,194.662
3690,6.12208,,82.3846,,194.677
3691,6.1237,,82.4615,,194.692
3692,6.12532,,82.5385,,194.708
3693,6.12694,,82.6154,,194.723
3694,6.12856,,82.6923,,194.738
3695,6.13018,,82.7692,,194.754
3696,6.1318,,82.8462,,194.769
3697,6.13342,,82.9231,,194.785
3698,6.13504,,83,,194.8
3699,6.13665,,82.9231,,194.815
3700,6.13825,,82.8462,,194.831
3701,6.13986,,82.7692,,194.846
3702,6.14147,,82.6923,,194.862
3703,6.14307,,82.6154,,194.877
3704,6.14468,,82.5385,,194.892
3705,6.14629,,82.4615,,194.908
3706,6.1479,,82.3846,,194.923
3707,6.1495,,82.3077,,194.938
3708,6.15111,,82.2308,,194.954
3709,6.15272,,82.1538,,194.969
3710,6.15432,,82.0769,,194.985
3711,6.15593,,82,,195
3712,6.15752,,81.9231,,195.062
3713,6.15912,,81.8462,,195.123
3714,6.16071,,81.7692,,195.185
3715,6.16231,,81.6923,,195.246
3716,6.1639,,81.6154,,195.308
3717,6.16549,,81.5385,,195.369
3718,6.16709,,81.4615,,195.431
3719,6.16868,,81.3846,,195.492
3720,6.17027,,81.3077,,195.554
3721,6.17187,,81.2308,,195.615
3722,6.17346,,81.1538,,195.677
3723,6.17506,,81.0769,,195.738
3724,6.17665,,81,,195.8
3725,6.17822,,81,,195.862
3726,6.1798,,81,,195.923
3727,6.18137,,81,,195.985
3728,6.18295,,81,,196.046
3729,6.18452,,81,,196.108
3730,6.18609,,81,,196.169
3731,6.18767,,81,,196.231
3732,6.18924,,81,,196.292
3733,6.19081,,81,,196.354
3734,6.19239,,81,,196.415
3735,6.19396,,81,,196.477
3736,6.19554,,81,,196.538
3737,6.19711,,81,,196.6
3738,6.1987,,81.2727,,196.673
3739,6.2003,,81.5455,,196.745
3740,6.20189,,81.8182,,196.818
3741,6.20348,,82.0909,,196.891
3742,6.20507,,82.3636,,196.964
3743,6.20667,,82.6364,,197.036
3744,6.20826,,82.9091,,197.109
3745,6.20985,,83.1818,,197.182
3746,6.21144,,83.4545,,197.255
3747,6.21304,,83.7273,,197.327
3748,6.21463,,84,,197.4
3749,6.21622,,83.9231,,197.492
3750,6.21781,,83.8462,,197.585
3751,6.2194,,83.7692,,197.677
3752,6.22099,,83.6923,,197.769
3753,6.22258,,83.6154,,197.862
3754,6.22417,,83.5385,,197.954
3755,6.22577,,83.4615,,198.046
3756,6.22736,,83.3846,,198.138
3757,6.22895,,83.3077,,198.231
3758,6.23054,,83.2308,,198.323
3759,6.23213,,83.1538,,198.415
3760,6.23372,,83.0769,,198.508
3761,6.23531,,83,,198.6
3762,6.23685,,82.9286,,198.686
3763,6.23839,,82.8571,,198.771
3764,6.23993,,82.7857,,198.857
3765,6.24148,,82.7143,,198.943
3766,6.24302,,82.6429,,199.029
3767,6.24456,,82.5714,,199.114
3768,6.2461,,82.5,,199.2
3769,6.24764,,82.4286,,199.286
3770,6.24918,,82.3571,,199.371
3771,6.25072,,82.2857,,199.457
3772,6.25227,,82.2143,,199.543
3773,6.25381,,82.1429,,199.629
3774,6.25535,,82.0714,,199.714
3775,6.25689,,82,,199.8
3776,6.25844,,81.9231,,199.892
3777,6.26,,81.8462,,199.985
3778,6.26155,,81.7692,,200.077
3779,6.2631,,81.6923,,200.169
3780,6.26466,,81.6154,,200.262
3781,6.26621,,81.5385,,200.354
3782,6.26776,,81.4615,,200.446
3783,6.26931,,81.3846,,200.538
3784,6.27087,,81.3077,,200.631
3785,6.27242,,81.2308,,200.723
3786,6.27397,,81.1538,,200.815
3787,6.27553,,81.0769,,200.908
3788,6.27708,,81,,201
3789,6.27861,,81,,201.029
3790,6.28014,,81,,201.057
3791,6.28167,,81,,201.086
3792,6.2832,,81,,201.114
3793,6.28473,,81,,201.143
3794,6.28626,,81,,201.171
3795,6.28779,,81,,201.2
3796,6.28933,,81,,201.229
3797,6.29086,,81,,201.257
3798,6.29239,,81,,201.286
3799,6.29392,,81,,201.314
3800,6.29545,,81,,201.343
3801,6.29698,,81,,201.371
3802,6.29851,,81,,201.4
3803,6.3,,81.3333,,201.467
3804,6.30149,,81.6667,,201.533
3805,6.30297,,82,,201.6
3806,6.30446,,82.3333,,201.667
3807,6.30595,,82.6667,,201.733
3808,6.30744,,83,,201.8
3809,6.30843,,82.8571,,201.8
3810,6.30941,,82.7143,,201.8
3811,6.3104,,82.5714,,201.8
3812,6.31139,,82.4286,,201.8
3813,6.31238,,82.2857,,201.8
3814,6.31336,,82.1429,,201.8
3815,6.31435,,82,,201.8
3816,6.31567,,82.0625,,201.85
3817,6.317,,82.125,,201.9
3818,6.31832,,82.1875,,201.95
3819,6.31965,,82.25,,202
3820,6.32097,,82.3125,,202.05
3821,6.32229,,82.375,,202.1
3822,6.32362,,82.4375,,202.15
3823,6.32494,,82.5,,202.2
3824,6.32626,,82.5625,,202.25
3825,6.32759,,82.625,,202.3
3826,6.32891,,82.6875,,202.35
3827,6.33023,,82.75,,202.4
3828,6.33156,,82.8125,,202.45
3829,6.33288,,82.875,,202.5
3830,6.33421,,82.9375,,202.55
3831,6.33553,,83,,202.6
3832,6.33707,,83,,202.677
3833,6.33861,,83,,202.754
3834,6.34016,,83,,202.831
3835,6.3417,,83,,202.908
3836,6.34324,,83,,202.985
3837,6.34478,,83,,203.062
3838,6.34633,,83,,203.138
3839,6.34787,,83,,203.215
3840,6.34941,,83,,203.292
3841,6.35095,,83,,203.369
3842,6.3525,,83,,203.446
3843,6.35404,,83,,203.523
3844,6.35558,,83,,203.6
3845,6.35718,,83,,203.662
3846,6.35879,,83,,203.723
3847,6.36039,,83,,203.785
3848,6.362,,83,,203.846
3849,6.3636,,83,,203.908
3850,6.36521,,83,,203.969
3851,6.36681,,83,,204.031
3852,6.36842,,83,,204.092
3853,6.37002,,83,,204.154
3854,6.37163,,83,,204.215
3855,6.37323,,83,,204.277
3856,6.37484,,83,,204.338
3857,6.37644,,83,,204.4
3858,6.37798,,83.1538,,204.492
3859,6.37952,,83.3077,,204.585
3860,6.38106,,83.4615,,204.677
3861,6.3826,,83.6154,,204.769
3862,6.38414,,83.7692,,204.862
3863,6.38568,,83.9231,,204.954
3864,6.38722,,84.0769,,205.046
3865,6.38876,,84.2308,,205.138
3866,6.3903,,84.3846,,205.231
3867,6.39184,,84.5385,,205.323
3868,6.39338,,84.6923,,205.415
3869,6.39492,,84.8462,,205.508
3870,6.39646,,85,,205.6
3871,6.39808,,85.1538,,205.723
3872,6.3997,,85.3077,,205.846
3873,6.40133,,85.4615,,205.969
3874,6.40295,,85.6154,,206.092
3875,6.40457,,85.7692,,206.215
3876,6.40619,,85.9231,,206.338
3877,6.40782,,86.0769,,206.462
3878,6.40944,,86.2308,,206.585
3879,6.41106,,86.3846,,206.708
3880,6.41268,,86.5385,,206.831
3881,6.41431,,86.6923,,206.954
3882,6.41593,,86.8462,,207.077
3883,6.41755,,87,,207.2
3884,6.41901,,86.9286,,207.3
3885,6.42048,,86.8571,,207.4
3886,6.42194,,86.7857,,207.5
3887,6.42341,,86.7143,,207.6
3888,6.42487,,86.6429,,207.7
3889,6.42634,,86.5714,,207.8
3890,6.4278,,86.5,,207.9
3891,6.42927,,86.4286,,208
3892,6.43073,,86.3571,,208.1
3893,6.4322,,86.2857,,208.2
3894,6.43367,,86.2143,,208.3
3895,6.43513,,86.1429,,208.4
3896,6.4366,,86.0714,,208.5
3897,6.43806,,86,,208.6
3898,6.43939,,86,,208.7
3899,6.44072,,86,,208.8
3900,6.44204,,86,,208.9
3901,6.44337,,86,,209
3902,6.4447,,86,,209.1
3903,6.44603,,86,,209.2
3904,6.44736,,86,,209.3
3905,6.44869,,86,,209.4
3906,6.45001,,86,,209.5
3907,6.45134,,86,,209.6
3908,6.45267,,86,,209.7
3909,6.454,,86,,209.8
3910,6.45533,,86,,209.9
3911,6.45665,,86,,210
3912,6.45798,,86,,210.1
3913,6.45931,,86,,210.2
3914,6.4611,,86.25,,210.317
3915,6.4629,,86.5,,210.433
3916,6.46469,,86.75,,210.55
3917,6.46648,,87,,210.667
3918,6.46828,,87.25,,210.783
3919,6.47007,,87.5,,210.9
3920,6.47186,,87.75,,211.017
3921,6.47366,,88,,211.133
3922,6.47545,,88.25,,211.25
3923,6.47724,,88.5,,211.367
3924,6.47904,,88.75,,211.483
3925,6.48083,,89,,211.6
3926,6.48234,,89.0714,,211.7
3927,6.48385,,89.1429,,211.8
3928,6.48536,,89.2143,,211.9
3929,6.48688,,89.2857,,212
3930,6.48839,,89.3571,,212.1
3931,6.4899,,89.4286,,212.2
3932,6.49141,,89.5,,212.3
3933,6.49292,,89.5714,,212.4
3934,6.49443,,89.6429,,212.5
3935,6.49594,,89.7143,,212.6
3936,6.49746,,89.7857,,212.7
3937,6.49897,,89.8571,,212.8
3938,6.50048,,89.9286,,212.9
3939,6.50199,,90,,213
3940,6.50342,,90.2,,213
3941,6.50485,,90.4,,213
3942,6.50627,,90.6,,213
3943,6.5077,,90.8,,213
3944,6.50913,,91,,213
3945,6.51027,,91.375,,213.025
3946,6.51141,,91.75,,213.05
3947,6.51255,,92.125,,213.075
3948,6.51369,,92.5,,213.1
3949,6.51483,,92.875,,213.125
3950,6.51597,,93.25,,213.15
3951,6.51711,,93.625,,213.175
3952,6.51825,,94,,213.2
3953,6.51913,,93.75,,213.25
3954,6.52001,,93.5,,213.3
3955,6.52089,,93.25,,213.35
3956,6.52177,,93,,213.4
3957,6.52306,,92.4,,213.36
3958,6.52435,,91.8,,213.32
3959,6.52565,,91.2,,213.28
3960,6.52694,,90.6,,213.24
3961,6.52823,,90,,213.2
3962,6.52967,,89.8571,,213.114
3963,6.53112,,89.7143,,213.029
3964,6.53256,,89.5714,,212.943
3965,6.534,,89.4286,,212.857
3966,6.53544,,89.2857,,212.771
3967,6.53689,,89.1429,,212.686
3968,6.53833,,89,,212.6
3969,6.53977,,88.8571,,212.514
3970,6.54122,,88.7143,,212.429
3971,6.54266,,88.5714,,212.343
3972,6.5441,,88.4286,,212.257
3973,6.54554,,88.2857,,212.171
3974,6.54699,,88.1429,,212.086
3975,6.54843,,88,,212
3976,6.55003,,87.9231,,211.954
3977,6.55162,,87.8462,,211.908
3978,6.55322,,87.7692,,211.862
3979,6.55482,,87.6923,,211.815
3980,6.55641,,87.6154,,211.769
3981,6.55801,,87.5385,,211.723
3982,6.55961,,87.4615,,211.677
3983,6.56121,,87.3846,,211.631
3984,6.5628,,87.3077,,211.585
3985,6.5644,,87.2308,,211.538
3986,6.566,,87.1538,,211.492
3987,6.56759,,87.0769,,211.446
3988,6.56919,,87,,211.4
3989,6.57087,,86.7,,211.38
3990,6.57255,,86.4,,211.36
3991,6.57423,,86.1,,211.34
3992,6.57591,,85.8,,211.32
3993,6.57758,,85.5,,211.3
3994,6.57926,,85.2,,211.28
3995,6.58094,,84.9,,211.26
3996,6.58262,,84.6,,211.24
3997,6.5843,,84.3,,211.22
3998,6.58598,,84,,211.2
3999,6.58758,,83.7,,211.2
4000,6.58918,,83.4,,211.2
4001,6.59078,,83.1,,211.2
4002,6.59238,,82.8,,211.2
4003,6.59398,,82.5,,211.2
4004,6.59558,,82.2,,211.2
4005,6.59718,,81.9,,211.2
4006,6.59878,,81.6,,211.2
4007,6.60038,,81.3,,211.2
4008,6.60198,,81,,211.2
4009,6.6037,,80.5,,211.233
4010,6.60542,,80,,211.267
4011,6.60714,,79.5,,211.3
4012,6.60886,,79,,211.333
4013,6.61058,,78.5,,211.367
4014,6.6123,,78,,211.4
4015,6.61388,,78,,211.4
4016,6.61547,,78,,211.4
4017,6.61705,,78,,211.4
4018,6.61864,,78,,211.4
4019,6.62022,,78,,211.4
4020,6.62144,,78.7778,,211.511
4021,6.62265,,79.5556,,211.622
4022,6.62387,,80.3333,,211.733
4023,6.62509,,81.1111,,211.844
4024,6.6263,,81.8889,,211.956
4025,6.62752,,82.6667,,212.067
4026,6.62874,,83.4444,,212.178
4027,6.62995,,84.2222,,212.289
4028,6.63117,,85,,212.4
4029,6.63234,,85,,212.4
4030,6.63341,,84.8333,,212.367
4031,6.63447,,84.6667,,212.333
4032,6.63554,,84.5,,212.3
4033,6.63661,,84.3333,,212.267
4034,6.63767,,84.1667,,212.233
4035,6.63874,,84,,212.2
4036,6.64015,,83.4,,212.16
4037,6.64156,,82.8,,212.12
4038,6.64298,,82.2,,212.08
4039,6.64439,,81.6,,212.04
4040,6.6458,,81,,212
4041,6.64702,,80.25,,212.05
4042,6.64825,,79.5,,212.1
4043,6.64948,,78.75,,212.15
4044,6.6507,,78,,212.2
4045,6.65103,,77.8333,,212.211
4046,6.65135,,77.6667,,212.222
4047,6.65168,,77.5,,212.233
4048,6.65201,,77.3333,,212.244
4049,6.65234,,77.1667,,212.256
4050,6.65266,,77,,212.267
4051,6.65299,,76.8333,,212.278
4052,6.65332,,76.6667,,212.289
4053,6.65365,,76.5,,212.3
4054,6.65397,,76.3333,,212.311
4055,6.6543,,76.1667,,212.322
4056,6.65463,,76,,212.333
4057,6.65495,,75.8333,,212.344
4058,6.65528,,75.6667,,212.356
4059,6.65561,,75.5,,212.367
4060,6.65594,,75.3333,,212.378
4061,6.65626,,75.1667,,212.389
4062,6.65659,,75,,212.4
4063,6.65663,,74,,212.4
4064,6.65666,,73,,212.4
4065,6.6567,,72,,212.4
4093,6.65907,,75,,212.6
4094,6.65918,,74.7273,,212.6
4095,6.65929,,74.4545,,212.6
4096,6.6594,,74.1818,,212.6
4097,6.65951,,73.9091,,212.6
4098,6.65962,,73.6364,,212.6
4099,6.65972,,73.3636,,212.6
4100,6.65983,,73.0909,,212.6
4101,6.65994,,72.8182,,212.6
4102,6.66005,,72.5455,,212.6
4103,6.66016,,72.2727,,212.6
4104,6.66027,,72,,212.6
4105,6.66043,,72.1429,,212.61
4106,6.6606,,72.2857,,212.619
4107,6.66076,,72.4286,,212.629
4108,6.66093,,72.5714,,212.638
4109,6.66109,,72.7143,,212.648
4110,6.66126,,72.8571,,212.657
4111,6.66142,,73,,212.667
4112,6.66158,,73.1429,,212.676
4113,6.66175,,73.2857,,212.686
4114,6.66191,,73.4286,,212.695
4115,6.66208,,73.5714,,212.705
4116,6.66224,,73.7143,,212.714
4117,6.66241,,73.8571,,212.724
4118,6.66257,,74,,212.733
4119,6.66273,,74.1429,,212.743
4120,6.6629,,74.2857,,212.752
4121,6.66306,,74.4286,,212.762
4122,6.66323,,74.5714,,212.771
4123,6.66339,,74.7143,,212.781
4124,6.66356,,74.8571,,212.79
4125,6.66372,,75,,212.8
4126,6.66412,,75.05,,212.77
4127,6.66453,,75.1,,212.74
4128,6.66493,,75.15,,212.71
4129,6.66533,,75.2,,212.68
4130,6.66574,,75.25,,212.65
4131,6.66614,,75.3,,212.62
4132,6.66654,,75.35,,212.59
4133,6.66695,,75.4,,212.56
4134,6.66735,,75.45,,212.53
4135,6.66776,,75.5,,212.5
4136,6.66816,,75.55,,212.47
4137,6.66856,,75.6,,212.44
4138,6.66897,,75.65,,212.41
4139,6.66937,,75.7,,212.38
4140,6.66977,,75.75,,212.35
4141,6.67018,,75.8,,212.32
4142,6.67058,,75.85,,212.29
4143,6.67098,,75.9,,212.26
4144,6.67139,,75.95,,212.23
4145,6.67179,,76,,212.2
4180,6.69185,,75,,212.6
4181,6.6927,,76.0833,,212.533
4182,6.69356,,77.1667,,212.467
4183,6.69441,,78.25,,212.4
4184,6.69526,,79.3333,,212.333
4185,6.69611,,80.4167,,212.267
4186,6.69697,,81.5,,212.2
4187,6.69782,,82.5833,,212.133
4188,6.69867,,83.6667,,212.067
4189,6.69952,,84.75,,212
4190,6.70038,,85.8333,,211.933
4191,6.70123,,86.9167,,211.867
4192,6.70208,,88,,211.8
4193,6.70237,,88,,211.8
4194,6.70251,,87.25,,211.8
4195,6.70265,,86.5,,211.8
4196,6.70278,,85.75,,211.8
4197,6.70292,,85,,211.8
4198,6.70383,,84.5,,211.867
4199,6.70474,,84,,211.933
4200,6.70565,,83.5,,212
4201,6.70655,,83,,212.067
4202,6.70746,,82.5,,212.133
4203,6.70837,,82,,212.2
4204,6.70864,,81.5714,,212.229
4205,6.70891,,81.1429,,212.257
4206,6.70918,,80.7143,,212.286
4207,6.70945,,80.2857,,212.314
4208,6.70972,,79.8571,,212.343
4209,6.70999,,79.4286,,212.371
4210,6.71026,,79,,212.4
4211,6.71049,,78.25,,212.4
4212,6.71073,,77.5,,212.4
4213,6.71097,,76.75,,212.4
4214,6.7112,,76,,212.4
4215,6.71132,,76.1765,,212.4
4216,6.71144,,76.3529,,212.4
4217,6.71155,,76.5294,,212.4
4218,6.71167,,76.7059,,212.4
4219,6.71179,,76.8824,,212.4
4220,6.71191,,77.0588,,212.4
4221,6.71202,,77.2353,,212.4
4222,6.71214,,77.4118,,212.4
4223,6.71226,,77.5882,,212.4
4224,6.71238,,77.7647,,212.4
4225,6.71249,,77.9412,,212.4
4226,6.71261,,78.1176,,212.4
4227,6.71273,,78.2941,,212.4
4228,6.71285,,78.4706,,212.4
4229,6.71296,,78.6471,,212.4
4230,6.71308,,78.8235,,212.4
4231,6.7132,,79,,212.4
4232,6.71404,,79,,212.4
4233,6.71479,,78.8,,212.36
4234,6.71553,,78.6,,212.32
4235,6.71628,,78.4,,212.28
4236,6.71703,,78.2,,212.24
4237,6.71778,,78,,212.2
4238,6.71852,,77.8,,212.16
4239,6.71927,,77.6,,212.12
4240,6.72002,,77.4,,212.08
4241,6.72077,,77.2,,212.04
4242,6.72151,,77,,212
4243,6.72226,,76.8,,211.96
4244,6.72301,,76.6,,211.92
4245,6.72376,,76.4,,211.88
4246,6.7245,,76.2,,211.84
4247,6.72525,,76,,211.8
4248,6.7263,,75.8571,,211.857
4249,6.72734,,75.7143,,211.914
4250,6.72839,,75.5714,,211.971
4251,6.72943,,75.4286,,212.029
4252,6.73048,,75.2857,,212.086
4253,6.73152,,75.1429,,212.143
4254,6.73257,,75,,212.2
4255,6.73372,,74.8571,,212.229
4256,6.73488,,74.7143,,212.257
4257,6.73603,,74.5714,,212.286
4258,6.73718,,74.4286,,212.314
4259,6.73833,,74.2857,,212.343
4260,6.73949,,74.1429,,212.371
4261,6.74064,,74,,212.4
4262,6.74223,,73.7273,,212.418
4263,6.74382,,73.4545,,212.436
4264,6.74541,,73.1818,,212.455
4265,6.747,,72.9091,,212.473
4266,6.74859,,72.6364,,212.491
4267,6.75018,,72.3636,,212.509
4268,6.75177,,72.0909,,212.527
4269,6.75336,,71.8182,,212.545
4270,6.75495,,71.5455,,212.564
4271,6.75654,,71.2727,,212.582
4272,6.75813,,71,,212.6
4273,6.75983,,71,,212.633
4274,6.76153,,71,,212.667
4275,6.76323,,71,,212.7
4276,6.76494,,71,,212.733
4277,6.76664,,71,,212.767
4278,6.76834,,71,,212.8
4279,6.77004,,71,,212.833
4280,6.77174,,71,,212.867
4281,6.77344,,71,,212.9
4282,6.77515,,71,,212.933
4283,6.77685,,71,,212.967
4284,6.77855,,71,,213
4285,6.78007,,71,,212.986
4286,6.78159,,71,,212.971
4287,6.78311,,71,,212.957
4288,6.78463,,71,,212.943
4289,6.78615,,71,,212.929
4290,6.78767,,71,,212.914
4291,6.78918,,71,,212.9
4292,6.7907,,71,,212.886
4293,6.79222,,71,,212.871
4294,6.79374,,71,,212.857
4295,6.79526,,71,,212.843
4296,6.79678,,71,,212.829
4297,6.7983,,71,,212.814
4298,6.79982,,71,,212.8
4299,6.80144,,71.3333,,212.778
4300,6.80306,,71.6667,,212.756
4301,6.80468,,72,,212.733
4302,6.8063,,72.3333,,212.711
4303,6.80793,,72.6667,,212.689
4304,6.80955,,73,,212.667
4305,6.81117,,73.3333,,212.644
4306,6.81279,,73.6667,,212.622
4307,6.81441,,74,,212.6
4308,6.81615,,74.4286,,212.543
4309,6.8179,,74.8571,,212.486
4310,6.81964,,75.2857,,212.429
4311,6.82139,,75.7143,,212.371
4312,6.82313,,76.1429,,212.314
4313,6.82488,,76.5714,,212.257
4314,6.82662,,77,,212.2
4315,6.82836,,77.0833,,212.183
4316,6.8301,,77.1667,,212.167
4317,6.83183,,77.25,,212.15
4318,6.83357,,77.3333,,212.133
4319,6.83531,,77.4167,,212.117
4320,6.83705,,77.5,,212.1
4321,6.83878,,77.5833,,212.083
4322,6.84052,,77.6667,,212.067
4323,6.84226,,77.75,,212.05
4324,6.844,,77.8333,,212.033
4325,6.84573,,77.9167,,212.017
4326,6.84747,,78,,212
4327,6.84884,,77.75,,212.05
4328,6.85022,,77.5,,212.1
4329,6.85159,,77.25,,212.15
4330,6.85296,,77,,212.2
4331,6.85448,,77.1429,,212.229
4332,6.85599,,77.2857,,212.257
4333,6.85751,,77.4286,,212.286
4334,6.85902,,77.5714,,212.314
4335,6.86054,,77.7143,,212.343
4336,6.86205,,77.8571,,212.371
4337,6.86357,,78,,212.4
4338,6.86509,,78.1429,,212.429
4339,6.8666,,78.2857,,212.457
4340,6.86812,,78.4286,,212.486
4341,6.86963,,78.5714,,212.514
4342,6.87115,,78.7143,,212.543
4343,6.87266,,78.8571,,212.571
4344,6.87418,,79,,212.6
4345,6.87578,,78.9231,,212.631
4346,6.87738,,78.8462,,212.662
4347,6.87898,,78.7692,,212.692
4348,6.88058,,78.6923,,212.723
4349,6.88218,,78.6154,,212.754
4350,6.88378,,78.5385,,212.785
4351,6.88539,,78.4615,,212.815
4352,6.88699,,78.3846,,212.846
4353,6.88859,,78.3077,,212.877
4354,6.89019,,78.2308,,212.908
4355,6.89179,,78.1538,,212.938
4356,6.89339,,78.0769,,212.969
4357,6.89499,,78,,213
4358,6.89653,,77.8571,,213.029
4359,6.89807,,77.7143,,213.057
4360,6.8996,,77.5714,,213.086
4361,6.90114,,77.4286,,213.114
4362,6.90268,,77.2857,,213.143
4363,6.90422,,77.1429,,213.171
4364,6.90576,,77,,213.2
4365,6.90729,,76.8571,,213.229
4366,6.90883,,76.7143,,213.257
4367,6.91037,,76.5714,,213.286
4368,6.91191,,76.4286,,213.314
4369,6.91344,,76.2857,,213.343
4370,6.91498,,76.1429,,213.371
4371,6.91652,,76,,213.4
4372,6.91825,,76,,213.417
4373,6.91998,,76,,213.433
4374,6.92171,,76,,213.45
4375,6.92344,,76,,213.467
4376,6.92517,,76,,213.483
4377,6.9269,,76,,213.5
4378,6.92863,,76,,213.517
4379,6.93036,,76,,213.533
4380,6.93209,,76,,213.55
4381,6.93382,,76,,213.567
4382,6.93555,,76,,213.583
4383,6.93728,,76,,213.6
4384,6.93879,,75.9286,,213.614
4385,6.9403,,75.8571,,213.629
4386,6.94181,,75.7857,,213.643
4387,6.94332,,75.7143,,213.657
4388,6.94483,,75.6429,,213.671
4389,6.94634,,75.5714,,213.686
4390,6.94784,,75.5,,213.7
4391,6.94935,,75.4286,,213.714
4392,6.95086,,75.3571,,213.729
4393,6.95237,,75.2857,,213.743
4394,6.95388,,75.2143,,213.757
4395,6.95539,,75.1429,,213.771
4396,6.9569,,75.0714,,213.786
4397,6.95841,,75,,213.8
4398,6.95988,,75,,213.814
4399,6.96135,,75,,213.829
4400,6.96282,,75,,213.843
4401,6.96429,,75,,213.857
4402,6.96576,,75,,213.871
4403,6.96723,,75,,213.886
4404,6.9687,,75,,213.9
4405,6.97017,,75,,213.914
4406,6.97164,,75,,213.929
4407,6.97311,,75,,213.943
4408,6.97458,,75,,213.957
4409,6.97605,,75,,213.971
4410,6.97752,,75,,213.986
4411,6.97899,,75,,214
4412,6.98061,,75.25,,214.033
4413,6.98222,,75.5,,214.067
4414,6.98384,,75.75,,214.1
4415,6.98546,,76,,214.133
4416,6.98707,,76.25,,214.167
4417,6.98869,,76.5,,214.2
4418,6.99031,,76.75,,214.233
4419,6.99192,,77,,214.267
4420,6.99354,,77.25,,214.3
4421,6.99516,,77.5,,214.333
4422,6.99677,,77.75,,214.367
4423,6.99839,,78,,214.4
4424,6.99979,,78,,214.4
4425,7.00118,,78,,214.4
4426,7.00263,,78,,214.418
4427,7.00408,,78,,214.436
4428,7.00553,,78,,214.455
4429,7.00698,,78,,214.473
4430,7.00843,,78,,214.491
4431,7.00987,,78,,214.509
4432,7.01132,,78,,214.527
4433,7.01277,,78,,214.545
4434,7.01422,,78,,214.564
4435,7.01567,,78,,214.582
4436,7.01712,,78,,214.6
4437,7.01852,,78,,214.533
4438,7.01992,,78,,214.467
4439,7.02132,,78,,214.4
4440,7.02272,,78,,214.333
4441,7.02413,,78,,214.267
4442,7.02553,,78,,214.2
4443,7.02693,,78,,214.133
4444,7.02833,,78,,214.067
4445,7.02973,,78,,214
4446,7.03117,,77.4,,213.88
4447,7.03261,,76.8,,213.76
4448,7.03404,,76.2,,213.64
4449,7.03548,,75.6,,213.52
4450,7.03692,,75,,213.4
4451,7.03828,,77.3333,,213.333
4452,7.03963,,79.6667,,213.267
4453,7.04099,,82,,213.2
4454,7.0426,,82,,213.2
4455,7.044,,81.625,,213.1
4456,7.0454,,81.25,,213
4457,7.04679,,80.875,,212.9
4458,7.04819,,80.5,,212.8
4459,7.04959,,80.125,,212.7
4460,7.05098,,79.75,,212.6
4461,7.05238,,79.375,,212.5
4462,7.05378,,79,,212.4
4463,7.05511,,78,,212.4
4464,7.05644,,76.6667,,212.333
4465,7.05776,,75.3333,,212.267
4466,7.05909,,74,,212.2
4467,7.06027,,73.4,,212.12
4468,7.06144,,72.8,,212.04
4469,7.06262,,72.2,,211.96
4470,7.06379,,71.6,,211.88
4471,7.06497,,71,,211.8
4472,7.06626,,70.625,,211.75
4473,7.06756,,70.25,,211.7
4474,7.06885,,69.875,,211.65
4475,7.07015,,69.5,,211.6
4476,7.07144,,69.125,,211.55
4477,7.07273,,68.75,,211.5
4478,7.07403,,68.375,,211.45
4479,7.07532,,68,,211.4
4480,7.07614,,67.7,,211.4
4481,7.07697,,67.4,,211.4
4482,7.07779,,67.1,,211.4
4483,7.07861,,66.8,,211.4
4484,7.07943,,66.5,,211.4
4485,7.08026,,66.2,,211.4
4486,7.08108,,65.9,,211.4
4487,7.0819,,65.6,,211.4
4488,7.08273,,65.3,,211.4
4489,7.08355,,65,,211.4
4514,7.09422,,65,,211.6
