secs,km,power,hr,cad,alt
0,0,,64,,2.6
1,0.0098,,64,,19.6
2,0.01592,,64.3333,,19.9333
3,0.02204,,64.6667,,20.2667
4,0.02816,,65,,20.6
5,0.03104,,66.3333,,17.6667
6,0.03392,,67.6667,,14.7333
7,0.0368,,69,,11.8
8,0.039925,,71,,9
9,0.04305,,73,,6.2
10,0.04305,,73,,-0.2
11,0.05785,,78,,11.4
12,0.05785,,79,,4.6
13,0.07581,,82,,12.8
14,0.08503,,86,,13.2
15,0.08847,,87.25,,16.5
16,0.09191,,88.5,,19.8
17,0.09535,,89.75,,23.1
18,0.09879,,91,,26.4
19,0.10232,,99,,10.6
20,0.105563,,101,,10.5
21,0.108805,,103,,10.4
22,0.112048,,105,,10.3
23,0.11529,,107,,10.2
24,0.11693,,111,,10.6
25,0.119275,,113,,11
26,0.12162,,115,,11.4
27,0.125468,,115.5,,10.65
28,0.129315,,116,,9.9
29,0.133162,,116.5,,9.15
30,0.13701,,117,,8.4
31,0.14054,,117.5,,8.23333
32,0.14407,,118,,8.06667
33,0.1476,,118.5,,7.9
34,0.15113,,119,,7.73333
35,0.15466,,119.5,,7.56667
36,0.15819,,120,,7.4
37,0.161713,,121,,7.13333
38,0.165237,,122,,6.86667
39,0.16876,,123,,6.6
40,0.172188,,122.833,,6.6
41,0.175617,,122.667,,6.6
42,0.179045,,122.5,,6.6
43,0.182473,,122.333,,6.6
44,0.185902,,122.167,,6.6
45,0.18933,,122,,6.6
46,0.19271,,121.667,,6.33333
47,0.19609,,121.333,,6.06667
48,0.19947,,121,,5.8
49,0.20285,,120.667,,5.53333
50,0.20623,,120.333,,5.26667
51,0.20961,,120,,5
52,0.212785,,120.5,,5.63333
53,0.21596,,121,,6.26667
54,0.219135,,121.5,,6.9
55,0.22231,,122,,7.53333
56,0.225485,,122.5,,8.16667
57,0.22866,,123,,8.8
58,0.23217,,123.333,,9
59,0.23568,,123.667,,9.2
60,0.23919,,124,,9.4
61,0.2427,,124.333,,9.6
62,0.24621,,124.667,,9.8
63,0.24972,,125,,10
64,0.25303,,125.286,,9.85714
65,0.25634,,125.571,,9.71429
66,0.25965,,125.857,,9.57143
67,0.26296,,126.143,,9.42857
68,0.26627,,126.429,,9.28571
69,0.26958,,126.714,,9.14286
70,0.27289,,127,,9
71,0.276091,,127.143,,8.8
72,0.279293,,127.286,,8.6
73,0.282494,,127.429,,8.4
74,0.285696,,127.571,,8.2
75,0.288897,,127.714,,8
76,0.292099,,127.857,,7.8
77,0.2953,,128,,7.6
78,0.29782,,128,,7.4
79,0.300719,,127.625,,7.625
80,0.303617,,127.25,,7.85
81,0.306516,,126.875,,8.075
82,0.309415,,126.5,,8.3
83,0.312314,,126.125,,8.525
84,0.315212,,125.75,,8.75
85,0.318111,,125.375,,8.975
86,0.32101,,125,,9.2
87,0.32455,,125,,9.6
88,0.32678,,126,,9.46667
89,0.32901,,127,,9.33333
90,0.33124,,128,,9.2
91,0.333259,,128.091,,9.38182
92,0.335278,,128.182,,9.56364
93,0.337297,,128.273,,9.74545
94,0.339316,,128.364,,9.92727
95,0.341335,,128.455,,10.1091
96,0.343355,,128.545,,10.2909
97,0.345374,,128.636,,10.4727
98,0.347393,,128.727,,10.6545
99,0.349412,,128.818,,10.8364
100,0.351431,,128.909,,11.0182
101,0.35345,,129,,11.2
102,0.356146,,128.75,,11.375
103,0.358843,,128.5,,11.55
104,0.361539,,128.25,,11.725
105,0.364235,,128,,11.9
106,0.366931,,127.75,,12.075
107,0.369627,,127.5,,12.25
108,0.372324,,127.25,,12.425
109,0.37502,,127,,12.6
110,0.378177,,127.286,,12.6571
111,0.381334,,127.571,,12.7143
112,0.384491,,127.857,,12.7714
113,0.387649,,128.143,,12.8286
114,0.390806,,128.429,,12.8857
115,0.393963,,128.714,,12.9429
116,0.39712,,129,,13
117,0.40084,,128.667,,13.6667
118,0.40456,,128.333,,14.3333
119,0.40828,,128,,15
120,0.41303,,128,,14.6
121,0.41778,,128,,14.2
122,0.42253,,128,,13.8
123,0.42728,,128,,13.4
124,0.43203,,128,,13
125,0.436138,,127.667,,12.0667
126,0.440247,,127.333,,11.1333
127,0.444355,,127,,10.2
128,0.448463,,126.667,,9.26667
129,0.452572,,126.333,,8.33333
130,0.45668,,126,,7.4
131,0.46074,,125.4,,7.2
132,0.4648,,124.8,,7
133,0.46886,,124.2,,6.8
134,0.47292,,123.6,,6.6
135,0.47698,,123,,6.4
136,0.482077,,122,,6.4
137,0.487173,,121,,6.4
138,0.49227,,120,,6.4
139,0.495616,,120.6,,6.48
140,0.498962,,121.2,,6.56
141,0.502308,,121.8,,6.64
142,0.505654,,122.4,,6.72
143,0.509,,123,,6.8
144,0.51224,,124,,7
145,0.51548,,125,,7.2
146,0.51872,,126,,7.4
147,0.52196,,127,,7.6
148,0.525114,,127.143,,7.62857
149,0.528269,,127.286,,7.65714
150,0.531423,,127.429,,7.68571
151,0.534577,,127.571,,7.71429
152,0.537731,,127.714,,7.74286
153,0.540886,,127.857,,7.77143
154,0.54404,,128,,7.8
155,0.547135,,128,,7.8
156,0.55023,,128,,7.8
157,0.552797,,128,,7.45
158,0.555365,,128,,7.1
159,0.557933,,128,,6.75
160,0.5605,,128,,6.4
161,0.563067,,128,,6.05
162,0.565635,,128,,5.7
163,0.568203,,128,,5.35
164,0.57077,,128,,5
165,0.574135,,128,,4.7
166,0.5775,,128,,4.4
167,0.580865,,128,,4.1
168,0.58423,,128,,3.8
169,0.587595,,128,,3.5
170,0.59096,,128,,3.2
171,0.593881,,127.857,,3.11429
172,0.596803,,127.714,,3.02857
173,0.599724,,127.571,,2.94286
174,0.602646,,127.429,,2.85714
175,0.605567,,127.286,,2.77143
176,0.608489,,127.143,,2.68571
177,0.61141,,127,,2.6
178,0.614413,,127.143,,2.48571
179,0.617416,,127.286,,2.37143
180,0.620419,,127.429,,2.25714
181,0.623421,,127.571,,2.14286
182,0.626424,,127.714,,2.02857
183,0.629427,,127.857,,1.91429
184,0.63243,,128,,1.8
185,0.635424,,128.286,,1.62857
186,0.638419,,128.571,,1.45714
187,0.641413,,128.857,,1.28571
188,0.644407,,129.143,,1.11429
189,0.647401,,129.429,,0.942857
190,0.650396,,129.714,,0.771429
191,0.65339,,130,,0.6
192,0.656689,,130.286,,0.742857
193,0.659987,,130.571,,0.885714
194,0.663286,,130.857,,1.02857
195,0.666584,,131.143,,1.17143
196,0.669883,,131.429,,1.31429
197,0.673181,,131.714,,1.45714
198,0.67648,,132,,1.6
199,0.68,,133.5,,1.6
200,0.68352,,135,,1.6
201,0.686759,,134.857,,1.65714
202,0.689997,,134.714,,1.71429
203,0.693236,,134.571,,1.77143
204,0.696474,,134.429,,1.82857
205,0.699713,,134.286,,1.88571
206,0.702951,,134.143,,1.94286
207,0.70619,,134,,2
208,0.709793,,134.167,,1.3
209,0.713397,,134.333,,0.6
210,0.717,,134.5,,-0.1
211,0.720603,,134.667,,-0.8
212,0.724207,,134.833,,-1.5
213,0.72781,,135,,-2.2
214,0.731248,,135,,-2.73333
215,0.734687,,135,,-3.26667
216,0.738125,,135,,-3.8
217,0.741563,,135,,-4.33333
218,0.745002,,135,,-4.86667
219,0.74844,,135,,-5.4
220,0.751256,,135,,-5.8
221,0.754073,,135,,-6.2
222,0.756889,,135,,-6.6
223,0.759705,,135,,-7
224,0.762521,,135,,-7.4
225,0.765338,,135,,-7.8
226,0.768154,,135,,-8.2
227,0.77097,,135,,-8.6
228,0.774174,,134.714,,-9
229,0.777379,,134.429,,-9.4
230,0.780583,,134.143,,-9.8
231,0.783787,,133.857,,-10.2
232,0.786991,,133.571,,-10.6
233,0.790196,,133.286,,-11
234,0.7934,,133,,-11.4
235,0.796574,,132.571,,-11.0286
236,0.799749,,132.143,,-10.6571
237,0.802923,,131.714,,-10.2857
238,0.806097,,131.286,,-9.91429
239,0.809271,,130.857,,-9.54286
240,0.812446,,130.429,,-9.17143
241,0.81562,,130,,-8.8
242,0.818583,,130,,-8.88571
243,0.821546,,130,,-8.97143
244,0.824509,,130,,-9.05714
245,0.827471,,130,,-9.14286
246,0.830434,,130,,-9.22857
247,0.833397,,130,,-9.31429
248,0.83636,,130,,-9.4
249,0.839449,,129.857,,-9.51429
250,0.842537,,129.714,,-9.62857
251,0.845626,,129.571,,-9.74286
252,0.848714,,129.429,,-9.85714
253,0.851803,,129.286,,-9.97143
254,0.854891,,129.143,,-10.0857
255,0.85798,,129,,-10.2
256,0.861117,,129.286,,-10.7429
257,0.864254,,129.571,,-11.2857
258,0.867391,,129.857,,-11.8286
259,0.870529,,130.143,,-12.3714
260,0.873666,,130.429,,-12.9143
261,0.876803,,130.714,,-13.4571
262,0.87994,,131,,-14
263,0.88311,,131.286,,-14.3714
264,0.88628,,131.571,,-14.7429
265,0.88945,,131.857,,-15.1143
266,0.89262,,132.143,,-15.4857
267,0.89579,,132.429,,-15.8571
268,0.89896,,132.714,,-16.2286
269,0.90213,,133,,-16.6
270,0.905184,,132.857,,-16.8571
271,0.908239,,132.714,,-17.1143
272,0.911293,,132.571,,-17.3714
273,0.914347,,132.429,,-17.6286
274,0.917401,,132.286,,-17.8857
275,0.920456,,132.143,,-18.1429
276,0.92351,,132,,-18.4
277,0.926893,,131.667,,-17.9333
278,0.930277,,131.333,,-17.4667
279,0.93366,,131,,-17
280,0.937043,,130.667,,-16.5333
281,0.940427,,130.333,,-16.0667
282,0.94381,,130,,-15.6
283,0.947212,,130.167,,-15.5333
284,0.950613,,130.333,,-15.4667
285,0.954015,,130.5,,-15.4
286,0.957417,,130.667,,-15.3333
287,0.960818,,130.833,,-15.2667
288,0.96422,,131,,-15.2
289,0.967573,,131.5,,-13.9667
290,0.970927,,132,,-12.7333
291,0.97428,,132.5,,-11.5
292,0.977633,,133,,-10.2667
293,0.980987,,133.5,,-9.03333
294,0.98434,,134,,-7.8
295,0.98766,,134,,-7.35
296,0.99098,,134,,-6.9
297,0.9943,,134,,-6.45
298,0.99762,,134,,-6
299,1.00075,,134.143,,-5.97143
300,1.00389,,134.286,,-5.94286
301,1.00702,,134.429,,-5.91429
302,1.01015,,134.571,,-5.88571
303,1.01328,,134.714,,-5.85714
304,1.01642,,134.857,,-5.82857
305,1.01955,,135,,-5.8
306,1.0225,,134.857,,-5.88571
307,1.02545,,134.714,,-5.97143
308,1.0284,,134.571,,-6.05714
309,1.03136,,134.429,,-6.14286
310,1.03431,,134.286,,-6.22857
311,1.03726,,134.143,,-6.31429
312,1.04021,,134,,-6.4
313,1.04322,,134.286,,-6.4
314,1.04623,,134.571,,-6.4
315,1.04924,,134.857,,-6.4
316,1.05225,,135.143,,-6.4
317,1.05526,,135.429,,-6.4
318,1.05827,,135.714,,-6.4
319,1.06128,,136,,-6.4
320,1.06424,,136,,-6.45714
321,1.0672,,136,,-6.51429
322,1.07016,,136,,-6.57143
323,1.07313,,136,,-6.62857
324,1.07609,,136,,-6.68571
325,1.07905,,136,,-6.74286
326,1.08201,,136,,-6.8
327,1.08447,,136,,-6.5
328,1.08693,,136,,-6.2
329,1.09003,,136.143,,-5.94286
330,1.09313,,136.286,,-5.68571
331,1.09623,,136.429,,-5.42857
332,1.09932,,136.571,,-5.17143
333,1.10242,,136.714,,-4.91429
334,1.10552,,136.857,,-4.65714
335,1.10862,,137,,-4.4
336,1.11159,,137,,-4.05
337,1.11457,,137,,-3.7
338,1.11754,,137,,-3.35
339,1.12051,,137,,-3
340,1.12379,,136.8,,-2.72
341,1.12708,,136.6,,-2.44
342,1.13036,,136.4,,-2.16
343,1.13365,,136.2,,-1.88
344,1.13693,,136,,-1.6
345,1.14001,,136.143,,-1.28571
346,1.14308,,136.286,,-0.971429
347,1.14616,,136.429,,-0.657143
348,1.14923,,136.571,,-0.342857
349,1.15231,,136.714,,-0.0285714
350,1.15538,,136.857,,0.285714
351,1.15846,,137,,0.6
352,1.16137,,137.5,,0.966667
353,1.16429,,138,,1.33333
354,1.1672,,138.5,,1.7
355,1.17012,,139,,2.06667
356,1.17303,,139.5,,2.43333
357,1.17595,,140,,2.8
358,1.1787,,139.875,,2.65
359,1.18146,,139.75,,2.5
360,1.18421,,139.625,,2.35
361,1.18697,,139.5,,2.2
362,1.18972,,139.375,,2.05
363,1.19248,,139.25,,1.9
364,1.19523,,139.125,,1.75
365,1.19799,,139,,1.6
366,1.20122,,138.857,,1.4
367,1.20445,,138.714,,1.2
368,1.20768,,138.571,,1
369,1.21092,,138.429,,0.8
370,1.21415,,138.286,,0.6
371,1.21738,,138.143,,0.4
372,1.22061,,138,,0.2
373,1.22388,,138,,0.0285714
374,1.22715,,138,,-0.142857
375,1.23042,,138,,-0.314286
376,1.23368,,138,,-0.485714
377,1.23695,,138,,-0.657143
378,1.24022,,138,,-0.828571
379,1.24349,,138,,-1
380,1.2465,,138.143,,-4.42857
381,1.24951,,138.286,,-7.85714
382,1.25252,,138.429,,-11.2857
383,1.25554,,138.571,,-14.7143
384,1.25855,,138.714,,-18.1429
385,1.26156,,138.857,,-21.5714
386,1.26457,,139,,-25
387,1.26763,,139,,-26.0571
388,1.27069,,139,,-27.1143
389,1.27375,,139,,-28.1714
390,1.2768,,139,,-29.2286
391,1.27986,,139,,-30.2857
392,1.28292,,139,,-31.3429
393,1.28598,,139,,-32.4
394,1.28921,,139,,-32.7429
395,1.29244,,139,,-33.0857
396,1.29567,,139,,-33.4286
397,1.29891,,139,,-33.7714
398,1.30214,,139,,-34.1143
399,1.30537,,139,,-34.4571
400,1.3086,,139,,-34.8
401,1.31212,,139,,-33.2667
402,1.31565,,139,,-31.7333
403,1.31917,,139,,-30.2
404,1.3227,,139,,-28.6667
405,1.32622,,139,,-27.1333
406,1.32975,,139,,-25.6
407,1.33324,,138.833,,-24.7
408,1.33672,,138.667,,-23.8
409,1.34021,,138.5,,-22.9
410,1.3437,,138.333,,-22
411,1.34718,,138.167,,-21.1
412,1.35067,,138,,-20.2
413,1.35439,,137.833,,-19.7
414,1.35812,,137.667,,-19.2
415,1.36184,,137.5,,-18.7
416,1.36556,,137.333,,-18.2
417,1.36929,,137.167,,-17.7
418,1.37301,,137,,-17.2
419,1.37656,,136.833,,-17.1
420,1.38012,,136.667,,-17
421,1.38367,,136.5,,-16.9
422,1.38723,,136.333,,-16.8
423,1.39078,,136.167,,-16.7
424,1.39434,,136,,-16.6
425,1.39781,,136.167,,-16.3
426,1.40128,,136.333,,-16
427,1.40475,,136.5,,-15.7
428,1.40823,,136.667,,-15.4
429,1.4117,,136.833,,-15.1
430,1.41517,,137,,-14.8
431,1.41829,,137,,-14.5429
432,1.42142,,137,,-14.2857
433,1.42454,,137,,-14.0286
434,1.42766,,137,,-13.7714
435,1.43078,,137,,-13.5143
436,1.43391,,137,,-13.2571
437,1.43703,,137,,-13
438,1.44028,,136.857,,-12.8
439,1.44354,,136.714,,-12.6
440,1.44679,,136.571,,-12.4
441,1.45004,,136.429,,-12.2
442,1.45329,,136.286,,-12
443,1.45655,,136.143,,-11.8
444,1.4598,,136,,-11.6
445,1.46306,,136.143,,-11.3714
446,1.46633,,136.286,,-11.1429
447,1.46959,,136.429,,-10.9143
448,1.47286,,136.571,,-10.6857
449,1.47612,,136.714,,-10.4571
450,1.47939,,136.857,,-10.2286
451,1.48265,,137,,-10
452,1.4857,,136.857,,-9.57143
453,1.48875,,136.714,,-9.14286
454,1.4918,,136.571,,-8.71429
455,1.49484,,136.429,,-8.28571
456,1.49789,,136.286,,-7.85714
457,1.50094,,136.143,,-7.42857
458,1.50399,,136,,-7
459,1.50715,,136.143,,-6.71429
460,1.51031,,136.286,,-6.42857
461,1.51347,,136.429,,-6.14286
462,1.51664,,136.571,,-5.85714
463,1.5198,,136.714,,-5.57143
464,1.52296,,136.857,,-5.28571
465,1.52612,,137,,-5
466,1.52925,,137.143,,-5.08571
467,1.53239,,137.286,,-5.17143
468,1.53552,,137.429,,-5.25714
469,1.53866,,137.571,,-5.34286
470,1.54179,,137.714,,-5.42857
471,1.54493,,137.857,,-5.51429
472,1.54806,,138,,-5.6
473,1.5513,,137.857,,-5.71429
474,1.55454,,137.714,,-5.82857
475,1.55778,,137.571,,-5.94286
476,1.56101,,137.429,,-6.05714
477,1.56425,,137.286,,-6.17143
478,1.56749,,137.143,,-6.28571
479,1.57073,,137,,-6.4
480,1.57412,,136.833,,-6.3
481,1.57751,,136.667,,-6.2
482,1.58089,,136.5,,-6.1
483,1.58428,,136.333,,-6
484,1.58767,,136.167,,-5.9
485,1.59106,,136,,-5.8
486,1.59443,,136.333,,-5.6
487,1.59779,,136.667,,-5.4
488,1.60116,,137,,-5.2
489,1.60453,,137.333,,-5
490,1.60789,,137.667,,-4.8
491,1.61126,,138,,-4.6
492,1.61475,,138,,-4.26667
493,1.61824,,138,,-3.93333
494,1.62172,,138,,-3.6
495,1.62521,,138,,-3.26667
496,1.6287,,138,,-2.93333
497,1.63219,,138,,-2.6
498,1.63562,,138.333,,-2.96667
499,1.63904,,138.667,,-3.33333
500,1.64247,,139,,-3.7
501,1.6459,,139.333,,-4.06667
502,1.64932,,139.667,,-4.43333
503,1.65275,,140,,-4.8
504,1.65592,,140,,-5.2
505,1.6591,,140,,-5.6
506,1.66227,,140,,-6
507,1.66544,,140,,-6.4
508,1.66861,,140,,-6.8
509,1.67179,,140,,-7.2
510,1.67496,,140,,-7.6
511,1.67792,,140.25,,-7.6
512,1.68088,,140.5,,-7.6
513,1.68384,,140.75,,-7.6
514,1.6868,,141,,-7.6
515,1.6902,,141,,-7.93333
516,1.69361,,141,,-8.26667
517,1.69701,,141,,-8.6
518,1.70041,,141,,-8.93333
519,1.70382,,141,,-9.26667
520,1.70722,,141,,-9.6
521,1.7101,,141.286,,-9.77143
522,1.71298,,141.571,,-9.94286
523,1.71586,,141.857,,-10.1143
524,1.71874,,142.143,,-10.2857
525,1.72162,,142.429,,-10.4571
526,1.7245,,142.714,,-10.6286
527,1.72738,,143,,-10.8
528,1.73032,,142.714,,-11.0571
529,1.73325,,142.429,,-11.3143
530,1.73619,,142.143,,-11.5714
531,1.73913,,141.857,,-11.8286
532,1.74207,,141.571,,-12.0857
533,1.745,,141.286,,-12.3429
534,1.74794,,141,,-12.6
535,1.751,,141,,-12.7714
536,1.75406,,141,,-12.9429
537,1.75712,,141,,-13.1143
538,1.76018,,141,,-13.2857
539,1.76324,,141,,-13.4571
540,1.7663,,141,,-13.6286
541,1.76936,,141,,-13.8
542,1.77245,,140.4,,-13.8
543,1.77554,,139.8,,-13.8
544,1.77864,,139.2,,-13.8
545,1.78173,,138.6,,-13.8
546,1.78482,,138,,-13.8
547,1.78822,,137.833,,-13.8
548,1.79162,,137.667,,-13.8
549,1.79502,,137.5,,-13.8
550,1.79841,,137.333,,-13.8
551,1.80181,,137.167,,-13.8
552,1.80521,,137,,-13.8
553,1.80876,,137,,-13.4667
554,1.81231,,137,,-13.1333
555,1.81585,,137,,-12.8
556,1.8194,,137,,-12.4667
557,1.82295,,137,,-12.1333
558,1.8265,,137,,-11.8
559,1.82994,,137.333,,-12.0333
560,1.83337,,137.667,,-12.2667
561,1.83681,,138,,-12.5
562,1.84025,,138.333,,-12.7333
563,1.84368,,138.667,,-12.9667
564,1.84712,,139,,-13.2
565,1.85064,,139.167,,-13.5333
566,1.85416,,139.333,,-13.8667
567,1.85767,,139.5,,-14.2
568,1.86119,,139.667,,-14.5333
569,1.86471,,139.833,,-14.8667
570,1.86823,,140,,-15.2
571,1.87135,,140.143,,-15.2571
572,1.87448,,140.286,,-15.3143
573,1.8776,,140.429,,-15.3714
574,1.88072,,140.571,,-15.4286
575,1.88384,,140.714,,-15.4857
576,1.88697,,140.857,,-15.5429
577,1.89009,,141,,-15.6
578,1.89292,,141.333,,-15.6667
579,1.89576,,141.667,,-15.7333
580,1.89859,,142,,-15.8
581,1.89975,,143,,-16.2
582,1.89981,,143,,-16.1429
583,1.89987,,143,,-16.0857
584,1.89993,,143,,-16.0286
585,1.89999,,143,,-15.9714
586,1.90005,,143,,-15.9143
587,1.90011,,143,,-15.8571
588,1.90017,,143,,-15.8
589,1.90271,,142.333,,-15.8667
590,1.90526,,141.667,,-15.9333
591,1.9078,,141,,-16
592,1.91034,,140.333,,-16.0667
593,1.91289,,139.667,,-16.1333
594,1.91543,,139,,-16.2
595,1.91848,,138,,-16.4667
596,1.92152,,137,,-16.7333
597,1.92457,,136,,-17
598,1.92786,,136.143,,-17.1143
599,1.93115,,136.286,,-17.2286
600,1.93444,,136.429,,-17.3429
601,1.93772,,136.571,,-17.4571
602,1.94101,,136.714,,-17.5714
603,1.9443,,136.857,,-17.6857
604,1.94759,,137,,-17.8
605,1.95107,,135.5,,-18.2
606,1.95456,,134,,-18.6
607,1.95785,,134.143,,-18.9429
608,1.96114,,134.286,,-19.2857
609,1.96443,,134.429,,-19.6286
610,1.96772,,134.571,,-19.9714
611,1.97101,,134.714,,-20.3143
612,1.9743,,134.857,,-20.6571
613,1.97759,,135,,-21
614,1.98063,,135,,-21.5
615,1.98367,,135,,-22
682,1.98367,,88,,0.4
683,1.98425,,88,,0.4
684,1.98601,,88.8571,,0.485714
685,1.98776,,89.7143,,0.571429
686,1.98952,,90.5714,,0.657143
687,1.99127,,91.4286,,0.742857
688,1.99303,,92.2857,,0.828571
689,1.99478,,93.1429,,0.914286
690,1.99654,,94,,1
691,1.99972,,97,,0.8
692,2.00302,,103,,0.8
693,2.00632,,109,,0.8
694,2.01007,,110.2,,1.24
695,2.01382,,111.4,,1.68
696,2.01756,,112.6,,2.12
697,2.02131,,113.8,,2.56
698,2.02506,,115,,3
699,2.02901,,115,,3.4
700,2.03255,,116.5,,4.4
701,2.0361,,118,,5.4
702,2.0396,,119.5,,6
703,2.0431,,121,,6.6
704,2.04617,,121.667,,7.23333
705,2.04924,,122.333,,7.86667
706,2.05232,,123,,8.5
707,2.05539,,123.667,,9.13333
708,2.05846,,124.333,,9.76667
709,2.06153,,125,,10.4
710,2.06467,,125.286,,10.8
711,2.0678,,125.571,,11.2
712,2.07094,,125.857,,11.6
713,2.07408,,126.143,,12
714,2.07722,,126.429,,12.4
715,2.08035,,126.714,,12.8
716,2.08349,,127,,13.2
717,2.0875,,127.6,,13
718,2.0915,,128.2,,12.8
719,2.09551,,128.8,,12.6
720,2.09951,,129.4,,12.4
721,2.10352,,130,,12.2
722,2.10706,,130.5,,12.2667
723,2.11059,,131,,12.3333
724,2.11413,,131.5,,12.4
725,2.11767,,132,,12.4667
726,2.1212,,132.5,,12.5333
727,2.12474,,133,,12.6
728,2.12824,,133.5,,12.4333
729,2.13175,,134,,12.2667
730,2.13525,,134.5,,12.1
731,2.13875,,135,,11.9333
732,2.14226,,135.5,,11.7667
733,2.14576,,136,,11.6
734,2.149,,136,,11.4571
735,2.15225,,136,,11.3143
736,2.15549,,136,,11.1714
737,2.15874,,136,,11.0286
738,2.16198,,136,,10.8857
739,2.16523,,136,,10.7429
740,2.16847,,136,,10.6
741,2.17178,,136.143,,10.6286
742,2.17509,,136.286,,10.6571
743,2.1784,,136.429,,10.6857
744,2.18172,,136.571,,10.7143
745,2.18503,,136.714,,10.7429
746,2.18834,,136.857,,10.7714
747,2.19165,,137,,10.8
748,2.19478,,137,,10.3714
749,2.1979,,137,,9.94286
750,2.20103,,137,,9.51429
751,2.20415,,137,,9.08571
752,2.20728,,137,,8.65714
753,2.2104,,137,,8.22857
754,2.21353,,137,,7.8
755,2.21711,,137,,7.45714
756,2.22069,,137,,7.11429
757,2.22427,,137,,6.77143
758,2.22785,,137,,6.42857
759,2.23143,,137,,6.08571
760,2.23501,,137,,5.74286
761,2.23859,,137,,5.4
762,2.24172,,138,,5.4
763,2.24539,,137.833,,5.7
764,2.24905,,137.667,,6
765,2.25271,,137.5,,6.3
766,2.25638,,137.333,,6.6
767,2.26005,,137.167,,6.9
768,2.26371,,137,,7.2
769,2.26694,,137,,7.22857
770,2.27018,,137,,7.25714
771,2.27341,,137,,7.28571
772,2.27665,,137,,7.31429
773,2.27988,,137,,7.34286
774,2.28312,,137,,7.37143
775,2.28635,,137,,7.4
776,2.2898,,136.833,,7.6
777,2.29324,,136.667,,7.8
778,2.29669,,136.5,,8
779,2.30014,,136.333,,8.2
780,2.30358,,136.167,,8.4
781,2.30703,,136,,8.6
782,2.3106,,136.6,,8.48
783,2.31418,,137.2,,8.36
784,2.31775,,137.8,,8.24
785,2.32133,,138.4,,8.12
786,2.3249,,139,,8
787,2.32791,,139,,8.08571
788,2.33091,,139,,8.17143
789,2.33392,,139,,8.25714
790,2.33692,,139,,8.34286
791,2.33993,,139,,8.42857
792,2.34293,,139,,8.51429
793,2.34594,,139,,8.6
794,2.34873,,139,,8.2
795,2.35153,,139,,7.8
796,2.35432,,139,,7.4
797,2.35742,,138.714,,7.2
798,2.36053,,138.429,,7
799,2.36363,,138.143,,6.8
800,2.36673,,137.857,,6.6
801,2.36983,,137.571,,6.4
802,2.37294,,137.286,,6.2
803,2.37604,,137,,6
804,2.37928,,137.143,,5.88571
805,2.38253,,137.286,,5.77143
806,2.38577,,137.429,,5.65714
807,2.38901,,137.571,,5.54286
808,2.39225,,137.714,,5.42857
809,2.3955,,137.857,,5.31429
810,2.39874,,138,,5.2
811,2.40173,,137.857,,5.2
812,2.40472,,137.714,,5.2
813,2.40771,,137.571,,5.2
814,2.41071,,137.429,,5.2
815,2.4137,,137.286,,5.2
816,2.41669,,137.143,,5.2
817,2.41968,,137,,5.2
818,2.42304,,137,,5.25714
819,2.42641,,137,,5.31429
820,2.42977,,137,,5.37143
821,2.43313,,137,,5.42857
822,2.43649,,137,,5.48571
823,2.43986,,137,,5.54286
824,2.44322,,137,,5.6
825,2.44698,,136.833,,5.7
826,2.45075,,136.667,,5.8
827,2.45451,,136.5,,5.9
828,2.45827,,136.333,,6
829,2.46204,,136.167,,6.1
830,2.4658,,136,,6.2
831,2.46874,,136,,6.28571
832,2.47167,,136,,6.37143
833,2.47461,,136,,6.45714
834,2.47754,,136,,6.54286
835,2.48048,,136,,6.62857
836,2.48341,,136,,6.71429
837,2.48635,,136,,6.8
838,2.48929,,136,,6.91429
839,2.49223,,136,,7.02857
840,2.49517,,136,,7.14286
841,2.49812,,136,,7.25714
842,2.50106,,136,,7.37143
843,2.504,,136,,7.48571
844,2.50694,,136,,7.6
845,2.50986,,135.875,,7.55
846,2.51277,,135.75,,7.5
847,2.51569,,135.625,,7.45
848,2.51861,,135.5,,7.4
849,2.52152,,135.375,,7.35
850,2.52444,,135.25,,7.3
851,2.52735,,135.125,,7.25
852,2.53027,,135,,7.2
853,2.5335,,135,,7.02857
854,2.53672,,135,,6.85714
855,2.53995,,135,,6.68571
856,2.54318,,135,,6.51429
857,2.54641,,135,,6.34286
858,2.54963,,135,,6.17143
859,2.55286,,135,,6
860,2.55611,,134.75,,5.35
861,2.55936,,134.5,,4.7
862,2.5626,,134.25,,4.05
863,2.56585,,134,,3.4
864,2.56927,,133.75,,3.15
865,2.57269,,133.5,,2.9
866,2.5761,,133.25,,2.65
867,2.57952,,133,,2.4
868,2.58254,,133.6,,2.32
869,2.58556,,134.2,,2.24
870,2.58857,,134.8,,2.16
871,2.59159,,135.4,,2.08
872,2.59461,,136,,2
873,2.59737,,136.75,,1.85
874,2.60014,,137.5,,1.7
875,2.60291,,138.25,,1.55
876,2.60567,,139,,1.4
877,2.60879,,139.286,,1.22857
878,2.61191,,139.571,,1.05714
879,2.61503,,139.857,,0.885714
880,2.61816,,140.143,,0.714286
881,2.62128,,140.429,,0.542857
882,2.6244,,140.714,,0.371429
883,2.62752,,141,,0.2
884,2.63057,,141,,0
885,2.63362,,141,,-0.2
886,2.6363,,140.5,,-0.3
887,2.63898,,140,,-0.4
888,2.64191,,140,,-0.4
889,2.64483,,140,,-0.4
890,2.64776,,140,,-0.4
891,2.65069,,140,,-0.4
892,2.65362,,140,,-0.4
893,2.65654,,140,,-0.4
894,2.65947,,140,,-0.4
895,2.66251,,140.4,,-0.56
896,2.66555,,140.8,,-0.72
897,2.66858,,141.2,,-0.88
898,2.67162,,141.6,,-1.04
899,2.67466,,142,,-1.2
900,2.67778,,142.143,,-1.42857
901,2.6809,,142.286,,-1.65714
902,2.68402,,142.429,,-1.88571
903,2.68715,,142.571,,-2.11429
904,2.69027,,142.714,,-2.34286
905,2.69339,,142.857,,-2.57143
906,2.69651,,143,,-2.8
907,2.69968,,143,,-2.6
908,2.70285,,143,,-2.54286
909,2.70602,,143,,-2.48571
910,2.70919,,143,,-2.42857
911,2.71235,,143,,-2.37143
912,2.71552,,143,,-2.31429
913,2.71869,,143,,-2.25714
914,2.72186,,143,,-2.2
915,2.72512,,143.143,,-1.97143
916,2.72838,,143.286,,-1.74286
917,2.73164,,143.429,,-1.51429
918,2.73489,,143.571,,-1.28571
919,2.73815,,143.714,,-1.05714
920,2.74141,,143.857,,-0.828571
921,2.74467,,144,,-0.6
922,2.74804,,144,,-0.133333
923,2.7514,,144,,0.333333
924,2.75477,,144,,0.8
925,2.75813,,144,,1.26667
926,2.7615,,144,,1.73333
927,2.76486,,144,,2.2
928,2.7681,,143.857,,2.65714
929,2.77133,,143.714,,3.11429
930,2.77457,,143.571,,3.57143
931,2.7778,,143.429,,4.02857
932,2.78104,,143.286,,4.48571
933,2.78427,,143.143,,4.94286
934,2.78751,,143,,5.4
935,2.79074,,142.714,,5.71429
936,2.79397,,142.429,,6.02857
937,2.7972,,142.143,,6.34286
938,2.80042,,141.857,,6.65714
939,2.80365,,141.571,,6.97143
940,2.80688,,141.286,,7.28571
941,2.81011,,141,,7.6
942,2.81338,,141.143,,7.82857
943,2.81666,,141.286,,8.05714
944,2.81993,,141.429,,8.28571
945,2.8232,,141.571,,8.51429
946,2.82647,,141.714,,8.74286
947,2.82975,,141.857,,8.97143
948,2.83302,,142,,9.2
949,2.83629,,141.857,,9.37143
950,2.83957,,141.714,,9.54286
951,2.84284,,141.571,,9.71429
952,2.84612,,141.429,,9.88571
953,2.84939,,141.286,,10.0571
954,2.85267,,141.143,,10.2286
955,2.85594,,141,,10.4
956,2.8591,,141.286,,10.3429
957,2.86225,,141.571,,10.2857
958,2.86541,,141.857,,10.2286
959,2.86857,,142.143,,10.1714
960,2.87173,,142.429,,10.1143
961,2.87488,,142.714,,10.0571
962,2.87804,,143,,10
963,2.88123,,143,,9.91429
964,2.88441,,143,,9.82857
965,2.8876,,143,,9.74286
966,2.89078,,143,,9.65714
967,2.89397,,143,,9.57143
968,2.89715,,143,,9.48571
969,2.90034,,143,,9.4
970,2.90356,,142.857,,9.34286
971,2.90677,,142.714,,9.28571
972,2.90999,,142.571,,9.22857
973,2.9132,,142.429,,9.17143
974,2.91642,,142.286,,9.11429
975,2.91963,,142.143,,9.05714
976,2.92285,,142,,9
977,2.92614,,141.714,,9
978,2.92942,,141.429,,9
979,2.93271,,141.143,,9
980,2.93599,,140.857,,9
981,2.93928,,140.571,,9
982,2.94256,,140.286,,9
983,2.94585,,140,,9
984,2.94901,,139.714,,9.08571
985,2.95216,,139.429,,9.17143
986,2.95532,,139.143,,9.25714
987,2.95848,,138.857,,9.34286
988,2.96164,,138.571,,9.42857
989,2.96479,,138.286,,9.51429
990,2.96795,,138,,9.6
991,2.97123,,138,,9.42857
992,2.9745,,138,,9.25714
993,2.97778,,138,,9.08571
994,2.98105,,138,,8.91429
995,2.98433,,138,,8.74286
996,2.9876,,138,,8.57143
997,2.99088,,138,,8.4
998,2.9941,,137.5,,8
999,2.99731,,137,,7.6
1000,3.00046,,137.286,,7.37143
1001,3.00361,,137.571,,7.14286
1002,3.00676,,137.857,,6.91429
1003,3.00991,,138.143,,6.68571
1004,3.01306,,138.429,,6.45714
1005,3.01621,,138.714,,6.22857
1006,3.01936,,139,,6
1007,3.02262,,139,,5.94286
1008,3.02587,,139,,5.88571
1009,3.02913,,139,,5.82857
1010,3.03239,,139,,5.77143
1011,3.03565,,139,,5.71429
1012,3.0389,,139,,5.65714
1013,3.04216,,139,,5.6
1014,3.04532,,139.143,,5.62857
1015,3.04849,,139.286,,5.65714
1016,3.05165,,139.429,,5.68571
1017,3.05481,,139.571,,5.71429
1018,3.05797,,139.714,,5.74286
1019,3.06114,,139.857,,5.77143
1020,3.0643,,140,,5.8
1021,3.06744,,140.286,,5.85714
1022,3.07058,,140.571,,5.91429
1023,3.07372,,140.857,,5.97143
1024,3.07686,,141.143,,6.02857
1025,3.08,,141.429,,6.08571
1026,3.08314,,141.714,,6.14286
1027,3.08628,,142,,6.2
1028,3.08956,,142,,6.28571
1029,3.09284,,142,,6.37143
1030,3.09612,,142,,6.45714
1031,3.0994,,142,,6.54286
1032,3.10268,,142,,6.62857
1033,3.10596,,142,,6.71429
1034,3.10924,,142,,6.8
1035,3.11247,,142,,6.82857
1036,3.11569,,142,,6.85714
1037,3.11892,,142,,6.88571
1038,3.12214,,142,,6.91429
1039,3.12537,,142,,6.94286
1040,3.12859,,142,,6.97143
1041,3.13182,,142,,7
1042,3.13516,,142,,7
1043,3.1385,,142,,7
1044,3.14184,,142,,7
1045,3.14517,,142,,7
1046,3.14851,,142,,7
1047,3.15185,,142,,7
1048,3.15519,,142,,7
1049,3.1585,,141.857,,7.2
1050,3.16182,,141.714,,7.4
1051,3.16513,,141.571,,7.6
1052,3.16845,,141.429,,7.8
1053,3.17176,,141.286,,8
1054,3.17508,,141.143,,8.2
1055,3.17839,,141,,8.4
1056,3.18162,,141.143,,8.6
1057,3.18484,,141.286,,8.8
1058,3.18807,,141.429,,9
1059,3.1913,,141.571,,9.2
1060,3.19453,,141.714,,9.4
1061,3.19775,,141.857,,9.6
1062,3.20098,,142,,9.8
1063,3.20435,,141.857,,9.88571
1064,3.20771,,141.714,,9.97143
1065,3.21108,,141.571,,10.0571
1066,3.21444,,141.429,,10.1429
1067,3.21781,,141.286,,10.2286
1068,3.22117,,141.143,,10.3143
1069,3.22454,,141,,10.4
1070,3.22784,,141.143,,10.2857
1071,3.23113,,141.286,,10.1714
1072,3.23443,,141.429,,10.0571
1073,3.23772,,141.571,,9.94286
1074,3.24102,,141.714,,9.82857
1075,3.24431,,141.857,,9.71429
1076,3.24761,,142,,9.6
1077,3.25098,,142.6,,9.48
1078,3.25436,,143.2,,9.36
1079,3.25773,,143.8,,9.24
1080,3.26111,,144.4,,9.12
1081,3.26448,,145,,9
1082,3.26768,,145,,8.71429
1083,3.27088,,145,,8.42857
1084,3.27408,,145,,8.14286
1085,3.27728,,145,,7.85714
1086,3.28048,,145,,7.57143
1087,3.28368,,145,,7.28571
1088,3.28688,,145,,7
1089,3.29016,,145,,6.85714
1090,3.29345,,145,,6.71429
1091,3.29673,,145,,6.57143
1092,3.30002,,145,,6.42857
1093,3.3033,,145,,6.28571
1094,3.30659,,145,,6.14286
1095,3.30987,,145,,6
1096,3.31312,,144.857,,5.77143
1097,3.31636,,144.714,,5.54286
1098,3.31961,,144.571,,5.31429
1099,3.32286,,144.429,,5.08571
1100,3.32611,,144.286,,4.85714
1101,3.32935,,144.143,,4.62857
1102,3.3326,,144,,4.4
1103,3.33569,,143.857,,4.25714
1104,3.33879,,143.714,,4.11429
1105,3.34188,,143.571,,3.97143
1106,3.34497,,143.429,,3.82857
1107,3.34806,,143.286,,3.68571
1108,3.35116,,143.143,,3.54286
1109,3.35425,,143,,3.4
1110,3.35746,,143,,3.34286
1111,3.36067,,143,,3.28571
1112,3.36388,,143,,3.22857
1113,3.36708,,143,,3.17143
1114,3.37029,,143,,3.11429
1115,3.3735,,143,,3.05714
1116,3.37671,,143,,3
1117,3.38007,,143.143,,3.05714
1118,3.38343,,143.286,,3.11429
1119,3.38679,,143.429,,3.17143
1120,3.39016,,143.571,,3.22857
1121,3.39352,,143.714,,3.28571
1122,3.39688,,143.857,,3.34286
1123,3.40024,,144,,3.4
1124,3.40345,,144,,3.37143
1125,3.40666,,144,,3.34286
1126,3.40987,,144,,3.31429
1127,3.41309,,144,,3.28571
1128,3.4163,,144,,3.25714
1129,3.41951,,144,,3.22857
1130,3.42272,,144,,3.2
1131,3.42593,,144.143,,3.17143
1132,3.42914,,144.286,,3.14286
1133,3.43235,,144.429,,3.11429
1134,3.43555,,144.571,,3.08571
1135,3.43876,,144.714,,3.05714
1136,3.44197,,144.857,,3.02857
1137,3.44518,,145,,3
1138,3.44855,,145.143,,3.11429
1139,3.45191,,145.286,,3.22857
1140,3.45528,,145.429,,3.34286
1141,3.45865,,145.571,,3.45714
1142,3.46202,,145.714,,3.57143
1143,3.46538,,145.857,,3.68571
1144,3.46875,,146,,3.8
1145,3.47218,,146,,3.86667
1146,3.47561,,146,,3.93333
1147,3.47905,,146,,4
1148,3.48248,,146,,4.06667
1149,3.48591,,146,,4.13333
1150,3.48934,,146,,4.2
1151,3.49269,,146.143,,4.08571
1152,3.49604,,146.286,,3.97143
1153,3.49939,,146.429,,3.85714
1154,3.50274,,146.571,,3.74286
1155,3.50609,,146.714,,3.62857
1156,3.50944,,146.857,,3.51429
1157,3.51279,,147,,3.4
1158,3.51589,,147.143,,3.48571
1159,3.51899,,147.286,,3.57143
1160,3.52209,,147.429,,3.65714
1161,3.52518,,147.571,,3.74286
1162,3.52828,,147.714,,3.82857
1163,3.53138,,147.857,,3.91429
1164,3.53448,,148,,4
1165,3.53759,,147.857,,4.05714
1166,3.54071,,147.714,,4.11429
1167,3.54382,,147.571,,4.17143
1168,3.54693,,147.429,,4.22857
1169,3.55004,,147.286,,4.28571
1170,3.55316,,147.143,,4.34286
1171,3.55627,,147,,4.4
1172,3.5594,,147.143,,4.57143
1173,3.56253,,147.286,,4.74286
1174,3.56566,,147.429,,4.91429
1175,3.5688,,147.571,,5.08571
1176,3.57193,,147.714,,5.25714
1177,3.57506,,147.857,,5.42857
1178,3.57819,,148,,5.6
1179,3.58118,,147.857,,5.8
1180,3.58417,,147.714,,6
1181,3.58716,,147.571,,6.2
1182,3.59015,,147.429,,6.4
1183,3.59314,,147.286,,6.6
1184,3.59613,,147.143,,6.8
1185,3.59912,,147,,7
1186,3.60206,,147.286,,7.05714
1187,3.60501,,147.571,,7.11429
1188,3.60795,,147.857,,7.17143
1189,3.6109,,148.143,,7.22857
1190,3.61384,,148.429,,7.28571
1191,3.61679,,148.714,,7.34286
1192,3.61973,,149,,7.4
1193,3.62276,,149,,7.62857
1194,3.62579,,149,,7.85714
1195,3.62882,,149,,8.08571
1196,3.63186,,149,,8.31429
1197,3.63489,,149,,8.54286
1198,3.63792,,149,,8.77143
1199,3.64095,,149,,9
1200,3.64397,,148.857,,9.08571
1201,3.647,,148.714,,9.17143
1202,3.65002,,148.571,,9.25714
1203,3.65304,,148.429,,9.34286
1204,3.65606,,148.286,,9.42857
1205,3.65909,,148.143,,9.51429
1206,3.66211,,148,,9.6
1207,3.6651,,148,,9.71429
1208,3.66809,,148,,9.82857
1209,3.67108,,148,,9.94286
1210,3.67408,,148,,10.0571
1211,3.67707,,148,,10.1714
1212,3.68006,,148,,10.2857
1213,3.68305,,148,,10.4
1214,3.68597,,147.714,,10.3714
1215,3.68888,,147.429,,10.3429
1216,3.6918,,147.143,,10.3143
1217,3.69471,,146.857,,10.2857
1218,3.69763,,146.571,,10.2571
1219,3.70054,,146.286,,10.2286
1220,3.70346,,146,,10.2
1221,3.70637,,146.143,,10
1222,3.70927,,146.286,,9.8
1223,3.71218,,146.429,,9.6
1224,3.71509,,146.571,,9.4
1225,3.718,,146.714,,9.2
1226,3.7209,,146.857,,9
1227,3.72381,,147,,8.8
1228,3.72701,,147,,8.77143
1229,3.73022,,147,,8.74286
1230,3.73342,,147,,8.71429
1231,3.73662,,147,,8.68571
1232,3.73982,,147,,8.65714
1233,3.74303,,147,,8.62857
1234,3.74623,,147,,8.6
1235,3.74981,,147.333,,8.66667
1236,3.75338,,147.667,,8.73333
1237,3.75696,,148,,8.8
1238,3.76055,,148.167,,8.73333
1239,3.76415,,148.333,,8.66667
1240,3.76774,,148.5,,8.6
1241,3.77133,,148.667,,8.53333
1242,3.77493,,148.833,,8.46667
1243,3.77852,,149,,8.4
1244,3.78205,,149.333,,8.26667
1245,3.78557,,149.667,,8.13333
1246,3.7891,,150,,8
1247,3.79256,,150,,8.03333
1248,3.79603,,150,,8.06667
1249,3.79949,,150,,8.1
1250,3.80295,,150,,8.13333
1251,3.80642,,150,,8.16667
1252,3.80988,,150,,8.2
1253,3.81329,,149.667,,8.26667
1254,3.8167,,149.333,,8.33333
1255,3.82011,,149,,8.4
1256,3.82352,,148.667,,8.46667
1257,3.82693,,148.333,,8.53333
1258,3.83034,,148,,8.6
1259,3.8338,,148.167,,8.83333
1260,3.83727,,148.333,,9.06667
1261,3.84074,,148.5,,9.3
1262,3.8442,,148.667,,9.53333
1263,3.84767,,148.833,,9.76667
1264,3.85113,,149,,10
1265,3.85468,,149.167,,10.2667
1266,3.85824,,149.333,,10.5333
1267,3.86179,,149.5,,10.8
1268,3.86534,,149.667,,11.0667
1269,3.8689,,149.833,,11.3333
1270,3.87245,,150,,11.6
1271,3.87574,,149.714,,11.9143
1272,3.87902,,149.429,,12.2286
1273,3.88231,,149.143,,12.5429
1274,3.8856,,148.857,,12.8571
1275,3.88889,,148.571,,13.1714
1276,3.89217,,148.286,,13.4857
1277,3.89546,,148,,13.8
1278,3.89873,,148.143,,14.1143
1279,3.902,,148.286,,14.4286
1280,3.90527,,148.429,,14.7429
1281,3.90855,,148.571,,15.0571
1282,3.91182,,148.714,,15.3714
1283,3.91509,,148.857,,15.6857
1284,3.91836,,149,,16
1285,3.92161,,149,,16.1714
1286,3.92486,,149,,16.3429
1287,3.92811,,149,,16.5143
1288,3.93137,,149,,16.6857
1289,3.93462,,149,,16.8571
1290,3.93787,,149,,17.0286
1291,3.94112,,149,,17.2
1292,3.94457,,148.833,,17.5333
1293,3.94803,,148.667,,17.8667
1294,3.95148,,148.5,,18.2
1295,3.95493,,148.333,,18.5333
1296,3.95839,,148.167,,18.8667
1297,3.96184,,148,,19.2
1298,3.9651,,148,,19.4
1299,3.96837,,148,,19.6
1300,3.97163,,148,,19.8
1301,3.9749,,148,,20
1302,3.97816,,148,,20.2
1303,3.98143,,148,,20.4
1304,3.98469,,148,,20.6
1305,3.98795,,148,,20.95
1306,3.9912,,148,,21.3
1307,3.99446,,148,,21.65
1308,3.99772,,148,,22
1309,4.00088,,147.857,,21.8571
1310,4.00404,,147.714,,21.7143
1311,4.0072,,147.571,,21.5714
1312,4.01036,,147.429,,21.4286
1313,4.01352,,147.286,,21.2857
1314,4.01668,,147.143,,21.1429
1315,4.01984,,147,,21
1316,4.02307,,147,,20.8
1317,4.02631,,147,,20.6
1318,4.02954,,147,,20.4
1319,4.03278,,147,,20.2
1320,4.03601,,147,,20
1321,4.03974,,146.833,,19.9667
1322,4.04347,,146.667,,19.9333
1323,4.0472,,146.5,,19.9
1324,4.05094,,146.333,,19.8667
1325,4.05467,,146.167,,19.8333
1326,4.0584,,146,,19.8
1327,4.06178,,145,,19.6
1328,4.0654,,145.333,,19.2667
1329,4.06901,,145.667,,18.9333
1330,4.07263,,146,,18.6
1331,4.07625,,146.333,,18.2667
1332,4.07986,,146.667,,17.9333
1333,4.08348,,147,,17.6
1334,4.08678,,147,,17.0571
1335,4.09009,,147,,16.5143
1336,4.09339,,147,,15.9714
1337,4.09669,,147,,15.4286
1338,4.09999,,147,,14.8857
1339,4.1033,,147,,14.3429
1340,4.1066,,147,,13.8
1341,4.10951,,146.714,,13.4571
1342,4.11241,,146.429,,13.1143
1343,4.11532,,146.143,,12.7714
1344,4.11822,,145.857,,12.4286
1345,4.12113,,145.571,,12.0857
1346,4.12403,,145.286,,11.7429
1347,4.12694,,145,,11.4
1348,4.12966,,144.875,,11.1
1349,4.13238,,144.75,,10.8
1350,4.1351,,144.625,,10.5
1351,4.13781,,144.5,,10.2
1352,4.14053,,144.375,,9.9
1353,4.14325,,144.25,,9.6
1354,4.14597,,144.125,,9.3
1355,4.14869,,144,,9
1356,4.15168,,144.75,,8.95
1357,4.15467,,145.5,,8.9
1358,4.15766,,146.25,,8.85
1359,4.16065,,147,,8.8
1360,4.16366,,147,,9.1
1361,4.16668,,147,,9.4
1362,4.16975,,146,,9.6
1363,4.17281,,145,,9.8
1364,4.17588,,144,,10
1365,4.17908,,144.143,,10.1429
1366,4.18229,,144.286,,10.2857
1367,4.18549,,144.429,,10.4286
1368,4.1887,,144.571,,10.5714
1369,4.1919,,144.714,,10.7143
1370,4.19511,,144.857,,10.8571
1371,4.19831,,145,,11
1372,4.20155,,145.143,,10.6571
1373,4.2048,,145.286,,10.3143
1374,4.20804,,145.429,,9.97143
1375,4.21128,,145.571,,9.62857
1376,4.21452,,145.714,,9.28571
1377,4.21777,,145.857,,8.94286
1378,4.22101,,146,,8.6
1379,4.22415,,146,,8.17143
1380,4.2273,,146,,7.74286
1381,4.23044,,146,,7.31429
1382,4.23359,,146,,6.88571
1383,4.23673,,146,,6.45714
1384,4.23988,,146,,6.02857
1385,4.24302,,146,,5.6
1386,4.24641,,146.167,,5.6
1387,4.24981,,146.333,,5.6
1388,4.2532,,146.5,,5.6
1389,4.2566,,146.667,,5.6
1390,4.25999,,146.833,,5.6
1391,4.26339,,147,,5.6
1392,4.2665,,147.143,,5.74286
1393,4.2696,,147.286,,5.88571
1394,4.27271,,147.429,,6.02857
1395,4.27582,,147.571,,6.17143
1396,4.27893,,147.714,,6.31429
1397,4.28203,,147.857,,6.45714
1398,4.28514,,148,,6.6
1399,4.28818,,147.857,,6.85714
1400,4.29122,,147.714,,7.11429
1401,4.29426,,147.571,,7.37143
1402,4.29731,,147.429,,7.62857
1403,4.30035,,147.286,,7.88571
1404,4.30339,,147.143,,8.14286
1405,4.30643,,147,,8.4
1406,4.30931,,147,,8.48571
1407,4.3122,,147,,8.57143
1408,4.31508,,147,,8.65714
1409,4.31797,,147,,8.74286
1410,4.32085,,147,,8.82857
1411,4.32374,,147,,8.91429
1412,4.32662,,147,,9
1413,4.3295,,147,,9.17143
1414,4.33238,,147,,9.34286
1415,4.33526,,147,,9.51429
1416,4.33814,,147,,9.68571
1417,4.34102,,147,,9.85714
1418,4.3439,,147,,10.0286
1419,4.34678,,147,,10.2
1420,4.3498,,146.857,,10.2571
1421,4.35283,,146.714,,10.3143
1422,4.35585,,146.571,,10.3714
1423,4.35887,,146.429,,10.4286
1424,4.36189,,146.286,,10.4857
1425,4.36492,,146.143,,10.5429
1426,4.36794,,146,,10.6
1427,4.37104,,145.714,,10.7143
1428,4.37415,,145.429,,10.8286
1429,4.37725,,145.143,,10.9429
1430,4.38035,,144.857,,11.0571
1431,4.38345,,144.571,,11.1714
1432,4.38656,,144.286,,11.2857
1433,4.38966,,144,,11.4
1434,4.3928,,144.571,,11.5714
1435,4.39595,,145.143,,11.7429
1436,4.39909,,145.714,,11.9143
1437,4.40223,,146.286,,12.0857
1438,4.40537,,146.857,,12.2571
1439,4.40852,,147.429,,12.4286
1440,4.41166,,148,,12.6
1441,4.415,,148.167,,12.8333
1442,4.41833,,148.333,,13.0667
1443,4.42167,,148.5,,13.3
1444,4.42501,,148.667,,13.5333
1445,4.42834,,148.833,,13.7667
1446,4.43168,,149,,14
1447,4.43494,,149.286,,13.9714
1448,4.43819,,149.571,,13.9429
1449,4.44145,,149.857,,13.9143
1450,4.4447,,150.143,,13.8857
1451,4.44796,,150.429,,13.8571
1452,4.45121,,150.714,,13.8286
1453,4.45447,,151,,13.8
1454,4.45789,,151.167,,13.6
1455,4.46131,,151.333,,13.4
1456,4.46474,,151.5,,13.2
1457,4.46816,,151.667,,13
1458,4.47158,,151.833,,12.8
1459,4.475,,152,,12.6
1460,4.47844,,151.667,,12.7333
1461,4.48189,,151.333,,12.8667
1462,4.48533,,151,,13
1463,4.48877,,150.667,,13.1333
1464,4.49222,,150.333,,13.2667
1465,4.49566,,150,,13.4
1466,4.49899,,149.857,,13.6571
1467,4.50233,,149.714,,13.9143
1468,4.50566,,149.571,,14.1714
1469,4.509,,149.429,,14.4286
1470,4.51233,,149.286,,14.6857
1471,4.51567,,149.143,,14.9429
1472,4.519,,149,,15.2
1473,4.52245,,149,,15.5667
1474,4.52591,,149,,15.9333
1475,4.52936,,149,,16.3
1476,4.53282,,149,,16.6667
1477,4.53627,,149,,17.0333
1478,4.53973,,149,,17.4
1479,4.54312,,148.667,,17.3333
1480,4.54651,,148.333,,17.2667
1481,4.5499,,148,,17.2
1482,4.5533,,147.667,,17.1333
1483,4.55669,,147.333,,17.0667
1484,4.56008,,147,,17
1485,4.56302,,147.333,,16.9333
1486,4.56597,,147.667,,16.8667
1487,4.56891,,148,,16.8
1552,4.56891,,101,,13.2
1553,4.56988,,101,,13.2
1554,4.57326,,102.167,,13.2
1555,4.57665,,103.333,,13.2
1556,4.58003,,104.5,,13.2
1557,4.58341,,105.667,,13.2
1558,4.5868,,106.833,,13.2
1559,4.59018,,108,,13.2
1560,4.59361,,110.5,,13.1
1561,4.59704,,113,,13
1562,4.60012,,115.333,,12.8667
1563,4.60319,,117.667,,12.7333
1564,4.60627,,120,,12.6
1590,4.60712,,115,,12.8
1591,4.60911,,114.333,,12.8
1592,4.6111,,113.667,,12.8
1593,4.61309,,113,,12.8
1594,4.61538,,114,,12.8
1595,4.61768,,115,,12.8
1596,4.61997,,116,,12.8
1597,4.62301,,117.5,,12.8
1598,4.62606,,119,,12.8
1599,4.62882,,119.5,,12.7
1600,4.63158,,120,,12.6
1601,4.63503,,120,,12.6
1602,4.63848,,120,,12.6
1603,4.64193,,120,,12.6
1604,4.64538,,120,,12.6
1605,4.64883,,120,,12.6
1606,4.65228,,120,,12.6
1607,4.6557,,120.75,,12.75
1608,4.65912,,121.5,,12.9
1609,4.66255,,122.25,,13.05
1610,4.66597,,123,,13.2
1611,4.66961,,123.75,,13.3
1612,4.67326,,124.5,,13.4
1613,4.6769,,125.25,,13.5
1614,4.68055,,126,,13.6
1615,4.68426,,127,,13.9333
1616,4.68796,,128,,14.2667
1617,4.69167,,129,,14.6
1618,4.69506,,129.6,,14.88
1619,4.69845,,130.2,,15.16
1620,4.70183,,130.8,,15.44
1621,4.70522,,131.4,,15.72
1622,4.70861,,132,,16
1623,4.71192,,132.6,,15.96
1624,4.71523,,133.2,,15.92
1625,4.71854,,133.8,,15.88
1626,4.72185,,134.4,,15.84
1627,4.72516,,135,,15.8
1628,4.72823,,135.143,,16.2
1629,4.73131,,135.286,,16.6
1630,4.73438,,135.429,,17
1631,4.73745,,135.571,,17.4
1632,4.74052,,135.714,,17.8
1633,4.7436,,135.857,,18.2
1634,4.74667,,136,,18.6
1635,4.74996,,136.286,,18.8
1636,4.75325,,136.571,,19
1637,4.75654,,136.857,,19.2
1638,4.75984,,137.143,,19.4
1639,4.76313,,137.429,,19.6
1640,4.76642,,137.714,,19.8
1641,4.76971,,138,,20
1642,4.77305,,138.333,,19.8667
1643,4.7764,,138.667,,19.7333
1644,4.77974,,139,,19.6
1645,4.78308,,139.333,,19.4667
1646,4.78643,,139.667,,19.3333
1647,4.78977,,140,,19.2
1648,4.79291,,140.5,,18.8667
1649,4.79605,,141,,18.5333
1650,4.79918,,141.5,,18.2
1651,4.80232,,142,,17.8667
1652,4.80546,,142.5,,17.5333
1653,4.8086,,143,,17.2
1654,4.81212,,144,,17.0667
1655,4.81564,,145,,16.9333
1656,4.81916,,146,,16.8
1657,4.8226,,146.6,,16.84
1658,4.82603,,147.2,,16.88
1659,4.82947,,147.8,,16.92
1660,4.8329,,148.4,,16.96
1661,4.83634,,149,,17
1662,4.8393,,148.857,,17.1143
1663,4.84225,,148.714,,17.2286
1664,4.84521,,148.571,,17.3429
1665,4.84816,,148.429,,17.4571
1666,4.85112,,148.286,,17.5714
1667,4.85407,,148.143,,17.6857
1668,4.85703,,148,,17.8
1669,4.85998,,148.5,,17.95
1670,4.86294,,149,,18.1
1671,4.8659,,149.5,,18.25
1672,4.86885,,150,,18.4
1673,4.87197,,150,,18.4286
1674,4.87508,,150,,18.4571
1675,4.8782,,150,,18.4857
1676,4.88131,,150,,18.5143
1677,4.88443,,150,,18.5429
1678,4.88754,,150,,18.5714
1679,4.89066,,150,,18.6
1680,4.89335,,149.875,,18.775
1681,4.89604,,149.75,,18.95
1682,4.89873,,149.625,,19.125
1683,4.90142,,149.5,,19.3
1684,4.90412,,149.375,,19.475
1685,4.90681,,149.25,,19.65
1686,4.9095,,149.125,,19.825
1687,4.91219,,149,,20
1688,4.91473,,148.875,,20.2
1689,4.91728,,148.75,,20.4
1690,4.91983,,148.625,,20.6
1691,4.92237,,148.5,,20.8
1692,4.92491,,148.375,,21
1693,4.92746,,148.25,,21.2
1694,4.93001,,148.125,,21.4
1695,4.93255,,148,,21.6
1696,4.93528,,147.875,,21.825
1697,4.93801,,147.75,,22.05
1698,4.94074,,147.625,,22.275
1699,4.94348,,147.5,,22.5
1700,4.94621,,147.375,,22.725
1701,4.94894,,147.25,,22.95
1702,4.95167,,147.125,,23.175
1703,4.9544,,147,,23.4
1704,4.95723,,147,,23.6
1705,4.96006,,147,,23.8
1706,4.96289,,147,,24
1707,4.96572,,147,,24.2
1708,4.96854,,147,,24.4
1709,4.97137,,147,,24.6
1710,4.9742,,147,,24.8
1711,4.97703,,147,,25
1712,4.98034,,146.833,,25.2667
1713,4.98365,,146.667,,25.5333
1714,4.98696,,146.5,,25.8
1715,4.99027,,146.333,,26.0667
1716,4.99358,,146.167,,26.3333
1717,4.99689,,146,,26.6
1718,5.00017,,146,,26.8286
1719,5.00346,,146,,27.0571
1720,5.00674,,146,,27.2857
1721,5.01003,,146,,27.5143
1722,5.01331,,146,,27.7429
1723,5.0166,,146,,27.9714
1724,5.01988,,146,,28.2
1725,5.02285,,146.143,,28.2857
1726,5.02582,,146.286,,28.3714
1727,5.02879,,146.429,,28.4571
1728,5.03176,,146.571,,28.5429
1729,5.03473,,146.714,,28.6286
1730,5.0377,,146.857,,28.7143
1731,5.04067,,147,,28.8
1732,5.04329,,147,,28.8
1733,5.0459,,147,,28.8
1734,5.04852,,147,,28.8
1735,5.05114,,147,,28.8
1772,5.05114,,121,,26.4
1773,5.05232,,122,,26.2
1774,5.05478,,122.375,,26.275
1775,5.05723,,122.75,,26.35
1776,5.05968,,123.125,,26.425
1777,5.06214,,123.5,,26.5
1778,5.06459,,123.875,,26.575
1779,5.06705,,124.25,,26.65
1780,5.0695,,124.625,,26.725
1781,5.07196,,125,,26.8
1782,5.07491,,125.286,,26.8286
1783,5.07786,,125.571,,26.8571
1784,5.08081,,125.857,,26.8857
1785,5.08376,,126.143,,26.9143
1786,5.08671,,126.429,,26.9429
1787,5.08966,,126.714,,26.9714
1788,5.09261,,127,,27
1789,5.09568,,127.5,,27
1790,5.09875,,128,,27
1791,5.10182,,128.5,,27
1792,5.10489,,129,,27
1793,5.10796,,129.5,,27
1794,5.11103,,130,,27
1795,5.11408,,130.75,,26.85
1796,5.11712,,131.5,,26.7
1797,5.12017,,132.25,,26.55
1798,5.12322,,133,,26.4
1799,5.12622,,133.75,,26.55
1800,5.12922,,134.5,,26.7
1801,5.13223,,135.25,,26.85
1802,5.13523,,136,,27
1803,5.13811,,136.75,,27
1804,5.14098,,137.5,,27
1805,5.14386,,138.25,,27
1806,5.14674,,139,,27
1807,5.14988,,139.286,,27.1143
1808,5.15302,,139.571,,27.2286
1809,5.15616,,139.857,,27.3429
1810,5.15931,,140.143,,27.4571
1811,5.16245,,140.429,,27.5714
1812,5.16559,,140.714,,27.6857
1813,5.16873,,141,,27.8
1814,5.17172,,141.143,,27.8286
1815,5.1747,,141.286,,27.8571
1816,5.17769,,141.429,,27.8857
1817,5.18068,,141.571,,27.9143
1818,5.18367,,141.714,,27.9429
1819,5.18665,,141.857,,27.9714
1820,5.18964,,142,,28
1821,5.19252,,142,,28.2
1822,5.1954,,142,,28.4
1823,5.19828,,142,,28.6
1824,5.20117,,142,,28.8
1825,5.20405,,142,,29
1826,5.20693,,142,,29.2
1827,5.20981,,142,,29.4
1828,5.21295,,142,,29.4857
1829,5.2161,,142,,29.5714
1830,5.21924,,142,,29.6571
1831,5.22238,,142,,29.7429
1832,5.22552,,142,,29.8286
1833,5.22867,,142,,29.9143
1834,5.23181,,142,,30
1835,5.23482,,142,,30.2571
1836,5.23784,,142,,30.5143
1837,5.24085,,142,,30.7714
1838,5.24386,,142,,31.0286
1839,5.24687,,142,,31.2857
1840,5.24989,,142,,31.5429
1841,5.2529,,142,,31.8
1842,5.2558,,142.286,,31.8857
1843,5.2587,,142.571,,31.9714
1844,5.2616,,142.857,,32.0571
1845,5.2645,,143.143,,32.1429
1846,5.2674,,143.429,,32.2286
1847,5.2703,,143.714,,32.3143
1848,5.2732,,144,,32.4
1849,5.27596,,145,,32.1333
1850,5.27873,,146,,31.8667
1851,5.28149,,147,,31.6
1852,5.28447,,147.286,,31.6571
1853,5.28744,,147.571,,31.7143
1854,5.29042,,147.857,,31.7714
1855,5.2934,,148.143,,31.8286
1856,5.29638,,148.429,,31.8857
1857,5.29935,,148.714,,31.9429
1858,5.30233,,149,,32
1859,5.30513,,149.125,,31.775
1860,5.30794,,149.25,,31.55
1861,5.31074,,149.375,,31.325
1862,5.31354,,149.5,,31.1
1863,5.31635,,149.625,,30.875
1864,5.31915,,149.75,,30.65
1865,5.32196,,149.875,,30.425
1866,5.32476,,150,,30.2
1867,5.32796,,150,,30.3143
1868,5.33115,,150,,30.4286
1869,5.33435,,150,,30.5429
1870,5.33754,,150,,30.6571
1871,5.34074,,150,,30.7714
1872,5.34393,,150,,30.8857
1873,5.34713,,150,,31
1874,5.35021,,150.143,,31.1143
1875,5.3533,,150.286,,31.2286
1876,5.35638,,150.429,,31.3429
1877,5.35946,,150.571,,31.4571
1878,5.36254,,150.714,,31.5714
1879,5.36563,,150.857,,31.6857
1880,5.36871,,151,,31.8
1881,5.37189,,151,,31.9429
1882,5.37507,,151,,32.0857
1883,5.37825,,151,,32.2286
1884,5.38142,,151,,32.3714
1885,5.3846,,151,,32.5143
1886,5.38778,,151,,32.6571
1887,5.39096,,151,,32.8
1888,5.39414,,151,,32.8571
1889,5.39732,,151,,32.9143
1890,5.4005,,151,,32.9714
1891,5.40368,,151,,33.0286
1892,5.40686,,151,,33.0857
1893,5.41004,,151,,33.1429
1894,5.41322,,151,,33.2
1895,5.41615,,150.857,,33.1714
1896,5.41907,,150.714,,33.1429
1897,5.422,,150.571,,33.1143
1898,5.42492,,150.429,,33.0857
1899,5.42785,,150.286,,33.0571
1900,5.43077,,150.143,,33.0286
1901,5.4337,,150,,33
1902,5.43644,,150.125,,33
1903,5.43919,,150.25,,33
1904,5.44193,,150.375,,33
1905,5.44468,,150.5,,33
1906,5.44742,,150.625,,33
1907,5.45017,,150.75,,33
1908,5.45291,,150.875,,33
1909,5.45566,,151,,33
1910,5.45844,,151,,32.875
1911,5.46122,,151,,32.75
1912,5.46399,,151,,32.625
1913,5.46677,,151,,32.5
1914,5.46955,,151,,32.375
1915,5.47232,,151,,32.25
1916,5.4751,,151,,32.125
1917,5.47788,,151,,32
1918,5.48092,,150.857,,32.2857
1919,5.48397,,150.714,,32.5714
1920,5.48701,,150.571,,32.8571
1921,5.49006,,150.429,,33.1429
1922,5.4931,,150.286,,33.4286
1923,5.49615,,150.143,,33.7143
1924,5.49919,,150,,34
1925,5.50185,,150,,34.1
1926,5.50451,,150,,34.2
1927,5.50717,,150,,34.3
1928,5.50983,,150,,34.4
1929,5.51248,,150,,34.5
1930,5.51514,,150,,34.6
1931,5.5178,,150,,34.7
1932,5.52046,,150,,34.8
1933,5.52371,,150,,34.9714
1934,5.52697,,150,,35.1429
1935,5.53022,,150,,35.3143
1936,5.53348,,150,,35.4857
1937,5.53673,,150,,35.6571
1938,5.53999,,150,,35.8286
1939,5.54324,,150,,36
1940,5.54627,,150.143,,36.1143
1941,5.5493,,150.286,,36.2286
1942,5.55233,,150.429,,36.3429
1943,5.55537,,150.571,,36.4571
1944,5.5584,,150.714,,36.5714
1945,5.56143,,150.857,,36.6857
1946,5.56446,,151,,36.8
1947,5.56746,,151.143,,37.3714
1948,5.57046,,151.286,,37.9429
1949,5.57346,,151.429,,38.5143
1950,5.57646,,151.571,,39.0857
1951,5.57946,,151.714,,39.6571
1952,5.58246,,151.857,,40.2286
1953,5.58546,,152,,40.8
1954,5.58842,,152,,40.9429
1955,5.59138,,152,,41.0857
1956,5.59434,,152,,41.2286
1957,5.59731,,152,,41.3714
1958,5.60027,,152,,41.5143
1959,5.60323,,152,,41.6571
1960,5.60619,,152,,41.8
1961,5.60942,,152,,41.8286
1962,5.61265,,152,,41.8571
1963,5.61588,,152,,41.8857
1964,5.61911,,152,,41.9143
1965,5.62234,,152,,41.9429
1966,5.62557,,152,,41.9714
1967,5.6288,,152,,42
1968,5.632,,151.857,,42.2
1969,5.6352,,151.714,,42.4
1970,5.6384,,151.571,,42.6
1971,5.64161,,151.429,,42.8
1972,5.64481,,151.286,,43
1973,5.64801,,151.143,,43.2
1974,5.65121,,151,,43.4
1975,5.65429,,150.857,,43.8
1976,5.65737,,150.714,,44.2
1977,5.66045,,150.571,,44.6
1978,5.66352,,150.429,,45
1979,5.6666,,150.286,,45.4
1980,5.66968,,150.143,,45.8
1981,5.67276,,150,,46.2
1982,5.67571,,150.143,,46.5429
1983,5.67865,,150.286,,46.8857
1984,5.6816,,150.429,,47.2286
1985,5.68454,,150.571,,47.5714
1986,5.68749,,150.714,,47.9143
1987,5.69043,,150.857,,48.2571
1988,5.69338,,151,,48.6
1989,5.69653,,151,,48.8857
1990,5.69967,,151,,49.1714
1991,5.70282,,151,,49.4571
1992,5.70596,,151,,49.7429
1993,5.70911,,151,,50.0286
1994,5.71225,,151,,50.3143
1995,5.7154,,151,,50.6
1996,5.71855,,150.857,,50.7429
1997,5.7217,,150.714,,50.8857
1998,5.72485,,150.571,,51.0286
1999,5.72799,,150.429,,51.1714
2000,5.73114,,150.286,,51.3143
2001,5.73429,,150.143,,51.4571
2002,5.73744,,150,,51.6
2003,5.74013,,150,,51.4
2004,5.74256,,150.2,,51.24
2005,5.74499,,150.4,,51.08
2006,5.74743,,150.6,,50.92
2007,5.74986,,150.8,,50.76
2008,5.75229,,151,,50.6
2009,5.75479,,151,,50.4
2010,5.75729,,151,,50.2
2011,5.75979,,151,,50
2012,5.76229,,151,,49.8
2013,5.7648,,151,,49.6
2014,5.7673,,151,,49.4
2015,5.7698,,151,,49.2
2016,5.7723,,151,,49
2017,5.77481,,151,,48.6667
2018,5.77733,,151,,48.3333
2019,5.77984,,151,,48
2020,5.78379,,151,,48.5
2021,5.78774,,151,,49
2022,5.79169,,151,,49.5
2023,5.79563,,151,,50
2024,5.79958,,151,,50.5
2025,5.80353,,151,,51
2026,5.80753,,150.5,,51.6
2027,5.81153,,150,,52.2
2028,5.81433,,150,,52.325
2029,5.81712,,150,,52.45
2030,5.81992,,150,,52.575
2031,5.82272,,150,,52.7
2032,5.82552,,150,,52.825
2033,5.82831,,150,,52.95
2034,5.83111,,150,,53.075
2035,5.83391,,150,,53.2
2036,5.83692,,150.143,,53.0857
2037,5.83994,,150.286,,52.9714
2038,5.84295,,150.429,,52.8571
2039,5.84597,,150.571,,52.7429
2040,5.84898,,150.714,,52.6286
2041,5.852,,150.857,,52.5143
2042,5.85501,,151,,52.4
2043,5.85797,,150,,52.5333
2044,5.86093,,149,,52.6667
2045,5.86389,,148,,52.8
2046,5.86709,,148.143,,52.9429
2047,5.87029,,148.286,,53.0857
2048,5.87349,,148.429,,53.2286
2049,5.87669,,148.571,,53.3714
2050,5.87989,,148.714,,53.5143
2051,5.88309,,148.857,,53.6571
2052,5.88629,,149,,53.8
2053,5.88947,,148.714,,53.8571
2054,5.89265,,148.429,,53.9143
2055,5.89583,,148.143,,53.9714
2056,5.899,,147.857,,54.0286
2057,5.90218,,147.571,,54.0857
2058,5.90536,,147.286,,54.1429
2059,5.90854,,147,,54.2
2060,5.91162,,147.286,,53.9143
2061,5.91471,,147.571,,53.6286
2062,5.91779,,147.857,,53.3429
2063,5.92088,,148.143,,53.0571
2064,5.92396,,148.429,,52.7714
2065,5.92705,,148.714,,52.4857
2066,5.93013,,149,,52.2
2067,5.93219,,150,,50.8
2068,5.93538,,150.143,,50.4571
2069,5.93857,,150.286,,50.1143
2070,5.94176,,150.429,,49.7714
2071,5.94496,,150.571,,49.4286
2072,5.94815,,150.714,,49.0857
2073,5.95134,,150.857,,48.7429
2074,5.95453,,151,,48.4
2075,5.95754,,151,,47.9429
2076,5.96056,,151,,47.4857
2077,5.96357,,151,,47.0286
2078,5.96659,,151,,46.5714
2079,5.9696,,151,,46.1143
2080,5.97262,,151,,45.6571
2081,5.97563,,151,,45.2
2082,5.97882,,151,,44.8857
2083,5.982,,151,,44.5714
2084,5.98519,,151,,44.2571
2085,5.98837,,151,,43.9429
2086,5.99156,,151,,43.6286
2087,5.99474,,151,,43.3143
2088,5.99793,,151,,43
2089,6.00119,,151,,42.9143
2090,6.00445,,151,,42.8286
2091,6.00771,,151,,42.7429
2092,6.01096,,151,,42.6571
2093,6.01422,,151,,42.5714
2094,6.01748,,151,,42.4857
2095,6.02074,,151,,42.4
2096,6.02416,,151,,42.5
2097,6.02759,,151,,42.6
2098,6.03102,,151,,42.7
2099,6.03444,,151,,42.8
2100,6.03787,,151,,42.9
2101,6.04129,,151,,43
2102,6.0447,,151.167,,43.1333
2103,6.04811,,151.333,,43.2667
2104,6.05151,,151.5,,43.4
2105,6.05492,,151.667,,43.5333
2106,6.05833,,151.833,,43.6667
2107,6.06174,,152,,43.8
2108,6.06495,,151.857,,44.2286
2109,6.06815,,151.714,,44.6571
2110,6.07136,,151.571,,45.0857
2111,6.07456,,151.429,,45.5143
2112,6.07777,,151.286,,45.9429
2113,6.08097,,151.143,,46.3714
2114,6.08418,,151,,46.8
2115,6.0875,,151,,47.2571
2116,6.09082,,151,,47.7143
2117,6.09414,,151,,48.1714
2118,6.09746,,151,,48.6286
2119,6.10078,,151,,49.0857
2120,6.1041,,151,,49.5429
2121,6.10742,,151,,50
2122,6.11084,,151.167,,50.1333
2123,6.11425,,151.333,,50.2667
2124,6.11767,,151.5,,50.4
2125,6.12109,,151.667,,50.5333
2126,6.1245,,151.833,,50.6667
2127,6.12792,,152,,50.8
2128,6.13123,,151.857,,50.8
2129,6.13453,,151.714,,50.8
2130,6.13784,,151.571,,50.8
2131,6.14115,,151.429,,50.8
2132,6.14446,,151.286,,50.8
2133,6.14776,,151.143,,50.8
2134,6.15107,,151,,50.8
2135,6.1542,,150.857,,50.9429
2136,6.15733,,150.714,,51.0857
2137,6.16046,,150.571,,51.2286
2138,6.1636,,150.429,,51.3714
2139,6.16673,,150.286,,51.5143
2140,6.16986,,150.143,,51.6571
2141,6.17299,,150,,51.8
2142,6.17623,,149.714,,52
2143,6.17948,,149.429,,52.2
2144,6.18272,,149.143,,52.4
2145,6.18596,,148.857,,52.6
2146,6.1892,,148.571,,52.8
2147,6.19245,,148.286,,53
2148,6.19569,,148,,53.2
2149,6.19883,,147.857,,53.2857
2150,6.20197,,147.714,,53.3714
2151,6.20511,,147.571,,53.4571
2152,6.20826,,147.429,,53.5429
2153,6.2114,,147.286,,53.6286
2154,6.21454,,147.143,,53.7143
2155,6.21768,,147,,53.8
2156,6.22096,,147.143,,54.0571
2157,6.22423,,147.286,,54.3143
2158,6.22751,,147.429,,54.5714
2159,6.23079,,147.571,,54.8286
2160,6.23407,,147.714,,55.0857
2161,6.23734,,147.857,,55.3429
2162,6.24062,,148,,55.6
2163,6.24377,,147.857,,55.6571
2164,6.24693,,147.714,,55.7143
2165,6.25008,,147.571,,55.7714
2166,6.25323,,147.429,,55.8286
2167,6.25638,,147.286,,55.8857
2168,6.25954,,147.143,,55.9429
2169,6.26269,,147,,56
2170,6.26567,,147.143,,56.0857
2171,6.26866,,147.286,,56.1714
2172,6.27164,,147.429,,56.2571
2173,6.27463,,147.571,,56.3429
2174,6.27761,,147.714,,56.4286
2175,6.2806,,147.857,,56.5143
2176,6.28358,,148,,56.6
2177,6.28682,,148,,56.7429
2178,6.29007,,148,,56.8857
2179,6.29331,,148,,57.0286
2180,6.29655,,148,,57.1714
2181,6.29979,,148,,57.3143
2182,6.30304,,148,,57.4571
2183,6.30628,,148,,57.6
2184,6.30941,,148.143,,57.7714
2185,6.31254,,148.286,,57.9429
2186,6.31567,,148.429,,58.1143
2187,6.31879,,148.571,,58.2857
2188,6.32192,,148.714,,58.4571
2189,6.32505,,148.857,,58.6286
2190,6.32818,,149,,58.8
2191,6.33147,,149.143,,58.9429
2192,6.33476,,149.286,,59.0857
2193,6.33805,,149.429,,59.2286
2194,6.34133,,149.571,,59.3714
2195,6.34462,,149.714,,59.5143
2196,6.34791,,149.857,,59.6571
2197,6.3512,,150,,59.8
2198,6.35442,,150.143,,59.8571
2199,6.35763,,150.286,,59.9143
2200,6.36085,,150.429,,59.9714
2201,6.36406,,150.571,,60.0286
2202,6.36728,,150.714,,60.0857
2203,6.37049,,150.857,,60.1429
2204,6.37371,,151,,60.2
2205,6.37711,,150.833,,60.3333
2206,6.3805,,150.667,,60.4667
2207,6.38389,,150.5,,60.6
2208,6.38729,,150.333,,60.7333
2209,6.39068,,150.167,,60.8667
2210,6.39408,,150,,61
2211,6.39731,,150,,61.1429
2212,6.40054,,150,,61.2857
2213,6.40377,,150,,61.4286
2214,6.40699,,150,,61.5714
2215,6.41022,,150,,61.7143
2216,6.41345,,150,,61.8571
2217,6.41668,,150,,62
2218,6.41984,,150,,62.2571
2219,6.423,,150,,62.5143
2220,6.42616,,150,,62.7714
2221,6.42933,,150,,63.0286
2222,6.43249,,150,,63.2857
2223,6.43565,,150,,63.5429
2224,6.43881,,150,,63.8
2225,6.44199,,149.857,,64.1429
2226,6.44517,,149.714,,64.4857
2227,6.44835,,149.571,,64.8286
2228,6.45153,,149.429,,65.1714
2229,6.45471,,149.286,,65.5143
2230,6.45789,,149.143,,65.8571
2231,6.46107,,149,,66.2
2232,6.4642,,149.286,,65.9714
2233,6.46734,,149.571,,65.7429
2234,6.47047,,149.857,,65.5143
2235,6.47361,,150.143,,65.2857
2236,6.47674,,150.429,,65.0571
2237,6.47988,,150.714,,64.8286
2238,6.48301,,151,,64.6
2239,6.48608,,151,,64.2571
2240,6.48915,,151,,63.9143
2241,6.49222,,151,,63.5714
2242,6.4953,,151,,63.2286
2243,6.49837,,151,,62.8857
2244,6.50144,,151,,62.5429
2245,6.50451,,151,,62.2
2246,6.50759,,151,,62.0286
2247,6.51068,,151,,61.8571
2248,6.51376,,151,,61.6857
2249,6.51684,,151,,61.5143
2250,6.51992,,151,,61.3429
2251,6.52301,,151,,61.1714
2252,6.52609,,151,,61
2253,6.52931,,150.857,,60.7143
2254,6.53253,,150.714,,60.4286
2255,6.53575,,150.571,,60.1429
2256,6.53896,,150.429,,59.8571
2257,6.54218,,150.286,,59.5714
2258,6.5454,,150.143,,59.2857
2259,6.54862,,150,,59
2260,6.55224,,150,,59.3667
2261,6.55585,,150,,59.7333
2262,6.55947,,150,,60.1
2263,6.56309,,150,,60.4667
2264,6.5667,,150,,60.8333
2265,6.57032,,150,,61.2
2266,6.57367,,149.833,,61.5
2267,6.57703,,149.667,,61.8
2268,6.58038,,149.5,,62.1
2269,6.58374,,149.333,,62.4
2270,6.58709,,149.167,,62.7
2271,6.59045,,149,,63
2272,6.59397,,149,,63.2
2273,6.59748,,149,,63.4
2274,6.601,,149,,63.6
2275,6.60452,,149,,63.8
2276,6.60803,,149,,64
2277,6.61155,,149,,64.2
2278,6.61482,,149.143,,64.1429
2279,6.61808,,149.286,,64.0857
2280,6.62135,,149.429,,64.0286
2281,6.62461,,149.571,,63.9714
2282,6.62788,,149.714,,63.9143
2283,6.63114,,149.857,,63.8571
2284,6.63441,,150,,63.8
2285,6.63779,,149.833,,63.7
2286,6.64117,,149.667,,63.6
2287,6.64455,,149.5,,63.5
2288,6.64794,,149.333,,63.4
2289,6.65132,,149.167,,63.3
2290,6.6547,,149,,63.2
2291,6.65792,,149,,62.9714
2292,6.66114,,149,,62.7429
2293,6.66436,,149,,62.5143
2294,6.66759,,149,,62.2857
2295,6.67081,,149,,62.0571
2296,6.67403,,149,,61.8286
2297,6.67725,,149,,61.6
2298,6.68043,,148.857,,61.6571
2299,6.68361,,148.714,,61.7143
2300,6.68679,,148.571,,61.7714
2301,6.68997,,148.429,,61.8286
2302,6.69315,,148.286,,61.8857
2303,6.69633,,148.143,,61.9429
2304,6.69951,,148,,62
2305,6.70246,,148.167,,62.6
2306,6.70541,,148.333,,63.2
2307,6.70836,,148.5,,63.8
2308,6.7113,,148.667,,64.4
2309,6.71425,,148.833,,65
2310,6.7172,,149,,65.6
2339,6.71786,,133,,68.2
2340,6.72185,,133,,67.6
2341,6.72519,,133,,67.3333
2342,6.72852,,133,,67.0667
2343,6.73186,,133,,66.8
2344,6.7352,,133,,66.5333
2345,6.73853,,133,,66.2667
2346,6.74187,,133,,66
2347,6.74461,,132.625,,65.775
2348,6.74735,,132.25,,65.55
2349,6.75009,,131.875,,65.325
2350,6.75282,,131.5,,65.1
2351,6.75556,,131.125,,64.875
2352,6.7583,,130.75,,64.65
2353,6.76104,,130.375,,64.425
2354,6.76378,,130,,64.2
2355,6.7668,,130.286,,63.5143
2356,6.76983,,130.571,,62.8286
2357,6.77285,,130.857,,62.1429
2358,6.77588,,131.143,,61.4571
2359,6.7789,,131.429,,60.7714
2360,6.78193,,131.714,,60.0857
2361,6.78495,,132,,59.4
2362,6.78791,,133,,58.2667
2363,6.79086,,134,,57.1333
2364,6.79382,,135,,56
2365,6.79702,,135.6,,55.28
2366,6.80023,,136.2,,54.56
2367,6.80343,,136.8,,53.84
2368,6.80664,,137.4,,53.12
2369,6.80984,,138,,52.4
2370,6.81293,,138.75,,51.95
2371,6.81602,,139.5,,51.5
2372,6.81911,,140.25,,51.05
2373,6.8222,,141,,50.6
2374,6.8254,,141.286,,50.5714
2375,6.8286,,141.571,,50.5429
2376,6.8318,,141.857,,50.5143
2377,6.83499,,142.143,,50.4857
2378,6.83819,,142.429,,50.4571
2379,6.84139,,142.714,,50.4286
2380,6.84459,,143,,50.4
2381,6.84798,,143.6,,50.76
2382,6.85136,,144.2,,51.12
2383,6.85475,,144.8,,51.48
2384,6.85813,,145.4,,51.84
2385,6.86152,,146,,52.2
2386,6.86482,,146.286,,52.4286
2387,6.86811,,146.571,,52.6571
2388,6.87141,,146.857,,52.8857
2389,6.8747,,147.143,,53.1143
2390,6.878,,147.429,,53.3429
2391,6.88129,,147.714,,53.5714
2392,6.88459,,148,,53.8
2393,6.8878,,147.857,,53.9714
2394,6.89102,,147.714,,54.1429
2395,6.89423,,147.571,,54.3143
2396,6.89745,,147.429,,54.4857
2397,6.90066,,147.286,,54.6571
2398,6.90388,,147.143,,54.8286
2399,6.90709,,147,,55
2400,6.91027,,147.143,,55.0857
2401,6.91345,,147.286,,55.1714
2402,6.91663,,147.429,,55.2571
2403,6.91981,,147.571,,55.3429
2404,6.92299,,147.714,,55.4286
2405,6.92617,,147.857,,55.5143
2406,6.92935,,148,,55.6
2407,6.93278,,148,,55.7
2408,6.93621,,148,,55.8
2409,6.93964,,148,,55.9
2410,6.94307,,148,,56
2411,6.9465,,148,,56.1
2412,6.94993,,148,,56.2
2413,6.95323,,148,,56.2286
2414,6.95654,,148,,56.2571
2415,6.95984,,148,,56.2857
2416,6.96315,,148,,56.3143
2417,6.96645,,148,,56.3429
2418,6.96976,,148,,56.3714
2419,6.97306,,148,,56.4
2420,6.97641,,148,,56.4333
2421,6.97976,,148,,56.4667
2422,6.9831,,148,,56.5
2423,6.98645,,148,,56.5333
2424,6.9898,,148,,56.5667
2425,6.99315,,148,,56.6
2426,6.99636,,148.5,,56.8
2427,6.99957,,149,,57
2428,7.00331,,149.167,,57.2333
2429,7.00705,,149.333,,57.4667
2430,7.01079,,149.5,,57.7
2431,7.01453,,149.667,,57.9333
2432,7.01827,,149.833,,58.1667
2433,7.02201,,150,,58.4
2434,7.02562,,150.167,,58.6333
2435,7.02923,,150.333,,58.8667
2436,7.03284,,150.5,,59.1
2437,7.03646,,150.667,,59.3333
2438,7.04007,,150.833,,59.5667
2439,7.04368,,151,,59.8
2440,7.04686,,151.143,,60.0286
2441,7.05005,,151.286,,60.2571
2442,7.05323,,151.429,,60.4857
2443,7.05642,,151.571,,60.7143
2444,7.0596,,151.714,,60.9429
2445,7.06279,,151.857,,61.1714
2446,7.06597,,152,,61.4
2447,7.06922,,151.714,,61.2571
2448,7.07247,,151.429,,61.1143
2449,7.07572,,151.143,,60.9714
2450,7.07896,,150.857,,60.8286
2451,7.08221,,150.571,,60.6857
2452,7.08546,,150.286,,60.5429
2453,7.08871,,150,,60.4
2454,7.09133,,149.667,,60.6
2455,7.09394,,149.333,,60.8
2456,7.09656,,149,,61
2457,7.09956,,148.857,,60.9143
2458,7.10256,,148.714,,60.8286
2459,7.10556,,148.571,,60.7429
2460,7.10857,,148.429,,60.6571
2461,7.11157,,148.286,,60.5714
2462,7.11457,,148.143,,60.4857
2463,7.11757,,148,,60.4
2464,7.12069,,148.143,,60.4286
2465,7.12382,,148.286,,60.4571
2466,7.12694,,148.429,,60.4857
2467,7.13007,,148.571,,60.5143
2468,7.13319,,148.714,,60.5429
2469,7.13632,,148.857,,60.5714
2470,7.13944,,149,,60.6
2471,7.14253,,149,,61.0333
2472,7.14561,,149,,61.4667
2473,7.14869,,149,,61.9
2474,7.15178,,149,,62.3333
2475,7.15487,,149,,62.7667
2476,7.15795,,149,,63.2
2477,7.16111,,149.143,,63.7714
2478,7.16427,,149.286,,64.3429
2479,7.16743,,149.429,,64.9143
2480,7.1706,,149.571,,65.4857
2481,7.17376,,149.714,,66.0571
2482,7.17692,,149.857,,66.6286
2483,7.18008,,150,,67.2
2484,7.18379,,150,,67.6
2485,7.18726,,149.833,,67.8667
2486,7.19073,,149.667,,68.1333
2487,7.1942,,149.5,,68.4
2488,7.19768,,149.333,,68.6667
2489,7.20115,,149.167,,68.9333
2490,7.20462,,149,,69.2
2491,7.20778,,149.143,,69.1429
2492,7.21094,,149.286,,69.0857
2493,7.2141,,149.429,,69.0286
2494,7.21725,,149.571,,68.9714
2495,7.22041,,149.714,,68.9143
2496,7.22357,,149.857,,68.8571
2497,7.22673,,150,,68.8
2498,7.22975,,149.857,,68.5143
2499,7.23277,,149.714,,68.2286
2500,7.23579,,149.571,,67.9429
2501,7.2388,,149.429,,67.6571
2502,7.24182,,149.286,,67.3714
2503,7.24484,,149.143,,67.0857
2504,7.24786,,149,,66.8
2505,7.2507,,148.833,,66.6667
2506,7.25354,,148.667,,66.5333
2507,7.25638,,148.5,,66.4
2508,7.25923,,148.333,,66.2667
2509,7.26207,,148.167,,66.1333
2510,7.26491,,148,,66
2511,7.26791,,147.857,,65.7143
2512,7.27091,,147.714,,65.4286
2513,7.27391,,147.571,,65.1429
2514,7.2769,,147.429,,64.8571
2515,7.2799,,147.286,,64.5714
2516,7.2829,,147.143,,64.2857
2517,7.2859,,147,,64
2518,7.28939,,146.5,,63.9
2519,7.29289,,146,,63.8
2520,7.29634,,145.833,,63.5667
2521,7.29978,,145.667,,63.3333
2522,7.30323,,145.5,,63.1
2523,7.30667,,145.333,,62.8667
2524,7.31011,,145.167,,62.6333
2525,7.31356,,145,,62.4
2526,7.31704,,145.167,,62.2333
2527,7.32052,,145.333,,62.0667
2528,7.324,,145.5,,61.9
2529,7.32749,,145.667,,61.7333
2530,7.33097,,145.833,,61.5667
2531,7.33445,,146,,61.4
2532,7.33784,,145.833,,61.4333
2533,7.34122,,145.667,,61.4667
2534,7.34461,,145.5,,61.5
2535,7.348,,145.333,,61.5333
2536,7.35138,,145.167,,61.5667
2537,7.35477,,145,,61.6
2538,7.35825,,144.833,,61.6667
2539,7.36174,,144.667,,61.7333
2540,7.36522,,144.5,,61.8
2541,7.3687,,144.333,,61.8667
2542,7.37219,,144.167,,61.9333
2543,7.37567,,144,,62
2544,7.37898,,144.143,,62
2545,7.38229,,144.286,,62
2546,7.3856,,144.429,,62
2547,7.3889,,144.571,,62
2548,7.39221,,144.714,,62
2549,7.39552,,144.857,,62
2550,7.39883,,145,,62
2551,7.40207,,145.286,,62.1143
2552,7.4053,,145.571,,62.2286
2553,7.40854,,145.857,,62.3429
2554,7.41177,,146.143,,62.4571
2555,7.41501,,146.429,,62.5714
2556,7.41824,,146.714,,62.6857
2557,7.42148,,147,,62.8
2558,7.42458,,147,,62.8857
2559,7.42769,,147,,62.9714
2560,7.43079,,147,,63.0571
2561,7.43389,,147,,63.1429
2562,7.43699,,147,,63.2286
2563,7.4401,,147,,63.3143
2564,7.4432,,147,,63.4
2565,7.44611,,147,,63.7714
2566,7.44903,,147,,64.1429
2567,7.45194,,147,,64.5143
2568,7.45486,,147,,64.8857
2569,7.45777,,147,,65.2571
2570,7.46069,,147,,65.6286
2571,7.4636,,147,,66
2572,7.46676,,147,,66.2857
2573,7.46991,,147,,66.5714
2574,7.47307,,147,,66.8571
2575,7.47623,,147,,67.1429
2576,7.47939,,147,,67.4286
2577,7.48254,,147,,67.7143
2578,7.4857,,147,,68
2579,7.48916,,147.167,,67.9667
2580,7.49262,,147.333,,67.9333
2581,7.49608,,147.5,,67.9
2582,7.49955,,147.667,,67.8667
2583,7.50301,,147.833,,67.8333
2584,7.50647,,148,,67.8
2585,7.50972,,148.286,,67.5714
2586,7.51296,,148.571,,67.3429
2587,7.51621,,148.857,,67.1143
2588,7.51945,,149.143,,66.8857
2589,7.5227,,149.429,,66.6571
2590,7.52594,,149.714,,66.4286
2591,7.52919,,150,,66.2
2592,7.53229,,150.143,,66.0571
2593,7.5354,,150.286,,65.9143
2594,7.5385,,150.429,,65.7714
2595,7.54161,,150.571,,65.6286
2596,7.54471,,150.714,,65.4857
2597,7.54782,,150.857,,65.3429
2598,7.55092,,151,,65.2
2599,7.55419,,151.143,,65.1429
2600,7.55747,,151.286,,65.0857
2601,7.56074,,151.429,,65.0286
2602,7.56401,,151.571,,64.9714
2603,7.56728,,151.714,,64.9143
2604,7.57056,,151.857,,64.8571
2605,7.57383,,152,,64.8
2606,7.5769,,151.714,,64.8571
2607,7.57997,,151.429,,64.9143
2608,7.58304,,151.143,,64.9714
2609,7.58612,,150.857,,65.0286
2610,7.58919,,150.571,,65.0857
2611,7.59226,,150.286,,65.1429
2612,7.59533,,150,,65.2
2613,7.59858,,150.143,,65.3143
2614,7.60183,,150.286,,65.4286
2615,7.60508,,150.429,,65.5429
2616,7.60834,,150.571,,65.6571
2617,7.61159,,150.714,,65.7714
2618,7.61484,,150.857,,65.8857
2619,7.61809,,151,,66
2620,7.62122,,151,,66.2286
2621,7.62434,,151,,66.4571
2622,7.62747,,151,,66.6857
2623,7.63059,,151,,66.9143
2624,7.63372,,151,,67.1429
2625,7.63684,,151,,67.3714
2626,7.63997,,151,,67.6
2627,7.64303,,151,,67.4286
2628,7.64608,,151,,67.2571
2629,7.64914,,151,,67.0857
2630,7.6522,,151,,66.9143
2631,7.65526,,151,,66.7429
2632,7.65831,,151,,66.5714
2633,7.66137,,151,,66.4
2634,7.66439,,150.857,,66.1714
2635,7.6674,,150.714,,65.9429
2636,7.67042,,150.571,,65.7143
2637,7.67344,,150.429,,65.4857
2638,7.67646,,150.286,,65.2571
2639,7.67947,,150.143,,65.0286
2640,7.68249,,150,,64.8
2641,7.68537,,150,,64.7714
2642,7.68826,,150,,64.7429
2643,7.69114,,150,,64.7143
2644,7.69403,,150,,64.6857
2645,7.69691,,150,,64.6571
2646,7.6998,,150,,64.6286
2647,7.70268,,150,,64.6
2648,7.70597,,149.857,,64.5429
2649,7.70926,,149.714,,64.4857
2650,7.71255,,149.571,,64.4286
2651,7.71585,,149.429,,64.3714
2652,7.71914,,149.286,,64.3143
2653,7.72243,,149.143,,64.2571
2654,7.72572,,149,,64.2
2655,7.72897,,149.143,,64.2286
2656,7.73222,,149.286,,64.2571
2657,7.73547,,149.429,,64.2857
2658,7.73872,,149.571,,64.3143
2659,7.74197,,149.714,,64.3429
2660,7.74522,,149.857,,64.3714
2661,7.74847,,150,,64.4
2662,7.75189,,149.833,,64.8333
2663,7.7553,,149.667,,65.2667
2664,7.75872,,149.5,,65.7
2665,7.76214,,149.333,,66.1333
2666,7.76555,,149.167,,66.5667
2667,7.76897,,149,,67
2668,7.77205,,149.143,,67.2
2669,7.77514,,149.286,,67.4
2670,7.77822,,149.429,,67.6
2671,7.7813,,149.571,,67.8
2672,7.78438,,149.714,,68
2673,7.78747,,149.857,,68.2
2674,7.79055,,150,,68.4
2675,7.79368,,149.857,,68.4857
2676,7.79681,,149.714,,68.5714
2677,7.79994,,149.571,,68.6571
2678,7.80306,,149.429,,68.7429
2679,7.80619,,149.286,,68.8286
2680,7.80932,,149.143,,68.9143
2681,7.81245,,149,,69
2682,7.81551,,149.143,,68.7143
2683,7.81857,,149.286,,68.4286
2684,7.82163,,149.429,,68.1429
2685,7.82469,,149.571,,67.8571
2686,7.82775,,149.714,,67.5714
2687,7.83081,,149.857,,67.2857
2688,7.83387,,150,,67
2689,7.83691,,149.857,,66.7143
2690,7.83996,,149.714,,66.4286
2691,7.843,,149.571,,66.1429
2692,7.84605,,149.429,,65.8571
2693,7.84909,,149.286,,65.5714
2694,7.85214,,149.143,,65.2857
2695,7.85518,,149,,65
2696,7.85823,,149,,65.0857
2697,7.86127,,149,,65.1714
2698,7.86432,,149,,65.2571
2699,7.86736,,149,,65.3429
2700,7.87041,,149,,65.4286
2701,7.87345,,149,,65.5143
2702,7.8765,,149,,65.6
2703,7.8791,,149.167,,65.7667
2704,7.8817,,149.333,,65.9333
2705,7.8843,,149.5,,66.1
2706,7.8869,,149.667,,66.2667
2707,7.8895,,149.833,,66.4333
2708,7.8921,,150,,66.6
2709,7.89534,,150,,66.9714
2710,7.89858,,150,,67.3429
2711,7.90182,,150,,67.7143
2712,7.90505,,150,,68.0857
2713,7.90829,,150,,68.4571
2714,7.91153,,150,,68.8286
2715,7.91477,,150,,69.2
2716,7.91735,,150.333,,69.3333
2717,7.91994,,150.667,,69.4667
2718,7.92252,,151,,69.6
2719,7.92561,,151,,69.8667
2720,7.92869,,151,,70.1333
2721,7.93177,,151,,70.4
2722,7.93486,,151,,70.6667
2723,7.93795,,151,,70.9333
2724,7.94103,,151,,71.2
2725,7.94452,,151,,71
2726,7.94802,,151,,70.8
2727,7.95151,,151,,70.6
2728,7.95501,,151,,70.4
2729,7.9585,,151,,70.2
2730,7.962,,151,,70
2731,7.96536,,151,,69.9333
2732,7.96873,,151,,69.8667
2733,7.9721,,151,,69.8
2734,7.97546,,151,,69.7333
2735,7.97882,,151,,69.6667
2736,7.98219,,151,,69.6
2737,7.98531,,150.8,,69.48
2738,7.98844,,150.6,,69.36
2739,7.99156,,150.4,,69.24
2740,7.99469,,150.2,,69.12
2741,7.99781,,150,,69
2742,8.00071,,150,,68.8286
2743,8.00361,,150,,68.6571
2744,8.00651,,150,,68.4857
2745,8.00942,,150,,68.3143
2746,8.01232,,150,,68.1429
2747,8.01522,,150,,67.9714
2748,8.01812,,150,,67.8
2749,8.02121,,150,,67.8286
2750,8.02429,,150,,67.8571
2751,8.02738,,150,,67.8857
2752,8.03047,,150,,67.9143
2753,8.03356,,150,,67.9429
2754,8.03664,,150,,67.9714
2755,8.03973,,150,,68
2756,8.04282,,150,,68.0286
2757,8.0459,,150,,68.0571
2758,8.04899,,150,,68.0857
2759,8.05208,,150,,68.1143
2760,8.05517,,150,,68.1429
2761,8.05825,,150,,68.1714
2762,8.06134,,150,,68.2
2763,8.06429,,150,,68.3714
2764,8.06725,,150,,68.5429
2765,8.0702,,150,,68.7143
2766,8.07316,,150,,68.8857
2767,8.07611,,150,,69.0571
2768,8.07907,,150,,69.2286
2769,8.08202,,150,,69.4
2770,8.08494,,150,,69.4
2771,8.08786,,150,,69.4
2772,8.09078,,150,,69.4
2773,8.09369,,150,,69.4
2774,8.09661,,150,,69.4
2775,8.09953,,150,,69.4
2776,8.10245,,150,,69.4
2777,8.10558,,149.857,,69.7143
2778,8.10872,,149.714,,70.0286
2779,8.11185,,149.571,,70.3429
2780,8.11498,,149.429,,70.6571
2781,8.11811,,149.286,,70.9714
2782,8.12125,,149.143,,71.2857
2783,8.12438,,149,,71.6
2784,8.12743,,149.143,,71.7429
2785,8.13048,,149.286,,71.8857
2786,8.13353,,149.429,,72.0286
2787,8.13659,,149.571,,72.1714
2788,8.13964,,149.714,,72.3143
2789,8.14269,,149.857,,72.4571
2790,8.14574,,150,,72.6
2791,8.14883,,149.857,,72.8
2792,8.15191,,149.714,,73
2793,8.155,,149.571,,73.2
2794,8.15809,,149.429,,73.4
2795,8.16118,,149.286,,73.6
2796,8.16426,,149.143,,73.8
2797,8.16735,,149,,74
2798,8.17046,,149.286,,74.1714
2799,8.17356,,149.571,,74.3429
2800,8.17667,,149.857,,74.5143
2801,8.17978,,150.143,,74.6857
2802,8.18289,,150.429,,74.8571
2803,8.18599,,150.714,,75.0286
2804,8.1891,,151,,75.2
2805,8.19198,,150.857,,75.4
2806,8.19485,,150.714,,75.6
2807,8.19773,,150.571,,75.8
2808,8.20061,,150.429,,76
2809,8.20349,,150.286,,76.2
2810,8.20636,,150.143,,76.4
2811,8.20924,,150,,76.6
2812,8.21228,,150,,76.8
2813,8.21531,,150,,77
2814,8.21835,,150,,77.2
2815,8.22139,,150,,77.4
2816,8.22443,,150,,77.6
2817,8.22746,,150,,77.8
2818,8.2305,,150,,78
2819,8.23345,,150.143,,78.1429
2820,8.2364,,150.286,,78.2857
2821,8.23935,,150.429,,78.4286
2822,8.24231,,150.571,,78.5714
2823,8.24526,,150.714,,78.7143
2824,8.24821,,150.857,,78.8571
2825,8.25116,,151,,79
2826,8.2543,,151,,79.1714
2827,8.25744,,151,,79.3429
2828,8.26058,,151,,79.5143
2829,8.26373,,151,,79.6857
2830,8.26687,,151,,79.8571
2831,8.27001,,151,,80.0286
2832,8.27315,,151,,80.2
2833,8.27624,,151,,80.5714
2834,8.27934,,151,,80.9429
2835,8.28243,,151,,81.3143
2836,8.28552,,151,,81.6857
2837,8.28861,,151,,82.0571
2838,8.29171,,151,,82.4286
2839,8.2948,,151,,82.8
2840,8.29806,,151.286,,82.7143
2841,8.30131,,151.571,,82.6286
2842,8.30457,,151.857,,82.5429
2843,8.30783,,152.143,,82.4571
2844,8.31109,,152.429,,82.3714
2845,8.31434,,152.714,,82.2857
2846,8.3176,,153,,82.2
2847,8.32103,,153,,82.5333
2848,8.32445,,153,,82.8667
2849,8.32788,,153,,83.2
2850,8.3313,,153,,83.5333
2851,8.33473,,153,,83.8667
2852,8.33815,,153,,84.2
2853,8.34173,,153,,84.6333
2854,8.34532,,153,,85.0667
2855,8.34891,,153,,85.5
2856,8.35249,,153,,85.9333
2857,8.35608,,153,,86.3667
2858,8.35966,,153,,86.8
2859,8.36314,,152.833,,86.9333
2860,8.36662,,152.667,,87.0667
2861,8.37011,,152.5,,87.2
2862,8.37359,,152.333,,87.3333
2863,8.37707,,152.167,,87.4667
2864,8.38055,,152,,87.6
2865,8.3837,,153,,86.8
2866,8.38372,,152.636,,86.5818
2867,8.38374,,152.273,,86.3636
2868,8.38375,,151.909,,86.1455
2869,8.38377,,151.545,,85.9273
2870,8.38379,,151.182,,85.7091
2871,8.38381,,150.818,,85.4909
2872,8.38383,,150.455,,85.2727
2873,8.38385,,150.091,,85.0545
2874,8.38386,,149.727,,84.8364
2875,8.38388,,149.364,,84.6182
2876,8.3839,,149,,84.4
2877,8.38581,,147.5,,84.4
2878,8.38772,,146,,84.4
2879,8.39115,,146,,84.3667
2880,8.39459,,146,,84.3333
2881,8.39802,,146,,84.3
2882,8.40145,,146,,84.2667
2883,8.40489,,146,,84.2333
2884,8.40832,,146,,84.2
2885,8.41144,,146,,84.1429
2886,8.41457,,146,,84.0857
2887,8.41769,,146,,84.0286
2888,8.42081,,146,,83.9714
2889,8.42393,,146,,83.9143
2890,8.42706,,146,,83.8571
2891,8.43018,,146,,83.8
2892,8.43311,,145.857,,83.6857
2893,8.43604,,145.714,,83.5714
2894,8.43897,,145.571,,83.4571
2895,8.4419,,145.429,,83.3429
2896,8.44483,,145.286,,83.2286
2897,8.44776,,145.143,,83.1143
2898,8.45069,,145,,83
2899,8.45351,,146,,83.6
2900,8.45694,,145.833,,83.4333
2901,8.46037,,145.667,,83.2667
2902,8.4638,,145.5,,83.1
2903,8.46722,,145.333,,82.9333
2904,8.47065,,145.167,,82.7667
2905,8.47408,,145,,82.6
2906,8.47742,,145.143,,82.5429
2907,8.48076,,145.286,,82.4857
2908,8.4841,,145.429,,82.4286
2909,8.48744,,145.571,,82.3714
2910,8.49078,,145.714,,82.3143
2911,8.49412,,145.857,,82.2571
2912,8.49746,,146,,82.2
2913,8.50094,,146.167,,82.3
2914,8.50443,,146.333,,82.4
2915,8.50791,,146.5,,82.5
2916,8.51139,,146.667,,82.6
2917,8.51488,,146.833,,82.7
2918,8.51836,,147,,82.8
2919,8.52152,,147,,83.2
2920,8.52468,,147,,83.6
2921,8.52784,,147,,84
2922,8.53101,,147,,84.4
2923,8.53417,,147,,84.8
2924,8.53733,,147,,85.2
2925,8.54049,,147,,85.6
2926,8.54337,,146.857,,86.1429
2927,8.54625,,146.714,,86.6857
2928,8.54913,,146.571,,87.2286
2929,8.55201,,146.429,,87.7714
2930,8.55489,,146.286,,88.3143
2931,8.55777,,146.143,,88.8571
2932,8.56065,,146,,89.4
2933,8.56383,,146,,89.7429
2934,8.56701,,146,,90.0857
2935,8.57019,,146,,90.4286
2936,8.57337,,146,,90.7714
2937,8.57655,,146,,91.1143
2938,8.57973,,146,,91.4571
2939,8.58291,,146,,91.8
2940,8.58633,,146,,91.7
2941,8.58975,,146,,91.6
2942,8.59316,,146,,91.5
2943,8.59658,,146,,91.4
2944,8.6,,146,,91.3
2945,8.60342,,146,,91.2
2946,8.60689,,146.333,,90.8667
2947,8.61035,,146.667,,90.5333
2948,8.61382,,147,,90.2
2949,8.61807,,147,,89.52
2950,8.62233,,147,,88.84
2951,8.62658,,147,,88.16
2952,8.63084,,147,,87.48
2953,8.63509,,147,,86.8
2954,8.63828,,147,,86.1
2955,8.64148,,147,,85.4
2956,8.64463,,147.6,,85.16
2957,8.64778,,148.2,,84.92
2958,8.65092,,148.8,,84.68
2959,8.65407,,149.4,,84.44
2960,8.65722,,150,,84.2
2961,8.66106,,150.167,,84.0333
2962,8.66491,,150.333,,83.8667
2963,8.66875,,150.5,,83.7
2964,8.67259,,150.667,,83.5333
2965,8.67644,,150.833,,83.3667
2966,8.68028,,151,,83.2
2967,8.68375,,151.167,,82.9667
2968,8.68722,,151.333,,82.7333
2969,8.69069,,151.5,,82.5
2970,8.69415,,151.667,,82.2667
2971,8.69762,,151.833,,82.0333
2972,8.70109,,152,,81.8
2973,8.70446,,152,,81.6286
2974,8.70783,,152,,81.4571
2975,8.7112,,152,,81.2857
2976,8.71457,,152,,81.1143
2977,8.71794,,152,,80.9429
2978,8.72131,,152,,80.7714
2979,8.72468,,152,,80.6
2980,8.7281,,152,,80.1667
2981,8.73152,,152,,79.7333
2982,8.73494,,152,,79.3
2983,8.73837,,152,,78.8667
2984,8.74179,,152,,78.4333
2985,8.74521,,152,,78
2986,8.74853,,152.429,,77.4857
2987,8.75185,,152.857,,76.9714
2988,8.75517,,153.286,,76.4571
2989,8.75849,,153.714,,75.9429
2990,8.76181,,154.143,,75.4286
2991,8.76513,,154.571,,74.9143
2992,8.76845,,155,,74.4
2993,8.77253,,155,,74.88
2994,8.77662,,155,,75.36
2995,8.7807,,155,,75.84
2996,8.78479,,155,,76.32
2997,8.78887,,155,,76.8
2998,8.79258,,154.667,,76.9333
2999,8.79628,,154.333,,77.0667
3000,8.79998,,154,,77.2
3001,8.80369,,153.667,,77.3333
3002,8.80739,,153.333,,77.4667
3003,8.8111,,153,,77.6
3004,8.81441,,152.833,,77.5
3005,8.81772,,152.667,,77.4
3006,8.82103,,152.5,,77.3
3007,8.82434,,152.333,,77.2
3008,8.82765,,152.167,,77.1
3009,8.83096,,152,,77
3010,8.83435,,151.8,,77.56
3011,8.83774,,151.6,,78.12
3012,8.84112,,151.4,,78.68
3013,8.84451,,151.2,,79.24
3014,8.8479,,151,,79.8
3015,8.85118,,151,,79.6
3016,8.85446,,151,,79.4
3017,8.85774,,151,,79.2
3018,8.86101,,151,,79
3019,8.86429,,151,,78.8
3020,8.86757,,151,,78.6
3021,8.87085,,151,,78.4
3022,8.87424,,150,,78.4
3023,8.87796,,150,,78.1333
3024,8.88168,,150,,77.8667
3025,8.8854,,150,,77.6
3026,8.88911,,150,,77.3333
3027,8.89283,,150,,77.0667
3028,8.89655,,150,,76.8
3029,8.90006,,150,,76.1333
3030,8.90356,,150,,75.4667
3031,8.90707,,150,,74.8
3032,8.91058,,150,,74.1333
3033,8.91408,,150,,73.4667
3034,8.91759,,150,,72.8
3035,8.92074,,150,,72.3143
3036,8.92389,,150,,71.8286
3037,8.92704,,150,,71.3429
3038,8.93018,,150,,70.8571
3039,8.93333,,150,,70.3714
3040,8.93648,,150,,69.8857
3041,8.93963,,150,,69.4
3042,8.94283,,150.143,,68.6857
3043,8.94603,,150.286,,67.9714
3044,8.94923,,150.429,,67.2571
3045,8.95243,,150.571,,66.5429
3046,8.95563,,150.714,,65.8286
3047,8.95883,,150.857,,65.1143
3048,8.96203,,151,,64.4
3049,8.96562,,150.667,,64.1667
3050,8.96922,,150.333,,63.9333
3051,8.97281,,150,,63.7
3052,8.9764,,149.667,,63.4667
3053,8.98,,149.333,,63.2333
3054,8.98359,,149,,63
3055,8.98758,,149,,63.4
3056,8.99158,,149,,63.8
3057,8.99557,,149,,64.2
3058,8.99956,,149,,64.6
3059,9.00333,,148.833,,64.9667
3060,9.00711,,148.667,,65.3333
3061,9.01089,,148.5,,65.7
3062,9.01466,,148.333,,66.0667
3063,9.01844,,148.167,,66.4333
3064,9.02221,,148,,66.8
3065,9.02555,,147.8,,67.08
3066,9.02889,,147.6,,67.36
3067,9.03224,,147.4,,67.64
3068,9.03558,,147.2,,67.92
3069,9.03892,,147,,68.2
3070,9.04265,,147,,67.9333
3071,9.04638,,147,,67.6667
3072,9.05011,,147,,67.4
3073,9.05384,,147,,67.1333
3074,9.05757,,147,,66.8667
3075,9.0613,,147,,66.6
3076,9.06448,,147.143,,66.8
3077,9.06765,,147.286,,67
3078,9.07083,,147.429,,67.2
3079,9.07401,,147.571,,67.4
3080,9.07719,,147.714,,67.6
3081,9.08036,,147.857,,67.8
3082,9.08354,,148,,68
3083,9.0863,,148.125,,68.05
3084,9.08907,,148.25,,68.1
3085,9.09183,,148.375,,68.15
3086,9.0946,,148.5,,68.2
3087,9.09736,,148.625,,68.25
3088,9.10012,,148.75,,68.3
3089,9.10289,,148.875,,68.35
3090,9.10565,,149,,68.4
3091,9.10968,,149,,68.2
3092,9.11371,,149,,68
3093,9.11774,,149,,67.8
3094,9.12177,,149,,67.6
3095,9.1258,,149,,67.4
3096,9.12965,,148.833,,66.8
3097,9.13349,,148.667,,66.2
3098,9.13734,,148.5,,65.6
3099,9.14119,,148.333,,65
3100,9.14503,,148.167,,64.4
3101,9.14888,,148,,63.8
3102,9.15198,,148.143,,63.6
3103,9.15509,,148.286,,63.4
3104,9.15819,,148.429,,63.2
3105,9.1613,,148.571,,63
3106,9.1644,,148.714,,62.8
3107,9.16751,,148.857,,62.6
3108,9.17061,,149,,62.4
3109,9.17419,,149.167,,62.9667
3110,9.17777,,149.333,,63.5333
3111,9.18135,,149.5,,64.1
3112,9.18494,,149.667,,64.6667
3113,9.18852,,149.833,,65.2333
3114,9.1921,,150,,65.8
3115,9.19589,,150,,66
3116,9.19969,,150,,66.2
3117,9.20348,,150,,66.4
3118,9.20727,,150,,66.6
3119,9.21107,,150,,66.8
3120,9.21486,,150,,67
3121,9.21837,,150.167,,67.4
3122,9.22188,,150.333,,67.8
3123,9.22539,,150.5,,68.2
3124,9.22891,,150.667,,68.6
3125,9.23242,,150.833,,69
3126,9.23593,,151,,69.4
3127,9.2398,,151,,69.4333
3128,9.24367,,151,,69.4667
3129,9.24755,,151,,69.5
3130,9.25142,,151,,69.5333
3131,9.25529,,151,,69.5667
3132,9.25916,,151,,69.6
3133,9.26336,,151.2,,70.04
3134,9.26756,,151.4,,70.48
3135,9.27175,,151.6,,70.92
3136,9.27595,,151.8,,71.36
3137,9.28015,,152,,71.8
3138,9.28434,,152.2,,72.36
3139,9.28853,,152.4,,72.92
3140,9.29272,,152.6,,73.48
3141,9.29691,,152.8,,74.04
3142,9.3011,,153,,74.6
3143,9.30464,,153,,75.1667
3144,9.30819,,153,,75.7333
3145,9.31173,,153,,76.3
3146,9.31527,,153,,76.8667
3147,9.31882,,153,,77.4333
3148,9.32236,,153,,78
3149,9.32602,,152.833,,78.1333
3150,9.32968,,152.667,,78.2667
3151,9.33333,,152.5,,78.4
3152,9.33699,,152.333,,78.5333
3153,9.34065,,152.167,,78.6667
3154,9.34431,,152,,78.8
3155,9.34783,,152,,78.6
3156,9.35135,,152,,78.4
3157,9.35487,,152,,78.2
3158,9.3584,,152,,78
3159,9.36192,,152,,77.8
3160,9.36544,,152,,77.6
3161,9.36815,,152,,76.8
3162,9.37092,,152,,76.52
3163,9.37369,,152,,76.24
3164,9.37647,,152,,75.96
3165,9.37924,,152,,75.68
3166,9.38201,,152,,75.4
3167,9.38488,,152.143,,75.4286
3168,9.38775,,152.286,,75.4571
3169,9.39062,,152.429,,75.4857
3170,9.39349,,152.571,,75.5143
3171,9.39636,,152.714,,75.5429
3172,9.39923,,152.857,,75.5714
3173,9.4021,,153,,75.6
3174,9.40484,,152.5,,75.5
3175,9.40757,,152,,75.4
3208,9.40864,,139,,69
3209,9.41228,,139,,68.6
3210,9.41541,,137.5,,68.5
3211,9.41855,,136,,68.4
3212,9.42192,,136,,68.2
3213,9.42549,,135.8,,68.16
3214,9.42906,,135.6,,68.12
3215,9.43262,,135.4,,68.08
3216,9.43619,,135.2,,68.04
3217,9.43976,,135,,68
3218,9.44273,,135.5,,67.9
3219,9.4457,,136,,67.8
3220,9.44866,,136.5,,67.7
3221,9.45163,,137,,67.6
3222,9.45517,,136.833,,67.7333
3223,9.45871,,136.667,,67.8667
3224,9.46224,,136.5,,68
3225,9.46578,,136.333,,68.1333
3226,9.46932,,136.167,,68.2667
3227,9.47286,,136,,68.4
3228,9.47656,,136.5,,68.2667
3229,9.48026,,137,,68.1333
3230,9.48397,,137.5,,68
3231,9.48767,,138,,67.8667
3232,9.49137,,138.5,,67.7333
3233,9.49507,,139,,67.6
3234,9.49853,,139.6,,68.04
3235,9.50199,,140.2,,68.48
3236,9.50544,,140.8,,68.92
3237,9.5089,,141.4,,69.36
3238,9.51236,,142,,69.8
3239,9.51585,,142.5,,70.1667
3240,9.51934,,143,,70.5333
3241,9.52283,,143.5,,70.9
3242,9.52631,,144,,71.2667
3243,9.5298,,144.5,,71.6333
3244,9.53329,,145,,72
3245,9.53699,,145.167,,71.9667
3246,9.54069,,145.333,,71.9333
3247,9.54439,,145.5,,71.9
3248,9.54809,,145.667,,71.8667
3249,9.55179,,145.833,,71.8333
3250,9.55549,,146,,71.8
3251,9.55931,,146,,71.5
3252,9.56314,,146,,71.2
3253,9.56696,,146,,70.9
3254,9.57078,,146,,70.6
3255,9.57461,,146,,70.3
3256,9.57843,,146,,70
3257,9.58211,,145.833,,69.8
3258,9.58578,,145.667,,69.6
3259,9.58946,,145.5,,69.4
3260,9.59313,,145.333,,69.2
3261,9.59681,,145.167,,69
3262,9.60048,,145,,68.8
3263,9.60392,,146.5,,68.9
3264,9.60735,,148,,69
3265,9.61099,,149,,69.4667
3266,9.61463,,150,,69.9333
3267,9.61827,,151,,70.4
3268,9.62161,,151.167,,70.9333
3269,9.62494,,151.333,,71.4667
3270,9.62828,,151.5,,72
3271,9.63162,,151.667,,72.5333
3272,9.63495,,151.833,,73.0667
3273,9.63829,,152,,73.6
3274,9.64181,,151.8,,73.88
3275,9.64534,,151.6,,74.16
3276,9.64886,,151.4,,74.44
3277,9.65239,,151.2,,74.72
3278,9.65591,,151,,75
3279,9.65979,,151.167,,75.1
3280,9.66366,,151.333,,75.2
3281,9.66754,,151.5,,75.3
3282,9.67142,,151.667,,75.4
3283,9.67529,,151.833,,75.5
3284,9.67917,,152,,75.6
3285,9.68299,,152,,75.4
3286,9.68681,,152,,75.2
3287,9.69063,,152,,75
3288,9.69445,,152,,74.8
3289,9.69827,,152,,74.6
3290,9.70209,,152,,74.4
3291,9.70617,,152.2,,74.4
3292,9.71025,,152.4,,74.4
3293,9.71432,,152.6,,74.4
3294,9.7184,,152.8,,74.4
3295,9.72248,,153,,74.4
3296,9.72611,,152.833,,73.9667
3297,9.72975,,152.667,,73.5333
3298,9.73338,,152.5,,73.1
3299,9.73701,,152.333,,72.6667
3300,9.74065,,152.167,,72.2333
3301,9.74428,,152,,71.8
3302,9.74789,,152.167,,71.4
3303,9.75149,,152.333,,71
3304,9.7551,,152.5,,70.6
3305,9.75871,,152.667,,70.2
3306,9.76231,,152.833,,69.8
3307,9.76592,,153,,69.4
3308,9.76973,,153,,68.9667
3309,9.77353,,153,,68.5333
3310,9.77734,,153,,68.1
3311,9.78115,,153,,67.6667
3312,9.78495,,153,,67.2333
3313,9.78876,,153,,66.8
3314,9.7923,,152.8,,66.2
3315,9.79583,,152.6,,65.6
3316,9.79937,,152.4,,65
3317,9.8029,,152.2,,64.4
3318,9.80644,,152,,63.8
3319,9.81028,,152,,63.9
3320,9.81411,,152,,64
3321,9.81795,,152,,64.1
3322,9.82179,,152,,64.2
3323,9.82562,,152,,64.3
3324,9.82946,,152,,64.4
3325,9.8335,,152,,64.8
3326,9.83754,,152,,65.2
3327,9.84158,,152,,65.6
3328,9.8447,,151.857,,65.8857
3329,9.84781,,151.714,,66.1714
3330,9.85093,,151.571,,66.4571
3331,9.85405,,151.429,,66.7429
3332,9.85717,,151.286,,67.0286
3333,9.86028,,151.143,,67.3143
3334,9.8634,,151,,67.6
3335,9.86664,,151,,67.9143
3336,9.86988,,151,,68.2286
3337,9.87312,,151,,68.5429
3338,9.87635,,151,,68.8571
3339,9.87959,,151,,69.1714
3340,9.88283,,151,,69.4857
3341,9.88607,,151,,69.8
3342,9.88885,,151.25,,69.85
3343,9.89164,,151.5,,69.9
3344,9.89442,,151.75,,69.95
3345,9.8972,,152,,70
3346,9.89999,,152.25,,70.05
3347,9.90277,,152.5,,70.1
3348,9.90556,,152.75,,70.15
3349,9.90834,,153,,70.2
3350,9.91135,,152.714,,70.2857
3351,9.91436,,152.429,,70.3714
3352,9.91737,,152.143,,70.4571
3353,9.92038,,151.857,,70.5429
3354,9.92339,,151.571,,70.6286
3355,9.9264,,151.286,,70.7143
3356,9.92941,,151,,70.8
3357,9.93211,,151,,70.675
3358,9.93481,,151,,70.55
3359,9.93751,,151,,70.425
3360,9.94022,,151,,70.3
3361,9.94292,,151,,70.175
3362,9.94562,,151,,70.05
3363,9.94832,,151,,69.925
3364,9.95102,,151,,69.8
3365,9.95384,,151,,69.6
3366,9.9571,,151.143,,69.6571
3367,9.96036,,151.286,,69.7143
3368,9.96362,,151.429,,69.7714
3369,9.96689,,151.571,,69.8286
3370,9.97015,,151.714,,69.8857
3371,9.97341,,151.857,,69.9429
3372,9.97667,,152,,70
3373,9.98057,,152.167,,70.8333
3374,9.98447,,152.333,,71.6667
3375,9.98837,,152.5,,72.5
3376,9.99226,,152.667,,73.3333
3377,9.99616,,152.833,,74.1667
3378,10.0001,,153,,75
3379,10.0032,,153,,75.4
3380,10.0063,,153,,75.8
3381,10.0088,,153.2,,75.72
3382,10.0113,,153.4,,75.64
3383,10.0137,,153.6,,75.56
3384,10.0162,,153.8,,75.48
3385,10.0187,,154,,75.4
3386,10.0215,,154.429,,75.5429
3387,10.0243,,154.857,,75.6857
3388,10.0271,,155.286,,75.8286
3389,10.0299,,155.714,,75.9714
3390,10.0327,,156.143,,76.1143
3391,10.0354,,156.571,,76.2571
3392,10.0382,,157,,76.4
3393,10.0415,,157,,76.4857
3394,10.0447,,157,,76.5714
3395,10.048,,157,,76.6571
3396,10.0512,,157,,76.7429
3397,10.0545,,157,,76.8286
3398,10.0577,,157,,76.9143
3399,10.061,,157,,77
3400,10.0641,,157,,77.2857
3401,10.0672,,157,,77.5714
3402,10.0702,,157,,77.8571
3403,10.0733,,157,,78.1429
3404,10.0764,,157,,78.4286
3405,10.0795,,157,,78.7143
3406,10.0825,,157,,79
3407,10.0867,,156.5,,80.3
3408,10.0908,,156,,81.6
3409,10.0949,,155.5,,82.9
3410,10.0991,,155,,84.2
3411,10.1023,,155.2,,84.12
3412,10.1055,,155.4,,84.04
3413,10.1087,,155.6,,83.96
3414,10.1119,,155.8,,83.88
3415,10.1151,,156,,83.8
3416,10.1181,,155.857,,84.0571
3417,10.121,,155.714,,84.3143
3418,10.124,,155.571,,84.5714
3419,10.1269,,155.429,,84.8286
3420,10.1299,,155.286,,85.0857
3421,10.1329,,155.143,,85.3429
3422,10.1358,,155,,85.6
3423,10.139,,155.143,,85.8
3424,10.1421,,155.286,,86
3425,10.1452,,155.429,,86.2
3426,10.1484,,155.571,,86.4
3427,10.1515,,155.714,,86.6
3428,10.1547,,155.857,,86.8
3429,10.1578,,156,,87
3430,10.1613,,156,,86.9333
3431,10.1648,,156,,86.8667
3432,10.1683,,156,,86.8
3433,10.1718,,156,,86.7333
3434,10.1753,,156,,86.6667
3435,10.1788,,156,,86.6
3436,10.1822,,155.833,,86.6333
3437,10.1855,,155.667,,86.6667
3438,10.1889,,155.5,,86.7
3439,10.1922,,155.333,,86.7333
3440,10.1956,,155.167,,86.7667
3441,10.1989,,155,,86.8
3442,10.202,,155,,86.5714
3443,10.2052,,155,,86.3429
3444,10.2083,,155,,86.1143
3445,10.2114,,155,,85.8857
3446,10.2145,,155,,85.6571
3447,10.2177,,155,,85.4286
3448,10.2208,,155,,85.2
3449,10.2242,,155.167,,84.8333
3450,10.2276,,155.333,,84.4667
3451,10.2311,,155.5,,84.1
3452,10.2345,,155.667,,83.7333
3453,10.2379,,155.833,,83.3667
3454,10.2413,,156,,83
3455,10.2446,,156,,82.8286
3456,10.2479,,156,,82.6571
3457,10.2512,,156,,82.4857
3458,10.2545,,156,,82.3143
3459,10.2578,,156,,82.1429
3460,10.2611,,156,,81.9714
3461,10.2644,,156,,81.8
3462,10.2686,,155.8,,81.6
3463,10.2729,,155.6,,81.4
3464,10.2772,,155.4,,81.2
3465,10.2814,,155.2,,81
3466,10.2857,,155,,80.8
3467,10.2894,,155,,80.6
3468,10.2931,,155,,80.4
3469,10.2968,,155,,80.2
3470,10.3005,,155,,80
3471,10.3042,,155,,79.8
3472,10.3079,,155,,79.6
3473,10.3115,,155,,79.7
3474,10.3152,,155,,79.8
3475,10.3188,,155,,79.9
3476,10.3225,,155,,80
3477,10.3262,,155,,80.1
3478,10.3298,,155,,80.2
3479,10.3336,,155,,79.5
3480,10.3374,,155,,78.8
3481,10.3413,,154.667,,78.6333
3482,10.3452,,154.333,,78.4667
3483,10.3491,,154,,78.3
3484,10.353,,153.667,,78.1333
3485,10.3569,,153.333,,77.9667
3486,10.3608,,153,,77.8
3487,10.3649,,153,,77.6
3488,10.3683,,152.833,,77.5
3489,10.3718,,152.667,,77.4
3490,10.3752,,152.5,,77.3
3491,10.3786,,152.333,,77.2
3492,10.3821,,152.167,,77.1
3493,10.3855,,152,,77
3494,10.3889,,151.833,,76.6667
3495,10.3924,,151.667,,76.3333
3496,10.3958,,151.5,,76
3497,10.3993,,151.333,,75.6667
3498,10.4027,,151.167,,75.3333
3499,10.4061,,151,,75
3500,10.4093,,151,,75.1429
3501,10.4124,,151,,75.2857
3502,10.4156,,151,,75.4286
3503,10.4187,,151,,75.5714
3504,10.4219,,151,,75.7143
3505,10.425,,151,,75.8571
3506,10.4281,,151,,76
3507,10.4315,,151,,76.1667
3508,10.4348,,151,,76.3333
3509,10.4382,,151,,76.5
3510,10.4415,,151,,76.6667
3511,10.4448,,151,,76.8333
3512,10.4482,,151,,77
3513,10.452,,150.833,,76.8
3514,10.4558,,150.667,,76.6
3515,10.4596,,150.5,,76.4
3516,10.4634,,150.333,,76.2
3517,10.4672,,150.167,,76
3518,10.471,,150,,75.8
3519,10.4749,,150,,75.9333
3520,10.4788,,150,,76.0667
3521,10.4827,,150,,76.2
3522,10.4862,,150,,76.1333
3523,10.4897,,150,,76.0667
3524,10.4932,,150,,76
3525,10.4967,,150,,75.9333
3526,10.5002,,150,,75.8667
3527,10.5037,,150,,75.8
3528,10.5074,,150,,75.8
3529,10.511,,150,,75.6
3530,10.5147,,150,,75.4
3531,10.5181,,150.167,,75.2333
3532,10.5215,,150.333,,75.0667
3533,10.5249,,150.5,,74.9
3534,10.5284,,150.667,,74.7333
3535,10.5318,,150.833,,74.5667
3536,10.5352,,151,,74.4
3537,10.539,,151,,74.3
3538,10.5428,,151,,74.2
3539,10.5466,,151,,74.1
3540,10.5505,,151,,74
3541,10.5543,,151,,73.9
3542,10.5581,,151,,73.8
3543,10.5616,,150.833,,74.3667
3544,10.5651,,150.667,,74.9333
3545,10.5687,,150.5,,75.5
3546,10.5722,,150.333,,76.0667
3547,10.5757,,150.167,,76.6333
3548,10.5793,,150,,77.2
3549,10.5823,,150.143,,77.3429
3550,10.5853,,150.286,,77.4857
3551,10.5883,,150.429,,77.6286
3552,10.5914,,150.571,,77.7714
3553,10.5944,,150.714,,77.9143
3554,10.5974,,150.857,,78.0571
3555,10.6005,,151,,78.2
3556,10.6036,,150.857,,78.0571
3557,10.6066,,150.714,,77.9143
3558,10.6097,,150.571,,77.7714
3559,10.6128,,150.429,,77.6286
3560,10.6159,,150.286,,77.4857
3561,10.619,,150.143,,77.3429
3562,10.6221,,150,,77.2
3563,10.6251,,149.667,,77.1333
3564,10.6281,,149.333,,77.0667
3565,10.6311,,149,,77
3566,10.6344,,149,,76.7143
3567,10.6376,,149,,76.4286
3568,10.6409,,149,,76.1429
3569,10.6442,,149,,75.8571
3570,10.6474,,149,,75.5714
3571,10.6507,,149,,75.2857
3572,10.654,,149,,75
3573,10.657,,149,,73.9
3574,10.6601,,149,,72.8
3575,10.6636,,149.167,,72.4667
3576,10.6671,,149.333,,72.1333
3577,10.6707,,149.5,,71.8
3578,10.6742,,149.667,,71.4667
3579,10.6777,,149.833,,71.1333
3580,10.6812,,150,,70.8
3581,10.6849,,150.167,,71.1
3582,10.6886,,150.333,,71.4
3583,10.6923,,150.5,,71.7
3584,10.6959,,150.667,,72
3585,10.6996,,150.833,,72.3
3586,10.7033,,151,,72.6
3587,10.7067,,151.167,,72.6
3588,10.7101,,151.333,,72.6
3589,10.7134,,151.5,,72.6
3590,10.7168,,151.667,,72.6
3591,10.7202,,151.833,,72.6
3592,10.7236,,152,,72.6
3593,10.7265,,152,,72.5
3594,10.7294,,152,,72.4
3595,10.7324,,152,,72.3
3596,10.7353,,152,,72.2
3597,10.7382,,152,,72.16
3598,10.7411,,152,,72.12
3599,10.7439,,152,,72.08
3600,10.7468,,152,,72.04
3601,10.7497,,152,,72
3602,10.7527,,153,,71.6
3603,10.7556,,154,,71.2
3604,10.7586,,155,,70.8
3605,10.7617,,155,,70.7429
3606,10.7648,,155,,70.6857
3607,10.7679,,155,,70.6286
3608,10.771,,155,,70.5714
3609,10.7741,,155,,70.5143
3610,10.7772,,155,,70.4571
3611,10.7803,,155,,70.4
3612,10.7833,,154.571,,70.6571
3613,10.7863,,154.143,,70.9143
3614,10.7893,,153.714,,71.1714
3615,10.7922,,153.286,,71.4286
3616,10.7952,,152.857,,71.6857
3617,10.7982,,152.429,,71.9429
3618,10.8012,,152,,72.2
3619,10.8051,,152,,73.1
3620,10.8091,,152,,74
3621,10.8129,,152,,74.6667
3622,10.8166,,152,,75.3333
3623,10.8204,,152,,76
3624,10.8242,,152,,76.6667
3625,10.8279,,152,,77.3333
3626,10.8317,,152,,78
3627,10.8347,,152.286,,78.0571
3628,10.8378,,152.571,,78.1143
3629,10.8409,,152.857,,78.1714
3630,10.8439,,153.143,,78.2286
3631,10.847,,153.429,,78.2857
3632,10.85,,153.714,,78.3429
3633,10.8531,,154,,78.4
3634,10.8558,,154.167,,78.4
3635,10.8585,,154.333,,78.4
3636,10.8613,,154.5,,78.4
3637,10.864,,154.667,,78.4
3638,10.8667,,154.833,,78.4
3639,10.8695,,155,,78.4
3640,10.8729,,155,,78.5667
3641,10.8762,,155,,78.7333
3642,10.8796,,155,,78.9
3643,10.883,,155,,79.0667
3644,10.8864,,155,,79.2333
3645,10.8898,,155,,79.4
3646,10.8932,,155,,79.6
3647,10.8966,,155,,79.8
3648,10.9,,155,,80
3649,10.9034,,155,,80.2
3650,10.9068,,155,,80.4
3651,10.9102,,155,,80.6
3652,10.913,,155,,81.1667
3653,10.9159,,155,,81.7333
3654,10.9187,,155,,82.3
3655,10.9216,,155,,82.8667
3656,10.9244,,155,,83.4333
3657,10.9272,,155,,84
3658,10.9308,,155.167,,84.7333
3659,10.9344,,155.333,,85.4667
3660,10.938,,155.5,,86.2
3661,10.9416,,155.667,,86.9333
3662,10.9452,,155.833,,87.6667
3663,10.9489,,156,,88.4
3664,10.9521,,156,,88.5143
3665,10.9554,,156,,88.6286
3666,10.9586,,156,,88.7429
3667,10.9619,,156,,88.8571
3668,10.9651,,156,,88.9714
3669,10.9684,,156,,89.0857
3670,10.9716,,156,,89.2
3671,10.9745,,156,,89.3
3672,10.9773,,156,,89.4
3673,10.9802,,156,,89.5
3674,10.983,,156,,89.6
3675,10.9859,,156,,89.7
3676,10.9888,,156,,89.8
3677,10.9916,,156,,89.9
3678,10.9945,,156,,90
3679,10.9979,,156,,90
3680,11.0011,,155.714,,90.1714
3681,11.0043,,155.429,,90.3429
3682,11.0075,,155.143,,90.5143
3683,11.0108,,154.857,,90.6857
3684,11.014,,154.571,,90.8571
3685,11.0172,,154.286,,91.0286
3686,11.0204,,154,,91.2
3687,11.0231,,153.875,,91.075
3688,11.0259,,153.75,,90.95
3689,11.0287,,153.625,,90.825
3690,11.0314,,153.5,,90.7
3691,11.0342,,153.375,,90.575
3692,11.0369,,153.25,,90.45
3693,11.0397,,153.125,,90.325
3694,11.0425,,153,,90.2
3695,11.0456,,153,,89.92
3696,11.0487,,153,,89.64
3697,11.0518,,153,,89.36
3698,11.055,,153,,89.08
3699,11.0581,,153,,88.8
3700,11.0615,,152.833,,89.2667
3701,11.0648,,152.667,,89.7333
3702,11.0682,,152.5,,90.2
3703,11.0716,,152.333,,90.6667
3704,11.075,,152.167,,91.1333
3705,11.0783,,152,,91.6
3706,11.0818,,152,,91.6
3707,11.0853,,152,,91.6
3708,11.0883,,152.143,,91.8571
3709,11.0913,,152.286,,92.1143
3710,11.0943,,152.429,,92.3714
3711,11.0973,,152.571,,92.6286
3712,11.1003,,152.714,,92.8857
3713,11.1032,,152.857,,93.1429
3714,11.1062,,153,,93.4
3715,11.1098,,153.167,,93.8
3716,11.1135,,153.333,,94.2
3717,11.1171,,153.5,,94.6
3718,11.1207,,153.667,,95
3719,11.1243,,153.833,,95.4
3720,11.1279,,154,,95.8
3721,11.1312,,153.667,,96.0667
3722,11.1345,,153.333,,96.3333
3723,11.1377,,153,,96.6
3724,11.1408,,152.857,,96.4286
3725,11.1438,,152.714,,96.2571
3726,11.1468,,152.571,,96.0857
3727,11.1498,,152.429,,95.9143
3728,11.1529,,152.286,,95.7429
3729,11.1559,,152.143,,95.5714
3730,11.1589,,152,,95.4
3731,11.1616,,152,,95.6
3732,11.1642,,152,,95.8
3733,11.1668,,152,,96
3734,11.1694,,152,,96.2
3735,11.172,,152,,96.4
3736,11.1746,,152,,96.6
3737,11.1772,,152,,96.8
3738,11.1799,,152,,97
3739,11.1829,,152,,97.1429
3740,11.186,,152,,97.2857
3741,11.1891,,152,,97.4286
3742,11.1922,,152,,97.5714
3743,11.1952,,152,,97.7143
3744,11.1983,,152,,97.8571
3745,11.2014,,152,,98
3746,11.2048,,151.857,,97.6
3747,11.2081,,151.714,,97.2
3748,11.2115,,151.571,,96.8
3749,11.2149,,151.429,,96.4
3750,11.2183,,151.286,,96
3751,11.2216,,151.143,,95.6
3752,11.225,,151,,95.2
3753,11.2278,,152,,95.5333
3754,11.2305,,153,,95.8667
3755,11.2333,,154,,96.2
3756,11.2363,,154.143,,96.1143
3757,11.2394,,154.286,,96.0286
3758,11.2425,,154.429,,95.9429
3759,11.2456,,154.571,,95.8571
3760,11.2486,,154.714,,95.7714
3761,11.2517,,154.857,,95.6857
3762,11.2548,,155,,95.6
3763,11.2576,,155,,95.9
3764,11.2604,,155,,96.2
3765,11.2633,,155,,96.5
3766,11.2661,,155,,96.8
3767,11.2689,,155,,97.1
3768,11.2718,,155,,97.4
3769,11.2746,,155,,97.7
3770,11.2774,,155,,98
3771,11.2801,,154.875,,97.85
3772,11.2827,,154.75,,97.7
3773,11.2853,,154.625,,97.55
3774,11.288,,154.5,,97.4
3775,11.2906,,154.375,,97.25
3776,11.2932,,154.25,,97.1
3777,11.2959,,154.125,,96.95
3778,11.2985,,154,,96.8
3779,11.3009,,154.25,,97
3780,11.3034,,154.5,,97.2
3781,11.3059,,154.75,,97.4
3782,11.3083,,155,,97.6
3783,11.3109,,155.222,,97.8
3784,11.3135,,155.444,,98
3785,11.3161,,155.667,,98.2
3786,11.3186,,155.889,,98.4
3787,11.3212,,156.111,,98.6
3788,11.3238,,156.333,,98.8
3789,11.3264,,156.556,,99
3790,11.329,,156.778,,99.2
3791,11.3315,,157,,99.4
3792,11.3341,,157,,99.3667
3793,11.3366,,157,,99.3333
3794,11.3392,,157,,99.3
3795,11.3417,,157,,99.2667
3796,11.3442,,157,,99.2333
3797,11.3468,,157,,99.2
3798,11.3498,,157.2,,99.36
3799,11.3529,,157.4,,99.52
3800,11.3559,,157.6,,99.68
3801,11.3589,,157.8,,99.84
3802,11.362,,158,,100
3803,11.3648,,157.75,,99.9
3804,11.3676,,157.5,,99.8
3805,11.3704,,157.25,,99.7
3806,11.3731,,157,,99.6
3807,11.377,,157,,99.2
3808,11.3808,,157,,98.8
3809,11.3846,,157,,98.4
3810,11.3884,,157,,98
3811,11.3922,,157,,97.6
3812,11.3952,,157.75,,97.3
3813,11.3981,,158.5,,97
3814,11.4011,,159.25,,96.7
3815,11.404,,160,,96.4
3816,11.406,,159.333,,95.6
3817,11.4079,,158.667,,94.8
3818,11.4099,,158,,94
3819,11.4126,,158,,93.85
3820,11.4154,,158,,93.7
3821,11.4181,,158,,93.55
3822,11.4208,,158,,93.4
3823,11.4241,,158.4,,93.6
3824,11.4273,,158.8,,93.8
3825,11.4306,,159.2,,94
3826,11.4338,,159.6,,94.2
3827,11.4371,,160,,94.4
3828,11.441,,161,,95
3829,11.4444,,160.667,,95.2667
3830,11.4477,,160.333,,95.5333
3831,11.4511,,160,,95.8
3832,11.4545,,159.667,,96.0667
3833,11.4579,,159.333,,96.3333
3834,11.4612,,159,,96.6
3861,11.4618,,148,,92
3862,11.4639,,148,,92
3863,11.4675,,147.667,,92.0667
3864,11.471,,147.333,,92.1333
3865,11.4746,,147,,92.2
3866,11.4782,,146.667,,92.2667
3867,11.4817,,146.333,,92.3333
3868,11.4853,,146,,92.4
3869,11.4889,,145.667,,92.5333
3870,11.4925,,145.333,,92.6667
3871,11.4961,,145,,92.8
3872,11.4996,,144.667,,92.9333
3873,11.5032,,144.333,,93.0667
3874,11.5068,,144,,93.2
3875,11.5104,,143.75,,93.6
3876,11.5139,,143.5,,94
3877,11.5175,,143.25,,94.4
3878,11.521,,143,,94.8
3879,11.5245,,143.2,,95
3880,11.5279,,143.4,,95.2
3881,11.5313,,143.6,,95.4
3882,11.5347,,143.8,,95.6
3883,11.5381,,144,,95.8
3884,11.5417,,144.333,,96
3885,11.5452,,144.667,,96.2
3886,11.5487,,145,,96.4
3887,11.5522,,145.333,,96.6
3888,11.5557,,145.667,,96.8
3889,11.5593,,146,,97
3890,11.5627,,146.6,,97.16
3891,11.5661,,147.2,,97.32
3892,11.5695,,147.8,,97.48
3893,11.5729,,148.4,,97.64
3894,11.5763,,149,,97.8
3895,11.5798,,149,,98.0333
3896,11.5832,,149,,98.2667
3897,11.5866,,149,,98.5
3898,11.59,,149,,98.7333
3899,11.5934,,149,,98.9667
3900,11.5968,,149,,99.2
3901,11.6004,,149,,99.4667
3902,11.604,,149,,99.7333
3903,11.6076,,149,,100
3904,11.6112,,149,,100.267
3905,11.6148,,149,,100.533
3906,11.6184,,149,,100.8
3907,11.6218,,149,,101.2
3908,11.6252,,149,,101.6
3909,11.6285,,149,,102
3910,11.6319,,149,,102.4
3911,11.6353,,149,,102.8
3912,11.6387,,149,,103.2
3913,11.6423,,149.167,,103.533
3914,11.6459,,149.333,,103.867
3915,11.6495,,149.5,,104.2
3916,11.6531,,149.667,,104.533
3917,11.6567,,149.833,,104.867
3918,11.6603,,150,,105.2
3919,11.6638,,150.333,,105.567
3920,11.6673,,150.667,,105.933
3921,11.6707,,151,,106.3
3922,11.6742,,151.333,,106.667
3923,11.6777,,151.667,,107.033
3924,11.6812,,152,,107.4
3925,11.6848,,152,,107.633
3926,11.6883,,152,,107.867
3927,11.6919,,152,,108.1
3928,11.6955,,152,,108.333
3929,11.699,,152,,108.567
3930,11.7026,,152,,108.8
3931,11.706,,152,,109.067
3932,11.7095,,152,,109.333
3933,11.7129,,152,,109.6
3934,11.7164,,152,,109.867
3935,11.7198,,152,,110.133
3936,11.7233,,152,,110.4
3937,11.7269,,152,,110.667
3938,11.7306,,152,,110.933
3939,11.7343,,152,,111.2
3940,11.7379,,152,,111.467
3941,11.7416,,152,,111.733
3942,11.7453,,152,,112
3943,11.7491,,152,,112.367
3944,11.7529,,152,,112.733
3945,11.7567,,152,,113.1
3946,11.7606,,152,,113.467
3947,11.7644,,152,,113.833
3948,11.7682,,152,,114.2
3949,11.7718,,152,,114.267
3950,11.7754,,152,,114.333
3951,11.779,,152,,114.4
3952,11.7827,,152,,114.467
3953,11.7863,,152,,114.533
3954,11.7899,,152,,114.6
3955,11.7934,,152,,114.833
3956,11.797,,152,,115.067
3957,11.8006,,152,,115.3
3958,11.8041,,152,,115.533
3959,11.8077,,152,,115.767
3960,11.8113,,152,,116
3961,11.8148,,152,,116.167
3962,11.8183,,152,,116.333
3963,11.8218,,152,,116.5
3964,11.8253,,152,,116.667
3965,11.8288,,152,,116.833
3966,11.8323,,152,,117
3967,11.8361,,151.833,,116.967
3968,11.8399,,151.667,,116.933
3969,11.8437,,151.5,,116.9
3970,11.8475,,151.333,,116.867
3971,11.8513,,151.167,,116.833
3972,11.8551,,151,,116.8
3973,11.8586,,150.833,,115.9
3974,11.8621,,150.667,,115
3975,11.8657,,150.5,,114.1
3976,11.8692,,150.333,,113.2
3977,11.8728,,150.167,,112.3
3978,11.8763,,150,,111.4
3979,11.8797,,150,,111
3980,11.883,,150,,110.6
3981,11.8864,,150,,110.2
3982,11.8897,,150,,109.8
3983,11.8931,,150,,109.4
3984,11.8966,,150,,108.52
3985,11.9001,,150,,107.64
3986,11.9035,,150,,106.76
3987,11.907,,150,,105.88
3988,11.9105,,150,,105
3989,11.9139,,150.167,,104.1
3990,11.9173,,150.333,,103.2
3991,11.9208,,150.5,,102.3
3992,11.9242,,150.667,,101.4
3993,11.9276,,150.833,,100.5
3994,11.931,,151,,99.6
3995,11.9347,,150.833,,98.8
3996,11.9384,,150.667,,98
3997,11.9421,,150.5,,97.2
3998,11.9458,,150.333,,96.4
3999,11.9495,,150.167,,95.6
4000,11.9533,,150,,94.8
4001,11.9571,,150,,94.0333
4002,11.961,,150,,93.2667
4003,11.9649,,150,,92.5
4004,11.9687,,150,,91.7333
4005,11.9726,,150,,90.9667
4006,11.9765,,150,,90.2
4007,11.9803,,149.833,,89.6333
4008,11.9842,,149.667,,89.0667
4009,11.9881,,149.5,,88.5
4010,11.992,,149.333,,87.9333
4011,11.9958,,149.167,,87.3667
4012,11.9997,,149,,86.8
4013,12.0034,,148.833,,86.2
4014,12.0071,,148.667,,85.6
4015,12.0108,,148.5,,85
4016,12.0145,,148.333,,84.4
4017,12.0182,,148.167,,83.8
4018,12.022,,148,,83.2
4019,12.0262,,148,,82.48
4020,12.0304,,148,,81.76
4021,12.0346,,148,,81.04
4022,12.0389,,148,,80.32
4023,12.0431,,148,,79.6
4024,12.047,,147.833,,79.2
4025,12.0509,,147.667,,78.8
4026,12.0549,,147.5,,78.4
4027,12.0588,,147.333,,78
4028,12.0627,,147.167,,77.6
4029,12.0667,,147,,77.2
4030,12.0704,,146.833,,76.9333
4031,12.0741,,146.667,,76.6667
4032,12.0778,,146.5,,76.4
4033,12.0816,,146.333,,76.1333
4034,12.0853,,146.167,,75.8667
4035,12.089,,146,,75.6
4036,12.0929,,146,,75.5
4037,12.0967,,146,,75.4
4038,12.1005,,146,,75.3
4039,12.1043,,146,,75.2
4040,12.1081,,146,,75.1
4041,12.112,,146,,75
4042,12.1155,,145.833,,74.9
4043,12.119,,145.667,,74.8
4044,12.1225,,145.5,,74.7
4045,12.126,,145.333,,74.6
4046,12.1296,,145.167,,74.5
4047,12.1331,,145,,74.4
4048,12.1369,,145,,74.2
4049,12.1407,,145,,74
4050,12.1445,,145,,73.8
4051,12.1483,,145,,73.6
4052,12.1521,,145,,73.4
4053,12.1559,,145,,73.2
4054,12.1593,,145.25,,72.7
4055,12.1626,,145.5,,72.2
4056,12.166,,145.75,,71.7
4057,12.1694,,146,,71.2
4058,12.1728,,146.167,,71
4059,12.1763,,146.333,,70.8
4060,12.1797,,146.5,,70.6
4061,12.1831,,146.667,,70.4
4062,12.1866,,146.833,,70.2
4063,12.19,,147,,70
4064,12.1932,,147.286,,70.2571
4065,12.1964,,147.571,,70.5143
4066,12.1996,,147.857,,70.7714
4067,12.2028,,148.143,,71.0286
4068,12.206,,148.429,,71.2857
4069,12.2092,,148.714,,71.5429
4070,12.2124,,149,,71.8
4071,12.2155,,149,,72.0857
4072,12.2185,,149,,72.3714
4073,12.2216,,149,,72.6571
4074,12.2247,,149,,72.9429
4075,12.2277,,149,,73.2286
4076,12.2308,,149,,73.5143
4077,12.2339,,149,,73.8
4078,12.2368,,149.143,,74.1143
4079,12.2398,,149.286,,74.4286
4080,12.2428,,149.429,,74.7429
4081,12.2458,,149.571,,75.0571
4082,12.2488,,149.714,,75.3714
4083,12.2518,,149.857,,75.6857
4084,12.2548,,150,,76
4085,12.2576,,150,,76.3
4086,12.2604,,150,,76.6
4087,12.2632,,150,,76.9
4088,12.266,,150,,77.2
4089,12.2688,,150,,77.5
4090,12.2716,,150,,77.8
4091,12.2744,,150,,78.1
4092,12.2772,,150,,78.4
4093,12.28,,150,,78.6571
4094,12.2829,,150,,78.9143
4095,12.2858,,150,,79.1714
4096,12.2887,,150,,79.4286
4097,12.2916,,150,,79.6857
4098,12.2945,,150,,79.9429
4099,12.2974,,150,,80.2
4100,12.3003,,150.143,,80.4571
4101,12.3033,,150.286,,80.7143
4102,12.3063,,150.429,,80.9714
4103,12.3093,,150.571,,81.2286
4104,12.3122,,150.714,,81.4857
4105,12.3152,,150.857,,81.7429
4106,12.3182,,151,,82
4107,12.321,,150.875,,82.1
4108,12.3238,,150.75,,82.2
4109,12.3266,,150.625,,82.3
4110,12.3294,,150.5,,82.4
4111,12.3322,,150.375,,82.5
4112,12.335,,150.25,,82.6
4113,12.3378,,150.125,,82.7
4114,12.3406,,150,,82.8
4115,12.3436,,150.143,,82.6571
4116,12.3465,,150.286,,82.5143
4117,12.3495,,150.429,,82.3714
4118,12.3524,,150.571,,82.2286
4119,12.3554,,150.714,,82.0857
4120,12.3583,,150.857,,81.9429
4121,12.3613,,151,,81.8
4122,12.3641,,151.286,,82
4123,12.367,,151.571,,82.2
4124,12.3698,,151.857,,82.4
4125,12.3726,,152.143,,82.6
4126,12.3754,,152.429,,82.8
4127,12.3783,,152.714,,83
4128,12.3811,,153,,83.2
4129,12.3837,,153.125,,83.325
4130,12.3863,,153.25,,83.45
4131,12.3889,,153.375,,83.575
4132,12.3915,,153.5,,83.7
4133,12.3942,,153.625,,83.825
4134,12.3968,,153.75,,83.95
4135,12.3994,,153.875,,84.075
4136,12.402,,154,,84.2
4137,12.4052,,153.714,,84.6
4138,12.4084,,153.429,,85
4139,12.4116,,153.143,,85.4
4140,12.4148,,152.857,,85.8
4141,12.4181,,152.571,,86.2
4142,12.4213,,152.286,,86.6
4143,12.4245,,152,,87
4144,12.428,,152.333,,86.6
4145,12.4315,,152.667,,86.2
4146,12.435,,153,,85.8
4147,12.4385,,153.333,,85.4
4148,12.4421,,153.667,,85
4149,12.4456,,154,,84.6
4150,12.4488,,154.286,,84.7143
4151,12.4521,,154.571,,84.8286
4152,12.4554,,154.857,,84.9429
4153,12.4587,,155.143,,85.0571
4154,12.4619,,155.429,,85.1714
4155,12.4652,,155.714,,85.2857
4156,12.4685,,156,,85.4
4157,12.4718,,156.143,,85.6857
4158,12.475,,156.286,,85.9714
4159,12.4783,,156.429,,86.2571
4160,12.4815,,156.571,,86.5429
4161,12.4848,,156.714,,86.8286
4162,12.4881,,156.857,,87.1143
4163,12.4913,,157,,87.4
4164,12.4945,,157.286,,87.5714
4165,12.4977,,157.571,,87.7429
4166,12.5009,,157.857,,87.9143
4167,12.5041,,158.143,,88.0857
4168,12.5072,,158.429,,88.2571
4169,12.5104,,158.714,,88.4286
4170,12.5136,,159,,88.6
4171,12.5175,,159,,88.8667
4172,12.5213,,159,,89.1333
4173,12.5252,,159,,89.4
4174,12.5291,,159,,89.6667
4175,12.533,,159,,89.9333
4176,12.5368,,159,,90.2
4177,12.5407,,158.667,,90.5
4178,12.5446,,158.333,,90.8
4179,12.5484,,158,,91.1
4180,12.5523,,157.667,,91.4
4181,12.5562,,157.333,,91.7
4182,12.5601,,157,,92
4183,12.5636,,157.333,,92.4
4184,12.5671,,157.667,,92.8
4185,12.5706,,158,,93.2
4186,12.5742,,158.333,,93.6
4187,12.5777,,158.667,,94
4188,12.5812,,159,,94.4
4189,12.5847,,159,,94.4667
4190,12.5882,,159,,94.5333
4191,12.5917,,159,,94.6
4192,12.5952,,159,,94.6667
4193,12.5987,,159,,94.7333
4194,12.6022,,159,,94.8
4195,12.6055,,159.167,,94.8667
4196,12.6089,,159.333,,94.9333
4197,12.6123,,159.5,,95
4198,12.6157,,159.667,,95.0667
4199,12.619,,159.833,,95.1333
4200,12.6224,,160,,95.2
4201,12.6257,,159.714,,95.4571
4202,12.629,,159.429,,95.7143
4203,12.6323,,159.143,,95.9714
4204,12.6356,,158.857,,96.2286
4205,12.6389,,158.571,,96.4857
4206,12.6422,,158.286,,96.7429
4207,12.6455,,158,,97
4208,12.6492,,157.833,,97.3333
4209,12.6528,,157.667,,97.6667
4210,12.6565,,157.5,,98
4211,12.6602,,157.333,,98.3333
4212,12.6638,,157.167,,98.6667
4213,12.6675,,157,,99
4214,12.6711,,157,,99.3
4215,12.6747,,157,,99.6
4216,12.6784,,157,,99.9
4217,12.682,,157,,100.2
4218,12.6856,,157,,100.5
4219,12.6892,,157,,100.8
4220,12.6929,,156.833,,101.267
4221,12.6967,,156.667,,101.733
4222,12.7004,,156.5,,102.2
4223,12.7041,,156.333,,102.667
4224,12.7078,,156.167,,103.133
4225,12.7115,,156,,103.6
4226,12.7149,,156.167,,103.9
4227,12.7184,,156.333,,104.2
4228,12.7218,,156.5,,104.5
4229,12.7252,,156.667,,104.8
4230,12.7287,,156.833,,105.1
4231,12.7321,,157,,105.4
4232,12.7356,,157,,105.133
4233,12.7391,,157,,104.867
4234,12.7426,,157,,104.6
4235,12.7461,,157,,104.333
4236,12.7496,,157,,104.067
4237,12.7531,,157,,103.8
4238,12.7566,,156.75,,103.6
4239,12.76,,156.5,,103.4
4240,12.7635,,156.25,,103.2
4241,12.7669,,156,,103
4242,12.767,,155.591,,102.727
4243,12.7671,,155.182,,102.455
4244,12.7672,,154.773,,102.182
4245,12.7673,,154.364,,101.909
4246,12.7674,,153.955,,101.636
4247,12.7675,,153.545,,101.364
4248,12.7676,,153.136,,101.091
4249,12.7678,,152.727,,100.818
4250,12.7679,,152.318,,100.545
4251,12.768,,151.909,,100.273
4252,12.7681,,151.5,,100
4253,12.7682,,151.091,,99.7273
4254,12.7683,,150.682,,99.4545
4255,12.7684,,150.273,,99.1818
4256,12.7685,,149.864,,98.9091
4257,12.7686,,149.455,,98.6364
4258,12.7687,,149.045,,98.3636
4259,12.7688,,148.636,,98.0909
4260,12.7689,,148.227,,97.8182
4261,12.769,,147.818,,97.5455
4262,12.7691,,147.409,,97.2727
4263,12.7692,,147,,97
4264,12.7724,,146.857,,96.8
4265,12.7755,,146.714,,96.6
4266,12.7786,,146.571,,96.4
4267,12.7818,,146.429,,96.2
4268,12.7849,,146.286,,96
4269,12.7881,,146.143,,95.8
4270,12.7912,,146,,95.6
4271,12.7937,,146,,95.3111
4272,12.7962,,146,,95.0222
4273,12.7987,,146,,94.7333
4274,12.8012,,146,,94.4444
4275,12.8036,,146,,94.1556
4276,12.8061,,146,,93.8667
4277,12.8086,,146,,93.5778
4278,12.8111,,146,,93.2889
4279,12.8136,,146,,93
4280,12.8175,,146.333,,93.2
4281,12.8213,,146.667,,93.4
4282,12.8252,,147,,93.6
4283,12.829,,147.333,,93.8
4284,12.8329,,147.667,,94
4285,12.8367,,148,,94.2
4286,12.8408,,148.4,,93.92
4287,12.8449,,148.8,,93.64
4288,12.849,,149.2,,93.36
4289,12.8531,,149.6,,93.08
4290,12.8573,,150,,92.8
4291,12.8614,,150.4,,93
4292,12.8655,,150.8,,93.2
4293,12.8696,,151.2,,93.4
4294,12.8737,,151.6,,93.6
4295,12.8778,,152,,93.8
4296,12.8821,,152.4,,93.28
4297,12.8863,,152.8,,92.76
4298,12.8906,,153.2,,92.24
4299,12.8948,,153.6,,91.72
4300,12.899,,154,,91.2
4301,12.9031,,154.2,,90.96
4302,12.9073,,154.4,,90.72
4303,12.9114,,154.6,,90.48
4304,12.9155,,154.8,,90.24
4305,12.9196,,155,,90
4306,12.9236,,155,,89.96
4307,12.9277,,155,,89.92
4308,12.9317,,155,,89.88
4309,12.9357,,155,,89.84
4310,12.9398,,155,,89.8
4311,12.943,,155,,90
4312,12.9463,,155,,90.2
4313,12.9503,,155,,90.45
4314,12.9542,,155,,90.7
4315,12.9582,,155,,90.95
4316,12.9622,,155,,91.2
4317,12.9659,,155.167,,91.4
4318,12.9696,,155.333,,91.6
4319,12.9733,,155.5,,91.8
4320,12.9771,,155.667,,92
4321,12.9808,,155.833,,92.2
4322,12.9845,,156,,92.4
4323,12.9877,,156.25,,92.05
4324,12.9909,,156.5,,91.7
4325,12.9941,,156.75,,91.35
4326,12.9973,,157,,91
4327,13.0006,,157.143,,90.7143
4328,13.0039,,157.286,,90.4286
4329,13.0072,,157.429,,90.1429
4330,13.0105,,157.571,,89.8571
4331,13.0138,,157.714,,89.5714
4332,13.0172,,157.857,,89.2857
4333,13.0205,,158,,89
4334,13.025,,158.2,,88.8
4335,13.0295,,158.4,,88.6
4336,13.034,,158.6,,88.4
4337,13.0385,,158.8,,88.2
4338,13.043,,159,,88
4339,13.0468,,158.833,,87.9
4340,13.0506,,158.667,,87.8
4341,13.0544,,158.5,,87.7
4342,13.0582,,158.333,,87.6
4343,13.062,,158.167,,87.5
4344,13.0658,,158,,87.4
4345,13.0696,,158,,87.1333
4346,13.0734,,158,,86.8667
4347,13.0772,,158,,86.6
4348,13.0809,,158,,86.3333
4349,13.0847,,158,,86.0667
4350,13.0885,,158,,85.8
4351,13.0917,,158.143,,86.2
4352,13.0948,,158.286,,86.6
4353,13.098,,158.429,,87
4354,13.1011,,158.571,,87.4
4355,13.1043,,158.714,,87.8
4356,13.1074,,158.857,,88.2
4357,13.1106,,159,,88.6
4358,13.1145,,158.833,,88.8667
4359,13.1184,,158.667,,89.1333
4360,13.1223,,158.5,,89.4
4361,13.1262,,158.333,,89.6667
4362,13.13,,158.167,,89.9333
4363,13.1339,,158,,90.2
4364,13.1375,,158.167,,90.2333
4365,13.141,,158.333,,90.2667
4366,13.1446,,158.5,,90.3
4367,13.1481,,158.667,,90.3333
4368,13.1516,,158.833,,90.3667
4369,13.1552,,159,,90.4
4370,13.1588,,159,,91.0667
4371,13.1624,,159,,91.7333
4372,13.1661,,159,,92.4
4373,13.1697,,159,,93.0667
4374,13.1733,,159,,93.7333
4375,13.177,,159,,94.4
4376,13.1804,,159.333,,94.5333
4377,13.1838,,159.667,,94.6667
4378,13.1872,,160,,94.8
4379,13.1906,,160.333,,94.9333
4380,13.194,,160.667,,95.0667
4381,13.1974,,161,,95.2
4382,13.2002,,160.857,,95.4571
4383,13.2031,,160.714,,95.7143
4384,13.206,,160.571,,95.9714
4385,13.2088,,160.429,,96.2286
4386,13.2117,,160.286,,96.4857
4387,13.2146,,160.143,,96.7429
4388,13.2175,,160,,97
4389,13.2219,,160,,97.35
4390,13.2263,,160,,97.7
4391,13.2308,,160,,98.05
4392,13.2352,,160,,98.4
4393,13.2387,,159.667,,99.3333
4394,13.2422,,159.333,,100.267
4395,13.2457,,159,,101.2
4396,13.2492,,158.667,,102.133
4397,13.2527,,158.333,,103.067
4398,13.2563,,158,,104
4399,13.2592,,158,,103.8
4400,13.2622,,158,,103.6
4401,13.2651,,158,,103.4
4402,13.2681,,158,,103.2
4444,13.2681,,123,,99.4
4445,13.2693,,121,,99.3
4446,13.2706,,119,,99.2
4447,13.2743,,119,,98.9
4448,13.278,,119,,98.6
4449,13.2817,,119,,98.3
4450,13.2854,,119,,98
4451,13.2891,,119,,97.7
4452,13.2928,,119,,97.4
4453,13.2966,,122.5,,97.4
4454,13.3003,,126,,97.4
4455,13.304,,128,,97.3
4456,13.3076,,130,,97.2
4457,13.3111,,131.5,,96.9
4458,13.3145,,133,,96.6
4459,13.3182,,134,,96
4460,13.3218,,135,,95.4
4461,13.3254,,136,,94.8
4462,13.3291,,137.333,,94.3333
4463,13.3329,,138.667,,93.8667
4464,13.3366,,140,,93.4
4465,13.3402,,140.333,,93.2
4466,13.3438,,140.667,,93
4467,13.3474,,141,,92.8
4468,13.3511,,141.333,,92.6
4469,13.3547,,141.667,,92.4
4470,13.3583,,142,,92.2
4471,13.3617,,142.25,,92.45
4472,13.3651,,142.5,,92.7
4473,13.3686,,142.75,,92.95
4474,13.372,,143,,93.2
4499,13.3724,,132,,86.8
4500,13.3758,,131.833,,87.0667
4501,13.3793,,131.667,,87.3333
4502,13.3827,,131.5,,87.6
4503,13.3861,,131.333,,87.8667
4504,13.3896,,131.167,,88.1333
4505,13.393,,131,,88.4
4506,13.3965,,132,,89.1
4507,13.4,,133,,89.8
4508,13.4034,,134,,90.5
4509,13.4069,,135,,91.2
4510,13.4106,,135.333,,91.2333
4511,13.4143,,135.667,,91.2667
4512,13.418,,136,,91.3
4513,13.4217,,136.333,,91.3333
4514,13.4254,,136.667,,91.3667
4515,13.4291,,137,,91.4
4516,13.4326,,137,,91.65
4517,13.4361,,137,,91.9
4518,13.4396,,137,,92.15
4519,13.4431,,137,,92.4
4520,13.4468,,137.2,,92.84
4521,13.4504,,137.4,,93.28
4522,13.4541,,137.6,,93.72
4523,13.4578,,137.8,,94.16
4524,13.4615,,138,,94.6
4525,13.4646,,139,,95
4526,13.4677,,140,,95.4
4527,13.4709,,141,,95.8
4528,13.474,,143,,96.2
4529,13.4779,,143.167,,96.2333
4530,13.4817,,143.333,,96.2667
4531,13.4856,,143.5,,96.3
4532,13.4894,,143.667,,96.3333
4533,13.4933,,143.833,,96.3667
4534,13.4971,,144,,96.4
4535,13.5008,,144.167,,96.2667
4536,13.5046,,144.333,,96.1333
4537,13.5083,,144.5,,96
4538,13.512,,144.667,,95.8667
4539,13.5157,,144.833,,95.7333
4540,13.5194,,145,,95.6
4541,13.5229,,145.75,,95.95
4542,13.5264,,146.5,,96.3
4543,13.5299,,147.25,,96.65
4544,13.5333,,148,,97
4545,13.5374,,148.2,,96.68
4546,13.5414,,148.4,,96.36
4547,13.5455,,148.6,,96.04
4548,13.5496,,148.8,,95.72
4549,13.5536,,149,,95.4
4550,13.5576,,149.6,,95.16
4551,13.5615,,150.2,,94.92
4552,13.5655,,150.8,,94.68
4553,13.5695,,151.4,,94.44
4554,13.5734,,152,,94.2
4555,13.577,,152,,94.1333
4556,13.5806,,152,,94.0667
4557,13.5841,,152,,94
4558,13.5877,,152,,93.9333
4559,13.5913,,152,,93.8667
4560,13.5948,,152,,93.8
4561,13.5983,,152,,93.6
4562,13.6019,,152,,93.45
4563,13.6055,,152,,93.3
4564,13.6091,,152,,93.15
4565,13.6127,,152,,93
4566,13.616,,151.857,,92.8857
4567,13.6192,,151.714,,92.7714
4568,13.6225,,151.571,,92.6571
4569,13.6257,,151.429,,92.5429
4570,13.629,,151.286,,92.4286
4571,13.6322,,151.143,,92.3143
4572,13.6355,,151,,92.2
4573,13.6388,,151.167,,92
4574,13.6422,,151.333,,91.8
4575,13.6456,,151.5,,91.6
4576,13.649,,151.667,,91.4
4577,13.6524,,151.833,,91.2
4578,13.6558,,152,,91
4579,13.6593,,152.333,,90.8
4580,13.6628,,152.667,,90.6
4581,13.6663,,153,,90.4
4582,13.6698,,153.333,,90.2
4583,13.6733,,153.667,,90
4584,13.6768,,154,,89.8
4585,13.6804,,154.167,,89.9667
4586,13.6839,,154.333,,90.1333
4587,13.6875,,154.5,,90.3
4588,13.6911,,154.667,,90.4667
4589,13.6946,,154.833,,90.6333
4590,13.6982,,155,,90.8
4591,13.7017,,155.167,,90.9667
4592,13.7051,,155.333,,91.1333
4593,13.7086,,155.5,,91.3
4594,13.7121,,155.667,,91.4667
4595,13.7155,,155.833,,91.6333
4596,13.719,,156,,91.8
4597,13.7231,,155.8,,91.28
4598,13.7271,,155.6,,90.76
4599,13.7311,,155.4,,90.24
4600,13.7352,,155.2,,89.72
4601,13.7392,,155,,89.2
4602,13.7431,,155,,88.6
4603,13.7471,,155.2,,88.56
4604,13.7512,,155.4,,88.52
4605,13.7552,,155.6,,88.48
4606,13.7592,,155.8,,88.44
4607,13.7633,,156,,88.4
4608,13.7671,,156,,88.2
4609,13.7709,,156,,88
4610,13.7747,,156,,87.8
4611,13.7785,,156,,87.6
4612,13.7823,,156,,87.4
4613,13.7861,,156,,87.2
4614,13.79,,156,,87.2333
4615,13.7939,,156,,87.2667
4616,13.7977,,156,,87.3
4617,13.8016,,156,,87.3333
4618,13.8055,,156,,87.3667
4619,13.8093,,156,,87.4
4620,13.8127,,156,,87.2333
4621,13.8161,,156,,87.0667
4622,13.8195,,156,,86.9
4623,13.8229,,156,,86.7333
4624,13.8263,,156,,86.5667
4625,13.8297,,156,,86.4
4626,13.8334,,156,,86.1667
4627,13.8371,,156,,85.9333
4628,13.8407,,156,,85.7
4629,13.8444,,156,,85.4667
4630,13.8481,,156,,85.2333
4631,13.8518,,156,,85
4632,13.8557,,156,,84.8333
4633,13.8595,,156,,84.6667
4634,13.8634,,156,,84.5
4635,13.8673,,156,,84.3333
4636,13.8711,,156,,84.1667
4637,13.875,,156,,84
4638,13.879,,156,,83.9333
4639,13.883,,156,,83.8667
4640,13.887,,156,,83.8
4641,13.8909,,156,,83.7333
4642,13.8949,,156,,83.6667
4643,13.8989,,156,,83.6
4644,13.903,,156,,83.6
4645,13.907,,156,,83.6
4646,13.9111,,156,,83.6
4647,13.9151,,156,,83.6
4648,13.9192,,156,,83.6
4649,13.923,,156.5,,83.6
4650,13.9267,,157,,83.6
4651,13.9301,,156.75,,83.8
4652,13.9335,,156.5,,84
4653,13.9369,,156.25,,84.2
4654,13.9402,,156,,84.4
4655,13.943,,156,,84.84
4656,13.9458,,156,,85.28
4657,13.9486,,156,,85.72
4658,13.9514,,156,,86.16
4659,13.9542,,156,,86.6
4660,13.9577,,156.5,,86.9
4661,13.9612,,157,,87.2
4662,13.9648,,157.5,,87.5
4663,13.9683,,158,,87.8
4664,13.9714,,157.714,,88.0571
4665,13.9744,,157.429,,88.3143
4666,13.9775,,157.143,,88.5714
4667,13.9805,,156.857,,88.8286
4668,13.9836,,156.571,,89.0857
4669,13.9866,,156.286,,89.3429
4670,13.9897,,156,,89.6
4671,13.9929,,156.333,,90
4672,13.9961,,156.667,,90.4
4673,13.9993,,157,,90.8
4674,14.003,,157,,91.0667
4675,14.0068,,157,,91.3333
4676,14.0105,,157,,91.6
4677,14.0143,,157,,91.8667
4678,14.018,,157,,92.1333
4679,14.0217,,157,,92.4
4680,14.0257,,157,,92.9
4681,14.0296,,157,,93.4
4682,14.0336,,157,,93.9
4683,14.0376,,157,,94.4
4684,14.0415,,157,,94.9
4685,14.0455,,157,,95.4
4686,14.0492,,156.833,,95.7
4687,14.0529,,156.667,,96
4688,14.0566,,156.5,,96.3
4689,14.0603,,156.333,,96.6
4690,14.064,,156.167,,96.9
4691,14.0677,,156,,97.2
4692,14.071,,156,,97.1667
4693,14.0744,,156,,97.1333
4694,14.0777,,156,,97.1
4695,14.0811,,156,,97.0667
4696,14.0844,,156,,97.0333
4697,14.0877,,156,,97
4698,14.09,,156,,96.8571
4699,14.0923,,156,,96.7143
4700,14.0945,,156,,96.5714
4701,14.0968,,156,,96.4286
4702,14.0991,,156,,96.2857
4703,14.1013,,156,,96.1429
4704,14.1036,,156,,96
4705,14.1061,,155.75,,95.875
4706,14.1086,,155.5,,95.75
4707,14.1112,,155.25,,95.625
4708,14.1137,,155,,95.5
4709,14.1162,,154.75,,95.375
4710,14.1188,,154.5,,95.25
4711,14.1213,,154.25,,95.125
4712,14.1238,,154,,95
4713,14.1275,,153.833,,94.7667
4714,14.1311,,153.667,,94.5333
4715,14.1347,,153.5,,94.3
4716,14.1384,,153.333,,94.0667
4717,14.142,,153.167,,93.8333
4718,14.1456,,153,,93.6
4719,14.1494,,153.167,,93.9333
4720,14.1532,,153.333,,94.2667
4721,14.157,,153.5,,94.6
4722,14.1607,,153.667,,94.9333
4723,14.1645,,153.833,,95.2667
4724,14.1683,,154,,95.6
4725,14.1716,,153.857,,95.6571
4726,14.1749,,153.714,,95.7143
4727,14.1782,,153.571,,95.7714
4728,14.1815,,153.429,,95.8286
4729,14.1849,,153.286,,95.8857
4730,14.1882,,153.143,,95.9429
4731,14.1915,,153,,96
4732,14.1944,,153,,95.6
4733,14.1975,,153,,95.5
4734,14.2006,,153,,95.4
4735,14.2037,,153,,95.3
4736,14.2068,,153,,95.2
4737,14.2104,,153.333,,95.3
4738,14.2139,,153.667,,95.4
4739,14.2175,,154,,95.5
4740,14.221,,154.333,,95.6
4741,14.2246,,154.667,,95.7
4742,14.2282,,155,,95.8
4743,14.232,,155.167,,96.2
4744,14.2358,,155.333,,96.6
4745,14.2396,,155.5,,97
4746,14.2433,,155.667,,97.4
4747,14.2471,,155.833,,97.8
4748,14.2509,,156,,98.2
4749,14.2542,,156,,98.2571
4750,14.2575,,156,,98.3143
4751,14.2608,,156,,98.3714
4752,14.2641,,156,,98.4286
4753,14.2674,,156,,98.4857
4754,14.2707,,156,,98.5429
4755,14.274,,156,,98.6
4756,14.2774,,155.833,,98.5667
4757,14.2809,,155.667,,98.5333
4758,14.2844,,155.5,,98.5
4759,14.2879,,155.333,,98.4667
4760,14.2913,,155.167,,98.4333
4761,14.2948,,155,,98.4
4762,14.2983,,154.833,,97.9333
4763,14.3017,,154.667,,97.4667
4764,14.3052,,154.5,,97
4765,14.3087,,154.333,,96.5333
4766,14.3121,,154.167,,96.0667
4767,14.3156,,154,,95.6
4768,14.3197,,153.6,,94.88
4769,14.3238,,153.2,,94.16
4770,14.3279,,152.8,,93.44
4771,14.332,,152.4,,92.72
4772,14.3361,,152,,92
4773,14.3399,,152.333,,92.4
4774,14.3438,,152.667,,92.8
4775,14.3476,,153,,93.2
4776,14.3515,,153.333,,93.6
4777,14.3553,,153.667,,94
4778,14.3592,,154,,94.4
4779,14.363,,154.167,,94.7
4780,14.3667,,154.333,,95
4781,14.3705,,154.5,,95.3
4782,14.3743,,154.667,,95.6
4783,14.3781,,154.833,,95.9
4784,14.3819,,155,,96.2
4785,14.3852,,155,,96.35
4786,14.3885,,155,,96.5
4787,14.3918,,155,,96.65
4788,14.3951,,155,,96.8
