secs,km,power,hr,cad,alt
0,0,,61,,68.2
1,0.00049,,61,,68.2
2,0.002395,,61.75,,68.1
3,0.0043,,62.5,,68
4,0.006205,,63.25,,67.9
5,0.00811,,64,,67.8
6,0.011698,,64.6,,67.52
7,0.015286,,65.2,,67.24
8,0.018874,,65.8,,66.96
9,0.022462,,66.4,,66.68
10,0.02605,,67,,66.4
11,0.02941,,70,,66
12,0.032835,,72.5,,65.8
13,0.03626,,75,,65.6
14,0.03966,,79,,65.3
15,0.04306,,83,,65
16,0.04643,,91,,64.8
17,0.0498667,,92.3333,,64.5333
18,0.0533033,,93.6667,,64.2667
19,0.05674,,95,,64
20,0.06063,,98,,63.6
21,0.06385,,101,,63.2
22,0.06718,,101,,62.6
23,0.0701967,,102.667,,62.5333
24,0.0732133,,104.333,,62.4667
25,0.07623,,106,,62.4
26,0.07958,,113,,62.6
27,0.08333,,114.5,,62.7
28,0.08708,,116,,62.8
29,0.090445,,117.5,,62.8
30,0.09381,,119,,62.8
31,0.0971371,,119.143,,62.6286
32,0.100464,,119.286,,62.4571
33,0.103791,,119.429,,62.2857
34,0.107119,,119.571,,62.1143
35,0.110446,,119.714,,61.9429
36,0.113773,,119.857,,61.7714
37,0.1171,,120,,61.6
38,0.120488,,120.333,,61.5667
39,0.123877,,120.667,,61.5333
40,0.127265,,121,,61.5
41,0.130653,,121.333,,61.4667
42,0.134042,,121.667,,61.4333
43,0.13743,,122,,61.4
44,0.14091,,122,,61.3667
45,0.14439,,122,,61.3333
46,0.14787,,122,,61.3
47,0.15135,,122,,61.2667
48,0.15483,,122,,61.2333
49,0.15831,,122,,61.2
50,0.161768,,122.6,,61.28
51,0.165226,,123.2,,61.36
52,0.168684,,123.8,,61.44
53,0.172142,,124.4,,61.52
54,0.1756,,125,,61.6
55,0.179378,,125.167,,61.7333
56,0.183157,,125.333,,61.8667
57,0.186935,,125.5,,62
58,0.190713,,125.667,,62.1333
59,0.194492,,125.833,,62.2667
60,0.19827,,126,,62.4
61,0.201828,,126,,62.3
62,0.205387,,126,,62.2
63,0.208945,,126,,62.1
64,0.212503,,126,,62
65,0.216062,,126,,61.9
66,0.21962,,126,,61.8
67,0.222824,,126.143,,61.6571
68,0.226029,,126.286,,61.5143
69,0.229233,,126.429,,61.3714
70,0.232437,,126.571,,61.2286
71,0.235641,,126.714,,61.0857
72,0.238846,,126.857,,60.9429
73,0.24205,,127,,60.8
74,0.245031,,127.143,,61.4857
75,0.248013,,127.286,,62.1714
76,0.250994,,127.429,,62.8571
77,0.253976,,127.571,,63.5429
78,0.256957,,127.714,,64.2286
79,0.259939,,127.857,,64.9143
80,0.26292,,128,,65.6
81,0.266239,,127.857,,64.9143
82,0.269557,,127.714,,64.2286
83,0.272876,,127.571,,63.5429
84,0.276194,,127.429,,62.8571
85,0.279513,,127.286,,62.1714
86,0.282831,,127.143,,61.4857
87,0.28615,,127,,60.8
88,0.289421,,127.143,,60.8286
89,0.292693,,127.286,,60.8571
90,0.295964,,127.429,,60.8857
91,0.299236,,127.571,,60.9143
92,0.302507,,127.714,,60.9429
93,0.305779,,127.857,,60.9714
94,0.30905,,128,,61
95,0.312157,,127.857,,61.2286
96,0.315264,,127.714,,61.4571
97,0.318371,,127.571,,61.6857
98,0.321479,,127.429,,61.9143
99,0.324586,,127.286,,62.1429
100,0.327693,,127.143,,62.3714
101,0.3308,,127,,62.6
102,0.334007,,127,,64.0286
103,0.337214,,127,,65.4571
104,0.340421,,127,,66.8857
105,0.343629,,127,,68.3143
106,0.346836,,127,,69.7429
107,0.350043,,127,,71.1714
108,0.35325,,127,,72.6
109,0.356314,,127,,73.6
110,0.359379,,127,,74.6
111,0.362443,,127,,75.6
112,0.365507,,127,,76.6
113,0.368571,,127,,77.6
114,0.371636,,127,,78.6
115,0.3747,,127,,79.6
116,0.377959,,127.429,,80.4571
117,0.381217,,127.857,,81.3143
118,0.384476,,128.286,,82.1714
119,0.387734,,128.714,,83.0286
120,0.390993,,129.143,,83.8857
121,0.394251,,129.571,,84.7429
122,0.39751,,130,,85.6
123,0.400666,,130.286,,86.2571
124,0.403821,,130.571,,86.9143
125,0.406977,,130.857,,87.5714
126,0.410133,,131.143,,88.2286
127,0.413289,,131.429,,88.8857
128,0.416444,,131.714,,89.5429
129,0.4196,,132,,90.2
130,0.422799,,132,,90.8857
131,0.425997,,132,,91.5714
132,0.429196,,132,,92.2571
133,0.432394,,132,,92.9429
134,0.435593,,132,,93.6286
135,0.438791,,132,,94.3143
136,0.44199,,132,,95
137,0.44536,,131.833,,95.2
138,0.44873,,131.667,,95.4
139,0.4521,,131.5,,95.6
140,0.45547,,131.333,,95.8
141,0.45884,,131.167,,96
142,0.46221,,131,,96.2
143,0.465595,,130.5,,96.3
144,0.46898,,130,,96.4
145,0.472365,,129.5,,96.5
146,0.47575,,129,,96.6
147,0.478659,,128.857,,96.9143
148,0.481567,,128.714,,97.2286
149,0.484476,,128.571,,97.5429
150,0.487384,,128.429,,97.8571
151,0.490293,,128.286,,98.1714
152,0.493201,,128.143,,98.4857
153,0.49611,,128,,98.8
154,0.499468,,128,,97.1333
155,0.502827,,128,,95.4667
156,0.506185,,128,,93.8
157,0.509543,,128,,92.1333
158,0.512902,,128,,90.4667
159,0.51626,,128,,88.8
160,0.519916,,127.4,,87.4
161,0.523572,,126.8,,86
162,0.527228,,126.2,,84.6
163,0.530884,,125.6,,83.2
164,0.53454,,125,,81.8
165,0.538746,,125.2,,79.96
166,0.542952,,125.4,,78.12
167,0.547158,,125.6,,76.28
168,0.551364,,125.8,,74.44
169,0.55557,,126,,72.6
170,0.558391,,126.125,,72.75
171,0.561213,,126.25,,72.9
172,0.564034,,126.375,,73.05
173,0.566855,,126.5,,73.2
174,0.569676,,126.625,,73.35
175,0.572497,,126.75,,73.5
176,0.575319,,126.875,,73.65
177,0.57814,,127,,73.8
178,0.580997,,127,,74.0286
179,0.583854,,127,,74.2571
180,0.586711,,127,,74.4857
181,0.589569,,127,,74.7143
182,0.592426,,127,,74.9429
183,0.595283,,127,,75.1714
184,0.59814,,127,,75.4
185,0.601407,,126.857,,75.6286
186,0.604674,,126.714,,75.8571
187,0.607941,,126.571,,76.0857
188,0.611209,,126.429,,76.3143
189,0.614476,,126.286,,76.5429
190,0.617743,,126.143,,76.7714
191,0.62101,,126,,77
192,0.62379,,126,,77.4
193,0.62657,,126,,77.8
194,0.62935,,126,,78.2
195,0.632293,,126,,78.4
196,0.635235,,126,,78.6
197,0.638177,,126,,78.8
198,0.64112,,126,,79
199,0.643964,,126,,78.925
200,0.646807,,126,,78.85
201,0.649651,,126,,78.775
202,0.652495,,126,,78.7
203,0.655339,,126,,78.625
204,0.658183,,126,,78.55
205,0.661026,,126,,78.475
206,0.66387,,126,,78.4
207,0.667067,,126,,77.7429
208,0.670264,,126,,77.0857
209,0.673461,,126,,76.4286
210,0.676659,,126,,75.7714
211,0.679856,,126,,75.1143
212,0.683053,,126,,74.4571
213,0.68625,,126,,73.8
214,0.689197,,126.143,,73.8286
215,0.692144,,126.286,,73.8571
216,0.695091,,126.429,,73.8857
217,0.698039,,126.571,,73.9143
218,0.700986,,126.714,,73.9429
219,0.703933,,126.857,,73.9714
220,0.70688,,127,,74
221,0.71044,,127.167,,74.3
222,0.714,,127.333,,74.6
223,0.71756,,127.5,,74.9
224,0.72112,,127.667,,75.2
225,0.72468,,127.833,,75.5
226,0.72824,,128,,75.8
227,0.731765,,128.167,,75.2333
228,0.73529,,128.333,,74.6667
229,0.738815,,128.5,,74.1
230,0.74234,,128.667,,73.5333
231,0.745865,,128.833,,72.9667
232,0.74939,,129,,72.4
233,0.753023,,129.167,,71.9
234,0.756657,,129.333,,71.4
235,0.76029,,129.5,,70.9
236,0.763923,,129.667,,70.4
237,0.767557,,129.833,,69.9
238,0.77119,,130,,69.4
239,0.774603,,129.833,,69.4333
240,0.778017,,129.667,,69.4667
241,0.78143,,129.5,,69.5
242,0.784843,,129.333,,69.5333
243,0.788257,,129.167,,69.5667
244,0.79167,,129,,69.6
245,0.795098,,129.5,,69.7333
246,0.798527,,130,,69.8667
247,0.801955,,130.5,,70
248,0.805383,,131,,70.1333
249,0.808812,,131.5,,70.2667
250,0.81224,,132,,70.4
251,0.815502,,132,,69.9
252,0.818765,,132,,69.4
253,0.822028,,132,,68.9
254,0.82529,,132,,68.4
255,0.828587,,132.333,,68.1333
256,0.831883,,132.667,,67.8667
257,0.83518,,133,,67.6
258,0.838477,,133.333,,67.3333
259,0.841773,,133.667,,67.0667
260,0.84507,,134,,66.8
261,0.848354,,134,,66.7143
262,0.851639,,134,,66.6286
263,0.854923,,134,,66.5429
264,0.858207,,134,,66.4571
265,0.861491,,134,,66.3714
266,0.864776,,134,,66.2857
267,0.86806,,134,,66.2
268,0.871608,,134,,65.2667
269,0.875157,,134,,64.3333
270,0.878705,,134,,63.4
271,0.882253,,134,,62.4667
272,0.885802,,134,,61.5333
273,0.88935,,134,,60.6
274,0.892559,,133.857,,60.6
275,0.895767,,133.714,,60.6
276,0.898976,,133.571,,60.6
277,0.902184,,133.429,,60.6
278,0.905393,,133.286,,60.6
279,0.908601,,133.143,,60.6
280,0.91181,,133,,60.6
281,0.915093,,133.143,,60.6857
282,0.918376,,133.286,,60.7714
283,0.921659,,133.429,,60.8571
284,0.924941,,133.571,,60.9429
285,0.928224,,133.714,,61.0286
286,0.931507,,133.857,,61.1143
287,0.93479,,134,,61.2
288,0.938432,,134,,60.9
289,0.942073,,134,,60.6
290,0.945715,,134,,60.3
291,0.949357,,134,,60
292,0.952998,,134,,59.7
293,0.95664,,134,,59.4
294,0.959954,,133.857,,58.8286
295,0.963269,,133.714,,58.2571
296,0.966583,,133.571,,57.6857
297,0.969897,,133.429,,57.1143
298,0.973211,,133.286,,56.5429
299,0.976526,,133.143,,55.9714
300,0.97984,,133,,55.4
301,0.983016,,133,,54.8571
302,0.986191,,133,,54.3143
303,0.989367,,133,,53.7714
304,0.992543,,133,,53.2286
305,0.995719,,133,,52.6857
306,0.998894,,133,,52.1429
307,1.00207,,133,,51.6
308,1.00506,,133.286,,51.4286
309,1.00806,,133.571,,51.2571
310,1.01105,,133.857,,51.0857
311,1.01404,,134.143,,50.9143
312,1.01703,,134.429,,50.7429
313,1.02003,,134.714,,50.5714
314,1.02302,,135,,50.4
315,1.02638,,135.167,,49.7333
316,1.02974,,135.333,,49.0667
317,1.0331,,135.5,,48.4
318,1.03646,,135.667,,47.7333
319,1.03982,,135.833,,47.0667
320,1.04318,,136,,46.4
321,1.04653,,135.833,,45.9
322,1.04988,,135.667,,45.4
323,1.05323,,135.5,,44.9
324,1.05658,,135.333,,44.4
325,1.05993,,135.167,,43.9
326,1.06328,,135,,43.4
327,1.06617,,135.429,,42.8286
328,1.06905,,135.857,,42.2571
329,1.07194,,136.286,,41.6857
330,1.07483,,136.714,,41.1143
331,1.07772,,137.143,,40.5429
332,1.0806,,137.571,,39.9714
333,1.08349,,138,,39.4
334,1.08668,,138.6,,39.16
335,1.08988,,139.2,,38.92
336,1.09307,,139.8,,38.68
337,1.09627,,140.4,,38.44
338,1.09946,,141,,38.2
339,1.1027,,141.286,,38.2286
340,1.10593,,141.571,,38.2571
341,1.10917,,141.857,,38.2857
342,1.11241,,142.143,,38.3143
343,1.11565,,142.429,,38.3429
344,1.11888,,142.714,,38.3714
345,1.12212,,143,,38.4
346,1.12528,,143,,38.3143
347,1.12844,,143,,38.2286
348,1.1316,,143,,38.1429
349,1.13475,,143,,38.0571
350,1.13791,,143,,37.9714
351,1.14107,,143,,37.8857
352,1.14423,,143,,37.8
353,1.14679,,142.875,,37.65
354,1.14935,,142.75,,37.5
355,1.15191,,142.625,,37.35
356,1.15448,,142.5,,37.2
357,1.15704,,142.375,,37.05
358,1.1596,,142.25,,36.9
359,1.16216,,142.125,,36.75
360,1.16472,,142,,36.6
361,1.16812,,141.857,,36.5429
362,1.17152,,141.714,,36.4857
363,1.17492,,141.571,,36.4286
364,1.17832,,141.429,,36.3714
365,1.18172,,141.286,,36.3143
366,1.18512,,141.143,,36.2571
367,1.18852,,141,,36.2
368,1.1924,,140.667,,36.3333
369,1.19627,,140.333,,36.4667
370,1.20015,,140,,36.6
371,1.20402,,139.667,,36.7333
372,1.20789,,139.333,,36.8667
373,1.21177,,139,,37
374,1.21519,,138.833,,37.2
375,1.2186,,138.667,,37.4
376,1.22202,,138.5,,37.6
377,1.22544,,138.333,,37.8
378,1.22885,,138.167,,38
379,1.23227,,138,,38.2
380,1.23521,,138,,38.5143
381,1.23814,,138,,38.8286
382,1.24108,,138,,39.1429
383,1.24402,,138,,39.4571
384,1.24696,,138,,39.7714
385,1.24989,,138,,40.0857
386,1.25283,,138,,40.4
387,1.25582,,138.143,,40.8571
388,1.25881,,138.286,,41.3143
389,1.2618,,138.429,,41.7714
390,1.2648,,138.571,,42.2286
391,1.26779,,138.714,,42.6857
392,1.27078,,138.857,,43.1429
393,1.27377,,139,,43.6
394,1.27701,,139,,44.1714
395,1.28025,,139,,44.7429
396,1.28349,,139,,45.3143
397,1.28674,,139,,45.8857
398,1.28998,,139,,46.4571
399,1.29322,,139,,47.0286
400,1.29646,,139,,47.6
401,1.29985,,138.833,,47.8333
402,1.30323,,138.667,,48.0667
403,1.30662,,138.5,,48.3
404,1.31001,,138.333,,48.5333
405,1.31339,,138.167,,48.7667
406,1.31678,,138,,49
407,1.31972,,137.857,,49.5143
408,1.32266,,137.714,,50.0286
409,1.3256,,137.571,,50.5429
410,1.32853,,137.429,,51.0571
411,1.33147,,137.286,,51.5714
412,1.33441,,137.143,,52.0857
413,1.33735,,137,,52.6
414,1.34078,,136.833,,52.7333
415,1.34422,,136.667,,52.8667
416,1.34765,,136.5,,53
417,1.35108,,136.333,,53.1333
418,1.35452,,136.167,,53.2667
419,1.35795,,136,,53.4
420,1.36118,,135.857,,53.8
421,1.36442,,135.714,,54.2
422,1.36765,,135.571,,54.6
423,1.37088,,135.429,,55
424,1.37411,,135.286,,55.4
425,1.37735,,135.143,,55.8
426,1.38058,,135,,56.2
427,1.38374,,135.143,,56.2286
428,1.38691,,135.286,,56.2571
429,1.39007,,135.429,,56.2857
430,1.39324,,135.571,,56.3143
431,1.3964,,135.714,,56.3429
432,1.39957,,135.857,,56.3714
433,1.40273,,136,,56.4
434,1.4058,,136,,56.0857
435,1.40888,,136,,55.7714
436,1.41195,,136,,55.4571
437,1.41503,,136,,55.1429
438,1.4181,,136,,54.8286
439,1.42118,,136,,54.5143
440,1.42425,,136,,54.2
441,1.42574,,136,,54.0667
442,1.42723,,136,,53.9333
443,1.42872,,136,,53.8
444,1.42874,,135.556,,53.8444
445,1.42876,,135.111,,53.8889
446,1.42878,,134.667,,53.9333
447,1.4288,,134.222,,53.9778
448,1.42883,,133.778,,54.0222
449,1.42885,,133.333,,54.0667
450,1.42887,,132.889,,54.1111
451,1.42889,,132.444,,54.1556
452,1.42891,,132,,54.2
453,1.43147,,131,,54.3333
454,1.43402,,130,,54.4667
455,1.43658,,129,,54.6
456,1.44007,,128.25,,54.75
457,1.44356,,127.5,,54.9
458,1.44704,,126.75,,55.05
459,1.45053,,126,,55.2
460,1.45393,,126.167,,55.3667
461,1.45732,,126.333,,55.5333
462,1.46072,,126.5,,55.7
463,1.46412,,126.667,,55.8667
464,1.46751,,126.833,,56.0333
465,1.47091,,127,,56.2
466,1.47436,,127.167,,56.3667
467,1.47781,,127.333,,56.5333
468,1.48126,,127.5,,56.7
469,1.4847,,127.667,,56.8667
470,1.48815,,127.833,,57.0333
471,1.4916,,128,,57.2
472,1.4951,,128,,57.4333
473,1.49859,,128,,57.6667
474,1.50209,,128,,57.9
475,1.50558,,128,,58.1333
476,1.50908,,128,,58.3667
477,1.51257,,128,,58.6
478,1.51607,,128.75,,58.85
479,1.51956,,129.5,,59.1
480,1.52306,,130.25,,59.35
481,1.52655,,131,,59.6
482,1.52991,,131.6,,59.76
483,1.53326,,132.2,,59.92
484,1.53662,,132.8,,60.08
485,1.53997,,133.4,,60.24
486,1.54333,,134,,60.4
487,1.54656,,134.143,,60.8
488,1.54978,,134.286,,61.2
489,1.55301,,134.429,,61.6
490,1.55624,,134.571,,62
491,1.55947,,134.714,,62.4
492,1.56269,,134.857,,62.8
493,1.56592,,135,,63.2
494,1.56939,,135,,63.2667
495,1.57286,,135,,63.3333
496,1.57633,,135,,63.4
497,1.57979,,135,,63.4667
498,1.58326,,135,,63.5333
499,1.58673,,135,,63.6
500,1.59015,,135,,63.6667
501,1.59357,,135,,63.7333
502,1.59699,,135,,63.8
503,1.6004,,135,,63.8667
504,1.60382,,135,,63.9333
505,1.60724,,135,,64
506,1.61075,,135,,64.1667
507,1.61426,,135,,64.3333
508,1.61777,,135,,64.5
509,1.62127,,135,,64.6667
510,1.62478,,135,,64.8333
511,1.62829,,135,,65
512,1.63162,,135,,64.8571
513,1.63495,,135,,64.7143
514,1.63828,,135,,64.5714
515,1.6416,,135,,64.4286
516,1.64493,,135,,64.2857
517,1.64826,,135,,64.1429
518,1.65159,,135,,64
519,1.65477,,135,,64.0857
520,1.65795,,135,,64.1714
521,1.66113,,135,,64.2571
522,1.66431,,135,,64.3429
523,1.66749,,135,,64.4286
524,1.67067,,135,,64.5143
525,1.67385,,135,,64.6
526,1.6772,,135,,64.6333
527,1.68056,,135,,64.6667
528,1.68391,,135,,64.7
529,1.68726,,135,,64.7333
530,1.69062,,135,,64.7667
531,1.69397,,135,,64.8
532,1.69751,,135.333,,65.0333
533,1.70106,,135.667,,65.2667
534,1.7046,,136,,65.5
535,1.70814,,136.333,,65.7333
536,1.71169,,136.667,,65.9667
537,1.71523,,137,,66.2
538,1.71825,,137.75,,66.45
539,1.72126,,138.5,,66.7
540,1.72428,,139.25,,66.95
541,1.72729,,140,,67.2
542,1.73032,,140.143,,67.2857
543,1.73334,,140.286,,67.3714
544,1.73637,,140.429,,67.4571
545,1.7394,,140.571,,67.5429
546,1.74243,,140.714,,67.6286
547,1.74545,,140.857,,67.7143
548,1.74848,,141,,67.8
549,1.75194,,141.333,,68.1
550,1.75539,,141.667,,68.4
551,1.75885,,142,,68.7
552,1.7623,,142.333,,69
553,1.76576,,142.667,,69.3
554,1.76921,,143,,69.6
555,1.77248,,143,,69.3143
556,1.77575,,143,,69.0286
557,1.77902,,143,,68.7429
558,1.7823,,143,,68.4571
559,1.78557,,143,,68.1714
560,1.78884,,143,,67.8857
561,1.79211,,143,,67.6
562,1.79542,,143,,67.5143
563,1.79874,,143,,67.4286
564,1.80205,,143,,67.3429
565,1.80536,,143,,67.2571
566,1.80867,,143,,67.1714
567,1.81199,,143,,67.0857
568,1.8153,,143,,67
569,1.81878,,143,,67.0333
570,1.82225,,143,,67.0667
571,1.82573,,143,,67.1
572,1.8292,,143,,67.1333
573,1.83268,,143,,67.1667
574,1.83615,,143,,67.2
575,1.83936,,143,,67.0857
576,1.84257,,143,,66.9714
577,1.84578,,143,,66.8571
578,1.84898,,143,,66.7429
579,1.85219,,143,,66.6286
580,1.8554,,143,,66.5143
581,1.85861,,143,,66.4
582,1.86182,,142.857,,65.8
583,1.86503,,142.714,,65.2
584,1.86824,,142.571,,64.6
585,1.87144,,142.429,,64
586,1.87465,,142.286,,63.4
587,1.87786,,142.143,,62.8
588,1.88107,,142,,62.2
589,1.88419,,141.857,,61.4286
590,1.88731,,141.714,,60.6571
591,1.89043,,141.571,,59.8857
592,1.89356,,141.429,,59.1143
593,1.89668,,141.286,,58.3429
594,1.8998,,141.143,,57.5714
595,1.90292,,141,,56.8
596,1.90595,,140.857,,55.9429
597,1.90897,,140.714,,55.0857
598,1.912,,140.571,,54.2286
599,1.91502,,140.429,,53.3714
600,1.91805,,140.286,,52.5143
601,1.92107,,140.143,,51.6571
602,1.9241,,140,,50.8
603,1.92673,,140,,50.3
604,1.92936,,140,,49.8
605,1.93198,,140,,49.3
606,1.93461,,140,,48.8
607,1.93724,,140,,48.3
608,1.93987,,140,,47.8
609,1.94249,,140,,47.3
610,1.94512,,140,,46.8
611,1.94714,,139.889,,46.3333
612,1.94915,,139.778,,45.8667
613,1.95117,,139.667,,45.4
614,1.95318,,139.556,,44.9333
615,1.9552,,139.444,,44.4667
616,1.95721,,139.333,,44
617,1.95923,,139.222,,43.5333
618,1.96124,,139.111,,43.0667
619,1.96326,,139,,42.6
620,1.96559,,139.429,,42.1714
621,1.96791,,139.857,,41.7429
622,1.97024,,140.286,,41.3143
623,1.97256,,140.714,,40.8857
624,1.97489,,141.143,,40.4571
625,1.97721,,141.571,,40.0286
626,1.97954,,142,,39.6
627,1.98141,,142,,39.4
628,1.98377,,142.2,,39.4
629,1.98612,,142.4,,39.4
630,1.98848,,142.6,,39.4
631,1.99083,,142.8,,39.4
632,1.99319,,143,,39.4
633,1.99684,,143.5,,40.2
634,2.0005,,144,,41
635,2.00361,,144.2,,41.72
636,2.00673,,144.4,,42.44
637,2.00984,,144.6,,43.16
638,2.01296,,144.8,,43.88
639,2.01607,,145,,44.6
640,2.01929,,145.143,,45.3714
641,2.02252,,145.286,,46.1429
642,2.02574,,145.429,,46.9143
643,2.02897,,145.571,,47.6857
644,2.03219,,145.714,,48.4571
645,2.03542,,145.857,,49.2286
646,2.03864,,146,,50
647,2.04193,,145.857,,50.2571
648,2.04522,,145.714,,50.5143
649,2.04851,,145.571,,50.7714
650,2.05179,,145.429,,51.0286
651,2.05508,,145.286,,51.2857
652,2.05837,,145.143,,51.5429
653,2.06166,,145,,51.8
654,2.06506,,144.667,,52.1
655,2.06846,,144.333,,52.4
656,2.07186,,144,,52.7
657,2.07527,,143.667,,53
658,2.07867,,143.333,,53.3
659,2.08207,,143,,53.6
660,2.08532,,142.714,,53.6857
661,2.08856,,142.429,,53.7714
662,2.09181,,142.143,,53.8571
663,2.09506,,141.857,,53.9429
664,2.09831,,141.571,,54.0286
665,2.10155,,141.286,,54.1143
666,2.1048,,141,,54.2
667,2.10781,,141,,54.1143
668,2.11082,,141,,54.0286
669,2.11383,,141,,53.9429
670,2.11683,,141,,53.8571
671,2.11984,,141,,53.7714
672,2.12285,,141,,53.6857
673,2.12586,,141,,53.6
674,2.12912,,140.857,,53.7429
675,2.13238,,140.714,,53.8857
676,2.13564,,140.571,,54.0286
677,2.13889,,140.429,,54.1714
678,2.14215,,140.286,,54.3143
679,2.14541,,140.143,,54.4571
680,2.14867,,140,,54.6
681,2.15167,,140.143,,54.9714
682,2.15468,,140.286,,55.3429
683,2.15768,,140.429,,55.7143
684,2.16068,,140.571,,56.0857
685,2.16368,,140.714,,56.4571
686,2.16669,,140.857,,56.8286
687,2.16969,,141,,57.2
688,2.17297,,141,,57.7429
689,2.17626,,141,,58.2857
690,2.17954,,141,,58.8286
691,2.18283,,141,,59.3714
692,2.18611,,141,,59.9143
693,2.1894,,141,,60.4571
694,2.19268,,141,,61
695,2.19556,,140.714,,61.2857
696,2.19843,,140.429,,61.5714
697,2.20131,,140.143,,61.8571
698,2.20419,,139.857,,62.1429
699,2.20707,,139.571,,62.4286
700,2.20994,,139.286,,62.7143
701,2.21282,,139,,63
702,2.21516,,139,,63.55
703,2.21751,,139,,64.1
704,2.21985,,139,,64.65
705,2.2222,,139,,65.2
706,2.22511,,139.375,,65.9
707,2.22803,,139.75,,66.6
708,2.23094,,140.125,,67.3
709,2.23386,,140.5,,68
710,2.23677,,140.875,,68.7
711,2.23968,,141.25,,69.4
712,2.2426,,141.625,,70.1
713,2.24551,,142,,70.8
714,2.24879,,142.5,,71.3
715,2.25208,,143,,71.8
716,2.25531,,143.5,,72.05
717,2.25854,,144,,72.3
718,2.26177,,144.5,,72.55
719,2.265,,145,,72.8
720,2.26846,,145,,73.2
721,2.27192,,145,,73.6
722,2.27537,,145,,74
723,2.27883,,145,,74.4
724,2.28229,,145,,74.8
725,2.28575,,145,,75.2
726,2.28872,,144.714,,75.4286
727,2.2917,,144.429,,75.6571
728,2.29467,,144.143,,75.8857
729,2.29765,,143.857,,76.1143
730,2.30062,,143.571,,76.3429
731,2.3036,,143.286,,76.5714
732,2.30657,,143,,76.8
733,2.3093,,142.75,,76.9
734,2.31204,,142.5,,77
735,2.31478,,142.25,,77.1
736,2.31751,,142,,77.2
737,2.32005,,141.4,,77.24
738,2.32259,,140.8,,77.28
739,2.32514,,140.2,,77.32
740,2.32768,,139.6,,77.36
741,2.33022,,139,,77.4
742,2.33296,,139,,77.3
743,2.3357,,139,,77.2
744,2.33845,,139,,77.1
745,2.34119,,139,,77
746,2.34474,,138.833,,76.5667
747,2.3483,,138.667,,76.1333
748,2.35185,,138.5,,75.7
749,2.35541,,138.333,,75.2667
750,2.35896,,138.167,,74.8333
751,2.36252,,138,,74.4
752,2.3659,,138,,74.3
753,2.36927,,138,,74.2
754,2.37264,,138,,74.1
755,2.37602,,138,,74
756,2.37939,,138,,73.9
757,2.38277,,138,,73.8
758,2.38615,,138,,73.5
759,2.38954,,138,,73.2
760,2.39292,,138,,72.9
761,2.39631,,138,,72.6
762,2.39987,,138.167,,72.4333
763,2.40343,,138.333,,72.2667
764,2.40699,,138.5,,72.1
765,2.41056,,138.667,,71.9333
766,2.41412,,138.833,,71.7667
767,2.41768,,139,,71.6
768,2.42081,,139.286,,71
769,2.42394,,139.571,,70.4
770,2.42707,,139.857,,69.8
771,2.43019,,140.143,,69.2
772,2.43332,,140.429,,68.6
773,2.43645,,140.714,,68
774,2.43958,,141,,67.4
775,2.44258,,141.143,,66.9714
776,2.44558,,141.286,,66.5429
777,2.44858,,141.429,,66.1143
778,2.45158,,141.571,,65.6857
779,2.45458,,141.714,,65.2571
780,2.45758,,141.857,,64.8286
781,2.46058,,142,,64.4
782,2.46265,,142,,64.04
783,2.46472,,142,,63.68
784,2.46679,,142,,63.32
785,2.46886,,142,,62.96
786,2.47093,,142,,62.6
787,2.473,,142,,62.24
788,2.47507,,142,,61.88
789,2.47714,,142,,61.52
790,2.47921,,142,,61.16
791,2.48128,,142,,60.8
792,2.48416,,142.125,,60.75
793,2.48705,,142.25,,60.7
794,2.48993,,142.375,,60.65
795,2.49282,,142.5,,60.6
796,2.4957,,142.625,,60.55
797,2.49858,,142.75,,60.5
798,2.50147,,142.875,,60.45
799,2.50435,,143,,60.4
800,2.50765,,143,,60.0571
801,2.51095,,143,,59.7143
802,2.51425,,143,,59.3714
803,2.51756,,143,,59.0286
804,2.52086,,143,,58.6857
805,2.52416,,143,,58.3429
806,2.52746,,143,,58
807,2.53063,,143,,57.8
808,2.5338,,143,,57.6
809,2.53697,,143,,57.4
810,2.54013,,143,,57.2
811,2.5433,,143,,57
812,2.54647,,143,,56.8
813,2.54964,,143,,56.6
814,2.5525,,143,,56.7333
815,2.55537,,143,,56.8667
816,2.55823,,143,,57
817,2.56109,,143,,57.1333
818,2.56396,,143,,57.2667
819,2.56682,,143,,57.4
820,2.56964,,143,,57.56
821,2.57245,,143,,57.72
822,2.57527,,143,,57.88
823,2.57808,,143,,58.04
824,2.5809,,143,,58.2
825,2.58378,,142.75,,58.4
826,2.58665,,142.5,,58.6
827,2.58953,,142.25,,58.8
828,2.5924,,142,,59
829,2.59528,,141.75,,59.2
830,2.59816,,141.5,,59.4
831,2.60103,,141.25,,59.6
832,2.60391,,141,,59.8
833,2.60687,,141.143,,59.8286
834,2.60984,,141.286,,59.8571
835,2.6128,,141.429,,59.8857
836,2.61576,,141.571,,59.9143
837,2.61872,,141.714,,59.9429
838,2.62169,,141.857,,59.9714
839,2.62465,,142,,60
840,2.62796,,142,,59.5714
841,2.63126,,142,,59.1429
842,2.63457,,142,,58.7143
843,2.63787,,142,,58.2857
844,2.64118,,142,,57.8571
845,2.64448,,142,,57.4286
846,2.64779,,142,,57
847,2.65135,,141.833,,56.4667
848,2.6549,,141.667,,55.9333
849,2.65846,,141.5,,55.4
850,2.66201,,141.333,,54.8667
851,2.66556,,141.167,,54.3333
852,2.66912,,141,,53.8
853,2.67206,,141.286,,53.8
854,2.67501,,141.571,,53.8
855,2.67795,,141.857,,53.8
856,2.6809,,142.143,,53.8
857,2.68384,,142.429,,53.8
858,2.68679,,142.714,,53.8
859,2.68973,,143,,53.8
860,2.69269,,143,,53.7429
861,2.69565,,143,,53.6857
862,2.69861,,143,,53.6286
863,2.70158,,143,,53.5714
864,2.70454,,143,,53.5143
865,2.7075,,143,,53.4571
866,2.71046,,143,,53.4
867,2.71373,,142.857,,53.2286
868,2.717,,142.714,,53.0571
869,2.72027,,142.571,,52.8857
870,2.72355,,142.429,,52.7143
871,2.72682,,142.286,,52.5429
872,2.73009,,142.143,,52.3714
873,2.73336,,142,,52.2
874,2.73651,,142,,52.1429
875,2.73967,,142,,52.0857
876,2.74282,,142,,52.0286
877,2.74597,,142,,51.9714
878,2.74912,,142,,51.9143
879,2.75228,,142,,51.8571
880,2.75543,,142,,51.8
881,2.75835,,142,,51.6571
882,2.76126,,142,,51.5143
883,2.76418,,142,,51.3714
884,2.7671,,142,,51.2286
885,2.77002,,142,,51.0857
886,2.77293,,142,,50.9429
887,2.77585,,142,,50.8
888,2.77943,,142.333,,50.4
889,2.783,,142.667,,50
890,2.78658,,143,,49.6
891,2.79016,,143.333,,49.2
892,2.79373,,143.667,,48.8
893,2.79731,,144,,48.4
894,2.80125,,143.5,,48
895,2.80519,,143,,47.6
896,2.80872,,143,,47.4
897,2.81225,,143,,47.2
898,2.81578,,143,,47
899,2.81932,,143,,46.8
900,2.82285,,143,,46.6
901,2.82638,,143,,46.4
902,2.82953,,142.714,,46.3714
903,2.83268,,142.429,,46.3429
904,2.83583,,142.143,,46.3143
905,2.83897,,141.857,,46.2857
906,2.84212,,141.571,,46.2571
907,2.84527,,141.286,,46.2286
908,2.84842,,141,,46.2
909,2.85164,,141,,46.4
910,2.85486,,141,,46.6
911,2.85808,,141,,46.8
912,2.86131,,141,,47
913,2.86453,,141,,47.2
914,2.86775,,141,,47.4
915,2.87097,,141,,47.6
916,2.87387,,141,,47.7143
917,2.87676,,141,,47.8286
918,2.87966,,141,,47.9429
919,2.88256,,141,,48.0571
920,2.88546,,141,,48.1714
921,2.88835,,141,,48.2857
922,2.89125,,141,,48.4
923,2.89417,,141.5,,48.6
924,2.89708,,142,,48.8
925,2.89999,,142.5,,49
926,2.90291,,143,,49.2
927,2.90602,,143.286,,49.6
928,2.90912,,143.571,,50
929,2.91223,,143.857,,50.4
930,2.91534,,144.143,,50.8
931,2.91845,,144.429,,51.2
932,2.92155,,144.714,,51.6
933,2.92466,,145,,52
934,2.92776,,145,,52.5714
935,2.93086,,145,,53.1429
936,2.93396,,145,,53.7143
937,2.93706,,145,,54.2857
938,2.94016,,145,,54.8571
939,2.94326,,145,,55.4286
940,2.94636,,145,,56
941,2.94946,,144.857,,56.0571
942,2.95255,,144.714,,56.1143
943,2.95565,,144.571,,56.1714
944,2.95874,,144.429,,56.2286
945,2.96184,,144.286,,56.2857
946,2.96493,,144.143,,56.3429
947,2.96803,,144,,56.4
948,2.97139,,143.833,,56.3333
949,2.97475,,143.667,,56.2667
950,2.9781,,143.5,,56.2
951,2.98146,,143.333,,56.1333
952,2.98482,,143.167,,56.0667
953,2.98818,,143,,56
954,2.99147,,143,,56.25
955,2.99477,,143,,56.5
956,2.99806,,143,,56.75
957,3.00136,,143,,57
958,3.00447,,143,,57.0286
959,3.00758,,143,,57.0571
960,3.01069,,143,,57.0857
961,3.01379,,143,,57.1143
962,3.0169,,143,,57.1429
963,3.02001,,143,,57.1714
964,3.02312,,143,,57.2
965,3.02636,,143,,56.9429
966,3.0296,,143,,56.6857
967,3.03284,,143,,56.4286
968,3.03607,,143,,56.1714
969,3.03931,,143,,55.9143
970,3.04255,,143,,55.6571
971,3.04579,,143,,55.4
972,3.04912,,143,,55.3667
973,3.05246,,143,,55.3333
974,3.05579,,143,,55.3
975,3.05913,,143,,55.2667
976,3.06246,,143,,55.2333
977,3.0658,,143,,55.2
978,3.069,,142.857,,55.0286
979,3.07221,,142.714,,54.8571
980,3.07541,,142.571,,54.6857
981,3.07861,,142.429,,54.5143
982,3.08181,,142.286,,54.3429
983,3.08502,,142.143,,54.1714
984,3.08822,,142,,54
985,3.09163,,142.167,,54
986,3.09503,,142.333,,54
987,3.09844,,142.5,,54
988,3.10185,,142.667,,54
989,3.10525,,142.833,,54
990,3.10866,,143,,54
991,3.11196,,143.143,,53.9143
992,3.11526,,143.286,,53.8286
993,3.11856,,143.429,,53.7429
994,3.12185,,143.571,,53.6571
995,3.12515,,143.714,,53.5714
996,3.12845,,143.857,,53.4857
997,3.13175,,144,,53.4
998,3.13503,,144,,53.5143
999,3.13832,,144,,53.6286
1000,3.1416,,144,,53.7429
1001,3.14489,,144,,53.8571
1002,3.14817,,144,,53.9714
1003,3.15146,,144,,54.0857
1004,3.15474,,144,,54.2
1005,3.15795,,144,,54.2571
1006,3.16116,,144,,54.3143
1007,3.16437,,144,,54.3714
1008,3.16757,,144,,54.4286
1009,3.17078,,144,,54.4857
1010,3.17399,,144,,54.5429
1011,3.1772,,144,,54.6
1012,3.18038,,143.857,,54.9429
1013,3.18355,,143.714,,55.2857
1014,3.18673,,143.571,,55.6286
1015,3.1899,,143.429,,55.9714
1016,3.19308,,143.286,,56.3143
1017,3.19625,,143.143,,56.6571
1018,3.19943,,143,,57
1019,3.20234,,143,,57.3143
1020,3.20525,,143,,57.6286
1021,3.20816,,143,,57.9429
1022,3.21108,,143,,58.2571
1023,3.21399,,143,,58.5714
1024,3.2169,,143,,58.8857
1025,3.21981,,143,,59.2
1026,3.22307,,143.25,,59.3
1027,3.22633,,143.5,,59.4
1028,3.22958,,143.75,,59.5
1029,3.23284,,144,,59.6
1030,3.23589,,144,,59.65
1031,3.23893,,144,,59.7
1032,3.24198,,144,,59.75
1033,3.24503,,144,,59.8
1034,3.24846,,144.167,,59.6667
1035,3.2519,,144.333,,59.5333
1036,3.25533,,144.5,,59.4
1037,3.25877,,144.667,,59.2667
1038,3.2622,,144.833,,59.1333
1039,3.26564,,145,,59
1040,3.26896,,145.143,,58.6
1041,3.27228,,145.286,,58.2
1042,3.2756,,145.429,,57.8
1043,3.27892,,145.571,,57.4
1044,3.28224,,145.714,,57
1045,3.28556,,145.857,,56.6
1046,3.28888,,146,,56.2
1047,3.29214,,145.714,,56.0571
1048,3.2954,,145.429,,55.9143
1049,3.29866,,145.143,,55.7714
1050,3.30192,,144.857,,55.6286
1051,3.30518,,144.571,,55.4857
1052,3.30844,,144.286,,55.3429
1053,3.3117,,144,,55.2
1054,3.31486,,144,,55
1055,3.31802,,144,,54.8
1056,3.32118,,144,,54.6
1057,3.32433,,144,,54.4
1058,3.32749,,144,,54.2
1059,3.33065,,144,,54
1060,3.33381,,144,,53.8
1061,3.33701,,143.857,,54.0571
1062,3.34021,,143.714,,54.3143
1063,3.34341,,143.571,,54.5714
1064,3.3466,,143.429,,54.8286
1065,3.3498,,143.286,,55.0857
1066,3.353,,143.143,,55.3429
1067,3.3562,,143,,55.6
1068,3.35891,,142.875,,55.7
1069,3.36161,,142.75,,55.8
1070,3.36431,,142.625,,55.9
1071,3.36702,,142.5,,56
1072,3.36972,,142.375,,56.1
1073,3.37243,,142.25,,56.2
1074,3.37513,,142.125,,56.3
1075,3.37784,,142,,56.4
1076,3.38093,,142.143,,56.4857
1077,3.38403,,142.286,,56.5714
1078,3.38712,,142.429,,56.6571
1079,3.39022,,142.571,,56.7429
1080,3.39331,,142.714,,56.8286
1081,3.39641,,142.857,,56.9143
1082,3.3995,,143,,57
1083,3.40215,,143.125,,56.975
1084,3.4048,,143.25,,56.95
1085,3.40745,,143.375,,56.925
1086,3.4101,,143.5,,56.9
1087,3.41276,,143.625,,56.875
1088,3.41541,,143.75,,56.85
1089,3.41806,,143.875,,56.825
1090,3.42071,,144,,56.8
1091,3.42429,,144,,56.4667
1092,3.42787,,144,,56.1333
1093,3.43145,,144,,55.8
1094,3.43504,,144,,55.4667
1095,3.43862,,144,,55.1333
1096,3.4422,,144,,54.8
1097,3.44583,,144.5,,54.6
1098,3.44946,,145,,54.4
1099,3.45278,,145,,53.9429
1100,3.45611,,145,,53.4857
1101,3.45943,,145,,53.0286
1102,3.46276,,145,,52.5714
1103,3.46608,,145,,52.1143
1104,3.46941,,145,,51.6571
1105,3.47273,,145,,51.2
1106,3.47604,,145,,50.8
1107,3.47934,,145,,50.4
1108,3.48265,,145,,50
1109,3.48596,,145,,49.6
1110,3.48927,,145,,49.2
1111,3.49257,,145,,48.8
1112,3.49588,,145,,48.4
1113,3.49908,,144.714,,48.2286
1114,3.50228,,144.429,,48.0571
1115,3.50548,,144.143,,47.8857
1116,3.50868,,143.857,,47.7143
1117,3.51188,,143.571,,47.5429
1118,3.51508,,143.286,,47.3714
1119,3.51828,,143,,47.2
1120,3.52164,,143,,47.1333
1121,3.525,,143,,47.0667
1122,3.52836,,143,,47
1123,3.53172,,143,,46.9333
1124,3.53508,,143,,46.8667
1125,3.53844,,143,,46.8
1126,3.54163,,142.857,,46.4857
1127,3.54481,,142.714,,46.1714
1128,3.548,,142.571,,45.8571
1129,3.55119,,142.429,,45.5429
1130,3.55438,,142.286,,45.2286
1131,3.55756,,142.143,,44.9143
1132,3.56075,,142,,44.6
1133,3.56405,,141.857,,44.5429
1134,3.56735,,141.714,,44.4857
1135,3.57065,,141.571,,44.4286
1136,3.57396,,141.429,,44.3714
1137,3.57726,,141.286,,44.3143
1138,3.58056,,141.143,,44.2571
1139,3.58386,,141,,44.2
1140,3.58702,,140.857,,44.5143
1141,3.59018,,140.714,,44.8286
1142,3.59334,,140.571,,45.1429
1143,3.5965,,140.429,,45.4571
1144,3.59966,,140.286,,45.7714
1145,3.60282,,140.143,,46.0857
1146,3.60598,,140,,46.4
1147,3.60913,,140.6,,46.36
1148,3.61228,,141.2,,46.32
1149,3.61543,,141.8,,46.28
1150,3.61858,,142.4,,46.24
1151,3.62173,,143,,46.2
1152,3.62485,,143.286,,46.2286
1153,3.62797,,143.571,,46.2571
1154,3.63109,,143.857,,46.2857
1155,3.63421,,144.143,,46.3143
1156,3.63733,,144.429,,46.3429
1157,3.64045,,144.714,,46.3714
1158,3.64357,,145,,46.4
1159,3.64678,,145,,46.3143
1160,3.64999,,145,,46.2286
1161,3.6532,,145,,46.1429
1162,3.6564,,145,,46.0571
1163,3.65961,,145,,45.9714
1164,3.66282,,145,,45.8857
1165,3.66603,,145,,45.8
1166,3.66919,,145,,45.9143
1167,3.67236,,145,,46.0286
1168,3.67552,,145,,46.1429
1169,3.67868,,145,,46.2571
1170,3.68184,,145,,46.3714
1171,3.68501,,145,,46.4857
1172,3.68817,,145,,46.6
1173,3.69124,,144.75,,46.4
1174,3.69432,,144.5,,46.2
1175,3.69739,,144.25,,46
1176,3.70047,,144,,45.8
1177,3.70332,,143.833,,45.8333
1178,3.70617,,143.667,,45.8667
1179,3.70902,,143.5,,45.9
1180,3.71187,,143.333,,45.9333
1181,3.71472,,143.167,,45.9667
1182,3.71757,,143,,46
1183,3.72038,,143,,46.25
1184,3.72319,,143,,46.5
1185,3.726,,143,,46.75
1186,3.7288,,143,,47
1187,3.73161,,143,,47.25
1188,3.73442,,143,,47.5
1189,3.73723,,143,,47.75
1190,3.74004,,143,,48
1191,3.74303,,143,,48.2
1192,3.74602,,143,,48.4
1193,3.74901,,143,,48.6
1194,3.75201,,143,,48.8
1195,3.755,,143,,49
1196,3.75799,,143,,49.2
1197,3.76098,,143,,49.4
1198,3.76415,,143,,49.6
1199,3.76733,,143,,49.8
1200,3.7705,,143,,50
1201,3.77368,,143,,50.2
1202,3.77685,,143,,50.4
1203,3.78003,,143,,50.6
1204,3.7832,,143,,50.8
1205,3.78613,,143,,50.9143
1206,3.78905,,143,,51.0286
1207,3.79198,,143,,51.1429
1208,3.79491,,143,,51.2571
1209,3.79784,,143,,51.3714
1210,3.80076,,143,,51.4857
1211,3.80369,,143,,51.6
1212,3.8068,,143,,51.7143
1213,3.80991,,143,,51.8286
1214,3.81302,,143,,51.9429
1215,3.81613,,143,,52.0571
1216,3.81924,,143,,52.1714
1217,3.82235,,143,,52.2857
1218,3.82546,,143,,52.4
1219,3.82864,,143,,52.4571
1220,3.83182,,143,,52.5143
1221,3.835,,143,,52.5714
1222,3.83819,,143,,52.6286
1223,3.84137,,143,,52.6857
1224,3.84455,,143,,52.7429
1225,3.84773,,143,,52.8
1226,3.85093,,143,,52.8571
1227,3.85413,,143,,52.9143
1228,3.85733,,143,,52.9714
1229,3.86054,,143,,53.0286
1230,3.86374,,143,,53.0857
1231,3.86694,,143,,53.1429
1232,3.87014,,143,,53.2
1233,3.87322,,143,,53.2286
1234,3.87631,,143,,53.2571
1235,3.87939,,143,,53.2857
1236,3.88247,,143,,53.3143
1237,3.88555,,143,,53.3429
1238,3.88864,,143,,53.3714
1239,3.89172,,143,,53.4
1240,3.89464,,143,,53.6
1241,3.89757,,143,,53.8
1242,3.90049,,143,,54
1243,3.90342,,143,,54.2
1244,3.90634,,143,,54.4
1245,3.90927,,143,,54.6
1246,3.91219,,143,,54.8
1247,3.91531,,143,,55.0571
1248,3.91842,,143,,55.3143
1249,3.92154,,143,,55.5714
1250,3.92465,,143,,55.8286
1251,3.92777,,143,,56.0857
1252,3.93088,,143,,56.3429
1253,3.934,,143,,56.6
1254,3.93712,,143,,56.5714
1255,3.94023,,143,,56.5429
1256,3.94335,,143,,56.5143
1257,3.94647,,143,,56.4857
1258,3.94959,,143,,56.4571
1259,3.9527,,143,,56.4286
1260,3.95582,,143,,56.4
1261,3.95885,,143,,56.45
1262,3.96188,,143,,56.5
1263,3.96492,,143,,56.55
1264,3.96795,,143,,56.6
1265,3.97099,,143.25,,56.45
1266,3.97403,,143.5,,56.3
1267,3.97707,,143.75,,56.15
1268,3.98011,,144,,56
1269,3.98329,,144.143,,55.8286
1270,3.98647,,144.286,,55.6571
1271,3.98965,,144.429,,55.4857
1272,3.99283,,144.571,,55.3143
1273,3.99601,,144.714,,55.1429
1274,3.99919,,144.857,,54.9714
1275,4.00237,,145,,54.8
1276,4.0056,,145,,54.8857
1277,4.00884,,145,,54.9714
1278,4.01207,,145,,55.0571
1279,4.0153,,145,,55.1429
1280,4.01853,,145,,55.2286
1281,4.02177,,145,,55.3143
1282,4.025,,145,,55.4
1283,4.02832,,144.571,,55.4857
1284,4.03163,,144.143,,55.5714
1285,4.03495,,143.714,,55.6571
1286,4.03827,,143.286,,55.7429
1287,4.04159,,142.857,,55.8286
1288,4.0449,,142.429,,55.9143
1289,4.04822,,142,,56
1290,4.05151,,141.857,,55.9714
1291,4.0548,,141.714,,55.9429
1292,4.05809,,141.571,,55.9143
1293,4.06138,,141.429,,55.8857
1294,4.06467,,141.286,,55.8571
1295,4.06796,,141.143,,55.8286
1296,4.07125,,141,,55.8
1297,4.07433,,140.714,,55.3429
1298,4.07741,,140.429,,54.8857
1299,4.08049,,140.143,,54.4286
1300,4.08357,,139.857,,53.9714
1301,4.08665,,139.571,,53.5143
1302,4.08973,,139.286,,53.0571
1303,4.09281,,139,,52.6
1304,4.09616,,138.857,,52.4286
1305,4.09951,,138.714,,52.2571
1306,4.10286,,138.571,,52.0857
1307,4.1062,,138.429,,51.9143
1308,4.10955,,138.286,,51.7429
1309,4.1129,,138.143,,51.5714
1310,4.11625,,138,,51.4
1311,4.11983,,138,,51.3
1312,4.1234,,138,,51.2
1313,4.12698,,138,,51.1
1314,4.13056,,138,,51
1315,4.13413,,138,,50.9
1316,4.13771,,138,,50.8
1317,4.14103,,138.143,,50.5714
1318,4.14435,,138.286,,50.3429
1319,4.14767,,138.429,,50.1143
1320,4.151,,138.571,,49.8857
1321,4.15432,,138.714,,49.6571
1322,4.15764,,138.857,,49.4286
1323,4.16096,,139,,49.2
1324,4.16423,,139.143,,49.1429
1325,4.16749,,139.286,,49.0857
1326,4.17076,,139.429,,49.0286
1327,4.17403,,139.571,,48.9714
1328,4.1773,,139.714,,48.9143
1329,4.18056,,139.857,,48.8571
1330,4.18383,,140,,48.8
1331,4.18719,,140.167,,48.8333
1332,4.19055,,140.333,,48.8667
1333,4.19391,,140.5,,48.9
1334,4.19728,,140.667,,48.9333
1335,4.20064,,140.833,,48.9667
1336,4.204,,141,,49
1337,4.20741,,141,,49.1667
1338,4.21081,,141,,49.3333
1339,4.21422,,141,,49.5
1340,4.21763,,141,,49.6667
1341,4.22103,,141,,49.8333
1342,4.22444,,141,,50
1343,4.22767,,141.143,,50.1143
1344,4.2309,,141.286,,50.2286
1345,4.23413,,141.429,,50.3429
1346,4.23735,,141.571,,50.4571
1347,4.24058,,141.714,,50.5714
1348,4.24381,,141.857,,50.6857
1349,4.24704,,142,,50.8
1350,4.25018,,142.143,,50.4857
1351,4.25333,,142.286,,50.1714
1352,4.25647,,142.429,,49.8571
1353,4.25962,,142.571,,49.5429
1354,4.26276,,142.714,,49.2286
1355,4.26591,,142.857,,48.9143
1356,4.26905,,143,,48.6
1357,4.27194,,143.143,,48.5429
1358,4.27482,,143.286,,48.4857
1359,4.27771,,143.429,,48.4286
1360,4.28059,,143.571,,48.3714
1361,4.28348,,143.714,,48.3143
1362,4.28636,,143.857,,48.2571
1363,4.28925,,144,,48.2
1364,4.29229,,144.143,,48.2286
1365,4.29534,,144.286,,48.2571
1366,4.29838,,144.429,,48.2857
1367,4.30142,,144.571,,48.3143
1368,4.30446,,144.714,,48.3429
1369,4.30751,,144.857,,48.3714
1370,4.31055,,145,,48.4
1371,4.31353,,144.857,,48.5714
1372,4.31652,,144.714,,48.7429
1373,4.3195,,144.571,,48.9143
1374,4.32249,,144.429,,49.0857
1375,4.32547,,144.286,,49.2571
1376,4.32846,,144.143,,49.4286
1377,4.33144,,144,,49.6
1378,4.33438,,144,,49.4857
1379,4.33733,,144,,49.3714
1380,4.34027,,144,,49.2571
1381,4.34321,,144,,49.1429
1382,4.34615,,144,,49.0286
1383,4.3491,,144,,48.9143
1384,4.35204,,144,,48.8
1385,4.35507,,144.143,,48.9714
1386,4.3581,,144.286,,49.1429
1387,4.36113,,144.429,,49.3143
1388,4.36416,,144.571,,49.4857
1389,4.36719,,144.714,,49.6571
1390,4.37022,,144.857,,49.8286
1391,4.37325,,145,,50
1392,4.37601,,145,,50.2
1393,4.37877,,145,,50.4
1394,4.38153,,145,,50.6
1395,4.38429,,145,,50.8
1396,4.38705,,145,,51
1397,4.38981,,145,,51.2
1398,4.39257,,145,,51.4
1399,4.39533,,145,,51.6
1400,4.39843,,145,,51.7143
1401,4.40152,,145,,51.8286
1402,4.40462,,145,,51.9429
1403,4.40771,,145,,52.0571
1404,4.41081,,145,,52.1714
1405,4.4139,,145,,52.2857
1406,4.417,,145,,52.4
1407,4.42006,,145.125,,52.4
1408,4.42312,,145.25,,52.4
1409,4.42618,,145.375,,52.4
1410,4.42923,,145.5,,52.4
1411,4.43229,,145.625,,52.4
1412,4.43535,,145.75,,52.4
1413,4.43841,,145.875,,52.4
1414,4.44147,,146,,52.4
1415,4.4453,,146,,52.4667
1416,4.44912,,146,,52.5333
1417,4.45295,,146,,52.6
1418,4.45678,,146,,52.6667
1419,4.4606,,146,,52.7333
1420,4.46443,,146,,52.8
1421,4.46715,,145.857,,52.9143
1422,4.46986,,145.714,,53.0286
1423,4.47258,,145.571,,53.1429
1424,4.47529,,145.429,,53.2571
1425,4.47801,,145.286,,53.3714
1426,4.48072,,145.143,,53.4857
1427,4.48344,,145,,53.6
1428,4.48641,,144.714,,53.6571
1429,4.48939,,144.429,,53.7143
1430,4.49236,,144.143,,53.7714
1431,4.49534,,143.857,,53.8286
1432,4.49831,,143.571,,53.8857
1433,4.50129,,143.286,,53.9429
1434,4.50426,,143,,54
1435,4.50725,,143,,54.1714
1436,4.51025,,143,,54.3429
1437,4.51324,,143,,54.5143
1438,4.51623,,143,,54.6857
1439,4.51922,,143,,54.8571
1440,4.52222,,143,,55.0286
1441,4.52521,,143,,55.2
1442,4.52797,,143,,55.525
1443,4.53074,,143,,55.85
1444,4.5335,,143,,56.175
1445,4.53627,,143,,56.5
1446,4.53903,,143,,56.825
1447,4.5418,,143,,57.15
1448,4.54456,,143,,57.475
1449,4.54733,,143,,57.8
1450,4.55155,,142.667,,58
1451,4.55576,,142.333,,58.2
1452,4.55998,,142,,58.4
1453,4.56395,,142,,58.6
1454,4.56792,,142,,58.8
1455,4.57189,,142,,59
1456,4.57536,,141.833,,58.9
1457,4.57884,,141.667,,58.8
1458,4.58231,,141.5,,58.7
1459,4.58578,,141.333,,58.6
1460,4.58926,,141.167,,58.5
1461,4.59273,,141,,58.4
1462,4.5959,,141.143,,58.4
1463,4.59906,,141.286,,58.4
1464,4.60223,,141.429,,58.4
1465,4.60539,,141.571,,58.4
1466,4.60856,,141.714,,58.4
1467,4.61172,,141.857,,58.4
1468,4.61489,,142,,58.4
1469,4.61793,,142.286,,58.1143
1470,4.62096,,142.571,,57.8286
1471,4.624,,142.857,,57.5429
1472,4.62704,,143.143,,57.2571
1473,4.63008,,143.429,,56.9714
1474,4.63311,,143.714,,56.6857
1475,4.63615,,144,,56.4
1476,4.63906,,144.286,,55.9429
1477,4.64196,,144.571,,55.4857
1478,4.64487,,144.857,,55.0286
1479,4.64778,,145.143,,54.5714
1480,4.65069,,145.429,,54.1143
1481,4.65359,,145.714,,53.6571
1482,4.6565,,146,,53.2
1483,4.65964,,146,,53
1484,4.66277,,146,,52.8
1485,4.66591,,146,,52.6
1486,4.66905,,146,,52.4
1487,4.67219,,146,,52.2
1488,4.67532,,146,,52
1489,4.67846,,146,,51.8
1490,4.68166,,146.143,,51.8
1491,4.68485,,146.286,,51.8
1492,4.68805,,146.429,,51.8
1493,4.69125,,146.571,,51.8
1494,4.69445,,146.714,,51.8
1495,4.69764,,146.857,,51.8
1496,4.70084,,147,,51.8
1497,4.70397,,147,,51.9429
1498,4.70709,,147,,52.0857
1499,4.71022,,147,,52.2286
1500,4.71334,,147,,52.3714
1501,4.71647,,147,,52.5143
1502,4.71959,,147,,52.6571
1503,4.72272,,147,,52.8
1504,4.72534,,148,,53.2
1505,4.72862,,148.143,,53.5429
1506,4.73189,,148.286,,53.8857
1507,4.73517,,148.429,,54.2286
1508,4.73845,,148.571,,54.5714
1509,4.74173,,148.714,,54.9143
1510,4.745,,148.857,,55.2571
1511,4.74828,,149,,55.6
1512,4.75178,,148,,55.6
1513,4.75548,,148.167,,55.6667
1514,4.75918,,148.333,,55.7333
1515,4.76288,,148.5,,55.8
1516,4.76657,,148.667,,55.8667
1517,4.77027,,148.833,,55.9333
1518,4.77397,,149,,56
1519,4.77719,,149,,56.0286
1520,4.78041,,149,,56.0571
1521,4.78363,,149,,56.0857
1522,4.78686,,149,,56.1143
1523,4.79008,,149,,56.1429
1524,4.7933,,149,,56.1714
1525,4.79652,,149,,56.2
1526,4.79972,,149,,55.9143
1527,4.80291,,149,,55.6286
1528,4.80611,,149,,55.3429
1529,4.80931,,149,,55.0571
1530,4.81251,,149,,54.7714
1531,4.8157,,149,,54.4857
1532,4.8189,,149,,54.2
1533,4.82188,,149,,54.1429
1534,4.82486,,149,,54.0857
1535,4.82784,,149,,54.0286
1536,4.83083,,149,,53.9714
1537,4.83381,,149,,53.9143
1538,4.83679,,149,,53.8571
1539,4.83977,,149,,53.8
1540,4.84314,,149,,53.6667
1541,4.84652,,149,,53.5333
1542,4.84989,,149,,53.4
1543,4.85327,,149,,53.2667
1544,4.85664,,149,,53.1333
1545,4.86002,,149,,53
1546,4.86312,,148.857,,52.8571
1547,4.86623,,148.714,,52.7143
1548,4.86933,,148.571,,52.5714
1549,4.87244,,148.429,,52.4286
1550,4.87554,,148.286,,52.2857
1551,4.87865,,148.143,,52.1429
1552,4.88175,,148,,52
1553,4.8851,,148,,51.9333
1554,4.88844,,148,,51.8667
1555,4.89179,,148,,51.8
1556,4.89514,,148,,51.7333
1557,4.89848,,148,,51.6667
1558,4.90183,,148,,51.6
1559,4.9052,,148,,51.6
1560,4.90856,,148,,51.6
1561,4.91193,,148,,51.6
1562,4.9153,,148,,51.6
1563,4.91866,,148,,51.6
1564,4.92203,,148,,51.6
1565,4.92527,,148,,51.6571
1566,4.9285,,148,,51.7143
1567,4.93174,,148,,51.7714
1568,4.93498,,148,,51.8286
1569,4.93822,,148,,51.8857
1570,4.94145,,148,,51.9429
1571,4.94469,,148,,52
1572,4.94824,,148,,52.5667
1573,4.9518,,148,,53.1333
1574,4.95535,,148,,53.7
1575,4.95891,,148,,54.2667
1576,4.96246,,148,,54.8333
1577,4.96602,,148,,55.4
1578,4.96915,,148,,55.55
1579,4.97228,,148,,55.7
1580,4.97541,,148,,55.85
1581,4.97854,,148,,56
1582,4.98162,,148.143,,55.9714
1583,4.98469,,148.286,,55.9429
1584,4.98777,,148.429,,55.9143
1585,4.99085,,148.571,,55.8857
1586,4.99393,,148.714,,55.8571
1587,4.997,,148.857,,55.8286
1588,5.00008,,149,,55.8
1589,5.00329,,149.143,,55.8
1590,5.00651,,149.286,,55.8
1591,5.00972,,149.429,,55.8
1592,5.01293,,149.571,,55.8
1593,5.01614,,149.714,,55.8
1594,5.01936,,149.857,,55.8
1595,5.02257,,150,,55.8
1596,5.0256,,150,,55.5429
1597,5.02863,,150,,55.2857
1598,5.03166,,150,,55.0286
1599,5.03468,,150,,54.7714
1600,5.03771,,150,,54.5143
1601,5.04074,,150,,54.2571
1602,5.04377,,150,,54
1603,5.04689,,149.857,,53.9429
1604,5.05,,149.714,,53.8857
1605,5.05312,,149.571,,53.8286
1606,5.05623,,149.429,,53.7714
1607,5.05935,,149.286,,53.7143
1608,5.06246,,149.143,,53.6571
1609,5.06558,,149,,53.6
1610,5.0685,,148.857,,53.6286
1611,5.07143,,148.714,,53.6571
1612,5.07435,,148.571,,53.6857
1613,5.07727,,148.429,,53.7143
1614,5.08019,,148.286,,53.7429
1615,5.08312,,148.143,,53.7714
1616,5.08604,,148,,53.8
1617,5.08928,,148.143,,54.0286
1618,5.09252,,148.286,,54.2571
1619,5.09576,,148.429,,54.4857
1620,5.09899,,148.571,,54.7143
1621,5.10223,,148.714,,54.9429
1622,5.10547,,148.857,,55.1714
1623,5.10871,,149,,55.4
1624,5.11208,,149,,55.5
1625,5.11544,,149,,55.6
1626,5.11881,,149,,55.7
1627,5.12218,,149,,55.8
1628,5.12554,,149,,55.9
1629,5.12891,,149,,56
1630,5.13233,,149,,56.1333
1631,5.13575,,149,,56.2667
1632,5.13918,,149,,56.4
1633,5.1426,,149,,56.5333
1634,5.14602,,149,,56.6667
1635,5.14944,,149,,56.8
1636,5.15288,,148.833,,56.9
1637,5.15633,,148.667,,57
1638,5.15977,,148.5,,57.1
1639,5.16321,,148.333,,57.2
1640,5.16666,,148.167,,57.3
1641,5.1701,,148,,57.4
1642,5.17352,,148,,57.3
1643,5.17694,,148,,57.2
1644,5.18035,,148,,57.1
1645,5.18377,,148,,57
1646,5.18719,,148,,56.9
1647,5.19061,,148,,56.8
1648,5.1941,,148.167,,56.3
1649,5.1976,,148.333,,55.8
1650,5.20109,,148.5,,55.3
1651,5.20459,,148.667,,54.8
1652,5.20808,,148.833,,54.3
1653,5.21158,,149,,53.8
1654,5.21477,,149,,53.1429
1655,5.21796,,149,,52.4857
1656,5.22115,,149,,51.8286
1657,5.22434,,149,,51.1714
1658,5.22753,,149,,50.5143
1659,5.23072,,149,,49.8571
1660,5.23391,,149,,49.2
1661,5.23713,,148.857,,48.6857
1662,5.24035,,148.714,,48.1714
1663,5.24357,,148.571,,47.6571
1664,5.2468,,148.429,,47.1429
1665,5.25002,,148.286,,46.6286
1666,5.25324,,148.143,,46.1143
1667,5.25646,,148,,45.6
1668,5.25963,,148,,45.1714
1669,5.2628,,148,,44.7429
1670,5.26597,,148,,44.3143
1671,5.26915,,148,,43.8857
1672,5.27232,,148,,43.4571
1673,5.27549,,148,,43.0286
1674,5.27866,,148,,42.6
1675,5.2816,,147.714,,42.2571
1676,5.28453,,147.429,,41.9143
1677,5.28747,,147.143,,41.5714
1678,5.2904,,146.857,,41.2286
1679,5.29334,,146.571,,40.8857
1680,5.29627,,146.286,,40.5429
1681,5.29921,,146,,40.2
1682,5.3022,,145.857,,40
1683,5.30518,,145.714,,39.8
1684,5.30817,,145.571,,39.6
1685,5.31116,,145.429,,39.4
1686,5.31415,,145.286,,39.2
1687,5.31713,,145.143,,39
1688,5.32012,,145,,38.8
1689,5.32298,,145.143,,38.5429
1690,5.32584,,145.286,,38.2857
1691,5.3287,,145.429,,38.0286
1692,5.33157,,145.571,,37.7714
1693,5.33443,,145.714,,37.5143
1694,5.33729,,145.857,,37.2571
1695,5.34015,,146,,37
1696,5.34305,,146.143,,36.8857
1697,5.34596,,146.286,,36.7714
1698,5.34886,,146.429,,36.6571
1699,5.35176,,146.571,,36.5429
1700,5.35466,,146.714,,36.4286
1701,5.35757,,146.857,,36.3143
1702,5.36047,,147,,36.2
1703,5.36337,,147.286,,36.1143
1704,5.36627,,147.571,,36.0286
1705,5.36917,,147.857,,35.9429
1706,5.37207,,148.143,,35.8571
1707,5.37497,,148.429,,35.7714
1708,5.37787,,148.714,,35.6857
1709,5.38077,,149,,35.6
1710,5.38364,,149.143,,35.5143
1711,5.38651,,149.286,,35.4286
1712,5.38938,,149.429,,35.3429
1713,5.39226,,149.571,,35.2571
1714,5.39513,,149.714,,35.1714
1715,5.398,,149.857,,35.0857
1716,5.40087,,150,,35
1717,5.40393,,150,,35.0571
1718,5.40699,,150,,35.1143
1719,5.41005,,150,,35.1714
1720,5.41312,,150,,35.2286
1721,5.41618,,150,,35.2857
1722,5.41924,,150,,35.3429
1723,5.4223,,150,,35.4
1724,5.4253,,149.5,,35.6667
1725,5.42829,,149,,35.9333
1726,5.43129,,148.5,,36.2
1727,5.43429,,148,,36.4667
1728,5.43728,,147.5,,36.7333
1729,5.44028,,147,,37
1730,5.44316,,146.857,,37.0571
1731,5.44603,,146.714,,37.1143
1732,5.44891,,146.571,,37.1714
1733,5.45178,,146.429,,37.2286
1734,5.45466,,146.286,,37.2857
1735,5.45753,,146.143,,37.3429
1736,5.46041,,146,,37.4
1737,5.46331,,146.143,,37.5143
1738,5.46622,,146.286,,37.6286
1739,5.46912,,146.429,,37.7429
1740,5.47203,,146.571,,37.8571
1741,5.47493,,146.714,,37.9714
1742,5.47784,,146.857,,38.0857
1743,5.48074,,147,,38.2
1744,5.48354,,147.429,,38.3714
1745,5.48633,,147.857,,38.5429
1746,5.48913,,148.286,,38.7143
1747,5.49193,,148.714,,38.8857
1748,5.49473,,149.143,,39.0571
1749,5.49752,,149.571,,39.2286
1750,5.50032,,150,,39.4
1751,5.50319,,150.286,,39.6286
1752,5.50605,,150.571,,39.8571
1753,5.50892,,150.857,,40.0857
1754,5.51178,,151.143,,40.3143
1755,5.51465,,151.429,,40.5429
1756,5.51751,,151.714,,40.7714
1757,5.52038,,152,,41
1758,5.52333,,151.857,,41.3714
1759,5.52628,,151.714,,41.7429
1760,5.52923,,151.571,,42.1143
1761,5.53218,,151.429,,42.4857
1762,5.53513,,151.286,,42.8571
1763,5.53808,,151.143,,43.2286
1764,5.54103,,151,,43.6
1765,5.544,,150.714,,43.7714
1766,5.54697,,150.429,,43.9429
1767,5.54994,,150.143,,44.1143
1768,5.55292,,149.857,,44.2857
1769,5.55589,,149.571,,44.4571
1770,5.55886,,149.286,,44.6286
1771,5.56183,,149,,44.8
1772,5.56482,,148.857,,44.8571
1773,5.56781,,148.714,,44.9143
1774,5.5708,,148.571,,44.9714
1775,5.57379,,148.429,,45.0286
1776,5.57678,,148.286,,45.0857
1777,5.57977,,148.143,,45.1429
1778,5.58276,,148,,45.2
1779,5.58568,,148,,45.0571
1780,5.58859,,148,,44.9143
1781,5.59151,,148,,44.7714
1782,5.59442,,148,,44.6286
1783,5.59734,,148,,44.4857
1784,5.60025,,148,,44.3429
1785,5.60317,,148,,44.2
1786,5.60608,,147.857,,44.1429
1787,5.609,,147.714,,44.0857
1788,5.61191,,147.571,,44.0286
1789,5.61482,,147.429,,43.9714
1790,5.61773,,147.286,,43.9143
1791,5.62065,,147.143,,43.8571
1792,5.62356,,147,,43.8
1793,5.62648,,146.857,,43.8571
1794,5.62939,,146.714,,43.9143
1795,5.63231,,146.571,,43.9714
1796,5.63523,,146.429,,44.0286
1797,5.63815,,146.286,,44.0857
1798,5.64106,,146.143,,44.1429
1799,5.64398,,146,,44.2
1800,5.64698,,146.143,,44.0571
1801,5.64998,,146.286,,43.9143
1802,5.65298,,146.429,,43.7714
1803,5.65597,,146.571,,43.6286
1804,5.65897,,146.714,,43.4857
1805,5.66197,,146.857,,43.3429
1806,5.66497,,147,,43.2
1807,5.66794,,147.143,,43.1143
1808,5.67092,,147.286,,43.0286
1809,5.67389,,147.429,,42.9429
1810,5.67687,,147.571,,42.8571
1811,5.67984,,147.714,,42.7714
1812,5.68282,,147.857,,42.6857
1813,5.68579,,148,,42.6
1814,5.68885,,148,,42.6
1815,5.6919,,148,,42.6
1816,5.69496,,148,,42.6
1817,5.69801,,148,,42.6
1818,5.70107,,148,,42.6
1819,5.70412,,148,,42.6
1820,5.70718,,148,,42.6
1821,5.7103,,147.857,,42.8286
1822,5.71342,,147.714,,43.0571
1823,5.71654,,147.571,,43.2857
1824,5.71965,,147.429,,43.5143
1825,5.72277,,147.286,,43.7429
1826,5.72589,,147.143,,43.9714
1827,5.72901,,147,,44.2
1828,5.73204,,147,,44.1429
1829,5.73506,,147,,44.0857
1830,5.73809,,147,,44.0286
1831,5.74112,,147,,43.9714
1832,5.74415,,147,,43.9143
1833,5.74717,,147,,43.8571
1834,5.7502,,147,,43.8
1835,5.75337,,147,,43.8857
1836,5.75655,,147,,43.9714
1837,5.75972,,147,,44.0571
1838,5.76289,,147,,44.1429
1839,5.76606,,147,,44.2286
1840,5.76924,,147,,44.3143
1841,5.77241,,147,,44.4
1842,5.77563,,147,,44.3429
1843,5.77884,,147,,44.2857
1844,5.78206,,147,,44.2286
1845,5.78528,,147,,44.1714
1846,5.7885,,147,,44.1143
1847,5.79171,,147,,44.0571
1848,5.79493,,147,,44
1849,5.79832,,147,,44.0333
1850,5.80171,,147,,44.0667
1851,5.80509,,147,,44.1
1852,5.80848,,147,,44.1333
1853,5.81187,,147,,44.1667
1854,5.81526,,147,,44.2
1855,5.81857,,147,,44.2857
1856,5.82187,,147,,44.3714
1857,5.82518,,147,,44.4571
1858,5.82848,,147,,44.5429
1859,5.83179,,147,,44.6286
1860,5.83509,,147,,44.7143
1861,5.8384,,147,,44.8
1862,5.84175,,146.857,,44.7429
1863,5.8451,,146.714,,44.6857
1864,5.84845,,146.571,,44.6286
1865,5.85179,,146.429,,44.5714
1866,5.85514,,146.286,,44.5143
1867,5.85849,,146.143,,44.4571
1868,5.86184,,146,,44.4
1869,5.86534,,146.167,,44.3
1870,5.86883,,146.333,,44.2
1871,5.87233,,146.5,,44.1
1872,5.87583,,146.667,,44
1873,5.87932,,146.833,,43.9
1874,5.88282,,147,,43.8
1875,5.88603,,147.143,,43.6857
1876,5.88924,,147.286,,43.5714
1877,5.89245,,147.429,,43.4571
1878,5.89566,,147.571,,43.3429
1879,5.89887,,147.714,,43.2286
1880,5.90208,,147.857,,43.1143
1881,5.90529,,148,,43
1882,5.90779,,148,,42.8222
1883,5.91029,,148,,42.6444
1884,5.91279,,148,,42.4667
1885,5.91529,,148,,42.2889
1886,5.91779,,148,,42.1111
1887,5.92029,,148,,41.9333
1888,5.92279,,148,,41.7556
1889,5.92529,,148,,41.5778
1890,5.92779,,148,,41.4
1891,5.93128,,148,,41.2
1892,5.93478,,148,,41
1893,5.93827,,148,,40.8
1894,5.94176,,148,,40.6
1895,5.94526,,148,,40.4
1896,5.94875,,148,,40.2
1897,5.95228,,147.6,,40.24
1898,5.9558,,147.2,,40.28
1899,5.95933,,146.8,,40.32
1900,5.96285,,146.4,,40.36
1901,5.96638,,146,,40.4
1902,5.96995,,146,,40.4
1903,5.97351,,146,,40.4
1904,5.97708,,146,,40.4
1905,5.98064,,146,,40.4
1906,5.98421,,146,,40.4
1907,5.98777,,146,,40.4
1908,5.99132,,145.75,,40.5
1909,5.99487,,145.5,,40.6
1910,5.99843,,145.25,,40.7
1911,6.00198,,145,,40.8
1912,6.00528,,145,,40.5714
1913,6.00858,,145,,40.3429
1914,6.01188,,145,,40.1143
1915,6.01518,,145,,39.8857
1916,6.01848,,145,,39.6571
1917,6.02178,,145,,39.4286
1918,6.02508,,145,,39.2
1919,6.02829,,145,,39.0857
1920,6.03149,,145,,38.9714
1921,6.0347,,145,,38.8571
1922,6.03791,,145,,38.7429
1923,6.04112,,145,,38.6286
1924,6.04432,,145,,38.5143
1925,6.04753,,145,,38.4
1926,6.05083,,144.714,,38.4571
1927,6.05414,,144.429,,38.5143
1928,6.05744,,144.143,,38.5714
1929,6.06075,,143.857,,38.6286
1930,6.06405,,143.571,,38.6857
1931,6.06736,,143.286,,38.7429
1932,6.07066,,143,,38.8
1933,6.07376,,143.143,,39.2286
1934,6.07687,,143.286,,39.6571
1935,6.07997,,143.429,,40.0857
1936,6.08307,,143.571,,40.5143
1937,6.08617,,143.714,,40.9429
1938,6.08928,,143.857,,41.3714
1939,6.09238,,144,,41.8
1940,6.09546,,144.286,,42.2857
1941,6.09854,,144.571,,42.7714
1942,6.10162,,144.857,,43.2571
1943,6.1047,,145.143,,43.7429
1944,6.10778,,145.429,,44.2286
1945,6.11086,,145.714,,44.7143
1946,6.11394,,146,,45.2
1947,6.11707,,146.286,,45.4571
1948,6.12021,,146.571,,45.7143
1949,6.12334,,146.857,,45.9714
1950,6.12648,,147.143,,46.2286
1951,6.12961,,147.429,,46.4857
1952,6.13275,,147.714,,46.7429
1953,6.13588,,148,,47
1954,6.13897,,148,,47.4
1955,6.14206,,148,,47.8
1956,6.14515,,148,,48.2
1957,6.14823,,148,,48.6
1958,6.15132,,148,,49
1959,6.15441,,148,,49.4
1960,6.1575,,148,,49.8
1961,6.16067,,148,,50
1962,6.16384,,148,,50.2
1963,6.16701,,148,,50.4
1964,6.17018,,148,,50.6
1965,6.17321,,147.8,,50.64
1966,6.17624,,147.6,,50.68
1967,6.17927,,147.4,,50.72
1968,6.1823,,147.2,,50.76
1969,6.18533,,147,,50.8
1970,6.18854,,147.143,,50.6857
1971,6.19174,,147.286,,50.5714
1972,6.19495,,147.429,,50.4571
1973,6.19816,,147.571,,50.3429
1974,6.20137,,147.714,,50.2286
1975,6.20457,,147.857,,50.1143
1976,6.20778,,148,,50
1977,6.21106,,148.333,,50.0667
1978,6.21433,,148.667,,50.1333
1979,6.21761,,149,,50.2
1980,6.2207,,148.857,,50.2571
1981,6.22379,,148.714,,50.3143
1982,6.22688,,148.571,,50.3714
1983,6.22998,,148.429,,50.4286
1984,6.23307,,148.286,,50.4857
1985,6.23616,,148.143,,50.5429
1986,6.23925,,148,,50.6
1987,6.24215,,148,,50.8571
1988,6.24505,,148,,51.1143
1989,6.24795,,148,,51.3714
1990,6.25085,,148,,51.6286
1991,6.25375,,148,,51.8857
1992,6.25665,,148,,52.1429
1993,6.25955,,148,,52.4
1994,6.26231,,148.125,,52.65
1995,6.26506,,148.25,,52.9
1996,6.26782,,148.375,,53.15
1997,6.27058,,148.5,,53.4
1998,6.27334,,148.625,,53.65
1999,6.27609,,148.75,,53.9
2000,6.27885,,148.875,,54.15
2001,6.28161,,149,,54.4
2002,6.28418,,149,,54.6667
2003,6.28675,,149,,54.9333
2004,6.28932,,149,,55.2
2005,6.29187,,149,,55.6
2006,6.29443,,149,,56
2007,6.29698,,149,,56.4
2008,6.29953,,149,,56.8
2009,6.30209,,149,,57.2
2010,6.30464,,149,,57.6
2011,6.3072,,149,,58
2012,6.30975,,149,,58.4
2013,6.31272,,149,,58.6857
2014,6.31569,,149,,58.9714
2015,6.31866,,149,,59.2571
2016,6.32164,,149,,59.5429
2017,6.32461,,149,,59.8286
2018,6.32758,,149,,60.1143
2019,6.33055,,149,,60.4
2020,6.33398,,149,,61.0333
2021,6.33741,,149,,61.6667
2022,6.34084,,149,,62.3
2023,6.34428,,149,,62.9333
2024,6.34771,,149,,63.5667
2025,6.35114,,149,,64.2
2026,6.35445,,148.857,,64.1143
2027,6.35776,,148.714,,64.0286
2028,6.36107,,148.571,,63.9429
2029,6.36437,,148.429,,63.8571
2030,6.36768,,148.286,,63.7714
2031,6.37099,,148.143,,63.6857
2032,6.3743,,148,,63.6
2033,6.37772,,148,,63.5714
2034,6.38115,,148,,63.5429
2035,6.38457,,148,,63.5143
2036,6.38799,,148,,63.4857
2037,6.39141,,148,,63.4571
2038,6.39484,,148,,63.4286
2039,6.39826,,148,,63.4
2040,6.40127,,148,,63.4286
2041,6.40427,,148,,63.4571
2042,6.40728,,148,,63.4857
2043,6.41029,,148,,63.5143
2044,6.4133,,148,,63.5429
2045,6.4163,,148,,63.5714
2046,6.41931,,148,,63.6
2047,6.42242,,148,,63.6857
2048,6.42552,,148,,63.7714
2049,6.42863,,148,,63.8571
2050,6.43173,,148,,63.9429
2051,6.43484,,148,,64.0286
2052,6.43794,,148,,64.1143
2053,6.44105,,148,,64.2
2054,6.44426,,147.857,,64.2571
2055,6.44746,,147.714,,64.3143
2056,6.45067,,147.571,,64.3714
2057,6.45388,,147.429,,64.4286
2058,6.45709,,147.286,,64.4857
2059,6.46029,,147.143,,64.5429
2060,6.4635,,147,,64.6
2061,6.46674,,147,,64.8
2062,6.46999,,147,,65
2063,6.47323,,147,,65.2
2064,6.47647,,147,,65.4
2065,6.47971,,147,,65.6
2066,6.48296,,147,,65.8
2067,6.4862,,147,,66
2068,6.48991,,146.833,,65.6333
2069,6.49363,,146.667,,65.2667
2070,6.49734,,146.5,,64.9
2071,6.50105,,146.333,,64.5333
2072,6.50477,,146.167,,64.1667
2073,6.50848,,146,,63.8
2074,6.51185,,146,,63.7667
2075,6.51522,,146,,63.7333
2076,6.51858,,146,,63.7
2077,6.52195,,146,,63.6667
2078,6.52532,,146,,63.6333
2079,6.52869,,146,,63.6
2080,6.53209,,146.167,,63.6333
2081,6.5355,,146.333,,63.6667
2082,6.53891,,146.5,,63.7
2083,6.54231,,146.667,,63.7333
2084,6.54572,,146.833,,63.7667
2085,6.54912,,147,,63.8
2086,6.55245,,147,,63.8857
2087,6.55577,,147,,63.9714
2088,6.5591,,147,,64.0571
2089,6.56242,,147,,64.1429
2090,6.56575,,147,,64.2286
2091,6.56907,,147,,64.3143
2092,6.5724,,147,,64.4
2093,6.57633,,146.8,,64.12
2094,6.58026,,146.6,,63.84
2095,6.58418,,146.4,,63.56
2096,6.58811,,146.2,,63.28
2097,6.59204,,146,,63
2098,6.59709,,146.25,,62.05
2099,6.60213,,146.5,,61.1
2100,6.60718,,146.75,,60.15
2101,6.61223,,147,,59.2
2102,6.61535,,146.833,,58.6
2103,6.61847,,146.667,,58
2104,6.62159,,146.5,,57.4
2105,6.62471,,146.333,,56.8
2106,6.62783,,146.167,,56.2
2107,6.63095,,146,,55.6
2108,6.63333,,146,,55.08
2109,6.6357,,146,,54.56
2110,6.63808,,146,,54.04
2111,6.64045,,146,,53.52
2112,6.64283,,146,,53
2113,6.6467,,146.167,,52.7
2114,6.65057,,146.333,,52.4
2115,6.65444,,146.5,,52.1
2116,6.65831,,146.667,,51.8
2117,6.66218,,146.833,,51.5
2118,6.66605,,147,,51.2
2119,6.66932,,146.714,,50.8
2120,6.67258,,146.429,,50.4
2121,6.67585,,146.143,,50
2122,6.67911,,145.857,,49.6
2123,6.68238,,145.571,,49.2
2124,6.68564,,145.286,,48.8
2125,6.68891,,145,,48.4
2126,6.69219,,144.857,,48.4286
2127,6.69546,,144.714,,48.4571
2128,6.69874,,144.571,,48.4857
2129,6.70202,,144.429,,48.5143
2130,6.7053,,144.286,,48.5429
2131,6.70857,,144.143,,48.5714
2132,6.71185,,144,,48.6
2133,6.71517,,144.5,,48.6
2134,6.71849,,145,,48.6
2135,6.72181,,145.5,,48.6
2136,6.72513,,146,,48.6
2137,6.72845,,146.5,,48.6
2138,6.73177,,147,,48.6
2139,6.73493,,147,,48.8
2140,6.7381,,147,,49
2141,6.74126,,147,,49.2
2142,6.74442,,147,,49.4
2143,6.74758,,147,,49.6
2144,6.75075,,147,,49.8
2145,6.75391,,147,,50
2146,6.75901,,147,,50.6
2147,6.7641,,147,,51.2
2148,6.7692,,147,,51.8
2149,6.7743,,147,,52.4
2150,6.77745,,146.857,,52.0286
2151,6.7806,,146.714,,51.6571
2152,6.78375,,146.571,,51.2857
2153,6.7869,,146.429,,50.9143
2154,6.79005,,146.286,,50.5429
2155,6.7932,,146.143,,50.1714
2156,6.79635,,146,,49.8
2157,6.79942,,146,,49.2
2158,6.80321,,146,,48.8
2159,6.807,,146,,48.4
2160,6.81079,,146,,48
2161,6.81459,,146,,47.6
2162,6.81838,,146,,47.2
2163,6.82217,,146,,46.8
2164,6.82549,,146.286,,46.7429
2165,6.8288,,146.571,,46.6857
2166,6.83212,,146.857,,46.6286
2167,6.83543,,147.143,,46.5714
2168,6.83875,,147.429,,46.5143
2169,6.84206,,147.714,,46.4571
2170,6.84538,,148,,46.4
2171,6.84857,,148.143,,46.4286
2172,6.85176,,148.286,,46.4571
2173,6.85495,,148.429,,46.4857
2174,6.85815,,148.571,,46.5143
2175,6.86134,,148.714,,46.5429
2176,6.86453,,148.857,,46.5714
2177,6.86772,,149,,46.6
2178,6.87111,,149.167,,46.5
2179,6.8745,,149.333,,46.4
2180,6.87789,,149.5,,46.3
2181,6.88129,,149.667,,46.2
2182,6.88468,,149.833,,46.1
2183,6.88807,,150,,46
2184,6.89146,,149.857,,46
2185,6.89485,,149.714,,46
2186,6.89824,,149.571,,46
2187,6.90162,,149.429,,46
2188,6.90501,,149.286,,46
2189,6.9084,,149.143,,46
2190,6.91179,,149,,46
2191,6.91467,,149.143,,46.0571
2192,6.91755,,149.286,,46.1143
2193,6.92043,,149.429,,46.1714
2194,6.92332,,149.571,,46.2286
2195,6.9262,,149.714,,46.2857
2196,6.92908,,149.857,,46.3429
2197,6.93196,,150,,46.4
2198,6.93461,,149.75,,46.525
2199,6.93726,,149.5,,46.65
2200,6.93991,,149.25,,46.775
2201,6.94255,,149,,46.9
2202,6.9452,,148.75,,47.025
2203,6.94785,,148.5,,47.15
2204,6.9505,,148.25,,47.275
2205,6.95315,,148,,47.4
2206,6.95623,,147.857,,47.8
2207,6.95931,,147.714,,48.2
2208,6.96239,,147.571,,48.6
2209,6.96546,,147.429,,49
2210,6.96854,,147.286,,49.4
2211,6.97162,,147.143,,49.8
2212,6.9747,,147,,50.2
2213,6.97799,,147,,50.6286
2214,6.98127,,147,,51.0571
2215,6.98456,,147,,51.4857
2216,6.98785,,147,,51.9143
2217,6.99114,,147,,52.3429
2218,6.99442,,147,,52.7714
2219,6.99771,,147,,53.2
2220,7.0007,,147,,53.8
2221,7.00446,,146.833,,53.8667
2222,7.00822,,146.667,,53.9333
2223,7.01198,,146.5,,54
2224,7.01574,,146.333,,54.0667
2225,7.0195,,146.167,,54.1333
2226,7.02326,,146,,54.2
2227,7.02698,,145.833,,54.5
2228,7.03071,,145.667,,54.8
2229,7.03443,,145.5,,55.1
2230,7.03815,,145.333,,55.4
2231,7.04188,,145.167,,55.7
2232,7.0456,,145,,56
2233,7.0489,,144.857,,56.2571
2234,7.0522,,144.714,,56.5143
2235,7.0555,,144.571,,56.7714
2236,7.05879,,144.429,,57.0286
2237,7.06209,,144.286,,57.2857
2238,7.06539,,144.143,,57.5429
2239,7.06869,,144,,57.8
2240,7.07184,,144,,58.1
2241,7.07499,,144,,58.4
2242,7.07814,,144,,58.7
2243,7.08129,,144,,59
2244,7.08444,,144,,59.3
2245,7.08759,,144,,59.6
2246,7.0908,,144.143,,60.0286
2247,7.09402,,144.286,,60.4571
2248,7.09723,,144.429,,60.8857
2249,7.10045,,144.571,,61.3143
2250,7.10366,,144.714,,61.7429
2251,7.10688,,144.857,,62.1714
2252,7.11009,,145,,62.6
2253,7.11338,,145.286,,62.8286
2254,7.11666,,145.571,,63.0571
2255,7.11995,,145.857,,63.2857
2256,7.12323,,146.143,,63.5143
2257,7.12652,,146.429,,63.7429
2258,7.1298,,146.714,,63.9714
2259,7.13309,,147,,64.2
2260,7.13698,,146.833,,63.7333
2261,7.14087,,146.667,,63.2667
2262,7.14476,,146.5,,62.8
2263,7.14865,,146.333,,62.3333
2264,7.15254,,146.167,,61.8667
2265,7.15643,,146,,61.4
2266,7.16049,,146,,60.52
2267,7.16455,,146,,59.64
2268,7.1686,,146,,58.76
2269,7.17266,,146,,57.88
2270,7.17672,,146,,57
2271,7.18066,,145.833,,56.9
2272,7.1846,,145.667,,56.8
2273,7.18853,,145.5,,56.7
2274,7.19247,,145.333,,56.6
2275,7.19641,,145.167,,56.5
2276,7.20035,,145,,56.4
2277,7.2037,,145.167,,55.9
2278,7.20706,,145.333,,55.4
2279,7.21041,,145.5,,54.9
2280,7.21376,,145.667,,54.4
2281,7.21712,,145.833,,53.9
2282,7.22047,,146,,53.4
2283,7.22379,,146.143,,53.2857
2284,7.22711,,146.286,,53.1714
2285,7.23043,,146.429,,53.0571
2286,7.23374,,146.571,,52.9429
2287,7.23706,,146.714,,52.8286
2288,7.24038,,146.857,,52.7143
2289,7.2437,,147,,52.6
2290,7.24675,,147.143,,52.2857
2291,7.2498,,147.286,,51.9714
2292,7.25285,,147.429,,51.6571
2293,7.2559,,147.571,,51.3429
2294,7.25895,,147.714,,51.0286
2295,7.262,,147.857,,50.7143
2296,7.26505,,148,,50.4
2297,7.26827,,147.857,,50.4286
2298,7.27149,,147.714,,50.4571
2299,7.27471,,147.571,,50.4857
2300,7.27793,,147.429,,50.5143
2301,7.28115,,147.286,,50.5429
2302,7.28437,,147.143,,50.5714
2303,7.28759,,147,,50.6
2304,7.29089,,147.143,,50.5714
2305,7.29418,,147.286,,50.5429
2306,7.29748,,147.429,,50.5143
2307,7.30078,,147.571,,50.4857
2308,7.30408,,147.714,,50.4571
2309,7.30737,,147.857,,50.4286
2310,7.31067,,148,,50.4
2311,7.31433,,147.833,,49.8333
2312,7.318,,147.667,,49.2667
2313,7.32166,,147.5,,48.7
2314,7.32532,,147.333,,48.1333
2315,7.32899,,147.167,,47.5667
2316,7.33265,,147,,47
2317,7.33614,,146.667,,46.9333
2318,7.33964,,146.333,,46.8667
2319,7.34313,,146,,46.8
2320,7.34662,,145.667,,46.7333
2321,7.35012,,145.333,,46.6667
2322,7.35361,,145,,46.6
2323,7.35717,,145.167,,46.6
2324,7.36074,,145.333,,46.6
2325,7.3643,,145.5,,46.6
2326,7.36786,,145.667,,46.6
2327,7.37143,,145.833,,46.6
2328,7.37499,,146,,46.6
2329,7.37822,,146.286,,46.4857
2330,7.38146,,146.571,,46.3714
2331,7.38469,,146.857,,46.2571
2332,7.38793,,147.143,,46.1429
2333,7.39116,,147.429,,46.0286
2334,7.3944,,147.714,,45.9143
2335,7.39763,,148,,45.8
2336,7.40084,,148.143,,45.6286
2337,7.40406,,148.286,,45.4571
2338,7.40727,,148.429,,45.2857
2339,7.41049,,148.571,,45.1143
2340,7.4137,,148.714,,44.9429
2341,7.41692,,148.857,,44.7714
2342,7.42013,,149,,44.6
2343,7.42331,,149,,44.4286
2344,7.42649,,149,,44.2571
2345,7.42967,,149,,44.0857
2346,7.43286,,149,,43.9143
2347,7.43604,,149,,43.7429
2348,7.43922,,149,,43.5714
2349,7.4424,,149,,43.4
2350,7.4455,,148.857,,43
2351,7.4486,,148.714,,42.6
2352,7.4517,,148.571,,42.2
2353,7.45481,,148.429,,41.8
2354,7.45791,,148.286,,41.4
2355,7.46101,,148.143,,41
2356,7.46411,,148,,40.6
2357,7.46723,,148.143,,40.5429
2358,7.47036,,148.286,,40.4857
2359,7.47348,,148.429,,40.4286
2360,7.4766,,148.571,,40.3714
2361,7.47972,,148.714,,40.3143
2362,7.48285,,148.857,,40.2571
2363,7.48597,,149,,40.2
2364,7.48896,,149,,40.48
2365,7.49196,,149,,40.76
2366,7.49495,,149,,41.04
2367,7.49795,,149,,41.32
2368,7.50094,,149,,41.6
2369,7.50411,,149,,41.7333
2370,7.50728,,149,,41.8667
2371,7.51044,,149,,42
2372,7.51361,,149,,42.1333
2373,7.51678,,149,,42.2667
2374,7.51995,,149,,42.4
2375,7.52309,,148.857,,42.3714
2376,7.52623,,148.714,,42.3429
2377,7.52937,,148.571,,42.3143
2378,7.53251,,148.429,,42.2857
2379,7.53565,,148.286,,42.2571
2380,7.53879,,148.143,,42.2286
2381,7.54193,,148,,42.2
2382,7.54522,,148,,42.0857
2383,7.54851,,148,,41.9714
2384,7.5518,,148,,41.8571
2385,7.5551,,148,,41.7429
2386,7.55839,,148,,41.6286
2387,7.56168,,148,,41.5143
2388,7.56497,,148,,41.4
2389,7.56817,,148.143,,41.3143
2390,7.57137,,148.286,,41.2286
2391,7.57457,,148.429,,41.1429
2392,7.57777,,148.571,,41.0571
2393,7.58097,,148.714,,40.9714
2394,7.58417,,148.857,,40.8857
2395,7.58737,,149,,40.8
2396,7.59052,,149,,40.4857
2397,7.59367,,149,,40.1714
2398,7.59682,,149,,39.8571
2399,7.59997,,149,,39.5429
2400,7.60312,,149,,39.2286
2401,7.60627,,149,,38.9143
2402,7.60942,,149,,38.6
2403,7.61289,,149,,38.5667
2404,7.61635,,149,,38.5333
2405,7.61982,,149,,38.5
2406,7.62328,,149,,38.4667
2407,7.62674,,149,,38.4333
2408,7.63021,,149,,38.4
2409,7.63366,,149,,38.1333
2410,7.63711,,149,,37.8667
2411,7.64055,,149,,37.6
2412,7.644,,149,,37.3333
2413,7.64745,,149,,37.0667
2414,7.6509,,149,,36.8
2415,7.65414,,149.286,,36.5714
2416,7.65738,,149.571,,36.3429
2417,7.66062,,149.857,,36.1143
2418,7.66387,,150.143,,35.8857
2419,7.66711,,150.429,,35.6571
2420,7.67035,,150.714,,35.4286
2421,7.67359,,151,,35.2
2422,7.67686,,150.857,,35.3714
2423,7.68013,,150.714,,35.5429
2424,7.6834,,150.571,,35.7143
2425,7.68667,,150.429,,35.8857
2426,7.68994,,150.286,,36.0571
2427,7.69321,,150.143,,36.2286
2428,7.69648,,150,,36.4
2429,7.69979,,149.857,,36.2286
2430,7.7031,,149.714,,36.0571
2431,7.70641,,149.571,,35.8857
2432,7.70971,,149.429,,35.7143
2433,7.71302,,149.286,,35.5429
2434,7.71633,,149.143,,35.3714
2435,7.71964,,149,,35.2
2436,7.72281,,149.143,,35
2437,7.72597,,149.286,,34.8
2438,7.72914,,149.429,,34.6
2439,7.73231,,149.571,,34.4
2440,7.73548,,149.714,,34.2
2441,7.73864,,149.857,,34
2442,7.74181,,150,,33.8
2443,7.74488,,149.857,,33.7143
2444,7.74794,,149.714,,33.6286
2445,7.75101,,149.571,,33.5429
2446,7.75408,,149.429,,33.4571
2447,7.75715,,149.286,,33.3714
2448,7.76021,,149.143,,33.2857
2449,7.76328,,149,,33.2
2450,7.76633,,149,,33.3714
2451,7.76938,,149,,33.5429
2452,7.77243,,149,,33.7143
2453,7.77547,,149,,33.8857
2454,7.77852,,149,,34.0571
2455,7.78157,,149,,34.2286
2456,7.78462,,149,,34.4
2457,7.78765,,149,,34.3714
2458,7.79068,,149,,34.3429
2459,7.79371,,149,,34.3143
2460,7.79674,,149,,34.2857
2461,7.79977,,149,,34.2571
2462,7.8028,,149,,34.2286
2463,7.80583,,149,,34.2
2464,7.8089,,148.857,,34.4
2465,7.81196,,148.714,,34.6
2466,7.81503,,148.571,,34.8
2467,7.81809,,148.429,,35
2468,7.82116,,148.286,,35.2
2469,7.82422,,148.143,,35.4
2470,7.82729,,148,,35.6
2471,7.8304,,148.143,,35.2857
2472,7.8335,,148.286,,34.9714
2473,7.83661,,148.429,,34.6571
2474,7.83972,,148.571,,34.3429
2475,7.84283,,148.714,,34.0286
2476,7.84593,,148.857,,33.7143
2477,7.84904,,149,,33.4
2478,7.85195,,149,,33.4857
2479,7.85486,,149,,33.5714
2480,7.85777,,149,,33.6571
2481,7.86069,,149,,33.7429
2482,7.8636,,149,,33.8286
2483,7.86651,,149,,33.9143
2484,7.86942,,149,,34
2485,7.87245,,149.143,,34.2286
2486,7.87548,,149.286,,34.4571
2487,7.87851,,149.429,,34.6857
2488,7.88155,,149.571,,34.9143
2489,7.88458,,149.714,,35.1429
2490,7.88761,,149.857,,35.3714
2491,7.89064,,150,,35.6
2492,7.89399,,150,,35.5714
2493,7.89735,,150,,35.5429
2494,7.9007,,150,,35.5143
2495,7.90405,,150,,35.4857
2496,7.9074,,150,,35.4571
2497,7.91076,,150,,35.4286
2498,7.91411,,150,,35.4
2499,7.91751,,150,,35.1667
2500,7.92091,,150,,34.9333
2501,7.9243,,150,,34.7
2502,7.9277,,150,,34.4667
2503,7.9311,,150,,34.2333
2504,7.9345,,150,,34
2505,7.9376,,150.286,,34.0571
2506,7.9407,,150.571,,34.1143
2507,7.9438,,150.857,,34.1714
2508,7.94691,,151.143,,34.2286
2509,7.95001,,151.429,,34.2857
2510,7.95311,,151.714,,34.3429
2511,7.95621,,152,,34.4
2512,7.95931,,152.143,,34.7429
2513,7.96242,,152.286,,35.0857
2514,7.96552,,152.429,,35.4286
2515,7.96862,,152.571,,35.7714
2516,7.97172,,152.714,,36.1143
2517,7.97483,,152.857,,36.4571
2518,7.97793,,153,,36.8
2519,7.98113,,152.857,,37.0571
2520,7.98433,,152.714,,37.3143
2521,7.98753,,152.571,,37.5714
2522,7.99073,,152.429,,37.8286
2523,7.99393,,152.286,,38.0857
2524,7.99713,,152.143,,38.3429
2525,8.00033,,152,,38.6
2526,8.0034,,152.143,,38.7143
2527,8.00646,,152.286,,38.8286
2528,8.00953,,152.429,,38.9429
2529,8.01259,,152.571,,39.0571
2530,8.01566,,152.714,,39.1714
2531,8.01872,,152.857,,39.2857
2532,8.02179,,153,,39.4
2533,8.02475,,152.857,,39.3429
2534,8.02771,,152.714,,39.2857
2535,8.03067,,152.571,,39.2286
2536,8.03364,,152.429,,39.1714
2537,8.0366,,152.286,,39.1143
2538,8.03956,,152.143,,39.0571
2539,8.04252,,152,,39
2540,8.04528,,151.75,,39.075
2541,8.04805,,151.5,,39.15
2542,8.05081,,151.25,,39.225
2543,8.05357,,151,,39.3
2544,8.05633,,150.75,,39.375
2545,8.0591,,150.5,,39.45
2546,8.06186,,150.25,,39.525
2547,8.06462,,150,,39.6
2548,8.06745,,150.125,,39.65
2549,8.07028,,150.25,,39.7
2550,8.07311,,150.375,,39.75
2551,8.07594,,150.5,,39.8
2552,8.07877,,150.625,,39.85
2553,8.0816,,150.75,,39.9
2554,8.08443,,150.875,,39.95
2555,8.08726,,151,,40
2556,8.08966,,151.5,,39.9
2557,8.09206,,152,,39.8
2558,8.09452,,152,,40.08
2559,8.09697,,152,,40.36
2560,8.09943,,152,,40.64
2561,8.10188,,152,,40.92
2562,8.10434,,152,,41.2
2563,8.10738,,152,,41.8
2564,8.11041,,152,,42.4
2565,8.11336,,152.143,,42.5143
2566,8.11631,,152.286,,42.6286
2567,8.11926,,152.429,,42.7429
2568,8.1222,,152.571,,42.8571
2569,8.12515,,152.714,,42.9714
2570,8.1281,,152.857,,43.0857
2571,8.13105,,153,,43.2
2572,8.13403,,154,,43.2
2573,8.13684,,154.25,,43.475
2574,8.13965,,154.5,,43.75
2575,8.14245,,154.75,,44.025
2576,8.14526,,155,,44.3
2577,8.14807,,155.25,,44.575
2578,8.15088,,155.5,,44.85
2579,8.15368,,155.75,,45.125
2580,8.15649,,156,,45.4
2581,8.15922,,156,,45.475
2582,8.16195,,156,,45.55
2583,8.16467,,156,,45.625
2584,8.1674,,156,,45.7
2585,8.17013,,156,,45.775
2586,8.17286,,156,,45.85
2587,8.17558,,156,,45.925
2588,8.17831,,156,,46
2589,8.18106,,156.2,,45.92
2590,8.18381,,156.4,,45.84
2591,8.18656,,156.6,,45.76
2592,8.18931,,156.8,,45.68
2593,8.19206,,157,,45.6
2594,8.19456,,156.5,,45.45
2595,8.19706,,156,,45.3
2596,8.19956,,155.5,,45.15
2597,8.20206,,155,,45
2598,8.20409,,155,,44.82
2599,8.20612,,155,,44.64
2600,8.20815,,155,,44.46
2601,8.21018,,155,,44.28
2602,8.21221,,155,,44.1
2603,8.21424,,155,,43.92
2604,8.21627,,155,,43.74
2605,8.2183,,155,,43.56
2606,8.22033,,155,,43.38
2607,8.22236,,155,,43.2
2608,8.22547,,154.714,,43.0857
2609,8.22857,,154.429,,42.9714
2610,8.23168,,154.143,,42.8571
2611,8.23478,,153.857,,42.7429
2612,8.23789,,153.571,,42.6286
2613,8.24099,,153.286,,42.5143
2614,8.2441,,153,,42.4
2615,8.24743,,152.75,,42.1
2616,8.25075,,152.5,,41.8
2617,8.25408,,152.25,,41.5
2618,8.2574,,152,,41.2
2619,8.26075,,152,,41.0571
2620,8.2641,,152,,40.9143
2621,8.26745,,152,,40.7714
2622,8.27081,,152,,40.6286
2623,8.27416,,152,,40.4857
2624,8.27751,,152,,40.3429
2625,8.28086,,152,,40.2
2626,8.28424,,151.833,,40.0333
2627,8.28761,,151.667,,39.8667
2628,8.29099,,151.5,,39.7
2629,8.29436,,151.333,,39.5333
2630,8.29774,,151.167,,39.3667
2631,8.30111,,151,,39.2
2632,8.30435,,151,,39.0571
2633,8.3076,,151,,38.9143
2634,8.31084,,151,,38.7714
2635,8.31408,,151,,38.6286
2636,8.31732,,151,,38.4857
2637,8.32057,,151,,38.3429
2638,8.32381,,151,,38.2
2639,8.32689,,151,,38.6
2640,8.32997,,151,,39
2641,8.33382,,150.833,,39.3667
2642,8.33766,,150.667,,39.7333
2643,8.34151,,150.5,,40.1
2644,8.34535,,150.333,,40.4667
2645,8.34919,,150.167,,40.8333
2646,8.35304,,150,,41.2
2647,8.3573,,150,,41.32
2648,8.36156,,150,,41.44
2649,8.36582,,150,,41.56
2650,8.37008,,150,,41.68
2651,8.37434,,150,,41.8
2652,8.37727,,150,,41.8
2681,8.37727,,137,,42.8
2682,8.37927,,136,,42.9333
2683,8.38126,,135,,43.0667
2684,8.38326,,134,,43.2
2685,8.38668,,134.333,,43.4
2686,8.39009,,134.667,,43.6
2687,8.39351,,135,,43.8
2688,8.39693,,135.333,,44
2689,8.40034,,135.667,,44.2
2690,8.40376,,136,,44.4
2691,8.40692,,135.571,,44.6857
2692,8.41008,,135.143,,44.9714
2693,8.41324,,134.714,,45.2571
2694,8.41639,,134.286,,45.5429
2695,8.41955,,133.857,,45.8286
2696,8.42271,,133.429,,46.1143
2697,8.42587,,133,,46.4
2698,8.42926,,133,,46.6667
2699,8.43266,,133,,46.9333
2700,8.43605,,133,,47.2
2701,8.43944,,133.333,,47.5333
2702,8.44283,,133.667,,47.8667
2703,8.44622,,134,,48.2
2704,8.4496,,134.333,,48.5333
2705,8.45299,,134.667,,48.8667
2706,8.45638,,135,,49.2
2707,8.45987,,135.6,,49.56
2708,8.46335,,136.2,,49.92
2709,8.46684,,136.8,,50.28
2710,8.47032,,137.4,,50.64
2711,8.47381,,138,,51
2712,8.47687,,138.75,,51.25
2713,8.47994,,139.5,,51.5
2714,8.48301,,140.25,,51.75
2715,8.48607,,141,,52
2716,8.48952,,141.333,,51.8333
2717,8.49297,,141.667,,51.6667
2718,8.49642,,142,,51.5
2719,8.49986,,142.333,,51.3333
2720,8.50331,,142.667,,51.1667
2721,8.50676,,143,,51
2722,8.51043,,143,,51.0333
2723,8.51411,,143,,51.0667
2724,8.51778,,143,,51.1
2725,8.52146,,143,,51.1333
2726,8.52514,,143,,51.1667
2727,8.52881,,143,,51.2
2728,8.5316,,143,,51.4667
2729,8.53438,,143,,51.7333
2730,8.53717,,143,,52
2731,8.53966,,143.111,,52.1778
2732,8.54215,,143.222,,52.3556
2733,8.54465,,143.333,,52.5333
2734,8.54714,,143.444,,52.7111
2735,8.54963,,143.556,,52.8889
2736,8.55212,,143.667,,53.0667
2737,8.55462,,143.778,,53.2444
2738,8.55711,,143.889,,53.4222
2739,8.5596,,144,,53.6
2740,8.56258,,144.143,,53.8571
2741,8.56555,,144.286,,54.1143
2742,8.56853,,144.429,,54.3714
2743,8.5715,,144.571,,54.6286
2744,8.57448,,144.714,,54.8857
2745,8.57745,,144.857,,55.1429
2746,8.58043,,145,,55.4
2747,8.5836,,145,,55.5714
2748,8.58676,,145,,55.7429
2749,8.58993,,145,,55.9143
2750,8.59309,,145,,56.0857
2751,8.59626,,145,,56.2571
2752,8.59942,,145,,56.4286
2753,8.60259,,145,,56.6
2754,8.60559,,145,,56.9143
2755,8.60858,,145,,57.2286
2756,8.61158,,145,,57.5429
2757,8.61458,,145,,57.8571
2758,8.61758,,145,,58.1714
2759,8.62057,,145,,58.4857
2760,8.62357,,145,,58.8
2761,8.62703,,145.167,,58.7
2762,8.63049,,145.333,,58.6
2763,8.63395,,145.5,,58.5
2764,8.63741,,145.667,,58.4
2765,8.64087,,145.833,,58.3
2766,8.64433,,146,,58.2
2767,8.64822,,146,,57.6667
2768,8.65211,,146,,57.1333
2769,8.65601,,146,,56.6
2770,8.6599,,146,,56.0667
2771,8.66379,,146,,55.5333
2772,8.66768,,146,,55
2773,8.67197,,145.75,,53.35
2774,8.67627,,145.5,,51.7
2775,8.68057,,145.25,,50.05
2776,8.68486,,145,,48.4
2777,8.68818,,145.167,,47.8
2778,8.6915,,145.333,,47.2
2779,8.69483,,145.5,,46.6
2780,8.69815,,145.667,,46
2781,8.70147,,145.833,,45.4
2782,8.70479,,146,,44.8
2783,8.70596,,145.5,,44.5
2784,8.70712,,145,,44.2
2785,8.70831,,144.5,,44
2786,8.70949,,144,,43.8
2787,8.71145,,144.6,,43.52
2788,8.71341,,145.2,,43.24
2789,8.71536,,145.8,,42.96
2790,8.71732,,146.4,,42.68
2791,8.71928,,147,,42.4
2792,8.72233,,147,,42.3
2793,8.72537,,147,,42.2
2794,8.72641,,148,,42.0667
2795,8.72746,,149,,41.9333
2796,8.7285,,150,,41.8
2797,8.7309,,150.75,,41.75
2798,8.7333,,151.5,,41.7
2799,8.73569,,152.25,,41.65
2800,8.73809,,153,,41.6
2801,8.73908,,153.333,,41.4444
2802,8.74006,,153.667,,41.2889
2803,8.74105,,154,,41.1333
2804,8.74204,,154.333,,40.9778
2805,8.74302,,154.667,,40.8222
2806,8.74401,,155,,40.6667
2807,8.745,,155.333,,40.5111
2808,8.74598,,155.667,,40.3556
2809,8.74697,,156,,40.2
2810,8.74798,,156.25,,40.15
2811,8.74899,,156.5,,40.1
2812,8.74999,,156.75,,40.05
2813,8.751,,157,,40
2814,8.7536,,156.889,,39.8444
2815,8.7562,,156.778,,39.6889
2816,8.75879,,156.667,,39.5333
2817,8.76139,,156.556,,39.3778
2818,8.76399,,156.444,,39.2222
2819,8.76659,,156.333,,39.0667
2820,8.76918,,156.222,,38.9111
2821,8.77178,,156.111,,38.7556
2822,8.77438,,156,,38.6
2823,8.77814,,155.5,,38.6333
2824,8.7819,,155,,38.6667
2825,8.78566,,154.5,,38.7
2826,8.78942,,154,,38.7333
2827,8.79318,,153.5,,38.7667
2828,8.79694,,153,,38.8
2829,8.80062,,152.4,,39
2830,8.80429,,151.8,,39.2
2831,8.80797,,151.2,,39.4
2832,8.81164,,150.6,,39.6
2833,8.81532,,150,,39.8
2834,8.81919,,149.833,,40.1333
2835,8.82306,,149.667,,40.4667
2836,8.82693,,149.5,,40.8
2837,8.83079,,149.333,,41.1333
2838,8.83466,,149.167,,41.4667
2839,8.83853,,149,,41.8
2840,8.84258,,149,,42.76
2841,8.84663,,149,,43.72
2842,8.85069,,149,,44.68
2843,8.85474,,149,,45.64
2844,8.85879,,149,,46.6
2845,8.86173,,148.4,,46.32
2846,8.86468,,147.8,,46.04
2847,8.86762,,147.2,,45.76
2848,8.87057,,146.6,,45.48
2849,8.87351,,146,,45.2
2850,8.87661,,145.857,,44.9429
2851,8.8797,,145.714,,44.6857
2852,8.8828,,145.571,,44.4286
2853,8.88589,,145.429,,44.1714
2854,8.88899,,145.286,,43.9143
2855,8.89208,,145.143,,43.6571
2856,8.89518,,145,,43.4
2857,8.89842,,145.143,,43.5143
2858,8.90165,,145.286,,43.6286
2859,8.90489,,145.429,,43.7429
2860,8.90812,,145.571,,43.8571
2861,8.91136,,145.714,,43.9714
2862,8.91459,,145.857,,44.0857
2863,8.91783,,146,,44.2
2864,8.92105,,146.429,,44.1429
2865,8.92426,,146.857,,44.0857
2866,8.92748,,147.286,,44.0286
2867,8.93069,,147.714,,43.9714
2868,8.93391,,148.143,,43.9143
2869,8.93712,,148.571,,43.8571
2870,8.94034,,149,,43.8
2871,8.94347,,149.143,,44
2872,8.94659,,149.286,,44.2
2873,8.94972,,149.429,,44.4
2874,8.95285,,149.571,,44.6
2875,8.95598,,149.714,,44.8
2876,8.9591,,149.857,,45
2877,8.96223,,150,,45.2
2878,8.96543,,149.714,,45.1714
2879,8.96864,,149.429,,45.1429
2880,8.97184,,149.143,,45.1143
2881,8.97505,,148.857,,45.0857
2882,8.97825,,148.571,,45.0571
2883,8.98146,,148.286,,45.0286
2884,8.98466,,148,,45
2885,8.98801,,148,,44.28
2886,8.99136,,148,,43.56
2887,8.99471,,148,,42.84
2888,8.99806,,148,,42.12
2889,9.00141,,148,,41.4
2890,9.00445,,148.143,,40.9429
2891,9.0075,,148.286,,40.4857
2892,9.01054,,148.429,,40.0286
2893,9.01358,,148.571,,39.5714
2894,9.01662,,148.714,,39.1143
2895,9.01967,,148.857,,38.6571
2896,9.02271,,149,,38.2
2897,9.02554,,149,,37.7
2898,9.02837,,149,,37.2
2899,9.0312,,149,,36.7
2900,9.03403,,149,,36.2
2901,9.03687,,149,,35.7
2902,9.0397,,149,,35.2
2903,9.04253,,149,,34.7
2904,9.04536,,149,,34.2
2905,9.04832,,149.143,,33.8286
2906,9.05128,,149.286,,33.4571
2907,9.05424,,149.429,,33.0857
2908,9.05721,,149.571,,32.7143
2909,9.06017,,149.714,,32.3429
2910,9.06313,,149.857,,31.9714
2911,9.06609,,150,,31.6
2912,9.06924,,150.143,,31.6857
2913,9.07239,,150.286,,31.7714
2914,9.07554,,150.429,,31.8571
2915,9.0787,,150.571,,31.9429
2916,9.08185,,150.714,,32.0286
2917,9.085,,150.857,,32.1143
2918,9.08815,,151,,32.2
2919,9.09127,,151,,32.1429
2920,9.09438,,151,,32.0857
2921,9.0975,,151,,32.0286
2922,9.10062,,151,,31.9714
2923,9.10374,,151,,31.9143
2924,9.10685,,151,,31.8571
2925,9.10997,,151,,31.8
2926,9.11285,,151.143,,31.6857
2927,9.11574,,151.286,,31.5714
2928,9.11862,,151.429,,31.4571
2929,9.12151,,151.571,,31.3429
2930,9.12439,,151.714,,31.2286
2931,9.12728,,151.857,,31.1143
2932,9.13016,,152,,31
2933,9.13311,,152,,31.0286
2934,9.13606,,152,,31.0571
2935,9.13901,,152,,31.0857
2936,9.14196,,152,,31.1143
2937,9.14491,,152,,31.1429
2938,9.14786,,152,,31.1714
2939,9.15081,,152,,31.2
2940,9.15399,,151.857,,31.3714
2941,9.15717,,151.714,,31.5429
2942,9.16035,,151.571,,31.7143
2943,9.16352,,151.429,,31.8857
2944,9.1667,,151.286,,32.0571
2945,9.16988,,151.143,,32.2286
2946,9.17306,,151,,32.4
2947,9.17643,,150,,32.6667
2948,9.17979,,149,,32.9333
2949,9.18316,,148,,33.2
2950,9.1864,,148.286,,33.0286
2951,9.18964,,148.571,,32.8571
2952,9.19288,,148.857,,32.6857
2953,9.19613,,149.143,,32.5143
2954,9.19937,,149.429,,32.3429
2955,9.20261,,149.714,,32.1714
2956,9.20585,,150,,32
2957,9.20909,,150,,32.2
2958,9.2121,,150,,32.8
2959,9.2151,,150,,33.4
2960,9.21811,,150,,34
2961,9.22111,,150,,34.6
2962,9.22434,,150,,34.7429
2963,9.22756,,150,,34.8857
2964,9.23079,,150,,35.0286
2965,9.23401,,150,,35.1714
2966,9.23724,,150,,35.3143
2967,9.24046,,150,,35.4571
2968,9.24369,,150,,35.6
2969,9.2471,,150,,35.9
2970,9.25051,,150,,36.2
2971,9.25392,,150,,36.5
2972,9.25733,,150,,36.8
2973,9.26074,,150,,37.1
2974,9.26415,,150,,37.4
2975,9.26733,,149.857,,37.8
2976,9.27051,,149.714,,38.2
2977,9.27369,,149.571,,38.6
2978,9.27688,,149.429,,39
2979,9.28006,,149.286,,39.4
2980,9.28324,,149.143,,39.8
2981,9.28642,,149,,40.2
2982,9.28971,,149.143,,40.3714
2983,9.293,,149.286,,40.5429
2984,9.29629,,149.429,,40.7143
2985,9.29957,,149.571,,40.8857
2986,9.30286,,149.714,,41.0571
2987,9.30615,,149.857,,41.2286
2988,9.30944,,150,,41.4
2989,9.31275,,150.143,,41.3143
2990,9.31605,,150.286,,41.2286
2991,9.31936,,150.429,,41.1429
2992,9.32266,,150.571,,41.0571
2993,9.32597,,150.714,,40.9714
2994,9.32927,,150.857,,40.8857
2995,9.33258,,151,,40.8
2996,9.33593,,151,,40.6333
2997,9.33928,,151,,40.4667
2998,9.34263,,151,,40.3
2999,9.34598,,151,,40.1333
3000,9.34933,,151,,39.9667
3001,9.35268,,151,,39.8
3002,9.35567,,150.667,,39.8667
3003,9.35865,,150.333,,39.9333
3004,9.36164,,150,,40
3005,9.36479,,150,,40.1714
3006,9.36793,,150,,40.3429
3007,9.37108,,150,,40.5143
3008,9.37423,,150,,40.6857
3009,9.37738,,150,,40.8571
3010,9.38052,,150,,41.0286
3011,9.38367,,150,,41.2
3012,9.3869,,150,,41.0857
3013,9.39013,,150,,40.9714
3014,9.39336,,150,,40.8571
3015,9.39658,,150,,40.7429
3016,9.39981,,150,,40.6286
3017,9.40304,,150,,40.5143
3018,9.40627,,150,,40.4
3019,9.40926,,151,,40.4
3020,9.41219,,150.75,,40.3
3021,9.41512,,150.5,,40.2
3022,9.41805,,150.25,,40.1
3023,9.42098,,150,,40
3024,9.42409,,150,,39.6571
3025,9.4272,,150,,39.3143
3026,9.43031,,150,,38.9714
3027,9.43343,,150,,38.6286
3028,9.43654,,150,,38.2857
3029,9.43965,,150,,37.9429
3030,9.44276,,150,,37.6
3031,9.44602,,150,,37.6286
3032,9.44928,,150,,37.6571
3033,9.45254,,150,,37.6857
3034,9.45581,,150,,37.7143
3035,9.45907,,150,,37.7429
3036,9.46233,,150,,37.7714
3037,9.46559,,150,,37.8
3038,9.46855,,150.143,,37.6571
3039,9.47151,,150.286,,37.5143
3040,9.47447,,150.429,,37.3714
3041,9.47744,,150.571,,37.2286
3042,9.4804,,150.714,,37.0857
3043,9.48336,,150.857,,36.9429
3044,9.48632,,151,,36.8
3045,9.48942,,151.143,,36.6286
3046,9.49252,,151.286,,36.4571
3047,9.49562,,151.429,,36.2857
3048,9.49873,,151.571,,36.1143
3049,9.50183,,151.714,,35.9429
3050,9.50493,,151.857,,35.7714
3051,9.50803,,152,,35.6
3052,9.51112,,151.714,,35.5429
3053,9.51422,,151.429,,35.4857
3054,9.51731,,151.143,,35.4286
3055,9.52041,,150.857,,35.3714
3056,9.5235,,150.571,,35.3143
3057,9.5266,,150.286,,35.2571
3058,9.52969,,150,,35.2
3059,9.53282,,150.143,,35
3060,9.53596,,150.286,,34.8
3061,9.53909,,150.429,,34.6
3062,9.54222,,150.571,,34.4
3063,9.54535,,150.714,,34.2
3064,9.54849,,150.857,,34
3065,9.55162,,151,,33.8
3066,9.55482,,151,,33.6286
3067,9.55801,,151,,33.4571
3068,9.56121,,151,,33.2857
3069,9.5644,,151,,33.1143
3070,9.5676,,151,,32.9429
3071,9.57079,,151,,32.7714
3072,9.57399,,151,,32.6
3073,9.57719,,151,,32.5714
3074,9.58038,,151,,32.5429
3075,9.58358,,151,,32.5143
3076,9.58678,,151,,32.4857
3077,9.58998,,151,,32.4571
3078,9.59317,,151,,32.4286
3079,9.59637,,151,,32.4
3080,9.59975,,150.833,,32.4
3081,9.60312,,150.667,,32.4
3082,9.6065,,150.5,,32.4
3083,9.60987,,150.333,,32.4
3084,9.61325,,150.167,,32.4
3085,9.61662,,150,,32.4
3086,9.61981,,150,,32.4286
3087,9.623,,150,,32.4571
3088,9.62619,,150,,32.4857
3089,9.62937,,150,,32.5143
3090,9.63256,,150,,32.5429
3091,9.63575,,150,,32.5714
3092,9.63894,,150,,32.6
3093,9.64196,,149.857,,32.5429
3094,9.64499,,149.714,,32.4857
3095,9.64801,,149.571,,32.4286
3096,9.65103,,149.429,,32.3714
3097,9.65405,,149.286,,32.3143
3098,9.65708,,149.143,,32.2571
3099,9.6601,,149,,32.2
3100,9.66339,,149,,32.3714
3101,9.66667,,149,,32.5429
3102,9.66996,,149,,32.7143
3103,9.67325,,149,,32.8857
3104,9.67654,,149,,33.0571
3105,9.67982,,149,,33.2286
3106,9.68311,,149,,33.4
3107,9.68637,,149.143,,33.4286
3108,9.68962,,149.286,,33.4571
3109,9.69288,,149.429,,33.4857
3110,9.69613,,149.571,,33.5143
3111,9.69939,,149.714,,33.5429
3112,9.70264,,149.857,,33.5714
3113,9.7059,,150,,33.6
3114,9.70927,,150.5,,34.2
3115,9.71263,,151,,34.8
3116,9.71596,,151,,35.24
3117,9.71928,,151,,35.68
3118,9.72261,,151,,36.12
3119,9.72593,,151,,36.56
3120,9.72926,,151,,37
3121,9.73259,,151.143,,37.0571
3122,9.73593,,151.286,,37.1143
3123,9.73926,,151.429,,37.1714
3124,9.74259,,151.571,,37.2286
3125,9.74592,,151.714,,37.2857
3126,9.74926,,151.857,,37.3429
3127,9.75259,,152,,37.4
3128,9.75618,,151.833,,37.2667
3129,9.75977,,151.667,,37.1333
3130,9.76337,,151.5,,37
3131,9.76696,,151.333,,36.8667
3132,9.77055,,151.167,,36.7333
3133,9.77414,,151,,36.6
3134,9.77748,,150.857,,36.5714
3135,9.78082,,150.714,,36.5429
3136,9.78416,,150.571,,36.5143
3137,9.78749,,150.429,,36.4857
3138,9.79083,,150.286,,36.4571
3139,9.79417,,150.143,,36.4286
3140,9.79751,,150,,36.4
3141,9.80081,,150,,36.2
3142,9.80412,,150,,36
3143,9.80742,,150,,35.8
3144,9.81073,,150,,35.6
3145,9.81403,,150,,35.4
3146,9.81734,,150,,35.2
3147,9.82064,,150,,35
3148,9.82395,,150.286,,34.9714
3149,9.82727,,150.571,,34.9429
3150,9.83058,,150.857,,34.9143
3151,9.8339,,151.143,,34.8857
3152,9.83721,,151.429,,34.8571
3153,9.84053,,151.714,,34.8286
3154,9.84384,,152,,34.8
3155,9.84731,,151.667,,34.7
3156,9.85077,,151.333,,34.6
3157,9.85424,,151,,34.5
3158,9.85771,,150.667,,34.4
3159,9.86117,,150.333,,34.3
3160,9.86464,,150,,34.2
3161,9.86779,,150,,34.1333
3162,9.87093,,150,,34.0667
3163,9.87408,,150,,34
3164,9.87799,,150,,34.12
3165,9.88191,,150,,34.24
3166,9.88582,,150,,34.36
3167,9.88974,,150,,34.48
3168,9.89365,,150,,34.6
3169,9.89718,,150.167,,34.5667
3170,9.9007,,150.333,,34.5333
3171,9.90423,,150.5,,34.5
3172,9.90776,,150.667,,34.4667
3173,9.91128,,150.833,,34.4333
3174,9.91481,,151,,34.4
3175,9.91833,,151.167,,34.2333
3176,9.92184,,151.333,,34.0667
3177,9.92536,,151.5,,33.9
3178,9.92888,,151.667,,33.7333
3179,9.93239,,151.833,,33.5667
3180,9.93591,,152,,33.4
3181,9.93906,,151.857,,33.2857
3182,9.94221,,151.714,,33.1714
3183,9.94536,,151.571,,33.0571
3184,9.94851,,151.429,,32.9429
3185,9.95166,,151.286,,32.8286
3186,9.95481,,151.143,,32.7143
3187,9.95796,,151,,32.6
3188,9.96098,,151,,32.6571
3189,9.964,,151,,32.7143
3190,9.96702,,151,,32.7714
3191,9.97005,,151,,32.8286
3192,9.97307,,151,,32.8857
3193,9.97609,,151,,32.9429
3194,9.97911,,151,,33
3195,9.98233,,151.143,,33.2571
3196,9.98555,,151.286,,33.5143
3197,9.98877,,151.429,,33.7714
3198,9.992,,151.571,,34.0286
3199,9.99522,,151.714,,34.2857
3200,9.99844,,151.857,,34.5429
3201,10.0017,,152,,34.8
3202,10.0044,,151.75,,34.9
3203,10.0071,,151.5,,35
3204,10.0099,,151.25,,35.1
3205,10.0126,,151,,35.2
3206,10.0153,,150.75,,35.3
3207,10.0181,,150.5,,35.4
3208,10.0208,,150.25,,35.5
3209,10.0235,,150,,35.6
3210,10.0263,,150,,35.5
3211,10.0291,,150,,35.4
3212,10.0319,,150,,35.3
3213,10.0347,,150,,35.2
3214,10.0375,,150,,35.1
3215,10.0402,,150,,35
3216,10.043,,150,,34.9
3217,10.0458,,150,,34.8
3218,10.0492,,150,,34.5714
3219,10.0526,,150,,34.3429
3220,10.056,,150,,34.1143
3221,10.0594,,150,,33.8857
3222,10.0628,,150,,33.6571
3223,10.0662,,150,,33.4286
3224,10.0697,,150,,33.2
3225,10.0729,,150.143,,33
3226,10.0762,,150.286,,32.8
3227,10.0795,,150.429,,32.6
3228,10.0828,,150.571,,32.4
3229,10.0861,,150.714,,32.2
3230,10.0893,,150.857,,32
3231,10.0926,,151,,31.8
3232,10.0958,,151.143,,31.4857
3233,10.0991,,151.286,,31.1714
3234,10.1023,,151.429,,30.8571
3235,10.1055,,151.571,,30.5429
3236,10.1087,,151.714,,30.2286
3237,10.1119,,151.857,,29.9143
3238,10.1152,,152,,29.6
3239,10.1187,,151.833,,29.5333
3240,10.1223,,151.667,,29.4667
3241,10.1259,,151.5,,29.4
3242,10.1295,,151.333,,29.3333
3243,10.1331,,151.167,,29.2667
3244,10.1367,,151,,29.2
3245,10.1401,,151,,28.7667
3246,10.1436,,151,,28.3333
3247,10.1471,,151,,27.9
3248,10.1506,,151,,27.4667
3249,10.1541,,151,,27.0333
3250,10.1576,,151,,26.6
3251,10.1608,,150.75,,26.45
3252,10.164,,150.5,,26.3
3253,10.1673,,150.25,,26.15
3254,10.1705,,150,,26
3255,10.1736,,149.714,,26.0571
3256,10.1767,,149.429,,26.1143
3257,10.1797,,149.143,,26.1714
3258,10.1828,,148.857,,26.2286
3259,10.1859,,148.571,,26.2857
3260,10.189,,148.286,,26.3429
3261,10.192,,148,,26.4
3262,10.195,,148.286,,26.7429
3263,10.1979,,148.571,,27.0857
3264,10.2009,,148.857,,27.4286
3265,10.2038,,149.143,,27.7714
3266,10.2067,,149.429,,28.1143
3267,10.2097,,149.714,,28.4571
3268,10.2126,,150,,28.8
3269,10.2158,,150,,29.0571
3270,10.2189,,150,,29.3143
3271,10.2221,,150,,29.5714
3272,10.2252,,150,,29.8286
3273,10.2283,,150,,30.0857
3274,10.2315,,150,,30.3429
3275,10.2346,,150,,30.6
3276,10.238,,150,,31.0667
3277,10.2413,,150,,31.5333
3278,10.2447,,150,,32
3279,10.248,,150,,32.4667
3280,10.2513,,150,,32.9333
3281,10.2547,,150,,33.4
3282,10.258,,149.857,,33.7429
3283,10.2614,,149.714,,34.0857
3284,10.2647,,149.571,,34.4286
3285,10.2681,,149.429,,34.7714
3286,10.2714,,149.286,,35.1143
3287,10.2748,,149.143,,35.4571
3288,10.2781,,149,,35.8
3289,10.2817,,149.167,,36.3333
3290,10.2854,,149.333,,36.8667
3291,10.289,,149.5,,37.4
3292,10.2926,,149.667,,37.9333
3293,10.2963,,149.833,,38.4667
3294,10.2999,,150,,39
3295,10.3032,,150.143,,39.6
3296,10.3064,,150.286,,40.2
3297,10.3097,,150.429,,40.8
3298,10.3129,,150.571,,41.4
3299,10.3162,,150.714,,42
3300,10.3194,,150.857,,42.6
3301,10.3227,,151,,43.2
3302,10.3256,,151,,42.9714
3303,10.3285,,151,,42.7429
3304,10.3314,,151,,42.5143
3305,10.3343,,151,,42.2857
3306,10.3371,,151,,42.0571
3307,10.34,,151,,41.8286
3308,10.3429,,151,,41.6
3309,10.3461,,151.143,,41.3429
3310,10.3492,,151.286,,41.0857
3311,10.3523,,151.429,,40.8286
3312,10.3555,,151.571,,40.5714
3313,10.3586,,151.714,,40.3143
3314,10.3618,,151.857,,40.0571
3315,10.3649,,152,,39.8
3316,10.3683,,151.667,,40
3317,10.3717,,151.333,,40.2
3318,10.3751,,151,,40.4
3319,10.3784,,150.667,,40.6
3320,10.3818,,150.333,,40.8
3321,10.3852,,150,,41
3322,10.3886,,150.167,,41.1667
3323,10.392,,150.333,,41.3333
3324,10.3954,,150.5,,41.5
3325,10.3988,,150.667,,41.6667
3326,10.4022,,150.833,,41.8333
3327,10.4056,,151,,42
3328,10.4091,,150.667,,41.7667
3329,10.4126,,150.333,,41.5333
3330,10.4161,,150,,41.3
3331,10.4196,,149.667,,41.0667
3332,10.4231,,149.333,,40.8333
3333,10.4266,,149,,40.6
3334,10.43,,149,,40.3667
3335,10.4335,,149,,40.1333
3336,10.4369,,149,,39.9
3337,10.4404,,149,,39.6667
3338,10.4438,,149,,39.4333
3339,10.4473,,149,,39.2
3340,10.4507,,149.167,,39.1
3341,10.4542,,149.333,,39
3342,10.4576,,149.5,,38.9
3343,10.4611,,149.667,,38.8
3344,10.4645,,149.833,,38.7
3345,10.468,,150,,38.6
3346,10.4714,,150.167,,38.4
3347,10.4749,,150.333,,38.2
3348,10.4783,,150.5,,38
3349,10.4818,,150.667,,37.8
3350,10.4852,,150.833,,37.6
3351,10.4887,,151,,37.4
3352,10.4922,,150.833,,37.2333
3353,10.4957,,150.667,,37.0667
3354,10.4992,,150.5,,36.9
3355,10.5026,,150.333,,36.7333
3356,10.5061,,150.167,,36.5667
3357,10.5096,,150,,36.4
3358,10.5131,,150.167,,36.2333
3359,10.5165,,150.333,,36.0667
3360,10.52,,150.5,,35.9
3361,10.5234,,150.667,,35.7333
3362,10.5268,,150.833,,35.5667
3363,10.5303,,151,,35.4
3364,10.5337,,151.333,,35.2333
3365,10.5371,,151.667,,35.0667
3366,10.5404,,152,,34.9
3367,10.5438,,152.333,,34.7333
3368,10.5472,,152.667,,34.5667
3369,10.5506,,153,,34.4
3370,10.554,,153.167,,34.2667
3371,10.5575,,153.333,,34.1333
3372,10.561,,153.5,,34
3373,10.5644,,153.667,,33.8667
3374,10.5679,,153.833,,33.7333
3375,10.5713,,154,,33.6
3376,10.5746,,153.714,,33.5429
3377,10.5778,,153.429,,33.4857
3378,10.5811,,153.143,,33.4286
3379,10.5843,,152.857,,33.3714
3380,10.5875,,152.571,,33.3143
3381,10.5908,,152.286,,33.2571
3382,10.594,,152,,33.2
3383,10.5974,,152,,33.0333
3384,10.6008,,152,,32.8667
3385,10.6042,,152,,32.7
3386,10.6076,,152,,32.5333
3387,10.611,,152,,32.3667
3388,10.6144,,152,,32.2
3389,10.6177,,152,,32.1714
3390,10.6209,,152,,32.1429
3391,10.6242,,152,,32.1143
3392,10.6275,,152,,32.0857
3393,10.6307,,152,,32.0571
3394,10.634,,152,,32.0286
3395,10.6373,,152,,32
3396,10.6405,,152.143,,32
3397,10.6438,,152.286,,32
3398,10.647,,152.429,,32
3399,10.6503,,152.571,,32
3400,10.6535,,152.714,,32
3401,10.6568,,152.857,,32
3402,10.66,,153,,32
3403,10.6634,,153,,31.8333
3404,10.6668,,153,,31.6667
3405,10.6702,,153,,31.5
3406,10.6736,,153,,31.3333
3407,10.677,,153,,31.1667
3408,10.6805,,153,,31
3409,10.684,,152.833,,30.7667
3410,10.6876,,152.667,,30.5333
3411,10.6912,,152.5,,30.3
3412,10.6948,,152.333,,30.0667
3413,10.6984,,152.167,,29.8333
3414,10.702,,152,,29.6
3415,10.7055,,151.667,,29.6667
3416,10.7091,,151.333,,29.7333
3417,10.7127,,151,,29.8
3418,10.7164,,151,,29.9
3419,10.7201,,151,,30
3420,10.7238,,151,,30.1
3421,10.7274,,151,,30.2
3422,10.7311,,151,,30.3
3423,10.7348,,151,,30.4
3424,10.7384,,151,,30.45
3425,10.7421,,151,,30.5
3426,10.7457,,151,,30.55
3427,10.7494,,151,,30.6
3428,10.7529,,151.167,,30.7
3429,10.7564,,151.333,,30.8
3430,10.76,,151.5,,30.9
3431,10.7635,,151.667,,31
3432,10.7671,,151.833,,31.1
3433,10.7706,,152,,31.2
3434,10.774,,151.833,,31.4
3435,10.7774,,151.667,,31.6
3436,10.7808,,151.5,,31.8
3437,10.7842,,151.333,,32
3438,10.7876,,151.167,,32.2
3439,10.791,,151,,32.4
3440,10.7943,,151,,32.4571
3441,10.7976,,151,,32.5143
3442,10.8009,,151,,32.5714
3443,10.8043,,151,,32.6286
3444,10.8076,,151,,32.6857
3445,10.8109,,151,,32.7429
3446,10.8143,,151,,32.8
3447,10.8177,,151.167,,32.6667
3448,10.8211,,151.333,,32.5333
3449,10.8244,,151.5,,32.4
3450,10.8278,,151.667,,32.2667
3451,10.8312,,151.833,,32.1333
3452,10.8346,,152,,32
3453,10.838,,152,,32.1333
3454,10.8414,,152,,32.2667
3455,10.8448,,152,,32.4
3456,10.8482,,152,,32.5333
3457,10.8516,,152,,32.6667
3458,10.8549,,152,,32.8
3459,10.8582,,152,,32.8
3460,10.8614,,152,,32.8
3461,10.8646,,152,,32.8
3462,10.8679,,152,,32.8
3463,10.8711,,152,,32.8
3464,10.8743,,152,,32.8
3465,10.8776,,152,,32.8
3466,10.8807,,152,,32.8
3467,10.8839,,152,,32.8
3468,10.8871,,152,,32.8
3469,10.8903,,152,,32.8
3470,10.8935,,152,,32.8
3471,10.8967,,152,,32.8
3472,10.8999,,152,,32.8
3473,10.9032,,152.143,,32.5714
3474,10.9064,,152.286,,32.3429
3475,10.9097,,152.429,,32.1143
3476,10.913,,152.571,,31.8857
3477,10.9163,,152.714,,31.6571
3478,10.9195,,152.857,,31.4286
3479,10.9228,,153,,31.2
3480,10.9263,,153.333,,30.9333
3481,10.9297,,153.667,,30.6667
3482,10.9332,,154,,30.4
3483,10.9366,,154.333,,30.1333
3484,10.9401,,154.667,,29.8667
3485,10.9436,,155,,29.6
3486,10.947,,155.333,,29.2
3487,10.9504,,155.667,,28.8
3488,10.9538,,156,,28.4
3489,10.9572,,156.333,,28
3490,10.9606,,156.667,,27.6
3491,10.964,,157,,27.2
3492,10.9673,,157.143,,26.8
3493,10.9706,,157.286,,26.4
3494,10.9739,,157.429,,26
3495,10.9773,,157.571,,25.6
3496,10.9806,,157.714,,25.2
3497,10.9839,,157.857,,24.8
3498,10.9873,,158,,24.4
3499,10.9903,,157.667,,24.0667
3500,10.9934,,157.333,,23.7333
3501,10.9965,,157,,23.4
3502,10.9989,,156.5,,23.3
3503,11.0013,,156,,23.2
3504,11.0045,,156,,23
3505,11.0077,,156,,22.8
3506,11.0109,,156,,22.6
3507,11.0133,,156,,22.2
3508,11.0158,,156,,21.8
3509,11.0182,,156,,21.4
3510,11.0213,,155.857,,21.0571
3511,11.0245,,155.714,,20.7143
3512,11.0276,,155.571,,20.3714
3513,11.0308,,155.429,,20.0286
3514,11.0339,,155.286,,19.6857
3515,11.0371,,155.143,,19.3429
3516,11.0402,,155,,19
3517,11.0428,,155,,18.8667
3518,11.0455,,155,,18.7333
3519,11.0481,,155,,18.6
3520,11.0507,,155,,18.4667
3521,11.0533,,155,,18.3333
3522,11.0559,,155,,18.2
3523,11.0591,,155.143,,17.8857
3524,11.0622,,155.286,,17.5714
3525,11.0654,,155.429,,17.2571
3526,11.0685,,155.571,,16.9429
3527,11.0717,,155.714,,16.6286
3528,11.0748,,155.857,,16.3143
3529,11.078,,156,,16
3530,11.0821,,156.333,,16.5333
3531,11.0862,,156.667,,17.0667
3532,11.0902,,157,,17.6
3533,11.094,,157.167,,17.8667
3534,11.0979,,157.333,,18.1333
3535,11.1017,,157.5,,18.4
3536,11.1055,,157.667,,18.6667
3537,11.1093,,157.833,,18.9333
3538,11.1132,,158,,19.2
3539,11.1168,,157.8,,19.08
3540,11.1205,,157.6,,18.96
3541,11.1241,,157.4,,18.84
3542,11.1278,,157.2,,18.72
3543,11.1314,,157,,18.6
3544,11.135,,156.5,,18.6
3545,11.1386,,156,,18.6
3546,11.1422,,155.5,,18.6
3547,11.1458,,155,,18.6
3548,11.149,,154.714,,18.5429
3549,11.1522,,154.429,,18.4857
3550,11.1554,,154.143,,18.4286
3551,11.1586,,153.857,,18.3714
3552,11.1618,,153.571,,18.3143
3553,11.165,,153.286,,18.2571
3554,11.1682,,153,,18.2
3555,11.1711,,153,,18.7429
3556,11.174,,153,,19.2857
3557,11.1769,,153,,19.8286
3558,11.1798,,153,,20.3714
3559,11.1827,,153,,20.9143
3560,11.1856,,153,,21.4571
3561,11.1886,,153,,22
3562,11.1928,,153.4,,22.2
3563,11.1971,,153.8,,22.4
3564,11.2013,,154.2,,22.6
3565,11.2056,,154.6,,22.8
3566,11.2098,,155,,23
3567,11.2148,,155.6,,23.56
3568,11.2197,,156.2,,24.12
3569,11.2246,,156.8,,24.68
3570,11.2295,,157.4,,25.24
3571,11.2344,,158,,25.8
3572,11.2388,,159,,26.2
3573,11.2434,,159.75,,26.55
3574,11.248,,160.5,,26.9
3575,11.2526,,161.25,,27.25
3576,11.2571,,162,,27.6
3577,11.2614,,163,,27.8667
3578,11.2656,,164,,28.1333
3579,11.2698,,165,,28.4
3580,11.2742,,165.6,,29.04
3581,11.2787,,166.2,,29.68
3582,11.2831,,166.8,,30.32
3583,11.2876,,167.4,,30.96
3584,11.292,,168,,31.6
3585,11.296,,168.5,,31.95
3586,11.3,,169,,32.3
3587,11.304,,169.5,,32.65
3588,11.308,,170,,33
3589,11.312,,170,,33.6
3590,11.3161,,170,,34.2
3591,11.3201,,170,,34.8
3592,11.3242,,170,,35.4
3593,11.3283,,170,,36
3594,11.3328,,170.25,,36.4
3595,11.3373,,170.5,,36.8
3596,11.3419,,170.75,,37.2
3597,11.3464,,171,,37.6
3598,11.3508,,171,,38.04
3599,11.3551,,171,,38.48
3600,11.3594,,171,,38.92
3601,11.3637,,171,,39.36
3602,11.368,,171,,39.8
3603,11.3732,,171,,40
3604,11.3783,,171,,40.2
3605,11.3834,,171,,40.4
3606,11.3885,,171,,40.6
3607,11.3939,,171,,40.5
3608,11.3993,,171,,40.4
3609,11.4047,,171,,40.3
3610,11.4101,,171,,40.2
3611,11.4148,,171.2,,40.32
3612,11.4195,,171.4,,40.44
3613,11.4242,,171.6,,40.56
3614,11.429,,171.8,,40.68
3615,11.4337,,172,,40.8
3616,11.4383,,171.8,,41.2
3617,11.4428,,171.6,,41.6
3618,11.4474,,171.4,,42
3619,11.452,,171.2,,42.4
3620,11.4566,,171,,42.8
3621,11.4612,,171,,43.2
3622,11.4657,,171,,43.2667
3623,11.4702,,171,,43.3333
3624,11.4747,,171,,43.4
3625,11.4794,,170.75,,43.55
3626,11.4841,,170.5,,43.7
3627,11.4888,,170.25,,43.85
3628,11.4935,,170,,44
3629,11.4981,,170.2,,44.24
3630,11.5028,,170.4,,44.48
3631,11.5074,,170.6,,44.72
3632,11.512,,170.8,,44.96
3633,11.5167,,171,,45.2
3634,11.5217,,171,,45.3
3635,11.5268,,171,,45.4
3636,11.5314,,171.25,,45.35
3637,11.536,,171.5,,45.3
3638,11.5406,,171.75,,45.25
3639,11.5452,,172,,45.2
3640,11.5502,,172,,44.8
3641,11.555,,172,,44.75
3642,11.5598,,172,,44.7
3643,11.5645,,172,,44.65
3644,11.5693,,172,,44.6
3645,11.5741,,172,,44.28
3646,11.5789,,172,,43.96
3647,11.5836,,172,,43.64
3648,11.5884,,172,,43.32
3649,11.5932,,172,,43
3650,11.5986,,172,,42.7
3651,11.604,,172,,42.4
3652,11.6092,,172,,41.9
3653,11.6144,,172,,41.4
3654,11.6186,,172.25,,41.35
3655,11.6229,,172.5,,41.3
3656,11.6271,,172.75,,41.25
3657,11.6314,,173,,41.2
3658,11.6349,,172.667,,41.0667
3659,11.6384,,172.333,,40.9333
3660,11.6419,,172,,40.8
3661,11.6454,,172.167,,40.2333
3662,11.6488,,172.333,,39.6667
3663,11.6522,,172.5,,39.1
3664,11.6556,,172.667,,38.5333
3665,11.659,,172.833,,37.9667
3666,11.6625,,173,,37.4
3667,11.667,,172.8,,36.76
3668,11.6715,,172.6,,36.12
3669,11.676,,172.4,,35.48
3670,11.6805,,172.2,,34.84
3671,11.685,,172,,34.2
3672,11.6894,,172.333,,33.8667
3673,11.6939,,172.667,,33.5333
3674,11.6983,,173,,33.2
3675,11.7026,,173,,32.72
3676,11.707,,173,,32.24
3677,11.7113,,173,,31.76
3678,11.7157,,173,,31.28
3679,11.72,,173,,30.8
3680,11.7247,,173,,30.24
3681,11.7293,,173,,29.68
3682,11.734,,173,,29.12
3683,11.7387,,173,,28.56
3684,11.7433,,173,,28
3685,11.7478,,173.2,,27.32
3686,11.7522,,173.4,,26.64
3687,11.7566,,173.6,,25.96
3688,11.7611,,173.8,,25.28
3689,11.7655,,174,,24.6
3690,11.7698,,174,,23.92
3691,11.7741,,174,,23.24
3692,11.7784,,174,,22.56
3693,11.7827,,174,,21.88
3694,11.7869,,174,,21.2
3695,11.7904,,174,,21
3696,11.794,,174,,20.8
3697,11.7978,,174,,20.7667
3698,11.8017,,174,,20.7333
3699,11.8055,,174,,20.7
3700,11.8094,,174,,20.6667
3701,11.8132,,174,,20.6333
3702,11.8171,,174,,20.6
3703,11.8204,,176,,20.6
3704,11.8244,,175.5,,20.3
3705,11.8283,,175,,20
3706,11.8322,,174.5,,19.7
3707,11.8362,,174,,19.4
3708,11.8401,,173.5,,19.1
3709,11.844,,173,,18.8
3710,11.8487,,172.667,,18.4667
3711,11.8533,,172.333,,18.1333
3712,11.8579,,172,,17.8
3713,11.8628,,172,,17.6
3714,11.8677,,172,,17.4
3715,11.8726,,172,,17.2
3716,11.8775,,172,,17
3717,11.8824,,172,,16.8
3718,11.8867,,172.4,,17.16
3719,11.8911,,172.8,,17.52
3720,11.8955,,173.2,,17.88
3721,11.8999,,173.6,,18.24
3722,11.9042,,174,,18.6
3723,11.9084,,174,,18.4667
3724,11.9125,,174,,18.3333
3725,11.9166,,174,,18.2
3726,11.9207,,174,,18.0667
3727,11.9248,,174,,17.9333
3728,11.929,,174,,17.8
3729,11.9333,,174,,17.3333
3730,11.9377,,174,,16.8667
3731,11.942,,174,,16.4
3732,11.9464,,173.5,,16.3
3733,11.9507,,173,,16.2
3734,11.9552,,173,,16.08
3735,11.9597,,173,,15.96
3736,11.9641,,173,,15.84
3737,11.9686,,173,,15.72
3738,11.9731,,173,,15.6
3739,11.9775,,173,,15.8
3740,11.9819,,172,,15.8
3741,11.9863,,171,,15.8
3742,11.9904,,171.25,,15.75
3743,11.9945,,171.5,,15.7
3744,11.9986,,171.75,,15.65
3745,12.0027,,172,,15.6
3746,12.0068,,172,,15.52
3747,12.0109,,172,,15.44
3748,12.015,,172,,15.36
3749,12.0191,,172,,15.28
3750,12.0232,,172,,15.2
3751,12.0272,,172,,14.9667
3752,12.0311,,172,,14.7333
3753,12.0351,,172,,14.5
3754,12.0391,,172,,14.2667
3755,12.0431,,172,,14.0333
3756,12.047,,172,,13.8
3757,12.0513,,172,,14.0667
3758,12.0555,,172,,14.3333
3759,12.0597,,172,,14.6
3760,12.0635,,173,,14.35
3761,12.0674,,174,,14.1
3762,12.0712,,175,,13.85
3763,12.0751,,176,,13.6
3764,12.0785,,176,,13.5667
3765,12.0819,,176,,13.5333
3766,12.0853,,176,,13.5
3767,12.0886,,176,,13.4667
3768,12.092,,176,,13.4333
3769,12.0954,,176,,13.4
3770,12.0994,,175,,13.1333
3771,12.1033,,174,,12.8667
3772,12.1073,,173,,12.6
3773,12.1119,,173,,12.4
3774,12.1164,,173,,12.2
3775,12.1209,,173,,12
3776,12.1255,,173,,11.8
3777,12.13,,173,,11.6
3778,12.135,,173.2,,11.24
3779,12.1399,,173.4,,10.88
3780,12.1449,,173.6,,10.52
3781,12.1498,,173.8,,10.16
3782,12.1547,,174,,9.8
3783,12.1592,,174.2,,10.24
3784,12.1637,,174.4,,10.68
3785,12.1682,,174.6,,11.12
3786,12.1726,,174.8,,11.56
3787,12.1771,,175,,12
3788,12.1806,,175.167,,12.9
3789,12.1841,,175.333,,13.8
3790,12.1876,,175.5,,14.7
3791,12.1912,,175.667,,15.6
3792,12.1947,,175.833,,16.5
3793,12.1982,,176,,17.4
3794,12.2021,,176,,17.8
3795,12.2055,,175.714,,17.8286
3796,12.2088,,175.429,,17.8571
3797,12.2122,,175.143,,17.8857
3798,12.2156,,174.857,,17.9143
3799,12.2189,,174.571,,17.9429
3800,12.2223,,174.286,,17.9714
3801,12.2257,,174,,18
3802,12.2287,,174,,18
3803,12.2317,,174,,18
3804,12.2347,,174,,18
3805,12.2377,,174,,18
3806,12.2405,,173.25,,18.1
3807,12.2433,,172.5,,18.2
3808,12.2461,,171.75,,18.3
3809,12.249,,171,,18.4
3810,12.2518,,170.571,,18.5429
3811,12.2547,,170.143,,18.6857
3812,12.2576,,169.714,,18.8286
3813,12.2605,,169.286,,18.9714
3814,12.2634,,168.857,,19.1143
3815,12.2663,,168.429,,19.2571
3816,12.2692,,168,,19.4
3817,12.272,,167.875,,19.625
3818,12.2748,,167.75,,19.85
3819,12.2776,,167.625,,20.075
3820,12.2804,,167.5,,20.3
3821,12.2832,,167.375,,20.525
3822,12.286,,167.25,,20.75
3823,12.2888,,167.125,,20.975
3824,12.2916,,167,,21.2
3825,12.2942,,166.875,,21.5
3826,12.2968,,166.75,,21.8
3827,12.2994,,166.625,,22.1
3828,12.302,,166.5,,22.4
3829,12.3045,,166.375,,22.7
3830,12.3071,,166.25,,23
3831,12.3097,,166.125,,23.3
3832,12.3123,,166,,23.6
3833,12.3147,,164.75,,23.9
3834,12.3171,,163.5,,24.2
3835,12.3195,,162.25,,24.5
3836,12.3219,,161,,24.8
3837,12.3247,,160.625,,25.075
3838,12.3274,,160.25,,25.35
3839,12.3301,,159.875,,25.625
3840,12.3329,,159.5,,25.9
3841,12.3356,,159.125,,26.175
3842,12.3384,,158.75,,26.45
3843,12.3411,,158.375,,26.725
3844,12.3439,,158,,27
3845,12.3466,,157.667,,27.4
3846,12.3494,,157.333,,27.8
3847,12.3522,,157,,28.2
3848,12.355,,156.667,,28.6
3849,12.3577,,156.333,,29
3850,12.3605,,156,,29.4
3851,12.3639,,156.5,,29.5333
3852,12.3673,,157,,29.6667
3853,12.3707,,157.5,,29.8
3854,12.3741,,158,,29.9333
3855,12.3774,,158.5,,30.0667
3856,12.3808,,159,,30.2
3857,12.3844,,158.833,,30.1667
3858,12.388,,158.667,,30.1333
3859,12.3915,,158.5,,30.1
3860,12.3951,,158.333,,30.0667
3861,12.3987,,158.167,,30.0333
3862,12.4023,,158,,30
3863,12.4055,,157.8,,29.92
3864,12.4087,,157.6,,29.84
3865,12.4119,,157.4,,29.76
3866,12.4151,,157.2,,29.68
3867,12.4184,,157,,29.6
3868,12.4213,,157.5,,29.45
3869,12.4243,,158,,29.3
3870,12.4272,,158.5,,29.15
3871,12.4302,,159,,29
3872,12.4332,,158.857,,28.7714
3873,12.4362,,158.714,,28.5429
3874,12.4392,,158.571,,28.3143
3875,12.4422,,158.429,,28.0857
3876,12.4452,,158.286,,27.8571
3877,12.4482,,158.143,,27.6286
3878,12.4512,,158,,27.4
3879,12.4544,,157.857,,27.4857
3880,12.4576,,157.714,,27.5714
3881,12.4607,,157.571,,27.6571
3882,12.4639,,157.429,,27.7429
3883,12.467,,157.286,,27.8286
3884,12.4702,,157.143,,27.9143
3885,12.4734,,157,,28
3886,12.4772,,156.667,,27.7
3887,12.4811,,156.333,,27.4
3888,12.4849,,156,,27.1
3889,12.4888,,155.667,,26.8
3890,12.4926,,155.333,,26.5
3891,12.4965,,155,,26.2
3892,12.5002,,154.833,,26
3893,12.5039,,154.667,,25.8
3894,12.5076,,154.5,,25.6
3895,12.5113,,154.333,,25.4
3896,12.515,,154.167,,25.2
3897,12.5188,,154,,25
3898,12.5221,,153.857,,24.5143
3899,12.5254,,153.714,,24.0286
3900,12.5287,,153.571,,23.5429
3901,12.532,,153.429,,23.0571
3902,12.5353,,153.286,,22.5714
3903,12.5386,,153.143,,22.0857
3904,12.5419,,153,,21.6
3905,12.545,,152.857,,21.2286
3906,12.5482,,152.714,,20.8571
3907,12.5513,,152.571,,20.4857
3908,12.5545,,152.429,,20.1143
3909,12.5577,,152.286,,19.7429
3910,12.5608,,152.143,,19.3714
3911,12.564,,152,,19
3912,12.5671,,152,,18.6571
3913,12.5703,,152,,18.3143
3914,12.5735,,152,,17.9714
3915,12.5766,,152,,17.6286
3916,12.5798,,152,,17.2857
3917,12.5829,,152,,16.9429
3918,12.5861,,152,,16.6
3919,12.5892,,152.143,,16.1429
3920,12.5923,,152.286,,15.6857
3921,12.5954,,152.429,,15.2286
3922,12.5986,,152.571,,14.7714
3923,12.6017,,152.714,,14.3143
3924,12.6048,,152.857,,13.8571
3925,12.6079,,153,,13.4
3926,12.6109,,153.286,,12.8286
3927,12.6139,,153.571,,12.2571
3928,12.617,,153.857,,11.6857
3929,12.62,,154.143,,11.1143
3930,12.623,,154.429,,10.5429
3931,12.6261,,154.714,,9.97143
3932,12.6291,,155,,9.4
3933,12.6324,,154.667,,9.1
3934,12.6358,,154.333,,8.8
3935,12.6391,,154,,8.5
3936,12.6424,,153.667,,8.2
3937,12.6458,,153.333,,7.9
3938,12.6491,,153,,7.6
3939,12.6524,,153.143,,7.57143
3940,12.6556,,153.286,,7.54286
3941,12.6588,,153.429,,7.51429
3942,12.662,,153.571,,7.48571
3943,12.6652,,153.714,,7.45714
3944,12.6684,,153.857,,7.42857
3945,12.6717,,154,,7.4
3946,12.6746,,154,,7.45714
3947,12.6776,,154,,7.51429
3948,12.6806,,154,,7.57143
3949,12.6836,,154,,7.62857
3950,12.6865,,154,,7.68571
3951,12.6895,,154,,7.74286
3952,12.6925,,154,,7.8
3953,12.6951,,153.8,,8
3954,12.6978,,153.6,,8.2
3955,12.7004,,153.4,,8.4
3956,12.703,,153.2,,8.6
3957,12.7057,,153,,8.8
3958,12.7089,,153.143,,8.68571
3959,12.7122,,153.286,,8.57143
3960,12.7154,,153.429,,8.45714
3961,12.7186,,153.571,,8.34286
3962,12.7219,,153.714,,8.22857
3963,12.7251,,153.857,,8.11429
3964,12.7283,,154,,8
3965,12.7323,,154,,8
3966,12.7362,,154,,8
3967,12.7402,,154,,8
3968,12.7441,,154,,8
3969,12.748,,154,,8
3970,12.752,,154,,8
3971,12.7554,,154.333,,8.03333
3972,12.7588,,154.667,,8.06667
3973,12.7622,,155,,8.1
3974,12.7656,,155.333,,8.13333
3975,12.769,,155.667,,8.16667
3976,12.7724,,156,,8.2
3977,12.7754,,155.857,,7.82857
3978,12.7784,,155.714,,7.45714
3979,12.7815,,155.571,,7.08571
3980,12.7845,,155.429,,6.71429
3981,12.7875,,155.286,,6.34286
3982,12.7906,,155.143,,5.97143
3983,12.7936,,155,,5.6
3984,12.7969,,155,,5.11429
3985,12.8002,,155,,4.62857
3986,12.8035,,155,,4.14286
3987,12.8068,,155,,3.65714
3988,12.8101,,155,,3.17143
3989,12.8134,,155,,2.68571
3990,12.8166,,155,,2.2
3991,12.8194,,154.875,,2.025
3992,12.8221,,154.75,,1.85
3993,12.8249,,154.625,,1.675
3994,12.8276,,154.5,,1.5
3995,12.8304,,154.375,,1.325
3996,12.8331,,154.25,,1.15
3997,12.8359,,154.125,,0.975
3998,12.8386,,154,,0.8
3999,12.8419,,153.857,,0.828571
4000,12.8452,,153.714,,0.857143
4001,12.8485,,153.571,,0.885714
4002,12.8518,,153.429,,0.914286
4003,12.8551,,153.286,,0.942857
4004,12.8584,,153.143,,0.971429
4005,12.8617,,153,,1
4006,12.8646,,153,,1.42857
4007,12.8675,,153,,1.85714
4008,12.8704,,153,,2.28571
4009,12.8733,,153,,2.71429
4010,12.8762,,153,,3.14286
4011,12.879,,153,,3.57143
4012,12.8819,,153,,4
4013,12.8819,,152.75,,4.375
4014,12.8819,,152.5,,4.75
4015,12.8819,,152.25,,5.125
4016,12.8819,,152,,5.5
4017,12.8819,,151.75,,5.875
4018,12.8819,,151.5,,6.25
4019,12.8819,,151.25,,6.625
4020,12.8819,,151,,7
4021,12.8851,,151,,7.42857
4022,12.8882,,151,,7.85714
4023,12.8913,,151,,8.28571
4024,12.8945,,151,,8.71429
4025,12.8976,,151,,9.14286
4026,12.9008,,151,,9.57143
4027,12.9039,,151,,10
4028,12.9071,,151.286,,10.3714
4029,12.9104,,151.571,,10.7429
4030,12.9136,,151.857,,11.1143
4031,12.9168,,152.143,,11.4857
4032,12.9201,,152.429,,11.8571
4033,12.9233,,152.714,,12.2286
4034,12.9265,,153,,12.6
4035,12.9301,,152.833,,12.8667
4036,12.9336,,152.667,,13.1333
4037,12.9371,,152.5,,13.4
4038,12.9407,,152.333,,13.6667
4039,12.9442,,152.167,,13.9333
4040,12.9478,,152,,14.2
4041,12.9515,,152.333,,14.3333
4042,12.9552,,152.667,,14.4667
4043,12.9589,,153,,14.6
4044,12.9626,,153.333,,14.7333
4045,12.9663,,153.667,,14.8667
4046,12.97,,154,,15
4047,12.9735,,153.667,,14.9333
4048,12.9769,,153.333,,14.8667
4049,12.9804,,153,,14.8
4050,12.9839,,152.667,,14.7333
4051,12.9873,,152.333,,14.6667
4052,12.9908,,152,,14.6
4053,12.9944,,151.667,,14.6
4054,12.998,,151.333,,14.6
4055,13.0016,,151,,14.6
4056,13.005,,150.833,,14.5333
4057,13.0085,,150.667,,14.4667
4058,13.0119,,150.5,,14.4
4059,13.0153,,150.333,,14.3333
4060,13.0187,,150.167,,14.2667
4061,13.0221,,150,,14.2
4062,13.0254,,150,,14.4
4063,13.0286,,150,,14.6
4064,13.0319,,150,,14.8
4065,13.0351,,150,,15
4066,13.0383,,150,,15.2
4067,13.0416,,150,,15.4
4068,13.0448,,150,,15.6
4069,13.0479,,150.143,,15.6571
4070,13.0509,,150.286,,15.7143
4071,13.0539,,150.429,,15.7714
4072,13.057,,150.571,,15.8286
4073,13.06,,150.714,,15.8857
4074,13.0631,,150.857,,15.9429
4075,13.0661,,151,,16
4076,13.0693,,151.143,,16.1714
4077,13.0724,,151.286,,16.3429
4078,13.0755,,151.429,,16.5143
4079,13.0786,,151.571,,16.6857
4080,13.0818,,151.714,,16.8571
4081,13.0849,,151.857,,17.0286
4082,13.088,,152,,17.2
4083,13.0912,,153,,17.6
4084,13.0948,,153.167,,17.7333
4085,13.0984,,153.333,,17.8667
4086,13.102,,153.5,,18
4087,13.1056,,153.667,,18.1333
4088,13.1092,,153.833,,18.2667
4089,13.1128,,154,,18.4
4090,13.1162,,154,,18.5
4091,13.1196,,154,,18.6
4092,13.123,,154,,18.7
4093,13.1265,,154,,18.8
4094,13.1299,,154,,18.9
4095,13.1333,,154,,19
4096,13.1369,,154.333,,18.8
4097,13.1404,,154.667,,18.6
4098,13.144,,155,,18.4
4099,13.1476,,155.333,,18.2
4100,13.1512,,155.667,,18
4101,13.1547,,156,,17.8
4102,13.1581,,155.667,,17.6
4103,13.1614,,155.333,,17.4
4104,13.1648,,155,,17.2
4105,13.1681,,154.667,,17
4106,13.1715,,154.333,,16.8
4107,13.1748,,154,,16.6
4108,13.178,,154.143,,16.1143
4109,13.1813,,154.286,,15.6286
4110,13.1845,,154.429,,15.1429
4111,13.1878,,154.571,,14.6571
4112,13.191,,154.714,,14.1714
4113,13.1942,,154.857,,13.6857
4114,13.1975,,155,,13.2
4115,13.2004,,155,,12.9143
4116,13.2034,,155,,12.6286
4117,13.2064,,155,,12.3429
4118,13.2093,,155,,12.0571
4119,13.2123,,155,,11.7714
4120,13.2152,,155,,11.4857
4121,13.2182,,155,,11.2
4122,13.2214,,154.857,,10.5714
4123,13.2246,,154.714,,9.94286
4124,13.2277,,154.571,,9.31429
4125,13.2309,,154.429,,8.68571
4126,13.2341,,154.286,,8.05714
4127,13.2372,,154.143,,7.42857
4128,13.2404,,154,,6.8
4129,13.2438,,154,,6.46667
4130,13.2472,,154,,6.13333
4131,13.2505,,154,,5.8
4132,13.2539,,154,,5.46667
4133,13.2573,,154,,5.13333
4134,13.2607,,154,,4.8
4135,13.2638,,154.143,,4.77143
4136,13.2669,,154.286,,4.74286
4137,13.2701,,154.429,,4.71429
4138,13.2732,,154.571,,4.68571
4139,13.2763,,154.714,,4.65714
4140,13.2795,,154.857,,4.62857
4141,13.2826,,155,,4.6
4142,13.2859,,154.857,,4.65714
4143,13.2892,,154.714,,4.71429
4144,13.2925,,154.571,,4.77143
4145,13.2958,,154.429,,4.82857
4146,13.2991,,154.286,,4.88571
4147,13.3023,,154.143,,4.94286
4148,13.3056,,154,,5
4149,13.3093,,154.167,,5.26667
4150,13.3129,,154.333,,5.53333
4151,13.3165,,154.5,,5.8
4152,13.3201,,154.667,,6.06667
4153,13.3238,,154.833,,6.33333
4154,13.3274,,155,,6.6
4155,13.3308,,155.167,,6.83333
4156,13.3342,,155.333,,7.06667
4157,13.3376,,155.5,,7.3
4158,13.341,,155.667,,7.53333
4159,13.3444,,155.833,,7.76667
4160,13.3478,,156,,8
4161,13.3509,,155.857,,8.34286
4162,13.3539,,155.714,,8.68571
4163,13.357,,155.571,,9.02857
4164,13.3601,,155.429,,9.37143
4165,13.3631,,155.286,,9.71429
4166,13.3662,,155.143,,10.0571
4167,13.3693,,155,,10.4
4168,13.3722,,155.143,,10.7714
4169,13.3752,,155.286,,11.1429
4170,13.3782,,155.429,,11.5143
4171,13.3811,,155.571,,11.8857
4172,13.3841,,155.714,,12.2571
4173,13.387,,155.857,,12.6286
4174,13.39,,156,,13
4175,13.3932,,156.286,,13.2
4176,13.3964,,156.571,,13.4
4177,13.3996,,156.857,,13.6
4178,13.4028,,157.143,,13.8
4179,13.406,,157.429,,14
4180,13.4092,,157.714,,14.2
4181,13.4124,,158,,14.4
4182,13.416,,157.833,,14.5333
4183,13.4196,,157.667,,14.6667
4184,13.4231,,157.5,,14.8
4185,13.4267,,157.333,,14.9333
4186,13.4303,,157.167,,15.0667
4187,13.4338,,157,,15.2
4188,13.4372,,157.143,,15.3143
4189,13.4405,,157.286,,15.4286
4190,13.4438,,157.429,,15.5429
4191,13.4471,,157.571,,15.6571
4192,13.4505,,157.714,,15.7714
4193,13.4538,,157.857,,15.8857
4194,13.4571,,158,,16
4195,13.4605,,158,,15.9667
4196,13.4639,,158,,15.9333
4197,13.4672,,158,,15.9
4198,13.4706,,158,,15.8667
4199,13.474,,158,,15.8333
4200,13.4774,,158,,15.8
4201,13.481,,158,,15.6333
4202,13.4846,,158,,15.4667
4203,13.4882,,158,,15.3
4204,13.4919,,158,,15.1333
4205,13.4955,,158,,14.9667
4206,13.4991,,158,,14.8
4207,13.5025,,158,,14.7667
4208,13.506,,158,,14.7333
4209,13.5094,,158,,14.7
4210,13.5128,,158,,14.6667
4211,13.5162,,158,,14.6333
4212,13.5197,,158,,14.6
4213,13.5227,,158,,14.8
4214,13.5247,,157.75,,14.65
4215,13.5268,,157.5,,14.5
4216,13.5289,,157.25,,14.35
4217,13.531,,157,,14.2
4218,13.5334,,157.5,,14.4
4219,13.5358,,158,,14.6
4220,13.5394,,158.167,,14.8333
4221,13.543,,158.333,,15.0667
4222,13.5465,,158.5,,15.3
4223,13.5501,,158.667,,15.5333
4224,13.5537,,158.833,,15.7667
4225,13.5572,,159,,16
4226,13.5609,,160,,16.8
4227,13.5649,,160,,16.8
4228,13.5689,,160,,16.8
4229,13.5729,,160,,16.8
4230,13.5769,,160,,16.8
4231,13.581,,160,,16.8
4232,13.5848,,159,,16.5
4233,13.5886,,158,,16.2
4234,13.5918,,158,,16.4
4235,13.5952,,158.5,,16.6
4236,13.5985,,159,,16.8
4237,13.6018,,159.5,,17
4238,13.6052,,160,,17.2
4239,13.6086,,159.8,,17.56
4240,13.612,,159.6,,17.92
4241,13.6155,,159.4,,18.28
4242,13.6189,,159.2,,18.64
4243,13.6223,,159,,19
4244,13.6255,,159,,19.45
4245,13.6286,,159,,19.9
4246,13.6318,,159,,20.35
4247,13.635,,159,,20.8
4248,13.6382,,159.143,,21.2857
4249,13.6415,,159.286,,21.7714
4250,13.6448,,159.429,,22.2571
4251,13.6481,,159.571,,22.7429
4252,13.6513,,159.714,,23.2286
4253,13.6546,,159.857,,23.7143
4254,13.6579,,160,,24.2
4255,13.661,,159.714,,24.3143
4256,13.6641,,159.429,,24.4286
4257,13.6673,,159.143,,24.5429
4258,13.6704,,158.857,,24.6571
4259,13.6735,,158.571,,24.7714
4260,13.6767,,158.286,,24.8857
4261,13.6798,,158,,25
4262,13.6827,,158,,25
4263,13.6857,,158,,25
4264,13.6886,,158,,25
4265,13.6915,,158,,25
4266,13.6945,,158,,25
4267,13.6974,,158,,25
4268,13.7004,,158,,25
4269,13.7036,,158,,25.1429
4270,13.7069,,158,,25.2857
4271,13.7102,,158,,25.4286
4272,13.7135,,158,,25.5714
4273,13.7167,,158,,25.7143
4274,13.72,,158,,25.8571
4275,13.7233,,158,,26
4276,13.7265,,158,,26.0571
4277,13.7297,,158,,26.1143
4278,13.7329,,158,,26.1714
4279,13.7361,,158,,26.2286
4280,13.7393,,158,,26.2857
4281,13.7425,,158,,26.3429
4282,13.7457,,158,,26.4
4283,13.7491,,158.25,,26.45
4284,13.7525,,158.5,,26.5
4285,13.756,,158.75,,26.55
4286,13.7594,,159,,26.6
4287,13.7627,,158.833,,26.6667
4288,13.7661,,158.667,,26.7333
4289,13.7695,,158.5,,26.8
4290,13.7728,,158.333,,26.8667
4291,13.7762,,158.167,,26.9333
4292,13.7795,,158,,27
4293,13.7829,,158.167,,27.1667
4294,13.7863,,158.333,,27.3333
4295,13.7897,,158.5,,27.5
4296,13.7931,,158.667,,27.6667
4297,13.7965,,158.833,,27.8333
4298,13.7999,,159,,28
4299,13.8035,,158.833,,28.2
4300,13.8072,,158.667,,28.4
4301,13.8108,,158.5,,28.6
4302,13.8144,,158.333,,28.8
4303,13.818,,158.167,,29
4304,13.8216,,158,,29.2
4305,13.8249,,158,,29.2571
4306,13.8282,,158,,29.3143
4307,13.8316,,158,,29.3714
4308,13.8349,,158,,29.4286
4309,13.8382,,158,,29.4857
4310,13.8415,,158,,29.5429
4311,13.8449,,158,,29.6
4312,13.8481,,158,,29.1429
4313,13.8514,,158,,28.6857
4314,13.8547,,158,,28.2286
4315,13.858,,158,,27.7714
4316,13.8613,,158,,27.3143
4317,13.8646,,158,,26.8571
4318,13.8679,,158,,26.4
4319,13.8719,,158,,26.48
4320,13.8759,,158,,26.56
4321,13.8799,,158,,26.64
4322,13.884,,158,,26.72
4323,13.888,,158,,26.8
4324,13.891,,157.857,,26.8857
4325,13.8941,,157.714,,26.9714
4326,13.8971,,157.571,,27.0571
4327,13.9002,,157.429,,27.1429
4328,13.9032,,157.286,,27.2286
4329,13.9063,,157.143,,27.3143
4330,13.9093,,157,,27.4
4331,13.9127,,157,,27.1333
4332,13.9161,,157,,26.8667
4333,13.9195,,157,,26.6
4334,13.9229,,157,,26.3333
4335,13.9263,,157,,26.0667
4336,13.9297,,157,,25.8
4337,13.9326,,157,,25.6
4338,13.9352,,157,,25.8333
4339,13.9378,,157,,26.0667
4340,13.9404,,157,,26.3
4341,13.943,,157,,26.5333
4342,13.9456,,157,,26.7667
4343,13.9482,,157,,27
4344,13.951,,157.125,,27.975
4345,13.9537,,157.25,,28.95
4346,13.9565,,157.375,,29.925
4347,13.9593,,157.5,,30.9
4348,13.962,,157.625,,31.875
4349,13.9648,,157.75,,32.85
4350,13.9676,,157.875,,33.825
4351,13.9703,,158,,34.8
4352,13.9733,,158,,36.9143
4353,13.9763,,158,,39.0286
4354,13.9793,,158,,41.1429
4355,13.9823,,158,,43.2571
4356,13.9852,,158,,45.3714
4357,13.9882,,158,,47.4857
4358,13.9912,,158,,49.6
4359,13.9945,,158,,51.05
4360,13.9979,,158,,52.5
4361,14.0012,,158,,53.95
4362,14.0046,,158,,55.4
4363,14.0073,,157.875,,57.05
4364,14.01,,157.75,,58.7
4365,14.0127,,157.625,,60.35
4366,14.0154,,157.5,,62
4367,14.0181,,157.375,,63.65
4368,14.0208,,157.25,,65.3
4369,14.0235,,157.125,,66.95
4370,14.0263,,157,,68.6
4371,14.029,,157.6,,69.4
4372,14.0318,,158.2,,70.2
4373,14.0346,,158.8,,71
4374,14.0373,,159.4,,71.8
4375,14.0401,,160,,72.6
4376,14.0427,,160,,73.475
4377,14.0453,,160,,74.35
4378,14.0479,,160,,75.225
4379,14.0505,,160,,76.1
4380,14.0531,,160,,76.975
4381,14.0558,,160,,77.85
4382,14.0584,,160,,78.725
4383,14.061,,160,,79.6
4384,14.0638,,160,,80.625
4385,14.0667,,160,,81.65
4386,14.0695,,160,,82.675
4387,14.0724,,160,,83.7
4388,14.0752,,160,,84.725
4389,14.0781,,160,,85.75
4390,14.0809,,160,,86.775
4391,14.0838,,160,,87.8
4392,14.0877,,160,,88.6
