secs,km,power,hr,cad,alt
0,0,,66,,139.6
1,0.00109,,67,,139.8
2,0.00295,,68.5,,139.8
3,0.00481,,70,,139.8
4,0.00712,,70,,139.6
5,0.00923,,73,,139.6
6,0.011845,,76,,139.6
7,0.01446,,79,,139.6
8,0.01704,,81,,139.6
9,0.01962,,83,,139.6
10,0.02252,,84.5,,139.9
11,0.02542,,86,,140.2
12,0.027985,,87.5,,140.7
13,0.03055,,89,,141.2
14,0.03327,,90.5,,141.4
15,0.03599,,92,,141.6
16,0.03894,,93.5,,141.8
17,0.04189,,95,,142
18,0.0450267,,96,,142.467
19,0.0481633,,97,,142.933
20,0.0513,,98,,143.4
21,0.05424,,99.3333,,143.333
22,0.05718,,100.667,,143.267
23,0.06012,,102,,143.2
24,0.06253,,103,,142.467
25,0.06494,,104,,141.733
26,0.06735,,105,,141
27,0.07018,,106,,141.333
28,0.07301,,107,,141.667
29,0.07584,,108,,142
30,0.07836,,109,,142.6
31,0.08088,,110,,143.2
32,0.0834,,111,,143.8
33,0.0859683,,111.5,,144.2
34,0.0885367,,112,,144.6
35,0.091105,,112.5,,145
36,0.0936733,,113,,145.4
37,0.0962417,,113.5,,145.8
38,0.09881,,114,,146.2
39,0.101532,,114.375,,146.3
40,0.104255,,114.75,,146.4
41,0.106978,,115.125,,146.5
42,0.1097,,115.5,,146.6
43,0.112422,,115.875,,146.7
44,0.115145,,116.25,,146.8
45,0.117868,,116.625,,146.9
46,0.12059,,117,,147
47,0.123561,,116.714,,146.914
48,0.126533,,116.429,,146.829
49,0.129504,,116.143,,146.743
50,0.132476,,115.857,,146.657
51,0.135447,,115.571,,146.571
52,0.138419,,115.286,,146.486
53,0.14139,,115,,146.4
54,0.144263,,115.5,,145.9
55,0.147137,,116,,145.4
56,0.15001,,116.5,,144.9
57,0.152883,,117,,144.4
58,0.155757,,117.5,,143.9
59,0.15863,,118,,143.4
60,0.161062,,118.5,,143.367
61,0.163493,,119,,143.333
62,0.165925,,119.5,,143.3
63,0.168357,,120,,143.267
64,0.170788,,120.5,,143.233
65,0.17322,,121,,143.2
66,0.175718,,121.75,,143.15
67,0.178215,,122.5,,143.1
68,0.180712,,123.25,,143.05
69,0.18321,,124,,143
70,0.185903,,124.667,,143.2
71,0.188597,,125.333,,143.4
72,0.19129,,126,,143.6
73,0.194586,,125.857,,144.286
74,0.197881,,125.714,,144.971
75,0.201177,,125.571,,145.657
76,0.204473,,125.429,,146.343
77,0.207769,,125.286,,147.029
78,0.211064,,125.143,,147.714
79,0.21436,,125,,148.4
80,0.217363,,125.143,,148.6
81,0.220366,,125.286,,148.8
82,0.223369,,125.429,,149
83,0.226371,,125.571,,149.2
84,0.229374,,125.714,,149.4
85,0.232377,,125.857,,149.6
86,0.23538,,126,,149.8
87,0.238251,,125.857,,150.057
88,0.241123,,125.714,,150.314
89,0.243994,,125.571,,150.571
90,0.246866,,125.429,,150.829
91,0.249737,,125.286,,151.086
92,0.252609,,125.143,,151.343
93,0.25548,,125,,151.6
94,0.258393,,125.143,,151.743
95,0.261306,,125.286,,151.886
96,0.264219,,125.429,,152.029
97,0.267131,,125.571,,152.171
98,0.270044,,125.714,,152.314
99,0.272957,,125.857,,152.457
100,0.27587,,126,,152.6
101,0.278515,,125.875,,151.525
102,0.28116,,125.75,,150.45
103,0.283805,,125.625,,149.375
104,0.28645,,125.5,,148.3
105,0.289095,,125.375,,147.225
106,0.29174,,125.25,,146.15
107,0.294385,,125.125,,145.075
108,0.29703,,125,,144
109,0.299563,,125,,143.95
110,0.302095,,125,,143.9
111,0.304627,,125,,143.85
112,0.30716,,125,,143.8
113,0.309693,,125,,143.75
114,0.312225,,125,,143.7
115,0.314758,,125,,143.65
116,0.31729,,125,,143.6
117,0.320011,,124.875,,143.725
118,0.322732,,124.75,,143.85
119,0.325454,,124.625,,143.975
120,0.328175,,124.5,,144.1
121,0.330896,,124.375,,144.225
122,0.333618,,124.25,,144.35
123,0.336339,,124.125,,144.475
124,0.33906,,124,,144.6
125,0.341635,,123.875,,144.95
126,0.34421,,123.75,,145.3
127,0.346785,,123.625,,145.65
128,0.34936,,123.5,,146
129,0.351935,,123.375,,146.35
130,0.35451,,123.25,,146.7
131,0.357085,,123.125,,147.05
132,0.35966,,123,,147.4
133,0.362201,,123.25,,147.6
134,0.364742,,123.5,,147.8
135,0.367284,,123.75,,148
136,0.369825,,124,,148.2
137,0.372366,,124.25,,148.4
138,0.374908,,124.5,,148.6
139,0.377449,,124.75,,148.8
140,0.37999,,125,,149
141,0.382725,,125.25,,149.25
142,0.38546,,125.5,,149.5
143,0.388195,,125.75,,149.75
144,0.39093,,126,,150
145,0.393765,,126.5,,149.233
146,0.3966,,127,,148.467
147,0.399435,,127.5,,147.7
148,0.40227,,128,,146.933
149,0.405105,,128.5,,146.167
150,0.40794,,129,,145.4
151,0.41072,,129.429,,144.914
152,0.4135,,129.857,,144.429
153,0.41628,,130.286,,143.943
154,0.41906,,130.714,,143.457
155,0.42184,,131.143,,142.971
156,0.42462,,131.571,,142.486
157,0.4274,,132,,142
158,0.430264,,132,,141.829
159,0.433129,,132,,141.657
160,0.435993,,132,,141.486
161,0.438857,,132,,141.314
162,0.441721,,132,,141.143
163,0.444586,,132,,140.971
164,0.44745,,132,,140.8
165,0.45018,,132.25,,140.4
166,0.45291,,132.5,,140
167,0.45564,,132.75,,139.6
168,0.45837,,133,,139.2
169,0.4611,,133.25,,138.8
170,0.46383,,133.5,,138.4
171,0.46656,,133.75,,138
172,0.46929,,134,,137.6
173,0.472054,,134,,137.3
174,0.474818,,134,,137
175,0.477581,,134,,136.7
176,0.480345,,134,,136.4
177,0.483109,,134,,136.1
178,0.485872,,134,,135.8
179,0.488636,,134,,135.5
180,0.4914,,134,,135.2
181,0.494471,,134,,135.343
182,0.497543,,134,,135.486
183,0.500614,,134,,135.629
184,0.503686,,134,,135.771
185,0.506757,,134,,135.914
186,0.509829,,134,,136.057
187,0.5129,,134,,136.2
188,0.515929,,134.143,,136.429
189,0.518957,,134.286,,136.657
190,0.521986,,134.429,,136.886
191,0.525014,,134.571,,137.114
192,0.528043,,134.714,,137.343
193,0.531071,,134.857,,137.571
194,0.5341,,135,,137.8
195,0.537104,,135.286,,138.4
196,0.540109,,135.571,,139
197,0.543113,,135.857,,139.6
198,0.546117,,136.143,,140.2
199,0.549121,,136.429,,140.8
200,0.552126,,136.714,,141.4
201,0.55513,,137,,142
202,0.557796,,137.125,,142.125
203,0.560462,,137.25,,142.25
204,0.563129,,137.375,,142.375
205,0.565795,,137.5,,142.5
206,0.568461,,137.625,,142.625
207,0.571128,,137.75,,142.75
208,0.573794,,137.875,,142.875
209,0.57646,,138,,143
210,0.57943,,137.714,,143.029
211,0.5824,,137.429,,143.057
212,0.58537,,137.143,,143.086
213,0.58834,,136.857,,143.114
214,0.59131,,136.571,,143.143
215,0.59428,,136.286,,143.171
216,0.59725,,136,,143.2
217,0.599929,,135.625,,143.225
218,0.602607,,135.25,,143.25
219,0.605286,,134.875,,143.275
220,0.607965,,134.5,,143.3
221,0.610644,,134.125,,143.325
222,0.613322,,133.75,,143.35
223,0.616001,,133.375,,143.375
224,0.61868,,133,,143.4
225,0.62171,,132.857,,143.371
226,0.62474,,132.714,,143.343
227,0.62777,,132.571,,143.314
228,0.6308,,132.429,,143.286
229,0.63383,,132.286,,143.257
230,0.63686,,132.143,,143.229
231,0.63989,,132,,143.2
232,0.642829,,131.857,,143.6
233,0.645767,,131.714,,144
234,0.648706,,131.571,,144.4
235,0.651644,,131.429,,144.8
236,0.654583,,131.286,,145.2
237,0.657521,,131.143,,145.6
238,0.66046,,131,,146
239,0.663024,,131.125,,146.125
240,0.665587,,131.25,,146.25
241,0.668151,,131.375,,146.375
242,0.670715,,131.5,,146.5
243,0.673279,,131.625,,146.625
244,0.675843,,131.75,,146.75
245,0.678406,,131.875,,146.875
246,0.68097,,132,,147
247,0.684017,,131.857,,147
248,0.687064,,131.714,,147
249,0.690111,,131.571,,147
250,0.693159,,131.429,,147
251,0.696206,,131.286,,147
252,0.699253,,131.143,,147
253,0.7023,,131,,147
254,0.705464,,131.143,,146.771
255,0.708629,,131.286,,146.543
256,0.711793,,131.429,,146.314
257,0.714957,,131.571,,146.086
258,0.718121,,131.714,,145.857
259,0.721286,,131.857,,145.629
260,0.72445,,132,,145.4
261,0.726079,,131.571,,145.486
262,0.727707,,131.143,,145.571
263,0.729336,,130.714,,145.657
264,0.730964,,130.286,,145.743
265,0.732593,,129.857,,145.829
266,0.734221,,129.429,,145.914
267,0.73585,,129,,146
268,0.736015,,127.5,,146.3
269,0.73618,,126,,146.6
270,0.73669,,124.5,,146.8
271,0.7372,,123,,147
272,0.737715,,121.5,,147.3
273,0.73823,,120,,147.6
274,0.739033,,119,,147.667
275,0.739837,,118,,147.733
276,0.74064,,117,,147.8
277,0.74146,,117,,147.7
278,0.74228,,117,,147.6
279,0.743525,,117.5,,147.8
280,0.74477,,118,,148
281,0.746943,,118.75,,147.9
282,0.749115,,119.5,,147.8
283,0.751287,,120.25,,147.7
284,0.75346,,121,,147.6
285,0.756036,,121.6,,147.68
286,0.758612,,122.2,,147.76
287,0.761188,,122.8,,147.84
288,0.763764,,123.4,,147.92
289,0.76634,,124,,148
290,0.768728,,124.6,,148.04
291,0.771116,,125.2,,148.08
292,0.773504,,125.8,,148.12
293,0.775892,,126.4,,148.16
294,0.77828,,127,,148.2
295,0.780706,,127.222,,148.556
296,0.783131,,127.444,,148.911
297,0.785557,,127.667,,149.267
298,0.787982,,127.889,,149.622
299,0.790408,,128.111,,149.978
300,0.792833,,128.333,,150.333
301,0.795259,,128.556,,150.689
302,0.797684,,128.778,,151.044
303,0.80011,,129,,151.4
304,0.802846,,129,,151.725
305,0.805582,,129,,152.05
306,0.808319,,129,,152.375
307,0.811055,,129,,152.7
308,0.813791,,129,,153.025
309,0.816527,,129,,153.35
310,0.819264,,129,,153.675
311,0.822,,129,,154
312,0.824228,,129.75,,154
313,0.826455,,130.5,,154
314,0.828682,,131.25,,154
315,0.83091,,132,,154
316,0.83271,,132.429,,153.971
317,0.83451,,132.857,,153.943
318,0.83631,,133.286,,153.914
319,0.83811,,133.714,,153.886
320,0.83991,,134.143,,153.857
321,0.84171,,134.571,,153.829
322,0.84351,,135,,153.8
323,0.845456,,135.6,,153.68
324,0.847402,,136.2,,153.56
325,0.849348,,136.8,,153.44
326,0.851294,,137.4,,153.32
327,0.85324,,138,,153.2
328,0.85607,,138.6,,153.08
329,0.8589,,139.2,,152.96
330,0.86173,,139.8,,152.84
331,0.86456,,140.4,,152.72
332,0.86739,,141,,152.6
333,0.869909,,141.125,,152.45
334,0.872428,,141.25,,152.3
335,0.874946,,141.375,,152.15
336,0.877465,,141.5,,152
337,0.879984,,141.625,,151.85
338,0.882502,,141.75,,151.7
339,0.885021,,141.875,,151.55
340,0.88754,,142,,151.4
341,0.890403,,142,,151.8
342,0.893266,,142,,152.2
343,0.896129,,142,,152.6
344,0.898991,,142,,153
345,0.901854,,142,,153.4
346,0.904717,,142,,153.8
347,0.90758,,142,,154.2
348,0.910319,,142,,154.675
349,0.913058,,142,,155.15
350,0.915796,,142,,155.625
351,0.918535,,142,,156.1
352,0.921274,,142,,156.575
353,0.924013,,142,,157.05
354,0.926751,,142,,157.525
355,0.92949,,142,,158
356,0.932163,,141.875,,158.35
357,0.934835,,141.75,,158.7
358,0.937508,,141.625,,159.05
359,0.94018,,141.5,,159.4
360,0.942852,,141.375,,159.75
361,0.945525,,141.25,,160.1
362,0.948198,,141.125,,160.45
363,0.95087,,141,,160.8
364,0.953725,,140.875,,160.625
365,0.95658,,140.75,,160.45
366,0.959435,,140.625,,160.275
367,0.96229,,140.5,,160.1
368,0.965145,,140.375,,159.925
369,0.968,,140.25,,159.75
370,0.970855,,140.125,,159.575
371,0.97371,,140,,159.4
372,0.97651,,139.4,,159.44
373,0.97931,,138.8,,159.48
374,0.98211,,138.2,,159.52
375,0.98491,,137.6,,159.56
376,0.98771,,137,,159.6
377,0.990008,,136.5,,159.1
378,0.992307,,136,,158.6
379,0.994605,,135.5,,158.1
380,0.996903,,135,,157.6
381,0.999202,,134.5,,157.1
382,1.0015,,134,,156.6
383,1.00398,,133.667,,156.444
384,1.00647,,133.333,,156.289
385,1.00895,,133,,156.133
386,1.01143,,132.667,,155.978
387,1.01392,,132.333,,155.822
388,1.0164,,132,,155.667
389,1.01888,,131.667,,155.511
390,1.02137,,131.333,,155.356
391,1.02385,,131,,155.2
392,1.02689,,130.857,,154.714
393,1.02994,,130.714,,154.229
394,1.03298,,130.571,,153.743
395,1.03602,,130.429,,153.257
396,1.03906,,130.286,,152.771
397,1.04211,,130.143,,152.286
398,1.04515,,130,,151.8
399,1.04856,,129.667,,150.767
400,1.05197,,129.333,,149.733
401,1.05539,,129,,148.7
402,1.0588,,128.667,,147.667
403,1.06221,,128.333,,146.633
404,1.06562,,128,,145.6
405,1.06834,,128,,145.225
406,1.07106,,128,,144.85
407,1.07378,,128,,144.475
408,1.07649,,128,,144.1
409,1.07921,,128,,143.725
410,1.08193,,128,,143.35
411,1.08465,,128,,142.975
412,1.08737,,128,,142.6
413,1.09045,,127.857,,142.829
414,1.09353,,127.714,,143.057
415,1.09661,,127.571,,143.286
416,1.0997,,127.429,,143.514
417,1.10278,,127.286,,143.743
418,1.10586,,127.143,,143.971
419,1.10894,,127,,144.2
420,1.11204,,127,,144.429
421,1.11514,,127,,144.657
422,1.11824,,127,,144.886
423,1.12133,,127,,145.114
424,1.12443,,127,,145.343
425,1.12753,,127,,145.571
426,1.13063,,127,,145.8
427,1.13325,,126.625,,146.175
428,1.13586,,126.25,,146.55
429,1.13848,,125.875,,146.925
430,1.1411,,125.5,,147.3
431,1.14372,,125.125,,147.675
432,1.14634,,124.75,,148.05
433,1.14895,,124.375,,148.425
434,1.15157,,124,,148.8
435,1.15447,,123.875,,149.275
436,1.15736,,123.75,,149.75
437,1.16026,,123.625,,150.225
438,1.16316,,123.5,,150.7
439,1.16606,,123.375,,151.175
440,1.16895,,123.25,,151.65
441,1.17185,,123.125,,152.125
442,1.17475,,123,,152.6
443,1.17809,,122.833,,152.833
444,1.18144,,122.667,,153.067
445,1.18478,,122.5,,153.3
446,1.18813,,122.333,,153.533
447,1.19148,,122.167,,153.767
448,1.19482,,122,,154
449,1.19788,,122,,154.343
450,1.20093,,122,,154.686
451,1.20399,,122,,155.029
452,1.20705,,122,,155.371
453,1.21011,,122,,155.714
454,1.21316,,122,,156.057
455,1.21622,,122,,156.4
456,1.21921,,122.143,,156.886
457,1.22221,,122.286,,157.371
458,1.2252,,122.429,,157.857
459,1.22819,,122.571,,158.343
460,1.23118,,122.714,,158.829
461,1.23418,,122.857,,159.314
462,1.23717,,123,,159.8
463,1.24002,,123,,160.075
464,1.24287,,123,,160.35
465,1.24571,,123,,160.625
466,1.24856,,123,,160.9
467,1.25141,,123,,161.175
468,1.25425,,123,,161.45
469,1.2571,,123,,161.725
470,1.25995,,123,,162
471,1.26342,,122.833,,162.333
472,1.26689,,122.667,,162.667
473,1.27035,,122.5,,163
474,1.27382,,122.333,,163.333
475,1.27729,,122.167,,163.667
476,1.28076,,122,,164
477,1.28349,,122.5,,163.6
478,1.28621,,123,,163.2
479,1.28894,,123.5,,162.8
480,1.29167,,124,,162.4
481,1.29439,,124.5,,162
482,1.29712,,125,,161.6
483,1.3001,,124.714,,160.971
484,1.30308,,124.429,,160.343
485,1.30606,,124.143,,159.714
486,1.30904,,123.857,,159.086
487,1.31202,,123.571,,158.457
488,1.315,,123.286,,157.829
489,1.31798,,123,,157.2
490,1.32121,,122.4,,156.68
491,1.32444,,121.8,,156.16
492,1.32767,,121.2,,155.64
493,1.3309,,120.6,,155.12
494,1.33413,,120,,154.6
495,1.33783,,119.833,,154.4
496,1.34153,,119.667,,154.2
497,1.34523,,119.5,,154
498,1.34892,,119.333,,153.8
499,1.35262,,119.167,,153.6
500,1.35632,,119,,153.4
501,1.35989,,119.167,,153.033
502,1.36346,,119.333,,152.667
503,1.36702,,119.5,,152.3
504,1.37059,,119.667,,151.933
505,1.37416,,119.833,,151.567
506,1.37773,,120,,151.2
507,1.38088,,120.5,,151.1
508,1.38402,,121,,151
509,1.38717,,121.5,,150.9
510,1.39032,,122,,150.8
511,1.39346,,122.5,,150.7
512,1.39661,,123,,150.6
513,1.39979,,123.75,,151.1
514,1.40298,,124.5,,151.6
515,1.40616,,125.25,,152.1
516,1.40934,,126,,152.6
517,1.4127,,126.286,,153.171
518,1.41605,,126.571,,153.743
519,1.41941,,126.857,,154.314
520,1.42276,,127.143,,154.886
521,1.42612,,127.429,,155.457
522,1.42947,,127.714,,156.029
523,1.43283,,128,,156.6
524,1.43616,,127.25,,157.05
525,1.43949,,126.5,,157.5
526,1.44283,,125.75,,157.95
527,1.44616,,125,,158.4
528,1.44987,,125,,158.6
529,1.45358,,125,,158.8
530,1.45728,,125,,159
531,1.46099,,125,,159.2
532,1.4647,,125,,159.4
533,1.46841,,125,,159.6
534,1.47183,,125.333,,159.8
535,1.47524,,125.667,,160
536,1.47866,,126,,160.2
537,1.48208,,126.333,,160.4
538,1.48549,,126.667,,160.6
539,1.48891,,127,,160.8
540,1.49212,,126.857,,160.486
541,1.49533,,126.714,,160.171
542,1.49854,,126.571,,159.857
543,1.50175,,126.429,,159.543
544,1.50496,,126.286,,159.229
545,1.50817,,126.143,,158.914
546,1.51138,,126,,158.6
547,1.51422,,125.875,,158.125
548,1.51706,,125.75,,157.65
549,1.5199,,125.625,,157.175
550,1.52275,,125.5,,156.7
551,1.52559,,125.375,,156.225
552,1.52843,,125.25,,155.75
553,1.53127,,125.125,,155.275
554,1.53411,,125,,154.8
555,1.5371,,125,,154.343
556,1.54009,,125,,153.886
557,1.54308,,125,,153.429
558,1.54608,,125,,152.971
559,1.54907,,125,,152.514
560,1.55206,,125,,152.057
561,1.55505,,125,,151.6
562,1.55798,,124.4,,151.76
563,1.56092,,123.8,,151.92
564,1.56385,,123.2,,152.08
565,1.56679,,122.6,,152.24
566,1.56972,,122,,152.4
567,1.57233,,121.5,,152.5
568,1.57494,,121,,152.6
569,1.57756,,120.5,,152.7
570,1.58017,,120,,152.8
571,1.58278,,119.5,,152.9
572,1.58539,,119,,153
573,1.5885,,118.857,,152.743
574,1.5916,,118.714,,152.486
575,1.59471,,118.571,,152.229
576,1.59782,,118.429,,151.971
577,1.60093,,118.286,,151.714
578,1.60403,,118.143,,151.457
579,1.60714,,118,,151.2
580,1.61044,,117.857,,150.971
581,1.61373,,117.714,,150.743
582,1.61703,,117.571,,150.514
583,1.62032,,117.429,,150.286
584,1.62362,,117.286,,150.057
585,1.62691,,117.143,,149.829
586,1.63021,,117,,149.6
587,1.63299,,116.875,,150
588,1.63577,,116.75,,150.4
589,1.63855,,116.625,,150.8
590,1.64133,,116.5,,151.2
591,1.64411,,116.375,,151.6
592,1.64689,,116.25,,152
593,1.64967,,116.125,,152.4
594,1.65245,,116,,152.8
595,1.65585,,116.143,,152.657
596,1.65925,,116.286,,152.514
597,1.66265,,116.429,,152.371
598,1.66604,,116.571,,152.229
599,1.66944,,116.714,,152.086
600,1.67284,,116.857,,151.943
601,1.67624,,117,,151.8
602,1.67961,,117.333,,151.4
603,1.68299,,117.667,,151
604,1.68636,,118,,150.6
605,1.68973,,118.333,,150.2
606,1.69311,,118.667,,149.8
607,1.69648,,119,,149.4
608,1.69948,,119.429,,148.914
609,1.70249,,119.857,,148.429
610,1.70549,,120.286,,147.943
611,1.70849,,120.714,,147.457
612,1.71149,,121.143,,146.971
613,1.7145,,121.571,,146.486
614,1.7175,,122,,146
615,1.72067,,122,,145.886
616,1.72383,,122,,145.771
617,1.727,,122,,145.657
618,1.73016,,122,,145.543
619,1.73333,,122,,145.429
620,1.73649,,122,,145.314
621,1.73966,,122,,145.2
622,1.74272,,122.286,,145.086
623,1.74578,,122.571,,144.971
624,1.74884,,122.857,,144.857
625,1.75191,,123.143,,144.743
626,1.75497,,123.429,,144.629
627,1.75803,,123.714,,144.514
628,1.76109,,124,,144.4
629,1.76406,,124.143,,144.314
630,1.76702,,124.286,,144.229
631,1.76999,,124.429,,144.143
632,1.77296,,124.571,,144.057
633,1.77593,,124.714,,143.971
634,1.77889,,124.857,,143.886
635,1.78186,,125,,143.8
636,1.78481,,125.143,,143.914
637,1.78775,,125.286,,144.029
638,1.7907,,125.429,,144.143
639,1.79365,,125.571,,144.257
640,1.7966,,125.714,,144.371
641,1.79954,,125.857,,144.486
642,1.80249,,126,,144.6
643,1.80559,,126.286,,144.086
644,1.80869,,126.571,,143.571
645,1.81179,,126.857,,143.057
646,1.81488,,127.143,,142.543
647,1.81798,,127.429,,142.029
648,1.82108,,127.714,,141.514
649,1.82418,,128,,141
650,1.8274,,127.857,,140.886
651,1.83062,,127.714,,140.771
652,1.83384,,127.571,,140.657
653,1.83706,,127.429,,140.543
654,1.84028,,127.286,,140.429
655,1.8435,,127.143,,140.314
656,1.84672,,127,,140.2
657,1.84987,,127,,140.571
658,1.85302,,127,,140.943
659,1.85617,,127,,141.314
660,1.85932,,127,,141.686
661,1.86247,,127,,142.057
662,1.86562,,127,,142.429
663,1.86877,,127,,142.8
664,1.87128,,127,,142.475
665,1.8738,,127,,142.15
666,1.87631,,127,,141.825
667,1.87882,,127,,141.5
668,1.88133,,127,,141.175
669,1.88384,,127,,140.85
670,1.88636,,127,,140.525
671,1.88887,,127,,140.2
672,1.8919,,127,,139.8
673,1.89492,,127,,139.4
674,1.89795,,127,,139
675,1.90098,,127,,138.6
676,1.90401,,127,,138.2
677,1.90703,,127,,137.8
678,1.91006,,127,,137.4
679,1.91325,,127.143,,137.571
680,1.91644,,127.286,,137.743
681,1.91963,,127.429,,137.914
682,1.92282,,127.571,,138.086
683,1.92601,,127.714,,138.257
684,1.9292,,127.857,,138.429
685,1.93239,,128,,138.6
686,1.93526,,128,,138.486
687,1.93812,,128,,138.371
688,1.94099,,128,,138.257
689,1.94386,,128,,138.143
690,1.94673,,128,,138.029
691,1.94959,,128,,137.914
692,1.95246,,128,,137.8
693,1.95525,,128,,137.85
694,1.95803,,128,,137.9
695,1.96081,,128,,137.95
696,1.9636,,128,,138
697,1.96639,,128,,138.05
698,1.96917,,128,,138.1
699,1.97195,,128,,138.15
700,1.97474,,128,,138.2
701,1.97846,,128,,138.633
702,1.98218,,128,,139.067
703,1.9859,,128,,139.5
704,1.98962,,128,,139.933
705,1.99334,,128,,140.367
706,1.99706,,128,,140.8
707,2.00071,,128,,141.2
708,2.00398,,128,,141.171
709,2.00725,,128,,141.143
710,2.01052,,128,,141.114
711,2.0138,,128,,141.086
712,2.01707,,128,,141.057
713,2.02034,,128,,141.029
714,2.02361,,128,,141
715,2.02653,,128,,140.743
716,2.02946,,128,,140.486
717,2.03238,,128,,140.229
718,2.0353,,128,,139.971
719,2.03822,,128,,139.714
720,2.04115,,128,,139.457
721,2.04407,,128,,139.2
722,2.04713,,127.857,,139.371
723,2.05019,,127.714,,139.543
724,2.05325,,127.571,,139.714
725,2.05632,,127.429,,139.886
726,2.05938,,127.286,,140.057
727,2.06244,,127.143,,140.229
728,2.0655,,127,,140.4
729,2.06843,,126.714,,140.429
730,2.07137,,126.429,,140.457
731,2.0743,,126.143,,140.486
732,2.07724,,125.857,,140.514
733,2.08017,,125.571,,140.543
734,2.08311,,125.286,,140.571
735,2.08604,,125,,140.6
736,2.089,,125.143,,140.943
737,2.09195,,125.286,,141.286
738,2.09491,,125.429,,141.629
739,2.09787,,125.571,,141.971
740,2.10083,,125.714,,142.314
741,2.10378,,125.857,,142.657
742,2.10674,,126,,143
743,2.10963,,126,,143.457
744,2.11251,,126,,143.914
745,2.1154,,126,,144.371
746,2.11829,,126,,144.829
747,2.12118,,126,,145.286
748,2.12406,,126,,145.743
749,2.12695,,126,,146.2
750,2.12975,,126,,146.425
751,2.13255,,126,,146.65
752,2.13535,,126,,146.875
753,2.13814,,126,,147.1
754,2.14094,,126,,147.325
755,2.14374,,126,,147.55
756,2.14654,,126,,147.775
757,2.14934,,126,,148
758,2.15205,,125.875,,148.3
759,2.15475,,125.75,,148.6
760,2.15746,,125.625,,148.9
761,2.16017,,125.5,,149.2
762,2.16288,,125.375,,149.5
763,2.16559,,125.25,,149.8
764,2.16829,,125.125,,150.1
765,2.171,,125,,150.4
766,2.1749,,124.833,,149.3
767,2.1788,,124.667,,148.2
768,2.1827,,124.5,,147.1
769,2.1866,,124.333,,146
770,2.1905,,124.167,,144.9
771,2.1944,,124,,143.8
772,2.19778,,123.833,,143.633
773,2.20116,,123.667,,143.467
774,2.20454,,123.5,,143.3
775,2.20793,,123.333,,143.133
776,2.21131,,123.167,,142.967
777,2.21469,,123,,142.8
778,2.2179,,123.286,,142.8
779,2.22111,,123.571,,142.8
780,2.22432,,123.857,,142.8
781,2.22752,,124.143,,142.8
782,2.23073,,124.429,,142.8
783,2.23394,,124.714,,142.8
784,2.23715,,125,,142.8
785,2.24017,,125,,142.6
786,2.24319,,125,,142.4
787,2.24621,,125,,142.2
788,2.24924,,125,,142
789,2.25226,,125,,141.8
790,2.25528,,125,,141.6
791,2.2583,,125,,141.4
792,2.26142,,124.857,,141.4
793,2.26453,,124.714,,141.4
794,2.26765,,124.571,,141.4
795,2.27076,,124.429,,141.4
796,2.27388,,124.286,,141.4
797,2.27699,,124.143,,141.4
798,2.28011,,124,,141.4
799,2.28259,,123.5,,141.3
800,2.28508,,123,,141.2
801,2.28756,,122.5,,141.1
802,2.29004,,122,,141
803,2.29253,,121.5,,140.9
804,2.29501,,121,,140.8
805,2.29782,,121,,140.775
806,2.30063,,121,,140.75
807,2.30344,,121,,140.725
808,2.30625,,121,,140.7
809,2.30905,,121,,140.675
810,2.31186,,121,,140.65
811,2.31467,,121,,140.625
812,2.31748,,121,,140.6
813,2.32052,,121,,140.286
814,2.32357,,121,,139.971
815,2.32661,,121,,139.657
816,2.32965,,121,,139.343
817,2.33269,,121,,139.029
818,2.33574,,121,,138.714
819,2.33878,,121,,138.4
820,2.34187,,120.857,,138.314
821,2.34496,,120.714,,138.229
822,2.34805,,120.571,,138.143
823,2.35115,,120.429,,138.057
824,2.35424,,120.286,,137.971
825,2.35733,,120.143,,137.886
826,2.36042,,120,,137.8
827,2.36346,,120.143,,137.971
828,2.36649,,120.286,,138.143
829,2.36953,,120.429,,138.314
830,2.37256,,120.571,,138.486
831,2.3756,,120.714,,138.657
832,2.37863,,120.857,,138.829
833,2.38167,,121,,139
834,2.38475,,121.143,,138.971
835,2.38782,,121.286,,138.943
836,2.3909,,121.429,,138.914
837,2.39397,,121.571,,138.886
838,2.39705,,121.714,,138.857
839,2.40012,,121.857,,138.829
840,2.4032,,122,,138.8
841,2.406,,122,,138.875
842,2.40881,,122,,138.95
843,2.41161,,122,,139.025
844,2.41441,,122,,139.1
845,2.41722,,122,,139.175
846,2.42002,,122,,139.25
847,2.42283,,122,,139.325
848,2.42563,,122,,139.4
849,2.42849,,121.75,,139.3
850,2.43135,,121.5,,139.2
851,2.43422,,121.25,,139.1
852,2.43708,,121,,139
853,2.44056,,121,,138.367
854,2.44405,,121,,137.733
855,2.44754,,121,,137.1
856,2.45102,,121,,136.467
857,2.45451,,121,,135.833
858,2.45799,,121,,135.2
859,2.46119,,121.286,,134.686
860,2.4644,,121.571,,134.171
861,2.4676,,121.857,,133.657
862,2.4708,,122.143,,133.143
863,2.474,,122.429,,132.629
864,2.47721,,122.714,,132.114
865,2.48041,,123,,131.6
866,2.48342,,122.857,,131.371
867,2.48643,,122.714,,131.143
868,2.48944,,122.571,,130.914
869,2.49246,,122.429,,130.686
870,2.49547,,122.286,,130.457
871,2.49848,,122.143,,130.229
872,2.50149,,122,,130
873,2.50451,,122.143,,130
874,2.50753,,122.286,,130
875,2.51055,,122.429,,130
876,2.51357,,122.571,,130
877,2.51659,,122.714,,130
878,2.51961,,122.857,,130
879,2.52263,,123,,130
880,2.52546,,123.125,,129.875
881,2.52828,,123.25,,129.75
882,2.53111,,123.375,,129.625
883,2.53394,,123.5,,129.5
884,2.53676,,123.625,,129.375
885,2.53959,,123.75,,129.25
886,2.54241,,123.875,,129.125
887,2.54524,,124,,129
888,2.54821,,123.857,,128.971
889,2.55119,,123.714,,128.943
890,2.55416,,123.571,,128.914
891,2.55713,,123.429,,128.886
892,2.5601,,123.286,,128.857
893,2.56308,,123.143,,128.829
894,2.56605,,123,,128.8
895,2.56936,,122.857,,128.429
896,2.57267,,122.714,,128.057
897,2.57598,,122.571,,127.686
898,2.57929,,122.429,,127.314
899,2.5826,,122.286,,126.943
900,2.58591,,122.143,,126.571
901,2.58922,,122,,126.2
902,2.59268,,122.167,,126.333
903,2.59615,,122.333,,126.467
904,2.59961,,122.5,,126.6
905,2.60307,,122.667,,126.733
906,2.60654,,122.833,,126.867
907,2.61,,123,,127
908,2.61266,,123,,126.825
909,2.61531,,123,,126.65
910,2.61797,,123,,126.475
911,2.62063,,123,,126.3
912,2.62329,,123,,126.125
913,2.62595,,123,,125.95
914,2.6286,,123,,125.775
915,2.63126,,123,,125.6
916,2.63417,,122.714,,125.943
917,2.63709,,122.429,,126.286
918,2.64,,122.143,,126.629
919,2.64292,,121.857,,126.971
920,2.64583,,121.571,,127.314
921,2.64875,,121.286,,127.657
922,2.65166,,121,,128
923,2.65428,,121,,128.225
924,2.6569,,121,,128.45
925,2.65952,,121,,128.675
926,2.66214,,121,,128.9
927,2.66476,,121,,129.125
928,2.66738,,121,,129.35
929,2.67,,121,,129.575
930,2.67262,,121,,129.8
931,2.67571,,121.286,,129.829
932,2.67881,,121.571,,129.857
933,2.6819,,121.857,,129.886
934,2.68499,,122.143,,129.914
935,2.68808,,122.429,,129.943
936,2.69118,,122.714,,129.971
937,2.69427,,123,,130
938,2.6973,,123,,130.571
939,2.70033,,123,,131.143
940,2.70336,,123,,131.714
941,2.70638,,123,,132.286
942,2.70941,,123,,132.857
943,2.71244,,123,,133.429
944,2.71547,,123,,134
945,2.71848,,123.143,,134.343
946,2.72148,,123.286,,134.686
947,2.72449,,123.429,,135.029
948,2.7275,,123.571,,135.371
949,2.73051,,123.714,,135.714
950,2.73351,,123.857,,136.057
951,2.73652,,124,,136.4
952,2.73967,,124.143,,136.4
953,2.74282,,124.286,,136.4
954,2.74597,,124.429,,136.4
955,2.74911,,124.571,,136.4
956,2.75226,,124.714,,136.4
957,2.75541,,124.857,,136.4
958,2.75856,,125,,136.4
959,2.76154,,125,,136.286
960,2.76451,,125,,136.171
961,2.76749,,125,,136.057
962,2.77046,,125,,135.943
963,2.77344,,125,,135.829
964,2.77641,,125,,135.714
965,2.77939,,125,,135.6
966,2.78246,,125,,135.257
967,2.78554,,125,,134.914
968,2.78861,,125,,134.571
969,2.79169,,125,,134.229
970,2.79476,,125,,133.886
971,2.79784,,125,,133.543
972,2.80091,,125,,133.2
973,2.8043,,124.4,,132.88
974,2.80769,,123.8,,132.56
975,2.81108,,123.2,,132.24
976,2.81447,,122.6,,131.92
977,2.81786,,122,,131.6
978,2.82139,,122,,131
979,2.82492,,122,,130.4
980,2.82845,,122,,129.8
981,2.83199,,122,,129.2
982,2.83552,,122,,128.6
983,2.83905,,122,,128
984,2.84232,,121.571,,127.943
985,2.84559,,121.143,,127.886
986,2.84886,,120.714,,127.829
987,2.85214,,120.286,,127.771
988,2.85541,,119.857,,127.714
989,2.85868,,119.429,,127.657
990,2.86195,,119,,127.6
991,2.8649,,118.857,,127.514
992,2.86785,,118.714,,127.429
993,2.8708,,118.571,,127.343
994,2.87375,,118.429,,127.257
995,2.8767,,118.286,,127.171
996,2.87965,,118.143,,127.086
997,2.8826,,118,,127
998,2.88499,,118,,126.8
999,2.88739,,118,,126.6
1000,2.89054,,118.286,,126.629
1001,2.8937,,118.571,,126.657
1002,2.89685,,118.857,,126.686
1003,2.9,,119.143,,126.714
1004,2.90315,,119.429,,126.743
1005,2.90631,,119.714,,126.771
1006,2.90946,,120,,126.8
1007,2.91253,,120.286,,127.343
1008,2.91559,,120.571,,127.886
1009,2.91866,,120.857,,128.429
1010,2.92172,,121.143,,128.971
1011,2.92479,,121.429,,129.514
1012,2.92785,,121.714,,130.057
1013,2.93092,,122,,130.6
1014,2.93401,,122.167,,130.667
1015,2.9371,,122.333,,130.733
1016,2.94019,,122.5,,130.8
1017,2.94328,,122.667,,130.867
1018,2.94637,,122.833,,130.933
1019,2.94946,,123,,131
1020,2.95195,,123,,130.7
1021,2.95443,,123,,130.4
1022,2.95751,,123.143,,130.229
1023,2.96059,,123.286,,130.057
1024,2.96367,,123.429,,129.886
1025,2.96675,,123.571,,129.714
1026,2.96983,,123.714,,129.543
1027,2.97291,,123.857,,129.371
1028,2.97599,,124,,129.2
1029,2.97907,,123.4,,129.04
1030,2.98215,,122.8,,128.88
1031,2.98524,,122.2,,128.72
1032,2.98832,,121.6,,128.56
1033,2.9914,,121,,128.4
1034,2.99454,,120.667,,127.667
1035,2.99767,,120.333,,126.933
1036,3.00081,,120,,126.2
1037,3.0043,,119.4,,126.04
1038,3.0078,,118.8,,125.88
1039,3.01129,,118.2,,125.72
1040,3.01479,,117.6,,125.56
1041,3.01828,,117,,125.4
1042,3.02166,,117.167,,125.2
1043,3.02504,,117.333,,125
1044,3.02842,,117.5,,124.8
1045,3.03181,,117.667,,124.6
1046,3.03519,,117.833,,124.4
1047,3.03857,,118,,124.2
1048,3.04167,,117.857,,123.857
1049,3.04478,,117.714,,123.514
1050,3.04788,,117.571,,123.171
1051,3.05098,,117.429,,122.829
1052,3.05408,,117.286,,122.486
1053,3.05719,,117.143,,122.143
1054,3.06029,,117,,121.8
1055,3.06378,,116.833,,121.233
1056,3.06727,,116.667,,120.667
1057,3.07077,,116.5,,120.1
1058,3.07426,,116.333,,119.533
1059,3.07775,,116.167,,118.967
1060,3.08124,,116,,118.4
1061,3.08441,,116.286,,118.257
1062,3.08757,,116.571,,118.114
1063,3.09074,,116.857,,117.971
1064,3.0939,,117.143,,117.829
1065,3.09707,,117.429,,117.686
1066,3.10023,,117.714,,117.543
1067,3.1034,,118,,117.4
1068,3.10658,,118.286,,117.171
1069,3.10975,,118.571,,116.943
1070,3.11293,,118.857,,116.714
1071,3.11611,,119.143,,116.486
1072,3.11929,,119.429,,116.257
1073,3.12246,,119.714,,116.029
1074,3.12564,,120,,115.8
1075,3.12883,,120.143,,115.771
1076,3.13203,,120.286,,115.743
1077,3.13522,,120.429,,115.714
1078,3.13841,,120.571,,115.686
1079,3.1416,,120.714,,115.657
1080,3.1448,,120.857,,115.629
1081,3.14799,,121,,115.6
1082,3.15119,,121.143,,115.286
1083,3.1544,,121.286,,114.971
1084,3.1576,,121.429,,114.657
1085,3.16081,,121.571,,114.343
1086,3.16401,,121.714,,114.029
1087,3.16722,,121.857,,113.714
1088,3.17042,,122,,113.4
1089,3.17355,,122,,113.371
1090,3.17667,,122,,113.343
1091,3.1798,,122,,113.314
1092,3.18293,,122,,113.286
1093,3.18606,,122,,113.257
1094,3.18918,,122,,113.229
1095,3.19231,,122,,113.2
1096,3.19557,,122.143,,113.543
1097,3.19882,,122.286,,113.886
1098,3.20208,,122.429,,114.229
1099,3.20533,,122.571,,114.571
1100,3.20859,,122.714,,114.914
1101,3.21184,,122.857,,115.257
1102,3.2151,,123,,115.6
1103,3.21833,,123,,115.914
1104,3.22157,,123,,116.229
1105,3.2248,,123,,116.543
1106,3.22804,,123,,116.857
1107,3.23127,,123,,117.171
1108,3.23451,,123,,117.486
1109,3.23774,,123,,117.8
1110,3.24097,,123.6,,118.04
1111,3.24419,,124.2,,118.28
1112,3.24742,,124.8,,118.52
1113,3.25064,,125.4,,118.76
1114,3.25387,,126,,119
1115,3.25692,,126.143,,119.086
1116,3.25997,,126.286,,119.171
1117,3.26302,,126.429,,119.257
1118,3.26607,,126.571,,119.343
1119,3.26912,,126.714,,119.429
1120,3.27217,,126.857,,119.514
1121,3.27522,,127,,119.6
1122,3.27836,,127,,119.286
1123,3.28149,,127,,118.971
1124,3.28463,,127,,118.657
1125,3.28777,,127,,118.343
1126,3.29091,,127,,118.029
1127,3.29404,,127,,117.714
1128,3.29718,,127,,117.4
1129,3.30027,,127.286,,117.429
1130,3.30337,,127.571,,117.457
1131,3.30646,,127.857,,117.486
1132,3.30955,,128.143,,117.514
1133,3.31264,,128.429,,117.543
1134,3.31574,,128.714,,117.571
1135,3.31883,,129,,117.6
1136,3.32166,,129.125,,117.2
1137,3.32449,,129.25,,116.8
1138,3.32732,,129.375,,116.4
1139,3.33015,,129.5,,116
1140,3.33299,,129.625,,115.6
1141,3.33582,,129.75,,115.2
1142,3.33865,,129.875,,114.8
1143,3.34148,,130,,114.4
1144,3.3445,,129.857,,114.171
1145,3.34752,,129.714,,113.943
1146,3.35054,,129.571,,113.714
1147,3.35356,,129.429,,113.486
1148,3.35658,,129.286,,113.257
1149,3.3596,,129.143,,113.029
1150,3.36262,,129,,112.8
1151,3.36558,,128.857,,112.771
1152,3.36853,,128.714,,112.743
1153,3.37149,,128.571,,112.714
1154,3.37444,,128.429,,112.686
1155,3.3774,,128.286,,112.657
1156,3.38035,,128.143,,112.629
1157,3.38331,,128,,112.6
1158,3.3862,,127.857,,112.886
1159,3.38909,,127.714,,113.171
1160,3.39198,,127.571,,113.457
1161,3.39488,,127.429,,113.743
1162,3.39777,,127.286,,114.029
1163,3.40066,,127.143,,114.314
1164,3.40355,,127,,114.6
1165,3.40633,,126.4,,114.96
1166,3.40912,,125.8,,115.32
1167,3.4119,,125.2,,115.68
1168,3.41469,,124.6,,116.04
1169,3.41747,,124,,116.4
1170,3.42072,,123.5,,117
1171,3.42398,,123,,117.6
1172,3.42723,,122.5,,118.2
1173,3.43048,,122,,118.8
1174,3.43374,,121.5,,119.4
1175,3.43699,,121,,120
1176,3.43987,,120.5,,119.933
1177,3.44274,,120,,119.867
1178,3.44562,,119.5,,119.8
1179,3.4485,,119,,119.733
1180,3.45137,,118.5,,119.667
1181,3.45425,,118,,119.6
1182,3.45735,,118,,119.371
1183,3.46046,,118,,119.143
1184,3.46356,,118,,118.914
1185,3.46667,,118,,118.686
1186,3.46977,,118,,118.457
1187,3.47288,,118,,118.229
1188,3.47598,,118,,118
1189,3.47899,,118.75,,118
1190,3.48199,,119.5,,118
1191,3.485,,120.25,,118
1192,3.48801,,121,,118
1193,3.491,,122,,118.267
1194,3.49398,,123,,118.533
1195,3.49697,,124,,118.8
1196,3.50003,,124.6,,119.12
1197,3.5031,,125.2,,119.44
1198,3.50616,,125.8,,119.76
1199,3.50923,,126.4,,120.08
1200,3.51229,,127,,120.4
1201,3.51528,,127.5,,120.9
1202,3.51827,,128,,121.4
1203,3.52126,,128.5,,121.9
1204,3.52425,,129,,122.4
1205,3.52724,,129.5,,122.9
1206,3.53023,,130,,123.4
1207,3.53331,,130.5,,123.733
1208,3.53639,,131,,124.067
1209,3.53946,,131.5,,124.4
1210,3.54254,,132,,124.733
1211,3.54562,,132.5,,125.067
1212,3.5487,,133,,125.4
1213,3.55185,,133.143,,125.514
1214,3.55501,,133.286,,125.629
1215,3.55816,,133.429,,125.743
1216,3.56132,,133.571,,125.857
1217,3.56447,,133.714,,125.971
1218,3.56763,,133.857,,126.086
1219,3.57078,,134,,126.2
1220,3.57377,,134,,126.057
1221,3.57676,,134,,125.914
1222,3.57975,,134,,125.771
1223,3.58273,,134,,125.629
1224,3.58572,,134,,125.486
1225,3.58871,,134,,125.343
1226,3.5917,,134,,125.2
1227,3.59496,,134,,124.886
1228,3.59822,,134,,124.571
1229,3.60148,,134,,124.257
1230,3.60473,,134,,123.943
1231,3.60799,,134,,123.629
1232,3.61125,,134,,123.314
1233,3.61451,,134,,123
1234,3.61811,,134,,122.9
1235,3.62172,,134,,122.8
1236,3.62532,,134,,122.7
1237,3.62892,,134,,122.6
1238,3.63253,,134,,122.5
1239,3.63613,,134,,122.4
1240,3.63941,,134,,122.371
1241,3.6427,,134,,122.343
1242,3.64598,,134,,122.314
1243,3.64927,,134,,122.286
1244,3.65255,,134,,122.257
1245,3.65584,,134,,122.229
1246,3.65912,,134,,122.2
1247,3.66229,,133.857,,122.286
1248,3.66546,,133.714,,122.371
1249,3.66863,,133.571,,122.457
1250,3.67181,,133.429,,122.543
1251,3.67498,,133.286,,122.629
1252,3.67815,,133.143,,122.714
1253,3.68132,,133,,122.8
1254,3.68457,,132.857,,122.4
1255,3.68781,,132.714,,122
1256,3.69106,,132.571,,121.6
1257,3.69431,,132.429,,121.2
1258,3.69756,,132.286,,120.8
1259,3.7008,,132.143,,120.4
1260,3.70405,,132,,120
1261,3.7073,,131.714,,119.914
1262,3.71056,,131.429,,119.829
1263,3.71381,,131.143,,119.743
1264,3.71706,,130.857,,119.657
1265,3.72031,,130.571,,119.571
1266,3.72357,,130.286,,119.486
1267,3.72682,,130,,119.4
1268,3.72995,,129.714,,119.2
1269,3.73307,,129.429,,119
1270,3.7362,,129.143,,118.8
1271,3.73933,,128.857,,118.6
1272,3.74246,,128.571,,118.4
1273,3.74558,,128.286,,118.2
1274,3.74871,,128,,118
1275,3.75183,,128.286,,117.971
1276,3.75496,,128.571,,117.943
1277,3.75808,,128.857,,117.914
1278,3.7612,,129.143,,117.886
1279,3.76432,,129.429,,117.857
1280,3.76745,,129.714,,117.829
1281,3.77057,,130,,117.8
1282,3.77376,,130,,117.686
1283,3.77694,,130,,117.571
1284,3.78013,,130,,117.457
1285,3.78331,,130,,117.343
1286,3.7865,,130,,117.229
1287,3.78968,,130,,117.114
1288,3.79287,,130,,117
1289,3.79606,,129.857,,117
1290,3.79925,,129.714,,117
1291,3.80244,,129.571,,117
1292,3.80563,,129.429,,117
1293,3.80882,,129.286,,117
1294,3.81201,,129.143,,117
1295,3.8152,,129,,117
1296,3.81828,,128.857,,116.943
1297,3.82136,,128.714,,116.886
1298,3.82444,,128.571,,116.829
1299,3.82752,,128.429,,116.771
1300,3.8306,,128.286,,116.714
1301,3.83368,,128.143,,116.657
1302,3.83676,,128,,116.6
1303,3.83983,,128.143,,116.6
1304,3.8429,,128.286,,116.6
1305,3.84597,,128.429,,116.6
1306,3.84905,,128.571,,116.6
1307,3.85212,,128.714,,116.6
1308,3.85519,,128.857,,116.6
1309,3.85826,,129,,116.6
1310,3.86134,,129,,116.657
1311,3.86443,,129,,116.714
1312,3.86751,,129,,116.771
1313,3.87059,,129,,116.829
1314,3.87367,,129,,116.886
1315,3.87676,,129,,116.943
1316,3.87984,,129,,117
1317,3.883,,129.286,,116.971
1318,3.88616,,129.571,,116.943
1319,3.88932,,129.857,,116.914
1320,3.89248,,130.143,,116.886
1321,3.89564,,130.429,,116.857
1322,3.8988,,130.714,,116.829
1323,3.90196,,131,,116.8
1324,3.90509,,130.857,,116.771
1325,3.90821,,130.714,,116.743
1326,3.91134,,130.571,,116.714
1327,3.91447,,130.429,,116.686
1328,3.9176,,130.286,,116.657
1329,3.92072,,130.143,,116.629
1330,3.92385,,130,,116.6
1331,3.927,,129.857,,116.514
1332,3.93016,,129.714,,116.429
1333,3.93331,,129.571,,116.343
1334,3.93646,,129.429,,116.257
1335,3.93961,,129.286,,116.171
1336,3.94277,,129.143,,116.086
1337,3.94592,,129,,116
1338,3.94911,,129.286,,116.143
1339,3.9523,,129.571,,116.286
1340,3.95549,,129.857,,116.429
1341,3.95868,,130.143,,116.571
1342,3.96187,,130.429,,116.714
1343,3.96506,,130.714,,116.857
1344,3.96825,,131,,117
1345,3.97142,,131,,116.886
1346,3.97459,,131,,116.771
1347,3.97776,,131,,116.657
1348,3.98092,,131,,116.543
1349,3.98409,,131,,116.429
1350,3.98726,,131,,116.314
1351,3.99043,,131,,116.2
1352,3.9936,,131.25,,116.6
1353,3.99677,,131.5,,117
1354,3.99994,,131.75,,117.4
1355,4.00311,,132,,117.8
1356,4.00645,,132,,118
1357,4.00978,,132,,118.2
1358,4.01312,,132,,118.4
1359,4.01646,,132,,118.6
1360,4.01979,,132,,118.8
1361,4.02313,,132,,119
1362,4.02629,,132.143,,118.943
1363,4.02944,,132.286,,118.886
1364,4.0326,,132.429,,118.829
1365,4.03576,,132.571,,118.771
1366,4.03892,,132.714,,118.714
1367,4.04207,,132.857,,118.657
1368,4.04523,,133,,118.6
1369,4.04829,,132.857,,118.486
1370,4.05136,,132.714,,118.371
1371,4.05442,,132.571,,118.257
1372,4.05748,,132.429,,118.143
1373,4.06054,,132.286,,118.029
1374,4.06361,,132.143,,117.914
1375,4.06667,,132,,117.8
1376,4.06978,,132.286,,117.514
1377,4.07288,,132.571,,117.229
1378,4.07599,,132.857,,116.943
1379,4.0791,,133.143,,116.657
1380,4.08221,,133.429,,116.371
1381,4.08531,,133.714,,116.086
1382,4.08842,,134,,115.8
1383,4.09135,,134,,115.571
1384,4.09429,,134,,115.343
1385,4.09722,,134,,115.114
1386,4.10016,,134,,114.886
1387,4.10309,,134,,114.657
1388,4.10603,,134,,114.429
1389,4.10896,,134,,114.2
1390,4.11256,,134.167,,114.833
1391,4.11617,,134.333,,115.467
1392,4.11977,,134.5,,116.1
1393,4.12337,,134.667,,116.733
1394,4.12698,,134.833,,117.367
1395,4.13058,,135,,118
1396,4.13393,,135,,118.633
1397,4.13729,,135,,119.267
1398,4.14064,,135,,119.9
1399,4.14399,,135,,120.533
1400,4.14735,,135,,121.167
1401,4.1507,,135,,121.8
1402,4.15393,,135,,122.143
1403,4.15716,,135,,122.486
1404,4.16039,,135,,122.829
1405,4.16362,,135,,123.171
1406,4.16685,,135,,123.514
1407,4.17008,,135,,123.857
1408,4.17331,,135,,124.2
1409,4.17648,,135,,123.857
1410,4.17965,,135,,123.514
1411,4.18282,,135,,123.171
1412,4.186,,135,,122.829
1413,4.18917,,135,,122.486
1414,4.19234,,135,,122.143
1415,4.19551,,135,,121.8
1416,4.19867,,135,,121.629
1417,4.20183,,135,,121.457
1418,4.20499,,135,,121.286
1419,4.20815,,135,,121.114
1420,4.21131,,135,,120.943
1421,4.21447,,135,,120.771
1422,4.21763,,135,,120.6
1423,4.22078,,135,,120.6
1424,4.22393,,135,,120.6
1425,4.22708,,135,,120.6
1426,4.23022,,135,,120.6
1427,4.23337,,135,,120.6
1428,4.23652,,135,,120.6
1429,4.23967,,135,,120.6
1430,4.24275,,135.143,,120.286
1431,4.24582,,135.286,,119.971
1432,4.2489,,135.429,,119.657
1433,4.25198,,135.571,,119.343
1434,4.25506,,135.714,,119.029
1435,4.25813,,135.857,,118.714
1436,4.26121,,136,,118.4
1437,4.26433,,135.857,,118.429
1438,4.26746,,135.714,,118.457
1439,4.27058,,135.571,,118.486
1440,4.27371,,135.429,,118.514
1441,4.27683,,135.286,,118.543
1442,4.27996,,135.143,,118.571
1443,4.28308,,135,,118.6
1444,4.28617,,134.857,,118.686
1445,4.28927,,134.714,,118.771
1446,4.29236,,134.571,,118.857
1447,4.29546,,134.429,,118.943
1448,4.29855,,134.286,,119.029
1449,4.30165,,134.143,,119.114
1450,4.30474,,134,,119.2
1451,4.30578,,134.5,,119.5
1452,4.30681,,135,,119.8
1453,4.30785,,135.5,,120.1
1454,4.30889,,136,,120.4
1455,4.30992,,136.5,,120.7
1456,4.31096,,137,,121
1457,4.3137,,137.125,,121.075
1458,4.31644,,137.25,,121.15
1459,4.31917,,137.375,,121.225
1460,4.32191,,137.5,,121.3
1461,4.32465,,137.625,,121.375
1462,4.32738,,137.75,,121.45
1463,4.33012,,137.875,,121.525
1464,4.33286,,138,,121.6
1465,4.33621,,138.333,,121.533
1466,4.33956,,138.667,,121.467
1467,4.34291,,139,,121.4
1468,4.34627,,139.333,,121.333
1469,4.34962,,139.667,,121.267
1470,4.35297,,140,,121.2
1471,4.35618,,140,,121.286
1472,4.3594,,140,,121.371
1473,4.36261,,140,,121.457
1474,4.36583,,140,,121.543
1475,4.36904,,140,,121.629
1476,4.37226,,140,,121.714
1477,4.37547,,140,,121.8
1478,4.37867,,140.143,,121.657
1479,4.38187,,140.286,,121.514
1480,4.38507,,140.429,,121.371
1481,4.38828,,140.571,,121.229
1482,4.39148,,140.714,,121.086
1483,4.39468,,140.857,,120.943
1484,4.39788,,141,,120.8
1485,4.40124,,140.833,,120.667
1486,4.4046,,140.667,,120.533
1487,4.40796,,140.5,,120.4
1488,4.41133,,140.333,,120.267
1489,4.41469,,140.167,,120.133
1490,4.41805,,140,,120
1491,4.42126,,140,,119.914
1492,4.42447,,140,,119.829
1493,4.42768,,140,,119.743
1494,4.4309,,140,,119.657
1495,4.43411,,140,,119.571
1496,4.43732,,140,,119.486
1497,4.44053,,140,,119.4
1498,4.44368,,139.571,,118.886
1499,4.44684,,139.143,,118.371
1500,4.44999,,138.714,,117.857
1501,4.45314,,138.286,,117.343
1502,4.45629,,137.857,,116.829
1503,4.45945,,137.429,,116.314
1504,4.4626,,137,,115.8
1505,4.46559,,136.571,,115.457
1506,4.46857,,136.143,,115.114
1507,4.47156,,135.714,,114.771
1508,4.47455,,135.286,,114.429
1509,4.47754,,134.857,,114.086
1510,4.48052,,134.429,,113.743
1511,4.48351,,134,,113.4
1512,4.48654,,133.857,,113.429
1513,4.48957,,133.714,,113.457
1514,4.4926,,133.571,,113.486
1515,4.49562,,133.429,,113.514
1516,4.49865,,133.286,,113.543
1517,4.50168,,133.143,,113.571
1518,4.50471,,133,,113.6
1519,4.50792,,132.857,,113.686
1520,4.51113,,132.714,,113.771
1521,4.51434,,132.571,,113.857
1522,4.51754,,132.429,,113.943
1523,4.52075,,132.286,,114.029
1524,4.52396,,132.143,,114.114
1525,4.52717,,132,,114.2
1526,4.53032,,132,,114.4
1527,4.53347,,132,,114.6
1528,4.53662,,132,,114.8
1529,4.53977,,132,,115
1530,4.54292,,132,,115.2
1531,4.54607,,132,,115.4
1532,4.54922,,132,,115.6
1533,4.55237,,132,,115.6
1534,4.55552,,132,,115.6
1535,4.55867,,132,,115.6
1536,4.56181,,132,,115.6
1537,4.56496,,132,,115.6
1538,4.56811,,132,,115.6
1539,4.57126,,132,,115.6
1540,4.57423,,131.857,,115.571
1541,4.57719,,131.714,,115.543
1542,4.58016,,131.571,,115.514
1543,4.58312,,131.429,,115.486
1544,4.58609,,131.286,,115.457
1545,4.58905,,131.143,,115.429
1546,4.59202,,131,,115.4
1547,4.59532,,131.286,,115.429
1548,4.59861,,131.571,,115.457
1549,4.60191,,131.857,,115.486
1550,4.60521,,132.143,,115.514
1551,4.60851,,132.429,,115.543
1552,4.6118,,132.714,,115.571
1553,4.6151,,133,,115.6
1554,4.61813,,132.714,,115.514
1555,4.62117,,132.429,,115.429
1556,4.6242,,132.143,,115.343
1557,4.62723,,131.857,,115.257
1558,4.63026,,131.571,,115.171
1559,4.6333,,131.286,,115.086
1560,4.63633,,131,,115
1561,4.63948,,131.143,,114.857
1562,4.64263,,131.286,,114.714
1563,4.64578,,131.429,,114.571
1564,4.64892,,131.571,,114.429
1565,4.65207,,131.714,,114.286
1566,4.65522,,131.857,,114.143
1567,4.65837,,132,,114
1568,4.66174,,131.857,,113.914
1569,4.6651,,131.714,,113.829
1570,4.66847,,131.571,,113.743
1571,4.67183,,131.429,,113.657
1572,4.6752,,131.286,,113.571
1573,4.67856,,131.143,,113.486
1574,4.68193,,131,,113.4
1575,4.68542,,131,,113.433
1576,4.68892,,131,,113.467
1577,4.69241,,131,,113.5
1578,4.6959,,131,,113.533
1579,4.6994,,131,,113.567
1580,4.70289,,131,,113.6
1581,4.7063,,130.833,,113.633
1582,4.7097,,130.667,,113.667
1583,4.71311,,130.5,,113.7
1584,4.71652,,130.333,,113.733
1585,4.71992,,130.167,,113.767
1586,4.72333,,130,,113.8
1587,4.72674,,130.75,,114.05
1588,4.73015,,131.5,,114.3
1589,4.73355,,132.25,,114.55
1590,4.73696,,133,,114.8
1591,4.74014,,133.143,,114.857
1592,4.74332,,133.286,,114.914
1593,4.7465,,133.429,,114.971
1594,4.74967,,133.571,,115.029
1595,4.75285,,133.714,,115.086
1596,4.75603,,133.857,,115.143
1597,4.75921,,134,,115.2
1598,4.76269,,133.833,,115.567
1599,4.76618,,133.667,,115.933
1600,4.76966,,133.5,,116.3
1601,4.77314,,133.333,,116.667
1602,4.77663,,133.167,,117.033
1603,4.78011,,133,,117.4
1604,4.78362,,133,,117.467
1605,4.78713,,133,,117.533
1606,4.79064,,133,,117.6
1607,4.79416,,133,,117.667
1608,4.79767,,133,,117.733
1609,4.80118,,133,,117.8
1610,4.80449,,133,,117.6
1611,4.8078,,133,,117.4
1612,4.81111,,133,,117.2
1613,4.81442,,133,,117
1614,4.81773,,133,,116.8
1615,4.82104,,133,,116.6
1616,4.82435,,133,,116.4
1617,4.82733,,133.143,,116.143
1618,4.83031,,133.286,,115.886
1619,4.83329,,133.429,,115.629
1620,4.83628,,133.571,,115.371
1621,4.83926,,133.714,,115.114
1622,4.84224,,133.857,,114.857
1623,4.84522,,134,,114.6
1624,4.84788,,134.125,,114.5
1625,4.85054,,134.25,,114.4
1626,4.85319,,134.375,,114.3
1627,4.85585,,134.5,,114.2
1628,4.85851,,134.625,,114.1
1629,4.86116,,134.75,,114
1630,4.86382,,134.875,,113.9
1631,4.86648,,135,,113.8
1632,4.86913,,135,,113.675
1633,4.87179,,135,,113.55
1634,4.87444,,135,,113.425
1635,4.8771,,135,,113.3
1636,4.87975,,135,,113.175
1637,4.8824,,135,,113.05
1638,4.88506,,135,,112.925
1639,4.88771,,135,,112.8
1640,4.89032,,135,,112.725
1641,4.89292,,135,,112.65
1642,4.89553,,135,,112.575
1643,4.89813,,135,,112.5
1644,4.90074,,135,,112.425
1645,4.90335,,135,,112.35
1646,4.90595,,135,,112.275
1647,4.90856,,135,,112.2
1648,4.91167,,134.857,,111.857
1649,4.91479,,134.714,,111.514
1650,4.9179,,134.571,,111.171
1651,4.92101,,134.429,,110.829
1652,4.92412,,134.286,,110.486
1653,4.92724,,134.143,,110.143
1654,4.93035,,134,,109.8
1655,4.93387,,134,,109.8
1656,4.9374,,134,,109.8
1657,4.94093,,134,,109.8
1658,4.94445,,134,,109.8
1659,4.94798,,134,,109.8
1660,4.9515,,134,,109.8
1661,4.95465,,133.857,,110.086
1662,4.9578,,133.714,,110.371
1663,4.96095,,133.571,,110.657
1664,4.9641,,133.429,,110.943
1665,4.96725,,133.286,,111.229
1666,4.9704,,133.143,,111.514
1667,4.97355,,133,,111.8
1668,4.97645,,133,,111.971
1669,4.97934,,133,,112.143
1670,4.98224,,133,,112.314
1671,4.98514,,133,,112.486
1672,4.98804,,133,,112.657
1673,4.99093,,133,,112.829
1674,4.99383,,133,,113
1675,4.99657,,133,,112.933
1676,4.9993,,133,,112.867
1677,5.00204,,133,,112.8
1678,5.0054,,133,,112.867
1679,5.00875,,133,,112.933
1680,5.01211,,133,,113
1681,5.01547,,133,,113.067
1682,5.01882,,133,,113.133
1683,5.02218,,133,,113.2
1684,5.02553,,133,,113.514
1685,5.02889,,133,,113.829
1686,5.03224,,133,,114.143
1687,5.0356,,133,,114.457
1688,5.03895,,133,,114.771
1689,5.04231,,133,,115.086
1690,5.04566,,133,,115.4
1691,5.04902,,132.857,,115.429
1692,5.05237,,132.714,,115.457
1693,5.05573,,132.571,,115.486
1694,5.05908,,132.429,,115.514
1695,5.06244,,132.286,,115.543
1696,5.06579,,132.143,,115.571
1697,5.06915,,132,,115.6
1698,5.07261,,131.833,,115.7
1699,5.07607,,131.667,,115.8
1700,5.07953,,131.5,,115.9
1701,5.083,,131.333,,116
1702,5.08646,,131.167,,116.1
1703,5.08992,,131,,116.2
1704,5.093,,131.143,,116.314
1705,5.09608,,131.286,,116.429
1706,5.09916,,131.429,,116.543
1707,5.10225,,131.571,,116.657
1708,5.10533,,131.714,,116.771
1709,5.10841,,131.857,,116.886
1710,5.11149,,132,,117
1711,5.11451,,132.143,,116.857
1712,5.11754,,132.286,,116.714
1713,5.12056,,132.429,,116.571
1714,5.12359,,132.571,,116.429
1715,5.12661,,132.714,,116.286
1716,5.12964,,132.857,,116.143
1717,5.13266,,133,,116
1718,5.13578,,133.143,,115.886
1719,5.1389,,133.286,,115.771
1720,5.14202,,133.429,,115.657
1721,5.14515,,133.571,,115.543
1722,5.14827,,133.714,,115.429
1723,5.15139,,133.857,,115.314
1724,5.15451,,134,,115.2
1725,5.15776,,134,,115.143
1726,5.16102,,134,,115.086
1727,5.16427,,134,,115.029
1728,5.16753,,134,,114.971
1729,5.17078,,134,,114.914
1730,5.17404,,134,,114.857
1731,5.17729,,134,,114.8
1732,5.18021,,133.714,,114.686
1733,5.18314,,133.429,,114.571
1734,5.18606,,133.143,,114.457
1735,5.18899,,132.857,,114.343
1736,5.19191,,132.571,,114.229
1737,5.19484,,132.286,,114.114
1738,5.19776,,132,,114
1739,5.20036,,132.375,,113.775
1740,5.20297,,132.75,,113.55
1741,5.20557,,133.125,,113.325
1742,5.20818,,133.5,,113.1
1743,5.21079,,133.875,,112.875
1744,5.21339,,134.25,,112.65
1745,5.216,,134.625,,112.425
1746,5.2186,,135,,112.2
1747,5.22154,,135,,112.257
1748,5.22449,,135,,112.314
1749,5.22743,,135,,112.371
1750,5.23037,,135,,112.429
1751,5.23331,,135,,112.486
1752,5.23626,,135,,112.543
1753,5.2392,,135,,112.6
1754,5.24214,,134.571,,112.857
1755,5.24509,,134.143,,113.114
1756,5.24803,,133.714,,113.371
1757,5.25097,,133.286,,113.629
1758,5.25391,,132.857,,113.886
1759,5.25686,,132.429,,114.143
1760,5.2598,,132,,114.4
1761,5.26315,,132.143,,114.714
1762,5.2665,,132.286,,115.029
1763,5.26985,,132.429,,115.343
1764,5.27319,,132.571,,115.657
1765,5.27654,,132.714,,115.971
1766,5.27989,,132.857,,116.286
1767,5.28324,,133,,116.6
1768,5.28652,,133,,116.943
1769,5.28981,,133,,117.286
1770,5.29309,,133,,117.629
1771,5.29637,,133,,117.971
1772,5.29965,,133,,118.314
1773,5.30294,,133,,118.657
1774,5.30622,,133,,119
1775,5.30927,,133,,119.286
1776,5.31231,,133,,119.571
1777,5.31536,,133,,119.857
1778,5.3184,,133,,120.143
1779,5.32145,,133,,120.429
1780,5.32449,,133,,120.714
1781,5.32754,,133,,121
1782,5.33073,,133,,120.771
1783,5.33393,,133,,120.543
1784,5.33712,,133,,120.314
1785,5.34031,,133,,120.086
1786,5.3435,,133,,119.857
1787,5.3467,,133,,119.629
1788,5.34989,,133,,119.4
1789,5.35302,,132.857,,119.286
1790,5.35614,,132.714,,119.171
1791,5.35927,,132.571,,119.057
1792,5.36239,,132.429,,118.943
1793,5.36552,,132.286,,118.829
1794,5.36864,,132.143,,118.714
1795,5.37177,,132,,118.6
1796,5.37487,,132.286,,118.886
1797,5.37798,,132.571,,119.171
1798,5.38108,,132.857,,119.457
1799,5.38418,,133.143,,119.743
1800,5.38728,,133.429,,120.029
1801,5.39039,,133.714,,120.314
1802,5.39349,,134,,120.6
1803,5.39623,,134,,120.575
1804,5.39897,,134,,120.55
1805,5.40171,,134,,120.525
1806,5.40446,,134,,120.5
1807,5.4072,,134,,120.475
1808,5.40994,,134,,120.45
1809,5.41268,,134,,120.425
1810,5.41542,,134,,120.4
1811,5.4189,,133.667,,120.267
1812,5.42237,,133.333,,120.133
1813,5.42585,,133,,120
1814,5.42933,,132.667,,119.867
1815,5.4328,,132.333,,119.733
1816,5.43628,,132,,119.6
1817,5.43987,,131.833,,119.4
1818,5.44347,,131.667,,119.2
1819,5.44707,,131.5,,119
1820,5.45066,,131.333,,118.8
1821,5.45425,,131.167,,118.6
1822,5.45785,,131,,118.4
1823,5.461,,131.143,,118.114
1824,5.46415,,131.286,,117.829
1825,5.4673,,131.429,,117.543
1826,5.47044,,131.571,,117.257
1827,5.47359,,131.714,,116.971
1828,5.47674,,131.857,,116.686
1829,5.47989,,132,,116.4
1830,5.48319,,132,,116.486
1831,5.4865,,132,,116.571
1832,5.4898,,132,,116.657
1833,5.49311,,132,,116.743
1834,5.49641,,132,,116.829
1835,5.49972,,132,,116.914
1836,5.50302,,132,,117
1837,5.50614,,132,,116.657
1838,5.50925,,132,,116.314
1839,5.51237,,132,,115.971
1840,5.51549,,132,,115.629
1841,5.51861,,132,,115.286
1842,5.52172,,132,,114.943
1843,5.52484,,132,,114.6
1844,5.52757,,132,,114.625
1845,5.5303,,132,,114.65
1846,5.53302,,132,,114.675
1847,5.53575,,132,,114.7
1848,5.53848,,132,,114.725
1849,5.5412,,132,,114.75
1850,5.54393,,132,,114.775
1851,5.54666,,132,,114.8
1852,5.54963,,132,,114.629
1853,5.55259,,132,,114.457
1854,5.55556,,132,,114.286
1855,5.55853,,132,,114.114
1856,5.5615,,132,,113.943
1857,5.56446,,132,,113.771
1858,5.56743,,132,,113.6
1859,5.57031,,132,,113.55
1860,5.57318,,132,,113.5
1861,5.57606,,132,,113.45
1862,5.57894,,132,,113.4
1863,5.58182,,132,,113.35
1864,5.58469,,132,,113.3
1865,5.58757,,132,,113.25
1866,5.59045,,132,,113.2
1867,5.59372,,132,,113.114
1868,5.597,,132,,113.029
1869,5.60027,,132,,112.943
1870,5.60354,,132,,112.857
1871,5.60681,,132,,112.771
1872,5.61009,,132,,112.686
1873,5.61336,,132,,112.6
1874,5.61642,,132,,112.657
1875,5.61947,,132,,112.714
1876,5.62253,,132,,112.771
1877,5.62558,,132,,112.829
1878,5.62864,,132,,112.886
1879,5.63169,,132,,112.943
1880,5.63475,,132,,113
1881,5.63792,,132.143,,113.514
1882,5.64108,,132.286,,114.029
1883,5.64425,,132.429,,114.543
1884,5.64742,,132.571,,115.057
1885,5.65059,,132.714,,115.571
1886,5.65375,,132.857,,116.086
1887,5.65692,,133,,116.6
1888,5.65994,,133.6,,117
1889,5.66296,,134.2,,117.4
1890,5.66599,,134.8,,117.8
1891,5.66901,,135.4,,118.2
1892,5.67203,,136,,118.6
1893,5.67491,,135.857,,118.486
1894,5.67778,,135.714,,118.371
1895,5.68066,,135.571,,118.257
1896,5.68353,,135.429,,118.143
1897,5.68641,,135.286,,118.029
1898,5.68928,,135.143,,117.914
1899,5.69216,,135,,117.8
1900,5.69518,,134.714,,118.314
1901,5.6982,,134.429,,118.829
1902,5.70122,,134.143,,119.343
1903,5.70424,,133.857,,119.857
1904,5.70726,,133.571,,120.371
1905,5.71028,,133.286,,120.886
1906,5.7133,,133,,121.4
1907,5.71648,,133,,121.571
1908,5.71966,,133,,121.743
1909,5.72284,,133,,121.914
1910,5.72602,,133,,122.086
1911,5.7292,,133,,122.257
1912,5.73238,,133,,122.429
1913,5.73556,,133,,122.6
1914,5.73881,,132.857,,122
1915,5.74206,,132.714,,121.4
1916,5.74531,,132.571,,120.8
1917,5.74856,,132.429,,120.2
1918,5.75181,,132.286,,119.6
1919,5.75506,,132.143,,119
1920,5.75831,,132,,118.4
1921,5.76143,,132.143,,118.314
1922,5.76454,,132.286,,118.229
1923,5.76766,,132.429,,118.143
1924,5.77078,,132.571,,118.057
1925,5.7739,,132.714,,117.971
1926,5.77701,,132.857,,117.886
1927,5.78013,,133,,117.8
1928,5.78331,,133,,117.771
1929,5.7865,,133,,117.743
1930,5.78968,,133,,117.714
1931,5.79286,,133,,117.686
1932,5.79604,,133,,117.657
1933,5.79923,,133,,117.629
1934,5.80241,,133,,117.6
1935,5.80531,,133,,117.2
1936,5.80822,,133,,116.8
1937,5.81112,,133,,116.4
1938,5.81402,,133,,116
1939,5.81692,,133,,115.6
1940,5.81983,,133,,115.2
1941,5.82273,,133,,114.8
1942,5.82561,,133,,114.286
1943,5.82848,,133,,113.771
1944,5.83136,,133,,113.257
1945,5.83424,,133,,112.743
1946,5.83712,,133,,112.229
1947,5.83999,,133,,111.714
1948,5.84287,,133,,111.2
1949,5.84586,,133,,110.914
1950,5.84886,,133,,110.629
1951,5.85185,,133,,110.343
1952,5.85484,,133,,110.057
1953,5.85783,,133,,109.771
1954,5.86083,,133,,109.486
1955,5.86382,,133,,109.2
1956,5.86707,,133,,109.457
1957,5.87031,,133,,109.714
1958,5.87356,,133,,109.971
1959,5.87681,,133,,110.229
1960,5.88006,,133,,110.486
1961,5.8833,,133,,110.743
1962,5.88655,,133,,111
1963,5.88979,,133,,111.429
1964,5.89304,,133,,111.857
1965,5.89628,,133,,112.286
1966,5.89953,,133,,112.714
1967,5.90277,,133,,113.143
1968,5.90602,,133,,113.571
1969,5.90926,,133,,114
1970,5.91256,,132.857,,114.286
1971,5.91586,,132.714,,114.571
1972,5.91916,,132.571,,114.857
1973,5.92247,,132.429,,115.143
1974,5.92577,,132.286,,115.429
1975,5.92907,,132.143,,115.714
1976,5.93237,,132,,116
1977,5.93569,,132.6,,116.04
1978,5.93901,,133.2,,116.08
1979,5.94233,,133.8,,116.12
1980,5.94565,,134.4,,116.16
1981,5.94897,,135,,116.2
1982,5.95228,,134.714,,116.343
1983,5.95559,,134.429,,116.486
1984,5.9589,,134.143,,116.629
1985,5.96221,,133.857,,116.771
1986,5.96552,,133.571,,116.914
1987,5.96883,,133.286,,117.057
1988,5.97214,,133,,117.2
1989,5.97552,,132.833,,117.167
1990,5.97891,,132.667,,117.133
1991,5.98229,,132.5,,117.1
1992,5.98568,,132.333,,117.067
1993,5.98907,,132.167,,117.033
1994,5.99245,,132,,117
1995,5.99565,,132.333,,116.933
1996,5.99885,,132.667,,116.867
1997,6.00205,,133,,116.8
1998,6.00522,,133,,116.657
1999,6.00838,,133,,116.514
2000,6.01155,,133,,116.371
2001,6.01472,,133,,116.229
2002,6.01789,,133,,116.086
2003,6.02105,,133,,115.943
2004,6.02422,,133,,115.8
2005,6.02727,,132.857,,115.629
2006,6.03033,,132.714,,115.457
2007,6.03338,,132.571,,115.286
2008,6.03644,,132.429,,115.114
2009,6.03949,,132.286,,114.943
2010,6.04255,,132.143,,114.771
2011,6.0456,,132,,114.6
2012,6.04872,,132,,114.057
2013,6.05183,,132,,113.514
2014,6.05495,,132,,112.971
2015,6.05807,,132,,112.429
2016,6.06119,,132,,111.886
2017,6.0643,,132,,111.343
2018,6.06742,,132,,110.8
2019,6.0704,,132.286,,110.514
2020,6.07338,,132.571,,110.229
2021,6.07636,,132.857,,109.943
2022,6.07935,,133.143,,109.657
2023,6.08233,,133.429,,109.371
2024,6.08531,,133.714,,109.086
2025,6.08829,,134,,108.8
2026,6.09154,,133.857,,108.914
2027,6.09478,,133.714,,109.029
2028,6.09803,,133.571,,109.143
2029,6.10128,,133.429,,109.257
2030,6.10453,,133.286,,109.371
2031,6.10777,,133.143,,109.486
2032,6.11102,,133,,109.6
2033,6.11453,,133,,109.833
2034,6.11804,,133,,110.067
2035,6.12155,,133,,110.3
2036,6.12506,,133,,110.533
2037,6.12857,,133,,110.767
2038,6.13208,,133,,111
2039,6.13585,,132.833,,111.333
2040,6.13963,,132.667,,111.667
2041,6.1434,,132.5,,112
2042,6.14717,,132.333,,112.333
2043,6.15095,,132.167,,112.667
2044,6.15472,,132,,113
2045,6.1578,,132,,112.886
2046,6.16088,,132,,112.771
2047,6.16396,,132,,112.657
2048,6.16705,,132,,112.543
2049,6.17013,,132,,112.429
2050,6.17321,,132,,112.314
2051,6.17629,,132,,112.2
2052,6.17926,,132.286,,112.571
2053,6.18222,,132.571,,112.943
2054,6.18519,,132.857,,113.314
2055,6.18816,,133.143,,113.686
2056,6.19113,,133.429,,114.057
2057,6.19409,,133.714,,114.429
2058,6.19706,,134,,114.8
2059,6.19987,,133.75,,115.2
2060,6.20267,,133.5,,115.6
2061,6.20548,,133.25,,116
2062,6.20829,,133,,116.4
2063,6.2111,,132.75,,116.8
2064,6.21391,,132.5,,117.2
2065,6.21671,,132.25,,117.6
2066,6.21952,,132,,118
2067,6.22261,,132,,117.857
2068,6.22571,,132,,117.714
2069,6.2288,,132,,117.571
2070,6.23189,,132,,117.429
2071,6.23498,,132,,117.286
2072,6.23808,,132,,117.143
2073,6.24117,,132,,117
2074,6.24423,,132.143,,116.857
2075,6.24729,,132.286,,116.714
2076,6.25035,,132.429,,116.571
2077,6.25342,,132.571,,116.429
2078,6.25648,,132.714,,116.286
2079,6.25954,,132.857,,116.143
2080,6.2626,,133,,116
2081,6.26554,,133.143,,115.714
2082,6.26847,,133.286,,115.429
2083,6.27141,,133.429,,115.143
2084,6.27435,,133.571,,114.857
2085,6.27729,,133.714,,114.571
2086,6.28022,,133.857,,114.286
2087,6.28316,,134,,114
2088,6.2861,,134.143,,113.486
2089,6.28905,,134.286,,112.971
2090,6.29199,,134.429,,112.457
2091,6.29493,,134.571,,111.943
2092,6.29787,,134.714,,111.429
2093,6.30082,,134.857,,110.914
2094,6.30376,,135,,110.4
2095,6.30711,,134.714,,109.8
2096,6.31046,,134.429,,109.2
2097,6.31381,,134.143,,108.6
2098,6.31715,,133.857,,108
2099,6.3205,,133.571,,107.4
2100,6.32385,,133.286,,106.8
2101,6.3272,,133,,106.2
2102,6.33098,,132.833,,106.7
2103,6.33475,,132.667,,107.2
2104,6.33853,,132.5,,107.7
2105,6.3423,,132.333,,108.2
2106,6.34607,,132.167,,108.7
2107,6.34985,,132,,109.2
2108,6.35344,,132.167,,109.733
2109,6.35702,,132.333,,110.267
2110,6.3606,,132.5,,110.8
2111,6.36419,,132.667,,111.333
2112,6.36777,,132.833,,111.867
2113,6.37136,,133,,112.4
2114,6.37471,,133,,112.333
2115,6.37806,,133,,112.267
2116,6.38142,,133,,112.2
2117,6.38477,,133,,112.133
2118,6.38812,,133,,112.067
2119,6.39147,,133,,112
2120,6.3944,,133,,111.971
2121,6.39732,,133,,111.943
2122,6.40025,,133,,111.914
2123,6.40317,,133,,111.886
2124,6.4061,,133,,111.857
2125,6.40902,,133,,111.829
2126,6.41195,,133,,111.8
2127,6.41501,,132.857,,111.857
2128,6.41808,,132.714,,111.914
2129,6.42114,,132.571,,111.971
2130,6.4242,,132.429,,112.029
2131,6.42726,,132.286,,112.086
2132,6.43033,,132.143,,112.143
2133,6.43339,,132,,112.2
2134,6.43632,,131.857,,112.314
2135,6.43926,,131.714,,112.429
2136,6.44219,,131.571,,112.543
2137,6.44512,,131.429,,112.657
2138,6.44805,,131.286,,112.771
2139,6.45099,,131.143,,112.886
2140,6.45392,,131,,113
2141,6.45691,,131.143,,112.486
2142,6.4599,,131.286,,111.971
2143,6.46289,,131.429,,111.457
2144,6.46587,,131.571,,110.943
2145,6.46886,,131.714,,110.429
2146,6.47185,,131.857,,109.914
2147,6.47484,,132,,109.4
2148,6.47837,,131.833,,108.8
2149,6.48189,,131.667,,108.2
2150,6.48542,,131.5,,107.6
2151,6.48895,,131.333,,107
2152,6.49247,,131.167,,106.4
2153,6.496,,131,,105.8
2154,6.49934,,130.833,,105.8
2155,6.50269,,130.667,,105.8
2156,6.50604,,130.5,,105.8
2157,6.50938,,130.333,,105.8
2158,6.51272,,130.167,,105.8
2159,6.51607,,130,,105.8
2160,6.51931,,129,,105.733
2161,6.52256,,128,,105.667
2162,6.5258,,127,,105.6
2163,6.52865,,127,,105.15
2164,6.53149,,127,,104.7
2165,6.53434,,127,,104.25
2166,6.53719,,127,,103.8
2167,6.54003,,127,,103.35
2168,6.54288,,127,,102.9
2169,6.54572,,127,,102.45
2170,6.54857,,127,,102
2171,6.55161,,128,,101.8
2172,6.55465,,129,,101.6
2173,6.55769,,130,,101.4
2174,6.56137,,130.333,,101.1
2175,6.56506,,130.667,,100.8
2176,6.56874,,131,,100.5
2177,6.57243,,131.333,,100.2
2178,6.57611,,131.667,,99.9
2179,6.5798,,132,,99.6
2180,6.58334,,132,,99.7333
2181,6.58689,,132,,99.8667
2182,6.59043,,132,,100
2183,6.59398,,132,,100.133
2184,6.59753,,132,,100.267
2185,6.60107,,132,,100.4
2186,6.60446,,131.667,,100.8
2187,6.60785,,131.333,,101.2
2188,6.61124,,131,,101.6
2189,6.61462,,130.667,,102
2190,6.61801,,130.333,,102.4
2191,6.6214,,130,,102.8
2192,6.62498,,130.167,,103.3
2193,6.62856,,130.333,,103.8
2194,6.63214,,130.5,,104.3
2195,6.63572,,130.667,,104.8
2196,6.6393,,130.833,,105.3
2197,6.64288,,131,,105.8
2198,6.64639,,130.833,,106.267
2199,6.64989,,130.667,,106.733
2200,6.6534,,130.5,,107.2
2201,6.65691,,130.333,,107.667
2202,6.66041,,130.167,,108.133
2203,6.66392,,130,,108.6
2204,6.66717,,130,,108.8
2205,6.67041,,130,,109
2206,6.67366,,130,,109.2
2207,6.67691,,130,,109.4
2208,6.68016,,130,,109.6
2209,6.6834,,130,,109.8
2210,6.68665,,130,,110
2211,6.68959,,130.143,,110.086
2212,6.69254,,130.286,,110.171
2213,6.69548,,130.429,,110.257
2214,6.69842,,130.571,,110.343
2215,6.70136,,130.714,,110.429
2216,6.70431,,130.857,,110.514
2217,6.70725,,131,,110.6
2218,6.71031,,131.143,,110.4
2219,6.71336,,131.286,,110.2
2220,6.71642,,131.429,,110
2221,6.71947,,131.571,,109.8
2222,6.72253,,131.714,,109.6
2223,6.72558,,131.857,,109.4
2224,6.72864,,132,,109.2
2225,6.73177,,131.857,,108.971
2226,6.7349,,131.714,,108.743
2227,6.73803,,131.571,,108.514
2228,6.74115,,131.429,,108.286
2229,6.74428,,131.286,,108.057
2230,6.74741,,131.143,,107.829
2231,6.75054,,131,,107.6
2232,6.7539,,131.167,,107.467
2233,6.75726,,131.333,,107.333
2234,6.76061,,131.5,,107.2
2235,6.76397,,131.667,,107.067
2236,6.76733,,131.833,,106.933
2237,6.77069,,132,,106.8
2238,6.77322,,131.75,,106.775
2239,6.77574,,131.5,,106.75
2240,6.77827,,131.25,,106.725
2241,6.78079,,131,,106.7
2242,6.78332,,130.75,,106.675
2243,6.78585,,130.5,,106.65
2244,6.78837,,130.25,,106.625
2245,6.7909,,130,,106.6
2246,6.79366,,130,,106.725
2247,6.79641,,130,,106.85
2248,6.79917,,130,,106.975
2249,6.80192,,130,,107.1
2250,6.80468,,130,,107.225
2251,6.80744,,130,,107.35
2252,6.81019,,130,,107.475
2253,6.81295,,130,,107.6
2254,6.81586,,130.143,,107.429
2255,6.81876,,130.286,,107.257
2256,6.82167,,130.429,,107.086
2257,6.82457,,130.571,,106.914
2258,6.82748,,130.714,,106.743
2259,6.83038,,130.857,,106.571
2260,6.83329,,131,,106.4
2261,6.83688,,130.833,,106.033
2262,6.84047,,130.667,,105.667
2263,6.84407,,130.5,,105.3
2264,6.84766,,130.333,,104.933
2265,6.85125,,130.167,,104.567
2266,6.85484,,130,,104.2
2267,6.85829,,130.167,,103.967
2268,6.86174,,130.333,,103.733
2269,6.86519,,130.5,,103.5
2270,6.86865,,130.667,,103.267
2271,6.8721,,130.833,,103.033
2272,6.87555,,131,,102.8
2273,6.87908,,131,,103.067
2274,6.88262,,131,,103.333
2275,6.88615,,131,,103.6
2276,6.88968,,131,,103.867
2277,6.89322,,131,,104.133
2278,6.89675,,131,,104.4
2279,6.89998,,131.143,,104.057
2280,6.90322,,131.286,,103.714
2281,6.90645,,131.429,,103.371
2282,6.90969,,131.571,,103.029
2283,6.91292,,131.714,,102.686
2284,6.91616,,131.857,,102.343
2285,6.91939,,132,,102
2286,6.92241,,132,,101.971
2287,6.92542,,132,,101.943
2288,6.92844,,132,,101.914
2289,6.93145,,132,,101.886
2290,6.93447,,132,,101.857
2291,6.93748,,132,,101.829
2292,6.9405,,132,,101.8
2293,6.94403,,131.667,,101.933
2294,6.94756,,131.333,,102.067
2295,6.9511,,131,,102.2
2296,6.95463,,130.667,,102.333
2297,6.95816,,130.333,,102.467
2298,6.96169,,130,,102.6
2299,6.96514,,130,,102.733
2300,6.96858,,130,,102.867
2301,6.97203,,130,,103
2302,6.97548,,130,,103.133
2303,6.97892,,130,,103.267
2304,6.98237,,130,,103.4
2305,6.98557,,130,,103.4
2306,6.98878,,130,,103.4
2307,6.99198,,130,,103.4
2308,6.99518,,130,,103.4
2309,6.99839,,130,,103.4
2310,7.00159,,130,,103.4
2311,7.00476,,129.857,,103.714
2312,7.00792,,129.714,,104.029
2313,7.01109,,129.571,,104.343
2314,7.01425,,129.429,,104.657
2315,7.01742,,129.286,,104.971
2316,7.02058,,129.143,,105.286
2317,7.02375,,129,,105.6
2318,7.02691,,129.143,,105.886
2319,7.03008,,129.286,,106.171
2320,7.03324,,129.429,,106.457
2321,7.0364,,129.571,,106.743
2322,7.03956,,129.714,,107.029
2323,7.04273,,129.857,,107.314
2324,7.04589,,130,,107.6
2325,7.04923,,130.333,,107.6
2326,7.05258,,130.667,,107.6
2327,7.05592,,131,,107.6
2328,7.05926,,131.333,,107.6
2329,7.06261,,131.667,,107.6
2330,7.06595,,132,,107.6
2331,7.06915,,132,,107.514
2332,7.07236,,132,,107.429
2333,7.07556,,132,,107.343
2334,7.07876,,132,,107.257
2335,7.08196,,132,,107.171
2336,7.08517,,132,,107.086
2337,7.08837,,132,,107
2338,7.0916,,132,,106.6
2339,7.09484,,132,,106.2
2340,7.09807,,132,,105.8
2341,7.10131,,132,,105.4
2342,7.10454,,132,,105
2343,7.10778,,132,,104.6
2344,7.11101,,132,,104.2
2345,7.11418,,131.857,,103.943
2346,7.11734,,131.714,,103.686
2347,7.12051,,131.571,,103.429
2348,7.12368,,131.429,,103.171
2349,7.12685,,131.286,,102.914
2350,7.13001,,131.143,,102.657
2351,7.13318,,131,,102.4
2352,7.13668,,130.833,,102.3
2353,7.14018,,130.667,,102.2
2354,7.14367,,130.5,,102.1
2355,7.14717,,130.333,,102
2356,7.15067,,130.167,,101.9
2357,7.15417,,130,,101.8
2358,7.15753,,130,,101.7
2359,7.1609,,130,,101.6
2360,7.16427,,130,,101.5
2361,7.16763,,130,,101.4
2362,7.17099,,130,,101.3
2363,7.17436,,130,,101.2
2364,7.17748,,130.5,,101.033
2365,7.18059,,131,,100.867
2366,7.1837,,131.5,,100.7
2367,7.18682,,132,,100.533
2368,7.18994,,132.5,,100.367
2369,7.19305,,133,,100.2
2370,7.19598,,133.286,,100
2371,7.19891,,133.571,,99.8
2372,7.20184,,133.857,,99.6
2373,7.20478,,134.143,,99.4
2374,7.20771,,134.429,,99.2
2375,7.21064,,134.714,,99
2376,7.21357,,135,,98.8
2377,7.21656,,135.143,,98.4
2378,7.21956,,135.286,,98
2379,7.22255,,135.429,,97.6
2380,7.22555,,135.571,,97.2
2381,7.22854,,135.714,,96.8
2382,7.23154,,135.857,,96.4
2383,7.23453,,136,,96
2384,7.23775,,136.143,,96.0571
2385,7.24096,,136.286,,96.1143
2386,7.24418,,136.429,,96.1714
2387,7.24739,,136.571,,96.2286
2388,7.25061,,136.714,,96.2857
2389,7.25382,,136.857,,96.3429
2390,7.25704,,137,,96.4
2391,7.26015,,136.857,,96.4571
2392,7.26327,,136.714,,96.5143
2393,7.26638,,136.571,,96.5714
2394,7.2695,,136.429,,96.6286
2395,7.27261,,136.286,,96.6857
2396,7.27573,,136.143,,96.7429
2397,7.27884,,136,,96.8
2398,7.28169,,135.75,,96.95
2399,7.28455,,135.5,,97.1
2400,7.2874,,135.25,,97.25
2401,7.29026,,135,,97.4
2402,7.29311,,134.75,,97.55
2403,7.29596,,134.5,,97.7
2404,7.29882,,134.25,,97.85
2405,7.30167,,134,,98
2406,7.30474,,134,,97.8571
2407,7.30781,,134,,97.7143
2408,7.31088,,134,,97.5714
2409,7.31394,,134,,97.4286
2410,7.31701,,134,,97.2857
2411,7.32008,,134,,97.1429
2412,7.32315,,134,,97
2413,7.32609,,134,,96.7714
2414,7.32902,,134,,96.5429
2415,7.33196,,134,,96.3143
2416,7.33489,,134,,96.0857
2417,7.33783,,134,,95.8571
2418,7.34076,,134,,95.6286
2419,7.3437,,134,,95.4
2420,7.34659,,134.286,,94.9143
2421,7.34949,,134.571,,94.4286
2422,7.35238,,134.857,,93.9429
2423,7.35527,,135.143,,93.4571
2424,7.35816,,135.429,,92.9714
2425,7.36106,,135.714,,92.4857
2426,7.36395,,136,,92
2427,7.36712,,136,,91.8857
2428,7.3703,,136,,91.7714
2429,7.37347,,136,,91.6571
2430,7.37664,,136,,91.5429
2431,7.37981,,136,,91.4286
2432,7.38299,,136,,91.3143
2433,7.38616,,136,,91.2
2434,7.38922,,136,,91.1714
2435,7.39229,,136,,91.1429
2436,7.39535,,136,,91.1143
2437,7.39841,,136,,91.0857
2438,7.40147,,136,,91.0571
2439,7.40454,,136,,91.0286
2440,7.4076,,136,,91
2441,7.41078,,135.857,,91.1429
2442,7.41395,,135.714,,91.2857
2443,7.41713,,135.571,,91.4286
2444,7.4203,,135.429,,91.5714
2445,7.42348,,135.286,,91.7143
2446,7.42665,,135.143,,91.8571
2447,7.42983,,135,,92
2448,7.43286,,135,,91.5143
2449,7.43589,,135,,91.0286
2450,7.43892,,135,,90.5429
2451,7.44195,,135,,90.0571
2452,7.44498,,135,,89.5714
2453,7.44801,,135,,89.0857
2454,7.45104,,135,,88.6
2455,7.4541,,135,,88.7429
2456,7.45716,,135,,88.8857
2457,7.46022,,135,,89.0286
2458,7.46328,,135,,89.1714
2459,7.46634,,135,,89.3143
2460,7.4694,,135,,89.4571
2461,7.47246,,135,,89.6
2462,7.47501,,135.125,,89.4
2463,7.47757,,135.25,,89.2
2464,7.48013,,135.375,,89
2465,7.48268,,135.5,,88.8
2466,7.48523,,135.625,,88.6
2467,7.48779,,135.75,,88.4
2468,7.49034,,135.875,,88.2
2469,7.4929,,136,,88
2470,7.49645,,135.833,,88.3333
2471,7.5,,135.667,,88.6667
2472,7.50356,,135.5,,89
2473,7.50711,,135.333,,89.3333
2474,7.51066,,135.167,,89.6667
2475,7.51421,,135,,90
2476,7.51822,,135,,90.4
2477,7.52224,,135,,90.8
2478,7.52625,,135,,91.2
2479,7.53027,,135,,91.6
2480,7.53428,,135,,92
2481,7.538,,135,,92.4
2482,7.54172,,135,,92.8
2483,7.54544,,135,,93.2
2484,7.54916,,135,,93.6
2485,7.55288,,135,,94
2486,7.5566,,135,,94.4
2487,7.56043,,135.167,,94.9667
2488,7.56427,,135.333,,95.5333
2489,7.5681,,135.5,,96.1
2490,7.57193,,135.667,,96.6667
2491,7.57577,,135.833,,97.2333
2492,7.5796,,136,,97.8
2493,7.58262,,135.857,,97.8571
2494,7.58565,,135.714,,97.9143
2495,7.58867,,135.571,,97.9714
2496,7.5917,,135.429,,98.0286
2497,7.59472,,135.286,,98.0857
2498,7.59775,,135.143,,98.1429
2499,7.60077,,135,,98.2
2500,7.60365,,135,,97.9429
2501,7.60653,,135,,97.6857
2502,7.60941,,135,,97.4286
2503,7.61228,,135,,97.1714
2504,7.61516,,135,,96.9143
2505,7.61804,,135,,96.6571
2506,7.62092,,135,,96.4
2507,7.6235,,134.75,,95.225
2508,7.62608,,134.5,,94.05
2509,7.62866,,134.25,,92.875
2510,7.63124,,134,,91.7
2511,7.63383,,133.75,,90.525
2512,7.63641,,133.5,,89.35
2513,7.63899,,133.25,,88.175
2514,7.64157,,133,,87
2515,7.64443,,133.143,,86.0857
2516,7.64729,,133.286,,85.1714
2517,7.65015,,133.429,,84.2571
2518,7.65302,,133.571,,83.3429
2519,7.65588,,133.714,,82.4286
2520,7.65874,,133.857,,81.5143
2521,7.6616,,134,,80.6
2522,7.66424,,133.875,,80.375
2523,7.66688,,133.75,,80.15
2524,7.66953,,133.625,,79.925
2525,7.67217,,133.5,,79.7
2526,7.67481,,133.375,,79.475
2527,7.67746,,133.25,,79.25
2528,7.6801,,133.125,,79.025
2529,7.68274,,133,,78.8
2530,7.68546,,133,,78.075
2531,7.68818,,133,,77.35
2532,7.6909,,133,,76.625
2533,7.69362,,133,,75.9
2534,7.69634,,133,,75.175
2535,7.69906,,133,,74.45
2536,7.70178,,133,,73.725
2537,7.7045,,133,,73
2538,7.70768,,133,,73.6
2539,7.71087,,133,,74.2
2540,7.71405,,133,,74.8
2541,7.71723,,133,,75.4
2542,7.72041,,133,,76
2543,7.7236,,133,,76.6
2544,7.72678,,133,,77.2
2545,7.73046,,133,,78.1667
2546,7.73413,,133,,79.1333
2547,7.7378,,133,,80.1
2548,7.74148,,133,,81.0667
2549,7.74515,,133,,82.0333
2550,7.74883,,133,,83
2551,7.75181,,132.857,,83.1714
2552,7.75479,,132.714,,83.3429
2553,7.75777,,132.571,,83.5143
2554,7.76076,,132.429,,83.6857
2555,7.76374,,132.286,,83.8571
2556,7.76672,,132.143,,84.0286
2557,7.7697,,132,,84.2
2558,7.77269,,131.714,,84.4286
2559,7.77569,,131.429,,84.6571
2560,7.77868,,131.143,,84.8857
2561,7.78167,,130.857,,85.1143
2562,7.78466,,130.571,,85.3429
2563,7.78766,,130.286,,85.5714
2564,7.79065,,130,,85.8
2565,7.79335,,130.25,,86.425
2566,7.79604,,130.5,,87.05
2567,7.79874,,130.75,,87.675
2568,7.80143,,131,,88.3
2569,7.80412,,131.25,,88.925
2570,7.80682,,131.5,,89.55
2571,7.80952,,131.75,,90.175
2572,7.81221,,132,,90.8
2573,7.81486,,132,,90.975
2574,7.81751,,132,,91.15
2575,7.82016,,132,,91.325
2576,7.82281,,132,,91.5
2577,7.82545,,132,,91.675
2578,7.8281,,132,,91.85
2579,7.83075,,132,,92.025
2580,7.8334,,132,,92.2
2581,7.83596,,132.25,,92.375
2582,7.83853,,132.5,,92.55
2583,7.84109,,132.75,,92.725
2584,7.84365,,133,,92.9
2585,7.84621,,133.25,,93.075
2586,7.84877,,133.5,,93.25
2587,7.85134,,133.75,,93.425
2588,7.8539,,134,,93.6
2589,7.85814,,133.8,,94.28
2590,7.86238,,133.6,,94.96
2591,7.86662,,133.4,,95.64
2592,7.87086,,133.2,,96.32
2593,7.8751,,133,,97
2594,7.87995,,132,,98.7333
2595,7.88479,,131,,100.467
2596,7.88964,,130,,102.2
2597,7.89384,,129.8,,103.28
2598,7.89804,,129.6,,104.36
2599,7.90223,,129.4,,105.44
2600,7.90643,,129.2,,106.52
2601,7.91063,,129,,107.6
2602,7.91485,,129,,107.64
2603,7.91908,,129,,107.68
2604,7.9233,,129,,107.72
2605,7.92753,,129,,107.76
2606,7.93175,,129,,107.8
2607,7.93548,,129,,107.767
2608,7.93922,,129,,107.733
2609,7.94295,,129,,107.7
2610,7.94669,,129,,107.667
2611,7.95043,,129,,107.633
2612,7.95416,,129,,107.6
2613,7.95764,,129.333,,107.167
2614,7.96112,,129.667,,106.733
2615,7.96461,,130,,106.3
2616,7.96809,,130.333,,105.867
2617,7.97157,,130.667,,105.433
2618,7.97505,,131,,105
2619,7.97851,,131.5,,104.967
2620,7.98198,,132,,104.933
2621,7.98544,,132.5,,104.9
2622,7.9889,,133,,104.867
2623,7.99237,,133.5,,104.833
2624,7.99583,,134,,104.8
2625,7.99894,,134,,104.9
2626,8.00205,,134,,105
2627,8.00484,,133.875,,104.9
2628,8.00763,,133.75,,104.8
2629,8.01042,,133.625,,104.7
2630,8.0132,,133.5,,104.6
2631,8.01599,,133.375,,104.5
2632,8.01878,,133.25,,104.4
2633,8.02157,,133.125,,104.3
2634,8.02436,,133,,104.2
2635,8.02755,,133.143,,103.914
2636,8.03073,,133.286,,103.629
2637,8.03392,,133.429,,103.343
2638,8.0371,,133.571,,103.057
2639,8.04029,,133.714,,102.771
2640,8.04347,,133.857,,102.486
2641,8.04666,,134,,102.2
2642,8.05001,,133.857,,102.4
2643,8.05335,,133.714,,102.6
2644,8.0567,,133.571,,102.8
2645,8.06005,,133.429,,103
2646,8.0634,,133.286,,103.2
2647,8.06674,,133.143,,103.4
2648,8.07009,,133,,103.6
2649,8.07317,,133.143,,103.571
2650,8.07626,,133.286,,103.543
2651,8.07934,,133.429,,103.514
2652,8.08243,,133.571,,103.486
2653,8.08551,,133.714,,103.457
2654,8.0886,,133.857,,103.429
2655,8.09168,,134,,103.4
2656,8.09441,,134,,103.2
2657,8.09714,,134,,103
2658,8.09987,,134,,102.8
2659,8.10261,,134,,102.6
2660,8.10534,,134,,102.4
2661,8.10807,,134,,102.2
2662,8.1108,,134,,102
2663,8.11353,,134,,101.8
2664,8.11639,,134,,101.743
2665,8.11925,,134,,101.686
2666,8.12211,,134,,101.629
2667,8.12498,,134,,101.571
2668,8.12784,,134,,101.514
2669,8.1307,,134,,101.457
2670,8.13356,,134,,101.4
2671,8.13672,,134,,101.514
2672,8.13989,,134,,101.629
2673,8.14305,,134,,101.743
2674,8.14622,,134,,101.857
2675,8.14938,,134,,101.971
2676,8.15255,,134,,102.086
2677,8.15571,,134,,102.2
2678,8.15847,,133.875,,102.35
2679,8.16124,,133.75,,102.5
2680,8.164,,133.625,,102.65
2681,8.16677,,133.5,,102.8
2682,8.16953,,133.375,,102.95
2683,8.1723,,133.25,,103.1
2684,8.17507,,133.125,,103.25
2685,8.17783,,133,,103.4
2686,8.1809,,132.857,,103.6
2687,8.18397,,132.714,,103.8
2688,8.18704,,132.571,,104
2689,8.19012,,132.429,,104.2
2690,8.19319,,132.286,,104.4
2691,8.19626,,132.143,,104.6
2692,8.19933,,132,,104.8
2693,8.20227,,132.143,,105
2694,8.20521,,132.286,,105.2
2695,8.20815,,132.429,,105.4
2696,8.2111,,132.571,,105.6
2697,8.21404,,132.714,,105.8
2698,8.21698,,132.857,,106
2699,8.21992,,133,,106.2
2700,8.22291,,133.5,,106.433
2701,8.22589,,134,,106.667
2702,8.22888,,134.5,,106.9
2703,8.23187,,135,,107.133
2704,8.23485,,135.5,,107.367
2705,8.23784,,136,,107.6
2706,8.24006,,135.75,,107.2
2707,8.24228,,135.5,,106.8
2708,8.2445,,135.25,,106.4
2709,8.24672,,135,,106
2710,8.24934,,134.875,,105.6
2711,8.25197,,134.75,,105.2
2712,8.25459,,134.625,,104.8
2713,8.25721,,134.5,,104.4
2714,8.25984,,134.375,,104
2715,8.26246,,134.25,,103.6
2716,8.26509,,134.125,,103.2
2717,8.26771,,134,,102.8
2718,8.27004,,134.75,,101.9
2719,8.27237,,135.5,,101
2720,8.27469,,136.25,,100.1
2721,8.27702,,137,,99.2
2722,8.27995,,137.143,,99.3429
2723,8.28288,,137.286,,99.4857
2724,8.28581,,137.429,,99.6286
2725,8.28875,,137.571,,99.7714
2726,8.29168,,137.714,,99.9143
2727,8.29461,,137.857,,100.057
2728,8.29754,,138,,100.2
2729,8.30048,,137.857,,100.4
2730,8.30341,,137.714,,100.6
2731,8.30635,,137.571,,100.8
2732,8.30929,,137.429,,101
2733,8.31223,,137.286,,101.2
2734,8.31516,,137.143,,101.4
2735,8.3181,,137,,101.6
2736,8.3208,,137.25,,101.45
2737,8.32351,,137.5,,101.3
2738,8.32621,,137.75,,101.15
2739,8.32891,,138,,101
2740,8.33162,,138.25,,100.85
2741,8.33432,,138.5,,100.7
2742,8.33703,,138.75,,100.55
2743,8.33973,,139,,100.4
2744,8.34263,,139.286,,100.771
2745,8.34552,,139.571,,101.143
2746,8.34842,,139.857,,101.514
2747,8.35131,,140.143,,101.886
2748,8.35421,,140.429,,102.257
2749,8.3571,,140.714,,102.629
2750,8.36,,141,,103
2751,8.3627,,141.375,,103.525
2752,8.3654,,141.75,,104.05
2753,8.36811,,142.125,,104.575
2754,8.37081,,142.5,,105.1
2755,8.37351,,142.875,,105.625
2756,8.37622,,143.25,,106.15
2757,8.37892,,143.625,,106.675
2758,8.38162,,144,,107.2
2759,8.38434,,144.25,,107.75
2760,8.38706,,144.5,,108.3
2761,8.38978,,144.75,,108.85
2762,8.3925,,145,,109.4
2763,8.39522,,145.25,,109.95
2764,8.39794,,145.5,,110.5
2765,8.40066,,145.75,,111.05
2766,8.40338,,146,,111.6
2767,8.40613,,146.125,,112.225
2768,8.40887,,146.25,,112.85
2769,8.41162,,146.375,,113.475
2770,8.41437,,146.5,,114.1
2771,8.41711,,146.625,,114.725
2772,8.41986,,146.75,,115.35
2773,8.4226,,146.875,,115.975
2774,8.42535,,147,,116.6
2775,8.42828,,147.286,,116.771
2776,8.43121,,147.571,,116.943
2777,8.43414,,147.857,,117.114
2778,8.43706,,148.143,,117.286
2779,8.43999,,148.429,,117.457
2780,8.44292,,148.714,,117.629
2781,8.44585,,149,,117.8
2782,8.44903,,149.143,,117.8
2783,8.45222,,149.286,,117.8
2784,8.4554,,149.429,,117.8
2785,8.45859,,149.571,,117.8
2786,8.46177,,149.714,,117.8
2787,8.46496,,149.857,,117.8
2788,8.46814,,150,,117.8
2789,8.47153,,150,,117.6
2790,8.47492,,150,,117.4
2791,8.47832,,150,,117.2
2792,8.48171,,150,,117
2793,8.4851,,150,,116.8
2794,8.48849,,150,,116.6
2795,8.49192,,150,,116.4
2796,8.49535,,150,,116.2
2797,8.49879,,150,,116
2798,8.50222,,150,,115.8
2799,8.50565,,150,,115.6
2800,8.50908,,150,,115.4
2801,8.51235,,150.143,,115.086
2802,8.51562,,150.286,,114.771
2803,8.51889,,150.429,,114.457
2804,8.52215,,150.571,,114.143
2805,8.52542,,150.714,,113.829
2806,8.52869,,150.857,,113.514
2807,8.53196,,151,,113.2
2808,8.53523,,151,,113.057
2809,8.5385,,151,,112.914
2810,8.54177,,151,,112.771
2811,8.54503,,151,,112.629
2812,8.5483,,151,,112.486
2813,8.55157,,151,,112.343
2814,8.55484,,151,,112.2
2815,8.55789,,150.857,,112.114
2816,8.56095,,150.714,,112.029
2817,8.564,,150.571,,111.943
2818,8.56706,,150.429,,111.857
2819,8.57011,,150.286,,111.771
2820,8.57317,,150.143,,111.686
2821,8.57622,,150,,111.6
2822,8.57944,,149.857,,111.657
2823,8.58265,,149.714,,111.714
2824,8.58587,,149.571,,111.771
2825,8.58909,,149.429,,111.829
2826,8.59231,,149.286,,111.886
2827,8.59552,,149.143,,111.943
2828,8.59874,,149,,112
2829,8.6018,,148.714,,111.857
2830,8.60486,,148.429,,111.714
2831,8.60792,,148.143,,111.571
2832,8.61099,,147.857,,111.429
2833,8.61405,,147.571,,111.286
2834,8.61711,,147.286,,111.143
2835,8.62017,,147,,111
2836,8.62346,,146,,110.933
2837,8.62674,,145,,110.867
2838,8.63003,,144,,110.8
2839,8.63308,,143.714,,110.657
2840,8.63612,,143.429,,110.514
2841,8.63917,,143.143,,110.371
2842,8.64221,,142.857,,110.229
2843,8.64526,,142.571,,110.086
2844,8.6483,,142.286,,109.943
2845,8.65135,,142,,109.8
2846,8.65445,,141.857,,109.571
2847,8.65755,,141.714,,109.343
2848,8.66065,,141.571,,109.114
2849,8.66374,,141.429,,108.886
2850,8.66684,,141.286,,108.657
2851,8.66994,,141.143,,108.429
2852,8.67304,,141,,108.2
2853,8.67563,,140.75,,108.1
2854,8.67822,,140.5,,108
2855,8.68081,,140.25,,107.9
2856,8.6834,,140,,107.8
2857,8.68598,,139.75,,107.7
2858,8.68857,,139.5,,107.6
2859,8.69116,,139.25,,107.5
2860,8.69375,,139,,107.4
2861,8.69585,,139,,107.2
2862,8.69848,,138.75,,107.125
2863,8.7011,,138.5,,107.05
2864,8.70373,,138.25,,106.975
2865,8.70635,,138,,106.9
2866,8.70898,,137.75,,106.825
2867,8.7116,,137.5,,106.75
2868,8.71423,,137.25,,106.675
2869,8.71685,,137,,106.6
2870,8.71962,,136.5,,106.733
2871,8.72238,,136,,106.867
2872,8.72515,,135.5,,107
2873,8.72792,,135,,107.133
2874,8.73068,,134.5,,107.267
2875,8.73345,,134,,107.4
2876,8.73612,,133.75,,107.25
2877,8.7388,,133.5,,107.1
2878,8.74147,,133.25,,106.95
2879,8.74415,,133,,106.8
2880,8.74682,,132.75,,106.65
2881,8.7495,,132.5,,106.5
2882,8.75217,,132.25,,106.35
2883,8.75485,,132,,106.2
2884,8.7578,,132,,106.229
2885,8.76074,,132,,106.257
2886,8.76369,,132,,106.286
2887,8.76664,,132,,106.314
2888,8.76959,,132,,106.343
2889,8.77253,,132,,106.371
2890,8.77548,,132,,106.4
2891,8.77841,,131.857,,106.314
2892,8.78134,,131.714,,106.229
2893,8.78427,,131.571,,106.143
2894,8.78721,,131.429,,106.057
2895,8.79014,,131.286,,105.971
2896,8.79307,,131.143,,105.886
2897,8.796,,131,,105.8
2898,8.79946,,130.833,,105.467
2899,8.80292,,130.667,,105.133
2900,8.80638,,130.5,,104.8
2901,8.80984,,130.333,,104.467
2902,8.8133,,130.167,,104.133
2903,8.81676,,130,,103.8
2904,8.82012,,129.667,,104.067
2905,8.82348,,129.333,,104.333
2906,8.82684,,129,,104.6
2907,8.8302,,128.667,,104.867
2908,8.83356,,128.333,,105.133
2909,8.83692,,128,,105.4
2910,8.84017,,128,,105.6
2911,8.84343,,128,,105.8
2912,8.84668,,128,,106
2913,8.84993,,128,,106.2
2914,8.85318,,128,,106.4
2915,8.85644,,128,,106.6
2916,8.85969,,128,,106.8
2917,8.86287,,127.857,,106.829
2918,8.86604,,127.714,,106.857
2919,8.86922,,127.571,,106.886
2920,8.8724,,127.429,,106.914
2921,8.87558,,127.286,,106.943
2922,8.87875,,127.143,,106.971
2923,8.88193,,127,,107
2924,8.88411,,126.4,,106.88
2925,8.8863,,125.8,,106.76
2926,8.88848,,125.2,,106.64
2927,8.89067,,124.6,,106.52
2928,8.89285,,124,,106.4
2929,8.89565,,124.375,,105.7
2930,8.89845,,124.75,,105
2931,8.90125,,125.125,,104.3
2932,8.90405,,125.5,,103.6
2933,8.90686,,125.875,,102.9
2934,8.90966,,126.25,,102.2
2935,8.91246,,126.625,,101.5
2936,8.91526,,127,,100.8
2937,8.91803,,129,,99.6
2938,8.92079,,131,,98.4
2939,8.92367,,131.6,,98.2
2940,8.92654,,132.2,,98
2941,8.92942,,132.8,,97.8
2942,8.93229,,133.4,,97.6
2943,8.93517,,134,,97.4
2944,8.9378,,134.375,,97.2
2945,8.94042,,134.75,,97
2946,8.94305,,135.125,,96.8
2947,8.94568,,135.5,,96.6
2948,8.94831,,135.875,,96.4
2949,8.95093,,136.25,,96.2
2950,8.95356,,136.625,,96
2951,8.95619,,137,,95.8
2952,8.9587,,137.6,,95.76
2953,8.96121,,138.2,,95.72
2954,8.96373,,138.8,,95.68
2955,8.96624,,139.4,,95.64
2956,8.96875,,140,,95.6
2957,8.97187,,140.143,,95.8857
2958,8.97498,,140.286,,96.1714
2959,8.9781,,140.429,,96.4571
2960,8.98122,,140.571,,96.7429
2961,8.98434,,140.714,,97.0286
2962,8.98745,,140.857,,97.3143
2963,8.99057,,141,,97.6
2964,8.99365,,141,,97.45
2965,8.99673,,141,,97.3
2966,8.99981,,141,,97.15
2967,9.00289,,141,,97
2968,9.00598,,141,,96.8571
2969,9.00906,,141,,96.7143
2970,9.01215,,141,,96.5714
2971,9.01524,,141,,96.4286
2972,9.01833,,141,,96.2857
2973,9.02141,,141,,96.1429
2974,9.0245,,141,,96
2975,9.02765,,141.143,,95.8286
2976,9.0308,,141.286,,95.6571
2977,9.03395,,141.429,,95.4857
2978,9.03709,,141.571,,95.3143
2979,9.04024,,141.714,,95.1429
2980,9.04339,,141.857,,94.9714
2981,9.04654,,142,,94.8
2982,9.04947,,142.286,,94.2286
2983,9.05239,,142.571,,93.6571
2984,9.05532,,142.857,,93.0857
2985,9.05825,,143.143,,92.5143
2986,9.06118,,143.429,,91.9429
2987,9.0641,,143.714,,91.3714
2988,9.06703,,144,,90.8
2989,9.07024,,144.143,,90.8571
2990,9.07345,,144.286,,90.9143
2991,9.07666,,144.429,,90.9714
2992,9.07988,,144.571,,91.0286
2993,9.08309,,144.714,,91.0857
2994,9.0863,,144.857,,91.1429
2995,9.08951,,145,,91.2
2996,9.09286,,145,,91.4667
2997,9.09621,,145,,91.7333
2998,9.09956,,145,,92
2999,9.1029,,145,,92.2667
3000,9.10625,,145,,92.5333
3001,9.1096,,145,,92.8
3002,9.11278,,145,,93.4286
3003,9.11595,,145,,94.0571
3004,9.11913,,145,,94.6857
3005,9.12231,,145,,95.3143
3006,9.12549,,145,,95.9429
3007,9.12866,,145,,96.5714
3008,9.13184,,145,,97.2
3009,9.13458,,145,,97.5333
3010,9.13731,,145,,97.8667
3011,9.14005,,145,,98.2
3012,9.14313,,145.286,,98.5714
3013,9.1462,,145.571,,98.9429
3014,9.14928,,145.857,,99.3143
3015,9.15236,,146.143,,99.6857
3016,9.15544,,146.429,,100.057
3017,9.15851,,146.714,,100.429
3018,9.16159,,147,,100.8
3019,9.16485,,146.857,,101.6
3020,9.16812,,146.714,,102.4
3021,9.17138,,146.571,,103.2
3022,9.17465,,146.429,,104
3023,9.17791,,146.286,,104.8
3024,9.18118,,146.143,,105.6
3025,9.18444,,146,,106.4
3026,9.18761,,146.143,,106.829
3027,9.19077,,146.286,,107.257
3028,9.19394,,146.429,,107.686
3029,9.19711,,146.571,,108.114
3030,9.20028,,146.714,,108.543
3031,9.20344,,146.857,,108.971
3032,9.20661,,147,,109.4
3033,9.20958,,147.286,,109.886
3034,9.21254,,147.571,,110.371
3035,9.21551,,147.857,,110.857
3036,9.21848,,148.143,,111.343
3037,9.22145,,148.429,,111.829
3038,9.22441,,148.714,,112.314
3039,9.22738,,149,,112.8
3040,9.23043,,149,,112.914
3041,9.23348,,149,,113.029
3042,9.23653,,149,,113.143
3043,9.23959,,149,,113.257
3044,9.24264,,149,,113.371
3045,9.24569,,149,,113.486
3046,9.24874,,149,,113.6
3047,9.25164,,149,,113.571
3048,9.25454,,149,,113.543
3049,9.25744,,149,,113.514
3050,9.26033,,149,,113.486
3051,9.26323,,149,,113.457
3052,9.26613,,149,,113.429
3053,9.26903,,149,,113.4
3054,9.27189,,148.857,,113.514
3055,9.27476,,148.714,,113.629
3056,9.27762,,148.571,,113.743
3057,9.28049,,148.429,,113.857
3058,9.28335,,148.286,,113.971
3059,9.28622,,148.143,,114.086
3060,9.28908,,148,,114.2
3061,9.29171,,148.125,,114.425
3062,9.29433,,148.25,,114.65
3063,9.29696,,148.375,,114.875
3064,9.29959,,148.5,,115.1
3065,9.30221,,148.625,,115.325
3066,9.30484,,148.75,,115.55
3067,9.30746,,148.875,,115.775
3068,9.31009,,149,,116
3069,9.31243,,148.778,,115.956
3070,9.31478,,148.556,,115.911
3071,9.31712,,148.333,,115.867
3072,9.31947,,148.111,,115.822
3073,9.32181,,147.889,,115.778
3074,9.32416,,147.667,,115.733
3075,9.3265,,147.444,,115.689
3076,9.32885,,147.222,,115.644
3077,9.33119,,147,,115.6
3078,9.33407,,147.143,,115.657
3079,9.33695,,147.286,,115.714
3080,9.33983,,147.429,,115.771
3081,9.3427,,147.571,,115.829
3082,9.34558,,147.714,,115.886
3083,9.34846,,147.857,,115.943
3084,9.35134,,148,,116
3085,9.35459,,147.857,,116.086
3086,9.35784,,147.714,,116.171
3087,9.36109,,147.571,,116.257
3088,9.36435,,147.429,,116.343
3089,9.3676,,147.286,,116.429
3090,9.37085,,147.143,,116.514
3091,9.3741,,147,,116.6
3092,9.37717,,147,,116.514
3093,9.38023,,147,,116.429
3094,9.3833,,147,,116.343
3095,9.38636,,147,,116.257
3096,9.38943,,147,,116.171
3097,9.39249,,147,,116.086
3098,9.39556,,147,,116
3099,9.39868,,146.857,,116
3100,9.40181,,146.714,,116
3101,9.40493,,146.571,,116
3102,9.40805,,146.429,,116
3103,9.41117,,146.286,,116
3104,9.4143,,146.143,,116
3105,9.41742,,146,,116
3106,9.42057,,145.714,,116.057
3107,9.42371,,145.429,,116.114
3108,9.42686,,145.143,,116.171
3109,9.43001,,144.857,,116.229
3110,9.43316,,144.571,,116.286
3111,9.4363,,144.286,,116.343
3112,9.43945,,144,,116.4
3113,9.44261,,143.857,,116.4
3114,9.44577,,143.714,,116.4
3115,9.44893,,143.571,,116.4
3116,9.4521,,143.429,,116.4
3117,9.45526,,143.286,,116.4
3118,9.45842,,143.143,,116.4
3119,9.46158,,143,,116.4
3120,9.46449,,142.857,,116.257
3121,9.4674,,142.714,,116.114
3122,9.47031,,142.571,,115.971
3123,9.47323,,142.429,,115.829
3124,9.47614,,142.286,,115.686
3125,9.47905,,142.143,,115.543
3126,9.48196,,142,,115.4
3127,9.48476,,141.714,,115.457
3128,9.48755,,141.429,,115.514
3129,9.49035,,141.143,,115.571
3130,9.49315,,140.857,,115.629
3131,9.49595,,140.571,,115.686
3132,9.49874,,140.286,,115.743
3133,9.50154,,140,,115.8
3134,9.50248,,139.5,,116
3135,9.50342,,139,,116.2
3136,9.50586,,139,,116.378
3137,9.5083,,139,,116.556
3138,9.51074,,139,,116.733
3139,9.51318,,139,,116.911
3140,9.51561,,139,,117.089
3141,9.51805,,139,,117.267
3142,9.52049,,139,,117.444
3143,9.52293,,139,,117.622
3144,9.52537,,139,,117.8
3145,9.52824,,139.25,,117.475
3146,9.53112,,139.5,,117.15
3147,9.53399,,139.75,,116.825
3148,9.53687,,140,,116.5
3149,9.53974,,140.25,,116.175
3150,9.54261,,140.5,,115.85
3151,9.54549,,140.75,,115.525
3152,9.54836,,141,,115.2
3153,9.55146,,140.857,,114.914
3154,9.55457,,140.714,,114.629
3155,9.55767,,140.571,,114.343
3156,9.56077,,140.429,,114.057
3157,9.56387,,140.286,,113.771
3158,9.56698,,140.143,,113.486
3159,9.57008,,140,,113.2
3160,9.57326,,139.4,,113.52
3161,9.57643,,138.8,,113.84
3162,9.57961,,138.2,,114.16
3163,9.58278,,137.6,,114.48
3164,9.58596,,137,,114.8
3165,9.5893,,137.167,,114.833
3166,9.59265,,137.333,,114.867
3167,9.59599,,137.5,,114.9
3168,9.59933,,137.667,,114.933
3169,9.60268,,137.833,,114.967
3170,9.60602,,138,,115
3171,9.60941,,137.833,,114.9
3172,9.61279,,137.667,,114.8
3173,9.61618,,137.5,,114.7
3174,9.61957,,137.333,,114.6
3175,9.62295,,137.167,,114.5
3176,9.62634,,137,,114.4
3177,9.62955,,136.857,,114.171
3178,9.63276,,136.714,,113.943
3179,9.63597,,136.571,,113.714
3180,9.63918,,136.429,,113.486
3181,9.64239,,136.286,,113.257
3182,9.6456,,136.143,,113.029
3183,9.64881,,136,,112.8
3184,9.65147,,136.25,,112.5
3185,9.65414,,136.5,,112.2
3186,9.6568,,136.75,,111.9
3187,9.65946,,137,,111.6
3188,9.66212,,137.25,,111.3
3189,9.66478,,137.5,,111
3190,9.66745,,137.75,,110.7
3191,9.67011,,138,,110.4
3192,9.67285,,138,,110.05
3193,9.67559,,138,,109.7
3194,9.67834,,138,,109.35
3195,9.68108,,138,,109
3196,9.68382,,138,,108.65
3197,9.68656,,138,,108.3
3198,9.68931,,138,,107.95
3199,9.69205,,138,,107.6
3200,9.69555,,137.667,,107.267
3201,9.69905,,137.333,,106.933
3202,9.70255,,137,,106.6
3203,9.70604,,136.667,,106.267
3204,9.70954,,136.333,,105.933
3205,9.71304,,136,,105.6
3206,9.71664,,135.833,,105.5
3207,9.72024,,135.667,,105.4
3208,9.72384,,135.5,,105.3
3209,9.72744,,135.333,,105.2
3210,9.73104,,135.167,,105.1
3211,9.73464,,135,,105
3212,9.73845,,134.667,,105.167
3213,9.74225,,134.333,,105.333
3214,9.74606,,134,,105.5
3215,9.74987,,133.667,,105.667
3216,9.75367,,133.333,,105.833
3217,9.75748,,133,,106
3218,9.76104,,132.833,,106.2
3219,9.76459,,132.667,,106.4
3220,9.76815,,132.5,,106.6
3221,9.77171,,132.333,,106.8
3222,9.77526,,132.167,,107
3223,9.77882,,132,,107.2
3224,9.78203,,131.714,,107.2
3225,9.78523,,131.429,,107.2
3226,9.78844,,131.143,,107.2
3227,9.79165,,130.857,,107.2
3228,9.79486,,130.571,,107.2
3229,9.79806,,130.286,,107.2
3230,9.80127,,130,,107.2
3231,9.80454,,130,,106.8
3232,9.80781,,130,,106.4
3233,9.81108,,130,,106
3234,9.81436,,130,,105.6
3235,9.81763,,130,,105.2
3236,9.8209,,130,,104.8
3237,9.82417,,130,,104.4
3238,9.82722,,129.714,,104.4
3239,9.83026,,129.429,,104.4
3240,9.83331,,129.143,,104.4
3241,9.83636,,128.857,,104.4
3242,9.83941,,128.571,,104.4
3243,9.84245,,128.286,,104.4
3244,9.8455,,128,,104.4
3245,9.84826,,127.8,,105.12
3246,9.85101,,127.6,,105.84
3247,9.85377,,127.4,,106.56
3248,9.85652,,127.2,,107.28
3249,9.85928,,127,,108
3250,9.86214,,127,,108.571
3251,9.865,,127,,109.143
3252,9.86786,,127,,109.714
3253,9.87071,,127,,110.286
3254,9.87357,,127,,110.857
3255,9.87643,,127,,111.429
3256,9.87929,,127,,112
3257,9.88255,,127.143,,112.343
3258,9.8858,,127.286,,112.686
3259,9.88906,,127.429,,113.029
3260,9.89231,,127.571,,113.371
3261,9.89557,,127.714,,113.714
3262,9.89882,,127.857,,114.057
3263,9.90208,,128,,114.4
3264,9.90515,,127.857,,114.457
3265,9.90823,,127.714,,114.514
3266,9.9113,,127.571,,114.571
3267,9.91437,,127.429,,114.629
3268,9.91744,,127.286,,114.686
3269,9.92052,,127.143,,114.743
3270,9.92359,,127,,114.8
3271,9.92646,,127,,114.629
3272,9.92932,,127,,114.457
3273,9.93219,,127,,114.286
3274,9.93506,,127,,114.114
3275,9.93793,,127,,113.943
3276,9.94079,,127,,113.771
3277,9.94366,,127,,113.6
3278,9.94685,,126.857,,113.314
3279,9.95004,,126.714,,113.029
3280,9.95323,,126.571,,112.743
3281,9.95641,,126.429,,112.457
3282,9.9596,,126.286,,112.171
3283,9.96279,,126.143,,111.886
3284,9.96598,,126,,111.6
3285,9.96891,,125.857,,111.543
3286,9.97183,,125.714,,111.486
3287,9.97476,,125.571,,111.429
3288,9.97768,,125.429,,111.371
3289,9.98061,,125.286,,111.314
3290,9.98353,,125.143,,111.257
3291,9.98646,,125,,111.2
3292,9.98955,,125,,110.64
3293,9.99265,,125,,110.08
3294,9.99574,,125,,109.52
3295,9.99884,,125,,108.96
3296,10.0019,,125,,108.4
3297,10.0046,,125,,108.35
3298,10.0073,,125,,108.3
3299,10.01,,125,,108.25
3300,10.0127,,125,,108.2
3301,10.0154,,125,,108.15
3302,10.0181,,125,,108.1
3303,10.0208,,125,,108.05
3304,10.0235,,125,,108
3305,10.0263,,125.25,,107.425
3306,10.0291,,125.5,,106.85
3307,10.0318,,125.75,,106.275
3308,10.0346,,126,,105.7
3309,10.0374,,126.25,,105.125
3310,10.0402,,126.5,,104.55
3311,10.0429,,126.75,,103.975
3312,10.0457,,127,,103.4
3313,10.0494,,127,,103.133
3314,10.0531,,127,,102.867
3315,10.0568,,127,,102.6
3316,10.0605,,127,,102.333
3317,10.0641,,127,,102.067
3318,10.0678,,127,,101.8
3319,10.0714,,126.667,,101.833
3320,10.0749,,126.333,,101.867
3321,10.0784,,126,,101.9
3322,10.0819,,125.667,,101.933
3323,10.0854,,125.333,,101.967
3324,10.089,,125,,102
3325,10.0913,,125,,102.367
3326,10.0936,,125,,102.733
3327,10.096,,125,,103.1
3328,10.0983,,125,,103.467
3329,10.1007,,125,,103.833
3330,10.103,,125,,104.2
3331,10.1056,,125.6,,104
3332,10.1082,,126.2,,103.8
3333,10.1108,,126.8,,103.6
3334,10.1134,,127.4,,103.4
3335,10.1161,,128,,103.2
3336,10.1187,,128.25,,103.35
3337,10.1213,,128.5,,103.5
3338,10.124,,128.75,,103.65
3339,10.1266,,129,,103.8
3340,10.1292,,129.333,,103.8
3341,10.1318,,129.667,,103.8
3342,10.1344,,130,,103.8
3343,10.137,,130.333,,103.8
3344,10.1396,,130.667,,103.8
3345,10.1422,,131,,103.8
3346,10.1448,,131.75,,103.95
3347,10.1474,,132.5,,104.1
3348,10.15,,133.25,,104.25
3349,10.1525,,134,,104.4
3350,10.1553,,134.75,,104.3
3351,10.1582,,135.5,,104.2
3352,10.161,,136.25,,104.1
3353,10.1638,,137,,104
3354,10.1669,,137.5,,104.267
3355,10.1699,,138,,104.533
3356,10.173,,138.5,,104.8
3357,10.1761,,139,,105.067
3358,10.1791,,139.5,,105.333
3359,10.1822,,140,,105.6
3360,10.1854,,140.143,,106.029
3361,10.1885,,140.286,,106.457
3362,10.1916,,140.429,,106.886
3363,10.1948,,140.571,,107.314
3364,10.1979,,140.714,,107.743
3365,10.201,,140.857,,108.171
3366,10.2042,,141,,108.6
3367,10.207,,141.5,,108.767
3368,10.2099,,142,,108.933
3369,10.2127,,142.5,,109.1
3370,10.2156,,143,,109.267
3371,10.2185,,143.5,,109.433
3372,10.2213,,144,,109.6
3373,10.2243,,144,,109.686
3374,10.2272,,144,,109.771
3375,10.2301,,144,,109.857
3376,10.233,,144,,109.943
3377,10.2359,,144,,110.029
3378,10.2388,,144,,110.114
3379,10.2417,,144,,110.2
3380,10.244,,144,,110.156
3381,10.2463,,144,,110.111
3382,10.2486,,144,,110.067
3383,10.2509,,144,,110.022
3384,10.2532,,144,,109.978
3385,10.2555,,144,,109.933
3386,10.2578,,144,,109.889
3387,10.2601,,144,,109.844
3388,10.2624,,144,,109.8
3389,10.265,,143.889,,109.622
3390,10.2675,,143.778,,109.444
3391,10.2701,,143.667,,109.267
3392,10.2727,,143.556,,109.089
3393,10.2753,,143.444,,108.911
3394,10.2779,,143.333,,108.733
3395,10.2804,,143.222,,108.556
3396,10.283,,143.111,,108.378
3397,10.2856,,143,,108.2
3398,10.2883,,143.25,,108.4
3399,10.291,,143.5,,108.6
3400,10.2937,,143.75,,108.8
3401,10.2965,,144,,109
3402,10.2992,,144.25,,109.2
3403,10.3019,,144.5,,109.4
3404,10.3046,,144.75,,109.6
3405,10.3073,,145,,109.8
3406,10.3102,,145.429,,109.543
3407,10.3131,,145.857,,109.286
3408,10.3161,,146.286,,109.029
3409,10.319,,146.714,,108.771
3410,10.3219,,147.143,,108.514
3411,10.3248,,147.571,,108.257
3412,10.3277,,148,,108
3413,10.3312,,148.167,,107.967
3414,10.3348,,148.333,,107.933
3415,10.3383,,148.5,,107.9
3416,10.3418,,148.667,,107.867
3417,10.3453,,148.833,,107.833
3418,10.3489,,149,,107.8
3419,10.3522,,149,,107.771
3420,10.3555,,149,,107.743
3421,10.3588,,149,,107.714
3422,10.362,,149,,107.686
3423,10.3653,,149,,107.657
3424,10.3686,,149,,107.629
3425,10.3719,,149,,107.6
3426,10.3751,,148.857,,107.571
3427,10.3783,,148.714,,107.543
3428,10.3814,,148.571,,107.514
3429,10.3846,,148.429,,107.486
3430,10.3877,,148.286,,107.457
3431,10.3909,,148.143,,107.429
3432,10.394,,148,,107.4
3433,10.3969,,147.875,,107.375
3434,10.3998,,147.75,,107.35
3435,10.4026,,147.625,,107.325
3436,10.4055,,147.5,,107.3
3437,10.4083,,147.375,,107.275
3438,10.4112,,147.25,,107.25
3439,10.4141,,147.125,,107.225
3440,10.4169,,147,,107.2
3441,10.4199,,146.4,,107.04
3442,10.4229,,145.8,,106.88
3443,10.4258,,145.2,,106.72
3444,10.4288,,144.6,,106.56
3445,10.4318,,144,,106.4
3446,10.4349,,143.857,,106.457
3447,10.438,,143.714,,106.514
3448,10.4411,,143.571,,106.571
3449,10.4442,,143.429,,106.629
3450,10.4472,,143.286,,106.686
3451,10.4503,,143.143,,106.743
3452,10.4534,,143,,106.8
3453,10.4564,,143,,106.771
3454,10.4594,,143,,106.743
3455,10.4624,,143,,106.714
3456,10.4654,,143,,106.686
3457,10.4684,,143,,106.657
3458,10.4715,,143,,106.629
3459,10.4745,,143,,106.6
3460,10.4774,,143,,106.714
3461,10.4804,,143,,106.829
3462,10.4833,,143,,106.943
3463,10.4863,,143,,107.057
3464,10.4892,,143,,107.171
3465,10.4922,,143,,107.286
3466,10.4951,,143,,107.4
3467,10.4979,,143,,107.325
3468,10.5007,,143,,107.25
3469,10.5034,,143,,107.175
3470,10.5062,,143,,107.1
3471,10.5089,,143,,107.025
3472,10.5117,,143,,106.95
3473,10.5145,,143,,106.875
3474,10.5172,,143,,106.8
3475,10.5199,,142.5,,106.2
3476,10.5226,,142,,105.6
3477,10.5256,,141.25,,105.35
3478,10.5286,,140.5,,105.1
3479,10.5316,,139.75,,104.85
3480,10.5347,,139,,104.6
3481,10.5379,,138.571,,104.571
3482,10.5412,,138.143,,104.543
3483,10.5445,,137.714,,104.514
3484,10.5478,,137.286,,104.486
3485,10.5511,,136.857,,104.457
3486,10.5543,,136.429,,104.429
3487,10.5576,,136,,104.4
3488,10.5609,,135.25,,104.3
3489,10.5642,,134.5,,104.2
3490,10.5675,,133.75,,104.1
3491,10.5709,,133,,104
3492,10.5737,,132.714,,103.6
3493,10.5766,,132.429,,103.2
3494,10.5795,,132.143,,102.8
3495,10.5824,,131.857,,102.4
3496,10.5853,,131.571,,102
3497,10.5882,,131.286,,101.6
3498,10.5911,,131,,101.2
3499,10.594,,130.714,,100.829
3500,10.5969,,130.429,,100.457
3501,10.5997,,130.143,,100.086
3502,10.6026,,129.857,,99.7143
3503,10.6055,,129.571,,99.3429
3504,10.6084,,129.286,,98.9714
3505,10.6113,,129,,98.6
3506,10.6145,,129,,98.6
3507,10.6176,,129,,98.6
3508,10.6208,,129,,98.6
3509,10.624,,129,,98.6
3510,10.6271,,129,,98.6
3511,10.6303,,129,,98.6
3512,10.6335,,129,,98.6
3513,10.6368,,128.857,,98.4857
3514,10.6401,,128.714,,98.3714
3515,10.6433,,128.571,,98.2571
3516,10.6466,,128.429,,98.1429
3517,10.6499,,128.286,,98.0286
3518,10.6532,,128.143,,97.9143
3519,10.6565,,128,,97.8
3520,10.6598,,128,,98.0286
3521,10.663,,128,,98.2571
3522,10.6663,,128,,98.4857
3523,10.6696,,128,,98.7143
3524,10.6728,,128,,98.9429
3525,10.6761,,128,,99.1714
3526,10.6794,,128,,99.4
3527,10.6823,,127.714,,99.3714
3528,10.6852,,127.429,,99.3429
3529,10.6881,,127.143,,99.3143
3530,10.691,,126.857,,99.2857
3531,10.6939,,126.571,,99.2571
3532,10.6968,,126.286,,99.2286
3533,10.6997,,126,,99.2
3534,10.7026,,126,,99.3714
3535,10.7054,,126,,99.5429
3536,10.7083,,126,,99.7143
3537,10.7112,,126,,99.8857
3538,10.714,,126,,100.057
3539,10.7169,,126,,100.229
3540,10.7197,,126,,100.4
3541,10.7225,,126.25,,100.55
3542,10.7253,,126.5,,100.7
3543,10.7281,,126.75,,100.85
3544,10.7309,,127,,101
3545,10.7336,,127.25,,101.15
3546,10.7364,,127.5,,101.3
3547,10.7392,,127.75,,101.45
3548,10.742,,128,,101.6
3549,10.7454,,128.167,,102.1
3550,10.7487,,128.333,,102.6
3551,10.7521,,128.5,,103.1
3552,10.7555,,128.667,,103.6
3553,10.7589,,128.833,,104.1
3554,10.7623,,129,,104.6
3555,10.765,,129.5,,105.5
3556,10.7677,,130,,106.4
3557,10.7704,,130.5,,107.3
3558,10.773,,131,,108.2
3559,10.7757,,131.5,,109.1
3560,10.7784,,132,,110
3561,10.7811,,131.875,,110.575
3562,10.7839,,131.75,,111.15
3563,10.7866,,131.625,,111.725
3564,10.7894,,131.5,,112.3
3565,10.7921,,131.375,,112.875
3566,10.7948,,131.25,,113.45
3567,10.7976,,131.125,,114.025
3568,10.8003,,131,,114.6
3569,10.8033,,130.25,,114.85
3570,10.8064,,129.5,,115.1
3571,10.8094,,128.75,,115.35
3572,10.8124,,128,,115.6
3573,10.8148,,128,,115
3574,10.8172,,128,,114.4
3575,10.8189,,127.833,,114.033
3576,10.8206,,127.667,,113.667
3577,10.8223,,127.5,,113.3
3578,10.824,,127.333,,112.933
3579,10.8258,,127.167,,112.567
3580,10.8275,,127,,112.2
3581,10.8304,,127.5,,111.833
3582,10.8334,,128,,111.467
3583,10.8364,,128.5,,111.1
3584,10.8394,,129,,110.733
3585,10.8423,,129.5,,110.367
3586,10.8453,,130,,110
3587,10.8475,,130.8,,109.88
3588,10.8497,,131.6,,109.76
3589,10.852,,132.4,,109.64
3590,10.8542,,133.2,,109.52
3591,10.8564,,134,,109.4
3592,10.8587,,134.111,,109.156
3593,10.8611,,134.222,,108.911
3594,10.8635,,134.333,,108.667
3595,10.8658,,134.444,,108.422
3596,10.8682,,134.556,,108.178
3597,10.8705,,134.667,,107.933
3598,10.8729,,134.778,,107.689
3599,10.8753,,134.889,,107.444
3600,10.8776,,135,,107.2
3601,10.88,,135.111,,106.956
3602,10.8824,,135.222,,106.711
3603,10.8848,,135.333,,106.467
3604,10.8872,,135.444,,106.222
3605,10.8896,,135.556,,105.978
3606,10.892,,135.667,,105.733
3607,10.8944,,135.778,,105.489
3608,10.8968,,135.889,,105.244
3609,10.8992,,136,,105
3610,10.9022,,135.714,,104.771
3611,10.9051,,135.429,,104.543
3612,10.908,,135.143,,104.314
3613,10.911,,134.857,,104.086
3614,10.9139,,134.571,,103.857
3615,10.9168,,134.286,,103.629
3616,10.9198,,134,,103.4
3617,10.9234,,133.833,,102.6
3618,10.9271,,133.667,,101.8
3619,10.9308,,133.5,,101
3620,10.9344,,133.333,,100.2
3621,10.9381,,133.167,,99.4
3622,10.9418,,133,,98.6
3623,10.9448,,133.143,,98.6857
3624,10.9477,,133.286,,98.7714
3625,10.9507,,133.429,,98.8571
3626,10.9537,,133.571,,98.9429
3627,10.9567,,133.714,,99.0286
3628,10.9597,,133.857,,99.1143
3629,10.9627,,134,,99.2
3630,10.9665,,134.167,,97.9667
3631,10.9703,,134.333,,96.7333
3632,10.9741,,134.5,,95.5
3633,10.9779,,134.667,,94.2667
3634,10.9817,,134.833,,93.0333
3635,10.9855,,135,,91.8
3636,10.9899,,135.25,,92
3637,10.9943,,135.5,,92.2
3638,10.9986,,135.75,,92.4
3639,11.003,,136,,92.6
3640,11.0067,,136.167,,92.4667
3641,11.0105,,136.333,,92.3333
3642,11.0142,,136.5,,92.2
3643,11.0179,,136.667,,92.0667
3644,11.0216,,136.833,,91.9333
3645,11.0253,,137,,91.8
3646,11.0286,,137.143,,91.5143
3647,11.0319,,137.286,,91.2286
3648,11.0351,,137.429,,90.9429
3649,11.0384,,137.571,,90.6571
3650,11.0417,,137.714,,90.3714
3651,11.0449,,137.857,,90.0857
3652,11.0482,,138,,89.8
3653,11.0514,,138.286,,89.7429
3654,11.0545,,138.571,,89.6857
3655,11.0577,,138.857,,89.6286
3656,11.0609,,139.143,,89.5714
3657,11.0641,,139.429,,89.5143
3658,11.0672,,139.714,,89.4571
3659,11.0704,,140,,89.4
3660,11.0733,,140.125,,89.45
3661,11.0761,,140.25,,89.5
3662,11.0789,,140.375,,89.55
3663,11.0818,,140.5,,89.6
3664,11.0846,,140.625,,89.65
3665,11.0875,,140.75,,89.7
3666,11.0903,,140.875,,89.75
3667,11.0931,,141,,89.8
3668,11.0957,,140.875,,90.1
3669,11.0982,,140.75,,90.4
3670,11.1007,,140.625,,90.7
3671,11.1032,,140.5,,91
3672,11.1057,,140.375,,91.3
3673,11.1082,,140.25,,91.6
3674,11.1107,,140.125,,91.9
3675,11.1132,,140,,92.2
3676,11.1157,,139.889,,92.9111
3677,11.1182,,139.778,,93.6222
3678,11.1206,,139.667,,94.3333
3679,11.1231,,139.556,,95.0444
3680,11.1256,,139.444,,95.7556
3681,11.128,,139.333,,96.4667
3682,11.1305,,139.222,,97.1778
3683,11.133,,139.111,,97.8889
3684,11.1355,,139,,98.6
3685,11.1383,,139,,99.6857
3686,11.1412,,139,,100.771
3687,11.1441,,139,,101.857
3688,11.1469,,139,,102.943
3689,11.1498,,139,,104.029
3690,11.1527,,139,,105.114
3691,11.1555,,139,,106.2
3692,11.1595,,139.167,,105.933
3693,11.1634,,139.333,,105.667
3694,11.1674,,139.5,,105.4
3695,11.1713,,139.667,,105.133
3696,11.1752,,139.833,,104.867
3697,11.1792,,140,,104.6
3698,11.1823,,140.286,,104.371
3699,11.1853,,140.571,,104.143
3700,11.1884,,140.857,,103.914
3701,11.1915,,141.143,,103.686
3702,11.1945,,141.429,,103.457
3703,11.1976,,141.714,,103.229
3704,11.2007,,142,,103
3705,11.2039,,142,,102.886
3706,11.2071,,142,,102.771
3707,11.2103,,142,,102.657
3708,11.2135,,142,,102.543
3709,11.2167,,142,,102.429
3710,11.2199,,142,,102.314
3711,11.2231,,142,,102.2
3712,11.2262,,141.857,,102.057
3713,11.2293,,141.714,,101.914
3714,11.2323,,141.571,,101.771
3715,11.2354,,141.429,,101.629
3716,11.2385,,141.286,,101.486
3717,11.2416,,141.143,,101.343
3718,11.2447,,141,,101.2
3719,11.2477,,140.571,,101.886
3720,11.2507,,140.143,,102.571
3721,11.2537,,139.714,,103.257
3722,11.2567,,139.286,,103.943
3723,11.2597,,138.857,,104.629
3724,11.2627,,138.429,,105.314
3725,11.2657,,138,,106
3726,11.2681,,138.111,,106.644
3727,11.2706,,138.222,,107.289
3728,11.273,,138.333,,107.933
3729,11.2754,,138.444,,108.578
3730,11.2779,,138.556,,109.222
3731,11.2803,,138.667,,109.867
3732,11.2828,,138.778,,110.511
3733,11.2852,,138.889,,111.156
3734,11.2876,,139,,111.8
3735,11.291,,139.167,,112.2
3736,11.2944,,139.333,,112.6
3737,11.2978,,139.5,,113
3738,11.3012,,139.667,,113.4
3739,11.3046,,139.833,,113.8
3740,11.308,,140,,114.2
3741,11.3114,,140.167,,113.933
3742,11.3148,,140.333,,113.667
3743,11.3182,,140.5,,113.4
3744,11.3216,,140.667,,113.133
3745,11.325,,140.833,,112.867
3746,11.3284,,141,,112.6
3747,11.3316,,141,,112.657
3748,11.3349,,141,,112.714
3749,11.3381,,141,,112.771
3750,11.3414,,141,,112.829
3751,11.3446,,141,,112.886
3752,11.3479,,141,,112.943
3753,11.3511,,141,,113
3754,11.3542,,141,,113.457
3755,11.3574,,141,,113.914
3756,11.3605,,141,,114.371
3757,11.3636,,141,,114.829
3758,11.3667,,141,,115.286
3759,11.3698,,141,,115.743
3760,11.373,,141,,116.2
3761,11.3759,,141.125,,116.25
3762,11.3789,,141.25,,116.3
3763,11.3818,,141.375,,116.35
3764,11.3848,,141.5,,116.4
3765,11.3877,,141.625,,116.45
3766,11.3907,,141.75,,116.5
3767,11.3936,,141.875,,116.55
3768,11.3966,,142,,116.6
3769,11.3999,,141.833,,116.533
3770,11.4033,,141.667,,116.467
3771,11.4067,,141.5,,116.4
3772,11.41,,141.333,,116.333
3773,11.4134,,141.167,,116.267
3774,11.4168,,141,,116.2
3775,11.4198,,140.857,,116.829
3776,11.4228,,140.714,,117.457
3777,11.4258,,140.571,,118.086
3778,11.4288,,140.429,,118.714
3779,11.4317,,140.286,,119.343
3780,11.4347,,140.143,,119.971
3781,11.4377,,140,,120.6
3782,11.4407,,140,,121.286
3783,11.4437,,140,,121.971
3784,11.4467,,140,,122.657
3785,11.4497,,140,,123.343
3786,11.4528,,140,,124.029
3787,11.4558,,140,,124.714
3788,11.4588,,140,,125.4
3789,11.4621,,140,,125.114
3790,11.4654,,140,,124.829
3791,11.4687,,140,,124.543
3792,11.472,,140,,124.257
3793,11.4754,,140,,123.971
3794,11.4787,,140,,123.686
3795,11.482,,140,,123.4
3796,11.4846,,140,,123.4
3797,11.4873,,140,,123.4
3798,11.4899,,140,,123.4
3799,11.4925,,140,,123.4
3800,11.4952,,140,,123.4
3801,11.4978,,140,,123.4
3802,11.5004,,140,,123.4
3803,11.5031,,140,,123.4
3804,11.5052,,140.143,,123.229
3805,11.5073,,140.286,,123.057
3806,11.5093,,140.429,,122.886
3807,11.5114,,140.571,,122.714
3808,11.5135,,140.714,,122.543
3809,11.5156,,140.857,,122.371
3810,11.5177,,141,,122.2
3811,11.5221,,141,,120.28
3812,11.5264,,141,,118.36
3813,11.5307,,141,,116.44
3814,11.535,,141,,114.52
3815,11.5394,,141,,112.6
3816,11.5435,,140.8,,112.56
3817,11.5477,,140.6,,112.52
3818,11.5519,,140.4,,112.48
3819,11.556,,140.2,,112.44
3820,11.5602,,140,,112.4
3821,11.5639,,140,,112.4
3822,11.5675,,140,,112.4
3823,11.5712,,140,,112.4
3824,11.5749,,140,,112.4
3825,11.5785,,140,,112.4
3826,11.5822,,140,,112.4
3827,11.5855,,139.857,,112.286
3828,11.5889,,139.714,,112.171
3829,11.5922,,139.571,,112.057
3830,11.5956,,139.429,,111.943
3831,11.5989,,139.286,,111.829
3832,11.6023,,139.143,,111.714
3833,11.6056,,139,,111.6
3834,11.609,,138.4,,111.64
3835,11.6123,,137.8,,111.68
3836,11.6157,,137.2,,111.72
3837,11.619,,136.6,,111.76
3838,11.6224,,136,,111.8
3839,11.6253,,134.5,,112
3840,11.6282,,133,,112.2
3841,11.6315,,133.5,,111.9
3842,11.6347,,134,,111.6
3843,11.638,,134.5,,111.3
3844,11.6413,,135,,111
3845,11.6445,,135.5,,110.7
3846,11.6478,,136,,110.4
3847,11.6509,,136.75,,109.95
3848,11.654,,137.5,,109.5
3849,11.6571,,138.25,,109.05
3850,11.6602,,139,,108.6
3851,11.6633,,139.286,,108.771
3852,11.6665,,139.571,,108.943
3853,11.6696,,139.857,,109.114
3854,11.6727,,140.143,,109.286
3855,11.6759,,140.429,,109.457
3856,11.679,,140.714,,109.629
3857,11.6822,,141,,109.8
3858,11.6853,,141,,109.686
3859,11.6884,,141,,109.571
3860,11.6915,,141,,109.457
3861,11.6946,,141,,109.343
3862,11.6977,,141,,109.229
3863,11.7008,,141,,109.114
3864,11.7039,,141,,109
3865,11.7071,,140.857,,108.714
3866,11.7103,,140.714,,108.429
3867,11.7136,,140.571,,108.143
3868,11.7168,,140.429,,107.857
3869,11.72,,140.286,,107.571
3870,11.7232,,140.143,,107.286
3871,11.7264,,140,,107
3872,11.7298,,140.167,,107.567
3873,11.7332,,140.333,,108.133
3874,11.7366,,140.5,,108.7
3875,11.7399,,140.667,,109.267
3876,11.7433,,140.833,,109.833
3877,11.7467,,141,,110.4
3878,11.75,,141.167,,110.533
3879,11.7534,,141.333,,110.667
3880,11.7567,,141.5,,110.8
3881,11.76,,141.667,,110.933
3882,11.7634,,141.833,,111.067
3883,11.7667,,142,,111.2
3884,11.77,,142,,110.857
3885,11.7732,,142,,110.514
3886,11.7764,,142,,110.171
3887,11.7796,,142,,109.829
3888,11.7829,,142,,109.486
3889,11.7861,,142,,109.143
3890,11.7893,,142,,108.8
3891,11.7924,,141.857,,108.429
3892,11.7955,,141.714,,108.057
3893,11.7986,,141.571,,107.686
3894,11.8017,,141.429,,107.314
3895,11.8048,,141.286,,106.943
3896,11.8079,,141.143,,106.571
3897,11.811,,141,,106.2
3898,11.8142,,140.857,,106
3899,11.8174,,140.714,,105.8
3900,11.8205,,140.571,,105.6
3901,11.8237,,140.429,,105.4
3902,11.8269,,140.286,,105.2
3903,11.8301,,140.143,,105
3904,11.8333,,140,,104.8
3905,11.8365,,139.714,,104.257
3906,11.8396,,139.429,,103.714
3907,11.8428,,139.143,,103.171
3908,11.846,,138.857,,102.629
3909,11.8492,,138.571,,102.086
3910,11.8523,,138.286,,101.543
3911,11.8555,,138,,101
3912,11.8586,,138.143,,100.857
3913,11.8617,,138.286,,100.714
3914,11.8647,,138.429,,100.571
3915,11.8678,,138.571,,100.429
3916,11.8708,,138.714,,100.286
3917,11.8739,,138.857,,100.143
3918,11.877,,139,,100
3919,11.88,,139.143,,100.714
3920,11.8831,,139.286,,101.429
3921,11.8861,,139.429,,102.143
3922,11.8892,,139.571,,102.857
3923,11.8923,,139.714,,103.571
3924,11.8953,,139.857,,104.286
3925,11.8984,,140,,105
3926,11.9013,,140,,105.457
3927,11.9043,,140,,105.914
3928,11.9073,,140,,106.371
3929,11.9103,,140,,106.829
3930,11.9132,,140,,107.286
3931,11.9162,,140,,107.743
3932,11.9192,,140,,108.2
3933,11.9222,,140,,108.371
3934,11.9252,,140,,108.543
3935,11.9282,,140,,108.714
3936,11.9313,,140,,108.886
3937,11.9343,,140,,109.057
3938,11.9373,,140,,109.229
3939,11.9403,,140,,109.4
3940,11.9433,,140,,109.2
3941,11.9463,,140,,109
3942,11.9493,,140,,108.8
3943,11.9524,,140,,108.6
3944,11.9554,,140,,108.4
3945,11.9584,,140,,108.2
3946,11.9614,,140,,108
3947,11.9644,,139.857,,107.943
3948,11.9674,,139.714,,107.886
3949,11.9704,,139.571,,107.829
3950,11.9734,,139.429,,107.771
3951,11.9764,,139.286,,107.714
3952,11.9794,,139.143,,107.657
3953,11.9824,,139,,107.6
3954,11.9853,,139.143,,107.771
3955,11.9881,,139.286,,107.943
3956,11.9909,,139.429,,108.114
3957,11.9937,,139.571,,108.286
3958,11.9966,,139.714,,108.457
3959,11.9994,,139.857,,108.629
3960,12.0022,,140,,108.8
3961,12.0052,,140,,108.771
3962,12.0081,,140,,108.743
3963,12.011,,140,,108.714
3964,12.014,,140,,108.686
3965,12.0169,,140,,108.657
3966,12.0198,,140,,108.629
3967,12.0228,,140,,108.6
3968,12.0259,,140.143,,108.914
3969,12.0291,,140.286,,109.229
3970,12.0323,,140.429,,109.543
3971,12.0354,,140.571,,109.857
3972,12.0386,,140.714,,110.171
3973,12.0418,,140.857,,110.486
3974,12.0449,,141,,110.8
3975,12.0478,,140.857,,110.6
3976,12.0507,,140.714,,110.4
3977,12.0536,,140.571,,110.2
3978,12.0564,,140.429,,110
3979,12.0593,,140.286,,109.8
3980,12.0622,,140.143,,109.6
3981,12.065,,140,,109.4
3982,12.0681,,140.143,,109.4
3983,12.0711,,140.286,,109.4
3984,12.0741,,140.429,,109.4
3985,12.0771,,140.571,,109.4
3986,12.0801,,140.714,,109.4
3987,12.0831,,140.857,,109.4
3988,12.0861,,141,,109.4
3989,12.089,,140.857,,109.314
3990,12.0919,,140.714,,109.229
3991,12.0948,,140.571,,109.143
3992,12.0977,,140.429,,109.057
3993,12.1006,,140.286,,108.971
3994,12.1036,,140.143,,108.886
3995,12.1065,,140,,108.8
3996,12.1093,,139.875,,108.525
3997,12.1122,,139.75,,108.25
3998,12.1151,,139.625,,107.975
3999,12.118,,139.5,,107.7
4000,12.1208,,139.375,,107.425
4001,12.1237,,139.25,,107.15
4002,12.1266,,139.125,,106.875
4003,12.1294,,139,,106.6
4004,12.1321,,139.125,,106.675
4005,12.1348,,139.25,,106.75
4006,12.1375,,139.375,,106.825
4007,12.1402,,139.5,,106.9
4008,12.1429,,139.625,,106.975
4009,12.1456,,139.75,,107.05
4010,12.1483,,139.875,,107.125
4011,12.1509,,140,,107.2
4012,12.1536,,140,,107.3
4013,12.1563,,140,,107.4
4014,12.159,,140,,107.5
4015,12.1617,,140,,107.6
4016,12.1643,,140,,107.7
4017,12.167,,140,,107.8
4018,12.1697,,140,,107.9
4019,12.1724,,140,,108
4020,12.1753,,139.714,,107.8
4021,12.1782,,139.429,,107.6
4022,12.1811,,139.143,,107.4
4023,12.184,,138.857,,107.2
4024,12.187,,138.571,,107
4025,12.1899,,138.286,,106.8
4026,12.1928,,138,,106.6
4027,12.1957,,138,,106.657
4028,12.1987,,138,,106.714
4029,12.2016,,138,,106.771
4030,12.2045,,138,,106.829
4031,12.2074,,138,,106.886
4032,12.2104,,138,,106.943
4033,12.2133,,138,,107
4034,12.2162,,138.143,,107.229
4035,12.2192,,138.286,,107.457
4036,12.2222,,138.429,,107.686
4037,12.2251,,138.571,,107.914
4038,12.2281,,138.714,,108.143
4039,12.231,,138.857,,108.371
4040,12.234,,139,,108.6
4041,12.2368,,139.125,,109.2
4042,12.2396,,139.25,,109.8
4043,12.2423,,139.375,,110.4
4044,12.2451,,139.5,,111
4045,12.2479,,139.625,,111.6
4046,12.2507,,139.75,,112.2
4047,12.2535,,139.875,,112.8
4048,12.2562,,140,,113.4
4049,12.2595,,140.143,,113.629
4050,12.2627,,140.286,,113.857
4051,12.2659,,140.429,,114.086
4052,12.2692,,140.571,,114.314
4053,12.2724,,140.714,,114.543
4054,12.2757,,140.857,,114.771
4055,12.2789,,141,,115
4056,12.2818,,140.857,,115.143
4057,12.2846,,140.714,,115.286
4058,12.2875,,140.571,,115.429
4059,12.2903,,140.429,,115.571
4060,12.2932,,140.286,,115.714
4061,12.2961,,140.143,,115.857
4062,12.2989,,140,,116
4063,12.3022,,140.143,,115.771
4064,12.3055,,140.286,,115.543
4065,12.3087,,140.429,,115.314
4066,12.312,,140.571,,115.086
4067,12.3153,,140.714,,114.857
4068,12.3185,,140.857,,114.629
4069,12.3218,,141,,114.4
4070,12.325,,141.143,,114.057
4071,12.3281,,141.286,,113.714
4072,12.3313,,141.429,,113.371
4073,12.3345,,141.571,,113.029
4074,12.3376,,141.714,,112.686
4075,12.3408,,141.857,,112.343
4076,12.3439,,142,,112
4077,12.347,,142.143,,111.943
4078,12.35,,142.286,,111.886
4079,12.353,,142.429,,111.829
4080,12.356,,142.571,,111.771
4081,12.3591,,142.714,,111.714
4082,12.3621,,142.857,,111.657
4083,12.3651,,143,,111.6
4084,12.3681,,142.857,,111.543
4085,12.371,,142.714,,111.486
4086,12.374,,142.571,,111.429
4087,12.3769,,142.429,,111.371
4088,12.3799,,142.286,,111.314
4089,12.3828,,142.143,,111.257
4090,12.3857,,142,,111.2
4091,12.3888,,142,,111.143
4092,12.3919,,142,,111.086
4093,12.3949,,142,,111.029
4094,12.398,,142,,110.971
4095,12.401,,142,,110.914
4096,12.4041,,142,,110.857
4097,12.4071,,142,,110.8
4098,12.4103,,142,,110.771
4099,12.4135,,142,,110.743
4100,12.4166,,142,,110.714
4101,12.4198,,142,,110.686
4102,12.4229,,142,,110.657
4103,12.4261,,142,,110.629
4104,12.4292,,142,,110.6
4105,12.432,,142.125,,110.675
4106,12.4348,,142.25,,110.75
4107,12.4375,,142.375,,110.825
4108,12.4403,,142.5,,110.9
4109,12.4431,,142.625,,110.975
4110,12.4459,,142.75,,111.05
4111,12.4486,,142.875,,111.125
4112,12.4514,,143,,111.2
4113,12.4544,,143,,111.486
4114,12.4574,,143,,111.771
4115,12.4603,,143,,112.057
4116,12.4633,,143,,112.343
4117,12.4663,,143,,112.629
4118,12.4693,,143,,112.914
4119,12.4722,,143,,113.2
4120,12.4749,,143,,113.4
4121,12.4776,,143,,113.6
4122,12.4803,,143,,113.8
4123,12.4829,,143,,114
4124,12.4856,,143,,114.2
4125,12.4883,,143,,114.4
4126,12.491,,143,,114.6
4127,12.4937,,143,,114.8
4128,12.4966,,142.857,,114.8
4129,12.4996,,142.714,,114.8
4130,12.5026,,142.571,,114.8
4131,12.5056,,142.429,,114.8
4132,12.5086,,142.286,,114.8
4133,12.5116,,142.143,,114.8
4134,12.5146,,142,,114.8
4135,12.5177,,142.143,,114.686
4136,12.5209,,142.286,,114.571
4137,12.524,,142.429,,114.457
4138,12.5272,,142.571,,114.343
4139,12.5304,,142.714,,114.229
4140,12.5335,,142.857,,114.114
4141,12.5367,,143,,114
4142,12.5395,,143.25,,114.05
4143,12.5423,,143.5,,114.1
4144,12.5452,,143.75,,114.15
4145,12.548,,144,,114.2
4146,12.5509,,144.25,,114.25
4147,12.5537,,144.5,,114.3
4148,12.5566,,144.75,,114.35
4149,12.5594,,145,,114.4
4150,12.5626,,144.857,,114.6
4151,12.5657,,144.714,,114.8
4152,12.5689,,144.571,,115
4153,12.572,,144.429,,115.2
4154,12.5752,,144.286,,115.4
4155,12.5783,,144.143,,115.6
4156,12.5815,,144,,115.8
4157,12.5845,,143.857,,116
4158,12.5875,,143.714,,116.2
4159,12.5905,,143.571,,116.4
4160,12.5936,,143.429,,116.6
4161,12.5966,,143.286,,116.8
4162,12.5996,,143.143,,117
4163,12.6026,,143,,117.2
4164,12.6057,,143,,117.429
4165,12.6088,,143,,117.657
4166,12.6119,,143,,117.886
4167,12.615,,143,,118.114
4168,12.6181,,143,,118.343
4169,12.6212,,143,,118.571
4170,12.6243,,143,,118.8
4171,12.6276,,143,,118.457
4172,12.6308,,143,,118.114
4173,12.634,,143,,117.771
4174,12.6372,,143,,117.429
4175,12.6404,,143,,117.086
4176,12.6436,,143,,116.743
4177,12.6468,,143,,116.4
4178,12.6496,,142.875,,116.45
4179,12.6524,,142.75,,116.5
4180,12.6552,,142.625,,116.55
4181,12.658,,142.5,,116.6
4182,12.6608,,142.375,,116.65
4183,12.6637,,142.25,,116.7
4184,12.6665,,142.125,,116.75
4185,12.6693,,142,,116.8
4186,12.672,,142.125,,117.15
4187,12.6747,,142.25,,117.5
4188,12.6774,,142.375,,117.85
4189,12.6801,,142.5,,118.2
4190,12.6828,,142.625,,118.55
4191,12.6855,,142.75,,118.9
4192,12.6882,,142.875,,119.25
4193,12.6909,,143,,119.6
4194,12.6935,,142.75,,119.65
4195,12.6962,,142.5,,119.7
4196,12.6988,,142.25,,119.75
4197,12.7015,,142,,119.8
4198,12.7042,,141.75,,119.85
4199,12.7068,,141.5,,119.9
4200,12.7095,,141.25,,119.95
4201,12.7122,,141,,120
4202,12.7149,,141,,119.525
4203,12.7177,,141,,119.05
4204,12.7204,,141,,118.575
4205,12.7232,,141,,118.1
4206,12.726,,141,,117.625
4207,12.7287,,141,,117.15
4208,12.7315,,141,,116.675
4209,12.7342,,141,,116.2
4210,12.7373,,140.714,,115.771
4211,12.7404,,140.429,,115.343
4212,12.7434,,140.143,,114.914
4213,12.7465,,139.857,,114.486
4214,12.7495,,139.571,,114.057
4215,12.7526,,139.286,,113.629
4216,12.7556,,139,,113.2
4217,12.7583,,139.125,,113.15
4218,12.761,,139.25,,113.1
4219,12.7637,,139.375,,113.05
4220,12.7665,,139.5,,113
4221,12.7692,,139.625,,112.95
4222,12.7719,,139.75,,112.9
4223,12.7746,,139.875,,112.85
4224,12.7773,,140,,112.8
4225,12.78,,140.125,,112.825
4226,12.7827,,140.25,,112.85
4227,12.7854,,140.375,,112.875
4228,12.7881,,140.5,,112.9
4229,12.7908,,140.625,,112.925
4230,12.7936,,140.75,,112.95
4231,12.7963,,140.875,,112.975
4232,12.799,,141,,113
4233,12.8023,,141,,112.467
4234,12.8057,,141,,111.933
4235,12.809,,141,,111.4
4236,12.8124,,141,,110.867
4237,12.8157,,141,,110.333
4238,12.8191,,141,,109.8
4239,12.8224,,140.857,,110.343
4240,12.8257,,140.714,,110.886
4241,12.829,,140.571,,111.429
4242,12.8323,,140.429,,111.971
4243,12.8356,,140.286,,112.514
4244,12.839,,140.143,,113.057
4245,12.8423,,140,,113.6
4246,12.8454,,140,,114.143
4247,12.8485,,140,,114.686
4248,12.8516,,140,,115.229
4249,12.8547,,140,,115.771
4250,12.8578,,140,,116.314
4251,12.861,,140,,116.857
4252,12.8641,,140,,117.4
4253,12.8671,,140,,117.771
4254,12.87,,140,,118.143
4255,12.873,,140,,118.514
4256,12.876,,140,,118.886
4257,12.879,,140,,119.257
4258,12.8819,,140,,119.629
4259,12.8849,,140,,120
4260,12.8883,,140.167,,119.7
4261,12.8917,,140.333,,119.4
4262,12.8952,,140.5,,119.1
4263,12.8986,,140.667,,118.8
4264,12.902,,140.833,,118.5
4265,12.9054,,141,,118.2
4266,12.9085,,141,,118.057
4267,12.9116,,141,,117.914
4268,12.9146,,141,,117.771
4269,12.9177,,141,,117.629
4270,12.9208,,141,,117.486
4271,12.9238,,141,,117.343
4272,12.9269,,141,,117.2
4273,12.9296,,141,,117.625
4274,12.9323,,141,,118.05
4275,12.935,,141,,118.475
4276,12.9378,,141,,118.9
4277,12.9405,,141,,119.325
4278,12.9432,,141,,119.75
4279,12.9459,,141,,120.175
4280,12.9486,,141,,120.6
4281,12.9512,,141,,120.875
4282,12.9537,,141,,121.15
4283,12.9563,,141,,121.425
4284,12.9588,,141,,121.7
4285,12.9614,,141,,121.975
4286,12.964,,141,,122.25
4287,12.9665,,141,,122.525
4288,12.9691,,141,,122.8
4289,12.9718,,141,,122.775
4290,12.9745,,141,,122.75
4291,12.9772,,141,,122.725
4292,12.9798,,141,,122.7
4293,12.9825,,141,,122.675
4294,12.9852,,141,,122.65
4295,12.9879,,141,,122.625
4296,12.9906,,141,,122.6
4297,12.9936,,141,,122.65
4298,12.9965,,141,,122.7
4299,12.9995,,141,,122.75
4300,13.0025,,141,,122.8
4301,13.0052,,141,,123.35
4302,13.0079,,141,,123.9
4303,13.0107,,141,,124.45
4304,13.0134,,141,,125
4305,13.0162,,141,,125.55
4306,13.0189,,141,,126.1
4307,13.0216,,141,,126.65
4308,13.0244,,141,,127.2
4309,13.0273,,140.714,,127.343
4310,13.0303,,140.429,,127.486
4311,13.0332,,140.143,,127.629
4312,13.0362,,139.857,,127.771
4313,13.0391,,139.571,,127.914
4314,13.0421,,139.286,,128.057
4315,13.045,,139,,128.2
4316,13.0478,,139,,128.375
4317,13.0507,,139,,128.55
4318,13.0535,,139,,128.725
4319,13.0563,,139,,128.9
4320,13.0592,,139,,129.075
4321,13.062,,139,,129.25
4322,13.0648,,139,,129.425
4323,13.0677,,139,,129.6
4324,13.0708,,139.143,,129.886
4325,13.0739,,139.286,,130.171
4326,13.077,,139.429,,130.457
4327,13.0801,,139.571,,130.743
4328,13.0833,,139.714,,131.029
4329,13.0864,,139.857,,131.314
4330,13.0895,,140,,131.6
4331,13.0925,,140,,131.143
4332,13.0954,,140,,130.686
4333,13.0984,,140,,130.229
4334,13.1013,,140,,129.771
4335,13.1043,,140,,129.314
4336,13.1073,,140,,128.857
4337,13.1102,,140,,128.4
4338,13.114,,140,,127.833
4339,13.1177,,140,,127.267
4340,13.1215,,140,,126.7
4341,13.1252,,140,,126.133
4342,13.129,,140,,125.567
4343,13.1327,,140,,125
4344,13.1359,,139.857,,124.514
4345,13.139,,139.714,,124.029
4346,13.1421,,139.571,,123.543
4347,13.1453,,139.429,,123.057
4348,13.1484,,139.286,,122.571
4349,13.1516,,139.143,,122.086
4350,13.1547,,139,,121.6
4351,13.1576,,138.857,,121.714
4352,13.1606,,138.714,,121.829
4353,13.1635,,138.571,,121.943
4354,13.1664,,138.429,,122.057
4355,13.1693,,138.286,,122.171
4356,13.1722,,138.143,,122.286
4357,13.1752,,138,,122.4
4358,13.1781,,137.857,,122.486
4359,13.181,,137.714,,122.571
4360,13.1839,,137.571,,122.657
4361,13.1869,,137.429,,122.743
4362,13.1898,,137.286,,122.829
4363,13.1927,,137.143,,122.914
4364,13.1957,,137,,123
4365,13.1988,,137.143,,122.6
4366,13.2019,,137.286,,122.2
4367,13.205,,137.429,,121.8
4368,13.2081,,137.571,,121.4
4369,13.2112,,137.714,,121
4370,13.2143,,137.857,,120.6
4371,13.2174,,138,,120.2
4372,13.2203,,138.286,,120.343
4373,13.2232,,138.571,,120.486
4374,13.2261,,138.857,,120.629
4375,13.229,,139.143,,120.771
4376,13.2319,,139.429,,120.914
4377,13.2348,,139.714,,121.057
4378,13.2377,,140,,121.2
4379,13.2408,,140,,121.829
4380,13.2439,,140,,122.457
4381,13.2469,,140,,123.086
4382,13.25,,140,,123.714
4383,13.253,,140,,124.343
4384,13.2561,,140,,124.971
4385,13.2592,,140,,125.6
4386,13.2622,,140,,125.743
4387,13.2651,,140,,125.886
4388,13.2681,,140,,126.029
4389,13.2711,,140,,126.171
4390,13.2741,,140,,126.314
4391,13.2771,,140,,126.457
4392,13.2801,,140,,126.6
4393,13.2827,,139.875,,126.725
4394,13.2854,,139.75,,126.85
4395,13.288,,139.625,,126.975
4396,13.2906,,139.5,,127.1
4397,13.2933,,139.375,,127.225
4398,13.2959,,139.25,,127.35
4399,13.2986,,139.125,,127.475
4400,13.3012,,139,,127.6
4401,13.3041,,138.857,,126.771
4402,13.3071,,138.714,,125.943
4403,13.31,,138.571,,125.114
4404,13.313,,138.429,,124.286
4405,13.3159,,138.286,,123.457
4406,13.3189,,138.143,,122.629
4407,13.3218,,138,,121.8
4408,13.3244,,137.875,,121.35
4409,13.3269,,137.75,,120.9
4410,13.3295,,137.625,,120.45
4411,13.332,,137.5,,120
4412,13.3346,,137.375,,119.55
4413,13.3371,,137.25,,119.1
4414,13.3397,,137.125,,118.65
4415,13.3423,,137,,118.2
4416,13.3455,,137.143,,118.8
4417,13.3487,,137.286,,119.4
4418,13.3519,,137.429,,120
4419,13.3551,,137.571,,120.6
4420,13.3583,,137.714,,121.2
4421,13.3615,,137.857,,121.8
4422,13.3647,,138,,122.4
4423,13.3682,,138,,123.267
4424,13.3716,,138,,124.133
4425,13.3751,,138,,125
4426,13.3786,,138,,125.867
4427,13.382,,138,,126.733
4428,13.3855,,138,,127.6
4429,13.3893,,137.667,,127.633
4430,13.393,,137.333,,127.667
4431,13.3968,,137,,127.7
4432,13.4006,,136.667,,127.733
4433,13.4044,,136.333,,127.767
4434,13.4082,,136,,127.8
4435,13.4126,,134.5,,126.8
4436,13.4169,,133,,125.8
4437,13.4209,,133,,125.1
4438,13.4248,,133,,124.4
4439,13.4288,,133,,123.7
4440,13.4327,,133,,123
4441,13.4367,,133,,122.3
4442,13.4406,,133,,121.6
4443,13.444,,133.75,,121.05
4444,13.4473,,134.5,,120.5
4445,13.4506,,135.25,,119.95
4446,13.4539,,136,,119.4
4447,13.4574,,136.5,,119
4448,13.4609,,137,,118.6
4449,13.4643,,137.5,,118.2
4450,13.4678,,138,,117.8
4451,13.4713,,138.5,,117.4
4452,13.4748,,139,,117
4453,13.4783,,139.333,,116.733
4454,13.4818,,139.667,,116.467
4455,13.4853,,140,,116.2
4456,13.4888,,140.333,,115.933
4457,13.4923,,140.667,,115.667
4458,13.4958,,141,,115.4
4459,13.4992,,141.167,,115.133
4460,13.5027,,141.333,,114.867
4461,13.5061,,141.5,,114.6
4462,13.5096,,141.667,,114.333
4463,13.5131,,141.833,,114.067
4464,13.5165,,142,,113.8
4465,13.5195,,142.143,,114.086
4466,13.5224,,142.286,,114.371
4467,13.5254,,142.429,,114.657
4468,13.5283,,142.571,,114.943
4469,13.5313,,142.714,,115.229
4470,13.5342,,142.857,,115.514
4471,13.5372,,143,,115.8
4472,13.5402,,142.857,,116.057
4473,13.5433,,142.714,,116.314
4474,13.5463,,142.571,,116.571
4475,13.5494,,142.429,,116.829
4476,13.5524,,142.286,,117.086
4477,13.5554,,142.143,,117.343
4478,13.5585,,142,,117.6
4479,13.5612,,142,,118.225
4480,13.564,,142,,118.85
4481,13.5667,,142,,119.475
4482,13.5694,,142,,120.1
4483,13.5722,,142,,120.725
4484,13.5749,,142,,121.35
4485,13.5776,,142,,121.975
4486,13.5804,,142,,122.6
4487,13.5837,,142.143,,122.686
4488,13.587,,142.286,,122.771
4489,13.5903,,142.429,,122.857
4490,13.5936,,142.571,,122.943
4491,13.5969,,142.714,,123.029
4492,13.6002,,142.857,,123.114
4493,13.6035,,143,,123.2
4494,13.6067,,143.143,,122.914
4495,13.6099,,143.286,,122.629
4496,13.6131,,143.429,,122.343
4497,13.6164,,143.571,,122.057
4498,13.6196,,143.714,,121.771
4499,13.6228,,143.857,,121.486
4500,13.626,,144,,121.2
4501,13.6291,,143.714,,121.457
4502,13.6322,,143.429,,121.714
4503,13.6353,,143.143,,121.971
4504,13.6384,,142.857,,122.229
4505,13.6415,,142.571,,122.486
4506,13.6446,,142.286,,122.743
4507,13.6477,,142,,123
4508,13.6506,,142,,123.343
4509,13.6535,,142,,123.686
4510,13.6564,,142,,124.029
4511,13.6593,,142,,124.371
4512,13.6622,,142,,124.714
4513,13.6652,,142,,125.057
4514,13.6681,,142,,125.4
4515,13.6712,,141.857,,125.143
4516,13.6744,,141.714,,124.886
4517,13.6775,,141.571,,124.629
4518,13.6807,,141.429,,124.371
4519,13.6839,,141.286,,124.114
4520,13.687,,141.143,,123.857
4521,13.6902,,141,,123.6
4522,13.6929,,140.875,,123.525
4523,13.6956,,140.75,,123.45
4524,13.6983,,140.625,,123.375
4525,13.701,,140.5,,123.3
4526,13.7037,,140.375,,123.225
4527,13.7064,,140.25,,123.15
4528,13.7091,,140.125,,123.075
4529,13.7119,,140,,123
4530,13.7146,,140.125,,122.95
4531,13.7174,,140.25,,122.9
4532,13.7202,,140.375,,122.85
4533,13.723,,140.5,,122.8
4534,13.7258,,140.625,,122.75
4535,13.7286,,140.75,,122.7
4536,13.7314,,140.875,,122.65
4537,13.7342,,141,,122.6
4538,13.738,,141,,121.933
4539,13.7417,,141,,121.267
4540,13.7455,,141,,120.6
4541,13.7492,,141,,119.933
4542,13.753,,141,,119.267
4543,13.7567,,141,,118.6
4544,13.7601,,141.167,,118.567
4545,13.7635,,141.333,,118.533
4546,13.7669,,141.5,,118.5
4547,13.7703,,141.667,,118.467
4548,13.7737,,141.833,,118.433
4549,13.7771,,142,,118.4
4550,13.7806,,142.167,,118.133
4551,13.7841,,142.333,,117.867
4552,13.7875,,142.5,,117.6
4553,13.791,,142.667,,117.333
4554,13.7945,,142.833,,117.067
4555,13.7979,,143,,116.8
4556,13.8014,,143,,116.667
4557,13.8049,,143,,116.533
4558,13.8083,,143,,116.4
4559,13.8118,,143,,116.267
4560,13.8153,,143,,116.133
4561,13.8188,,143,,116
4562,13.8222,,142.833,,116
4563,13.8256,,142.667,,116
4564,13.8291,,142.5,,116
4565,13.8325,,142.333,,116
4566,13.8359,,142.167,,116
4567,13.8393,,142,,116
4568,13.8425,,141.857,,116.086
4569,13.8456,,141.714,,116.171
4570,13.8488,,141.571,,116.257
4571,13.8519,,141.429,,116.343
4572,13.8551,,141.286,,116.429
4573,13.8582,,141.143,,116.514
4574,13.8613,,141,,116.6
4575,13.8645,,140.857,,116.429
4576,13.8677,,140.714,,116.257
4577,13.8709,,140.571,,116.086
4578,13.8741,,140.429,,115.914
4579,13.8773,,140.286,,115.743
4580,13.8805,,140.143,,115.571
4581,13.8837,,140,,115.4
4582,13.8868,,140,,115.314
4583,13.8899,,140,,115.229
4584,13.8931,,140,,115.143
4585,13.8962,,140,,115.057
4586,13.8993,,140,,114.971
4587,13.9024,,140,,114.886
4588,13.9056,,140,,114.8
4589,13.9087,,139.857,,114.943
4590,13.9118,,139.714,,115.086
4591,13.9148,,139.571,,115.229
4592,13.9179,,139.429,,115.371
4593,13.921,,139.286,,115.514
4594,13.9241,,139.143,,115.657
4595,13.9272,,139,,115.8
4596,13.93,,139.125,,116.025
4597,13.9328,,139.25,,116.25
4598,13.9356,,139.375,,116.475
4599,13.9383,,139.5,,116.7
4600,13.9411,,139.625,,116.925
4601,13.9439,,139.75,,117.15
4602,13.9467,,139.875,,117.375
4603,13.9495,,140,,117.6
4604,13.9525,,140,,117.857
4605,13.9556,,140,,118.114
4606,13.9587,,140,,118.371
4607,13.9617,,140,,118.629
4608,13.9648,,140,,118.886
4609,13.9678,,140,,119.143
4610,13.9709,,140,,119.4
4611,13.9739,,139.857,,119.171
4612,13.9769,,139.714,,118.943
4613,13.9799,,139.571,,118.714
4614,13.9829,,139.429,,118.486
4615,13.9859,,139.286,,118.257
4616,13.989,,139.143,,118.029
4617,13.992,,139,,117.8
4618,13.9949,,139.333,,117.6
4619,13.9979,,139.667,,117.4
4620,14.0008,,140,,117.2
4621,14.0038,,139.857,,117.286
4622,14.0067,,139.714,,117.371
4623,14.0097,,139.571,,117.457
4624,14.0126,,139.429,,117.543
4625,14.0156,,139.286,,117.629
4626,14.0185,,139.143,,117.714
4627,14.0215,,139,,117.8
4628,14.0243,,139.125,,117.875
4629,14.027,,139.25,,117.95
4630,14.0298,,139.375,,118.025
4631,14.0326,,139.5,,118.1
4632,14.0354,,139.625,,118.175
4633,14.0382,,139.75,,118.25
4634,14.0409,,139.875,,118.325
4635,14.0437,,140,,118.4
4636,14.0466,,139.857,,118.457
4637,14.0494,,139.714,,118.514
4638,14.0523,,139.571,,118.571
4639,14.0552,,139.429,,118.629
4640,14.058,,139.286,,118.686
4641,14.0609,,139.143,,118.743
4642,14.0637,,139,,118.8
4643,14.0667,,139.143,,119.114
4644,14.0697,,139.286,,119.429
4645,14.0727,,139.429,,119.743
4646,14.0757,,139.571,,120.057
4647,14.0787,,139.714,,120.371
4648,14.0817,,139.857,,120.686
4649,14.0847,,140,,121
4650,14.0874,,139.75,,121.125
4651,14.0901,,139.5,,121.25
4652,14.0928,,139.25,,121.375
4653,14.0956,,139,,121.5
4654,14.0983,,138.75,,121.625
4655,14.101,,138.5,,121.75
4656,14.1037,,138.25,,121.875
4657,14.1065,,138,,122
4658,14.1098,,137.833,,121.167
4659,14.1132,,137.667,,120.333
4660,14.1165,,137.5,,119.5
4661,14.1198,,137.333,,118.667
4662,14.1232,,137.167,,117.833
4663,14.1265,,137,,117
4664,14.1296,,137.143,,116.629
4665,14.1327,,137.286,,116.257
4666,14.1357,,137.429,,115.886
4667,14.1388,,137.571,,115.514
4668,14.1418,,137.714,,115.143
4669,14.1449,,137.857,,114.771
4670,14.148,,138,,114.4
4671,14.1514,,137.833,,113.933
4672,14.1549,,137.667,,113.467
4673,14.1583,,137.5,,113
4674,14.1618,,137.333,,112.533
4675,14.1653,,137.167,,112.067
4676,14.1687,,137,,111.6
4677,14.1722,,137.167,,111.767
4678,14.1757,,137.333,,111.933
4679,14.1791,,137.5,,112.1
4680,14.1826,,137.667,,112.267
4681,14.1861,,137.833,,112.433
4682,14.1896,,138,,112.6
4683,14.1928,,138,,112.943
4684,14.196,,138,,113.286
4685,14.1992,,138,,113.629
4686,14.2024,,138,,113.971
4687,14.2056,,138,,114.314
4688,14.2088,,138,,114.657
4689,14.212,,138,,115
4690,14.2152,,138,,115.257
4691,14.2184,,138,,115.514
4692,14.2216,,138,,115.771
4693,14.2248,,138,,116.029
4694,14.228,,138,,116.286
4695,14.2311,,138,,116.543
4696,14.2343,,138,,116.8
4697,14.2376,,138,,116.914
4698,14.2409,,138,,117.029
4699,14.2442,,138,,117.143
4700,14.2475,,138,,117.257
4701,14.2507,,138,,117.371
4702,14.254,,138,,117.486
4703,14.2573,,138,,117.6
4704,14.2603,,138.143,,117.743
4705,14.2634,,138.286,,117.886
4706,14.2664,,138.429,,118.029
4707,14.2694,,138.571,,118.171
4708,14.2725,,138.714,,118.314
4709,14.2755,,138.857,,118.457
4710,14.2785,,139,,118.6
4711,14.2816,,139.143,,118.657
4712,14.2846,,139.286,,118.714
4713,14.2876,,139.429,,118.771
4714,14.2907,,139.571,,118.829
4715,14.2937,,139.714,,118.886
4716,14.2967,,139.857,,118.943
4717,14.2998,,140,,119
4718,14.3027,,139.571,,119.171
4719,14.3057,,139.143,,119.343
4720,14.3086,,138.714,,119.514
4721,14.3115,,138.286,,119.686
4722,14.3145,,137.857,,119.857
4723,14.3174,,137.429,,120.029
4724,14.3204,,137,,120.2
4725,14.3233,,137,,120.286
4726,14.3263,,137,,120.371
4727,14.3292,,137,,120.457
4728,14.3322,,137,,120.543
4729,14.3352,,137,,120.629
4730,14.3381,,137,,120.714
4731,14.3411,,137,,120.8
4732,14.3438,,137.25,,121.2
4733,14.3466,,137.5,,121.6
4734,14.3493,,137.75,,122
4735,14.3521,,138,,122.4
4736,14.3549,,138.25,,122.8
4737,14.3576,,138.5,,123.2
4738,14.3604,,138.75,,123.6
4739,14.3632,,139,,124
4740,14.3659,,139,,124.35
4741,14.3686,,139,,124.7
4742,14.3713,,139,,125.05
4743,14.374,,139,,125.4
4744,14.3767,,139,,125.75
4745,14.3795,,139,,126.1
4746,14.3822,,139,,126.45
4747,14.3849,,139,,126.8
4748,14.3877,,138.857,,127.286
4749,14.3906,,138.714,,127.771
4750,14.3935,,138.571,,128.257
4751,14.3963,,138.429,,128.743
4752,14.3992,,138.286,,129.229
4753,14.4021,,138.143,,129.714
4754,14.4049,,138,,130.2
4755,14.4081,,138.143,,130.286
4756,14.4112,,138.286,,130.371
4757,14.4143,,138.429,,130.457
4758,14.4175,,138.571,,130.543
4759,14.4206,,138.714,,130.629
4760,14.4238,,138.857,,130.714
4761,14.4269,,139,,130.8
4762,14.4301,,139.143,,130.857
4763,14.4333,,139.286,,130.914
4764,14.4365,,139.429,,130.971
4765,14.4398,,139.571,,131.029
4766,14.443,,139.714,,131.086
4767,14.4462,,139.857,,131.143
4768,14.4494,,140,,131.2
4769,14.4525,,140.143,,131.057
4770,14.4556,,140.286,,130.914
4771,14.4587,,140.429,,130.771
4772,14.4618,,140.571,,130.629
4773,14.4649,,140.714,,130.486
4774,14.468,,140.857,,130.343
4775,14.471,,141,,130.2
4776,14.4743,,140.857,,129.943
4777,14.4775,,140.714,,129.686
4778,14.4808,,140.571,,129.429
4779,14.484,,140.429,,129.171
4780,14.4872,,140.286,,128.914
4781,14.4905,,140.143,,128.657
4782,14.4937,,140,,128.4
4783,14.4967,,140,,128.286
4784,14.4997,,140,,128.171
4785,14.5027,,140,,128.057
4786,14.5057,,140,,127.943
4787,14.5087,,140,,127.829
4788,14.5117,,140,,127.714
4789,14.5147,,140,,127.6
4790,14.5178,,140.143,,127.486
4791,14.5209,,140.286,,127.371
4792,14.5239,,140.429,,127.257
4793,14.527,,140.571,,127.143
4794,14.5301,,140.714,,127.029
4795,14.5332,,140.857,,126.914
4796,14.5363,,141,,126.8
4797,14.5393,,141,,126.943
4798,14.5424,,141,,127.086
4799,14.5454,,141,,127.229
4800,14.5484,,141,,127.371
4801,14.5515,,141,,127.514
4802,14.5545,,141,,127.657
4803,14.5576,,141,,127.8
4804,14.5608,,140.857,,127.914
4805,14.564,,140.714,,128.029
4806,14.5672,,140.571,,128.143
4807,14.5704,,140.429,,128.257
4808,14.5736,,140.286,,128.371
4809,14.5768,,140.143,,128.486
4810,14.58,,140,,128.6
4811,14.5831,,140,,128.429
4812,14.5862,,140,,128.257
4813,14.5894,,140,,128.086
4814,14.5925,,140,,127.914
4815,14.5956,,140,,127.743
4816,14.5988,,140,,127.571
4817,14.6019,,140,,127.4
4818,14.6049,,140,,127.257
4819,14.6079,,140,,127.114
4820,14.6109,,140,,126.971
4821,14.614,,140,,126.829
4822,14.617,,140,,126.686
4823,14.62,,140,,126.543
4824,14.623,,140,,126.4
4825,14.6259,,139.857,,126.257
4826,14.6288,,139.714,,126.114
4827,14.6316,,139.571,,125.971
4828,14.6345,,139.429,,125.829
4829,14.6374,,139.286,,125.686
4830,14.6403,,139.143,,125.543
4831,14.6431,,139,,125.4
4832,14.6463,,139.143,,125.514
4833,14.6495,,139.286,,125.629
4834,14.6527,,139.429,,125.743
4835,14.6558,,139.571,,125.857
4836,14.659,,139.714,,125.971
4837,14.6622,,139.857,,126.086
4838,14.6654,,140,,126.2
4839,14.6684,,139.857,,125.829
4840,14.6715,,139.714,,125.457
4841,14.6745,,139.571,,125.086
4842,14.6776,,139.429,,124.714
4843,14.6806,,139.286,,124.343
4844,14.6837,,139.143,,123.971
4845,14.6867,,139,,123.6
4846,14.6897,,139,,123.143
4847,14.6926,,139,,122.686
4848,14.6955,,139,,122.229
4849,14.6984,,139,,121.771
4850,14.7014,,139,,121.314
4851,14.7043,,139,,120.857
4852,14.7072,,139,,120.4
4853,14.7104,,139.286,,120.4
4854,14.7136,,139.571,,120.4
4855,14.7168,,139.857,,120.4
4856,14.7199,,140.143,,120.4
4857,14.7231,,140.429,,120.4
4858,14.7263,,140.714,,120.4
4859,14.7295,,141,,120.4
4860,14.7326,,141.143,,120.257
4861,14.7357,,141.286,,120.114
4862,14.7388,,141.429,,119.971
4863,14.7419,,141.571,,119.829
4864,14.745,,141.714,,119.686
4865,14.7481,,141.857,,119.543
4866,14.7512,,142,,119.4
4867,14.7541,,142.286,,119.457
4868,14.757,,142.571,,119.514
4869,14.7599,,142.857,,119.571
4870,14.7628,,143.143,,119.629
4871,14.7657,,143.429,,119.686
4872,14.7686,,143.714,,119.743
4873,14.7715,,144,,119.8
4874,14.7744,,144,,119.886
4875,14.7773,,144,,119.971
4876,14.7802,,144,,120.057
4877,14.7831,,144,,120.143
4878,14.786,,144,,120.229
4879,14.7889,,144,,120.314
4880,14.7918,,144,,120.4
4881,14.7947,,143.857,,120.543
4882,14.7976,,143.714,,120.686
4883,14.8005,,143.571,,120.829
4884,14.8034,,143.429,,120.971
4885,14.8064,,143.286,,121.114
4886,14.8093,,143.143,,121.257
4887,14.8122,,143,,121.4
4888,14.8152,,142.714,,121.657
4889,14.8183,,142.429,,121.914
4890,14.8214,,142.143,,122.171
4891,14.8244,,141.857,,122.429
4892,14.8275,,141.571,,122.686
4893,14.8306,,141.286,,122.943
4894,14.8336,,141,,123.2
4895,14.8368,,141,,123.086
4896,14.8399,,141,,122.971
4897,14.8431,,141,,122.857
4898,14.8462,,141,,122.743
4899,14.8494,,141,,122.629
4900,14.8525,,141,,122.514
4901,14.8557,,141,,122.4
4902,14.8588,,141.286,,122.057
4903,14.8618,,141.571,,121.714
4904,14.8649,,141.857,,121.371
4905,14.8679,,142.143,,121.029
4906,14.871,,142.429,,120.686
4907,14.874,,142.714,,120.343
4908,14.8771,,143,,120
4909,14.8803,,143.143,,119.6
4910,14.8834,,143.286,,119.2
4911,14.8866,,143.429,,118.8
4912,14.8897,,143.571,,118.4
4913,14.8929,,143.714,,118
4914,14.896,,143.857,,117.6
4915,14.8992,,144,,117.2
4916,14.9026,,143.667,,117.133
4917,14.9061,,143.333,,117.067
4918,14.9096,,143,,117
4919,14.9131,,142.667,,116.933
4920,14.9166,,142.333,,116.867
4921,14.92,,142,,116.8
4922,14.9232,,141.857,,117.086
4923,14.9264,,141.714,,117.371
4924,14.9295,,141.571,,117.657
4925,14.9327,,141.429,,117.943
4926,14.9359,,141.286,,118.229
4927,14.939,,141.143,,118.514
4928,14.9422,,141,,118.8
4929,14.945,,140.875,,119.1
4930,14.9478,,140.75,,119.4
4931,14.9507,,140.625,,119.7
4932,14.9535,,140.5,,120
4933,14.9563,,140.375,,120.3
4934,14.9591,,140.25,,120.6
4935,14.962,,140.125,,120.9
4936,14.9648,,140,,121.2
4937,14.9677,,140.143,,121.6
4938,14.9706,,140.286,,122
4939,14.9735,,140.429,,122.4
4940,14.9764,,140.571,,122.8
4941,14.9793,,140.714,,123.2
4942,14.9822,,140.857,,123.6
4943,14.9851,,141,,124
4944,14.9885,,140.8,,124.04
4945,14.9919,,140.6,,124.08
4946,14.9953,,140.4,,124.12
4947,14.9987,,140.2,,124.16
4948,15.002,,140,,124.2
4949,15.0052,,139.857,,124.029
4950,15.0084,,139.714,,123.857
4951,15.0116,,139.571,,123.686
4952,15.0148,,139.429,,123.514
4953,15.018,,139.286,,123.343
4954,15.0212,,139.143,,123.171
4955,15.0244,,139,,123
4956,15.0276,,139.143,,122.943
4957,15.0307,,139.286,,122.886
4958,15.0339,,139.429,,122.829
4959,15.0371,,139.571,,122.771
4960,15.0402,,139.714,,122.714
4961,15.0434,,139.857,,122.657
4962,15.0466,,140,,122.6
4963,15.0496,,139.857,,122.4
4964,15.0527,,139.714,,122.2
4965,15.0558,,139.571,,122
4966,15.0589,,139.429,,121.8
4967,15.062,,139.286,,121.6
4968,15.0651,,139.143,,121.4
4969,15.0681,,139,,121.2
4970,15.0711,,139,,121.171
4971,15.0742,,139,,121.143
4972,15.0772,,139,,121.114
4973,15.0802,,139,,121.086
4974,15.0832,,139,,121.057
4975,15.0862,,139,,121.029
4976,15.0892,,139,,121
4977,15.0922,,138.571,,121.114
4978,15.0953,,138.143,,121.229
4979,15.0983,,137.714,,121.343
4980,15.1014,,137.286,,121.457
4981,15.1045,,136.857,,121.571
4982,15.1075,,136.429,,121.686
4983,15.1106,,136,,121.8
4984,15.1138,,136.143,,121.686
4985,15.1169,,136.286,,121.571
4986,15.1201,,136.429,,121.457
4987,15.1233,,136.571,,121.343
4988,15.1265,,136.714,,121.229
4989,15.1297,,136.857,,121.114
4990,15.1329,,137,,121
4991,15.1359,,137.75,,121.15
4992,15.139,,138.5,,121.3
4993,15.142,,139.25,,121.45
4994,15.1451,,140,,121.6
4995,15.148,,140.143,,121.714
4996,15.1509,,140.286,,121.829
4997,15.1539,,140.429,,121.943
4998,15.1568,,140.571,,122.057
4999,15.1597,,140.714,,122.171
5000,15.1626,,140.857,,122.286
5001,15.1656,,141,,122.4
5002,15.1687,,141,,122.686
5003,15.1718,,141,,122.971
5004,15.1748,,141,,123.257
5005,15.1779,,141,,123.543
5006,15.181,,141,,123.829
5007,15.1841,,141,,124.114
5008,15.1872,,141,,124.4
5009,15.1902,,140.714,,124.543
5010,15.1932,,140.429,,124.686
5011,15.1962,,140.143,,124.829
5012,15.1992,,139.857,,124.971
5013,15.2022,,139.571,,125.114
5014,15.2052,,139.286,,125.257
5015,15.2082,,139,,125.4
5016,15.2113,,138.857,,125.4
5017,15.2145,,138.714,,125.4
5018,15.2176,,138.571,,125.4
5019,15.2207,,138.429,,125.4
5020,15.2238,,138.286,,125.4
5021,15.227,,138.143,,125.4
5022,15.2301,,138,,125.4
5023,15.2331,,138,,125.343
5024,15.2362,,138,,125.286
5025,15.2392,,138,,125.229
5026,15.2423,,138,,125.171
5027,15.2453,,138,,125.114
5028,15.2484,,138,,125.057
5029,15.2514,,138,,125
5030,15.2546,,137.714,,124.886
5031,15.2577,,137.429,,124.771
5032,15.2609,,137.143,,124.657
5033,15.264,,136.857,,124.543
5034,15.2672,,136.571,,124.429
5035,15.2703,,136.286,,124.314
5036,15.2735,,136,,124.2
5037,15.2764,,136.143,,124.229
5038,15.2793,,136.286,,124.257
5039,15.2823,,136.429,,124.286
5040,15.2852,,136.571,,124.314
5041,15.2881,,136.714,,124.343
5042,15.2911,,136.857,,124.371
5043,15.294,,137,,124.4
5044,15.297,,137.286,,124.457
5045,15.3001,,137.571,,124.514
5046,15.3031,,137.857,,124.571
5047,15.3062,,138.143,,124.629
5048,15.3092,,138.429,,124.686
5049,15.3122,,138.714,,124.743
5050,15.3153,,139,,124.8
5051,15.3186,,139.143,,124.829
5052,15.3219,,139.286,,124.857
5053,15.3252,,139.429,,124.886
5054,15.3285,,139.571,,124.914
5055,15.3318,,139.714,,124.943
5056,15.3351,,139.857,,124.971
5057,15.3384,,140,,125
5058,15.3413,,140.143,,124.857
5059,15.3443,,140.286,,124.714
5060,15.3472,,140.429,,124.571
5061,15.3502,,140.571,,124.429
5062,15.3531,,140.714,,124.286
5063,15.3561,,140.857,,124.143
5064,15.359,,141,,124
5065,15.3618,,141.25,,123.65
5066,15.3646,,141.5,,123.3
5067,15.3674,,141.75,,122.95
5068,15.3702,,142,,122.6
5069,15.373,,142.25,,122.25
5070,15.3758,,142.5,,121.9
5071,15.3786,,142.75,,121.55
5072,15.3814,,143,,121.2
5073,15.3842,,143,,121.025
5074,15.387,,143,,120.85
5075,15.3898,,143,,120.675
5076,15.3926,,143,,120.5
5077,15.3954,,143,,120.325
5078,15.3982,,143,,120.15
5079,15.401,,143,,119.975
5080,15.4038,,143,,119.8
5081,15.4068,,143.2,,119.72
5082,15.4099,,143.4,,119.64
5083,15.413,,143.6,,119.56
5084,15.416,,143.8,,119.48
5085,15.4191,,144,,119.4
5086,15.4221,,144,,119.429
5087,15.4251,,144,,119.457
5088,15.4282,,144,,119.486
5089,15.4312,,144,,119.514
5090,15.4342,,144,,119.543
5091,15.4373,,144,,119.571
5092,15.4403,,144,,119.6
5093,15.4434,,144.143,,119.657
5094,15.4465,,144.286,,119.714
5095,15.4496,,144.429,,119.771
5096,15.4527,,144.571,,119.829
5097,15.4558,,144.714,,119.886
5098,15.4589,,144.857,,119.943
5099,15.462,,145,,120
5100,15.4647,,145.125,,120
5101,15.4674,,145.25,,120
5102,15.47,,145.375,,120
5103,15.4727,,145.5,,120
5104,15.4754,,145.625,,120
5105,15.4781,,145.75,,120
5106,15.4807,,145.875,,120
5107,15.4834,,146,,120
5108,15.4861,,145.25,,119.85
5109,15.4888,,144.5,,119.7
5110,15.4915,,143.75,,119.55
5111,15.4941,,143,,119.4
5112,15.4969,,142.25,,119.25
5113,15.4996,,141.5,,119.1
5114,15.5024,,140.75,,118.95
5115,15.5051,,140,,118.8
5116,15.5081,,139.857,,118.686
5117,15.5111,,139.714,,118.571
5118,15.5141,,139.571,,118.457
5119,15.517,,139.429,,118.343
5120,15.52,,139.286,,118.229
5121,15.523,,139.143,,118.114
5122,15.5259,,139,,118
5123,15.529,,138.4,,117.92
5124,15.532,,137.8,,117.84
5125,15.535,,137.2,,117.76
5126,15.538,,136.6,,117.68
5127,15.541,,136,,117.6
5128,15.544,,136.143,,117.743
5129,15.547,,136.286,,117.886
5130,15.55,,136.429,,118.029
5131,15.5531,,136.571,,118.171
5132,15.5561,,136.714,,118.314
5133,15.5591,,136.857,,118.457
5134,15.5621,,137,,118.6
5135,15.5652,,137.429,,119
5136,15.5682,,137.857,,119.4
5137,15.5713,,138.286,,119.8
5138,15.5744,,138.714,,120.2
5139,15.5775,,139.143,,120.6
5140,15.5805,,139.571,,121
5141,15.5836,,140,,121.4
5142,15.5863,,140.6,,121.88
5143,15.589,,141.2,,122.36
5144,15.5918,,141.8,,122.84
5145,15.5945,,142.4,,123.32
5146,15.5972,,143,,123.8
5147,15.5997,,143.5,,124.367
5148,15.6021,,144,,124.933
5149,15.6046,,144.5,,125.5
5150,15.6071,,145,,126.067
5151,15.6095,,145.5,,126.633
5152,15.612,,146,,127.2
5153,15.6145,,146.222,,127.089
5154,15.6171,,146.444,,126.978
5155,15.6196,,146.667,,126.867
5156,15.6221,,146.889,,126.756
5157,15.6247,,147.111,,126.644
5158,15.6272,,147.333,,126.533
5159,15.6297,,147.556,,126.422
5160,15.6323,,147.778,,126.311
5161,15.6348,,148,,126.2
5162,15.6378,,147.857,,126.057
5163,15.6408,,147.714,,125.914
5164,15.6438,,147.571,,125.771
5165,15.6467,,147.429,,125.629
5166,15.6497,,147.286,,125.486
5167,15.6527,,147.143,,125.343
5168,15.6557,,147,,125.2
5169,15.6586,,147,,125
5170,15.6616,,147,,124.8
5171,15.6646,,147,,124.6
5172,15.6676,,147,,124.4
5173,15.6705,,147,,124.2
5174,15.6735,,147,,124
5175,15.6765,,147,,123.8
5176,15.6798,,146.857,,123.571
5177,15.6832,,146.714,,123.343
5178,15.6865,,146.571,,123.114
5179,15.6899,,146.429,,122.886
5180,15.6932,,146.286,,122.657
5181,15.6966,,146.143,,122.429
5182,15.6999,,146,,122.2
5183,15.7032,,145.857,,122.286
5184,15.7064,,145.714,,122.371
5185,15.7097,,145.571,,122.457
5186,15.7129,,145.429,,122.543
5187,15.7162,,145.286,,122.629
5188,15.7195,,145.143,,122.714
5189,15.7227,,145,,122.8
5190,15.726,,145,,122.829
5191,15.7292,,145,,122.857
5192,15.7325,,145,,122.886
5193,15.7357,,145,,122.914
5194,15.7389,,145,,122.943
5195,15.7422,,145,,122.971
5196,15.7454,,145,,123
5197,15.7488,,144.857,,123
5198,15.7521,,144.714,,123
5199,15.7554,,144.571,,123
5200,15.7587,,144.429,,123
5201,15.762,,144.286,,123
5202,15.7654,,144.143,,123
5203,15.7687,,144,,123
5204,15.772,,143.714,,123.143
5205,15.7752,,143.429,,123.286
5206,15.7785,,143.143,,123.429
5207,15.7818,,142.857,,123.571
5208,15.7851,,142.571,,123.714
5209,15.7883,,142.286,,123.857
5210,15.7916,,142,,124
5211,15.7948,,142.143,,123.971
5212,15.798,,142.286,,123.943
5213,15.8012,,142.429,,123.914
5214,15.8044,,142.571,,123.886
5215,15.8076,,142.714,,123.857
5216,15.8108,,142.857,,123.829
5217,15.814,,143,,123.8
5218,15.817,,143,,123.829
5219,15.82,,143,,123.857
5220,15.823,,143,,123.886
5221,15.8259,,143,,123.914
5222,15.8289,,143,,123.943
5223,15.8319,,143,,123.971
5224,15.8349,,143,,124
5225,15.8378,,143,,124.05
5226,15.8406,,143,,124.1
5227,15.8434,,143,,124.15
5228,15.8462,,143,,124.2
5229,15.8491,,143,,124.25
5230,15.8519,,143,,124.3
5231,15.8547,,143,,124.35
5232,15.8575,,143,,124.4
5233,15.8608,,143,,124.514
5234,15.8641,,143,,124.629
5235,15.8673,,143,,124.743
5236,15.8706,,143,,124.857
5237,15.8739,,143,,124.971
5238,15.8771,,143,,125.086
5239,15.8804,,143,,125.2
5240,15.8835,,142.714,,125.371
5241,15.8867,,142.429,,125.543
5242,15.8898,,142.143,,125.714
5243,15.893,,141.857,,125.886
5244,15.8961,,141.571,,126.057
5245,15.8993,,141.286,,126.229
5246,15.9024,,141,,126.4
5247,15.9055,,141.143,,126.571
5248,15.9086,,141.286,,126.743
5249,15.9117,,141.429,,126.914
5250,15.9148,,141.571,,127.086
5251,15.9179,,141.714,,127.257
5252,15.921,,141.857,,127.429
5253,15.9241,,142,,127.6
5254,15.9271,,142.143,,127.486
5255,15.9302,,142.286,,127.371
5256,15.9333,,142.429,,127.257
5257,15.9363,,142.571,,127.143
5258,15.9394,,142.714,,127.029
5259,15.9424,,142.857,,126.914
5260,15.9455,,143,,126.8
5261,15.9484,,143.143,,126.714
5262,15.9513,,143.286,,126.629
5263,15.9543,,143.429,,126.543
5264,15.9572,,143.571,,126.457
5265,15.9601,,143.714,,126.371
5266,15.963,,143.857,,126.286
5267,15.9659,,144,,126.2
5268,15.9687,,144.25,,125.775
5269,15.9714,,144.5,,125.35
5270,15.9742,,144.75,,124.925
5271,15.9769,,145,,124.5
5272,15.9796,,145.25,,124.075
5273,15.9824,,145.5,,123.65
5274,15.9851,,145.75,,123.225
5275,15.9879,,146,,122.8
5276,15.9905,,146.4,,122.64
5277,15.9932,,146.8,,122.48
5278,15.9958,,147.2,,122.32
5279,15.9985,,147.6,,122.16
5280,16.0011,,148,,122
5281,16.0038,,148.125,,122.425
5282,16.0064,,148.25,,122.85
5283,16.0091,,148.375,,123.275
5284,16.0117,,148.5,,123.7
5285,16.0144,,148.625,,124.125
5286,16.017,,148.75,,124.55
5287,16.0197,,148.875,,124.975
5288,16.0223,,149,,125.4
5289,16.0252,,149.125,,125.6
5290,16.0281,,149.25,,125.8
5291,16.0309,,149.375,,126
5292,16.0338,,149.5,,126.2
5293,16.0367,,149.625,,126.4
5294,16.0395,,149.75,,126.6
5295,16.0424,,149.875,,126.8
5296,16.0453,,150,,127
5297,16.0481,,150.25,,126.875
5298,16.0509,,150.5,,126.75
5299,16.0537,,150.75,,126.625
5300,16.0565,,151,,126.5
5301,16.0593,,151.25,,126.375
5302,16.062,,151.5,,126.25
5303,16.0648,,151.75,,126.125
5304,16.0676,,152,,126
5305,16.0706,,152.143,,125.857
5306,16.0736,,152.286,,125.714
5307,16.0766,,152.429,,125.571
5308,16.0796,,152.571,,125.429
5309,16.0826,,152.714,,125.286
5310,16.0856,,152.857,,125.143
5311,16.0886,,153,,125
5312,16.0918,,153,,125.114
5313,16.095,,153,,125.229
5314,16.0982,,153,,125.343
5315,16.1013,,153,,125.457
5316,16.1045,,153,,125.571
5317,16.1077,,153,,125.686
5318,16.1108,,153,,125.8
5319,16.1139,,152.857,,125.857
5320,16.1169,,152.714,,125.914
5321,16.1199,,152.571,,125.971
5322,16.123,,152.429,,126.029
5323,16.126,,152.286,,126.086
5324,16.129,,152.143,,126.143
5325,16.1321,,152,,126.2
5326,16.1349,,151.857,,125.971
5327,16.1378,,151.714,,125.743
5328,16.1407,,151.571,,125.514
5329,16.1436,,151.429,,125.286
5330,16.1464,,151.286,,125.057
5331,16.1493,,151.143,,124.829
5332,16.1522,,151,,124.6
5333,16.1551,,151,,124.486
5334,16.1579,,151,,124.371
5335,16.1608,,151,,124.257
5336,16.1637,,151,,124.143
5337,16.1666,,151,,124.029
5338,16.1694,,151,,123.914
5339,16.1723,,151,,123.8
5340,16.1754,,151.143,,123.886
5341,16.1784,,151.286,,123.971
5342,16.1814,,151.429,,124.057
5343,16.1845,,151.571,,124.143
5344,16.1875,,151.714,,124.229
5345,16.1906,,151.857,,124.314
5346,16.1936,,152,,124.4
5347,16.1966,,152,,124.829
5348,16.1995,,152,,125.257
5349,16.2025,,152,,125.686
5350,16.2055,,152,,126.114
5351,16.2084,,152,,126.543
5352,16.2114,,152,,126.971
5353,16.2144,,152,,127.4
5354,16.2175,,152,,128.257
5355,16.2207,,152,,129.114
5356,16.2239,,152,,129.971
5357,16.2271,,152,,130.829
5358,16.2303,,152,,131.686
5359,16.2335,,152,,132.543
5360,16.2367,,152,,133.4
5361,16.2399,,152,,133.686
5362,16.2431,,152,,133.971
5363,16.2462,,152,,134.257
5364,16.2494,,152,,134.543
5365,16.2526,,152,,134.829
5366,16.2558,,152,,135.114
5367,16.259,,152,,135.4
5368,16.2621,,151.857,,135.686
5369,16.2652,,151.714,,135.971
5370,16.2683,,151.571,,136.257
5371,16.2714,,151.429,,136.543
5372,16.2745,,151.286,,136.829
5373,16.2776,,151.143,,137.114
5374,16.2807,,151,,137.4
5375,16.2834,,151,,137.45
5376,16.2862,,151,,137.5
5377,16.2889,,151,,137.55
5378,16.2917,,151,,137.6
5379,16.2944,,151,,137.65
5380,16.2972,,151,,137.7
5381,16.2999,,151,,137.75
5382,16.3027,,151,,137.8
5383,16.3057,,150.857,,137.486
5384,16.3087,,150.714,,137.171
5385,16.3117,,150.571,,136.857
5386,16.3147,,150.429,,136.543
5387,16.3177,,150.286,,136.229
5388,16.3207,,150.143,,135.914
5389,16.3237,,150,,135.6
5390,16.3258,,149.667,,136.067
5391,16.328,,149.333,,136.533
5392,16.3301,,149,,137
5393,16.3323,,149,,136.94
5394,16.3344,,149,,136.88
5395,16.3366,,149,,136.82
5396,16.3388,,149,,136.76
5397,16.3409,,149,,136.7
5398,16.3431,,149,,136.64
5399,16.3453,,149,,136.58
5400,16.3474,,149,,136.52
5401,16.3496,,149,,136.46
5402,16.3517,,149,,136.4
5403,16.3545,,148.875,,136.65
5404,16.3572,,148.75,,136.9
5405,16.3599,,148.625,,137.15
5406,16.3626,,148.5,,137.4
5407,16.3654,,148.375,,137.65
5408,16.3681,,148.25,,137.9
5409,16.3708,,148.125,,138.15
5410,16.3735,,148,,138.4
5411,16.3764,,148,,138.714
5412,16.3793,,148,,139.029
5413,16.3822,,148,,139.343
5414,16.3852,,148,,139.657
5415,16.3881,,148,,139.971
5416,16.391,,148,,140.286
5417,16.3939,,148,,140.6
5418,16.3971,,147.857,,140.543
5419,16.4003,,147.714,,140.486
5420,16.4035,,147.571,,140.429
5421,16.4066,,147.429,,140.371
5422,16.4098,,147.286,,140.314
5423,16.413,,147.143,,140.257
5424,16.4162,,147,,140.2
5425,16.4198,,146.667,,139.6
5426,16.4233,,146.333,,139
5427,16.4269,,146,,138.4
5428,16.4304,,145.667,,137.8
5429,16.434,,145.333,,137.2
5430,16.4375,,145,,136.6
5431,16.4409,,145,,135.933
5432,16.4442,,145,,135.267
5433,16.4476,,145,,134.6
5434,16.451,,145,,133.933
5435,16.4543,,145,,133.267
5436,16.4577,,145,,132.6
5437,16.4608,,144.714,,132.114
5438,16.4639,,144.429,,131.629
5439,16.4669,,144.143,,131.143
5440,16.47,,143.857,,130.657
5441,16.4731,,143.571,,130.171
5442,16.4762,,143.286,,129.686
5443,16.4793,,143,,129.2
5444,16.4823,,142.714,,128.314
5445,16.4853,,142.429,,127.429
5446,16.4883,,142.143,,126.543
5447,16.4913,,141.857,,125.657
5448,16.4943,,141.571,,124.771
5449,16.4973,,141.286,,123.886
5450,16.5003,,141,,123
5451,16.5031,,140.75,,122.8
5452,16.506,,140.5,,122.6
5453,16.5088,,140.25,,122.4
5454,16.5117,,140,,122.2
5455,16.5145,,139.75,,122
5456,16.5174,,139.5,,121.8
5457,16.5202,,139.25,,121.6
5458,16.5231,,139,,121.4
5459,16.5258,,139.125,,121.375
5460,16.5286,,139.25,,121.35
5461,16.5313,,139.375,,121.325
5462,16.5341,,139.5,,121.3
5463,16.5368,,139.625,,121.275
5464,16.5396,,139.75,,121.25
5465,16.5424,,139.875,,121.225
5466,16.5451,,140,,121.2
5467,16.5481,,140.286,,121.857
5468,16.5511,,140.571,,122.514
5469,16.5541,,140.857,,123.171
5470,16.5571,,141.143,,123.829
5471,16.5601,,141.429,,124.486
5472,16.5631,,141.714,,125.143
5473,16.5661,,142,,125.8
5474,16.5688,,142.125,,126.025
5475,16.5714,,142.25,,126.25
5476,16.5741,,142.375,,126.475
5477,16.5767,,142.5,,126.7
5478,16.5794,,142.625,,126.925
5479,16.582,,142.75,,127.15
5480,16.5847,,142.875,,127.375
5481,16.5874,,143,,127.6
5482,16.59,,143.25,,128.3
5483,16.5926,,143.5,,129
5484,16.5952,,143.75,,129.7
5485,16.5979,,144,,130.4
5486,16.6005,,144.25,,131.1
5487,16.6031,,144.5,,131.8
5488,16.6058,,144.75,,132.5
5489,16.6084,,145,,133.2
5490,16.6112,,145.125,,133.575
5491,16.614,,145.25,,133.95
5492,16.6168,,145.375,,134.325
5493,16.6196,,145.5,,134.7
5494,16.6223,,145.625,,135.075
5495,16.6251,,145.75,,135.45
5496,16.6279,,145.875,,135.825
5497,16.6307,,146,,136.2
5498,16.6333,,146.125,,136.4
5499,16.6359,,146.25,,136.6
5500,16.6385,,146.375,,136.8
5501,16.6411,,146.5,,137
5502,16.6438,,146.625,,137.2
5503,16.6464,,146.75,,137.4
5504,16.649,,146.875,,137.6
5505,16.6516,,147,,137.8
5506,16.6544,,147,,138.075
5507,16.6572,,147,,138.35
5508,16.66,,147,,138.625
5509,16.6628,,147,,138.9
5510,16.6656,,147,,139.175
5511,16.6685,,147,,139.45
5512,16.6713,,147,,139.725
5513,16.6741,,147,,140
5514,16.6776,,147.167,,140.233
5515,16.681,,147.333,,140.467
5516,16.6845,,147.5,,140.7
5517,16.688,,147.667,,140.933
5518,16.6915,,147.833,,141.167
5519,16.6949,,148,,141.4
5520,16.6981,,147.857,,141.743
5521,16.7013,,147.714,,142.086
5522,16.7044,,147.571,,142.429
5523,16.7076,,147.429,,142.771
5524,16.7108,,147.286,,143.114
5525,16.7139,,147.143,,143.457
5526,16.7171,,147,,143.8
5527,16.7199,,147.125,,143.85
5528,16.7227,,147.25,,143.9
5529,16.7254,,147.375,,143.95
5530,16.7282,,147.5,,144
5531,16.731,,147.625,,144.05
5532,16.7338,,147.75,,144.1
5533,16.7365,,147.875,,144.15
5534,16.7393,,148,,144.2
5535,16.7419,,148.125,,143.65
5536,16.7446,,148.25,,143.1
5537,16.7472,,148.375,,142.55
5538,16.7498,,148.5,,142
5539,16.7525,,148.625,,141.45
5540,16.7551,,148.75,,140.9
5541,16.7577,,148.875,,140.35
5542,16.7603,,149,,139.8
5543,16.7632,,148.875,,139.825
5544,16.766,,148.75,,139.85
5545,16.7688,,148.625,,139.875
5546,16.7716,,148.5,,139.9
5547,16.7744,,148.375,,139.925
5548,16.7772,,148.25,,139.95
5549,16.78,,148.125,,139.975
5550,16.7829,,148,,140
5551,16.7858,,148,,140.6
5552,16.7888,,148,,141.2
5553,16.7917,,148,,141.8
5554,16.7947,,148,,142.4
5555,16.7976,,148,,143
5556,16.8006,,148,,143.6
5557,16.8035,,148,,144.2
5558,16.8078,,147.8,,144.8
5559,16.812,,147.6,,145.4
5560,16.8162,,147.4,,146
5561,16.8205,,147.2,,146.6
5562,16.8247,,147,,147.2
5563,16.8277,,147.143,,146.943
5564,16.8307,,147.286,,146.686
5565,16.8338,,147.429,,146.429
5566,16.8368,,147.571,,146.171
5567,16.8398,,147.714,,145.914
5568,16.8428,,147.857,,145.657
5569,16.8459,,148,,145.4
5570,16.8491,,147.857,,144.057
5571,16.8523,,147.714,,142.714
5572,16.8556,,147.571,,141.371
5573,16.8588,,147.429,,140.029
5574,16.862,,147.286,,138.686
5575,16.8653,,147.143,,137.343
5576,16.8685,,147,,136
5577,16.8719,,147,,135.8
5578,16.8753,,147,,135.6
5579,16.8786,,147,,135.4
5580,16.882,,147,,135.2
5581,16.8854,,147,,135
5582,16.8888,,147,,134.8
5583,16.8918,,147,,135.4
5584,16.8948,,147,,136
5585,16.8978,,147,,136.6
5586,16.9008,,147,,137.2
5587,16.9038,,147,,137.8
5588,16.9067,,147,,138.4
5589,16.9097,,147,,139
5590,16.9127,,147.286,,139.886
5591,16.9156,,147.571,,140.771
5592,16.9185,,147.857,,141.657
5593,16.9214,,148.143,,142.543
5594,16.9243,,148.429,,143.429
5595,16.9273,,148.714,,144.314
5596,16.9302,,149,,145.2
5597,16.9332,,149.143,,145.457
5598,16.9362,,149.286,,145.714
5599,16.9393,,149.429,,145.971
5600,16.9423,,149.571,,146.229
5601,16.9453,,149.714,,146.486
5602,16.9484,,149.857,,146.743
5603,16.9514,,150,,147
5604,16.954,,150,,147.875
5605,16.9567,,150,,148.75
5606,16.9593,,150,,149.625
5607,16.962,,150,,150.5
5608,16.9646,,150,,151.375
5609,16.9673,,150,,152.25
5610,16.9699,,150,,153.125
5611,16.9726,,150,,154
5612,16.9756,,149.714,,153.543
5613,16.9787,,149.429,,153.086
5614,16.9818,,149.143,,152.629
5615,16.9849,,148.857,,152.171
5616,16.9879,,148.571,,151.714
5617,16.991,,148.286,,151.257
5618,16.9941,,148,,150.8
5619,16.9968,,148,,150.667
5620,16.9996,,148,,150.533
5621,17.0023,,148,,150.4
5622,17.0047,,147.667,,150.467
5623,17.0071,,147.333,,150.533
5624,17.0095,,147,,150.6
5625,17.0119,,146.667,,150.667
5626,17.0143,,146.333,,150.733
5627,17.0166,,146,,150.8
5628,17.019,,145.667,,150.867
5629,17.0214,,145.333,,150.933
5630,17.0238,,145,,151
5631,17.0268,,145.286,,151.4
5632,17.0297,,145.571,,151.8
5633,17.0326,,145.857,,152.2
5634,17.0356,,146.143,,152.6
5635,17.0385,,146.429,,153
5636,17.0415,,146.714,,153.4
5637,17.0444,,147,,153.8
5638,17.0473,,147.143,,153.943
5639,17.0502,,147.286,,154.086
5640,17.0531,,147.429,,154.229
5641,17.056,,147.571,,154.371
5642,17.0589,,147.714,,154.514
5643,17.0618,,147.857,,154.657
5644,17.0647,,148,,154.8
5645,17.0678,,148,,154.714
5646,17.0709,,148,,154.629
5647,17.074,,148,,154.543
5648,17.0771,,148,,154.457
5649,17.0802,,148,,154.371
5650,17.0833,,148,,154.286
5651,17.0864,,148,,154.2
5652,17.0896,,147.857,,154.086
5653,17.0927,,147.714,,153.971
5654,17.0959,,147.571,,153.857
5655,17.099,,147.429,,153.743
5656,17.1022,,147.286,,153.629
5657,17.1054,,147.143,,153.514
5658,17.1085,,147,,153.4
5659,17.1115,,146.857,,153.286
5660,17.1146,,146.714,,153.171
5661,17.1176,,146.571,,153.057
5662,17.1206,,146.429,,152.943
5663,17.1236,,146.286,,152.829
5664,17.1266,,146.143,,152.714
5665,17.1296,,146,,152.6
5666,17.1322,,145.875,,152.8
5667,17.1347,,145.75,,153
5668,17.1372,,145.625,,153.2
5669,17.1398,,145.5,,153.4
5670,17.1423,,145.375,,153.6
5671,17.1449,,145.25,,153.8
5672,17.1474,,145.125,,154
5673,17.15,,145,,154.2
5674,17.1531,,144.714,,153.743
5675,17.1562,,144.429,,153.286
5676,17.1593,,144.143,,152.829
5677,17.1624,,143.857,,152.371
5678,17.1655,,143.571,,151.914
5679,17.1686,,143.286,,151.457
5680,17.1717,,143,,151
5681,17.1751,,143.167,,150.8
5682,17.1784,,143.333,,150.6
5683,17.1818,,143.5,,150.4
5684,17.1851,,143.667,,150.2
5685,17.1885,,143.833,,150
5686,17.1918,,144,,149.8
5687,17.1953,,144,,149.6
5688,17.1988,,144,,149.4
5689,17.2023,,144,,149.2
5690,17.2057,,144,,149
5691,17.2092,,144,,148.8
5692,17.2127,,144,,148.6
5693,17.2157,,144.286,,148.514
5694,17.2187,,144.571,,148.429
5695,17.2217,,144.857,,148.343
5696,17.2247,,145.143,,148.257
5697,17.2277,,145.429,,148.171
5698,17.2307,,145.714,,148.086
5699,17.2337,,146,,148
5700,17.2367,,146.143,,148.057
5701,17.2397,,146.286,,148.114
5702,17.2427,,146.429,,148.171
5703,17.2457,,146.571,,148.229
5704,17.2487,,146.714,,148.286
5705,17.2516,,146.857,,148.343
5706,17.2546,,147,,148.4
5707,17.2575,,147,,148.943
5708,17.2604,,147,,149.486
5709,17.2633,,147,,150.029
5710,17.2662,,147,,150.571
5711,17.2691,,147,,151.114
5712,17.272,,147,,151.657
5713,17.2749,,147,,152.2
5714,17.2779,,146.857,,152.457
5715,17.281,,146.714,,152.714
5716,17.284,,146.571,,152.971
5717,17.2871,,146.429,,153.229
5718,17.2901,,146.286,,153.486
5719,17.2932,,146.143,,153.743
5720,17.2962,,146,,154
5721,17.2992,,145.857,,154.2
5722,17.3023,,145.714,,154.4
5723,17.3053,,145.571,,154.6
5724,17.3083,,145.429,,154.8
5725,17.3113,,145.286,,155
5726,17.3143,,145.143,,155.2
5727,17.3173,,145,,155.4
5728,17.3201,,145,,155.65
5729,17.323,,145,,155.9
5730,17.3258,,145,,156.15
5731,17.3287,,145,,156.4
5732,17.3315,,145,,156.65
5733,17.3343,,145,,156.9
5734,17.3372,,145,,157.15
5735,17.34,,145,,157.4
5736,17.3429,,145,,157.25
5737,17.3458,,145,,157.1
5738,17.3487,,145,,156.95
5739,17.3515,,145,,156.8
5740,17.3544,,145,,156.65
5741,17.3573,,145,,156.5
5742,17.3602,,145,,156.35
5743,17.363,,145,,156.2
5744,17.3663,,144.857,,156.2
5745,17.3695,,144.714,,156.2
5746,17.3728,,144.571,,156.2
5747,17.376,,144.429,,156.2
5748,17.3793,,144.286,,156.2
5749,17.3825,,144.143,,156.2
5750,17.3857,,144,,156.2
5751,17.389,,142.5,,156.1
5752,17.3923,,141,,156
5753,17.3952,,140.857,,155.571
5754,17.3982,,140.714,,155.143
5755,17.4012,,140.571,,154.714
5756,17.4042,,140.429,,154.286
5757,17.4072,,140.286,,153.857
5758,17.4101,,140.143,,153.429
5759,17.4131,,140,,153
5760,17.416,,140.6,,152.72
5761,17.4189,,141.2,,152.44
5762,17.4218,,141.8,,152.16
5763,17.4247,,142.4,,151.88
5764,17.4277,,143,,151.6
5765,17.4309,,143.143,,151.4
5766,17.4342,,143.286,,151.2
5767,17.4374,,143.429,,151
5768,17.4407,,143.571,,150.8
5769,17.444,,143.714,,150.6
5770,17.4472,,143.857,,150.4
5771,17.4505,,144,,150.2
5772,17.4535,,144.286,,150.171
5773,17.4565,,144.571,,150.143
5774,17.4595,,144.857,,150.114
5775,17.4624,,145.143,,150.086
5776,17.4654,,145.429,,150.057
5777,17.4684,,145.714,,150.029
5778,17.4714,,146,,150
5779,17.4743,,146,,150.086
5780,17.4772,,146,,150.171
5781,17.48,,146,,150.257
5782,17.4829,,146,,150.343
5783,17.4858,,146,,150.429
5784,17.4887,,146,,150.514
5785,17.4916,,146,,150.6
5786,17.4943,,145.875,,150.575
5787,17.4971,,145.75,,150.55
5788,17.4998,,145.625,,150.525
5789,17.5026,,145.5,,150.5
5790,17.5054,,145.375,,150.475
5791,17.5081,,145.25,,150.45
5792,17.5109,,145.125,,150.425
5793,17.5136,,145,,150.4
5794,17.5162,,145.125,,149.825
5795,17.5188,,145.25,,149.25
5796,17.5213,,145.375,,148.675
5797,17.5239,,145.5,,148.1
5798,17.5265,,145.625,,147.525
5799,17.529,,145.75,,146.95
5800,17.5316,,145.875,,146.375
5801,17.5342,,146,,145.8
5802,17.5365,,146,,145.6
5803,17.5389,,146,,145.4
5804,17.5413,,146,,145.2
5805,17.5437,,146,,145
5806,17.5461,,146,,144.8
5807,17.5484,,146,,144.6
5808,17.5508,,146,,144.4
5809,17.5532,,146,,144.2
5810,17.5556,,146,,144
5811,17.5577,,146,,144.267
5812,17.5599,,146,,144.533
5813,17.562,,146,,144.8
5814,17.5647,,146.125,,145.225
5815,17.5674,,146.25,,145.65
5816,17.5701,,146.375,,146.075
5817,17.5728,,146.5,,146.5
5818,17.5755,,146.625,,146.925
5819,17.5782,,146.75,,147.35
5820,17.5809,,146.875,,147.775
5821,17.5836,,147,,148.2
5822,17.5863,,147.25,,148.8
5823,17.589,,147.5,,149.4
5824,17.5917,,147.75,,150
5825,17.5944,,148,,150.6
5826,17.597,,148.25,,151.2
5827,17.5997,,148.5,,151.8
5828,17.6024,,148.75,,152.4
5829,17.6051,,149,,153
5830,17.6077,,148.75,,153.325
5831,17.6103,,148.5,,153.65
5832,17.6129,,148.25,,153.975
5833,17.6155,,148,,154.3
5834,17.6182,,147.75,,154.625
5835,17.6208,,147.5,,154.95
5836,17.6234,,147.25,,155.275
5837,17.626,,147,,155.6
5838,17.6289,,147.143,,155.429
5839,17.6318,,147.286,,155.257
5840,17.6347,,147.429,,155.086
5841,17.6377,,147.571,,154.914
5842,17.6406,,147.714,,154.743
5843,17.6435,,147.857,,154.571
5844,17.6464,,148,,154.4
5845,17.6498,,148,,154.067
5846,17.6532,,148,,153.733
5847,17.6565,,148,,153.4
5848,17.6599,,148,,153.067
5849,17.6633,,148,,152.733
5850,17.6667,,148,,152.4
5851,17.6694,,147.875,,152.25
5852,17.6722,,147.75,,152.1
5853,17.6749,,147.625,,151.95
5854,17.6777,,147.5,,151.8
5855,17.6805,,147.375,,151.65
5856,17.6832,,147.25,,151.5
5857,17.686,,147.125,,151.35
5858,17.6887,,147,,151.2
5859,17.6916,,146.714,,150.8
5860,17.6945,,146.429,,150.4
5861,17.6974,,146.143,,150
5862,17.7002,,145.857,,149.6
5863,17.7031,,145.571,,149.2
5864,17.706,,145.286,,148.8
5865,17.7088,,145,,148.4
5866,17.7117,,144.714,,148.314
5867,17.7146,,144.429,,148.229
5868,17.7174,,144.143,,148.143
5869,17.7203,,143.857,,148.057
5870,17.7232,,143.571,,147.971
5871,17.726,,143.286,,147.886
5872,17.7289,,143,,147.8
5873,17.7316,,143,,148.075
5874,17.7343,,143,,148.35
5875,17.7371,,143,,148.625
5876,17.7398,,143,,148.9
5877,17.7425,,143,,149.175
5878,17.7452,,143,,149.45
5879,17.7479,,143,,149.725
5880,17.7507,,143,,150
5881,17.7532,,143.25,,150.225
5882,17.7557,,143.5,,150.45
5883,17.7582,,143.75,,150.675
5884,17.7608,,144,,150.9
5885,17.7633,,144.25,,151.125
5886,17.7658,,144.5,,151.35
5887,17.7683,,144.75,,151.575
5888,17.7709,,145,,151.8
5889,17.7737,,145,,152.025
5890,17.7765,,145,,152.25
5891,17.7793,,145,,152.475
5892,17.7821,,145,,152.7
5893,17.7849,,145,,152.925
5894,17.7877,,145,,153.15
5895,17.7905,,145,,153.375
5896,17.7933,,145,,153.6
5897,17.7961,,144.875,,153.625
5898,17.7988,,144.75,,153.65
5899,17.8016,,144.625,,153.675
5900,17.8043,,144.5,,153.7
5901,17.8071,,144.375,,153.725
5902,17.8098,,144.25,,153.75
5903,17.8126,,144.125,,153.775
5904,17.8153,,144,,153.8
5905,17.8178,,144.111,,153.533
5906,17.8202,,144.222,,153.267
5907,17.8227,,144.333,,153
5908,17.8251,,144.444,,152.733
5909,17.8276,,144.556,,152.467
5910,17.83,,144.667,,152.2
5911,17.8324,,144.778,,151.933
5912,17.8349,,144.889,,151.667
5913,17.8373,,145,,151.4
5914,17.8401,,145.125,,151.1
5915,17.8429,,145.25,,150.8
5916,17.8457,,145.375,,150.5
5917,17.8484,,145.5,,150.2
5918,17.8512,,145.625,,149.9
5919,17.854,,145.75,,149.6
5920,17.8568,,145.875,,149.3
5921,17.8596,,146,,149
5922,17.8626,,146.286,,149.057
5923,17.8657,,146.571,,149.114
5924,17.8687,,146.857,,149.171
5925,17.8718,,147.143,,149.229
5926,17.8748,,147.429,,149.286
5927,17.8779,,147.714,,149.343
5928,17.8809,,148,,149.4
5929,17.8839,,148.143,,149.4
5930,17.8869,,148.286,,149.4
5931,17.8899,,148.429,,149.4
5932,17.8929,,148.571,,149.4
5933,17.8959,,148.714,,149.4
5934,17.8989,,148.857,,149.4
5935,17.9019,,149,,149.4
5936,17.9052,,149,,148.829
5937,17.9085,,149,,148.257
5938,17.9117,,149,,147.686
5939,17.915,,149,,147.114
5940,17.9182,,149,,146.543
5941,17.9215,,149,,145.971
5942,17.9247,,149,,145.4
5943,17.9276,,149,,145.525
5944,17.9305,,149,,145.65
5945,17.9333,,149,,145.775
5946,17.9362,,149,,145.9
5947,17.939,,149,,146.025
5948,17.9419,,149,,146.15
5949,17.9447,,149,,146.275
5950,17.9476,,149,,146.4
5951,17.9504,,149,,146.775
5952,17.9532,,149,,147.15
5953,17.9561,,149,,147.525
5954,17.9589,,149,,147.9
5955,17.9617,,149,,148.275
5956,17.9645,,149,,148.65
5957,17.9673,,149,,149.025
5958,17.9702,,149,,149.4
5959,17.9733,,149.143,,150.771
5960,17.9765,,149.286,,152.143
5961,17.9796,,149.429,,153.514
5962,17.9828,,149.571,,154.886
5963,17.9859,,149.714,,156.257
5964,17.9891,,149.857,,157.629
5965,17.9923,,150,,159
5966,17.9953,,149.667,,160
5967,17.9983,,149.333,,161
5968,18.0013,,149,,162
5969,18.0041,,148.875,,162.35
5970,18.0069,,148.75,,162.7
5971,18.0097,,148.625,,163.05
5972,18.0125,,148.5,,163.4
5973,18.0153,,148.375,,163.75
5974,18.0181,,148.25,,164.1
5975,18.0209,,148.125,,164.45
5976,18.0238,,148,,164.8
5977,18.0269,,148,,164.143
5978,18.0301,,148,,163.486
5979,18.0333,,148,,162.829
5980,18.0365,,148,,162.171
5981,18.0397,,148,,161.514
5982,18.0428,,148,,160.857
5983,18.046,,148,,160.2
5984,18.0495,,148,,159.433
5985,18.0529,,148,,158.667
5986,18.0564,,148,,157.9
5987,18.0598,,148,,157.133
5988,18.0633,,148,,156.367
5989,18.0667,,148,,155.6
5990,18.0701,,148,,155.3
5991,18.0734,,148,,155
5992,18.0768,,148,,154.7
5993,18.0801,,148,,154.4
5994,18.0835,,148,,154.1
5995,18.0868,,148,,153.8
5996,18.0904,,147.667,,153.567
5997,18.0939,,147.333,,153.333
5998,18.0974,,147,,153.1
5999,18.1009,,146.667,,152.867
6000,18.1044,,146.333,,152.633
6001,18.1079,,146,,152.4
6002,18.1109,,145.857,,152.086
6003,18.1139,,145.714,,151.771
6004,18.117,,145.571,,151.457
6005,18.12,,145.429,,151.143
6006,18.1231,,145.286,,150.829
6007,18.1261,,145.143,,150.514
6008,18.1291,,145,,150.2
6009,18.1323,,145,,150.686
6010,18.1354,,145,,151.171
6011,18.1385,,145,,151.657
6012,18.1417,,145,,152.143
6013,18.1448,,145,,152.629
6014,18.148,,145,,153.114
6015,18.1511,,145,,153.6
6016,18.154,,145.125,,153.925
6017,18.1569,,145.25,,154.25
6018,18.1598,,145.375,,154.575
6019,18.1627,,145.5,,154.9
6020,18.1656,,145.625,,155.225
6021,18.1685,,145.75,,155.55
6022,18.1714,,145.875,,155.875
6023,18.1743,,146,,156.2
6024,18.1772,,146.6,,156.52
6025,18.1802,,147.2,,156.84
6026,18.1832,,147.8,,157.16
6027,18.1861,,148.4,,157.48
6028,18.1891,,149,,157.8
6029,18.1921,,149.143,,157.457
6030,18.195,,149.286,,157.114
6031,18.198,,149.429,,156.771
6032,18.2009,,149.571,,156.429
6033,18.2039,,149.714,,156.086
6034,18.2068,,149.857,,155.743
6035,18.2098,,150,,155.4
6036,18.2132,,149.833,,155.133
6037,18.2166,,149.667,,154.867
6038,18.2201,,149.5,,154.6
6039,18.2235,,149.333,,154.333
6040,18.2269,,149.167,,154.067
6041,18.2304,,149,,153.8
6042,18.2331,,149,,153.65
6043,18.2358,,149,,153.5
6044,18.2386,,149,,153.35
6045,18.2413,,149,,153.2
6046,18.2441,,149,,153.05
6047,18.2468,,149,,152.9
6048,18.2495,,149,,152.75
6049,18.2523,,149,,152.6
6050,18.2546,,148.889,,153
6051,18.257,,148.778,,153.4
6052,18.2594,,148.667,,153.8
6053,18.2617,,148.556,,154.2
6054,18.2641,,148.444,,154.6
6055,18.2664,,148.333,,155
6056,18.2688,,148.222,,155.4
6057,18.2711,,148.111,,155.8
6058,18.2735,,148,,156.2
6059,18.2763,,147.75,,156.175
6060,18.2791,,147.5,,156.15
6061,18.2819,,147.25,,156.125
6062,18.2846,,147,,156.1
6063,18.2874,,146.75,,156.075
6064,18.2902,,146.5,,156.05
6065,18.293,,146.25,,156.025
6066,18.2958,,146,,156
6067,18.2987,,146,,155.543
6068,18.3015,,146,,155.086
6069,18.3044,,146,,154.629
6070,18.3072,,146,,154.171
6071,18.3101,,146,,153.714
6072,18.313,,146,,153.257
6073,18.3158,,146,,152.8
6074,18.3187,,146.143,,153.314
6075,18.3216,,146.286,,153.829
6076,18.3245,,146.429,,154.343
6077,18.3274,,146.571,,154.857
6078,18.3303,,146.714,,155.371
6079,18.3332,,146.857,,155.886
6080,18.3361,,147,,156.4
6081,18.3387,,147.25,,156.725
6082,18.3413,,147.5,,157.05
6083,18.3439,,147.75,,157.375
6084,18.3465,,148,,157.7
6085,18.349,,148.25,,158.025
6086,18.3516,,148.5,,158.35
6087,18.3542,,148.75,,158.675
6088,18.3568,,149,,159
6089,18.3596,,149.429,,159.4
6090,18.3625,,149.857,,159.8
6091,18.3654,,150.286,,160.2
6092,18.3683,,150.714,,160.6
6093,18.3712,,151.143,,161
6094,18.374,,151.571,,161.4
6095,18.3769,,152,,161.8
6096,18.3796,,152.25,,162.225
6097,18.3823,,152.5,,162.65
6098,18.3849,,152.75,,163.075
6099,18.3876,,153,,163.5
6100,18.3903,,153.25,,163.925
6101,18.393,,153.5,,164.35
6102,18.3956,,153.75,,164.775
6103,18.3983,,154,,165.2
6104,18.4011,,154.125,,165.125
6105,18.4039,,154.25,,165.05
6106,18.4066,,154.375,,164.975
6107,18.4094,,154.5,,164.9
6108,18.4122,,154.625,,164.825
6109,18.4149,,154.75,,164.75
6110,18.4177,,154.875,,164.675
6111,18.4204,,155,,164.6
6112,18.4232,,155,,164.675
6113,18.4259,,155,,164.75
6114,18.4286,,155,,164.825
6115,18.4313,,155,,164.9
6116,18.434,,155,,164.975
6117,18.4367,,155,,165.05
6118,18.4394,,155,,165.125
6119,18.4421,,155,,165.2
6120,18.4451,,155.143,,164.943
6121,18.4482,,155.286,,164.686
6122,18.4512,,155.429,,164.429
6123,18.4542,,155.571,,164.171
6124,18.4572,,155.714,,163.914
6125,18.4602,,155.857,,163.657
6126,18.4632,,156,,163.4
6127,18.4658,,156.125,,163.15
6128,18.4684,,156.25,,162.9
6129,18.471,,156.375,,162.65
6130,18.4736,,156.5,,162.4
6131,18.4761,,156.625,,162.15
6132,18.4787,,156.75,,161.9
6133,18.4813,,156.875,,161.65
6134,18.4839,,157,,161.4
6135,18.487,,157,,161.571
6136,18.4902,,157,,161.743
6137,18.4934,,157,,161.914
6138,18.4965,,157,,162.086
6139,18.4997,,157,,162.257
6140,18.5029,,157,,162.429
6141,18.5061,,157,,162.6
6142,18.5095,,156.667,,163.033
6143,18.5129,,156.333,,163.467
6144,18.5164,,156,,163.9
6145,18.5198,,155.667,,164.333
6146,18.5233,,155.333,,164.767
6147,18.5267,,155,,165.2
6148,18.5296,,154.857,,165
6149,18.5325,,154.714,,164.8
6150,18.5354,,154.571,,164.6
6151,18.5383,,154.429,,164.4
6152,18.5412,,154.286,,164.2
6153,18.544,,154.143,,164
6154,18.5469,,154,,163.8
6155,18.5495,,153.571,,163.686
6156,18.552,,153.143,,163.571
6157,18.5545,,152.714,,163.457
6158,18.5571,,152.286,,163.343
6159,18.5596,,151.857,,163.229
6160,18.5621,,151.429,,163.114
6161,18.5646,,151,,163
6162,18.5676,,150.714,,163.086
6163,18.5705,,150.429,,163.171
6164,18.5734,,150.143,,163.257
6165,18.5763,,149.857,,163.343
6166,18.5792,,149.571,,163.429
6167,18.5822,,149.286,,163.514
6168,18.5851,,149,,163.6
6169,18.5883,,149,,163.914
6170,18.5915,,149,,164.229
6171,18.5948,,149,,164.543
6172,18.598,,149,,164.857
6173,18.6012,,149,,165.171
6174,18.6045,,149,,165.486
6175,18.6077,,149,,165.8
6176,18.6104,,149.125,,166.225
6177,18.6131,,149.25,,166.65
6178,18.6158,,149.375,,167.075
6179,18.6185,,149.5,,167.5
6180,18.6212,,149.625,,167.925
6181,18.6239,,149.75,,168.35
6182,18.6266,,149.875,,168.775
6183,18.6293,,150,,169.2
6184,18.632,,150.375,,169.525
6185,18.6348,,150.75,,169.85
6186,18.6375,,151.125,,170.175
6187,18.6403,,151.5,,170.5
6188,18.643,,151.875,,170.825
6189,18.6458,,152.25,,171.15
6190,18.6485,,152.625,,171.475
6191,18.6513,,153,,171.8
6192,18.6543,,153,,171.714
6193,18.6573,,153,,171.629
6194,18.6604,,153,,171.543
6195,18.6634,,153,,171.457
6196,18.6664,,153,,171.371
6197,18.6694,,153,,171.286
6198,18.6725,,153,,171.2
6199,18.6752,,153,,170.975
6200,18.6779,,153,,170.75
6201,18.6807,,153,,170.525
6202,18.6834,,153,,170.3
6203,18.6861,,153,,170.075
6204,18.6889,,153,,169.85
6205,18.6916,,153,,169.625
6206,18.6943,,153,,169.4
6207,18.6967,,152.889,,169.156
6208,18.6991,,152.778,,168.911
6209,18.7014,,152.667,,168.667
6210,18.7038,,152.556,,168.422
6211,18.7062,,152.444,,168.178
6212,18.7085,,152.333,,167.933
6213,18.7109,,152.222,,167.689
6214,18.7133,,152.111,,167.444
6215,18.7156,,152,,167.2
6216,18.7181,,152,,166.85
6217,18.7206,,152,,166.5
6218,18.7231,,152,,166.15
6219,18.7256,,152,,165.8
6220,18.7281,,152,,165.45
6221,18.7306,,152,,165.1
6222,18.7331,,152,,164.75
6223,18.7356,,152,,164.4
6224,18.7387,,152,,164.029
6225,18.7419,,152,,163.657
6226,18.745,,152,,163.286
6227,18.7481,,152,,162.914
6228,18.7512,,152,,162.543
6229,18.7543,,152,,162.171
6230,18.7574,,152,,161.8
6231,18.7609,,152.167,,162.067
6232,18.7644,,152.333,,162.333
6233,18.7679,,152.5,,162.6
6234,18.7715,,152.667,,162.867
6235,18.775,,152.833,,163.133
6236,18.7785,,153,,163.4
6237,18.7814,,153.143,,163.486
6238,18.7842,,153.286,,163.571
6239,18.7871,,153.429,,163.657
6240,18.79,,153.571,,163.743
6241,18.7928,,153.714,,163.829
6242,18.7957,,153.857,,163.914
6243,18.7986,,154,,164
6244,18.8026,,154,,164.16
6245,18.8066,,154,,164.32
6246,18.8106,,154,,164.48
6247,18.8146,,154,,164.64
6248,18.8186,,154,,164.8
6249,18.8215,,153.571,,164.543
6250,18.8245,,153.143,,164.286
6251,18.8274,,152.714,,164.029
6252,18.8304,,152.286,,163.771
6253,18.8333,,151.857,,163.514
6254,18.8363,,151.429,,163.257
6255,18.8392,,151,,163
6256,18.8424,,151,,162.6
6257,18.8456,,151,,162.2
6258,18.8487,,151,,161.8
6259,18.8519,,151,,161.4
6260,18.8551,,151,,161
6261,18.8582,,151,,160.6
6262,18.8614,,151,,160.2
6263,18.8646,,151.286,,159.857
6264,18.8677,,151.571,,159.514
6265,18.8708,,151.857,,159.171
6266,18.874,,152.143,,158.829
6267,18.8771,,152.429,,158.486
6268,18.8803,,152.714,,158.143
6269,18.8834,,153,,157.8
6270,18.8863,,153.286,,157.114
6271,18.8892,,153.571,,156.429
6272,18.8922,,153.857,,155.743
6273,18.8951,,154.143,,155.057
6274,18.898,,154.429,,154.371
6275,18.9009,,154.714,,153.686
6276,18.9038,,155,,153
6277,18.9064,,155.125,,153.15
6278,18.909,,155.25,,153.3
6279,18.9116,,155.375,,153.45
6280,18.9142,,155.5,,153.6
6281,18.9167,,155.625,,153.75
6282,18.9193,,155.75,,153.9
6283,18.9219,,155.875,,154.05
6284,18.9245,,156,,154.2
6285,18.9269,,155.889,,154.178
6286,18.9294,,155.778,,154.156
6287,18.9318,,155.667,,154.133
6288,18.9343,,155.556,,154.111
6289,18.9367,,155.444,,154.089
6290,18.9392,,155.333,,154.067
6291,18.9416,,155.222,,154.044
6292,18.9441,,155.111,,154.022
6293,18.9465,,155,,154
6294,18.9501,,155,,154.167
6295,18.9537,,155,,154.333
6296,18.9572,,155,,154.5
6297,18.9608,,155,,154.667
6298,18.9643,,155,,154.833
6299,18.9679,,155,,155
6300,18.9713,,155.167,,155
6301,18.9747,,155.333,,155
6302,18.9781,,155.5,,155
6303,18.9815,,155.667,,155
6304,18.9849,,155.833,,155
6305,18.9884,,156,,155
6306,18.9908,,156.4,,155.24
6307,18.9933,,156.8,,155.48
6308,18.9958,,157.2,,155.72
6309,18.9983,,157.6,,155.96
6310,19.0008,,158,,156.2
6311,19.0038,,157.857,,156.086
6312,19.0069,,157.714,,155.971
6313,19.01,,157.571,,155.857
6314,19.013,,157.429,,155.743
6315,19.0161,,157.286,,155.629
6316,19.0192,,157.143,,155.514
6317,19.0222,,157,,155.4
6318,19.0257,,156.833,,155.533
6319,19.0291,,156.667,,155.667
6320,19.0325,,156.5,,155.8
6321,19.0359,,156.333,,155.933
6322,19.0393,,156.167,,156.067
6323,19.0427,,156,,156.2
6324,19.0459,,155.857,,156.257
6325,19.0491,,155.714,,156.314
6326,19.0523,,155.571,,156.371
6327,19.0554,,155.429,,156.429
6328,19.0586,,155.286,,156.486
6329,19.0618,,155.143,,156.543
6330,19.065,,155,,156.6
6331,19.0687,,155,,157.1
6332,19.0725,,155,,157.6
6333,19.0763,,155,,158.1
6334,19.08,,155,,158.6
6335,19.0838,,155,,159.1
6336,19.0875,,155,,159.6
6337,19.0904,,154.857,,159.771
6338,19.0933,,154.714,,159.943
6339,19.0961,,154.571,,160.114
6340,19.099,,154.429,,160.286
6341,19.1018,,154.286,,160.457
6342,19.1047,,154.143,,160.629
6343,19.1076,,154,,160.8
6344,19.11,,153.889,,160.867
6345,19.1124,,153.778,,160.933
6346,19.1149,,153.667,,161
6347,19.1173,,153.556,,161.067
6348,19.1197,,153.444,,161.133
6349,19.1222,,153.333,,161.2
6350,19.1246,,153.222,,161.267
6351,19.127,,153.111,,161.333
6352,19.1295,,153,,161.4
6353,19.1318,,152.778,,161.4
6354,19.1341,,152.556,,161.4
6355,19.1364,,152.333,,161.4
6356,19.1387,,152.111,,161.4
6357,19.141,,151.889,,161.4
6358,19.1433,,151.667,,161.4
6359,19.1456,,151.444,,161.4
6360,19.1479,,151.222,,161.4
6361,19.1502,,151,,161.4
6362,19.1526,,150.778,,161.422
6363,19.155,,150.556,,161.444
6364,19.1574,,150.333,,161.467
6365,19.1599,,150.111,,161.489
6366,19.1623,,149.889,,161.511
6367,19.1647,,149.667,,161.533
6368,19.1672,,149.444,,161.556
6369,19.1696,,149.222,,161.578
6370,19.172,,149,,161.6
6371,19.1748,,148.4,,161.52
6372,19.1776,,147.8,,161.44
6373,19.1804,,147.2,,161.36
6374,19.1832,,146.6,,161.28
6375,19.186,,146,,161.2
6376,19.1889,,145.571,,161.057
6377,19.1919,,145.143,,160.914
6378,19.1949,,144.714,,160.771
6379,19.1978,,144.286,,160.629
6380,19.2008,,143.857,,160.486
6381,19.2037,,143.429,,160.343
6382,19.2067,,143,,160.2
6383,19.2094,,142.625,,159.925
6384,19.2121,,142.25,,159.65
6385,19.2148,,141.875,,159.375
6386,19.2175,,141.5,,159.1
6387,19.2202,,141.125,,158.825
6388,19.2229,,140.75,,158.55
6389,19.2256,,140.375,,158.275
6390,19.2282,,140,,158
6391,19.2314,,139.857,,157.857
6392,19.2346,,139.714,,157.714
6393,19.2378,,139.571,,157.571
6394,19.2409,,139.429,,157.429
6395,19.2441,,139.286,,157.286
6396,19.2473,,139.143,,157.143
6397,19.2505,,139,,157
6398,19.2535,,139,,157.029
6399,19.2565,,139,,157.057
6400,19.2595,,139,,157.086
6401,19.2625,,139,,157.114
6402,19.2655,,139,,157.143
6403,19.2685,,139,,157.171
6404,19.2716,,139,,157.2
6405,19.2748,,138.857,,156.914
6406,19.278,,138.714,,156.629
6407,19.2812,,138.571,,156.343
6408,19.2845,,138.429,,156.057
6409,19.2877,,138.286,,155.771
6410,19.2909,,138.143,,155.486
6411,19.2941,,138,,155.2
6412,19.2972,,138,,154.657
6413,19.3002,,138,,154.114
6414,19.3032,,138,,153.571
6415,19.3062,,138,,153.029
6416,19.3093,,138,,152.486
6417,19.3123,,138,,151.943
6418,19.3153,,138,,151.4
6419,19.3182,,138.143,,151.229
6420,19.3212,,138.286,,151.057
6421,19.3241,,138.429,,150.886
6422,19.327,,138.571,,150.714
6423,19.3299,,138.714,,150.543
6424,19.3328,,138.857,,150.371
6425,19.3357,,139,,150.2
6426,19.3387,,139,,150.543
6427,19.3416,,139,,150.886
6428,19.3446,,139,,151.229
6429,19.3475,,139,,151.571
6430,19.3505,,139,,151.914
6431,19.3534,,139,,152.257
6432,19.3564,,139,,152.6
6433,19.3596,,138,,153.067
6434,19.3628,,137,,153.533
6435,19.366,,136,,154
6436,19.3688,,136.25,,154
6437,19.3716,,136.5,,154
6438,19.3744,,136.75,,154
6439,19.3772,,137,,154
6440,19.3799,,137.25,,154
6441,19.3827,,137.5,,154
6442,19.3855,,137.75,,154
6443,19.3883,,138,,154
6444,19.3913,,138.429,,154.057
6445,19.3942,,138.857,,154.114
6446,19.3972,,139.286,,154.171
6447,19.4001,,139.714,,154.229
6448,19.4031,,140.143,,154.286
6449,19.406,,140.571,,154.343
6450,19.409,,141,,154.4
6451,19.412,,140.857,,154.057
6452,19.415,,140.714,,153.714
6453,19.418,,140.571,,153.371
6454,19.421,,140.429,,153.029
6455,19.4241,,140.286,,152.686
6456,19.4271,,140.143,,152.343
6457,19.4301,,140,,152
6458,19.4327,,139.4,,151
6459,19.4353,,138.8,,150
6460,19.4379,,138.2,,149
6461,19.4405,,137.6,,148
6462,19.4431,,137,,147
6463,19.4462,,136.857,,146.4
6464,19.4494,,136.714,,145.8
6465,19.4525,,136.571,,145.2
6466,19.4556,,136.429,,144.6
6467,19.4588,,136.286,,144
6468,19.4619,,136.143,,143.4
6469,19.4651,,136,,142.8
6470,19.468,,136,,142.4
6471,19.4709,,136,,142
6472,19.4738,,136,,141.6
6473,19.4767,,136,,141.2
6474,19.4796,,136,,140.8
6475,19.4825,,136,,140.4
6476,19.4854,,136,,140
6477,19.4886,,136,,140
6478,19.4919,,136,,140
6479,19.4951,,136,,140
6480,19.4983,,136,,140
6481,19.5015,,136,,140
6482,19.5048,,136,,140
6483,19.508,,136,,140
6484,19.5116,,136,,140.133
6485,19.5153,,136,,140.267
6486,19.5189,,136,,140.4
6487,19.5225,,136,,140.533
6488,19.5262,,136,,140.667
6489,19.5298,,136,,140.8
6490,19.5333,,136.333,,141.367
6491,19.5369,,136.667,,141.933
6492,19.5404,,137,,142.5
6493,19.5439,,137.333,,143.067
6494,19.5475,,137.667,,143.633
6495,19.551,,138,,144.2
6496,19.5539,,138.5,,144.767
6497,19.5569,,139,,145.333
6498,19.5598,,139.5,,145.9
6499,19.5628,,140,,146.467
6500,19.5657,,140.5,,147.033
6501,19.5686,,141,,147.6
6502,19.5713,,141.25,,147.85
6503,19.574,,141.5,,148.1
6504,19.5767,,141.75,,148.35
6505,19.5794,,142,,148.6
6506,19.5821,,142.25,,148.85
6507,19.5848,,142.5,,149.1
6508,19.5875,,142.75,,149.35
6509,19.5902,,143,,149.6
6510,19.593,,143,,149.3
6511,19.5957,,143,,149
6512,19.5985,,143,,148.7
6513,19.6013,,143,,148.4
6514,19.604,,143,,148.1
6515,19.6068,,143,,147.8
6516,19.6095,,143,,147.5
6517,19.6123,,143,,147.2
6518,19.6152,,143,,146.943
6519,19.6181,,143,,146.686
6520,19.6209,,143,,146.429
6521,19.6238,,143,,146.171
6522,19.6267,,143,,145.914
6523,19.6296,,143,,145.657
6524,19.6324,,143,,145.4
6525,19.6355,,142.571,,145.171
6526,19.6385,,142.143,,144.943
6527,19.6416,,141.714,,144.714
6528,19.6446,,141.286,,144.486
6529,19.6477,,140.857,,144.257
6530,19.6507,,140.429,,144.029
6531,19.6538,,140,,143.8
6532,19.6563,,139.625,,143.45
6533,19.6589,,139.25,,143.1
6534,19.6615,,138.875,,142.75
6535,19.664,,138.5,,142.4
6536,19.6666,,138.125,,142.05
6537,19.6692,,137.75,,141.7
6538,19.6717,,137.375,,141.35
6539,19.6743,,137,,141
6540,19.6772,,136.857,,140.2
6541,19.6802,,136.714,,139.4
6542,19.6831,,136.571,,138.6
6543,19.686,,136.429,,137.8
6544,19.689,,136.286,,137
6545,19.6919,,136.143,,136.2
6546,19.6948,,136,,135.4
6547,19.6983,,136,,135.8
6548,19.7013,,136.286,,136.171
6549,19.7044,,136.571,,136.543
6550,19.7075,,136.857,,136.914
6551,19.7106,,137.143,,137.286
6552,19.7137,,137.429,,137.657
6553,19.7168,,137.714,,138.029
6554,19.7199,,138,,138.4
6555,19.7228,,138.286,,138.686
6556,19.7256,,138.571,,138.971
6557,19.7285,,138.857,,139.257
6558,19.7314,,139.143,,139.543
6559,19.7342,,139.429,,139.829
6560,19.7371,,139.714,,140.114
6561,19.74,,140,,140.4
6562,19.7426,,140.25,,140.725
6563,19.7452,,140.5,,141.05
6564,19.7479,,140.75,,141.375
6565,19.7505,,141,,141.7
6566,19.7531,,141.25,,142.025
6567,19.7558,,141.5,,142.35
6568,19.7584,,141.75,,142.675
6569,19.761,,142,,143
6570,19.7637,,142.25,,143.55
6571,19.7664,,142.5,,144.1
6572,19.7691,,142.75,,144.65
6573,19.7718,,143,,145.2
6574,19.7745,,143.25,,145.75
6575,19.7772,,143.5,,146.3
6576,19.7798,,143.75,,146.85
6577,19.7825,,144,,147.4
6578,19.7852,,144.6,,147.32
6579,19.7878,,145.2,,147.24
6580,19.7904,,145.8,,147.16
6581,19.7931,,146.4,,147.08
6582,19.7957,,147,,147
6583,19.7983,,147.25,,146.775
6584,19.8009,,147.5,,146.55
6585,19.8034,,147.75,,146.325
6586,19.806,,148,,146.1
6587,19.8086,,148.25,,145.875
6588,19.8112,,148.5,,145.65
6589,19.8138,,148.75,,145.425
6590,19.8164,,149,,145.2
6591,19.819,,149.5,,144.867
6592,19.8217,,150,,144.533
6593,19.8244,,150.5,,144.2
6594,19.8271,,151,,143.867
6595,19.8298,,151.5,,143.533
6596,19.8324,,152,,143.2
6597,19.8352,,152.125,,143.4
6598,19.8379,,152.25,,143.6
6599,19.8406,,152.375,,143.8
6600,19.8434,,152.5,,144
6601,19.8461,,152.625,,144.2
6602,19.8488,,152.75,,144.4
6603,19.8515,,152.875,,144.6
6604,19.8543,,153,,144.8
6605,19.8572,,153.375,,145.025
6606,19.86,,153.75,,145.25
6607,19.8629,,154.125,,145.475
6608,19.8658,,154.5,,145.7
6609,19.8687,,154.875,,145.925
6610,19.8716,,155.25,,146.15
6611,19.8745,,155.625,,146.375
6612,19.8773,,156,,146.6
6613,19.8803,,156,,146.686
6614,19.8833,,156,,146.771
6615,19.8863,,156,,146.857
6616,19.8893,,156,,146.943
6617,19.8923,,156,,147.029
6618,19.8953,,156,,147.114
6619,19.8983,,156,,147.2
6620,19.901,,156.125,,147.35
6621,19.9037,,156.25,,147.5
6622,19.9064,,156.375,,147.65
6623,19.9091,,156.5,,147.8
6624,19.9118,,156.625,,147.95
6625,19.9146,,156.75,,148.1
6626,19.9173,,156.875,,148.25
6627,19.92,,157,,148.4
6628,19.9228,,157.125,,149.025
6629,19.9257,,157.25,,149.65
6630,19.9285,,157.375,,150.275
6631,19.9313,,157.5,,150.9
6632,19.9341,,157.625,,151.525
6633,19.937,,157.75,,152.15
6634,19.9398,,157.875,,152.775
6635,19.9426,,158,,153.4
6636,19.9453,,158,,153.9
6637,19.948,,158,,154.4
6638,19.9507,,158,,154.9
6639,19.9534,,158,,155.4
6640,19.9561,,158,,155.9
6641,19.9588,,158,,156.4
6642,19.9615,,158,,156.9
6643,19.9642,,158,,157.4
6644,19.967,,157.875,,157.775
6645,19.9698,,157.75,,158.15
6646,19.9727,,157.625,,158.525
6647,19.9755,,157.5,,158.9
6648,19.9784,,157.375,,159.275
6649,19.9812,,157.25,,159.65
6650,19.9841,,157.125,,160.025
6651,19.9869,,157,,160.4
6652,19.99,,157,,160.96
6653,19.9931,,157,,161.52
6654,19.9961,,157,,162.08
6655,19.9992,,157,,162.64
6656,20.0022,,157,,163.2
6657,20.0054,,157,,163.371
6658,20.0085,,157,,163.543
6659,20.0117,,157,,163.714
6660,20.0148,,157,,163.886
6661,20.018,,157,,164.057
6662,20.0211,,157,,164.229
6663,20.0243,,157,,164.4
6664,20.0273,,156.5,,164.067
6665,20.0303,,156,,163.733
6666,20.0333,,155.5,,163.4
6667,20.0364,,155,,163.067
6668,20.0394,,154.5,,162.733
6669,20.0424,,154,,162.4
6670,20.0451,,153.571,,162.257
6671,20.0479,,153.143,,162.114
6672,20.0507,,152.714,,161.971
6673,20.0535,,152.286,,161.829
6674,20.0562,,151.857,,161.686
6675,20.059,,151.429,,161.543
6676,20.0618,,151,,161.4
6677,20.0643,,150.4,,161.32
6678,20.0668,,149.8,,161.24
6679,20.0693,,149.2,,161.16
6680,20.0718,,148.6,,161.08
6681,20.0743,,148,,161
6682,20.0769,,147.625,,161.15
6683,20.0796,,147.25,,161.3
6684,20.0822,,146.875,,161.45
6685,20.0849,,146.5,,161.6
6686,20.0875,,146.125,,161.75
6687,20.0902,,145.75,,161.9
6688,20.0928,,145.375,,162.05
6689,20.0955,,145,,162.2
6690,20.0985,,144.571,,162.457
6691,20.1015,,144.143,,162.714
6692,20.1046,,143.714,,162.971
6693,20.1076,,143.286,,163.229
6694,20.1106,,142.857,,163.486
6695,20.1136,,142.429,,163.743
6696,20.1166,,142,,164
6697,20.1198,,141.714,,163.857
6698,20.1229,,141.429,,163.714
6699,20.126,,141.143,,163.571
6700,20.1292,,140.857,,163.429
6701,20.1323,,140.571,,163.286
6702,20.1354,,140.286,,163.143
6703,20.1385,,140,,163
6704,20.1414,,139.875,,162.15
6705,20.1443,,139.75,,161.3
6706,20.1471,,139.625,,160.45
6707,20.15,,139.5,,159.6
6708,20.1528,,139.375,,158.75
6709,20.1557,,139.25,,157.9
6710,20.1586,,139.125,,157.05
6711,20.1614,,139,,156.2
6712,20.1645,,139.143,,155.457
6713,20.1676,,139.286,,154.714
6714,20.1707,,139.429,,153.971
6715,20.1738,,139.571,,153.229
6716,20.1768,,139.714,,152.486
6717,20.1799,,139.857,,151.743
6718,20.183,,140,,151
6719,20.1859,,140.143,,150.6
6720,20.1888,,140.286,,150.2
6721,20.1917,,140.429,,149.8
6722,20.1946,,140.571,,149.4
6723,20.1975,,140.714,,149
6724,20.2004,,140.857,,148.6
6725,20.2033,,141,,148.2
6726,20.2058,,141.75,,147.85
6727,20.2084,,142.5,,147.5
6728,20.211,,143.25,,147.15
6729,20.2136,,144,,146.8
6730,20.2161,,145,,147.2
6731,20.2186,,146,,147.6
6732,20.2211,,147,,148
6733,20.2238,,148,,147.867
6734,20.2265,,149,,147.733
6735,20.2292,,150,,147.6
6736,20.2321,,150.6,,147.56
6737,20.235,,151.2,,147.52
6738,20.2378,,151.8,,147.48
6739,20.2407,,152.4,,147.44
6740,20.2436,,153,,147.4
6741,20.2462,,153.25,,147.35
6742,20.2488,,153.5,,147.3
6743,20.2514,,153.75,,147.25
6744,20.2541,,154,,147.2
6745,20.2567,,154.25,,147.15
6746,20.2593,,154.5,,147.1
6747,20.2619,,154.75,,147.05
6748,20.2645,,155,,147
6749,20.2674,,155.125,,146.8
6750,20.2703,,155.25,,146.6
6751,20.2732,,155.375,,146.4
6752,20.2761,,155.5,,146.2
6753,20.279,,155.625,,146
6754,20.2819,,155.75,,145.8
6755,20.2848,,155.875,,145.6
6756,20.2877,,156,,145.4
6757,20.2907,,156.143,,145.886
6758,20.2938,,156.286,,146.371
6759,20.2968,,156.429,,146.857
6760,20.2998,,156.571,,147.343
6761,20.3029,,156.714,,147.829
6762,20.3059,,156.857,,148.314
6763,20.3089,,157,,148.8
6764,20.3119,,157,,149.225
6765,20.3148,,157,,149.65
6766,20.3177,,157,,150.075
6767,20.3206,,157,,150.5
6768,20.3236,,157,,150.925
6769,20.3265,,157,,151.35
6770,20.3294,,157,,151.775
6771,20.3324,,157,,152.2
6772,20.3354,,157.143,,152.257
6773,20.3384,,157.286,,152.314
6774,20.3414,,157.429,,152.371
6775,20.3444,,157.571,,152.429
6776,20.3474,,157.714,,152.486
6777,20.3504,,157.857,,152.543
6778,20.3534,,158,,152.6
6779,20.3561,,158.429,,152.829
6780,20.3588,,158.857,,153.057
6781,20.3616,,159.286,,153.286
6782,20.3643,,159.714,,153.514
6783,20.367,,160.143,,153.743
6784,20.3697,,160.571,,153.971
6785,20.3724,,161,,154.2
6786,20.3749,,161.125,,154.6
6787,20.3775,,161.25,,155
6788,20.38,,161.375,,155.4
6789,20.3826,,161.5,,155.8
6790,20.3851,,161.625,,156.2
6791,20.3876,,161.75,,156.6
6792,20.3902,,161.875,,157
6793,20.3927,,162,,157.4
6794,20.3951,,162.222,,157.733
6795,20.3976,,162.444,,158.067
6796,20.4,,162.667,,158.4
6797,20.4024,,162.889,,158.733
6798,20.4049,,163.111,,159.067
6799,20.4073,,163.333,,159.4
6800,20.4097,,163.556,,159.733
6801,20.4121,,163.778,,160.067
6802,20.4146,,164,,160.4
6803,20.4174,,164,,160.6
6804,20.4203,,164,,160.8
6805,20.4231,,164,,161
6806,20.426,,164,,161.2
6807,20.4289,,164,,161.4
6808,20.4317,,164,,161.6
6809,20.4346,,164,,161.8
6810,20.4374,,164,,162
6811,20.4403,,163.857,,161.971
6812,20.4432,,163.714,,161.943
6813,20.4461,,163.571,,161.914
6814,20.449,,163.429,,161.886
6815,20.4519,,163.286,,161.857
6816,20.4548,,163.143,,161.829
6817,20.4577,,163,,161.8
6818,20.4607,,162.857,,161.543
6819,20.4638,,162.714,,161.286
6820,20.4668,,162.571,,161.029
6821,20.4699,,162.429,,160.771
6822,20.4729,,162.286,,160.514
6823,20.476,,162.143,,160.257
6824,20.4791,,162,,160
6825,20.482,,162,,160.2
6826,20.4849,,162,,160.4
6827,20.4883,,161.833,,160.567
6828,20.4918,,161.667,,160.733
6829,20.4953,,161.5,,160.9
6830,20.4987,,161.333,,161.067
6831,20.5022,,161.167,,161.233
6832,20.5057,,161,,161.4
6833,20.5091,,160.833,,161.9
6834,20.5125,,160.667,,162.4
6835,20.516,,160.5,,162.9
6836,20.5194,,160.333,,163.4
6837,20.5229,,160.167,,163.9
6838,20.5263,,160,,164.4
6839,20.5293,,160,,164.514
6840,20.5324,,160,,164.629
6841,20.5354,,160,,164.743
6842,20.5385,,160,,164.857
6843,20.5415,,160,,164.971
6844,20.5446,,160,,165.086
6845,20.5476,,160,,165.2
6846,20.5507,,159.714,,165.229
6847,20.5537,,159.429,,165.257
6848,20.5567,,159.143,,165.286
6849,20.5598,,158.857,,165.314
6850,20.5628,,158.571,,165.343
6851,20.5658,,158.286,,165.371
6852,20.5689,,158,,165.4
6853,20.5717,,157.75,,165.2
6854,20.5745,,157.5,,165
6855,20.5773,,157.25,,164.8
6856,20.58,,157,,164.6
6857,20.5828,,156.75,,164.4
6858,20.5856,,156.5,,164.2
6859,20.5884,,156.25,,164
6860,20.5912,,156,,163.8
6861,20.5937,,155.571,,163.343
6862,20.5961,,155.143,,162.886
6863,20.5985,,154.714,,162.429
6864,20.6009,,154.286,,161.971
6865,20.6033,,153.857,,161.514
6866,20.6057,,153.429,,161.057
6867,20.6081,,153,,160.6
6868,20.6107,,152.625,,160.575
6869,20.6132,,152.25,,160.55
6870,20.6157,,151.875,,160.525
6871,20.6182,,151.5,,160.5
6872,20.6207,,151.125,,160.475
6873,20.6233,,150.75,,160.45
6874,20.6258,,150.375,,160.425
6875,20.6283,,150,,160.4
6876,20.6303,,150,,160.2
6877,20.6321,,149.667,,159.6
6878,20.6339,,149.333,,159
6879,20.6357,,149,,158.4
6880,20.6378,,148.9,,158.16
6881,20.6399,,148.8,,157.92
6882,20.642,,148.7,,157.68
6883,20.644,,148.6,,157.44
6884,20.6461,,148.5,,157.2
6885,20.6482,,148.4,,156.96
6886,20.6503,,148.3,,156.72
6887,20.6524,,148.2,,156.48
6888,20.6544,,148.1,,156.24
6889,20.6565,,148,,156
6890,20.659,,147.889,,155.8
6891,20.6615,,147.778,,155.6
6892,20.6639,,147.667,,155.4
6893,20.6664,,147.556,,155.2
6894,20.6689,,147.444,,155
6895,20.6713,,147.333,,154.8
6896,20.6738,,147.222,,154.6
6897,20.6763,,147.111,,154.4
6898,20.6788,,147,,154.2
6899,20.6817,,146.714,,153.686
6900,20.6846,,146.429,,153.171
6901,20.6875,,146.143,,152.657
6902,20.6904,,145.857,,152.143
6903,20.6933,,145.571,,151.629
6904,20.6962,,145.286,,151.114
6905,20.6991,,145,,150.6
6906,20.7025,,145,,151.133
6907,20.7058,,145,,151.667
6908,20.7092,,145,,152.2
6909,20.7125,,145,,152.733
6910,20.7158,,145,,153.267
6911,20.7192,,145,,153.8
6912,20.7225,,144.5,,154.133
6913,20.7259,,144,,154.467
6914,20.7292,,143.5,,154.8
6915,20.7326,,143,,155.133
6916,20.7359,,142.5,,155.467
6917,20.7392,,142,,155.8
6918,20.7422,,141.714,,155.686
6919,20.7452,,141.429,,155.571
6920,20.7481,,141.143,,155.457
6921,20.7511,,140.857,,155.343
6922,20.754,,140.571,,155.229
6923,20.757,,140.286,,155.114
6924,20.76,,140,,155
6925,20.7631,,140,,154.743
6926,20.7663,,140,,154.486
6927,20.7694,,140,,154.229
6928,20.7726,,140,,153.971
6929,20.7757,,140,,153.714
6930,20.7789,,140,,153.457
6931,20.782,,140,,153.2
6932,20.7851,,140.286,,152.8
6933,20.7883,,140.571,,152.4
6934,20.7914,,140.857,,152
6935,20.7945,,141.143,,151.6
6936,20.7977,,141.429,,151.2
6937,20.8008,,141.714,,150.8
6938,20.8039,,142,,150.4
6939,20.8071,,141.857,,150.257
6940,20.8102,,141.714,,150.114
6941,20.8134,,141.571,,149.971
6942,20.8166,,141.429,,149.829
6943,20.8197,,141.286,,149.686
6944,20.8229,,141.143,,149.543
6945,20.8261,,141,,149.4
6946,20.8286,,141,,148.85
6947,20.8312,,141,,148.3
6948,20.8338,,141,,147.75
6949,20.8363,,141,,147.2
6950,20.8389,,141,,146.65
6951,20.8415,,141,,146.1
6952,20.8441,,141,,145.55
6953,20.8466,,141,,145
6954,20.8496,,140.714,,144.943
6955,20.8525,,140.429,,144.886
6956,20.8554,,140.143,,144.829
6957,20.8584,,139.857,,144.771
6958,20.8613,,139.571,,144.714
6959,20.8642,,139.286,,144.657
6960,20.8672,,139,,144.6
6961,20.8709,,138.833,,144.333
6962,20.8747,,138.667,,144.067
6963,20.8784,,138.5,,143.8
6964,20.8821,,138.333,,143.533
6965,20.8859,,138.167,,143.267
6966,20.8896,,138,,143
6967,20.893,,137.833,,142.8
6968,20.8964,,137.667,,142.6
6969,20.8997,,137.5,,142.4
6970,20.9031,,137.333,,142.2
6971,20.9065,,137.167,,142
6972,20.9098,,137,,141.8
6973,20.9132,,137.167,,142.133
6974,20.9166,,137.333,,142.467
6975,20.92,,137.5,,142.8
6976,20.9234,,137.667,,143.133
6977,20.9268,,137.833,,143.467
6978,20.9301,,138,,143.8
6979,20.9334,,137.25,,143.75
6980,20.9366,,136.5,,143.7
6981,20.9399,,135.75,,143.65
6982,20.9431,,135,,143.6
6983,20.9463,,135.143,,143.686
6984,20.9495,,135.286,,143.771
6985,20.9526,,135.429,,143.857
6986,20.9558,,135.571,,143.943
6987,20.959,,135.714,,144.029
6988,20.9621,,135.857,,144.114
6989,20.9653,,136,,144.2
6990,20.9686,,137,,144.067
6991,20.9718,,138,,143.933
6992,20.9751,,139,,143.8
6993,20.9785,,139.333,,143.7
6994,20.9819,,139.667,,143.6
6995,20.9853,,140,,143.5
6996,20.9887,,140.333,,143.4
6997,20.9921,,140.667,,143.3
6998,20.9955,,141,,143.2
6999,20.9988,,141.5,,143.5
7000,21.0021,,142,,143.8
7001,21.0054,,142.143,,144.286
7002,21.0086,,142.286,,144.771
7003,21.0119,,142.429,,145.257
7004,21.0152,,142.571,,145.743
7005,21.0185,,142.714,,146.229
7006,21.0218,,142.857,,146.714
7007,21.025,,143,,147.2
7008,21.0278,,143.6,,147.24
7009,21.0306,,144.2,,147.28
7010,21.0334,,144.8,,147.32
7011,21.0362,,145.4,,147.36
7012,21.039,,146,,147.4
7013,21.0422,,146.143,,147.114
7014,21.0454,,146.286,,146.829
7015,21.0487,,146.429,,146.543
7016,21.0519,,146.571,,146.257
7017,21.0551,,146.714,,145.971
7018,21.0584,,146.857,,145.686
7019,21.0616,,147,,145.4
7020,21.0645,,146.714,,144.686
7021,21.0673,,146.429,,143.971
7022,21.0702,,146.143,,143.257
7023,21.0731,,145.857,,142.543
7024,21.076,,145.571,,141.829
7025,21.0788,,145.286,,141.114
7026,21.0817,,145,,140.4
7027,21.0846,,145,,140
7028,21.0875,,145,,139.6
7029,21.0904,,145,,139.2
7030,21.0933,,145,,138.8
7031,21.0962,,145,,138.4
7032,21.0991,,145,,138
7033,21.102,,145,,137.6
7034,21.1053,,144.833,,137.9
7035,21.1087,,144.667,,138.2
7036,21.1121,,144.5,,138.5
7037,21.1155,,144.333,,138.8
7038,21.1189,,144.167,,139.1
7039,21.1223,,144,,139.4
7040,21.1255,,143.5,,139.7
7041,21.1286,,143,,140
7042,21.1318,,142.5,,140.3
7043,21.135,,142,,140.6
7044,21.1382,,141.5,,140.9
7045,21.1414,,141,,141.2
7046,21.1445,,140.857,,141.2
7047,21.1476,,140.714,,141.2
7048,21.1507,,140.571,,141.2
7049,21.1538,,140.429,,141.2
7050,21.1569,,140.286,,141.2
7051,21.16,,140.143,,141.2
7052,21.1631,,140,,141.2
7053,21.166,,139.75,,141.525
7054,21.1689,,139.5,,141.85
7055,21.1718,,139.25,,142.175
7056,21.1747,,139,,142.5
7057,21.1776,,138.75,,142.825
7058,21.1805,,138.5,,143.15
7059,21.1834,,138.25,,143.475
7060,21.1863,,138,,143.8
7061,21.1894,,138.143,,143.343
7062,21.1925,,138.286,,142.886
7063,21.1956,,138.429,,142.429
7064,21.1988,,138.571,,141.971
7065,21.2019,,138.714,,141.514
7066,21.205,,138.857,,141.057
7067,21.2081,,139,,140.6
7068,21.2113,,138.857,,140.457
7069,21.2144,,138.714,,140.314
7070,21.2176,,138.571,,140.171
7071,21.2207,,138.429,,140.029
7072,21.2239,,138.286,,139.886
7073,21.2271,,138.143,,139.743
7074,21.2302,,138,,139.6
7075,21.2331,,137.857,,139.114
7076,21.236,,137.714,,138.629
7077,21.2389,,137.571,,138.143
7078,21.2418,,137.429,,137.657
7079,21.2447,,137.286,,137.171
7080,21.2476,,137.143,,136.686
7081,21.2505,,137,,136.2
7082,21.2533,,136.75,,136.2
7083,21.2562,,136.5,,136.2
7084,21.2591,,136.25,,136.2
7085,21.2619,,136,,136.2
7086,21.2649,,136.143,,136.429
7087,21.2679,,136.286,,136.657
7088,21.2709,,136.429,,136.886
7089,21.2739,,136.571,,137.114
7090,21.2769,,136.714,,137.343
7091,21.2799,,136.857,,137.571
7092,21.2829,,137,,137.8
7093,21.2859,,137.143,,138.486
7094,21.2889,,137.286,,139.171
7095,21.2918,,137.429,,139.857
7096,21.2948,,137.571,,140.543
7097,21.2978,,137.714,,141.229
7098,21.3007,,137.857,,141.914
7099,21.3037,,138,,142.6
7100,21.3064,,138.125,,142.075
7101,21.3091,,138.25,,141.55
7102,21.3118,,138.375,,141.025
7103,21.3145,,138.5,,140.5
7104,21.3172,,138.625,,139.975
7105,21.3199,,138.75,,139.45
7106,21.3226,,138.875,,138.925
7107,21.3253,,139,,138.4
7108,21.3276,,139,,138
7109,21.3306,,139.286,,137.657
7110,21.3335,,139.571,,137.314
7111,21.3365,,139.857,,136.971
7112,21.3395,,140.143,,136.629
7113,21.3424,,140.429,,136.286
7114,21.3454,,140.714,,135.943
7115,21.3483,,141,,135.6
7116,21.3514,,141.286,,135.686
7117,21.3545,,141.571,,135.771
7118,21.3576,,141.857,,135.857
7119,21.3607,,142.143,,135.943
7120,21.3637,,142.429,,136.029
7121,21.3668,,142.714,,136.114
7122,21.3699,,143,,136.2
7123,21.3729,,143.143,,136.286
7124,21.376,,143.286,,136.371
7125,21.379,,143.429,,136.457
7126,21.3821,,143.571,,136.543
7127,21.3851,,143.714,,136.629
7128,21.3881,,143.857,,136.714
7129,21.3912,,144,,136.8
7130,21.394,,144.375,,136.9
7131,21.3968,,144.75,,137
7132,21.3996,,145.125,,137.1
7133,21.4024,,145.5,,137.2
7134,21.4052,,145.875,,137.3
7135,21.408,,146.25,,137.4
7136,21.4108,,146.625,,137.5
7137,21.4136,,147,,137.6
7138,21.4165,,147.25,,138.4
7139,21.4194,,147.5,,139.2
7140,21.4222,,147.75,,140
7141,21.4251,,148,,140.8
7142,21.4283,,147.857,,140.914
7143,21.4314,,147.714,,141.029
7144,21.4346,,147.571,,141.143
7145,21.4378,,147.429,,141.257
7146,21.441,,147.286,,141.371
7147,21.4442,,147.143,,141.486
7148,21.4474,,147,,141.6
7149,21.4508,,147,,141.767
7150,21.4542,,147,,141.933
7151,21.4577,,147,,142.1
7152,21.4611,,147,,142.267
7153,21.4645,,147,,142.433
7154,21.468,,147,,142.6
7155,21.4712,,147.286,,142.4
7156,21.4745,,147.571,,142.2
7157,21.4778,,147.857,,142
7158,21.481,,148.143,,141.8
7159,21.4843,,148.429,,141.6
7160,21.4875,,148.714,,141.4
7161,21.4908,,149,,141.2
7162,21.4939,,148.857,,141.714
7163,21.4971,,148.714,,142.229
7164,21.5002,,148.571,,142.743
7165,21.5033,,148.429,,143.257
7166,21.5064,,148.286,,143.771
7167,21.5096,,148.143,,144.286
7168,21.5127,,148,,144.8
7169,21.5159,,147.857,,144.771
7170,21.5192,,147.714,,144.743
7171,21.5224,,147.571,,144.714
7172,21.5257,,147.429,,144.686
7173,21.5289,,147.286,,144.657
7174,21.5322,,147.143,,144.629
7175,21.5354,,147,,144.6
7176,21.5386,,146.714,,144.514
7177,21.5417,,146.429,,144.429
7178,21.5448,,146.143,,144.343
7179,21.548,,145.857,,144.257
7180,21.5511,,145.571,,144.171
7181,21.5542,,145.286,,144.086
7182,21.5573,,145,,144
7183,21.5605,,144.857,,143.943
7184,21.5637,,144.714,,143.886
7185,21.5669,,144.571,,143.829
7186,21.57,,144.429,,143.771
7187,21.5732,,144.286,,143.714
7188,21.5764,,144.143,,143.657
7189,21.5796,,144,,143.6
7190,21.5825,,143.714,,143.371
7191,21.5855,,143.429,,143.143
7192,21.5885,,143.143,,142.914
7193,21.5914,,142.857,,142.686
7194,21.5944,,142.571,,142.457
7195,21.5974,,142.286,,142.229
7196,21.6003,,142,,142
7197,21.6031,,141.571,,141.714
7198,21.6059,,141.143,,141.429
7199,21.6087,,140.714,,141.143
7200,21.6115,,140.286,,140.857
7201,21.6143,,139.857,,140.571
7202,21.6171,,139.429,,140.286
7203,21.6199,,139,,140
7204,21.6227,,138.667,,139.667
7205,21.6255,,138.333,,139.333
7206,21.6283,,138,,139
