secs,km,power,hr,cad,alt
0,0,,82,86,24.8
1,0.00256,,84,89,24.6
2,0.00577,,88,89,24.6
3,0.00922,,91,91,24.6
4,0.01327,,92,91,24.8
5,0.01717,,95,91,24.8
6,0.02108,,98,92,24.6
7,0.02471,,100,92,24.6
8,0.02852,,101,92,24.6
9,0.03226,,103,91,24.4
10,0.0361,,106,91,24.4
11,0.03996,,106,91,24.2
12,0.0439,,109,91,24.4
13,0.04766,,111,92,24.2
14,0.05132,,112,92,24.4
15,0.05483,,114,92,24.6
16,0.05853,,116,92,24.6
17,0.06229,,117,92,24.6
18,0.06607,,119,92,24.8
19,0.06989,,120,92,25
20,0.07378,,122,93,24.8
21,0.07769,,124,93,25.6
22,0.08144,,126,93,25.8
23,0.08522,,127,92,26
24,0.08904,,129,92,25.8
25,0.09295,,130,93,25.6
26,0.09705,,132,93,25.6
27,0.101,,134,93,25.8
28,0.10497,,135,93,25.8
29,0.10878,,137,93,26.2
30,0.11231,,139,92,26.4
31,0.11577,,140,92,26.4
32,0.11941,,141,92,26.4
33,0.12312,,142,92,26.6
34,0.12745,,143,92,27.6
35,0.13122,,144,92,27.8
36,0.13476,,145,92,28.2
37,0.13823,,145,93,28.6
38,0.14179,,145,94,29
39,0.14554,,145,94,28.8
40,0.14897,,146,93,28.8
41,0.15251,,146,93,29.4
42,0.15597,,146,93,30
43,0.15959,,147,93,30
44,0.16312,,147,93,30
45,0.1666,,147,93,30
46,0.17002,,147,92,30.6
47,0.17367,,147,92,30.8
48,0.17734,,148,93,31.4
49,0.18092,,148,93,32
50,0.18494,,149,93,32.2
51,0.18904,,149,93,32.2
52,0.19323,,149,93,32.6
53,0.19692,,150,92,33.8
54,0.20066,,150,92,34
55,0.20438,,151,92,34.4
56,0.2085,,151,93,34.4
57,0.21269,,151,93,34.4
58,0.21668,,151,94,34.2
59,0.22088,,152,93,34
60,0.22473,,152,93,34
61,0.22871,,153,92,34
62,0.23252,,154,92,33.6
63,0.23655,,154,93,33.6
64,0.24026,,155,93,33.4
65,0.24412,,155,92,33.6
66,0.24776,,155,91,34
67,0.25149,,156,91,34.4
68,0.255,,156,90,35
69,0.25849,,156,90,35.4
70,0.26238,,156,90,34.8
71,0.26577,,156,90,35.4
72,0.26916,,157,90,35.6
73,0.27254,,157,91,36
74,0.27599,,157,91,36.6
75,0.27965,,158,92,37
76,0.28339,,158,92,37.6
77,0.28719,,158,92,37.8
78,0.29107,,158,92,38.2
79,0.29483,,158,92,38.6
80,0.29859,,158,92,39.2
81,0.30223,,158,92,39.4
82,0.30613,,158,92,39.8
83,0.3099,,158,92,40.2
84,0.31365,,158,92,41
85,0.31739,,158,91,40.6
86,0.32094,,158,90,40.6
87,0.32463,,158,91,40.4
88,0.32836,,158,91,40.8
89,0.33248,,158,91,40.6
90,0.33582,,158,91,40.6
91,0.33952,,158,91,40.2
92,0.3429,,159,91,40.2
93,0.34682,,158,91,40.2
94,0.35027,,158,91,39.8
95,0.354,,159,91,39.8
96,0.35736,,159,90,39.4
97,0.36111,,158,90,39.4
98,0.36455,,158,91,39.2
99,0.36813,,158,91,39
100,0.37129,,159,90,39
101,0.37503,,158,89,38.8
102,0.37843,,158,90,38.8
103,0.38208,,158,90,39
104,0.38516,,157,89,39.4
105,0.38865,,158,90,40
106,0.392,,157,90,40.4
107,0.39551,,157,91,40.6
108,0.39923,,158,92,40.6
109,0.40274,,159,92,40.8
110,0.40633,,158,92,41.2
111,0.40975,,158,91,41.4
112,0.41354,,158,90,41
113,0.41719,,158,90,40.4
114,0.42086,,158,91,39.8
115,0.42464,,158,91,39.2
116,0.42838,,157,91,39
117,0.432,,156,91,39.2
118,0.43589,,156,91,39
119,0.43941,,155,91,38.6
120,0.44323,,156,91,38.4
121,0.44681,,155,91,37.6
122,0.45041,,155,91,37.8
123,0.4541,,155,91,37.2
124,0.45806,,155,91,36.8
125,0.46168,,155,91,36.6
126,0.46552,,155,91,36.2
127,0.46915,,155,91,35.4
128,0.47312,,155,90,34.4
129,0.47643,,154,91,34.4
130,0.48006,,155,91,34
131,0.48369,,154,91,34
132,0.48714,,154,91,34.2
133,0.49051,,154,91,34.6
134,0.49412,,154,91,34.4
135,0.49784,,154,91,34.2
136,0.50101,,155,91,34.2
137,0.5044,,155,91,34.2
138,0.50777,,155,91,33.8
139,0.51146,,155,91,33.2
140,0.515,,156,91,32.6
141,0.51865,,156,91,32
142,0.52236,,156,90,31.6
143,0.52611,,156,90,31.2
144,0.52957,,157,90,30.8
145,0.5332,,157,90,30.4
146,0.53663,,156,90,30.2
147,0.54008,,156,91,30
148,0.54366,,156,90,29.8
149,0.54753,,157,89,29.6
150,0.55126,,157,89,29.4
151,0.55471,,157,90,29.2
152,0.55762,,156,90,29
153,0.56097,,157,90,29
154,0.56463,,157,90,29
155,0.56827,,156,91,29.2
156,0.5713,,156,91,29
157,0.57461,,156,91,28.8
158,0.57783,,156,90,28.4
159,0.58128,,156,90,28
160,0.58445,,156,90,27.6
161,0.58783,,156,90,27.6
162,0.59114,,156,90,27.2
163,0.59481,,156,90,27.2
164,0.5984,,157,91,27
165,0.60207,,157,91,26.8
166,0.60557,,156,91,27
167,0.60923,,156,90,27.4
168,0.61297,,156,90,26.8
169,0.61684,,156,90,26
170,0.62016,,156,90,25.8
171,0.62353,,155,90,25.6
172,0.62733,,155,90,25.2
173,0.63114,,155,90,24.6
174,0.63586,,155,89,22.4
175,0.63946,,155,89,22.2
176,0.64401,,155,88,20.2
177,0.64774,,156,87,20.2
178,0.65143,,156,89,19.8
179,0.6554,,155,89,19.6
180,0.65916,,156,89,19.4
181,0.66272,,155,89,19.6
182,0.66622,,155,90,18
183,0.66981,,155,90,17
184,0.67345,,155,90,16.4
185,0.67699,,156,90,15.6
186,0.68072,,156,90,15.6
187,0.68441,,155,90,15.2
188,0.68819,,156,90,15
189,0.692,,156,90,13.6
190,0.69595,,155,90,13.2
191,0.69964,,155,91,13
192,0.7035,,155,91,13.2
193,0.70745,,155,91,13.6
194,0.71123,,155,91,13.8
195,0.71523,,155,91,14.2
196,0.71907,,155,92,14.2
197,0.72285,,156,91,13.8
198,0.72679,,156,91,14
199,0.73055,,155,91,14.2
200,0.7344,,155,90,14.2
201,0.73828,,155,90,14.6
202,0.74194,,155,90,15
203,0.74568,,155,91,15.4
204,0.74923,,155,91,15.6
205,0.75292,,155,91,16
206,0.75653,,155,91,16.4
207,0.75995,,155,90,16.6
208,0.76369,,154,90,16.8
209,0.76743,,154,91,17
210,0.77097,,154,91,17.4
211,0.77511,,154,90,18.2
212,0.77907,,154,90,18.8
213,0.78263,,154,90,19
214,0.78626,,154,90,19.4
215,0.79016,,154,90,20
216,0.7941,,153,90,20.4
217,0.79797,,153,90,20.6
218,0.80156,,153,90,20.8
219,0.80517,,153,90,21
220,0.80904,,153,90,21.4
221,0.81278,,153,91,21.4
222,0.8166,,154,90,21.8
223,0.8204,,154,90,21.8
224,0.82407,,154,90,21.8
225,0.82774,,154,90,21.6
226,0.83136,,154,90,21.8
227,0.83508,,155,91,22
228,0.83848,,155,91,22
229,0.84212,,155,91,22
230,0.84567,,155,91,21.8
231,0.84916,,155,91,21.8
232,0.85268,,156,91,21.6
233,0.85651,,156,91,21.6
234,0.86018,,156,91,21.8
235,0.86392,,157,91,21.8
236,0.86758,,157,91,21.8
237,0.87144,,157,93,21.8
238,0.87511,,158,92,22
239,0.8788,,158,91,22
240,0.88246,,158,92,21.8
241,0.88586,,158,92,18.2
242,0.8895,,159,92,17.8
243,0.89307,,158,91,17.2
244,0.89645,,158,91,17
245,0.8997,,158,90,16.6
246,0.90297,,159,90,16.2
247,0.9065,,159,91,16.6
248,0.91013,,159,91,16.4
249,0.9138,,160,91,16.6
250,0.91748,,160,91,16.4
251,0.92127,,160,91,16.4
252,0.92465,,160,91,16.4
253,0.92798,,160,91,16.2
254,0.93139,,160,92,16.2
255,0.9348,,160,92,16.4
256,0.93844,,159,92,16.6
257,0.94198,,159,92,16.6
258,0.94566,,159,92,16.8
259,0.9494,,159,92,17
260,0.95274,,160,92,18.8
261,0.95628,,159,92,19.4
262,0.95995,,159,91,20.4
263,0.96377,,159,91,21.2
264,0.96729,,159,91,21.4
265,0.97085,,159,91,22
266,0.97443,,159,91,22.6
267,0.97808,,159,90,23.2
268,0.98201,,159,90,24
269,0.9856,,160,91,24.8
270,0.98908,,160,90,25.2
271,0.99264,,159,90,25.6
272,0.9962,,159,91,26
273,0.99999,,160,91,26.6
274,1.0037,,160,91,27.2
275,1.00741,,160,92,27.4
276,1.01095,,159,92,26.8
277,1.01475,,160,92,26.6
278,1.0188,,160,92,26.4
279,1.0225,,159,92,26.2
280,1.02616,,160,91,26
281,1.03001,,160,92,26.2
282,1.03365,,160,92,26.4
283,1.03709,,160,91,26.4
284,1.04046,,160,91,26.8
285,1.04445,,160,90,27.8
286,1.0482,,160,90,28.6
287,1.05191,,160,90,28.8
288,1.05563,,161,90,28.8
289,1.0596,,161,91,28.6
290,1.06382,,160,91,28.2
291,1.06796,,160,91,28.8
292,1.0719,,160,90,28.6
293,1.07546,,160,90,27.2
294,1.07905,,161,91,26.4
295,1.08216,,160,92,25.8
296,1.08567,,161,91,25.6
297,1.08907,,161,91,25.2
298,1.09251,,161,91,25.4
299,1.09595,,162,91,25.4
300,1.09948,,162,91,25.2
301,1.10317,,162,91,24.8
302,1.10713,,162,92,24.8
303,1.11104,,162,91,25.4
304,1.11459,,162,91,25.4
305,1.11792,,162,90,25.6
306,1.12117,,161,90,26.2
307,1.12477,,161,91,26.4
308,1.12824,,162,90,26.4
309,1.13147,,162,90,26.6
310,1.13481,,162,90,27
311,1.13808,,162,90,27.2
312,1.14157,,163,90,27.4
313,1.14517,,162,90,27.4
314,1.14871,,162,90,27.8
315,1.15256,,163,90,28
316,1.15644,,163,90,28.6
317,1.1601,,163,90,28.6
318,1.1634,,163,91,28.2
319,1.16702,,163,91,28.2
320,1.17086,,163,90,28.4
321,1.17439,,163,90,28.4
322,1.17772,,163,90,28.6
323,1.18145,,163,90,28.8
324,1.18502,,164,91,29
325,1.18878,,164,91,29.2
326,1.19242,,164,92,29.2
327,1.19641,,164,91,29.8
328,1.20024,,164,91,30.2
329,1.20382,,164,92,30.2
330,1.20746,,164,91,30.4
331,1.21086,,165,91,30.6
332,1.21452,,164,91,30.8
333,1.21888,,164,91,30.8
334,1.22319,,164,91,30.6
335,1.22744,,164,91,30.2
336,1.23157,,163,91,30.4
337,1.2358,,163,91,30.2
338,1.24005,,163,91,30.4
339,1.24392,,163,91,30.4
340,1.24755,,163,91,30
341,1.25098,,163,91,29.6
342,1.25448,,162,92,29.2
343,1.25822,,163,92,28.2
344,1.26164,,162,91,27.4
345,1.26506,,163,91,26.2
346,1.26847,,163,91,24.8
347,1.27209,,163,90,24
348,1.27579,,162,90,23.4
349,1.27941,,162,91,23
350,1.28324,,163,91,23
351,1.28699,,162,91,22.8
352,1.2904,,162,91,22.4
353,1.2941,,162,91,21.6
354,1.29791,,162,91,20.8
355,1.30138,,163,91,20.6
356,1.30488,,162,90,20.2
357,1.3085,,162,91,20
358,1.31207,,162,91,19.8
359,1.3156,,161,91,19.8
360,1.31914,,162,90,19.6
361,1.32259,,162,90,19
362,1.32619,,162,90,18.6
363,1.32993,,162,90,17.8
364,1.33359,,161,89,17.2
365,1.33754,,162,90,17.6
366,1.34098,,161,90,13.8
367,1.34456,,161,90,13.2
368,1.34807,,162,90,11.8
369,1.35193,,162,90,12
370,1.35583,,162,90,11.6
371,1.35954,,163,89,11.6
372,1.36312,,162,90,11.4
373,1.36655,,162,90,11.2
374,1.37024,,162,91,10.6
375,1.37364,,162,90,9.6
376,1.37672,,162,90,8.6
377,1.38027,,162,90,8.4
378,1.384,,162,90,8.2
379,1.38777,,163,90,8
380,1.39126,,163,90,7.8
381,1.39466,,163,90,7.8
382,1.39802,,163,90,7.6
383,1.40151,,164,90,7.6
384,1.40511,,164,90,7.2
385,1.40873,,164,90,7
386,1.41226,,164,89,7
387,1.41573,,164,89,6.6
388,1.4194,,163,90,5.2
389,1.42303,,163,91,3.8
390,1.42675,,163,91,3.4
391,1.43046,,163,89,3.2
392,1.43423,,163,89,3
393,1.43785,,163,89,2.8
394,1.44101,,164,89,2.4
395,1.4444,,164,90,2.2
396,1.44798,,164,90,2.2
397,1.45168,,164,90,2.2
398,1.45517,,164,90,1.8
399,1.45869,,165,90,1.8
400,1.46247,,165,89,1.6
401,1.46594,,165,90,1.2
402,1.46944,,165,91,0.8
403,1.47326,,165,90,0.8
404,1.47681,,166,90,0.8
405,1.48035,,166,90,0.6
406,1.48373,,165,90,0.4
407,1.48723,,165,90,0.4
408,1.49097,,165,90,0.8
409,1.49464,,165,90,1.8
410,1.4982,,166,90,2
411,1.50194,,165,90,2.6
412,1.50556,,165,90,2.6
413,1.50952,,165,90,3.4
414,1.51341,,166,90,3.6
415,1.51736,,166,90,3.8
416,1.5214,,165,90,4.4
417,1.52517,,165,90,5
418,1.52853,,165,90,5.4
419,1.53218,,165,90,6.2
420,1.53576,,165,90,6.6
421,1.53948,,165,90,7.2
422,1.54295,,164,90,7.6
423,1.54664,,164,90,8
424,1.55012,,164,90,8.6
425,1.55398,,164,91,9.2
426,1.55748,,164,90,9.8
427,1.56102,,164,89,10.4
428,1.56454,,164,89,10.6
429,1.56841,,163,90,11
430,1.57218,,163,90,11.6
431,1.57602,,163,90,12
432,1.57969,,163,90,12.8
433,1.58248,,163,90,10.4
434,1.58594,,163,90,10.2
435,1.58955,,163,90,10.6
436,1.59334,,163,90,10.6
437,1.59692,,163,90,10.8
438,1.6007,,163,90,11.2
439,1.60458,,163,90,11.6
440,1.60849,,163,89,11.8
441,1.61235,,163,89,12.4
442,1.61601,,163,89,12.6
443,1.61968,,163,89,13
444,1.62326,,163,89,13.4
445,1.62691,,162,90,13.8
446,1.63057,,163,90,13.8
447,1.63425,,162,90,14.2
448,1.638,,163,90,14.4
449,1.64143,,162,90,14.4
450,1.64509,,163,90,14.4
451,1.64901,,162,90,15.4
452,1.65288,,162,90,15.8
453,1.65678,,162,90,16.4
454,1.66052,,162,90,16.4
455,1.66427,,162,90,16.8
456,1.66822,,162,90,17.2
457,1.67184,,162,91,17.2
458,1.67487,,162,91,13.2
459,1.67843,,162,90,13.2
460,1.68184,,162,90,13.2
461,1.68519,,162,90,13
462,1.68839,,162,90,12.8
463,1.69159,,162,90,12.6
464,1.69494,,161,90,12.4
465,1.69831,,161,89,12.2
466,1.70179,,161,89,12
467,1.70524,,161,90,11.4
468,1.70886,,161,90,11.4
469,1.71267,,161,90,11.6
470,1.7164,,160,90,11.6
471,1.72009,,161,90,11.8
472,1.72376,,161,90,11.8
473,1.72739,,161,90,12
474,1.73111,,161,90,12.4
475,1.73477,,161,90,12.2
476,1.73837,,161,90,12
477,1.74208,,160,90,12
478,1.74583,,160,90,12.2
479,1.74955,,160,88,12.2
480,1.75328,,160,88,12.2
481,1.7569,,160,88,12.2
482,1.76071,,160,89,12.4
483,1.76428,,160,90,11.8
484,1.76776,,160,90,11.2
485,1.77078,,160,90,9.8
486,1.77414,,160,90,9.4
487,1.77726,,160,90,8
488,1.78085,,160,90,8.2
489,1.78436,,160,90,8
490,1.7879,,160,90,7.6
491,1.79149,,160,90,7.4
492,1.79496,,160,90,7.2
493,1.79862,,161,90,7
494,1.8023,,160,90,7
495,1.8059,,160,90,7.4
496,1.80954,,160,90,8
497,1.81309,,160,90,8.6
498,1.81667,,160,90,9
499,1.82013,,160,90,8.8
500,1.82367,,161,89,8.6
501,1.82704,,161,89,8.6
502,1.82992,,161,88,7.6
503,1.83143,,161,88,5.6
504,1.83311,,160,89,3.6
505,1.83704,,160,89,2.8
506,1.84087,,160,91,1.8
507,1.84489,,160,90,1.8
508,1.84902,,161,90,1.4
509,1.85346,,161,89,1
510,1.85747,,161,90,0.8
511,1.86161,,161,90,0.6
512,1.86544,,162,89,0.8
513,1.8694,,162,89,1.2
514,1.87331,,161,89,1.8
515,1.87715,,163,89,2.2
516,1.88081,,162,90,2.4
517,1.88477,,162,90,2.6
518,1.88823,,162,90,2.4
519,1.89179,,162,90,3
520,1.89521,,161,90,3.4
521,1.89881,,161,90,4
522,1.90216,,162,90,4.2
523,1.90594,,162,90,4.8
524,1.9094,,162,90,4.4
525,1.91309,,161,90,4.8
526,1.91676,,162,90,5.4
527,1.92052,,162,89,5.8
528,1.92399,,162,89,5.8
529,1.92779,,162,90,6.2
530,1.9312,,162,90,6.2
531,1.93502,,162,90,6.4
532,1.93841,,162,90,6.8
533,1.94211,,162,90,7.4
534,1.94557,,162,89,7.4
535,1.94914,,162,89,7.6
536,1.95233,,162,90,7.2
537,1.95603,,162,89,7.4
538,1.95959,,162,89,7.4
539,1.96353,,162,89,7.4
540,1.96699,,162,90,7.4
541,1.97097,,162,90,7.6
542,1.97457,,162,90,7.4
543,1.97855,,163,90,7.4
544,1.98211,,162,90,7.4
545,1.986,,163,90,7.6
546,1.98937,,163,90,7.4
547,1.99334,,163,90,7.4
548,1.99703,,163,90,7.4
549,2.00088,,163,90,7.6
550,2.00419,,164,89,7.6
551,2.00761,,163,89,8.2
552,2.01094,,163,90,8.4
553,2.01457,,163,90,8.8
554,2.01786,,163,90,8.8
555,2.02146,,163,89,9.2
556,2.02495,,164,90,8.8
557,2.02876,,164,90,9.4
558,2.03217,,164,90,9.4
559,2.03579,,164,91,10
560,2.03898,,164,91,9.8
561,2.04278,,164,90,9.6
562,2.04623,,165,90,9.8
563,2.04978,,165,90,10.4
564,2.05305,,165,90,10.4
565,2.05681,,165,90,10.6
566,2.06021,,165,90,10.8
567,2.06387,,165,90,11
568,2.06739,,166,90,10.6
569,2.07128,,166,90,10.8
570,2.07487,,166,91,10.6
571,2.07859,,166,90,10.4
572,2.08223,,166,89,10.2
573,2.08623,,166,89,10.6
574,2.0897,,166,89,10
575,2.09364,,166,89,10.2
576,2.09703,,166,89,10.2
577,2.10092,,165,89,10.4
578,2.10441,,165,90,10.4
579,2.10776,,165,89,10.6
580,2.11072,,165,89,10.4
581,2.11414,,165,89,10.4
582,2.1174,,165,89,10.4
583,2.12101,,166,89,10.6
584,2.12404,,165,89,10.8
585,2.12757,,165,89,11.4
586,2.1309,,166,89,11
587,2.13446,,165,89,11
588,2.13762,,166,89,11
589,2.14104,,166,89,11.4
590,2.14427,,166,90,11.2
591,2.14808,,166,90,11.6
592,2.15149,,166,89,11.8
593,2.15515,,166,89,11.8
594,2.15852,,166,89,12.2
595,2.16223,,166,89,12.8
596,2.16572,,166,89,13
597,2.16957,,166,89,13.2
598,2.17296,,167,88,13.4
599,2.17655,,166,88,13.4
600,2.17977,,167,89,13.2
601,2.18354,,166,89,13.6
602,2.18664,,167,89,13.4
603,2.19014,,167,88,13.8
604,2.19337,,166,88,13.6
605,2.19695,,167,89,14
606,2.20019,,166,89,13.6
607,2.20376,,166,88,13.4
608,2.20705,,166,88,13.2
609,2.21047,,166,88,13.2
610,2.21414,,166,88,13.2
611,2.21754,,166,89,13
612,2.22104,,166,89,12.6
613,2.22454,,167,89,12.6
614,2.22823,,166,89,12.8
615,2.23168,,167,89,12.6
616,2.23556,,166,89,12.6
617,2.23925,,166,88,12.2
618,2.24303,,167,88,12.2
619,2.24655,,166,88,12
620,2.25039,,167,88,12.2
621,2.25352,,166,88,11.4
622,2.25721,,166,88,11.4
623,2.26056,,166,88,11
624,2.26421,,165,88,10.8
625,2.26773,,165,88,10
626,2.2715,,165,88,9.8
627,2.27512,,166,89,10
628,2.27893,,165,89,10
629,2.28251,,165,89,9.8
630,2.28622,,164,89,9.6
631,2.28978,,164,89,9.8
632,2.2935,,164,89,10
633,2.29693,,165,89,10
634,2.30035,,164,89,10
635,2.30364,,164,89,10.4
636,2.30721,,164,89,10.4
637,2.31081,,164,89,10.2
638,2.31434,,164,89,10.4
639,2.31809,,164,89,10
640,2.32173,,164,89,10.2
641,2.32519,,164,88,10.2
642,2.32833,,164,89,10.4
643,2.33183,,165,89,10.6
644,2.33509,,164,89,10.6
645,2.33863,,164,88,11.2
646,2.34195,,165,88,11.8
647,2.34548,,165,88,12.4
648,2.34859,,164,88,12.2
649,2.35231,,164,88,12.6
650,2.35539,,164,89,12.2
651,2.35915,,164,89,12.4
652,2.36299,,164,89,12.8
653,2.3668,,164,89,12.8
654,2.37021,,164,89,12.8
655,2.37357,,164,88,12.6
656,2.37658,,164,88,12.6
657,2.38036,,164,88,12.4
658,2.38421,,164,88,12
659,2.38796,,164,88,11.8
660,2.3918,,164,89,12.2
661,2.39548,,164,89,12
662,2.39933,,164,89,12.4
663,2.40294,,164,89,12.2
664,2.40592,,165,89,11.4
665,2.40955,,165,88,11.6
666,2.41308,,165,88,11.8
667,2.4167,,165,88,11.6
668,2.42049,,166,88,12
669,2.42441,,166,88,12.4
670,2.42802,,166,88,12.4
671,2.43159,,165,88,12.2
672,2.43521,,165,88,12
673,2.4385,,165,87,11.6
674,2.442,,164,87,11.4
675,2.44547,,164,88,11.2
676,2.44905,,164,89,11.2
677,2.45219,,164,88,10.8
678,2.45609,,164,88,11.2
679,2.45994,,164,88,12
680,2.4634,,165,89,12
681,2.46625,,165,89,11
682,2.46991,,164,88,11.4
683,2.4731,,164,89,11.2
684,2.47661,,164,89,11.4
685,2.47988,,165,89,11.4
686,2.48348,,165,89,11.4
687,2.48676,,165,89,11.2
688,2.49035,,165,89,11.2
689,2.49355,,166,89,10.8
690,2.49709,,165,89,11
691,2.50068,,165,89,11.4
692,2.50424,,165,89,11.6
693,2.50757,,165,89,11.6
694,2.51124,,165,89,11.6
695,2.5148,,165,89,11.6
696,2.51836,,165,89,12
697,2.52189,,165,89,12.2
698,2.52522,,166,89,12.8
699,2.52827,,166,89,12.8
700,2.53172,,165,89,12.6
701,2.53523,,165,89,12.8
702,2.5388,,166,89,13.2
703,2.542,,165,89,13.2
704,2.54529,,165,89,12.6
705,2.54862,,166,89,12.4
706,2.55189,,166,89,12.2
707,2.55546,,167,89,12.2
708,2.5588,,167,89,11.8
709,2.56246,,168,89,12
710,2.56588,,167,89,11.6
711,2.5696,,167,89,11.6
712,2.57308,,167,89,11.6
713,2.57681,,167,89,12
714,2.58023,,167,89,11.8
715,2.58397,,166,88,11.6
716,2.58729,,165,88,11
717,2.59106,,165,88,11.4
718,2.59439,,165,88,11.2
719,2.59803,,165,88,11.2
720,2.60122,,165,89,11
721,2.60475,,165,89,10.8
722,2.60802,,165,89,10.4
723,2.61167,,165,89,10.6
724,2.61475,,165,89,10
725,2.61825,,165,88,9.8
726,2.62156,,165,88,9.8
727,2.62526,,165,89,9.8
728,2.62873,,165,89,9.8
729,2.63253,,164,89,10
730,2.63629,,164,89,10.2
731,2.63993,,164,89,10.6
732,2.64336,,164,88,10.8
733,2.64687,,164,88,11
734,2.65021,,164,88,10.8
735,2.65356,,164,88,10.8
736,2.65698,,164,88,11
737,2.66051,,164,88,11.2
738,2.66421,,164,88,11.4
739,2.66768,,164,88,11.4
740,2.67135,,164,88,11.6
741,2.67494,,165,88,11.8
742,2.67874,,165,88,11.8
743,2.68223,,165,88,11.8
744,2.68593,,165,88,11.8
745,2.68913,,165,89,11.2
746,2.69255,,165,88,11.2
747,2.69576,,165,88,11.2
748,2.69927,,165,88,11.4
749,2.70252,,166,88,10.6
750,2.70624,,165,88,10.6
751,2.70972,,166,88,10.4
752,2.71333,,167,88,10.4
753,2.71657,,167,87,10.2
754,2.71992,,166,88,10
755,2.72324,,167,88,10
756,2.72674,,166,87,9.8
757,2.7302,,166,87,10
758,2.7338,,167,87,10.2
759,2.73741,,167,87,10.4
760,2.74086,,166,88,10.2
761,2.7447,,166,88,10.4
762,2.74809,,166,88,10.2
763,2.7517,,166,88,10.4
764,2.75503,,166,88,9.8
765,2.75857,,165,88,10
766,2.762,,165,89,10
767,2.76561,,165,90,10.4
768,2.76888,,165,90,10.4
769,2.77254,,164,89,10.8
770,2.77584,,164,89,10.6
771,2.77956,,164,88,11.6
772,2.78328,,164,88,12.2
773,2.78677,,164,88,12.8
774,2.78981,,164,88,13
775,2.79332,,164,89,13.2
776,2.79663,,164,89,13.4
777,2.8004,,164,88,13.8
778,2.80375,,164,88,14.2
779,2.80712,,164,88,14.6
780,2.81046,,164,89,15
781,2.8139,,164,89,15.6
782,2.81727,,164,90,15.8
783,2.82069,,165,90,16
784,2.8241,,165,90,16
785,2.82743,,165,89,16.2
786,2.83082,,165,89,16.4
787,2.83436,,166,89,16.4
788,2.83779,,166,90,16
789,2.84117,,166,90,16.2
790,2.84428,,166,90,15.6
791,2.8478,,166,89,15.4
792,2.8515,,165,89,15.6
793,2.85469,,165,88,15.2
794,2.85819,,165,89,15.2
795,2.86145,,165,89,15
796,2.86503,,165,89,14.8
797,2.86853,,164,88,14.4
798,2.87219,,165,89,14.6
799,2.87538,,164,88,13.6
800,2.87881,,165,87,13.6
801,2.88184,,165,87,12.8
802,2.88557,,164,87,12.6
803,2.88885,,164,87,12.2
804,2.89268,,164,87,12.4
805,2.89593,,164,87,12.4
806,2.89957,,165,87,12.4
807,2.90298,,164,88,12.2
808,2.90638,,164,88,12
809,2.90962,,164,88,11.6
810,2.91305,,164,88,11.6
811,2.9165,,164,88,11.4
812,2.91984,,163,87,10.8
813,2.92339,,164,88,11
814,2.92685,,164,89,11
815,2.93038,,164,88,11.2
816,2.93381,,164,88,11.2
817,2.93747,,164,88,11.6
818,2.94102,,165,88,11.6
819,2.94465,,165,88,11.6
820,2.94806,,164,88,11.6
821,2.95182,,164,88,11.8
822,2.95534,,165,88,11.6
823,2.95908,,165,88,12
824,2.96266,,165,88,11.8
825,2.96641,,165,88,12
826,2.97003,,165,88,12.2
827,2.97366,,165,88,12.4
828,2.977,,165,88,12.2
829,2.98057,,165,89,12.6
830,2.9842,,166,89,13
831,2.98759,,165,89,13
832,2.9914,,165,88,13
833,2.99509,,165,88,13
834,2.99891,,165,88,13.2
835,3.0022,,165,88,12.8
836,3.00587,,165,88,13.2
837,3.00921,,164,88,12.8
838,3.01291,,164,88,13.2
839,3.01618,,165,88,13.2
840,3.01954,,165,88,13
841,3.02245,,164,88,12.4
842,3.02604,,164,88,12.6
843,3.02924,,165,88,12.6
844,3.03261,,165,88,12.6
845,3.03607,,165,88,12.8
846,3.03959,,165,88,12.8
847,3.04307,,164,88,12.6
848,3.04679,,164,88,12.8
849,3.0502,,165,88,12.8
850,3.05353,,165,88,12.6
851,3.05705,,165,88,12.6
852,3.06059,,164,88,12.6
853,3.064,,164,88,12.8
854,3.06724,,164,88,12.6
855,3.07074,,165,88,12.6
856,3.07415,,165,88,12.6
857,3.07777,,164,88,13
858,3.08124,,165,87,13
859,3.08466,,164,86,13.2
860,3.08793,,165,86,13.4
861,3.09129,,165,87,13.8
862,3.0947,,166,87,13.8
863,3.09797,,165,88,14
864,3.10127,,165,87,13.8
865,3.10441,,165,87,13.8
866,3.10775,,165,87,14
867,3.11079,,165,87,13.8
868,3.11411,,165,87,14
869,3.11695,,165,87,13.2
870,3.12036,,165,87,13.2
871,3.12356,,165,87,12.8
872,3.12708,,165,88,13
873,3.13045,,165,88,12.8
874,3.13386,,165,88,12.8
875,3.1372,,165,88,12.6
876,3.14073,,165,88,12.2
877,3.14436,,165,88,12.2
878,3.14788,,165,88,12.4
879,3.15091,,165,88,11.8
880,3.15421,,165,88,12.2
881,3.15779,,165,88,12.2
882,3.16119,,165,88,11.8
883,3.16463,,165,88,11.8
884,3.16785,,166,88,11.8
885,3.1711,,166,87,11.6
886,3.17418,,166,87,11.2
887,3.17741,,165,87,11
888,3.18069,,165,87,11.2
889,3.18413,,165,87,11.2
890,3.18758,,166,87,11
891,3.19112,,166,87,11
892,3.1945,,166,87,11
893,3.19781,,166,87,10.6
894,3.2012,,166,87,10.4
895,3.20475,,166,88,10.8
896,3.20821,,166,88,10.6
897,3.21144,,166,87,10.4
898,3.2149,,166,87,10.4
899,3.21811,,167,87,10.2
900,3.22163,,166,87,10.6
901,3.22499,,166,87,10.8
902,3.22833,,166,87,10.8
903,3.2316,,167,87,10.8
904,3.23491,,166,87,11
905,3.23806,,166,87,10.8
906,3.2415,,167,87,10.8
907,3.24497,,166,87,11
908,3.24819,,166,86,11
909,3.25158,,166,87,11
910,3.25511,,166,87,11.2
911,3.25868,,166,87,11.4
912,3.26217,,166,87,11.2
913,3.26565,,166,87,11.4
914,3.26911,,166,87,11.4
915,3.27259,,165,87,11.2
916,3.27619,,165,87,11.2
917,3.27981,,165,87,11.4
918,3.2834,,165,88,11.4
919,3.28684,,165,88,11.4
920,3.29033,,164,87,11.4
921,3.29382,,164,87,11.4
922,3.2973,,164,87,11.8
923,3.30073,,164,87,12
924,3.30419,,164,88,12.4
925,3.30765,,165,88,12.6
926,3.31117,,164,88,13.2
927,3.31446,,165,88,13.4
928,3.31777,,164,88,13.8
929,3.32114,,164,87,14
930,3.3244,,165,88,15
931,3.32764,,164,88,15.2
932,3.33099,,164,88,15.4
933,3.33431,,164,88,15.8
934,3.33799,,164,88,16.2
935,3.3415,,164,88,16.4
936,3.34524,,164,88,16.6
937,3.34888,,164,88,16.8
938,3.35243,,164,88,16.8
939,3.35596,,164,88,17.2
940,3.35941,,164,88,17.4
941,3.36295,,164,88,17.6
942,3.36654,,164,88,18.2
943,3.37029,,165,88,18.6
944,3.37385,,165,88,18.8
945,3.37753,,165,88,19.2
946,3.38134,,164,88,19.2
947,3.38519,,164,88,19.8
948,3.38893,,165,88,20
949,3.3926,,164,88,20.2
950,3.39608,,164,88,20.6
951,3.39954,,164,87,21
952,3.40277,,165,87,21
953,3.40617,,165,88,21.2
954,3.40969,,165,88,21.2
955,3.41324,,165,88,21.2
956,3.4166,,165,88,21.4
957,3.41991,,165,88,21.4
958,3.42324,,165,88,21.6
959,3.42648,,166,88,22
960,3.42995,,166,87,22
961,3.4333,,166,87,21.8
962,3.43674,,165,88,21.8
963,3.43991,,166,88,21.8
964,3.44319,,165,88,21.4
965,3.44643,,166,88,21.2
966,3.4497,,166,88,21.8
967,3.45303,,166,89,21.2
968,3.4565,,166,88,20.8
969,3.46006,,166,88,20.6
970,3.46372,,166,88,20.6
971,3.46708,,166,88,20.2
972,3.47033,,165,88,20.2
973,3.47368,,165,89,19.8
974,3.47722,,166,89,20.2
975,3.48078,,166,89,20.2
976,3.48431,,166,89,20.6
977,3.48796,,165,89,20.4
978,3.49147,,165,89,20
979,3.49485,,165,88,19.8
980,3.49839,,166,88,19
981,3.50216,,165,88,19
982,3.50574,,165,89,19
983,3.50945,,166,89,19
984,3.513,,166,89,19
985,3.51662,,166,88,19.4
986,3.52011,,166,87,19.6
987,3.52352,,165,88,20
988,3.52695,,166,88,20
989,3.53053,,165,87,20.2
990,3.53407,,165,87,20.4
991,3.5377,,165,87,20.4
992,3.54126,,164,88,20.6
993,3.54501,,165,88,20.6
994,3.54851,,164,88,21.2
995,3.55194,,164,88,21.4
996,3.55535,,165,88,21.6
997,3.55873,,165,88,21.6
998,3.56242,,164,88,21.6
999,3.56611,,164,88,21.6
1000,3.56955,,164,88,21.6
1001,3.57301,,164,88,21.8
1002,3.57641,,164,87,21.8
1003,3.57992,,164,86,21.8
1004,3.58356,,164,86,21.8
1005,3.58733,,164,86,22
1006,3.59113,,164,87,22
1007,3.59483,,164,87,22
1008,3.5983,,164,88,21.6
1009,3.60159,,164,88,21.4
1010,3.60487,,163,87,21.4
1011,3.60822,,164,87,21.4
1012,3.6116,,163,87,21.2
1013,3.61489,,163,87,21.2
1014,3.61813,,163,87,21
1015,3.62152,,163,88,21
1016,3.62477,,163,88,20.8
1017,3.62806,,163,88,20.8
1018,3.63147,,163,88,20.8
1019,3.63487,,163,87,20.6
1020,3.63818,,163,87,20.8
1021,3.64174,,163,87,20.6
1022,3.64515,,163,88,20.4
1023,3.64851,,163,87,20.4
1024,3.65197,,163,87,20.2
1025,3.65522,,163,87,19.8
1026,3.65842,,163,87,19.6
1027,3.66199,,163,88,18.8
1028,3.66557,,163,88,18.4
1029,3.66888,,163,88,19.8
1030,3.67236,,163,88,19.8
1031,3.67589,,163,87,19.8
1032,3.6796,,164,87,19.6
1033,3.68311,,164,88,19.4
1034,3.68675,,163,88,19.4
1035,3.69041,,164,88,19.4
1036,3.6941,,164,88,19.4
1037,3.69797,,164,88,19
1038,3.70167,,164,88,18.8
1039,3.70522,,164,88,18.4
1040,3.7093,,165,88,18.6
1041,3.71333,,165,88,18.4
1042,3.71724,,165,88,18
1043,3.72093,,165,88,18.4
1044,3.7244,,165,88,18.6
1045,3.72839,,165,88,17.8
1046,3.73195,,165,88,18.4
1047,3.73548,,165,88,18.8
1048,3.73899,,164,88,19.2
1049,3.7428,,164,88,19.2
1050,3.74656,,164,88,19.6
1051,3.7506,,163,88,19.6
1052,3.75415,,163,88,20
1053,3.75809,,163,88,19.4
1054,3.76184,,163,88,19.6
1055,3.76548,,163,88,20
1056,3.76894,,163,88,20.4
1057,3.77252,,163,88,20.8
1058,3.77599,,163,88,21.2
1059,3.77987,,162,88,21.8
1060,3.78393,,162,89,21.8
1061,3.78785,,162,89,21.8
1062,3.79157,,162,88,21.8
1063,3.79497,,162,88,22
1064,3.79819,,162,88,22.4
1065,3.8015,,162,88,22.6
1066,3.80507,,162,88,23
1067,3.80892,,161,88,23
1068,3.81287,,162,88,23
1069,3.81648,,162,88,23
1070,3.82018,,161,88,23
1071,3.82381,,162,88,22.8
1072,3.82743,,162,88,22.8
1073,3.83091,,161,89,23.2
1074,3.83449,,162,88,23.4
1075,3.83799,,162,88,23.6
1076,3.84285,,162,87,21.4
1077,3.84632,,162,87,21.4
1078,3.84969,,162,87,21.6
1079,3.85285,,162,87,21.4
1080,3.8561,,163,87,21.6
1081,3.85947,,163,88,21.6
1082,3.86274,,163,87,21.8
1083,3.86626,,163,88,22
1084,3.86953,,163,88,22.4
1085,3.87313,,163,88,22.6
1086,3.87644,,163,88,22.6
1087,3.88009,,163,88,23
1088,3.88327,,164,88,23
1089,3.88662,,163,87,23
1090,3.88996,,164,87,23.2
1091,3.8944,,164,87,21.4
1092,3.89748,,164,87,21.8
1093,3.90098,,164,87,21.4
1094,3.90393,,164,87,21.8
1095,3.90699,,164,87,22.4
1096,3.91054,,164,87,22.6
1097,3.91375,,164,87,23
1098,3.91811,,164,87,21.8
1099,3.9216,,164,88,21.4
1100,3.9252,,164,88,21.6
1101,3.92865,,164,88,21.6
1102,3.93212,,164,86,21.4
1103,3.93539,,164,86,21.4
1104,3.93861,,164,86,21.8
1105,3.94281,,165,87,21
1106,3.94612,,165,87,21.2
1107,3.94942,,165,87,21.6
1108,3.9526,,166,88,21.8
1109,3.95608,,166,88,22.4
1110,3.95933,,166,88,22.6
1111,3.96279,,166,88,23
1112,3.96565,,166,88,23.2
1113,3.96889,,166,88,23.6
1114,3.9722,,166,88,24
1115,3.97558,,167,88,24.6
1116,3.97906,,166,88,25
1117,3.98241,,167,88,25.4
1118,3.98561,,167,88,25.8
1119,3.98894,,167,88,26
1120,3.99231,,167,88,26.4
1121,3.99576,,167,88,26.8
1122,4.00012,,166,88,25.2
1123,4.00367,,166,88,24.6
1124,4.00691,,166,89,24.8
1125,4.01034,,166,88,25
1126,4.01376,,165,88,25.2
1127,4.01676,,165,88,25.6
1128,4.01996,,165,88,25.8
1129,4.02301,,165,88,26
1130,4.02613,,165,89,26.4
1131,4.02913,,165,89,26.8
1132,4.03234,,165,88,27
1133,4.03529,,165,88,27
1134,4.03838,,165,88,27.4
1135,4.04166,,165,88,27.4
1136,4.045,,166,88,27.6
1137,4.04798,,166,88,27.6
1138,4.05131,,166,88,27.8
1139,4.05443,,166,88,27.8
1140,4.05755,,165,88,27.8
1141,4.06099,,166,88,28
1142,4.06469,,166,88,28.2
1143,4.06824,,165,88,28.4
1144,4.07166,,166,89,28.8
1145,4.07519,,166,88,28.8
1146,4.07877,,166,88,28.8
1147,4.08232,,166,88,29
1148,4.08578,,165,88,29
1149,4.08905,,166,88,29.2
1150,4.09245,,166,88,29.2
1151,4.09587,,165,87,29.4
1152,4.09939,,166,87,29.4
1153,4.10287,,166,87,29.8
1154,4.10621,,166,87,29.8
1155,4.10972,,166,87,30.2
1156,4.11296,,166,87,30.4
1157,4.11654,,166,87,30.6
1158,4.12016,,166,86,30.8
1159,4.12388,,166,86,31
1160,4.12748,,166,87,31.4
1161,4.13102,,166,87,31.6
1162,4.13462,,167,87,31.8
1163,4.13812,,167,87,31.6
1164,4.1416,,167,87,31.2
1165,4.14485,,167,87,31.2
1166,4.14835,,167,87,30.8
1167,4.15171,,167,88,31
1168,4.15503,,167,88,30.8
1169,4.15854,,167,87,30.8
1170,4.16305,,167,87,28.2
1171,4.16658,,167,87,28.4
1172,4.17012,,167,87,28.4
1173,4.17371,,167,87,28.4
1174,4.17718,,166,87,28.6
1175,4.18081,,167,88,28.8
1176,4.18431,,166,88,28.6
1177,4.18776,,167,88,29
1178,4.19116,,166,88,29.2
1179,4.19598,,166,88,26.4
1180,4.20061,,166,88,24
1181,4.20485,,165,87,22.6
1182,4.20911,,165,87,21.4
1183,4.21285,,165,87,20.2
1184,4.2159,,165,87,20
1185,4.21898,,165,87,20
1186,4.22255,,165,87,20.2
1187,4.22551,,165,86,20.2
1188,4.22875,,165,86,20.6
1189,4.2317,,165,87,20.6
1190,4.23483,,165,87,20.8
1191,4.2381,,165,87,21.2
1192,4.24131,,165,87,20.6
1193,4.24423,,165,86,20.4
1194,4.2473,,165,87,20.6
1195,4.25053,,165,87,20.6
1196,4.25359,,165,87,20.6
1197,4.2568,,166,87,21.2
1198,4.26005,,166,87,21.4
1199,4.26357,,166,88,21.6
1200,4.26775,,166,88,20
1201,4.2718,,165,88,18.8
1202,4.27583,,166,88,17.8
1203,4.27971,,166,87,16.6
1204,4.28298,,166,87,16.6
1205,4.28632,,166,87,16.2
1206,4.28994,,166,88,15
1207,4.29366,,166,88,13.8
1208,4.29676,,167,87,13.4
1209,4.30039,,167,87,12.4
1210,4.30391,,167,87,11.4
1211,4.3075,,167,87,11.4
1212,4.31119,,167,87,10.6
1213,4.31479,,167,87,10.2
1214,4.31851,,167,87,9.8
1215,4.32213,,167,87,9.4
1216,4.3257,,167,87,8.8
1217,4.32942,,167,87,8.4
1218,4.33303,,167,88,8
1219,4.33624,,166,88,7.2
1220,4.33968,,166,88,6.8
1221,4.34323,,166,88,6.6
1222,4.34672,,166,88,6.2
1223,4.35002,,167,88,6.2
1224,4.35333,,167,88,5.8
1225,4.35672,,166,87,5.4
1226,4.36009,,166,87,5.2
1227,4.36343,,166,87,5
1228,4.36641,,166,87,4.6
1229,4.36956,,166,87,4.4
1230,4.37292,,167,87,4.4
1231,4.376,,167,87,4.4
1232,4.37896,,166,87,4.4
1233,4.38219,,166,87,4.6
1234,4.38551,,166,88,4.6
1235,4.38889,,166,88,4.4
1236,4.39215,,166,88,4.2
1237,4.39503,,166,88,4.2
1238,4.3984,,167,88,4.4
1239,4.40179,,166,88,4.6
1240,4.40533,,166,88,4.4
1241,4.40866,,166,88,4.2
1242,4.41198,,166,88,4.4
1243,4.41525,,166,88,4.2
1244,4.41851,,166,88,4.2
1245,4.42169,,166,88,4
1246,4.42504,,166,88,4.2
1247,4.42829,,166,88,4.2
1248,4.43147,,166,88,4.4
1249,4.43431,,166,88,4.4
1250,4.43747,,165,88,4.6
1251,4.44092,,166,88,4.6
1252,4.44431,,166,88,4.4
1253,4.44774,,166,87,4.2
1254,4.45097,,166,87,4.8
1255,4.45432,,166,87,5
1256,4.45768,,166,87,5.2
1257,4.46106,,166,87,5.8
1258,4.46473,,166,87,6.6
1259,4.46804,,166,87,7.2
1260,4.47164,,166,87,8.2
1261,4.47523,,166,87,8.4
1262,4.47881,,167,87,8.8
1263,4.48254,,167,87,8.8
1264,4.4862,,166,87,9.4
1265,4.48965,,166,87,10.2
1266,4.4931,,166,88,10.8
1267,4.49654,,166,88,11.2
1268,4.50003,,166,87,11.8
1269,4.50334,,166,87,12.2
1270,4.50675,,166,87,12.4
1271,4.51012,,166,87,12.6
1272,4.51411,,166,87,11.6
1273,4.51761,,166,87,12.2
1274,4.52103,,165,87,12.6
1275,4.52427,,165,87,13
1276,4.52766,,165,87,13.6
1277,4.53084,,165,87,14
1278,4.53427,,165,87,14.4
1279,4.53783,,165,87,14.6
1280,4.54122,,165,87,15.2
1281,4.54458,,165,87,15.2
1282,4.54757,,166,87,15.4
1283,4.55059,,165,87,15.8
1284,4.55379,,165,87,16.2
1285,4.5571,,165,88,16.8
1286,4.56061,,165,88,17
1287,4.56398,,165,88,17.6
1288,4.56692,,165,88,18
1289,4.57005,,165,87,18.6
1290,4.57348,,165,87,18.8
1291,4.57671,,164,87,18.8
1292,4.58005,,165,87,19.4
1293,4.58317,,165,87,20.4
1294,4.58668,,165,87,20.6
1295,4.59008,,164,88,21
1296,4.59333,,165,88,21.4
1297,4.59643,,165,88,21.6
1298,4.59977,,165,87,21.8
1299,4.6032,,165,87,20.6
1300,4.60749,,165,88,18.4
1301,4.61177,,165,88,17
1302,4.61575,,164,88,16.2
1303,4.61907,,165,88,16
1304,4.62297,,165,88,14.6
1305,4.62677,,165,89,13.2
1306,4.63034,,165,90,12.2
1307,4.63358,,165,90,12.2
1308,4.63706,,165,89,12
1309,4.64044,,165,89,11.8
1310,4.64385,,164,88,11.6
1311,4.64712,,164,89,11.8
1312,4.65082,,165,89,11
1313,4.65445,,164,89,10.4
1314,4.65774,,164,89,10.4
1315,4.66103,,165,88,10.2
1316,4.66429,,165,87,10.6
1317,4.66777,,164,87,10.6
1318,4.67123,,165,87,10.8
1319,4.67471,,165,87,10.8
1320,4.67824,,165,88,11
1321,4.68194,,165,88,10.6
1322,4.68548,,165,88,10.6
1323,4.68893,,166,88,10.4
1324,4.69221,,166,88,10.4
1325,4.69569,,165,88,10.4
1326,4.69905,,166,88,10.6
1327,4.70265,,166,89,10.4
1328,4.70611,,166,89,10.4
1329,4.70978,,166,89,10.4
1330,4.71336,,165,89,10.8
1331,4.71687,,166,89,11
1332,4.7202,,166,89,11.4
1333,4.7236,,166,88,11.4
1334,4.72715,,166,88,11.2
1335,4.73098,,165,88,10.8
1336,4.73436,,165,88,11
1337,4.73812,,166,88,10.2
1338,4.74191,,166,88,9.8
1339,4.74534,,165,88,9.4
1340,4.74911,,165,88,8.8
1341,4.75294,,165,88,8.4
1342,4.75666,,165,88,8
1343,4.76015,,165,88,7.4
1344,4.76378,,165,88,7.2
1345,4.76747,,165,88,7
1346,4.77138,,164,88,6.4
1347,4.77476,,164,88,6.6
1348,4.77796,,165,87,7
1349,4.78086,,165,87,7.2
1350,4.78345,,165,87,7.6
1351,4.78631,,164,87,7.6
1352,4.7892,,164,86,7.8
1353,4.79217,,164,86,8.2
1354,4.7952,,164,87,8.2
1355,4.79848,,164,87,8.6
1356,4.80168,,164,87,8.8
1357,4.80501,,164,87,9
1358,4.80819,,164,87,9
1359,4.81139,,164,86,9.4
1360,4.81438,,164,86,9.6
1361,4.81738,,164,88,10
1362,4.82052,,164,87,10.2
1363,4.82375,,165,87,10.4
1364,4.82701,,164,87,10.6
1365,4.83033,,164,87,10.4
1366,4.83372,,164,87,10.4
1367,4.83684,,164,88,10.2
1368,4.83996,,163,87,10.2
1369,4.8431,,163,86,10.4
1370,4.84646,,163,87,10.4
1371,4.84977,,163,87,10.4
1372,4.85296,,163,87,10.6
1373,4.85633,,163,87,10.6
1374,4.85988,,163,87,10.6
1375,4.86336,,162,88,10.4
1376,4.86677,,162,88,10.8
1377,4.87023,,162,88,10.8
1378,4.87361,,163,87,11
1379,4.87694,,163,87,11
1380,4.8802,,162,87,11.2
1381,4.88353,,162,87,11.6
1382,4.88689,,163,87,12.4
1383,4.89008,,163,87,12.6
1384,4.89337,,163,87,12.8
1385,4.89674,,163,87,12.8
1386,4.89992,,163,87,13
1387,4.90355,,164,87,12.8
1388,4.90692,,164,87,12.8
1389,4.9104,,163,87,12.6
1390,4.91416,,163,87,12.6
1391,4.91797,,163,87,12.6
1392,4.92178,,163,87,12.6
1393,4.92528,,164,87,12.4
1394,4.92873,,163,88,12.4
1395,4.93222,,163,87,12.2
1396,4.93549,,162,87,12.2
1397,4.93888,,162,87,12.2
1398,4.94234,,163,87,12.2
1399,4.9456,,162,87,11.8
1400,4.94877,,162,87,12.2
1401,4.95211,,162,87,12.4
1402,4.95531,,162,87,12.4
1403,4.95893,,163,87,12.6
1404,4.96225,,162,87,12.8
1405,4.96549,,162,87,12.4
1406,4.96853,,162,87,12.4
1407,4.97175,,162,87,12.2
1408,4.97512,,162,87,12
1409,4.97852,,163,86,11.8
1410,4.98204,,162,87,11.4
1411,4.98558,,162,87,11.2
1412,4.98886,,162,86,11.4
1413,4.99205,,162,87,11.6
1414,4.99537,,162,87,11.2
1415,4.99862,,163,86,11
1416,5.00192,,162,87,10.6
1417,5.00514,,162,87,10.8
1418,5.00863,,163,87,10.4
1419,5.01181,,163,86,10.2
1420,5.015,,163,87,10.6
1421,5.01835,,163,87,10.4
1422,5.02147,,163,87,11
1423,5.02462,,163,87,11.2
1424,5.02766,,163,87,11.4
1425,5.03104,,163,87,11.2
1426,5.03395,,163,87,11.2
1427,5.03715,,163,87,11.2
1428,5.04051,,163,87,11.2
1429,5.04399,,163,87,11.6
1430,5.04749,,164,86,11.8
1431,5.0509,,164,87,11.6
1432,5.05444,,163,86,11.8
1433,5.05757,,164,87,12.8
1434,5.06065,,164,87,12.4
1435,5.06348,,164,86,12.6
1436,5.06652,,164,86,12.6
1437,5.06952,,164,86,12.6
1438,5.07288,,164,87,12.8
1439,5.07622,,164,86,12.6
1440,5.07974,,164,86,12.8
1441,5.08289,,164,86,13.2
1442,5.08596,,164,86,13.8
1443,5.08896,,164,86,13.4
1444,5.09217,,164,87,14.2
1445,5.09554,,164,87,14.4
1446,5.09892,,164,86,16
1447,5.10229,,164,86,16.6
1448,5.10519,,164,86,17
1449,5.10815,,164,87,17.8
1450,5.11089,,164,87,18.2
1451,5.1136,,164,87,18.8
1452,5.11669,,164,88,19.2
1453,5.11979,,164,88,19.6
1454,5.12315,,164,88,20.2
1455,5.12647,,164,88,20.6
1456,5.12978,,164,88,20.8
1457,5.13325,,164,88,20.4
1458,5.13706,,164,88,20.4
1459,5.14049,,164,88,20.4
1460,5.14385,,164,88,20.2
1461,5.14694,,163,87,20.4
1462,5.15029,,163,87,20
1463,5.15361,,164,87,19.8
1464,5.15699,,163,87,19.6
1465,5.16032,,164,87,19.6
1466,5.16367,,164,87,19.6
1467,5.16712,,165,87,19
1468,5.17032,,164,87,18.8
1469,5.17357,,164,87,18.4
1470,5.17672,,164,87,18.6
1471,5.18016,,164,86,19.4
1472,5.18352,,165,86,19.4
1473,5.18717,,164,86,19.4
1474,5.19049,,165,86,19.8
1475,5.19372,,165,86,20.2
1476,5.19708,,164,86,20.2
1477,5.20048,,165,86,20.8
1478,5.20399,,165,86,20.8
1479,5.2074,,165,86,20.6
1480,5.21102,,165,86,19.8
1481,5.2143,,166,85,20.2
1482,5.21754,,165,85,20.2
1483,5.22049,,165,88,19.8
1484,5.22291,,166,112,20
1485,5.22578,,166,92,20.2
1486,5.22899,,166,84,20.6
1487,5.23232,,165,85,20.8
1488,5.23558,,166,85,20.6
1489,5.23899,,166,85,20.8
1490,5.24222,,166,85,20.6
1491,5.24554,,166,85,20.8
1492,5.24879,,166,85,20.8
1493,5.25196,,166,85,21.2
1494,5.25533,,167,86,21.4
1495,5.25854,,166,87,21.6
1496,5.26208,,167,87,21.8
1497,5.26539,,167,86,22.2
1498,5.26874,,167,86,21.8
1499,5.27229,,167,86,20.6
1500,5.27609,,168,86,20.4
1501,5.27935,,167,87,21.2
1502,5.2825,,167,87,21
1503,5.28581,,167,87,20.8
1504,5.28932,,167,87,20.6
1505,5.29283,,167,87,20.6
1506,5.29606,,167,87,20.6
1507,5.29949,,167,87,20.4
1508,5.303,,167,87,20.4
1509,5.30638,,167,87,20.6
1510,5.30965,,167,86,20.6
1511,5.31274,,167,87,20.8
1512,5.31586,,167,87,21
1513,5.31891,,166,86,21
1514,5.32211,,167,86,21.4
1515,5.32541,,167,86,21.6
1516,5.32871,,167,86,21.8
1517,5.33209,,167,86,21.8
1518,5.33537,,167,86,22.2
1519,5.33852,,168,86,22.4
1520,5.34161,,167,86,22.6
1521,5.34467,,167,87,23.2
1522,5.34784,,167,88,23.6
1523,5.35087,,168,87,24
1524,5.35425,,167,86,24.4
1525,5.35763,,167,86,24.6
1526,5.36084,,167,86,24.8
1527,5.36416,,167,86,25.6
1528,5.36737,,167,87,26
1529,5.3707,,167,87,26.4
1530,5.37397,,167,86,26.6
1531,5.37746,,167,87,26.8
1532,5.3811,,167,87,26.4
1533,5.3845,,168,86,26.4
1534,5.38839,,168,86,25.2
1535,5.39226,,168,86,24.6
1536,5.39605,,168,86,24
1537,5.39985,,168,86,23.8
1538,5.40365,,168,86,23.6
1539,5.4075,,168,87,23.6
1540,5.41128,,169,87,23.2
1541,5.41493,,168,87,23
1542,5.41862,,168,86,22.4
1543,5.42227,,168,86,22.2
1544,5.42625,,168,86,21.6
1545,5.43114,,168,86,18
1546,5.43483,,168,86,17.2
1547,5.43814,,168,86,16.4
1548,5.4419,,168,86,14.8
1549,5.44529,,168,87,14.8
1550,5.44901,,168,87,14.6
1551,5.4536,,168,88,13.6
1552,5.45723,,169,88,13.6
1553,5.4612,,168,87,12.8
1554,5.46453,,168,87,12.8
1555,5.46788,,168,87,12.6
1556,5.47147,,168,87,12.2
1557,5.47514,,168,88,11.8
1558,5.47898,,168,88,10.8
1559,5.48261,,168,88,10.6
1560,5.48641,,168,87,10.2
1561,5.48976,,168,87,9.6
1562,5.49306,,168,87,8.8
1563,5.49648,,168,88,8.2
1564,5.50015,,167,88,7.8
1565,5.50355,,168,88,8
1566,5.50727,,168,87,8
1567,5.51096,,167,87,7.4
1568,5.51439,,167,87,6.8
1569,5.51737,,167,87,7.2
1570,5.52069,,167,88,7.6
1571,5.52403,,168,87,7.6
1572,5.52705,,167,87,7.4
1573,5.53023,,167,87,8
1574,5.53347,,167,86,8.4
1575,5.53681,,168,89,8.2
1576,5.54011,,168,91,8.8
1577,5.54336,,167,82,9
1578,5.54681,,168,87,9
1579,5.55017,,168,87,9.4
1580,5.55369,,168,87,9.6
1581,5.55726,,168,86,9.6
1582,5.5608,,169,86,10
1583,5.56425,,168,86,10
1584,5.56778,,168,86,10.4
1585,5.5713,,168,86,10.8
1586,5.57482,,168,86,11.4
1587,5.57827,,168,86,11.8
1588,5.58164,,168,86,12.4
1589,5.58503,,168,87,13.4
1590,5.58827,,168,87,14
1591,5.59146,,168,87,14.6
1592,5.5945,,168,86,15
1593,5.59731,,168,87,15
1594,5.60072,,168,86,15.8
1595,5.60412,,168,87,16.2
1596,5.60768,,168,87,16.4
1597,5.6112,,168,87,16.8
1598,5.61477,,168,86,17.4
1599,5.61801,,168,85,17.8
1600,5.62128,,168,86,18.2
1601,5.62472,,167,86,18.8
1602,5.62792,,168,86,19
1603,5.63117,,167,86,19.6
1604,5.6345,,167,86,19.8
1605,5.6376,,167,86,20.2
1606,5.64069,,167,86,20.4
1607,5.64387,,167,86,21
1608,5.64681,,167,86,21.4
1609,5.6499,,166,86,21.8
1610,5.65321,,167,86,22.4
1611,5.65653,,166,87,22.6
1612,5.65988,,166,87,23.2
1613,5.66301,,166,87,23.2
1614,5.66618,,166,87,23.6
1615,5.66937,,166,87,23.8
1616,5.67283,,166,87,24
1617,5.67589,,166,87,24.4
1618,5.67863,,166,87,24.4
1619,5.68177,,165,86,24.4
1620,5.68493,,165,87,24.2
1621,5.68809,,165,87,24.4
1622,5.69178,,165,87,23.8
1623,5.6952,,164,87,23.4
1624,5.69854,,164,87,23
1625,5.70178,,165,87,23
1626,5.70504,,165,87,22.2
1627,5.70833,,164,87,21.8
1628,5.71155,,164,88,21.6
1629,5.71482,,164,88,21.8
1630,5.71814,,164,87,21.6
1631,5.72159,,165,87,21.6
1632,5.72494,,164,87,21.6
1633,5.72828,,164,87,21.6
1634,5.73167,,164,87,21.4
1635,5.73517,,163,87,22
1636,5.7388,,163,87,21.6
1637,5.74225,,163,87,21.2
1638,5.74573,,163,87,21.2
1639,5.74897,,163,87,21.4
1640,5.75232,,163,87,21.4
1641,5.75557,,163,87,21.4
1642,5.75895,,163,87,21.4
1643,5.76229,,163,87,21.4
1644,5.76575,,163,87,21.6
1645,5.76888,,163,87,22
1646,5.77203,,163,87,22.4
1647,5.77542,,164,88,22.6
1648,5.77901,,163,88,22.8
1649,5.78206,,164,88,23
1650,5.78532,,164,88,22.8
1651,5.7889,,164,88,22.6
1652,5.79248,,164,88,22.8
1653,5.79606,,164,88,22.8
1654,5.79932,,164,88,23.2
1655,5.80275,,164,88,23.2
1656,5.8061,,164,88,23.2
1657,5.80952,,164,87,23.4
1658,5.81308,,164,88,23.6
1659,5.81652,,164,88,24.4
1660,5.81992,,163,88,24.8
1661,5.82335,,164,88,24.8
1662,5.8268,,164,88,25.2
1663,5.83013,,164,88,25
1664,5.83345,,164,88,24.8
1665,5.83658,,164,88,24.8
1666,5.84003,,164,88,24.8
1667,5.84353,,164,87,24.8
1668,5.8468,,165,87,25
1669,5.84971,,164,87,25
1670,5.85288,,165,87,24.8
1671,5.85603,,164,87,24.8
1672,5.85931,,165,86,24.8
1673,5.86273,,165,85,24.4
1674,5.86593,,165,85,24
1675,5.86952,,165,85,23.8
1676,5.87292,,165,85,23.8
1677,5.8769,,165,85,23.6
1678,5.8811,,165,85,23.4
1679,5.88465,,165,85,23.2
1680,5.88771,,164,85,23.4
1681,5.8911,,165,86,23.4
1682,5.89459,,164,86,23.4
1683,5.89835,,164,86,23.6
1684,5.9017,,164,86,23.4
1685,5.90482,,165,86,23.4
1686,5.90815,,164,86,23
1687,5.91158,,164,86,22.6
1688,5.91473,,164,86,22
1689,5.91781,,164,86,21.4
1690,5.92107,,164,86,21
1691,5.92474,,164,86,21.4
1692,5.92807,,164,86,21.4
1693,5.93121,,164,87,21
1694,5.93467,,164,86,20.8
1695,5.93798,,164,87,20.8
1696,5.94126,,164,87,21
1697,5.94463,,164,88,21
1698,5.94796,,164,87,20.6
1699,5.95114,,164,87,20
1700,5.95445,,164,87,19.8
1701,5.95771,,163,87,18.6
1702,5.96095,,163,87,18.4
1703,5.96439,,163,87,18.2
1704,5.96799,,163,88,18
1705,5.97158,,163,88,17.8
1706,5.97489,,163,88,17.6
1707,5.97827,,163,87,17.4
1708,5.98175,,163,87,17.2
1709,5.98503,,162,87,16.8
1710,5.98839,,162,87,16.2
1711,5.99148,,163,87,15.6
1712,5.99457,,163,87,15.4
1713,5.99802,,162,87,15.2
1714,6.00168,,162,87,14.8
1715,6.00531,,163,88,14.8
1716,6.00874,,163,88,15
1717,6.01209,,163,88,14.8
1718,6.01515,,162,88,14.6
1719,6.01843,,162,87,14.4
1720,6.02179,,162,88,14.4
1721,6.02526,,163,88,13.8
1722,6.02889,,163,88,13.2
1723,6.03236,,163,88,13
1724,6.03602,,163,88,13
1725,6.0396,,163,88,12.6
1726,6.04305,,163,88,12.4
1727,6.04651,,163,88,12.6
1728,6.04976,,163,88,12.4
1729,6.05327,,163,88,12.6
1730,6.05689,,163,88,12.8
1731,6.06058,,163,87,12.8
1732,6.06414,,164,88,13
1733,6.06778,,164,88,12.6
1734,6.07124,,164,87,12.4
1735,6.07473,,164,87,12.6
1736,6.07833,,164,87,12.8
1737,6.08186,,164,88,12.6
1738,6.08542,,164,87,12.6
1739,6.08908,,164,86,12.8
1740,6.09268,,164,86,12.6
1741,6.09624,,164,86,12.6
1742,6.09967,,164,86,12.4
1743,6.10306,,163,87,12
1744,6.10644,,163,88,11.6
1745,6.1097,,164,88,11.2
1746,6.11315,,163,88,11
1747,6.11667,,163,88,10.8
1748,6.11994,,163,88,10.6
1749,6.12347,,164,88,10.2
1750,6.12671,,164,88,10
1751,6.12996,,164,87,10.4
1752,6.13328,,163,87,10
1753,6.1369,,163,87,9.8
1754,6.14039,,163,87,9.8
1755,6.14396,,163,87,9.8
1756,6.14749,,163,87,9.6
1757,6.15104,,163,87,9.4
1758,6.15441,,162,87,9.2
1759,6.15782,,162,87,9.2
1760,6.16131,,162,87,9.2
1761,6.1649,,162,88,9.4
1762,6.16826,,162,88,9.4
1763,6.17178,,162,87,9.4
1764,6.17532,,162,87,9.4
1765,6.17867,,162,88,9.4
1766,6.18209,,162,88,9.2
1767,6.18549,,161,89,9.2
1768,6.18862,,162,89,9.2
1769,6.19148,,162,88,9.2
1770,6.19458,,161,89,10
1771,6.19753,,162,89,10
1772,6.20054,,162,89,10.2
1773,6.20357,,162,89,9.8
1774,6.20689,,162,89,10
1775,6.21017,,162,89,10.4
1776,6.21345,,162,88,10.8
1777,6.21683,,162,88,11
1778,6.22004,,162,88,11
1779,6.22338,,162,88,11
1780,6.22674,,162,88,11
1781,6.23011,,163,88,11.2
1782,6.23328,,163,87,11
1783,6.23656,,163,86,11
1784,6.24009,,163,87,11
1785,6.24396,,164,87,11
1786,6.24774,,163,87,11.2
1787,6.25136,,163,87,11.4
1788,6.2549,,164,87,11.4
1789,6.25831,,163,88,11.2
1790,6.26164,,163,87,11.4
1791,6.26506,,164,87,11.4
1792,6.26842,,164,87,11.6
1793,6.27169,,164,87,11.4
1794,6.27506,,164,87,11
1795,6.27837,,163,87,10.4
1796,6.28178,,164,87,10.6
1797,6.28518,,163,86,10.4
1798,6.28891,,163,86,10.4
1799,6.29252,,164,86,10.6
1800,6.29603,,163,86,10.6
1801,6.29933,,164,86,10.4
1802,6.30242,,163,87,10.4
1803,6.3056,,163,87,10.6
1804,6.30881,,163,87,10.4
1805,6.31221,,163,87,10.4
1806,6.31554,,163,87,10.4
1807,6.31909,,163,88,9.8
1808,6.32223,,163,88,9.4
1809,6.32561,,164,88,9.6
1810,6.32922,,163,88,9
1811,6.3329,,163,88,9.4
1812,6.33642,,164,88,9.6
1813,6.33987,,164,87,9.6
1814,6.3432,,164,86,9.6
1815,6.34629,,163,86,9.4
1816,6.34962,,164,85,9.6
1817,6.35289,,164,86,9.8
1818,6.35618,,163,86,10
1819,6.3594,,164,86,10.2
1820,6.36274,,163,87,10.2
1821,6.36593,,163,87,10.2
1822,6.3693,,163,87,10.4
1823,6.37274,,163,86,10.8
1824,6.37605,,163,86,10.8
1825,6.37929,,163,86,10.8
1826,6.38258,,164,86,11
1827,6.38569,,164,86,11
1828,6.38903,,163,87,10.6
1829,6.39257,,164,87,10.6
1830,6.39602,,164,87,10.8
1831,6.39969,,164,86,11
1832,6.4032,,164,87,11.2
1833,6.40685,,164,86,11.4
1834,6.41034,,164,86,11.6
1835,6.41393,,164,88,11.4
1836,6.41716,,164,88,11.4
1837,6.42036,,165,88,11
1838,6.42354,,165,88,11.2
1839,6.4269,,165,88,11.2
1840,6.43025,,164,88,10.8
1841,6.43352,,164,88,10.6
1842,6.43734,,165,88,11
1843,6.44071,,165,88,10.6
1844,6.44399,,165,87,10.4
1845,6.44742,,165,87,10.4
1846,6.45079,,165,87,10.2
1847,6.45422,,165,88,10
1848,6.45752,,165,88,9.8
1849,6.46085,,165,87,9.6
1850,6.46428,,165,87,9.4
1851,6.46759,,165,87,9
1852,6.47075,,165,87,9
1853,6.47376,,165,87,9
1854,6.47663,,165,87,8.6
1855,6.47983,,164,87,8.6
1856,6.48318,,164,87,8.6
1857,6.48665,,164,87,8.6
1858,6.48969,,165,87,8.4
1859,6.49314,,165,88,8.2
1860,6.49658,,164,87,8.2
1861,6.50011,,164,87,8
1862,6.50337,,164,87,8
1863,6.50619,,164,87,8.4
1864,6.50911,,164,87,8.4
1865,6.51216,,164,87,8.4
1866,6.51552,,165,87,8.4
1867,6.51878,,164,87,8.4
1868,6.52193,,164,87,8.2
1869,6.52499,,164,87,8.4
1870,6.52839,,164,88,8.2
1871,6.53204,,164,87,8
1872,6.53552,,163,87,7.8
1873,6.53885,,163,87,7.6
1874,6.54239,,164,87,7.8
1875,6.54589,,163,88,8
1876,6.5494,,163,88,8
1877,6.5527,,163,87,7.6
1878,6.55602,,163,86,7.2
1879,6.55937,,163,87,7
1880,6.56288,,163,87,7
1881,6.56645,,162,87,6.8
1882,6.57045,,162,87,7.4
1883,6.57427,,162,87,7.2
1884,6.57804,,162,87,7
1885,6.58173,,163,87,7.2
1886,6.58517,,163,87,7.2
1887,6.58845,,162,86,7.2
1888,6.59145,,163,86,7.2
1889,6.5944,,163,86,7.2
1890,6.59747,,163,87,7.4
1891,6.60057,,163,87,7.6
1892,6.60338,,163,87,7.8
1893,6.60661,,163,87,8.2
1894,6.60983,,163,87,8.6
1895,6.61296,,163,87,8.8
1896,6.61606,,163,87,9
1897,6.61967,,163,87,8.8
1898,6.62323,,163,87,8.8
1899,6.627,,162,87,8.6
1900,6.63046,,162,87,9
1901,6.63437,,162,87,9.8
1902,6.6381,,162,87,10.2
1903,6.64164,,162,88,10.4
1904,6.6454,,162,88,10.2
1905,6.64898,,163,89,10.4
1906,6.65233,,163,88,10.4
1907,6.65598,,163,89,10.8
1908,6.65972,,162,88,11
1909,6.66335,,163,88,11.2
1910,6.66662,,163,87,11.6
1911,6.66972,,163,86,11.6
1912,6.67326,,163,86,12
1913,6.67686,,163,87,11.8
1914,6.68022,,162,87,11.8
1915,6.68348,,163,88,11.8
1916,6.68687,,163,87,12
1917,6.69015,,162,87,12
1918,6.69346,,163,87,12
1919,6.69661,,163,87,11.8
1920,6.69997,,163,87,12
1921,6.70307,,163,87,12.2
1922,6.70619,,163,87,12
1923,6.7097,,163,87,12.2
1924,6.71278,,162,87,12.2
1925,6.71606,,162,88,12.2
1926,6.71929,,162,88,12
1927,6.72262,,163,87,12.2
1928,6.7262,,162,87,12.4
1929,6.72981,,163,87,12.4
1930,6.73313,,162,87,12.6
1931,6.73648,,162,87,12.6
1932,6.73982,,162,87,12.6
1933,6.74307,,163,87,12.2
1934,6.74628,,162,86,12.2
1935,6.74963,,162,86,12.2
1936,6.75314,,163,87,12.6
1937,6.75677,,162,88,12.4
1938,6.76008,,162,87,12.4
1939,6.76319,,163,87,12
1940,6.76632,,162,94,12
1941,6.76947,,162,94,11.6
1942,6.773,,163,93,11.6
1943,6.7766,,162,92,11.6
1944,6.77997,,162,92,11
1945,6.78346,,163,92,10.8
1946,6.78679,,162,92,10.6
1947,6.79003,,162,91,10
1948,6.79328,,163,91,9.4
1949,6.79728,,163,91,9.2
1950,6.80089,,162,91,8.8
1951,6.80433,,163,91,8.6
1952,6.80765,,163,91,8.4
1953,6.81077,,163,91,8.2
1954,6.81389,,164,91,8.2
1955,6.81725,,164,91,8.2
1956,6.82072,,164,91,8
1957,6.82389,,164,92,8
1958,6.82719,,163,92,7.8
1959,6.83098,,164,92,8
1960,6.83426,,164,92,8
1961,6.83759,,163,91,8
1962,6.84099,,164,91,8
1963,6.84451,,164,91,7.8
1964,6.84838,,164,91,7.6
1965,6.85182,,164,91,7
1966,6.85532,,163,91,6.2
1967,6.85903,,164,91,6
1968,6.86222,,163,91,5.8
1969,6.86536,,163,91,6
1970,6.86879,,164,90,6.2
1971,6.87204,,164,91,6
1972,6.87586,,163,91,6.4
1973,6.87956,,164,91,6
1974,6.88327,,164,91,6.4
1975,6.8864,,164,91,6
1976,6.88997,,164,91,5.8
1977,6.89374,,164,90,5.6
1978,6.89722,,164,90,5.4
1979,6.90074,,164,90,5.2
1980,6.90431,,164,90,5.4
1981,6.90795,,164,91,5.2
1982,6.91177,,165,91,5.2
1983,6.9155,,165,91,5
1984,6.91941,,165,90,4.6
1985,6.92321,,165,90,4.6
1986,6.92678,,166,90,5
1987,6.93049,,166,89,5.2
1988,6.93409,,166,88,5.2
1989,6.93772,,166,88,5.2
1990,6.94118,,166,88,5.2
1991,6.94472,,166,88,5.2
1992,6.94816,,167,88,5.2
1993,6.95154,,167,88,5.2
1994,6.9551,,167,88,5.2
1995,6.95875,,167,88,5.4
1996,6.96245,,167,89,5.4
1997,6.96583,,167,88,5.4
1998,6.96904,,166,89,5.2
1999,6.97239,,167,88,5.4
2000,6.97598,,167,87,5.6
2001,6.97955,,167,87,5.6
2002,6.98284,,167,88,5.6
2003,6.98627,,166,88,5.6
2004,6.98991,,166,89,5.6
2005,6.99347,,167,89,5.4
2006,6.99689,,166,89,5.6
2007,7.00013,,166,89,5.2
2008,7.00351,,166,89,5
2009,7.00716,,166,89,5.2
2010,7.01052,,167,89,5
2011,7.01413,,166,89,5
2012,7.01759,,166,89,5
2013,7.02088,,166,89,4.8
2014,7.02451,,166,89,5.4
2015,7.02814,,166,89,5.4
2016,7.03146,,165,89,5.6
2017,7.03475,,165,89,5.8
2018,7.03788,,165,89,5.8
2019,7.04098,,165,89,5.8
2020,7.04407,,166,88,6
2021,7.04718,,165,88,6
2022,7.0506,,165,87,6
2023,7.05269,,165,88,9.4
2024,7.05429,,166,88,11
2025,7.05716,,165,88,11.6
2026,7.06017,,166,89,11.8
2027,7.06364,,165,88,11.4
2028,7.06736,,166,88,11.2
2029,7.07094,,165,88,11.2
2030,7.07461,,166,89,11.4
2031,7.07828,,166,88,11.4
2032,7.08175,,165,88,11.2
2033,7.08507,,166,89,11.6
2034,7.08835,,166,89,12
2035,7.09169,,166,89,12
2036,7.09508,,166,89,11.8
2037,7.09855,,166,89,11.8
2038,7.10231,,166,89,12
2039,7.10583,,166,89,12.4
2040,7.10926,,166,89,12.4
2041,7.11276,,166,89,12.8
2042,7.11618,,166,89,12.8
2043,7.11958,,166,89,13.2
2044,7.12304,,166,89,13.2
2045,7.12656,,166,89,13.2
2046,7.13009,,166,89,13.6
2047,7.13355,,166,89,13.6
2048,7.13706,,166,89,13.6
2049,7.14049,,166,89,13.8
2050,7.14391,,166,89,14.2
2051,7.14707,,166,88,14.6
2052,7.15019,,166,89,14.6
2053,7.15333,,165,88,14.8
2054,7.15666,,165,88,14.6
2055,7.1601,,165,88,15
2056,7.16353,,165,88,15
2057,7.16687,,165,88,15.2
2058,7.17042,,165,88,15.2
2059,7.17394,,164,89,15.4
2060,7.1776,,165,89,15.6
2061,7.18108,,165,89,15.8
2062,7.18453,,165,89,16
2063,7.18821,,165,89,16.2
2064,7.19182,,165,90,16.4
2065,7.19543,,165,89,16.6
2066,7.19903,,166,89,16.6
2067,7.20266,,165,89,16.8
2068,7.20634,,165,89,16.8
2069,7.20998,,165,89,16.8
2070,7.21356,,165,90,16.6
2071,7.21666,,166,91,16.6
2072,7.21992,,166,90,16.8
2073,7.22325,,166,90,17
2074,7.22677,,167,90,16.8
2075,7.23014,,167,90,16.8
2076,7.23339,,167,90,16.6
2077,7.23659,,167,89,16.6
2078,7.23998,,167,89,16.6
2079,7.24319,,167,89,17
2080,7.24657,,167,89,17.6
2081,7.24976,,168,89,17.4
2082,7.25317,,167,89,17.2
2083,7.25668,,168,89,17.4
2084,7.26016,,168,89,17
2085,7.26363,,167,89,16.8
2086,7.26702,,167,89,17
2087,7.2704,,167,88,17
2088,7.27378,,167,88,17.2
2089,7.27714,,167,88,17
2090,7.2807,,167,88,17
2091,7.28415,,167,88,16.8
2092,7.28758,,167,88,16.8
2093,7.29097,,167,88,16.6
2094,7.29434,,167,88,16.6
2095,7.29763,,167,88,16.4
2096,7.30116,,167,87,16.2
2097,7.30464,,167,88,16
2098,7.30799,,167,88,16.2
2099,7.31134,,167,88,16.2
2100,7.31483,,166,88,16.2
2101,7.31818,,167,88,16.2
2102,7.32149,,167,89,16.2
2103,7.32478,,166,88,16
2104,7.32843,,167,88,15.4
2105,7.33187,,166,89,15
2106,7.33541,,166,88,14.8
2107,7.33903,,166,88,14.4
2108,7.34247,,166,89,14.4
2109,7.34605,,166,89,14
2110,7.34946,,166,89,14.2
2111,7.35298,,166,88,13.8
2112,7.35634,,166,88,13.8
2113,7.35986,,166,88,13.6
2114,7.36321,,166,88,13.2
2115,7.36662,,166,87,13
2116,7.37013,,166,88,13
2117,7.37379,,166,88,13.2
2118,7.37717,,166,88,13.2
2119,7.38064,,166,88,13.4
2120,7.38404,,166,89,13.6
2121,7.38734,,166,89,13.8
2122,7.39071,,166,89,14
2123,7.39421,,166,89,14.2
2124,7.39766,,167,89,14.6
2125,7.40087,,167,89,14.8
2126,7.40422,,167,90,15
2127,7.40761,,167,90,15.6
2128,7.41111,,167,90,15.4
2129,7.4146,,167,89,15.8
2130,7.41799,,167,88,15.8
2131,7.42137,,168,88,15.6
2132,7.42485,,167,89,15.6
2133,7.4283,,167,89,15.6
2134,7.43171,,167,88,15.6
2135,7.43516,,168,88,15.6
2136,7.4384,,168,88,15.6
2137,7.4417,,169,88,15.8
2138,7.44485,,169,88,16
2139,7.44811,,169,88,16.4
2140,7.45162,,169,89,16.8
2141,7.45527,,169,88,17.2
2142,7.45888,,169,88,17.4
2143,7.46222,,169,88,17.6
2144,7.46567,,169,88,17.6
2145,7.46919,,170,88,17.6
2146,7.4728,,170,88,18
2147,7.47639,,169,88,18.2
2148,7.47997,,169,88,18.4
2149,7.48356,,169,88,18.2
2150,7.48696,,169,88,18
2151,7.4905,,168,88,18
2152,7.49395,,169,88,17.8
2153,7.49736,,169,89,17.6
2154,7.50072,,169,88,17.8
2155,7.50413,,169,87,17.8
2156,7.50751,,168,87,17.4
2157,7.51093,,168,87,17.4
2158,7.51418,,167,88,17.4
2159,7.51758,,167,89,17.4
2160,7.52094,,168,89,17.6
2161,7.52426,,168,88,17
2162,7.5277,,167,88,16.8
2163,7.53115,,167,88,16.6
2164,7.53471,,167,88,16.6
2165,7.53821,,167,88,16.6
2166,7.54173,,167,88,16.6
2167,7.54485,,167,88,16.4
2168,7.54809,,167,88,16.4
2169,7.55149,,167,87,16.4
2170,7.55474,,167,88,16
2171,7.55807,,167,88,15.8
2172,7.5616,,167,88,16
2173,7.56514,,167,88,15.8
2174,7.56878,,167,88,15.8
2175,7.57242,,167,88,15.6
2176,7.57599,,167,88,15.4
2177,7.57953,,167,88,15.6
2178,7.58311,,167,88,15.6
2179,7.5864,,167,89,15.4
2180,7.58966,,167,89,15.2
2181,7.59283,,167,88,15
2182,7.59589,,166,89,15
2183,7.59914,,166,89,14.8
2184,7.60252,,166,89,15
2185,7.60597,,166,89,15
2186,7.60935,,166,90,15
2187,7.61292,,166,90,15
2188,7.61645,,167,89,15.4
2189,7.62009,,167,90,15.4
2190,7.62371,,167,89,15.4
2191,7.6273,,167,89,15.6
2192,7.63079,,167,89,15.6
2193,7.63438,,167,89,15.8
2194,7.63777,,167,89,16
2195,7.6413,,167,89,15.8
2196,7.64455,,167,89,15.8
2197,7.64805,,167,89,15.8
2198,7.65136,,167,89,16.2
2199,7.65469,,167,89,16.4
2200,7.658,,167,89,16.6
2201,7.66153,,167,89,17
2202,7.66516,,167,90,17.2
2203,7.66861,,167,90,17.4
2204,7.6719,,167,89,17.6
2205,7.67538,,167,89,17.8
2206,7.67864,,167,89,17.4
2207,7.6822,,168,89,17.6
2208,7.68564,,169,89,17.6
2209,7.68907,,167,88,17.6
2210,7.69242,,167,88,17.6
2211,7.69569,,167,88,18
2212,7.69898,,167,88,18.2
2213,7.70239,,167,88,18.2
2214,7.70562,,167,88,18.4
2215,7.70898,,167,88,18
2216,7.71248,,167,88,17.8
2217,7.71595,,166,88,18
2218,7.71935,,166,88,18
2219,7.72273,,166,88,17.8
2220,7.72619,,166,89,17.6
2221,7.72977,,166,89,17.4
2222,7.73334,,167,89,17.2
2223,7.73684,,167,89,16.6
2224,7.7403,,166,89,16.6
2225,7.74378,,167,89,17
2226,7.74734,,167,89,17.2
2227,7.75078,,167,89,17.2
2228,7.75416,,167,88,17.2
2229,7.75768,,167,88,18
2230,7.76108,,167,88,18
2231,7.76442,,167,88,18.2
2232,7.7679,,167,88,18.4
2233,7.77138,,167,88,17.8
2234,7.77465,,167,89,17.8
2235,7.77801,,167,89,17.6
2236,7.78156,,167,89,17.4
2237,7.78481,,167,89,17.4
2238,7.78827,,168,89,17.2
2239,7.79173,,168,89,17
2240,7.79494,,168,88,16.6
2241,7.79823,,169,88,16.4
2242,7.80168,,168,88,16.6
2243,7.80515,,168,89,16.8
2244,7.80848,,168,88,16.2
2245,7.81202,,168,89,16
2246,7.81544,,168,89,15.8
2247,7.81904,,168,88,15.6
2248,7.82262,,168,89,15.4
2249,7.82613,,168,89,15.2
2250,7.8296,,168,89,14.8
2251,7.83312,,168,89,14.8
2252,7.83649,,168,89,14.8
2253,7.83985,,168,88,15
2254,7.84336,,168,87,15.8
2255,7.8468,,168,87,15.8
2256,7.85023,,167,87,15.8
2257,7.85377,,167,87,15.8
2258,7.85712,,167,88,16
2259,7.86047,,167,87,16.2
2260,7.86383,,167,88,16.8
2261,7.86717,,166,88,17.2
2262,7.87052,,166,88,17.8
2263,7.87388,,167,88,17.6
2264,7.87731,,166,88,17.6
2265,7.8807,,167,88,17.8
2266,7.88427,,167,88,18
2267,7.88765,,166,88,18
2268,7.89113,,167,88,17.8
2269,7.89443,,167,88,17.8
2270,7.89787,,166,88,18
2271,7.90131,,166,87,17.8
2272,7.90472,,166,87,17.8
2273,7.90773,,166,87,17.8
2274,7.91093,,166,87,17.8
2275,7.91413,,166,87,17.8
2276,7.9174,,166,87,17.8
2277,7.92074,,166,87,18
2278,7.92409,,166,86,18
2279,7.92751,,166,86,18.2
2280,7.93078,,165,86,18.2
2281,7.93436,,165,87,18.4
2282,7.93758,,165,87,18.4
2283,7.94093,,165,87,18.6
2284,7.94426,,165,87,18.4
2285,7.94795,,165,87,18.2
2286,7.95139,,165,87,18.2
2287,7.95469,,165,87,18
2288,7.95801,,165,87,18
2289,7.96127,,164,86,17.8
2290,7.96488,,165,87,17.8
2291,7.96815,,165,87,17.4
2292,7.97137,,165,87,17.2
2293,7.9747,,165,86,17.2
2294,7.97812,,165,87,16.8
2295,7.98148,,165,87,16.8
2296,7.9848,,165,87,16.6
2297,7.98823,,166,87,16.4
2298,7.99153,,166,87,16.4
2299,7.99485,,166,87,16.4
2300,7.99802,,166,87,16
2301,8.00112,,166,86,15.8
2302,8.00431,,166,86,15.8
2303,8.0073,,165,87,15.6
2304,8.0102,,166,88,15.4
2305,8.01326,,166,87,15.4
2306,8.01632,,166,87,15.6
2307,8.01951,,166,87,15.6
2308,8.02276,,166,87,15.8
2309,8.02583,,167,87,15.6
2310,8.02892,,166,87,15.6
2311,8.032,,166,88,16
2312,8.0351,,166,87,16.6
2313,8.03827,,166,87,16.6
2314,8.04149,,166,87,16.8
2315,8.04491,,166,87,17.4
2316,8.04825,,166,87,17.6
2317,8.05168,,166,87,18
2318,8.05522,,166,87,18.2
2319,8.05866,,166,87,19
2320,8.06218,,166,87,19.2
2321,8.06555,,167,87,19.4
2322,8.0688,,166,87,19.8
2323,8.0721,,166,87,20
2324,8.07535,,167,87,20.4
2325,8.07867,,166,87,20.6
2326,8.08188,,167,87,21.2
2327,8.08528,,166,87,21.6
2328,8.08857,,167,87,21.4
2329,8.09212,,167,87,21.6
2330,8.09534,,167,87,21.6
2331,8.09868,,166,86,22.2
2332,8.10189,,167,86,22.2
2333,8.10518,,166,86,22.4
2334,8.10855,,167,86,22.6
2335,8.11188,,167,86,22.6
2336,8.11536,,167,86,23
2337,8.11853,,167,86,22.4
2338,8.12194,,167,87,22.2
2339,8.12528,,167,87,22
2340,8.12851,,167,87,22
2341,8.13167,,167,87,21.8
2342,8.13505,,167,87,21.8
2343,8.13851,,167,87,21.8
2344,8.14191,,167,87,21.8
2345,8.1453,,166,87,21.8
2346,8.14882,,167,87,21.6
2347,8.15235,,167,87,21.6
2348,8.15574,,166,87,21.8
2349,8.15909,,166,87,22
2350,8.16246,,167,87,22.4
2351,8.16597,,166,87,22.4
2352,8.16929,,167,87,22.6
2353,8.17264,,167,87,22.6
2354,8.17612,,167,88,22.6
2355,8.17962,,166,88,22.8
2356,8.18323,,166,88,22.8
2357,8.18677,,166,88,22.6
2358,8.19009,,166,88,22.4
2359,8.19319,,166,88,22.4
2360,8.19614,,166,88,22.2
2361,8.19912,,166,88,22.2
2362,8.20254,,165,87,22.4
2363,8.20563,,166,87,21.8
2364,8.20914,,166,88,21.8
2365,8.21198,,166,88,21
2366,8.21524,,166,88,20.8
2367,8.21832,,165,88,20.4
2368,8.22172,,165,88,20.6
2369,8.2251,,165,88,20.2
2370,8.22868,,165,88,20
2371,8.23203,,164,88,19.8
2372,8.23525,,164,88,20.2
2373,8.23852,,164,88,20
2374,8.24193,,164,88,19.8
2375,8.24542,,165,88,20
2376,8.24879,,165,88,20.2
2377,8.25205,,164,88,20.6
2378,8.25525,,164,88,20.8
2379,8.25839,,164,87,21.6
2380,8.2615,,164,88,21.6
2381,8.26484,,165,87,21.6
2382,8.26783,,164,87,21.2
2383,8.27109,,164,87,21
2384,8.27433,,164,87,20.8
2385,8.27765,,164,87,21.4
2386,8.28076,,164,87,21.4
2387,8.28381,,164,87,21.4
2388,8.28706,,164,87,21
2389,8.29038,,164,87,20.8
2390,8.2939,,164,87,20.8
2391,8.29695,,165,87,20.4
2392,8.30024,,166,87,20.4
2393,8.3036,,166,87,20.6
2394,8.30708,,165,87,20.2
2395,8.31034,,166,87,20.4
2396,8.31382,,165,87,20.6
2397,8.31718,,165,87,20.6
2398,8.32048,,165,87,20.8
2399,8.32374,,166,87,20.4
2400,8.32708,,166,87,20.6
2401,8.33059,,165,87,20.8
2402,8.33387,,165,88,20.4
2403,8.33737,,166,87,20.2
2404,8.34076,,165,87,20.8
2405,8.34402,,166,87,21.4
2406,8.34725,,166,88,21.2
2407,8.35058,,166,88,21.2
2408,8.3537,,166,87,21.2
2409,8.35673,,166,87,21
2410,8.35973,,166,87,20.8
2411,8.36297,,166,87,20.6
2412,8.36616,,166,87,20.2
2413,8.36925,,167,87,20.2
2414,8.37238,,166,87,20.4
2415,8.3757,,166,87,20.4
2416,8.37915,,166,88,20.4
2417,8.38266,,166,88,20.6
2418,8.38612,,167,87,20.4
2419,8.3894,,166,86,20.2
2420,8.39259,,166,86,20
2421,8.39565,,166,87,20
2422,8.39879,,166,87,19.8
2423,8.40227,,166,87,19.8
2424,8.40574,,166,87,19.6
2425,8.40911,,166,87,19.4
2426,8.41244,,166,87,19.4
2427,8.41578,,166,87,19.2
2428,8.41909,,166,87,19.2
2429,8.42238,,166,87,18.8
2430,8.42548,,166,87,18.4
2431,8.42857,,166,87,18.2
2432,8.43171,,166,87,17.8
2433,8.43516,,166,87,17.8
2434,8.43864,,166,87,17.8
2435,8.44211,,166,87,17.8
2436,8.44561,,165,87,17.8
2437,8.44899,,165,87,17.6
2438,8.4524,,166,87,17.8
2439,8.45581,,165,87,17.8
2440,8.45927,,166,87,18
2441,8.46255,,166,87,17.8
2442,8.46585,,166,87,17.6
2443,8.46917,,165,87,17.2
2444,8.47266,,165,87,16.8
2445,8.47601,,165,87,17.2
2446,8.47926,,165,87,17.4
2447,8.48251,,166,87,17.2
2448,8.4855,,165,87,17.6
2449,8.48871,,165,87,17.6
2450,8.49186,,165,87,17.8
2451,8.49503,,166,87,18.2
2452,8.49825,,165,87,18.2
2453,8.50153,,165,87,18.2
2454,8.50481,,166,88,18.2
2455,8.50811,,166,88,18.2
2456,8.51129,,166,88,18.2
2457,8.51461,,166,87,18.4
2458,8.51782,,167,87,18
2459,8.5213,,166,89,18
2460,8.52462,,167,88,18.2
2461,8.52753,,167,87,18.4
2462,8.53066,,167,87,18.2
2463,8.53409,,166,86,17.8
2464,8.5375,,166,86,17.6
2465,8.54092,,166,86,17.2
2466,8.54442,,166,87,17.4
2467,8.54787,,166,87,17.4
2468,8.55126,,165,87,17.2
2469,8.55444,,165,87,17.2
2470,8.55769,,166,87,17
2471,8.56098,,165,87,17.2
2472,8.56431,,166,87,17.2
2473,8.56735,,166,87,17.6
2474,8.57037,,165,87,18.2
2475,8.57341,,165,87,19
2476,8.57665,,166,87,19.6
2477,8.57999,,165,87,20.4
2478,8.58336,,164,87,20.4
2479,8.58655,,165,87,21.2
2480,8.58967,,165,87,21.4
2481,8.59291,,165,87,22.2
2482,8.59611,,165,88,23
2483,8.59956,,165,88,23.8
2484,8.60284,,165,89,24.2
2485,8.60622,,165,88,24.6
2486,8.60983,,165,88,24.6
2487,8.61335,,165,87,24.4
2488,8.61688,,165,87,24.6
2489,8.62035,,164,87,25.4
2490,8.62394,,164,87,25.8
2491,8.62721,,165,87,26.6
2492,8.6306,,165,87,26.8
2493,8.63381,,165,87,27.6
2494,8.63722,,164,87,28
2495,8.6405,,164,87,27.6
2496,8.64384,,165,87,27.2
2497,8.64727,,165,87,26.8
2498,8.65043,,165,87,27
2499,8.65352,,164,87,26.8
2500,8.65681,,164,88,26
2501,8.66009,,164,88,25.8
2502,8.66329,,164,87,25.4
2503,8.66635,,164,88,25.4
2504,8.66966,,164,88,24.8
2505,8.67291,,165,88,24.6
2506,8.67605,,165,88,24.6
2507,8.67913,,164,88,24.4
2508,8.68208,,164,88,24.2
2509,8.68489,,165,88,24.4
2510,8.68801,,165,88,24.2
2511,8.69131,,165,88,24
2512,8.69466,,164,88,23.8
2513,8.69817,,165,89,23.6
2514,8.70144,,164,88,23.4
2515,8.70467,,164,88,23.2
2516,8.70813,,165,89,22.8
2517,8.7118,,164,89,22.2
2518,8.71506,,165,89,22
2519,8.7185,,165,88,21.8
2520,8.7221,,164,89,22
2521,8.72619,,164,89,21.4
2522,8.73011,,165,89,21
2523,8.73364,,165,89,21.2
2524,8.73716,,165,89,20.6
2525,8.74034,,165,88,20.4
2526,8.74359,,165,88,20.4
2527,8.74672,,165,88,20.2
2528,8.74982,,166,88,20.4
2529,8.75314,,166,88,20.4
2530,8.75659,,166,88,20.4
2531,8.76003,,166,89,20.4
2532,8.76354,,166,88,20.4
2533,8.76711,,167,88,20.6
2534,8.77059,,166,88,20.6
2535,8.77356,,166,87,20.8
2536,8.77666,,166,87,20.8
2537,8.77977,,166,87,20.6
2538,8.78291,,166,87,20.6
2539,8.78633,,166,87,20.6
2540,8.78971,,166,87,20.8
2541,8.79319,,166,87,21
2542,8.79671,,166,87,20.8
2543,8.8002,,166,87,20.6
2544,8.8034,,166,87,20.6
2545,8.80693,,166,87,20.6
2546,8.81006,,166,87,20.6
2547,8.8132,,166,87,20.8
2548,8.81632,,165,87,20.8
2549,8.81947,,165,87,20.8
2550,8.82271,,165,87,20.6
2551,8.82606,,165,88,20.2
2552,8.82938,,166,87,20
2553,8.83267,,166,87,19.8
2554,8.8361,,166,87,19.8
2555,8.83943,,165,87,20.2
2556,8.84281,,165,87,20.2
2557,8.8459,,165,87,20.4
2558,8.84914,,164,87,20.8
2559,8.85251,,165,87,20.6
2560,8.85584,,165,87,20.8
2561,8.85914,,164,87,20.6
2562,8.86238,,164,87,20.6
2563,8.86605,,164,88,20.6
2564,8.86947,,164,88,20.6
2565,8.87274,,164,88,20.6
2566,8.87599,,163,88,20.8
2567,8.87919,,164,88,21
2568,8.88275,,163,88,21.4
2569,8.88632,,163,88,21.6
2570,8.88948,,164,88,21.8
2571,8.89251,,164,88,22.2
2572,8.8954,,163,88,22.4
2573,8.89864,,164,87,22.2
2574,8.90183,,164,87,22.8
2575,8.90503,,163,87,22.6
2576,8.90786,,163,87,22.8
2577,8.91107,,163,88,22.6
2578,8.91463,,163,88,22.4
2579,8.91866,,163,88,22
2580,8.92234,,163,88,21.6
2581,8.92577,,163,88,21.2
2582,8.92936,,163,88,20.8
2583,8.93329,,162,88,20.8
2584,8.93699,,162,88,20.6
2585,8.94063,,163,88,20.8
2586,8.9444,,163,88,20.4
2587,8.94811,,163,87,20.6
2588,8.95182,,163,88,20
2589,8.95528,,163,88,19.6
2590,8.95849,,163,88,20
2591,8.96172,,164,87,19.6
2592,8.96532,,164,88,19.2
2593,8.96888,,164,88,19.6
2594,8.97245,,164,88,19.8
2595,8.9757,,165,88,19.8
2596,8.97891,,165,89,20
2597,8.98211,,164,89,20
2598,8.98548,,164,89,20.6
2599,8.98882,,164,89,20.4
2600,8.99212,,164,89,20.4
2601,8.99543,,165,89,20.6
2602,8.9987,,165,89,21.4
2603,9.00213,,164,90,21.6
2604,9.00542,,165,90,21.6
2605,9.0088,,164,89,21.6
2606,9.01191,,164,89,21.4
2607,9.01519,,164,88,21.2
2608,9.01849,,164,88,20.8
2609,9.02186,,163,88,20.6
2610,9.02525,,163,88,20.4
2611,9.02864,,163,89,20
2612,9.03219,,163,88,20
2613,9.03577,,163,88,19.8
2614,9.03907,,163,89,19.4
2615,9.0425,,163,88,19.2
2616,9.04618,,163,89,18.8
2617,9.04963,,163,89,18.6
2618,9.053,,163,89,18
2619,9.05621,,163,88,18
2620,9.05965,,163,88,17.6
2621,9.06304,,164,88,17.2
2622,9.06641,,164,88,17
2623,9.06976,,164,88,16.6
2624,9.07321,,164,88,16.2
2625,9.07669,,164,88,16
2626,9.08015,,163,88,15.6
2627,9.08361,,163,88,15.2
2628,9.087,,164,88,15
2629,9.09034,,164,88,14.8
2630,9.09375,,164,89,14.6
2631,9.09717,,164,89,14.4
2632,9.10064,,164,88,14.2
2633,9.10407,,164,88,14.2
2634,9.10756,,164,89,14
2635,9.11098,,164,89,13.8
2636,9.11432,,164,88,13.6
2637,9.11753,,164,88,13.4
2638,9.12079,,163,88,13.2
2639,9.1238,,164,88,13.6
2640,9.1269,,164,88,13.4
2641,9.12989,,164,87,13.4
2642,9.13309,,164,88,12.8
2643,9.13663,,164,89,12.6
2644,9.1401,,164,89,12.6
2645,9.14349,,164,89,12.6
2646,9.14674,,164,89,12.4
2647,9.14983,,164,89,12.4
2648,9.15312,,164,89,12.2
2649,9.15614,,165,88,12
2650,9.15936,,165,88,12.2
2651,9.16265,,165,89,12
2652,9.16626,,165,89,12.2
2653,9.16958,,165,89,12.2
2654,9.17306,,165,88,12.4
2655,9.17624,,165,88,12.4
2656,9.1794,,165,89,12.4
2657,9.18276,,165,89,12.2
2658,9.18599,,165,88,12.2
2659,9.18886,,165,88,12
2660,9.19215,,165,88,11.8
2661,9.19521,,165,88,11.6
2662,9.19842,,165,88,11.8
2663,9.2017,,165,88,11.6
2664,9.2048,,165,88,11.4
2665,9.208,,165,88,11.6
2666,9.2113,,164,88,11.2
2667,9.2148,,164,88,11
2668,9.21796,,165,88,11
2669,9.22118,,164,89,11
2670,9.22451,,165,88,11
2671,9.22787,,165,88,10.6
2672,9.23109,,165,87,10.4
2673,9.23442,,165,87,9.8
2674,9.2377,,165,87,9.6
2675,9.24095,,165,87,9.8
2676,9.24432,,165,88,9.6
2677,9.24771,,165,88,9.4
2678,9.25107,,165,88,9.4
2679,9.25426,,165,88,9.2
2680,9.25754,,165,88,9.2
2681,9.26085,,165,88,9.2
2682,9.26407,,165,87,9.2
2683,9.26701,,165,87,9.2
2684,9.27005,,165,87,9.8
2685,9.27329,,165,87,10
2686,9.27663,,165,87,10
2687,9.28011,,165,87,10.2
2688,9.28354,,165,87,10.4
2689,9.28701,,165,88,10.2
2690,9.29052,,165,88,10.4
2691,9.29388,,165,88,10.2
2692,9.29708,,165,88,10.2
2693,9.30034,,165,88,10.2
2694,9.30336,,165,88,10.2
2695,9.30632,,164,88,10.2
2696,9.3092,,164,88,10.2
2697,9.31237,,164,88,10.4
2698,9.31573,,165,88,10.4
2699,9.31908,,164,88,10.6
2700,9.32257,,164,88,10.8
2701,9.326,,165,88,10.8
2702,9.32926,,164,88,10.8
2703,9.33249,,164,87,11.2
2704,9.33567,,164,87,11.2
2705,9.33894,,165,88,11.6
2706,9.34213,,165,88,12
2707,9.34525,,165,88,12
2708,9.34858,,164,87,12.4
2709,9.35186,,164,88,12.8
2710,9.35538,,164,88,13.2
2711,9.35914,,164,88,14.2
2712,9.36273,,164,88,14.6
2713,9.36601,,164,88,15.4
2714,9.36911,,164,87,15.8
2715,9.37206,,164,87,16.2
2716,9.37541,,165,87,16.4
2717,9.37864,,164,87,16.4
2718,9.38113,,164,87,14
2719,9.3841,,164,87,12.4
2720,9.38695,,164,87,11.6
2721,9.38973,,164,87,10
2722,9.39278,,164,87,10
2723,9.3961,,164,88,9.8
2724,9.39951,,164,88,10
2725,9.40321,,163,88,10
2726,9.40663,,164,88,10.2
2727,9.40991,,163,88,10.4
2728,9.41339,,163,88,10.8
2729,9.41681,,163,87,10.8
2730,9.41995,,163,88,11
2731,9.4232,,163,88,11.4
2732,9.4263,,163,87,11.6
2733,9.42968,,163,87,11.8
2734,9.43301,,163,88,11.8
2735,9.43664,,163,88,11.8
2736,9.44028,,163,88,12
2737,9.44389,,163,88,12
2738,9.44717,,163,88,12.2
2739,9.45023,,163,88,12
2740,9.45348,,163,88,12.2
2741,9.4567,,163,88,12.2
2742,9.45991,,163,88,12.2
2743,9.46301,,162,88,12.4
2744,9.46623,,163,88,12.4
2745,9.46946,,162,88,12.4
2746,9.47295,,163,89,12.4
2747,9.47641,,163,89,12
2748,9.47984,,163,89,11.6
2749,9.48285,,163,89,11.2
2750,9.48607,,162,89,10.8
2751,9.48935,,163,89,10.4
2752,9.49261,,163,89,9.6
2753,9.49575,,164,88,8.8
2754,9.49911,,163,88,8.8
2755,9.50254,,163,88,8.4
2756,9.50593,,164,88,8.2
2757,9.50914,,164,88,7.6
2758,9.51249,,164,89,7.6
2759,9.51573,,164,88,7.8
2760,9.51906,,164,89,8
2761,9.5226,,164,89,7.6
2762,9.52613,,164,89,7.6
2763,9.52946,,164,89,7.6
2764,9.53279,,165,89,7.4
2765,9.53631,,165,89,7.6
2766,9.53983,,165,89,7.6
2767,9.54345,,165,89,7.6
2768,9.5469,,165,89,7.6
2769,9.55033,,164,89,7.4
2770,9.55391,,165,89,7.4
2771,9.55738,,164,89,7
2772,9.56084,,164,89,6.8
2773,9.56411,,164,89,7.2
2774,9.56743,,164,88,7.4
2775,9.57088,,164,89,7.4
2776,9.57406,,164,89,7.4
2777,9.57746,,164,89,7.4
2778,9.581,,164,89,7.6
2779,9.58431,,164,89,7.8
2780,9.58759,,163,89,8.6
2781,9.59072,,163,89,9.2
2782,9.59386,,163,89,9.4
2783,9.59725,,163,89,9.8
2784,9.60061,,163,89,10.4
2785,9.60394,,163,89,10.8
2786,9.6075,,163,89,11.2
2787,9.61118,,164,89,11.4
2788,9.61476,,164,89,11.6
2789,9.61829,,164,89,12.2
2790,9.62172,,164,89,12.6
2791,9.62525,,164,89,13
2792,9.62883,,164,89,13
2793,9.63229,,164,89,13
2794,9.63582,,164,89,13.2
2795,9.63946,,164,89,13.6
2796,9.64297,,165,89,14
2797,9.6465,,165,89,14.6
2798,9.65007,,165,89,14.4
2799,9.65372,,165,89,14.4
2800,9.65724,,165,89,14.6
2801,9.66078,,165,89,14.6
2802,9.66423,,165,89,14.4
2803,9.6676,,165,89,14.2
2804,9.67102,,166,89,14.4
2805,9.67472,,166,89,14.2
2806,9.67823,,166,89,14
2807,9.68168,,166,89,14.4
2808,9.6848,,166,89,14.2
2809,9.68819,,166,89,13.8
2810,9.69142,,166,89,13.4
2811,9.6947,,166,89,13.2
2812,9.69791,,166,88,13.2
2813,9.70126,,166,89,13.2
2814,9.7045,,166,89,13.2
2815,9.70794,,166,89,13.2
2816,9.71108,,166,89,13
2817,9.71427,,166,89,13.2
2818,9.71751,,166,89,13.4
2819,9.721,,166,89,13.4
2820,9.72441,,166,89,13.4
2821,9.72772,,166,89,13.6
2822,9.73095,,166,89,13.2
2823,9.73421,,166,89,13.2
2824,9.73745,,166,89,13.2
2825,9.74071,,166,89,13.2
2826,9.74415,,167,89,13.2
2827,9.74777,,167,88,13.4
2828,9.75132,,167,88,13.4
2829,9.75469,,167,88,13.6
2830,9.75814,,167,88,13.4
2831,9.76126,,167,88,13.6
2832,9.76455,,167,88,13.6
2833,9.76778,,167,88,13.6
2834,9.77127,,167,88,13.6
2835,9.77472,,168,89,13.8
2836,9.77814,,168,89,13.8
2837,9.7815,,168,89,13.6
2838,9.78499,,167,89,13.8
2839,9.78857,,168,89,14
2840,9.79205,,168,89,14.2
2841,9.79527,,167,89,14.4
2842,9.79867,,167,88,14.4
2843,9.80225,,167,88,14.6
2844,9.80583,,167,89,15.2
2845,9.80922,,167,90,15.2
2846,9.81253,,167,89,15.4
2847,9.81592,,167,89,15.4
2848,9.81914,,167,89,15.6
2849,9.82232,,167,89,15.4
2850,9.8257,,167,89,15.4
2851,9.829,,167,89,15
2852,9.83234,,167,89,15.2
2853,9.8357,,167,89,15.2
2854,9.83892,,167,89,15.4
2855,9.84222,,167,89,15.2
2856,9.84565,,167,89,15.2
2857,9.84888,,167,89,15.2
2858,9.85218,,167,89,14.8
2859,9.85568,,167,89,14
2860,9.85935,,166,89,13.8
2861,9.86304,,166,90,13.8
2862,9.86647,,167,90,13.6
2863,9.86969,,167,90,13.4
2864,9.87318,,166,90,13
2865,9.87654,,166,90,12.2
2866,9.88012,,167,90,12.2
2867,9.88373,,167,90,12.6
2868,9.88731,,167,90,12
2869,9.8909,,167,90,12
2870,9.89452,,167,90,11.8
2871,9.89795,,167,90,11.8
2872,9.90139,,167,90,12.2
2873,9.90495,,166,90,12
2874,9.90829,,167,89,11.8
2875,9.9116,,167,89,12.4
2876,9.915,,167,88,12.2
2877,9.91851,,167,89,11.6
2878,9.92193,,167,88,11.2
2879,9.92526,,167,89,11.2
2880,9.92864,,167,89,11.2
2881,9.93171,,168,90,11
2882,9.93507,,168,90,11
2883,9.93837,,168,91,10.6
2884,9.94155,,167,90,10.4
2885,9.94477,,167,91,10.2
2886,9.94778,,167,90,10
2887,9.95101,,167,90,10
2888,9.95419,,167,89,9.8
2889,9.95735,,167,89,9.8
2890,9.96068,,167,89,9.4
2891,9.96342,,167,89,9
2892,9.96657,,167,89,9
2893,9.96977,,167,89,9.4
2894,9.97303,,167,88,9.4
2895,9.97633,,166,87,9.2
2896,9.97948,,166,88,9
2897,9.98277,,167,88,8.6
2898,9.98625,,167,88,8.8
2899,9.98946,,167,88,8.8
2900,9.99239,,166,86,8.8
2901,9.99516,,167,87,8.6
2902,9.99806,,167,86,8.4
2903,10.0007,,167,87,8.4
2904,10.0036,,167,87,8.4
2905,10.0065,,167,87,8.2
2906,10.0088,,167,87,8.4
2907,10.0113,,167,87,8.6
2908,10.0142,,166,87,8.4
2909,10.0171,,167,88,8.4
2910,10.0205,,167,87,7.8
2911,10.0238,,167,87,7.4
2912,10.0273,,166,87,7.4
2913,10.0302,,166,87,7.2
2914,10.0332,,166,87,7.4
2915,10.0362,,166,87,7
2916,10.0399,,166,87,6.6
2917,10.0434,,166,87,6.6
2918,10.047,,166,87,6.2
2919,10.0507,,165,87,5.8
2920,10.0544,,165,87,5.6
2921,10.0583,,165,87,5.2
2922,10.0622,,165,87,4.6
2923,10.066,,165,87,4
2924,10.0695,,165,87,4
2925,10.0729,,165,86,4.2
2926,10.0763,,165,87,4.4
2927,10.0796,,165,87,4.8
2928,10.0828,,165,88,5.2
2929,10.0863,,165,88,5.2
2930,10.0895,,165,87,5.2
2931,10.093,,165,87,5.2
2932,10.0962,,165,87,5.2
2933,10.0993,,164,88,5.4
2934,10.1025,,164,88,5.8
2935,10.1055,,165,88,6.2
2936,10.1089,,165,88,6.4
2937,10.1124,,165,88,6.6
2938,10.1157,,165,88,7
2939,10.1191,,165,88,7.4
2940,10.1227,,165,88,7.4
2941,10.1261,,165,88,7.8
2942,10.1297,,165,89,8.2
2943,10.1329,,165,88,8.4
2944,10.1363,,165,88,8.6
2945,10.1393,,164,88,8.8
2946,10.1424,,165,87,9.2
2947,10.1456,,164,87,8.8
2948,10.149,,164,88,8.8
2949,10.1524,,164,87,9
2950,10.1554,,164,87,9
2951,10.1586,,165,87,9.2
2952,10.1624,,165,87,9.4
2953,10.1661,,164,87,9.8
2954,10.1694,,165,88,10.2
2955,10.1729,,164,88,10.6
2956,10.1763,,165,88,10.8
2957,10.1798,,164,88,11.2
2958,10.1827,,164,87,11.8
2959,10.1857,,164,87,12.2
2960,10.1889,,164,87,12.4
2961,10.1922,,164,87,12.8
2962,10.1954,,164,87,13.2
2963,10.1985,,164,87,13.4
2964,10.2015,,164,87,13.6
2965,10.2048,,164,87,13.6
2966,10.2086,,164,87,13.2
2967,10.2121,,163,88,12.8
2968,10.215,,164,88,12.8
2969,10.2181,,163,87,12.8
2970,10.2211,,163,87,12.6
2971,10.2243,,163,87,12.2
2972,10.2278,,163,87,12.4
2973,10.2309,,163,87,12.6
2974,10.2339,,163,87,13
2975,10.2376,,163,87,12.6
2976,10.2408,,164,87,12.2
2977,10.244,,164,87,11.6
2978,10.2475,,164,88,11.2
2979,10.2508,,163,88,10.8
2980,10.2542,,163,88,10.6
2981,10.2579,,164,88,10.4
2982,10.2608,,164,88,10
2983,10.2643,,164,88,10
2984,10.2676,,164,87,9.8
2985,10.271,,164,87,9.6
2986,10.2742,,165,88,9.8
2987,10.2776,,165,88,9.4
2988,10.2806,,165,88,9.4
2989,10.284,,165,88,9
2990,10.2881,,165,88,7.6
2991,10.2911,,165,89,7.6
2992,10.2942,,165,89,8
2993,10.2977,,166,89,8.4
2994,10.3006,,166,89,8.6
2995,10.3036,,166,88,8.6
2996,10.3068,,167,86,8.2
2997,10.3101,,166,86,8.2
2998,10.313,,166,87,8.2
2999,10.316,,166,86,8.2
3000,10.3191,,167,86,8.6
3001,10.3222,,167,86,9
3002,10.3253,,166,87,9.4
3003,10.3285,,166,87,9.6
3004,10.3316,,166,87,10.2
3005,10.335,,166,87,10.6
3006,10.3383,,166,87,11.4
3007,10.3417,,166,87,12.2
3008,10.3452,,165,87,12
3009,10.3486,,166,87,11.8
3010,10.3515,,166,87,11.8
3011,10.3549,,166,87,11.8
3012,10.3582,,167,87,11.8
3013,10.3613,,166,87,12
3014,10.3645,,166,88,12
3015,10.3677,,166,87,12.4
3016,10.3709,,166,87,12.2
3017,10.3749,,166,87,12.4
3018,10.3782,,166,87,12
3019,10.3818,,166,88,12
3020,10.3852,,166,88,11.8
3021,10.3887,,166,88,11.8
3022,10.3919,,166,88,11
3023,10.3948,,166,88,11.2
3024,10.398,,166,88,11.2
3025,10.4013,,166,87,11.4
3026,10.4046,,166,87,11.4
3027,10.4078,,166,87,11.4
3028,10.4109,,166,87,11.4
3029,10.4138,,166,87,11.8
3030,10.4166,,165,87,11.8
3031,10.4199,,165,87,12
3032,10.4232,,166,88,12.4
3033,10.4263,,166,87,12.4
3034,10.4299,,166,87,12.4
3035,10.4333,,165,87,12.2
3036,10.437,,165,87,10.6
3037,10.4402,,166,87,10.4
3038,10.4433,,165,87,10.4
3039,10.4466,,166,86,10.4
3040,10.45,,166,86,10.4
3041,10.4533,,165,87,10.8
3042,10.4565,,165,87,11
3043,10.4597,,165,87,10.8
3044,10.4636,,165,87,9.4
3045,10.4672,,165,87,9.2
3046,10.4708,,165,87,9.4
3047,10.4743,,165,87,9.4
3048,10.4777,,165,87,9.4
3049,10.4809,,164,87,9.2
3050,10.484,,164,87,9.6
3051,10.4873,,165,87,9.8
3052,10.4905,,165,87,10
3053,10.4936,,164,87,10.2
3054,10.497,,165,87,10.6
3055,10.5006,,164,87,10.4
3056,10.5039,,165,87,10.6
3057,10.5075,,164,87,10.8
3058,10.5111,,164,87,10.6
3059,10.5147,,164,87,10.6
3060,10.518,,164,87,10.6
3061,10.5213,,164,87,10.4
3062,10.5245,,164,87,10.4
3063,10.5278,,164,88,9.8
3064,10.5308,,164,88,9.8
3065,10.5339,,164,88,9.8
3066,10.5369,,164,88,9.8
3067,10.5402,,164,88,10
3068,10.5433,,164,88,10
3069,10.5464,,164,88,10.4
3070,10.5496,,164,87,10.2
3071,10.5528,,165,87,10.6
3072,10.5558,,165,87,11.2
3073,10.5591,,165,88,10.8
3074,10.5622,,165,88,10.2
3075,10.5658,,165,89,9.4
3076,10.5699,,165,89,7.4
3077,10.5732,,165,89,7.8
3078,10.5768,,165,89,7
3079,10.5801,,165,89,6.8
3080,10.5832,,165,89,7
3081,10.5866,,165,89,7.2
3082,10.5901,,166,89,7.4
3083,10.5935,,166,89,7.6
3084,10.597,,166,89,7.4
3085,10.6006,,166,89,7.6
3086,10.6043,,166,89,8.2
3087,10.6081,,167,89,8.4
3088,10.6117,,167,89,9
3089,10.6155,,167,89,8.2
3090,10.6189,,167,89,7.2
3091,10.6226,,167,89,7.6
3092,10.6262,,167,89,7.2
3093,10.6298,,167,89,7.2
3094,10.6335,,168,89,7.4
3095,10.6371,,168,89,7.6
3096,10.6405,,168,89,7.6
3097,10.644,,168,90,7.6
3098,10.6474,,168,90,7.8
3099,10.651,,168,89,7.2
3100,10.6545,,168,89,7.6
3101,10.6581,,168,89,7.2
3102,10.6618,,168,90,7.6
3103,10.6654,,168,90,7.6
3104,10.6689,,168,89,7.8
3105,10.6724,,168,89,8.2
3106,10.6758,,168,89,8.6
3107,10.6795,,168,89,8.8
3108,10.683,,167,89,8.8
3109,10.6865,,168,90,8.8
3110,10.69,,168,90,9.2
3111,10.6934,,167,89,9.4
3112,10.6968,,167,89,9.8
3113,10.7003,,167,89,10.2
3114,10.7038,,167,89,10.6
3115,10.7074,,167,90,11
3116,10.7108,,166,89,11.6
3117,10.7142,,167,89,11.8
3118,10.7176,,166,89,12.2
3119,10.7208,,166,89,12.6
3120,10.7241,,167,90,13
3121,10.7273,,167,90,12.8
3122,10.7308,,166,89,13
3123,10.7343,,166,89,13
3124,10.7377,,167,89,13.2
3125,10.7414,,166,90,13
3126,10.7451,,166,90,13.2
3127,10.7486,,167,90,13.4
3128,10.7521,,167,90,13.4
3129,10.7553,,167,90,13
3130,10.7588,,167,90,12.8
3131,10.7622,,167,90,12.8
3132,10.7657,,167,90,12.6
3133,10.7691,,167,89,12
3134,10.7723,,167,89,11.2
3135,10.7756,,168,89,10.2
3136,10.779,,167,89,9.4
3137,10.7826,,167,89,8.6
3138,10.7862,,167,89,8.4
3139,10.7898,,168,89,8.4
3140,10.7932,,168,89,8.8
3141,10.7966,,168,90,8.8
3142,10.7998,,168,90,8.8
3143,10.8029,,168,90,9
3144,10.8061,,169,89,9.6
3145,10.8094,,168,88,9.8
3146,10.8129,,169,88,10
3147,10.8162,,168,88,9.8
3148,10.8195,,168,88,9.8
3149,10.823,,168,88,9.8
3150,10.8264,,168,88,9.6
3151,10.8297,,168,88,9.6
3152,10.833,,168,88,9.8
3153,10.8362,,168,89,10
3154,10.8396,,168,89,10.2
3155,10.8431,,168,90,10.2
3156,10.8464,,168,89,10.2
3157,10.8497,,168,89,9.6
3158,10.8529,,168,89,9.2
3159,10.8562,,167,89,8.8
3160,10.8596,,167,89,8.6
3161,10.8629,,167,90,8
3162,10.8661,,168,90,7.8
3163,10.8695,,168,90,7.6
3164,10.8728,,168,89,7.2
3165,10.8761,,168,89,7.4
3166,10.8796,,168,89,7.6
3167,10.8831,,168,90,7.4
3168,10.8863,,167,89,8
3169,10.8895,,167,90,7.6
3170,10.8929,,167,90,7.8
3171,10.8962,,167,90,7.2
3172,10.8995,,168,89,7
3173,10.9028,,167,88,7
3174,10.9061,,167,88,7
3175,10.9095,,167,88,6.6
3176,10.9126,,167,89,6.8
3177,10.916,,167,89,6.4
3178,10.9195,,166,89,6.6
3179,10.9231,,167,89,6.8
3180,10.9265,,167,90,7
3181,10.9298,,167,90,7.2
3182,10.9331,,167,90,7.4
3183,10.9364,,167,90,7.8
3184,10.9398,,167,90,8.2
3185,10.9432,,167,90,8.4
3186,10.9466,,167,89,8.2
3187,10.9499,,167,90,7.8
3188,10.9534,,167,90,7.4
3189,10.9567,,168,90,6.6
3190,10.96,,168,90,6
3191,10.9634,,168,90,5.6
3192,10.9669,,168,90,5.6
3193,10.9704,,168,91,5.6
3194,10.9739,,168,90,5.4
3195,10.9774,,168,90,5.6
3196,10.981,,168,90,5.6
3197,10.9845,,168,90,5.6
3198,10.9879,,168,90,6
3199,10.9914,,168,91,6.2
3200,10.9948,,167,91,6.4
3201,10.9982,,168,91,7
3202,11.0016,,168,91,7.4
3203,11.0049,,167,91,8
3204,11.0081,,167,91,7.6
3205,11.0113,,168,91,7.6
3206,11.0144,,168,91,7.6
3207,11.0177,,168,91,7.8
3208,11.021,,167,91,8
3209,11.0243,,168,91,8.2
3210,11.0275,,168,90,8.8
3211,11.0307,,168,90,9
3212,11.034,,168,90,9.4
3213,11.0373,,168,90,10
3214,11.0407,,168,90,10.6
3215,11.0442,,168,90,10.8
3216,11.0477,,168,90,10.8
3217,11.0511,,168,90,10.4
3218,11.0543,,168,90,10.8
3219,11.0575,,168,90,10.8
3220,11.0607,,167,90,11
3221,11.064,,167,90,11.2
3222,11.0677,,167,90,11
3223,11.0715,,167,89,11.6
3224,11.0751,,167,89,11.4
3225,11.0785,,167,89,10.8
3226,11.0818,,167,89,10.8
3227,11.0851,,167,88,10.6
3228,11.0882,,167,88,10.6
3229,11.0914,,167,89,10.4
3230,11.0948,,168,89,10.4
3231,11.0985,,167,89,10.4
3232,11.1022,,167,88,10.2
3233,11.1056,,168,88,10
3234,11.1087,,168,88,10
3235,11.1121,,167,89,9.6
3236,11.1154,,167,88,9.8
3237,11.1187,,168,88,9.8
3238,11.1222,,167,88,9.8
3239,11.1257,,167,89,10
3240,11.1294,,167,89,10.2
3241,11.1331,,167,89,10.2
3242,11.1367,,167,90,9.6
3243,11.1404,,167,90,9.8
3244,11.1441,,167,90,10
3245,11.1478,,167,90,10
3246,11.1512,,167,90,10.2
3247,11.1546,,167,90,10.4
3248,11.1584,,166,90,10.6
3249,11.1622,,167,90,10.8
3250,11.1658,,166,90,11
3251,11.1693,,166,90,11
3252,11.1726,,167,90,11.4
3253,11.1763,,166,90,11.4
3254,11.1802,,167,89,11.2
3255,11.1839,,166,89,10.8
3256,11.1875,,167,89,10.6
3257,11.1912,,166,89,10.4
3258,11.1943,,166,89,10.2
3259,11.1977,,167,89,10.4
3260,11.2011,,166,89,10.2
3261,11.2043,,167,89,10.4
3262,11.2077,,166,89,10
3263,11.2111,,166,89,10
3264,11.2143,,166,89,10
3265,11.2176,,165,89,10
3266,11.221,,166,89,10
3267,11.2245,,166,89,9.8
3268,11.2278,,165,89,9.4
3269,11.2316,,165,89,9.2
3270,11.2351,,164,89,9
3271,11.2384,,164,89,8.8
3272,11.242,,164,89,8.6
3273,11.2455,,164,89,8.2
3274,11.2489,,163,89,8
3275,11.2527,,163,88,7.8
3276,11.2565,,163,89,7.8
3277,11.2603,,163,89,8
3278,11.2639,,163,89,8
3279,11.2673,,162,89,8
3280,11.2708,,163,88,8.6
3281,11.2741,,162,89,7.8
3282,11.2775,,162,89,7.6
3283,11.2807,,162,88,6.6
3284,11.2841,,162,88,6.4
3285,11.2875,,162,88,6.2
3286,11.2908,,162,88,6
3287,11.2943,,163,88,6.4
3288,11.2976,,162,89,6.4
3289,11.3008,,162,89,6.2
3290,11.3039,,163,89,6.2
3291,11.3072,,163,89,6.6
3292,11.3105,,163,89,6
3293,11.3138,,163,88,5.8
3294,11.3172,,163,88,5.6
3295,11.3206,,163,88,5.4
3296,11.3241,,164,88,5.6
3297,11.3276,,164,88,5.6
3298,11.331,,163,89,5.6
3299,11.3344,,163,90,5.2
3300,11.3378,,163,90,5.4
3301,11.3412,,163,90,5.6
3302,11.3445,,162,89,5.8
3303,11.3474,,163,89,5.6
3304,11.3506,,162,89,5.8
3305,11.3539,,162,89,6.4
3306,11.3573,,162,89,6.4
3307,11.3607,,162,88,6.8
3308,11.364,,162,88,7
3309,11.3674,,162,88,7.2
3310,11.3709,,162,88,7
3311,11.3742,,163,88,7
3312,11.3776,,162,89,7
3313,11.381,,163,89,7
3314,11.3841,,162,89,7
3315,11.3872,,163,89,7
3316,11.3905,,162,89,7.2
3317,11.3939,,163,89,7.4
3318,11.3976,,164,89,7.4
3319,11.401,,163,89,7.4
3320,11.4047,,164,89,7.8
3321,11.4083,,164,89,8.2
3322,11.4116,,164,89,7.8
3323,11.4148,,164,89,8
3324,11.4179,,164,89,8
3325,11.4212,,164,89,7.8
3326,11.4246,,165,89,7.8
3327,11.428,,164,89,7.8
3328,11.4315,,164,89,7.8
3329,11.435,,163,89,8
3330,11.4384,,164,89,7.4
3331,11.442,,163,89,7.2
3332,11.4456,,163,90,7
3333,11.449,,163,89,7
3334,11.4524,,164,89,7
3335,11.4559,,164,89,6.8
3336,11.4593,,165,88,7
3337,11.4629,,165,89,7.2
3338,11.4667,,165,93,7.2
3339,11.4703,,165,91,7
3340,11.4736,,165,90,7
3341,11.4769,,165,90,7
3342,11.4804,,165,91,7
3343,11.4838,,165,90,6.8
3344,11.487,,165,90,7
3345,11.4901,,164,90,7.2
3346,11.4931,,164,89,6.8
3347,11.4965,,165,89,7
3348,11.4999,,164,90,6.8
3349,11.5034,,164,90,6.8
3350,11.5069,,164,90,7
3351,11.5103,,164,90,7
3352,11.5136,,164,89,6.6
3353,11.5171,,164,90,6.6
3354,11.5205,,164,90,6.8
3355,11.5238,,165,89,6.8
3356,11.5271,,164,89,6.8
3357,11.5303,,165,89,6.4
3358,11.5336,,165,89,6.2
3359,11.5371,,165,89,6.2
3360,11.5403,,165,89,5.8
3361,11.5435,,164,89,5.6
3362,11.5467,,165,88,5.6
3363,11.5498,,165,88,5.8
3364,11.5531,,165,88,5.6
3365,11.5565,,165,88,5.6
3366,11.5597,,165,88,5
3367,11.5629,,165,88,4.8
3368,11.5662,,165,88,4.8
3369,11.5696,,165,88,4.6
3370,11.5729,,165,88,4.4
3371,11.5763,,165,89,4
3372,11.5795,,165,89,4
3373,11.5826,,165,89,3.6
3374,11.5861,,165,89,4.2
3375,11.5895,,165,89,4
3376,11.5929,,166,89,3.8
3377,11.5963,,165,89,3.8
3378,11.5996,,165,89,4
3379,11.6029,,165,89,4.6
3380,11.6062,,165,89,4.2
3381,11.6094,,166,89,4.4
3382,11.6126,,165,89,4.2
3383,11.616,,166,90,4.4
3384,11.6194,,165,90,4.4
3385,11.6227,,165,89,4.2
3386,11.6261,,165,89,4.8
3387,11.6294,,165,89,4.8
3388,11.6326,,165,89,5
3389,11.6362,,166,89,5.4
3390,11.6397,,165,89,5.6
3391,11.6433,,165,89,5.6
3392,11.647,,165,89,6
3393,11.6506,,165,89,5.6
3394,11.6543,,165,89,5.8
3395,11.6577,,165,89,5.4
3396,11.661,,166,89,5.4
3397,11.6644,,166,89,5.2
3398,11.6676,,166,89,4.8
3399,11.6709,,165,89,4.4
3400,11.6743,,165,89,4
3401,11.6777,,166,89,4.2
3402,11.6812,,166,89,4
3403,11.6848,,166,88,3.8
3404,11.6881,,165,88,3.8
3405,11.6915,,166,89,3.6
3406,11.695,,166,89,3.4
3407,11.6986,,166,89,3.8
3408,11.7019,,166,89,3.4
3409,11.705,,166,89,3.2
3410,11.7082,,167,89,3.2
3411,11.7114,,167,89,3
3412,11.7149,,167,89,3
3413,11.7183,,167,89,3
3414,11.7213,,167,89,3
3415,11.7247,,167,90,2.6
3416,11.7278,,167,90,2.4
3417,11.731,,167,90,2.2
3418,11.7339,,166,89,2
3419,11.7368,,166,89,1.6
3420,11.74,,167,89,1.2
3421,11.7431,,166,89,1.2
3422,11.7462,,167,89,1.2
3423,11.7495,,167,88,0.8
3424,11.753,,166,88,1.2
3425,11.7564,,166,89,1.4
3426,11.7598,,166,88,1.4
3427,11.7632,,166,88,1.8
3428,11.7664,,166,89,2.2
3429,11.7697,,166,88,2.4
3430,11.7729,,166,88,2.8
3431,11.7762,,166,88,2.8
3432,11.7798,,166,87,3.2
3433,11.7835,,165,87,3.4
3434,11.787,,166,87,3.6
3435,11.7905,,166,87,4
3436,11.7939,,165,87,4.4
3437,11.7975,,165,88,4.6
3438,11.8013,,165,88,4.6
3439,11.8051,,165,88,5.2
3440,11.8086,,165,88,5.6
3441,11.8119,,165,89,5.4
3442,11.8153,,164,89,5.6
3443,11.8188,,164,89,5.6
3444,11.8223,,165,88,5.6
3445,11.8255,,164,88,5.4
3446,11.8287,,165,88,5.2
3447,11.8316,,164,88,4.6
3448,11.8347,,165,87,4.4
3449,11.8379,,165,87,4.2
3450,11.8411,,165,87,4.2
3451,11.8444,,165,88,4.6
3452,11.8478,,165,88,4.4
3453,11.8511,,165,87,4.4
3454,11.8543,,165,87,4
3455,11.8577,,165,88,3.6
3456,11.8613,,165,88,4
3457,11.8646,,164,88,4.2
3458,11.8677,,164,87,3.8
3459,11.8711,,163,87,3.6
3460,11.8749,,164,87,4.6
3461,11.8785,,163,86,5
3462,11.882,,163,86,5.4
3463,11.8854,,164,86,5.4
3464,11.8888,,164,86,5.4
3465,11.8923,,164,87,5.4
3466,11.8958,,164,87,5.8
3467,11.8992,,164,87,6
3468,11.9026,,164,87,6
3469,11.9059,,165,87,5.6
3470,11.9091,,165,88,5.4
3471,11.9126,,165,87,5.6
3472,11.9159,,165,87,5.8
3473,11.9192,,165,87,5.8
3474,11.9225,,165,87,6.2
3475,11.9254,,166,87,6.2
3476,11.9284,,166,87,6.4
3477,11.9317,,166,87,6.6
3478,11.9349,,165,87,6.6
3479,11.9382,,166,88,6.8
3480,11.9414,,165,87,6.6
3481,11.9447,,166,87,6.6
3482,11.9482,,165,87,7
3483,11.9514,,165,87,6.8
3484,11.9547,,166,87,7
3485,11.9579,,165,87,7
3486,11.9609,,165,87,6.8
3487,11.9638,,165,87,6.4
3488,11.967,,166,87,6
3489,11.9702,,166,87,5.6
3490,11.9732,,166,86,5.2
3491,11.9764,,165,87,5.6
3492,11.98,,166,87,5.4
3493,11.9832,,166,87,5
3494,11.9864,,166,87,5
3495,11.9896,,166,87,5
3496,11.9928,,166,87,4.8
3497,11.9959,,166,87,4.4
3498,11.9988,,165,87,4.4
3499,12.0018,,166,87,4.2
3500,12.0052,,166,87,3.8
3501,12.0085,,166,87,4
3502,12.0116,,165,87,4.4
3503,12.0144,,166,87,4.2
3504,12.0174,,165,87,3.8
3505,12.0206,,166,87,3.6
3506,12.0243,,165,87,3.6
3507,12.0276,,165,87,3.8
3508,12.0307,,165,86,3.4
3509,12.0339,,165,86,3.2
3510,12.0373,,165,86,3.2
3511,12.0403,,164,87,3.4
3512,12.0435,,164,87,3.2
3513,12.0469,,165,87,3.4
3514,12.0503,,165,86,3.2
3515,12.0535,,165,86,3
3516,12.0567,,166,86,3
3517,12.06,,165,86,2.6
3518,12.0634,,165,86,1.8
3519,12.0668,,164,86,2.2
3520,12.0702,,164,86,2.8
3521,12.0731,,164,86,2.4
3522,12.0761,,164,87,2
3523,12.0794,,165,87,1.8
3524,12.0823,,165,87,1.8
3525,12.0851,,165,87,1.4
3526,12.0881,,165,87,0.6
3527,12.0912,,165,87,0.4
3528,12.0945,,165,87,0.6
3529,12.0979,,165,87,0.4
3530,12.1011,,165,87,0.6
3531,12.104,,164,87,0.8
3532,12.1073,,164,87,1
3533,12.1105,,164,87,0.6
3534,12.1135,,164,87,0.2
3535,12.1165,,164,87,0
3536,12.1197,,164,87,-0.2
3537,12.1226,,163,88,-0.4
3538,12.1257,,164,87,-0.4
3539,12.129,,163,87,-0.4
3540,12.1322,,163,87,-0.4
3541,12.1356,,163,88,-0.4
3542,12.139,,163,88,-0.4
3543,12.1423,,163,88,-0.6
3544,12.1457,,162,88,-0.8
3545,12.1493,,162,88,-1
3546,12.1527,,162,88,-1
3547,12.1562,,162,87,-0.8
3548,12.1598,,162,88,-0.6
3549,12.1633,,161,87,-0.2
3550,12.1669,,162,87,0
3551,12.1705,,161,87,0.4
3552,12.174,,161,87,0.2
3553,12.1774,,161,87,0.4
3554,12.1808,,162,87,1
3555,12.1844,,162,89,1.2
3556,12.1881,,161,88,1.8
3557,12.1918,,162,88,2.2
3558,12.1952,,162,88,2.4
3559,12.1988,,162,87,2.8
3560,12.2022,,162,87,3.4
3561,12.2055,,162,87,3.6
3562,12.209,,162,87,3.8
3563,12.2124,,162,88,4
3564,12.2157,,162,89,4
3565,12.2188,,162,88,4.2
3566,12.2223,,163,87,4.6
3567,12.2258,,162,88,4.4
3568,12.2292,,162,88,4.4
3569,12.2325,,162,88,4.6
3570,12.2358,,162,88,4.6
3571,12.2392,,162,88,4.4
3572,12.2425,,162,88,4.2
3573,12.2459,,162,87,4
3574,12.2493,,162,87,4
3575,12.2524,,162,88,3.6
3576,12.2557,,161,88,3.6
3577,12.2589,,161,88,3.6
3578,12.2621,,162,87,3.2
3579,12.2655,,162,87,3.2
3580,12.2687,,161,88,3.4
3581,12.2718,,162,87,3.2
3582,12.275,,162,87,3
3583,12.2773,,162,86,4.4
3584,12.2793,,162,86,5.4
3585,12.2814,,162,86,6.2
3586,12.2842,,161,88,6.2
3587,12.2858,,162,88,8
3588,12.2882,,162,88,9.6
3589,12.2914,,162,87,10
3590,12.294,,161,87,11.6
3591,12.2972,,162,87,12
3592,12.3006,,161,88,12.4
3593,12.3039,,161,88,12.6
3594,12.3074,,161,88,12.6
3595,12.3111,,161,88,13
3596,12.3145,,161,88,13
3597,12.318,,161,88,12.6
3598,12.3217,,161,88,12.6
3599,12.325,,160,88,13
3600,12.3282,,160,88,12.6
3601,12.3313,,160,87,12.6
3602,12.3346,,160,87,12.6
3603,12.3381,,160,87,12.6
3604,12.3415,,160,87,12.8
3605,12.3452,,160,87,12.8
3606,12.3484,,160,87,12.2
3607,12.352,,161,88,11.8
3608,12.3554,,161,87,11.2
3609,12.3587,,160,87,10.8
3610,12.3621,,160,87,10.6
3611,12.3656,,160,87,10.4
3612,12.3689,,160,87,10.4
3613,12.3723,,160,88,10.6
3614,12.3759,,160,88,10.6
3615,12.3791,,160,88,10.6
3616,12.3825,,160,87,10.4
3617,12.3859,,160,88,10.2
3618,12.3894,,160,88,10
3619,12.3927,,160,88,10
3620,12.3962,,160,88,10
3621,12.3996,,161,88,10
3622,12.403,,161,88,9.8
3623,12.4064,,161,88,9.6
3624,12.4097,,161,88,9.2
3625,12.413,,161,88,8.6
3626,12.4163,,162,88,8.4
3627,12.4197,,162,88,8.6
3628,12.4231,,163,88,8.4
3629,12.4268,,163,88,9
3630,12.4302,,163,88,9
3631,12.4333,,163,88,8.8
3632,12.4364,,163,88,9
3633,12.4397,,163,88,9.2
3634,12.4433,,163,88,9.4
3635,12.447,,163,88,9.2
3636,12.4505,,163,89,9
3637,12.454,,163,88,9.6
3638,12.4574,,163,88,9.6
3639,12.4608,,163,88,10.2
3640,12.4642,,163,88,10.4
3641,12.4677,,163,88,10.4
3642,12.4712,,163,87,10.8
3643,12.4747,,163,87,10.4
3644,12.4784,,162,87,10.6
3645,12.4822,,162,87,10.4
3646,12.4857,,162,87,10.6
3647,12.489,,163,87,10.8
3648,12.4921,,163,87,10
3649,12.495,,163,87,9.6
3650,12.4985,,163,87,10
3651,12.5018,,164,87,9.6
3652,12.5053,,164,87,9.4
3653,12.5085,,164,88,9
3654,12.512,,165,88,8.8
3655,12.5157,,165,88,8.6
3656,12.5193,,165,87,8.4
3657,12.5227,,166,87,8.8
3658,12.526,,165,87,8.6
3659,12.5292,,166,87,8.6
3660,12.5325,,166,86,8.6
3661,12.5361,,165,86,8.6
3662,12.5395,,165,86,8.8
3663,12.543,,166,87,8.6
3664,12.5463,,166,87,8.4
3665,12.5497,,166,87,8.6
3666,12.5528,,166,87,8.4
3667,12.5559,,166,87,8.8
3668,12.5588,,166,87,8.8
3669,12.562,,167,88,8.6
3670,12.5652,,166,88,8.8
3671,12.5685,,166,88,8.6
3672,12.5718,,166,87,8.6
3673,12.575,,166,87,8.6
3674,12.5784,,166,87,8.8
3675,12.5817,,166,88,8.6
3676,12.5851,,166,88,8.8
3677,12.5882,,166,88,8.8
3678,12.5912,,166,88,8.2
3679,12.5946,,166,88,8.2
3680,12.5982,,166,88,8.4
3681,12.6016,,166,88,8.2
3682,12.6049,,165,88,7.6
3683,12.6082,,165,88,7.4
3684,12.6115,,165,87,7.2
3685,12.6149,,166,87,7.2
3686,12.6185,,165,86,7
3687,12.622,,165,86,6.8
3688,12.6253,,165,86,7
3689,12.6287,,166,85,7
3690,12.6318,,165,85,7
3691,12.6349,,166,85,7.2
3692,12.6383,,166,86,7.2
3693,12.6415,,166,86,7.2
3694,12.6446,,166,87,7.4
3695,12.6477,,165,87,7.2
3696,12.6507,,166,87,6.8
3697,12.654,,165,88,6.6
3698,12.6573,,166,88,6.6
3699,12.6608,,165,88,6.4
3700,12.6641,,165,88,6.4
3701,12.6674,,165,89,6.4
3702,12.6709,,165,89,6.6
3703,12.6742,,165,88,6.8
3704,12.6774,,165,88,7
3705,12.6808,,165,88,7
3706,12.6844,,164,88,6.8
3707,12.6879,,164,88,6.8
3708,12.6915,,164,88,6.6
3709,12.695,,164,88,6.4
3710,12.6987,,164,88,7.2
3711,12.7024,,163,88,8
3712,12.7059,,164,88,8.4
3713,12.7094,,163,87,9
3714,12.7126,,163,87,8.8
3715,12.7158,,163,88,9
3716,12.719,,164,89,9.6
3717,12.7225,,164,90,9.8
3718,12.7258,,164,89,10
3719,12.7292,,164,89,10.2
3720,12.7326,,164,89,10.2
3721,12.7358,,164,88,10.6
3722,12.739,,164,88,10.6
3723,12.7423,,164,88,11
3724,12.7458,,164,88,11.4
3725,12.7495,,165,88,11.4
3726,12.7532,,165,88,11.4
3727,12.7567,,165,88,11.6
3728,12.7599,,166,88,11.6
3729,12.7631,,166,87,11.4
3730,12.7662,,165,87,11.6
3731,12.7691,,165,87,11.2
3732,12.7724,,165,88,11.4
3733,12.7758,,166,88,11.4
3734,12.7791,,165,88,11
3735,12.7824,,165,87,10.8
3736,12.7856,,165,87,10.6
3737,12.789,,165,88,10.2
3738,12.7924,,165,88,10
3739,12.7957,,165,88,10
3740,12.799,,165,87,10.2
3741,12.8019,,164,86,10.2
3742,12.8051,,164,87,10.2
3743,12.8086,,164,87,10.6
3744,12.8119,,164,87,10.6
3745,12.8148,,165,87,10.6
3746,12.8178,,165,87,10
3747,12.821,,165,88,10
3748,12.8244,,165,88,10.2
3749,12.8279,,165,87,10.2
3750,12.8313,,165,87,10.2
3751,12.8347,,165,87,10
3752,12.8377,,164,86,9.8
3753,12.841,,164,86,9.6
3754,12.8442,,164,86,9.6
3755,12.8474,,164,87,9.6
3756,12.8506,,164,86,9.6
3757,12.854,,165,86,9.8
3758,12.8574,,165,87,10.2
3759,12.8607,,165,87,10.2
3760,12.8641,,165,86,10.4
3761,12.8674,,165,86,10.6
3762,12.8706,,165,86,10.6
3763,12.8739,,165,87,10.6
3764,12.8773,,165,86,10.4
3765,12.8807,,165,87,10.4
3766,12.8841,,166,87,10.4
3767,12.8875,,166,87,10.2
3768,12.8907,,165,87,10
3769,12.8938,,165,87,9.8
3770,12.897,,165,87,9.8
3771,12.9003,,165,86,10
3772,12.9037,,165,86,10.2
3773,12.9071,,166,87,10.4
3774,12.9107,,165,87,10.8
3775,12.9143,,165,88,11
3776,12.9177,,165,88,11.2
3777,12.921,,166,87,11.2
3778,12.9243,,166,87,11.4
3779,12.9275,,166,87,11.4
3780,12.9309,,166,87,11.8
3781,12.9341,,166,87,11.6
3782,12.9374,,166,86,11.4
3783,12.9405,,166,86,11.8
3784,12.9439,,166,86,11.6
3785,12.9474,,167,87,11.8
3786,12.9507,,166,87,11.6
3787,12.9541,,166,87,12
3788,12.9575,,166,87,12.2
3789,12.9607,,166,87,12.4
3790,12.9639,,165,87,12.4
3791,12.967,,165,87,12.2
3792,12.9704,,165,87,12.4
3793,12.9737,,165,87,12.4
3794,12.9769,,165,88,12.6
3795,12.9799,,165,88,12.6
3796,12.9826,,165,87,12.4
3797,12.9854,,165,87,12.6
3798,12.9885,,165,87,12.8
3799,12.9916,,164,86,12.6
3800,12.9948,,164,86,12.6
3801,12.9979,,164,86,12.4
3802,13.0012,,164,87,12
3803,13.0044,,165,87,12
3804,13.0075,,164,88,11.8
3805,13.0105,,165,88,11.8
3806,13.0138,,165,87,11.6
3807,13.0172,,164,87,11.4
3808,13.0205,,165,87,11.2
3809,13.0245,,164,87,11.4
3810,13.0283,,164,87,12
3811,13.0321,,164,87,12.2
3812,13.0357,,164,87,12.2
3813,13.0391,,164,87,12.4
3814,13.0425,,164,87,12.4
3815,13.0461,,164,87,12.2
3816,13.0497,,165,87,11.8
3817,13.0531,,164,87,12.2
3818,13.0564,,164,87,12.2
3819,13.0598,,164,87,12.2
3820,13.063,,164,87,12.2
3821,13.0664,,163,87,12.2
3822,13.0698,,163,87,11.6
3823,13.0732,,163,87,11.6
3824,13.0765,,163,88,11.2
3825,13.0798,,163,88,11
3826,13.0832,,163,87,11
3827,13.0866,,164,87,10.8
3828,13.0898,,164,87,11
3829,13.0929,,164,87,10.8
3830,13.0961,,164,86,10.6
3831,13.0994,,164,87,10.8
3832,13.1027,,163,87,11.2
3833,13.1057,,164,87,11.6
3834,13.109,,164,86,11.6
3835,13.1125,,165,85,12
3836,13.1159,,165,85,12
3837,13.1192,,165,85,11.6
3838,13.1224,,165,85,11
3839,13.1258,,165,85,10.8
3840,13.1294,,165,85,10.6
3841,13.1331,,166,86,10.8
3842,13.1367,,166,86,10.4
3843,13.1401,,166,87,10.4
3844,13.1434,,166,88,10.2
3845,13.1467,,166,88,9.8
3846,13.1501,,166,87,10
3847,13.1535,,166,87,10
3848,13.1569,,166,86,10.4
3849,13.1606,,166,86,10.8
3850,13.1641,,166,86,10.8
3851,13.168,,166,87,11.6
3852,13.1718,,166,87,11.8
3853,13.1753,,166,87,12
3854,13.1786,,166,87,12
3855,13.1823,,166,88,12.8
3856,13.1857,,166,88,12.6
3857,13.1891,,167,88,12.6
3858,13.1928,,167,87,13
3859,13.1964,,167,88,13.2
3860,13.2,,167,88,13.4
3861,13.2035,,167,87,13.4
3862,13.2068,,167,88,13.4
3863,13.2101,,167,88,13.2
3864,13.213,,168,88,12.8
3865,13.2163,,168,87,12.8
3866,13.2195,,168,87,12.8
3867,13.2231,,168,87,12.8
3868,13.2266,,168,87,13
3869,13.2299,,168,87,12.4
3870,13.2335,,168,87,12.6
3871,13.237,,168,86,12.8
3872,13.2405,,168,86,13
3873,13.2437,,168,87,13
3874,13.2469,,167,86,13.2
3875,13.2501,,168,86,13.4
3876,13.2536,,168,86,14
3877,13.2572,,168,86,14.2
3878,13.2606,,169,86,14.4
3879,13.264,,168,87,14.4
3880,13.2674,,168,87,14.6
3881,13.2706,,168,87,14.4
3882,13.2737,,168,87,14.6
3883,13.2771,,167,87,14.6
3884,13.2805,,167,86,14.6
3885,13.2837,,167,86,14.8
3886,13.2872,,167,87,15
3887,13.2904,,167,87,14.8
3888,13.2933,,167,86,14.6
3889,13.2963,,167,86,14.4
3890,13.2997,,166,86,14.4
3891,13.3029,,166,86,14.2
3892,13.3061,,166,86,13.8
3893,13.3091,,166,86,13.4
3894,13.3125,,166,86,13.6
3895,13.3159,,166,86,13.4
3896,13.3193,,166,87,13.4
3897,13.3225,,166,86,13
3898,13.3258,,166,86,13.2
3899,13.329,,166,86,13.2
3900,13.3322,,166,86,13
3901,13.3355,,165,86,12.8
3902,13.3389,,165,85,13
3903,13.342,,165,86,13.4
3904,13.3453,,166,86,13.6
3905,13.3488,,165,86,13.6
3906,13.3522,,165,86,13.4
3907,13.3555,,166,86,13.4
3908,13.3584,,166,86,13.4
3909,13.3615,,165,86,13
3910,13.3647,,165,86,12.8
3911,13.3676,,165,86,12.2
3912,13.3708,,165,86,12.2
3913,13.3741,,165,86,12.6
3914,13.3774,,165,86,13
3915,13.3807,,165,86,13
3916,13.384,,165,86,13
3917,13.3872,,165,86,13
3918,13.3907,,165,86,13
3919,13.3939,,164,86,13
3920,13.3971,,164,87,12.8
3921,13.4004,,164,86,13
3922,13.4038,,164,86,13
3923,13.4069,,163,86,12.8
3924,13.4102,,163,86,12.6
3925,13.4133,,163,86,12.4
3926,13.4166,,163,86,12.4
3927,13.4197,,163,86,12.2
3928,13.4229,,163,86,12.2
3929,13.4262,,163,86,12
3930,13.4296,,162,86,12.6
3931,13.4328,,162,86,12.8
3932,13.4362,,162,86,12.8
3933,13.4397,,162,86,13
3934,13.4429,,162,86,13.2
3935,13.4461,,162,85,13
3936,13.4493,,162,85,13
3937,13.4526,,162,85,13.2
3938,13.4558,,162,85,13.4
3939,13.4593,,161,85,14
3940,13.4626,,161,85,14.2
3941,13.4658,,162,85,14.2
3942,13.469,,161,86,14
3943,13.4722,,161,86,14
3944,13.4754,,161,86,14
3945,13.4787,,161,86,14
3946,13.4818,,161,86,14.2
3947,13.4846,,161,86,14
3948,13.4874,,161,86,14.2
3949,13.4903,,161,86,13.4
3950,13.4935,,161,86,13
3951,13.4966,,161,85,12.8
3952,13.4997,,161,85,12.6
3953,13.5029,,161,85,12.2
3954,13.5061,,161,85,12.4
3955,13.5092,,161,85,12.4
3956,13.5124,,161,85,12
3957,13.5155,,161,86,11.8
3958,13.5188,,161,86,11.8
3959,13.5223,,162,86,11.8
3960,13.5257,,162,86,12
3961,13.529,,162,86,12
3962,13.532,,162,86,11.6
3963,13.535,,162,86,11.4
3964,13.5383,,162,86,11.6
3965,13.5418,,162,86,12
3966,13.5452,,162,86,12.2
3967,13.5486,,162,86,12.4
3968,13.552,,162,85,12.8
3969,13.5555,,162,85,13.2
3970,13.5587,,162,85,13
3971,13.5622,,162,85,12.8
3972,13.5657,,162,85,13
3973,13.5687,,162,86,12.8
3974,13.5716,,162,86,12.4
3975,13.575,,163,85,12.8
3976,13.5783,,163,86,13
3977,13.5814,,163,86,12.6
3978,13.5843,,163,86,12.8
3979,13.5874,,163,86,12.6
3980,13.5906,,163,86,12.2
3981,13.5939,,164,86,11.6
3982,13.5972,,163,86,11.6
3983,13.6004,,164,86,11.8
3984,13.6037,,164,86,11.8
3985,13.6073,,163,84,12.2
3986,13.6108,,163,85,12
3987,13.614,,163,86,11.8
3988,13.617,,163,86,11.6
3989,13.6201,,163,85,11.6
3990,13.6231,,163,85,12.2
3991,13.6262,,162,85,12.2
3992,13.6296,,162,85,12.8
3993,13.6329,,162,85,13.2
3994,13.636,,162,86,12.8
3995,13.6392,,162,86,13.2
3996,13.6425,,162,85,13.6
3997,13.6456,,162,85,13.2
3998,13.6488,,161,86,13.2
3999,13.6519,,161,86,13.4
4000,13.6551,,161,87,13.2
4001,13.6582,,161,86,13
4002,13.6614,,162,86,13
4003,13.6644,,162,86,13
4004,13.6676,,161,86,12.8
4005,13.671,,162,86,13.4
4006,13.6743,,162,86,13.2
4007,13.6774,,162,86,13
4008,13.6805,,162,86,13
4009,13.6835,,162,86,13
4010,13.6866,,162,86,13
4011,13.6899,,162,86,13
4012,13.6931,,163,86,13.2
4013,13.6963,,163,86,13.8
4014,13.6995,,163,86,14
4015,13.703,,163,86,14.6
4016,13.7065,,163,86,15
4017,13.7096,,163,86,15.4
4018,13.7128,,162,86,15.8
4019,13.7161,,162,86,15.8
4020,13.7193,,162,85,16.8
4021,13.7224,,163,85,17
4022,13.7255,,162,85,17.2
4023,13.7286,,163,85,17.8
4024,13.7317,,162,85,18
4025,13.735,,162,85,18.2
4026,13.7382,,162,85,18.4
4027,13.7416,,162,85,18.6
4028,13.7449,,162,85,19
4029,13.7482,,163,86,19.2
4030,13.7514,,163,86,19.6
4031,13.7546,,163,86,19.4
4032,13.7581,,162,86,19.6
4033,13.7614,,162,86,19.6
4034,13.7645,,162,86,20
4035,13.7673,,162,86,20.2
4036,13.7707,,162,86,20.2
4037,13.7739,,162,86,20.4
4038,13.777,,162,86,20.4
4039,13.7803,,162,86,20.6
4040,13.7834,,162,86,20.6
4041,13.7868,,162,86,20.6
4042,13.7902,,162,86,20.4
4043,13.7936,,161,86,20.6
4044,13.7968,,161,86,20.8
4045,13.8001,,162,86,20.6
4046,13.8032,,161,86,20.4
4047,13.8067,,161,86,20
4048,13.8101,,162,86,20.4
4049,13.8133,,162,86,20
4050,13.8166,,162,86,20
4051,13.8198,,162,86,20
4052,13.8233,,162,87,19.6
4053,13.8266,,162,86,19.8
4054,13.8297,,162,87,20.4
4055,13.8331,,162,87,20.4
4056,13.8364,,162,86,20.4
4057,13.8398,,162,86,20.8
4058,13.8428,,162,86,20.8
4059,13.8462,,162,86,20.8
4060,13.8493,,162,86,20.8
4061,13.8526,,162,86,20.8
4062,13.8558,,162,86,20.8
4063,13.8593,,162,86,20.8
4064,13.8627,,162,86,21.4
4065,13.8659,,162,86,21.6
4066,13.8693,,162,86,21.8
4067,13.8725,,162,86,21.8
4068,13.8758,,163,86,22
4069,13.8789,,162,86,22
4070,13.882,,162,85,21.8
4071,13.8853,,163,85,21.8
4072,13.8886,,163,85,21.4
4073,13.8921,,163,86,21.6
4074,13.8958,,163,86,21.2
4075,13.8992,,163,86,21.2
4076,13.9024,,163,86,21.2
4077,13.9055,,164,86,21.4
4078,13.908,,163,86,21.2
4079,13.911,,163,87,21.2
4080,13.9141,,163,87,21.2
4081,13.9174,,162,87,21.2
4082,13.9207,,162,87,21.2
4083,13.9238,,162,86,21.2
4084,13.9272,,162,86,21
4085,13.9304,,162,86,21.2
4086,13.9338,,161,87,20.8
4087,13.9372,,161,87,20.6
4088,13.9405,,160,87,20.8
4089,13.9436,,160,87,20.6
4090,13.9465,,160,87,20.8
4091,13.9491,,160,87,21
4092,13.9519,,159,86,21
4093,13.9549,,159,86,21
4094,13.9579,,159,86,21.2
4095,13.9611,,159,86,21.4
4096,13.964,,159,87,21.4
4097,13.9676,,159,86,21.2
4098,13.9708,,159,87,21
4099,13.9742,,159,88,20.6
4100,13.9772,,160,88,20.8
4101,13.9803,,159,88,20.6
4102,13.9835,,160,87,20.6
4103,13.9863,,160,88,20.6
4104,13.9895,,160,88,21
4105,13.9926,,160,88,21
4106,13.9956,,160,88,20.8
4107,13.9989,,160,88,20.6
4108,14.002,,160,88,20.4
4109,14.0049,,160,88,20.4
4110,14.0085,,160,88,19.6
4111,14.0116,,160,88,20
4112,14.0148,,161,88,20.6
4113,14.0182,,161,88,20.2
4114,14.0212,,161,89,19.6
4115,14.0241,,161,89,19.6
4116,14.0268,,161,88,19.2
4117,14.0295,,161,88,19
4118,14.0325,,161,88,18.8
4119,14.0356,,161,89,19
4120,14.0387,,161,89,19.2
4121,14.0419,,161,88,19.4
4122,14.0448,,161,88,19.4
4123,14.0476,,161,87,19.4
4124,14.0504,,161,88,19
4125,14.0535,,162,88,19
4126,14.0566,,161,88,19
4127,14.0597,,161,88,18.8
4128,14.0632,,161,88,18.8
4129,14.0666,,161,88,18.6
4130,14.07,,161,87,18
4131,14.0734,,161,87,18.2
4132,14.0767,,161,86,18.2
4133,14.0798,,161,86,18.2
4134,14.0826,,161,86,18
4135,14.0857,,161,87,17.8
4136,14.0888,,162,87,17.4
4137,14.0919,,161,88,17.4
4138,14.0949,,161,88,17.2
4139,14.0982,,161,88,17.2
4140,14.1013,,160,87,17.4
4141,14.1049,,160,87,17.6
4142,14.1079,,160,88,18
4143,14.111,,159,88,18.6
4144,14.1138,,159,87,19.2
4145,14.117,,160,87,19.6
4146,14.1201,,160,87,20
4147,14.1241,,160,87,20.4
4148,14.1279,,159,87,20.4
4149,14.1307,,160,87,20.6
4150,14.1351,,159,87,20.4
4151,14.1394,,159,87,20.4
4152,14.1433,,159,87,20.2
4153,14.1474,,160,87,20
4154,14.1515,,160,87,19.6
4155,14.1549,,160,87,19.8
4156,14.1584,,160,87,20
4157,14.1619,,160,87,20
4158,14.1653,,160,87,20
4159,14.1687,,160,87,19.8
4160,14.1721,,160,87,19.8
4161,14.1759,,160,87,19.2
4162,14.1795,,160,87,18.6
4163,14.1829,,160,87,18.2
4164,14.1863,,160,87,18
4165,14.1895,,159,87,18
4166,14.1928,,160,87,18.2
4167,14.1961,,159,87,18
4168,14.1995,,159,87,18
4169,14.2028,,159,87,18.2
4170,14.2058,,160,87,18
4171,14.2088,,159,87,18.2
4172,14.2119,,159,87,18
4173,14.2154,,159,88,17.6
4174,14.2188,,159,88,17.2
4175,14.2222,,158,87,17.6
4176,14.2253,,159,87,17.6
4177,14.2285,,158,87,17.8
4178,14.2318,,158,87,18
4179,14.2354,,158,87,18.2
4180,14.2387,,159,87,17.8
4181,14.2421,,159,87,17.8
4182,14.2454,,159,87,17.8
4183,14.2488,,158,87,17.6
4184,14.2521,,159,87,17
4185,14.2552,,158,87,17
4186,14.2584,,158,86,16.8
4187,14.2618,,158,86,16.8
4188,14.2653,,158,87,16.6
4189,14.2685,,158,87,16
4190,14.272,,158,86,15.6
4191,14.2755,,158,86,16
4192,14.2789,,158,86,16.2
4193,14.2822,,158,86,15.6
4194,14.2854,,159,86,15.2
4195,14.2886,,159,86,14.6
4196,14.2919,,159,86,14.2
4197,14.2951,,159,86,14.2
4198,14.2982,,159,86,14
4199,14.3016,,158,87,13.6
4200,14.3049,,159,87,13.6
4201,14.3084,,158,87,13.2
4202,14.3115,,158,87,13.4
4203,14.3147,,158,87,13.6
4204,14.3178,,158,87,13.6
4205,14.3211,,158,87,14.2
4206,14.3243,,158,87,14.2
4207,14.3275,,158,87,15
4208,14.3307,,158,87,15.4
4209,14.3336,,157,87,15.8
4210,14.3367,,157,86,16.4
4211,14.3399,,157,86,15.8
4212,14.3432,,158,86,15.8
4213,14.3463,,157,86,16
4214,14.3497,,157,86,16.6
4215,14.3528,,157,86,16.8
4216,14.3558,,157,87,17.2
4217,14.359,,157,87,17.4
4218,14.362,,157,86,18
4219,14.3652,,157,87,18.4
4220,14.3685,,158,87,18.6
4221,14.3719,,157,87,18.8
4222,14.3751,,157,87,19.4
4223,14.3785,,158,87,19.6
4224,14.3816,,158,86,20
4225,14.3849,,158,86,20.4
4226,14.3882,,158,86,20.8
4227,14.3912,,158,86,21.2
4228,14.3945,,158,86,21.6
4229,14.3974,,158,86,22
4230,14.4005,,157,86,22.2
4231,14.4033,,158,87,22.2
4232,14.4066,,158,86,22.4
4233,14.4097,,158,86,22.4
4234,14.4129,,158,86,22
4235,14.416,,158,86,22.4
4236,14.4189,,159,87,22.6
4237,14.422,,159,87,22.8
4238,14.425,,159,86,22.8
4239,14.428,,158,86,23
4240,14.4311,,158,86,23.4
4241,14.4343,,158,87,23.6
4242,14.4374,,158,87,22.8
4243,14.4406,,158,87,22.4
4244,14.4435,,159,87,22.2
4245,14.4466,,158,87,22.4
4246,14.4496,,159,87,21.8
4247,14.4528,,159,87,21.8
4248,14.4561,,159,87,21.6
4249,14.459,,159,87,21.2
4250,14.4623,,159,87,21
4251,14.4656,,159,87,21
4252,14.4691,,159,87,21
4253,14.4723,,159,87,20.4
4254,14.4756,,160,87,19.8
4255,14.4788,,160,88,19.8
4256,14.4821,,160,88,19.8
4257,14.4853,,160,88,19.6
4258,14.4889,,160,88,19.4
4259,14.4925,,160,88,19
4260,14.496,,160,88,18.6
4261,14.4995,,160,88,18.4
4262,14.503,,160,87,17.6
4263,14.5061,,160,88,17.2
4264,14.5091,,160,88,17.4
4265,14.5123,,161,88,17.2
4266,14.5153,,161,88,17
4267,14.5184,,160,88,17.4
4268,14.5216,,160,88,17.4
4269,14.525,,160,88,17.6
4270,14.528,,160,87,17.2
4271,14.5313,,161,87,17
4272,14.5344,,160,87,16.8
4273,14.5378,,160,88,16.8
4274,14.5412,,160,87,16.6
4275,14.5447,,160,87,17
4276,14.548,,160,87,16.8
4277,14.5512,,161,87,16.6
4278,14.5545,,161,87,16.6
4279,14.5578,,160,87,16.6
4280,14.5612,,160,88,16.6
4281,14.5646,,160,88,16.6
4282,14.5679,,160,87,17
4283,14.5714,,160,88,17
4284,14.5751,,160,88,16.8
4285,14.5786,,161,88,17
4286,14.5822,,161,88,17.2
4287,14.5857,,161,88,17.4
4288,14.5892,,160,89,17.2
4289,14.5925,,161,89,17.4
4290,14.5958,,160,89,17.2
4291,14.599,,160,89,16.8
4292,14.6024,,161,89,16.6
4293,14.6059,,161,89,16.6
4294,14.6093,,160,89,16.8
4295,14.6126,,160,89,17.2
4296,14.6161,,160,89,17.6
4297,14.6194,,160,89,17.6
4298,14.6228,,161,90,17.8
4299,14.6261,,160,90,17.6
4300,14.6295,,160,90,17.6
4301,14.6329,,160,90,17.6
4302,14.6363,,160,90,17.4
4303,14.6396,,160,90,17.6
4304,14.6433,,161,90,17.6
4305,14.6468,,160,91,17.8
4306,14.6502,,160,91,18.2
4307,14.6535,,160,91,17.8
4308,14.657,,160,91,18
4309,14.6605,,160,92,17.6
4310,14.6639,,161,93,17.4
4311,14.6673,,161,93,17.2
4312,14.6705,,161,93,17
4313,14.6739,,161,92,17.4
4314,14.6772,,161,91,17.4
4315,14.6806,,161,92,17.2
4316,14.684,,161,92,17.2
4317,14.6875,,161,91,17.4
4318,14.6906,,160,91,16.8
4319,14.6939,,160,91,16.6
4320,14.6971,,160,91,16
4321,14.7004,,161,91,16
4322,14.7035,,161,91,16
4323,14.7067,,161,90,15.8
4324,14.7099,,161,90,15.4
4325,14.7131,,161,90,15.4
4326,14.7164,,161,89,15
4327,14.7197,,161,88,15
4328,14.7225,,162,88,14.8
4329,14.7258,,161,87,14.6
4330,14.729,,161,88,14.4
4331,14.7323,,162,88,14.4
4332,14.7356,,162,88,14
4333,14.7391,,162,88,13.8
4334,14.7424,,162,88,13.6
4335,14.7457,,162,88,13.2
4336,14.749,,162,88,13.2
4337,14.7522,,162,88,12.8
4338,14.7554,,163,88,12.6
4339,14.7586,,162,88,13
4340,14.7619,,162,88,13.2
4341,14.7649,,162,88,13.2
4342,14.7682,,162,88,13.2
4343,14.7713,,163,87,12.8
4344,14.7746,,163,87,12.8
4345,14.7777,,163,87,12.8
4346,14.7808,,163,87,12.8
4347,14.7838,,163,87,12.6
4348,14.787,,163,87,12.2
4349,14.7904,,164,86,12.2
4350,14.7937,,163,86,12
4351,14.797,,163,86,12
4352,14.8002,,164,86,12.6
4353,14.8034,,163,86,12.6
4354,14.8064,,163,87,12.8
4355,14.8097,,164,87,12.8
4356,14.813,,164,87,12.8
4357,14.8163,,163,87,12.8
4358,14.8194,,163,87,13
4359,14.8227,,163,87,13.2
4360,14.8259,,163,87,13.4
4361,14.8291,,162,87,13.6
4362,14.8324,,163,87,13.6
4363,14.8358,,162,87,13.8
4364,14.8391,,162,87,14.2
4365,14.842,,162,87,13.8
4366,14.8455,,162,87,14
4367,14.8487,,161,87,14.4
4368,14.852,,161,87,14.6
4369,14.8555,,162,88,15.2
4370,14.8589,,161,88,15.6
4371,14.8623,,161,88,15.8
4372,14.8656,,161,88,16
4373,14.8687,,161,88,15.8
4374,14.872,,161,88,15.6
4375,14.8752,,161,88,15.6
4376,14.8781,,161,88,16
4377,14.8812,,161,88,16.2
4378,14.8843,,162,88,16.2
4379,14.8874,,162,87,16.4
4380,14.8907,,161,87,16.6
4381,14.894,,161,87,16.6
4382,14.8973,,161,87,16.2
4383,14.9004,,161,87,16.4
4384,14.9036,,161,87,16.4
4385,14.9068,,161,87,16.6
4386,14.9098,,161,86,16
4387,14.9128,,161,86,16
4388,14.916,,160,87,16
4389,14.9193,,160,88,15.8
4390,14.9225,,160,88,15.8
4391,14.9256,,160,87,15.6
4392,14.9289,,160,87,15.2
4393,14.9321,,159,88,15
4394,14.9353,,160,87,15.2
4395,14.9386,,160,87,15.2
4396,14.942,,160,87,15.4
4397,14.9452,,160,88,15.4
4398,14.9483,,159,87,15.4
4399,14.9518,,160,87,15
4400,14.9551,,159,87,14.8
4401,14.9584,,159,87,14.8
4402,14.9613,,159,88,14.4
4403,14.9641,,159,88,14
4404,14.9671,,159,88,13.6
4405,14.9701,,158,88,13.8
4406,14.9731,,158,88,13.4
4407,14.9765,,158,88,13.2
4408,14.9794,,158,88,13
4409,14.9826,,158,88,12.6
4410,14.9858,,158,88,12.4
4411,14.9892,,158,87,12.2
4412,14.9925,,158,87,12.4
4413,14.9959,,159,87,12.8
4414,14.9993,,159,87,12.8
4415,15.0026,,159,87,13.2
4416,15.0059,,159,87,13.2
4417,15.0086,,159,87,13.2
4418,15.0116,,159,87,13.2
4419,15.0147,,159,87,13.4
4420,15.0177,,159,87,13.6
4421,15.0208,,159,86,13.8
4422,15.0239,,159,86,14
4423,15.0269,,159,86,14.2
4424,15.0301,,159,87,14.4
4425,15.0334,,159,87,14.6
4426,15.0367,,159,87,14.8
4427,15.0399,,159,87,15
4428,15.0429,,159,87,15
4429,15.046,,159,87,14.4
4430,15.0491,,158,87,13.8
4431,15.0525,,158,87,13.4
4432,15.0558,,159,86,13.8
4433,15.0592,,159,86,13.6
4434,15.0624,,158,86,13.6
4435,15.0657,,158,86,13.4
4436,15.0691,,158,86,13.4
4437,15.0724,,159,86,13
4438,15.0756,,158,86,12.8
4439,15.079,,158,87,12.6
4440,15.0824,,159,87,12.6
4441,15.0858,,159,88,12.2
4442,15.0891,,158,88,11.8
4443,15.0923,,158,88,11.4
4444,15.0956,,158,88,11
4445,15.0984,,158,88,10.2
4446,15.1018,,158,88,10.6
4447,15.1052,,158,88,10.8
4448,15.1087,,158,88,10.4
4449,15.112,,158,88,10.6
4450,15.1152,,158,88,10.2
4451,15.1185,,157,87,10.2
4452,15.1218,,157,86,10.2
4453,15.1252,,157,86,10.2
4454,15.1283,,157,87,10.2
4455,15.1316,,157,86,9.8
4456,15.135,,156,86,10
4457,15.1381,,156,86,10
4458,15.1413,,156,86,9.8
4459,15.1446,,156,86,10
4460,15.1478,,156,87,9.6
4461,15.151,,156,87,9.2
4462,15.1541,,156,86,9.2
4463,15.1575,,156,86,9.6
4464,15.1608,,156,86,9.6
4465,15.1641,,157,85,9.6
4466,15.1675,,156,86,9.8
4467,15.1707,,157,86,10
4468,15.1737,,157,86,9.6
4469,15.177,,157,86,9.4
4470,15.1802,,156,86,9
4471,15.1834,,157,86,9.2
4472,15.1867,,157,86,9
4473,15.1898,,156,86,9.2
4474,15.1928,,156,87,9.8
4475,15.1959,,156,87,9.8
4476,15.1989,,157,86,9.8
4477,15.202,,156,86,10.2
4478,15.205,,156,87,10.2
4479,15.2082,,156,87,10.2
4480,15.2114,,156,87,10.8
4481,15.2144,,157,87,10.8
4482,15.2172,,156,86,11.2
4483,15.2198,,157,85,11.4
4484,15.222,,156,85,11.6
4485,15.2248,,156,84,11.8
4486,15.2276,,156,84,11.8
4487,15.2305,,157,86,12.2
4488,15.2335,,157,89,12.4
4489,15.2366,,157,88,12.4
4490,15.2394,,157,87,12.4
4491,15.2423,,157,86,12.4
4492,15.2451,,156,86,12.6
4493,15.2479,,156,87,12.8
4494,15.251,,156,88,12.6
4495,15.2542,,156,88,12.8
4496,15.257,,156,88,12.4
4497,15.2599,,156,88,12
4498,15.2628,,155,87,11.8
4499,15.2657,,155,87,11.8
4500,15.2688,,155,87,11.8
4501,15.2715,,155,87,11.6
4502,15.2747,,155,88,11.8
4503,15.2776,,154,88,11.4
4504,15.2803,,154,87,11.4
4505,15.2833,,154,87,11.2
4506,15.2861,,154,87,11
4507,15.2888,,154,88,10.6
4508,15.292,,153,88,11.2
4509,15.2949,,153,88,11.2
4510,15.298,,153,88,11.4
4511,15.3012,,153,88,11.2
4512,15.3043,,153,87,11
4513,15.3074,,154,87,10.6
4514,15.3107,,154,87,11
4515,15.3137,,154,87,10.6
4516,15.3167,,154,87,10.4
4517,15.32,,155,87,10
4518,15.3228,,155,87,9.8
4519,15.3256,,155,87,9.8
4520,15.3288,,155,87,9.8
4521,15.3321,,155,88,9.8
4522,15.3353,,155,88,9.8
4523,15.3386,,156,87,9.8
4524,15.3417,,156,87,9.4
4525,15.345,,156,86,9.8
4526,15.3487,,156,86,10
4527,15.3525,,156,87,9.6
4528,15.3563,,156,88,9.6
4529,15.3598,,155,87,9.4
4530,15.3632,,155,86,9.4
4531,15.3668,,156,86,9.6
4532,15.37,,156,87,9.6
4533,15.3731,,156,86,9.2
4534,15.3766,,156,86,9.6
4535,15.3798,,156,86,9.6
4536,15.3832,,156,86,10.2
4537,15.3867,,156,86,10.4
4538,15.3899,,156,87,10.6
4539,15.393,,156,86,10.6
4540,15.3962,,156,86,10.8
4541,15.3994,,155,86,11.2
4542,15.4025,,155,86,11.4
4543,15.4056,,156,86,11.6
4544,15.4086,,156,86,11.4
4545,15.412,,155,86,11.6
4546,15.4158,,155,86,12.2
4547,15.4189,,155,86,12.2
4548,15.4221,,156,86,12.4
4549,15.4253,,156,86,12.6
4550,15.4286,,155,85,12.8
4551,15.4317,,156,85,12.6
4552,15.4349,,156,86,12.8
4553,15.4385,,156,86,12.8
4554,15.442,,156,85,13
4555,15.4452,,156,85,13
4556,15.4485,,156,86,13
4557,15.4516,,157,86,13
4558,15.455,,157,86,13
4559,15.4585,,157,86,12.8
4560,15.4616,,157,86,12.8
4561,15.4644,,158,87,12.6
4562,15.4675,,157,86,12.6
4563,15.4705,,158,86,12.6
4564,15.4737,,158,86,12.6
4565,15.4768,,158,86,12
4566,15.4797,,159,85,11.8
4567,15.483,,159,85,11.6
4568,15.4862,,158,86,11.4
4569,15.4893,,159,86,11.2
4570,15.4924,,159,86,11.2
4571,15.4956,,159,85,11.2
4572,15.4986,,160,84,11.2
4573,15.5021,,160,85,11.2
4574,15.5052,,159,86,11.2
4575,15.5081,,159,86,11
4576,15.5111,,159,86,10.8
4577,15.5141,,159,86,10.8
4578,15.5173,,159,86,10.8
4579,15.5201,,158,86,10.8
4580,15.5233,,158,86,11.2
4581,15.5261,,157,86,11
4582,15.5287,,157,86,10.6
4583,15.5318,,157,84,10.4
4584,15.5351,,157,85,10.8
4585,15.5382,,157,85,11
4586,15.5409,,157,85,10.8
4587,15.5441,,156,85,11
4588,15.5473,,156,86,11.2
4589,15.5504,,156,87,11.4
4590,15.5535,,156,87,11.6
4591,15.5564,,156,87,11.6
4592,15.5592,,156,87,11.4
4593,15.5621,,156,87,11.2
4594,15.5649,,156,87,11
4595,15.5679,,155,87,11.2
4596,15.5708,,156,86,11
4597,15.5741,,155,86,11.2
4598,15.5773,,155,86,11.4
4599,15.5804,,155,86,11.2
4600,15.5835,,155,86,11.2
4601,15.5864,,155,86,11.2
4602,15.5897,,155,86,11.4
4603,15.593,,155,87,11.6
4604,15.5963,,155,86,11.6
4605,15.5991,,155,86,11.4
4606,15.6021,,154,86,11.2
4607,15.6051,,154,86,11.2
4608,15.6081,,155,86,11
4609,15.6108,,155,87,10.8
4610,15.6139,,155,86,10.8
4611,15.617,,155,87,11
4612,15.6204,,155,87,11
4613,15.6235,,155,87,11.2
4614,15.6268,,156,87,11.2
4615,15.6296,,156,87,10.8
4616,15.6327,,156,87,10.8
4617,15.6357,,156,86,10.4
4618,15.6386,,156,86,10.4
4619,15.6412,,156,86,10
4620,15.6437,,156,86,9.8
4621,15.6466,,157,86,9.6
4622,15.6492,,157,86,9.4
4623,15.6524,,157,85,10
4624,15.655,,157,85,10
4625,15.6577,,157,85,10.2
4626,15.66,,157,84,10.2
4627,15.6622,,157,83,10
4628,15.664,,157,83,10
4629,15.6649,,156,0,10
4630,15.6659,,156,48,9.8
4631,15.6671,,156,51,10
4632,15.6678,,156,51,10
4633,15.6678,,156,59,10
4634,15.6679,,156,59,10
4635,15.6679,,156,0,10
4636,15.6685,,155,0,10
4637,15.6687,,155,0,10
4638,15.6689,,155,0,10.2
4639,15.6691,,156,0,10.2
4640,15.6692,,155,0,10.2
4641,15.6693,,155,0,10.2
4642,15.6693,,155,0,10.2
4643,15.6696,,155,0,10.4
4644,15.6698,,156,0,10.4
4645,15.6704,,156,0,10.2
4646,15.6704,,156,0,10.2
4647,15.6704,,155,0,10
4648,15.6716,,155,67,9.8
4649,15.6734,,154,71,9.8
4650,15.6763,,154,80,9.8
4651,15.6786,,154,81,9.6
4652,15.6815,,154,81,9.6
4653,15.6846,,154,80,9.6
4654,15.6882,,153,82,9.6
4655,15.6917,,153,86,10
4656,15.6954,,153,85,10.2
4657,15.6992,,152,85,10.4
4658,15.7027,,151,85,10.6
4659,15.7062,,151,85,10.8
4660,15.7093,,150,85,11
4661,15.7124,,150,85,11.4
4662,15.7153,,148,85,11.4
4663,15.7182,,147,85,11.4
4664,15.7212,,147,85,11.4
4665,15.7244,,146,85,11.8
4666,15.7276,,146,86,12
4667,15.7309,,145,86,12.2
4668,15.7344,,145,86,12.6
4669,15.7375,,145,86,12.8
4670,15.7407,,146,86,13.2
4671,15.7432,,145,86,12.8
4672,15.7464,,146,87,13.2
4673,15.7496,,146,86,13.4
4674,15.7526,,146,86,13.4
4675,15.7553,,146,86,13.4
4676,15.758,,146,86,13.2
4677,15.7609,,147,85,13.2
4678,15.7638,,147,85,13.2
4679,15.7668,,147,85,13.6
4680,15.7697,,147,85,13.6
4681,15.7728,,147,85,13.6
4682,15.7758,,147,86,13.4
4683,15.7787,,147,86,13.4
4684,15.782,,147,86,13.4
4685,15.7854,,147,86,13.6
4686,15.7887,,148,86,13.8
4687,15.7917,,148,86,13.8
4688,15.7949,,147,86,13.8
4689,15.7981,,148,86,14
4690,15.8009,,147,85,13.8
4691,15.8038,,148,85,13.6
4692,15.8069,,148,85,14.4
4693,15.8096,,147,85,14.2
4694,15.8124,,148,85,14.2
4695,15.8155,,148,85,14.4
4696,15.8184,,148,85,14.6
4697,15.8208,,148,85,14.2
4698,15.8239,,148,85,14.4
4699,15.8269,,148,85,14.4
4700,15.8298,,148,84,14.4
4701,15.8331,,148,85,14.6
4702,15.8363,,148,85,14.8
4703,15.8394,,149,85,14.8
4704,15.8425,,149,85,15
4705,15.8458,,149,85,15.2
4706,15.8491,,149,85,15.2
4707,15.8524,,149,85,15
4708,15.8556,,149,85,15.2
4709,15.8589,,149,85,15.2
4710,15.8621,,150,85,15.2
4711,15.8653,,150,84,16.2
4712,15.8686,,150,84,16.2
4713,15.8716,,151,84,16
4714,15.8748,,151,85,16.8
4715,15.8779,,151,85,17.4
4716,15.881,,151,85,18.2
4717,15.8843,,152,84,18.2
4718,15.8875,,151,85,17.6
4719,15.8907,,151,85,17.6
4720,15.894,,151,86,18
4721,15.8972,,151,87,18.2
4722,15.9006,,151,86,18.2
4723,15.9038,,151,87,18
4724,15.9069,,151,87,18
4725,15.9103,,151,87,17.4
4726,15.9136,,151,86,16.8
4727,15.9168,,151,85,17.4
4728,15.92,,151,85,17.6
4729,15.923,,152,85,18
4730,15.9262,,151,85,18
4731,15.9293,,151,86,18.2
4732,15.9323,,151,85,18.4
4733,15.9354,,151,85,18.6
4734,15.9384,,151,86,18.6
4735,15.9415,,151,87,18.8
4736,15.9445,,151,87,18.6
4737,15.9476,,152,86,18.6
4738,15.9506,,152,86,18.8
4739,15.9536,,152,86,18.6
4740,15.9567,,152,86,18.6
4741,15.9598,,152,86,18.6
4742,15.9629,,152,86,18
4743,15.9659,,153,86,18.2
4744,15.9689,,153,86,18
4745,15.9721,,153,86,17.8
4746,15.9753,,153,86,17.8
4747,15.9783,,153,86,17.4
4748,15.9815,,154,86,17.4
4749,15.9848,,154,86,17.2
4750,15.9881,,154,86,17.2
4751,15.9915,,154,86,17
4752,15.9948,,154,86,17
4753,15.9981,,154,86,16.4
4754,16.0012,,154,86,16.6
4755,16.0041,,154,86,16.4
4756,16.0071,,154,85,16.6
4757,16.0101,,154,85,16.8
4758,16.0132,,154,85,16.8
4759,16.0163,,154,86,17
4760,16.0195,,155,85,17.2
4761,16.0227,,154,85,17.4
4762,16.0259,,155,86,17.8
4763,16.0291,,155,86,18
4764,16.0322,,154,87,18
4765,16.0354,,154,87,18.4
4766,16.0385,,154,87,18.2
4767,16.0418,,155,87,18.6
4768,16.0447,,154,87,19
4769,16.0478,,155,86,19.2
4770,16.051,,154,87,19.4
4771,16.0546,,154,87,19.2
4772,16.0581,,154,87,18.8
4773,16.0613,,154,87,19
4774,16.0643,,154,86,19
4775,16.0672,,154,85,19.2
4776,16.0701,,154,86,19.2
4777,16.0731,,154,86,18.4
4778,16.0764,,154,86,18.2
4779,16.0795,,154,85,17.8
4780,16.0826,,154,85,17.8
4781,16.0855,,155,86,17.4
4782,16.0885,,153,86,17
4783,16.0915,,153,86,16.8
4784,16.0943,,154,86,16.6
4785,16.0976,,154,86,16
4786,16.1006,,154,86,15.6
4787,16.1036,,154,86,14.8
4788,16.1067,,154,86,14.2
4789,16.1099,,154,86,13.8
4790,16.1133,,154,86,13.2
4791,16.1165,,154,86,13
4792,16.1195,,154,86,12.8
4793,16.1224,,154,86,13
4794,16.1253,,154,86,12.8
4795,16.1283,,153,86,12.6
4796,16.1314,,153,86,12.4
4797,16.1342,,153,86,12.2
4798,16.137,,153,85,11.6
4799,16.14,,153,85,11.2
4800,16.143,,152,85,11.2
4801,16.1461,,153,85,10.8
4802,16.1493,,152,85,10.8
4803,16.1523,,152,85,10.4
4804,16.1551,,152,85,10.4
4805,16.158,,152,85,10.2
4806,16.1609,,152,85,10.2
4807,16.164,,152,87,10.4
4808,16.167,,152,89,10.2
4809,16.17,,152,90,10.2
4810,16.1733,,152,90,10
4811,16.1764,,152,89,10
4812,16.1796,,151,89,9.8
4813,16.1828,,152,88,10.4
4814,16.186,,152,89,10.6
4815,16.1893,,152,89,10.6
4816,16.1922,,152,89,11.4
4817,16.1952,,151,89,11.4
4818,16.1984,,152,88,12
4819,16.2016,,151,87,12.6
4820,16.2048,,152,87,12.8
4821,16.2081,,152,87,13.4
4822,16.2114,,151,88,13.4
4823,16.2145,,151,88,13.8
4824,16.2177,,152,89,14.2
4825,16.2209,,151,88,14.6
4826,16.2241,,152,88,14.8
4827,16.2272,,152,88,14.8
4828,16.2304,,152,88,15
4829,16.2336,,152,88,15
4830,16.237,,152,88,15.4
4831,16.2404,,152,88,15.4
4832,16.2437,,153,88,15.4
4833,16.247,,152,88,15.8
4834,16.2501,,153,87,15.8
4835,16.2533,,153,88,15.6
4836,16.2564,,153,88,15.6
4837,16.2597,,153,88,15.6
4838,16.263,,153,88,15.2
4839,16.2664,,154,88,15.2
4840,16.2697,,154,88,15.2
4841,16.273,,153,88,15
4842,16.2764,,154,88,15
4843,16.2797,,154,88,15
4844,16.2827,,154,88,15
4845,16.2857,,154,88,14.8
4846,16.289,,155,88,14.8
4847,16.2922,,155,88,14.8
4848,16.2954,,155,87,14.6
4849,16.2987,,155,87,14.8
4850,16.3021,,155,87,14.8
4851,16.3054,,155,88,14.8
4852,16.3084,,155,87,14.6
4853,16.3116,,155,87,14.6
4854,16.3147,,154,88,14.4
4855,16.3178,,154,88,14.6
4856,16.3204,,154,89,14.8
4857,16.3234,,154,89,15.4
4858,16.3265,,154,88,15.6
4859,16.3297,,154,87,15.4
4860,16.3327,,154,87,15.6
4861,16.3358,,154,87,15.8
4862,16.3387,,154,86,15.8
4863,16.3417,,154,86,16
4864,16.3448,,154,86,15.8
4865,16.3481,,153,85,15.6
4866,16.3511,,153,85,15.4
4867,16.3541,,153,85,15.4
4868,16.3572,,153,85,15.6
4869,16.3606,,153,86,15.8
4870,16.364,,153,86,15.6
4871,16.3672,,153,86,16.2
4872,16.3704,,153,86,16
4873,16.3737,,152,86,16
4874,16.3767,,152,86,15.8
4875,16.3797,,152,87,15.8
4876,16.3828,,152,87,15.6
4877,16.3859,,152,87,15.8
4878,16.3891,,152,87,15.4
4879,16.3922,,152,87,15.2
4880,16.3952,,151,87,15.2
4881,16.3982,,151,88,14.8
4882,16.4012,,152,88,14.6
4883,16.4046,,151,87,14.6
4884,16.4079,,151,87,14
4885,16.4112,,151,87,13.8
4886,16.4144,,150,87,13.8
4887,16.4176,,150,87,13.4
4888,16.4207,,150,87,13.4
4889,16.4238,,150,87,13.2
4890,16.427,,150,87,13.2
4891,16.4301,,149,87,13.2
4892,16.4332,,149,87,13.2
4893,16.4363,,150,87,13.2
4894,16.4394,,150,88,13.2
4895,16.4426,,150,88,12.8
4896,16.4458,,150,88,13.4
4897,16.4493,,150,88,13.2
4898,16.4525,,150,88,13.2
4899,16.4557,,150,88,13.4
4900,16.4586,,150,88,13.4
4901,16.4615,,150,88,13.4
4902,16.4646,,149,88,13
4903,16.4676,,149,88,12.8
4904,16.4707,,150,87,12.6
4905,16.4741,,150,88,12.4
4906,16.4774,,149,89,12.4
4907,16.4809,,149,88,11.8
4908,16.4843,,150,88,11.6
4909,16.4875,,149,87,11.2
4910,16.4909,,149,87,11
4911,16.4941,,149,88,11.2
4912,16.4972,,149,88,10.8
4913,16.5004,,149,87,10.8
4914,16.5038,,149,87,10.6
4915,16.5069,,149,87,10.4
4916,16.5099,,149,87,10.2
4917,16.513,,149,87,10
4918,16.5165,,149,87,9.8
4919,16.52,,149,87,9.2
4920,16.5233,,149,87,9.2
4921,16.5265,,149,87,8.2
4922,16.5297,,150,86,8
4923,16.5328,,150,86,7.8
4924,16.536,,150,86,7.6
4925,16.5398,,150,87,7.4
4926,16.5436,,150,88,7.4
4927,16.5471,,150,88,7.4
4928,16.5505,,150,88,7.2
4929,16.554,,150,87,6.8
4930,16.5575,,150,85,6.6
4931,16.5608,,150,85,6.4
4932,16.5641,,150,86,6.2
4933,16.5673,,151,86,5.8
4934,16.5702,,151,86,5.8
4935,16.5733,,151,86,5.8
4936,16.5763,,151,86,5.8
4937,16.5794,,151,86,5.6
4938,16.5824,,150,86,6.2
4939,16.5856,,150,86,6
4940,16.5887,,150,86,6.2
4941,16.5918,,149,87,6.6
4942,16.5948,,149,87,6.8
4943,16.5976,,149,88,7.2
4944,16.6004,,149,88,7
4945,16.6031,,149,88,7
4946,16.606,,149,87,7.2
4947,16.609,,149,87,7.6
4948,16.6122,,149,87,7.4
4949,16.6155,,149,87,7.6
4950,16.6187,,149,88,7.6
4951,16.6221,,149,88,7.6
4952,16.6254,,149,88,7.8
4953,16.6285,,149,87,7.6
4954,16.6316,,150,87,7.8
4955,16.6347,,150,87,7.8
4956,16.6378,,150,87,7.8
4957,16.641,,150,88,7.6
4958,16.6445,,151,88,7.4
4959,16.6478,,150,87,7
4960,16.6507,,151,88,6.8
4961,16.6535,,151,88,6.6
4962,16.6564,,151,87,6.2
4963,16.6594,,151,87,5.8
4964,16.6629,,151,87,5.4
4965,16.6663,,152,87,5.2
4966,16.6694,,152,87,5
4967,16.6725,,152,87,4.8
4968,16.6757,,152,87,4.6
4969,16.6785,,152,87,4.4
4970,16.6815,,152,87,4.2
4971,16.6847,,152,87,4
4972,16.6881,,152,88,4
4973,16.6916,,153,88,3.8
4974,16.695,,153,88,3.6
4975,16.6979,,153,88,3.4
4976,16.7012,,154,87,3.6
4977,16.7047,,154,87,3.4
4978,16.7083,,154,87,3.4
4979,16.7116,,154,87,3.6
4980,16.7148,,155,87,3.8
4981,16.7181,,155,87,4.2
4982,16.7216,,155,87,4
4983,16.7249,,155,87,3.8
4984,16.7284,,155,88,4.4
4985,16.7318,,155,87,4.6
4986,16.7349,,155,87,4.8
4987,16.7381,,156,87,5.2
4988,16.7416,,155,88,5.2
4989,16.745,,155,88,5.2
4990,16.7483,,156,88,5.2
4991,16.7515,,156,88,5.6
4992,16.7549,,156,87,5.8
4993,16.7581,,156,87,6
4994,16.7611,,156,88,6.4
4995,16.7643,,156,88,7
4996,16.7675,,156,88,7.2
4997,16.7708,,156,88,7.4
4998,16.774,,156,88,7
4999,16.7769,,156,88,7
5000,16.7798,,156,88,7.2
5001,16.7829,,155,88,7.2
5002,16.7856,,155,88,7.4
5003,16.7884,,155,88,8.2
5004,16.7915,,155,88,8.2
5005,16.7944,,155,87,8.4
5006,16.7975,,154,87,8.2
5007,16.8006,,154,87,8.6
5008,16.8037,,155,87,8.4
5009,16.8069,,155,88,8.6
5010,16.8101,,155,88,8.2
5011,16.8132,,155,87,8.2
5012,16.8165,,155,86,8
5013,16.8197,,155,87,8
5014,16.8229,,155,87,8
5015,16.8261,,156,87,8
5016,16.8294,,155,87,7.8
5017,16.8326,,156,87,7.8
5018,16.8357,,156,87,8
5019,16.8387,,156,87,8
5020,16.842,,156,87,8.2
5021,16.8454,,156,87,8.2
5022,16.8484,,156,88,8.2
5023,16.8515,,156,88,8.2
5024,16.8546,,156,87,8
5025,16.8578,,156,88,8
5026,16.8607,,156,88,8
5027,16.8641,,156,88,7.4
5028,16.8672,,156,88,7.6
5029,16.8706,,156,88,7.6
5030,16.8742,,156,88,7.8
5031,16.8776,,156,88,8.4
5032,16.881,,156,88,8.4
5033,16.8846,,156,88,8.8
5034,16.8879,,156,88,9.2
5035,16.8912,,156,88,9
5036,16.8943,,156,88,8.8
5037,16.8972,,156,88,9
5038,16.8998,,156,88,8.8
5039,16.9026,,156,89,8.4
5040,16.9059,,156,89,8.6
5041,16.909,,156,89,9
5042,16.9123,,156,89,9.4
5043,16.9153,,156,89,9.8
5044,16.9186,,156,89,9.6
5045,16.9218,,156,89,9.4
5046,16.9252,,155,88,9
5047,16.9283,,155,89,8.8
5048,16.9317,,155,89,8.8
5049,16.9346,,155,89,8.8
5050,16.9373,,155,89,8.6
5051,16.9403,,155,89,8.8
5052,16.9436,,155,89,8.8
5053,16.9466,,155,89,8.8
5054,16.9497,,155,89,9.4
5055,16.9529,,155,89,9.8
5056,16.9559,,155,89,10
5057,16.959,,154,89,10
5058,16.9624,,154,88,9.6
5059,16.9655,,154,89,9.6
5060,16.9689,,154,89,9.6
5061,16.9725,,154,89,9.4
5062,16.9759,,154,89,9.2
5063,16.9792,,154,89,9.2
5064,16.9825,,154,89,8.8
5065,16.9857,,154,90,8.8
5066,16.9889,,154,89,8.8
5067,16.9923,,154,89,8.6
5068,16.9956,,154,88,8.2
5069,16.999,,154,87,8.2
5070,17.0023,,153,88,7.6
5071,17.0053,,153,93,7.8
5072,17.0083,,153,89,8
5073,17.0112,,153,88,9
5074,17.0145,,153,88,9.2
5075,17.0176,,153,88,9.6
5076,17.0208,,153,88,9.4
5077,17.0239,,154,90,9.2
5078,17.0273,,154,90,9.2
5079,17.0307,,153,89,9
5080,17.0341,,154,89,8.8
5081,17.0372,,154,88,8.6
5082,17.04,,153,87,8.8
5083,17.0431,,153,86,8
5084,17.0461,,153,87,7.2
5085,17.0492,,153,87,6.8
5086,17.0523,,154,87,6.4
5087,17.0552,,153,87,6
5088,17.0583,,153,87,5.6
5089,17.0614,,153,87,5.4
5090,17.0645,,153,87,5
5091,17.0677,,154,87,4.6
5092,17.0707,,154,86,4
5093,17.0736,,154,87,3.8
5094,17.0768,,153,87,3.4
5095,17.08,,154,87,3.2
5096,17.0832,,153,87,2.8
5097,17.0866,,153,87,2.6
5098,17.09,,153,87,2.2
5099,17.0933,,153,88,2
5100,17.0964,,153,88,2.4
5101,17.0997,,153,88,2.2
5102,17.1033,,153,87,2.2
5103,17.1065,,153,87,1.8
5104,17.1095,,154,87,1.6
5105,17.1125,,154,87,1.4
5106,17.1156,,154,87,1.6
5107,17.1187,,154,87,1.4
5108,17.1218,,154,87,1.2
5109,17.1251,,154,87,1
5110,17.1281,,153,88,1
5111,17.1311,,154,88,1.2
5112,17.134,,153,88,1.2
5113,17.1368,,153,88,1
5114,17.1396,,153,88,1
5115,17.1427,,153,87,1.2
5116,17.1459,,153,87,1
5117,17.149,,153,87,1.4
5118,17.1521,,153,87,1.4
5119,17.1551,,153,87,1
5120,17.1579,,153,87,1.6
5121,17.1607,,153,87,2
5122,17.1634,,153,87,2.2
5123,17.1666,,153,87,2.6
5124,17.1695,,152,87,2.8
5125,17.1724,,153,87,3.2
5126,17.1754,,153,87,4
5127,17.1783,,153,87,4
5128,17.1811,,153,87,4
5129,17.1842,,153,88,4.2
5130,17.1872,,153,88,4.2
5131,17.1905,,153,89,4.6
5132,17.1938,,153,89,4.8
5133,17.197,,154,89,4.8
5134,17.2004,,154,89,5.4
5135,17.2036,,154,89,5.4
5136,17.2068,,154,89,5.8
5137,17.2097,,154,89,5.8
5138,17.213,,154,88,6
5139,17.2168,,154,88,5.8
5140,17.2203,,154,88,5.8
5141,17.2236,,154,88,5.6
5142,17.2267,,155,89,5.2
5143,17.2302,,154,88,4.6
5144,17.2343,,154,88,4
5145,17.2382,,154,89,4
5146,17.2416,,154,88,4.4
5147,17.2447,,154,88,4.4
5148,17.2479,,154,88,5
5149,17.251,,154,89,5
5150,17.2543,,154,88,4.8
5151,17.2577,,154,88,4.8
5152,17.2609,,154,88,4.6
5153,17.264,,154,88,4.8
5154,17.2672,,154,88,4.4
5155,17.2697,,154,89,5.2
5156,17.2726,,154,88,5.4
5157,17.2755,,154,88,5
5158,17.2784,,154,88,4.8
5159,17.2818,,154,88,5.2
5160,17.2852,,154,88,5.4
5161,17.2885,,153,88,6
5162,17.2916,,154,87,6
5163,17.2942,,154,87,6.6
5164,17.2974,,154,88,6.8
5165,17.3006,,154,88,6.2
5166,17.3036,,155,88,5.8
5167,17.307,,155,88,5.6
5168,17.3104,,154,88,5
5169,17.3137,,155,88,5.2
5170,17.3169,,155,87,5.6
5171,17.3199,,155,87,5.4
5172,17.3231,,154,87,5.2
5173,17.3262,,154,88,5.2
5174,17.3292,,154,88,5.2
5175,17.3324,,155,88,5.4
5176,17.3355,,154,88,5.2
5177,17.3389,,155,88,5
5178,17.3421,,155,88,5.2
5179,17.3452,,154,88,5.2
5180,17.3488,,154,88,5.2
5181,17.3523,,154,87,5
5182,17.3555,,154,87,5.2
5183,17.3585,,154,87,5
5184,17.3617,,154,87,4.6
5185,17.365,,154,87,4.2
5186,17.3684,,154,87,3.8
5187,17.3719,,154,87,3.4
5188,17.3752,,154,86,3.2
5189,17.3781,,153,85,3.4
5190,17.3812,,153,85,3.6
5191,17.3842,,153,86,3.8
5192,17.3874,,153,86,3.6
5193,17.3906,,153,85,3.4
5194,17.3936,,153,86,3.4
5195,17.3968,,153,86,3.4
5196,17.4001,,153,86,2.8
5197,17.4032,,153,86,2.8
5198,17.4062,,154,87,2.8
5199,17.4093,,154,87,2.8
5200,17.4124,,154,87,3.2
5201,17.4152,,154,87,3.8
5202,17.4182,,154,86,3.8
5203,17.4212,,154,86,3.6
5204,17.4245,,154,85,3.4
5205,17.4279,,154,86,3.2
5206,17.4311,,154,86,3
5207,17.4346,,154,87,3
5208,17.4376,,154,88,2.8
5209,17.4409,,154,87,2.4
5210,17.4442,,154,87,2
5211,17.4473,,154,87,1.8
5212,17.4502,,154,87,2.4
5213,17.4529,,154,87,2.4
5214,17.4557,,154,87,2.2
5215,17.4586,,153,87,2.4
5216,17.4616,,154,87,2.4
5217,17.465,,153,87,2.4
5218,17.4682,,154,86,2.2
5219,17.4715,,154,86,2.8
5220,17.4746,,154,86,2.4
5221,17.4777,,153,86,2.8
5222,17.4807,,153,86,2.2
5223,17.4834,,153,86,2.4
5224,17.4865,,153,86,2.8
5225,17.4893,,154,87,3.2
5226,17.4921,,153,86,3.8
5227,17.4949,,153,86,4.2
5228,17.4977,,153,86,4.6
5229,17.4999,,153,86,5.8
5230,17.5025,,153,86,6.8
5231,17.5058,,153,86,7
5232,17.5088,,153,86,7.8
5233,17.5118,,153,85,8.4
5234,17.5153,,153,86,8.6
5235,17.519,,153,86,8.6
5236,17.5226,,153,87,8.8
5237,17.5262,,152,87,8.8
5238,17.5297,,153,87,8.8
5239,17.533,,152,88,8.8
5240,17.5363,,153,87,9
5241,17.5396,,152,87,9.2
5242,17.5428,,152,87,9.4
5243,17.5457,,152,87,9.6
5244,17.5487,,152,87,9.4
5245,17.552,,152,87,10
5246,17.5556,,153,87,10.2
5247,17.5589,,152,87,10
5248,17.5621,,152,86,10
5249,17.5652,,153,87,10.2
5250,17.5682,,152,87,10.4
5251,17.5712,,153,87,10.6
5252,17.5742,,152,87,10.6
5253,17.5772,,152,87,11
5254,17.5804,,152,87,11.2
5255,17.5836,,152,87,11.4
5256,17.5867,,153,87,11.4
5257,17.5897,,153,86,11.2
5258,17.5929,,153,86,10.8
5259,17.5961,,153,86,10.6
5260,17.5991,,154,87,10.2
5261,17.602,,153,87,9.8
5262,17.6051,,153,87,9.6
5263,17.6086,,153,87,9.6
5264,17.6118,,153,87,9.4
5265,17.6147,,154,87,9.2
5266,17.6176,,153,86,9.2
5267,17.6206,,153,87,9.2
5268,17.6238,,152,87,9.4
5269,17.6271,,152,87,9.6
5270,17.6304,,152,87,9.8
5271,17.6337,,153,86,10
5272,17.6371,,153,86,10
5273,17.6406,,152,86,10.2
5274,17.6437,,153,86,10.2
5275,17.6468,,153,86,10.2
5276,17.6498,,153,86,10.4
5277,17.6531,,153,86,10.2
5278,17.6565,,153,86,10.2
5279,17.6598,,152,86,10
5280,17.6632,,152,87,10.6
5281,17.6665,,152,87,10.8
5282,17.6701,,152,87,10.8
5283,17.6737,,153,87,10.8
5284,17.6771,,152,87,11
5285,17.6803,,153,87,11.2
5286,17.6835,,153,87,11.4
5287,17.6867,,152,87,11.6
5288,17.6897,,153,86,11.6
5289,17.6928,,153,86,11.8
5290,17.696,,153,87,11.6
5291,17.6989,,153,87,11.6
5292,17.702,,153,86,11.6
5293,17.7051,,153,86,11.6
5294,17.708,,153,87,11.4
5295,17.7109,,153,87,11.8
5296,17.714,,153,87,12
5297,17.7173,,152,87,12.2
5298,17.7203,,153,87,12.4
5299,17.7225,,152,88,12.8
5300,17.7252,,152,87,13.4
5301,17.7286,,152,86,13.8
5302,17.7319,,152,86,13.4
5303,17.7352,,152,86,13.2
5304,17.7385,,152,86,13.4
5305,17.7419,,152,86,13.2
5306,17.7452,,152,86,12.6
5307,17.7482,,152,87,12.4
5308,17.7511,,153,87,12.4
5309,17.7543,,153,86,12
5310,17.7573,,153,87,11.6
5311,17.7604,,153,87,11.6
5312,17.7635,,153,87,11.6
5313,17.7668,,153,87,11
5314,17.7696,,153,87,10.6
5315,17.7723,,153,87,10.4
5316,17.7749,,153,87,10.2
5317,17.7778,,153,87,9.8
5318,17.7808,,153,87,9.6
5319,17.7838,,153,87,9.8
5320,17.7867,,154,87,9.8
5321,17.7897,,154,87,10.2
5322,17.7928,,155,86,10.4
5323,17.7957,,155,86,10.8
5324,17.7984,,155,86,11.4
5325,17.8015,,155,86,11.2
5326,17.8045,,155,87,11
5327,17.8074,,155,86,11
5328,17.8103,,155,86,10.8
5329,17.8133,,155,86,10.8
5330,17.816,,155,86,10.8
5331,17.8192,,155,87,10.8
5332,17.8222,,155,87,11.2
5333,17.8255,,155,87,11.4
5334,17.8286,,155,87,11.4
5335,17.8317,,155,87,11.6
5336,17.8346,,155,87,11.8
5337,17.8375,,154,87,11.8
5338,17.8404,,154,87,11.8
5339,17.8437,,155,87,11.8
5340,17.8468,,154,86,12
5341,17.8499,,154,86,12
5342,17.8531,,155,86,12.2
5343,17.856,,154,86,12.4
5344,17.8592,,154,86,12.4
5345,17.8619,,154,86,12.8
5346,17.8648,,154,86,13
5347,17.8678,,154,86,13.2
5348,17.8706,,154,86,13.8
5349,17.8736,,153,85,14
5350,17.8766,,153,85,14.2
5351,17.8797,,153,85,14
5352,17.8825,,153,85,13.8
5353,17.8855,,153,85,14
5354,17.8885,,152,85,13.8
5355,17.8916,,152,85,13.8
5356,17.8946,,153,85,13.6
5357,17.898,,152,86,13.4
5358,17.9015,,152,86,13.2
5359,17.9048,,152,86,13.2
5360,17.908,,152,86,13.4
5361,17.9112,,152,86,13.4
5362,17.9146,,152,86,13.4
5363,17.918,,152,86,13.4
5364,17.9214,,152,86,13.6
5365,17.9247,,152,86,13.8
5366,17.9281,,151,86,13.8
5367,17.9314,,152,86,13.4
5368,17.9344,,152,86,13.4
5369,17.9375,,152,86,13.4
5370,17.9403,,152,86,13.4
5371,17.9434,,152,86,13.2
5372,17.9465,,151,86,13
5373,17.9496,,152,86,13
5374,17.9528,,151,86,12.8
5375,17.9559,,151,87,12.8
5376,17.9589,,152,87,12.8
5377,17.9618,,151,86,12.6
5378,17.9649,,151,86,12.4
5379,17.9677,,152,85,12.2
5380,17.9705,,151,85,12.4
5381,17.9736,,152,86,12
5382,17.9767,,152,86,12.4
5383,17.9799,,151,85,12
5384,17.9828,,151,84,11.8
5385,17.9859,,151,85,11.2
5386,17.9888,,151,85,10.4
5387,17.9916,,151,85,10.2
5388,17.9945,,150,85,10
5389,17.9974,,150,85,10.2
5390,18.0005,,150,84,10.2
5391,18.0037,,150,85,10
5392,18.0067,,150,85,10
5393,18.0097,,150,85,9.8
5394,18.0127,,149,85,9.8
5395,18.0157,,149,86,9.6
5396,18.0187,,149,85,10
5397,18.0219,,149,85,10
5398,18.025,,149,85,10
5399,18.028,,149,85,10.2
5400,18.031,,149,85,10.2
5401,18.0339,,150,85,10.2
5402,18.0367,,149,85,10.2
5403,18.039,,150,85,10.4
5404,18.0416,,150,85,10.8
5405,18.0441,,150,85,11
5406,18.047,,150,85,11
5407,18.05,,151,85,10.8
5408,18.053,,151,86,10.8
5409,18.0561,,151,86,11.2
5410,18.0589,,150,86,11.4
5411,18.0619,,151,85,11.6
5412,18.0648,,151,85,12
5413,18.0678,,152,86,12
5414,18.0706,,152,86,11.8
5415,18.0736,,152,86,11.6
5416,18.0768,,152,86,11.2
5417,18.0798,,153,86,11.2
5418,18.0828,,152,85,11.4
5419,18.0859,,152,86,11.6
5420,18.0889,,153,85,11.8
5421,18.0918,,153,85,11.4
5422,18.0947,,153,85,11.4
5423,18.0979,,153,85,11.8
5424,18.1011,,153,86,12
5425,18.1041,,153,85,11.8
5426,18.1072,,153,84,12.2
5427,18.1103,,153,85,12.4
5428,18.1135,,153,85,12
5429,18.1167,,153,85,12.4
5430,18.1199,,153,85,12.2
5431,18.123,,153,85,12
5432,18.1265,,153,85,12.4
5433,18.1296,,153,85,12.4
5434,18.1328,,152,85,13.2
5435,18.1355,,152,85,13.4
5436,18.1383,,152,85,13.8
5437,18.1412,,152,85,14.2
5438,18.144,,152,85,14.8
5439,18.1471,,152,85,15
5440,18.1502,,152,85,15
5441,18.1531,,151,85,15.4
5442,18.1558,,151,85,16
5443,18.1587,,152,86,16
5444,18.1618,,152,86,16
5445,18.1645,,152,86,16
5446,18.1674,,152,86,16.4
5447,18.1704,,151,86,16
5448,18.1733,,151,86,16.2
5449,18.1764,,151,86,15.8
5450,18.1793,,151,85,15.8
5451,18.1822,,150,85,15.6
5452,18.1849,,150,85,15.8
5453,18.1877,,150,85,15.4
5454,18.1907,,150,85,15.2
5455,18.1938,,150,84,15.8
5456,18.1968,,150,84,15.6
5457,18.1997,,150,84,15.8
5458,18.2026,,150,85,15.8
5459,18.2055,,150,85,15.6
5460,18.2083,,150,84,15.6
5461,18.2113,,150,84,15.6
5462,18.2145,,150,85,15.6
5463,18.2175,,150,85,15.4
5464,18.2205,,151,85,15.2
5465,18.2236,,151,85,15.4
5466,18.2267,,151,85,15.6
5467,18.2298,,151,87,15.6
5468,18.2328,,151,87,15.8
5469,18.2359,,151,87,15.8
5470,18.239,,151,86,16
5471,18.2421,,151,86,16.4
5472,18.2452,,151,85,16.6
5473,18.2482,,151,87,16.8
5474,18.2512,,151,87,17
5475,18.2541,,151,86,17
5476,18.2572,,151,86,17
5477,18.2601,,151,86,16.6
5478,18.2629,,151,86,16.6
5479,18.266,,151,85,16
5480,18.2689,,151,86,15.6
5481,18.2718,,151,86,14.8
5482,18.2748,,150,86,14.6
5483,18.2779,,150,86,14.2
5484,18.2806,,150,86,14
5485,18.2835,,150,86,14
5486,18.2866,,150,86,14
5487,18.2897,,150,86,13.4
5488,18.2928,,150,86,13.4
5489,18.2959,,150,86,13.2
5490,18.2992,,149,87,12.8
5491,18.3024,,150,87,12.8
5492,18.3055,,150,87,13
5493,18.3085,,150,86,13
5494,18.3115,,150,86,13
5495,18.3144,,150,86,13
5496,18.3174,,150,85,12.8
5497,18.3204,,150,84,12.6
5498,18.3231,,150,84,12.6
5499,18.326,,150,84,12.2
5500,18.329,,150,85,12
5501,18.3322,,150,85,12
5502,18.3354,,151,85,12.2
5503,18.3385,,151,86,12.2
5504,18.3414,,151,86,12.2
5505,18.3446,,151,85,12.4
5506,18.3476,,151,85,12.2
5507,18.3505,,151,85,11.8
5508,18.3533,,151,85,11.8
5509,18.3564,,151,86,11.4
5510,18.3593,,151,86,11
5511,18.3621,,150,87,11
5512,18.365,,151,87,11.2
5513,18.368,,150,87,11.2
5514,18.3708,,151,87,11.2
5515,18.3737,,150,87,11.4
5516,18.3766,,151,86,11.8
5517,18.3797,,151,85,12
5518,18.3827,,150,86,12.2
5519,18.3856,,150,86,12.4
5520,18.3886,,151,86,12.6
5521,18.3915,,151,86,12.8
5522,18.3944,,151,86,13.2
5523,18.3974,,151,86,13.6
5524,18.4004,,151,87,13.8
5525,18.4033,,152,86,14
5526,18.4064,,152,86,14.2
5527,18.4096,,152,87,14.2
5528,18.4129,,152,86,14.4
5529,18.416,,152,87,14.4
5530,18.419,,153,86,14.4
5531,18.4219,,152,87,14.8
5532,18.4247,,152,88,15.2
5533,18.4276,,152,87,15.2
5534,18.4304,,153,87,15.4
5535,18.4334,,153,86,15.6
5536,18.4365,,153,87,15.8
5537,18.4396,,153,87,15.8
5538,18.4427,,153,87,15.8
5539,18.4457,,153,86,15.8
5540,18.4485,,153,86,15.8
5541,18.4512,,153,88,16
5542,18.4538,,154,87,16.2
5543,18.4566,,153,87,16.4
5544,18.4595,,153,87,16.4
5545,18.4626,,153,87,16.8
5546,18.4656,,153,87,16.8
5547,18.4686,,152,87,17
5548,18.4716,,153,86,17
5549,18.4743,,153,86,17
5550,18.477,,153,86,17.2
5551,18.4798,,153,86,17.4
5552,18.4827,,153,86,17.2
5553,18.4857,,153,86,17.2
5554,18.4888,,153,86,17.2
5555,18.4921,,153,87,17.4
5556,18.4952,,153,87,17.6
5557,18.4984,,153,87,17.6
5558,18.5014,,153,87,17.6
5559,18.5044,,153,87,17.2
5560,18.5075,,154,86,17.4
5561,18.5107,,154,86,16.8
5562,18.514,,153,86,16.4
5563,18.5175,,153,86,15.8
5564,18.5211,,153,86,15.6
5565,18.5243,,153,86,15.6
5566,18.5274,,153,86,15.6
5567,18.5307,,153,86,15.6
5568,18.534,,152,87,15.4
5569,18.5372,,152,87,15.4
5570,18.5402,,152,88,15.4
5571,18.5431,,152,88,15.2
5572,18.5461,,152,88,15
5573,18.5492,,152,88,15
5574,18.5522,,152,88,15
5575,18.5552,,152,89,15
5576,18.5582,,152,90,14.8
5577,18.5611,,152,91,14.8
5578,18.5641,,153,92,14.6
5579,18.5673,,153,92,14.2
5580,18.5705,,153,92,14
5581,18.5736,,153,92,13.8
5582,18.5767,,153,92,13.6
5583,18.5798,,153,92,12.8
5584,18.5826,,153,92,12.6
5585,18.5855,,152,93,12.4
5586,18.5886,,152,92,12.6
5587,18.5918,,152,92,12.4
5588,18.5949,,152,91,12.4
5589,18.598,,152,91,12.4
5590,18.6014,,152,91,12.4
5591,18.6048,,153,91,12.2
5592,18.6082,,153,90,12.2
5593,18.6114,,153,90,12.6
5594,18.6145,,152,90,13
5595,18.6176,,152,90,13.2
5596,18.6209,,153,90,13.4
5597,18.6243,,153,90,13.8
5598,18.6276,,153,91,13.6
5599,18.6308,,153,91,13.8
5600,18.6341,,153,90,14
5601,18.6374,,153,90,14.4
5602,18.6406,,153,90,14.6
5603,18.6438,,153,90,14.8
5604,18.647,,153,90,15
5605,18.6503,,153,90,15
5606,18.6536,,153,90,15.2
5607,18.6568,,153,90,15.4
5608,18.66,,153,90,15.4
5609,18.6634,,153,90,15.2
5610,18.6667,,153,90,15.6
5611,18.67,,154,90,15.4
5612,18.6731,,154,91,15.4
5613,18.6763,,153,91,15.2
5614,18.6796,,153,91,15.2
5615,18.6827,,154,91,15.4
5616,18.6859,,154,92,15.8
5617,18.6892,,154,92,15.6
5618,18.6925,,154,92,15.6
5619,18.6955,,154,92,15.4
5620,18.6985,,153,92,15.2
5621,18.7016,,154,91,15
5622,18.7049,,153,91,14.6
5623,18.7081,,154,91,14.6
5624,18.7113,,153,91,14.6
5625,18.7142,,154,91,14.6
5626,18.7174,,154,91,14.8
5627,18.7206,,154,91,14.8
5628,18.7238,,154,90,15
5629,18.7269,,154,91,14.8
5630,18.7301,,154,91,15
5631,18.7333,,154,91,14.8
5632,18.7364,,154,91,14.6
5633,18.7396,,154,91,14.8
5634,18.7428,,154,91,14.4
5635,18.7459,,154,90,14.2
5636,18.749,,155,90,14.2
5637,18.752,,155,90,14.2
5638,18.7552,,155,90,14.2
5639,18.7584,,155,90,13.8
5640,18.7616,,155,90,13.6
5641,18.7647,,155,90,13.8
5642,18.768,,156,90,14
5643,18.7712,,156,91,14
5644,18.7744,,156,90,14
5645,18.7777,,156,91,14
5646,18.7808,,156,91,14
5647,18.7841,,157,91,14
5648,18.7874,,157,91,13.8
5649,18.7905,,157,91,13.6
5650,18.7938,,157,91,13.6
5651,18.7969,,158,91,13.6
5652,18.7999,,158,91,13.6
5653,18.8029,,157,90,13.8
5654,18.8059,,158,90,13.6
5655,18.8089,,158,90,13.2
5656,18.8118,,158,90,13
5657,18.8151,,158,90,12.6
5658,18.8184,,158,90,12.6
5659,18.8218,,158,90,12.4
5660,18.8249,,158,90,12.2
5661,18.8281,,158,90,12.2
5662,18.8313,,158,89,12.2
5663,18.8345,,158,89,12.2
5664,18.8376,,157,89,11.6
5665,18.8407,,157,89,11.6
5666,18.8438,,157,90,11.8
5667,18.847,,157,90,11.6
5668,18.8505,,157,90,11.8
5669,18.8537,,157,90,11.8
5670,18.8568,,157,90,11.8
5671,18.8601,,156,90,11.8
5672,18.8634,,156,90,11.6
5673,18.8666,,156,89,11.6
5674,18.8697,,156,89,11.8
5675,18.8727,,156,89,11.4
5676,18.8758,,156,89,11.6
5677,18.8789,,156,89,11.8
5678,18.8819,,156,90,12
5679,18.885,,156,90,12
5680,18.8881,,156,90,12.2
5681,18.8914,,156,91,12.6
5682,18.8946,,156,91,13
5683,18.8979,,156,91,13
5684,18.9011,,156,91,13.2
5685,18.9044,,156,90,13.4
5686,18.9076,,156,90,13.4
5687,18.9109,,155,90,14
5688,18.9141,,155,90,13.8
5689,18.9174,,156,89,14
5690,18.9205,,155,89,14
5691,18.9236,,155,90,14.2
5692,18.9269,,155,91,14.4
5693,18.9301,,155,91,14.2
5694,18.9331,,156,90,14.2
5695,18.9364,,156,90,14.6
5696,18.9397,,156,90,15
5697,18.9429,,156,89,14.8
5698,18.9461,,156,89,15
5699,18.9494,,156,89,15
5700,18.9528,,156,89,15.2
5701,18.9562,,155,90,14.8
5702,18.9594,,156,90,14.4
5703,18.9626,,155,90,14.4
5704,18.9654,,156,90,14.4
5705,18.9682,,156,90,14.4
5706,18.9711,,156,90,14.2
5707,18.9742,,156,90,14.2
5708,18.9776,,156,90,14.2
5709,18.9809,,156,90,14.4
5710,18.9841,,156,90,14.2
5711,18.9874,,157,90,14
5712,18.9905,,156,90,14
5713,18.9935,,156,90,14.2
5714,18.9962,,156,90,14
5715,18.9994,,156,90,14
5716,19.0023,,156,89,14
5717,19.0053,,157,89,13.8
5718,19.0079,,157,90,13.2
5719,19.0109,,157,89,13.4
5720,19.0141,,157,89,13.2
5721,19.0166,,157,89,12.8
5722,19.019,,157,89,12.6
5723,19.022,,157,89,12.6
5724,19.0254,,158,88,13
5725,19.0289,,158,88,13.4
5726,19.032,,158,88,13.4
5727,19.0352,,158,88,13.6
5728,19.0382,,158,88,13.4
5729,19.0415,,159,88,13.8
5730,19.0447,,159,88,13.4
5731,19.0481,,158,89,13.8
5732,19.0514,,159,88,14
5733,19.0545,,159,88,14
5734,19.0577,,159,89,14.2
5735,19.0608,,159,89,14
5736,19.0641,,159,89,14.2
5737,19.0675,,159,89,14.4
5738,19.071,,159,89,14.6
5739,19.0745,,158,89,14.8
5740,19.078,,158,89,15.2
5741,19.081,,159,89,15.4
5742,19.0842,,158,88,15.4
5743,19.0872,,158,88,15.2
5744,19.0904,,158,89,15.4
5745,19.0935,,158,89,15.6
5746,19.0965,,158,89,15.6
5747,19.0994,,158,89,15.8
5748,19.1023,,158,88,16
5749,19.1054,,158,88,16.2
5750,19.1085,,158,88,16
5751,19.1115,,157,88,16.2
5752,19.1144,,157,90,16.4
5753,19.1172,,157,90,16.2
5754,19.1204,,158,90,16.2
5755,19.1234,,157,90,16
5756,19.1265,,158,90,15.6
5757,19.1297,,157,89,15.6
5758,19.133,,157,88,15.6
5759,19.1362,,157,88,15.4
5760,19.1394,,158,88,15.4
5761,19.1424,,157,89,15.4
5762,19.1455,,157,89,15.6
5763,19.1487,,157,88,15.6
5764,19.1518,,157,88,15.4
5765,19.1549,,157,88,15.6
5766,19.1579,,157,88,15.2
5767,19.1609,,157,88,15
5768,19.1639,,156,88,14.8
5769,19.1672,,156,88,14.6
5770,19.1705,,156,88,14.6
5771,19.1736,,156,88,14.2
5772,19.1763,,156,89,13.6
5773,19.1793,,156,88,13.4
5774,19.1818,,156,88,13
5775,19.1848,,156,88,12.6
5776,19.1878,,156,87,12.4
5777,19.1907,,156,87,12
5778,19.1932,,156,87,11.6
5779,19.1959,,156,87,11.4
5780,19.1987,,156,87,11.6
5781,19.2015,,155,87,11.8
5782,19.2044,,155,87,11.8
5783,19.2072,,155,87,11.8
5784,19.2104,,155,87,11.8
5785,19.2135,,155,88,12.2
5786,19.2169,,155,88,12.4
5787,19.2201,,155,87,12.4
5788,19.2231,,155,87,12.6
5789,19.2262,,155,86,12.2
5790,19.2296,,155,87,12.2
5791,19.2329,,155,87,12.4
5792,19.2361,,155,87,12.8
5793,19.2389,,155,87,12.4
5794,19.242,,154,87,12.2
5795,19.2447,,155,87,11.4
5796,19.2477,,155,88,11.4
5797,19.2511,,155,88,11.6
5798,19.2538,,154,88,11.2
5799,19.2569,,154,88,11
5800,19.2596,,154,88,10.2
5801,19.2623,,154,88,9.8
5802,19.2651,,154,88,9.2
5803,19.268,,153,88,8.8
5804,19.2708,,153,87,8.2
5805,19.2738,,153,87,8
5806,19.2767,,153,88,7.8
5807,19.2797,,152,88,7.6
5808,19.2825,,152,88,7.4
5809,19.2853,,152,88,7.2
5810,19.2882,,152,88,7.4
5811,19.2913,,152,88,7.8
5812,19.2944,,153,88,7.6
5813,19.2976,,153,89,7.6
5814,19.3005,,153,89,7.6
5815,19.3036,,153,88,7.8
5816,19.3068,,153,89,8
5817,19.3099,,153,89,8
5818,19.3127,,154,89,8.2
5819,19.3158,,154,89,8
5820,19.3192,,154,89,8.4
5821,19.3222,,155,87,8.4
5822,19.3252,,155,87,8.6
5823,19.3283,,154,88,9
5824,19.3314,,154,87,9.2
5825,19.3342,,154,88,9
5826,19.3372,,155,88,9
5827,19.3404,,154,87,9
5828,19.3436,,154,87,9
5829,19.3466,,154,88,9.2
5830,19.3501,,154,87,9.4
5831,19.3534,,154,87,9.4
5832,19.3564,,155,87,9.4
5833,19.3595,,155,87,9.6
5834,19.363,,154,88,10.2
5835,19.3663,,154,88,10.2
5836,19.3698,,154,89,10.6
5837,19.3736,,154,89,10.8
5838,19.3773,,154,88,11
5839,19.3809,,154,88,11
5840,19.3841,,154,88,11.2
5841,19.3874,,154,89,11.2
5842,19.3907,,154,89,11.4
5843,19.394,,154,88,11.2
5844,19.3975,,154,88,11
5845,19.401,,153,88,10.8
5846,19.4043,,154,88,10.4
5847,19.4074,,153,87,10.4
5848,19.4105,,153,87,10.4
5849,19.4138,,154,88,10.2
5850,19.4169,,153,89,9.4
5851,19.42,,153,89,9.2
5852,19.4231,,154,89,9
5853,19.4262,,153,88,8.8
5854,19.429,,153,88,8.6
5855,19.4321,,153,88,8.6
5856,19.4352,,153,88,8.8
5857,19.4384,,153,88,9
5858,19.4415,,153,88,9.2
5859,19.4447,,153,88,9.6
5860,19.4478,,153,88,9.6
5861,19.4512,,154,89,9.8
5862,19.4544,,154,88,10.2
5863,19.4578,,154,89,10.6
5864,19.4612,,154,89,10.6
5865,19.4647,,154,89,10.6
5866,19.4681,,155,89,10.6
5867,19.4712,,154,89,10.8
5868,19.4745,,154,89,10.6
5869,19.4779,,154,89,10.4
5870,19.4814,,155,89,10.2
5871,19.4847,,155,89,10
5872,19.4881,,155,89,10
5873,19.4912,,155,89,10.4
5874,19.4943,,155,88,10.4
5875,19.4974,,155,88,10.2
5876,19.5005,,155,88,10.4
5877,19.5038,,154,88,10.6
5878,19.5072,,154,89,10.4
5879,19.5104,,154,89,10.8
5880,19.5137,,153,89,10.8
5881,19.5169,,153,88,10.6
5882,19.5202,,154,88,10.8
5883,19.5235,,154,88,11.6
5884,19.5267,,154,88,12
5885,19.5299,,154,89,12.2
5886,19.5331,,154,89,12.6
5887,19.5364,,154,90,12.4
5888,19.5399,,154,89,12.6
5889,19.5432,,155,89,12.8
5890,19.5463,,155,89,13
5891,19.5493,,155,87,12.8
5892,19.5523,,155,87,12.8
5893,19.5555,,155,87,12.8
5894,19.5585,,155,88,13.2
5895,19.5617,,155,88,13.2
5896,19.5649,,155,88,13.4
5897,19.568,,155,89,13.4
5898,19.5711,,154,89,13.6
5899,19.5744,,155,89,13.8
5900,19.5777,,154,88,14
5901,19.581,,154,88,14.2
5902,19.5841,,154,88,14.2
5903,19.5873,,155,88,14.2
5904,19.5904,,155,88,14.2
5905,19.5936,,154,88,14.4
5906,19.5967,,155,87,14.8
5907,19.5998,,155,87,15.2
5908,19.6027,,156,87,15
5909,19.6058,,156,87,15
5910,19.609,,156,88,14.8
5911,19.6121,,156,88,14.8
5912,19.6152,,157,87,15.2
5913,19.6182,,157,87,15.2
5914,19.6212,,157,87,15.4
5915,19.6241,,157,87,15.6
5916,19.6273,,158,87,15.8
5917,19.6304,,158,87,16
5918,19.6337,,158,87,16
5919,19.6367,,158,88,16.2
5920,19.6398,,158,88,16.2
5921,19.6431,,159,89,16
5922,19.646,,159,88,15.8
5923,19.6488,,158,88,15.2
5924,19.6517,,158,88,15.2
5925,19.6549,,159,87,15.4
5926,19.658,,158,87,15.2
5927,19.6609,,158,87,14.8
5928,19.6638,,158,87,15
5929,19.667,,158,87,15
5930,19.67,,158,87,14.8
5931,19.6729,,158,87,14.6
5932,19.6759,,159,87,14.8
5933,19.679,,159,87,14.8
5934,19.6821,,159,87,14.4
5935,19.6852,,158,87,14.2
5936,19.6883,,159,87,14.2
5937,19.6916,,159,87,13.8
5938,19.695,,158,87,13.4
5939,19.6985,,158,87,13.4
5940,19.7016,,158,87,13.2
5941,19.7047,,158,87,13.6
5942,19.7082,,158,87,13.2
5943,19.7117,,158,86,13.4
5944,19.715,,158,87,13.4
5945,19.7183,,158,87,13.6
5946,19.7216,,158,87,13.8
5947,19.7247,,157,87,13.6
5948,19.7278,,158,87,13.8
5949,19.7311,,158,87,13.8
5950,19.7344,,158,87,14
5951,19.7375,,158,87,14.2
5952,19.7405,,158,87,14.2
5953,19.7435,,158,88,14.4
5954,19.7464,,158,88,14.6
5955,19.7493,,158,88,15
5956,19.7523,,158,88,14.8
5957,19.7555,,157,88,14.4
5958,19.7586,,157,88,14.2
5959,19.7618,,157,88,14.2
5960,19.7649,,157,88,14.2
5961,19.768,,157,88,14.4
5962,19.7713,,157,88,14.8
5963,19.7746,,157,88,15
5964,19.778,,157,88,15.2
5965,19.7813,,157,77,16.8
5966,19.7849,,158,79,17.2
5967,19.7883,,157,83,17.4
5968,19.7916,,157,88,17.8
5969,19.7949,,157,88,18.2
5970,19.798,,157,88,18.6
5971,19.8012,,157,87,18.8
5972,19.8045,,157,87,19.2
5973,19.8079,,157,87,19.4
5974,19.811,,157,89,19
5975,19.8141,,157,89,19.4
5976,19.8171,,157,89,19.6
5977,19.8203,,157,88,19.8
5978,19.8234,,157,88,20
5979,19.8266,,157,88,19.8
5980,19.8297,,157,88,20.4
5981,19.8331,,157,87,20.4
5982,19.8362,,157,87,20.6
5983,19.8396,,158,88,20.6
5984,19.8432,,157,88,20.8
5985,19.8466,,157,88,20.8
5986,19.8497,,158,88,21
5987,19.8529,,157,88,20.8
5988,19.8563,,158,88,20.8
5989,19.8594,,158,88,21
5990,19.8626,,157,88,21
5991,19.8656,,157,87,21
5992,19.8688,,157,88,21.4
5993,19.8718,,158,88,21.6
5994,19.8752,,158,87,21.8
5995,19.8784,,158,86,22
5996,19.8818,,158,87,22.4
5997,19.8849,,158,87,22.4
5998,19.888,,158,87,22.4
5999,19.891,,158,87,22.6
6000,19.894,,158,86,22.6
6001,19.8971,,158,86,22.8
6002,19.9002,,159,86,23.2
6003,19.9036,,159,87,23.4
6004,19.9068,,159,87,23.8
6005,19.91,,159,87,24.2
6006,19.9131,,159,87,24.6
6007,19.9163,,160,87,24.4
6008,19.9194,,160,87,24.8
6009,19.9224,,160,87,25
6010,19.9255,,160,87,25.2
6011,19.9285,,160,87,25.2
6012,19.9316,,160,87,25.2
6013,19.9345,,160,87,25.4
6014,19.9377,,161,87,25.2
6015,19.9407,,161,87,25
6016,19.9437,,161,87,25.2
6017,19.947,,161,87,24.4
6018,19.9503,,161,87,24.6
6019,19.9533,,160,87,24.6
6020,19.9564,,161,87,24.4
6021,19.9596,,160,87,24.4
6022,19.9627,,160,86,23.8
6023,19.9659,,160,87,23.6
6024,19.9688,,160,87,23.6
6025,19.9718,,160,87,23.6
6026,19.9748,,160,87,23.6
6027,19.9779,,160,88,23.2
6028,19.9811,,160,88,22.8
6029,19.9842,,160,88,22.4
6030,19.9872,,160,88,22.6
6031,19.9903,,159,89,22.4
6032,19.9932,,159,88,22
6033,19.9963,,159,88,21.8
6034,19.9993,,159,88,21.8
6035,20.0024,,159,88,21.6
6036,20.0053,,159,89,21.8
6037,20.0083,,159,89,22
6038,20.011,,158,89,22
6039,20.0138,,158,89,22
6040,20.0167,,158,88,22
6041,20.0197,,158,88,22.2
6042,20.0228,,158,87,22.6
6043,20.0258,,157,87,23
6044,20.029,,157,88,23.2
6045,20.0322,,157,88,23.4
6046,20.0354,,157,88,23.4
6047,20.0386,,157,88,23.4
6048,20.0418,,157,88,23.6
6049,20.0449,,157,88,23.6
6050,20.048,,157,88,23.6
6051,20.051,,158,89,23.4
6052,20.0541,,158,89,23.4
6053,20.0574,,158,87,23
6054,20.0607,,157,87,22.8
6055,20.0636,,158,87,23
6056,20.0664,,157,87,22.2
6057,20.0692,,158,87,22
6058,20.0723,,158,88,21.6
6059,20.0751,,157,88,21.2
6060,20.0783,,157,88,20.2
6061,20.0815,,157,88,19.8
6062,20.0847,,157,88,18.6
6063,20.0881,,157,89,18.4
6064,20.0913,,157,88,17.4
6065,20.0945,,158,89,17.4
6066,20.0976,,157,89,17
6067,20.1008,,158,88,16.8
6068,20.1038,,157,88,17
6069,20.1068,,158,88,17
6070,20.1097,,158,88,16.8
6071,20.1128,,157,88,16.6
6072,20.1161,,158,88,16.4
6073,20.1192,,158,88,16
6074,20.1224,,158,88,15.8
6075,20.1255,,157,88,15
6076,20.1287,,158,87,14.8
6077,20.1319,,158,88,15.2
6078,20.135,,158,88,14.4
6079,20.1381,,158,88,13.6
6080,20.1413,,158,88,13.2
6081,20.1442,,158,88,13
6082,20.1469,,157,88,12.6
6083,20.1497,,157,88,12.8
6084,20.1527,,158,88,12.8
6085,20.1556,,157,88,12.4
6086,20.1589,,157,88,12.6
6087,20.1619,,157,87,12.2
6088,20.1651,,157,88,12.2
6089,20.1683,,157,87,12.2
6090,20.1716,,157,87,12.2
6091,20.175,,157,87,12.4
6092,20.1781,,156,87,12.8
6093,20.181,,157,88,12.6
6094,20.1841,,157,88,12.4
6095,20.1873,,157,88,12.6
6096,20.1906,,157,88,12.2
6097,20.1938,,157,87,12.2
6098,20.197,,158,87,12.4
6099,20.2002,,157,87,12.4
6100,20.2033,,157,87,12.4
6101,20.2064,,157,86,12.4
6102,20.2094,,156,86,12.2
6103,20.2123,,156,87,12.2
6104,20.2152,,156,87,12.4
6105,20.2183,,157,87,12.4
6106,20.2213,,157,87,12.6
6107,20.224,,157,87,12.6
6108,20.2272,,157,87,12.8
6109,20.2303,,157,87,12.6
6110,20.2335,,157,87,12.8
6111,20.2365,,157,87,13.2
6112,20.2397,,157,87,13.2
6113,20.2428,,157,87,13.6
6114,20.2459,,157,87,13.8
6115,20.2488,,157,87,14
6116,20.2519,,157,87,13.6
6117,20.2551,,157,86,14
6118,20.2582,,157,86,14.2
6119,20.2613,,156,87,14.4
6120,20.2643,,157,87,14.4
6121,20.2671,,157,87,14.4
6122,20.2701,,157,87,14
6123,20.2732,,157,87,13.6
6124,20.2763,,157,87,14.2
6125,20.2793,,157,87,14
6126,20.2824,,158,87,13.8
6127,20.2854,,158,86,13.8
6128,20.2885,,158,87,13.8
6129,20.2918,,158,87,14
6130,20.2949,,158,87,14
6131,20.298,,159,86,13.8
6132,20.3013,,159,86,14
6133,20.3044,,159,86,13.6
6134,20.3077,,159,86,13.4
6135,20.3107,,159,86,12.8
6136,20.3137,,159,86,12.2
6137,20.3167,,159,87,11.6
6138,20.32,,159,87,11.4
6139,20.323,,158,87,11
6140,20.3261,,158,87,11
6141,20.3292,,158,87,10.6
6142,20.3322,,158,87,10.4
6143,20.3353,,158,87,10.2
6144,20.3384,,158,87,10.6
6145,20.3413,,158,87,10.6
6146,20.3442,,158,86,10.8
6147,20.3472,,158,86,10.8
6148,20.3503,,157,86,11.2
6149,20.3534,,157,86,11.2
6150,20.3566,,157,87,11.4
6151,20.3597,,157,87,11.2
6152,20.3627,,156,88,11.4
6153,20.3659,,156,88,12
6154,20.3692,,156,87,12
6155,20.3725,,156,87,12
6156,20.3758,,156,87,12.4
6157,20.3789,,156,87,12.8
6158,20.382,,156,86,13.2
6159,20.385,,156,87,13.4
6160,20.3881,,156,87,13.2
6161,20.3914,,156,87,13.2
6162,20.3947,,156,87,13
6163,20.398,,156,87,13.4
6164,20.4012,,156,87,13.4
6165,20.4044,,155,87,13.6
6166,20.4076,,156,86,13.8
6167,20.4109,,155,86,14
6168,20.4139,,155,87,13.8
6169,20.4171,,155,87,13.8
6170,20.4201,,156,87,13.6
6171,20.4232,,155,87,12.8
6172,20.4265,,155,87,12.8
6173,20.4297,,156,87,13.2
6174,20.4329,,156,87,13.6
6175,20.4359,,156,87,13.4
6176,20.4391,,156,87,13.6
6177,20.4418,,156,87,13.4
6178,20.4449,,156,87,13.2
6179,20.448,,156,88,13
6180,20.4515,,156,88,13
6181,20.4546,,156,87,12.8
6182,20.4576,,157,87,12.6
6183,20.4606,,157,87,12.6
6184,20.4634,,156,88,12.6
6185,20.4664,,157,89,12.4
6186,20.4693,,156,90,12.2
6187,20.4721,,156,90,12
6188,20.4751,,156,89,11.8
6189,20.4781,,156,90,11.6
6190,20.4814,,156,89,11.6
6191,20.4846,,156,89,11
6192,20.4878,,157,89,11
6193,20.4909,,156,88,10.8
6194,20.4939,,156,88,10.6
6195,20.4969,,156,88,10.6
6196,20.4998,,157,88,10.6
6197,20.5029,,157,88,10.6
6198,20.5059,,157,88,10.4
6199,20.5089,,157,88,10.4
6200,20.5118,,157,88,10
6201,20.5147,,157,88,10
6202,20.5177,,157,88,10
6203,20.5207,,157,88,10
6204,20.5238,,157,88,9.6
6205,20.5271,,157,88,9.6
6206,20.5299,,157,88,9.4
6207,20.5329,,157,87,9.4
6208,20.5358,,157,87,9.2
6209,20.5387,,157,88,9.2
6210,20.5414,,157,87,8.8
6211,20.5443,,157,87,8.6
6212,20.5473,,157,88,8.6
6213,20.5503,,156,88,8.4
6214,20.5531,,156,88,8
6215,20.5558,,156,88,7.6
6216,20.5583,,156,88,7.8
6217,20.5612,,156,88,8.6
6218,20.5638,,156,88,8.4
6219,20.5664,,156,88,8.4
6220,20.5695,,156,88,8.2
6221,20.5724,,157,88,8.4
6222,20.5756,,156,88,8.8
6223,20.5788,,156,88,9
6224,20.5823,,156,88,9.2
6225,20.5851,,156,87,9
6226,20.5879,,156,87,8.8
6227,20.5909,,156,87,8.6
6228,20.5942,,157,87,9
6229,20.5973,,157,88,9
6230,20.6003,,157,87,8.8
6231,20.6035,,156,87,8.8
6232,20.6066,,156,87,9
6233,20.6098,,156,87,8.8
6234,20.613,,156,87,8.8
6235,20.6162,,157,88,8.8
6236,20.6191,,157,88,8.4
6237,20.6222,,156,88,8.4
6238,20.6253,,156,88,8.2
6239,20.6284,,155,87,8
6240,20.6315,,155,87,7.4
6241,20.6345,,155,88,7
6242,20.6375,,156,88,7
6243,20.6404,,155,88,6.4
6244,20.6434,,156,87,6.2
6245,20.6464,,156,87,5.8
6246,20.6493,,156,87,5.4
6247,20.6523,,156,87,5.2
6248,20.6555,,156,86,4.4
6249,20.6586,,157,86,4.2
6250,20.6619,,157,90,3.8
6251,20.6648,,157,88,3.4
6252,20.6681,,157,88,3.2
6253,20.6714,,157,88,2.8
6254,20.6743,,157,87,3.2
6255,20.6773,,157,87,3.4
6256,20.6803,,158,87,3.6
6257,20.6834,,157,87,3.6
6258,20.6866,,158,86,4.2
6259,20.6895,,158,85,4
6260,20.6925,,158,86,4
6261,20.6956,,158,86,3.6
6262,20.699,,158,86,3.4
6263,20.7024,,158,86,3.4
6264,20.7054,,158,87,3.4
6265,20.7082,,158,87,3.4
6266,20.7111,,158,87,3.2
6267,20.7141,,158,87,3.2
6268,20.7167,,158,86,2.8
6269,20.7194,,158,86,2.8
6270,20.7221,,158,86,2.6
6271,20.725,,158,87,2.6
6272,20.728,,158,86,2.6
6273,20.7309,,158,86,2.8
6274,20.7345,,158,86,3.8
6275,20.7375,,159,86,3.6
6276,20.7409,,159,86,3.8
6277,20.7446,,159,86,4.4
6278,20.7479,,159,86,4.6
6279,20.7516,,159,86,5
6280,20.7544,,159,86,4.8
6281,20.7577,,159,86,5.2
6282,20.761,,160,86,5
6283,20.7639,,160,86,4.6
6284,20.767,,159,87,4.8
6285,20.77,,160,87,4.8
6286,20.7729,,160,87,5
6287,20.7759,,160,87,5
6288,20.7787,,160,87,4.8
6289,20.7817,,160,87,4.4
6290,20.7851,,160,87,4.6
6291,20.7881,,160,87,4.4
6292,20.7912,,160,88,4
6293,20.7943,,160,88,3.6
6294,20.7979,,160,87,4
6295,20.801,,160,87,4.2
6296,20.8038,,160,87,3.6
6297,20.8071,,160,87,4.2
6298,20.81,,160,87,4.2
6299,20.8126,,161,86,4.2
6300,20.8154,,161,86,4
6301,20.8185,,161,87,3.8
6302,20.8217,,161,87,3.6
6303,20.8252,,161,87,3.8
6304,20.8284,,161,87,4.2
6305,20.8313,,161,87,4
6306,20.8341,,161,87,4
6307,20.8368,,161,87,3.6
6308,20.8396,,161,87,3.6
6309,20.8422,,161,87,3.2
6310,20.8454,,161,87,3
6311,20.8484,,161,87,2.8
6312,20.8515,,161,87,2.8
6313,20.8549,,161,87,2.8
6314,20.8583,,160,88,2.6
6315,20.8615,,161,88,2.4
6316,20.8647,,160,88,1.8
6317,20.8679,,160,87,1.8
6318,20.8713,,160,87,1.4
6319,20.8749,,161,88,1.6
6320,20.8783,,160,87,2
6321,20.8815,,160,86,2
6322,20.885,,160,85,2.8
6323,20.8884,,160,86,2.8
6324,20.8918,,160,86,3.2
6325,20.8951,,160,87,3.6
6326,20.8986,,161,87,3.8
6327,20.9019,,160,87,4.2
6328,20.9053,,161,87,4.8
6329,20.9086,,160,87,5.2
6330,20.912,,160,87,5.6
6331,20.9155,,160,87,6
6332,20.9191,,160,87,6.4
6333,20.9229,,161,87,7.2
6334,20.9263,,160,87,7.4
6335,20.9296,,161,86,7.8
6336,20.9329,,160,86,7.8
6337,20.9361,,160,86,8
6338,20.9395,,160,86,7.8
6339,20.9423,,160,86,7.6
6340,20.945,,160,87,7.6
6341,20.948,,160,87,7.8
6342,20.9513,,161,87,8.2
6343,20.9546,,160,86,8.4
6344,20.9578,,161,86,8.4
6345,20.9609,,160,86,8.4
6346,20.9637,,160,86,8.4
6347,20.9667,,160,86,8.2
6348,20.97,,160,86,8.2
6349,20.9734,,160,88,8.4
6350,20.9768,,159,88,8.4
6351,20.98,,160,87,8.4
6352,20.9834,,159,87,8.8
6353,20.9872,,160,87,8.8
6354,20.9909,,159,87,9
6355,20.9945,,160,88,9.2
6356,20.9979,,160,88,9.4
6357,21.0013,,160,88,9.6
6358,21.0047,,159,88,10.2
6359,21.0079,,160,88,10.4
6360,21.0113,,160,88,10.8
6361,21.0146,,160,88,11
6362,21.0177,,160,88,11.2
6363,21.0206,,160,87,11.4
6364,21.0237,,160,86,11.2
6365,21.0269,,160,86,11.2
6366,21.03,,160,86,11
6367,21.0331,,160,86,10.8
6368,21.0362,,160,87,10.6
6369,21.0393,,160,88,11
6370,21.0427,,160,88,11
6371,21.0462,,160,88,10.8
6372,21.0496,,161,88,10.8
6373,21.0531,,160,88,10.6
6374,21.0566,,161,88,10.6
6375,21.06,,161,88,10.4
6376,21.0634,,161,88,10.8
6377,21.0667,,161,88,11
6378,21.0703,,161,88,10.6
6379,21.0737,,161,88,10.2
6380,21.0771,,161,88,9.4
6381,21.08,,161,88,9.2
6382,21.0827,,161,88,9
6383,21.0854,,161,87,9
6384,21.0883,,161,88,8.6
6385,21.0916,,161,87,8.2
6386,21.0946,,161,87,7.6
6387,21.0979,,161,88,7.2
6388,21.1007,,161,87,6.6
6389,21.1039,,162,87,6.4
