secs,km,power,hr,cad,alt
0,0,,67,,184.8
1,0.00142,,68,,184.2
2,0.00372,,69.5,,183.7
3,0.00602,,71,,183.2
4,0.00904667,,72.3333,,182.667
5,0.0120733,,73.6667,,182.133
6,0.0151,,75,,181.6
7,0.018225,,76.5,,181.1
8,0.02135,,78,,180.6
9,0.024415,,80,,180.6
10,0.02748,,82,,180.6
11,0.03039,,83.5,,180.6
12,0.0333,,85,,180.6
13,0.0361,,88,,180.6
14,0.039185,,90,,180.5
15,0.04227,,92,,180.4
16,0.04538,,93.3333,,180.333
17,0.04849,,94.6667,,180.267
18,0.0516,,96,,180.2
19,0.054585,,98,,180.1
20,0.05757,,100,,180
21,0.06037,,101.5,,179.7
22,0.06317,,103,,179.4
23,0.0657125,,103.75,,178.85
24,0.068255,,104.5,,178.3
25,0.0707975,,105.25,,177.75
26,0.07334,,106,,177.2
27,0.0760617,,106.5,,176.833
28,0.0787833,,107,,176.467
29,0.081505,,107.5,,176.1
30,0.0842267,,108,,175.733
31,0.0869483,,108.5,,175.367
32,0.08967,,109,,175
33,0.0927586,,109,,174.571
34,0.0958471,,109,,174.143
35,0.0989357,,109,,173.714
36,0.102024,,109,,173.286
37,0.105113,,109,,172.857
38,0.108201,,109,,172.429
39,0.11129,,109,,172
40,0.114413,,109.429,,171.714
41,0.117536,,109.857,,171.429
42,0.120659,,110.286,,171.143
43,0.123781,,110.714,,170.857
44,0.126904,,111.143,,170.571
45,0.130027,,111.571,,170.286
46,0.13315,,112,,170
47,0.135926,,112.25,,169.8
48,0.138703,,112.5,,169.6
49,0.141479,,112.75,,169.4
50,0.144255,,113,,169.2
51,0.147031,,113.25,,169
52,0.149807,,113.5,,168.8
53,0.152584,,113.75,,168.6
54,0.15536,,114,,168.4
55,0.158161,,114.25,,168.425
56,0.160963,,114.5,,168.45
57,0.163764,,114.75,,168.475
58,0.166565,,115,,168.5
59,0.169366,,115.25,,168.525
60,0.172168,,115.5,,168.55
61,0.174969,,115.75,,168.575
62,0.17777,,116,,168.6
63,0.180785,,116.75,,168.7
64,0.1838,,117.5,,168.8
65,0.186815,,118.25,,168.9
66,0.18983,,119,,169
67,0.192615,,119.125,,169.025
68,0.1954,,119.25,,169.05
69,0.198185,,119.375,,169.075
70,0.20097,,119.5,,169.1
71,0.203755,,119.625,,169.125
72,0.20654,,119.75,,169.15
73,0.209325,,119.875,,169.175
74,0.21211,,120,,169.2
75,0.215041,,119.857,,169.143
76,0.217973,,119.714,,169.086
77,0.220904,,119.571,,169.029
78,0.223836,,119.429,,168.971
79,0.226767,,119.286,,168.914
80,0.229699,,119.143,,168.857
81,0.23263,,119,,168.8
82,0.235506,,118.75,,168.85
83,0.238382,,118.5,,168.9
84,0.241259,,118.25,,168.95
85,0.244135,,118,,169
86,0.247011,,117.75,,169.05
87,0.249887,,117.5,,169.1
88,0.252764,,117.25,,169.15
89,0.25564,,117,,169.2
90,0.258556,,117,,169.229
91,0.261471,,117,,169.257
92,0.264387,,117,,169.286
93,0.267303,,117,,169.314
94,0.270219,,117,,169.343
95,0.273134,,117,,169.371
96,0.27605,,117,,169.4
97,0.278941,,117.286,,169.486
98,0.281833,,117.571,,169.571
99,0.284724,,117.857,,169.657
100,0.287616,,118.143,,169.743
101,0.290507,,118.429,,169.829
102,0.293399,,118.714,,169.914
103,0.29629,,119,,170
104,0.299533,,119.143,,170.2
105,0.302776,,119.286,,170.4
106,0.306019,,119.429,,170.6
107,0.309261,,119.571,,170.8
108,0.312504,,119.714,,171
109,0.315747,,119.857,,171.2
110,0.31899,,120,,171.4
111,0.322118,,120.5,,171.667
112,0.325247,,121,,171.933
113,0.328375,,121.5,,172.2
114,0.331503,,122,,172.467
115,0.334632,,122.5,,172.733
116,0.33776,,123,,173
117,0.34094,,123,,173.057
118,0.34412,,123,,173.114
119,0.3473,,123,,173.171
120,0.35048,,123,,173.229
121,0.35366,,123,,173.286
122,0.35684,,123,,173.343
123,0.36002,,123,,173.4
124,0.363346,,123,,173.6
125,0.366671,,123,,173.8
126,0.369997,,123,,174
127,0.373323,,123,,174.2
128,0.376649,,123,,174.4
129,0.379974,,123,,174.6
130,0.3833,,123,,174.8
131,0.386441,,123.286,,174.943
132,0.389583,,123.571,,175.086
133,0.392724,,123.857,,175.229
134,0.395866,,124.143,,175.371
135,0.399007,,124.429,,175.514
136,0.402149,,124.714,,175.657
137,0.40529,,125,,175.8
138,0.408324,,124.857,,176
139,0.411359,,124.714,,176.2
140,0.414393,,124.571,,176.4
141,0.417427,,124.429,,176.6
142,0.420461,,124.286,,176.8
143,0.423496,,124.143,,177
144,0.42653,,124,,177.2
145,0.429697,,124,,177.257
146,0.432864,,124,,177.314
147,0.436031,,124,,177.371
148,0.439199,,124,,177.429
149,0.442366,,124,,177.486
150,0.445533,,124,,177.543
151,0.4487,,124,,177.6
152,0.45178,,124,,177.6
153,0.45486,,124,,177.6
154,0.45794,,124,,177.6
155,0.46102,,124,,177.6
156,0.4641,,124,,177.6
157,0.46718,,124,,177.6
158,0.47026,,124,,177.6
159,0.473116,,123.875,,177.575
160,0.475973,,123.75,,177.55
161,0.478829,,123.625,,177.525
162,0.481685,,123.5,,177.5
163,0.484541,,123.375,,177.475
164,0.487397,,123.25,,177.45
165,0.490254,,123.125,,177.425
166,0.49311,,123,,177.4
167,0.496243,,123.143,,177.371
168,0.499376,,123.286,,177.343
169,0.502509,,123.429,,177.314
170,0.505641,,123.571,,177.286
171,0.508774,,123.714,,177.257
172,0.511907,,123.857,,177.229
173,0.51504,,124,,177.2
174,0.517823,,124,,177.1
175,0.520605,,124,,177
176,0.523388,,124,,176.9
177,0.52617,,124,,176.8
178,0.528953,,124,,176.7
179,0.531735,,124,,176.6
180,0.534517,,124,,176.5
181,0.5373,,124,,176.4
182,0.540156,,124,,176.425
183,0.543013,,124,,176.45
184,0.545869,,124,,176.475
185,0.548725,,124,,176.5
186,0.551581,,124,,176.525
187,0.554438,,124,,176.55
188,0.557294,,124,,176.575
189,0.56015,,124,,176.6
190,0.563223,,124.143,,176.943
191,0.566296,,124.286,,177.286
192,0.569369,,124.429,,177.629
193,0.572441,,124.571,,177.971
194,0.575514,,124.714,,178.314
195,0.578587,,124.857,,178.657
196,0.58166,,125,,179
197,0.58471,,126.5,,179.3
198,0.58776,,128,,179.6
199,0.590572,,128,,179.9
200,0.593385,,128,,180.2
201,0.596197,,128,,180.5
202,0.59901,,128,,180.8
203,0.601823,,128,,181.1
204,0.604635,,128,,181.4
205,0.607448,,128,,181.7
206,0.61026,,128,,182
207,0.612949,,127.875,,182.35
208,0.615638,,127.75,,182.7
209,0.618326,,127.625,,183.05
210,0.621015,,127.5,,183.4
211,0.623704,,127.375,,183.75
212,0.626393,,127.25,,184.1
213,0.629081,,127.125,,184.45
214,0.63177,,127,,184.8
215,0.634973,,127.143,,185
216,0.638176,,127.286,,185.2
217,0.641379,,127.429,,185.4
218,0.644581,,127.571,,185.6
219,0.647784,,127.714,,185.8
220,0.650987,,127.857,,186
221,0.65419,,128,,186.2
222,0.657557,,128,,186.433
223,0.660923,,128,,186.667
224,0.66429,,128,,186.9
225,0.667657,,128,,187.133
226,0.671023,,128,,187.367
227,0.67439,,128,,187.6
228,0.677459,,128,,187.886
229,0.680527,,128,,188.171
230,0.683596,,128,,188.457
231,0.686664,,128,,188.743
232,0.689733,,128,,189.029
233,0.692801,,128,,189.314
234,0.69587,,128,,189.6
235,0.698964,,127.857,,189.829
236,0.702059,,127.714,,190.057
237,0.705153,,127.571,,190.286
238,0.708247,,127.429,,190.514
239,0.711341,,127.286,,190.743
240,0.714436,,127.143,,190.971
241,0.71753,,127,,191.2
242,0.72019,,127.125,,191.325
243,0.72285,,127.25,,191.45
244,0.72551,,127.375,,191.575
245,0.72817,,127.5,,191.7
246,0.73083,,127.625,,191.825
247,0.73349,,127.75,,191.95
248,0.73615,,127.875,,192.075
249,0.73881,,128,,192.2
250,0.74188,,128.286,,192.257
251,0.74495,,128.571,,192.314
252,0.74802,,128.857,,192.371
253,0.75109,,129.143,,192.429
254,0.75416,,129.429,,192.486
255,0.75723,,129.714,,192.543
256,0.7603,,130,,192.6
257,0.763527,,130.286,,192.571
258,0.766754,,130.571,,192.543
259,0.769981,,130.857,,192.514
260,0.773209,,131.143,,192.486
261,0.776436,,131.429,,192.457
262,0.779663,,131.714,,192.429
263,0.78289,,132,,192.4
264,0.786244,,131.857,,192.257
265,0.789599,,131.714,,192.114
266,0.792953,,131.571,,191.971
267,0.796307,,131.429,,191.829
268,0.799661,,131.286,,191.686
269,0.803016,,131.143,,191.543
270,0.80637,,131,,191.4
271,0.80954,,131.143,,191.314
272,0.81271,,131.286,,191.229
273,0.81588,,131.429,,191.143
274,0.81905,,131.571,,191.057
275,0.82222,,131.714,,190.971
276,0.82539,,131.857,,190.886
277,0.82856,,132,,190.8
278,0.832043,,132.167,,190.567
279,0.835527,,132.333,,190.333
280,0.83901,,132.5,,190.1
281,0.842493,,132.667,,189.867
282,0.845977,,132.833,,189.633
283,0.84946,,133,,189.4
284,0.852534,,133.286,,189.314
285,0.855609,,133.571,,189.229
286,0.858683,,133.857,,189.143
287,0.861757,,134.143,,189.057
288,0.864831,,134.429,,188.971
289,0.867906,,134.714,,188.886
290,0.87098,,135,,188.8
291,0.873744,,134.875,,188.825
292,0.876507,,134.75,,188.85
293,0.879271,,134.625,,188.875
294,0.882035,,134.5,,188.9
295,0.884799,,134.375,,188.925
296,0.887563,,134.25,,188.95
297,0.890326,,134.125,,188.975
298,0.89309,,134,,189
299,0.896194,,133.857,,189
300,0.899299,,133.714,,189
301,0.902403,,133.571,,189
302,0.905507,,133.429,,189
303,0.908611,,133.286,,189
304,0.911716,,133.143,,189
305,0.91482,,133,,189
306,0.91814,,132.4,,189.12
307,0.92146,,131.8,,189.24
308,0.92478,,131.2,,189.36
309,0.9281,,130.6,,189.48
310,0.93142,,130,,189.6
311,0.934599,,130,,189.6
312,0.937777,,130,,189.6
313,0.940956,,130,,189.6
314,0.944134,,130,,189.6
315,0.947313,,130,,189.6
316,0.950491,,130,,189.6
317,0.95367,,130,,189.6
318,0.957158,,129.833,,189.2
319,0.960647,,129.667,,188.8
320,0.964135,,129.5,,188.4
321,0.967623,,129.333,,188
322,0.971112,,129.167,,187.6
323,0.9746,,129,,187.2
324,0.977937,,129,,187.133
325,0.981273,,129,,187.067
326,0.98461,,129,,187
327,0.987947,,129,,186.933
328,0.991283,,129,,186.867
329,0.99462,,129,,186.8
330,0.99765,,129,,186.8
331,1.00068,,129,,186.8
332,1.00374,,129.429,,186.686
333,1.00679,,129.857,,186.571
334,1.00985,,130.286,,186.457
335,1.0129,,130.714,,186.343
336,1.01596,,131.143,,186.229
337,1.01901,,131.571,,186.114
338,1.02207,,132,,186
339,1.02557,,132.167,,185.5
340,1.02908,,132.333,,185
341,1.03258,,132.5,,184.5
342,1.03608,,132.667,,184
343,1.03959,,132.833,,183.5
344,1.04309,,133,,183
345,1.04657,,133,,182.333
346,1.05004,,133,,181.667
347,1.05352,,133,,181
348,1.057,,133,,180.333
349,1.06047,,133,,179.667
350,1.06395,,133,,179
351,1.06691,,132.714,,178.629
352,1.06988,,132.429,,178.257
353,1.07284,,132.143,,177.886
354,1.07581,,131.857,,177.514
355,1.07877,,131.571,,177.143
356,1.08174,,131.286,,176.771
357,1.0847,,131,,176.4
358,1.08833,,131.167,,176
359,1.09195,,131.333,,175.6
360,1.09558,,131.5,,175.2
361,1.09921,,131.667,,174.8
362,1.10283,,131.833,,174.4
363,1.10646,,132,,174
364,1.11003,,132.167,,173.8
365,1.1136,,132.333,,173.6
366,1.11718,,132.5,,173.4
367,1.12075,,132.667,,173.2
368,1.12432,,132.833,,173
369,1.12789,,133,,172.8
370,1.13118,,133.143,,172.971
371,1.13448,,133.286,,173.143
372,1.13777,,133.429,,173.314
373,1.14106,,133.571,,173.486
374,1.14435,,133.714,,173.657
375,1.14765,,133.857,,173.829
376,1.15094,,134,,174
377,1.15408,,134.143,,174.257
378,1.15723,,134.286,,174.514
379,1.16037,,134.429,,174.771
380,1.16352,,134.571,,175.029
381,1.16666,,134.714,,175.286
382,1.16981,,134.857,,175.543
383,1.17295,,135,,175.8
384,1.17588,,135.286,,175.829
385,1.17882,,135.571,,175.857
386,1.18175,,135.857,,175.886
387,1.18468,,136.143,,175.914
388,1.18761,,136.429,,175.943
389,1.19055,,136.714,,175.971
390,1.19348,,137,,176
391,1.1965,,137,,176.4
392,1.19951,,137,,176.8
393,1.20253,,137,,177.2
394,1.20554,,137,,177.6
395,1.20856,,137,,178
396,1.21157,,137,,178.4
397,1.21459,,137,,178.8
398,1.21746,,136.857,,179.114
399,1.22034,,136.714,,179.429
400,1.22321,,136.571,,179.743
401,1.22609,,136.429,,180.057
402,1.22896,,136.286,,180.371
403,1.23184,,136.143,,180.686
404,1.23471,,136,,181
405,1.23739,,136.125,,181.175
406,1.24007,,136.25,,181.35
407,1.24275,,136.375,,181.525
408,1.24544,,136.5,,181.7
409,1.24812,,136.625,,181.875
410,1.2508,,136.75,,182.05
411,1.25348,,136.875,,182.225
412,1.25616,,137,,182.4
413,1.25874,,137.25,,182.9
414,1.26131,,137.5,,183.4
415,1.26389,,137.75,,183.9
416,1.26647,,138,,184.4
417,1.26905,,138.25,,184.9
418,1.27163,,138.5,,185.4
419,1.2742,,138.75,,185.9
420,1.27678,,139,,186.4
421,1.27947,,139.125,,186.725
422,1.28215,,139.25,,187.05
423,1.28483,,139.375,,187.375
424,1.28752,,139.5,,187.7
425,1.29021,,139.625,,188.025
426,1.29289,,139.75,,188.35
427,1.29557,,139.875,,188.675
428,1.29826,,140,,189
429,1.30105,,140.125,,189.125
430,1.30383,,140.25,,189.25
431,1.30662,,140.375,,189.375
432,1.3094,,140.5,,189.5
433,1.31219,,140.625,,189.625
434,1.31498,,140.75,,189.75
435,1.31776,,140.875,,189.875
436,1.32055,,141,,190
437,1.32359,,140.857,,190.171
438,1.32663,,140.714,,190.343
439,1.32967,,140.571,,190.514
440,1.33271,,140.429,,190.686
441,1.33575,,140.286,,190.857
442,1.33879,,140.143,,191.029
443,1.34183,,140,,191.2
444,1.34523,,140,,190.7
445,1.34864,,140,,190.2
446,1.35204,,140,,189.7
447,1.35544,,140,,189.2
448,1.35885,,140,,188.7
449,1.36225,,140,,188.2
450,1.36561,,140.143,,187.657
451,1.36896,,140.286,,187.114
452,1.37232,,140.429,,186.571
453,1.37568,,140.571,,186.029
454,1.37904,,140.714,,185.486
455,1.38239,,140.857,,184.943
456,1.38575,,141,,184.4
457,1.38911,,141,,184
458,1.39247,,141,,183.6
459,1.39583,,141,,183.2
460,1.39919,,141,,182.8
461,1.40255,,141,,182.4
462,1.40591,,141,,182
463,1.40911,,141,,181.857
464,1.41231,,141,,181.714
465,1.41551,,141,,181.571
466,1.4187,,141,,181.429
467,1.4219,,141,,181.286
468,1.4251,,141,,181.143
469,1.4283,,141,,181
470,1.43116,,141,,181.114
471,1.43402,,141,,181.229
472,1.43688,,141,,181.343
473,1.43975,,141,,181.457
474,1.44261,,141,,181.571
475,1.44547,,141,,181.686
476,1.44833,,141,,181.8
477,1.45136,,141.143,,182.4
478,1.45439,,141.286,,183
479,1.45742,,141.429,,183.6
480,1.46045,,141.571,,184.2
481,1.46348,,141.714,,184.8
482,1.46651,,141.857,,185.4
483,1.46954,,142,,186
484,1.47253,,142,,186.486
485,1.47552,,142,,186.971
486,1.47851,,142,,187.457
487,1.4815,,142,,187.943
488,1.48449,,142,,188.429
489,1.48748,,142,,188.914
490,1.49047,,142,,189.4
491,1.49334,,142.143,,189.743
492,1.49621,,142.286,,190.086
493,1.49908,,142.429,,190.429
494,1.50196,,142.571,,190.771
495,1.50483,,142.714,,191.114
496,1.5077,,142.857,,191.457
497,1.51057,,143,,191.8
498,1.51367,,143,,191.629
499,1.51676,,143,,191.457
500,1.51986,,143,,191.286
501,1.52296,,143,,191.114
502,1.52606,,143,,190.943
503,1.52915,,143,,190.771
504,1.53225,,143,,190.6
505,1.53567,,143,,190.6
506,1.5391,,143,,190.6
507,1.54252,,143,,190.6
508,1.54595,,143,,190.6
509,1.54937,,143,,190.6
510,1.5528,,143,,190.6
511,1.55603,,143.286,,190.486
512,1.55926,,143.571,,190.371
513,1.56249,,143.857,,190.257
514,1.56573,,144.143,,190.143
515,1.56896,,144.429,,190.029
516,1.57219,,144.714,,189.914
517,1.57542,,145,,189.8
518,1.57876,,144.857,,189.6
519,1.5821,,144.714,,189.4
520,1.58544,,144.571,,189.2
521,1.58877,,144.429,,189
522,1.59211,,144.286,,188.8
523,1.59545,,144.143,,188.6
524,1.59879,,144,,188.4
525,1.60213,,143.833,,188.167
526,1.60546,,143.667,,187.933
527,1.6088,,143.5,,187.7
528,1.61214,,143.333,,187.467
529,1.61547,,143.167,,187.233
530,1.61881,,143,,187
531,1.62216,,143,,186.667
532,1.62552,,143,,186.333
533,1.62887,,143,,186
534,1.63222,,143,,185.667
535,1.63558,,143,,185.333
536,1.63893,,143,,185
537,1.64227,,142.667,,184.8
538,1.6456,,142.333,,184.6
539,1.64894,,142,,184.4
540,1.65228,,141.667,,184.2
541,1.65561,,141.333,,184
542,1.65895,,141,,183.8
543,1.66231,,140.833,,183.867
544,1.66568,,140.667,,183.933
545,1.66904,,140.5,,184
546,1.6724,,140.333,,184.067
547,1.67577,,140.167,,184.133
548,1.67913,,140,,184.2
549,1.68229,,139.857,,184.229
550,1.68544,,139.714,,184.257
551,1.6886,,139.571,,184.286
552,1.69175,,139.429,,184.314
553,1.69491,,139.286,,184.343
554,1.69806,,139.143,,184.371
555,1.70122,,139,,184.4
556,1.70462,,139,,184.167
557,1.70801,,139,,183.933
558,1.71141,,139,,183.7
559,1.71481,,139,,183.467
560,1.7182,,139,,183.233
561,1.7216,,139,,183
562,1.72492,,138.857,,182.8
563,1.72825,,138.714,,182.6
564,1.73157,,138.571,,182.4
565,1.73489,,138.429,,182.2
566,1.73821,,138.286,,182
567,1.74154,,138.143,,181.8
568,1.74486,,138,,181.6
569,1.74842,,138.167,,181.667
570,1.75198,,138.333,,181.733
571,1.75554,,138.5,,181.8
572,1.75909,,138.667,,181.867
573,1.76265,,138.833,,181.933
574,1.76621,,139,,182
575,1.76973,,139,,182.233
576,1.77325,,139,,182.467
577,1.77677,,139,,182.7
578,1.78029,,139,,182.933
579,1.78381,,139,,183.167
580,1.78733,,139,,183.4
581,1.79061,,139.143,,183.514
582,1.79389,,139.286,,183.629
583,1.79717,,139.429,,183.743
584,1.80046,,139.571,,183.857
585,1.80374,,139.714,,183.971
586,1.80702,,139.857,,184.086
587,1.8103,,140,,184.2
588,1.81358,,140.143,,184.371
589,1.81687,,140.286,,184.543
590,1.82015,,140.429,,184.714
591,1.82343,,140.571,,184.886
592,1.82671,,140.714,,185.057
593,1.83,,140.857,,185.229
594,1.83328,,141,,185.4
595,1.83627,,140.857,,185.286
596,1.83927,,140.714,,185.171
597,1.84226,,140.571,,185.057
598,1.84526,,140.429,,184.943
599,1.84825,,140.286,,184.829
600,1.85125,,140.143,,184.714
601,1.85424,,140,,184.6
602,1.85736,,140.143,,184.286
603,1.86048,,140.286,,183.971
604,1.8636,,140.429,,183.657
605,1.86672,,140.571,,183.343
606,1.86984,,140.714,,183.029
607,1.87296,,140.857,,182.714
608,1.87608,,141,,182.4
609,1.8793,,140.857,,182.486
610,1.88253,,140.714,,182.571
611,1.88575,,140.571,,182.657
612,1.88897,,140.429,,182.743
613,1.89219,,140.286,,182.829
614,1.89542,,140.143,,182.914
615,1.89864,,140,,183
616,1.90195,,139.857,,183.286
617,1.90526,,139.714,,183.571
618,1.90857,,139.571,,183.857
619,1.91189,,139.429,,184.143
620,1.9152,,139.286,,184.429
621,1.91851,,139.143,,184.714
622,1.92182,,139,,185
623,1.92513,,139.143,,184.8
624,1.92843,,139.286,,184.6
625,1.93174,,139.429,,184.4
626,1.93504,,139.571,,184.2
627,1.93835,,139.714,,184
628,1.94165,,139.857,,183.8
629,1.94496,,140,,183.6
630,1.9484,,140.167,,183.6
631,1.95185,,140.333,,183.6
632,1.95529,,140.5,,183.6
633,1.95873,,140.667,,183.6
634,1.96218,,140.833,,183.6
635,1.96562,,141,,183.6
636,1.96903,,141.333,,183.4
637,1.97245,,141.667,,183.2
638,1.97586,,142,,183
639,1.97927,,142.333,,182.8
640,1.98269,,142.667,,182.6
641,1.9861,,143,,182.4
642,1.98929,,142.8,,182.36
643,1.99247,,142.6,,182.32
644,1.99566,,142.4,,182.28
645,1.99884,,142.2,,182.24
646,2.00203,,142,,182.2
647,2.00515,,142,,182.171
648,2.00827,,142,,182.143
649,2.01139,,142,,182.114
650,2.0145,,142,,182.086
651,2.01762,,142,,182.057
652,2.02074,,142,,182.029
653,2.02386,,142,,182
654,2.02687,,142,,182.286
655,2.02988,,142,,182.571
656,2.03289,,142,,182.857
657,2.03589,,142,,183.143
658,2.0389,,142,,183.429
659,2.04191,,142,,183.714
660,2.04492,,142,,184
661,2.04817,,142,,183.771
662,2.05142,,142,,183.543
663,2.05467,,142,,183.314
664,2.05792,,142,,183.086
665,2.06117,,142,,182.857
666,2.06442,,142,,182.629
667,2.06767,,142,,182.4
668,2.07072,,141.857,,182.286
669,2.07378,,141.714,,182.171
670,2.07683,,141.571,,182.057
671,2.07989,,141.429,,181.943
672,2.08294,,141.286,,181.829
673,2.086,,141.143,,181.714
674,2.08905,,141,,181.6
675,2.09176,,141.125,,181.9
676,2.09447,,141.25,,182.2
677,2.09718,,141.375,,182.5
678,2.09989,,141.5,,182.8
679,2.1026,,141.625,,183.1
680,2.10531,,141.75,,183.4
681,2.10802,,141.875,,183.7
682,2.11073,,142,,184
683,2.11384,,141.857,,183.8
684,2.11696,,141.714,,183.6
685,2.12007,,141.571,,183.4
686,2.12319,,141.429,,183.2
687,2.1263,,141.286,,183
688,2.12942,,141.143,,182.8
689,2.13253,,141,,182.6
690,2.13595,,140.667,,182.1
691,2.13937,,140.333,,181.6
692,2.14278,,140,,181.1
693,2.1462,,139.667,,180.6
694,2.14962,,139.333,,180.1
695,2.15304,,139,,179.6
696,2.15646,,139,,179.2
697,2.15988,,139,,178.8
698,2.1633,,139,,178.4
699,2.16672,,139,,178
700,2.17014,,139,,177.6
701,2.17356,,139,,177.2
702,2.17677,,139.143,,176.971
703,2.17997,,139.286,,176.743
704,2.18318,,139.429,,176.514
705,2.18638,,139.571,,176.286
706,2.18959,,139.714,,176.057
707,2.19279,,139.857,,175.829
708,2.196,,140,,175.6
709,2.19918,,140,,175.686
710,2.20236,,140,,175.771
711,2.20554,,140,,175.857
712,2.20872,,140,,175.943
713,2.2119,,140,,176.029
714,2.21508,,140,,176.114
715,2.21826,,140,,176.2
716,2.22161,,140.167,,176.167
717,2.22497,,140.333,,176.133
718,2.22832,,140.5,,176.1
719,2.23168,,140.667,,176.067
720,2.23503,,140.833,,176.033
721,2.23839,,141,,176
722,2.24175,,141,,175.967
723,2.24512,,141,,175.933
724,2.24848,,141,,175.9
725,2.25185,,141,,175.867
726,2.25521,,141,,175.833
727,2.25858,,141,,175.8
728,2.26178,,141,,175.771
729,2.26498,,141,,175.743
730,2.26818,,141,,175.714
731,2.27137,,141,,175.686
732,2.27457,,141,,175.657
733,2.27777,,141,,175.629
734,2.28097,,141,,175.6
735,2.28422,,141.143,,175.6
736,2.28748,,141.286,,175.6
737,2.29073,,141.429,,175.6
738,2.29398,,141.571,,175.6
739,2.29723,,141.714,,175.6
740,2.30049,,141.857,,175.6
741,2.30374,,142,,175.6
742,2.30711,,141.833,,175.633
743,2.31049,,141.667,,175.667
744,2.31386,,141.5,,175.7
745,2.31723,,141.333,,175.733
746,2.32061,,141.167,,175.767
747,2.32398,,141,,175.8
748,2.32713,,141,,176.114
749,2.33029,,141,,176.429
750,2.33344,,141,,176.743
751,2.33659,,141,,177.057
752,2.33974,,141,,177.371
753,2.3429,,141,,177.686
754,2.34605,,141,,178
755,2.34933,,140.857,,178.057
756,2.35262,,140.714,,178.114
757,2.3559,,140.571,,178.171
758,2.35918,,140.429,,178.229
759,2.36246,,140.286,,178.286
760,2.36575,,140.143,,178.343
761,2.36903,,140,,178.4
762,2.37232,,140.143,,178.6
763,2.3756,,140.286,,178.8
764,2.37889,,140.429,,179
765,2.38217,,140.571,,179.2
766,2.38546,,140.714,,179.4
767,2.38874,,140.857,,179.6
768,2.39203,,141,,179.8
769,2.39534,,141,,179.829
770,2.39865,,141,,179.857
771,2.40196,,141,,179.886
772,2.40528,,141,,179.914
773,2.40859,,141,,179.943
774,2.4119,,141,,179.971
775,2.41521,,141,,180
776,2.41849,,141.143,,179.714
777,2.42178,,141.286,,179.429
778,2.42506,,141.429,,179.143
779,2.42834,,141.571,,178.857
780,2.43162,,141.714,,178.571
781,2.43491,,141.857,,178.286
782,2.43819,,142,,178
783,2.44136,,141.857,,177.714
784,2.44452,,141.714,,177.429
785,2.44769,,141.571,,177.143
786,2.45086,,141.429,,176.857
787,2.45403,,141.286,,176.571
788,2.45719,,141.143,,176.286
789,2.46036,,141,,176
790,2.46374,,141,,175.967
791,2.46712,,141,,175.933
792,2.47051,,141,,175.9
793,2.47389,,141,,175.867
794,2.47727,,141,,175.833
795,2.48065,,141,,175.8
796,2.48394,,141,,175.629
797,2.48723,,141,,175.457
798,2.49052,,141,,175.286
799,2.4938,,141,,175.114
800,2.49709,,141,,174.943
801,2.50038,,141,,174.771
802,2.50367,,141,,174.6
803,2.50689,,140.857,,174.629
804,2.5101,,140.714,,174.657
805,2.51332,,140.571,,174.686
806,2.51653,,140.429,,174.714
807,2.51975,,140.286,,174.743
808,2.52296,,140.143,,174.771
809,2.52618,,140,,174.8
810,2.52913,,139.857,,174.8
811,2.53207,,139.714,,174.8
812,2.53502,,139.571,,174.8
813,2.53796,,139.429,,174.8
814,2.54091,,139.286,,174.8
815,2.54385,,139.143,,174.8
816,2.5468,,139,,174.8
817,2.54995,,139.143,,174.829
818,2.55311,,139.286,,174.857
819,2.55626,,139.429,,174.886
820,2.55941,,139.571,,174.914
821,2.56256,,139.714,,174.943
822,2.56572,,139.857,,174.971
823,2.56887,,140,,175
824,2.57196,,140.143,,175.143
825,2.57506,,140.286,,175.286
826,2.57815,,140.429,,175.429
827,2.58125,,140.571,,175.571
828,2.58434,,140.714,,175.714
829,2.58744,,140.857,,175.857
830,2.59053,,141,,176
831,2.59372,,141.143,,175.943
832,2.5969,,141.286,,175.886
833,2.60009,,141.429,,175.829
834,2.60327,,141.571,,175.771
835,2.60646,,141.714,,175.714
836,2.60964,,141.857,,175.657
837,2.61283,,142,,175.6
838,2.61598,,142,,175.743
839,2.61914,,142,,175.886
840,2.62229,,142,,176.029
841,2.62545,,142,,176.171
842,2.6286,,142,,176.314
843,2.63176,,142,,176.457
844,2.63491,,142,,176.6
845,2.638,,141.857,,176.514
846,2.6411,,141.714,,176.429
847,2.64419,,141.571,,176.343
848,2.64729,,141.429,,176.257
849,2.65038,,141.286,,176.171
850,2.65348,,141.143,,176.086
851,2.65657,,141,,176
852,2.65966,,140.857,,176.057
853,2.66275,,140.714,,176.114
854,2.66584,,140.571,,176.171
855,2.66894,,140.429,,176.229
856,2.67203,,140.286,,176.286
857,2.67512,,140.143,,176.343
858,2.67821,,140,,176.4
859,2.6813,,140,,176.343
860,2.68439,,140,,176.286
861,2.68748,,140,,176.229
862,2.69056,,140,,176.171
863,2.69365,,140,,176.114
864,2.69674,,140,,176.057
865,2.69983,,140,,176
866,2.70298,,140,,176.457
867,2.70613,,140,,176.914
868,2.70928,,140,,177.371
869,2.71244,,140,,177.829
870,2.71559,,140,,178.286
871,2.71874,,140,,178.743
872,2.72189,,140,,179.2
873,2.72496,,140.429,,179.657
874,2.72803,,140.857,,180.114
875,2.7311,,141.286,,180.571
876,2.73417,,141.714,,181.029
877,2.73724,,142.143,,181.486
878,2.74031,,142.571,,181.943
879,2.74338,,143,,182.4
880,2.74645,,143.5,,182.667
881,2.74952,,144,,182.933
882,2.75258,,144.5,,183.2
883,2.75565,,145,,183.467
884,2.75872,,145.5,,183.733
885,2.76179,,146,,184
886,2.76503,,146.143,,184.057
887,2.76827,,146.286,,184.114
888,2.77151,,146.429,,184.171
889,2.77475,,146.571,,184.229
890,2.77799,,146.714,,184.286
891,2.78123,,146.857,,184.343
892,2.78447,,147,,184.4
893,2.78774,,147,,184.286
894,2.791,,147,,184.171
895,2.79427,,147,,184.057
896,2.79753,,147,,183.943
897,2.8008,,147,,183.829
898,2.80406,,147,,183.714
899,2.80733,,147,,183.6
900,2.81059,,146.857,,183.257
901,2.81385,,146.714,,182.914
902,2.81711,,146.571,,182.571
903,2.82038,,146.429,,182.229
904,2.82364,,146.286,,181.886
905,2.8269,,146.143,,181.543
906,2.83016,,146,,181.2
907,2.83344,,145.714,,180.771
908,2.83673,,145.429,,180.343
909,2.84001,,145.143,,179.914
910,2.8433,,144.857,,179.486
911,2.84658,,144.571,,179.057
912,2.84987,,144.286,,178.629
913,2.85315,,144,,178.2
914,2.85614,,143.857,,177.714
915,2.85913,,143.714,,177.229
916,2.86212,,143.571,,176.743
917,2.8651,,143.429,,176.257
918,2.86809,,143.286,,175.771
919,2.87108,,143.143,,175.286
920,2.87407,,143,,174.8
921,2.8768,,143,,174.725
922,2.87952,,143,,174.65
923,2.88225,,143,,174.575
924,2.88497,,143,,174.5
925,2.8877,,143,,174.425
926,2.89043,,143,,174.35
927,2.89315,,143,,174.275
928,2.89588,,143,,174.2
929,2.89886,,143,,174.514
930,2.90185,,143,,174.829
931,2.90483,,143,,175.143
932,2.90781,,143,,175.457
933,2.91079,,143,,175.771
934,2.91378,,143,,176.086
935,2.91676,,143,,176.4
936,2.91991,,143.143,,176.486
937,2.92306,,143.286,,176.571
938,2.92621,,143.429,,176.657
939,2.92937,,143.571,,176.743
940,2.93252,,143.714,,176.829
941,2.93567,,143.857,,176.914
942,2.93882,,144,,177
943,2.94176,,144.143,,177.143
944,2.94471,,144.286,,177.286
945,2.94765,,144.429,,177.429
946,2.9506,,144.571,,177.571
947,2.95354,,144.714,,177.714
948,2.95649,,144.857,,177.857
949,2.95943,,145,,178
950,2.96259,,145,,178
951,2.96576,,145,,178
952,2.96892,,145,,178
953,2.97208,,145,,178
954,2.97524,,145,,178
955,2.97841,,145,,178
956,2.98157,,145,,178
957,2.98457,,144.714,,178.2
958,2.98758,,144.429,,178.4
959,2.99058,,144.143,,178.6
960,2.99358,,143.857,,178.8
961,2.99658,,143.571,,179
962,2.99959,,143.286,,179.2
963,3.00259,,143,,179.4
964,3.00595,,143.167,,179.367
965,3.0093,,143.333,,179.333
966,3.01266,,143.5,,179.3
967,3.01602,,143.667,,179.267
968,3.01937,,143.833,,179.233
969,3.02273,,144,,179.2
970,3.02603,,144.143,,179.286
971,3.02934,,144.286,,179.371
972,3.03264,,144.429,,179.457
973,3.03594,,144.571,,179.543
974,3.03924,,144.714,,179.629
975,3.04255,,144.857,,179.714
976,3.04585,,145,,179.8
977,3.049,,144.857,,179.943
978,3.05216,,144.714,,180.086
979,3.05531,,144.571,,180.229
980,3.05847,,144.429,,180.371
981,3.06162,,144.286,,180.514
982,3.06478,,144.143,,180.657
983,3.06793,,144,,180.8
984,3.07093,,144.143,,181.2
985,3.07393,,144.286,,181.6
986,3.07693,,144.429,,182
987,3.07994,,144.571,,182.4
988,3.08294,,144.714,,182.8
989,3.08594,,144.857,,183.2
990,3.08894,,145,,183.6
991,3.09202,,145.286,,183.771
992,3.09511,,145.571,,183.943
993,3.09819,,145.857,,184.114
994,3.10128,,146.143,,184.286
995,3.10436,,146.429,,184.457
996,3.10745,,146.714,,184.629
997,3.11053,,147,,184.8
998,3.11373,,147,,184.8
999,3.11693,,147,,184.8
1000,3.12013,,147,,184.8
1001,3.12332,,147,,184.8
1002,3.12652,,147,,184.8
1003,3.12972,,147,,184.8
1004,3.13292,,147,,184.8
1005,3.13638,,147,,184.933
1006,3.13983,,147,,185.067
1007,3.14329,,147,,185.2
1008,3.14675,,147,,185.333
1009,3.1502,,147,,185.467
1010,3.15366,,147,,185.6
1011,3.15708,,147,,185.567
1012,3.1605,,147,,185.533
1013,3.16392,,147,,185.5
1014,3.16735,,147,,185.467
1015,3.17077,,147,,185.433
1016,3.17419,,147,,185.4
1017,3.17746,,147,,185.371
1018,3.18074,,147,,185.343
1019,3.18401,,147,,185.314
1020,3.18728,,147,,185.286
1021,3.19055,,147,,185.257
1022,3.19383,,147,,185.229
1023,3.1971,,147,,185.2
1024,3.20038,,147,,185.286
1025,3.20367,,147,,185.371
1026,3.20695,,147,,185.457
1027,3.21024,,147,,185.543
1028,3.21352,,147,,185.629
1029,3.21681,,147,,185.714
1030,3.22009,,147,,185.8
1031,3.22353,,146.833,,185.9
1032,3.22697,,146.667,,186
1033,3.23041,,146.5,,186.1
1034,3.23386,,146.333,,186.2
1035,3.2373,,146.167,,186.3
1036,3.24074,,146,,186.4
1037,3.24421,,146,,186.367
1038,3.24767,,146,,186.333
1039,3.25114,,146,,186.3
1040,3.25461,,146,,186.267
1041,3.25807,,146,,186.233
1042,3.26154,,146,,186.2
1043,3.26476,,146,,185.829
1044,3.26797,,146,,185.457
1045,3.27119,,146,,185.086
1046,3.2744,,146,,184.714
1047,3.27762,,146,,184.343
1048,3.28083,,146,,183.971
1049,3.28405,,146,,183.6
1050,3.28703,,145.714,,183.114
1051,3.29001,,145.429,,182.629
1052,3.29299,,145.143,,182.143
1053,3.29597,,144.857,,181.657
1054,3.29895,,144.571,,181.171
1055,3.30193,,144.286,,180.686
1056,3.30491,,144,,180.2
1057,3.30807,,143.857,,180.114
1058,3.31123,,143.714,,180.029
1059,3.31439,,143.571,,179.943
1060,3.31755,,143.429,,179.857
1061,3.32071,,143.286,,179.771
1062,3.32387,,143.143,,179.686
1063,3.32703,,143,,179.6
1064,3.33004,,142.857,,179.829
1065,3.33305,,142.714,,180.057
1066,3.33606,,142.571,,180.286
1067,3.33908,,142.429,,180.514
1068,3.34209,,142.286,,180.743
1069,3.3451,,142.143,,180.971
1070,3.34811,,142,,181.2
1071,3.35093,,142.125,,181.425
1072,3.35374,,142.25,,181.65
1073,3.35656,,142.375,,181.875
1074,3.35937,,142.5,,182.1
1075,3.36218,,142.625,,182.325
1076,3.365,,142.75,,182.55
1077,3.36781,,142.875,,182.775
1078,3.37063,,143,,183
1079,3.37334,,143,,183.525
1080,3.37606,,143,,184.05
1081,3.37877,,143,,184.575
1082,3.38148,,143,,185.1
1083,3.38419,,143,,185.625
1084,3.3869,,143,,186.15
1085,3.38962,,143,,186.675
1086,3.39233,,143,,187.2
1087,3.39524,,143.286,,187.257
1088,3.39816,,143.571,,187.314
1089,3.40107,,143.857,,187.371
1090,3.40398,,144.143,,187.429
1091,3.40689,,144.429,,187.486
1092,3.40981,,144.714,,187.543
1093,3.41272,,145,,187.6
1094,3.41583,,145,,187.629
1095,3.41894,,145,,187.657
1096,3.42205,,145,,187.686
1097,3.42516,,145,,187.714
1098,3.42827,,145,,187.743
1099,3.43138,,145,,187.771
1100,3.43449,,145,,187.8
1101,3.43783,,145,,187.633
1102,3.44116,,145,,187.467
1103,3.4445,,145,,187.3
1104,3.44784,,145,,187.133
1105,3.45117,,145,,186.967
1106,3.45451,,145,,186.8
1107,3.45765,,145.143,,186.857
1108,3.46078,,145.286,,186.914
1109,3.46392,,145.429,,186.971
1110,3.46706,,145.571,,187.029
1111,3.4702,,145.714,,187.086
1112,3.47333,,145.857,,187.143
1113,3.47647,,146,,187.2
1114,3.47906,,146,,187.6
1115,3.48136,,146,,187.467
1116,3.48365,,146,,187.333
1117,3.48595,,146,,187.2
1118,3.48943,,146,,187.133
1119,3.49291,,146,,187.067
1120,3.49639,,146,,187
1121,3.49988,,146,,186.933
1122,3.50336,,146,,186.867
1123,3.50684,,146,,186.8
1124,3.5101,,145.857,,186.429
1125,3.51337,,145.714,,186.057
1126,3.51663,,145.571,,185.686
1127,3.5199,,145.429,,185.314
1128,3.52316,,145.286,,184.943
1129,3.52643,,145.143,,184.571
1130,3.52969,,145,,184.2
1131,3.53309,,144.833,,184.633
1132,3.53648,,144.667,,185.067
1133,3.53988,,144.5,,185.5
1134,3.54328,,144.333,,185.933
1135,3.54667,,144.167,,186.367
1136,3.55007,,144,,186.8
1137,3.55332,,144,,186.943
1138,3.55656,,144,,187.086
1139,3.55981,,144,,187.229
1140,3.56305,,144,,187.371
1141,3.5663,,144,,187.514
1142,3.56954,,144,,187.657
1143,3.57279,,144,,187.8
1144,3.57586,,143.857,,187.886
1145,3.57892,,143.714,,187.971
1146,3.58199,,143.571,,188.057
1147,3.58506,,143.429,,188.143
1148,3.58813,,143.286,,188.229
1149,3.59119,,143.143,,188.314
1150,3.59426,,143,,188.4
1151,3.59758,,142.714,,188.057
1152,3.6009,,142.429,,187.714
1153,3.60422,,142.143,,187.371
1154,3.60755,,141.857,,187.029
1155,3.61087,,141.571,,186.686
1156,3.61419,,141.286,,186.343
1157,3.61751,,141,,186
1158,3.62071,,141,,186.2
1159,3.62392,,141,,186.4
1160,3.62712,,141,,186.6
1161,3.63033,,141,,186.8
1162,3.63353,,141,,187
1163,3.63674,,141,,187.2
1164,3.63994,,141,,187.4
1165,3.64338,,140.833,,187.4
1166,3.64681,,140.667,,187.4
1167,3.65024,,140.5,,187.4
1168,3.65368,,140.333,,187.4
1169,3.65712,,140.167,,187.4
1170,3.66055,,140,,187.4
1171,3.66409,,140.167,,187.3
1172,3.66762,,140.333,,187.2
1173,3.67116,,140.5,,187.1
1174,3.6747,,140.667,,187
1175,3.67823,,140.833,,186.9
1176,3.68177,,141,,186.8
1177,3.68479,,141.143,,186.514
1178,3.68781,,141.286,,186.229
1179,3.69083,,141.429,,185.943
1180,3.69385,,141.571,,185.657
1181,3.69687,,141.714,,185.371
1182,3.69989,,141.857,,185.086
1183,3.70291,,142,,184.8
1184,3.7058,,142.143,,184.686
1185,3.70869,,142.286,,184.571
1186,3.71158,,142.429,,184.457
1187,3.71446,,142.571,,184.343
1188,3.71735,,142.714,,184.229
1189,3.72024,,142.857,,184.114
1190,3.72313,,143,,184
1191,3.7263,,143.143,,183.886
1192,3.72946,,143.286,,183.771
1193,3.73263,,143.429,,183.657
1194,3.7358,,143.571,,183.543
1195,3.73897,,143.714,,183.429
1196,3.74213,,143.857,,183.314
1197,3.7453,,144,,183.2
1198,3.74864,,144,,183.5
1199,3.75198,,144,,183.8
1200,3.75532,,144,,184.1
1201,3.75866,,144,,184.4
1202,3.762,,144,,184.7
1203,3.76534,,144,,185
1204,3.76832,,144.143,,184.971
1205,3.7713,,144.286,,184.943
1206,3.77428,,144.429,,184.914
1207,3.77726,,144.571,,184.886
1208,3.78024,,144.714,,184.857
1209,3.78322,,144.857,,184.829
1210,3.7862,,145,,184.8
1211,3.78931,,145,,184.857
1212,3.79242,,145,,184.914
1213,3.79553,,145,,184.971
1214,3.79865,,145,,185.029
1215,3.80176,,145,,185.086
1216,3.80487,,145,,185.143
1217,3.80798,,145,,185.2
1218,3.81111,,145,,185.343
1219,3.81424,,145,,185.486
1220,3.81737,,145,,185.629
1221,3.8205,,145,,185.771
1222,3.82363,,145,,185.914
1223,3.82676,,145,,186.057
1224,3.82989,,145,,186.2
1225,3.83302,,144.857,,186.143
1226,3.83616,,144.714,,186.086
1227,3.83929,,144.571,,186.029
1228,3.84243,,144.429,,185.971
1229,3.84556,,144.286,,185.914
1230,3.8487,,144.143,,185.857
1231,3.85183,,144,,185.8
1232,3.85516,,143.857,,185.629
1233,3.85848,,143.714,,185.457
1234,3.86181,,143.571,,185.286
1235,3.86513,,143.429,,185.114
1236,3.86846,,143.286,,184.943
1237,3.87178,,143.143,,184.771
1238,3.87511,,143,,184.6
1239,3.87845,,143,,184.5
1240,3.88179,,143,,184.4
1241,3.88514,,143,,184.3
1242,3.88848,,143,,184.2
1243,3.89182,,143,,184.1
1244,3.89516,,143,,184
1245,3.8986,,142.833,,184.067
1246,3.90203,,142.667,,184.133
1247,3.90547,,142.5,,184.2
1248,3.90891,,142.333,,184.267
1249,3.91234,,142.167,,184.333
1250,3.91578,,142,,184.4
1251,3.91924,,142,,184.433
1252,3.92271,,142,,184.467
1253,3.92617,,142,,184.5
1254,3.92963,,142,,184.533
1255,3.9331,,142,,184.567
1256,3.93656,,142,,184.6
1257,3.93982,,142.143,,184.771
1258,3.94308,,142.286,,184.943
1259,3.94634,,142.429,,185.114
1260,3.94959,,142.571,,185.286
1261,3.95285,,142.714,,185.457
1262,3.95611,,142.857,,185.629
1263,3.95937,,143,,185.8
1264,3.96266,,143.143,,185.543
1265,3.96595,,143.286,,185.286
1266,3.96924,,143.429,,185.029
1267,3.97254,,143.571,,184.771
1268,3.97583,,143.714,,184.514
1269,3.97912,,143.857,,184.257
1270,3.98241,,144,,184
1271,3.98567,,144,,183.767
1272,3.98894,,144,,183.533
1273,3.9922,,144,,183.3
1274,3.99546,,144,,183.067
1275,3.99873,,144,,182.833
1276,4.00199,,144,,182.6
1277,4.00517,,144.143,,182.714
1278,4.00834,,144.286,,182.829
1279,4.01152,,144.429,,182.943
1280,4.0147,,144.571,,183.057
1281,4.01788,,144.714,,183.171
1282,4.02105,,144.857,,183.286
1283,4.02423,,145,,183.4
1284,4.02763,,144.833,,183.067
1285,4.03103,,144.667,,182.733
1286,4.03444,,144.5,,182.4
1287,4.03784,,144.333,,182.067
1288,4.04124,,144.167,,181.733
1289,4.04464,,144,,181.4
1290,4.04775,,143.714,,180.886
1291,4.05086,,143.429,,180.371
1292,4.05397,,143.143,,179.857
1293,4.05708,,142.857,,179.343
1294,4.06019,,142.571,,178.829
1295,4.0633,,142.286,,178.314
1296,4.06641,,142,,177.8
1297,4.06979,,142,,177.933
1298,4.07317,,142,,178.067
1299,4.07656,,142,,178.2
1300,4.07994,,142,,178.333
1301,4.08332,,142,,178.467
1302,4.0867,,142,,178.6
1303,4.08997,,142,,178.8
1304,4.09325,,142,,179
1305,4.09652,,142,,179.2
1306,4.0998,,142,,179.4
1307,4.10307,,142,,179.6
1308,4.10635,,142,,179.8
1309,4.10962,,142,,180
1310,4.1128,,142,,180.2
1311,4.11599,,142,,180.4
1312,4.11917,,142,,180.6
1313,4.12235,,142,,180.8
1314,4.12553,,142,,181
1315,4.12872,,142,,181.2
1316,4.1319,,142,,181.4
1317,4.1352,,141.857,,181.429
1318,4.13851,,141.714,,181.457
1319,4.14181,,141.571,,181.486
1320,4.14511,,141.429,,181.514
1321,4.14841,,141.286,,181.543
1322,4.15172,,141.143,,181.571
1323,4.15502,,141,,181.6
1324,4.15809,,141.143,,181.714
1325,4.16117,,141.286,,181.829
1326,4.16424,,141.429,,181.943
1327,4.16731,,141.571,,182.057
1328,4.17038,,141.714,,182.171
1329,4.17346,,141.857,,182.286
1330,4.17653,,142,,182.4
1331,4.17979,,142,,182.286
1332,4.18305,,142,,182.171
1333,4.18631,,142,,182.057
1334,4.18958,,142,,181.943
1335,4.19284,,142,,181.829
1336,4.1961,,142,,181.714
1337,4.19936,,142,,181.6
1338,4.20263,,141.857,,181.429
1339,4.20589,,141.714,,181.257
1340,4.20916,,141.571,,181.086
1341,4.21243,,141.429,,180.914
1342,4.2157,,141.286,,180.743
1343,4.21896,,141.143,,180.571
1344,4.22223,,141,,180.4
1345,4.22582,,141,,180.233
1346,4.22941,,141,,180.067
1347,4.23301,,141,,179.9
1348,4.2366,,141,,179.733
1349,4.24019,,141,,179.567
1350,4.24378,,141,,179.4
1351,4.24739,,141,,179.2
1352,4.25101,,141,,179
1353,4.25462,,141,,178.8
1354,4.25823,,141,,178.6
1355,4.26185,,141,,178.4
1356,4.26546,,141,,178.2
1357,4.26893,,141.167,,177.967
1358,4.27239,,141.333,,177.733
1359,4.27586,,141.5,,177.5
1360,4.27933,,141.667,,177.267
1361,4.28279,,141.833,,177.033
1362,4.28626,,142,,176.8
1363,4.28943,,141.857,,176.686
1364,4.2926,,141.714,,176.571
1365,4.29577,,141.571,,176.457
1366,4.29895,,141.429,,176.343
1367,4.30212,,141.286,,176.229
1368,4.30529,,141.143,,176.114
1369,4.30846,,141,,176
1370,4.3118,,141.143,,175.971
1371,4.31514,,141.286,,175.943
1372,4.31848,,141.429,,175.914
1373,4.32182,,141.571,,175.886
1374,4.32516,,141.714,,175.857
1375,4.3285,,141.857,,175.829
1376,4.33184,,142,,175.8
1377,4.33537,,142.167,,175.7
1378,4.33891,,142.333,,175.6
1379,4.34244,,142.5,,175.5
1380,4.34598,,142.667,,175.4
1381,4.34951,,142.833,,175.3
1382,4.35305,,143,,175.2
1383,4.35623,,143,,175.143
1384,4.35942,,143,,175.086
1385,4.3626,,143,,175.029
1386,4.36579,,143,,174.971
1387,4.36897,,143,,174.914
1388,4.37216,,143,,174.857
1389,4.37534,,143,,174.8
1390,4.37847,,142.714,,175.086
1391,4.38161,,142.429,,175.371
1392,4.38474,,142.143,,175.657
1393,4.38788,,141.857,,175.943
1394,4.39101,,141.571,,176.229
1395,4.39415,,141.286,,176.514
1396,4.39728,,141,,176.8
1397,4.40044,,140.857,,176.829
1398,4.4036,,140.714,,176.857
1399,4.40676,,140.571,,176.886
1400,4.40991,,140.429,,176.914
1401,4.41307,,140.286,,176.943
1402,4.41623,,140.143,,176.971
1403,4.41939,,140,,177
1404,4.42248,,140,,177.171
1405,4.42556,,140,,177.343
1406,4.42865,,140,,177.514
1407,4.43174,,140,,177.686
1408,4.43483,,140,,177.857
1409,4.43791,,140,,178.029
1410,4.441,,140,,178.2
1411,4.44405,,140.143,,178.229
1412,4.44711,,140.286,,178.257
1413,4.45016,,140.429,,178.286
1414,4.45321,,140.571,,178.314
1415,4.45626,,140.714,,178.343
1416,4.45932,,140.857,,178.371
1417,4.46237,,141,,178.4
1418,4.46539,,141.143,,178.343
1419,4.46842,,141.286,,178.286
1420,4.47144,,141.429,,178.229
1421,4.47447,,141.571,,178.171
1422,4.47749,,141.714,,178.114
1423,4.48052,,141.857,,178.057
1424,4.48354,,142,,178
1425,4.48676,,141.857,,178
1426,4.48997,,141.714,,178
1427,4.49319,,141.571,,178
1428,4.4964,,141.429,,178
1429,4.49962,,141.286,,178
1430,4.50283,,141.143,,178
1431,4.50605,,141,,178
1432,4.50926,,141.143,,177.971
1433,4.51246,,141.286,,177.943
1434,4.51567,,141.429,,177.914
1435,4.51887,,141.571,,177.886
1436,4.52208,,141.714,,177.857
1437,4.52528,,141.857,,177.829
1438,4.52849,,142,,177.8
1439,4.53166,,142,,177.457
1440,4.53482,,142,,177.114
1441,4.53799,,142,,176.771
1442,4.54115,,142,,176.429
1443,4.54432,,142,,176.086
1444,4.54748,,142,,175.743
1445,4.55065,,142,,175.4
1446,4.55386,,142.286,,175.286
1447,4.55706,,142.571,,175.171
1448,4.56027,,142.857,,175.057
1449,4.56348,,143.143,,174.943
1450,4.56669,,143.429,,174.829
1451,4.56989,,143.714,,174.714
1452,4.5731,,144,,174.6
1453,4.57629,,144,,174.514
1454,4.57947,,144,,174.429
1455,4.58266,,144,,174.343
1456,4.58584,,144,,174.257
1457,4.58903,,144,,174.171
1458,4.59221,,144,,174.086
1459,4.5954,,144,,174
1460,4.59829,,143.857,,174.171
1461,4.60118,,143.714,,174.343
1462,4.60407,,143.571,,174.514
1463,4.60695,,143.429,,174.686
1464,4.60984,,143.286,,174.857
1465,4.61273,,143.143,,175.029
1466,4.61562,,143,,175.2
1467,4.61889,,143,,175.4
1468,4.62216,,143,,175.6
1469,4.62543,,143,,175.8
1470,4.6287,,143,,176
1471,4.63197,,143,,176.2
1472,4.63524,,143,,176.4
1473,4.63851,,143,,176.6
1474,4.64187,,142.833,,176.833
1475,4.64523,,142.667,,177.067
1476,4.64859,,142.5,,177.3
1477,4.65194,,142.333,,177.533
1478,4.6553,,142.167,,177.767
1479,4.65866,,142,,178
1480,4.6621,,142.167,,177.967
1481,4.66554,,142.333,,177.933
1482,4.66897,,142.5,,177.9
1483,4.67241,,142.667,,177.867
1484,4.67585,,142.833,,177.833
1485,4.67929,,143,,177.8
1486,4.68266,,143.167,,177.7
1487,4.68603,,143.333,,177.6
1488,4.68939,,143.5,,177.5
1489,4.69276,,143.667,,177.4
1490,4.69613,,143.833,,177.3
1491,4.6995,,144,,177.2
1492,4.70282,,144,,176.943
1493,4.70613,,144,,176.686
1494,4.70945,,144,,176.429
1495,4.71276,,144,,176.171
1496,4.71608,,144,,175.914
1497,4.71939,,144,,175.657
1498,4.72271,,144,,175.4
1499,4.72607,,144.167,,175.5
1500,4.72943,,144.333,,175.6
1501,4.7328,,144.5,,175.7
1502,4.73616,,144.667,,175.8
1503,4.73952,,144.833,,175.9
1504,4.74288,,145,,176
1505,4.74615,,144.857,,176.229
1506,4.74942,,144.714,,176.457
1507,4.75269,,144.571,,176.686
1508,4.75597,,144.429,,176.914
1509,4.75924,,144.286,,177.143
1510,4.76251,,144.143,,177.371
1511,4.76578,,144,,177.6
1512,4.76874,,144,,177.657
1513,4.77169,,144,,177.714
1514,4.77465,,144,,177.771
1515,4.77761,,144,,177.829
1516,4.78057,,144,,177.886
1517,4.78352,,144,,177.943
1518,4.78648,,144,,178
1519,4.78975,,143.857,,178.057
1520,4.79301,,143.714,,178.114
1521,4.79628,,143.571,,178.171
1522,4.79954,,143.429,,178.229
1523,4.80281,,143.286,,178.286
1524,4.80607,,143.143,,178.343
1525,4.80934,,143,,178.4
1526,4.81256,,142.857,,178.457
1527,4.81578,,142.714,,178.514
1528,4.819,,142.571,,178.571
1529,4.82221,,142.429,,178.629
1530,4.82543,,142.286,,178.686
1531,4.82865,,142.143,,178.743
1532,4.83187,,142,,178.8
1533,4.83504,,142,,178.686
1534,4.8382,,142,,178.571
1535,4.84137,,142,,178.457
1536,4.84454,,142,,178.343
1537,4.84771,,142,,178.229
1538,4.85087,,142,,178.114
1539,4.85404,,142,,178
1540,4.85731,,142,,177.771
1541,4.86058,,142,,177.543
1542,4.86385,,142,,177.314
1543,4.86711,,142,,177.086
1544,4.87038,,142,,176.857
1545,4.87365,,142,,176.629
1546,4.87692,,142,,176.4
1547,4.88017,,141.857,,176.457
1548,4.88342,,141.714,,176.514
1549,4.88667,,141.571,,176.571
1550,4.88991,,141.429,,176.629
1551,4.89316,,141.286,,176.686
1552,4.89641,,141.143,,176.743
1553,4.89966,,141,,176.8
1554,4.90267,,141,,176.514
1555,4.90568,,141,,176.229
1556,4.90869,,141,,175.943
1557,4.9117,,141,,175.657
1558,4.91471,,141,,175.371
1559,4.91772,,141,,175.086
1560,4.92073,,141,,174.8
1561,4.92373,,141,,174.714
1562,4.92673,,141,,174.629
1563,4.92973,,141,,174.543
1564,4.93273,,141,,174.457
1565,4.93573,,141,,174.371
1566,4.93873,,141,,174.286
1567,4.94173,,141,,174.2
1568,4.94482,,141,,174.086
1569,4.9479,,141,,173.971
1570,4.95099,,141,,173.857
1571,4.95407,,141,,173.743
1572,4.95716,,141,,173.629
1573,4.96024,,141,,173.514
1574,4.96333,,141,,173.4
1575,4.96644,,141.143,,173.486
1576,4.96954,,141.286,,173.571
1577,4.97265,,141.429,,173.657
1578,4.97575,,141.571,,173.743
1579,4.97886,,141.714,,173.829
1580,4.98196,,141.857,,173.914
1581,4.98507,,142,,174
1582,4.98817,,142.2,,174
1583,4.99127,,142.4,,174
1584,4.99437,,142.6,,174
1585,4.99747,,142.8,,174
1586,5.00057,,143,,174
1587,5.00363,,143.143,,174.029
1588,5.00669,,143.286,,174.057
1589,5.00975,,143.429,,174.086
1590,5.01281,,143.571,,174.114
1591,5.01587,,143.714,,174.143
1592,5.01893,,143.857,,174.171
1593,5.02199,,144,,174.2
1594,5.02521,,144,,174.171
1595,5.02843,,144,,174.143
1596,5.03165,,144,,174.114
1597,5.03488,,144,,174.086
1598,5.0381,,144,,174.057
1599,5.04132,,144,,174.029
1600,5.04454,,144,,174
1601,5.04777,,144.143,,174.114
1602,5.05099,,144.286,,174.229
1603,5.05422,,144.429,,174.343
1604,5.05744,,144.571,,174.457
1605,5.06067,,144.714,,174.571
1606,5.06389,,144.857,,174.686
1607,5.06712,,145,,174.8
1608,5.07021,,145,,174.714
1609,5.0733,,145,,174.629
1610,5.07639,,145,,174.543
1611,5.07949,,145,,174.457
1612,5.08258,,145,,174.371
1613,5.08567,,145,,174.286
1614,5.08876,,145,,174.2
1615,5.09173,,144.857,,174.457
1616,5.0947,,144.714,,174.714
1617,5.09767,,144.571,,174.971
1618,5.10063,,144.429,,175.229
1619,5.1036,,144.286,,175.486
1620,5.10657,,144.143,,175.743
1621,5.10954,,144,,176
1622,5.11266,,143.714,,175.714
1623,5.11579,,143.429,,175.429
1624,5.11891,,143.143,,175.143
1625,5.12204,,142.857,,174.857
1626,5.12516,,142.571,,174.571
1627,5.12829,,142.286,,174.286
1628,5.13141,,142,,174
1629,5.1345,,142,,173.8
1630,5.1376,,142,,173.6
1631,5.14069,,142,,173.4
1632,5.14378,,142,,173.2
1633,5.14687,,142,,173
1634,5.14997,,142,,172.8
1635,5.15306,,142,,172.6
1636,5.15607,,141.857,,172.686
1637,5.15909,,141.714,,172.771
1638,5.1621,,141.571,,172.857
1639,5.16511,,141.429,,172.943
1640,5.16812,,141.286,,173.029
1641,5.17114,,141.143,,173.114
1642,5.17415,,141,,173.2
1643,5.17737,,141,,173.286
1644,5.1806,,141,,173.371
1645,5.18382,,141,,173.457
1646,5.18705,,141,,173.543
1647,5.19027,,141,,173.629
1648,5.1935,,141,,173.714
1649,5.19672,,141,,173.8
1650,5.20006,,141.143,,173.514
1651,5.2034,,141.286,,173.229
1652,5.20674,,141.429,,172.943
1653,5.21008,,141.571,,172.657
1654,5.21342,,141.714,,172.371
1655,5.21676,,141.857,,172.086
1656,5.2201,,142,,171.8
1657,5.22344,,142.167,,171.533
1658,5.22677,,142.333,,171.267
1659,5.23011,,142.5,,171
1660,5.23345,,142.667,,170.733
1661,5.23678,,142.833,,170.467
1662,5.24012,,143,,170.2
1663,5.24362,,143,,170.5
1664,5.24712,,143,,170.8
1665,5.25061,,143,,171.1
1666,5.25411,,143,,171.4
1667,5.25761,,143,,171.7
1668,5.26111,,143,,172
1669,5.26418,,143,,172.314
1670,5.26726,,143,,172.629
1671,5.27033,,143,,172.943
1672,5.27341,,143,,173.257
1673,5.27648,,143,,173.571
1674,5.27956,,143,,173.886
1675,5.28263,,143,,174.2
1676,5.2856,,143.143,,174.514
1677,5.28858,,143.286,,174.829
1678,5.29155,,143.429,,175.143
1679,5.29452,,143.571,,175.457
1680,5.29749,,143.714,,175.771
1681,5.30047,,143.857,,176.086
1682,5.30344,,144,,176.4
1683,5.30643,,144.143,,176.429
1684,5.30942,,144.286,,176.457
1685,5.31241,,144.429,,176.486
1686,5.31539,,144.571,,176.514
1687,5.31838,,144.714,,176.543
1688,5.32137,,144.857,,176.571
1689,5.32436,,145,,176.6
1690,5.32741,,145.143,,176.429
1691,5.33046,,145.286,,176.257
1692,5.33351,,145.429,,176.086
1693,5.33657,,145.571,,175.914
1694,5.33962,,145.714,,175.743
1695,5.34267,,145.857,,175.571
1696,5.34572,,146,,175.4
1697,5.34874,,146,,175.143
1698,5.35177,,146,,174.886
1699,5.35479,,146,,174.629
1700,5.35781,,146,,174.371
1701,5.36083,,146,,174.114
1702,5.36386,,146,,173.857
1703,5.36688,,146,,173.6
1704,5.36977,,146,,173.829
1705,5.37266,,146,,174.057
1706,5.37555,,146,,174.286
1707,5.37845,,146,,174.514
1708,5.38134,,146,,174.743
1709,5.38423,,146,,174.971
1710,5.38712,,146,,175.2
1711,5.39011,,146.286,,175.514
1712,5.3931,,146.571,,175.829
1713,5.39609,,146.857,,176.143
1714,5.39907,,147.143,,176.457
1715,5.40206,,147.429,,176.771
1716,5.40505,,147.714,,177.086
1717,5.40804,,148,,177.4
1718,5.41111,,148,,177.543
1719,5.41419,,148,,177.686
1720,5.41726,,148,,177.829
1721,5.42034,,148,,177.971
1722,5.42341,,148,,178.114
1723,5.42649,,148,,178.257
1724,5.42956,,148,,178.4
1725,5.43286,,148,,178.057
1726,5.43616,,148,,177.714
1727,5.43946,,148,,177.371
1728,5.44276,,148,,177.029
1729,5.44606,,148,,176.686
1730,5.44936,,148,,176.343
1731,5.45266,,148,,176
1732,5.45593,,147.714,,175.971
1733,5.4592,,147.429,,175.943
1734,5.46247,,147.143,,175.914
1735,5.46575,,146.857,,175.886
1736,5.46902,,146.571,,175.857
1737,5.47229,,146.286,,175.829
1738,5.47556,,146,,175.8
1739,5.47887,,145.857,,175.629
1740,5.48218,,145.714,,175.457
1741,5.48549,,145.571,,175.286
1742,5.48879,,145.429,,175.114
1743,5.4921,,145.286,,174.943
1744,5.49541,,145.143,,174.771
1745,5.49872,,145,,174.6
1746,5.50198,,144.857,,174.486
1747,5.50524,,144.714,,174.371
1748,5.5085,,144.571,,174.257
1749,5.51176,,144.429,,174.143
1750,5.51502,,144.286,,174.029
1751,5.51828,,144.143,,173.914
1752,5.52154,,144,,173.8
1753,5.52477,,143.714,,173.714
1754,5.528,,143.429,,173.629
1755,5.53123,,143.143,,173.543
1756,5.53445,,142.857,,173.457
1757,5.53768,,142.571,,173.371
1758,5.54091,,142.286,,173.286
1759,5.54414,,142,,173.2
1760,5.54739,,142,,172.943
1761,5.55064,,142,,172.686
1762,5.55389,,142,,172.429
1763,5.55713,,142,,172.171
1764,5.56038,,142,,171.914
1765,5.56363,,142,,171.657
1766,5.56688,,142,,171.4
1767,5.56991,,141.857,,171.429
1768,5.57294,,141.714,,171.457
1769,5.57597,,141.571,,171.486
1770,5.579,,141.429,,171.514
1771,5.58203,,141.286,,171.543
1772,5.58506,,141.143,,171.571
1773,5.58809,,141,,171.6
1774,5.59152,,140.833,,171.533
1775,5.59496,,140.667,,171.467
1776,5.59839,,140.5,,171.4
1777,5.60182,,140.333,,171.333
1778,5.60526,,140.167,,171.267
1779,5.60869,,140,,171.2
1780,5.61198,,140,,171.143
1781,5.61527,,140,,171.086
1782,5.61856,,140,,171.029
1783,5.62186,,140,,170.971
1784,5.62515,,140,,170.914
1785,5.62844,,140,,170.857
1786,5.63173,,140,,170.8
1787,5.63504,,139.857,,170.429
1788,5.63835,,139.714,,170.057
1789,5.64166,,139.571,,169.686
1790,5.64498,,139.429,,169.314
1791,5.64829,,139.286,,168.943
1792,5.6516,,139.143,,168.571
1793,5.65491,,139,,168.2
1794,5.65811,,139,,167.743
1795,5.6613,,139,,167.286
1796,5.6645,,139,,166.829
1797,5.6677,,139,,166.371
1798,5.6709,,139,,165.914
1799,5.67409,,139,,165.457
1800,5.67729,,139,,165
1801,5.68054,,138.857,,164.914
1802,5.68379,,138.714,,164.829
1803,5.68704,,138.571,,164.743
1804,5.69029,,138.429,,164.657
1805,5.69354,,138.286,,164.571
1806,5.69679,,138.143,,164.486
1807,5.70004,,138,,164.4
1808,5.70329,,138,,164.229
1809,5.70654,,138,,164.057
1810,5.70979,,138,,163.886
1811,5.71303,,138,,163.714
1812,5.71628,,138,,163.543
1813,5.71953,,138,,163.371
1814,5.72278,,138,,163.2
1815,5.72609,,137.857,,163.086
1816,5.72939,,137.714,,162.971
1817,5.7327,,137.571,,162.857
1818,5.736,,137.429,,162.743
1819,5.73931,,137.286,,162.629
1820,5.74261,,137.143,,162.514
1821,5.74592,,137,,162.4
1822,5.74912,,137,,162.514
1823,5.75232,,137,,162.629
1824,5.75552,,137,,162.743
1825,5.75872,,137,,162.857
1826,5.76192,,137,,162.971
1827,5.76512,,137,,163.086
1828,5.76832,,137,,163.2
1829,5.77163,,137,,163.2
1830,5.77494,,137,,163.2
1831,5.77825,,137,,163.2
1832,5.78156,,137,,163.2
1833,5.78487,,137,,163.2
1834,5.78818,,137,,163.2
1835,5.79149,,137,,163.2
1836,5.79497,,137.167,,163.233
1837,5.79845,,137.333,,163.267
1838,5.80193,,137.5,,163.3
1839,5.80541,,137.667,,163.333
1840,5.80889,,137.833,,163.367
1841,5.81237,,138,,163.4
1842,5.81559,,138,,163.2
1843,5.81881,,138,,163
1844,5.82203,,138,,162.8
1845,5.82526,,138,,162.6
1846,5.82848,,138,,162.4
1847,5.8317,,138,,162.2
1848,5.83492,,138,,162
1849,5.83828,,138,,162.033
1850,5.84163,,138,,162.067
1851,5.84499,,138,,162.1
1852,5.84834,,138,,162.133
1853,5.8517,,138,,162.167
1854,5.85505,,138,,162.2
1855,5.85828,,137.857,,162.171
1856,5.8615,,137.714,,162.143
1857,5.86473,,137.571,,162.114
1858,5.86795,,137.429,,162.086
1859,5.87118,,137.286,,162.057
1860,5.8744,,137.143,,162.029
1861,5.87763,,137,,162
1862,5.88094,,136.857,,162.057
1863,5.88424,,136.714,,162.114
1864,5.88755,,136.571,,162.171
1865,5.89085,,136.429,,162.229
1866,5.89416,,136.286,,162.286
1867,5.89746,,136.143,,162.343
1868,5.90077,,136,,162.4
1869,5.90397,,136.143,,162.429
1870,5.90718,,136.286,,162.457
1871,5.91038,,136.429,,162.486
1872,5.91358,,136.571,,162.514
1873,5.91678,,136.714,,162.543
1874,5.91999,,136.857,,162.571
1875,5.92319,,137,,162.6
1876,5.92631,,137,,162.314
1877,5.92943,,137,,162.029
1878,5.93255,,137,,161.743
1879,5.93567,,137,,161.457
1880,5.93879,,137,,161.171
1881,5.94191,,137,,160.886
1882,5.94503,,137,,160.6
1883,5.94801,,136.857,,160.343
1884,5.95099,,136.714,,160.086
1885,5.95397,,136.571,,159.829
1886,5.95696,,136.429,,159.571
1887,5.95994,,136.286,,159.314
1888,5.96292,,136.143,,159.057
1889,5.9659,,136,,158.8
1890,5.96933,,135.833,,158.967
1891,5.97276,,135.667,,159.133
1892,5.97619,,135.5,,159.3
1893,5.97962,,135.333,,159.467
1894,5.98305,,135.167,,159.633
1895,5.98648,,135,,159.8
1896,5.98949,,135.2,,159.8
1897,5.9925,,135.4,,159.8
1898,5.99551,,135.6,,159.8
1899,5.99852,,135.8,,159.8
1900,6.00153,,136,,159.8
1901,6.00463,,136.286,,160
1902,6.00772,,136.571,,160.2
1903,6.01082,,136.857,,160.4
1904,6.01391,,137.143,,160.6
1905,6.01701,,137.429,,160.8
1906,6.0201,,137.714,,161
1907,6.0232,,138,,161.2
1908,6.02613,,138.5,,161.333
1909,6.02906,,139,,161.467
1910,6.03199,,139.5,,161.6
1911,6.03491,,140,,161.733
1912,6.03784,,140.5,,161.867
1913,6.04077,,141,,162
1914,6.0438,,141.143,,161.943
1915,6.04683,,141.286,,161.886
1916,6.04986,,141.429,,161.829
1917,6.05289,,141.571,,161.771
1918,6.05592,,141.714,,161.714
1919,6.05895,,141.857,,161.657
1920,6.06198,,142,,161.6
1921,6.06484,,141.857,,161.371
1922,6.06771,,141.714,,161.143
1923,6.07057,,141.571,,160.914
1924,6.07344,,141.429,,160.686
1925,6.0763,,141.286,,160.457
1926,6.07917,,141.143,,160.229
1927,6.08203,,141,,160
1928,6.08517,,140.857,,159.771
1929,6.08831,,140.714,,159.543
1930,6.09145,,140.571,,159.314
1931,6.0946,,140.429,,159.086
1932,6.09774,,140.286,,158.857
1933,6.10088,,140.143,,158.629
1934,6.10402,,140,,158.4
1935,6.10721,,140,,158.029
1936,6.11041,,140,,157.657
1937,6.1136,,140,,157.286
1938,6.1168,,140,,156.914
1939,6.11999,,140,,156.543
1940,6.12319,,140,,156.171
1941,6.12638,,140,,155.8
1942,6.12975,,140,,155.867
1943,6.13312,,140,,155.933
1944,6.13649,,140,,156
1945,6.13985,,140,,156.067
1946,6.14322,,140,,156.133
1947,6.14659,,140,,156.2
1948,6.15011,,140,,156.2
1949,6.15364,,140,,156.2
1950,6.15716,,140,,156.2
1951,6.16068,,140,,156.2
1952,6.16421,,140,,156.2
1953,6.16773,,140,,156.2
1954,6.17102,,140,,156.286
1955,6.17431,,140,,156.371
1956,6.1776,,140,,156.457
1957,6.1809,,140,,156.543
1958,6.18419,,140,,156.629
1959,6.18748,,140,,156.714
1960,6.19077,,140,,156.8
1961,6.19403,,139.714,,156.714
1962,6.1973,,139.429,,156.629
1963,6.20056,,139.143,,156.543
1964,6.20383,,138.857,,156.457
1965,6.20709,,138.571,,156.371
1966,6.21036,,138.286,,156.286
1967,6.21362,,138,,156.2
1968,6.21708,,138.167,,156.067
1969,6.22055,,138.333,,155.933
1970,6.22401,,138.5,,155.8
1971,6.22748,,138.667,,155.667
1972,6.23094,,138.833,,155.533
1973,6.23441,,139,,155.4
1974,6.23763,,139,,155.429
1975,6.24084,,139,,155.457
1976,6.24406,,139,,155.486
1977,6.24728,,139,,155.514
1978,6.2505,,139,,155.543
1979,6.25371,,139,,155.571
1980,6.25693,,139,,155.6
1981,6.26028,,139,,155.8
1982,6.26363,,139,,156
1983,6.26698,,139,,156.2
1984,6.27034,,139,,156.4
1985,6.27369,,139,,156.6
1986,6.27704,,139,,156.8
1987,6.28039,,139,,157
1988,6.28389,,139.167,,157.033
1989,6.28739,,139.333,,157.067
1990,6.29088,,139.5,,157.1
1991,6.29438,,139.667,,157.133
1992,6.29788,,139.833,,157.167
1993,6.30138,,140,,157.2
1994,6.30466,,140.143,,156.943
1995,6.30793,,140.286,,156.686
1996,6.31121,,140.429,,156.429
1997,6.31448,,140.571,,156.171
1998,6.31776,,140.714,,155.914
1999,6.32103,,140.857,,155.657
2000,6.32431,,141,,155.4
2001,6.32746,,141.143,,155.143
2002,6.3306,,141.286,,154.886
2003,6.33375,,141.429,,154.629
2004,6.3369,,141.571,,154.371
2005,6.34005,,141.714,,154.114
2006,6.34319,,141.857,,153.857
2007,6.34634,,142,,153.6
2008,6.34961,,141.857,,153.743
2009,6.35288,,141.714,,153.886
2010,6.35615,,141.571,,154.029
2011,6.35942,,141.429,,154.171
2012,6.36269,,141.286,,154.314
2013,6.36596,,141.143,,154.457
2014,6.36923,,141,,154.6
2015,6.37226,,141,,154.486
2016,6.37528,,141,,154.371
2017,6.37831,,141,,154.257
2018,6.38134,,141,,154.143
2019,6.38437,,141,,154.029
2020,6.38739,,141,,153.914
2021,6.39042,,141,,153.8
2022,6.39352,,141,,153.6
2023,6.39661,,141,,153.4
2024,6.39971,,141,,153.2
2025,6.4028,,141,,153
2026,6.4059,,141,,152.8
2027,6.40899,,141,,152.6
2028,6.41209,,141,,152.4
2029,6.41539,,141,,152.714
2030,6.4187,,141,,153.029
2031,6.422,,141,,153.343
2032,6.4253,,141,,153.657
2033,6.4286,,141,,153.971
2034,6.43191,,141,,154.286
2035,6.43521,,141,,154.6
2036,6.43869,,140.667,,155.2
2037,6.44218,,140.333,,155.8
2038,6.44566,,140,,156.4
2039,6.44914,,139.667,,157
2040,6.45263,,139.333,,157.6
2041,6.45611,,139,,158.2
2042,6.45919,,139,,158.371
2043,6.46227,,139,,158.543
2044,6.46535,,139,,158.714
2045,6.46843,,139,,158.886
2046,6.47151,,139,,159.057
2047,6.47459,,139,,159.229
2048,6.47767,,139,,159.4
2049,6.48074,,138.857,,159.314
2050,6.48381,,138.714,,159.229
2051,6.48688,,138.571,,159.143
2052,6.48995,,138.429,,159.057
2053,6.49302,,138.286,,158.971
2054,6.49609,,138.143,,158.886
2055,6.49916,,138,,158.8
2056,6.50246,,138,,158.743
2057,6.50575,,138,,158.686
2058,6.50905,,138,,158.629
2059,6.51234,,138,,158.571
2060,6.51564,,138,,158.514
2061,6.51893,,138,,158.457
2062,6.52223,,138,,158.4
2063,6.5254,,138.143,,158.343
2064,6.52856,,138.286,,158.286
2065,6.53173,,138.429,,158.229
2066,6.53489,,138.571,,158.171
2067,6.53806,,138.714,,158.114
2068,6.54122,,138.857,,158.057
2069,6.54439,,139,,158
2070,6.5476,,139,,158
2071,6.5508,,139,,158
2072,6.55401,,139,,158
2073,6.55722,,139,,158
2074,6.56043,,139,,158
2075,6.56363,,139,,158
2076,6.56684,,139,,158
2077,6.56983,,138.857,,158.057
2078,6.57282,,138.714,,158.114
2079,6.57581,,138.571,,158.171
2080,6.57879,,138.429,,158.229
2081,6.58178,,138.286,,158.286
2082,6.58477,,138.143,,158.343
2083,6.58776,,138,,158.4
2084,6.59089,,137.857,,158.171
2085,6.59401,,137.714,,157.943
2086,6.59714,,137.571,,157.714
2087,6.60027,,137.429,,157.486
2088,6.6034,,137.286,,157.257
2089,6.60652,,137.143,,157.029
2090,6.60965,,137,,156.8
2091,6.61278,,137.143,,156.657
2092,6.61592,,137.286,,156.514
2093,6.61905,,137.429,,156.371
2094,6.62219,,137.571,,156.229
2095,6.62532,,137.714,,156.086
2096,6.62846,,137.857,,155.943
2097,6.63159,,138,,155.8
2098,6.63463,,138.286,,155.657
2099,6.63767,,138.571,,155.514
2100,6.64071,,138.857,,155.371
2101,6.64375,,139.143,,155.229
2102,6.64679,,139.429,,155.086
2103,6.64983,,139.714,,154.943
2104,6.65287,,140,,154.8
2105,6.65585,,140,,155
2106,6.65883,,140,,155.2
2107,6.66181,,140,,155.4
2108,6.66479,,140,,155.6
2109,6.66777,,140,,155.8
2110,6.67075,,140,,156
2111,6.67373,,140,,156.2
2112,6.67683,,140.143,,156.257
2113,6.67994,,140.286,,156.314
2114,6.68304,,140.429,,156.371
2115,6.68614,,140.571,,156.429
2116,6.68924,,140.714,,156.486
2117,6.69235,,140.857,,156.543
2118,6.69545,,141,,156.6
2119,6.69867,,140.857,,156.6
2120,6.70188,,140.714,,156.6
2121,6.7051,,140.571,,156.6
2122,6.70832,,140.429,,156.6
2123,6.71154,,140.286,,156.6
2124,6.71475,,140.143,,156.6
2125,6.71797,,140,,156.6
2126,6.72111,,139.857,,156.657
2127,6.72426,,139.714,,156.714
2128,6.7274,,139.571,,156.771
2129,6.73054,,139.429,,156.829
2130,6.73368,,139.286,,156.886
2131,6.73683,,139.143,,156.943
2132,6.73997,,139,,157
2133,6.74317,,139.143,,156.829
2134,6.74637,,139.286,,156.657
2135,6.74957,,139.429,,156.486
2136,6.75277,,139.571,,156.314
2137,6.75597,,139.714,,156.143
2138,6.75917,,139.857,,155.971
2139,6.76237,,140,,155.8
2140,6.76567,,140.286,,155.8
2141,6.76897,,140.571,,155.8
2142,6.77227,,140.857,,155.8
2143,6.77557,,141.143,,155.8
2144,6.77887,,141.429,,155.8
2145,6.78217,,141.714,,155.8
2146,6.78547,,142,,155.8
2147,6.78882,,142,,155.6
2148,6.79218,,142,,155.4
2149,6.79553,,142,,155.2
2150,6.79888,,142,,155
2151,6.80224,,142,,154.8
2152,6.80559,,142,,154.6
2153,6.809,,142,,154.533
2154,6.81242,,142,,154.467
2155,6.81583,,142,,154.4
2156,6.81924,,142,,154.333
2157,6.82266,,142,,154.267
2158,6.82607,,142,,154.2
2159,6.82931,,142,,154.371
2160,6.83254,,142,,154.543
2161,6.83578,,142,,154.714
2162,6.83901,,142,,154.886
2163,6.84225,,142,,155.057
2164,6.84548,,142,,155.229
2165,6.84872,,142,,155.4
2166,6.85199,,141.857,,155.629
2167,6.85526,,141.714,,155.857
2168,6.85853,,141.571,,156.086
2169,6.86179,,141.429,,156.314
2170,6.86506,,141.286,,156.543
2171,6.86833,,141.143,,156.771
2172,6.8716,,141,,157
2173,6.87469,,141.286,,157.086
2174,6.87777,,141.571,,157.171
2175,6.88086,,141.857,,157.257
2176,6.88394,,142.143,,157.343
2177,6.88703,,142.429,,157.429
2178,6.89011,,142.714,,157.514
2179,6.8932,,143,,157.6
2180,6.8963,,143,,157.686
2181,6.8994,,143,,157.771
2182,6.9025,,143,,157.857
2183,6.90561,,143,,157.943
2184,6.90871,,143,,158.029
2185,6.91181,,143,,158.114
2186,6.91491,,143,,158.2
2187,6.91806,,143,,158.286
2188,6.92122,,143,,158.371
2189,6.92437,,143,,158.457
2190,6.92752,,143,,158.543
2191,6.93067,,143,,158.629
2192,6.93383,,143,,158.714
2193,6.93698,,143,,158.8
2194,6.94008,,143,,158.886
2195,6.94318,,143,,158.971
2196,6.94628,,143,,159.057
2197,6.94938,,143,,159.143
2198,6.95248,,143,,159.229
2199,6.95558,,143,,159.314
2200,6.95868,,143,,159.4
2201,6.96175,,143.143,,159.686
2202,6.96483,,143.286,,159.971
2203,6.9679,,143.429,,160.257
2204,6.97097,,143.571,,160.543
2205,6.97404,,143.714,,160.829
2206,6.97712,,143.857,,161.114
2207,6.98019,,144,,161.4
2208,6.98326,,144,,161.543
2209,6.98632,,144,,161.686
2210,6.98939,,144,,161.829
2211,6.99246,,144,,161.971
2212,6.99553,,144,,162.114
2213,6.99859,,144,,162.257
2214,7.00166,,144,,162.4
2215,7.0046,,144,,162.543
2216,7.00754,,144,,162.686
2217,7.01048,,144,,162.829
2218,7.01342,,144,,162.971
2219,7.01636,,144,,163.114
2220,7.0193,,144,,163.257
2221,7.02224,,144,,163.4
2222,7.02379,,144,,163.4
2223,7.02703,,144.286,,163.229
2224,7.03026,,144.571,,163.057
2225,7.0335,,144.857,,162.886
2226,7.03673,,145.143,,162.714
2227,7.03997,,145.429,,162.543
2228,7.0432,,145.714,,162.371
2229,7.04644,,146,,162.2
2230,7.04983,,146.167,,161.833
2231,7.05323,,146.333,,161.467
2232,7.05662,,146.5,,161.1
2233,7.06001,,146.667,,160.733
2234,7.06341,,146.833,,160.367
2235,7.0668,,147,,160
2236,7.07009,,147,,159.571
2237,7.07338,,147,,159.143
2238,7.07667,,147,,158.714
2239,7.07996,,147,,158.286
2240,7.08325,,147,,157.857
2241,7.08654,,147,,157.429
2242,7.08983,,147,,157
2243,7.093,,146.857,,156.6
2244,7.09617,,146.714,,156.2
2245,7.09934,,146.571,,155.8
2246,7.1025,,146.429,,155.4
2247,7.10567,,146.286,,155
2248,7.10884,,146.143,,154.6
2249,7.11201,,146,,154.2
2250,7.11519,,145.857,,154.171
2251,7.11838,,145.714,,154.143
2252,7.12156,,145.571,,154.114
2253,7.12474,,145.429,,154.086
2254,7.12792,,145.286,,154.057
2255,7.13111,,145.143,,154.029
2256,7.13429,,145,,154
2257,7.13736,,144.857,,153.714
2258,7.14044,,144.714,,153.429
2259,7.14351,,144.571,,153.143
2260,7.14658,,144.429,,152.857
2261,7.14965,,144.286,,152.571
2262,7.15273,,144.143,,152.286
2263,7.1558,,144,,152
2264,7.15898,,143.714,,151.714
2265,7.16217,,143.429,,151.429
2266,7.16535,,143.143,,151.143
2267,7.16853,,142.857,,150.857
2268,7.17171,,142.571,,150.571
2269,7.1749,,142.286,,150.286
2270,7.17808,,142,,150
2271,7.18122,,141.857,,149.771
2272,7.18436,,141.714,,149.543
2273,7.1875,,141.571,,149.314
2274,7.19064,,141.429,,149.086
2275,7.19378,,141.286,,148.857
2276,7.19692,,141.143,,148.629
2277,7.20006,,141,,148.4
2278,7.20319,,141,,148.571
2279,7.20631,,141,,148.743
2280,7.20944,,141,,148.914
2281,7.21256,,141,,149.086
2282,7.21569,,141,,149.257
2283,7.21881,,141,,149.429
2284,7.22194,,141,,149.6
2285,7.22492,,141.143,,149.829
2286,7.22789,,141.286,,150.057
2287,7.23087,,141.429,,150.286
2288,7.23384,,141.571,,150.514
2289,7.23682,,141.714,,150.743
2290,7.23979,,141.857,,150.971
2291,7.24277,,142,,151.2
2292,7.24581,,142.143,,151.257
2293,7.24885,,142.286,,151.314
2294,7.25189,,142.429,,151.371
2295,7.25494,,142.571,,151.429
2296,7.25798,,142.714,,151.486
2297,7.26102,,142.857,,151.543
2298,7.26406,,143,,151.6
2299,7.26695,,143.143,,151.4
2300,7.26983,,143.286,,151.2
2301,7.27272,,143.429,,151
2302,7.27561,,143.571,,150.8
2303,7.2785,,143.714,,150.6
2304,7.28138,,143.857,,150.4
2305,7.28427,,144,,150.2
2306,7.28725,,143.857,,149.771
2307,7.29022,,143.714,,149.343
2308,7.2932,,143.571,,148.914
2309,7.29618,,143.429,,148.486
2310,7.29916,,143.286,,148.057
2311,7.30213,,143.143,,147.629
2312,7.30511,,143,,147.2
2313,7.30828,,142.714,,147.2
2314,7.31146,,142.429,,147.2
2315,7.31463,,142.143,,147.2
2316,7.3178,,141.857,,147.2
2317,7.32097,,141.571,,147.2
2318,7.32415,,141.286,,147.2
2319,7.32732,,141,,147.2
2320,7.33037,,141.286,,147.143
2321,7.33341,,141.571,,147.086
2322,7.33646,,141.857,,147.029
2323,7.3395,,142.143,,146.971
2324,7.34255,,142.429,,146.914
2325,7.34559,,142.714,,146.857
2326,7.34864,,143,,146.8
2327,7.35175,,143,,146.686
2328,7.35485,,143,,146.571
2329,7.35796,,143,,146.457
2330,7.36107,,143,,146.343
2331,7.36418,,143,,146.229
2332,7.36728,,143,,146.114
2333,7.37039,,143,,146
2334,7.37344,,142.857,,146.143
2335,7.3765,,142.714,,146.286
2336,7.37955,,142.571,,146.429
2337,7.3826,,142.429,,146.571
2338,7.38565,,142.286,,146.714
2339,7.38871,,142.143,,146.857
2340,7.39176,,142,,147
2341,7.39525,,142,,147.733
2342,7.39874,,142,,148.467
2343,7.40223,,142,,149.2
2344,7.40573,,142,,149.933
2345,7.40922,,142,,150.667
2346,7.41271,,142,,151.4
2347,7.41606,,142.333,,151.967
2348,7.4194,,142.667,,152.533
2349,7.42274,,143,,153.1
2350,7.42609,,143.333,,153.667
2351,7.42943,,143.667,,154.233
2352,7.43278,,144,,154.8
2353,7.43597,,143.714,,154.971
2354,7.43917,,143.429,,155.143
2355,7.44236,,143.143,,155.314
2356,7.44556,,142.857,,155.486
2357,7.44875,,142.571,,155.657
2358,7.45195,,142.286,,155.829
2359,7.45514,,142,,156
2360,7.45817,,142.143,,155.686
2361,7.4612,,142.286,,155.371
2362,7.46423,,142.429,,155.057
2363,7.46727,,142.571,,154.743
2364,7.4703,,142.714,,154.429
2365,7.47333,,142.857,,154.114
2366,7.47636,,143,,153.8
2367,7.47946,,143,,153.771
2368,7.48257,,143,,153.743
2369,7.48567,,143,,153.714
2370,7.48878,,143,,153.686
2371,7.49188,,143,,153.657
2372,7.49499,,143,,153.629
2373,7.49809,,143,,153.6
2374,7.50137,,143,,153.686
2375,7.50465,,143,,153.771
2376,7.50793,,143,,153.857
2377,7.51122,,143,,153.943
2378,7.5145,,143,,154.029
2379,7.51778,,143,,154.114
2380,7.52106,,143,,154.2
2381,7.52423,,142.857,,154.171
2382,7.52739,,142.714,,154.143
2383,7.53056,,142.571,,154.114
2384,7.53373,,142.429,,154.086
2385,7.5369,,142.286,,154.057
2386,7.54006,,142.143,,154.029
2387,7.54323,,142,,154
2388,7.54644,,142.286,,154.057
2389,7.54965,,142.571,,154.114
2390,7.55286,,142.857,,154.171
2391,7.55607,,143.143,,154.229
2392,7.55928,,143.429,,154.286
2393,7.56249,,143.714,,154.343
2394,7.5657,,144,,154.4
2395,7.56881,,144.143,,154.4
2396,7.57193,,144.286,,154.4
2397,7.57504,,144.429,,154.4
2398,7.57816,,144.571,,154.4
2399,7.58127,,144.714,,154.4
2400,7.58439,,144.857,,154.4
2401,7.5875,,145,,154.4
2402,7.59018,,145,,153.75
2403,7.59286,,145,,153.1
2404,7.59554,,145,,152.45
2405,7.59821,,145,,151.8
2406,7.60089,,145,,151.15
2407,7.60357,,145,,150.5
2408,7.60625,,145,,149.85
2409,7.60893,,145,,149.2
2410,7.61175,,145,,148.75
2411,7.61458,,145,,148.3
2412,7.6174,,145,,147.85
2413,7.62022,,145,,147.4
2414,7.62305,,145,,146.95
2415,7.62587,,145,,146.5
2416,7.6287,,145,,146.05
2417,7.63152,,145,,145.6
2418,7.63475,,145,,145.857
2419,7.63797,,145,,146.114
2420,7.6412,,145,,146.371
2421,7.64442,,145,,146.629
2422,7.64765,,145,,146.886
2423,7.65087,,145,,147.143
2424,7.6541,,145,,147.4
2425,7.65702,,145,,147.943
2426,7.65993,,145,,148.486
2427,7.66285,,145,,149.029
2428,7.66576,,145,,149.571
2429,7.66868,,145,,150.114
2430,7.67159,,145,,150.657
2431,7.67451,,145,,151.2
2432,7.67758,,145.143,,151.829
2433,7.68066,,145.286,,152.457
2434,7.68373,,145.429,,153.086
2435,7.6868,,145.571,,153.714
2436,7.68987,,145.714,,154.343
2437,7.69295,,145.857,,154.971
2438,7.69602,,146,,155.6
2439,7.69884,,145.875,,156.075
2440,7.70166,,145.75,,156.55
2441,7.70448,,145.625,,157.025
2442,7.7073,,145.5,,157.5
2443,7.71012,,145.375,,157.975
2444,7.71294,,145.25,,158.45
2445,7.71576,,145.125,,158.925
2446,7.71858,,145,,159.4
2447,7.72219,,144.833,,159.167
2448,7.72579,,144.667,,158.933
2449,7.7294,,144.5,,158.7
2450,7.733,,144.333,,158.467
2451,7.7366,,144.167,,158.233
2452,7.74021,,144,,158
2453,7.7433,,143.857,,157.943
2454,7.74639,,143.714,,157.886
2455,7.74948,,143.571,,157.829
2456,7.75256,,143.429,,157.771
2457,7.75565,,143.286,,157.714
2458,7.75874,,143.143,,157.657
2459,7.76183,,143,,157.6
2460,7.7645,,143.125,,157.325
2461,7.76717,,143.25,,157.05
2462,7.76983,,143.375,,156.775
2463,7.7725,,143.5,,156.5
2464,7.77517,,143.625,,156.225
2465,7.77783,,143.75,,155.95
2466,7.7805,,143.875,,155.675
2467,7.78317,,144,,155.4
2468,7.78641,,144.429,,155.457
2469,7.78965,,144.857,,155.514
2470,7.79289,,145.286,,155.571
2471,7.79613,,145.714,,155.629
2472,7.79937,,146.143,,155.686
2473,7.80261,,146.571,,155.743
2474,7.80585,,147,,155.8
2475,7.8088,,147.143,,155.771
2476,7.81174,,147.286,,155.743
2477,7.81469,,147.429,,155.714
2478,7.81764,,147.571,,155.686
2479,7.82059,,147.714,,155.657
2480,7.82353,,147.857,,155.629
2481,7.82648,,148,,155.6
2482,7.82971,,148,,155.771
2483,7.83294,,148,,155.943
2484,7.83617,,148,,156.114
2485,7.83941,,148,,156.286
2486,7.84264,,148,,156.457
2487,7.84587,,148,,156.629
2488,7.8491,,148,,156.8
2489,7.85235,,147.857,,156.943
2490,7.85561,,147.714,,157.086
2491,7.85886,,147.571,,157.229
2492,7.86212,,147.429,,157.371
2493,7.86537,,147.286,,157.514
2494,7.86863,,147.143,,157.657
2495,7.87188,,147,,157.8
2496,7.87503,,147,,158.171
2497,7.87819,,147,,158.543
2498,7.88134,,147,,158.914
2499,7.8845,,147,,159.286
2500,7.88765,,147,,159.657
2501,7.89081,,147,,160.029
2502,7.89396,,147,,160.4
2503,7.89701,,147.143,,160.457
2504,7.90006,,147.286,,160.514
2505,7.90311,,147.429,,160.571
2506,7.90617,,147.571,,160.629
2507,7.90922,,147.714,,160.686
2508,7.91227,,147.857,,160.743
2509,7.91532,,148,,160.8
2510,7.91845,,148,,161.057
2511,7.92158,,148,,161.314
2512,7.92471,,148,,161.571
2513,7.92784,,148,,161.829
2514,7.93097,,148,,162.086
2515,7.9341,,148,,162.343
2516,7.93723,,148,,162.6
2517,7.94022,,148.143,,163
2518,7.9432,,148.286,,163.4
2519,7.94619,,148.429,,163.8
2520,7.94917,,148.571,,164.2
2521,7.95216,,148.714,,164.6
2522,7.95514,,148.857,,165
2523,7.95813,,149,,165.4
2524,7.96079,,149,,165.575
2525,7.96345,,149,,165.75
2526,7.96611,,149,,165.925
2527,7.96877,,149,,166.1
2528,7.97143,,149,,166.275
2529,7.97409,,149,,166.45
2530,7.97675,,149,,166.625
2531,7.97941,,149,,166.8
2532,7.98213,,148.75,,167.35
2533,7.98485,,148.5,,167.9
2534,7.98757,,148.25,,168.45
2535,7.99029,,148,,169
2536,7.99302,,147.75,,169.55
2537,7.99574,,147.5,,170.1
2538,7.99846,,147.25,,170.65
2539,8.00118,,147,,171.2
2540,8.00457,,147,,170.9
2541,8.00795,,147,,170.6
2542,8.01134,,147,,170.3
2543,8.01473,,147,,170
2544,8.01811,,147,,169.7
2545,8.0215,,147,,169.4
2546,8.02482,,146.857,,169
2547,8.02814,,146.714,,168.6
2548,8.03146,,146.571,,168.2
2549,8.03477,,146.429,,167.8
2550,8.03809,,146.286,,167.4
2551,8.04141,,146.143,,167
2552,8.04473,,146,,166.6
2553,8.04842,,145.833,,166.167
2554,8.05212,,145.667,,165.733
2555,8.05581,,145.5,,165.3
2556,8.0595,,145.333,,164.867
2557,8.0632,,145.167,,164.433
2558,8.06689,,145,,164
2559,8.07027,,145.167,,164.767
2560,8.07364,,145.333,,165.533
2561,8.07701,,145.5,,166.3
2562,8.08039,,145.667,,167.067
2563,8.08376,,145.833,,167.833
2564,8.08714,,146,,168.6
2565,8.09052,,146,,168.6
2566,8.0939,,146,,168.6
2567,8.09728,,146,,168.6
2568,8.10067,,146,,168.6
2569,8.10405,,146,,168.6
2570,8.10743,,146,,168.6
2571,8.11051,,146,,168.857
2572,8.1136,,146,,169.114
2573,8.11668,,146,,169.371
2574,8.11977,,146,,169.629
2575,8.12285,,146,,169.886
2576,8.12594,,146,,170.143
2577,8.12902,,146,,170.4
2578,8.13192,,146.286,,170.057
2579,8.13481,,146.571,,169.714
2580,8.13771,,146.857,,169.371
2581,8.1406,,147.143,,169.029
2582,8.1435,,147.429,,168.686
2583,8.14639,,147.714,,168.343
2584,8.14929,,148,,168
2585,8.15185,,147.75,,167.45
2586,8.1544,,147.5,,166.9
2587,8.15696,,147.25,,166.35
2588,8.15951,,147,,165.8
2589,8.16207,,146.75,,165.25
2590,8.16463,,146.5,,164.7
2591,8.16718,,146.25,,164.15
2592,8.16974,,146,,163.6
2593,8.17315,,146.167,,164.1
2594,8.17657,,146.333,,164.6
2595,8.17998,,146.5,,165.1
2596,8.18339,,146.667,,165.6
2597,8.18681,,146.833,,166.1
2598,8.19022,,147,,166.6
2599,8.19329,,147.143,,167.029
2600,8.19637,,147.286,,167.457
2601,8.19944,,147.429,,167.886
2602,8.20251,,147.571,,168.314
2603,8.20558,,147.714,,168.743
2604,8.20866,,147.857,,169.171
2605,8.21173,,148,,169.6
2606,8.21489,,147.857,,169.657
2607,8.21806,,147.714,,169.714
2608,8.22122,,147.571,,169.771
2609,8.22439,,147.429,,169.829
2610,8.22755,,147.286,,169.886
2611,8.23072,,147.143,,169.943
2612,8.23388,,147,,170
2613,8.23677,,146.857,,170.229
2614,8.23966,,146.714,,170.457
2615,8.24255,,146.571,,170.686
2616,8.24545,,146.429,,170.914
2617,8.24834,,146.286,,171.143
2618,8.25123,,146.143,,171.371
2619,8.25412,,146,,171.6
2620,8.25691,,146,,171.775
2621,8.2597,,146,,171.95
2622,8.26249,,146,,172.125
2623,8.26529,,146,,172.3
2624,8.26808,,146,,172.475
2625,8.27087,,146,,172.65
2626,8.27366,,146,,172.825
2627,8.27645,,146,,173
2628,8.2795,,146.143,,172.886
2629,8.28255,,146.286,,172.771
2630,8.2856,,146.429,,172.657
2631,8.28864,,146.571,,172.543
2632,8.29169,,146.714,,172.429
2633,8.29474,,146.857,,172.314
2634,8.29779,,147,,172.2
2635,8.30075,,147.286,,172.114
2636,8.30371,,147.571,,172.029
2637,8.30667,,147.857,,171.943
2638,8.30963,,148.143,,171.857
2639,8.31259,,148.429,,171.771
2640,8.31555,,148.714,,171.686
2641,8.31851,,149,,171.6
2642,8.32123,,149.125,,171.625
2643,8.32395,,149.25,,171.65
2644,8.32667,,149.375,,171.675
2645,8.32939,,149.5,,171.7
2646,8.33211,,149.625,,171.725
2647,8.33483,,149.75,,171.75
2648,8.33755,,149.875,,171.775
2649,8.34027,,150,,171.8
2650,8.34309,,150,,172.075
2651,8.34592,,150,,172.35
2652,8.34874,,150,,172.625
2653,8.35157,,150,,172.9
2654,8.35439,,150,,173.175
2655,8.35721,,150,,173.45
2656,8.36004,,150,,173.725
2657,8.36286,,150,,174
2658,8.36572,,150,,174.257
2659,8.36858,,150,,174.514
2660,8.37144,,150,,174.771
2661,8.3743,,150,,175.029
2662,8.37716,,150,,175.286
2663,8.38002,,150,,175.543
2664,8.38288,,150,,175.8
2665,8.38576,,149.875,,175.875
2666,8.38864,,149.75,,175.95
2667,8.39152,,149.625,,176.025
2668,8.3944,,149.5,,176.1
2669,8.39728,,149.375,,176.175
2670,8.40016,,149.25,,176.25
2671,8.40304,,149.125,,176.325
2672,8.40592,,149,,176.4
2673,8.4088,,149.143,,176.514
2674,8.41168,,149.286,,176.629
2675,8.41456,,149.429,,176.743
2676,8.41744,,149.571,,176.857
2677,8.42032,,149.714,,176.971
2678,8.4232,,149.857,,177.086
2679,8.42608,,150,,177.2
2680,8.42916,,150.143,,177.171
2681,8.43224,,150.286,,177.143
2682,8.43532,,150.429,,177.114
2683,8.4384,,150.571,,177.086
2684,8.44148,,150.714,,177.057
2685,8.44456,,150.857,,177.029
2686,8.44764,,151,,177
2687,8.45093,,151.286,,176.971
2688,8.45422,,151.571,,176.943
2689,8.45751,,151.857,,176.914
2690,8.4608,,152.143,,176.886
2691,8.46409,,152.429,,176.857
2692,8.46738,,152.714,,176.829
2693,8.47067,,153,,176.8
2694,8.47388,,153,,176.857
2695,8.4771,,153,,176.914
2696,8.48031,,153,,176.971
2697,8.48352,,153,,177.029
2698,8.48673,,153,,177.086
2699,8.48995,,153,,177.143
2700,8.49316,,153,,177.2
2701,8.49608,,152.857,,177.371
2702,8.499,,152.714,,177.543
2703,8.50192,,152.571,,177.714
2704,8.50485,,152.429,,177.886
2705,8.50777,,152.286,,178.057
2706,8.51069,,152.143,,178.229
2707,8.51361,,152,,178.4
2708,8.51655,,152.143,,178.629
2709,8.51949,,152.286,,178.857
2710,8.52243,,152.429,,179.086
2711,8.52538,,152.571,,179.314
2712,8.52832,,152.714,,179.543
2713,8.53126,,152.857,,179.771
2714,8.5342,,153,,180
2715,8.53717,,153,,180
2716,8.54015,,153,,180
2717,8.54312,,153,,180
2718,8.5461,,153,,180
2719,8.54907,,153,,180
2720,8.55205,,153,,180
2721,8.55502,,153,,180
2722,8.558,,153.143,,180.114
2723,8.56098,,153.286,,180.229
2724,8.56396,,153.429,,180.343
2725,8.56695,,153.571,,180.457
2726,8.56993,,153.714,,180.571
2727,8.57291,,153.857,,180.686
2728,8.57589,,154,,180.8
2729,8.57884,,154,,181.057
2730,8.58179,,154,,181.314
2731,8.58474,,154,,181.571
2732,8.58769,,154,,181.829
2733,8.59064,,154,,182.086
2734,8.59359,,154,,182.343
2735,8.59654,,154,,182.6
2736,8.59945,,154,,182.457
2737,8.60235,,154,,182.314
2738,8.60526,,154,,182.171
2739,8.60816,,154,,182.029
2740,8.61107,,154,,181.886
2741,8.61397,,154,,181.743
2742,8.61688,,154,,181.6
2743,8.62003,,154.143,,181.6
2744,8.62319,,154.286,,181.6
2745,8.62634,,154.429,,181.6
2746,8.6295,,154.571,,181.6
2747,8.63265,,154.714,,181.6
2748,8.63581,,154.857,,181.6
2749,8.63896,,155,,181.6
2750,8.64218,,155,,181.6
2751,8.6454,,155,,181.6
2752,8.64862,,155,,181.6
2753,8.65184,,155,,181.6
2754,8.65506,,155,,181.6
2755,8.65828,,155,,181.6
2756,8.6615,,155,,181.6
2757,8.66494,,154.833,,181.733
2758,8.66838,,154.667,,181.867
2759,8.67183,,154.5,,182
2760,8.67527,,154.333,,182.133
2761,8.67871,,154.167,,182.267
2762,8.68215,,154,,182.4
2763,8.68548,,153.714,,182.543
2764,8.68881,,153.429,,182.686
2765,8.69214,,153.143,,182.829
2766,8.69547,,152.857,,182.971
2767,8.6988,,152.571,,183.114
2768,8.70213,,152.286,,183.257
2769,8.70546,,152,,183.4
2770,8.70888,,151.833,,183.2
2771,8.7123,,151.667,,183
2772,8.71572,,151.5,,182.8
2773,8.71914,,151.333,,182.6
2774,8.72256,,151.167,,182.4
2775,8.72598,,151,,182.2
2776,8.72936,,150.833,,182.1
2777,8.73274,,150.667,,182
2778,8.73611,,150.5,,181.9
2779,8.73949,,150.333,,181.8
2780,8.74287,,150.167,,181.7
2781,8.74625,,150,,181.6
2782,8.74962,,149.833,,181.633
2783,8.75298,,149.667,,181.667
2784,8.75634,,149.5,,181.7
2785,8.75971,,149.333,,181.733
2786,8.76307,,149.167,,181.767
2787,8.76644,,149,,181.8
2788,8.76944,,148.5,,181.333
2789,8.77245,,148,,180.867
2790,8.77545,,147.5,,180.4
2791,8.77845,,147,,179.933
2792,8.78146,,146.5,,179.467
2793,8.78446,,146,,179
2794,8.78747,,146,,178.714
2795,8.79048,,146,,178.429
2796,8.79349,,146,,178.143
2797,8.79651,,146,,177.857
2798,8.79952,,146,,177.571
2799,8.80253,,146,,177.286
2800,8.80554,,146,,177
2801,8.80879,,146.143,,177
2802,8.81205,,146.286,,177
2803,8.8153,,146.429,,177
2804,8.81856,,146.571,,177
2805,8.82181,,146.714,,177
2806,8.82507,,146.857,,177
2807,8.82832,,147,,177
2808,8.83134,,147,,177.086
2809,8.83437,,147,,177.171
2810,8.83739,,147,,177.257
2811,8.84041,,147,,177.343
2812,8.84343,,147,,177.429
2813,8.84646,,147,,177.514
2814,8.84948,,147,,177.6
2815,8.8522,,146.875,,177.3
2816,8.85492,,146.75,,177
2817,8.85764,,146.625,,176.7
2818,8.86036,,146.5,,176.4
2819,8.86308,,146.375,,176.1
2820,8.8658,,146.25,,175.8
2821,8.86852,,146.125,,175.5
2822,8.87124,,146,,175.2
2823,8.87421,,145.857,,174.857
2824,8.87717,,145.714,,174.514
2825,8.88014,,145.571,,174.171
2826,8.88311,,145.429,,173.829
2827,8.88608,,145.286,,173.486
2828,8.88904,,145.143,,173.143
2829,8.89201,,145,,172.8
2830,8.89508,,145,,172.743
2831,8.89814,,145,,172.686
2832,8.90121,,145,,172.629
2833,8.90428,,145,,172.571
2834,8.90735,,145,,172.514
2835,8.91041,,145,,172.457
2836,8.91348,,145,,172.4
2837,8.91682,,145.143,,172.714
2838,8.92017,,145.286,,173.029
2839,8.92351,,145.429,,173.343
2840,8.92686,,145.571,,173.657
2841,8.9302,,145.714,,173.971
2842,8.93355,,145.857,,174.286
2843,8.93689,,146,,174.6
2844,8.94027,,146,,175.1
2845,8.94365,,146,,175.6
2846,8.94703,,146,,176.1
2847,8.95042,,146,,176.6
2848,8.9538,,146,,177.1
2849,8.95718,,146,,177.6
2850,8.9604,,146.143,,177.914
2851,8.96363,,146.286,,178.229
2852,8.96685,,146.429,,178.543
2853,8.97008,,146.571,,178.857
2854,8.9733,,146.714,,179.171
2855,8.97653,,146.857,,179.486
2856,8.97975,,147,,179.8
2857,8.9832,,147.167,,179.9
2858,8.98665,,147.333,,180
2859,8.9901,,147.5,,180.1
2860,8.99356,,147.667,,180.2
2861,8.99701,,147.833,,180.3
2862,9.00046,,148,,180.4
2863,9.00389,,148,,180.533
2864,9.00732,,148,,180.667
2865,9.01075,,148,,180.8
2866,9.01417,,148,,180.933
2867,9.0176,,148,,181.067
2868,9.02103,,148,,181.2
2869,9.02429,,147.857,,181.4
2870,9.02754,,147.714,,181.6
2871,9.0308,,147.571,,181.8
2872,9.03405,,147.429,,182
2873,9.03731,,147.286,,182.2
2874,9.04056,,147.143,,182.4
2875,9.04382,,147,,182.6
2876,9.04716,,147,,182.567
2877,9.0505,,147,,182.533
2878,9.05384,,147,,182.5
2879,9.05718,,147,,182.467
2880,9.06052,,147,,182.433
2881,9.06386,,147,,182.4
2882,9.06708,,147,,182.343
2883,9.07031,,147,,182.286
2884,9.07353,,147,,182.229
2885,9.07675,,147,,182.171
2886,9.07997,,147,,182.114
2887,9.0832,,147,,182.057
2888,9.08642,,147,,182
2889,9.08972,,147,,182.143
2890,9.09301,,147,,182.286
2891,9.09631,,147,,182.429
2892,9.09961,,147,,182.571
2893,9.10291,,147,,182.714
2894,9.1062,,147,,182.857
2895,9.1095,,147,,183
2896,9.11289,,147,,182.867
2897,9.11627,,147,,182.733
2898,9.11966,,147,,182.6
2899,9.12304,,147,,182.467
2900,9.12643,,147,,182.333
2901,9.12981,,147,,182.2
2902,9.13315,,147,,182
2903,9.1365,,147,,181.8
2904,9.13984,,147,,181.6
2905,9.14318,,147,,181.4
2906,9.14653,,147,,181.2
2907,9.14987,,147,,181
2908,9.15316,,147,,180.743
2909,9.15644,,147,,180.486
2910,9.15973,,147,,180.229
2911,9.16302,,147,,179.971
2912,9.16631,,147,,179.714
2913,9.16959,,147,,179.457
2914,9.17288,,147,,179.2
2915,9.17614,,147.143,,179.029
2916,9.17939,,147.286,,178.857
2917,9.18265,,147.429,,178.686
2918,9.18591,,147.571,,178.514
2919,9.18917,,147.714,,178.343
2920,9.19242,,147.857,,178.171
2921,9.19568,,148,,178
2922,9.19905,,148.167,,178.067
2923,9.20243,,148.333,,178.133
2924,9.2058,,148.5,,178.2
2925,9.20918,,148.667,,178.267
2926,9.21256,,148.833,,178.333
2927,9.21593,,149,,178.4
2928,9.21904,,148.857,,178.486
2929,9.22215,,148.714,,178.571
2930,9.22526,,148.571,,178.657
2931,9.22836,,148.429,,178.743
2932,9.23147,,148.286,,178.829
2933,9.23458,,148.143,,178.914
2934,9.23769,,148,,179
2935,9.24106,,148,,179.267
2936,9.24444,,148,,179.533
2937,9.24781,,148,,179.8
2938,9.25118,,148,,180.067
2939,9.25456,,148,,180.333
2940,9.25793,,148,,180.6
2941,9.26097,,148,,180.543
2942,9.26401,,148,,180.486
2943,9.26705,,148,,180.429
2944,9.27009,,148,,180.371
2945,9.27313,,148,,180.314
2946,9.27617,,148,,180.257
2947,9.27921,,148,,180.2
2948,9.28235,,148,,180.229
2949,9.28548,,148,,180.257
2950,9.28862,,148,,180.286
2951,9.29176,,148,,180.314
2952,9.2949,,148,,180.343
2953,9.29803,,148,,180.371
2954,9.30117,,148,,180.4
2955,9.30434,,148,,179.914
2956,9.30752,,148,,179.429
2957,9.31069,,148,,178.943
2958,9.31387,,148,,178.457
2959,9.31704,,148,,177.971
2960,9.32022,,148,,177.486
2961,9.32339,,148,,177
2962,9.32674,,148,,176.933
2963,9.3301,,148,,176.867
2964,9.33345,,148,,176.8
2965,9.3368,,148,,176.733
2966,9.34016,,148,,176.667
2967,9.34351,,148,,176.6
2968,9.34664,,148,,176.457
2969,9.34978,,148,,176.314
2970,9.35291,,148,,176.171
2971,9.35605,,148,,176.029
2972,9.35918,,148,,175.886
2973,9.36232,,148,,175.743
2974,9.36545,,148,,175.6
2975,9.36856,,148,,175.114
2976,9.37167,,148,,174.629
2977,9.37478,,148,,174.143
2978,9.3779,,148,,173.657
2979,9.38101,,148,,173.171
2980,9.38412,,148,,172.686
2981,9.38723,,148,,172.2
2982,9.39043,,148,,172.229
2983,9.39364,,148,,172.257
2984,9.39684,,148,,172.286
2985,9.40004,,148,,172.314
2986,9.40324,,148,,172.343
2987,9.40645,,148,,172.371
2988,9.40965,,148,,172.4
2989,9.41275,,148,,172.8
2990,9.41585,,148,,173.2
2991,9.41895,,148,,173.6
2992,9.42206,,148,,174
2993,9.42516,,148,,174.4
2994,9.42826,,148,,174.8
2995,9.43136,,148,,175.2
2996,9.4345,,147.857,,175.571
2997,9.43765,,147.714,,175.943
2998,9.44079,,147.571,,176.314
2999,9.44394,,147.429,,176.686
3000,9.44708,,147.286,,177.057
3001,9.45023,,147.143,,177.429
3002,9.45337,,147,,177.8
3003,9.45643,,146.714,,177.829
3004,9.45948,,146.429,,177.857
3005,9.46254,,146.143,,177.886
3006,9.4656,,145.857,,177.914
3007,9.46866,,145.571,,177.943
3008,9.47171,,145.286,,177.971
3009,9.47477,,145,,178
3010,9.47771,,145,,177.6
3011,9.48065,,145,,177.2
3012,9.48359,,145,,176.8
3013,9.48653,,145,,176.4
3014,9.48947,,145,,176
3015,9.49241,,145,,175.6
3016,9.49535,,145,,175.2
3017,9.49824,,145,,175.086
3018,9.50114,,145,,174.971
3019,9.50403,,145,,174.857
3020,9.50693,,145,,174.743
3021,9.50982,,145,,174.629
3022,9.51272,,145,,174.514
3023,9.51561,,145,,174.4
3024,9.51868,,145,,174.2
3025,9.52174,,145,,174
3026,9.52481,,145,,173.8
3027,9.52787,,145,,173.6
3028,9.53094,,145,,173.4
3029,9.534,,145,,173.2
3030,9.53707,,145,,173
3031,9.54041,,145.167,,173.067
3032,9.54376,,145.333,,173.133
3033,9.54711,,145.5,,173.2
3034,9.55045,,145.667,,173.267
3035,9.5538,,145.833,,173.333
3036,9.55714,,146,,173.4
3037,9.56028,,146.286,,173.429
3038,9.56342,,146.571,,173.457
3039,9.56656,,146.857,,173.486
3040,9.56969,,147.143,,173.514
3041,9.57283,,147.429,,173.543
3042,9.57597,,147.714,,173.571
3043,9.57911,,148,,173.6
3044,9.58209,,147.857,,173.229
3045,9.58507,,147.714,,172.857
3046,9.58805,,147.571,,172.486
3047,9.59104,,147.429,,172.114
3048,9.59402,,147.286,,171.743
3049,9.597,,147.143,,171.371
3050,9.59998,,147,,171
3051,9.60301,,146.857,,171.114
3052,9.60603,,146.714,,171.229
3053,9.60906,,146.571,,171.343
3054,9.61209,,146.429,,171.457
3055,9.61512,,146.286,,171.571
3056,9.61814,,146.143,,171.686
3057,9.62117,,146,,171.8
3058,9.62432,,145.857,,172
3059,9.62747,,145.714,,172.2
3060,9.63062,,145.571,,172.4
3061,9.63377,,145.429,,172.6
3062,9.63692,,145.286,,172.8
3063,9.64007,,145.143,,173
3064,9.64322,,145,,173.2
3065,9.64618,,144.857,,173.457
3066,9.64915,,144.714,,173.714
3067,9.65211,,144.571,,173.971
3068,9.65507,,144.429,,174.229
3069,9.65803,,144.286,,174.486
3070,9.661,,144.143,,174.743
3071,9.66396,,144,,175
3072,9.66705,,144.143,,175.171
3073,9.67015,,144.286,,175.343
3074,9.67324,,144.429,,175.514
3075,9.67633,,144.571,,175.686
3076,9.67942,,144.714,,175.857
3077,9.68252,,144.857,,176.029
3078,9.68561,,145,,176.2
3079,9.68894,,145.143,,176.314
3080,9.69227,,145.286,,176.429
3081,9.6956,,145.429,,176.543
3082,9.69894,,145.571,,176.657
3083,9.70227,,145.714,,176.771
3084,9.7056,,145.857,,176.886
3085,9.70893,,146,,177
3086,9.71209,,146.286,,177.086
3087,9.71524,,146.571,,177.171
3088,9.7184,,146.857,,177.257
3089,9.72155,,147.143,,177.343
3090,9.72471,,147.429,,177.429
3091,9.72786,,147.714,,177.514
3092,9.73102,,148,,177.6
3093,9.73401,,147.857,,177.514
3094,9.737,,147.714,,177.429
3095,9.73999,,147.571,,177.343
3096,9.74299,,147.429,,177.257
3097,9.74598,,147.286,,177.171
3098,9.74897,,147.143,,177.086
3099,9.75196,,147,,177
3100,9.75498,,147,,176.943
3101,9.75801,,147,,176.886
3102,9.76103,,147,,176.829
3103,9.76406,,147,,176.771
3104,9.76708,,147,,176.714
3105,9.77011,,147,,176.657
3106,9.77313,,147,,176.6
3107,9.77594,,146.875,,176.725
3108,9.77875,,146.75,,176.85
3109,9.78156,,146.625,,176.975
3110,9.78438,,146.5,,177.1
3111,9.78719,,146.375,,177.225
3112,9.79,,146.25,,177.35
3113,9.79281,,146.125,,177.475
3114,9.79562,,146,,177.6
3115,9.79841,,146.25,,177.675
3116,9.8012,,146.5,,177.75
3117,9.804,,146.75,,177.825
3118,9.80679,,147,,177.9
3119,9.80958,,147.25,,177.975
3120,9.81237,,147.5,,178.05
3121,9.81517,,147.75,,178.125
3122,9.81796,,148,,178.2
3123,9.821,,148.143,,178.143
3124,9.82404,,148.286,,178.086
3125,9.82708,,148.429,,178.029
3126,9.83011,,148.571,,177.971
3127,9.83315,,148.714,,177.914
3128,9.83619,,148.857,,177.857
3129,9.83923,,149,,177.8
3130,9.84225,,149.143,,177.743
3131,9.84526,,149.286,,177.686
3132,9.84828,,149.429,,177.629
3133,9.85129,,149.571,,177.571
3134,9.85431,,149.714,,177.514
3135,9.85732,,149.857,,177.457
3136,9.86034,,150,,177.4
3137,9.86348,,150.286,,177.2
3138,9.86661,,150.571,,177
3139,9.86975,,150.857,,176.8
3140,9.87288,,151.143,,176.6
3141,9.87602,,151.429,,176.4
3142,9.87915,,151.714,,176.2
3143,9.88229,,152,,176
3144,9.88569,,152,,175.733
3145,9.8891,,152,,175.467
3146,9.8925,,152,,175.2
3147,9.8959,,152,,174.933
3148,9.89931,,152,,174.667
3149,9.90271,,152,,174.4
3150,9.90578,,152,,174.6
3151,9.90885,,152,,174.8
3152,9.91192,,152,,175
3153,9.91499,,152,,175.2
3154,9.91806,,152,,175.4
3155,9.92113,,152,,175.6
3156,9.9242,,152,,175.8
3157,9.9272,,151.714,,175.886
3158,9.9302,,151.429,,175.971
3159,9.9332,,151.143,,176.057
3160,9.9362,,150.857,,176.143
3161,9.9392,,150.571,,176.229
3162,9.9422,,150.286,,176.314
3163,9.9452,,150,,176.4
3164,9.94803,,149.875,,176.05
3165,9.95087,,149.75,,175.7
3166,9.9537,,149.625,,175.35
3167,9.95654,,149.5,,175
3168,9.95937,,149.375,,174.65
3169,9.96221,,149.25,,174.3
3170,9.96504,,149.125,,173.95
3171,9.96788,,149,,173.6
3172,9.97078,,149.143,,173.514
3173,9.97369,,149.286,,173.429
3174,9.97659,,149.429,,173.343
3175,9.97949,,149.571,,173.257
3176,9.98239,,149.714,,173.171
3177,9.9853,,149.857,,173.086
3178,9.9882,,150,,173
3179,9.99116,,150,,173
3180,9.99412,,150,,173
3181,9.99708,,150,,173
3182,10,,150,,173
3183,10.003,,150,,173
3184,10.006,,149.857,,173.143
3185,10.0089,,149.714,,173.286
3186,10.0119,,149.571,,173.429
3187,10.0149,,149.429,,173.571
3188,10.0178,,149.286,,173.714
3189,10.0208,,149.143,,173.857
3190,10.0237,,149,,174
3191,10.0266,,149.286,,174.371
3192,10.0295,,149.571,,174.743
3193,10.0324,,149.857,,175.114
3194,10.0353,,150.143,,175.486
3195,10.0382,,150.429,,175.857
3196,10.0411,,150.714,,176.229
3197,10.0439,,151,,176.6
3198,10.047,,151.286,,176.886
3199,10.05,,151.571,,177.171
3200,10.0531,,151.857,,177.457
3201,10.0561,,152.143,,177.743
3202,10.0592,,152.429,,178.029
3203,10.0622,,152.714,,178.314
3204,10.0653,,153,,178.6
3205,10.0685,,153,,178.971
3206,10.0717,,153,,179.343
3207,10.0749,,153,,179.714
3208,10.0781,,153,,180.086
3209,10.0813,,153,,180.457
3210,10.0845,,153,,180.829
3211,10.0877,,153,,181.2
3212,10.0909,,152.857,,181.229
3213,10.0941,,152.714,,181.257
3214,10.0973,,152.571,,181.286
3215,10.1006,,152.429,,181.314
3216,10.1038,,152.286,,181.343
3217,10.107,,152.143,,181.371
3218,10.1102,,152,,181.4
3219,10.1135,,151.857,,181.514
3220,10.1167,,151.714,,181.629
3221,10.12,,151.571,,181.743
3222,10.1232,,151.429,,181.857
3223,10.1265,,151.286,,181.971
3224,10.1298,,151.143,,182.086
3225,10.133,,151,,182.2
3226,10.1359,,150.875,,182.425
3227,10.1387,,150.75,,182.65
3228,10.1415,,150.625,,182.875
3229,10.1443,,150.5,,183.1
3230,10.1472,,150.375,,183.325
3231,10.15,,150.25,,183.55
3232,10.1528,,150.125,,183.775
3233,10.1557,,150,,184
3234,10.1586,,150,,184.2
3235,10.1616,,150,,184.4
3236,10.1645,,150,,184.6
3237,10.1675,,150,,184.8
3238,10.1704,,150,,185
3239,10.1734,,150,,185.2
3240,10.1763,,150,,185.4
3241,10.1795,,150.143,,185.371
3242,10.1827,,150.286,,185.343
3243,10.1859,,150.429,,185.314
3244,10.1891,,150.571,,185.286
3245,10.1923,,150.714,,185.257
3246,10.1955,,150.857,,185.229
3247,10.1987,,151,,185.2
3248,10.202,,151.286,,185.2
3249,10.2052,,151.571,,185.2
3250,10.2085,,151.857,,185.2
3251,10.2117,,152.143,,185.2
3252,10.2149,,152.429,,185.2
3253,10.2182,,152.714,,185.2
3254,10.2214,,153,,185.2
3255,10.2247,,153.143,,185.2
3256,10.2279,,153.286,,185.2
3257,10.2311,,153.429,,185.2
3258,10.2344,,153.571,,185.2
3259,10.2376,,153.714,,185.2
3260,10.2408,,153.857,,185.2
3261,10.2441,,154,,185.2
3262,10.2473,,153.857,,185.4
3263,10.2506,,153.714,,185.6
3264,10.2538,,153.571,,185.8
3265,10.2571,,153.429,,186
3266,10.2604,,153.286,,186.2
3267,10.2636,,153.143,,186.4
3268,10.2669,,153,,186.6
3269,10.27,,152.857,,186.943
3270,10.2731,,152.714,,187.286
3271,10.2762,,152.571,,187.629
3272,10.2793,,152.429,,187.971
3273,10.2824,,152.286,,188.314
3274,10.2855,,152.143,,188.657
3275,10.2887,,152,,189
3276,10.2919,,152,,189.286
3277,10.2951,,152,,189.571
3278,10.2983,,152,,189.857
3279,10.3015,,152,,190.143
3280,10.3047,,152,,190.429
3281,10.308,,152,,190.714
3282,10.3112,,152,,191
3283,10.3145,,152,,190.633
3284,10.3179,,152,,190.267
3285,10.3212,,152,,189.9
3286,10.3246,,152,,189.533
3287,10.328,,152,,189.167
3288,10.3313,,152,,188.8
3289,10.3347,,151.833,,188.6
3290,10.3382,,151.667,,188.4
3291,10.3416,,151.5,,188.2
3292,10.345,,151.333,,188
3293,10.3485,,151.167,,187.8
3294,10.3519,,151,,187.6
3295,10.3552,,151,,187.829
3296,10.3585,,151,,188.057
3297,10.3618,,151,,188.286
3298,10.3651,,151,,188.514
3299,10.3684,,151,,188.743
3300,10.3717,,151,,188.971
3301,10.375,,151,,189.2
3302,10.378,,150.857,,189.457
3303,10.381,,150.714,,189.714
3304,10.384,,150.571,,189.971
3305,10.387,,150.429,,190.229
3306,10.39,,150.286,,190.486
3307,10.393,,150.143,,190.743
3308,10.396,,150,,191
3309,10.3991,,150,,190.971
3310,10.4023,,150,,190.943
3311,10.4054,,150,,190.914
3312,10.4085,,150,,190.886
3313,10.4117,,150,,190.857
3314,10.4148,,150,,190.829
3315,10.4179,,150,,190.8
3316,10.421,,149.857,,190.6
3317,10.424,,149.714,,190.4
3318,10.427,,149.571,,190.2
3319,10.43,,149.429,,190
3320,10.4331,,149.286,,189.8
3321,10.4361,,149.143,,189.6
3322,10.4391,,149,,189.4
3323,10.442,,149.125,,189.5
3324,10.4448,,149.25,,189.6
3325,10.4477,,149.375,,189.7
3326,10.4505,,149.5,,189.8
3327,10.4534,,149.625,,189.9
3328,10.4563,,149.75,,190
3329,10.4591,,149.875,,190.1
3330,10.462,,150,,190.2
3331,10.4653,,150.286,,190.371
3332,10.4686,,150.571,,190.543
3333,10.4718,,150.857,,190.714
3334,10.4751,,151.143,,190.886
3335,10.4784,,151.429,,191.057
3336,10.4817,,151.714,,191.229
3337,10.485,,152,,191.4
3338,10.4883,,152,,191.314
3339,10.4916,,152,,191.229
3340,10.4949,,152,,191.143
3341,10.4982,,152,,191.057
3342,10.5014,,152,,190.971
3343,10.5047,,152,,190.886
3344,10.508,,152,,190.8
3345,10.5114,,152,,190.833
3346,10.5148,,152,,190.867
3347,10.5183,,152,,190.9
3348,10.5217,,152,,190.933
3349,10.5251,,152,,190.967
3350,10.5285,,152,,191
3351,10.5317,,152.143,,191.286
3352,10.5349,,152.286,,191.571
3353,10.5381,,152.429,,191.857
3354,10.5413,,152.571,,192.143
3355,10.5445,,152.714,,192.429
3356,10.5477,,152.857,,192.714
3357,10.5509,,153,,193
3358,10.5531,,153,,191.8
3359,10.5558,,152.667,,190.6
3360,10.5584,,152.333,,189.4
3361,10.5611,,152,,188.2
3362,10.5647,,152.5,,187
3363,10.5683,,153,,185.8
3364,10.5718,,153,,185.833
3365,10.5753,,153,,185.867
3366,10.5788,,153,,185.9
3367,10.5823,,153,,185.933
3368,10.5858,,153,,185.967
3369,10.5894,,153,,186
3370,10.5927,,153.167,,185.967
3371,10.5961,,153.333,,185.933
3372,10.5995,,153.5,,185.9
3373,10.6028,,153.667,,185.867
3374,10.6062,,153.833,,185.833
3375,10.6096,,154,,185.8
3376,10.6128,,153.857,,185.8
3377,10.616,,153.714,,185.8
3378,10.6192,,153.571,,185.8
3379,10.6224,,153.429,,185.8
3380,10.6256,,153.286,,185.8
3381,10.6288,,153.143,,185.8
3382,10.632,,153,,185.8
3383,10.6354,,153,,186.067
3384,10.6388,,153,,186.333
3385,10.6423,,153,,186.6
3386,10.6457,,153,,186.867
3387,10.6491,,153,,187.133
3388,10.6525,,153,,187.4
3389,10.656,,152.833,,187.167
3390,10.6594,,152.667,,186.933
3391,10.6628,,152.5,,186.7
3392,10.6662,,152.333,,186.467
3393,10.6697,,152.167,,186.233
3394,10.6731,,152,,186
3395,10.6765,,152,,186.067
3396,10.68,,152,,186.133
3397,10.6835,,152,,186.2
3398,10.6869,,152,,186.267
3399,10.6904,,152,,186.333
3400,10.6938,,152,,186.4
3401,10.6971,,151.714,,186.371
3402,10.7003,,151.429,,186.343
3403,10.7036,,151.143,,186.314
3404,10.7069,,150.857,,186.286
3405,10.7101,,150.571,,186.257
3406,10.7134,,150.286,,186.229
3407,10.7166,,150,,186.2
3408,10.7199,,150,,186.057
3409,10.7232,,150,,185.914
3410,10.7265,,150,,185.771
3411,10.7298,,150,,185.629
3412,10.7331,,150,,185.486
3413,10.7364,,150,,185.343
3414,10.7396,,150,,185.2
3415,10.7428,,149.857,,184.771
3416,10.7459,,149.714,,184.343
3417,10.749,,149.571,,183.914
3418,10.7521,,149.429,,183.486
3419,10.7553,,149.286,,183.057
3420,10.7584,,149.143,,182.629
3421,10.7615,,149,,182.2
3422,10.7645,,149.143,,182.057
3423,10.7676,,149.286,,181.914
3424,10.7706,,149.429,,181.771
3425,10.7736,,149.571,,181.629
3426,10.7766,,149.714,,181.486
3427,10.7796,,149.857,,181.343
3428,10.7827,,150,,181.2
3429,10.7859,,150.286,,181.371
3430,10.7892,,150.571,,181.543
3431,10.7925,,150.857,,181.714
3432,10.7958,,151.143,,181.886
3433,10.7991,,151.429,,182.057
3434,10.8024,,151.714,,182.229
3435,10.8057,,152,,182.4
3436,10.809,,152.143,,182.6
3437,10.8122,,152.286,,182.8
3438,10.8154,,152.429,,183
3439,10.8187,,152.571,,183.2
3440,10.8219,,152.714,,183.4
3441,10.8251,,152.857,,183.6
3442,10.8284,,153,,183.8
3443,10.8316,,153,,183.914
3444,10.8348,,153,,184.029
3445,10.838,,153,,184.143
3446,10.8412,,153,,184.257
3447,10.8444,,153,,184.371
3448,10.8476,,153,,184.486
3449,10.8508,,153,,184.6
3450,10.854,,152.857,,184.486
3451,10.8571,,152.714,,184.371
3452,10.8603,,152.571,,184.257
3453,10.8634,,152.429,,184.143
3454,10.8665,,152.286,,184.029
3455,10.8697,,152.143,,183.914
3456,10.8728,,152,,183.8
3457,10.8758,,151.857,,183.514
3458,10.8788,,151.714,,183.229
3459,10.8818,,151.571,,182.943
3460,10.8848,,151.429,,182.657
3461,10.8878,,151.286,,182.371
3462,10.8908,,151.143,,182.086
3463,10.8938,,151,,181.8
3464,10.897,,151.143,,182
3465,10.9001,,151.286,,182.2
3466,10.9033,,151.429,,182.4
3467,10.9064,,151.571,,182.6
3468,10.9096,,151.714,,182.8
3469,10.9127,,151.857,,183
3470,10.9159,,152,,183.2
3471,10.919,,152,,183.486
3472,10.9221,,152,,183.771
3473,10.9253,,152,,184.057
3474,10.9284,,152,,184.343
3475,10.9315,,152,,184.629
3476,10.9346,,152,,184.914
3477,10.9377,,152,,185.2
3478,10.941,,151.857,,185.2
3479,10.9442,,151.714,,185.2
3480,10.9474,,151.571,,185.2
3481,10.9507,,151.429,,185.2
3482,10.9539,,151.286,,185.2
3483,10.9571,,151.143,,185.2
3484,10.9604,,151,,185.2
3485,10.9637,,151,,184.971
3486,10.967,,151,,184.743
3487,10.9703,,151,,184.514
3488,10.9736,,151,,184.286
3489,10.9769,,151,,184.057
3490,10.9802,,151,,183.829
3491,10.9835,,151,,183.6
3492,10.9867,,150.833,,183.7
3493,10.99,,150.667,,183.8
3494,10.9933,,150.5,,183.9
3495,10.9966,,150.333,,184
3496,10.9998,,150.167,,184.1
3497,11.0031,,150,,184.2
3498,11.0063,,150,,184.286
3499,11.0095,,150,,184.371
3500,11.0127,,150,,184.457
3501,11.016,,150,,184.543
3502,11.0192,,150,,184.629
3503,11.0224,,150,,184.714
3504,11.0256,,150,,184.8
3505,11.0288,,150.143,,185.171
3506,11.0321,,150.286,,185.543
3507,11.0353,,150.429,,185.914
3508,11.0385,,150.571,,186.286
3509,11.0418,,150.714,,186.657
3510,11.045,,150.857,,187.029
3511,11.0483,,151,,187.4
3512,11.0513,,151,,187.314
3513,11.0544,,151,,187.229
3514,11.0574,,151,,187.143
3515,11.0604,,151,,187.057
3516,11.0635,,151,,186.971
3517,11.0665,,151,,186.886
3518,11.0696,,151,,186.8
3519,11.0727,,150.857,,186.571
3520,11.0758,,150.714,,186.343
3521,11.0789,,150.571,,186.114
3522,11.082,,150.429,,185.886
3523,11.0851,,150.286,,185.657
3524,11.0882,,150.143,,185.429
3525,11.0913,,150,,185.2
3526,11.0945,,149.857,,184.771
3527,11.0976,,149.714,,184.343
3528,11.1008,,149.571,,183.914
3529,11.104,,149.429,,183.486
3530,11.1072,,149.286,,183.057
3531,11.1103,,149.143,,182.629
3532,11.1135,,149,,182.2
3533,11.1168,,148.714,,182.057
3534,11.1202,,148.429,,181.914
3535,11.1235,,148.143,,181.771
3536,11.1268,,147.857,,181.629
3537,11.1301,,147.571,,181.486
3538,11.1335,,147.286,,181.343
3539,11.1368,,147,,181.2
3540,11.1401,,146.714,,181.171
3541,11.1434,,146.429,,181.143
3542,11.1468,,146.143,,181.114
3543,11.1501,,145.857,,181.086
3544,11.1534,,145.571,,181.057
3545,11.1567,,145.286,,181.029
3546,11.1601,,145,,181
3547,11.1633,,144.857,,181.629
3548,11.1665,,144.714,,182.257
3549,11.1697,,144.571,,182.886
3550,11.1729,,144.429,,183.514
3551,11.1762,,144.286,,184.143
3552,11.1794,,144.143,,184.771
3553,11.1826,,144,,185.4
3554,11.1857,,144.143,,185.657
3555,11.1888,,144.286,,185.914
3556,11.1919,,144.429,,186.171
3557,11.195,,144.571,,186.429
3558,11.198,,144.714,,186.686
3559,11.2011,,144.857,,186.943
3560,11.2042,,145,,187.2
3561,11.2074,,145,,187.086
3562,11.2106,,145,,186.971
3563,11.2138,,145,,186.857
3564,11.217,,145,,186.743
3565,11.2202,,145,,186.629
3566,11.2234,,145,,186.514
3567,11.2266,,145,,186.4
3568,11.2297,,145,,186.086
3569,11.2328,,145,,185.771
3570,11.2359,,145,,185.457
3571,11.2391,,145,,185.143
3572,11.2422,,145,,184.829
3573,11.2453,,145,,184.514
3574,11.2484,,145,,184.2
3575,11.2517,,145.5,,184.3
3576,11.2549,,146,,184.4
3577,11.2582,,146.5,,184.5
3578,11.2615,,147,,184.6
3579,11.2648,,147.5,,184.7
3580,11.268,,148,,184.8
3581,11.2714,,148.333,,184.9
3582,11.2748,,148.667,,185
3583,11.2782,,149,,185.1
3584,11.2816,,149.333,,185.2
3585,11.285,,149.667,,185.3
3586,11.2884,,150,,185.4
3587,11.2918,,150,,185.167
3588,11.2952,,150,,184.933
3589,11.2985,,150,,184.7
3590,11.3019,,150,,184.467
3591,11.3053,,150,,184.233
3592,11.3087,,150,,184
3593,11.312,,149.857,,183.571
3594,11.3153,,149.714,,183.143
3595,11.3187,,149.571,,182.714
3596,11.322,,149.429,,182.286
3597,11.3254,,149.286,,181.857
3598,11.3287,,149.143,,181.429
3599,11.3321,,149,,181
3600,11.3355,,148.833,,180.667
3601,11.3388,,148.667,,180.333
3602,11.3422,,148.5,,180
3603,11.3456,,148.333,,179.667
3604,11.349,,148.167,,179.333
3605,11.3524,,148,,179
3606,11.3554,,148,,179.029
3607,11.3585,,148,,179.057
3608,11.3615,,148,,179.086
3609,11.3646,,148,,179.114
3610,11.3676,,148,,179.143
3611,11.3707,,148,,179.171
3612,11.3737,,148,,179.2
3613,11.3768,,147.857,,179.229
3614,11.3798,,147.714,,179.257
3615,11.3829,,147.571,,179.286
3616,11.3859,,147.429,,179.314
3617,11.389,,147.286,,179.343
3618,11.392,,147.143,,179.371
3619,11.395,,147,,179.4
3620,11.3981,,146.714,,179.286
3621,11.4011,,146.429,,179.171
3622,11.4042,,146.143,,179.057
3623,11.4072,,145.857,,178.943
3624,11.4103,,145.571,,178.829
3625,11.4133,,145.286,,178.714
3626,11.4164,,145,,178.6
3627,11.4196,,145.143,,178.629
3628,11.4228,,145.286,,178.657
3629,11.426,,145.429,,178.686
3630,11.4293,,145.571,,178.714
3631,11.4325,,145.714,,178.743
3632,11.4357,,145.857,,178.771
3633,11.439,,146,,178.8
3634,11.4421,,146,,178.714
3635,11.4452,,146,,178.629
3636,11.4484,,146,,178.543
3637,11.4515,,146,,178.457
3638,11.4547,,146,,178.371
3639,11.4578,,146,,178.286
3640,11.461,,146,,178.2
3641,11.4641,,146.143,,178
3642,11.4672,,146.286,,177.8
3643,11.4703,,146.429,,177.6
3644,11.4735,,146.571,,177.4
3645,11.4766,,146.714,,177.2
3646,11.4797,,146.857,,177
3647,11.4828,,147,,176.8
3648,11.4861,,147.143,,176.714
3649,11.4894,,147.286,,176.629
3650,11.4926,,147.429,,176.543
3651,11.4959,,147.571,,176.457
3652,11.4991,,147.714,,176.371
3653,11.5024,,147.857,,176.286
3654,11.5057,,148,,176.2
3655,11.5087,,148,,176.571
3656,11.5117,,148,,176.943
3657,11.5147,,148,,177.314
3658,11.5177,,148,,177.686
3659,11.5208,,148,,178.057
3660,11.5238,,148,,178.429
3661,11.5268,,148,,178.8
3662,11.5299,,147.714,,178.943
3663,11.533,,147.429,,179.086
3664,11.5361,,147.143,,179.229
3665,11.5393,,146.857,,179.371
3666,11.5424,,146.571,,179.514
3667,11.5455,,146.286,,179.657
3668,11.5486,,146,,179.8
3669,11.5517,,146,,180
3670,11.5549,,146,,180.2
3671,11.558,,146,,180.4
3672,11.5612,,146,,180.6
3673,11.5643,,146,,180.8
3674,11.5675,,146,,181
3675,11.5706,,146,,181.2
3676,11.5737,,146.143,,181.086
3677,11.5768,,146.286,,180.971
3678,11.5798,,146.429,,180.857
3679,11.5829,,146.571,,180.743
3680,11.586,,146.714,,180.629
3681,11.589,,146.857,,180.514
3682,11.5921,,147,,180.4
3683,11.5952,,146.857,,180.371
3684,11.5983,,146.714,,180.343
3685,11.6014,,146.571,,180.314
3686,11.6045,,146.429,,180.286
3687,11.6076,,146.286,,180.257
3688,11.6107,,146.143,,180.229
3689,11.6139,,146,,180.2
3690,11.6172,,146.333,,180.167
3691,11.6206,,146.667,,180.133
3692,11.6239,,147,,180.1
3693,11.6273,,147.333,,180.067
3694,11.6307,,147.667,,180.033
3695,11.634,,148,,180
3696,11.6373,,148.143,,179.6
3697,11.6406,,148.286,,179.2
3698,11.6439,,148.429,,178.8
3699,11.6472,,148.571,,178.4
3700,11.6505,,148.714,,178
3701,11.6538,,148.857,,177.6
3702,11.6571,,149,,177.2
3703,11.6603,,149.143,,176.686
3704,11.6635,,149.286,,176.171
3705,11.6667,,149.429,,175.657
3706,11.6699,,149.571,,175.143
3707,11.6731,,149.714,,174.629
3708,11.6764,,149.857,,174.114
3709,11.6796,,150,,173.6
3710,11.6825,,150,,173.4
3711,11.6854,,150,,173.2
3712,11.6883,,150,,173
3713,11.6913,,150,,172.8
3714,11.6942,,150,,172.6
3715,11.6971,,150,,172.4
3716,11.7,,150,,172.2
3717,11.7032,,149.857,,172.143
3718,11.7065,,149.714,,172.086
3719,11.7097,,149.571,,172.029
3720,11.7129,,149.429,,171.971
3721,11.7162,,149.286,,171.914
3722,11.7194,,149.143,,171.857
3723,11.7226,,149,,171.8
3724,11.726,,149.167,,172.1
3725,11.7294,,149.333,,172.4
3726,11.7328,,149.5,,172.7
3727,11.7362,,149.667,,173
3728,11.7396,,149.833,,173.3
3729,11.7429,,150,,173.6
3730,11.7459,,150,,173.486
3731,11.7489,,150,,173.371
3732,11.7519,,150,,173.257
3733,11.7549,,150,,173.143
3734,11.7579,,150,,173.029
3735,11.7609,,150,,172.914
3736,11.7639,,150,,172.8
3737,11.7673,,149.667,,173
3738,11.7706,,149.333,,173.2
3739,11.774,,149,,173.4
3740,11.7774,,148.667,,173.6
3741,11.7808,,148.333,,173.8
3742,11.7842,,148,,174
3743,11.7873,,147.857,,174.457
3744,11.7905,,147.714,,174.914
3745,11.7937,,147.571,,175.371
3746,11.7969,,147.429,,175.829
3747,11.8001,,147.286,,176.286
3748,11.8033,,147.143,,176.743
3749,11.8065,,147,,177.2
3750,11.8095,,146.857,,177.543
3751,11.8126,,146.714,,177.886
3752,11.8157,,146.571,,178.229
3753,11.8187,,146.429,,178.571
3754,11.8218,,146.286,,178.914
3755,11.8249,,146.143,,179.257
3756,11.8279,,146,,179.6
3757,11.8309,,146,,179.743
3758,11.8339,,146,,179.886
3759,11.837,,146,,180.029
3760,11.84,,146,,180.171
3761,11.843,,146,,180.314
3762,11.846,,146,,180.457
3763,11.849,,146,,180.6
3764,11.8523,,146.333,,180.567
3765,11.8557,,146.667,,180.533
3766,11.859,,147,,180.5
3767,11.8623,,147.333,,180.467
3768,11.8657,,147.667,,180.433
3769,11.869,,148,,180.4
3770,11.8724,,148,,180.8
3771,11.8757,,148,,181.2
3772,11.879,,148,,181.6
3773,11.8824,,148,,182
3774,11.8857,,148,,182.4
3775,11.889,,148,,182.8
3776,11.8922,,148.143,,182.8
3777,11.8954,,148.286,,182.8
3778,11.8986,,148.429,,182.8
3779,11.9018,,148.571,,182.8
3780,11.9049,,148.714,,182.8
3781,11.9081,,148.857,,182.8
3782,11.9113,,149,,182.8
3783,11.9146,,149,,182.543
3784,11.9178,,149,,182.286
3785,11.9211,,149,,182.029
3786,11.9243,,149,,181.771
3787,11.9276,,149,,181.514
3788,11.9309,,149,,181.257
3789,11.9341,,149,,181
3790,11.9374,,149,,180.657
3791,11.9407,,149,,180.314
3792,11.9441,,149,,179.971
3793,11.9474,,149,,179.629
3794,11.9507,,149,,179.286
3795,11.954,,149,,178.943
3796,11.9573,,149,,178.6
3797,11.9604,,149,,178.314
3798,11.9635,,149,,178.029
3799,11.9666,,149,,177.743
3800,11.9697,,149,,177.457
3801,11.9728,,149,,177.171
3802,11.9759,,149,,176.886
3803,11.979,,149,,176.6
3804,11.9821,,148.857,,176.314
3805,11.9853,,148.714,,176.029
3806,11.9885,,148.571,,175.743
3807,11.9917,,148.429,,175.457
3808,11.9948,,148.286,,175.171
3809,11.998,,148.143,,174.886
3810,12.0012,,148,,174.6
3811,12.0043,,148.143,,174.114
3812,12.0073,,148.286,,173.629
3813,12.0104,,148.429,,173.143
3814,12.0135,,148.571,,172.657
3815,12.0166,,148.714,,172.171
3816,12.0197,,148.857,,171.686
3817,12.0227,,149,,171.2
3818,12.0256,,149.429,,170.943
3819,12.0285,,149.857,,170.686
3820,12.0314,,150.286,,170.429
3821,12.0342,,150.714,,170.171
3822,12.0371,,151.143,,169.914
3823,12.04,,151.571,,169.657
3824,12.0429,,152,,169.4
3825,12.0459,,152,,169.4
3826,12.049,,152,,169.4
3827,12.0521,,152,,169.4
3828,12.0551,,152,,169.4
3829,12.0582,,152,,169.4
3830,12.0612,,152,,169.4
3831,12.0643,,152,,169.4
3832,12.0676,,151.857,,169.629
3833,12.0708,,151.714,,169.857
3834,12.0741,,151.571,,170.086
3835,12.0774,,151.429,,170.314
3836,12.0807,,151.286,,170.543
3837,12.0839,,151.143,,170.771
3838,12.0872,,151,,171
3839,12.0905,,151.143,,171.171
3840,12.0937,,151.286,,171.343
3841,12.097,,151.429,,171.514
3842,12.1002,,151.571,,171.686
3843,12.1035,,151.714,,171.857
3844,12.1067,,151.857,,172.029
3845,12.11,,152,,172.2
3846,12.113,,151.857,,172.086
3847,12.116,,151.714,,171.971
3848,12.119,,151.571,,171.857
3849,12.1221,,151.429,,171.743
3850,12.1251,,151.286,,171.629
3851,12.1281,,151.143,,171.514
3852,12.1311,,151,,171.4
3853,12.1342,,150.857,,171.2
3854,12.1373,,150.714,,171
3855,12.1405,,150.571,,170.8
3856,12.1436,,150.429,,170.6
3857,12.1467,,150.286,,170.4
3858,12.1498,,150.143,,170.2
3859,12.1529,,150,,170
3860,12.1559,,150,,170.057
3861,12.1588,,150,,170.114
3862,12.1618,,150,,170.171
3863,12.1648,,150,,170.229
3864,12.1678,,150,,170.286
3865,12.1707,,150,,170.343
3866,12.1737,,150,,170.4
3867,12.1768,,150,,170.6
3868,12.1799,,150,,170.8
3869,12.1831,,150,,171
3870,12.1862,,150,,171.2
3871,12.1893,,150,,171.4
3872,12.1924,,150,,171.6
3873,12.1955,,150,,171.8
3874,12.1987,,150,,171.771
3875,12.2018,,150,,171.743
3876,12.2049,,150,,171.714
3877,12.208,,150,,171.686
3878,12.2112,,150,,171.657
3879,12.2143,,150,,171.629
3880,12.2174,,150,,171.6
3881,12.2205,,150.286,,171.571
3882,12.2236,,150.571,,171.543
3883,12.2267,,150.857,,171.514
3884,12.2298,,151.143,,171.486
3885,12.2329,,151.429,,171.457
3886,12.236,,151.714,,171.429
3887,12.2391,,152,,171.4
3888,12.2424,,151.857,,171.4
3889,12.2457,,151.714,,171.4
3890,12.2489,,151.571,,171.4
3891,12.2522,,151.429,,171.4
3892,12.2555,,151.286,,171.4
3893,12.2588,,151.143,,171.4
3894,12.262,,151,,171.4
3895,12.2653,,150.857,,171.514
3896,12.2685,,150.714,,171.629
3897,12.2718,,150.571,,171.743
3898,12.275,,150.429,,171.857
3899,12.2782,,150.286,,171.971
3900,12.2815,,150.143,,172.086
3901,12.2847,,150,,172.2
3902,12.2878,,149.857,,172.4
3903,12.2909,,149.714,,172.6
3904,12.294,,149.571,,172.8
3905,12.2971,,149.429,,173
3906,12.3002,,149.286,,173.2
3907,12.3033,,149.143,,173.4
3908,12.3064,,149,,173.6
3909,12.3096,,149.143,,174.029
3910,12.3128,,149.286,,174.457
3911,12.316,,149.429,,174.886
3912,12.3192,,149.571,,175.314
3913,12.3224,,149.714,,175.743
3914,12.3257,,149.857,,176.171
3915,12.3289,,150,,176.6
3916,12.3319,,150,,176.857
3917,12.3349,,150,,177.114
3918,12.3379,,150,,177.371
3919,12.3409,,150,,177.629
3920,12.3439,,150,,177.886
3921,12.3469,,150,,178.143
3922,12.3499,,150,,178.4
3923,12.3529,,150.143,,178.629
3924,12.3559,,150.286,,178.857
3925,12.3589,,150.429,,179.086
3926,12.3619,,150.571,,179.314
3927,12.3649,,150.714,,179.543
3928,12.3679,,150.857,,179.771
3929,12.3709,,151,,180
3930,12.374,,151.143,,180.114
3931,12.3771,,151.286,,180.229
3932,12.3802,,151.429,,180.343
3933,12.3833,,151.571,,180.457
3934,12.3865,,151.714,,180.571
3935,12.3896,,151.857,,180.686
3936,12.3927,,152,,180.8
3937,12.3959,,152,,180.8
3938,12.399,,152,,180.8
3939,12.4022,,152,,180.8
3940,12.4053,,152,,180.8
3941,12.4085,,152,,180.8
3942,12.4116,,152,,180.8
3943,12.4148,,152,,180.8
3944,12.4178,,152,,180.714
3945,12.4208,,152,,180.629
3946,12.4238,,152,,180.543
3947,12.4268,,152,,180.457
3948,12.4298,,152,,180.371
3949,12.4328,,152,,180.286
3950,12.4359,,152,,180.2
3951,12.4389,,152,,180.171
3952,12.4419,,152,,180.143
3953,12.445,,152,,180.114
3954,12.448,,152,,180.086
3955,12.451,,152,,180.057
3956,12.454,,152,,180.029
3957,12.4571,,152,,180
3958,12.4603,,152.143,,180
3959,12.4634,,152.286,,180
3960,12.4666,,152.429,,180
3961,12.4698,,152.571,,180
3962,12.4729,,152.714,,180
3963,12.4761,,152.857,,180
3964,12.4793,,153,,180
3965,12.4826,,153.143,,179.914
3966,12.4859,,153.286,,179.829
3967,12.4892,,153.429,,179.743
3968,12.4926,,153.571,,179.657
3969,12.4959,,153.714,,179.571
3970,12.4992,,153.857,,179.486
3971,12.5025,,154,,179.4
3972,12.5059,,154.167,,179.333
3973,12.5093,,154.333,,179.267
3974,12.5127,,154.5,,179.2
3975,12.5161,,154.667,,179.133
3976,12.5195,,154.833,,179.067
3977,12.5229,,155,,179
3978,12.5265,,155.167,,178.667
3979,12.5302,,155.333,,178.333
3980,12.5339,,155.5,,178
3981,12.5375,,155.667,,177.667
3982,12.5412,,155.833,,177.333
3983,12.5449,,156,,177
3984,12.5483,,155.667,,176.833
3985,12.5517,,155.333,,176.667
3986,12.5552,,155,,176.5
3987,12.5586,,154.667,,176.333
3988,12.562,,154.333,,176.167
3989,12.5655,,154,,176
3990,12.5688,,154,,175.967
3991,12.5722,,154,,175.933
3992,12.5756,,154,,175.9
3993,12.579,,154,,175.867
3994,12.5824,,154,,175.833
3995,12.5857,,154,,175.8
3996,12.5891,,153.857,,175.6
3997,12.5924,,153.714,,175.4
3998,12.5957,,153.571,,175.2
3999,12.599,,153.429,,175
4000,12.6023,,153.286,,174.8
4001,12.6057,,153.143,,174.6
4002,12.609,,153,,174.4
4003,12.6124,,152.667,,174.267
4004,12.6157,,152.333,,174.133
4005,12.6191,,152,,174
4006,12.6225,,151.667,,173.867
4007,12.6258,,151.333,,173.733
4008,12.6292,,151,,173.6
4009,12.6325,,150.4,,173.64
4010,12.6358,,149.8,,173.68
4011,12.639,,149.2,,173.72
4012,12.6423,,148.6,,173.76
4013,12.6456,,148,,173.8
4014,12.6489,,147.857,,173.714
4015,12.6521,,147.714,,173.629
4016,12.6554,,147.571,,173.543
4017,12.6586,,147.429,,173.457
4018,12.6619,,147.286,,173.371
4019,12.6651,,147.143,,173.286
4020,12.6684,,147,,173.2
4021,12.6717,,147.143,,172.971
4022,12.6749,,147.286,,172.743
4023,12.6782,,147.429,,172.514
4024,12.6815,,147.571,,172.286
4025,12.6847,,147.714,,172.057
4026,12.688,,147.857,,171.829
4027,12.6913,,148,,171.6
4028,12.6945,,148.143,,171.343
4029,12.6977,,148.286,,171.086
4030,12.7009,,148.429,,170.829
4031,12.704,,148.571,,170.571
4032,12.7072,,148.714,,170.314
4033,12.7104,,148.857,,170.057
4034,12.7136,,149,,169.8
4035,12.717,,149,,169.733
4036,12.7204,,149,,169.667
4037,12.7238,,149,,169.6
4038,12.7271,,149,,169.533
4039,12.7305,,149,,169.467
4040,12.7339,,149,,169.4
4041,12.7373,,149,,169.133
4042,12.7406,,149,,168.867
4043,12.744,,149,,168.6
4044,12.7474,,149,,168.333
4045,12.7508,,149,,168.067
4046,12.7541,,149,,167.8
4047,12.7575,,148.833,,167.633
4048,12.7608,,148.667,,167.467
4049,12.7642,,148.5,,167.3
4050,12.7675,,148.333,,167.133
4051,12.7708,,148.167,,166.967
4052,12.7742,,148,,166.8
4053,12.7774,,147.857,,166.686
4054,12.7806,,147.714,,166.571
4055,12.7838,,147.571,,166.457
4056,12.787,,147.429,,166.343
4057,12.7903,,147.286,,166.229
4058,12.7935,,147.143,,166.114
4059,12.7967,,147,,166
4060,12.8,,147.143,,166
4061,12.8032,,147.286,,166
4062,12.8065,,147.429,,166
4063,12.8098,,147.571,,166
4064,12.813,,147.714,,166
4065,12.8163,,147.857,,166
4066,12.8196,,148,,166
4067,12.8229,,148,,165.829
4068,12.8262,,148,,165.657
4069,12.8295,,148,,165.486
4070,12.8328,,148,,165.314
4071,12.8361,,148,,165.143
4072,12.8394,,148,,164.971
4073,12.8428,,148,,164.8
4074,12.8461,,148,,164.943
4075,12.8494,,148,,165.086
4076,12.8527,,148,,165.229
4077,12.856,,148,,165.371
4078,12.8594,,148,,165.514
4079,12.8627,,148,,165.657
4080,12.866,,148,,165.8
4081,12.8694,,148,,165.967
4082,12.8728,,148,,166.133
4083,12.8761,,148,,166.3
4084,12.8795,,148,,166.467
4085,12.8829,,148,,166.633
4086,12.8863,,148,,166.8
4087,12.8894,,148,,166.629
4088,12.8926,,148,,166.457
4089,12.8958,,148,,166.286
4090,12.8989,,148,,166.114
4091,12.9021,,148,,165.943
4092,12.9053,,148,,165.771
4093,12.9085,,148,,165.6
4094,12.9117,,148,,165.314
4095,12.915,,148,,165.029
4096,12.9182,,148,,164.743
4097,12.9215,,148,,164.457
4098,12.9248,,148,,164.171
4099,12.928,,148,,163.886
4100,12.9313,,148,,163.6
4101,12.9346,,148,,163.5
4102,12.938,,148,,163.4
4103,12.9412,,147.857,,163.114
4104,12.9445,,147.714,,162.829
4105,12.9478,,147.571,,162.543
4106,12.951,,147.429,,162.257
4107,12.9543,,147.286,,161.971
4108,12.9575,,147.143,,161.686
4109,12.9608,,147,,161.4
4110,12.964,,146.714,,161.086
4111,12.9672,,146.429,,160.771
4112,12.9704,,146.143,,160.457
4113,12.9736,,145.857,,160.143
4114,12.9768,,145.571,,159.829
4115,12.9799,,145.286,,159.514
4116,12.9831,,145,,159.2
4117,12.9863,,145,,159.114
4118,12.9894,,145,,159.029
4119,12.9926,,145,,158.943
4120,12.9958,,145,,158.857
4121,12.9989,,145,,158.771
4122,13.0021,,145,,158.686
4123,13.0052,,145,,158.6
4124,13.0084,,145.286,,158.886
4125,13.0115,,145.571,,159.171
4126,13.0147,,145.857,,159.457
4127,13.0178,,146.143,,159.743
4128,13.021,,146.429,,160.029
4129,13.0241,,146.714,,160.314
4130,13.0273,,147,,160.6
4131,13.0305,,147,,160.743
4132,13.0338,,147,,160.886
4133,13.037,,147,,161.029
4134,13.0402,,147,,161.171
4135,13.0435,,147,,161.314
4136,13.0467,,147,,161.457
4137,13.05,,147,,161.6
4138,13.0534,,147,,161.867
4139,13.0568,,147,,162.133
4140,13.0603,,147,,162.4
4141,13.0637,,147,,162.667
4142,13.0671,,147,,162.933
4143,13.0706,,147,,163.2
4144,13.0738,,146.857,,163.171
4145,13.077,,146.714,,163.143
4146,13.0802,,146.571,,163.114
4147,13.0834,,146.429,,163.086
4148,13.0866,,146.286,,163.057
4149,13.0898,,146.143,,163.029
4150,13.093,,146,,163
4151,13.0962,,146.5,,162.6
4152,13.0994,,147,,162.2
4153,13.1026,,147.5,,161.8
4154,13.1058,,148,,161.4
4155,13.109,,148.5,,161
4156,13.1122,,149,,160.6
4157,13.1152,,149.143,,160.657
4158,13.1183,,149.286,,160.714
4159,13.1213,,149.429,,160.771
4160,13.1244,,149.571,,160.829
4161,13.1274,,149.714,,160.886
4162,13.1305,,149.857,,160.943
4163,13.1336,,150,,161
4164,13.1367,,150,,160.886
4165,13.1398,,150,,160.771
4166,13.1429,,150,,160.657
4167,13.146,,150,,160.543
4168,13.1491,,150,,160.429
4169,13.1522,,150,,160.314
4170,13.1553,,150,,160.2
4171,13.1587,,149.833,,160.433
4172,13.1621,,149.667,,160.667
4173,13.1655,,149.5,,160.9
4174,13.1689,,149.333,,161.133
4175,13.1723,,149.167,,161.367
4176,13.1757,,149,,161.6
4177,13.179,,149.167,,161.6
4178,13.1824,,149.333,,161.6
4179,13.1857,,149.5,,161.6
4180,13.1891,,149.667,,161.6
4181,13.1924,,149.833,,161.6
4182,13.1957,,150,,161.6
4183,13.1988,,150,,161.514
4184,13.2018,,150,,161.429
4185,13.2048,,150,,161.343
4186,13.2078,,150,,161.257
4187,13.2108,,150,,161.171
4188,13.2139,,150,,161.086
4189,13.2169,,150,,161
4190,13.2201,,149.857,,160.743
4191,13.2234,,149.714,,160.486
4192,13.2266,,149.571,,160.229
4193,13.2299,,149.429,,159.971
4194,13.2331,,149.286,,159.714
4195,13.2364,,149.143,,159.457
4196,13.2396,,149,,159.2
4197,13.2427,,149,,159.229
4198,13.2457,,149,,159.257
4199,13.2487,,149,,159.286
4200,13.2517,,149,,159.314
4201,13.2547,,149,,159.343
4202,13.2577,,149,,159.371
4203,13.2608,,149,,159.4
4204,13.2638,,148.857,,159.4
4205,13.2669,,148.714,,159.4
4206,13.2699,,148.571,,159.4
4207,13.273,,148.429,,159.4
4208,13.276,,148.286,,159.4
4209,13.2791,,148.143,,159.4
4210,13.2821,,148,,159.4
4211,13.2854,,148,,159.4
4212,13.2887,,148,,159.4
4213,13.292,,148,,159.4
4214,13.2953,,148,,159.4
4215,13.2986,,148,,159.4
4216,13.3019,,148,,159.4
4217,13.3052,,148,,159.4
4218,13.3086,,148,,159.433
4219,13.312,,148,,159.467
4220,13.3154,,148,,159.5
4221,13.3187,,148,,159.533
4222,13.3221,,148,,159.567
4223,13.3255,,148,,159.6
4224,13.3287,,148,,159.543
4225,13.3319,,148,,159.486
4226,13.335,,148,,159.429
4227,13.3382,,148,,159.371
4228,13.3414,,148,,159.314
4229,13.3446,,148,,159.257
4230,13.3478,,148,,159.2
4231,13.3511,,148.143,,159.114
4232,13.3544,,148.286,,159.029
4233,13.3576,,148.429,,158.943
4234,13.3609,,148.571,,158.857
4235,13.3642,,148.714,,158.771
4236,13.3675,,148.857,,158.686
4237,13.3708,,149,,158.6
4238,13.3738,,149.143,,158.771
4239,13.3768,,149.286,,158.943
4240,13.3799,,149.429,,159.114
4241,13.3829,,149.571,,159.286
4242,13.3859,,149.714,,159.457
4243,13.3889,,149.857,,159.629
4244,13.392,,150,,159.8
4245,13.3952,,150,,159.714
4246,13.3984,,150,,159.629
4247,13.4016,,150,,159.543
4248,13.4048,,150,,159.457
4249,13.408,,150,,159.371
4250,13.4112,,150,,159.286
4251,13.4144,,150,,159.2
4252,13.4177,,150,,159.629
4253,13.421,,150,,160.057
4254,13.4243,,150,,160.486
4255,13.4277,,150,,160.914
4256,13.431,,150,,161.343
4257,13.4343,,150,,161.771
4258,13.4377,,150,,162.2
4259,13.4409,,149.857,,162.343
4260,13.4442,,149.714,,162.486
4261,13.4474,,149.571,,162.629
4262,13.4506,,149.429,,162.771
4263,13.4539,,149.286,,162.914
4264,13.4571,,149.143,,163.057
4265,13.4603,,149,,163.2
4266,13.4634,,149,,163.514
4267,13.4665,,149,,163.829
4268,13.4696,,149,,164.143
4269,13.4727,,149,,164.457
4270,13.4758,,149,,164.771
4271,13.4789,,149,,165.086
4272,13.482,,149,,165.4
4273,13.4852,,149,,165.486
4274,13.4884,,149,,165.571
4275,13.4916,,149,,165.657
4276,13.4948,,149,,165.743
4277,13.498,,149,,165.829
4278,13.5013,,149,,165.914
4279,13.5045,,149,,166
4280,13.5077,,148.857,,166.057
4281,13.511,,148.714,,166.114
4282,13.5142,,148.571,,166.171
4283,13.5175,,148.429,,166.229
4284,13.5207,,148.286,,166.286
4285,13.524,,148.143,,166.343
4286,13.5272,,148,,166.4
4287,13.5304,,148.429,,166.257
4288,13.5336,,148.857,,166.114
4289,13.5368,,149.286,,165.971
4290,13.54,,149.714,,165.829
4291,13.5432,,150.143,,165.686
4292,13.5464,,150.571,,165.543
4293,13.5496,,151,,165.4
4294,13.5527,,150.857,,165.371
4295,13.5558,,150.714,,165.343
4296,13.5589,,150.571,,165.314
4297,13.5621,,150.429,,165.286
4298,13.5652,,150.286,,165.257
4299,13.5683,,150.143,,165.229
4300,13.5714,,150,,165.2
4301,13.5747,,150,,164.9
4302,13.5781,,150,,164.6
4303,13.5814,,150,,164.3
4304,13.5848,,150,,164
4305,13.5881,,150,,163.7
4306,13.5915,,150,,163.4
4307,13.5947,,150,,163.2
4308,13.598,,150,,163
4309,13.6013,,150,,162.8
4310,13.6045,,150,,162.6
4311,13.6078,,150,,162.4
4312,13.6111,,150,,162.2
4313,13.6143,,150,,162
4314,13.6177,,150,,161.8
4315,13.621,,150,,161.6
4316,13.6244,,150,,161.4
4317,13.6277,,150,,161.2
4318,13.6311,,150,,161
4319,13.6344,,150,,160.8
4320,13.6378,,150.167,,160.667
4321,13.6411,,150.333,,160.533
4322,13.6445,,150.5,,160.4
4323,13.6478,,150.667,,160.267
4324,13.6512,,150.833,,160.133
4325,13.6546,,151,,160
4326,13.6576,,150.857,,159.771
4327,13.6607,,150.714,,159.543
4328,13.6638,,150.571,,159.314
4329,13.6668,,150.429,,159.086
4330,13.6699,,150.286,,158.857
4331,13.673,,150.143,,158.629
4332,13.6761,,150,,158.4
4333,13.6793,,149.857,,158.257
4334,13.6825,,149.714,,158.114
4335,13.6857,,149.571,,157.971
4336,13.6889,,149.429,,157.829
4337,13.6921,,149.286,,157.686
4338,13.6953,,149.143,,157.543
4339,13.6985,,149,,157.4
4340,13.7019,,149.167,,157.367
4341,13.7052,,149.333,,157.333
4342,13.7086,,149.5,,157.3
4343,13.7119,,149.667,,157.267
4344,13.7153,,149.833,,157.233
4345,13.7187,,150,,157.2
4346,13.7219,,150,,157.229
4347,13.7251,,150,,157.257
4348,13.7284,,150,,157.286
4349,13.7316,,150,,157.314
4350,13.7348,,150,,157.343
4351,13.7381,,150,,157.371
4352,13.7413,,150,,157.4
4353,13.7443,,150,,157.571
4354,13.7474,,150,,157.743
4355,13.7504,,150,,157.914
4356,13.7534,,150,,158.086
4357,13.7564,,150,,158.257
4358,13.7594,,150,,158.429
4359,13.7624,,150,,158.6
4360,13.7656,,150,,158.686
4361,13.7687,,150,,158.771
4362,13.7718,,150,,158.857
4363,13.7749,,150,,158.943
4364,13.778,,150,,159.029
4365,13.7812,,150,,159.114
4366,13.7843,,150,,159.2
4367,13.7874,,150.143,,159.286
4368,13.7905,,150.286,,159.371
4369,13.7937,,150.429,,159.457
4370,13.7968,,150.571,,159.543
4371,13.7999,,150.714,,159.629
4372,13.803,,150.857,,159.714
4373,13.8062,,151,,159.8
4374,13.8093,,150.857,,159.571
4375,13.8124,,150.714,,159.343
4376,13.8156,,150.571,,159.114
4377,13.8187,,150.429,,158.886
4378,13.8218,,150.286,,158.657
4379,13.8249,,150.143,,158.429
4380,13.8281,,150,,158.2
4381,13.8313,,149.857,,158.171
4382,13.8345,,149.714,,158.143
4383,13.8377,,149.571,,158.114
4384,13.8409,,149.429,,158.086
4385,13.8441,,149.286,,158.057
4386,13.8473,,149.143,,158.029
4387,13.8505,,149,,158
4388,13.8536,,149,,158.143
4389,13.8567,,149,,158.286
4390,13.8598,,149,,158.429
4391,13.8629,,149,,158.571
4392,13.8661,,149,,158.714
4393,13.8692,,149,,158.857
4394,13.8723,,149,,159
4395,13.8754,,149,,159.229
4396,13.8785,,149,,159.457
4397,13.8816,,149,,159.686
4398,13.8848,,149,,159.914
4399,13.8879,,149,,160.143
4400,13.891,,149,,160.371
4401,13.8941,,149,,160.6
4402,13.8973,,149,,160.6
4403,13.9005,,149,,160.6
4404,13.9037,,149,,160.6
4405,13.907,,149,,160.6
4406,13.9102,,149,,160.6
4407,13.9134,,149,,160.6
4408,13.9166,,149,,160.6
4409,13.9197,,149.167,,160.767
4410,13.9227,,149.333,,160.933
4411,13.9258,,149.5,,161.1
4412,13.9289,,149.667,,161.267
4413,13.9319,,149.833,,161.433
4414,13.935,,150,,161.6
4415,13.9381,,150,,161.6
4416,13.9413,,150,,161.6
4417,13.9444,,150,,161.6
4418,13.9476,,150,,161.6
4419,13.9507,,150,,161.6
4420,13.9539,,150,,161.6
4421,13.957,,150,,161.6
4422,13.9603,,150.143,,161.457
4423,13.9635,,150.286,,161.314
4424,13.9667,,150.429,,161.171
4425,13.97,,150.571,,161.029
4426,13.9732,,150.714,,160.886
4427,13.9765,,150.857,,160.743
4428,13.9797,,151,,160.6
4429,13.983,,151,,160.657
4430,13.9863,,151,,160.714
4431,13.9896,,151,,160.771
4432,13.9929,,151,,160.829
4433,13.9962,,151,,160.886
4434,13.9995,,151,,160.943
4435,14.0028,,151,,161
4436,14.0061,,151,,160.943
4437,14.0094,,151,,160.886
4438,14.0128,,151,,160.829
4439,14.0161,,151,,160.771
4440,14.0194,,151,,160.714
4441,14.0227,,151,,160.657
4442,14.026,,151,,160.6
4443,14.029,,151,,160.629
4444,14.0321,,151,,160.657
4445,14.0351,,151,,160.686
4446,14.0382,,151,,160.714
4447,14.0412,,151,,160.743
4448,14.0443,,151,,160.771
4449,14.0473,,151,,160.8
4450,14.0503,,151.143,,161
4451,14.0533,,151.286,,161.2
4452,14.0562,,151.429,,161.4
4453,14.0592,,151.571,,161.6
4454,14.0621,,151.714,,161.8
4455,14.0651,,151.857,,162
4456,14.068,,152,,162.2
4457,14.0711,,152.143,,162.343
4458,14.0742,,152.286,,162.486
4459,14.0772,,152.429,,162.629
4460,14.0803,,152.571,,162.771
4461,14.0834,,152.714,,162.914
4462,14.0864,,152.857,,163.057
4463,14.0895,,153,,163.2
4464,14.0921,,153,,163.2
4465,14.0948,,153,,163.2
4466,14.0974,,153,,163.2
4467,14.1005,,153,,163
4468,14.1036,,153,,162.8
4469,14.1066,,153,,162.6
4470,14.1097,,153,,162.4
4471,14.1128,,153,,162.2
4472,14.1159,,153,,162
4473,14.1189,,153,,161.8
4474,14.1224,,153,,161.7
4475,14.1258,,153,,161.6
4476,14.1293,,153,,161.5
4477,14.1327,,153,,161.4
4478,14.1362,,153,,161.3
4479,14.1396,,153,,161.2
4480,14.143,,153,,161.2
4481,14.1464,,153,,161.2
4482,14.1498,,153,,161.2
4483,14.1532,,153,,161.2
4484,14.1566,,153,,161.2
4485,14.16,,153,,161.2
4486,14.1634,,153,,161.133
4487,14.1668,,153,,161.067
4488,14.1702,,153,,161
4489,14.1736,,153,,160.933
4490,14.177,,153,,160.867
4491,14.1804,,153,,160.8
4492,14.1838,,153,,160.8
4493,14.1873,,153,,160.8
4494,14.1907,,153,,160.8
4495,14.1941,,153,,160.8
4496,14.1976,,153,,160.8
4497,14.201,,153,,160.8
4498,14.2043,,152.857,,160.6
4499,14.2076,,152.714,,160.4
4500,14.2108,,152.571,,160.2
4501,14.2141,,152.429,,160
4502,14.2173,,152.286,,159.8
4503,14.2206,,152.143,,159.6
4504,14.2239,,152,,159.4
4505,14.2271,,152,,159.286
4506,14.2303,,152,,159.171
4507,14.2336,,152,,159.057
4508,14.2368,,152,,158.943
4509,14.24,,152,,158.829
4510,14.2433,,152,,158.714
4511,14.2465,,152,,158.6
4512,14.2496,,152,,158.371
4513,14.2527,,152,,158.143
4514,14.2558,,152,,157.914
4515,14.2589,,152,,157.686
4516,14.262,,152,,157.457
4517,14.2651,,152,,157.229
4518,14.2682,,152,,157
4519,14.2714,,152,,156.686
4520,14.2747,,152,,156.371
4521,14.2779,,152,,156.057
4522,14.2812,,152,,155.743
4523,14.2844,,152,,155.429
4524,14.2876,,152,,155.114
4525,14.2909,,152,,154.8
4526,14.2941,,152,,154.8
4527,14.2973,,152,,154.8
4528,14.3006,,152,,154.8
4529,14.3038,,152,,154.8
4530,14.307,,152,,154.8
4531,14.3102,,152,,154.8
4532,14.3135,,152,,154.8
4533,14.3166,,152,,154.657
4534,14.3197,,152,,154.514
4535,14.3229,,152,,154.371
4536,14.326,,152,,154.229
4537,14.3292,,152,,154.086
4538,14.3323,,152,,153.943
4539,14.3354,,152,,153.8
4540,14.3384,,152,,153.543
4541,14.3413,,152,,153.286
4542,14.3443,,152,,153.029
4543,14.3472,,152,,152.771
4544,14.3502,,152,,152.514
4545,14.3531,,152,,152.257
4546,14.356,,152,,152
4547,14.359,,152,,151.486
4548,14.3619,,152,,150.971
4549,14.3648,,152,,150.457
4550,14.3677,,152,,149.943
4551,14.3706,,152,,149.429
4552,14.3735,,152,,148.914
4553,14.3764,,152,,148.4
4554,14.3795,,151.857,,147.8
4555,14.3827,,151.714,,147.2
4556,14.3859,,151.571,,146.6
4557,14.389,,151.429,,146
4558,14.3922,,151.286,,145.4
4559,14.3954,,151.143,,144.8
4560,14.3985,,151,,144.2
4561,14.4016,,150.857,,143.6
4562,14.4047,,150.714,,143
4563,14.4078,,150.571,,142.4
4564,14.4109,,150.429,,141.8
4565,14.414,,150.286,,141.2
4566,14.4171,,150.143,,140.6
4567,14.4202,,150,,140
4568,14.4233,,150,,139.943
4569,14.4265,,150,,139.886
4570,14.4296,,150,,139.829
4571,14.4328,,150,,139.771
4572,14.4359,,150,,139.714
4573,14.4391,,150,,139.657
4574,14.4422,,150,,139.6
4575,14.4454,,150.143,,140.114
4576,14.4486,,150.286,,140.629
4577,14.4518,,150.429,,141.143
4578,14.4549,,150.571,,141.657
4579,14.4581,,150.714,,142.171
4580,14.4613,,150.857,,142.686
4581,14.4644,,151,,143.2
4582,14.4675,,151.143,,143.514
4583,14.4706,,151.286,,143.829
4584,14.4737,,151.429,,144.143
4585,14.4767,,151.571,,144.457
4586,14.4798,,151.714,,144.771
4587,14.4829,,151.857,,145.086
4588,14.4859,,152,,145.4
4589,14.4891,,151.857,,146
4590,14.4923,,151.714,,146.6
4591,14.4955,,151.571,,147.2
4592,14.4987,,151.429,,147.8
4593,14.5018,,151.286,,148.4
4594,14.505,,151.143,,149
4595,14.5082,,151,,149.6
4596,14.5116,,151.167,,150.333
4597,14.5149,,151.333,,151.067
4598,14.5182,,151.5,,151.8
4599,14.5216,,151.667,,152.533
4600,14.5249,,151.833,,153.267
4601,14.5283,,152,,154
4602,14.5316,,152,,154.3
4603,14.535,,152,,154.6
4604,14.5383,,152,,154.9
4605,14.5417,,152,,155.2
4606,14.545,,152,,155.5
4607,14.5484,,152,,155.8
4608,14.5516,,152.143,,155.743
4609,14.5549,,152.286,,155.686
4610,14.5582,,152.429,,155.629
4611,14.5615,,152.571,,155.571
4612,14.5648,,152.714,,155.514
4613,14.5681,,152.857,,155.457
4614,14.5714,,153,,155.4
4615,14.5747,,153,,155.367
4616,14.5781,,153,,155.333
4617,14.5814,,153,,155.3
4618,14.5848,,153,,155.267
4619,14.5882,,153,,155.233
4620,14.5915,,153,,155.2
4621,14.5946,,153.143,,155.371
4622,14.5977,,153.286,,155.543
4623,14.6008,,153.429,,155.714
4624,14.604,,153.571,,155.886
4625,14.6071,,153.714,,156.057
4626,14.6102,,153.857,,156.229
4627,14.6133,,154,,156.4
4628,14.6164,,153.857,,156.2
4629,14.6196,,153.714,,156
4630,14.6227,,153.571,,155.8
4631,14.6258,,153.429,,155.6
4632,14.629,,153.286,,155.4
4633,14.6321,,153.143,,155.2
4634,14.6352,,153,,155
4635,14.6385,,153,,154.714
4636,14.6418,,153,,154.429
4637,14.6451,,153,,154.143
4638,14.6483,,153,,153.857
4639,14.6516,,153,,153.571
4640,14.6549,,153,,153.286
4641,14.6582,,153,,153
4642,14.6615,,153,,153.086
4643,14.6648,,153,,153.171
4644,14.6681,,153,,153.257
4645,14.6714,,153,,153.343
4646,14.6747,,153,,153.429
4647,14.678,,153,,153.514
4648,14.6813,,153,,153.6
4649,14.6844,,153.143,,153.543
4650,14.6875,,153.286,,153.486
4651,14.6906,,153.429,,153.429
4652,14.6937,,153.571,,153.371
4653,14.6968,,153.714,,153.314
4654,14.6999,,153.857,,153.257
4655,14.7029,,154,,153.2
4656,14.706,,154.143,,153.086
4657,14.7091,,154.286,,152.971
4658,14.7121,,154.429,,152.857
4659,14.7152,,154.571,,152.743
4660,14.7183,,154.714,,152.629
4661,14.7213,,154.857,,152.514
4662,14.7244,,155,,152.4
4663,14.7275,,155.143,,151.943
4664,14.7306,,155.286,,151.486
4665,14.7336,,155.429,,151.029
4666,14.7367,,155.571,,150.571
4667,14.7398,,155.714,,150.114
4668,14.7429,,155.857,,149.657
4669,14.746,,156,,149.2
4670,14.7493,,155.714,,149.114
4671,14.7526,,155.429,,149.029
4672,14.756,,155.143,,148.943
4673,14.7593,,154.857,,148.857
4674,14.7626,,154.571,,148.771
4675,14.766,,154.286,,148.686
4676,14.7693,,154,,148.6
4677,14.7724,,154,,148.029
4678,14.7755,,154,,147.457
4679,14.7786,,154,,146.886
4680,14.7817,,154,,146.314
4681,14.7848,,154,,145.743
4682,14.7879,,154,,145.171
4683,14.791,,154,,144.6
4684,14.794,,154.143,,144.543
4685,14.7969,,154.286,,144.486
4686,14.7999,,154.429,,144.429
4687,14.8028,,154.571,,144.371
4688,14.8057,,154.714,,144.314
4689,14.8087,,154.857,,144.257
4690,14.8116,,155,,144.2
4691,14.8149,,154.857,,144.914
4692,14.8183,,154.714,,145.629
4693,14.8216,,154.571,,146.343
4694,14.8249,,154.429,,147.057
4695,14.8282,,154.286,,147.771
4696,14.8315,,154.143,,148.486
4697,14.8348,,154,,149.2
4698,14.8382,,154,,149.967
4699,14.8416,,154,,150.733
4700,14.845,,154,,151.5
4701,14.8484,,154,,152.267
4702,14.8518,,154,,153.033
4703,14.8551,,154,,153.8
4704,14.8583,,154.286,,154.343
4705,14.8615,,154.571,,154.886
4706,14.8647,,154.857,,155.429
4707,14.8679,,155.143,,155.971
4708,14.8711,,155.429,,156.514
4709,14.8743,,155.714,,157.057
4710,14.8775,,156,,157.6
4711,14.8804,,155.875,,157.8
4712,14.8832,,155.75,,158
4713,14.886,,155.625,,158.2
4714,14.8889,,155.5,,158.4
4715,14.8917,,155.375,,158.6
4716,14.8945,,155.25,,158.8
4717,14.8974,,155.125,,159
4718,14.9002,,155,,159.2
4719,14.9032,,155,,158.686
4720,14.9063,,155,,158.171
4721,14.9093,,155,,157.657
4722,14.9123,,155,,157.143
4723,14.9154,,155,,156.629
4724,14.9184,,155,,156.114
4725,14.9214,,155,,155.6
4726,14.9247,,155,,155.44
4727,14.9279,,155,,155.28
4728,14.9311,,155,,155.12
4729,14.9343,,155,,154.96
4730,14.9375,,155,,154.8
4731,14.9409,,155,,155.1
4732,14.9444,,155,,155.4
4733,14.9478,,155,,155.7
4734,14.9512,,155,,156
4735,14.9546,,155,,156.3
4736,14.958,,155,,156.6
4737,14.9616,,155.333,,157.367
4738,14.9651,,155.667,,158.133
4739,14.9687,,156,,158.9
4740,14.9723,,156.333,,159.667
4741,14.9758,,156.667,,160.433
4742,14.9794,,157,,161.2
4743,14.9826,,157.143,,161.829
4744,14.9859,,157.286,,162.457
4745,14.9891,,157.429,,163.086
4746,14.9923,,157.571,,163.714
4747,14.9955,,157.714,,164.343
4748,14.9988,,157.857,,164.971
4749,15.002,,158,,165.6
4750,15.0054,,157.833,,166.333
4751,15.0088,,157.667,,167.067
4752,15.0122,,157.5,,167.8
4753,15.0156,,157.333,,168.533
4754,15.019,,157.167,,169.267
4755,15.0224,,157,,170
4756,15.0258,,157.167,,170.367
4757,15.0291,,157.333,,170.733
4758,15.0325,,157.5,,171.1
4759,15.0359,,157.667,,171.467
4760,15.0393,,157.833,,171.833
4761,15.0427,,158,,172.2
4762,15.0457,,158,,172.229
4763,15.0488,,158,,172.257
4764,15.0519,,158,,172.286
4765,15.0549,,158,,172.314
4766,15.058,,158,,172.343
4767,15.0611,,158,,172.371
4768,15.0641,,158,,172.4
4769,15.0676,,157.833,,172.5
4770,15.0709,,157.667,,172.6
4771,15.0743,,157.5,,172.7
4772,15.0777,,157.333,,172.8
4773,15.0812,,157.167,,172.9
4774,15.0846,,157,,173
4775,15.0877,,156.857,,173.171
4776,15.0908,,156.714,,173.343
4777,15.0939,,156.571,,173.514
4778,15.0971,,156.429,,173.686
4779,15.1002,,156.286,,173.857
4780,15.1033,,156.143,,174.029
4781,15.1065,,156,,174.2
4782,15.1098,,156,,174
4783,15.1131,,156,,173.8
4784,15.1165,,156,,173.6
4785,15.1198,,156,,173.4
4786,15.1231,,156,,173.2
4787,15.1265,,156,,173
4788,15.1298,,156,,172.967
4789,15.1332,,156,,172.933
4790,15.1366,,156,,172.9
4791,15.14,,156,,172.867
4792,15.1433,,156,,172.833
4793,15.1467,,156,,172.8
4794,15.1496,,155.857,,172.514
4795,15.1526,,155.714,,172.229
4796,15.1555,,155.571,,171.943
4797,15.1584,,155.429,,171.657
4798,15.1614,,155.286,,171.371
4799,15.1643,,155.143,,171.086
4800,15.1672,,155,,170.8
4801,15.1704,,155.143,,170.857
4802,15.1736,,155.286,,170.914
4803,15.1768,,155.429,,170.971
4804,15.18,,155.571,,171.029
4805,15.1832,,155.714,,171.086
4806,15.1864,,155.857,,171.143
4807,15.1896,,156,,171.2
4808,15.1929,,156,,171.114
4809,15.1961,,156,,171.029
4810,15.1993,,156,,170.943
4811,15.2025,,156,,170.857
4812,15.2058,,156,,170.771
4813,15.209,,156,,170.686
4814,15.2122,,156,,170.6
4815,15.2152,,155.714,,170.429
4816,15.2182,,155.429,,170.257
4817,15.2211,,155.143,,170.086
4818,15.2241,,154.857,,169.914
4819,15.2271,,154.571,,169.743
4820,15.2301,,154.286,,169.571
4821,15.2331,,154,,169.4
4822,15.2362,,154.143,,169.457
4823,15.2393,,154.286,,169.514
4824,15.2424,,154.429,,169.571
4825,15.2454,,154.571,,169.629
4826,15.2485,,154.714,,169.686
4827,15.2516,,154.857,,169.743
4828,15.2547,,155,,169.8
4829,15.2579,,155.143,,170
4830,15.2611,,155.286,,170.2
4831,15.2642,,155.429,,170.4
4832,15.2674,,155.571,,170.6
4833,15.2705,,155.714,,170.8
4834,15.2737,,155.857,,171
4835,15.2768,,156,,171.2
4836,15.2799,,156,,171.429
4837,15.2829,,156,,171.657
4838,15.286,,156,,171.886
4839,15.2891,,156,,172.114
4840,15.2921,,156,,172.343
4841,15.2952,,156,,172.571
4842,15.2982,,156,,172.8
4843,15.3013,,156,,172.743
4844,15.3044,,156,,172.686
4845,15.3075,,156,,172.629
4846,15.3106,,156,,172.571
4847,15.3136,,156,,172.514
4848,15.3167,,156,,172.457
4849,15.3198,,156,,172.4
4850,15.3228,,156,,173
4851,15.3257,,156,,173.6
4852,15.3287,,156,,174.2
4853,15.3317,,156,,174.8
4854,15.3346,,156,,175.4
4855,15.3374,,156,,175.825
4856,15.3403,,156,,176.25
4857,15.3431,,156,,176.675
4858,15.346,,156,,177.1
4859,15.3488,,156,,177.525
4860,15.3516,,156,,177.95
4861,15.3545,,156,,178.375
4862,15.3573,,156,,178.8
4863,15.3604,,156,,178.829
4864,15.3636,,156,,178.857
4865,15.3667,,156,,178.886
4866,15.3699,,156,,178.914
4867,15.373,,156,,178.943
4868,15.3762,,156,,178.971
4869,15.3793,,156,,179
4870,15.3824,,156,,178.914
4871,15.3856,,156,,178.829
4872,15.3887,,156,,178.743
4873,15.3918,,156,,178.657
4874,15.3949,,156,,178.571
4875,15.3981,,156,,178.486
4876,15.4012,,156,,178.4
4877,15.4042,,156.143,,178.2
4878,15.4073,,156.286,,178
4879,15.4103,,156.429,,177.8
4880,15.4133,,156.571,,177.6
4881,15.4164,,156.714,,177.4
4882,15.4194,,156.857,,177.2
4883,15.4225,,157,,177
4884,15.4255,,156.857,,176.714
4885,15.4286,,156.714,,176.429
4886,15.4317,,156.571,,176.143
4887,15.4348,,156.429,,175.857
4888,15.4379,,156.286,,175.571
4889,15.4409,,156.143,,175.286
4890,15.444,,156,,175
4891,15.4463,,155.833,,174.633
4892,15.4486,,155.667,,174.267
4893,15.4509,,155.5,,173.9
4894,15.4531,,155.333,,173.533
4895,15.4554,,155.167,,173.167
4896,15.4577,,155,,172.8
4897,15.4604,,154.75,,172.55
4898,15.4631,,154.5,,172.3
4899,15.4658,,154.25,,172.05
4900,15.4685,,154,,171.8
4901,15.4712,,153.75,,171.55
4902,15.4739,,153.5,,171.3
4903,15.4766,,153.25,,171.05
4904,15.4793,,153,,170.8
4905,15.4824,,153.143,,170.8
4906,15.4854,,153.286,,170.8
4907,15.4885,,153.429,,170.8
4908,15.4916,,153.571,,170.8
4909,15.4947,,153.714,,170.8
4910,15.4978,,153.857,,170.8
4911,15.5008,,154,,170.8
4912,15.5039,,153.714,,170.829
4913,15.5069,,153.429,,170.857
4914,15.51,,153.143,,170.886
4915,15.513,,152.857,,170.914
4916,15.5161,,152.571,,170.943
4917,15.5191,,152.286,,170.971
4918,15.5222,,152,,171
4919,15.5253,,151.857,,171.057
4920,15.5283,,151.714,,171.114
4921,15.5314,,151.571,,171.171
4922,15.5344,,151.429,,171.229
4923,15.5375,,151.286,,171.286
4924,15.5405,,151.143,,171.343
4925,15.5436,,151,,171.4
4926,15.5466,,151,,171.314
4927,15.5497,,151,,171.229
4928,15.5528,,151,,171.143
4929,15.5558,,151,,171.057
4930,15.5589,,151,,170.971
4931,15.5619,,151,,170.886
4932,15.565,,151,,170.8
4933,15.5679,,151,,170.4
4934,15.5708,,151,,170
4935,15.5737,,151,,169.6
4936,15.5766,,151,,169.2
4937,15.5795,,151,,168.8
4938,15.5823,,151,,168.4
4939,15.5852,,151,,168
4940,15.5885,,150.857,,167.771
4941,15.5917,,150.714,,167.543
4942,15.595,,150.571,,167.314
4943,15.5982,,150.429,,167.086
4944,15.6014,,150.286,,166.857
4945,15.6047,,150.143,,166.629
4946,15.6079,,150,,166.4
4947,15.6112,,150,,166.571
4948,15.6144,,150,,166.743
4949,15.6177,,150,,166.914
4950,15.6209,,150,,167.086
4951,15.6242,,150,,167.257
4952,15.6274,,150,,167.429
4953,15.6307,,150,,167.6
4954,15.634,,149.857,,167.514
4955,15.6373,,149.714,,167.429
4956,15.6406,,149.571,,167.343
4957,15.6439,,149.429,,167.257
4958,15.6473,,149.286,,167.171
4959,15.6506,,149.143,,167.086
4960,15.6539,,149,,167
4961,15.6573,,148.667,,166.767
4962,15.6607,,148.333,,166.533
4963,15.6641,,148,,166.3
4964,15.6675,,147.667,,166.067
4965,15.6709,,147.333,,165.833
4966,15.6743,,147,,165.6
4967,15.6773,,147,,165.457
4968,15.6804,,147,,165.314
4969,15.6835,,147,,165.171
4970,15.6865,,147,,165.029
4971,15.6896,,147,,164.886
4972,15.6927,,147,,164.743
4973,15.6957,,147,,164.6
4974,15.6988,,147,,164.6
4975,15.7018,,147,,164.6
4976,15.7049,,147,,164.6
4977,15.7079,,147,,164.6
4978,15.711,,147,,164.6
4979,15.714,,147,,164.6
4980,15.7171,,147,,164.6
4981,15.7201,,146.857,,164.657
4982,15.7231,,146.714,,164.714
4983,15.7261,,146.571,,164.771
4984,15.7291,,146.429,,164.829
4985,15.7321,,146.286,,164.886
4986,15.7351,,146.143,,164.943
4987,15.7381,,146,,165
4988,15.7411,,146,,165.057
4989,15.7441,,146,,165.114
4990,15.7472,,146,,165.171
4991,15.7502,,146,,165.229
4992,15.7532,,146,,165.286
4993,15.7562,,146,,165.343
4994,15.7593,,146,,165.4
4995,15.7623,,145.857,,165.571
4996,15.7654,,145.714,,165.743
4997,15.7685,,145.571,,165.914
4998,15.7716,,145.429,,166.086
4999,15.7747,,145.286,,166.257
5000,15.7777,,145.143,,166.429
5001,15.7808,,145,,166.6
5002,15.7836,,145,,166.4
5003,15.7863,,145,,166.2
5004,15.7891,,145,,166
5005,15.7918,,145,,165.8
5006,15.7946,,145,,165.6
5007,15.7974,,145,,165.4
5008,15.8001,,145,,165.2
5009,15.8029,,145,,165
5010,15.8057,,145,,164.971
5011,15.8086,,145,,164.943
5012,15.8115,,145,,164.914
5013,15.8144,,145,,164.886
5014,15.8172,,145,,164.857
5015,15.8201,,145,,164.829
5016,15.823,,145,,164.8
5017,15.8257,,145.125,,164.825
5018,15.8284,,145.25,,164.85
5019,15.8311,,145.375,,164.875
5020,15.8338,,145.5,,164.9
5021,15.8365,,145.625,,164.925
5022,15.8392,,145.75,,164.95
5023,15.8419,,145.875,,164.975
5024,15.8446,,146,,165
5025,15.8475,,146,,164.771
5026,15.8504,,146,,164.543
5027,15.8533,,146,,164.314
5028,15.8562,,146,,164.086
5029,15.8592,,146,,163.857
5030,15.8621,,146,,163.629
5031,15.865,,146,,163.4
5032,15.8681,,146.286,,163.371
5033,15.8712,,146.571,,163.343
5034,15.8743,,146.857,,163.314
5035,15.8775,,147.143,,163.286
5036,15.8806,,147.429,,163.257
5037,15.8837,,147.714,,163.229
5038,15.8868,,148,,163.2
5039,15.89,,148,,163.229
5040,15.8932,,148,,163.257
5041,15.8964,,148,,163.286
5042,15.8996,,148,,163.314
5043,15.9027,,148,,163.343
5044,15.9059,,148,,163.371
5045,15.9091,,148,,163.4
5046,15.9121,,147.857,,163.457
5047,15.915,,147.714,,163.514
5048,15.918,,147.571,,163.571
5049,15.921,,147.429,,163.629
5050,15.9239,,147.286,,163.686
5051,15.9269,,147.143,,163.743
5052,15.9298,,147,,163.8
5053,15.933,,147,,163.7
5054,15.9361,,147,,163.6
5055,15.939,,146.857,,163.6
5056,15.9419,,146.714,,163.6
5057,15.9449,,146.571,,163.6
5058,15.9478,,146.429,,163.6
5059,15.9507,,146.286,,163.6
5060,15.9536,,146.143,,163.6
5061,15.9565,,146,,163.6
5062,15.9593,,146.125,,163.55
5063,15.9621,,146.25,,163.5
5064,15.9649,,146.375,,163.45
5065,15.9676,,146.5,,163.4
5066,15.9704,,146.625,,163.35
5067,15.9732,,146.75,,163.3
5068,15.976,,146.875,,163.25
5069,15.9788,,147,,163.2
5070,15.982,,147.143,,163.257
5071,15.9852,,147.286,,163.314
5072,15.9884,,147.429,,163.371
5073,15.9917,,147.571,,163.429
5074,15.9949,,147.714,,163.486
5075,15.9981,,147.857,,163.543
5076,16.0013,,148,,163.6
5077,16.0047,,147.667,,163.6
5078,16.0081,,147.333,,163.6
5079,16.0114,,147,,163.6
5080,16.0148,,146.667,,163.6
5081,16.0181,,146.333,,163.6
5082,16.0215,,146,,163.6
5083,16.0248,,146,,163.457
5084,16.0281,,146,,163.314
5085,16.0313,,146,,163.171
5086,16.0346,,146,,163.029
5087,16.0379,,146,,162.886
5088,16.0412,,146,,162.743
5089,16.0444,,146,,162.6
5090,16.0475,,146,,162.686
5091,16.0506,,146,,162.771
5092,16.0537,,146,,162.857
5093,16.0568,,146,,162.943
5094,16.0599,,146,,163.029
5095,16.063,,146,,163.114
5096,16.0661,,146,,163.2
5097,16.0689,,146,,163.325
5098,16.0718,,146,,163.45
5099,16.0746,,146,,163.575
5100,16.0775,,146,,163.7
5101,16.0803,,146,,163.825
5102,16.0832,,146,,163.95
5103,16.086,,146,,164.075
5104,16.0889,,146,,164.2
5105,16.092,,145.714,,164.029
5106,16.095,,145.429,,163.857
5107,16.0981,,145.143,,163.686
5108,16.1012,,144.857,,163.514
5109,16.1042,,144.571,,163.343
5110,16.1073,,144.286,,163.171
5111,16.1104,,144,,163
5112,16.1134,,144,,162.629
5113,16.1165,,144,,162.257
5114,16.1196,,144,,161.886
5115,16.1226,,144,,161.514
5116,16.1257,,144,,161.143
5117,16.1288,,144,,160.771
5118,16.1318,,144,,160.4
5119,16.1348,,144.143,,160.486
5120,16.1378,,144.286,,160.571
5121,16.1408,,144.429,,160.657
5122,16.1438,,144.571,,160.743
5123,16.1468,,144.714,,160.829
5124,16.1498,,144.857,,160.914
5125,16.1528,,145,,161
5126,16.1555,,145.125,,161.25
5127,16.1583,,145.25,,161.5
5128,16.1611,,145.375,,161.75
5129,16.1639,,145.5,,162
5130,16.1666,,145.625,,162.25
5131,16.1694,,145.75,,162.5
5132,16.1722,,145.875,,162.75
5133,16.175,,146,,163
5134,16.1778,,146,,162.9
5135,16.1807,,146,,162.8
5136,16.1836,,146,,162.7
5137,16.1865,,146,,162.6
5138,16.1893,,146,,162.5
5139,16.1922,,146,,162.4
5140,16.1951,,146,,162.3
5141,16.198,,146,,162.2
5142,16.2013,,145.833,,162.133
5143,16.2047,,145.667,,162.067
5144,16.208,,145.5,,162
5145,16.2114,,145.333,,161.933
5146,16.2147,,145.167,,161.867
5147,16.2181,,145,,161.8
5148,16.2213,,144.857,,161.857
5149,16.2245,,144.714,,161.914
5150,16.2277,,144.571,,161.971
5151,16.231,,144.429,,162.029
5152,16.2342,,144.286,,162.086
5153,16.2374,,144.143,,162.143
5154,16.2406,,144,,162.2
5155,16.2438,,144,,162.114
5156,16.2469,,144,,162.029
5157,16.25,,144,,161.943
5158,16.2531,,144,,161.857
5159,16.2562,,144,,161.771
5160,16.2593,,144,,161.686
5161,16.2625,,144,,161.6
5162,16.2658,,144.286,,161.571
5163,16.2691,,144.571,,161.543
5164,16.2724,,144.857,,161.514
5165,16.2757,,145.143,,161.486
5166,16.279,,145.429,,161.457
5167,16.2823,,145.714,,161.429
5168,16.2856,,146,,161.4
5169,16.2887,,146,,161.514
5170,16.2918,,146,,161.629
5171,16.2949,,146,,161.743
5172,16.298,,146,,161.857
5173,16.3011,,146,,161.971
5174,16.3042,,146,,162.086
5175,16.3073,,146,,162.2
5176,16.3104,,145.857,,162.343
5177,16.3134,,145.714,,162.486
5178,16.3165,,145.571,,162.629
5179,16.3195,,145.429,,162.771
5180,16.3226,,145.286,,162.914
5181,16.3256,,145.143,,163.057
5182,16.3287,,145,,163.2
5183,16.3318,,144.857,,163.143
5184,16.3349,,144.714,,163.086
5185,16.3379,,144.571,,163.029
5186,16.341,,144.429,,162.971
5187,16.3441,,144.286,,162.914
5188,16.3472,,144.143,,162.857
5189,16.3503,,144,,162.8
5190,16.3534,,144,,162.714
5191,16.3564,,144,,162.629
5192,16.3595,,144,,162.543
5193,16.3625,,144,,162.457
5194,16.3656,,144,,162.371
5195,16.3686,,144,,162.286
5196,16.3716,,144,,162.2
5197,16.3748,,144.143,,162
5198,16.3779,,144.286,,161.8
5199,16.381,,144.429,,161.6
5200,16.3841,,144.571,,161.4
5201,16.3872,,144.714,,161.2
5202,16.3904,,144.857,,161
5203,16.3935,,145,,160.8
5204,16.3965,,145.143,,160.714
5205,16.3995,,145.286,,160.629
5206,16.4025,,145.429,,160.543
5207,16.4055,,145.571,,160.457
5208,16.4085,,145.714,,160.371
5209,16.4115,,145.857,,160.286
5210,16.4145,,146,,160.2
5211,16.4176,,146,,159.943
5212,16.4207,,146,,159.686
5213,16.4238,,146,,159.429
5214,16.4269,,146,,159.171
5215,16.43,,146,,158.914
5216,16.4331,,146,,158.657
5217,16.4363,,146,,158.4
5218,16.4393,,146.143,,158.371
5219,16.4423,,146.286,,158.343
5220,16.4453,,146.429,,158.314
5221,16.4483,,146.571,,158.286
5222,16.4513,,146.714,,158.257
5223,16.4543,,146.857,,158.229
5224,16.4573,,147,,158.2
5225,16.4606,,147.143,,158.057
5226,16.4638,,147.286,,157.914
5227,16.4671,,147.429,,157.771
5228,16.4703,,147.571,,157.629
5229,16.4736,,147.714,,157.486
5230,16.4768,,147.857,,157.343
5231,16.4801,,148,,157.2
5232,16.4831,,148,,157.114
5233,16.4862,,148,,157.029
5234,16.4893,,148,,156.943
5235,16.4924,,148,,156.857
5236,16.4954,,148,,156.771
5237,16.4985,,148,,156.686
5238,16.5016,,148,,156.6
5239,16.5046,,147.857,,156.629
5240,16.5076,,147.714,,156.657
5241,16.5106,,147.571,,156.686
5242,16.5136,,147.429,,156.714
5243,16.5166,,147.286,,156.743
5244,16.5196,,147.143,,156.771
5245,16.5226,,147,,156.8
5246,16.5257,,146.857,,156.771
5247,16.5288,,146.714,,156.743
5248,16.5319,,146.571,,156.714
5249,16.535,,146.429,,156.686
5250,16.5382,,146.286,,156.657
5251,16.5413,,146.143,,156.629
5252,16.5444,,146,,156.6
5253,16.5474,,146,,156.571
5254,16.5503,,146,,156.543
5255,16.5533,,146,,156.514
5256,16.5562,,146,,156.486
5257,16.5592,,146,,156.457
5258,16.5622,,146,,156.429
5259,16.5651,,146,,156.4
5260,16.5683,,146.143,,156.514
5261,16.5714,,146.286,,156.629
5262,16.5746,,146.429,,156.743
5263,16.5777,,146.571,,156.857
5264,16.5809,,146.714,,156.971
5265,16.584,,146.857,,157.086
5266,16.5872,,147,,157.2
5267,16.5903,,146.857,,157.486
5268,16.5934,,146.714,,157.771
5269,16.5965,,146.571,,158.057
5270,16.5996,,146.429,,158.343
5271,16.6027,,146.286,,158.629
5272,16.6058,,146.143,,158.914
5273,16.609,,146,,159.2
5274,16.6122,,145.857,,159.343
5275,16.6154,,145.714,,159.486
5276,16.6186,,145.571,,159.629
5277,16.6218,,145.429,,159.771
5278,16.625,,145.286,,159.914
5279,16.6282,,145.143,,160.057
5280,16.6314,,145,,160.2
5281,16.6344,,144.857,,160.343
5282,16.6374,,144.714,,160.486
5283,16.6404,,144.571,,160.629
5284,16.6435,,144.429,,160.771
5285,16.6465,,144.286,,160.914
5286,16.6495,,144.143,,161.057
5287,16.6525,,144,,161.2
5288,16.6555,,144,,161.371
5289,16.6586,,144,,161.543
5290,16.6616,,144,,161.714
5291,16.6647,,144,,161.886
5292,16.6677,,144,,162.057
5293,16.6708,,144,,162.229
5294,16.6738,,144,,162.4
5295,16.677,,144.143,,162.429
5296,16.6802,,144.286,,162.457
5297,16.6833,,144.429,,162.486
5298,16.6865,,144.571,,162.514
5299,16.6897,,144.714,,162.543
5300,16.6928,,144.857,,162.571
5301,16.696,,145,,162.6
5302,16.6991,,145.286,,162.743
5303,16.7022,,145.571,,162.886
5304,16.7053,,145.857,,163.029
5305,16.7083,,146.143,,163.171
5306,16.7114,,146.429,,163.314
5307,16.7145,,146.714,,163.457
5308,16.7176,,147,,163.6
5309,16.7206,,147,,163.771
5310,16.7237,,147,,163.943
5311,16.7267,,147,,164.114
5312,16.7297,,147,,164.286
5313,16.7328,,147,,164.457
5314,16.7358,,147,,164.629
5315,16.7388,,147,,164.8
5316,16.7418,,147.143,,164.829
5317,16.7448,,147.286,,164.857
5318,16.7478,,147.429,,164.886
5319,16.7508,,147.571,,164.914
5320,16.7538,,147.714,,164.943
5321,16.7568,,147.857,,164.971
5322,16.7598,,148,,165
5323,16.7627,,148,,164.971
5324,16.7656,,148,,164.943
5325,16.7685,,148,,164.914
5326,16.7715,,148,,164.886
5327,16.7744,,148,,164.857
5328,16.7773,,148,,164.829
5329,16.7802,,148,,164.8
5330,16.7833,,148.286,,164.829
5331,16.7863,,148.571,,164.857
5332,16.7894,,148.857,,164.886
5333,16.7924,,149.143,,164.914
5334,16.7955,,149.429,,164.943
5335,16.7985,,149.714,,164.971
5336,16.8016,,150,,165
5337,16.8045,,150,,165.143
5338,16.8075,,150,,165.286
5339,16.8104,,150,,165.429
5340,16.8134,,150,,165.571
5341,16.8163,,150,,165.714
5342,16.8192,,150,,165.857
5343,16.8222,,150,,166
5344,16.8249,,150.125,,165.8
5345,16.8276,,150.25,,165.6
5346,16.8303,,150.375,,165.4
5347,16.833,,150.5,,165.2
5348,16.8357,,150.625,,165
5349,16.8384,,150.75,,164.8
5350,16.8411,,150.875,,164.6
5351,16.8438,,151,,164.4
5352,16.8467,,151.125,,164.275
5353,16.8495,,151.25,,164.15
5354,16.8523,,151.375,,164.025
5355,16.8552,,151.5,,163.9
5356,16.858,,151.625,,163.775
5357,16.8608,,151.75,,163.65
5358,16.8637,,151.875,,163.525
5359,16.8665,,152,,163.4
5360,16.8692,,151.875,,163.4
5361,16.8718,,151.75,,163.4
5362,16.8745,,151.625,,163.4
5363,16.8771,,151.5,,163.4
5364,16.8798,,151.375,,163.4
5365,16.8824,,151.25,,163.4
5366,16.8851,,151.125,,163.4
5367,16.8878,,151,,163.4
5368,16.8903,,151.125,,163.4
5369,16.8928,,151.25,,163.4
5370,16.8954,,151.375,,163.4
5371,16.8979,,151.5,,163.4
5372,16.9004,,151.625,,163.4
5373,16.903,,151.75,,163.4
5374,16.9055,,151.875,,163.4
5375,16.908,,152,,163.4
5376,16.91,,152,,163.36
5377,16.9119,,152,,163.32
5378,16.9139,,152,,163.28
5379,16.9159,,152,,163.24
5380,16.9178,,152,,163.2
5381,16.9204,,151.857,,163.343
5382,16.923,,151.714,,163.486
5383,16.9256,,151.571,,163.629
5384,16.9282,,151.429,,163.771
5385,16.9308,,151.286,,163.914
5386,16.9334,,151.143,,164.057
5387,16.9359,,151,,164.2
5388,16.9391,,150.75,,164.5
5389,16.9422,,150.5,,164.8
5390,16.9453,,150.25,,165.1
5391,16.9484,,150,,165.4
