secs,km,power,hr,cad,alt
0,0,,62,,104
1,0.00025,,63,,104.8
2,0.00196,,63,,105.6
3,0.00486,,63,,105.857
4,0.00776,,63,,106.114
5,0.01066,,63,,106.371
6,0.01356,,63,,106.629
7,0.01646,,63,,106.886
8,0.01936,,63,,107.143
9,0.02226,,63,,107.4
10,0.02557,,64,,107.733
11,0.02888,,65,,108.067
12,0.03219,,66,,108.4
13,0.03537,,67,,108.8
14,0.0389575,,68,,108.7
15,0.042545,,69,,108.6
16,0.0461325,,70,,108.5
17,0.04972,,71,,108.4
18,0.05337,,72.5,,108.2
19,0.05702,,74,,108
20,0.06055,,76,,107.8
21,0.06408,,78,,107.6
22,0.06728,,79.5,,107.5
23,0.07048,,81,,107.4
24,0.07383,,81.3333,,107.867
25,0.07718,,81.6667,,108.333
26,0.08053,,82,,108.8
27,0.08388,,82.3333,,109.267
28,0.08723,,82.6667,,109.733
29,0.09058,,83,,110.2
30,0.0906875,,83.6667,,110.6
31,0.090795,,84.3333,,111
32,0.0909025,,85,,111.4
33,0.09101,,85.6667,,111.8
34,0.0911175,,86.3333,,112.2
35,0.091225,,87,,112.6
36,0.0913325,,87.6667,,113
37,0.09144,,88.3333,,113.4
38,0.0915475,,89,,113.8
39,0.091655,,89.6667,,114.2
40,0.0917625,,90.3333,,114.6
41,0.09187,,91,,115
42,0.0941667,,92,,115.267
43,0.0964633,,93,,115.533
44,0.09876,,94,,115.8
45,0.10137,,95,,116.6
46,0.104593,,96,,117.25
47,0.107815,,97,,117.9
48,0.111037,,98,,118.55
49,0.11426,,99,,119.2
50,0.1187,,99,,120.2
51,0.123182,,99,,120.36
52,0.127664,,99,,120.52
53,0.132146,,99,,120.68
54,0.136628,,99,,120.84
55,0.14111,,99,,121
56,0.144993,,99.1667,,121.233
57,0.148877,,99.3333,,121.467
58,0.15276,,99.5,,121.7
59,0.156643,,99.6667,,121.933
60,0.160527,,99.8333,,122.167
61,0.16441,,100,,122.4
62,0.167823,,100.167,,122.767
63,0.171237,,100.333,,123.133
64,0.17465,,100.5,,123.5
65,0.178063,,100.667,,123.867
66,0.181477,,100.833,,124.233
67,0.18489,,101,,124.6
68,0.187802,,101.5,,124.067
69,0.190713,,102,,123.533
70,0.193625,,102.5,,123
71,0.196537,,103,,122.467
72,0.199448,,103.5,,121.933
73,0.20236,,104,,121.4
74,0.205656,,104.286,,121.029
75,0.208951,,104.571,,120.657
76,0.212247,,104.857,,120.286
77,0.215543,,105.143,,119.914
78,0.218839,,105.429,,119.543
79,0.222134,,105.714,,119.171
80,0.22543,,106,,118.8
81,0.228162,,106.6,,118.72
82,0.230894,,107.2,,118.64
83,0.233626,,107.8,,118.56
84,0.236358,,108.4,,118.48
85,0.23909,,109,,118.4
86,0.242193,,109.429,,118.2
87,0.245296,,109.857,,118
88,0.248399,,110.286,,117.8
89,0.251501,,110.714,,117.6
90,0.254604,,111.143,,117.4
91,0.257707,,111.571,,117.2
92,0.26081,,112,,117
93,0.264812,,112.6,,116.92
94,0.268814,,113.2,,116.84
95,0.272816,,113.8,,116.76
96,0.276818,,114.4,,116.68
97,0.28082,,115,,116.6
98,0.283759,,115.286,,116.457
99,0.286697,,115.571,,116.314
100,0.289636,,115.857,,116.171
101,0.292574,,116.143,,116.029
102,0.295513,,116.429,,115.886
103,0.298451,,116.714,,115.743
104,0.30139,,117,,115.6
105,0.304606,,117.6,,115.44
106,0.307822,,118.2,,115.28
107,0.311038,,118.8,,115.12
108,0.314254,,119.4,,114.96
109,0.31747,,120,,114.8
110,0.320634,,120.143,,114.514
111,0.323799,,120.286,,114.229
112,0.326963,,120.429,,113.943
113,0.330127,,120.571,,113.657
114,0.333291,,120.714,,113.371
115,0.336456,,120.857,,113.086
116,0.33962,,121,,112.8
117,0.343198,,121,,112.5
118,0.346777,,121,,112.2
119,0.350355,,121,,111.9
120,0.353933,,121,,111.6
121,0.357512,,121,,111.3
122,0.36109,,121,,111
123,0.36461,,121.167,,110.767
124,0.36813,,121.333,,110.533
125,0.37165,,121.5,,110.3
126,0.37517,,121.667,,110.067
127,0.37869,,121.833,,109.833
128,0.38221,,122,,109.6
129,0.385897,,122,,109.267
130,0.389583,,122,,108.933
131,0.39327,,122,,108.6
132,0.396957,,122,,108.267
133,0.400643,,122,,107.933
134,0.40433,,122,,107.6
135,0.408063,,122,,107.5
136,0.411797,,122,,107.4
137,0.41553,,122,,107.3
138,0.419263,,122,,107.2
139,0.422997,,122,,107.1
140,0.42673,,122,,107
141,0.429953,,122.143,,106.857
142,0.433176,,122.286,,106.714
143,0.436399,,122.429,,106.571
144,0.439621,,122.571,,106.429
145,0.442844,,122.714,,106.286
146,0.446067,,122.857,,106.143
147,0.44929,,123,,106
148,0.452493,,123.75,,105.7
149,0.455695,,124.5,,105.4
150,0.458898,,125.25,,105.1
151,0.4621,,126,,104.8
152,0.464703,,127,,104.533
153,0.467307,,128,,104.267
154,0.46991,,129,,104
155,0.472725,,129.75,,103.8
156,0.47554,,130.5,,103.6
157,0.478355,,131.25,,103.4
158,0.48117,,132,,103.2
159,0.484405,,133.5,,102.9
160,0.48764,,135,,102.6
161,0.49137,,138,,102.6
162,0.494675,,140,,102.4
163,0.49798,,142,,102.2
164,0.501825,,142.167,,101.833
165,0.50567,,142.333,,101.467
166,0.509515,,142.5,,101.1
167,0.51336,,142.667,,100.733
168,0.517205,,142.833,,100.367
169,0.52105,,143,,100
170,0.524828,,143.333,,99.7667
171,0.528607,,143.667,,99.5333
172,0.532385,,144,,99.3
173,0.536163,,144.333,,99.0667
174,0.539942,,144.667,,98.8333
175,0.54372,,145,,98.6
176,0.546897,,145.429,,98.3143
177,0.550074,,145.857,,98.0286
178,0.553251,,146.286,,97.7429
179,0.556429,,146.714,,97.4571
180,0.559606,,147.143,,97.1714
181,0.562783,,147.571,,96.8857
182,0.56596,,148,,96.6
183,0.569123,,149,,96.4
184,0.572287,,150,,96.2
185,0.57545,,151,,96
186,0.578857,,151.333,,96.0333
187,0.582263,,151.667,,96.0667
188,0.58567,,152,,96.1
189,0.589077,,152.333,,96.1333
190,0.592483,,152.667,,96.1667
191,0.59589,,153,,96.2
192,0.599387,,154,,96.2667
193,0.602883,,155,,96.3333
194,0.60638,,156,,96.4
195,0.61034,,156.5,,96.7
196,0.6143,,157,,97
197,0.61826,,157.5,,97.3
198,0.62222,,158,,97.6
199,0.62618,,158.5,,97.9
200,0.63014,,159,,98.2
201,0.634172,,159.4,,98.52
202,0.638204,,159.8,,98.84
203,0.642236,,160.2,,99.16
204,0.646268,,160.6,,99.48
205,0.6503,,161,,99.8
206,0.654237,,162,,100.067
207,0.658173,,163,,100.333
208,0.66211,,164,,100.6
209,0.665687,,164.333,,100.9
210,0.669263,,164.667,,101.2
211,0.67284,,165,,101.5
212,0.676417,,165.333,,101.8
213,0.679993,,165.667,,102.1
214,0.68357,,166,,102.4
215,0.687337,,166,,102.733
216,0.691103,,166,,103.067
217,0.69487,,166,,103.4
218,0.698637,,166,,103.733
219,0.702403,,166,,104.067
220,0.70617,,166,,104.4
221,0.709843,,166.167,,104.767
222,0.713517,,166.333,,105.133
223,0.71719,,166.5,,105.5
224,0.720863,,166.667,,105.867
225,0.724537,,166.833,,106.233
226,0.72821,,167,,106.6
227,0.731928,,166.833,,106.8
228,0.735647,,166.667,,107
229,0.739365,,166.5,,107.2
230,0.743083,,166.333,,107.4
231,0.746802,,166.167,,107.6
232,0.75052,,166,,107.8
233,0.754223,,166.333,,108.067
234,0.757927,,166.667,,108.333
235,0.76163,,167,,108.6
236,0.765333,,167.333,,108.867
237,0.769037,,167.667,,109.133
238,0.77274,,168,,109.4
239,0.776303,,168.167,,109.6
240,0.779867,,168.333,,109.8
241,0.78343,,168.5,,110
242,0.786993,,168.667,,110.2
243,0.790557,,168.833,,110.4
244,0.79412,,169,,110.6
245,0.797397,,169.143,,110.857
246,0.800674,,169.286,,111.114
247,0.803951,,169.429,,111.371
248,0.807229,,169.571,,111.629
249,0.810506,,169.714,,111.886
250,0.813783,,169.857,,112.143
251,0.81706,,170,,112.4
252,0.820657,,169.833,,112.567
253,0.824253,,169.667,,112.733
254,0.82785,,169.5,,112.9
255,0.831447,,169.333,,113.067
256,0.835043,,169.167,,113.233
257,0.83864,,169,,113.4
258,0.842725,,170.5,,113.5
259,0.84681,,172,,113.6
260,0.850946,,172.2,,113.64
261,0.855082,,172.4,,113.68
262,0.859218,,172.6,,113.72
263,0.863354,,172.8,,113.76
264,0.86749,,173,,113.8
265,0.871856,,173,,114.04
266,0.876222,,173,,114.28
267,0.880588,,173,,114.52
268,0.884954,,173,,114.76
269,0.88932,,173,,115
270,0.893198,,173,,115.167
271,0.897077,,173,,115.333
272,0.900955,,173,,115.5
273,0.904833,,173,,115.667
274,0.908712,,173,,115.833
275,0.91259,,173,,116
276,0.916412,,173,,116.067
277,0.920233,,173,,116.133
278,0.924055,,173,,116.2
279,0.927877,,173,,116.267
280,0.931698,,173,,116.333
281,0.93552,,173,,116.4
282,0.939458,,173,,116.467
283,0.943397,,173,,116.533
284,0.947335,,173,,116.6
285,0.951273,,173,,116.667
286,0.955212,,173,,116.733
287,0.95915,,173,,116.8
288,0.963234,,172.8,,116.88
289,0.967318,,172.6,,116.96
290,0.971402,,172.4,,117.04
291,0.975486,,172.2,,117.12
292,0.97957,,172,,117.2
293,0.983263,,172,,117.3
294,0.986957,,172,,117.4
295,0.99065,,172,,117.5
296,0.994343,,172,,117.6
297,0.998037,,172,,117.7
298,1.00173,,172,,117.8
299,1.00531,,172.667,,118.067
300,1.00889,,173.333,,118.333
301,1.01247,,174,,118.6
302,1.01605,,174.667,,118.867
303,1.01963,,175.333,,119.133
304,1.02321,,176,,119.4
305,1.0267,,176.167,,119.533
306,1.03019,,176.333,,119.667
307,1.03367,,176.5,,119.8
308,1.03716,,176.667,,119.933
309,1.04065,,176.833,,120.067
310,1.04414,,177,,120.2
311,1.04753,,177.167,,120.367
312,1.05092,,177.333,,120.533
313,1.0543,,177.5,,120.7
314,1.05769,,177.667,,120.867
315,1.06108,,177.833,,121.033
316,1.06447,,178,,121.2
317,1.06761,,178,,121.6
318,1.07075,,178,,122
319,1.07389,,178,,122.4
320,1.07703,,178,,122.8
321,1.08017,,178,,123.2
322,1.08331,,178,,123.6
323,1.08645,,178,,124
324,1.09017,,178.333,,124.3
325,1.09389,,178.667,,124.6
326,1.0976,,179,,124.9
327,1.10132,,179.333,,125.2
328,1.10504,,179.667,,125.5
329,1.10876,,180,,125.8
330,1.11259,,180.167,,126.233
331,1.11641,,180.333,,126.667
332,1.12024,,180.5,,127.1
333,1.12407,,180.667,,127.533
334,1.12789,,180.833,,127.967
335,1.13172,,181,,128.4
336,1.13545,,180.667,,128.8
337,1.13917,,180.333,,129.2
338,1.14289,,180,,129.6
339,1.14662,,179.667,,130
340,1.15034,,179.333,,130.4
341,1.15407,,179,,130.8
342,1.1578,,178.833,,130.967
343,1.16154,,178.667,,131.133
344,1.16527,,178.5,,131.3
345,1.169,,178.333,,131.467
346,1.17274,,178.167,,131.633
347,1.17647,,178,,131.8
348,1.18014,,177.833,,131.667
349,1.18381,,177.667,,131.533
350,1.18748,,177.5,,131.4
351,1.19116,,177.333,,131.267
352,1.19483,,177.167,,131.133
353,1.1985,,177,,131
354,1.20229,,177,,130.267
355,1.20608,,177,,129.533
356,1.20987,,177,,128.8
357,1.21367,,177,,128.067
358,1.21746,,177,,127.333
359,1.22125,,177,,126.6
360,1.2249,,177,,126.267
361,1.22856,,177,,125.933
362,1.23222,,177,,125.6
363,1.23587,,177,,125.267
364,1.23952,,177,,124.933
365,1.24318,,177,,124.6
366,1.24635,,176.857,,124.571
367,1.24951,,176.714,,124.543
368,1.25268,,176.571,,124.514
369,1.25584,,176.429,,124.486
370,1.25901,,176.286,,124.457
371,1.26217,,176.143,,124.429
372,1.26534,,176,,124.4
373,1.26842,,176.6,,124.36
374,1.27149,,177.2,,124.32
375,1.27457,,177.8,,124.28
376,1.27764,,178.4,,124.24
377,1.28072,,179,,124.2
378,1.28401,,179.143,,124.171
379,1.2873,,179.286,,124.143
380,1.29059,,179.429,,124.114
381,1.29389,,179.571,,124.086
382,1.29718,,179.714,,124.057
383,1.30047,,179.857,,124.029
384,1.30376,,180,,124
385,1.30737,,179.833,,124.367
386,1.31099,,179.667,,124.733
387,1.31461,,179.5,,125.1
388,1.31822,,179.333,,125.467
389,1.32184,,179.167,,125.833
390,1.32545,,179,,126.2
391,1.32946,,178.8,,126.16
392,1.33346,,178.6,,126.12
393,1.33747,,178.4,,126.08
394,1.34147,,178.2,,126.04
395,1.34548,,178,,126
396,1.3496,,178,,125.28
397,1.35372,,178,,124.56
398,1.35784,,178,,123.84
399,1.36196,,178,,123.12
400,1.36608,,178,,122.4
401,1.36998,,178,,121.633
402,1.37388,,178,,120.867
403,1.37777,,178,,120.1
404,1.38167,,178,,119.333
405,1.38557,,178,,118.567
406,1.38947,,178,,117.8
407,1.39309,,178,,116.9
408,1.39672,,178,,116
409,1.40034,,178,,115.1
410,1.40397,,178,,114.2
411,1.40759,,178,,113.3
412,1.41122,,178,,112.4
413,1.41479,,178,,111.967
414,1.41836,,178,,111.533
415,1.42192,,178,,111.1
416,1.42549,,178,,110.667
417,1.42906,,178,,110.233
418,1.43263,,178,,109.8
419,1.43624,,178,,109.633
420,1.43986,,178,,109.467
421,1.44347,,178,,109.3
422,1.44708,,178,,109.133
423,1.4507,,178,,108.967
424,1.45431,,178,,108.8
425,1.45815,,178.167,,108.667
426,1.46199,,178.333,,108.533
427,1.46583,,178.5,,108.4
428,1.46967,,178.667,,108.267
429,1.47351,,178.833,,108.133
430,1.47735,,179,,108
431,1.48047,,178.857,,107.971
432,1.48359,,178.714,,107.943
433,1.48671,,178.571,,107.914
434,1.48982,,178.429,,107.886
435,1.49294,,178.286,,107.857
436,1.49606,,178.143,,107.829
437,1.49918,,178,,107.8
438,1.50079,,178,,107.8
634,1.50155,,121,,127.6
635,1.50246,,115,,128
636,1.50326,,112,,128.4
637,1.50454,,112,,129.2
638,1.50761,,112,,130.229
639,1.51069,,112,,131.257
640,1.51376,,112,,132.286
641,1.51683,,112,,133.314
642,1.5199,,112,,134.343
643,1.52298,,112,,135.371
644,1.52605,,112,,136.4
645,1.52975,,112.167,,136.033
646,1.53346,,112.333,,135.667
647,1.53716,,112.5,,135.3
648,1.54086,,112.667,,134.933
649,1.54457,,112.833,,134.567
650,1.54827,,113,,134.2
651,1.55214,,113.833,,133.1
652,1.556,,114.667,,132
653,1.55986,,115.5,,130.9
654,1.56373,,116.333,,129.8
655,1.56759,,117.167,,128.7
656,1.57146,,118,,127.6
657,1.57556,,118,,126.8
658,1.57935,,118,,125.833
659,1.58314,,118,,124.867
660,1.58692,,118,,123.9
661,1.59071,,118,,122.933
662,1.5945,,118,,121.967
663,1.59829,,118,,121
664,1.60265,,119,,120.32
665,1.60701,,120,,119.64
666,1.61138,,121,,118.96
667,1.61574,,122,,118.28
668,1.6201,,123,,117.6
669,1.62435,,124.333,,117.333
670,1.62861,,125.667,,117.067
671,1.63286,,127,,116.8
672,1.63674,,127,,116.5
673,1.64062,,127,,116.2
674,1.6445,,127,,115.9
675,1.64838,,127,,115.6
676,1.65226,,127,,115.3
677,1.65614,,127,,115
678,1.66001,,128.5,,114.3
679,1.66388,,130,,113.6
680,1.66768,,130.333,,113.3
681,1.67148,,130.667,,113
682,1.67528,,131,,112.7
683,1.67907,,131.333,,112.4
684,1.68287,,131.667,,112.1
685,1.68667,,132,,111.8
686,1.69009,,135,,111.8
687,1.69389,,135,,111.867
688,1.69768,,135,,111.933
689,1.70148,,135,,112
690,1.70528,,135,,112.067
691,1.70907,,135,,112.133
692,1.71287,,135,,112.2
693,1.71647,,135.6,,112.56
694,1.72007,,136.2,,112.92
695,1.72368,,136.8,,113.28
696,1.72728,,137.4,,113.64
697,1.73088,,138,,114
698,1.73409,,138.75,,114.35
699,1.73731,,139.5,,114.7
700,1.74052,,140.25,,115.05
701,1.74374,,141,,115.4
702,1.74637,,141.25,,115.325
703,1.749,,141.5,,115.25
704,1.75163,,141.75,,115.175
705,1.75426,,142,,115.1
706,1.7569,,142.25,,115.025
707,1.75953,,142.5,,114.95
708,1.76216,,142.75,,114.875
709,1.76479,,143,,114.8
710,1.7672,,143.333,,114.533
711,1.76961,,143.667,,114.267
712,1.77202,,144,,114
713,1.77479,,144.429,,114.486
714,1.77756,,144.857,,114.971
715,1.78033,,145.286,,115.457
716,1.7831,,145.714,,115.943
717,1.78587,,146.143,,116.429
718,1.78864,,146.571,,116.914
719,1.79141,,147,,117.4
720,1.79475,,147.143,,117.857
721,1.7981,,147.286,,118.314
722,1.80144,,147.429,,118.771
723,1.80479,,147.571,,119.229
724,1.80813,,147.714,,119.686
725,1.81148,,147.857,,120.143
726,1.81482,,148,,120.6
727,1.81819,,148,,120.467
728,1.82156,,148,,120.333
729,1.82492,,148,,120.2
730,1.82829,,148,,120.067
731,1.83166,,148,,119.933
732,1.83503,,148,,119.8
733,1.83866,,148.333,,119.867
734,1.84229,,148.667,,119.933
735,1.84592,,149,,120
736,1.84956,,149.333,,120.067
737,1.85319,,149.667,,120.133
738,1.85682,,150,,120.2
739,1.86009,,150.286,,120.086
740,1.86335,,150.571,,119.971
741,1.86662,,150.857,,119.857
742,1.86989,,151.143,,119.743
743,1.87316,,151.429,,119.629
744,1.87642,,151.714,,119.514
745,1.87969,,152,,119.4
746,1.88321,,152.167,,119.433
747,1.88673,,152.333,,119.467
748,1.89025,,152.5,,119.5
749,1.89377,,152.667,,119.533
750,1.89729,,152.833,,119.567
751,1.90081,,153,,119.6
752,1.9044,,153.5,,119.533
753,1.90799,,154,,119.467
754,1.91158,,154.5,,119.4
755,1.91517,,155,,119.333
756,1.91876,,155.5,,119.267
757,1.92235,,156,,119.2
758,1.92567,,156.5,,119.2
759,1.929,,157,,119.2
760,1.93232,,157.5,,119.2
761,1.93564,,158,,119.2
973,1.93671,,92,,139.8
974,1.93822,,92,,139.4
975,1.94116,,92.2857,,138.8
976,1.94409,,92.5714,,138.2
977,1.94703,,92.8571,,137.6
978,1.94997,,93.1429,,137
979,1.95291,,93.4286,,136.4
980,1.95584,,93.7143,,135.8
981,1.95878,,94,,135.2
982,1.96287,,96,,134.4
983,1.96697,,98,,133.6
984,1.9713,,98.4,,133.08
985,1.97563,,98.8,,132.56
986,1.97996,,99.2,,132.04
987,1.98429,,99.6,,131.52
988,1.98862,,100,,131
989,1.99291,,100.333,,130.333
990,1.9972,,100.667,,129.667
991,2.00149,,101,,129
992,2.00561,,102,,128.533
993,2.00973,,103,,128.067
994,2.01385,,104,,127.6
995,2.01815,,105,,127.267
996,2.02246,,106,,126.933
997,2.02676,,107,,126.6
998,2.03085,,108.5,,126.5
999,2.03494,,110,,126.4
1000,2.03903,,111.5,,126.3
1001,2.04312,,113,,126.2
1002,2.04702,,113.5,,126.033
1003,2.05092,,114,,125.867
1004,2.05482,,114.5,,125.7
1005,2.05871,,115,,125.533
1006,2.06261,,115.5,,125.367
1007,2.06651,,116,,125.2
1008,2.07018,,116.75,,125.15
1009,2.07386,,117.5,,125.1
1010,2.07753,,118.25,,125.05
1011,2.0812,,119,,125
1012,2.08471,,120,,124.733
1013,2.08823,,121,,124.467
1014,2.09174,,122,,124.2
1015,2.0949,,123.25,,124.3
1016,2.09805,,124.5,,124.4
1017,2.1012,,125.75,,124.5
1018,2.10436,,127,,124.6
1019,2.10801,,130,,125
1020,2.11124,,132,,125
1021,2.11448,,134,,125
1022,2.11804,,136,,125.3
1023,2.1216,,138,,125.6
1024,2.12481,,139,,125.8
1025,2.12802,,140,,126
1026,2.13123,,141,,126.2
1027,2.13494,,141.75,,126.35
1028,2.13865,,142.5,,126.5
1029,2.14236,,143.25,,126.65
1030,2.14607,,144,,126.8
1031,2.14966,,144,,126.833
1032,2.15325,,144,,126.867
1033,2.15685,,144,,126.9
1034,2.16044,,144,,126.933
1035,2.16403,,144,,126.967
1036,2.16762,,144,,127
1037,2.17104,,144,,127.067
1038,2.17447,,144,,127.133
1039,2.17789,,144,,127.2
1040,2.18131,,144,,127.267
1041,2.18474,,144,,127.333
1042,2.18816,,144,,127.4
1043,2.19134,,143.857,,127.429
1044,2.19453,,143.714,,127.457
1045,2.19771,,143.571,,127.486
1046,2.20089,,143.429,,127.514
1047,2.20407,,143.286,,127.543
1048,2.20726,,143.143,,127.571
1049,2.21044,,143,,127.6
1050,2.2143,,143.333,,127.767
1051,2.21817,,143.667,,127.933
1052,2.22203,,144,,128.1
1053,2.22589,,144.333,,128.267
1054,2.22976,,144.667,,128.433
1055,2.23362,,145,,128.6
1056,2.23747,,145.6,,129
1057,2.24132,,146.2,,129.4
1058,2.24517,,146.8,,129.8
1059,2.24902,,147.4,,130.2
1060,2.25287,,148,,130.6
1061,2.25684,,148.167,,130.7
1062,2.26082,,148.333,,130.8
1063,2.26479,,148.5,,130.9
1064,2.26876,,148.667,,131
1065,2.27274,,148.833,,131.1
1066,2.27671,,149,,131.2
1067,2.28059,,149,,131.033
1068,2.28447,,149,,130.867
1069,2.28835,,149,,130.7
1070,2.29222,,149,,130.533
1071,2.2961,,149,,130.367
1072,2.29998,,149,,130.2
1073,2.30393,,149.167,,129.867
1074,2.30788,,149.333,,129.533
1075,2.31183,,149.5,,129.2
1076,2.31578,,149.667,,128.867
1077,2.31973,,149.833,,128.533
1078,2.32368,,150,,128.2
1079,2.32744,,150,,128.35
1080,2.33121,,150,,128.5
1081,2.33497,,150,,128.65
1082,2.33873,,150,,128.8
1083,2.3427,,150,,128.867
1084,2.34668,,150,,128.933
1085,2.35065,,150,,129
1086,2.35462,,150,,129.067
1087,2.3586,,150,,129.133
1088,2.36257,,150,,129.2
1089,2.36672,,150.4,,129.24
1090,2.37088,,150.8,,129.28
1091,2.37503,,151.2,,129.32
1092,2.37919,,151.6,,129.36
1093,2.38334,,152,,129.4
1094,2.3869,,151.833,,129.2
1095,2.39046,,151.667,,129
1096,2.39403,,151.5,,128.8
1097,2.39759,,151.333,,128.6
1098,2.40115,,151.167,,128.4
1099,2.40471,,151,,128.2
1100,2.40834,,151.167,,127.8
1101,2.41197,,151.333,,127.4
1102,2.4156,,151.5,,127
1103,2.41924,,151.667,,126.6
1104,2.42287,,151.833,,126.2
1105,2.4265,,152,,125.8
1106,2.43029,,151.5,,125.6
1107,2.43407,,151,,125.4
1108,2.43778,,150.667,,124.967
1109,2.44149,,150.333,,124.533
1110,2.44519,,150,,124.1
1111,2.4489,,149.667,,123.667
1112,2.45261,,149.333,,123.233
1113,2.45632,,149,,122.8
1114,2.46002,,148.75,,122.55
1115,2.46373,,148.5,,122.3
1116,2.46744,,148.25,,122.05
1117,2.47114,,148,,121.8
1118,2.47515,,147.5,,121.467
1119,2.47916,,147,,121.133
1120,2.48317,,146.5,,120.8
1121,2.48718,,146,,120.467
1122,2.49119,,145.5,,120.133
1123,2.4952,,145,,119.8
1124,2.49885,,145,,119.8
1125,2.5025,,145,,119.8
1126,2.50615,,145,,119.8
1127,2.50969,,144.833,,119.967
1128,2.51323,,144.667,,120.133
1129,2.51677,,144.5,,120.3
1130,2.52031,,144.333,,120.467
1131,2.52385,,144.167,,120.633
1132,2.52739,,144,,120.8
1133,2.53056,,144,,120.44
1134,2.53372,,144,,120.08
1135,2.53689,,144,,119.72
1136,2.54005,,144,,119.36
1137,2.54322,,144,,119
1138,2.5463,,144,,118.56
1139,2.54938,,144,,118.12
1140,2.55245,,144,,117.68
1141,2.55553,,144,,117.24
1142,2.55861,,144,,116.8
1143,2.56216,,144,,116.733
1144,2.56571,,144,,116.667
1145,2.56925,,144,,116.6
1146,2.5728,,144,,116.533
1147,2.57635,,144,,116.467
1148,2.5799,,144,,116.4
1149,2.58384,,143.833,,116.9
1150,2.58777,,143.667,,117.4
1151,2.59171,,143.5,,117.9
1152,2.59565,,143.333,,118.4
1153,2.59958,,143.167,,118.9
1154,2.60352,,143,,119.4
1155,2.60772,,143.667,,119.267
1156,2.61191,,144.333,,119.133
1157,2.61611,,145,,119
1158,2.62037,,145.2,,118.8
1159,2.62462,,145.4,,118.6
1160,2.62888,,145.6,,118.4
1161,2.63313,,145.8,,118.2
1162,2.63739,,146,,118
1163,2.64134,,146,,118.2
1164,2.64529,,146,,118.4
1165,2.64925,,146,,118.6
1166,2.6532,,146,,118.8
1167,2.65715,,146,,119
1168,2.6611,,146,,119.2
1169,2.66531,,146,,119.24
1170,2.66952,,146,,119.28
1171,2.67373,,146,,119.32
1172,2.67794,,146,,119.36
1173,2.68215,,146,,119.4
1174,2.68643,,146,,119.6
1175,2.6907,,146,,119.8
1176,2.69498,,146,,120
1177,2.6988,,146,,120.367
1178,2.70262,,146,,120.733
1179,2.70644,,146,,121.1
1180,2.71027,,146,,121.467
1181,2.71409,,146,,121.833
1182,2.71791,,146,,122.2
1183,2.72145,,146,,122.52
1184,2.72499,,146,,122.84
1185,2.72852,,146,,123.16
1186,2.73206,,146,,123.48
1187,2.7356,,146,,123.8
1188,2.73911,,146,,124.08
1189,2.74261,,146,,124.36
1190,2.74612,,146,,124.64
1191,2.74962,,146,,124.92
1192,2.75313,,146,,125.2
1193,2.75685,,146.167,,125.433
1194,2.76058,,146.333,,125.667
1195,2.7643,,146.5,,125.9
1196,2.76802,,146.667,,126.133
1197,2.77175,,146.833,,126.367
1198,2.77547,,147,,126.6
1199,2.77896,,146.5,,126.8
1200,2.78246,,146,,127
1201,2.78595,,145.5,,127.2
1202,2.78945,,145,,127.4
1203,2.79306,,145,,127.68
1204,2.79667,,145,,127.96
1205,2.80028,,145,,128.24
1206,2.80389,,145,,128.52
1207,2.8075,,145,,128.8
1208,2.81102,,145.333,,129.233
1209,2.81454,,145.667,,129.667
1210,2.81807,,146,,130.1
1211,2.82159,,146.333,,130.533
1212,2.82511,,146.667,,130.967
1213,2.82863,,147,,131.4
1214,2.83201,,147.25,,131.6
1215,2.83539,,147.5,,131.8
1216,2.83878,,147.75,,132
1217,2.84216,,148,,132.2
1218,2.84554,,148.333,,132.067
1219,2.84891,,148.667,,131.933
1220,2.85229,,149,,131.8
1221,2.85567,,149.333,,131.667
1222,2.85904,,149.667,,131.533
1223,2.86242,,150,,131.4
1224,2.86602,,150.5,,131.467
1225,2.86962,,151,,131.533
1226,2.87321,,151.5,,131.6
1227,2.87681,,152,,131.667
1228,2.88041,,152.5,,131.733
1229,2.88401,,153,,131.8
1230,2.88762,,153.333,,131.667
1231,2.89123,,153.667,,131.533
1232,2.89484,,154,,131.4
1233,2.89844,,154.333,,131.267
1234,2.90205,,154.667,,131.133
1235,2.90566,,155,,131
1236,2.90951,,155,,130.6
1237,2.91336,,155,,130.2
1238,2.91735,,155.167,,130.067
1239,2.92134,,155.333,,129.933
1240,2.92534,,155.5,,129.8
1241,2.92933,,155.667,,129.667
1242,2.93332,,155.833,,129.533
1243,2.93731,,156,,129.4
1244,2.94126,,156,,129.3
1245,2.94522,,156,,129.2
1246,2.94917,,156,,129.1
1247,2.95312,,156,,129
1248,2.95708,,156,,128.9
1249,2.96103,,156,,128.8
1250,2.96502,,156,,128.667
1251,2.96901,,156,,128.533
1252,2.973,,156,,128.4
1253,2.97705,,156,,128.12
1254,2.9811,,156,,127.84
1255,2.98515,,156,,127.56
1256,2.9892,,156,,127.28
1257,2.99325,,156,,127
1258,2.99702,,156,,126.8
1259,3.00079,,156,,126.6
1260,3.00463,,156,,126.533
1261,3.00848,,156,,126.467
1262,3.01232,,156,,126.4
1263,3.01619,,156.333,,126.367
1264,3.02006,,156.667,,126.333
1265,3.02392,,157,,126.3
1266,3.02779,,157.333,,126.267
1267,3.03166,,157.667,,126.233
1268,3.03553,,158,,126.2
1269,3.03922,,157.833,,126.267
1270,3.04291,,157.667,,126.333
1271,3.04659,,157.5,,126.4
1272,3.05028,,157.333,,126.467
1273,3.05397,,157.167,,126.533
1274,3.05766,,157,,126.6
1275,3.06131,,157,,126.667
1276,3.06496,,157,,126.733
1277,3.06861,,157,,126.8
1278,3.07199,,157,,126.567
1279,3.07537,,157,,126.333
1280,3.07875,,157,,126.1
1281,3.08212,,157,,125.867
1282,3.0855,,157,,125.633
1283,3.08888,,157,,125.4
1284,3.09295,,157.2,,124.92
1285,3.09702,,157.4,,124.44
1286,3.1011,,157.6,,123.96
1287,3.10517,,157.8,,123.48
1288,3.10924,,158,,123
1289,3.11306,,158,,122.467
1290,3.11689,,158,,121.933
1291,3.12071,,158,,121.4
1292,3.12453,,158,,120.867
1293,3.12836,,158,,120.333
1294,3.13218,,158,,119.8
1295,3.1364,,158.2,,119.68
1296,3.14062,,158.4,,119.56
1297,3.14483,,158.6,,119.44
1298,3.14905,,158.8,,119.32
1299,3.15327,,159,,119.2
1300,3.15718,,159,,119.467
1301,3.16109,,159,,119.733
1302,3.165,,159,,120
1303,3.16875,,158.833,,119.9
1304,3.17251,,158.667,,119.8
1305,3.17626,,158.5,,119.7
1306,3.18001,,158.333,,119.6
1307,3.18377,,158.167,,119.5
1308,3.18752,,158,,119.4
1309,3.19132,,157.833,,119.5
1310,3.19512,,157.667,,119.6
1311,3.19891,,157.5,,119.7
1312,3.20271,,157.333,,119.8
1313,3.20651,,157.167,,119.9
1314,3.21031,,157,,120
1315,3.21409,,157.167,,120.1
1316,3.21787,,157.333,,120.2
1317,3.22165,,157.5,,120.3
1318,3.22543,,157.667,,120.4
1319,3.22921,,157.833,,120.5
1320,3.23299,,158,,120.6
1321,3.23701,,158,,120.733
1322,3.24104,,158,,120.867
1323,3.24506,,158,,121
1324,3.24908,,158,,121.133
1325,3.25311,,158,,121.267
1326,3.25713,,158,,121.4
1327,3.26115,,158,,121.64
1328,3.26518,,158,,121.88
1329,3.2692,,158,,122.12
1330,3.27323,,158,,122.36
1331,3.27725,,158,,122.6
1332,3.28117,,158,,122.733
1333,3.28509,,158,,122.867
1334,3.28902,,158,,123
1335,3.29294,,158,,123.133
1336,3.29686,,158,,123.267
1337,3.30078,,158,,123.4
1338,3.30436,,157.833,,123.433
1339,3.30793,,157.667,,123.467
1340,3.31151,,157.5,,123.5
1341,3.31509,,157.333,,123.533
1342,3.31866,,157.167,,123.567
1343,3.32224,,157,,123.6
1344,3.32592,,157,,123.7
1345,3.3296,,157,,123.8
1346,3.33328,,157,,123.9
1347,3.33697,,157,,124
1348,3.34065,,157,,124.1
1349,3.34433,,157,,124.2
1350,3.34787,,157.167,,124.6
1351,3.35141,,157.333,,125
1352,3.35494,,157.5,,125.4
1353,3.35848,,157.667,,125.8
1354,3.36202,,157.833,,126.2
1355,3.36556,,158,,126.6
1356,3.36906,,158,,127.033
1357,3.37257,,158,,127.467
1358,3.37607,,158,,127.9
1359,3.37958,,158,,128.333
1360,3.38308,,158,,128.767
1361,3.38659,,158,,129.2
1362,3.39022,,158.167,,129.8
1363,3.39385,,158.333,,130.4
1364,3.39748,,158.5,,131
1365,3.40111,,158.667,,131.6
1366,3.40474,,158.833,,132.2
1367,3.40837,,159,,132.8
1368,3.41191,,158.833,,133.733
1369,3.41544,,158.667,,134.667
1370,3.41898,,158.5,,135.6
1371,3.42252,,158.333,,136.533
1372,3.42605,,158.167,,137.467
1373,3.42959,,158,,138.4
1374,3.43313,,157.833,,138.067
1375,3.43668,,157.667,,137.733
1376,3.44022,,157.5,,137.4
1377,3.44376,,157.333,,137.067
1378,3.44731,,157.167,,136.733
1379,3.45085,,157,,136.4
1380,3.45457,,156.833,,136.533
1381,3.45828,,156.667,,136.667
1382,3.46199,,156.5,,136.8
1383,3.46571,,156.333,,136.933
1384,3.46942,,156.167,,137.067
1385,3.47314,,156,,137.2
1386,3.47651,,155.571,,137.029
1387,3.47989,,155.143,,136.857
1388,3.48326,,154.714,,136.686
1389,3.48664,,154.286,,136.514
1390,3.49001,,153.857,,136.343
1391,3.49339,,153.429,,136.171
1392,3.49676,,153,,136
1393,3.50019,,152.833,,135.9
1394,3.50363,,152.667,,135.8
1395,3.50706,,152.5,,135.7
1396,3.51049,,152.333,,135.6
1397,3.51393,,152.167,,135.5
1398,3.51736,,152,,135.4
1399,3.52115,,152.167,,134.933
1400,3.52494,,152.333,,134.467
1401,3.52873,,152.5,,134
1402,3.53251,,152.667,,133.533
1403,3.5363,,152.833,,133.067
1404,3.54009,,153,,132.6
1405,3.54416,,153,,132.36
1406,3.54822,,153,,132.12
1407,3.55229,,153,,131.88
1408,3.55635,,153,,131.64
1409,3.56042,,153,,131.4
1410,3.56448,,153,,130.933
1411,3.56854,,153,,130.467
1412,3.5726,,153,,130
1413,3.57667,,153.4,,129.84
1414,3.58073,,153.8,,129.68
1415,3.5848,,154.2,,129.52
1416,3.58886,,154.6,,129.36
1417,3.59293,,155,,129.2
1418,3.59662,,155.333,,128.867
1419,3.60032,,155.667,,128.533
1420,3.60401,,156,,128.2
1421,3.60771,,156.333,,127.867
1422,3.6114,,156.667,,127.533
1423,3.6151,,157,,127.2
1424,3.61868,,157,,127.3
1425,3.62226,,157,,127.4
1426,3.62584,,157,,127.5
1427,3.62943,,157,,127.6
1428,3.63301,,157,,127.7
1429,3.63659,,157,,127.8
1430,3.63998,,156.833,,127.9
1431,3.64336,,156.667,,128
1432,3.64675,,156.5,,128.1
1433,3.65014,,156.333,,128.2
1434,3.65352,,156.167,,128.3
1435,3.65691,,156,,128.4
1436,3.66018,,155.5,,128.9
1437,3.66345,,155,,129.4
1438,3.66629,,155.2,,129.68
1439,3.66912,,155.4,,129.96
1440,3.67196,,155.6,,130.24
1441,3.67479,,155.8,,130.52
1442,3.67763,,156,,130.8
1443,3.6795,,156,,131.4
1444,3.683,,155.833,,132.6
1445,3.6865,,155.667,,133.8
1446,3.69,,155.5,,135
1447,3.69349,,155.333,,136.2
1448,3.69699,,155.167,,137.4
1449,3.70049,,155,,138.6
1450,3.70398,,154.833,,139.2
1451,3.70748,,154.667,,139.8
1452,3.71097,,154.5,,140.4
1453,3.71446,,154.333,,141
1454,3.71796,,154.167,,141.6
1455,3.72145,,154,,142.2
1456,3.72477,,154,,142.229
1457,3.72809,,154,,142.257
1458,3.73141,,154,,142.286
1459,3.73472,,154,,142.314
1460,3.73804,,154,,142.343
1461,3.74136,,154,,142.371
1462,3.74468,,154,,142.4
1463,3.74828,,154,,142.733
1464,3.75188,,154,,143.067
1465,3.75548,,154,,143.4
1466,3.75908,,154,,143.733
1467,3.76268,,154,,144.067
1468,3.76628,,154,,144.4
1469,3.76989,,153.5,,145.3
1470,3.7735,,153,,146.2
1471,3.77711,,152.5,,147.1
1472,3.78072,,152,,148
1473,3.78413,,151.857,,149.029
1474,3.78754,,151.714,,150.057
1475,3.79095,,151.571,,151.086
1476,3.79437,,151.429,,152.114
1477,3.79778,,151.286,,153.143
1478,3.80119,,151.143,,154.171
1479,3.8046,,151,,155.2
1480,3.8088,,150.8,,156.12
1481,3.813,,150.6,,157.04
1482,3.81721,,150.4,,157.96
1483,3.82141,,150.2,,158.88
1484,3.82561,,150,,159.8
1485,3.82921,,150.167,,160.467
1486,3.83282,,150.333,,161.133
1487,3.83642,,150.5,,161.8
1488,3.84002,,150.667,,162.467
1489,3.84363,,150.833,,163.133
1490,3.84723,,151,,163.8
1491,3.85085,,151.333,,164.7
1492,3.85447,,151.667,,165.6
1493,3.8581,,152,,166.5
1494,3.86172,,152.333,,167.4
1495,3.86534,,152.667,,168.3
1496,3.86896,,153,,169.2
1497,3.87256,,153.167,,169.467
1498,3.87616,,153.333,,169.733
1499,3.87976,,153.5,,170
1500,3.88336,,153.667,,170.267
1501,3.88696,,153.833,,170.533
1502,3.89056,,154,,170.8
1503,3.8945,,154,,170.033
1504,3.89845,,154,,169.267
1505,3.90239,,154,,168.5
1506,3.90633,,154,,167.733
1507,3.91028,,154,,166.967
1508,3.91422,,154,,166.2
1509,3.91838,,154,,162.8
1510,3.92254,,154,,159.4
1511,3.92669,,154,,156
1512,3.93085,,154,,152.6
1513,3.93501,,154,,149.2
1514,3.93867,,154.333,,148.167
1515,3.94234,,154.667,,147.133
1516,3.946,,155,,146.1
1517,3.94967,,155.333,,145.067
1518,3.95334,,155.667,,144.033
1519,3.957,,156,,143
1520,3.96074,,156,,142.167
1521,3.96449,,156,,141.333
1522,3.96823,,156,,140.5
1523,3.97197,,156,,139.667
1524,3.97572,,156,,138.833
1525,3.97946,,156,,138
1526,3.98339,,156,,137.833
1527,3.98732,,156,,137.667
1528,3.99125,,156,,137.5
1529,3.99517,,156,,137.333
1530,3.9991,,156,,137.167
1531,4.00303,,156,,137
1532,4.0071,,156.2,,136.4
1533,4.01117,,156.4,,135.8
1534,4.01523,,156.6,,135.2
1535,4.0193,,156.8,,134.6
1536,4.02337,,157,,134
1537,4.02754,,157.2,,133.48
1538,4.03171,,157.4,,132.96
1539,4.03587,,157.6,,132.44
1540,4.04004,,157.8,,131.92
1541,4.04421,,158,,131.4
1542,4.0483,,158.2,,131.28
1543,4.05239,,158.4,,131.16
1544,4.05649,,158.6,,131.04
1545,4.06058,,158.8,,130.92
1546,4.06467,,159,,130.8
1547,4.06844,,158.667,,130.833
1548,4.0722,,158.333,,130.867
1549,4.07597,,158,,130.9
1550,4.07974,,157.667,,130.933
1551,4.0835,,157.333,,130.967
1552,4.08727,,157,,131
1553,4.09083,,157,,131.533
1554,4.09439,,157,,132.067
1555,4.09795,,157,,132.6
1556,4.1015,,157,,133.133
1557,4.10506,,157,,133.667
1558,4.10862,,157,,134.2
1559,4.11209,,156.833,,134.7
1560,4.11556,,156.667,,135.2
1561,4.11903,,156.5,,135.7
1562,4.1225,,156.333,,136.2
1563,4.12597,,156.167,,136.7
1564,4.12944,,156,,137.2
1565,4.13292,,155.833,,137.4
1566,4.13639,,155.667,,137.6
1567,4.13987,,155.5,,137.8
1568,4.14334,,155.333,,138
1569,4.14682,,155.167,,138.2
1570,4.15029,,155,,138.4
1571,4.15395,,155,,138.4
1572,4.15761,,155,,138.4
1573,4.16124,,154.833,,138.233
1574,4.16488,,154.667,,138.067
1575,4.16851,,154.5,,137.9
1576,4.17214,,154.333,,137.733
1577,4.17578,,154.167,,137.567
1578,4.17941,,154,,137.4
1579,4.18291,,154,,137.067
1580,4.1864,,154,,136.733
1581,4.1899,,154,,136.4
1582,4.19339,,154,,136.067
1583,4.19688,,154,,135.733
1584,4.20038,,154,,135.4
1585,4.20338,,154,,135.267
1586,4.20638,,154,,135.133
1587,4.20938,,154,,135
1588,4.21204,,154.75,,135.45
1589,4.21471,,155.5,,135.9
1590,4.21737,,156.25,,136.35
1591,4.22003,,157,,136.8
1592,4.22363,,156.833,,137.033
1593,4.22722,,156.667,,137.267
1594,4.23082,,156.5,,137.5
1595,4.23441,,156.333,,137.733
1596,4.23801,,156.167,,137.967
1597,4.2416,,156,,138.2
1598,4.24529,,156,,138.2
1599,4.24898,,156,,138.2
1600,4.25268,,156,,138.2
1601,4.25637,,156,,138.2
1602,4.26006,,156,,138.2
1603,4.26375,,156,,138.2
1604,4.2672,,156,,138.833
1605,4.27066,,156,,139.467
1606,4.27411,,156,,140.1
1607,4.27756,,156,,140.733
1608,4.28102,,156,,141.367
1609,4.28447,,156,,142
1610,4.28821,,155.5,,141.8
1611,4.29194,,155,,141.6
1612,4.29567,,154.667,,141.467
1613,4.29939,,154.333,,141.333
1614,4.30312,,154,,141.2
1615,4.30685,,153.667,,141.067
1616,4.31057,,153.333,,140.933
1617,4.3143,,153,,140.8
1618,4.31746,,153,,140.057
1619,4.32062,,153,,139.314
1620,4.32378,,153,,138.571
1621,4.32693,,153,,137.829
1622,4.33009,,153,,137.086
1623,4.33325,,153,,136.343
1624,4.33641,,153,,135.6
1625,4.33987,,153,,135.5
1626,4.34333,,153,,135.4
1627,4.3468,,153,,135.3
1628,4.35026,,153,,135.2
1629,4.35372,,153,,135.1
1630,4.35718,,153,,135
1631,4.36014,,152.667,,134.7
1632,4.36311,,152.333,,134.4
1633,4.36607,,152,,134.1
1634,4.36903,,151.667,,133.8
1635,4.372,,151.333,,133.5
1636,4.37496,,151,,133.2
1686,4.37496,,114,,135.4
1687,4.37636,,114,,135
1688,4.37862,,113.4,,135.08
1689,4.38087,,112.8,,135.16
1690,4.38313,,112.2,,135.24
1691,4.38538,,111.6,,135.32
1692,4.38764,,111,,135.4
1693,4.39144,,111.6,,135.6
1694,4.39524,,112.2,,135.8
1695,4.39904,,112.8,,136
1696,4.40284,,113.4,,136.2
1697,4.40664,,114,,136.4
1698,4.40969,,114,,136.25
1699,4.41273,,114,,136.1
1700,4.41578,,114,,135.95
1701,4.41882,,114,,135.8
1702,4.42113,,114.5,,135.933
1703,4.42343,,115,,136.067
1704,4.42574,,115.5,,136.2
1705,4.42805,,116,,136.333
1706,4.43035,,116.5,,136.467
1707,4.43266,,117,,136.6
1708,4.43568,,117.286,,136.6
1709,4.4387,,117.571,,136.6
1710,4.44172,,117.857,,136.6
1711,4.44474,,118.143,,136.6
1712,4.44776,,118.429,,136.6
1713,4.45078,,118.714,,136.6
1714,4.4538,,119,,136.6
1715,4.45715,,120,,136.533
1716,4.4605,,121,,136.467
1717,4.46385,,122,,136.4
1718,4.46729,,122.75,,136.55
1719,4.47072,,123.5,,136.7
1720,4.47416,,124.25,,136.85
1721,4.47759,,125,,137
1722,4.48089,,125.5,,137.233
1723,4.48419,,126,,137.467
1724,4.48749,,126.5,,137.7
1725,4.49079,,127,,137.933
1726,4.49409,,127.5,,138.167
1727,4.49739,,128,,138.4
1728,4.50105,,128.6,,138.2
1729,4.5047,,129.2,,138
1730,4.50836,,129.8,,137.8
1731,4.51201,,130.4,,137.6
1732,4.51567,,131,,137.4
1733,4.51926,,131.75,,137.1
1734,4.52284,,132.5,,136.8
1735,4.52643,,133.25,,136.5
1736,4.53001,,134,,136.2
1737,4.53355,,134.333,,135.933
1738,4.53709,,134.667,,135.667
1739,4.54064,,135,,135.4
1740,4.54418,,135.333,,135.133
1741,4.54772,,135.667,,134.867
1742,4.55126,,136,,134.6
1743,4.55501,,136.167,,134.333
1744,4.55876,,136.333,,134.067
1745,4.56252,,136.5,,133.8
1746,4.56627,,136.667,,133.533
1747,4.57002,,136.833,,133.267
1748,4.57377,,137,,133
1749,4.57727,,137,,133.1
1750,4.58076,,137,,133.2
1751,4.58426,,137,,133.3
1752,4.58775,,137,,133.4
1753,4.59125,,137,,133.5
1754,4.59474,,137,,133.6
1755,4.59821,,137.333,,133.633
1756,4.60168,,137.667,,133.667
1757,4.60515,,138,,133.7
1758,4.60862,,138.333,,133.733
1759,4.61209,,138.667,,133.767
1760,4.61556,,139,,133.8
1761,4.61899,,139.167,,133.733
1762,4.62242,,139.333,,133.667
1763,4.62586,,139.5,,133.6
1764,4.62929,,139.667,,133.533
1765,4.63272,,139.833,,133.467
1766,4.63615,,140,,133.4
1767,4.63903,,140,,133.4
1768,4.64191,,140,,133.4
1769,4.64479,,140,,133.4
1770,4.64768,,140,,133.4
1771,4.65056,,140,,133.4
1772,4.65344,,140,,133.4
1773,4.65632,,140,,133.4
1774,4.65895,,140.125,,133.325
1775,4.66159,,140.25,,133.25
1776,4.66423,,140.375,,133.175
1777,4.66686,,140.5,,133.1
1778,4.6695,,140.625,,133.025
1779,4.67213,,140.75,,132.95
1780,4.67477,,140.875,,132.875
1781,4.6774,,141,,132.8
1782,4.68071,,141.143,,132.943
1783,4.68401,,141.286,,133.086
1784,4.68732,,141.429,,133.229
1785,4.69062,,141.571,,133.371
1786,4.69393,,141.714,,133.514
1787,4.69723,,141.857,,133.657
1788,4.70054,,142,,133.8
1789,4.70403,,142.167,,134.433
1790,4.70751,,142.333,,135.067
1791,4.711,,142.5,,135.7
1792,4.71448,,142.667,,136.333
1793,4.71797,,142.833,,136.967
1794,4.72145,,143,,137.6
1795,4.72465,,143,,137.829
1796,4.72784,,143,,138.057
1797,4.73104,,143,,138.286
1798,4.73423,,143,,138.514
1799,4.73743,,143,,138.743
1800,4.74062,,143,,138.971
1801,4.74382,,143,,139.2
1802,4.74719,,142.833,,138.733
1803,4.75056,,142.667,,138.267
1804,4.75393,,142.5,,137.8
1805,4.7573,,142.333,,137.333
1806,4.76067,,142.167,,136.867
1807,4.76404,,142,,136.4
1808,4.76691,,142,,135.857
1809,4.76979,,142,,135.314
1810,4.77266,,142,,134.771
1811,4.77554,,142,,134.229
1812,4.77841,,142,,133.686
1813,4.78129,,142,,133.143
1814,4.78416,,142,,132.6
1815,4.78677,,142,,132.25
1816,4.78939,,142,,131.9
1817,4.79201,,142,,131.55
1818,4.79462,,142,,131.2
1819,4.79723,,142,,130.85
1820,4.79985,,142,,130.5
1821,4.80247,,142,,130.15
1822,4.80508,,142,,129.8
1823,4.80837,,142.143,,129.943
1824,4.81166,,142.286,,130.086
1825,4.81495,,142.429,,130.229
1826,4.81823,,142.571,,130.371
1827,4.82152,,142.714,,130.514
1828,4.82481,,142.857,,130.657
1829,4.8281,,143,,130.8
1830,4.83162,,143.333,,131.367
1831,4.83513,,143.667,,131.933
1832,4.83865,,144,,132.5
1833,4.84217,,144.333,,133.067
1834,4.84568,,144.667,,133.633
1835,4.8492,,145,,134.2
1836,4.85343,,145.4,,134.88
1837,4.85765,,145.8,,135.56
1838,4.86188,,146.2,,136.24
1839,4.8661,,146.6,,136.92
1840,4.87033,,147,,137.6
1841,4.87435,,147.2,,138.04
1842,4.87837,,147.4,,138.48
1843,4.8824,,147.6,,138.92
1844,4.88642,,147.8,,139.36
1845,4.89044,,148,,139.8
1846,4.89432,,148,,139.833
1847,4.89819,,148,,139.867
1848,4.90207,,148,,139.9
1849,4.90595,,148,,139.933
1850,4.90982,,148,,139.967
1851,4.9137,,148,,140
1852,4.91736,,148.167,,140.5
1853,4.92101,,148.333,,141
1854,4.92467,,148.5,,141.5
1855,4.92832,,148.667,,142
1856,4.93198,,148.833,,142.5
1857,4.93563,,149,,143
1858,4.9392,,148.833,,142.8
1859,4.94276,,148.667,,142.6
1860,4.94633,,148.5,,142.4
1861,4.94989,,148.333,,142.2
1862,4.95345,,148.167,,142
1863,4.95702,,148,,141.8
1864,4.96056,,148,,141.7
1865,4.9641,,148,,141.6
1866,4.96764,,148,,141.5
1867,4.97117,,148,,141.4
1868,4.97471,,148,,141.3
1869,4.97825,,148,,141.2
1870,4.98183,,148,,141.067
1871,4.98541,,148,,140.933
1872,4.98899,,148,,140.8
1873,4.99256,,148,,140.667
1874,4.99614,,148,,140.533
1875,4.99972,,148,,140.4
1876,5.00327,,148.167,,140.567
1877,5.00681,,148.333,,140.733
1878,5.01036,,148.5,,140.9
1879,5.0139,,148.667,,141.067
1880,5.01745,,148.833,,141.233
1881,5.02099,,149,,141.4
1882,5.02454,,149.333,,141.4
1883,5.02809,,149.667,,141.4
1884,5.03164,,150,,141.4
1885,5.03519,,150.333,,141.4
1886,5.03874,,150.667,,141.4
1887,5.04229,,151,,141.4
1888,5.04571,,151.333,,141.3
1889,5.04912,,151.667,,141.2
1890,5.05253,,152,,141.1
1891,5.05595,,152.333,,141
1892,5.05937,,152.667,,140.9
1893,5.06278,,153,,140.8
1894,5.0662,,153.5,,140.967
1895,5.06962,,154,,141.133
1896,5.07303,,154.5,,141.3
1897,5.07645,,155,,141.467
1898,5.07987,,155.5,,141.633
1899,5.08329,,156,,141.8
1900,5.08635,,156,,141.914
1901,5.08941,,156,,142.029
1902,5.09247,,156,,142.143
1903,5.09554,,156,,142.257
1904,5.0986,,156,,142.371
1905,5.10166,,156,,142.486
1906,5.10472,,156,,142.6
1907,5.108,,155.714,,142.971
1908,5.11128,,155.429,,143.343
1909,5.11456,,155.143,,143.714
1910,5.11783,,154.857,,144.086
1911,5.12111,,154.571,,144.457
1912,5.12439,,154.286,,144.829
1913,5.12767,,154,,145.2
1914,5.13073,,153.857,,145.486
1915,5.13378,,153.714,,145.771
1916,5.13684,,153.571,,146.057
1917,5.13989,,153.429,,146.343
1918,5.14295,,153.286,,146.629
1919,5.146,,153.143,,146.914
1920,5.14906,,153,,147.2
1921,5.15276,,153,,147.267
1922,5.15646,,153,,147.333
1923,5.16016,,153,,147.4
1924,5.16386,,153,,147.467
1925,5.16756,,153,,147.533
1926,5.17126,,153,,147.6
1927,5.17505,,152.833,,147.7
1928,5.17884,,152.667,,147.8
1929,5.18263,,152.5,,147.9
1930,5.18641,,152.333,,148
1931,5.1902,,152.167,,148.1
1932,5.19399,,152,,148.2
1933,5.19777,,151.667,,148.233
1934,5.20154,,151.333,,148.267
1935,5.20532,,151,,148.3
1936,5.2091,,150.667,,148.333
1937,5.21287,,150.333,,148.367
1938,5.21665,,150,,148.4
1939,5.22009,,150,,148.5
1940,5.22352,,150,,148.6
1941,5.22696,,150,,148.7
1942,5.23039,,150,,148.8
1943,5.23383,,150,,148.9
1944,5.23726,,150,,149
1945,5.24073,,150,,149
1946,5.2442,,150,,149
1947,5.24767,,150,,149
1948,5.25114,,150,,149
1949,5.25461,,150,,149
1950,5.25808,,150,,149
1951,5.26167,,149.833,,148.933
1952,5.26525,,149.667,,148.867
1953,5.26884,,149.5,,148.8
1954,5.27242,,149.333,,148.733
1955,5.27601,,149.167,,148.667
1956,5.27959,,149,,148.6
1957,5.28353,,149,,148.6
1958,5.28747,,149,,148.6
1959,5.29142,,149,,148.6
1960,5.29536,,149,,148.6
1961,5.2993,,149,,148.6
1962,5.30324,,149,,148.6
1963,5.30661,,149,,148.567
1964,5.30997,,149,,148.533
1965,5.31334,,149,,148.5
1966,5.31671,,149,,148.467
1967,5.32007,,149,,148.433
1968,5.32344,,149,,148.4
1969,5.32694,,149.333,,148.567
1970,5.33044,,149.667,,148.733
1971,5.33394,,150,,148.9
1972,5.33743,,150.333,,149.067
1973,5.34093,,150.667,,149.233
1974,5.34443,,151,,149.4
1975,5.34795,,151.167,,149.567
1976,5.35148,,151.333,,149.733
1977,5.355,,151.5,,149.9
1978,5.35852,,151.667,,150.067
1979,5.36205,,151.833,,150.233
1980,5.36557,,152,,150.4
1981,5.36905,,152.333,,150.433
1982,5.37253,,152.667,,150.467
1983,5.37601,,153,,150.5
1984,5.37948,,153.333,,150.533
1985,5.38296,,153.667,,150.567
1986,5.38644,,154,,150.6
1987,5.38972,,154,,150.886
1988,5.393,,154,,151.171
1989,5.39628,,154,,151.457
1990,5.39955,,154,,151.743
1991,5.40283,,154,,152.029
1992,5.40611,,154,,152.314
1993,5.40939,,154,,152.6
1994,5.41266,,153.857,,152.771
1995,5.41594,,153.714,,152.943
1996,5.41921,,153.571,,153.114
1997,5.42248,,153.429,,153.286
1998,5.42575,,153.286,,153.457
1999,5.42903,,153.143,,153.629
2000,5.4323,,153,,153.8
2001,5.43596,,152.833,,153.533
2002,5.43962,,152.667,,153.267
2003,5.44328,,152.5,,153
2004,5.44694,,152.333,,152.733
2005,5.4506,,152.167,,152.467
2006,5.45426,,152,,152.2
2007,5.45725,,151.714,,151.971
2008,5.46023,,151.429,,151.743
2009,5.46322,,151.143,,151.514
2010,5.4662,,150.857,,151.286
2011,5.46919,,150.571,,151.057
2012,5.47217,,150.286,,150.829
2013,5.47516,,150,,150.6
2014,5.47781,,151,,150.6
2015,5.48021,,151,,150.8
2016,5.48261,,151,,151
2017,5.48572,,150.571,,150.914
2018,5.48883,,150.143,,150.829
2019,5.49194,,149.714,,150.743
2020,5.49504,,149.286,,150.657
2021,5.49815,,148.857,,150.571
2022,5.50126,,148.429,,150.486
2023,5.50437,,148,,150.4
2024,5.5075,,148,,150.714
2025,5.51064,,148,,151.029
2026,5.51377,,148,,151.343
2027,5.5169,,148,,151.657
2028,5.52003,,148,,151.971
2029,5.52317,,148,,152.286
2030,5.5263,,148,,152.6
2031,5.52944,,147.857,,152.486
2032,5.53258,,147.714,,152.371
2033,5.53572,,147.571,,152.257
2034,5.53885,,147.429,,152.143
2035,5.54199,,147.286,,152.029
2036,5.54513,,147.143,,151.914
2037,5.54827,,147,,151.8
2038,5.55134,,147,,151.629
2039,5.55441,,147,,151.457
2040,5.55748,,147,,151.286
2041,5.56056,,147,,151.114
2042,5.56363,,147,,150.943
2043,5.5667,,147,,150.771
2044,5.56977,,147,,150.6
2045,5.57257,,146.5,,150.1
2046,5.57538,,146,,149.6
2047,5.57818,,145.5,,149.1
2048,5.58098,,145,,148.6
2049,5.58379,,144.5,,148.1
2050,5.58659,,144,,147.6
2051,5.58955,,144.143,,147.429
2052,5.59251,,144.286,,147.257
2053,5.59547,,144.429,,147.086
2054,5.59842,,144.571,,146.914
2055,5.60138,,144.714,,146.743
2056,5.60434,,144.857,,146.571
2057,5.6073,,145,,146.4
2058,5.60995,,144.75,,146.575
2059,5.61261,,144.5,,146.75
2060,5.61526,,144.25,,146.925
2061,5.61792,,144,,147.1
2062,5.62057,,143.75,,147.275
2063,5.62322,,143.5,,147.45
2064,5.62588,,143.25,,147.625
2065,5.62853,,143,,147.8
2066,5.63126,,142.75,,147.825
2067,5.634,,142.5,,147.85
2068,5.63673,,142.25,,147.875
2069,5.63947,,142,,147.9
2070,5.6422,,141.75,,147.925
2071,5.64493,,141.5,,147.95
2072,5.64767,,141.25,,147.975
2073,5.6504,,141,,148
2074,5.65343,,140.857,,148.029
2075,5.65647,,140.714,,148.057
2076,5.6595,,140.571,,148.086
2077,5.66253,,140.429,,148.114
2078,5.66556,,140.286,,148.143
2079,5.6686,,140.143,,148.171
2080,5.67163,,140,,148.2
2081,5.67469,,140,,148.114
2082,5.67776,,140,,148.029
2083,5.68082,,140,,147.943
2084,5.68388,,140,,147.857
2085,5.68694,,140,,147.771
2086,5.69001,,140,,147.686
2087,5.69307,,140,,147.6
2088,5.69563,,139.875,,147.325
2089,5.69819,,139.75,,147.05
2090,5.70075,,139.625,,146.775
2091,5.70331,,139.5,,146.5
2092,5.70587,,139.375,,146.225
2093,5.70843,,139.25,,145.95
2094,5.71099,,139.125,,145.675
2095,5.71355,,139,,145.4
2096,5.71724,,139,,145.3
2097,5.72093,,139,,145.2
2098,5.72463,,139,,145.1
2099,5.72832,,139,,145
2100,5.73201,,139,,144.9
2101,5.7357,,139,,144.8
2102,5.7392,,139.2,,145.12
2103,5.7427,,139.4,,145.44
2104,5.74619,,139.6,,145.76
2105,5.74969,,139.8,,146.08
2106,5.75319,,140,,146.4
2107,5.75669,,139.833,,146.1
2108,5.7602,,139.667,,145.8
2109,5.7637,,139.5,,145.5
2110,5.7672,,139.333,,145.2
2111,5.77071,,139.167,,144.9
2112,5.77421,,139,,144.6
2113,5.7777,,138.667,,144.567
2114,5.78119,,138.333,,144.533
2115,5.78469,,138,,144.5
2116,5.78818,,137.667,,144.467
2117,5.79167,,137.333,,144.433
2118,5.79516,,137,,144.4
2119,5.7987,,136.833,,143.967
2120,5.80225,,136.667,,143.533
2121,5.8058,,136.5,,143.1
2122,5.80934,,136.333,,142.667
2123,5.81289,,136.167,,142.233
2124,5.81643,,136,,141.8
2125,5.81988,,136,,141.667
2126,5.82334,,136,,141.533
2127,5.82679,,136,,141.4
2128,5.83024,,136,,141.267
2129,5.8337,,136,,141.133
2130,5.83715,,136,,141
2131,5.84064,,136.167,,141.167
2132,5.84412,,136.333,,141.333
2133,5.84761,,136.5,,141.5
2134,5.8511,,136.667,,141.667
2135,5.85458,,136.833,,141.833
2136,5.85807,,137,,142
2137,5.86153,,137.333,,142.267
2138,5.86499,,137.667,,142.533
2139,5.86845,,138,,142.8
2140,5.87192,,138.333,,143.067
2141,5.87538,,138.667,,143.333
2142,5.87884,,139,,143.6
2143,5.88243,,139,,143.767
2144,5.88602,,139,,143.933
2145,5.88961,,139,,144.1
2146,5.89319,,139,,144.267
2147,5.89678,,139,,144.433
2148,5.90037,,139,,144.6
2149,5.90364,,139.286,,144.686
2150,5.90691,,139.571,,144.771
2151,5.91018,,139.857,,144.857
2152,5.91346,,140.143,,144.943
2153,5.91673,,140.429,,145.029
2154,5.92,,140.714,,145.114
2155,5.92327,,141,,145.2
2156,5.92616,,141,,145.633
2157,5.92905,,141,,146.067
2158,5.93194,,141,,146.5
2159,5.93482,,141,,146.933
2160,5.93771,,141,,147.367
2161,5.9406,,141,,147.8
2162,5.94422,,141,,148.267
2163,5.94783,,141,,148.733
2164,5.95145,,141,,149.2
2165,5.95507,,141,,149.667
2166,5.95868,,141,,150.133
2167,5.9623,,141,,150.6
2168,5.96545,,141.286,,151.286
2169,5.96859,,141.571,,151.971
2170,5.97174,,141.857,,152.657
2171,5.97488,,142.143,,153.343
2172,5.97803,,142.429,,154.029
2173,5.98117,,142.714,,154.714
2174,5.98432,,143,,155.4
2175,5.98764,,143.2,,155.8
2176,5.99096,,143.4,,156.2
2177,5.99428,,143.6,,156.6
2178,5.9976,,143.8,,157
2179,6.00092,,144,,157.4
2180,6.00442,,144.167,,157.533
2181,6.00793,,144.333,,157.667
2182,6.01143,,144.5,,157.8
2183,6.01493,,144.667,,157.933
2184,6.01844,,144.833,,158.067
2185,6.02194,,145,,158.2
2186,6.02546,,146,,158
2187,6.02881,,146.333,,158.5
2188,6.03215,,146.667,,159
2189,6.0355,,147,,159.5
2190,6.03885,,147.333,,160
2191,6.04219,,147.667,,160.5
2192,6.04554,,148,,161
2193,6.04886,,148.429,,161.486
2194,6.05219,,148.857,,161.971
2195,6.05551,,149.286,,162.457
2196,6.05883,,149.714,,162.943
2197,6.06215,,150.143,,163.429
2198,6.06548,,150.571,,163.914
2199,6.0688,,151,,164.4
2200,6.07258,,150.833,,163.767
2201,6.07636,,150.667,,163.133
2202,6.08014,,150.5,,162.5
2203,6.08392,,150.333,,161.867
2204,6.0877,,150.167,,161.233
2205,6.09148,,150,,160.6
2206,6.09529,,149.833,,159.967
2207,6.09909,,149.667,,159.333
2208,6.1029,,149.5,,158.7
2209,6.10671,,149.333,,158.067
2210,6.11051,,149.167,,157.433
2211,6.11432,,149,,156.8
2212,6.11768,,149,,156.9
2213,6.12103,,149,,157
2214,6.12439,,149,,157.1
2215,6.12775,,149,,157.2
2216,6.1311,,149,,157.3
2217,6.13446,,149,,157.4
2218,6.13774,,149,,157.743
2219,6.14103,,149,,158.086
2220,6.14431,,149,,158.429
2221,6.1476,,149,,158.771
2222,6.15088,,149,,159.114
2223,6.15417,,149,,159.457
2224,6.15745,,149,,159.8
2225,6.16077,,149,,160.314
2226,6.16409,,149,,160.829
2227,6.16741,,149,,161.343
2228,6.17072,,149,,161.857
2229,6.17404,,149,,162.371
2230,6.17736,,149,,162.886
2231,6.18068,,149,,163.4
2232,6.18408,,148.833,,163.7
2233,6.18748,,148.667,,164
2234,6.19088,,148.5,,164.3
2235,6.19428,,148.333,,164.6
2236,6.19768,,148.167,,164.9
2237,6.20108,,148,,165.2
2238,6.20423,,148,,164.914
2239,6.20739,,148,,164.629
2240,6.21054,,148,,164.343
2241,6.2137,,148,,164.057
2242,6.21685,,148,,163.771
2243,6.22001,,148,,163.486
2244,6.22316,,148,,163.2
2245,6.22652,,148.167,,162.2
2246,6.22988,,148.333,,161.2
2247,6.23325,,148.5,,160.2
2248,6.23661,,148.667,,159.2
2249,6.23997,,148.833,,158.2
2250,6.24333,,149,,157.2
2251,6.24669,,149.333,,156.867
2252,6.25005,,149.667,,156.533
2253,6.2534,,150,,156.2
2254,6.25676,,150.333,,155.867
2255,6.26012,,150.667,,155.533
2256,6.26348,,151,,155.2
2257,6.26659,,151.5,,155.433
2258,6.26969,,152,,155.667
2259,6.2728,,152.5,,155.9
2260,6.2759,,153,,156.133
2261,6.27901,,153.5,,156.367
2262,6.28211,,154,,156.6
2263,6.28533,,154.286,,156.229
2264,6.28855,,154.571,,155.857
2265,6.29177,,154.857,,155.486
2266,6.29498,,155.143,,155.114
2267,6.2982,,155.429,,154.743
2268,6.30142,,155.714,,154.371
2269,6.30464,,156,,154
2270,6.30837,,155.667,,153.4
2271,6.31209,,155.333,,152.8
2272,6.31581,,155,,152.2
2273,6.31954,,154.667,,151.6
2274,6.32327,,154.333,,151
2275,6.32699,,154,,150.4
2276,6.33047,,153.667,,150.167
2277,6.33394,,153.333,,149.933
2278,6.33742,,153,,149.7
2279,6.34089,,152.667,,149.467
2280,6.34437,,152.333,,149.233
2281,6.34784,,152,,149
2282,6.3512,,151.833,,149.133
2283,6.35456,,151.667,,149.267
2284,6.35793,,151.5,,149.4
2285,6.36129,,151.333,,149.533
2286,6.36465,,151.167,,149.667
2287,6.36801,,151,,149.8
2288,6.37175,,150.667,,149.433
2289,6.3755,,150.333,,149.067
2290,6.37924,,150,,148.7
2291,6.38298,,149.667,,148.333
2292,6.38673,,149.333,,147.967
2293,6.39047,,149,,147.6
2294,6.39391,,149,,148
2295,6.39735,,149,,148.4
2296,6.40079,,149,,148.8
2297,6.40423,,149,,149.2
2298,6.40767,,149,,149.6
2299,6.41111,,149,,150
2300,6.41435,,149.143,,148.886
2301,6.41758,,149.286,,147.771
2302,6.42082,,149.429,,146.657
2303,6.42406,,149.571,,145.543
2304,6.4273,,149.714,,144.429
2305,6.43053,,149.857,,143.314
2306,6.43377,,150,,142.2
2307,6.43711,,150.167,,142.167
2308,6.44045,,150.333,,142.133
2309,6.44379,,150.5,,142.1
2310,6.44713,,150.667,,142.067
2311,6.45047,,150.833,,142.033
2312,6.45381,,151,,142
2313,6.45741,,151,,142.567
2314,6.46102,,151,,143.133
2315,6.46462,,151,,143.7
2316,6.46822,,151,,144.267
2317,6.47183,,151,,144.833
2318,6.47543,,151,,145.4
2319,6.47896,,151.167,,145.6
2320,6.48249,,151.333,,145.8
2321,6.48602,,151.5,,146
2322,6.48955,,151.667,,146.2
2323,6.49308,,151.833,,146.4
2324,6.49661,,152,,146.6
2325,6.50026,,152,,146.9
2326,6.5039,,152,,147.2
2327,6.50755,,152,,147.5
2328,6.5112,,152,,147.8
2329,6.51484,,152,,148.1
2330,6.51849,,152,,148.4
2331,6.52222,,152,,148.4
2332,6.52596,,152,,148.4
2333,6.52969,,152,,148.4
2334,6.53342,,152,,148.4
2335,6.53716,,152,,148.4
2336,6.54089,,152,,148.4
2337,6.54437,,151.667,,148.6
2338,6.54785,,151.333,,148.8
2339,6.55133,,151,,149
2340,6.5548,,150.667,,149.2
2341,6.55828,,150.333,,149.4
2342,6.56176,,150,,149.6
2343,6.56497,,149.571,,149.2
2344,6.56819,,149.143,,148.8
2345,6.5714,,148.714,,148.4
2346,6.57462,,148.286,,148
2347,6.57783,,147.857,,147.6
2348,6.58105,,147.429,,147.2
2349,6.58426,,147,,146.8
2350,6.5876,,147.167,,147
2351,6.59094,,147.333,,147.2
2352,6.59429,,147.5,,147.4
2353,6.59763,,147.667,,147.6
2354,6.60097,,147.833,,147.8
2355,6.60431,,148,,148
2356,6.60788,,148,,149.167
2357,6.61146,,148,,150.333
2358,6.61503,,148,,151.5
2359,6.6186,,148,,152.667
2360,6.62218,,148,,153.833
2361,6.62575,,148,,155
2362,6.62936,,148.167,,155.367
2363,6.63298,,148.333,,155.733
2364,6.63659,,148.5,,156.1
2365,6.6402,,148.667,,156.467
2366,6.64382,,148.833,,156.833
2367,6.64743,,149,,157.2
2368,6.65076,,149,,157.4
2369,6.6541,,149,,157.6
2370,6.65743,,149,,157.8
2371,6.66077,,149,,158
2372,6.6641,,149,,158.2
2373,6.66744,,149,,158.4
2374,6.67077,,149,,158.6
2375,6.67422,,148.833,,158.9
2376,6.67766,,148.667,,159.2
2377,6.68111,,148.5,,159.5
2378,6.68456,,148.333,,159.8
2379,6.688,,148.167,,160.1
2380,6.69145,,148,,160.4
2381,6.69473,,148.286,,161.257
2382,6.69801,,148.571,,162.114
2383,6.70129,,148.857,,162.971
2384,6.70457,,149.143,,163.829
2385,6.70785,,149.429,,164.686
2386,6.71113,,149.714,,165.543
2387,6.71441,,150,,166.4
2388,6.71731,,150,,166.857
2389,6.72021,,150,,167.314
2390,6.72311,,150,,167.771
2391,6.726,,150,,168.229
2392,6.7289,,150,,168.686
2393,6.7318,,150,,169.143
2394,6.7347,,150,,169.6
2395,6.73757,,149.875,,169.725
2396,6.74043,,149.75,,169.85
2397,6.74329,,149.625,,169.975
2398,6.74616,,149.5,,170.1
2399,6.74903,,149.375,,170.225
2400,6.75189,,149.25,,170.35
2401,6.75476,,149.125,,170.475
2402,6.75762,,149,,170.6
2403,6.7608,,149.143,,171
2404,6.76397,,149.286,,171.4
2405,6.76715,,149.429,,171.8
2406,6.77033,,149.571,,172.2
2407,6.77351,,149.714,,172.6
2408,6.77668,,149.857,,173
2409,6.77986,,150,,173.4
2410,6.78329,,149.833,,173.133
2411,6.78671,,149.667,,172.867
2412,6.79014,,149.5,,172.6
2413,6.79357,,149.333,,172.333
2414,6.79699,,149.167,,172.067
2415,6.80042,,149,,171.8
2416,6.80432,,149,,170.967
2417,6.80823,,149,,170.133
2418,6.81213,,149,,169.3
2419,6.81603,,149,,168.467
2420,6.81994,,149,,167.633
2421,6.82384,,149,,166.8
2422,6.82785,,148.8,,165.6
2423,6.83187,,148.6,,164.4
2424,6.83588,,148.4,,163.2
2425,6.8399,,148.2,,162
2426,6.84391,,148,,160.8
2427,6.84757,,147.833,,159.5
2428,6.85123,,147.667,,158.2
2429,6.85489,,147.5,,156.9
2430,6.85855,,147.333,,155.6
2431,6.86221,,147.167,,154.3
2432,6.86587,,147,,153
2433,6.86989,,146.6,,152.48
2434,6.87391,,146.2,,151.96
2435,6.87792,,145.8,,151.44
2436,6.88194,,145.4,,150.92
2437,6.88596,,145,,150.4
2438,6.8897,,145,,150.267
2439,6.89345,,145,,150.133
2440,6.89719,,145,,150
2441,6.90093,,145,,149.867
2442,6.90468,,145,,149.733
2443,6.90842,,145,,149.6
2444,6.91229,,145,,149.367
2445,6.91616,,145,,149.133
2446,6.92003,,145,,148.9
2447,6.9239,,145,,148.667
2448,6.92777,,145,,148.433
2449,6.93164,,145,,148.2
2450,6.93536,,145,,148.233
2451,6.93908,,145,,148.267
2452,6.9428,,145,,148.3
2453,6.94652,,145,,148.333
2454,6.95024,,145,,148.367
2455,6.95396,,145,,148.4
2456,6.9576,,145,,148.867
2457,6.96124,,145,,149.333
2458,6.96488,,145,,149.8
2459,6.96851,,145,,150.267
2460,6.97215,,145,,150.733
2461,6.97579,,145,,151.2
2462,6.97908,,145,,151.514
2463,6.98236,,145,,151.829
2464,6.98565,,145,,152.143
2465,6.98893,,145,,152.457
2466,6.99222,,145,,152.771
2467,6.9955,,145,,153.086
2468,6.99879,,145,,153.4
2469,7.00201,,145,,153.2
2470,7.00533,,145.143,,153.429
2471,7.00865,,145.286,,153.657
2472,7.01197,,145.429,,153.886
2473,7.0153,,145.571,,154.114
2474,7.01862,,145.714,,154.343
2475,7.02194,,145.857,,154.571
2476,7.02526,,146,,154.8
2477,7.02879,,146.167,,154.767
2478,7.03231,,146.333,,154.733
2479,7.03584,,146.5,,154.7
2480,7.03936,,146.667,,154.667
2481,7.04289,,146.833,,154.633
2482,7.04641,,147,,154.6
2483,7.05003,,147.167,,154.667
2484,7.05364,,147.333,,154.733
2485,7.05726,,147.5,,154.8
2486,7.06087,,147.667,,154.867
2487,7.06449,,147.833,,154.933
2488,7.0681,,148,,155
2489,7.07165,,148.333,,155.133
2490,7.07521,,148.667,,155.267
2491,7.07876,,149,,155.4
2492,7.08231,,149.333,,155.533
2493,7.08587,,149.667,,155.667
2494,7.08942,,150,,155.8
2495,7.09306,,150.167,,155.8
2496,7.0967,,150.333,,155.8
2497,7.10034,,150.5,,155.8
2498,7.10397,,150.667,,155.8
2499,7.10761,,150.833,,155.8
2500,7.11125,,151,,155.8
2501,7.11498,,151,,156.167
2502,7.1187,,151,,156.533
2503,7.12243,,151,,156.9
2504,7.12615,,151,,157.267
2505,7.12988,,151,,157.633
2506,7.1336,,151,,158
2507,7.13687,,151.143,,158.371
2508,7.14013,,151.286,,158.743
2509,7.1434,,151.429,,159.114
2510,7.14667,,151.571,,159.486
2511,7.14994,,151.714,,159.857
2512,7.1532,,151.857,,160.229
2513,7.15647,,152,,160.6
2514,7.15974,,152.143,,161.029
2515,7.16301,,152.286,,161.457
2516,7.16628,,152.429,,161.886
2517,7.16954,,152.571,,162.314
2518,7.17281,,152.714,,162.743
2519,7.17608,,152.857,,163.171
2520,7.17935,,153,,163.6
2521,7.18266,,152.571,,164.571
2522,7.18597,,152.143,,165.543
2523,7.18928,,151.714,,166.514
2524,7.19259,,151.286,,167.486
2525,7.1959,,150.857,,168.457
2526,7.19921,,150.429,,169.429
2527,7.20252,,150,,170.4
2528,7.20598,,150,,171.633
2529,7.20944,,150,,172.867
2530,7.21291,,150,,174.1
2531,7.21637,,150,,175.333
2532,7.21983,,150,,176.567
2533,7.22329,,150,,177.8
2534,7.22704,,149.833,,178.8
2535,7.23079,,149.667,,179.8
2536,7.23454,,149.5,,180.8
2537,7.2383,,149.333,,181.8
2538,7.24205,,149.167,,182.8
2539,7.2458,,149,,183.8
2540,7.24915,,149.167,,184
2541,7.2525,,149.333,,184.2
2542,7.25584,,149.5,,184.4
2543,7.25919,,149.667,,184.6
2544,7.26254,,149.833,,184.8
2545,7.26589,,150,,185
2546,7.26907,,149.857,,185.057
2547,7.27226,,149.714,,185.114
2548,7.27544,,149.571,,185.171
2549,7.27862,,149.429,,185.229
2550,7.2818,,149.286,,185.286
2551,7.28499,,149.143,,185.343
2552,7.28817,,149,,185.4
2553,7.2915,,148.833,,186.333
2554,7.29484,,148.667,,187.267
2555,7.29817,,148.5,,188.2
2556,7.30151,,148.333,,189.133
2557,7.30485,,148.167,,190.067
2558,7.30818,,148,,191
2559,7.31157,,148,,191.533
2560,7.31496,,148,,192.067
2561,7.31836,,148,,192.6
2562,7.32175,,148,,193.133
2563,7.32514,,148,,193.667
2564,7.32853,,148,,194.2
2565,7.33186,,148.286,,193.257
2566,7.33518,,148.571,,192.314
2567,7.33851,,148.857,,191.371
2568,7.34184,,149.143,,190.429
2569,7.34517,,149.429,,189.486
2570,7.34849,,149.714,,188.543
2571,7.35182,,150,,187.6
2572,7.35527,,150,,185.533
2573,7.35871,,150,,183.467
2574,7.36216,,150,,181.4
2575,7.3656,,150,,179.333
2576,7.36904,,150,,177.267
2577,7.37249,,150,,175.2
2578,7.37585,,150.333,,174.7
2579,7.37921,,150.667,,174.2
2580,7.38258,,151,,173.7
2581,7.38594,,151.333,,173.2
2582,7.3893,,151.667,,172.7
2583,7.39266,,152,,172.2
2584,7.39601,,152.167,,172.433
2585,7.39937,,152.333,,172.667
2586,7.40272,,152.5,,172.9
2587,7.40607,,152.667,,173.133
2588,7.40943,,152.833,,173.367
2589,7.41278,,153,,173.6
2590,7.41601,,153.5,,173.2
2591,7.41924,,154,,172.8
2592,7.42247,,154.5,,172.4
2593,7.4257,,155,,172
2594,7.42893,,155.5,,171.6
2595,7.43216,,156,,171.2
2596,7.43556,,156.333,,170.3
2597,7.43895,,156.667,,169.4
2598,7.44235,,157,,168.5
2599,7.44575,,157.333,,167.6
2600,7.44914,,157.667,,166.7
2601,7.45254,,158,,165.8
2602,7.45574,,158.286,,165.543
2603,7.45893,,158.571,,165.286
2604,7.46213,,158.857,,165.029
2605,7.46532,,159.143,,164.771
2606,7.46852,,159.429,,164.514
2607,7.47171,,159.714,,164.257
2608,7.47491,,160,,164
2609,7.47784,,159.857,,163.829
2610,7.48078,,159.714,,163.657
2611,7.48371,,159.571,,163.486
2612,7.48665,,159.429,,163.314
2613,7.48958,,159.286,,163.143
2614,7.49252,,159.143,,162.971
2615,7.49545,,159,,162.8
2616,7.49847,,159.143,,162.857
2617,7.5015,,159.286,,162.914
2618,7.50452,,159.429,,162.971
2619,7.50754,,159.571,,163.029
2620,7.51056,,159.714,,163.086
2621,7.51359,,159.857,,163.143
2622,7.51661,,160,,163.2
2623,7.51968,,160,,163.429
2624,7.52274,,160,,163.657
2625,7.52581,,160,,163.886
2626,7.52887,,160,,164.114
2627,7.53194,,160,,164.343
2628,7.535,,160,,164.571
2629,7.53807,,160,,164.8
2630,7.54116,,159.571,,165.171
2631,7.54424,,159.143,,165.543
2632,7.54733,,158.714,,165.914
2633,7.55041,,158.286,,166.286
2634,7.5535,,157.857,,166.657
2635,7.55658,,157.429,,167.029
2636,7.55967,,157,,167.4
2637,7.56301,,156.667,,167.833
2638,7.56635,,156.333,,168.267
2639,7.56969,,156,,168.7
2640,7.57303,,155.667,,169.133
2641,7.57637,,155.333,,169.567
2642,7.57971,,155,,170
2643,7.58274,,154.571,,170.629
2644,7.58576,,154.143,,171.257
2645,7.58879,,153.714,,171.886
2646,7.59182,,153.286,,172.514
2647,7.59485,,152.857,,173.143
2648,7.59787,,152.429,,173.771
2649,7.6009,,152,,174.4
2650,7.60353,,152,,175.2
2651,7.60616,,152,,176
2652,7.6088,,152,,176.8
2653,7.61143,,152,,177.6
2654,7.61406,,152,,178.4
2655,7.6167,,152,,179.2
2656,7.61933,,152,,180
2657,7.62196,,152,,180.8
2658,7.62462,,152.125,,181.475
2659,7.62728,,152.25,,182.15
2660,7.62994,,152.375,,182.825
2661,7.6326,,152.5,,183.5
2662,7.63525,,152.625,,184.175
2663,7.63791,,152.75,,184.85
2664,7.64057,,152.875,,185.525
2665,7.64323,,153,,186.2
2666,7.64599,,153.25,,186.475
2667,7.64874,,153.5,,186.75
2668,7.65149,,153.75,,187.025
2669,7.65425,,154,,187.3
2670,7.65701,,154.25,,187.575
2671,7.65976,,154.5,,187.85
2672,7.66251,,154.75,,188.125
2673,7.66527,,155,,188.4
2674,7.6676,,154.889,,188.244
2675,7.66994,,154.778,,188.089
2676,7.67227,,154.667,,187.933
2677,7.6746,,154.556,,187.778
2678,7.67694,,154.444,,187.622
2679,7.67927,,154.333,,187.467
2680,7.6816,,154.222,,187.311
2681,7.68394,,154.111,,187.156
2682,7.68627,,154,,187
2683,7.689,,154.25,,186.725
2684,7.69174,,154.5,,186.45
2685,7.69447,,154.75,,186.175
2686,7.6972,,155,,185.9
2687,7.69993,,155.25,,185.625
2688,7.70267,,155.5,,185.35
2689,7.7054,,155.75,,185.075
2690,7.70813,,156,,184.8
2691,7.71102,,156.143,,184.886
2692,7.7139,,156.286,,184.971
2693,7.71679,,156.429,,185.057
2694,7.71968,,156.571,,185.143
2695,7.72257,,156.714,,185.229
2696,7.72545,,156.857,,185.314
2697,7.72834,,157,,185.4
2698,7.73154,,157,,186.171
2699,7.73474,,157,,186.943
2700,7.73794,,157,,187.714
2701,7.74114,,157,,188.486
2702,7.74434,,157,,189.257
2703,7.74754,,157,,190.029
2704,7.75074,,157,,190.8
2705,7.75346,,157,,191.2
2706,7.75618,,157,,191.6
2707,7.7589,,157,,192
2708,7.76224,,157,,192.8
2709,7.76559,,157,,193.6
2710,7.76893,,157,,194.4
2711,7.77227,,157,,195.2
2712,7.77562,,157,,196
2713,7.77896,,157,,196.8
2714,7.78192,,157.143,,197.314
2715,7.78487,,157.286,,197.829
2716,7.78783,,157.429,,198.343
2717,7.79078,,157.571,,198.857
2718,7.79374,,157.714,,199.371
2719,7.79669,,157.857,,199.886
2720,7.79965,,158,,200.4
2721,7.803,,158.167,,201.033
2722,7.80634,,158.333,,201.667
2723,7.80969,,158.5,,202.3
2724,7.81304,,158.667,,202.933
2725,7.81638,,158.833,,203.567
2726,7.81973,,159,,204.2
2727,7.82281,,159,,204.514
2728,7.8259,,159,,204.829
2729,7.82898,,159,,205.143
2730,7.83207,,159,,205.457
2731,7.83515,,159,,205.771
2732,7.83824,,159,,206.086
2733,7.84132,,159,,206.4
2734,7.84449,,159.286,,206.514
2735,7.84767,,159.571,,206.629
2736,7.85084,,159.857,,206.743
2737,7.85401,,160.143,,206.857
2738,7.85718,,160.429,,206.971
2739,7.86036,,160.714,,207.086
2740,7.86353,,161,,207.2
2741,7.86674,,161.167,,207.333
2742,7.86994,,161.333,,207.467
2743,7.87315,,161.5,,207.6
2744,7.87636,,161.667,,207.733
2745,7.87956,,161.833,,207.867
2746,7.88277,,162,,208
2747,7.88623,,162,,207.567
2748,7.88969,,162,,207.133
2749,7.89315,,162,,206.7
2750,7.89661,,162,,206.267
2751,7.90007,,162,,205.833
2752,7.90353,,162,,205.4
2753,7.90706,,161.833,,205.033
2754,7.91059,,161.667,,204.667
2755,7.91412,,161.5,,204.3
2756,7.91765,,161.333,,203.933
2757,7.92118,,161.167,,203.567
2758,7.92471,,161,,203.2
2759,7.92821,,161.167,,202.767
2760,7.9317,,161.333,,202.333
2761,7.9352,,161.5,,201.9
2762,7.93869,,161.667,,201.467
2763,7.94219,,161.833,,201.033
2764,7.94568,,162,,200.6
2765,7.94921,,161.833,,200.967
2766,7.95274,,161.667,,201.333
2767,7.95627,,161.5,,201.7
2768,7.95979,,161.333,,202.067
2769,7.96332,,161.167,,202.433
2770,7.96685,,161,,202.8
2771,7.97013,,160.857,,203
2772,7.97342,,160.714,,203.2
2773,7.9767,,160.571,,203.4
2774,7.97999,,160.429,,203.6
2775,7.98327,,160.286,,203.8
2776,7.98656,,160.143,,204
2777,7.98984,,160,,204.2
2778,7.99259,,159.75,,203.75
2779,7.99534,,159.5,,203.3
2780,7.99809,,159.25,,202.85
2781,8.00084,,159,,202.4
2782,8.00422,,158.857,,201.857
2783,8.0076,,158.714,,201.314
2784,8.01098,,158.571,,200.771
2785,8.01435,,158.429,,200.229
2786,8.01773,,158.286,,199.686
2787,8.02111,,158.143,,199.143
2788,8.02449,,158,,198.6
2789,8.02819,,158.167,,198.033
2790,8.03188,,158.333,,197.467
2791,8.03558,,158.5,,196.9
2792,8.03928,,158.667,,196.333
2793,8.04297,,158.833,,195.767
2794,8.04667,,159,,195.2
2795,8.05044,,159,,194.9
2796,8.05422,,159,,194.6
2797,8.05799,,159,,194.3
2798,8.06177,,159,,194
2799,8.06555,,159,,193.7
2800,8.06932,,159,,193.4
2801,8.07286,,158.833,,193.167
2802,8.0764,,158.667,,192.933
2803,8.07994,,158.5,,192.7
2804,8.08349,,158.333,,192.467
2805,8.08703,,158.167,,192.233
2806,8.09057,,158,,192
2807,8.09421,,158,,192.1
2808,8.09785,,158,,192.2
2809,8.10149,,158,,192.3
2810,8.10514,,158,,192.4
2811,8.10878,,158,,192.5
2812,8.11242,,158,,192.6
2813,8.11578,,158.167,,192.5
2814,8.11915,,158.333,,192.4
2815,8.12251,,158.5,,192.3
2816,8.12587,,158.667,,192.2
2817,8.12924,,158.833,,192.1
2818,8.1326,,159,,192
2819,8.13597,,158.833,,191.967
2820,8.13933,,158.667,,191.933
2821,8.14269,,158.5,,191.9
2822,8.14606,,158.333,,191.867
2823,8.14942,,158.167,,191.833
2824,8.15279,,158,,191.8
2825,8.15618,,158.167,,191.733
2826,8.15957,,158.333,,191.667
2827,8.16296,,158.5,,191.6
2828,8.16635,,158.667,,191.533
2829,8.16974,,158.833,,191.467
2830,8.17313,,159,,191.4
2831,8.17642,,159,,191
2832,8.17972,,159,,190.6
2833,8.18325,,159.167,,190.633
2834,8.18678,,159.333,,190.667
2835,8.19031,,159.5,,190.7
2836,8.19384,,159.667,,190.733
2837,8.19737,,159.833,,190.767
2838,8.2009,,160,,190.8
2839,8.20434,,160,,190.767
2840,8.20778,,160,,190.733
2841,8.21121,,160,,190.7
2842,8.21465,,160,,190.667
2843,8.21809,,160,,190.633
2844,8.22153,,160,,190.6
2845,8.22485,,159.5,,190.1
2846,8.22817,,159,,189.6
2847,8.23149,,158.5,,189.1
2848,8.23481,,158,,188.6
2849,8.23813,,157.5,,188.1
2850,8.24145,,157,,187.6
2851,8.24511,,157,,187.7
2852,8.24876,,157,,187.8
2853,8.25242,,157,,187.9
2854,8.25608,,157,,188
2855,8.25973,,157,,188.1
2856,8.26339,,157,,188.2
2857,8.26707,,156.833,,188.4
2858,8.27076,,156.667,,188.6
2859,8.27445,,156.5,,188.8
2860,8.27813,,156.333,,189
2861,8.28181,,156.167,,189.2
2862,8.2855,,156,,189.4
2863,8.28938,,155.833,,189.533
2864,8.29326,,155.667,,189.667
2865,8.29715,,155.5,,189.8
2866,8.30103,,155.333,,189.933
2867,8.30491,,155.167,,190.067
2868,8.30879,,155,,190.2
2869,8.3124,,155.167,,190.2
2870,8.31602,,155.333,,190.2
2871,8.31963,,155.5,,190.2
2872,8.32324,,155.667,,190.2
2873,8.32686,,155.833,,190.2
2874,8.33047,,156,,190.2
2875,8.33388,,156,,189.767
2876,8.33729,,156,,189.333
2877,8.3407,,156,,188.9
2878,8.34411,,156,,188.467
2879,8.34752,,156,,188.033
2880,8.35093,,156,,187.6
2881,8.35444,,156.167,,187.667
2882,8.35795,,156.333,,187.733
2883,8.36146,,156.5,,187.8
2884,8.36498,,156.667,,187.867
2885,8.36849,,156.833,,187.933
2886,8.372,,157,,188
2887,8.37549,,156.667,,188.167
2888,8.37898,,156.333,,188.333
2889,8.38246,,156,,188.5
2890,8.38595,,155.667,,188.667
2891,8.38944,,155.333,,188.833
2892,8.39293,,155,,189
2893,8.39632,,155,,189.5
2894,8.3997,,155,,190
2895,8.40309,,155,,190.5
2896,8.40648,,155,,191
2897,8.40986,,155,,191.5
2898,8.41325,,155,,192
2899,8.41666,,155,,192.2
2900,8.42007,,155,,192.4
2901,8.42348,,155,,192.6
2902,8.42689,,155,,192.8
2903,8.4303,,155,,193
2904,8.43371,,155,,193.2
2905,8.43682,,155,,192.943
2906,8.43993,,155,,192.686
2907,8.44304,,155,,192.429
2908,8.44616,,155,,192.171
2909,8.44927,,155,,191.914
2910,8.45238,,155,,191.657
2911,8.45549,,155,,191.4
2912,8.45847,,155,,191.486
2913,8.46145,,155,,191.571
2914,8.46443,,155,,191.657
2915,8.46742,,155,,191.743
2916,8.4704,,155,,191.829
2917,8.47338,,155,,191.914
2918,8.47636,,155,,192
2919,8.47979,,155.167,,192.467
2920,8.48323,,155.333,,192.933
2921,8.48666,,155.5,,193.4
2922,8.49009,,155.667,,193.867
2923,8.49353,,155.833,,194.333
2924,8.49696,,156,,194.8
2925,8.50034,,155.833,,195.133
2926,8.50372,,155.667,,195.467
2927,8.50709,,155.5,,195.8
2928,8.51047,,155.333,,196.133
2929,8.51385,,155.167,,196.467
2930,8.51723,,155,,196.8
2931,8.52051,,154.857,,197.086
2932,8.52378,,154.714,,197.371
2933,8.52706,,154.571,,197.657
2934,8.53033,,154.429,,197.943
2935,8.53361,,154.286,,198.229
2936,8.53688,,154.143,,198.514
2937,8.54016,,154,,198.8
2938,8.54338,,153.857,,198.857
2939,8.5466,,153.714,,198.914
2940,8.54982,,153.571,,198.971
2941,8.55305,,153.429,,199.029
2942,8.55627,,153.286,,199.086
2943,8.55949,,153.143,,199.143
2944,8.56271,,153,,199.2
2945,8.56603,,153,,199.9
2946,8.56935,,153,,200.6
2947,8.57254,,153,,200.743
2948,8.57572,,153,,200.886
2949,8.57891,,153,,201.029
2950,8.58209,,153,,201.171
2951,8.58528,,153,,201.314
2952,8.58846,,153,,201.457
2953,8.59165,,153,,201.6
2954,8.59489,,153.286,,201.829
2955,8.59814,,153.571,,202.057
2956,8.60138,,153.857,,202.286
2957,8.60463,,154.143,,202.514
2958,8.60787,,154.429,,202.743
2959,8.61112,,154.714,,202.971
2960,8.61436,,155,,203.2
2961,8.6176,,154.571,,203.514
2962,8.62085,,154.143,,203.829
2963,8.62409,,153.714,,204.143
2964,8.62733,,153.286,,204.457
2965,8.63057,,152.857,,204.771
2966,8.63382,,152.429,,205.086
2967,8.63706,,152,,205.4
2968,8.6405,,151.833,,205.667
2969,8.64393,,151.667,,205.933
2970,8.64737,,151.5,,206.2
2971,8.65081,,151.333,,206.467
2972,8.65424,,151.167,,206.733
2973,8.65768,,151,,207
2974,8.66127,,151,,206.8
2975,8.66486,,151,,206.6
2976,8.66845,,151,,206.4
2977,8.67205,,151,,206.2
2978,8.67564,,151,,206
2979,8.67923,,151,,205.8
2980,8.68286,,150.833,,206.067
2981,8.68649,,150.667,,206.333
2982,8.69011,,150.5,,206.6
2983,8.69374,,150.333,,206.867
2984,8.69737,,150.167,,207.133
2985,8.701,,150,,207.4
2986,8.70444,,149.833,,207.167
2987,8.70787,,149.667,,206.933
2988,8.71131,,149.5,,206.7
2989,8.71475,,149.333,,206.467
2990,8.71818,,149.167,,206.233
2991,8.72162,,149,,206
2992,8.7251,,149.167,,205.867
2993,8.72859,,149.333,,205.733
2994,8.73207,,149.5,,205.6
2995,8.73555,,149.667,,205.467
2996,8.73904,,149.833,,205.333
2997,8.74252,,150,,205.2
2998,8.74605,,149.833,,205.1
2999,8.74958,,149.667,,205
3000,8.75311,,149.5,,204.9
3001,8.75665,,149.333,,204.8
3002,8.76018,,149.167,,204.7
3003,8.76371,,149,,204.6
3004,8.76739,,149,,204.067
3005,8.77107,,149,,203.533
3006,8.77474,,149,,203
3007,8.77842,,149,,202.467
3008,8.7821,,149,,201.933
3009,8.78578,,149,,201.4
3010,8.78925,,149,,200.933
3011,8.79271,,149,,200.467
3012,8.79618,,149,,200
3013,8.79965,,149,,199.533
3014,8.80311,,149,,199.067
3015,8.80658,,149,,198.6
3016,8.81004,,148.833,,198.3
3017,8.8135,,148.667,,198
3018,8.81696,,148.5,,197.7
3019,8.82041,,148.333,,197.4
3020,8.82387,,148.167,,197.1
3021,8.82733,,148,,196.8
3022,8.83084,,147.667,,196.733
3023,8.83434,,147.333,,196.667
3024,8.83784,,147,,196.6
3025,8.84135,,146.667,,196.533
3026,8.84485,,146.333,,196.467
3027,8.84836,,146,,196.4
3028,8.85189,,146,,196.4
3029,8.85542,,146,,196.4
3030,8.85895,,146,,196.4
3031,8.86249,,146,,196.4
3032,8.86602,,146,,196.4
3033,8.86955,,146,,196.4
3034,8.873,,145.667,,196.3
3035,8.87646,,145.333,,196.2
3036,8.87991,,145,,196.1
3037,8.88336,,144.667,,196
3038,8.88682,,144.333,,195.9
3039,8.89027,,144,,195.8
3040,8.8938,,143,,195.85
3041,8.89733,,142,,195.9
3042,8.90086,,141,,195.95
3043,8.90439,,140,,196
3044,8.90795,,139.667,,196.067
3045,8.91152,,139.333,,196.133
3046,8.91508,,139,,196.2
3047,8.91864,,138.667,,196.267
3048,8.92221,,138.333,,196.333
3049,8.92577,,138,,196.4
3050,8.92964,,138,,196.867
3051,8.9335,,138,,197.333
3052,8.93737,,138,,197.8
3053,8.94124,,138,,198.267
3054,8.9451,,138,,198.733
3055,8.94897,,138,,199.2
3056,8.95283,,137.833,,198.567
3057,8.95669,,137.667,,197.933
3058,8.96055,,137.5,,197.3
3059,8.96441,,137.333,,196.667
3060,8.96827,,137.167,,196.033
3061,8.97213,,137,,195.4
3062,8.97618,,136.8,,195.04
3063,8.98023,,136.6,,194.68
3064,8.98427,,136.4,,194.32
3065,8.98832,,136.2,,193.96
3066,8.99237,,136,,193.6
3067,8.99642,,136.5,,193.1
3068,9.00047,,137,,192.6
3069,9.00438,,136.833,,192.667
3070,9.00829,,136.667,,192.733
3071,9.0122,,136.5,,192.8
3072,9.01611,,136.333,,192.867
3073,9.02002,,136.167,,192.933
3074,9.02393,,136,,193
3075,9.02793,,136.2,,193.4
3076,9.03194,,136.4,,193.8
3077,9.03594,,136.6,,194.2
3078,9.03995,,136.8,,194.6
3079,9.04395,,137,,195
3080,9.04769,,136.833,,195
3081,9.05142,,136.667,,195
3082,9.05516,,136.5,,195
3083,9.0589,,136.333,,195
3084,9.06263,,136.167,,195
3085,9.06637,,136,,195
3086,9.07007,,135.667,,194.933
3087,9.07377,,135.333,,194.867
3088,9.07747,,135,,194.8
3089,9.08116,,134.667,,194.733
3090,9.08486,,134.333,,194.667
3091,9.08856,,134,,194.6
3092,9.09271,,133.8,,194.56
3093,9.09686,,133.6,,194.52
3094,9.10102,,133.4,,194.48
3095,9.10517,,133.2,,194.44
3096,9.10932,,133,,194.4
3097,9.11323,,132.833,,194.667
3098,9.11714,,132.667,,194.933
3099,9.12105,,132.5,,195.2
3100,9.12496,,132.333,,195.467
3101,9.12887,,132.167,,195.733
3102,9.13278,,132,,196
3103,9.13643,,132,,195.933
3104,9.14008,,132,,195.867
3105,9.14373,,132,,195.8
3106,9.14739,,132,,195.733
3107,9.15104,,132,,195.667
3108,9.15469,,132,,195.6
3109,9.15807,,132.5,,194.533
3110,9.16146,,133,,193.467
3111,9.16484,,133.5,,192.4
3112,9.16823,,134,,191.333
3113,9.17161,,134.5,,190.267
3114,9.175,,135,,189.2
3115,9.17858,,135.333,,188.667
3116,9.18217,,135.667,,188.133
3117,9.18575,,136,,187.6
3118,9.18933,,136.333,,187.067
3119,9.19292,,136.667,,186.533
3120,9.1965,,137,,186
3121,9.20003,,137.5,,185.633
3122,9.20355,,138,,185.267
3123,9.20707,,138.5,,184.9
3124,9.2106,,139,,184.533
3125,9.21412,,139.5,,184.167
3126,9.21765,,140,,183.8
3127,9.22121,,140.167,,183.433
3128,9.22477,,140.333,,183.067
3129,9.22833,,140.5,,182.7
3130,9.2319,,140.667,,182.333
3131,9.23546,,140.833,,181.967
3132,9.23902,,141,,181.6
3133,9.24268,,141.167,,181.567
3134,9.24634,,141.333,,181.533
3135,9.25,,141.5,,181.5
3136,9.25365,,141.667,,181.467
3137,9.25731,,141.833,,181.433
3138,9.26097,,142,,181.4
3139,9.26455,,142.167,,181.4
3140,9.26813,,142.333,,181.4
3141,9.27172,,142.5,,181.4
3142,9.2753,,142.667,,181.4
3143,9.27888,,142.833,,181.4
3144,9.28246,,143,,181.4
3145,9.28594,,143.167,,181.5
3146,9.28942,,143.333,,181.6
3147,9.29291,,143.5,,181.7
3148,9.29639,,143.667,,181.8
3149,9.29987,,143.833,,181.9
3150,9.30335,,144,,182
3151,9.3071,,143.833,,181.933
3152,9.31085,,143.667,,181.867
3153,9.3146,,143.5,,181.8
3154,9.31834,,143.333,,181.733
3155,9.32209,,143.167,,181.667
3156,9.32584,,143,,181.6
3157,9.32963,,143,,181.633
3158,9.33342,,143,,181.667
3159,9.33721,,143,,181.7
3160,9.341,,143,,181.733
3161,9.34479,,143,,181.767
3162,9.34858,,143,,181.8
3163,9.35222,,142.667,,181.633
3164,9.35586,,142.333,,181.467
3165,9.3595,,142,,181.3
3166,9.36315,,141.667,,181.133
3167,9.36679,,141.333,,180.967
3168,9.37043,,141,,180.8
3169,9.37425,,140.5,,181.133
3170,9.37806,,140,,181.467
3171,9.38188,,139.5,,181.8
3172,9.3857,,139,,182.133
3173,9.38951,,138.5,,182.467
3174,9.39333,,138,,182.8
3175,9.39729,,137.667,,183
3176,9.40125,,137.333,,183.2
3177,9.4052,,137,,183.4
3178,9.40916,,136.667,,183.6
3179,9.41312,,136.333,,183.8
3180,9.41708,,136,,184
3181,9.4207,,136.167,,184
3182,9.42432,,136.333,,184
3183,9.42794,,136.5,,184
3184,9.43156,,136.667,,184
3185,9.43518,,136.833,,184
3186,9.4388,,137,,184
3187,9.44247,,138,,183.867
3188,9.44615,,139,,183.733
3189,9.44982,,140,,183.6
3190,9.45333,,139.833,,182.8
3191,9.45685,,139.667,,182
3192,9.46036,,139.5,,181.2
3193,9.46387,,139.333,,180.4
3194,9.46739,,139.167,,179.6
3195,9.4709,,139,,178.8
3196,9.47475,,138.667,,177.9
3197,9.47859,,138.333,,177
3198,9.48243,,138,,176.1
3199,9.48628,,137.667,,175.2
3200,9.49012,,137.333,,174.3
3201,9.49397,,137,,173.4
3202,9.49777,,137,,173.033
3203,9.50156,,137,,172.667
3204,9.50536,,137,,172.3
3205,9.50916,,137,,171.933
3206,9.51295,,137,,171.567
3207,9.51675,,137,,171.2
3208,9.52046,,137,,171.033
3209,9.52417,,137,,170.867
3210,9.52788,,137,,170.7
3211,9.5316,,137,,170.533
3212,9.53531,,137,,170.367
3213,9.53902,,137,,170.2
3214,9.54268,,137,,169.8
3215,9.54634,,137,,169.4
3216,9.55,,137,,169
3217,9.55366,,137,,168.6
3218,9.55732,,137,,168.2
3219,9.56098,,137,,167.8
3220,9.56459,,137,,167.7
3221,9.56819,,137,,167.6
3222,9.5718,,137,,167.5
3223,9.57541,,137,,167.4
3224,9.57901,,137,,167.3
3225,9.58262,,137,,167.2
3226,9.58625,,137.333,,167.133
3227,9.58989,,137.667,,167.067
3228,9.59352,,138,,167
3229,9.59715,,138.333,,166.933
3230,9.60079,,138.667,,166.867
3231,9.60442,,139,,166.8
3232,9.60797,,139.6,,166.92
3233,9.61152,,140.2,,167.04
3234,9.61508,,140.8,,167.16
3235,9.61863,,141.4,,167.28
3236,9.62218,,142,,167.4
3237,9.62556,,142.167,,167.433
3238,9.62893,,142.333,,167.467
3239,9.63231,,142.5,,167.5
3240,9.63569,,142.667,,167.533
3241,9.63906,,142.833,,167.567
3242,9.64244,,143,,167.6
3243,9.64593,,143,,167.8
3244,9.64942,,143,,168
3245,9.6529,,143,,168.2
3246,9.65639,,143,,168.4
3247,9.65988,,143,,168.6
3248,9.66337,,143,,168.8
3249,9.66693,,143,,168.967
3250,9.6705,,143,,169.133
3251,9.67406,,143,,169.3
3252,9.67763,,143,,169.467
3253,9.68119,,143,,169.633
3254,9.68476,,143,,169.8
3255,9.68821,,142.5,,169.5
3256,9.69166,,142,,169.2
3257,9.69511,,141.5,,168.9
3258,9.69856,,141,,168.6
3259,9.70201,,140.5,,168.3
3260,9.70546,,140,,168
3261,9.70908,,139.4,,168.08
3262,9.7127,,138.8,,168.16
3263,9.71633,,138.2,,168.24
3264,9.71995,,137.6,,168.32
3265,9.72357,,137,,168.4
3266,9.72717,,136.833,,168.533
3267,9.73077,,136.667,,168.667
3268,9.73437,,136.5,,168.8
3269,9.73796,,136.333,,168.933
3270,9.74156,,136.167,,169.067
3271,9.74516,,136,,169.2
3272,9.74882,,135.667,,169.1
3273,9.75248,,135.333,,169
3274,9.75614,,135,,168.9
3275,9.75979,,134.667,,168.8
3276,9.76345,,134.333,,168.7
3277,9.76711,,134,,168.6
3278,9.7707,,133.5,,168.5
3279,9.77429,,133,,168.4
3280,9.77787,,132.5,,168.3
3281,9.78146,,132,,168.2
3282,9.78505,,131.5,,168.1
3283,9.78864,,131,,168
3284,9.79224,,130.833,,167.633
3285,9.79584,,130.667,,167.267
3286,9.79944,,130.5,,166.9
3287,9.80304,,130.333,,166.533
3288,9.80664,,130.167,,166.167
3289,9.81024,,130,,165.8
3290,9.81414,,130.5,,165.8
3291,9.81803,,131,,165.8
3292,9.82193,,131.5,,165.8
3293,9.82583,,132,,165.8
3294,9.82972,,132.5,,165.8
3295,9.83362,,133,,165.8
3296,9.83771,,133.4,,166.12
3297,9.8418,,133.8,,166.44
3298,9.84588,,134.2,,166.76
3299,9.84997,,134.6,,167.08
3300,9.85406,,135,,167.4
3301,9.85818,,136.5,,167.6
3302,9.86231,,138,,167.8
3303,9.86642,,138.6,,168.44
3304,9.87053,,139.2,,169.08
3305,9.87465,,139.8,,169.72
3306,9.87876,,140.4,,170.36
3307,9.88287,,141,,171
3308,9.88713,,142,,171.333
3309,9.89139,,143,,171.667
3310,9.89565,,144,,172
3311,9.89949,,144.6,,172.24
3312,9.90332,,145.2,,172.48
3313,9.90716,,145.8,,172.72
3314,9.91099,,146.4,,172.96
3315,9.91483,,147,,173.2
3316,9.9187,,147.333,,173.333
3317,9.92258,,147.667,,173.467
3318,9.92645,,148,,173.6
3319,9.93032,,148.333,,173.733
3320,9.9342,,148.667,,173.867
3321,9.93807,,149,,174
3322,9.94182,,149.167,,173.733
3323,9.94557,,149.333,,173.467
3324,9.94931,,149.5,,173.2
3325,9.95306,,149.667,,172.933
3326,9.95681,,149.833,,172.667
3327,9.96056,,150,,172.4
3328,9.96418,,150,,172.067
3329,9.9678,,150,,171.733
3330,9.97142,,150,,171.4
3331,9.97504,,150,,171.067
3332,9.97866,,150,,170.733
3333,9.98228,,150,,170.4
3334,9.98582,,150,,170.44
3335,9.98936,,150,,170.48
3336,9.99289,,150,,170.52
3337,9.99643,,150,,170.56
3338,9.99997,,150,,170.6
3339,10.0033,,149.833,,170.733
3340,10.0067,,149.667,,170.867
3341,10.0101,,149.5,,171
3342,10.0135,,149.333,,171.133
3343,10.0169,,149.167,,171.267
3344,10.0202,,149,,171.4
3345,10.0234,,149,,171.543
3346,10.0266,,149,,171.686
3347,10.0298,,149,,171.829
3348,10.0331,,149,,171.971
3349,10.0363,,149,,172.114
3350,10.0395,,149,,172.257
3351,10.0427,,149,,172.4
3352,10.0459,,149.286,,172.6
3353,10.0491,,149.571,,172.8
3354,10.0524,,149.857,,173
3355,10.0556,,150.143,,173.2
3356,10.0589,,150.429,,173.4
3357,10.0621,,150.714,,173.6
3358,10.0653,,151,,173.8
3359,10.0687,,151.333,,173.967
3360,10.0721,,151.667,,174.133
3361,10.0754,,152,,174.3
3362,10.0788,,152.333,,174.467
3363,10.0822,,152.667,,174.633
3364,10.0855,,153,,174.8
3365,10.0887,,153,,174.543
3366,10.0918,,153,,174.286
3367,10.095,,153,,174.029
3368,10.0981,,153,,173.771
3369,10.1013,,153,,173.514
3370,10.1044,,153,,173.257
3371,10.1076,,153,,173
3372,10.1108,,152.714,,172.314
3373,10.114,,152.429,,171.629
3374,10.1172,,152.143,,170.943
3375,10.1204,,151.857,,170.257
3376,10.1236,,151.571,,169.571
3377,10.1268,,151.286,,168.886
3378,10.13,,151,,168.2
3379,10.1335,,150.667,,167.433
3380,10.137,,150.333,,166.667
3381,10.1404,,150,,165.9
3382,10.1439,,149.667,,165.133
3383,10.1474,,149.333,,164.367
3384,10.1509,,149,,163.6
3385,10.155,,148.4,,164.12
3386,10.1591,,147.8,,164.64
3387,10.1631,,147.2,,165.16
3388,10.1672,,146.6,,165.68
3389,10.1713,,146,,166.2
3390,10.1753,,145.4,,166.32
3391,10.1793,,144.8,,166.44
3392,10.1834,,144.2,,166.56
3393,10.1874,,143.6,,166.68
3394,10.1914,,143,,166.8
3395,10.1955,,143,,166.8
3396,10.1996,,143,,166.8
3397,10.2037,,143,,166.8
3398,10.2079,,143,,166.8
3399,10.212,,143,,166.8
3400,10.2162,,142.25,,166.9
3401,10.2204,,141.5,,167
3402,10.2246,,140.75,,167.1
3403,10.2288,,140,,167.2
3404,10.233,,139.6,,166.88
3405,10.2371,,139.2,,166.56
3406,10.2413,,138.8,,166.24
3407,10.2454,,138.4,,165.92
3408,10.2495,,138,,165.6
3409,10.2538,,137.8,,165.64
3410,10.258,,137.6,,165.68
3411,10.2622,,137.4,,165.72
3412,10.2665,,137.2,,165.76
3413,10.2707,,137,,165.8
3414,10.2745,,136.833,,165.433
3415,10.2784,,136.667,,165.067
3416,10.2823,,136.5,,164.7
3417,10.2861,,136.333,,164.333
3418,10.29,,136.167,,163.967
3419,10.2938,,136,,163.6
3420,10.2975,,136.167,,162.967
3421,10.3012,,136.333,,162.333
3422,10.305,,136.5,,161.7
3423,10.3087,,136.667,,161.067
3424,10.3124,,136.833,,160.433
3425,10.3161,,137,,159.8
3426,10.3199,,137.333,,159.233
3427,10.3237,,137.667,,158.667
3428,10.3275,,138,,158.1
3429,10.3313,,138.333,,157.533
3430,10.3351,,138.667,,156.967
3431,10.3389,,139,,156.4
3432,10.3424,,139.167,,155.667
3433,10.3459,,139.333,,154.933
3434,10.3494,,139.5,,154.2
3435,10.353,,139.667,,153.467
3436,10.3565,,139.833,,152.733
3437,10.36,,140,,152
3438,10.3635,,139.833,,151.133
3439,10.367,,139.667,,150.267
3440,10.3706,,139.5,,149.4
3441,10.3741,,139.333,,148.533
3442,10.3776,,139.167,,147.667
3443,10.3811,,139,,146.8
3444,10.3844,,138.714,,146.2
3445,10.3876,,138.429,,145.6
3446,10.3909,,138.143,,145
3447,10.3941,,137.857,,144.4
3448,10.3974,,137.571,,143.8
3449,10.4006,,137.286,,143.2
3450,10.4039,,137,,142.6
3451,10.407,,136.857,,141.743
3452,10.4102,,136.714,,140.886
3453,10.4134,,136.571,,140.029
3454,10.4166,,136.429,,139.171
3455,10.4197,,136.286,,138.314
3456,10.4229,,136.143,,137.457
3457,10.4261,,136,,136.6
3458,10.4297,,136,,135.533
3459,10.4334,,136,,134.467
3460,10.437,,136,,133.4
3461,10.4407,,136,,132.333
3462,10.4443,,136,,131.267
3463,10.448,,136,,130.2
3464,10.4512,,135.857,,130.229
3465,10.4544,,135.714,,130.257
3466,10.4576,,135.571,,130.286
3467,10.4608,,135.429,,130.314
3468,10.4641,,135.286,,130.343
3469,10.4673,,135.143,,130.371
3470,10.4705,,135,,130.4
3471,10.4741,,134.5,,130.333
3472,10.4777,,134,,130.267
3473,10.4813,,133.5,,130.2
3474,10.4849,,133,,130.133
3475,10.4885,,132.5,,130.067
3476,10.4921,,132,,130
3477,10.4958,,132,,130.467
3478,10.4995,,132,,130.933
3479,10.5031,,132,,131.4
3480,10.5068,,132,,131.867
3481,10.5105,,132,,132.333
3482,10.5141,,132,,132.8
3483,10.5182,,132,,132.88
3484,10.5223,,132,,132.96
3485,10.5263,,132,,133.04
3486,10.5304,,132,,133.12
3487,10.5345,,132,,133.2
3488,10.5383,,132.333,,133.8
3489,10.5422,,132.667,,134.4
3490,10.546,,133,,135
3491,10.5499,,133.333,,135.6
3492,10.5537,,133.667,,136.2
3493,10.5576,,134,,136.8
3494,10.5617,,134.4,,136.76
3495,10.5659,,134.8,,136.72
3496,10.5701,,135.2,,136.68
3497,10.5743,,135.6,,136.64
3498,10.5784,,136,,136.6
3499,10.5823,,135.667,,136.433
3500,10.5862,,135.333,,136.267
3501,10.5901,,135,,136.1
3502,10.5939,,134.667,,135.933
3503,10.5978,,134.333,,135.767
3504,10.6017,,134,,135.6
3505,10.6052,,133.833,,135.1
3506,10.6087,,133.667,,134.6
3507,10.6123,,133.5,,134.1
3508,10.6158,,133.333,,133.6
3509,10.6193,,133.167,,133.1
3510,10.6228,,133,,132.6
3511,10.6264,,132.833,,132.433
3512,10.63,,132.667,,132.267
3513,10.6336,,132.5,,132.1
3514,10.6372,,132.333,,131.933
3515,10.6409,,132.167,,131.767
3516,10.6445,,132,,131.6
3517,10.6479,,132,,131.267
3518,10.6513,,132,,130.933
3519,10.6547,,132,,130.6
3520,10.6581,,132,,130.267
3521,10.6615,,132,,129.933
3522,10.6649,,132,,129.6
3523,10.6686,,131.4,,129.64
3524,10.6723,,130.8,,129.68
3525,10.676,,130.2,,129.72
3526,10.6798,,129.6,,129.76
3527,10.6835,,129,,129.8
3528,10.6873,,128.25,,129.5
3529,10.6911,,127.5,,129.2
3530,10.6948,,126.75,,128.9
3531,10.6986,,126,,128.6
3532,10.7024,,125.667,,128.9
3533,10.7061,,125.333,,129.2
3534,10.7099,,125,,129.5
3535,10.7136,,124.667,,129.8
3536,10.7174,,124.333,,130.1
3537,10.7211,,124,,130.4
3538,10.7246,,123.833,,130.667
3539,10.7281,,123.667,,130.933
3540,10.7316,,123.5,,131.2
3541,10.7351,,123.333,,131.467
3542,10.7386,,123.167,,131.733
3543,10.7421,,123,,132
3544,10.7455,,122.833,,131.767
3545,10.7489,,122.667,,131.533
3546,10.7523,,122.5,,131.3
3547,10.7556,,122.333,,131.067
3548,10.759,,122.167,,130.833
3549,10.7624,,122,,130.6
3550,10.7659,,121.833,,130.867
3551,10.7694,,121.667,,131.133
3552,10.7729,,121.5,,131.4
3553,10.7764,,121.333,,131.667
3554,10.7799,,121.167,,131.933
3555,10.7835,,121,,132.2
3556,10.7869,,121.167,,131.967
3557,10.7903,,121.333,,131.733
3558,10.7938,,121.5,,131.5
3559,10.7972,,121.667,,131.267
3560,10.8007,,121.833,,131.033
3561,10.8041,,122,,130.8
3562,10.808,,122.333,,130.9
3563,10.8118,,122.667,,131
3564,10.8156,,123,,131.1
3565,10.8194,,123.333,,131.2
3566,10.8233,,123.667,,131.3
3567,10.8271,,124,,131.4
3568,10.831,,124.167,,131.833
3569,10.8349,,124.333,,132.267
3570,10.8387,,124.5,,132.7
3571,10.8426,,124.667,,133.133
3572,10.8465,,124.833,,133.567
3573,10.8504,,125,,134
3574,10.8543,,125.6,,134.32
3575,10.8581,,126.2,,134.64
3576,10.862,,126.8,,134.96
3577,10.8659,,127.4,,135.28
3578,10.8697,,128,,135.6
3579,10.8734,,128.5,,135.6
3580,10.877,,129,,135.6
3581,10.8806,,129.5,,135.6
3582,10.8843,,130,,135.6
3583,10.8879,,130.5,,135.6
3584,10.8915,,131,,135.6
3585,10.8949,,131.333,,136.133
3586,10.8984,,131.667,,136.667
3587,10.9018,,132,,137.2
3588,10.9053,,132.333,,137.733
3589,10.9087,,132.667,,138.267
3590,10.9121,,133,,138.8
3591,10.916,,133.75,,139.1
3592,10.9199,,134.5,,139.4
3593,10.9238,,135.25,,139.7
3594,10.9277,,136,,140
3595,10.9318,,136.6,,139.96
3596,10.9358,,137.2,,139.92
3597,10.9399,,137.8,,139.88
3598,10.944,,138.4,,139.84
3599,10.9481,,139,,139.8
3600,10.9524,,139.4,,139.76
3601,10.9567,,139.8,,139.72
3602,10.9611,,140.2,,139.68
3603,10.9654,,140.6,,139.64
3604,10.9698,,141,,139.6
3605,10.974,,141.6,,138.76
3606,10.9782,,142.2,,137.92
3607,10.9824,,142.8,,137.08
3608,10.9867,,143.4,,136.24
3609,10.9909,,144,,135.4
3610,10.9948,,144.333,,135
3611,10.9988,,144.667,,134.6
3612,11.0027,,145,,134.2
3613,11.0063,,145.333,,134.433
3614,11.0099,,145.667,,134.667
3615,11.0135,,146,,134.9
3616,11.0171,,146.333,,135.133
3617,11.0207,,146.667,,135.367
3618,11.0244,,147,,135.6
3619,11.0283,,147,,135.033
3620,11.0323,,147,,134.467
3621,11.0363,,147,,133.9
3622,11.0402,,147,,133.333
3623,11.0442,,147,,132.767
3624,11.0482,,147,,132.2
3625,11.0517,,146.4,,132.16
3626,11.0553,,145.8,,132.12
3627,11.0588,,145.2,,132.08
3628,11.0623,,144.6,,132.04
3629,11.0659,,144,,132
3630,11.0695,,144,,131.767
3631,11.0731,,144,,131.533
3632,11.0767,,144,,131.3
3633,11.0803,,144,,131.067
3634,11.0839,,144,,130.833
3635,11.0875,,144,,130.6
3636,11.0909,,144,,130.467
3637,11.0943,,144,,130.333
3638,11.0978,,144,,130.2
3639,11.1012,,144,,130.067
3640,11.1047,,144,,129.933
3641,11.1081,,144,,129.8
3642,11.1117,,145,,130.2
3643,11.1152,,145.75,,130.4
3644,11.1187,,146.5,,130.6
3645,11.1222,,147.25,,130.8
3646,11.1256,,148,,131
3647,11.1288,,148.143,,130.857
3648,11.132,,148.286,,130.714
3649,11.1352,,148.429,,130.571
3650,11.1384,,148.571,,130.429
3651,11.1415,,148.714,,130.286
3652,11.1447,,148.857,,130.143
3653,11.1479,,149,,130
3654,11.1512,,149.429,,130.057
3655,11.1545,,149.857,,130.114
3656,11.1578,,150.286,,130.171
3657,11.1611,,150.714,,130.229
3658,11.1644,,151.143,,130.286
3659,11.1677,,151.571,,130.343
3660,11.171,,152,,130.4
3661,11.1741,,152.143,,130.343
3662,11.1772,,152.286,,130.286
3663,11.1804,,152.429,,130.229
3664,11.1835,,152.571,,130.171
3665,11.1866,,152.714,,130.114
3666,11.1897,,152.857,,130.057
3667,11.1929,,153,,130
3668,11.1958,,152.857,,130.286
3669,11.1988,,152.714,,130.571
3670,11.2018,,152.571,,130.857
3671,11.2047,,152.429,,131.143
3672,11.2077,,152.286,,131.429
3673,11.2107,,152.143,,131.714
3674,11.2137,,152,,132
3675,11.2169,,151.714,,132.486
3676,11.2201,,151.429,,132.971
3677,11.2233,,151.143,,133.457
3678,11.2265,,150.857,,133.943
3679,11.2297,,150.571,,134.429
3680,11.2329,,150.286,,134.914
3681,11.2361,,150,,135.4
3682,11.239,,149.25,,135.2
3683,11.2419,,148.5,,135
3684,11.2447,,147.75,,134.8
3685,11.2476,,147,,134.6
3686,11.2507,,146.25,,135.1
3687,11.2539,,145.5,,135.6
3688,11.2571,,144.75,,136.1
3689,11.2602,,144,,136.6
3690,11.2632,,143.25,,137.1
3691,11.2661,,142.5,,137.6
3692,11.2691,,141.75,,138.1
3693,11.2721,,141,,138.6
3694,11.2748,,140.75,,138.9
3695,11.2776,,140.5,,139.2
3696,11.2804,,140.25,,139.5
3697,11.2831,,140,,139.8
3698,11.2859,,139.75,,140.1
3699,11.2887,,139.5,,140.4
3700,11.2914,,139.25,,140.7
3701,11.2942,,139,,141
3702,11.297,,138.4,,141.8
3703,11.2998,,137.8,,142.6
3704,11.3026,,137.2,,143.4
3705,11.3054,,136.6,,144.2
3706,11.3081,,136,,145
3707,11.3109,,135.25,,146.2
3708,11.3136,,134.5,,147.4
3709,11.3163,,133.75,,148.6
3710,11.319,,133,,149.8
3711,11.3218,,132.75,,150.75
3712,11.3247,,132.5,,151.7
3713,11.3275,,132.25,,152.65
3714,11.3304,,132,,153.6
3715,11.3342,,132.333,,153.7
3716,11.3381,,132.667,,153.8
3717,11.342,,133,,153.9
3718,11.3459,,133.333,,154
3719,11.3497,,133.667,,154.1
3720,11.3536,,134,,154.2
3721,11.3575,,134.167,,153.633
3722,11.3613,,134.333,,153.067
3723,11.3652,,134.5,,152.5
3724,11.3691,,134.667,,151.933
3725,11.373,,134.833,,151.367
3726,11.3768,,135,,150.8
3727,11.3805,,134.833,,150.133
3728,11.3842,,134.667,,149.467
3729,11.3879,,134.5,,148.8
3730,11.3916,,134.333,,148.133
3731,11.3954,,134.167,,147.467
3732,11.3991,,134,,146.8
3733,11.4025,,134.167,,145.533
3734,11.4059,,134.333,,144.267
3735,11.4094,,134.5,,143
3736,11.4128,,134.667,,141.733
3737,11.4163,,134.833,,140.467
3738,11.4197,,135,,139.2
3739,11.4231,,135,,138.4
3740,11.4266,,135,,137.6
3741,11.43,,135,,136.8
3742,11.4334,,135,,136
3743,11.4368,,135,,135.2
3744,11.4403,,135,,134.4
3745,11.4443,,134.8,,133.76
3746,11.4483,,134.6,,133.12
3747,11.4523,,134.4,,132.48
3748,11.4563,,134.2,,131.84
3749,11.4603,,134,,131.2
3750,11.4634,,133.857,,130.371
3751,11.4664,,133.714,,129.543
3752,11.4695,,133.571,,128.714
3753,11.4726,,133.429,,127.886
3754,11.4757,,133.286,,127.057
3755,11.4787,,133.143,,126.229
3756,11.4818,,133,,125.4
3757,11.4845,,133,,125.375
3758,11.4873,,133,,125.35
3759,11.49,,133,,125.325
3760,11.4928,,133,,125.3
3761,11.4955,,133,,125.275
3762,11.4982,,133,,125.25
3763,11.501,,133,,125.225
3764,11.5037,,133,,125.2
3765,11.5068,,133.143,,126.029
3766,11.5098,,133.286,,126.857
3767,11.5129,,133.429,,127.686
3768,11.516,,133.571,,128.514
3769,11.519,,133.714,,129.343
3770,11.5221,,133.857,,130.171
3771,11.5251,,134,,131
3772,11.5281,,134.5,,131
3773,11.531,,135,,131
3774,11.5339,,135.5,,131
3775,11.5368,,136,,131
3776,11.5397,,136.5,,131
3777,11.5427,,137,,131
3778,11.5465,,137.333,,130
3779,11.5504,,137.667,,129
3780,11.5542,,138,,128
3781,11.558,,138.333,,127
3782,11.5619,,138.667,,126
3783,11.5657,,139,,125
3784,11.5689,,138.857,,125.314
3785,11.5721,,138.714,,125.629
3786,11.5753,,138.571,,125.943
3787,11.5785,,138.429,,126.257
3788,11.5816,,138.286,,126.571
3789,11.5848,,138.143,,126.886
3790,11.588,,138,,127.2
3791,11.5918,,137.833,,127.6
3792,11.5957,,137.667,,128
3793,11.5995,,137.5,,128.4
3794,11.6033,,137.333,,128.8
3795,11.6072,,137.167,,129.2
3796,11.611,,137,,129.6
3797,11.6149,,137.167,,129.567
3798,11.6188,,137.333,,129.533
3799,11.6227,,137.5,,129.5
3800,11.6266,,137.667,,129.467
3801,11.6305,,137.833,,129.433
3802,11.6344,,138,,129.4
3803,11.6379,,138,,130.167
3804,11.6414,,138,,130.933
3805,11.6449,,138,,131.7
3806,11.6484,,138,,132.467
3807,11.6519,,138,,133.233
3808,11.6554,,138,,134
3809,11.659,,138.333,,134.8
3810,11.6625,,138.667,,135.6
3811,11.6661,,139,,136.4
3812,11.6697,,139.333,,137.2
3813,11.6732,,139.667,,138
3814,11.6768,,140,,138.8
3815,11.6803,,140,,137.833
3816,11.6839,,140,,136.867
3817,11.6874,,140,,135.9
3818,11.6909,,140,,134.933
3819,11.6945,,140,,133.967
3820,11.698,,140,,133
3821,11.7015,,139.833,,132.967
3822,11.7049,,139.667,,132.933
3823,11.7084,,139.5,,132.9
3824,11.7119,,139.333,,132.867
3825,11.7154,,139.167,,132.833
3826,11.7188,,139,,132.8
3827,11.7226,,139,,131.467
3828,11.7264,,139,,130.133
3829,11.7301,,139,,128.8
3830,11.7339,,139,,127.467
3831,11.7377,,139,,126.133
3832,11.7415,,139,,124.8
3833,11.7456,,139.2,,124.04
3834,11.7498,,139.4,,123.28
3835,11.754,,139.6,,122.52
3836,11.7582,,139.8,,121.76
3837,11.7624,,140,,121
3838,11.7662,,140.167,,121
3839,11.7699,,140.333,,121
3840,11.7737,,140.5,,121
3841,11.7775,,140.667,,121
3842,11.7813,,140.833,,121
3843,11.7851,,141,,121
3844,11.7884,,141.429,,120.943
3845,11.7918,,141.857,,120.886
3846,11.7951,,142.286,,120.829
3847,11.7984,,142.714,,120.771
3848,11.8018,,143.143,,120.714
3849,11.8051,,143.571,,120.657
3850,11.8084,,144,,120.6
3851,11.8118,,143.833,,120.867
3852,11.8152,,143.667,,121.133
3853,11.8186,,143.5,,121.4
3854,11.822,,143.333,,121.667
3855,11.8254,,143.167,,121.933
3856,11.8288,,143,,122.2
3857,11.8319,,142.5,,122.8
3858,11.835,,142,,123.4
3859,11.8379,,142,,123.9
3860,11.8409,,142,,124.4
3861,11.8445,,142.333,,124.2
3862,11.848,,142.667,,124
3863,11.8516,,143,,123.8
3864,11.8552,,143.333,,123.6
3865,11.8588,,143.667,,123.4
3866,11.8624,,144,,123.2
3867,11.8661,,144,,122.967
3868,11.8698,,144,,122.733
3869,11.8735,,144,,122.5
3870,11.8772,,144,,122.267
3871,11.881,,144,,122.033
3872,11.8847,,144,,121.8
3873,11.8881,,144.333,,121.433
3874,11.8915,,144.667,,121.067
3875,11.8949,,145,,120.7
3876,11.8983,,145.333,,120.333
3877,11.9017,,145.667,,119.967
3878,11.9051,,146,,119.6
3879,11.9087,,146.167,,119.8
3880,11.9122,,146.333,,120
3881,11.9157,,146.5,,120.2
3882,11.9192,,146.667,,120.4
3883,11.9227,,146.833,,120.6
3884,11.9262,,147,,120.8
3885,11.9299,,146.833,,120.967
3886,11.9335,,146.667,,121.133
3887,11.9372,,146.5,,121.3
3888,11.9408,,146.333,,121.467
3889,11.9445,,146.167,,121.633
3890,11.9481,,146,,121.8
3891,11.9517,,146,,121.9
3892,11.9553,,146,,122
3893,11.9588,,146,,122.1
3894,11.9624,,146,,122.2
3895,11.966,,146,,122.3
3896,11.9695,,146,,122.4
3897,11.9732,,146.167,,123
3898,11.9769,,146.333,,123.6
3899,11.9806,,146.5,,124.2
3900,11.9843,,146.667,,124.8
3901,11.988,,146.833,,125.4
3902,11.9916,,147,,126
3903,11.9952,,146.667,,126.467
3904,11.9987,,146.333,,126.933
3905,12.0022,,146,,127.4
3906,12.0054,,145.714,,127.086
3907,12.0086,,145.429,,126.771
3908,12.0118,,145.143,,126.457
3909,12.015,,144.857,,126.143
3910,12.0182,,144.571,,125.829
3911,12.0214,,144.286,,125.514
3912,12.0246,,144,,125.2
3913,12.0282,,144.167,,125.2
3914,12.0319,,144.333,,125.2
3915,12.0356,,144.5,,125.2
3916,12.0393,,144.667,,125.2
3917,12.0429,,144.833,,125.2
3918,12.0466,,145,,125.2
3919,12.0501,,145,,125.433
3920,12.0536,,145,,125.667
3921,12.057,,145,,125.9
3922,12.0605,,145,,126.133
3923,12.064,,145,,126.367
3924,12.0675,,145,,126.6
3925,12.0708,,145.286,,126.657
3926,12.0741,,145.571,,126.714
3927,12.0775,,145.857,,126.771
3928,12.0808,,146.143,,126.829
3929,12.0841,,146.429,,126.886
3930,12.0875,,146.714,,126.943
3931,12.0908,,147,,127
3932,12.0945,,147.333,,126.9
3933,12.0982,,147.667,,126.8
3934,12.1019,,148,,126.7
3935,12.1056,,148.333,,126.6
3936,12.1093,,148.667,,126.5
3937,12.113,,149,,126.4
3938,12.1166,,149.167,,126.667
3939,12.1203,,149.333,,126.933
3940,12.1239,,149.5,,127.2
3941,12.1275,,149.667,,127.467
3942,12.1311,,149.833,,127.733
3943,12.1348,,150,,128
3944,12.1386,,150,,127.6
3945,12.1425,,150,,127.2
3946,12.1464,,150,,126.8
3947,12.1503,,150,,126.4
3948,12.1542,,150,,126
3949,12.1581,,150,,125.6
3950,12.1619,,149.833,,125.167
3951,12.1657,,149.667,,124.733
3952,12.1695,,149.5,,124.3
3953,12.1733,,149.333,,123.867
3954,12.1772,,149.167,,123.433
3955,12.181,,149,,123
3956,12.1846,,149,,122.833
3957,12.1882,,149,,122.667
3958,12.1919,,149,,122.5
3959,12.1955,,149,,122.333
3960,12.1991,,149,,122.167
3961,12.2028,,149,,122
3962,12.206,,149,,122.143
3963,12.2093,,149,,122.286
3964,12.2126,,149,,122.429
3965,12.2158,,149,,122.571
3966,12.2191,,149,,122.714
3967,12.2223,,149,,122.857
3968,12.2256,,149,,123
3969,12.2292,,148.833,,122.933
3970,12.2328,,148.667,,122.867
3971,12.2364,,148.5,,122.8
3972,12.24,,148.333,,122.733
3973,12.2437,,148.167,,122.667
3974,12.2473,,148,,122.6
3975,12.251,,148.167,,122.5
3976,12.2546,,148.333,,122.4
3977,12.2583,,148.5,,122.3
3978,12.262,,148.667,,122.2
3979,12.2657,,148.833,,122.1
3980,12.2694,,149,,122
3981,12.2729,,148.5,,122.067
3982,12.2763,,148,,122.133
3983,12.2798,,147.5,,122.2
3984,12.2833,,147,,122.267
3985,12.2867,,146.5,,122.333
3986,12.2902,,146,,122.4
3987,12.2932,,145.571,,122.686
3988,12.2962,,145.143,,122.971
3989,12.2991,,144.714,,123.257
3990,12.3021,,144.286,,123.543
3991,12.3051,,143.857,,123.829
3992,12.3081,,143.429,,124.114
3993,12.3111,,143,,124.4
3994,12.3138,,142.875,,124.275
3995,12.3166,,142.75,,124.15
3996,12.3193,,142.625,,124.025
3997,12.3221,,142.5,,123.9
3998,12.3249,,142.375,,123.775
3999,12.3276,,142.25,,123.65
4000,12.3304,,142.125,,123.525
4001,12.3331,,142,,123.4
4002,12.3344,,141.5,,123.05
4003,12.3358,,141,,122.7
4004,12.3371,,140.5,,122.35
4005,12.3384,,140,,122
4006,12.3414,,139.5,,121.3
4007,12.3445,,139,,120.6
4008,12.3475,,138.5,,119.9
4009,12.3505,,138,,119.2
4010,12.3535,,137.5,,118.5
4011,12.3566,,137,,117.8
4012,12.3597,,136.4,,117.6
4013,12.3629,,135.8,,117.4
4014,12.366,,135.2,,117.2
4015,12.3692,,134.6,,117
4016,12.3723,,134,,116.8
4017,12.3749,,133.8,,116.68
4018,12.3774,,133.6,,116.56
4019,12.3799,,133.4,,116.44
4020,12.3824,,133.2,,116.32
4021,12.3849,,133,,116.2
4022,12.3883,,133.167,,115
4023,12.3917,,133.333,,113.8
4024,12.3951,,133.5,,112.6
4025,12.3985,,133.667,,111.4
4026,12.4019,,133.833,,110.2
4027,12.4053,,134,,109
4028,12.4074,,134,,109.575
4029,12.4095,,134,,110.15
4030,12.4115,,134,,110.725
4031,12.4136,,134,,111.3
4032,12.4157,,134,,111.875
4033,12.4178,,134,,112.45
4034,12.4199,,134,,113.025
4035,12.4219,,134,,113.6
4036,12.4251,,134.143,,113.743
4037,12.4283,,134.286,,113.886
4038,12.4315,,134.429,,114.029
4039,12.4346,,134.571,,114.171
4040,12.4378,,134.714,,114.314
4041,12.441,,134.857,,114.457
4042,12.4441,,135,,114.6
4043,12.4473,,135.286,,115.029
4044,12.4505,,135.571,,115.457
4045,12.4537,,135.857,,115.886
4046,12.4568,,136.143,,116.314
4047,12.46,,136.429,,116.743
4048,12.4632,,136.714,,117.171
4049,12.4664,,137,,117.6
4050,12.4692,,137.286,,117.743
4051,12.472,,137.571,,117.886
4052,12.4748,,137.857,,118.029
4053,12.4775,,138.143,,118.171
4054,12.4803,,138.429,,118.314
4055,12.4831,,138.714,,118.457
4056,12.4859,,139,,118.6
4057,12.489,,139,,118.6
4058,12.4921,,139,,118.6
4059,12.4952,,139,,118.6
4060,12.4983,,139,,118.6
4061,12.5014,,139,,118.6
4062,12.5045,,139,,118.6
4063,12.5076,,139,,118.6
4064,12.5109,,139.143,,118.6
4065,12.5141,,139.286,,118.6
4066,12.5174,,139.429,,118.6
4067,12.5206,,139.571,,118.6
4068,12.5239,,139.714,,118.6
4069,12.5271,,139.857,,118.6
4070,12.5304,,140,,118.6
4071,12.534,,140,,118.567
4072,12.5375,,140,,118.533
4073,12.5411,,140,,118.5
4074,12.5447,,140,,118.467
4075,12.5483,,140,,118.433
4076,12.5519,,140,,118.4
4077,12.5553,,140.75,,118.55
4078,12.5587,,141.5,,118.7
4079,12.5621,,142.25,,118.85
4080,12.5655,,143,,119
4081,12.5693,,143.5,,118.9
4082,12.5731,,144,,118.8
4083,12.577,,144.5,,118.7
4084,12.5808,,145,,118.6
4085,12.5846,,145.5,,118.5
4086,12.5884,,146,,118.4
4087,12.5923,,146,,118.6
4088,12.5962,,146,,118.8
4089,12.6001,,146,,119
4090,12.604,,146,,119.2
4091,12.6079,,146,,119.4
4092,12.6118,,146,,119.6
4093,12.6154,,146.167,,120
4094,12.6189,,146.333,,120.4
4095,12.6225,,146.5,,120.8
4096,12.6261,,146.667,,121.2
4097,12.6296,,146.833,,121.6
4098,12.6332,,147,,122
4099,12.6368,,147,,122.567
4100,12.6404,,147,,123.133
4101,12.644,,147,,123.7
4102,12.6476,,147,,124.267
4103,12.6512,,147,,124.833
4104,12.6548,,147,,125.4
4105,12.6582,,146.4,,125.44
4106,12.6616,,145.8,,125.48
4107,12.665,,145.2,,125.52
4108,12.6684,,144.6,,125.56
4109,12.6718,,144,,125.6
4110,12.6753,,144,,125.833
4111,12.6788,,144,,126.067
4112,12.6823,,144,,126.3
4113,12.6859,,144,,126.533
4114,12.6894,,144,,126.767
4115,12.6929,,144,,127
4116,12.6964,,143.833,,127.1
4117,12.6998,,143.667,,127.2
4118,12.7033,,143.5,,127.3
4119,12.7068,,143.333,,127.4
4120,12.7103,,143.167,,127.5
4121,12.7138,,143,,127.6
4122,12.7173,,142.833,,127.267
4123,12.7208,,142.667,,126.933
4124,12.7242,,142.5,,126.6
4125,12.7277,,142.333,,126.267
4126,12.7312,,142.167,,125.933
4127,12.7346,,142,,125.6
4128,12.7376,,142,,125.4
4129,12.7406,,142,,125.2
4130,12.744,,141.667,,124.9
4131,12.7474,,141.333,,124.6
4132,12.7508,,141,,124.3
4133,12.7542,,140.667,,124
4134,12.7576,,140.333,,123.7
4135,12.761,,140,,123.4
4136,12.7647,,139.25,,122.85
4137,12.7684,,138.5,,122.3
4138,12.7721,,137.75,,121.75
4139,12.7758,,137,,121.2
4140,12.7797,,137,,121.167
4141,12.7836,,137,,121.133
4142,12.7875,,137,,121.1
4143,12.7915,,137,,121.067
4144,12.7954,,137,,121.033
4145,12.7993,,137,,121
4146,12.8034,,137.4,,121.64
4147,12.8074,,137.8,,122.28
4148,12.8115,,138.2,,122.92
4149,12.8155,,138.6,,123.56
4150,12.8196,,139,,124.2
4151,12.8231,,139.167,,124.8
4152,12.8266,,139.333,,125.4
4153,12.83,,139.5,,126
4154,12.8335,,139.667,,126.6
4155,12.837,,139.833,,127.2
4156,12.8405,,140,,127.8
4157,12.8438,,140.286,,128.086
4158,12.847,,140.571,,128.371
4159,12.8503,,140.857,,128.657
4160,12.8536,,141.143,,128.943
4161,12.8569,,141.429,,129.229
4162,12.8602,,141.714,,129.514
4163,12.8635,,142,,129.8
4164,12.8665,,141.667,,129.7
4165,12.8695,,141.333,,129.6
4166,12.8726,,141,,129.5
4167,12.8756,,140.667,,129.4
4168,12.8787,,140.333,,129.3
4169,12.8817,,140,,129.2
4170,12.8849,,139.857,,128.514
4171,12.8881,,139.714,,127.829
4172,12.8913,,139.571,,127.143
4173,12.8945,,139.429,,126.457
4174,12.8977,,139.286,,125.771
4175,12.9009,,139.143,,125.086
4176,12.9041,,139,,124.4
4177,12.9078,,139,,124.2
4178,12.9114,,139,,124
4179,12.9151,,139,,123.8
4180,12.9187,,139,,123.6
4181,12.9224,,139,,123.4
4182,12.926,,139,,123.2
4183,12.9295,,139,,123.3
4184,12.933,,139,,123.4
4185,12.9364,,139,,123.5
4186,12.9399,,139,,123.6
4187,12.9434,,139,,123.7
4188,12.9469,,139,,123.8
4189,12.9502,,139,,123.857
4190,12.9535,,139,,123.914
4191,12.9568,,139,,123.971
4192,12.9601,,139,,124.029
4193,12.9634,,139,,124.086
4194,12.9667,,139,,124.143
4195,12.97,,139,,124.2
4196,12.9733,,139,,123.829
4197,12.9765,,139,,123.457
4198,12.9798,,139,,123.086
4199,12.983,,139,,122.714
4200,12.9863,,139,,122.343
4201,12.9896,,139,,121.971
4202,12.9928,,139,,121.6
4203,12.9961,,139,,121.4
4204,12.9995,,139,,121.2
4205,13.0025,,139.143,,120.971
4206,13.0056,,139.286,,120.743
4207,13.0087,,139.429,,120.514
4208,13.0118,,139.571,,120.286
4209,13.0148,,139.714,,120.057
4210,13.0179,,139.857,,119.829
4211,13.021,,140,,119.6
4212,13.0244,,140.333,,119.9
4213,13.0279,,140.667,,120.2
4214,13.0314,,141,,120.5
4215,13.0349,,141.333,,120.8
4216,13.0384,,141.667,,121.1
4217,13.0419,,142,,121.4
4218,13.0456,,142.333,,121.367
4219,13.0494,,142.667,,121.333
4220,13.0531,,143,,121.3
4221,13.0568,,143.333,,121.267
4222,13.0606,,143.667,,121.233
4223,13.0643,,144,,121.2
4224,13.0679,,144.333,,121.9
4225,13.0714,,144.667,,122.6
4226,13.075,,145,,123.3
4227,13.0786,,145.333,,124
4228,13.0822,,145.667,,124.7
4229,13.0857,,146,,125.4
4230,13.0893,,146,,125.933
4231,13.0929,,146,,126.467
4232,13.0965,,146,,127
4233,13.1001,,146,,127.533
4234,13.1037,,146,,128.067
4235,13.1073,,146,,128.6
4236,13.1112,,145.5,,128.5
4237,13.1151,,145,,128.4
4238,13.119,,144.5,,128.3
4239,13.1229,,144,,128.2
4240,13.1268,,143.5,,128.1
4241,13.1306,,143,,128
4242,13.1343,,142.667,,127.767
4243,13.138,,142.333,,127.533
4244,13.1417,,142,,127.3
4245,13.1454,,141.667,,127.067
4246,13.1491,,141.333,,126.833
4247,13.1528,,141,,126.6
4248,13.1564,,141.167,,126.2
4249,13.16,,141.333,,125.8
4250,13.1636,,141.5,,125.4
4251,13.1671,,141.667,,125
4252,13.1707,,141.833,,124.6
4253,13.1743,,142,,124.2
4254,13.1777,,142.286,,123.714
4255,13.181,,142.571,,123.229
4256,13.1843,,142.857,,122.743
4257,13.1876,,143.143,,122.257
4258,13.1909,,143.429,,121.771
4259,13.1943,,143.714,,121.286
4260,13.1976,,144,,120.8
4261,13.201,,144,,120.467
4262,13.2045,,144,,120.133
4263,13.2079,,144,,119.8
4264,13.2114,,144,,119.467
4265,13.2148,,144,,119.133
4266,13.2182,,144,,118.8
4267,13.2218,,144,,118.5
4268,13.2254,,144,,118.2
4269,13.2289,,144,,117.9
4270,13.2325,,144,,117.6
4271,13.2361,,144,,117.3
4272,13.2396,,144,,117
4273,13.2432,,143.833,,117.1
4274,13.2468,,143.667,,117.2
4275,13.2504,,143.5,,117.3
4276,13.254,,143.333,,117.4
4277,13.2576,,143.167,,117.5
4278,13.2612,,143,,117.6
4279,13.2653,,143,,118
4280,13.2695,,143,,118.4
4281,13.2737,,143,,118.8
4282,13.2779,,143,,119.2
4283,13.282,,143,,119.6
4284,13.286,,143.167,,119.267
4285,13.2899,,143.333,,118.933
4286,13.2938,,143.5,,118.6
4287,13.2977,,143.667,,118.267
4288,13.3016,,143.833,,117.933
4289,13.3055,,144,,117.6
4290,13.3092,,144.167,,117.533
4291,13.3129,,144.333,,117.467
4292,13.3166,,144.5,,117.4
4293,13.3203,,144.667,,117.333
4294,13.3239,,144.833,,117.267
4295,13.3276,,145,,117.2
4296,13.3311,,145,,116.9
4297,13.3345,,145,,116.6
4298,13.3379,,145,,116.3
4299,13.3413,,145,,116
4300,13.3447,,145,,115.7
4301,13.3482,,145,,115.4
4302,13.3516,,145.167,,114.867
4303,13.355,,145.333,,114.333
4304,13.3584,,145.5,,113.8
4305,13.3618,,145.667,,113.267
4306,13.3652,,145.833,,112.733
4307,13.3686,,146,,112.2
4308,13.3721,,146,,111.967
4309,13.3755,,146,,111.733
4310,13.379,,146,,111.5
4311,13.3825,,146,,111.267
4312,13.3859,,146,,111.033
4313,13.3894,,146,,110.8
4314,13.3931,,146,,111.167
4315,13.3968,,146,,111.533
4316,13.4005,,146,,111.9
4317,13.4042,,146,,112.267
4318,13.408,,146,,112.633
4319,13.4117,,146,,113
4320,13.4152,,145.833,,113.067
4321,13.4188,,145.667,,113.133
4322,13.4224,,145.5,,113.2
4323,13.4259,,145.333,,113.267
4324,13.4295,,145.167,,113.333
4325,13.4331,,145,,113.4
4326,13.4371,,145,,113.32
4327,13.4412,,145,,113.24
4328,13.4452,,145,,113.16
4329,13.4492,,145,,113.08
4330,13.4533,,145,,113
4331,13.4571,,144.667,,112.667
4332,13.4609,,144.333,,112.333
4333,13.4647,,144,,112
4334,13.4685,,143.667,,111.667
4335,13.4723,,143.333,,111.333
4336,13.4761,,143,,111
4337,13.4801,,142.833,,110.367
4338,13.484,,142.667,,109.733
4339,13.488,,142.5,,109.1
4340,13.4919,,142.333,,108.467
4341,13.4958,,142.167,,107.833
4342,13.4998,,142,,107.2
4343,13.5036,,142,,107.033
4344,13.5075,,142,,106.867
4345,13.5114,,142,,106.7
4346,13.5153,,142,,106.533
4347,13.5192,,142,,106.367
4348,13.5231,,142,,106.2
4349,13.5265,,142.167,,106.233
4350,13.53,,142.333,,106.267
4351,13.5334,,142.5,,106.3
4352,13.5369,,142.667,,106.333
4353,13.5404,,142.833,,106.367
4354,13.5438,,143,,106.4
4355,13.5472,,143.143,,106.086
4356,13.5505,,143.286,,105.771
4357,13.5538,,143.429,,105.457
4358,13.5572,,143.571,,105.143
4359,13.5605,,143.714,,104.829
4360,13.5638,,143.857,,104.514
4361,13.5671,,144,,104.2
4362,13.5704,,144,,104.086
4363,13.5737,,144,,103.971
4364,13.5769,,144,,103.857
4365,13.5802,,144,,103.743
4366,13.5834,,144,,103.629
4367,13.5867,,144,,103.514
4368,13.5899,,144,,103.4
4369,13.5931,,144.143,,103.029
4370,13.5962,,144.286,,102.657
4371,13.5993,,144.429,,102.286
4372,13.6025,,144.571,,101.914
4373,13.6056,,144.714,,101.543
4374,13.6088,,144.857,,101.171
4375,13.6119,,145,,100.8
4376,13.6154,,145,,100.867
4377,13.6189,,145,,100.933
4378,13.6223,,145,,101
4379,13.6258,,145,,101.067
4380,13.6293,,145,,101.133
4381,13.6327,,145,,101.2
4382,13.6363,,144.833,,101.767
4383,13.6399,,144.667,,102.333
4384,13.6436,,144.5,,102.9
4385,13.6472,,144.333,,103.467
4386,13.6508,,144.167,,104.033
4387,13.6544,,144,,104.6
4388,13.6578,,143.667,,104.9
4389,13.6613,,143.333,,105.2
4390,13.6647,,143,,105.5
4391,13.6682,,142.667,,105.8
4392,13.6716,,142.333,,106.1
4393,13.675,,142,,106.4
4394,13.6788,,142.333,,106.3
4395,13.6826,,142.667,,106.2
4396,13.6864,,143,,106.1
4397,13.6902,,143.333,,106
4398,13.694,,143.667,,105.9
4399,13.6978,,144,,105.8
4400,13.7022,,144.2,,106.36
4401,13.7066,,144.4,,106.92
4402,13.7109,,144.6,,107.48
4403,13.7153,,144.8,,108.04
4404,13.7196,,145,,108.6
4405,13.7238,,145.2,,109.04
4406,13.7279,,145.4,,109.48
4407,13.732,,145.6,,109.92
4408,13.7361,,145.8,,110.36
4409,13.7403,,146,,110.8
4410,13.7442,,146,,111.2
4411,13.7482,,146,,111.6
4412,13.7522,,146,,112
4413,13.7562,,146,,112.4
4414,13.7601,,146,,112.8
4415,13.7641,,146,,113.2
4416,13.768,,146.167,,113.433
4417,13.7718,,146.333,,113.667
4418,13.7757,,146.5,,113.9
4419,13.7796,,146.667,,114.133
4420,13.7834,,146.833,,114.367
4421,13.7873,,147,,114.6
4422,13.7905,,147.286,,114.457
4423,13.7937,,147.571,,114.314
4424,13.797,,147.857,,114.171
4425,13.8002,,148.143,,114.029
4426,13.8034,,148.429,,113.886
4427,13.8066,,148.714,,113.743
4428,13.8099,,149,,113.6
4429,13.8135,,149.5,,113.433
4430,13.8171,,150,,113.267
4431,13.8207,,150.5,,113.1
4432,13.8243,,151,,112.933
4433,13.8279,,151.5,,112.767
4434,13.8316,,152,,112.6
4435,13.8349,,152.333,,111.833
4436,13.8383,,152.667,,111.067
4437,13.8416,,153,,110.3
4438,13.8449,,153.333,,109.533
4439,13.8483,,153.667,,108.767
4440,13.8516,,154,,108
4441,13.8552,,154.333,,107.833
4442,13.8587,,154.667,,107.667
4443,13.8622,,155,,107.5
4444,13.8657,,155.333,,107.333
4445,13.8692,,155.667,,107.167
4446,13.8727,,156,,107
4447,13.8761,,155.833,,107.1
4448,13.8794,,155.667,,107.2
4449,13.8827,,155.5,,107.3
4450,13.8861,,155.333,,107.4
4451,13.8894,,155.167,,107.5
4452,13.8927,,155,,107.6
4453,13.8962,,155,,107.667
4454,13.8996,,155,,107.733
4455,13.9031,,155,,107.8
4456,13.9065,,155,,107.867
4457,13.91,,155,,107.933
4458,13.9134,,155,,108
4459,13.9167,,154.8,,108.08
4460,13.9199,,154.6,,108.16
4461,13.9232,,154.4,,108.24
4462,13.9265,,154.2,,108.32
4463,13.9298,,154,,108.4
4464,13.9331,,153.857,,108.4
4465,13.9364,,153.714,,108.4
4466,13.9398,,153.571,,108.4
4467,13.9431,,153.429,,108.4
4468,13.9465,,153.286,,108.4
4469,13.9498,,153.143,,108.4
4470,13.9531,,153,,108.4
4471,13.9566,,153,,108.8
4472,13.9601,,153,,109.2
4473,13.9636,,153,,109.6
4474,13.9671,,153,,110
4475,13.9706,,153,,110.4
4476,13.9741,,153,,110.8
4477,13.9772,,152.857,,111.429
4478,13.9803,,152.714,,112.057
4479,13.9834,,152.571,,112.686
4480,13.9865,,152.429,,113.314
4481,13.9896,,152.286,,113.943
4482,13.9927,,152.143,,114.571
4483,13.9958,,152,,115.2
4484,13.9987,,152,,116.2
4485,14.0016,,152,,117.2
4486,14.005,,152.167,,117.867
4487,14.0084,,152.333,,118.533
4488,14.0118,,152.5,,119.2
4489,14.0152,,152.667,,119.867
4490,14.0187,,152.833,,120.533
4491,14.0221,,153,,121.2
4492,14.0261,,152.833,,121.3
4493,14.0301,,152.667,,121.4
4494,14.0341,,152.5,,121.5
4495,14.0381,,152.333,,121.6
4496,14.0421,,152.167,,121.7
4497,14.0461,,152,,121.8
4498,14.0502,,151.6,,122
4499,14.0544,,151.2,,122.2
4500,14.0586,,150.8,,122.4
4501,14.0628,,150.4,,122.6
4502,14.067,,150,,122.8
4503,14.0708,,150,,122.567
4504,14.0746,,150,,122.333
4505,14.0784,,150,,122.1
4506,14.0822,,150,,121.867
4507,14.086,,150,,121.633
4508,14.0899,,150,,121.4
4509,14.0939,,149.8,,121.08
4510,14.098,,149.6,,120.76
4511,14.1021,,149.4,,120.44
4512,14.1062,,149.2,,120.12
4513,14.1103,,149,,119.8
4514,14.1142,,148.833,,119.6
4515,14.1182,,148.667,,119.4
4516,14.1221,,148.5,,119.2
4517,14.1261,,148.333,,119
4518,14.13,,148.167,,118.8
4519,14.134,,148,,118.6
4520,14.1375,,147.833,,118.467
4521,14.1411,,147.667,,118.333
4522,14.1447,,147.5,,118.2
4523,14.1482,,147.333,,118.067
4524,14.1518,,147.167,,117.933
4525,14.1554,,147,,117.8
4526,14.1583,,146.667,,118.033
4527,14.1611,,146.333,,118.267
4528,14.164,,146,,118.5
4529,14.1669,,145.667,,118.733
4530,14.1698,,145.333,,118.967
4531,14.1727,,145,,119.2
4532,14.1754,,144.5,,119.5
4533,14.1782,,144,,119.8
4534,14.181,,143.75,,120.125
4535,14.1839,,143.5,,120.45
4536,14.1867,,143.25,,120.775
4537,14.1895,,143,,121.1
4538,14.1923,,142.75,,121.425
4539,14.1952,,142.5,,121.75
4540,14.198,,142.25,,122.075
4541,14.2008,,142,,122.4
4542,14.205,,141.6,,122.12
4543,14.2091,,141.2,,121.84
4544,14.2133,,140.8,,121.56
4545,14.2174,,140.4,,121.28
4546,14.2216,,140,,121
4547,14.2258,,139.8,,120.08
4548,14.2301,,139.6,,119.16
4549,14.2343,,139.4,,118.24
4550,14.2386,,139.2,,117.32
4551,14.2428,,139,,116.4
4552,14.2459,,139,,116.429
4553,14.2489,,139,,116.457
4554,14.252,,139,,116.486
4555,14.2551,,139,,116.514
4556,14.2581,,139,,116.543
4557,14.2612,,139,,116.571
4558,14.2643,,139,,116.6
4559,14.2686,,139,,115.2
4560,14.2716,,139.286,,114.486
4561,14.2746,,139.571,,113.771
4562,14.2776,,139.857,,113.057
4563,14.2806,,140.143,,112.343
4564,14.2837,,140.429,,111.629
4565,14.2867,,140.714,,110.914
4566,14.2897,,141,,110.2
4567,14.2929,,141.286,,110.2
4568,14.296,,141.571,,110.2
4569,14.2991,,141.857,,110.2
4570,14.3023,,142.143,,110.2
4571,14.3054,,142.429,,110.2
4572,14.3086,,142.714,,110.2
4573,14.3117,,143,,110.2
4574,14.3149,,142.857,,110.257
4575,14.3181,,142.714,,110.314
4576,14.3213,,142.571,,110.371
4577,14.3246,,142.429,,110.429
4578,14.3278,,142.286,,110.486
4579,14.331,,142.143,,110.543
4580,14.3342,,142,,110.6
4581,14.3376,,142,,110
4582,14.341,,142,,109.4
4583,14.3443,,142,,108.8
4584,14.3477,,142,,108.2
4585,14.3511,,142,,107.6
4586,14.3545,,142,,107
4587,14.3573,,141.875,,106.775
4588,14.3601,,141.75,,106.55
4589,14.3628,,141.625,,106.325
4590,14.3656,,141.5,,106.1
4591,14.3684,,141.375,,105.875
4592,14.3712,,141.25,,105.65
4593,14.374,,141.125,,105.425
4594,14.3768,,141,,105.2
4595,14.3798,,140.857,,105.829
4596,14.3828,,140.714,,106.457
4597,14.3858,,140.571,,107.086
4598,14.3888,,140.429,,107.714
4599,14.3918,,140.286,,108.343
4600,14.3948,,140.143,,108.971
4601,14.3979,,140,,109.6
4602,14.4021,,140,,109.92
4603,14.4064,,140,,110.24
4604,14.4107,,140,,110.56
4605,14.415,,140,,110.88
4606,14.4193,,140,,111.2
4607,14.4235,,140.2,,110.92
4608,14.4277,,140.4,,110.64
4609,14.4318,,140.6,,110.36
4610,14.436,,140.8,,110.08
4611,14.4401,,141,,109.8
4612,14.4439,,141.167,,110.267
4613,14.4476,,141.333,,110.733
4614,14.4514,,141.5,,111.2
4615,14.4551,,141.667,,111.667
4616,14.4589,,141.833,,112.133
4617,14.4626,,142,,112.6
4618,14.466,,142.167,,113.067
4619,14.4695,,142.333,,113.533
4620,14.4729,,142.5,,114
4621,14.4764,,142.667,,114.467
4622,14.4798,,142.833,,114.933
4623,14.4832,,143,,115.4
4624,14.4865,,142.857,,115.371
4625,14.4897,,142.714,,115.343
4626,14.493,,142.571,,115.314
4627,14.4962,,142.429,,115.286
4628,14.4994,,142.286,,115.257
4629,14.5027,,142.143,,115.229
4630,14.5059,,142,,115.2
4631,14.5087,,141.75,,115.075
4632,14.5114,,141.5,,114.95
4633,14.5141,,141.25,,114.825
4634,14.5168,,141,,114.7
4635,14.5195,,140.75,,114.575
4636,14.5223,,140.5,,114.45
4637,14.525,,140.25,,114.325
4638,14.5277,,140,,114.2
4639,14.5285,,139.714,,114.657
4640,14.5294,,139.429,,115.114
4641,14.5302,,139.143,,115.571
4642,14.5311,,138.857,,116.029
4643,14.532,,138.571,,116.486
4644,14.5328,,138.286,,116.943
4645,14.5336,,138,,117.4
4646,14.5354,,137,,118
