secs,km,power,hr,cad,alt
0,0,,73,,175.6
1,7e-5,,73,,175.6
2,0.00011,,74,,175.6
6,0.00011,,77,,175.6
7,0.00111,,78,,175.6
8,0.00202,,79,,175.6
9,0.003,,78,,175.6
10,0.00406,,78,,175.6
11,0.00515,,79,,175.6
12,0.0063,,79,,175.8
13,0.00735,,80,,175.8
14,0.0102,,80,,175.8
15,0.0102,,80,,175.8
16,0.01415,,82,,175.8
17,0.01415,,83,,175.8
18,0.01623,,85,,175.8
19,0.01892,,85,,175.8
20,0.02393,,87,,175.6
21,0.02393,,88,,175.6
22,0.02919,,90,,175.4
23,0.02919,,90,,175.4
24,0.03161,,90,,175.2
25,0.03424,,90,,175.2
26,0.03925,,90,,175.2
27,0.03925,,91,,175.2
28,0.04382,,98,,175.2
29,0.04382,,99,,175.2
30,0.04632,,101,,175.4
31,0.0514,,102,,175.4
32,0.0514,,102,,175.4
33,0.05606,,103,,175.6
34,0.05606,,104,,175.6
35,0.06085,,104,,175.6
36,0.06085,,104,,175.6
37,0.06333,,105,,175.6
38,0.0691,,105,,175.8
39,0.0691,,105,,175.8
40,0.07394,,106,,175.8
41,0.07394,,107,,175.8
42,0.07845,,108,,176.2
43,0.07845,,108,,176.2
44,0.08267,,108,,176.6
45,0.08267,,109,,176.6
46,0.08453,,109,,176.6
47,0.08918,,110,,177
48,0.08918,,111,,177
49,0.09398,,112,,177.2
50,0.09398,,112,,177.2
51,0.0985,,112,,177.4
52,0.0985,,113,,177.4
53,0.10273,,113,,177.4
54,0.10273,,114,,177.4
55,0.10515,,114,,177.4
56,0.11052,,115,,177.2
57,0.11052,,115,,177.2
58,0.11573,,115,,176.8
59,0.11573,,116,,176.8
60,0.11815,,115,,176.8
61,0.12063,,116,,176.6
62,0.12557,,116,,176.4
63,0.12557,,116,,176.4
64,0.12818,,116,,176.2
65,0.13329,,117,,176
66,0.13329,,117,,176
67,0.13591,,117,,176
68,0.13822,,117,,175.8
69,0.14342,,117,,175.6
70,0.14342,,117,,175.6
71,0.14601,,117,,175.4
72,0.15139,,118,,175.2
73,0.15139,,118,,175.2
74,0.15692,,119,,174.8
75,0.15692,,119,,174.8
76,0.16212,,119,,174.6
77,0.16212,,119,,174.6
78,0.16761,,119,,174.4
79,0.16761,,119,,174.4
80,0.17047,,120,,174.4
81,0.17603,,120,,174.2
82,0.17603,,120,,174.2
83,0.1789,,121,,174
84,0.18153,,121,,173.8
85,0.18425,,121,,173.6
86,0.18684,,121,,173.6
87,0.1924,,122,,173.4
88,0.1924,,122,,173.4
89,0.19499,,122,,173.2
90,0.20054,,122,,173
91,0.20054,,122,,173
92,0.20652,,123,,172.8
93,0.20652,,123,,172.8
94,0.21247,,124,,172.6
95,0.21247,,124,,172.6
96,0.21829,,124,,172.4
97,0.21829,,124,,172.4
98,0.224,,125,,172.2
99,0.224,,125,,172.2
100,0.22964,,125,,172.2
101,0.22964,,125,,172.2
102,0.23537,,125,,172
103,0.23537,,125,,172
104,0.24097,,124,,171.8
105,0.24097,,124,,171.8
106,0.24371,,124,,171.6
107,0.24942,,124,,171.4
108,0.24942,,124,,171.4
109,0.2549,,124,,171
110,0.2549,,124,,171
111,0.26002,,123,,170.8
112,0.26002,,123,,170.8
113,0.26501,,123,,170.6
114,0.26501,,122,,170.6
115,0.26725,,122,,170.6
116,0.27203,,122,,170.6
117,0.27203,,121,,170.6
118,0.27756,,121,,170.6
119,0.27756,,121,,170.6
120,0.28022,,120,,170.6
121,0.28287,,120,,170.6
122,0.28792,,120,,170.4
123,0.28792,,120,,170.4
124,0.29058,,120,,170.4
125,0.29602,,120,,170.4
126,0.29602,,120,,170.4
127,0.29891,,120,,170.2
128,0.3015,,120,,170.2
129,0.30647,,119,,170
130,0.30647,,119,,170
131,0.31155,,119,,169.8
132,0.31155,,119,,169.8
133,0.314,,119,,169.6
134,0.31926,,119,,169.2
135,0.31926,,119,,169.2
136,0.32497,,119,,168.8
137,0.32497,,118,,168.8
138,0.32761,,118,,168.6
139,0.33024,,116,,168.6
140,0.33503,,115,,168.2
141,0.33503,,114,,168.2
142,0.33797,,111,,168
143,0.34407,,109,,167.4
144,0.34407,,109,,167.4
145,0.34679,,107,,167.2
146,0.34964,,106,,167
147,0.35505,,105,,166.6
148,0.35505,,103,,166.6
149,0.36041,,101,,166.2
150,0.36041,,99,,166.2
151,0.36561,,98,,165.8
152,0.36561,,98,,165.8
153,0.3704,,98,,165.8
154,0.3704,,98,,165.8
155,0.37533,,98,,165.6
156,0.37533,,96,,165.6
157,0.3797,,98,,165.4
158,0.3797,,99,,165.4
159,0.38255,,99,,165.2
160,0.38831,,97,,164.8
161,0.38831,,94,,164.8
162,0.39388,,94,,164.6
163,0.39388,,96,,164.6
164,0.39913,,101,,164.6
165,0.39913,,103,,164.6
166,0.40453,,104,,164.4
167,0.40453,,103,,164.4
168,0.40724,,103,,164.4
169,0.40999,,103,,164.4
170,0.41285,,104,,164.2
171,0.41868,,107,,164.2
172,0.41868,,109,,164.2
173,0.4243,,112,,164
174,0.4243,,117,,164
175,0.42993,,122,,163.8
176,0.42993,,123,,163.8
177,0.43286,,123,,163.8
178,0.43897,,124,,163.6
179,0.43897,,124,,163.6
180,0.44197,,124,,163.6
181,0.44483,,124,,163.6
182,0.45049,,124,,163.4
183,0.45049,,124,,163.4
184,0.45634,,124,,163
185,0.45634,,125,,163
186,0.45907,,125,,162.8
187,0.46212,,125,,162.8
188,0.46823,,126,,162.6
189,0.46823,,125,,162.6
190,0.47465,,125,,162.4
191,0.47465,,125,,162.4
192,0.48068,,126,,162.4
193,0.48068,,126,,162.4
194,0.48676,,127,,162.4
195,0.48676,,127,,162.4
196,0.49249,,127,,162.4
197,0.49249,,127,,162.4
198,0.49785,,126,,162.4
199,0.49785,,127,,162.4
200,0.50298,,128,,162.4
201,0.50298,,128,,162.4
202,0.50546,,128,,162.2
203,0.5107,,128,,162
204,0.5107,,128,,162
205,0.51328,,129,,162
206,0.51588,,128,,161.8
207,0.52111,,128,,161.6
208,0.52111,,128,,161.6
209,0.52624,,127,,161.4
210,0.52624,,127,,161.4
211,0.53144,,127,,161
212,0.53144,,127,,161
213,0.53612,,127,,160.8
214,0.53612,,127,,160.8
215,0.54092,,127,,160.6
216,0.54092,,127,,160.6
217,0.54582,,127,,160.2
218,0.54582,,127,,160.2
219,0.5485,,127,,160
220,0.55325,,127,,159.8
221,0.55325,,127,,159.8
222,0.55818,,127,,159.4
223,0.55818,,126,,159.4
224,0.56247,,126,,159.2
225,0.56247,,126,,159.2
226,0.566,,125,,158.8
227,0.566,,125,,158.8
228,0.56857,,125,,158.6
229,0.57404,,125,,158.2
230,0.57404,,125,,158.2
231,0.57924,,125,,157.8
232,0.57924,,125,,157.8
233,0.58438,,126,,157.6
234,0.58438,,125,,157.6
235,0.58981,,125,,157.4
236,0.58981,,125,,157.4
237,0.59471,,124,,157
238,0.59471,,124,,157
239,0.59969,,124,,156.8
240,0.59969,,123,,156.8
241,0.60465,,124,,156.6
242,0.60465,,124,,156.6
243,0.60934,,124,,156.4
244,0.60934,,124,,156.4
245,0.61156,,125,,156.4
246,0.61382,,125,,156.6
247,0.61665,,125,,156.8
248,0.62231,,125,,157
249,0.62231,,125,,157
250,0.62499,,125,,157.2
251,0.62761,,125,,157.2
252,0.63335,,125,,157.6
253,0.63335,,126,,157.6
254,0.63604,,126,,157.6
255,0.63865,,126,,157.6
256,0.64132,,126,,157.6
257,0.64712,,126,,157.6
258,0.64712,,126,,157.6
259,0.65017,,126,,157.6
260,0.65321,,126,,157.6
261,0.65913,,126,,157.6
262,0.65913,,126,,157.6
263,0.66465,,126,,158
264,0.66465,,126,,158
265,0.66731,,126,,158.4
266,0.66986,,126,,158.6
267,0.67536,,126,,159.2
268,0.67536,,126,,159.2
269,0.68063,,126,,159.8
270,0.68063,,126,,159.8
271,0.68325,,126,,160
272,0.68845,,125,,160.6
273,0.68845,,125,,160.6
274,0.69379,,125,,161.2
275,0.69379,,125,,161.2
276,0.69932,,125,,161.8
277,0.69932,,125,,161.8
278,0.70428,,125,,162.2
279,0.70428,,125,,162.2
280,0.70643,,125,,162.4
281,0.71149,,125,,162.4
282,0.71149,,125,,162.4
283,0.71724,,125,,162.2
284,0.71724,,126,,162.2
285,0.72276,,126,,162
286,0.72276,,126,,162
287,0.7282,,126,,162
288,0.7282,,126,,162
289,0.73326,,126,,161.8
290,0.73326,,126,,161.8
291,0.7354,,126,,161.8
292,0.73795,,126,,161.6
293,0.74257,,126,,161.6
294,0.74257,,127,,161.6
295,0.74767,,127,,161.4
296,0.74767,,127,,161.4
297,0.75076,,127,,161.4
298,0.75609,,128,,161.6
299,0.75609,,128,,161.6
300,0.75855,,128,,161.6
301,0.76139,,128,,161.6
302,0.76695,,128,,161.6
303,0.76695,,128,,161.6
304,0.77243,,128,,161.4
305,0.77243,,128,,161.4
306,0.77545,,128,,161.4
307,0.77795,,128,,161.4
308,0.78052,,128,,161.4
309,0.78485,,128,,161.4
310,0.78485,,128,,161.4
311,0.7901,,128,,161.2
312,0.7901,,128,,161.2
313,0.79559,,128,,161
314,0.79559,,128,,161
315,0.79797,,129,,161
316,0.80051,,129,,160.8
317,0.80569,,129,,160.6
318,0.80569,,129,,160.6
319,0.81117,,128,,160.2
320,0.81117,,128,,160.2
321,0.81661,,128,,159.8
322,0.81661,,128,,159.8
323,0.81919,,128,,159.6
324,0.82473,,128,,159.4
325,0.82473,,128,,159.4
326,0.82755,,128,,159.2
327,0.83035,,128,,159
328,0.83663,,128,,158.4
329,0.83663,,128,,158.4
330,0.84265,,128,,158
331,0.84265,,128,,158
332,0.8454,,128,,158
333,0.8507,,128,,157.6
334,0.8507,,128,,157.6
335,0.85578,,128,,157.2
336,0.85578,,128,,157.2
337,0.86106,,128,,156.8
338,0.86106,,128,,156.8
339,0.86363,,128,,156.6
340,0.8662,,128,,156.4
341,0.87186,,128,,156.2
342,0.87186,,128,,156.2
343,0.87789,,128,,155.8
344,0.87789,,129,,155.8
345,0.8836,,129,,155.6
346,0.8836,,129,,155.6
347,0.88875,,128,,155.2
348,0.88875,,129,,155.2
349,0.89156,,128,,155
350,0.89685,,129,,154.8
351,0.89685,,129,,154.8
352,0.90227,,129,,154.4
353,0.90227,,129,,154.4
354,0.90722,,129,,154.2
355,0.90722,,129,,154.2
356,0.91226,,129,,154
357,0.91226,,129,,154
358,0.91754,,129,,153.8
359,0.91754,,129,,153.8
360,0.92048,,129,,153.6
361,0.92364,,129,,153.4
362,0.93006,,129,,153.2
363,0.93006,,128,,153.2
364,0.93292,,129,,153.2
365,0.93865,,129,,152.8
366,0.93865,,129,,152.8
367,0.94118,,129,,152.8
368,0.94371,,129,,152.8
369,0.94936,,129,,152.6
370,0.94936,,129,,152.6
371,0.9548,,129,,152.4
372,0.9548,,129,,152.4
373,0.95765,,129,,152.2
374,0.96029,,129,,152.2
375,0.96316,,129,,152
376,0.96622,,128,,152
377,0.96908,,128,,152
378,0.97222,,128,,152
379,0.97505,,129,,152
380,0.97796,,129,,151.8
381,0.98099,,129,,151.8
382,0.98397,,129,,151.6
383,0.98726,,128,,151.6
384,0.99025,,128,,151.6
385,0.99339,,128,,151.6
386,0.99657,,128,,151.6
387,0.9994,,128,,151.6
388,1.00248,,129,,151.6
389,1.00534,,128,,151.6
390,1.00857,,128,,151.6
391,1.01146,,128,,151.6
392,1.01431,,129,,151.6
393,1.01705,,129,,151.6
394,1.01943,,129,,151.4
395,1.02202,,128,,151.4
396,1.02488,,128,,151.2
397,1.02779,,128,,151.2
398,1.03066,,128,,151
399,1.03366,,129,,151
400,1.03689,,129,,150.8
401,1.03981,,129,,150.8
402,1.04283,,130,,150.6
403,1.04567,,130,,150.6
404,1.0484,,130,,150.4
405,1.0517,,131,,150.4
406,1.05492,,131,,150.4
407,1.05825,,131,,150.4
408,1.06157,,131,,150.4
409,1.06486,,131,,150.4
410,1.06811,,131,,150.4
411,1.07112,,131,,150.4
412,1.07423,,132,,150.4
413,1.07715,,131,,150.4
414,1.07999,,131,,150.4
415,1.08284,,131,,150.4
416,1.08562,,131,,150.2
417,1.08843,,131,,150.2
418,1.09128,,131,,150.2
419,1.09416,,131,,150.2
420,1.09701,,128,,150.2
421,1.09986,,128,,150.2
422,1.10258,,131,,150.2
423,1.10528,,131,,150.2
424,1.1079,,131,,150.2
425,1.11043,,131,,150
426,1.11301,,131,,150
427,1.11568,,132,,150
428,1.1184,,132,,150
429,1.12111,,132,,150
430,1.12387,,133,,150
431,1.12671,,133,,149.8
432,1.1297,,133,,149.8
433,1.13268,,133,,149.8
434,1.13559,,133,,149.8
435,1.13851,,133,,149.6
436,1.1414,,132,,149.4
437,1.14434,,131,,149.4
438,1.14745,,132,,149.4
439,1.15045,,132,,149.2
440,1.15345,,132,,149.2
441,1.15638,,132,,149
442,1.15921,,132,,149
443,1.16192,,132,,149
444,1.16492,,132,,149
445,1.16788,,132,,148.8
446,1.17058,,132,,148.8
447,1.17317,,133,,148.8
448,1.17576,,133,,148.6
449,1.17844,,132,,148.6
450,1.18108,,132,,148.6
451,1.18373,,132,,148.4
452,1.1862,,132,,148.4
453,1.18867,,132,,148.4
454,1.1913,,132,,148.2
455,1.19381,,132,,148.2
456,1.19638,,132,,148
457,1.19877,,133,,148
458,1.20127,,133,,147.8
459,1.20382,,133,,147.6
460,1.20617,,133,,147.6
461,1.20852,,133,,147.4
462,1.21085,,133,,147.4
463,1.21316,,133,,147.4
464,1.21568,,133,,147.2
465,1.21838,,133,,147.2
466,1.22163,,133,,147.2
467,1.22439,,133,,147
468,1.22691,,133,,147
469,1.22917,,133,,146.8
470,1.2319,,133,,146.8
471,1.23478,,133,,146.6
472,1.23748,,133,,146.4
473,1.24071,,133,,146.4
474,1.24356,,132,,146.2
475,1.24613,,132,,146.2
476,1.24841,,133,,146
477,1.25087,,133,,146
478,1.25377,,133,,145.8
479,1.25651,,133,,146
480,1.25924,,133,,146.2
481,1.26174,,133,,146.4
482,1.26434,,134,,146.6
483,1.26725,,134,,146.8
484,1.27022,,134,,146.8
485,1.27267,,134,,147
486,1.27495,,134,,147.2
487,1.27726,,134,,147.2
488,1.27981,,135,,147.2
489,1.28226,,135,,147.4
490,1.28468,,135,,147.4
491,1.28696,,135,,147.6
492,1.28936,,135,,147.6
493,1.29174,,135,,147.6
494,1.29416,,135,,147.8
495,1.29696,,136,,148
496,1.29982,,136,,148
497,1.30241,,135,,148.2
498,1.3049,,135,,148.2
499,1.30736,,135,,148.4
500,1.30984,,135,,148.4
501,1.31222,,135,,148.6
502,1.31471,,135,,148.8
503,1.31716,,134,,148.8
504,1.31958,,134,,148.8
505,1.32214,,134,,149
506,1.32464,,134,,149
507,1.32722,,134,,149
508,1.32992,,133,,149
509,1.33295,,133,,149
510,1.33571,,133,,149
511,1.33847,,133,,149
512,1.34109,,133,,149
513,1.34358,,133,,149
514,1.34624,,133,,149
515,1.34867,,133,,149
516,1.35129,,133,,149
517,1.35402,,133,,149
518,1.35672,,134,,149
519,1.35969,,133,,149.2
520,1.36246,,133,,149.2
521,1.36518,,133,,149.2
522,1.36797,,133,,149.2
523,1.37092,,133,,149.4
524,1.37386,,133,,149.4
525,1.37692,,133,,149.6
526,1.38025,,133,,149.8
527,1.38319,,133,,150
528,1.38611,,133,,150.2
529,1.38894,,133,,150.4
530,1.39203,,133,,150.4
531,1.39477,,133,,150.6
532,1.39767,,133,,150.8
533,1.40069,,133,,151
534,1.40381,,133,,151.2
535,1.40657,,133,,151.4
536,1.40957,,133,,151.6
537,1.41246,,133,,151.8
538,1.41547,,133,,152
539,1.41854,,133,,152
540,1.42162,,133,,152
541,1.42454,,133,,152
542,1.42733,,133,,151.8
543,1.42997,,133,,151.8
544,1.43263,,133,,151.8
545,1.43507,,133,,151.6
546,1.43766,,133,,151.6
547,1.44012,,133,,151.8
548,1.44284,,133,,151.8
549,1.44598,,133,,151.8
550,1.44898,,133,,151.8
551,1.45223,,133,,152
552,1.45551,,133,,152
553,1.45859,,132,,152
554,1.46144,,133,,152
555,1.46397,,133,,152.2
556,1.46663,,133,,152.2
557,1.46941,,133,,152.4
558,1.47223,,133,,152.2
559,1.47511,,133,,152.2
560,1.47802,,133,,152
561,1.48083,,133,,152
562,1.48363,,134,,151.8
563,1.4866,,133,,151.8
564,1.48947,,134,,151.6
565,1.4922,,134,,151.4
566,1.49501,,133,,151.4
567,1.49735,,133,,151.4
568,1.49987,,133,,151.4
569,1.5019,,133,,151.2
570,1.50404,,133,,151.2
571,1.50619,,133,,151
572,1.50819,,133,,151
573,1.51088,,133,,151
574,1.5137,,133,,150.8
575,1.51624,,133,,150.8
576,1.51859,,133,,150.6
577,1.52108,,133,,150.6
578,1.52379,,133,,150.4
579,1.52688,,133,,150.2
580,1.52974,,133,,150
581,1.53251,,133,,150
582,1.53517,,133,,149.8
583,1.53776,,133,,149.6
584,1.54054,,133,,149.4
585,1.54356,,133,,149.4
586,1.54644,,133,,149.2
587,1.54907,,132,,149
588,1.5516,,133,,149
589,1.55426,,133,,148.8
590,1.55704,,133,,148.6
591,1.55997,,133,,148.4
592,1.56303,,133,,148.2
593,1.56575,,133,,148.2
594,1.56861,,133,,148.2
595,1.57167,,133,,148
596,1.57471,,133,,148
597,1.57788,,133,,147.8
598,1.58115,,133,,147.8
599,1.58414,,133,,147.6
600,1.58749,,133,,147.6
601,1.59088,,133,,147.2
602,1.59383,,133,,147.2
603,1.59691,,133,,147
604,1.59962,,133,,147
605,1.60246,,133,,146.8
606,1.60514,,133,,146.6
607,1.60804,,133,,146.4
608,1.61101,,134,,146.4
609,1.61398,,133,,146.2
610,1.61708,,133,,146
611,1.62018,,133,,145.8
612,1.62317,,133,,145.6
613,1.6262,,133,,145.4
614,1.62958,,133,,145.4
615,1.63231,,133,,145.2
616,1.63509,,134,,145.2
617,1.63778,,133,,145
618,1.64033,,133,,145
619,1.64345,,133,,144.8
620,1.6461,,133,,144.6
621,1.64893,,133,,144.6
622,1.65185,,133,,144.4
623,1.65456,,133,,144.2
624,1.6573,,133,,144.2
625,1.66008,,132,,144
626,1.66271,,133,,143.8
627,1.66519,,133,,143.8
628,1.66773,,133,,143.6
629,1.66999,,134,,143.8
630,1.67253,,133,,143.6
631,1.67512,,133,,143.6
632,1.67754,,134,,143.6
633,1.67993,,134,,143.6
634,1.68247,,134,,143.6
635,1.68508,,134,,143.6
636,1.68801,,134,,143.6
637,1.69114,,134,,143.6
638,1.69404,,134,,143.4
639,1.69689,,134,,143.4
640,1.69973,,134,,143.4
641,1.70247,,134,,143.2
642,1.70503,,134,,143
643,1.7078,,134,,142.8
644,1.71041,,134,,142.6
645,1.71296,,134,,142.4
646,1.71563,,133,,142.2
647,1.71823,,133,,142.2
648,1.72099,,134,,142
649,1.72382,,134,,142
650,1.72735,,134,,141.8
651,1.73054,,134,,141.8
652,1.73354,,135,,141.8
653,1.73646,,134,,141.8
654,1.73944,,135,,141.8
655,1.74238,,135,,141.6
656,1.74508,,135,,141.6
657,1.74806,,135,,141.8
658,1.75101,,135,,141.8
659,1.75369,,135,,141.8
660,1.75631,,135,,141.8
661,1.75884,,135,,141.8
662,1.76125,,134,,141.8
663,1.76384,,134,,141.8
664,1.76657,,134,,141.8
665,1.76931,,134,,141.6
666,1.77212,,134,,141.6
667,1.77532,,134,,141.6
668,1.77816,,133,,141.6
669,1.78111,,133,,141.6
670,1.78372,,134,,141.6
671,1.78625,,134,,141.8
672,1.78934,,134,,141.8
673,1.79243,,134,,141.8
674,1.79574,,134,,142
675,1.79872,,135,,142
676,1.80121,,135,,141.8
677,1.80399,,134,,141.8
678,1.80685,,134,,141.8
679,1.80983,,134,,141.6
680,1.81272,,134,,141.6
681,1.81573,,134,,141.6
682,1.81852,,134,,141.6
683,1.82122,,134,,141.4
684,1.82405,,134,,141.4
685,1.82687,,133,,141.4
686,1.82949,,133,,141.4
687,1.83199,,133,,141.4
688,1.83474,,132,,141.4
689,1.83763,,131,,141.4
690,1.84051,,130,,141.6
691,1.8434,,129,,141.6
692,1.84614,,128,,141.6
693,1.84895,,126,,141.8
694,1.85158,,124,,141.8
695,1.85408,,123,,141.8
696,1.85671,,120,,141.8
697,1.85951,,120,,142
698,1.86203,,118,,142
699,1.86456,,117,,142
700,1.86701,,116,,142.2
701,1.86972,,116,,142.4
702,1.87272,,116,,142.4
703,1.87597,,115,,142.6
704,1.87935,,115,,142.8
705,1.88268,,114,,143
706,1.88604,,119,,143.2
707,1.88953,,123,,143.2
708,1.89314,,128,,143.2
709,1.89669,,130,,143.2
710,1.90013,,131,,143.4
711,1.90354,,132,,143.4
712,1.90684,,133,,143.4
713,1.91006,,134,,143.4
714,1.91299,,134,,143.6
715,1.91637,,135,,143.6
716,1.91946,,136,,143.8
717,1.92326,,137,,144
718,1.92661,,138,,144.2
719,1.92995,,137,,144.4
720,1.93309,,138,,144.6
721,1.93606,,138,,144.8
722,1.93948,,138,,144.8
723,1.94237,,139,,144.8
724,1.94582,,138,,145
725,1.94909,,138,,145
726,1.95215,,138,,145
727,1.95525,,139,,145
728,1.95824,,138,,144.8
729,1.96142,,139,,144.8
730,1.96436,,138,,144.6
731,1.96732,,138,,144.6
732,1.97024,,138,,144.6
733,1.97319,,138,,144.6
734,1.976,,138,,144.6
735,1.97864,,138,,144.6
736,1.98168,,138,,144.8
737,1.98466,,138,,144.8
738,1.9874,,138,,145
739,1.99027,,138,,145
740,1.99313,,139,,145
741,1.9963,,139,,145
742,1.99923,,139,,145
743,2.00225,,138,,144.8
744,2.00527,,138,,144.8
745,2.00805,,137,,144.6
746,2.01113,,138,,144.4
747,2.01406,,138,,144.4
748,2.01699,,138,,144.4
749,2.01975,,137,,144.6
750,2.02273,,138,,144.6
751,2.02571,,138,,144.6
752,2.02869,,137,,144.6
753,2.03164,,138,,144.6
754,2.03477,,138,,144.6
755,2.03813,,138,,144.8
756,2.04131,,138,,145
757,2.04431,,138,,145
758,2.04727,,138,,145.2
759,2.05021,,138,,145.2
760,2.05302,,138,,145.2
761,2.05592,,137,,145.2
762,2.05874,,138,,145
763,2.06126,,138,,145
764,2.06351,,138,,145
765,2.06594,,138,,144.8
766,2.06866,,138,,144.8
767,2.07157,,138,,145
768,2.07462,,138,,145
769,2.07747,,138,,145
770,2.08023,,138,,145
771,2.08297,,138,,145
772,2.08572,,138,,145
773,2.08843,,138,,145
774,2.09078,,138,,145
775,2.09324,,138,,144.8
776,2.09614,,138,,145
777,2.09894,,138,,145
778,2.10159,,139,,145.2
779,2.10416,,139,,145.2
780,2.10681,,139,,145.2
781,2.10969,,138,,145.2
782,2.11247,,139,,145.2
783,2.1154,,139,,145.2
784,2.11801,,139,,145.2
785,2.12088,,139,,145.4
786,2.12366,,139,,145.4
787,2.12623,,139,,145.4
788,2.12928,,139,,145.6
789,2.13224,,139,,145.6
790,2.13485,,138,,145.6
791,2.13723,,138,,145.6
792,2.13981,,138,,145.8
793,2.14238,,138,,145.8
794,2.14486,,138,,145.8
795,2.14727,,138,,146
796,2.14952,,138,,146
797,2.15171,,139,,146.2
798,2.15445,,138,,146.4
799,2.15703,,138,,146.6
800,2.15981,,137,,146.8
801,2.16238,,138,,146.8
802,2.16505,,137,,147
803,2.16747,,138,,147
804,2.17006,,138,,147.2
805,2.17289,,138,,147.4
806,2.1758,,138,,147.6
807,2.17873,,137,,147.8
808,2.18134,,138,,148
809,2.18378,,137,,148
810,2.18662,,137,,148
811,2.18941,,137,,148.2
812,2.19259,,137,,148.4
813,2.19581,,137,,148.6
814,2.19858,,137,,148.8
815,2.20109,,137,,149
816,2.20359,,137,,149.2
817,2.20649,,137,,149.6
818,2.20943,,137,,149.8
819,2.21223,,136,,150
820,2.21484,,136,,150
821,2.2175,,136,,150
822,2.22055,,136,,149.8
823,2.2235,,136,,150
824,2.22666,,136,,150
825,2.22957,,136,,149.8
826,2.2324,,136,,150
827,2.23537,,136,,150.4
828,2.23815,,136,,150.6
829,2.24089,,136,,150.8
830,2.24374,,137,,151
831,2.24627,,136,,151.2
832,2.24889,,136,,151.4
833,2.25132,,136,,151.6
834,2.254,,136,,151.8
835,2.2569,,136,,152
836,2.25983,,136,,152.2
837,2.26278,,136,,152.4
838,2.26556,,136,,152.6
839,2.26854,,136,,152.8
840,2.27146,,136,,153
841,2.27465,,136,,153.2
842,2.27746,,136,,153.2
843,2.28055,,136,,153.2
844,2.28334,,136,,153.2
845,2.28607,,136,,153.2
846,2.28935,,136,,153.2
847,2.29237,,136,,153.2
848,2.29534,,135,,153.2
849,2.29804,,136,,153.2
850,2.30064,,135,,153.2
851,2.30344,,136,,153.4
852,2.30614,,136,,153.4
853,2.30919,,136,,153.4
854,2.31208,,135,,153.4
855,2.3151,,136,,153.6
856,2.31793,,136,,153.8
857,2.3206,,136,,154
858,2.32356,,136,,154.2
859,2.32639,,136,,154.4
860,2.32945,,136,,154.6
861,2.33241,,136,,154.8
862,2.33524,,136,,155
863,2.33827,,136,,155.2
864,2.34132,,136,,155.4
865,2.34464,,136,,155.6
866,2.34773,,136,,156
867,2.35059,,136,,156.2
868,2.35336,,136,,156.4
869,2.35606,,136,,156.6
870,2.35892,,136,,157
871,2.36174,,136,,157.2
872,2.36467,,136,,157.4
873,2.3675,,135,,157.6
874,2.37005,,136,,157.8
875,2.37271,,136,,158.2
876,2.37527,,136,,158.4
877,2.3781,,136,,158.6
878,2.38086,,136,,159
879,2.38298,,136,,159
880,2.38549,,135,,159.4
881,2.38826,,135,,159.6
882,2.39123,,135,,159.8
883,2.39432,,136,,160
884,2.39716,,135,,160.4
885,2.39992,,134,,160.6
886,2.40268,,135,,160.8
887,2.40566,,135,,161.2
888,2.40855,,135,,161.2
889,2.41146,,135,,161.2
890,2.41427,,135,,161
891,2.41656,,135,,160.8
892,2.41863,,135,,160.8
893,2.42099,,135,,160.6
894,2.42342,,135,,160.6
895,2.42589,,135,,160.6
896,2.42874,,135,,160.4
897,2.4315,,134,,160.4
898,2.43422,,135,,160.2
899,2.43722,,135,,160.2
900,2.44036,,135,,160
901,2.44363,,135,,160
902,2.44665,,134,,160
903,2.44938,,135,,160
904,2.45223,,134,,160
905,2.45505,,135,,160
906,2.45782,,135,,160
907,2.46056,,135,,160.2
908,2.46337,,135,,160.2
909,2.46651,,135,,160.2
910,2.46943,,135,,160.2
911,2.47224,,135,,160.2
912,2.47512,,135,,160.2
913,2.47799,,135,,160.2
914,2.48073,,135,,160.2
915,2.4834,,136,,160.2
916,2.48595,,136,,160.2
917,2.48896,,136,,160.2
918,2.49154,,136,,160.2
919,2.49416,,136,,160.2
920,2.49693,,136,,160.2
921,2.49964,,136,,160.2
922,2.50175,,137,,160
923,2.50441,,136,,160
924,2.50694,,136,,160
925,2.5095,,136,,159.8
926,2.51188,,137,,159.8
927,2.51421,,137,,159.8
928,2.51655,,137,,159.6
929,2.51901,,137,,159.6
930,2.52176,,137,,159.4
931,2.52438,,137,,159.4
932,2.5272,,136,,159.2
933,2.53014,,136,,159.2
934,2.53288,,136,,159
935,2.53548,,136,,159
936,2.53803,,135,,158.8
937,2.54076,,135,,158.8
938,2.54333,,135,,158.6
939,2.54576,,136,,158.6
940,2.54852,,136,,158.4
941,2.55121,,136,,158.4
942,2.55385,,136,,158.2
943,2.55702,,136,,158.2
944,2.56008,,136,,158
945,2.56297,,136,,158
946,2.56573,,137,,157.8
947,2.56853,,137,,157.8
948,2.57114,,137,,157.6
949,2.57369,,137,,157.6
950,2.57716,,137,,157.4
951,2.58106,,137,,157.4
952,2.58427,,137,,157.2
953,2.58738,,137,,156.8
954,2.5902,,137,,156.4
955,2.59315,,137,,156.2
956,2.59639,,137,,155.8
957,2.59897,,137,,155.4
958,2.60157,,137,,155.2
959,2.60418,,137,,154.6
960,2.60661,,137,,154.2
961,2.60911,,137,,154
962,2.61151,,136,,153.6
963,2.61437,,137,,153.2
964,2.61732,,136,,152.8
965,2.61993,,136,,152.4
966,2.62296,,137,,151.8
967,2.62605,,137,,151.4
968,2.62903,,137,,150.8
969,2.63237,,136,,150.4
970,2.63524,,137,,149.8
971,2.63812,,137,,149.4
972,2.64096,,136,,149.2
973,2.64377,,137,,148.8
974,2.64631,,136,,148.4
975,2.64879,,136,,148
976,2.65151,,136,,147.6
977,2.654,,136,,147
978,2.65635,,137,,146.6
979,2.65849,,137,,146.2
980,2.6609,,137,,145.6
981,2.66286,,136,,145.2
982,2.66505,,137,,144.8
983,2.66771,,137,,144.4
984,2.67062,,137,,143.8
985,2.67335,,137,,143.2
986,2.67596,,138,,142.8
987,2.67876,,138,,142.2
988,2.68194,,138,,141.6
989,2.68462,,138,,141.2
990,2.68778,,138,,140.6
991,2.69023,,138,,140.2
992,2.69285,,138,,139.8
993,2.69605,,138,,139.2
994,2.69924,,138,,138.6
995,2.70249,,139,,138.2
996,2.7055,,138,,137.8
997,2.70885,,138,,137.4
998,2.71189,,138,,137
999,2.71498,,138,,136.6
1000,2.71807,,138,,136.2
1001,2.72101,,138,,135.8
1002,2.72387,,138,,135.6
1003,2.72654,,138,,135.2
1004,2.72954,,137,,134.8
1005,2.73215,,137,,134.6
1006,2.73474,,137,,134.2
1007,2.73742,,137,,134
1008,2.74079,,137,,133.6
1009,2.74391,,137,,133.4
1010,2.74698,,138,,133
1011,2.75035,,137,,132.6
1012,2.75342,,138,,132.4
1013,2.75684,,138,,132
1014,2.75972,,138,,131.6
1015,2.76318,,137,,131.4
1016,2.76602,,138,,131
1017,2.76939,,138,,130.8
1018,2.77259,,138,,130.4
1019,2.77608,,138,,130
1020,2.77946,,139,,129.8
1021,2.78247,,139,,129.4
1022,2.78576,,139,,129
1023,2.78858,,140,,128.8
1024,2.79154,,140,,128.4
1025,2.79432,,140,,128.2
1026,2.79672,,140,,128
1027,2.79927,,140,,128
1028,2.802,,140,,128
1029,2.80458,,140,,128
1030,2.80725,,140,,128
1031,2.81043,,140,,128
1032,2.81334,,140,,128
1033,2.81684,,141,,127.8
1034,2.82027,,140,,127.8
1035,2.82371,,140,,127.8
1036,2.82719,,140,,127.8
1037,2.8305,,140,,127.8
1038,2.83362,,139,,127.8
1039,2.8366,,139,,127.8
1040,2.83951,,139,,127.8
1041,2.84259,,139,,127.8
1042,2.84551,,139,,127.8
1043,2.84869,,140,,127.8
1044,2.85156,,139,,127.8
1045,2.85452,,140,,127.8
1046,2.85759,,140,,127.8
1047,2.86082,,140,,128
1048,2.86382,,140,,128.2
1049,2.86686,,140,,128.4
1050,2.86962,,140,,128.4
1051,2.87247,,139,,128.6
1052,2.87514,,139,,128.8
1053,2.878,,139,,129
1054,2.88092,,139,,129.2
1055,2.8838,,139,,129.4
1056,2.88703,,139,,129.8
1057,2.89021,,139,,130
1058,2.89313,,138,,130.2
1059,2.89595,,139,,130.4
1060,2.89846,,138,,130.6
1061,2.90144,,138,,130.8
1062,2.9044,,139,,131
1063,2.90765,,138,,131.2
1064,2.91087,,138,,131.4
1065,2.91389,,138,,131.6
1066,2.91682,,138,,131.6
1067,2.9198,,139,,131.8
1068,2.9228,,139,,132
1069,2.92572,,138,,132
1070,2.92882,,138,,132.2
1071,2.93189,,138,,132.4
1072,2.9346,,138,,132.6
1073,2.93734,,138,,132.6
1074,2.94007,,138,,132.8
1075,2.94313,,138,,133
1076,2.94601,,137,,133.2
1077,2.94888,,137,,133.2
1078,2.95175,,137,,133.4
1079,2.95436,,137,,133.6
1080,2.95692,,137,,134
1081,2.95917,,136,,134
1082,2.96171,,136,,134.4
1083,2.96433,,136,,134.6
1084,2.96661,,136,,134.6
1085,2.96889,,135,,134.8
1086,2.97136,,136,,135
1087,2.97382,,135,,135.2
1088,2.97638,,135,,135.4
1089,2.97911,,135,,135.6
1090,2.98187,,135,,135.8
1091,2.98446,,135,,136
1092,2.98709,,135,,136.2
1093,2.98951,,135,,136.4
1094,2.99153,,134,,136.6
1095,2.99363,,135,,136.6
1096,2.99577,,135,,136.8
1097,2.99819,,135,,136.8
1098,3.00081,,135,,137
1099,3.0037,,135,,137
1100,3.00646,,135,,137
1101,3.00927,,135,,137.2
1102,3.01206,,135,,137.4
1103,3.01477,,136,,137.4
1104,3.01734,,135,,137.2
1105,3.02011,,135,,137.2
1106,3.02297,,135,,137.2
1107,3.0261,,136,,137
1108,3.02906,,136,,137
1109,3.03197,,136,,137
1110,3.03501,,135,,136.8
1111,3.03781,,136,,136.6
1112,3.04079,,135,,136.6
1113,3.04363,,135,,136.4
1114,3.04668,,135,,136.2
1115,3.04983,,135,,136.2
1116,3.05274,,135,,136
1117,3.05578,,135,,136
1118,3.05872,,135,,135.8
1119,3.06166,,135,,135.6
1120,3.06466,,135,,135.4
1121,3.06785,,134,,135.2
1122,3.07101,,134,,135
1123,3.07422,,134,,134.8
1124,3.07733,,134,,134.6
1125,3.08052,,134,,134.4
1126,3.08373,,134,,134.2
1127,3.087,,134,,134.2
1128,3.09015,,134,,134
1129,3.09339,,134,,133.8
1130,3.09652,,134,,133.6
1131,3.09982,,135,,133.2
1132,3.10294,,135,,133
1133,3.10607,,135,,132.8
1134,3.10928,,135,,132.6
1135,3.11242,,136,,132.2
1136,3.11543,,136,,132
1137,3.11847,,136,,131.8
1138,3.1215,,136,,131.6
1139,3.12467,,136,,131.2
1140,3.12768,,137,,131.2
1141,3.13048,,137,,131
1142,3.13316,,137,,130.8
1143,3.13598,,138,,130.8
1144,3.13868,,137,,130.6
1145,3.14146,,137,,130.4
1146,3.14404,,137,,130.2
1147,3.14654,,138,,130.2
1148,3.14895,,138,,130
1149,3.15129,,138,,129.8
1150,3.15355,,138,,129.8
1151,3.15591,,138,,129.6
1152,3.15823,,138,,129.6
1153,3.16082,,138,,129.4
1154,3.16338,,138,,129.2
1155,3.16576,,139,,129
1156,3.16845,,139,,129
1157,3.17123,,139,,128.8
1158,3.17364,,139,,128.6
1159,3.1761,,139,,128.6
1160,3.17877,,139,,128.4
1161,3.18151,,139,,128.6
1162,3.18422,,139,,128.4
1163,3.18664,,139,,128.6
1164,3.18908,,139,,128.6
1165,3.19143,,139,,128.4
1166,3.19436,,139,,128.4
1167,3.19712,,139,,128.2
1168,3.19998,,139,,128
1169,3.20273,,139,,128
1170,3.20542,,139,,127.8
1171,3.20815,,139,,127.8
1172,3.21098,,139,,127.6
1173,3.21379,,139,,127.4
1174,3.21621,,139,,127.4
1175,3.21867,,139,,127.4
1176,3.22144,,138,,127.2
1177,3.22407,,139,,127
1178,3.22679,,138,,127
1179,3.22952,,139,,126.8
1180,3.23224,,138,,126.8
1181,3.23462,,138,,126.8
1182,3.23721,,138,,126.8
1183,3.24008,,138,,126.8
1184,3.24295,,138,,126.8
1185,3.24578,,138,,126.8
1186,3.24881,,138,,126.8
1187,3.25144,,138,,126.8
1188,3.25422,,138,,126.8
1189,3.25686,,138,,126.8
1190,3.25976,,137,,126.6
1191,3.26284,,137,,126.6
1192,3.26587,,137,,126.6
1193,3.26909,,137,,126.6
1194,3.27217,,137,,126.6
1195,3.27511,,137,,126.6
1196,3.27786,,137,,126.6
1197,3.28049,,137,,126.6
1198,3.28351,,137,,126.6
1199,3.28635,,137,,126.6
1200,3.28906,,137,,126.6
1201,3.29162,,137,,126.6
1202,3.29417,,137,,126.6
1203,3.29668,,138,,126.6
1204,3.29925,,137,,126.8
1205,3.30178,,137,,126.8
1206,3.30406,,137,,126.8
1207,3.30681,,137,,126.8
1208,3.30964,,136,,126.8
1209,3.31253,,136,,126.8
1210,3.31519,,136,,126.8
1211,3.3179,,136,,126.8
1212,3.32064,,135,,126.8
1213,3.32345,,135,,126.8
1214,3.32619,,135,,126.8
1215,3.32913,,135,,126.8
1216,3.33174,,135,,126.8
1217,3.33425,,135,,126.8
1218,3.33691,,136,,126.8
1219,3.33964,,136,,126.8
1220,3.34239,,136,,127
1221,3.34533,,136,,127
1222,3.3483,,136,,127
1223,3.35118,,136,,127
1224,3.35405,,136,,127
1225,3.35667,,137,,127
1226,3.3595,,137,,127.2
1227,3.36238,,137,,127.2
1228,3.36516,,137,,127.2
1229,3.36796,,137,,127.2
1230,3.37041,,137,,127.2
1231,3.37304,,137,,127.4
1232,3.37568,,137,,127.4
1233,3.37838,,137,,127.6
1234,3.3811,,137,,127.8
1235,3.38401,,136,,128
1236,3.38661,,136,,128.2
1237,3.3892,,135,,128.4
1238,3.3919,,135,,128.6
1239,3.39444,,134,,128.8
1240,3.39699,,133,,129
1241,3.40001,,132,,129
1242,3.4029,,130,,129.2
1243,3.40553,,128,,129.4
1244,3.40831,,126,,129.6
1245,3.41103,,125,,129.8
1246,3.41381,,123,,130
1247,3.41647,,122,,130.2
1248,3.41925,,121,,130.2
1249,3.42221,,120,,130.4
1250,3.42504,,118,,130.6
1251,3.42792,,116,,130.6
1252,3.43063,,116,,130.6
1253,3.43377,,115,,130.8
1254,3.43648,,114,,130.8
1255,3.43905,,114,,130.8
1256,3.44183,,113,,130.8
1257,3.44469,,116,,131
1258,3.44771,,117,,131
1259,3.45053,,121,,131
1260,3.45325,,126,,131
1261,3.45603,,132,,131.2
1262,3.45866,,133,,131.2
1263,3.46154,,135,,131.2
1264,3.46455,,136,,131.4
1265,3.46738,,138,,131.6
1266,3.46987,,139,,131.6
1267,3.47245,,140,,131.8
1268,3.47508,,140,,131.8
1269,3.47795,,141,,131.8
1270,3.48091,,141,,131.8
1271,3.48385,,141,,131.6
1272,3.48684,,142,,131.6
1273,3.48971,,142,,131.6
1274,3.49248,,142,,131.4
1275,3.49509,,142,,131.4
1276,3.4975,,142,,131.4
1277,3.49984,,142,,131.4
1278,3.50224,,143,,131.2
1279,3.50496,,141,,131.2
1280,3.50781,,143,,131.2
1281,3.51044,,142,,131
1282,3.51315,,143,,130.8
1283,3.51588,,143,,130.8
1284,3.51844,,142,,130.6
1285,3.52133,,143,,130.6
1286,3.52397,,143,,130.4
1287,3.52685,,143,,130.4
1288,3.52961,,142,,130.4
1289,3.53233,,142,,130.2
1290,3.53523,,142,,130.2
1291,3.53808,,142,,130.2
1292,3.54092,,142,,130
1293,3.54369,,141,,130
1294,3.54671,,141,,129.8
1295,3.54966,,141,,129.8
1296,3.55258,,141,,129.6
1297,3.5555,,141,,129.4
1298,3.55852,,141,,129.4
1299,3.56137,,140,,129.2
1300,3.56426,,140,,129.2
1301,3.56705,,140,,129
1302,3.56987,,140,,129
1303,3.57279,,140,,128.8
1304,3.57544,,140,,128.8
1305,3.57791,,140,,128.8
1306,3.58031,,139,,128.6
1307,3.58306,,140,,128.6
1308,3.58559,,140,,128.6
1309,3.58787,,140,,128.6
1310,3.59015,,140,,128.6
1311,3.59276,,140,,128.4
1312,3.5957,,139,,128.4
1313,3.5986,,139,,128.4
1314,3.60167,,139,,128.2
1315,3.6046,,139,,128.2
1316,3.60712,,139,,128.2
1317,3.60983,,139,,128.2
1318,3.61263,,139,,128
1319,3.61601,,139,,128
1320,3.61927,,139,,128
1321,3.62256,,139,,127.8
1322,3.62545,,139,,127.8
1323,3.62831,,139,,127.8
1324,3.63123,,139,,127.8
1325,3.63403,,139,,127.6
1326,3.63656,,139,,127.6
1327,3.63886,,138,,127.6
1328,3.64105,,139,,127.6
1329,3.64344,,139,,127.6
1330,3.64622,,140,,127.4
1331,3.64914,,139,,127.4
1332,3.65212,,140,,127.4
1333,3.65532,,140,,127.2
1334,3.65819,,139,,127.2
1335,3.66061,,139,,127.2
1336,3.66338,,139,,127.2
1337,3.66654,,139,,127
1338,3.66995,,139,,127
1339,3.67331,,138,,126.8
1340,3.67648,,138,,126.8
1341,3.67987,,138,,126.8
1342,3.68319,,138,,126.8
1343,3.68655,,138,,127
1344,3.6896,,138,,127
1345,3.69265,,138,,127
1346,3.69558,,137,,127
1347,3.69836,,137,,127.2
1348,3.70137,,137,,127.2
1349,3.70462,,137,,127.2
1350,3.70766,,137,,127.2
1351,3.71077,,138,,127.2
1352,3.7139,,137,,127.4
1353,3.71724,,138,,127.4
1354,3.72043,,137,,127.4
1355,3.72355,,137,,127.4
1356,3.72688,,137,,127.6
1357,3.72981,,137,,127.6
1358,3.73285,,137,,127.4
1359,3.7359,,137,,127.4
1360,3.73872,,137,,127.4
1361,3.74203,,137,,127.2
1362,3.74505,,137,,127.2
1363,3.74813,,137,,127
1364,3.75101,,137,,127
1365,3.75385,,137,,127
1366,3.75672,,138,,127
1367,3.75937,,138,,126.8
1368,3.76189,,138,,126.8
1369,3.76466,,138,,126.8
1370,3.7677,,138,,126.6
1371,3.7705,,138,,126.6
1372,3.77347,,138,,126.4
1373,3.77613,,138,,126.4
1374,3.77888,,138,,126.4
1375,3.78146,,138,,126.2
1376,3.78467,,138,,126
1377,3.7876,,138,,126
1378,3.79017,,138,,125.8
1379,3.79283,,138,,125.6
1380,3.79527,,138,,125.4
1381,3.79737,,138,,125.2
1382,3.80001,,137,,125.2
1383,3.80309,,137,,125
1384,3.806,,137,,124.8
1385,3.80891,,138,,124.6
1386,3.81196,,138,,124.4
1387,3.81496,,138,,124.2
1388,3.81812,,138,,124
1389,3.82096,,138,,124
1390,3.824,,138,,123.8
1391,3.82709,,138,,123.6
1392,3.82976,,138,,123.6
1393,3.83261,,138,,123.4
1394,3.83523,,138,,123.2
1395,3.83798,,138,,123.2
1396,3.84062,,139,,123
1397,3.84325,,138,,122.8
1398,3.84565,,138,,122.8
1399,3.84769,,137,,122.6
1400,3.85015,,137,,122.6
1401,3.8529,,137,,122.4
1402,3.85564,,137,,122.2
1403,3.85832,,136,,122
1404,3.86135,,136,,121.8
1405,3.86436,,136,,121.6
1406,3.8674,,137,,121.6
1407,3.8704,,137,,121.4
1408,3.87358,,137,,121.2
1409,3.87717,,137,,121
1410,3.88017,,137,,121
1411,3.88329,,138,,120.8
1412,3.88608,,137,,120.6
1413,3.88883,,138,,120.6
1414,3.89186,,137,,120.6
1415,3.89471,,138,,120.8
1416,3.8977,,138,,120.8
1417,3.90046,,138,,120.8
1418,3.90321,,138,,121
1419,3.90601,,138,,121
1420,3.90861,,138,,121.2
1421,3.91133,,138,,121.2
1422,3.91392,,137,,121.4
1423,3.91675,,138,,121.4
1424,3.91957,,138,,121.6
1425,3.92213,,139,,121.6
1426,3.92502,,138,,121.8
1427,3.9278,,139,,122
1428,3.93061,,138,,122
1429,3.93341,,138,,122.2
1430,3.93619,,138,,122.2
1431,3.93886,,139,,122.4
1432,3.94148,,138,,122.4
1433,3.94403,,139,,122.6
1434,3.94668,,139,,123
1435,3.9494,,139,,123.2
1436,3.95208,,139,,123.6
1437,3.95479,,138,,123.8
1438,3.95748,,139,,124.2
1439,3.96,,139,,124.4
1440,3.96233,,138,,124.8
1441,3.9649,,138,,125
1442,3.96774,,138,,125.4
1443,3.97028,,138,,125.6
1444,3.97271,,138,,125.6
1445,3.97461,,138,,125.6
1446,3.9763,,138,,125.6
1447,3.9784,,138,,125.6
1448,3.98081,,138,,125.6
1449,3.98345,,138,,125.6
1450,3.98615,,139,,125.6
1451,3.98897,,137,,125.4
1452,3.99189,,138,,125.4
1453,3.99465,,138,,125.2
1454,3.99691,,139,,125.2
1455,3.99923,,138,,125
1456,4.00132,,138,,124.8
1457,4.00375,,138,,124.6
1458,4.00621,,139,,124.4
1459,4.00907,,138,,124.2
1460,4.0119,,138,,124
1461,4.01489,,138,,123.8
1462,4.01764,,138,,123.4
1463,4.01985,,138,,123.4
1464,4.02235,,138,,123.2
1465,4.02484,,138,,123.2
1466,4.02813,,138,,123
1467,4.03081,,138,,122.8
1468,4.03416,,139,,122.8
1469,4.03779,,139,,122.4
1470,4.04063,,139,,122.4
1471,4.04389,,139,,122.2
1472,4.0469,,139,,122.2
1473,4.05009,,140,,122
1474,4.05275,,140,,121.8
1475,4.05622,,140,,121.4
1476,4.05952,,141,,121
1477,4.06278,,141,,120.8
1478,4.06578,,141,,120.6
1479,4.06864,,140,,120.4
1480,4.07171,,141,,120
1481,4.07446,,141,,120
1482,4.07706,,142,,119.8
1483,4.07974,,142,,119.6
1484,4.08253,,142,,119.4
1485,4.08511,,142,,119.2
1486,4.0878,,142,,119
1487,4.09083,,142,,118.8
1488,4.09382,,142,,118.6
1489,4.09679,,142,,118.6
1490,4.10012,,142,,118.4
1491,4.10331,,141,,118.2
1492,4.10643,,142,,117.8
1493,4.1097,,142,,117.4
1494,4.11283,,143,,117
1495,4.11576,,142,,116.8
1496,4.11897,,143,,116.4
1497,4.12215,,143,,116.2
1498,4.1252,,143,,115.8
1499,4.12839,,142,,115.4
1500,4.13165,,142,,115.2
1501,4.13465,,142,,114.8
1502,4.13738,,142,,114.6
1503,4.13995,,143,,114.4
1504,4.14286,,142,,114
1505,4.14576,,143,,113.6
1506,4.14844,,142,,113.4
1507,4.15099,,142,,113.2
1508,4.15444,,141,,112.8
1509,4.15792,,142,,112.4
1510,4.16067,,141,,112
1511,4.16391,,141,,111.8
1512,4.167,,141,,111.6
1513,4.16992,,141,,111.2
1514,4.17283,,141,,111
1515,4.17607,,142,,110.6
1516,4.17912,,141,,110.4
1517,4.1821,,141,,110
1518,4.18501,,140,,109.8
1519,4.18794,,141,,109.6
1520,4.19085,,141,,109.4
1521,4.19426,,141,,109.2
1522,4.19716,,141,,109.2
1523,4.19987,,140,,109.2
1524,4.20289,,140,,109
1525,4.2062,,140,,109
1526,4.20937,,141,,109
1527,4.21232,,141,,109
1528,4.21496,,141,,108.8
1529,4.21763,,140,,108.8
1530,4.22021,,141,,108.8
1531,4.22314,,140,,108.6
1532,4.22549,,141,,108.6
1533,4.2282,,141,,108.8
1534,4.23069,,141,,108.8
1535,4.23319,,141,,108.8
1536,4.23605,,141,,109
1537,4.23853,,141,,109
1538,4.24155,,141,,109.2
1539,4.24476,,141,,109.4
1540,4.24792,,140,,109.4
1541,4.25117,,140,,109.4
1542,4.25395,,140,,109.6
1543,4.2573,,140,,109.6
1544,4.26047,,140,,109.6
1545,4.26347,,140,,109.8
1546,4.2667,,140,,109.8
1547,4.26994,,140,,109.8
1548,4.27347,,141,,110
1549,4.27643,,141,,110
1550,4.27975,,141,,110
1551,4.28278,,141,,110.2
1552,4.28539,,141,,110.2
1553,4.28824,,141,,110.4
1554,4.29067,,141,,110.6
1555,4.29389,,141,,110.8
1556,4.29671,,141,,110.8
1557,4.29956,,141,,111
1558,4.30243,,141,,111.2
1559,4.30509,,142,,111.4
1560,4.30798,,141,,111.6
1561,4.31091,,142,,111.8
1562,4.31351,,141,,112
1563,4.31599,,142,,112
1564,4.3183,,141,,112.2
1565,4.32098,,141,,112.4
1566,4.32368,,141,,112.6
1567,4.32661,,141,,112.8
1568,4.32944,,141,,112.8
1569,4.33233,,141,,113
1570,4.33524,,142,,113.2
1571,4.33835,,140,,113.4
1572,4.34171,,141,,113.6
1573,4.34482,,141,,113.8
1574,4.34814,,141,,114
1575,4.35125,,141,,114.2
1576,4.35395,,141,,114.4
1577,4.35705,,140,,114.6
1578,4.36004,,141,,114.8
1579,4.36305,,141,,114.8
1580,4.366,,142,,115
1581,4.36875,,141,,115.2
1582,4.37175,,141,,115.4
1583,4.37463,,141,,115.6
1584,4.37749,,141,,115.6
1585,4.38038,,140,,115.8
1586,4.38335,,141,,115.8
1587,4.38633,,140,,115.8
1588,4.38941,,141,,115.6
1589,4.39277,,141,,115.6
1590,4.39599,,141,,115.6
1591,4.39935,,141,,115.6
1592,4.4026,,142,,115.6
1593,4.40573,,141,,115.4
1594,4.40895,,142,,115.4
1595,4.4119,,141,,115.4
1596,4.41505,,142,,115.4
1597,4.4179,,142,,115.2
1598,4.42082,,142,,115.2
1599,4.4237,,142,,115.2
1600,4.42659,,142,,115.2
1601,4.42938,,142,,115.2
1602,4.43197,,142,,115.2
1603,4.43501,,142,,115.2
1604,4.43787,,142,,115.2
1605,4.44019,,143,,115.2
1606,4.44238,,142,,115.2
1607,4.44449,,142,,115
1608,4.44688,,142,,115
1609,4.44938,,141,,115
1610,4.45177,,141,,115
1611,4.4543,,141,,115
1612,4.45695,,142,,115
1613,4.4598,,142,,115
1614,4.46276,,141,,115
1615,4.46581,,141,,114.8
1616,4.46877,,142,,114.8
1617,4.47159,,141,,114.8
1618,4.47444,,142,,114.8
1619,4.47745,,141,,114.8
1620,4.48019,,142,,114.8
1621,4.48314,,141,,114.8
1622,4.4861,,142,,114.8
1623,4.48896,,142,,114.8
1624,4.49185,,142,,114.8
1625,4.49449,,142,,114.8
1626,4.49774,,142,,114.8
1627,4.50083,,142,,114.8
1628,4.50389,,143,,115
1629,4.50682,,142,,115
1630,4.51018,,143,,114.8
1631,4.51307,,142,,114.8
1632,4.51617,,142,,114.8
1633,4.51924,,143,,115
1634,4.52251,,143,,114.8
1635,4.52571,,143,,114.6
1636,4.5286,,143,,114.4
1637,4.53158,,143,,114.4
1638,4.53458,,143,,114.2
1639,4.53743,,142,,114
1640,4.54056,,143,,113.8
1641,4.54348,,142,,113.8
1642,4.5465,,143,,113.6
1643,4.5495,,143,,113.4
1644,4.55253,,143,,113.4
1645,4.5556,,143,,113.2
1646,4.55886,,143,,113
1647,4.56182,,143,,112.8
1648,4.56438,,143,,112.8
1649,4.56711,,143,,112.6
1650,4.56962,,143,,112.4
1651,4.5721,,143,,112.2
1652,4.57428,,143,,112.2
1653,4.57678,,143,,112
1654,4.57921,,143,,112
1655,4.58169,,142,,111.8
1656,4.58393,,142,,111.6
1657,4.58626,,142,,111.6
1658,4.5883,,142,,111.4
1659,4.59054,,141,,111.2
1660,4.59262,,141,,111.2
1661,4.5948,,141,,111.2
1662,4.59712,,141,,111
1663,4.59957,,140,,110.8
1664,4.60235,,141,,110.8
1665,4.60486,,140,,110.6
1666,4.60743,,140,,110.6
1667,4.61014,,139,,110.4
1668,4.61315,,139,,110.4
1669,4.61607,,138,,110.2
1670,4.61885,,138,,110
1671,4.62184,,138,,110
1672,4.62417,,138,,109.8
1673,4.62634,,137,,109.6
1674,4.62917,,137,,109.6
1675,4.6323,,137,,109.4
1676,4.63529,,137,,109.4
1677,4.63858,,137,,109.2
1678,4.6416,,137,,109
1679,4.64467,,138,,109
1680,4.64756,,138,,108.8
1681,4.65075,,140,,108.8
1682,4.65399,,140,,108.6
1683,4.65713,,140,,108.4
1684,4.66033,,142,,108.2
1685,4.66361,,142,,108.2
1686,4.66739,,142,,108.2
1687,4.67091,,141,,108
1688,4.67461,,142,,108
1689,4.6775,,142,,108
1690,4.68021,,142,,108
1691,4.68361,,141,,108
1692,4.68678,,142,,108
1693,4.69032,,142,,108
1694,4.69386,,142,,108
1695,4.69729,,142,,108
1696,4.70033,,142,,108
1697,4.70329,,141,,108
1698,4.70666,,142,,108
1699,4.70952,,141,,108
1700,4.71304,,142,,108
1701,4.71666,,142,,108.2
1702,4.72006,,142,,108.2
1703,4.72302,,141,,108.2
1704,4.72608,,141,,108.4
1705,4.72919,,141,,108.6
1706,4.73186,,141,,108.8
1707,4.73449,,141,,109
1708,4.7376,,141,,109.2
1709,4.74033,,142,,109.4
1710,4.74317,,140,,109.6
1711,4.74612,,141,,109.8
1712,4.74916,,140,,110
1713,4.75201,,141,,110
1714,4.75463,,141,,110.2
1715,4.75726,,141,,110.4
1716,4.75997,,140,,110.6
1717,4.76241,,140,,110.6
1718,4.76528,,140,,110.8
1719,4.76812,,140,,111
1720,4.77076,,139,,111.2
1721,4.77343,,139,,111.4
1722,4.77621,,139,,111.6
1723,4.77885,,140,,111.6
1724,4.78132,,139,,111.6
1725,4.78406,,140,,111.6
1726,4.78679,,139,,111.6
1727,4.78936,,140,,111.8
1728,4.79201,,140,,111.8
1729,4.7946,,140,,111.8
1730,4.79723,,139,,111.8
1731,4.79991,,140,,111.8
1732,4.80257,,140,,112
1733,4.80536,,140,,112
1734,4.80811,,141,,112
1735,4.81094,,140,,112
1736,4.81371,,140,,112.2
1737,4.81664,,140,,112.2
1738,4.8193,,140,,112.4
1739,4.82239,,140,,112.4
1740,4.82536,,140,,112.6
1741,4.82833,,139,,112.6
1742,4.8316,,139,,112.8
1743,4.83486,,140,,112.8
1744,4.83795,,139,,112.8
1745,4.84082,,139,,112.6
1746,4.84389,,139,,112.6
1747,4.84697,,140,,112.6
1748,4.84985,,140,,112.6
1749,4.85267,,140,,112.6
1750,4.85539,,140,,112.4
1751,4.85832,,140,,112.4
1752,4.86145,,140,,112.2
1753,4.86454,,141,,112.2
1754,4.8677,,140,,112.2
1755,4.8709,,141,,112
1756,4.87432,,141,,112
1757,4.87792,,141,,111.8
1758,4.88124,,141,,111.6
1759,4.88456,,141,,111.4
1760,4.88794,,141,,111.2
1761,4.89104,,140,,111
1762,4.8943,,141,,110.6
1763,4.89724,,141,,110.2
1764,4.90017,,141,,109.8
1765,4.90304,,140,,109.6
1766,4.90594,,140,,109.8
1767,4.90905,,140,,109.8
1768,4.91212,,141,,110
1769,4.9151,,140,,110
1770,4.91794,,140,,110.2
1771,4.92092,,139,,110.4
1772,4.92408,,140,,110.4
1773,4.92721,,139,,110.4
1774,4.93059,,140,,110.4
1775,4.93404,,140,,110.4
1776,4.93725,,140,,110.4
1777,4.94022,,139,,110.6
1778,4.94308,,139,,110.6
1779,4.94598,,139,,110.4
1780,4.9487,,139,,110.2
1781,4.95127,,139,,110
1782,4.95384,,139,,109.8
1783,4.95653,,140,,109.6
1784,4.95897,,139,,109.6
1785,4.96159,,139,,109.4
1786,4.9642,,139,,109.2
1787,4.96702,,139,,109
1788,4.96969,,139,,109
1789,4.97223,,138,,108.8
1790,4.97476,,139,,108.6
1791,4.9776,,139,,108.4
1792,4.9801,,139,,108.2
1793,4.98271,,138,,107.8
1794,4.98531,,138,,107.6
1795,4.98781,,138,,107.6
1796,4.99015,,138,,107.8
1797,4.99288,,139,,107.8
1798,4.99518,,138,,108
1799,4.99764,,139,,108
1800,4.99999,,138,,107.8
1801,5.00239,,138,,107.6
1802,5.00529,,138,,107.6
1803,5.00813,,139,,107.4
1804,5.01074,,139,,107.4
1805,5.01327,,139,,107.4
1806,5.0157,,138,,107.4
1807,5.01811,,138,,107.4
1808,5.0204,,138,,107.4
1809,5.02276,,137,,107.6
1810,5.0255,,137,,107.6
1811,5.02835,,137,,107.6
1812,5.03103,,137,,107.6
1813,5.03353,,137,,107.6
1814,5.03656,,137,,107.6
1815,5.03939,,137,,107.6
1816,5.04232,,138,,107.8
1817,5.04493,,138,,107.8
1818,5.04712,,138,,108
1819,5.04923,,138,,108
1820,5.05123,,139,,108
1821,5.05306,,138,,107.8
1822,5.05565,,139,,107.6
1823,5.05868,,139,,107.4
1824,5.06196,,139,,107
1825,5.06509,,139,,106.8
1826,5.06815,,139,,106.4
1827,5.07077,,139,,106.2
1828,5.07376,,139,,106
1829,5.077,,139,,105.8
1830,5.07957,,138,,105.6
1831,5.08212,,139,,105.4
1832,5.08488,,138,,105.2
1833,5.08774,,138,,105
1834,5.09032,,138,,105
1835,5.09302,,138,,104.8
1836,5.09547,,138,,104.6
1837,5.09775,,138,,104.6
1838,5.10033,,138,,104.4
1839,5.10284,,139,,104.2
1840,5.10576,,139,,104.4
1841,5.10874,,138,,104.4
1842,5.11154,,137,,104.6
1843,5.11433,,137,,104.8
1844,5.11709,,137,,105
1845,5.12003,,137,,105.2
1846,5.12279,,137,,105.4
1847,5.12564,,137,,105.6
1848,5.12829,,137,,105.6
1849,5.13114,,136,,105.8
1850,5.13354,,135,,106
1851,5.13607,,135,,106
1852,5.13846,,135,,106.2
1853,5.14096,,135,,106.4
1854,5.14331,,135,,106.4
1855,5.14528,,135,,106.6
1856,5.14744,,135,,106.6
1857,5.14938,,135,,106.8
1858,5.15209,,135,,106.8
1859,5.15437,,134,,107.2
1860,5.15665,,134,,107.6
1861,5.15884,,133,,108
1862,5.15994,,133,,108.2
1863,5.1614,,133,,108.2
1864,5.16291,,133,,108
1865,5.16525,,133,,107.6
1866,5.16525,,134,,107.8
1867,5.16726,,134,,107.6
1868,5.17082,,134,,107
1869,5.17378,,133,,106.6
1870,5.17681,,134,,106.2
1871,5.1801,,133,,105.8
1872,5.18381,,133,,105.6
1873,5.18923,,133,,105.2
1874,5.19293,,134,,105
1875,5.1963,,134,,105
1876,5.19965,,134,,105
1877,5.20314,,133,,105
1878,5.20664,,132,,105
1879,5.2099,,132,,105
1880,5.21303,,132,,105
1881,5.21584,,132,,105.2
1882,5.21842,,133,,105.4
1883,5.22069,,133,,105.4
1884,5.22278,,133,,105.6
1885,5.22486,,132,,105.6
1886,5.2277,,132,,105.6
1887,5.23037,,132,,105.6
1888,5.23309,,132,,105.6
1889,5.23546,,131,,105.6
1890,5.23798,,132,,105.8
1891,5.24079,,132,,105.8
1892,5.2434,,132,,106
1893,5.24591,,132,,106.2
1894,5.24834,,132,,106.4
1895,5.25058,,133,,106.6
1896,5.25302,,133,,106.6
1897,5.2555,,133,,106.8
1898,5.25776,,133,,106.8
1899,5.26011,,133,,106.8
1900,5.26268,,134,,106.8
1901,5.26526,,134,,106.8
1902,5.26776,,134,,106.8
1903,5.27028,,135,,106.8
1904,5.27241,,135,,107
1905,5.27475,,135,,107
1906,5.27689,,136,,106.8
1907,5.27915,,136,,107
1908,5.28145,,136,,107
1909,5.28354,,137,,107
1910,5.28524,,136,,107.2
1911,5.28694,,137,,107.2
1912,5.28874,,137,,107.2
1913,5.29056,,137,,107.2
1914,5.29259,,137,,107.2
1915,5.29515,,138,,107.4
1916,5.2975,,139,,107.4
1917,5.29931,,139,,107.4
1918,5.30115,,139,,107.4
1919,5.30302,,139,,107.6
1920,5.30497,,139,,107.8
1921,5.30702,,140,,107.8
1922,5.30905,,140,,108
1923,5.31084,,140,,108
1924,5.31266,,140,,108.2
1925,5.31453,,140,,108.4
1926,5.31633,,141,,108.6
1927,5.31835,,141,,108.8
1928,5.32039,,141,,109.2
1929,5.32274,,142,,109.4
1930,5.32497,,142,,109.6
1931,5.32685,,143,,109.8
1932,5.32897,,144,,110.2
1933,5.3312,,144,,110.4
1934,5.33348,,144,,110.6
1935,5.33584,,145,,110.6
1936,5.33843,,145,,110.8
1937,5.34077,,145,,110.8
1938,5.34329,,145,,111
1939,5.34589,,145,,111
1940,5.34835,,145,,111.2
1941,5.35108,,145,,111.2
1942,5.35383,,145,,111.2
1943,5.35646,,146,,111
1944,5.35939,,146,,111
1945,5.36225,,146,,111
1946,5.3654,,146,,111
1947,5.36841,,146,,111
1948,5.37142,,146,,111.2
1949,5.37433,,146,,111.2
1950,5.37711,,146,,111.2
1951,5.38007,,146,,111.2
1952,5.38315,,146,,111.4
1953,5.38575,,146,,111.4
1954,5.38876,,146,,111.4
1955,5.39157,,146,,111.4
1956,5.39471,,146,,111.6
1957,5.39769,,146,,111.6
1958,5.40065,,145,,111.6
1959,5.4037,,146,,111.8
1960,5.40684,,146,,111.8
1961,5.4098,,145,,111.8
1962,5.41276,,146,,112
1963,5.41565,,145,,112
1964,5.41862,,145,,112.2
1965,5.42161,,145,,112.2
1966,5.42448,,145,,112.2
1967,5.42717,,145,,112.4
1968,5.42991,,145,,112.4
1969,5.43291,,143,,112.4
1970,5.43546,,144,,112.4
1971,5.43832,,144,,112.6
1972,5.44089,,144,,112.6
1973,5.44318,,144,,112.6
1974,5.44592,,143,,112.6
1975,5.44869,,143,,112.6
1976,5.45139,,142,,112.8
1977,5.45398,,142,,112.8
1978,5.45673,,143,,113
1979,5.45955,,142,,113
1980,5.46198,,143,,113
1981,5.46434,,142,,113
1982,5.46696,,142,,112.8
1983,5.46949,,143,,112.8
1984,5.47196,,142,,112.8
1985,5.47461,,143,,112.6
1986,5.47686,,142,,112.6
1987,5.47945,,142,,112.6
1988,5.48191,,143,,112.6
1989,5.48436,,142,,112.6
1990,5.48696,,142,,112.6
1991,5.48948,,142,,112.6
1992,5.49222,,142,,112.6
1993,5.49482,,143,,112.8
1994,5.49721,,142,,112.8
1995,5.49975,,143,,112.8
1996,5.50221,,143,,112.8
1997,5.50454,,142,,112.8
1998,5.50684,,143,,112.8
1999,5.50892,,142,,112.8
2000,5.51156,,142,,112.8
2001,5.51407,,143,,112.8
2002,5.5164,,142,,112.8
2003,5.51884,,142,,112.6
2004,5.52117,,142,,112.6
2005,5.5235,,142,,112.6
2006,5.52594,,142,,112.6
2007,5.52816,,142,,112.6
2008,5.53063,,142,,112.6
2009,5.53296,,143,,112.6
2010,5.53508,,142,,112.6
2011,5.53737,,142,,112.6
2012,5.53952,,142,,112.4
2013,5.54206,,142,,112.4
2014,5.5446,,143,,112.4
2015,5.54699,,143,,112.4
2016,5.54934,,143,,112.4
2017,5.55149,,143,,112.4
2018,5.55362,,143,,112.4
2019,5.55559,,144,,112.4
2020,5.55769,,143,,112.4
2021,5.55995,,144,,112.4
2022,5.56226,,144,,112.4
2023,5.56427,,144,,112.6
2024,5.56663,,144,,112.6
2025,5.56884,,144,,112.6
2026,5.57106,,144,,112.8
2027,5.57342,,145,,112.8
2028,5.57571,,145,,113
2029,5.57806,,145,,113
2030,5.58046,,145,,113.2
2031,5.58279,,145,,113.2
2032,5.58529,,145,,113.4
2033,5.58772,,145,,113.4
2034,5.59,,145,,113.6
2035,5.59256,,145,,113.6
2036,5.5949,,145,,113.8
2037,5.59725,,146,,114
2038,5.59963,,145,,114
2039,5.60186,,145,,114.2
2040,5.60406,,146,,114.2
2041,5.60619,,146,,114.4
2042,5.60828,,146,,114.4
2043,5.61061,,146,,114.6
2044,5.61278,,147,,114.6
2045,5.61488,,146,,114.8
2046,5.61725,,147,,115
2047,5.61962,,147,,115
2048,5.62192,,147,,115.2
2049,5.6242,,147,,115.2
2050,5.62631,,147,,115.4
2051,5.62872,,147,,115.4
2052,5.63097,,147,,115.6
2053,5.63314,,147,,115.6
2054,5.63542,,148,,115.8
2055,5.63797,,147,,115.8
2056,5.64041,,147,,116
2057,5.64255,,147,,116.2
2058,5.64478,,147,,116.2
2059,5.64706,,147,,116.4
2060,5.64925,,148,,116.6
2061,5.65131,,148,,116.8
2062,5.65373,,147,,116.8
2063,5.65625,,148,,117
2064,5.65876,,148,,117.2
2065,5.66101,,148,,117.4
2066,5.66327,,148,,117.6
2067,5.66578,,148,,118
2068,5.66853,,148,,118.2
2069,5.67129,,148,,118.4
2070,5.67381,,149,,118.8
2071,5.67616,,149,,119
2072,5.6784,,149,,119.2
2073,5.68048,,148,,119.4
2074,5.68269,,149,,119.6
2075,5.68481,,149,,120
2076,5.68718,,148,,120.2
2077,5.68967,,149,,120.4
2078,5.69188,,149,,120.6
2079,5.69398,,149,,120.8
2080,5.69657,,149,,121
2081,5.69919,,149,,121.2
2082,5.70176,,149,,121.4
2083,5.70426,,149,,121.6
2084,5.70667,,150,,121.8
2085,5.7091,,149,,122
2086,5.71136,,149,,122.2
2087,5.71379,,149,,122.4
2088,5.71612,,149,,122.6
2089,5.71851,,149,,122.8
2090,5.72094,,149,,123
2091,5.72328,,150,,123.2
2092,5.72563,,150,,123.4
2093,5.72809,,150,,123.6
2094,5.73056,,150,,123.8
2095,5.73265,,150,,124
2096,5.73508,,150,,124.2
2097,5.73741,,149,,124.2
2098,5.73961,,150,,124.2
2099,5.74176,,150,,124.2
2100,5.74379,,150,,124.4
2101,5.74573,,150,,124.4
2102,5.74793,,150,,124.4
2103,5.74994,,150,,124.4
2104,5.75233,,150,,124.4
2105,5.75473,,150,,124.6
2106,5.75694,,150,,124.6
2107,5.75923,,150,,124.6
2108,5.76165,,150,,124.6
2109,5.7641,,150,,124.6
2110,5.76643,,150,,124.6
2111,5.7687,,150,,124.6
2112,5.77072,,149,,124.6
2113,5.77252,,149,,124.6
2114,5.77462,,149,,124.6
2115,5.77689,,149,,124.6
2116,5.77911,,149,,124.8
2117,5.78161,,149,,124.8
2118,5.7839,,149,,124.8
2119,5.78594,,149,,124.8
2120,5.788,,149,,124.8
2121,5.79057,,149,,125
2122,5.79319,,148,,125.2
2123,5.79551,,148,,125.2
2124,5.79772,,148,,125.2
2125,5.79986,,148,,125.4
2126,5.80211,,148,,125.4
2127,5.80399,,148,,125.4
2128,5.80589,,148,,125.4
2129,5.80816,,148,,125.6
2130,5.81038,,148,,125.6
2131,5.81243,,148,,125.6
2132,5.81461,,148,,125.6
2133,5.81687,,148,,125.8
2134,5.81955,,148,,125.8
2135,5.82222,,148,,125.8
2136,5.8247,,148,,126
2137,5.82733,,148,,126
2138,5.83006,,148,,126
2139,5.83273,,148,,126
2140,5.83517,,148,,126.2
2141,5.83725,,148,,126.2
2142,5.83948,,148,,126.2
2143,5.84167,,147,,126.4
2144,5.84368,,148,,126.4
2145,5.84574,,148,,126.4
2146,5.84776,,148,,126.4
2147,5.85002,,148,,126.6
2148,5.85232,,148,,126.6
2149,5.85437,,148,,126.6
2150,5.85648,,147,,126.8
2151,5.85834,,148,,126.8
2152,5.86079,,147,,126.8
2153,5.86337,,148,,126.8
2154,5.86585,,147,,127
2155,5.86835,,146,,127
2156,5.87111,,146,,127
2157,5.87358,,147,,127
2158,5.87591,,146,,127.2
2159,5.8784,,147,,127.2
2160,5.88121,,147,,127.2
2161,5.88417,,147,,127.2
2162,5.8869,,147,,127.2
2163,5.88954,,147,,127.2
2164,5.89184,,147,,127.4
2165,5.894,,147,,127.4
2166,5.89624,,146,,127.4
2167,5.8987,,146,,127.4
2168,5.90141,,146,,127.4
2169,5.90428,,146,,127.4
2170,5.90698,,146,,127.6
2171,5.90977,,146,,127.6
2172,5.91271,,146,,127.6
2173,5.9153,,146,,127.6
2174,5.91778,,146,,127.6
2175,5.92065,,146,,127.8
2176,5.92358,,145,,127.8
2177,5.9259,,146,,127.8
2178,5.9286,,145,,127.8
2179,5.93111,,145,,127.8
2180,5.93321,,145,,127.8
2181,5.93544,,145,,127.8
2182,5.93757,,145,,127.8
2183,5.93933,,145,,128
2184,5.94102,,145,,128
2185,5.94302,,145,,128
2186,5.94527,,145,,128
2187,5.9476,,145,,128
2188,5.95012,,145,,127.8
2189,5.95244,,146,,127.8
2190,5.95502,,145,,127.8
2191,5.95726,,145,,127.6
2192,5.95992,,145,,127.6
2193,5.96201,,145,,127.6
2194,5.96435,,145,,127.6
2195,5.96687,,144,,127.4
2196,5.96897,,144,,127.4
2197,5.97161,,144,,127.4
2198,5.9747,,145,,127.4
2199,5.97797,,144,,127.2
2200,5.98133,,144,,127.2
2201,5.9848,,143,,127.2
2202,5.98792,,143,,127
2203,5.9907,,143,,127
2204,5.9933,,143,,127
2205,5.99611,,143,,127
2206,5.99876,,142,,126.8
2207,6.00098,,142,,126.8
2208,6.00279,,141,,126.8
2209,6.00428,,141,,126.8
2210,6.00573,,140,,126.8
2211,6.0075,,140,,126.8
2212,6.01008,,140,,126.8
2213,6.01233,,140,,126.8
2214,6.01454,,139,,126.8
2215,6.01706,,137,,126.8
2216,6.01973,,136,,126.8
2217,6.02222,,132,,126.8
2218,6.02512,,129,,126.8
2219,6.02811,,127,,126.8
2220,6.03219,,126,,126.8
2221,6.03524,,125,,126.8
2222,6.03874,,123,,126.6
2223,6.04286,,123,,126.6
2224,6.04592,,122,,126.8
2225,6.04813,,121,,127
2226,6.05116,,120,,127
2227,6.05369,,118,,127.2
2228,6.05586,,117,,127.2
2229,6.05801,,117,,127.4
2230,6.0599,,116,,127.4
2231,6.06165,,118,,127.4
2232,6.06351,,118,,127.6
2233,6.06521,,120,,127.6
2234,6.0669,,122,,127.6
2235,6.06863,,125,,127.8
2236,6.07027,,129,,127.8
2237,6.07213,,132,,127.8
2238,6.07435,,137,,128
2239,6.07635,,138,,128
2240,6.07841,,140,,128.2
2241,6.08014,,142,,128.2
2242,6.08206,,143,,128.4
2243,6.08401,,144,,128.4
2244,6.08611,,145,,128.4
2245,6.08803,,146,,128.6
2246,6.09006,,146,,128.6
2247,6.09223,,146,,128.8
2248,6.09389,,147,,128.8
2249,6.09611,,146,,129
2250,6.09852,,147,,129
2251,6.1006,,148,,129
2252,6.10268,,148,,129.2
2253,6.10496,,148,,129.2
2254,6.10743,,148,,129.4
2255,6.10995,,149,,129.4
2256,6.11235,,149,,129.6
2257,6.11454,,149,,129.8
2258,6.11688,,149,,129.8
2259,6.11928,,150,,130
2260,6.12153,,150,,130.2
2261,6.12379,,150,,130.4
2262,6.12593,,150,,130.6
2263,6.12789,,151,,130.8
2264,6.13021,,150,,131
2265,6.13226,,150,,131.2
2266,6.13398,,150,,131.2
2267,6.13567,,151,,131.4
2268,6.13762,,151,,131.4
2269,6.13968,,151,,131.6
2270,6.14186,,150,,131.8
2271,6.14379,,150,,131.8
2272,6.14553,,150,,132
2273,6.14719,,150,,132
2274,6.14872,,149,,132.2
2275,6.15044,,149,,132.2
2276,6.15279,,150,,132.4
2277,6.15506,,150,,132.6
2278,6.15727,,149,,132.8
2279,6.15957,,150,,133
2280,6.16206,,150,,133.2
2281,6.16456,,150,,133.4
2282,6.16692,,150,,133.6
2283,6.16904,,150,,133.8
2284,6.17069,,150,,133.8
2285,6.17246,,150,,134
2286,6.17441,,150,,134.2
2287,6.17603,,150,,134.2
2288,6.17799,,151,,134.4
2289,6.17978,,150,,134.6
2290,6.18139,,150,,134.8
2291,6.18322,,150,,134.8
2292,6.18481,,150,,135
2293,6.1866,,150,,135.2
2294,6.18861,,150,,135.4
2295,6.19046,,151,,135.4
2296,6.19341,,150,,135.8
2297,6.19561,,150,,135.8
2298,6.19815,,151,,135.8
2299,6.20061,,151,,136
2300,6.2029,,151,,136
2301,6.20541,,150,,136
2302,6.20827,,151,,136
2303,6.21143,,151,,136
2304,6.21409,,151,,136.2
2305,6.21667,,151,,136.2
2306,6.21896,,151,,136.2
2307,6.22092,,151,,136.2
2308,6.22291,,150,,136.2
2309,6.22589,,151,,136.4
2310,6.22866,,151,,136.4
2311,6.23136,,150,,136.4
2312,6.23402,,150,,136.6
2313,6.23716,,150,,136.6
2314,6.24022,,150,,136.6
2315,6.24346,,149,,136.8
2316,6.24658,,149,,136.8
2317,6.24952,,149,,136.8
2318,6.25213,,149,,137
2319,6.2547,,148,,137
2320,6.25711,,148,,137.2
2321,6.25977,,148,,137.2
2322,6.26229,,147,,137.4
2323,6.26499,,148,,137.4
2324,6.26732,,147,,137.4
2325,6.26958,,147,,137.4
2326,6.27207,,147,,137.6
2327,6.27432,,147,,137.6
2328,6.27665,,146,,137.6
2329,6.2794,,146,,137.6
2330,6.28271,,146,,137.8
2331,6.28544,,146,,137.8
2332,6.28807,,145,,137.8
2333,6.29036,,145,,138
2334,6.29208,,146,,138
2335,6.29429,,146,,138
2336,6.29769,,146,,138.2
2337,6.30055,,145,,138.2
2338,6.30243,,146,,138.2
2339,6.30468,,146,,138.2
2340,6.30754,,145,,138.4
2341,6.31022,,146,,138.4
2342,6.31354,,145,,138.6
2343,6.31598,,145,,138.8
2344,6.31788,,145,,139
2345,6.31983,,145,,139.2
2346,6.3215,,145,,139.4
2347,6.32328,,145,,139.6
2348,6.32496,,145,,139.8
2349,6.3272,,144,,140
2350,6.32996,,145,,140.4
2351,6.33219,,145,,140.6
2352,6.3342,,144,,140.8
2353,6.33592,,145,,140.8
2354,6.33812,,145,,141
2355,6.34096,,145,,141.4
2356,6.34364,,145,,141.6
2357,6.3458,,145,,141.8
2358,6.34768,,145,,141.8
2359,6.34975,,145,,142
2360,6.35225,,146,,142.2
2361,6.35417,,145,,142.4
2362,6.35669,,146,,142.6
2363,6.35886,,147,,142.6
2364,6.36182,,146,,142.8
2365,6.36441,,146,,143
2366,6.36675,,147,,143.2
2367,6.36977,,147,,143.4
2368,6.37219,,146,,143.6
2369,6.3751,,147,,144
2370,6.37782,,147,,144.2
2371,6.38077,,147,,144.6
2372,6.38318,,147,,145
2373,6.38613,,147,,145.2
2374,6.38893,,147,,145.6
2375,6.39142,,147,,146
2376,6.39407,,147,,146.4
2377,6.39655,,147,,146.6
2378,6.39932,,147,,147
2379,6.40194,,147,,147.4
2380,6.40401,,146,,147.6
2381,6.40584,,146,,147.8
2382,6.40815,,147,,148
2383,6.41108,,147,,148.2
2384,6.41382,,147,,148.6
2385,6.41622,,147,,148.8
2386,6.41878,,147,,149
2387,6.42159,,147,,149.4
2388,6.42441,,147,,149.6
2389,6.42711,,147,,149.8
2390,6.42969,,147,,149.8
2391,6.43221,,147,,149.8
2392,6.43457,,148,,149.8
2393,6.43696,,147,,149.8
2394,6.43913,,148,,150
2395,6.44124,,148,,150
2396,6.44351,,148,,150
2397,6.44572,,148,,150
2398,6.44866,,148,,150
2399,6.45139,,148,,150
2400,6.45428,,148,,150
2401,6.45663,,148,,150
2402,6.45878,,147,,150
2403,6.46152,,148,,150
2404,6.46396,,147,,149.8
2405,6.46639,,147,,149.8
2406,6.46861,,147,,150
2407,6.47125,,147,,150
2408,6.47418,,147,,150
2409,6.47703,,147,,150
2410,6.47939,,147,,150
2411,6.48143,,148,,150
2412,6.48376,,147,,150
2413,6.4863,,146,,150
2414,6.48885,,146,,150
2415,6.49119,,146,,150
2416,6.49328,,146,,149.8
2417,6.49542,,146,,149.8
2418,6.49748,,146,,149.8
2419,6.49969,,146,,149.8
2420,6.502,,146,,149.8
2421,6.50501,,146,,149.8
2422,6.50788,,146,,150
2423,6.51028,,146,,150
2424,6.5125,,146,,150
2425,6.51483,,146,,150
2426,6.51734,,146,,150.2
2427,6.52003,,146,,150.2
2428,6.5226,,146,,150.2
2429,6.52506,,145,,150.4
2430,6.528,,145,,150.4
2431,6.53078,,145,,150.4
2432,6.53345,,145,,150.6
2433,6.53597,,145,,150.8
2434,6.53858,,145,,151.2
2435,6.54083,,144,,151.4
2436,6.54279,,144,,151.6
2437,6.54484,,143,,151.6
2438,6.54663,,144,,151.6
2439,6.54837,,143,,151.8
2440,6.55044,,143,,151.8
2441,6.55243,,143,,151.8
2442,6.5544,,143,,152
2443,6.55613,,142,,152.2
2444,6.5583,,142,,152.2
2445,6.56022,,142,,152.4
2446,6.5626,,142,,152.6
2447,6.56524,,141,,152.8
2448,6.5679,,141,,153
2449,6.57011,,140,,153
2450,6.57324,,140,,153.2
2451,6.57538,,140,,153.2
2452,6.57744,,139,,153.2
2453,6.5795,,139,,153.2
2454,6.58155,,138,,153.2
2455,6.58351,,138,,153.2
2456,6.58596,,138,,153.2
2457,6.58858,,137,,153.4
2458,6.59141,,137,,153.6
2459,6.59411,,137,,153.8
2460,6.5964,,136,,154
2461,6.59862,,136,,154
2462,6.60135,,136,,154.2
2463,6.60414,,136,,154.2
2464,6.60737,,136,,154.2
2465,6.61001,,136,,154.2
2466,6.61308,,135,,154.2
2467,6.61571,,135,,154
2468,6.61767,,135,,154
2469,6.61912,,133,,154
2470,6.62055,,133,,153.8
2471,6.62201,,132,,153.8
2472,6.62387,,133,,153.8
2473,6.62651,,132,,154
2474,6.62939,,132,,154.2
2475,6.63225,,133,,154.4
2476,6.63468,,132,,154.6
2477,6.63722,,130,,154.6
2478,6.63922,,130,,154.4
2479,6.64051,,130,,154.2
2480,6.64157,,130,,154
2481,6.64311,,131,,153.6
2482,6.64513,,131,,153.2
2483,6.64678,,131,,152.8
2484,6.64866,,132,,152.4
2485,6.65056,,132,,152
2486,6.65227,,131,,151.6
2487,6.65401,,131,,151.4
2488,6.65545,,131,,151
2489,6.65767,,130,,150.6
2490,6.65979,,130,,150
2491,6.66154,,130,,149.8
2492,6.66327,,130,,149.4
2493,6.66488,,131,,149
2494,6.66646,,131,,148.8
2495,6.66793,,131,,148.6
2496,6.66957,,131,,148.2
2497,6.67146,,131,,147.8
2498,6.67378,,131,,147.6
2499,6.67589,,131,,147.2
2500,6.67803,,132,,147.2
2501,6.67991,,132,,147
2502,6.68188,,131,,147
2503,6.68423,,131,,147
2504,6.68639,,131,,146.8
2505,6.68833,,131,,146.8
2506,6.69078,,130,,146.6
2507,6.69286,,130,,146.4
2508,6.69468,,130,,146.2
2509,6.6965,,129,,146
2510,6.69837,,129,,145.8
2511,6.70084,,129,,145.6
2512,6.70286,,129,,145.4
2513,6.70477,,129,,145.4
2514,6.70613,,129,,145.2
2515,6.70652,,130,,145
2516,6.70862,,129,,145
2517,6.71064,,130,,145.2
2518,6.71321,,129,,145.2
2519,6.71655,,129,,145.4
2520,6.71881,,129,,145.4
2521,6.7211,,129,,145.6
2522,6.72337,,129,,145.8
2523,6.72622,,129,,146
2524,6.72895,,130,,146.4
2525,6.73086,,131,,146.4
2526,6.73277,,131,,146.6
2527,6.73445,,131,,146.6
2528,6.73628,,132,,146.8
2529,6.73776,,132,,146.6
2530,6.73949,,132,,146.6
2531,6.74163,,133,,146.6
2532,6.744,,134,,146.4
2533,6.74617,,134,,146.2
2534,6.74872,,133,,146.2
2535,6.75082,,134,,146
2536,6.75331,,134,,145.8
2537,6.75549,,134,,145.6
2538,6.75785,,135,,145.4
2539,6.7606,,135,,145
2540,6.76289,,135,,144.6
2541,6.76509,,135,,144.2
2542,6.76767,,135,,143.8
2543,6.76998,,135,,143.6
2544,6.77234,,135,,143.2
2545,6.77479,,135,,143
2546,6.77712,,135,,142.6
2547,6.77897,,135,,142.4
2548,6.78126,,136,,142.2
2549,6.78364,,136,,141.8
2550,6.78655,,136,,141.6
2551,6.78955,,136,,141.2
2552,6.79215,,136,,140.8
2553,6.79495,,136,,140.6
2554,6.79756,,136,,140.2
2555,6.80041,,136,,139.8
2556,6.80298,,136,,139.6
2557,6.80536,,136,,139.2
2558,6.80804,,135,,138.8
2559,6.8106,,135,,138.4
2560,6.81306,,135,,138.2
2561,6.81538,,135,,138
2562,6.81784,,135,,138
2563,6.82071,,134,,137.8
2564,6.82343,,134,,137.6
2565,6.82633,,134,,137.4
2566,6.82935,,134,,137.2
2567,6.8319,,134,,137.2
2568,6.83424,,134,,137
2569,6.83675,,134,,136.8
2570,6.83919,,132,,136.6
2571,6.8418,,132,,136.4
2572,6.8442,,132,,136.4
2573,6.84651,,132,,136.2
2574,6.84882,,132,,136
2575,6.85129,,132,,135.8
2576,6.85374,,132,,135.6
2577,6.85605,,132,,135.6
2578,6.85845,,132,,135.4
2579,6.86082,,132,,135.2
2580,6.86305,,132,,135
2581,6.86574,,132,,135
2582,6.86774,,132,,134.8
2583,6.87044,,132,,134.6
2584,6.87303,,132,,134.6
2585,6.87589,,133,,134.4
2586,6.87832,,133,,134.2
2587,6.88032,,133,,134
2588,6.88274,,133,,134
2589,6.88507,,132,,133.8
2590,6.8872,,132,,133.6
2591,6.88967,,132,,133.6
2592,6.89142,,132,,133.4
2593,6.89334,,132,,133.4
2594,6.89539,,132,,133.2
2595,6.89758,,132,,133
2596,6.89971,,132,,133
2597,6.9018,,132,,132.8
2598,6.90421,,131,,132.6
2599,6.90681,,131,,132.2
2600,6.90897,,131,,132
2601,6.91114,,131,,131.6
2602,6.9138,,131,,131.4
2603,6.91664,,131,,131.2
2604,6.91834,,131,,131
2605,6.92067,,131,,130.8
2606,6.92292,,131,,130.6
2607,6.9259,,131,,130.4
2608,6.92823,,131,,130.2
2609,6.93024,,131,,130.2
2610,6.93286,,131,,130
2611,6.93495,,130,,130
2612,6.9372,,130,,129.8
2613,6.93974,,130,,129.4
2614,6.94289,,131,,129
2615,6.94657,,130,,128.6
2616,6.95012,,130,,128.2
2617,6.95295,,129,,127.8
2618,6.95623,,130,,127.4
2619,6.95954,,129,,127
2620,6.96257,,130,,126.6
2621,6.96603,,129,,126.2
2622,6.96951,,129,,125.8
2623,6.97249,,129,,125.4
2624,6.97556,,129,,125
2625,6.97885,,129,,124.6
2626,6.98161,,129,,124.2
2627,6.98483,,129,,123.8
2628,6.98833,,129,,123.4
2629,6.99189,,129,,122.8
2630,6.99539,,130,,122.4
2631,6.99884,,130,,122
2632,7.002,,129,,121.8
2633,7.00478,,129,,121.6
2634,7.0078,,130,,121.2
2635,7.01093,,130,,121
2636,7.01409,,130,,120.6
2637,7.01732,,129,,120.4
2638,7.02018,,130,,120.2
2639,7.02299,,130,,120
2640,7.02591,,129,,119.6
2641,7.02885,,129,,119.2
2642,7.03164,,129,,119
2643,7.03433,,130,,118.8
2644,7.03718,,129,,118.4
2645,7.03982,,129,,118
2646,7.04251,,128,,117.6
2647,7.04551,,129,,117.4
2648,7.0482,,129,,117
2649,7.05087,,129,,116.6
2650,7.05341,,128,,116.2
2651,7.05608,,128,,115.8
2652,7.05868,,128,,115.6
2653,7.06131,,127,,115.2
2654,7.06406,,127,,115
2655,7.06676,,127,,114.8
2656,7.06939,,127,,114.4
2657,7.07217,,127,,114
2658,7.07506,,127,,113.8
2659,7.07783,,126,,113.4
2660,7.08053,,126,,113.2
2661,7.08304,,126,,112.8
2662,7.08543,,126,,112.6
2663,7.08773,,125,,112.2
2664,7.09002,,125,,112
2665,7.09231,,125,,111.4
2666,7.09438,,125,,111
2667,7.09701,,125,,110.4
2668,7.09929,,126,,110
2669,7.10166,,126,,109.6
2670,7.10398,,127,,109.2
2671,7.10628,,127,,108.8
2672,7.10882,,127,,108.6
2673,7.11152,,127,,108.4
2674,7.11411,,128,,108
2675,7.11622,,128,,107.8
2676,7.11832,,129,,107.8
2677,7.12052,,129,,107.4
2678,7.12249,,129,,107.4
2679,7.1244,,131,,107.4
2680,7.12662,,131,,107.2
2681,7.12866,,131,,107
2682,7.13078,,132,,107
2683,7.13274,,133,,106.8
2684,7.13499,,133,,106.6
2685,7.13715,,133,,106.4
2686,7.13926,,134,,106.2
2687,7.14156,,134,,105.8
2688,7.14403,,134,,105.6
2689,7.14618,,135,,105.2
2690,7.14852,,136,,105
2691,7.15072,,137,,104.8
2692,7.15318,,137,,104.6
2693,7.15589,,138,,104.4
2694,7.15859,,138,,104.2
2695,7.16129,,139,,104
2696,7.16422,,139,,103.8
2697,7.16733,,139,,103.8
2698,7.17008,,140,,103.8
2699,7.17265,,141,,103.8
2700,7.17511,,141,,103.8
2701,7.17783,,142,,104
2702,7.18054,,142,,104.2
2703,7.18297,,142,,104.4
2704,7.18526,,143,,104.6
2705,7.18743,,143,,104.8
2706,7.18989,,144,,105.2
2707,7.19253,,143,,105.6
2708,7.19474,,144,,105.8
2709,7.19692,,144,,106
2710,7.19951,,144,,106.4
2711,7.20208,,144,,106.4
2712,7.20468,,144,,106.8
2713,7.20698,,144,,107
2714,7.20951,,145,,107.2
2715,7.21232,,144,,107.4
2716,7.2154,,145,,107.6
2717,7.21819,,145,,108
2718,7.22073,,145,,108.2
2719,7.22359,,145,,108.4
2720,7.22641,,145,,108.6
2721,7.22912,,145,,108.8
2722,7.23166,,146,,108.8
2723,7.2342,,145,,108.8
2724,7.23679,,146,,108.8
2725,7.23953,,146,,108.8
2726,7.24231,,146,,108.8
2727,7.2447,,146,,109
2728,7.24683,,146,,109
2729,7.24937,,146,,109
2730,7.25189,,146,,109.2
2731,7.25446,,146,,109.2
2732,7.25728,,146,,109.4
2733,7.25982,,146,,109.4
2734,7.26252,,146,,109.4
2735,7.26536,,146,,109.4
2736,7.26812,,146,,109.4
2737,7.27071,,146,,109.6
2738,7.27304,,146,,109.6
2739,7.2755,,146,,109.6
2740,7.27826,,146,,109.6
2741,7.2811,,146,,109.4
2742,7.28398,,146,,109.8
2743,7.28662,,146,,110
2744,7.2888,,146,,110.2
2745,7.29115,,146,,110.4
2746,7.29351,,145,,110.6
2747,7.296,,145,,110.8
2748,7.29819,,145,,111
2749,7.30057,,145,,111
2750,7.30287,,145,,111
2751,7.30509,,145,,111.2
2752,7.30749,,145,,111.4
2753,7.30999,,145,,111.6
2754,7.31256,,145,,111.8
2755,7.31506,,145,,112
2756,7.31764,,145,,112
2757,7.32027,,145,,112.2
2758,7.32295,,144,,112.4
2759,7.3258,,145,,112.6
2760,7.32875,,144,,112.6
2761,7.33198,,145,,112.6
2762,7.3351,,145,,112.6
2763,7.33764,,145,,112.4
2764,7.34031,,145,,112.2
2765,7.34312,,144,,112
2766,7.3462,,144,,111.8
2767,7.34889,,144,,111.6
2768,7.35162,,144,,111.4
2769,7.35446,,144,,111.2
2770,7.35737,,144,,111
2771,7.36037,,144,,111
2772,7.36315,,143,,110.8
2773,7.36593,,143,,110.6
2774,7.36871,,143,,110.4
2775,7.37133,,143,,110.2
2776,7.37417,,143,,110
2777,7.37688,,143,,110.2
2778,7.37967,,143,,110.6
2779,7.38283,,142,,111
2780,7.38549,,143,,111.2
2781,7.38801,,142,,111.4
2782,7.3905,,142,,111.6
2783,7.3931,,143,,111.8
2784,7.39582,,143,,111.8
2785,7.39834,,143,,112
2786,7.40127,,143,,112.2
2787,7.40384,,143,,112.2
2788,7.40638,,143,,112.2
2789,7.40898,,143,,112.2
2790,7.41142,,143,,112.2
2791,7.414,,144,,112.4
2792,7.41639,,144,,112.4
2793,7.4189,,144,,112.6
2794,7.42167,,144,,112.6
2795,7.42433,,144,,112.6
2796,7.42712,,144,,112.6
2797,7.42974,,144,,112.8
2798,7.43231,,144,,112.8
2799,7.43503,,144,,113
2800,7.43766,,145,,113
2801,7.44042,,144,,113
2802,7.44297,,145,,113
2803,7.44542,,145,,113
2804,7.44807,,145,,113
2805,7.45072,,145,,112.8
2806,7.4535,,144,,112.8
2807,7.45618,,145,,112.8
2808,7.45864,,145,,112.6
2809,7.46119,,145,,112.6
2810,7.46345,,144,,112.6
2811,7.46571,,144,,112.4
2812,7.46817,,145,,112.4
2813,7.47061,,144,,112.4
2814,7.47308,,144,,112.4
2815,7.47534,,144,,112.2
2816,7.47755,,144,,112.2
2817,7.47979,,144,,112.2
2818,7.48214,,144,,112.2
2819,7.48457,,143,,112
2820,7.48713,,144,,112
2821,7.48968,,144,,112
2822,7.49226,,144,,112
2823,7.49488,,143,,112
2824,7.49759,,143,,112
2825,7.50038,,143,,111.8
2826,7.5032,,143,,111.6
2827,7.50569,,143,,111.6
2828,7.50841,,143,,111.4
2829,7.5109,,143,,111.2
2830,7.51332,,143,,111
2831,7.51581,,143,,110.8
2832,7.51837,,144,,110.6
2833,7.52101,,143,,110.4
2834,7.52345,,143,,110.2
2835,7.52594,,143,,110.2
2836,7.52849,,142,,110
2837,7.53112,,142,,109.8
2838,7.53356,,142,,109.6
2839,7.5361,,142,,109.6
2840,7.53884,,142,,109.4
2841,7.54133,,142,,109.2
2842,7.5437,,142,,109
2843,7.54598,,142,,109
2844,7.54839,,142,,108.8
2845,7.55069,,142,,108.8
2846,7.55286,,141,,108.6
2847,7.5552,,142,,108.6
2848,7.5574,,142,,108.6
2849,7.55965,,142,,108.6
2850,7.56141,,141,,108.6
2851,7.56366,,142,,108.6
2852,7.56608,,141,,108.6
2853,7.56866,,141,,108.6
2854,7.57124,,142,,108.6
2855,7.57387,,142,,108.6
2856,7.57667,,142,,108.6
2857,7.57926,,142,,108.6
2858,7.58178,,142,,108.6
2859,7.5842,,142,,108.6
2860,7.58654,,142,,108.6
2861,7.58898,,142,,108.4
2862,7.59126,,142,,108.4
2863,7.59366,,142,,108.4
2864,7.5966,,142,,108.4
2865,7.59941,,142,,108.4
2866,7.60208,,142,,108.4
2867,7.60474,,142,,108.4
2868,7.60731,,142,,108.4
2869,7.61001,,142,,108.4
2870,7.61263,,142,,108.6
2871,7.61542,,142,,108.6
2872,7.61842,,142,,108.8
2873,7.62146,,141,,108.8
2874,7.62438,,141,,109
2875,7.62704,,140,,109.2
2876,7.62951,,140,,109.2
2877,7.63199,,140,,109.4
2878,7.6347,,140,,109.4
2879,7.63731,,140,,109.6
2880,7.63987,,140,,109.6
2881,7.64292,,140,,109.6
2882,7.64549,,140,,109.8
2883,7.64789,,140,,109.8
2884,7.65054,,140,,110
2885,7.65271,,141,,110
2886,7.65477,,141,,110.2
2887,7.65724,,141,,110.2
2888,7.65943,,141,,110.4
2889,7.66177,,141,,110.4
2890,7.66431,,141,,110.6
2891,7.66683,,141,,110.6
2892,7.66955,,141,,110.8
2893,7.67241,,141,,111
2894,7.67488,,141,,111
2895,7.67733,,141,,111.2
2896,7.68002,,141,,111.2
2897,7.6826,,141,,111.4
2898,7.68514,,141,,111.6
2899,7.68744,,141,,111.8
2900,7.68967,,141,,111.8
2901,7.69206,,141,,112
2902,7.69415,,141,,112
2903,7.69626,,141,,112.2
2904,7.69825,,141,,112.4
2905,7.7004,,141,,112.6
2906,7.70244,,141,,112.6
2907,7.70433,,141,,112.8
2908,7.70624,,141,,112.8
2909,7.70865,,141,,113
2910,7.71105,,141,,113
2911,7.71298,,140,,113.2
2912,7.71506,,140,,113.2
2913,7.71725,,141,,113.4
2914,7.71934,,140,,113.6
2915,7.7215,,140,,113.6
2916,7.72356,,140,,113.8
2917,7.72533,,141,,113.8
2918,7.72739,,141,,113.8
2919,7.72958,,141,,114
2920,7.73239,,140,,114
2921,7.73526,,140,,114.2
2922,7.7381,,140,,114.2
2923,7.74117,,140,,114.4
2924,7.74424,,140,,114.6
2925,7.74719,,139,,114.8
2926,7.74976,,139,,114.8
2927,7.75261,,140,,115
2928,7.75531,,140,,114.8
2929,7.75779,,140,,114.8
2930,7.76039,,140,,114.8
2931,7.76289,,140,,114.8
2932,7.76565,,140,,114.8
2933,7.76848,,140,,114.8
2934,7.77122,,139,,114.8
2935,7.77404,,139,,114.8
2936,7.77698,,139,,114.8
2937,7.77977,,139,,114.8
2938,7.78261,,139,,114.8
2939,7.78551,,139,,114.8
2940,7.78848,,139,,114.8
2941,7.79137,,139,,114.8
2942,7.79408,,139,,114.8
2943,7.79701,,139,,114.8
2944,7.79981,,140,,114.8
2945,7.80262,,140,,115
2946,7.80528,,140,,115
2947,7.80773,,140,,115
2948,7.81028,,140,,115.2
2949,7.81275,,140,,115.2
2950,7.81527,,141,,115.4
2951,7.81803,,140,,115.4
2952,7.82067,,140,,115.4
2953,7.82332,,140,,115.6
2954,7.82584,,141,,115.6
2955,7.82866,,141,,115.6
2956,7.8312,,141,,115.6
2957,7.83389,,141,,115.8
2958,7.83668,,141,,115.8
2959,7.83959,,141,,115.8
2960,7.84224,,141,,115.8
2961,7.84506,,141,,116
2962,7.84816,,141,,116
2963,7.85139,,141,,116
2964,7.85457,,141,,116
2965,7.85769,,141,,116
2966,7.86058,,141,,116
2967,7.86337,,141,,116
2968,7.86619,,141,,116
2969,7.86886,,141,,116
2970,7.8717,,141,,116
2971,7.87451,,141,,116
2972,7.87724,,141,,116
2973,7.87987,,140,,116
2974,7.88247,,141,,116
2975,7.88516,,141,,116
2976,7.88795,,141,,116
2977,7.89055,,141,,116
2978,7.8933,,140,,116
2979,7.89598,,141,,115.8
2980,7.8986,,141,,115.8
2981,7.90149,,141,,115.6
2982,7.90447,,141,,115.4
2983,7.90756,,141,,115.2
2984,7.9103,,141,,115
2985,7.9131,,141,,114.8
2986,7.91591,,141,,114.6
2987,7.91848,,141,,114.4
2988,7.92106,,141,,114.2
2989,7.9235,,141,,114.2
2990,7.9259,,141,,114
2991,7.9284,,141,,113.8
2992,7.93088,,141,,113.8
2993,7.93339,,141,,113.6
2994,7.93578,,141,,113.4
2995,7.93813,,141,,113.2
2996,7.94047,,141,,113
2997,7.94284,,141,,112.8
2998,7.9454,,141,,112.8
2999,7.9481,,141,,112.6
3000,7.95067,,141,,112.4
3001,7.95333,,141,,112.2
3002,7.95604,,141,,112
3003,7.95891,,142,,111.8
3004,7.96158,,142,,111.6
3005,7.96439,,141,,111.4
3006,7.96729,,142,,111.2
3007,7.97003,,141,,111
3008,7.97278,,142,,110.8
3009,7.97536,,142,,110.8
3010,7.97815,,142,,110.6
3011,7.98095,,143,,110.4
3012,7.98362,,143,,110.4
3013,7.98642,,143,,110.2
3014,7.98913,,143,,110
3015,7.99186,,143,,110
3016,7.9946,,143,,110
3017,7.99723,,144,,109.8
3018,7.99983,,144,,109.8
3019,8.00238,,144,,109.8
3020,8.00498,,144,,109.6
3021,8.0077,,144,,109.6
3022,8.01027,,144,,109.6
3023,8.01298,,144,,109.6
3024,8.01544,,144,,109.4
3025,8.0181,,145,,109.4
3026,8.02076,,144,,109.4
3027,8.02347,,145,,109.2
3028,8.02619,,144,,109.2
3029,8.02869,,144,,109
3030,8.03139,,145,,109
3031,8.03394,,144,,108.8
3032,8.03661,,144,,108.8
3033,8.03945,,144,,108.6
3034,8.0423,,144,,108.6
3035,8.04525,,144,,108.4
3036,8.04806,,144,,108.6
3037,8.0508,,144,,108.6
3038,8.0536,,145,,108.6
3039,8.05653,,145,,108.8
3040,8.0596,,145,,108.8
3041,8.06254,,145,,108.8
3042,8.06548,,145,,109
3043,8.0682,,145,,109
3044,8.07094,,145,,109
3045,8.0736,,145,,109
3046,8.07607,,145,,109
3047,8.07861,,144,,109
3048,8.08122,,145,,109
3049,8.08389,,144,,109.2
3050,8.08664,,144,,109.4
3051,8.08945,,144,,109.8
3052,8.09211,,145,,110
3053,8.09481,,145,,110.2
3054,8.09768,,145,,110.6
3055,8.10052,,145,,110.8
3056,8.10336,,145,,111.2
3057,8.10614,,145,,111.4
3058,8.10843,,145,,111.8
3059,8.11079,,145,,112
3060,8.11323,,145,,112.2
3061,8.11549,,146,,112.6
3062,8.11791,,145,,112.8
3063,8.11969,,146,,113
3064,8.12162,,146,,113.2
3065,8.12395,,146,,113.4
3066,8.12661,,146,,113.8
3067,8.12934,,146,,114
3068,8.1318,,146,,114.4
3069,8.13425,,146,,114.6
3070,8.13688,,146,,114.8
3071,8.13959,,147,,115.2
3072,8.14258,,146,,115.6
3073,8.1454,,146,,116
3074,8.1483,,146,,116.2
3075,8.1513,,146,,116.6
3076,8.15484,,146,,116.8
3077,8.15815,,146,,117.2
3078,8.16178,,146,,117.4
3079,8.16487,,146,,117.6
3080,8.16773,,146,,118
3081,8.17057,,145,,118.2
3082,8.17328,,146,,118.6
3083,8.17616,,146,,118.8
3084,8.179,,146,,118.8
3085,8.18181,,146,,119
3086,8.18471,,146,,119
3087,8.18744,,146,,119.2
3088,8.19001,,146,,119.4
3089,8.19264,,146,,119.8
3090,8.19515,,146,,120.2
3091,8.19785,,146,,120.4
3092,8.20057,,146,,120.8
3093,8.2034,,146,,121.2
3094,8.20599,,146,,121.6
3095,8.20867,,146,,122
3096,8.21126,,146,,122.2
3097,8.21368,,147,,122.6
3098,8.21584,,147,,122.8
3099,8.21799,,147,,123.2
3100,8.22035,,147,,123.4
3101,8.22285,,147,,123.8
3102,8.22536,,148,,124
3103,8.22769,,148,,124.2
3104,8.2301,,147,,124.4
3105,8.23236,,148,,124.4
3106,8.23449,,148,,124.4
3107,8.23654,,147,,124.4
3108,8.23875,,148,,124.4
3109,8.24107,,148,,124.6
3110,8.24348,,148,,124.6
3111,8.24585,,148,,124.8
3112,8.24797,,148,,124.8
3113,8.25043,,148,,125
3114,8.25293,,150,,125.2
3115,8.25512,,150,,125.4
3116,8.25712,,148,,125.6
3117,8.25904,,147,,125.8
3118,8.26117,,147,,125.8
3119,8.26328,,147,,126
3120,8.26555,,147,,126
3121,8.26814,,148,,126.2
3122,8.27081,,147,,126.4
3123,8.27335,,147,,126.6
3124,8.27601,,147,,126.8
3125,8.27846,,146,,126.8
3126,8.28111,,146,,127
3127,8.28392,,146,,127
3128,8.28657,,146,,127
3129,8.28941,,145,,126.8
3130,8.29217,,146,,126.8
3131,8.29501,,146,,126.8
3132,8.29789,,145,,126.8
3133,8.30067,,145,,126.4
3134,8.3037,,145,,126.2
3135,8.3065,,145,,125.8
3136,8.30953,,145,,125.4
3137,8.31256,,145,,125
3138,8.31575,,145,,124.8
3139,8.31878,,144,,124.4
3140,8.32172,,144,,124
3141,8.32481,,145,,123.8
3142,8.32751,,144,,123.4
3143,8.33029,,144,,123.2
3144,8.33311,,144,,122.8
3145,8.33589,,144,,122.8
3146,8.33871,,144,,122.6
3147,8.34164,,144,,122.4
3148,8.34467,,144,,122.2
3149,8.34771,,144,,122
3150,8.35071,,143,,121.8
3151,8.35382,,143,,121.6
3152,8.35661,,143,,121.4
3153,8.35928,,143,,121.4
3154,8.36187,,144,,121.4
3155,8.36466,,143,,121.2
3156,8.36735,,143,,121.2
3157,8.3701,,143,,121
3158,8.3727,,143,,121
3159,8.37551,,143,,120.8
3160,8.37822,,142,,120.8
3161,8.38091,,143,,120.6
3162,8.38376,,143,,120.6
3163,8.38642,,143,,120.6
3164,8.38934,,143,,120.8
3165,8.39233,,142,,121
3166,8.39507,,142,,121
3167,8.39795,,142,,121.2
3168,8.40074,,143,,121.4
3169,8.40343,,142,,121.4
3170,8.40613,,142,,121.6
3171,8.40875,,143,,121.6
3172,8.41142,,142,,121.8
3173,8.41406,,143,,121.8
3174,8.4168,,142,,122
3175,8.41967,,142,,122
3176,8.42243,,142,,122.2
3177,8.42517,,142,,122.4
3178,8.42783,,143,,122.6
3179,8.43059,,143,,122.8
3180,8.43341,,143,,123
3181,8.4362,,143,,123
3182,8.43911,,143,,123.2
3183,8.44195,,144,,123.4
3184,8.44459,,143,,123.4
3185,8.44729,,144,,123.6
3186,8.44979,,143,,123.6
3187,8.45243,,143,,123.8
3188,8.45516,,144,,124
3189,8.45754,,144,,124.2
3190,8.45993,,144,,124.2
3191,8.46244,,144,,124.4
3192,8.46494,,144,,124.6
3193,8.46749,,144,,124.8
3194,8.46993,,143,,125
3195,8.47242,,143,,125
3196,8.47477,,143,,125.2
3197,8.47714,,143,,125.4
3198,8.47969,,143,,125.6
3199,8.48199,,143,,125.6
3200,8.48443,,143,,125.8
3201,8.48684,,144,,126
3202,8.48942,,143,,126.2
3203,8.49188,,144,,126.2
3204,8.49444,,144,,126.2
3205,8.49721,,144,,126.4
3206,8.49985,,144,,126.4
3207,8.50252,,144,,126.4
3208,8.50506,,144,,126.6
3209,8.50741,,144,,126.6
3210,8.50977,,144,,126.6
3211,8.5121,,144,,126.8
3212,8.5143,,144,,126.8
3213,8.51644,,144,,126.8
3214,8.51863,,144,,127
3215,8.52081,,144,,127
3216,8.52318,,143,,127
3217,8.52541,,143,,127.2
3218,8.52792,,143,,127.2
3219,8.53055,,144,,127.2
3220,8.53328,,143,,127.4
3221,8.53586,,143,,127.4
3222,8.53861,,143,,127.6
3223,8.54139,,143,,127.6
3224,8.54413,,144,,127.8
3225,8.54666,,144,,127.8
3226,8.54919,,143,,127.8
3227,8.5515,,143,,127.6
3228,8.55392,,143,,127.6
3229,8.55676,,143,,127.6
3230,8.55965,,143,,127.6
3231,8.56265,,143,,127.4
3232,8.56537,,143,,127.4
3233,8.56812,,143,,127.4
3234,8.57089,,143,,127.2
3235,8.57361,,143,,127.2
3236,8.57632,,143,,127.2
3237,8.57891,,143,,127.2
3238,8.58174,,142,,127.2
3239,8.5846,,143,,127.2
3240,8.58749,,142,,127.2
3241,8.59017,,143,,127
3242,8.59261,,142,,127
3243,8.5953,,142,,127
3244,8.59802,,142,,127
3245,8.60043,,142,,127
3246,8.60286,,142,,127.2
3247,8.60517,,142,,127.2
3248,8.6073,,142,,127.2
3249,8.6097,,142,,127.4
3250,8.6122,,143,,127.4
3251,8.61492,,143,,127.4
3252,8.61721,,143,,127.4
3253,8.61973,,143,,127.6
3254,8.62209,,144,,127.6
3255,8.62437,,143,,127.6
3256,8.62645,,143,,127.8
3257,8.62863,,143,,127.8
3258,8.63101,,143,,127.8
3259,8.63305,,144,,128
3260,8.63484,,143,,128
3261,8.63725,,144,,128
3262,8.63984,,143,,128
3263,8.64284,,143,,128.2
3264,8.64563,,143,,128.2
3265,8.64822,,143,,128.2
3266,8.65112,,144,,128.4
3267,8.65396,,143,,128.4
3268,8.65694,,143,,128.4
3269,8.65983,,144,,128.4
3270,8.66234,,144,,128.6
3271,8.66476,,144,,128.6
3272,8.66712,,144,,128.6
3273,8.66942,,144,,128.6
3274,8.67179,,144,,128.8
3275,8.67398,,144,,128.8
3276,8.67656,,144,,128.8
3277,8.67899,,144,,128.8
3278,8.68171,,144,,128.8
3279,8.68429,,144,,128.8
3280,8.68673,,144,,129
3281,8.68934,,144,,129
3282,8.69209,,144,,129
3283,8.69525,,144,,129
3284,8.69802,,144,,129
3285,8.70065,,143,,129.2
3286,8.70334,,143,,129.2
3287,8.70601,,143,,129.2
3288,8.70859,,144,,129.4
3289,8.71102,,143,,129.4
3290,8.71344,,143,,129.6
3291,8.71598,,143,,129.6
3292,8.71852,,143,,129.6
3293,8.72135,,143,,129.8
3294,8.72376,,143,,129.8
3295,8.72627,,143,,129.8
3296,8.72907,,143,,130
3297,8.73191,,143,,130
3298,8.73474,,143,,130
3299,8.73734,,143,,130.2
3300,8.73965,,143,,130.2
3301,8.74208,,143,,130.2
3302,8.7449,,143,,130.2
3303,8.7478,,143,,130.4
3304,8.75061,,143,,130.4
3305,8.75341,,143,,130.4
3306,8.75624,,143,,130.6
3307,8.75897,,143,,130.8
3308,8.76185,,143,,130.8
3309,8.76491,,142,,131
3310,8.76779,,143,,131
3311,8.77077,,143,,131.2
3312,8.77364,,143,,131.2
3313,8.77645,,143,,131.4
3314,8.77951,,143,,131.4
3315,8.7825,,143,,131.4
3316,8.78545,,142,,131.6
3317,8.78824,,143,,131.6
3318,8.79098,,142,,131.6
3319,8.79378,,143,,131.6
3320,8.79663,,143,,131.6
3321,8.79931,,143,,131.8
3322,8.80215,,142,,131.6
3323,8.80476,,142,,131.6
3324,8.8074,,143,,131.4
3325,8.81013,,143,,131.4
3326,8.81291,,143,,131.2
3327,8.81575,,143,,131.2
3328,8.8184,,143,,131.2
3329,8.82087,,143,,131
3330,8.82333,,143,,131
3331,8.82581,,142,,131
3332,8.82847,,142,,131
3333,8.83112,,142,,130.8
3334,8.83386,,143,,130.8
3335,8.83661,,142,,130.8
3336,8.83932,,142,,130.8
3337,8.84224,,142,,130.6
3338,8.845,,142,,130.6
3339,8.84767,,142,,130.6
3340,8.85019,,142,,130.6
3341,8.8526,,142,,130.4
3342,8.85511,,142,,130.2
3343,8.8577,,141,,130.2
3344,8.8604,,141,,130
3345,8.86329,,141,,129.8
3346,8.8661,,141,,129.6
3347,8.8689,,141,,129.4
3348,8.87168,,141,,129.2
3349,8.87437,,142,,129.2
3350,8.87713,,141,,129
3351,8.87987,,141,,128.8
3352,8.88275,,142,,128.6
3353,8.88559,,141,,128.4
3354,8.88831,,141,,128.2
3355,8.89125,,141,,128
3356,8.89409,,141,,127.8
3357,8.89693,,142,,127.6
3358,8.89976,,142,,127.4
3359,8.9025,,141,,127.4
3360,8.90531,,141,,127.4
3361,8.90803,,141,,127.2
3362,8.9105,,141,,127.2
3363,8.91312,,141,,127.2
3364,8.91561,,141,,127.2
3365,8.91809,,141,,127.2
3366,8.92054,,141,,127
3367,8.92289,,141,,127
3368,8.92532,,140,,127
3369,8.92763,,139,,127
3370,8.93004,,140,,127
3371,8.93257,,140,,127
3372,8.93488,,139,,127
3373,8.93731,,139,,127
3374,8.93981,,139,,127
3375,8.94237,,138,,127
3376,8.94487,,138,,127
3377,8.94722,,138,,127
3378,8.9497,,135,,126.8
3379,8.95239,,135,,127
3380,8.95507,,133,,127
3381,8.95781,,131,,127
3382,8.96054,,127,,127
3383,8.96352,,127,,127
3384,8.96645,,122,,127
3385,8.96917,,120,,127
3386,8.97201,,119,,127
3387,8.97468,,117,,127
3388,8.97714,,117,,127
3389,8.97987,,117,,127
3390,8.98254,,115,,127
3391,8.98543,,114,,127
3392,8.98833,,113,,127
3393,8.99095,,114,,127
3394,8.99332,,115,,127
3395,8.99558,,116,,127
3396,8.99824,,119,,127
3397,9.00094,,122,,127
3398,9.0035,,130,,127
3399,9.00628,,132,,127
3400,9.00903,,135,,127.2
3401,9.01184,,137,,127.2
3402,9.01484,,139,,127.2
3403,9.01772,,139,,127.2
3404,9.02071,,140,,127.2
3405,9.02339,,141,,127.2
3406,9.02604,,142,,127.4
3407,9.02868,,143,,127.4
3408,9.03123,,143,,127.4
3409,9.03387,,144,,127.4
3410,9.03638,,145,,127.4
3411,9.03905,,146,,127.4
3412,9.04165,,146,,127.4
3413,9.04416,,146,,127.4
3414,9.04692,,147,,127.4
3415,9.04949,,146,,127.4
3416,9.0522,,146,,127.6
3417,9.05487,,146,,127.6
3418,9.05767,,146,,127.8
3419,9.06052,,147,,127.8
3420,9.06339,,147,,128
3421,9.06626,,146,,128
3422,9.06896,,146,,128.2
3423,9.07167,,146,,128.2
3424,9.07434,,146,,128.4
3425,9.07685,,146,,128.4
3426,9.07941,,146,,128.6
3427,9.08206,,146,,128.6
3428,9.0847,,145,,128.8
3429,9.08737,,145,,128.8
3430,9.08994,,145,,129
3431,9.09258,,145,,129
3432,9.09538,,145,,129
3433,9.09815,,145,,129
3434,9.10077,,145,,129
3435,9.10331,,145,,129.2
3436,9.10591,,145,,129.4
3437,9.10842,,145,,129.4
3438,9.11079,,145,,129.6
3439,9.11317,,145,,129.6
3440,9.11551,,145,,129.8
3441,9.11796,,145,,130
3442,9.12054,,145,,130
3443,9.12309,,144,,130.2
3444,9.12559,,145,,130.4
3445,9.12809,,145,,130.4
3446,9.13056,,144,,130.6
3447,9.13293,,143,,130.6
3448,9.13544,,143,,130.8
3449,9.13798,,143,,130.8
3450,9.14073,,142,,131
3451,9.14336,,142,,131
3452,9.14606,,143,,131.2
3453,9.14871,,142,,131.2
3454,9.15131,,143,,131.2
3455,9.15393,,143,,131.4
3456,9.15651,,142,,131.4
3457,9.15917,,143,,131.6
3458,9.16175,,142,,131.6
3459,9.16428,,142,,131.8
3460,9.16686,,142,,131.8
3461,9.1694,,142,,132
3462,9.17194,,143,,132
3463,9.17448,,143,,132.2
3464,9.17691,,143,,132.2
3465,9.1794,,142,,132.4
3466,9.182,,143,,132.6
3467,9.18471,,143,,132.6
3468,9.18735,,143,,132.6
3469,9.18997,,143,,132.8
3470,9.19268,,144,,133
3471,9.19535,,146,,133
3472,9.19819,,146,,133
3473,9.20084,,144,,133.2
3474,9.20344,,144,,133.4
3475,9.20627,,144,,133.6
3476,9.20878,,144,,133.8
3477,9.21148,,144,,133.8
3478,9.21391,,144,,133.8
3479,9.21625,,144,,134
3480,9.21885,,144,,134
3481,9.22127,,145,,134
3482,9.22379,,144,,134.2
3483,9.22616,,144,,134.2
3484,9.22862,,144,,134.4
3485,9.23112,,144,,134.4
3486,9.23356,,144,,134.6
3487,9.23602,,144,,134.6
3488,9.23843,,144,,134.8
3489,9.24099,,144,,134.8
3490,9.24359,,144,,134.8
3491,9.24593,,144,,135
3492,9.24829,,143,,135
3493,9.2507,,143,,135.2
3494,9.2531,,144,,135.4
3495,9.25547,,144,,135.4
3496,9.25781,,144,,135.4
3497,9.26032,,143,,135.6
3498,9.26284,,143,,135.6
3499,9.26525,,143,,135.8
3500,9.26784,,143,,135.8
3501,9.27031,,143,,135.8
3502,9.27275,,143,,135.8
3503,9.27538,,143,,135.8
3504,9.27771,,143,,135.8
3505,9.28015,,143,,135.6
3506,9.28244,,142,,135.6
3507,9.28486,,142,,135.6
3508,9.2876,,142,,135.4
3509,9.28989,,142,,135.4
3510,9.29234,,141,,135.2
3511,9.29492,,141,,135
3512,9.29735,,141,,134.8
3513,9.29988,,141,,134.8
3514,9.30208,,141,,134.6
3515,9.30407,,141,,134.4
3516,9.30642,,142,,134.4
3517,9.3085,,141,,134.2
3518,9.31093,,141,,134
3519,9.3134,,142,,133.8
3520,9.31593,,142,,133.6
3521,9.31855,,142,,133.4
3522,9.32098,,142,,133.2
3523,9.32343,,142,,133
3524,9.32598,,142,,132.8
3525,9.32824,,142,,132.6
3526,9.33087,,142,,132.4
3527,9.33342,,142,,132.4
3528,9.3359,,142,,132.2
3529,9.3386,,142,,132.2
3530,9.34115,,142,,132
3531,9.34391,,142,,131.8
3532,9.3465,,142,,131.8
3533,9.34938,,142,,131.6
3534,9.35227,,142,,131.6
3535,9.35472,,142,,131.4
3536,9.35752,,142,,131.4
3537,9.3601,,142,,131.2
3538,9.36271,,142,,131
3539,9.3653,,142,,131
3540,9.36802,,142,,130.8
3541,9.37107,,142,,130.6
3542,9.37378,,142,,130.6
3543,9.3763,,143,,130.4
3544,9.37886,,143,,130.2
3545,9.38107,,143,,130.2
3546,9.38344,,143,,130
3547,9.38591,,143,,130
3548,9.38839,,143,,129.8
3549,9.39075,,143,,129.6
3550,9.39281,,144,,129.4
3551,9.39487,,143,,129.2
3552,9.39728,,143,,129
3553,9.39972,,143,,129
3554,9.40248,,143,,128.8
3555,9.40506,,143,,128.6
3556,9.40773,,143,,128.4
3557,9.41038,,143,,128.2
3558,9.41294,,143,,128
3559,9.41569,,143,,127.8
3560,9.41836,,142,,127.8
3561,9.4209,,142,,127.8
3562,9.42363,,142,,127.8
3563,9.42629,,142,,127.8
3564,9.42901,,142,,127.8
3565,9.43172,,143,,127.8
3566,9.43422,,143,,127.8
3567,9.43689,,143,,127.8
3568,9.43932,,143,,127.8
3569,9.44185,,143,,127.8
3570,9.44418,,143,,127.8
3571,9.44681,,142,,127.8
3572,9.44929,,143,,127.8
3573,9.45158,,143,,127.8
3574,9.45386,,143,,127.8
3575,9.4561,,144,,127.8
3576,9.45855,,143,,127.8
3577,9.46111,,143,,127.8
3578,9.46356,,143,,127.8
3579,9.46647,,143,,127.8
3580,9.46903,,143,,127.8
3581,9.47125,,143,,127.8
3582,9.47357,,142,,127.8
3583,9.47556,,142,,127.8
3584,9.47792,,143,,128
3585,9.48005,,142,,128.4
3586,9.48212,,142,,128.6
3587,9.48481,,142,,128.8
3588,9.4872,,142,,129
3589,9.48943,,142,,129.4
3590,9.49165,,142,,129.6
3591,9.49403,,142,,129.8
3592,9.49672,,142,,130.2
3593,9.49951,,142,,130.4
3594,9.50251,,143,,130.8
3595,9.50514,,142,,131
3596,9.50773,,143,,131.2
3597,9.51055,,142,,131.6
3598,9.5133,,143,,131.8
3599,9.5162,,142,,132
3600,9.51889,,142,,132.4
3601,9.52154,,142,,132.6
3602,9.52421,,142,,132.8
3603,9.52667,,142,,133
3604,9.52869,,142,,133.2
3605,9.53103,,142,,133.4
3606,9.53332,,142,,133.6
3607,9.53575,,142,,133.8
3608,9.53815,,142,,134
3609,9.5404,,142,,134.2
3610,9.54315,,142,,134.6
3611,9.5456,,142,,134.8
3612,9.54775,,142,,135.2
3613,9.55038,,142,,135.4
3614,9.55254,,142,,135.6
3615,9.55503,,141,,136
3616,9.55755,,141,,136.2
3617,9.55984,,141,,136.6
3618,9.56238,,141,,136.8
3619,9.56491,,141,,137.2
3620,9.56747,,141,,137.4
3621,9.5701,,140,,137.8
3622,9.57261,,140,,138
3623,9.57523,,140,,138.4
3624,9.57802,,141,,138.6
3625,9.58071,,140,,139
3626,9.5838,,140,,139.4
3627,9.58673,,141,,139.8
3628,9.58964,,141,,140.4
3629,9.59255,,141,,140.8
3630,9.59532,,140,,141.2
3631,9.59816,,141,,141.8
3632,9.60078,,141,,142.2
3633,9.60311,,141,,142.6
3634,9.6056,,141,,143
3635,9.60812,,141,,143.4
3636,9.61066,,141,,144
3637,9.61298,,141,,144.4
3638,9.61526,,141,,144.8
3639,9.61802,,140,,145.2
3640,9.62048,,140,,145.8
3641,9.62345,,140,,146.2
3642,9.62621,,140,,146.8
3643,9.62895,,141,,147.2
3644,9.63182,,141,,147.6
3645,9.6346,,141,,148.2
3646,9.63724,,141,,148.6
3647,9.63949,,141,,149
3648,9.64141,,141,,149.4
3649,9.64349,,141,,149.8
3650,9.64575,,141,,150.2
3651,9.6482,,141,,150.6
3652,9.65085,,141,,151.2
3653,9.65337,,142,,151.6
3654,9.6558,,142,,152
3655,9.6583,,141,,152.4
3656,9.6605,,141,,152.8
3657,9.66307,,142,,153.2
3658,9.66534,,142,,153.6
3659,9.66771,,142,,154
3660,9.67032,,142,,154.6
3661,9.67286,,142,,155
3662,9.67587,,142,,155.4
3663,9.6786,,142,,155.8
3664,9.68137,,142,,156.4
3665,9.68405,,142,,156.8
3666,9.68675,,142,,157
3667,9.68946,,141,,157.2
3668,9.69236,,141,,157.2
3669,9.69504,,141,,157.4
3670,9.69795,,142,,157.4
3671,9.70065,,142,,157.6
3672,9.70325,,142,,157.6
3673,9.70596,,142,,157.8
3674,9.70892,,142,,157.8
3675,9.71186,,142,,158
3676,9.71464,,142,,158
3677,9.71735,,142,,158.2
3678,9.7202,,142,,158.2
3679,9.72267,,142,,158.4
3680,9.72512,,142,,158.4
3681,9.72749,,142,,158.6
3682,9.72989,,142,,158.6
3683,9.73275,,143,,158.8
3684,9.73536,,142,,158.8
3685,9.7377,,143,,158.8
3686,9.7401,,143,,159
3687,9.74247,,143,,159
3688,9.74503,,143,,159.2
3689,9.74736,,143,,159.2
3690,9.74945,,143,,159.4
3691,9.75203,,144,,159.4
3692,9.75407,,144,,159.4
3693,9.75625,,144,,159.6
3694,9.75841,,144,,159.6
3695,9.76052,,144,,159.6
3696,9.76294,,145,,159.8
3697,9.76504,,144,,159.8
3698,9.76742,,145,,159.8
3699,9.76994,,145,,160
3700,9.77242,,145,,160
3701,9.7757,,145,,160.2
3702,9.77866,,145,,160.2
3703,9.78177,,145,,160.4
3704,9.78448,,144,,160.4
3705,9.78727,,144,,160.4
3706,9.79029,,144,,160.4
3707,9.79318,,145,,160.4
3708,9.79597,,144,,160.4
3709,9.7986,,144,,160.4
3710,9.80128,,144,,160.4
3711,9.80388,,143,,160.4
3712,9.80628,,143,,160.4
3713,9.80885,,143,,160.2
3714,9.81152,,143,,160.2
3715,9.81408,,143,,160.2
3716,9.81674,,143,,160.2
3717,9.81956,,142,,160.2
3718,9.82234,,142,,160.2
3719,9.82529,,142,,160.2
3720,9.8282,,141,,160.2
3721,9.83122,,142,,160.2
3722,9.83411,,142,,160.2
3723,9.83704,,141,,160.2
3724,9.84005,,141,,160.2
3725,9.84298,,141,,160.2
3726,9.84601,,141,,160.2
3727,9.84875,,141,,160.2
3728,9.85139,,140,,160.2
3729,9.85428,,140,,160.2
3730,9.85694,,141,,160
3731,9.85956,,141,,160
3732,9.86232,,141,,160
3733,9.86492,,140,,160
3734,9.86771,,140,,160
3735,9.87026,,140,,160.2
3736,9.87286,,140,,160.4
3737,9.87538,,140,,160.4
3738,9.87807,,140,,160.2
3739,9.88076,,140,,159.8
3740,9.88361,,140,,159.6
3741,9.88648,,140,,159.4
3742,9.88919,,139,,159.2
3743,9.89212,,140,,158.8
3744,9.89502,,140,,158.6
3745,9.89795,,140,,158.2
3746,9.90083,,140,,158
3747,9.90376,,140,,157.8
3748,9.90671,,140,,157.4
3749,9.90955,,141,,157.2
3750,9.91216,,141,,157
3751,9.91463,,141,,156.8
3752,9.91727,,141,,156.4
3753,9.92001,,141,,156.2
3754,9.92279,,142,,156
3755,9.92557,,141,,155.8
3756,9.92805,,142,,155.6
3757,9.93046,,142,,155.4
3758,9.93297,,142,,155.2
3759,9.93548,,142,,155
3760,9.93787,,142,,154.8
3761,9.94058,,142,,154.4
3762,9.94329,,143,,154.2
3763,9.9457,,142,,154
3764,9.94798,,143,,154
3765,9.95069,,143,,153.8
3766,9.95336,,143,,153.6
3767,9.95607,,143,,153.4
3768,9.95858,,143,,153.2
3769,9.96106,,144,,153.2
3770,9.96369,,143,,153
3771,9.96663,,144,,152.8
3772,9.9694,,144,,152.6
3773,9.97213,,144,,152.4
3774,9.97483,,144,,152.4
3775,9.9775,,144,,152.4
3776,9.98018,,144,,152.4
3777,9.98268,,144,,152.4
3778,9.98535,,145,,152.4
3779,9.98775,,145,,152.4
3780,9.99023,,145,,152.4
3781,9.9927,,145,,152.4
3782,9.99498,,145,,152.4
3783,9.99749,,145,,152.4
3784,10,,145,,152.4
3785,10.0024,,145,,152.4
3786,10.005,,145,,152.4
3787,10.0075,,145,,152.4
3788,10.0098,,145,,152.2
3789,10.0122,,145,,152
3790,10.0142,,145,,151.8
3791,10.0165,,145,,151.8
3792,10.019,,145,,151.6
3793,10.0216,,146,,151.4
3794,10.0243,,146,,151.2
3795,10.0267,,145,,151
3796,10.0291,,145,,150.8
3797,10.0318,,146,,150.6
3798,10.0344,,146,,150.4
3799,10.0368,,146,,150.4
3800,10.0389,,146,,150.2
3801,10.0413,,146,,150
3802,10.0439,,146,,149.8
3803,10.0464,,146,,149.6
3804,10.049,,146,,149.6
3805,10.0514,,146,,149.6
3806,10.0535,,146,,149.6
3807,10.0556,,146,,149.6
3808,10.058,,146,,149.6
3809,10.0605,,146,,149.4
3810,10.0628,,146,,149.4
3811,10.0647,,145,,149.2
3812,10.067,,145,,149.2
3813,10.0696,,145,,149
3814,10.0722,,145,,148.8
3815,10.0747,,145,,148.6
3816,10.0775,,145,,148.2
3817,10.0799,,144,,148
3818,10.0822,,145,,148
3819,10.0848,,144,,147.8
3820,10.0874,,144,,147.6
3821,10.0898,,144,,147.4
3822,10.0922,,144,,147.2
3823,10.0947,,145,,147.2
3824,10.0974,,144,,147.2
3825,10.1002,,144,,147
3826,10.1032,,145,,146.8
3827,10.1058,,145,,146.6
3828,10.1085,,145,,146.4
3829,10.1115,,146,,146.2
3830,10.1144,,146,,146.2
3831,10.1171,,146,,146
3832,10.1195,,146,,146
3833,10.1219,,147,,146
3834,10.1245,,147,,145.8
3835,10.1272,,147,,145.6
3836,10.1301,,147,,145.6
3837,10.1328,,147,,145.6
3838,10.1356,,147,,145.6
3839,10.1385,,147,,145.6
3840,10.1413,,147,,145.6
3841,10.1442,,147,,145.6
3842,10.1469,,147,,145.4
3843,10.1498,,147,,145.4
3844,10.1527,,147,,145.4
3845,10.1555,,147,,145.2
3846,10.1584,,147,,145.2
3847,10.1613,,147,,145
3848,10.164,,147,,145
3849,10.1667,,147,,145
3850,10.1693,,147,,145
3851,10.1718,,147,,145
3852,10.1744,,147,,145
3853,10.1769,,147,,145
3854,10.1795,,147,,144.8
3855,10.1822,,147,,144.8
3856,10.1852,,147,,144.6
3857,10.188,,147,,144.6
3858,10.1908,,147,,144.6
3859,10.1937,,147,,144.4
3860,10.1965,,147,,144.4
3861,10.1993,,146,,144.4
3862,10.2019,,146,,144.4
3863,10.2045,,146,,144.4
3864,10.2075,,146,,144.4
3865,10.2104,,145,,144.4
3866,10.2132,,145,,144.4
3867,10.2159,,145,,144.4
3868,10.2185,,145,,144.4
3869,10.2212,,144,,144.4
3870,10.224,,144,,144.4
3871,10.2266,,144,,144.4
3872,10.2291,,144,,144.4
3873,10.2317,,144,,144.4
3874,10.2343,,144,,144.4
3875,10.237,,144,,144.2
3876,10.2396,,143,,144.2
3877,10.2425,,143,,144
3878,10.2453,,143,,144
3879,10.2483,,143,,144
3880,10.2511,,143,,144
3881,10.2541,,143,,144
3882,10.257,,143,,144
3883,10.2596,,143,,144
3884,10.2623,,143,,144
3885,10.2648,,143,,144
3886,10.2677,,143,,144
3887,10.2705,,143,,144
3888,10.2733,,143,,144
3889,10.2762,,142,,144
3890,10.2792,,142,,144
3891,10.2822,,143,,144
3892,10.2851,,142,,144
3893,10.2881,,142,,144.2
3894,10.291,,142,,144
3895,10.2939,,142,,144
3896,10.2967,,142,,144
3897,10.2998,,142,,143.8
3898,10.3027,,143,,143.8
3899,10.3056,,142,,143.6
3900,10.3086,,142,,143.6
3901,10.3114,,143,,143.6
3902,10.3143,,143,,143.6
3903,10.3174,,143,,143.8
3904,10.3208,,143,,143.8
3905,10.3242,,143,,144
3906,10.3275,,144,,144.2
3907,10.3308,,144,,144.4
3908,10.334,,145,,144.6
3909,10.3371,,145,,144.6
3910,10.34,,145,,144.6
3911,10.3425,,146,,144.6
3912,10.3453,,146,,144.4
3913,10.3481,,146,,144.2
3914,10.351,,145,,144
3915,10.3539,,146,,143.6
3916,10.3566,,146,,143.6
3917,10.3594,,146,,143.4
3918,10.3621,,146,,143.2
3919,10.3651,,146,,143.2
3920,10.368,,146,,143.2
3921,10.371,,146,,143.2
3922,10.374,,146,,143.2
3923,10.377,,147,,143.2
3924,10.3798,,146,,143.2
3925,10.3828,,146,,143.2
3926,10.3855,,147,,143
3927,10.3882,,147,,143
3928,10.3909,,147,,143
3929,10.3939,,147,,143
3930,10.3968,,147,,143
3931,10.3995,,147,,142.8
3932,10.4021,,147,,142.6
3933,10.4047,,147,,142.6
3934,10.4072,,147,,142.4
3935,10.4096,,147,,142.2
3936,10.4121,,147,,142.2
3937,10.4145,,147,,142
3938,10.4172,,147,,141.8
3939,10.4199,,147,,141.6
3940,10.4228,,147,,141.6
3941,10.4256,,147,,141.4
3942,10.4287,,148,,141.4
3943,10.4315,,148,,141.2
3944,10.4341,,148,,141.2
3945,10.4368,,148,,141
3946,10.4395,,148,,141
3947,10.4421,,148,,140.8
3948,10.4446,,148,,140.8
3949,10.4471,,149,,140.8
3950,10.4498,,149,,140.8
3951,10.4527,,148,,141
3952,10.4556,,149,,141
3953,10.4582,,149,,141
3954,10.4607,,149,,141.2
3955,10.4632,,150,,141.2
3956,10.4658,,150,,141.2
3957,10.4686,,149,,141.4
3958,10.4713,,150,,141.4
3959,10.4742,,150,,141.4
3960,10.477,,150,,141.6
3961,10.4798,,150,,141.6
3962,10.4827,,150,,141.8
3963,10.4856,,150,,141.6
3964,10.4886,,150,,141.6
3965,10.4916,,150,,141.4
3966,10.4945,,150,,141.4
3967,10.4977,,150,,141.2
3968,10.5008,,150,,141.2
3969,10.5039,,150,,141.2
3970,10.5069,,150,,141.2
3971,10.5098,,150,,141.2
3972,10.5128,,150,,141.2
3973,10.5158,,150,,141.4
3974,10.5191,,150,,141.4
3975,10.5222,,150,,141.6
3976,10.5251,,150,,141.6
3977,10.528,,149,,141.6
3978,10.5309,,150,,141.6
3979,10.5339,,150,,141.8
3980,10.5368,,150,,141.8
3981,10.5398,,150,,141.8
3982,10.5427,,150,,141.8
3983,10.5455,,150,,142
3984,10.5483,,150,,141.8
3985,10.551,,150,,142
3986,10.5537,,149,,142
3987,10.5562,,150,,142.2
3988,10.5588,,149,,142.2
3989,10.5616,,149,,142.2
3990,10.5644,,149,,142.4
3991,10.5674,,149,,142.4
3992,10.5703,,148,,142.6
3993,10.573,,148,,142.6
3994,10.5755,,148,,142.8
3995,10.5783,,148,,142.8
3996,10.5814,,148,,142.8
3997,10.5843,,149,,142.8
3998,10.5872,,149,,142.8
3999,10.5898,,149,,142.8
4000,10.5925,,148,,142.8
4001,10.5952,,149,,143
4002,10.598,,149,,143
4003,10.6008,,148,,143.2
4004,10.6035,,149,,143.2
4005,10.6064,,149,,143.2
4006,10.6092,,149,,143.4
4007,10.6119,,149,,143.6
4008,10.6145,,150,,143.8
4009,10.6172,,150,,144
4010,10.6199,,150,,144.2
4011,10.6226,,150,,144.4
4012,10.6254,,150,,144.6
4013,10.6282,,150,,144.8
4014,10.631,,150,,144.8
4015,10.6339,,150,,145
4016,10.6366,,150,,145.2
4017,10.6394,,150,,145.2
4018,10.6423,,150,,145.4
4019,10.6451,,150,,145.6
4020,10.6478,,149,,145.6
4021,10.6504,,150,,145.6
4022,10.6534,,150,,145.8
4023,10.6562,,150,,146
4024,10.6592,,149,,146.4
4025,10.6622,,149,,146.6
4026,10.665,,149,,146.6
4027,10.6677,,149,,146.8
4028,10.6706,,149,,147
4029,10.6735,,149,,147
4030,10.6761,,149,,147
4031,10.6785,,149,,147.2
4032,10.681,,149,,147.2
4033,10.6836,,149,,147.4
4034,10.6865,,149,,147.4
4035,10.6893,,149,,147.6
4036,10.6921,,149,,147.8
4037,10.695,,149,,147.8
4038,10.6979,,149,,148
4039,10.7008,,149,,148.2
4040,10.7038,,149,,148.4
4041,10.7067,,149,,148.6
4042,10.7095,,149,,148.6
4043,10.7125,,148,,148.6
4044,10.7155,,149,,148.8
4045,10.7185,,149,,148.8
4046,10.7215,,148,,149
4047,10.7245,,149,,149.2
4048,10.7271,,149,,149.4
4049,10.7296,,149,,149.6
4050,10.732,,149,,149.6
4051,10.7345,,149,,149.8
4052,10.7371,,149,,150
4053,10.7398,,149,,150.2
4054,10.7427,,149,,150.2
4055,10.7453,,149,,150.4
4056,10.7478,,148,,150.6
4057,10.7506,,149,,150.8
4058,10.7534,,149,,151
4059,10.7563,,149,,151.2
4060,10.7588,,149,,151.2
4061,10.7613,,149,,151.4
4062,10.7641,,148,,151.4
4063,10.7667,,148,,151.6
4064,10.7693,,149,,151.6
4065,10.772,,149,,151.6
4066,10.7747,,149,,151.8
4067,10.7773,,148,,151.8
4068,10.7796,,149,,151.8
4069,10.7819,,149,,152
4070,10.7842,,149,,152
4071,10.7865,,148,,152
4072,10.789,,148,,152
4073,10.7913,,148,,152
4074,10.7938,,149,,152.2
4075,10.7965,,148,,152.2
4076,10.7992,,148,,152.4
4077,10.8022,,149,,152.4
4078,10.805,,149,,152.6
4079,10.8078,,148,,152.6
4080,10.8105,,149,,152.6
4081,10.8132,,148,,152.4
4082,10.8161,,148,,152.4
4083,10.8187,,148,,152.4
4084,10.8213,,148,,152.2
4085,10.8239,,148,,152.2
4086,10.8268,,148,,152
4087,10.8295,,149,,152
4088,10.8324,,149,,152
4089,10.835,,148,,152
4090,10.8379,,149,,152
4091,10.8408,,149,,152
4092,10.8437,,149,,152
4093,10.8466,,148,,152
4094,10.8494,,149,,152
4095,10.8523,,148,,152.2
4096,10.8552,,148,,152.2
4097,10.8581,,148,,152.4
4098,10.8609,,148,,152.2
4099,10.8635,,148,,152
4100,10.8661,,148,,151.8
4101,10.8688,,148,,151.8
4102,10.8715,,148,,151.6
4103,10.8741,,148,,151.4
4104,10.8767,,148,,151.4
4105,10.8795,,148,,151.2
4106,10.8823,,148,,151
4107,10.8852,,148,,150.8
4108,10.8879,,148,,150.6
4109,10.8907,,148,,150.4
4110,10.8936,,148,,150.4
4111,10.8964,,148,,150.2
4112,10.8992,,148,,150
4113,10.902,,148,,149.8
4114,10.9048,,149,,149.6
4115,10.9076,,149,,149.6
4116,10.9104,,149,,149.4
4117,10.9132,,149,,149.4
4118,10.9158,,149,,149.4
4119,10.9184,,149,,149.4
4120,10.9209,,149,,149.2
4121,10.9237,,149,,149.2
4122,10.9266,,148,,149.2
4123,10.9292,,149,,149.2
4124,10.9319,,149,,149.2
4125,10.9345,,148,,149.2
4126,10.937,,149,,149.2
4127,10.9396,,149,,149.2
4128,10.942,,148,,149.2
4129,10.9447,,149,,149.2
4130,10.9473,,148,,149.2
4131,10.9499,,148,,149.2
4132,10.9525,,148,,149.2
4133,10.9553,,148,,149.2
4134,10.9582,,148,,149
4135,10.961,,148,,149
4136,10.9639,,147,,148.8
4137,10.9668,,148,,148.8
4138,10.9699,,148,,148.6
4139,10.9731,,147,,148.4
4140,10.9762,,148,,148.4
4141,10.9791,,148,,148.2
4142,10.9818,,147,,148
4143,10.9847,,148,,148
4144,10.9874,,148,,147.8
4145,10.9902,,148,,147.8
4146,10.993,,148,,147.6
4147,10.9956,,148,,147.6
4148,10.9979,,148,,147.4
4149,11.0004,,148,,147.2
4150,11.003,,148,,147.2
4151,11.0056,,149,,147
4152,11.0079,,149,,147
4153,11.0104,,149,,146.8
4154,11.013,,149,,146.6
4155,11.0153,,149,,146.6
4156,11.0177,,148,,146.4
4157,11.0203,,149,,146
4158,11.0229,,148,,145.8
4159,11.0256,,149,,145.8
4160,11.0281,,149,,145.8
4161,11.0308,,148,,146
4162,11.0335,,148,,146
4163,11.0364,,148,,146.2
4164,11.0391,,149,,146.2
4165,11.0418,,149,,146.4
4166,11.0446,,149,,146.4
4167,11.0475,,149,,146.6
4168,11.0505,,148,,146.6
4169,11.0537,,148,,146.8
4170,11.0566,,149,,147
4171,11.0593,,149,,147
4172,11.0622,,149,,147.2
4173,11.065,,149,,147.2
4174,11.0677,,148,,147.2
4175,11.0705,,149,,147.4
4176,11.0731,,149,,147.4
4177,11.0756,,149,,147.6
4178,11.0781,,149,,147.8
4179,11.0806,,149,,148
4180,11.0829,,149,,148.2
4181,11.0854,,149,,148.2
4182,11.0881,,149,,148.4
4183,11.0908,,149,,148.4
4184,11.0936,,149,,148.6
4185,11.0964,,149,,148.6
4186,11.0993,,149,,148.8
4187,11.1023,,149,,148.8
4188,11.1051,,149,,149
4189,11.1081,,149,,149
4190,11.1112,,149,,149
4191,11.1138,,149,,149.2
4192,11.1165,,149,,149.2
4193,11.1192,,149,,149.2
4194,11.1219,,149,,149.4
4195,11.125,,148,,149.4
4196,11.128,,149,,149.4
4197,11.1312,,148,,149.6
4198,11.1342,,148,,149.6
4199,11.137,,149,,149.8
4200,11.1397,,149,,150
4201,11.1422,,148,,150.2
4202,11.1448,,148,,150.2
4203,11.1475,,149,,150.2
4204,11.1502,,148,,150.2
4205,11.1528,,149,,150.2
4206,11.1556,,149,,150.2
4207,11.1583,,149,,150.2
4208,11.1609,,149,,150.2
4209,11.1636,,149,,150.2
4210,11.1663,,149,,150.2
4211,11.169,,149,,150.2
4212,11.1717,,149,,150.2
4213,11.1746,,149,,150.2
4214,11.1776,,149,,150.2
4215,11.1807,,149,,150.2
4216,11.1835,,149,,150.2
4217,11.1863,,149,,150.2
4218,11.1889,,149,,150.2
4219,11.1917,,149,,150.2
4220,11.1946,,149,,150.4
4221,11.1973,,148,,150.4
4222,11.2,,149,,150.6
4223,11.2028,,148,,150.6
4224,11.2056,,148,,150.6
4225,11.2083,,148,,150.6
4226,11.211,,148,,150.8
4227,11.2137,,148,,150.8
4228,11.2166,,148,,150.8
4229,11.2194,,147,,150.8
4230,11.2221,,147,,150.8
4231,11.2247,,147,,151
4232,11.2274,,147,,151
4233,11.2301,,147,,151.2
4234,11.233,,147,,151.2
4235,11.2359,,147,,151.2
4236,11.2385,,147,,151.4
4237,11.2411,,147,,151.4
4238,11.2438,,146,,151.4
4239,11.2465,,146,,151.4
4240,11.2493,,146,,151.6
4241,11.2521,,145,,151.8
4242,11.2548,,146,,152
4243,11.2576,,146,,152
4244,11.2603,,146,,152
4245,11.2631,,146,,152
4246,11.2659,,146,,152
4247,11.2687,,146,,152
4248,11.2715,,146,,152
4249,11.2742,,146,,152
4250,11.2767,,146,,152.2
4251,11.2795,,146,,152.2
4252,11.2821,,147,,152.2
4253,11.2846,,147,,152.2
4254,11.2869,,146,,152.2
4255,11.2893,,147,,152.2
4256,11.2918,,146,,152.2
4257,11.2946,,146,,152.2
4258,11.2971,,147,,152.2
4259,11.2997,,147,,152.2
4260,11.3024,,147,,152.2
4261,11.3051,,146,,152.4
4262,11.3077,,146,,152.4
4263,11.3103,,147,,152.4
4264,11.313,,147,,152.4
4265,11.3157,,147,,152.6
4266,11.3182,,147,,152.6
4267,11.3209,,147,,152.8
4268,11.3236,,147,,152.8
4269,11.3262,,147,,153
4270,11.3288,,147,,153.2
4271,11.3315,,147,,153.2
4272,11.3343,,148,,153.4
4273,11.337,,147,,153.4
4274,11.3398,,147,,153.6
4275,11.3426,,147,,153.6
4276,11.3453,,147,,153.8
4277,11.3481,,147,,153.8
4278,11.351,,147,,154
4279,11.3536,,147,,154
4280,11.3562,,147,,154
4281,11.3588,,147,,154.2
4282,11.3612,,147,,154.2
4283,11.3636,,147,,154.4
4284,11.3661,,147,,154.4
4285,11.3687,,147,,154.6
4286,11.3712,,147,,154.8
4287,11.3738,,147,,155
4288,11.3765,,146,,155
4289,11.3792,,146,,155.2
4290,11.3816,,146,,155.2
4291,11.3842,,146,,155.4
4292,11.3869,,146,,155.4
4293,11.3896,,146,,155.6
4294,11.3923,,146,,155.8
4295,11.395,,147,,156
4296,11.3976,,147,,156
4297,11.4002,,147,,156.2
4298,11.403,,147,,156.4
4299,11.4057,,147,,156.6
4300,11.4084,,147,,156.6
4301,11.4109,,147,,156.8
4302,11.4134,,147,,156.8
4303,11.416,,147,,157
4304,11.4186,,147,,157
4305,11.4212,,148,,157.2
4306,11.4237,,147,,157.2
4307,11.4264,,147,,157.4
4308,11.4291,,148,,157.6
4309,11.4317,,148,,157.8
4310,11.4342,,148,,158
4311,11.4368,,148,,158.2
4312,11.4395,,148,,158.4
4313,11.442,,148,,158.6
4314,11.4445,,148,,158.8
4315,11.4471,,147,,159
4316,11.4496,,148,,159.4
4317,11.4524,,147,,159.6
4318,11.4551,,147,,159.8
4319,11.4579,,148,,160
4320,11.4607,,148,,160.2
4321,11.4634,,148,,160.6
4322,11.4661,,148,,160.8
4323,11.4687,,148,,161
4324,11.4716,,148,,161.2
4325,11.4743,,149,,161.2
4326,11.4769,,148,,161.4
4327,11.4794,,149,,161.6
4328,11.4822,,149,,161.6
4329,11.4851,,149,,161.8
4330,11.488,,149,,161.8
4331,11.4908,,149,,162
4332,11.4935,,149,,162.2
4333,11.4963,,149,,162.2
4334,11.4992,,149,,162.4
4335,11.502,,149,,162.4
4336,11.505,,149,,162.4
4337,11.508,,149,,162.6
4338,11.511,,149,,162.6
4339,11.514,,149,,162.6
4340,11.5171,,149,,162.8
4341,11.52,,149,,162.6
4342,11.523,,149,,162.6
4343,11.5258,,149,,162.6
4344,11.5286,,149,,162.4
4345,11.5316,,149,,162.4
4346,11.5345,,149,,162.4
4347,11.5374,,149,,162.4
4348,11.5407,,149,,162.4
4349,11.544,,150,,162.6
4350,11.5471,,151,,162.6
4351,11.5503,,151,,162.8
4352,11.5532,,151,,162.8
4353,11.5561,,150,,162.8
4354,11.5592,,151,,162.8
4355,11.5626,,151,,162.8
4356,11.5659,,151,,162.8
4357,11.5688,,151,,162.8
4358,11.5718,,150,,162.4
4359,11.5748,,150,,162
4360,11.5779,,150,,161.8
4361,11.5811,,150,,161.4
4362,11.584,,150,,161.2
4363,11.587,,150,,160.8
4364,11.59,,150,,160.6
4365,11.5931,,150,,160.2
4366,11.5962,,150,,159.8
4367,11.5992,,150,,159.6
4368,11.6024,,150,,159.2
4369,11.6056,,150,,158.8
4370,11.6088,,150,,158.6
4371,11.6119,,149,,158.2
4372,11.6151,,149,,157.8
4373,11.6182,,150,,157.6
4374,11.6212,,150,,157.6
4375,11.6244,,150,,157.6
4376,11.6275,,150,,157.6
4377,11.63,,150,,157.6
4378,11.6323,,151,,157.6
4379,11.6349,,150,,157.6
4380,11.6378,,151,,157.6
4381,11.6406,,151,,157.6
4382,11.6433,,151,,157.6
4383,11.646,,151,,157.4
4384,11.6487,,151,,157.4
4385,11.6515,,150,,157.2
4386,11.6542,,150,,157
4387,11.6572,,151,,156.8
4388,11.66,,151,,156.8
4389,11.6627,,150,,156.6
4390,11.6653,,151,,156.4
4391,11.6678,,150,,156.4
4392,11.6705,,150,,156.6
4393,11.6732,,150,,156.6
4394,11.6756,,151,,156.8
4395,11.6782,,150,,156.8
4396,11.6807,,150,,157
4397,11.6833,,150,,157
4398,11.6858,,150,,157.2
4399,11.6884,,150,,157.4
4400,11.691,,149,,157.4
4401,11.6935,,150,,157.6
4402,11.6961,,149,,157.6
4403,11.6987,,149,,157.8
4404,11.7017,,149,,157.8
4405,11.7048,,149,,158
4406,11.708,,149,,158.2
4407,11.7108,,149,,158.4
4408,11.7134,,149,,158.6
4409,11.7161,,150,,159
4410,11.7184,,150,,159.2
4411,11.7217,,150,,159.4
4412,11.7249,,150,,159.6
4413,11.7284,,150,,159.8
4414,11.7317,,150,,160
4415,11.735,,150,,160.2
4416,11.7384,,150,,160.4
4417,11.7417,,151,,160.6
4418,11.7448,,151,,160.8
4419,11.748,,151,,161
4420,11.7511,,151,,161.2
4421,11.754,,151,,161.4
4422,11.7569,,151,,161.6
4423,11.7597,,151,,161.8
4424,11.7626,,151,,162
4425,11.7654,,151,,162
4426,11.7682,,151,,162.2
4427,11.7708,,151,,162.4
4428,11.7736,,151,,162.6
4429,11.7764,,151,,162.8
4430,11.7792,,151,,162.8
4431,11.782,,150,,163
4432,11.7848,,150,,163
4433,11.7878,,151,,163.2
4434,11.7907,,151,,163.2
4435,11.7937,,151,,163
4436,11.7966,,151,,163
4437,11.7996,,151,,163
4438,11.8028,,151,,163
4439,11.8058,,150,,163
4440,11.809,,150,,163
4441,11.812,,150,,163
4442,11.815,,150,,163
4443,11.8178,,150,,163
4444,11.8207,,150,,163.2
4445,11.8235,,150,,163.2
4446,11.8262,,150,,163.4
4447,11.829,,150,,163.6
4448,11.8317,,150,,163.6
4449,11.8342,,150,,163.8
4450,11.8368,,150,,164
4451,11.8393,,150,,164
4452,11.8421,,150,,164.2
4453,11.8448,,150,,164.4
4454,11.8477,,150,,164.4
4455,11.8504,,151,,164.6
4456,11.8532,,150,,164.6
4457,11.856,,151,,164.6
4458,11.8587,,150,,164.8
4459,11.8616,,150,,164.8
4460,11.8643,,151,,164.8
4461,11.867,,150,,164.8
4462,11.8697,,150,,164.8
4463,11.8723,,150,,165
4464,11.8752,,150,,165
4465,11.878,,150,,165
4466,11.8806,,150,,165.2
4467,11.8834,,150,,165.4
4468,11.886,,150,,165.6
4469,11.8886,,150,,165.6
4470,11.8911,,150,,165.8
4471,11.8935,,151,,165.8
4472,11.896,,150,,166
4473,11.8986,,151,,166
4474,11.9013,,151,,166.2
4475,11.9038,,151,,166.4
4476,11.9065,,151,,166.4
4477,11.9092,,151,,166.6
4478,11.9118,,151,,166.8
4479,11.9145,,151,,167
4480,11.9171,,151,,167
4481,11.9195,,151,,167.2
4482,11.9219,,152,,167.2
4483,11.9244,,152,,167.4
4484,11.927,,152,,167.6
4485,11.9298,,152,,167.6
4486,11.9324,,152,,167.8
4487,11.935,,152,,168
4488,11.9376,,152,,168.2
4489,11.9402,,152,,168.2
4490,11.9429,,152,,168.4
4491,11.9456,,152,,168.6
4492,11.9483,,152,,168.8
4493,11.9511,,153,,169
4494,11.9536,,153,,169
4495,11.9564,,153,,169.2
4496,11.959,,153,,169.4
4497,11.9615,,153,,169.6
4498,11.9642,,154,,169.8
4499,11.9667,,153,,170
4500,11.9694,,153,,170.2
4501,11.9719,,153,,170.4
4502,11.9746,,154,,170.6
4503,11.9771,,154,,170.8
4504,11.9794,,154,,171
4505,11.9819,,154,,171.2
4506,11.9845,,154,,171.4
4507,11.9874,,154,,171.4
4508,11.99,,154,,171.4
4509,11.9925,,155,,171.4
4510,11.9953,,155,,171.4
4511,11.9982,,154,,171.4
4512,12.0011,,154,,171.4
4513,12.0042,,154,,171.6
4514,12.0073,,155,,171.6
4515,12.0102,,154,,171.6
4516,12.0131,,154,,171.6
4517,12.016,,154,,171.6
4518,12.0188,,155,,171.6
4519,12.0215,,155,,171.6
4520,12.0243,,154,,171.6
4521,12.027,,154,,171.6
4522,12.0298,,154,,171.8
4523,12.0325,,155,,171.8
4524,12.0351,,155,,171.8
4525,12.0378,,155,,171.8
4526,12.0407,,155,,172
4527,12.0434,,155,,172.2
4528,12.0462,,154,,172.2
4529,12.0491,,155,,172.2
4530,12.052,,155,,172.4
4531,12.0549,,155,,172.4
4532,12.0578,,155,,172.4
4533,12.0607,,155,,172.6
4534,12.0637,,155,,172.6
4535,12.0668,,155,,172.6
4536,12.0698,,155,,172.8
4537,12.0729,,155,,172.8
4538,12.0758,,155,,173
4539,12.0787,,155,,173.2
4540,12.0816,,155,,173.2
4541,12.0844,,155,,173.4
4542,12.0872,,155,,173.6
4543,12.0902,,155,,173.8
4544,12.0932,,155,,174
4545,12.0962,,155,,174
4546,12.0992,,155,,174.2
4547,12.102,,154,,174.4
4548,12.1048,,155,,174.4
4549,12.1075,,154,,174.6
4550,12.1102,,154,,174.8
4551,12.1127,,154,,174.8
4552,12.1154,,154,,174.8
4553,12.1181,,154,,174.8
4554,12.1208,,153,,175
4555,12.1236,,154,,175
4556,12.1264,,154,,175
4557,12.1293,,153,,175
4558,12.1321,,154,,175.2
4559,12.135,,154,,175.2
4560,12.138,,154,,175.4
4561,12.1408,,154,,175.6
4562,12.1437,,153,,175.6
4563,12.1468,,154,,175.8
4564,12.15,,154,,175.8
4565,12.1531,,153,,176
4566,12.1562,,153,,176.2
4567,12.1589,,154,,176.2
4568,12.1619,,154,,176.4
4569,12.165,,154,,176.6
4570,12.1679,,154,,176.6
4571,12.1705,,154,,176.8
4572,12.1734,,154,,176.8
4573,12.1762,,154,,177
4574,12.1789,,154,,177
4575,12.1816,,154,,177.2
4576,12.1844,,155,,177.2
4577,12.1874,,155,,177.2
4578,12.1904,,154,,177
4579,12.1933,,154,,176.8
4580,12.1962,,154,,176.8
4581,12.1993,,154,,176.6
4582,12.2027,,154,,176.2
4583,12.2057,,153,,176
4584,12.2087,,153,,176
4585,12.2116,,153,,176
4586,12.2145,,152,,176
4587,12.2176,,152,,175.8
4588,12.2206,,152,,175.8
4589,12.2239,,152,,175.8
4590,12.2273,,151,,175.6
4591,12.2308,,152,,175.6
4592,12.2342,,151,,175.4
4593,12.2375,,151,,175.4
4594,12.2408,,151,,175.4
4595,12.2439,,151,,175.2
4596,12.2472,,151,,175.2
4597,12.2505,,151,,175.4
4598,12.2538,,150,,175.6
4599,12.2569,,150,,175.6
4600,12.2598,,150,,175.8
4601,12.2628,,149,,175.8
4602,12.2658,,149,,175.8
4603,12.2688,,149,,175.8
4604,12.2718,,150,,175.8
4605,12.2747,,149,,175.8
4606,12.2777,,149,,175.6
4607,12.2805,,149,,175.6
4608,12.2835,,148,,175.6
4609,12.2863,,148,,175.6
4610,12.2892,,147,,175.6
4611,12.2919,,146,,175.6
4612,12.2948,,145,,175.6
4613,12.2973,,144,,175.4
4614,12.2993,,141,,175.4
4615,12.3006,,137,,175.4
4616,12.3016,,134,,175.4
4617,12.3035,,130,,175.4
4618,12.3055,,127,,175.6
4619,12.3072,,124,,175.6
