secs,km,power,hr,cad,alt
0,0,,80,,175.6
1,0.00219,,80,,175.6
2,0.00219,,80,,175.6
3,0.00379,,80,,175.8
4,0.00667,,81,,175.8
5,0.00858,,85,,175.8
6,0.00858,,87,,175.8
7,0.01064,,87,,175.8
8,0.01295,,88,,175.8
9,0.01539,,89,,175.8
10,0.01834,,90,,175.8
11,0.02082,,92,,175.8
12,0.02331,,94,,175.8
13,0.02581,,95,,175.6
14,0.02851,,96,,175.4
15,0.03109,,97,,175.4
16,0.03372,,99,,175.2
17,0.03635,,100,,175.2
18,0.03885,,101,,175.4
19,0.04147,,102,,175.4
20,0.04404,,102,,175.4
21,0.04639,,104,,175.4
22,0.04891,,104,,175.6
23,0.05126,,105,,175.6
24,0.05368,,105,,175.6
25,0.0559,,105,,175.6
26,0.05797,,105,,175.6
27,0.05983,,105,,175.6
28,0.06184,,105,,175.8
29,0.06402,,105,,175.8
30,0.0664,,105,,175.8
31,0.06862,,105,,176
32,0.07062,,105,,176
33,0.07269,,106,,176.2
34,0.07457,,106,,176.2
35,0.07657,,106,,176.2
36,0.07872,,107,,176.4
37,0.08091,,107,,176.6
38,0.08302,,108,,176.6
39,0.08534,,108,,176.8
40,0.08747,,109,,177
41,0.08924,,109,,177.2
42,0.09119,,110,,177.2
43,0.0933,,110,,177.4
44,0.09553,,111,,177.4
45,0.09783,,111,,177.6
46,0.10012,,112,,177.6
47,0.10242,,113,,177.6
48,0.1046,,114,,177.6
49,0.10665,,114,,177.6
50,0.10878,,115,,177.4
51,0.11111,,115,,177.4
52,0.11371,,116,,177.2
53,0.11631,,116,,177.2
54,0.11888,,116,,177
55,0.12151,,117,,176.8
56,0.12428,,117,,176.8
57,0.12646,,117,,176.6
58,0.12864,,117,,176.6
59,0.13112,,117,,176.4
60,0.13364,,117,,176.4
61,0.13635,,118,,176.2
62,0.13894,,120,,176
63,0.14146,,120,,176
64,0.14408,,120,,175.8
65,0.14672,,119,,175.8
66,0.14955,,119,,175.6
67,0.15243,,119,,175.4
68,0.15496,,119,,175.4
69,0.15743,,120,,175.2
70,0.15994,,120,,175.2
71,0.16256,,120,,175
72,0.16532,,120,,175
73,0.16774,,120,,174.8
74,0.17031,,121,,174.8
75,0.17306,,120,,174.8
76,0.17532,,121,,174.8
77,0.17796,,121,,174.6
78,0.18044,,121,,174.4
79,0.183,,121,,174.4
80,0.18578,,122,,174.2
81,0.18822,,122,,174
82,0.19102,,122,,173.8
83,0.19386,,122,,173.6
84,0.19656,,122,,173.6
85,0.19914,,122,,173.4
86,0.20154,,122,,173.2
87,0.20392,,123,,173.2
88,0.20639,,123,,173
89,0.20898,,124,,173
90,0.21156,,123,,172.8
91,0.21411,,123,,172.8
92,0.21664,,124,,172.8
93,0.21907,,124,,172.6
94,0.22123,,124,,172.6
95,0.22379,,124,,172.6
96,0.22638,,124,,172.6
97,0.2289,,124,,172.4
98,0.23162,,124,,172.4
99,0.23416,,124,,172.4
100,0.23664,,124,,172.2
101,0.23938,,124,,172.2
102,0.24178,,123,,172.2
103,0.24441,,123,,172
104,0.24712,,123,,171.8
105,0.24989,,122,,171.8
106,0.25264,,123,,171.6
107,0.25517,,123,,171.4
108,0.25766,,123,,171.4
109,0.26024,,123,,171.4
110,0.26269,,123,,171.4
111,0.26517,,123,,171.4
112,0.26765,,123,,171.2
113,0.27009,,123,,171.2
114,0.27264,,123,,171.2
115,0.27516,,123,,171.2
116,0.27788,,124,,171.2
117,0.28064,,123,,171.2
118,0.28305,,123,,171.2
119,0.28568,,123,,171.2
120,0.28806,,123,,171.2
121,0.29051,,123,,171.2
122,0.2932,,123,,171
123,0.29572,,123,,171
124,0.29843,,122,,171
125,0.301,,122,,171
126,0.3037,,122,,171
127,0.30646,,121,,170.8
128,0.30906,,121,,170.6
129,0.31172,,121,,170.4
130,0.31422,,120,,170.2
131,0.31683,,119,,170
132,0.31951,,119,,169.8
133,0.32206,,119,,169.6
134,0.32461,,118,,169.4
135,0.32709,,117,,169.2
136,0.32973,,118,,169
137,0.33252,,117,,169
138,0.33515,,117,,168.8
139,0.338,,117,,168.6
140,0.34055,,117,,168.4
141,0.34305,,117,,168.2
142,0.34565,,115,,168
143,0.34803,,113,,167.8
144,0.35042,,111,,167.6
145,0.35299,,108,,167.6
146,0.35561,,106,,167.4
147,0.35818,,106,,167.4
148,0.36051,,107,,167.2
149,0.36283,,107,,167.2
150,0.3654,,106,,167
151,0.36795,,105,,167
152,0.37068,,105,,166.8
153,0.37324,,104,,166.8
154,0.37587,,104,,166.6
155,0.37861,,104,,166.4
156,0.38146,,104,,166.4
157,0.38428,,105,,166.2
158,0.38672,,106,,166.2
159,0.38918,,109,,166
160,0.39171,,116,,165.8
161,0.39409,,116,,165.6
162,0.39669,,115,,165.6
163,0.39914,,115,,165.4
164,0.40174,,116,,165.2
165,0.40437,,116,,165.2
166,0.40676,,115,,165
167,0.40935,,115,,165
168,0.41186,,115,,165
169,0.41449,,116,,165
170,0.41715,,117,,164.8
171,0.41959,,118,,164.8
172,0.42215,,117,,164.8
173,0.4248,,117,,164.8
174,0.42731,,117,,164.8
175,0.42989,,117,,164.6
176,0.43224,,117,,164.6
177,0.43494,,117,,164.6
178,0.43773,,117,,164.6
179,0.44038,,118,,164.6
180,0.44308,,118,,164.4
181,0.44554,,118,,164.4
182,0.44815,,118,,164.2
183,0.45092,,117,,164
184,0.4537,,117,,163.8
185,0.45653,,117,,163.6
186,0.45929,,116,,163.4
187,0.46206,,116,,163.4
188,0.46471,,116,,163.2
189,0.46742,,115,,163
190,0.47006,,115,,163
191,0.4724,,116,,163
192,0.47484,,116,,163
193,0.47723,,116,,163
194,0.47959,,116,,163
195,0.48194,,116,,163
196,0.48432,,116,,163
197,0.48679,,115,,163
198,0.48919,,115,,163
199,0.49115,,116,,163
200,0.49328,,116,,163
201,0.49548,,116,,163
202,0.49765,,117,,163
203,0.49988,,118,,163
204,0.50206,,119,,163
205,0.50451,,119,,162.8
206,0.5069,,119,,162.8
207,0.50908,,119,,162.6
208,0.51137,,120,,162.6
209,0.51382,,120,,162.4
210,0.51634,,120,,162.2
211,0.5188,,120,,162.2
212,0.52129,,120,,162
213,0.52379,,120,,161.8
214,0.52638,,117,,161.6
215,0.52885,,117,,161.6
216,0.53138,,117,,161.4
217,0.53395,,118,,161.2
218,0.53644,,118,,161.2
219,0.53898,,119,,161
220,0.54145,,119,,160.8
221,0.54381,,119,,160.6
222,0.54621,,119,,160.6
223,0.54848,,119,,160.4
224,0.55091,,118,,160.2
225,0.5534,,118,,160.2
226,0.55583,,118,,160
227,0.55832,,118,,159.8
228,0.56046,,118,,159.8
229,0.5628,,118,,159.6
230,0.56516,,118,,159.6
231,0.5675,,118,,159.6
232,0.57002,,119,,159.6
233,0.57265,,119,,159.8
234,0.57538,,119,,160
235,0.57809,,119,,160.2
236,0.58075,,119,,160.4
237,0.58349,,120,,160.6
238,0.58614,,120,,160.8
239,0.58879,,120,,161
240,0.59147,,120,,161.2
241,0.59422,,121,,161.4
242,0.59681,,121,,161.6
243,0.59929,,121,,161.8
244,0.60188,,122,,162
245,0.60443,,122,,162
246,0.60694,,123,,162.2
247,0.60959,,123,,162.4
248,0.61221,,123,,162.6
249,0.61488,,123,,162.8
250,0.61754,,123,,163
251,0.62006,,123,,163.2
252,0.62271,,123,,163.4
253,0.62521,,123,,163.6
254,0.62759,,124,,163.8
255,0.63001,,124,,163.8
256,0.63258,,124,,164
257,0.63517,,124,,164.2
258,0.6378,,124,,164.4
259,0.64038,,124,,164.6
260,0.64286,,124,,164.8
261,0.6453,,125,,165
262,0.64783,,125,,165.2
263,0.65034,,124,,165.4
264,0.653,,124,,165.6
265,0.65552,,125,,165.8
266,0.65803,,125,,166
267,0.66048,,125,,166
268,0.66281,,125,,166.2
269,0.66514,,126,,166.4
270,0.66747,,126,,166.6
271,0.67015,,125,,166.8
272,0.67299,,125,,167.2
273,0.67574,,125,,167.4
274,0.67845,,125,,167.6
275,0.68123,,125,,168
276,0.68401,,126,,168.2
277,0.68656,,126,,168.6
278,0.68897,,126,,168.8
279,0.69137,,126,,169
280,0.69365,,126,,169.4
281,0.69608,,126,,169.6
282,0.69854,,127,,170
283,0.7009,,127,,170.2
284,0.70333,,127,,170.6
285,0.70574,,127,,170.8
286,0.70834,,127,,171.2
287,0.71091,,127,,171.4
288,0.7135,,127,,171.8
289,0.71612,,128,,172.2
290,0.71871,,128,,172.4
291,0.72113,,129,,172.4
292,0.72353,,129,,172.4
293,0.72594,,128,,172.6
294,0.72823,,129,,172.6
295,0.73063,,129,,172.6
296,0.73321,,129,,172.8
297,0.73579,,129,,172.8
298,0.73842,,129,,173.2
299,0.74114,,129,,173.4
300,0.74367,,129,,173.6
301,0.74609,,129,,174
302,0.74861,,129,,174.2
303,0.7512,,130,,174.4
304,0.75378,,130,,174.6
305,0.75634,,130,,175
306,0.75868,,129,,175.2
307,0.761,,130,,175.4
308,0.76355,,129,,175.6
309,0.76616,,129,,176
310,0.76882,,130,,176
311,0.77148,,130,,176
312,0.7739,,130,,176
313,0.7763,,129,,176
314,0.77885,,130,,176
315,0.78138,,129,,176
316,0.78395,,129,,176
317,0.78664,,129,,176
318,0.78941,,129,,176
319,0.79211,,129,,176
320,0.79478,,129,,176
321,0.79729,,129,,176
322,0.79997,,129,,176
323,0.80227,,129,,176
324,0.80466,,129,,175.8
325,0.80736,,129,,176
326,0.80996,,129,,176
327,0.81242,,129,,176
328,0.8147,,129,,176
329,0.81695,,129,,176
330,0.81944,,130,,175.8
331,0.82198,,129,,175.4
332,0.82456,,129,,175
333,0.82721,,129,,174.6
334,0.82984,,130,,174.2
335,0.83242,,129,,174
336,0.83495,,130,,173.6
337,0.83763,,129,,173.2
338,0.8404,,129,,172.8
339,0.84319,,129,,172.4
340,0.84582,,129,,172
341,0.8482,,129,,171.8
342,0.8507,,129,,171.4
343,0.85311,,129,,171
344,0.85532,,130,,170.8
345,0.85786,,129,,170.4
346,0.86043,,129,,170
347,0.86303,,129,,169.8
348,0.86568,,129,,169.4
349,0.86841,,129,,169.2
350,0.87119,,129,,169
351,0.87389,,129,,169
352,0.87875,,129,,168.8
353,0.87875,,129,,168.8
354,0.8812,,128,,168.6
355,0.88371,,128,,168.6
356,0.88623,,128,,168.4
357,0.88892,,128,,168.2
358,0.89166,,128,,168.2
359,0.89429,,128,,168
360,0.89677,,128,,168
361,0.89909,,128,,167.8
362,0.90116,,128,,167.8
363,0.90321,,128,,167.6
364,0.90528,,128,,167.4
365,0.90773,,128,,167
366,0.91039,,128,,166.8
367,0.91301,,128,,166.6
368,0.91563,,128,,166.4
369,0.91819,,128,,166.2
370,0.92063,,128,,166
371,0.92313,,128,,166
372,0.92583,,128,,166
373,0.92855,,128,,166
374,0.93113,,128,,166
375,0.93383,,127,,166
376,0.93654,,127,,166
377,0.9391,,127,,166
378,0.94163,,127,,166
379,0.9441,,127,,166.2
380,0.94675,,127,,166.6
381,0.94944,,127,,167.2
382,0.95176,,127,,167.4
383,0.95414,,127,,167.8
384,0.95666,,127,,168.2
385,0.95918,,128,,168.6
386,0.96193,,128,,169
387,0.9647,,128,,169.4
388,0.96743,,128,,169.8
389,0.96986,,128,,170.2
390,0.97224,,128,,170.6
391,0.97465,,128,,170.8
392,0.97706,,129,,171
393,0.97955,,129,,171.4
394,0.98207,,129,,171.6
395,0.98442,,129,,171.8
396,0.98909,,130,,172.2
397,0.98909,,130,,172.2
398,0.9915,,129,,172.4
399,0.99374,,130,,172.6
400,0.99609,,130,,172.8
401,0.99853,,130,,173
402,1.00094,,130,,173.4
403,1.0033,,130,,173.6
404,1.00554,,130,,174
405,1.00769,,129,,174.2
406,1.01008,,129,,174.4
407,1.01259,,129,,174.8
408,1.01514,,129,,175.2
409,1.0178,,129,,175.4
410,1.02033,,130,,175.8
411,1.02292,,130,,176.2
412,1.02542,,129,,176.4
413,1.02776,,129,,176.6
414,1.03031,,129,,176.6
415,1.03272,,129,,176.8
416,1.0354,,129,,176.8
417,1.03789,,129,,177
418,1.04054,,129,,177
419,1.04321,,129,,177.2
420,1.04564,,129,,177.2
421,1.0479,,129,,177.4
422,1.04999,,129,,177.4
423,1.05236,,129,,177.4
424,1.05484,,129,,177.4
425,1.05705,,129,,177.4
426,1.05952,,129,,177.4
427,1.06196,,129,,177.4
428,1.06437,,128,,177.2
429,1.06665,,128,,177.2
430,1.06873,,128,,177.2
431,1.07116,,128,,177.2
432,1.07325,,128,,177
433,1.0761,,128,,177
434,1.07843,,128,,177
435,1.0812,,128,,176.8
436,1.08401,,128,,176.8
437,1.08638,,128,,176.6
438,1.0886,,128,,176.4
439,1.09093,,128,,176.2
440,1.09354,,128,,176
441,1.09645,,128,,176
442,1.09973,,129,,175.8
443,1.10225,,129,,175.6
444,1.10474,,129,,175.4
445,1.10694,,129,,175.2
446,1.10937,,129,,175.2
447,1.11159,,130,,175
448,1.11394,,129,,174.8
449,1.11645,,130,,174.8
450,1.11907,,131,,174.6
451,1.1214,,129,,174.6
452,1.12386,,130,,174.4
453,1.12655,,130,,174.4
454,1.1295,,130,,174.2
455,1.13239,,130,,174
456,1.13525,,130,,173.8
457,1.13838,,130,,173.6
458,1.14122,,130,,173.6
459,1.14383,,130,,173.4
460,1.1467,,130,,173.2
461,1.14937,,131,,173
462,1.15215,,133,,173
463,1.15508,,133,,172.8
464,1.15784,,130,,172.6
465,1.16059,,130,,172.4
466,1.1632,,130,,172.4
467,1.16579,,130,,172.2
468,1.16811,,130,,172
469,1.17049,,130,,171.8
470,1.17283,,129,,171.8
471,1.17533,,129,,171.6
472,1.17789,,128,,171.6
473,1.18055,,128,,171.4
474,1.1831,,129,,171.2
475,1.18572,,129,,171.2
476,1.18825,,129,,171
477,1.19089,,129,,170.8
478,1.19341,,128,,170.6
479,1.19598,,128,,170.6
480,1.19844,,129,,170.4
481,1.20092,,128,,170.4
482,1.20331,,128,,170.2
483,1.20598,,128,,170.2
484,1.20861,,128,,170
485,1.21102,,128,,170
486,1.21328,,127,,169.8
487,1.21551,,128,,169.8
488,1.21769,,128,,169.6
489,1.21983,,128,,169.6
490,1.22207,,127,,169.6
491,1.22455,,127,,169.8
492,1.22707,,127,,169.8
493,1.22985,,126,,170
494,1.23258,,126,,170
495,1.235,,126,,170.2
496,1.237,,126,,170.2
497,1.23946,,126,,170.4
498,1.24158,,126,,170.4
499,1.24387,,126,,170.6
500,1.24636,,126,,170.6
501,1.24904,,127,,170.6
502,1.25149,,127,,170.6
503,1.25402,,127,,170.6
504,1.25653,,127,,170.4
505,1.25924,,127,,170.4
506,1.2618,,127,,170.4
507,1.26449,,127,,170.4
508,1.26682,,127,,170.4
509,1.26925,,127,,170.4
510,1.27179,,127,,170.4
511,1.27433,,127,,170.4
512,1.27661,,127,,170.4
513,1.27901,,127,,170.4
514,1.28131,,127,,170.4
515,1.28353,,127,,170.4
516,1.28623,,128,,170.2
517,1.28883,,128,,170.2
518,1.29156,,127,,170.2
519,1.29406,,127,,170.2
520,1.29659,,127,,170.2
521,1.29904,,128,,170.2
522,1.30168,,128,,170.2
523,1.30413,,128,,170.2
524,1.30693,,129,,170.2
525,1.30956,,128,,170.2
526,1.31204,,128,,170.2
527,1.31457,,129,,170.2
528,1.31677,,129,,170.2
529,1.31889,,129,,170.2
530,1.32221,,129,,170.2
531,1.32539,,130,,170.2
532,1.32834,,129,,170.2
533,1.33139,,129,,170.4
534,1.33414,,130,,170.4
535,1.33702,,130,,170.4
536,1.33945,,130,,170.4
537,1.34195,,130,,170.4
538,1.34437,,130,,170.4
539,1.34671,,129,,170.4
540,1.34888,,129,,170.6
541,1.3514,,130,,170.6
542,1.35394,,129,,170.6
543,1.35615,,129,,170.6
544,1.3587,,128,,170.6
545,1.36141,,127,,170.8
546,1.36421,,127,,170.8
547,1.36697,,127,,170.8
548,1.36956,,127,,170.8
549,1.37238,,128,,170.8
550,1.37525,,128,,171
551,1.3778,,128,,171
552,1.38027,,128,,171
553,1.38259,,128,,171
554,1.38493,,127,,171.2
555,1.38739,,127,,171.2
556,1.39005,,127,,171.2
557,1.39275,,127,,171.2
558,1.39519,,127,,171.2
559,1.4004,,127,,171.4
560,1.4004,,126,,171.4
561,1.4027,,126,,171.4
562,1.40503,,126,,171.4
563,1.40784,,125,,171.6
564,1.41052,,126,,171.6
565,1.41311,,126,,171.6
566,1.4159,,126,,171.6
567,1.41857,,126,,171.8
568,1.42132,,126,,171.8
569,1.42419,,126,,171.8
570,1.42704,,126,,172
571,1.43004,,126,,172
572,1.43257,,126,,172
573,1.43506,,127,,172.2
574,1.43755,,127,,172.2
575,1.44009,,127,,172.2
576,1.44273,,127,,172.4
577,1.44534,,128,,172.4
578,1.44843,,128,,172.4
579,1.45129,,128,,172.6
580,1.45411,,128,,172.6
581,1.45686,,128,,172.6
582,1.45952,,128,,172.8
583,1.46219,,128,,172.8
584,1.46454,,128,,173
585,1.46718,,128,,173
586,1.46988,,128,,173.2
587,1.47235,,129,,173.2
588,1.47486,,129,,173.4
589,1.47725,,129,,173.4
590,1.47961,,130,,173.6
591,1.48223,,130,,173.6
592,1.48493,,130,,173.8
593,1.48753,,130,,173.8
594,1.4897,,130,,173.8
595,1.49212,,130,,174
596,1.49471,,130,,174.2
597,1.49729,,130,,174.2
598,1.49992,,130,,174.4
599,1.50238,,130,,174.4
600,1.50514,,130,,174.6
601,1.50791,,130,,174.6
602,1.51036,,130,,174.8
603,1.51266,,130,,174.8
604,1.51501,,130,,174.8
605,1.51743,,130,,175
606,1.52016,,130,,175
607,1.52319,,130,,175.2
608,1.52627,,131,,175.2
609,1.52904,,131,,175.2
610,1.53152,,131,,175.2
611,1.53371,,130,,175.2
612,1.53623,,131,,175.2
613,1.53864,,130,,175.2
614,1.54085,,130,,175.2
615,1.54316,,130,,175.2
616,1.54551,,131,,175.2
617,1.54774,,131,,175
618,1.55004,,131,,175
619,1.55225,,131,,175
620,1.55441,,131,,175
621,1.55661,,130,,175
622,1.55929,,130,,175
623,1.56207,,130,,175
624,1.56461,,130,,175
625,1.56721,,130,,175
626,1.5698,,131,,174.8
627,1.57211,,130,,174.8
628,1.57449,,130,,174.8
629,1.57671,,130,,174.8
630,1.57892,,130,,174.8
631,1.58129,,130,,174.8
632,1.58355,,130,,174.8
633,1.58617,,130,,174.8
634,1.58922,,130,,174.6
635,1.59207,,129,,174.6
636,1.59502,,129,,174.6
637,1.59786,,129,,174.6
638,1.60038,,129,,174.6
639,1.60286,,128,,174.6
640,1.60548,,129,,174.6
641,1.60791,,129,,174.6
642,1.61038,,129,,174.6
643,1.61253,,129,,174.6
644,1.61513,,129,,174.6
645,1.61753,,130,,174.6
646,1.62007,,130,,174.6
647,1.62241,,130,,174.6
648,1.62473,,130,,174.6
649,1.62718,,130,,174.6
650,1.62966,,130,,174.6
651,1.63178,,130,,174.4
652,1.63405,,130,,174.4
653,1.63649,,130,,174.4
654,1.63909,,130,,174.4
655,1.64178,,130,,174.4
656,1.64448,,130,,174.2
657,1.64746,,130,,174.2
658,1.65042,,130,,174.2
659,1.65328,,130,,174.2
660,1.65601,,130,,174
661,1.65858,,130,,174
662,1.66104,,130,,174
663,1.66344,,130,,174
664,1.66599,,129,,174
665,1.66858,,129,,173.8
666,1.67106,,129,,173.8
667,1.67382,,129,,173.8
668,1.6767,,129,,173.8
669,1.67934,,129,,173.8
670,1.68211,,129,,173.6
671,1.68502,,129,,173.6
672,1.68791,,129,,173.6
673,1.69056,,129,,173.6
674,1.69308,,129,,173.4
675,1.69556,,129,,173.4
676,1.69815,,129,,173.4
677,1.70052,,129,,173.4
678,1.70306,,129,,173.4
679,1.70562,,129,,173.2
680,1.70821,,129,,173.2
681,1.71098,,129,,173.2
682,1.71358,,129,,173.2
683,1.71623,,129,,173
684,1.71861,,129,,173
685,1.72091,,129,,173
686,1.72329,,129,,173
687,1.72548,,129,,173
688,1.72784,,128,,173
689,1.73041,,128,,173
690,1.73265,,128,,173
691,1.73496,,129,,173
692,1.73766,,129,,173
693,1.74004,,129,,173
694,1.74269,,129,,173
695,1.74518,,128,,173
696,1.74764,,128,,173
697,1.74981,,128,,173
698,1.75218,,127,,173
699,1.75452,,127,,173
700,1.75687,,127,,173
701,1.75955,,126,,173
702,1.76221,,124,,173
703,1.76493,,122,,173
704,1.76756,,119,,173
705,1.77033,,116,,173
706,1.77324,,115,,173
707,1.77608,,115,,173
708,1.77885,,114,,173
709,1.78157,,113,,173
710,1.78434,,111,,173
711,1.78721,,109,,173
712,1.79,,109,,173
713,1.79283,,110,,173
714,1.79547,,113,,173
715,1.79808,,116,,172.8
716,1.80059,,120,,172.8
717,1.80316,,122,,172.8
718,1.80597,,124,,172.8
719,1.80884,,125,,172.8
720,1.81174,,126,,172.8
721,1.81441,,126,,172.8
722,1.8171,,127,,172.8
723,1.81979,,127,,172.8
724,1.82246,,127,,172.8
725,1.82528,,127,,172.8
726,1.82788,,129,,172.8
727,1.83066,,129,,172.8
728,1.8335,,129,,172.8
729,1.83617,,130,,172.8
730,1.83887,,130,,172.8
731,1.84145,,131,,173
732,1.84402,,131,,173
733,1.84659,,132,,173
734,1.84888,,131,,173
735,1.85136,,131,,173
736,1.85381,,131,,173
737,1.85628,,131,,173
738,1.85868,,131,,173.2
739,1.86094,,132,,173.2
740,1.86344,,131,,173.2
741,1.86578,,132,,173.2
742,1.86804,,131,,173.2
743,1.87021,,132,,173.2
744,1.87245,,132,,173.2
745,1.87497,,132,,173.4
746,1.87735,,133,,173.4
747,1.87989,,134,,173.4
748,1.88239,,135,,173.4
749,1.8851,,134,,173.4
750,1.88773,,133,,173.4
751,1.88993,,133,,173.6
752,1.8924,,133,,173.6
753,1.89483,,133,,173.6
754,1.89695,,133,,173.6
755,1.89943,,133,,173.6
756,1.90183,,132,,173.6
757,1.90438,,132,,173.8
758,1.90698,,131,,173.8
759,1.90939,,131,,173.8
760,1.912,,131,,173.8
761,1.91455,,130,,173.8
762,1.91694,,131,,173.8
763,1.9194,,130,,173.8
764,1.92203,,129,,173.8
765,1.92462,,129,,173.8
766,1.92724,,129,,173.8
767,1.93023,,128,,173.8
768,1.93338,,128,,173.8
769,1.93601,,128,,173.8
770,1.93842,,128,,173.8
771,1.94092,,129,,173.8
772,1.94324,,129,,174
773,1.9456,,130,,174
774,1.94823,,130,,174
775,1.95088,,131,,174
776,1.9535,,132,,174.2
777,1.95609,,131,,174.2
778,1.95859,,132,,174.2
779,1.96104,,132,,174.4
780,1.96351,,132,,174.4
781,1.96608,,132,,174.4
782,1.9686,,132,,174.6
783,1.97114,,132,,174.6
784,1.9737,,132,,174.6
785,1.97605,,132,,174.8
786,1.97852,,133,,174.8
787,1.98111,,132,,174.8
788,1.98367,,133,,175
789,1.98619,,133,,175
790,1.98883,,133,,175
791,1.99141,,133,,175
792,1.99396,,133,,175.2
793,1.99636,,134,,175.2
794,1.9987,,133,,175.2
795,2.00125,,134,,175.4
796,2.00398,,133,,175.4
796,2.00398,,133,,175.4
797,2.00663,,134,,175.6
798,2.00929,,134,,175.6
799,2.01204,,134,,175.8
800,2.01495,,135,,176
801,2.01798,,136,,176
802,2.02107,,136,,176.2
803,2.02401,,136,,176.2
804,2.02732,,136,,176.4
805,2.03058,,137,,176.6
806,2.03371,,138,,176.6
807,2.0371,,139,,176.6
808,2.04033,,139,,176.8
809,2.04356,,139,,176.8
810,2.04681,,140,,177
811,2.05002,,140,,177
812,2.05329,,141,,177
813,2.05636,,141,,177.2
814,2.05959,,141,,177.2
815,2.063,,141,,177.2
816,2.06627,,142,,177.4
817,2.06956,,142,,177.4
818,2.07287,,142,,177.6
819,2.07628,,142,,177.6
820,2.0795,,142,,177.6
821,2.08248,,143,,177.6
822,2.08556,,144,,177.8
823,2.0886,,144,,177.8
824,2.09178,,143,,177.8
825,2.0951,,142,,177.8
826,2.09846,,142,,178
827,2.10173,,143,,178
828,2.10491,,143,,178
829,2.10795,,143,,178
830,2.11085,,143,,178.2
831,2.11392,,143,,178.2
832,2.11701,,143,,178.2
833,2.11996,,143,,178.2
834,2.12296,,143,,178.2
835,2.12579,,143,,178.2
836,2.12877,,143,,178.2
837,2.13176,,143,,178.2
838,2.13471,,144,,178.4
839,2.13783,,143,,178.4
840,2.14111,,143,,178.4
841,2.14434,,144,,178.4
842,2.14756,,144,,178.4
843,2.15077,,144,,178.4
844,2.15389,,144,,178.4
845,2.15704,,144,,178.2
846,2.1602,,145,,178.2
847,2.16336,,145,,178.2
848,2.16663,,145,,178.2
849,2.16991,,145,,178
850,2.17324,,145,,178
851,2.17634,,146,,178
852,2.17941,,146,,178
853,2.18257,,145,,177.8
854,2.18565,,145,,177.8
855,2.18869,,146,,177.6
856,2.19172,,146,,177.6
857,2.19476,,147,,177.4
858,2.19778,,146,,177.6
859,2.20083,,146,,177.6
860,2.20414,,146,,177.6
861,2.20744,,147,,177.6
862,2.21075,,146,,177.6
863,2.21408,,146,,177.6
864,2.21736,,146,,177.6
865,2.22049,,145,,177.6
866,2.2237,,145,,177.8
867,2.22698,,145,,177.8
868,2.23019,,146,,177.8
869,2.23326,,146,,177.8
870,2.23604,,147,,177.8
871,2.23902,,146,,177.8
872,2.24192,,147,,177.8
873,2.24478,,146,,177.8
874,2.24767,,146,,177.8
875,2.2505,,147,,177.8
876,2.25339,,147,,177.8
877,2.25629,,146,,177.8
878,2.25913,,146,,177.8
879,2.2619,,146,,178
880,2.26494,,146,,178
881,2.26793,,146,,178
882,2.27092,,146,,178
883,2.27399,,146,,178
884,2.27709,,146,,178
885,2.28006,,147,,178
886,2.28309,,147,,178
887,2.28621,,147,,178
888,2.28929,,146,,178
889,2.29229,,147,,178
890,2.29509,,146,,178
891,2.29778,,146,,178
892,2.30067,,146,,178
893,2.30385,,147,,178
894,2.30705,,147,,178.2
895,2.31031,,147,,178.2
896,2.31344,,147,,178.2
897,2.31657,,147,,178.2
898,2.31945,,147,,178.2
899,2.32228,,147,,178.2
900,2.32513,,147,,178.2
901,2.32819,,147,,178.2
902,2.33122,,147,,178.2
903,2.33434,,147,,178.2
904,2.3372,,147,,178.2
905,2.34025,,147,,178
906,2.34355,,147,,178
907,2.34692,,147,,178
908,2.3503,,147,,178.2
909,2.3534,,147,,178.4
910,2.35648,,147,,178.6
911,2.35944,,147,,178.8
912,2.36233,,147,,178.8
913,2.36517,,146,,178.8
914,2.36803,,146,,178.8
915,2.371,,146,,178.8
916,2.3739,,147,,178.6
917,2.37683,,146,,178.6
918,2.37987,,146,,178.4
919,2.38276,,146,,178.4
920,2.38857,,146,,178.2
921,2.38857,,146,,178.2
922,2.39163,,146,,178.2
923,2.39481,,146,,178
924,2.39824,,146,,177.8
925,2.40145,,146,,177.8
926,2.40458,,147,,178
927,2.40761,,146,,178
928,2.41065,,147,,178.2
929,2.41377,,146,,178.4
930,2.41698,,147,,178.6
931,2.41991,,146,,178.6
932,2.42287,,146,,178.8
933,2.42609,,147,,178.6
934,2.42915,,147,,178.6
935,2.43216,,147,,178.6
936,2.43536,,146,,178.8
937,2.43847,,146,,178.8
938,2.44157,,147,,178.8
939,2.44469,,147,,178.8
940,2.44807,,146,,178.8
941,2.45152,,147,,178.8
942,2.45481,,147,,178.8
943,2.4581,,147,,178.8
944,2.46173,,147,,179
945,2.46539,,147,,179
946,2.46876,,147,,179.2
947,2.47199,,147,,179.2
948,2.47526,,147,,179.4
949,2.47849,,147,,179.4
950,2.48177,,147,,179.4
951,2.48496,,147,,179.4
952,2.48795,,147,,179.4
953,2.49082,,146,,179.4
954,2.49357,,147,,179.2
955,2.49665,,146,,179.2
956,2.49982,,147,,179.2
957,2.50283,,147,,179.2
958,2.50565,,146,,179.4
959,2.50859,,146,,179.4
960,2.51173,,146,,179.4
961,2.51525,,147,,179.4
962,2.51876,,147,,179.4
963,2.52201,,147,,179.2
964,2.52503,,147,,179.2
965,2.52815,,147,,179.2
966,2.53098,,147,,179.4
967,2.53395,,147,,179.4
968,2.53726,,147,,179.6
969,2.54069,,147,,179.4
970,2.54409,,147,,179.4
971,2.54742,,147,,179.4
972,2.55062,,147,,179.2
973,2.55393,,147,,179.2
974,2.55742,,147,,179
975,2.56118,,147,,178.8
976,2.56478,,147,,178.6
977,2.56817,,147,,178.6
978,2.57153,,147,,178.4
979,2.57476,,148,,178.4
980,2.57798,,148,,178.2
981,2.58114,,148,,178.2
982,2.58448,,147,,178
983,2.58785,,148,,178
984,2.59132,,148,,178
985,2.59452,,148,,178.2
986,2.59761,,148,,178.2
987,2.60061,,148,,178
988,2.60371,,148,,178
989,2.60688,,148,,177.8
990,2.61001,,148,,177.8
991,2.61309,,149,,177.8
992,2.61596,,148,,177.8
993,2.61894,,149,,177.8
994,2.62202,,149,,177.8
995,2.6251,,149,,177.8
996,2.62829,,148,,177.8
997,2.63159,,149,,177.6
998,2.63478,,149,,177.8
999,2.63791,,149,,177.8
1000,2.64105,,149,,177.8
1001,2.6441,,149,,178
1002,2.64731,,149,,178
1003,2.65076,,149,,178.4
1004,2.65427,,148,,179
1005,2.65758,,149,,179.4
1006,2.66086,,149,,179.6
1007,2.66414,,149,,179.8
1008,2.66735,,149,,179.8
1009,2.6704,,149,,180
1010,2.67344,,150,,180
1011,2.67675,,149,,180.2
1012,2.68011,,149,,180.4
1013,2.68339,,149,,180.4
1014,2.68641,,149,,180.6
1015,2.68935,,149,,180.8
1016,2.69245,,149,,181
1017,2.6956,,149,,181.2
1018,2.69888,,150,,181.4
1019,2.70191,,149,,181.6
1020,2.70478,,149,,181.6
1021,2.70757,,149,,181.8
1022,2.7104,,150,,181.8
1023,2.71325,,149,,181.8
1024,2.71618,,149,,182
1025,2.71922,,149,,182.2
1026,2.72218,,149,,182.4
1027,2.72532,,149,,182.4
1028,2.72858,,149,,182.6
1029,2.73178,,149,,182.8
1030,2.73489,,149,,183
1031,2.73793,,149,,183.4
1032,2.74105,,149,,183.6
1033,2.74403,,149,,184
1034,2.74706,,149,,184.2
1035,2.75005,,149,,184.4
1036,2.75316,,149,,184.6
1037,2.75631,,149,,184.8
1038,2.75963,,149,,185
1039,2.76297,,149,,185.4
1040,2.76629,,149,,185.6
1041,2.76961,,149,,186
1042,2.77308,,149,,186.2
1043,2.78017,,149,,187
1044,2.78017,,149,,187
1045,2.78338,,149,,187.4
1046,2.78673,,149,,187.8
1047,2.79018,,149,,188.2
1048,2.79352,,149,,188.6
1049,2.79686,,149,,189.2
1050,2.80037,,149,,189.8
1051,2.8037,,148,,189.8
1052,2.80718,,149,,190
1053,2.81062,,148,,190.2
1054,2.814,,149,,190.4
1055,2.81735,,148,,190.4
1056,2.82066,,149,,190.6
1057,2.82371,,149,,190.8
1058,2.8267,,149,,191
1059,2.82978,,149,,191
1060,2.83295,,149,,191.2
1061,2.83614,,149,,191.4
1062,2.83933,,149,,191.4
1063,2.84248,,149,,191.6
1064,2.84565,,149,,191.8
1065,2.84919,,149,,191.8
1066,2.85269,,150,,192
1067,2.85592,,149,,192
1068,2.85917,,149,,192
1069,2.86236,,149,,192.2
1070,2.86524,,150,,192.2
1071,2.86838,,149,,192.4
1072,2.87164,,150,,192.6
1073,2.8746,,150,,192.8
1074,2.87749,,150,,192.8
1075,2.88418,,150,,193.2
1076,2.88418,,150,,193.2
1077,2.88726,,149,,193.4
1078,2.89049,,149,,193.6
1079,2.89351,,149,,193.8
1080,2.89669,,150,,194
1081,2.89972,,150,,194.2
1082,2.90296,,150,,194.4
1083,2.90609,,150,,194.6
1084,2.90947,,149,,194.6
1085,2.91272,,150,,194.8
1086,2.91602,,150,,194.8
1087,2.91932,,150,,195
1088,2.92239,,150,,195.2
1089,2.92569,,150,,195.2
1090,2.92893,,150,,195.4
1091,2.93186,,150,,195.4
1092,2.93481,,150,,195.6
1093,2.93779,,150,,195.8
1094,2.94082,,150,,195.8
1095,2.94366,,150,,195.8
1096,2.94661,,150,,195.6
1097,2.95002,,150,,195.6
1098,2.95331,,150,,195.4
1099,2.95695,,150,,195.4
1100,2.9602,,149,,195.2
1101,2.96311,,149,,195
1102,2.96614,,149,,195
1103,2.96945,,149,,194.8
1104,2.97282,,149,,194.8
1105,2.97611,,149,,194.6
1106,2.97908,,149,,194.6
1107,2.98206,,149,,194.6
1108,2.98528,,149,,194.4
1109,2.98817,,149,,194.4
1110,2.99081,,149,,194.4
1111,2.99354,,149,,194.4
1112,2.99639,,149,,194.4
1113,2.99943,,148,,194.4
1114,3.00264,,149,,194.6
1115,3.00592,,149,,194.6
1116,3.0091,,149,,194.6
1117,3.01239,,148,,194.6
1118,3.01579,,149,,194.6
1119,3.01912,,149,,194.6
1120,3.0224,,149,,194.8
1121,3.02584,,149,,194.8
1122,3.02909,,149,,195
1123,3.03259,,148,,195.2
1124,3.03566,,149,,195.2
1125,3.03866,,149,,195
1126,3.04129,,149,,195
1127,3.04443,,149,,194.8
1128,3.04772,,149,,194.6
1129,3.05103,,148,,194.4
1130,3.05438,,149,,194.2
1131,3.05748,,148,,194
1132,3.06069,,149,,193.8
1133,3.06391,,148,,193.6
1134,3.0671,,148,,193.4
1135,3.07009,,148,,193.4
1136,3.07292,,148,,193.4
1137,3.07636,,148,,193.2
1138,3.07944,,148,,193.2
1139,3.08254,,149,,193.2
1140,3.08566,,149,,193.4
1141,3.08884,,149,,193.4
1142,3.09166,,149,,193.4
1143,3.09418,,149,,193.4
1144,3.09682,,149,,193.4
1145,3.09935,,149,,193.4
1146,3.10208,,149,,193.4
1147,3.10446,,149,,193.4
1148,3.10773,,148,,193.2
1149,3.11066,,149,,193.2
1150,3.11383,,149,,193.2
1151,3.11697,,149,,193.2
1152,3.12016,,149,,193.2
1153,3.12349,,149,,193.2
1154,3.12669,,149,,193.2
1155,3.13044,,149,,193.2
1156,3.13388,,149,,193.4
1157,3.13733,,150,,193.2
1158,3.1409,,150,,193
1159,3.14438,,149,,192.8
1160,3.14807,,149,,192.6
1161,3.15157,,150,,192.6
1162,3.15527,,150,,192.4
1163,3.159,,149,,192.2
1164,3.16242,,150,,192.2
1165,3.16589,,150,,192
1166,3.16952,,150,,191.6
1167,3.17306,,149,,191.4
1168,3.17684,,150,,191.2
1169,3.18028,,150,,191
1170,3.18361,,150,,190.8
1171,3.18686,,150,,190.6
1172,3.19032,,149,,190.4
1173,3.19365,,150,,190.2
1174,3.19684,,150,,190
1175,3.19995,,149,,190
1176,3.20296,,149,,189.8
1177,3.20587,,149,,189.6
1178,3.20901,,150,,189.4
1179,3.21217,,149,,189.4
1180,3.21554,,149,,189.2
1181,3.21884,,149,,189.2
1182,3.22218,,149,,189
1183,3.22556,,149,,188.8
1184,3.22873,,149,,188.8
1185,3.2318,,149,,188.6
1186,3.23499,,149,,188.4
1187,3.23822,,149,,188.2
1188,3.24146,,149,,188.2
1189,3.24468,,149,,188
1190,3.24817,,149,,188
1191,3.25144,,150,,187.8
1192,3.25487,,150,,187.8
1193,3.26175,,149,,188
1194,3.26175,,150,,188
1195,3.26514,,150,,188.2
1196,3.26844,,150,,188.2
1197,3.27183,,149,,188.4
1198,3.27502,,150,,188.4
1199,3.27802,,150,,188.4
1200,3.28113,,150,,188.4
1201,3.28419,,150,,188.6
1202,3.28737,,150,,188.6
1203,3.29044,,149,,188.6
1204,3.29372,,150,,188.8
1205,3.29697,,150,,188.8
1206,3.30015,,150,,188.8
1207,3.30321,,150,,189
1208,3.30655,,149,,189
1209,3.30994,,149,,189
1210,3.31317,,150,,189.2
1211,3.31625,,150,,189.2
1212,3.31972,,150,,189.4
1213,3.32317,,150,,189.4
1214,3.32664,,150,,189.6
1215,3.33004,,150,,189.6
1216,3.33352,,150,,189.4
1217,3.33711,,150,,189.4
1218,3.34073,,150,,189.2
1219,3.34413,,150,,189.2
1220,3.34733,,150,,189
1221,3.35056,,151,,189
1222,3.35369,,150,,189
1223,3.3569,,150,,188.8
1224,3.36,,150,,188.8
1225,3.36312,,150,,188.8
1226,3.36638,,150,,188.6
1227,3.36966,,150,,188.6
1228,3.37261,,150,,188.6
1229,3.37576,,150,,188.4
1230,3.37915,,150,,188.4
1231,3.38238,,150,,188.2
1232,3.38552,,150,,188.2
1233,3.3887,,150,,188.2
1234,3.39189,,150,,188.2
1235,3.39515,,150,,188.2
1236,3.39842,,150,,188.2
1237,3.40156,,150,,188.2
1238,3.40441,,151,,188.2
1239,3.40735,,150,,188.4
1240,3.41028,,150,,188.4
1241,3.41342,,150,,188.4
1242,3.41648,,151,,188.4
1243,3.41954,,150,,188.4
1244,3.42237,,151,,188.4
1245,3.42532,,151,,188.6
1246,3.42805,,151,,188.6
1247,3.431,,150,,188.6
1248,3.43391,,151,,188.6
1249,3.43714,,151,,188.6
1250,3.44009,,151,,188.8
1251,3.44312,,151,,188.8
1252,3.44615,,151,,188.8
1253,3.44923,,150,,188.8
1254,3.45215,,151,,188.8
1255,3.45501,,151,,188.8
1256,3.45805,,151,,189
1257,3.46138,,150,,189
1258,3.46464,,151,,189
1259,3.46794,,151,,189
1260,3.47104,,151,,189
1261,3.47412,,151,,189
1262,3.47732,,151,,189
1263,3.48079,,151,,189
1264,3.48378,,151,,189
1265,3.48692,,151,,189
1266,3.48987,,151,,189
1267,3.49294,,151,,189
1268,3.49611,,151,,189
1269,3.49963,,151,,189
1270,3.50311,,150,,189
1271,3.50652,,151,,189
1272,3.50973,,149,,189
1273,3.51286,,150,,189.2
1274,3.51572,,150,,189.2
1275,3.51876,,150,,189.4
1276,3.52182,,150,,189.4
1277,3.525,,150,,189.6
1278,3.52828,,150,,189.6
1279,3.53157,,150,,189.6
1280,3.53469,,150,,189.8
1281,3.53807,,150,,189.8
1282,3.54126,,150,,190
1283,3.54432,,151,,190
1284,3.54738,,151,,190.2
1285,3.5506,,151,,190.2
1286,3.5538,,150,,190.2
1287,3.55728,,151,,190.4
1288,3.56045,,151,,190.4
1289,3.56356,,150,,190.6
1290,3.56672,,150,,190.6
1291,3.57003,,151,,190.6
1292,3.57329,,151,,190.8
1293,3.5764,,150,,190.8
1294,3.57902,,151,,191
1295,3.58178,,151,,191
1296,3.58462,,151,,191
1297,3.58746,,151,,191.2
1298,3.59041,,151,,191.2
1299,3.59323,,151,,191.2
1300,3.59639,,151,,191.4
1301,3.59939,,151,,191.4
1302,3.60204,,151,,191.4
1303,3.6048,,151,,191.6
1304,3.60786,,151,,191.6
1305,3.61128,,151,,191.8
1306,3.61468,,151,,191.8
1307,3.61802,,150,,192
1308,3.62182,,151,,192.2
1309,3.62547,,151,,192.2
1310,3.62898,,151,,192.4
1311,3.63216,,151,,192.6
1312,3.63513,,151,,192.8
1313,3.63794,,151,,192.8
1314,3.64059,,151,,193
1315,3.64338,,152,,193
1316,3.64643,,151,,193.2
1317,3.64984,,152,,193.4
1318,3.65351,,152,,193.4
1319,3.65684,,152,,193.6
1320,3.66004,,152,,193.8
1321,3.66309,,152,,193.8
1322,3.66644,,152,,194
1323,3.66938,,153,,194.2
1324,3.6721,,152,,194.2
1325,3.67473,,152,,194.4
1326,3.67769,,152,,194.4
1327,3.68092,,153,,194.6
1328,3.68417,,153,,194.8
1329,3.68755,,152,,194.8
1330,3.69097,,152,,195
1331,3.69419,,152,,195.2
1332,3.69764,,152,,195.2
1333,3.70102,,152,,195.4
1334,3.70451,,153,,195.6
1335,3.70766,,152,,195.8
1336,3.7105,,152,,195.8
1337,3.71353,,152,,195.8
1338,3.7166,,152,,195.8
1339,3.71977,,152,,195.8
1340,3.72315,,153,,195.8
1341,3.72665,,152,,195.6
1342,3.73007,,153,,195.6
1343,3.73334,,153,,195.6
1344,3.73628,,153,,195.6
1345,3.7395,,153,,195.6
1346,3.74262,,153,,195.6
1347,3.74587,,153,,195.6
1348,3.74904,,153,,195.4
1349,3.75187,,153,,195.4
1350,3.75443,,153,,195.4
1351,3.75681,,153,,195.4
1352,3.75951,,153,,195.4
1353,3.76216,,153,,195.4
1354,3.76542,,153,,195.2
1355,3.76883,,153,,195.2
1356,3.77234,,153,,195.2
1357,3.77577,,153,,195.2
1358,3.77872,,153,,195.2
1359,3.78177,,153,,195.2
1360,3.78495,,153,,195
1361,3.78849,,153,,195
1362,3.792,,153,,195
1363,3.79565,,153,,195
1364,3.79949,,153,,195
1365,3.80283,,153,,195
1366,3.80644,,153,,195
1367,3.81047,,154,,195
1368,3.81434,,153,,195
1369,3.8178,,153,,195
1370,3.82091,,153,,195.2
1371,3.82442,,154,,195.2
1372,3.82828,,153,,195.4
1373,3.83181,,153,,195.6
1374,3.83499,,153,,195.6
1375,3.83855,,154,,195.8
1376,3.8422,,153,,196
1377,3.84551,,154,,196
1378,3.84902,,153,,196.2
1379,3.85253,,154,,196.4
1380,3.85601,,153,,196.4
1381,3.85952,,154,,196.6
1382,3.8629,,154,,196.8
1383,3.86615,,154,,197
1384,3.86947,,154,,197.2
1385,3.87283,,154,,197.4
1386,3.87585,,154,,197.6
1387,3.87881,,154,,197.6
1388,3.88231,,154,,197.8
1389,3.88571,,154,,198
1390,3.88911,,155,,198
1391,3.89245,,154,,198.2
1392,3.89579,,154,,198.4
1393,3.89895,,154,,198.4
1394,3.902,,155,,198.6
1395,3.90528,,155,,198.8
1396,3.90867,,155,,199
1397,3.91176,,154,,199
1398,3.91511,,154,,199
1399,3.91837,,155,,199.2
1400,3.9218,,155,,199.4
1401,3.92505,,155,,199.4
1402,3.93141,,155,,199.6
1403,3.93141,,155,,199.6
1404,3.93422,,155,,199.8
1405,3.93761,,155,,199.8
1406,3.94103,,154,,199.8
1407,3.94442,,155,,200
1408,3.94783,,154,,200.2
1409,3.95109,,154,,200.4
1410,3.95438,,154,,200.6
1411,3.95766,,155,,200.8
1412,3.96077,,154,,200.8
1413,3.96396,,155,,201
1414,3.96752,,155,,201.2
1415,3.97107,,154,,201.2
1416,3.97453,,154,,201.4
1417,3.97799,,155,,201.4
1418,3.98144,,155,,201.6
1419,3.98491,,154,,201.8
1420,3.98831,,154,,202
1421,3.99148,,154,,202.2
1422,3.99482,,154,,202.2
1423,3.99809,,154,,202.4
1424,4.0013,,155,,202.6
1425,4.00485,,154,,202.8
1426,4.00822,,154,,203
1427,4.0115,,154,,203.2
1428,4.01504,,154,,203.2
1429,4.01863,,154,,203.4
1430,4.02233,,154,,203.6
1431,4.02612,,154,,203.8
1432,4.02994,,155,,204
1433,4.03344,,155,,204
1434,4.03675,,155,,204
1435,4.0401,,155,,204.2
1436,4.04381,,155,,204
1437,4.04731,,155,,204
1438,4.05047,,155,,204
1439,4.0536,,155,,204
1440,4.05671,,155,,204
1441,4.06003,,155,,204
1442,4.06342,,155,,204
1443,4.06682,,155,,204
1444,4.07032,,155,,204
1445,4.07384,,155,,204
1446,4.07695,,155,,204.2
1447,4.08012,,155,,204.2
1448,4.08352,,155,,204
1449,4.0868,,155,,204
1450,4.09033,,155,,204
1451,4.09362,,155,,204
1452,4.09671,,156,,203.8
1453,4.09956,,155,,203.8
1454,4.10256,,155,,203.8
1455,4.1059,,155,,203.8
1456,4.10923,,155,,203.8
1457,4.11242,,155,,203.6
1457,4.11242,,155,,203.6
1458,4.11537,,156,,203.6
1459,4.11795,,155,,203.6
1460,4.11996,,154,,203.6
1461,4.12146,,155,,203.4
1462,4.12278,,153,,203.4
1463,4.12397,,152,,203.4
1464,4.12533,,151,,203.6
1465,4.12684,,151,,203.4
1466,4.12818,,151,,203.4
1467,4.12934,,150,,203.4
1468,4.13048,,149,,203.6
1469,4.13175,,148,,203.6
1470,4.13286,,146,,203.8
1471,4.13409,,145,,203.8
1472,4.13533,,145,,204
1473,4.13662,,145,,204
1474,4.13809,,143,,204
1475,4.13954,,142,,204.2
1476,4.14104,,142,,204.2
1477,4.14267,,142,,204.2
1478,4.14419,,141,,204.2
1479,4.1457,,140,,204.2
1480,4.14717,,139,,204
1481,4.14862,,138,,204
1482,4.15008,,138,,204.2
1483,4.15158,,136,,204.2
1484,4.15307,,133,,204.2
1485,4.1546,,131,,204.4
1486,4.15603,,129,,204.4
1487,4.1576,,127,,204.4
1488,4.1591,,123,,204.6
1489,4.16059,,121,,204.6
1490,4.16241,,120,,204.6
1491,4.16401,,118,,204.6
1492,4.16573,,116,,204.6
1493,4.16698,,114,,204.6
1494,4.16835,,113,,204.8
1495,4.16995,,113,,204.8
1496,4.17143,,112,,204.8
1497,4.17324,,111,,204.8
1498,4.175,,110,,204.8
1499,4.17699,,110,,204.8
1500,4.1789,,110,,204.8
1501,4.181,,110,,204.8
1502,4.183,,111,,204.8
1503,4.18456,,113,,204.8
1504,4.18616,,118,,205
1505,4.18781,,125,,205
1506,4.18936,,129,,205
1507,4.19105,,131,,205
1508,4.19274,,132,,205
1509,4.19443,,132,,205.2
1510,4.19604,,131,,205.2
1511,4.19775,,131,,205.4
1512,4.19948,,131,,205.4
1513,4.20111,,131,,205.4
1514,4.2029,,131,,205.4
1515,4.20471,,130,,205.4
1516,4.20643,,130,,205.4
1517,4.20808,,129,,205.4
1518,4.20971,,128,,205.4
1519,4.21138,,127,,205.4
1520,4.213,,127,,205.4
1521,4.21477,,125,,205.4
1522,4.21645,,124,,205.4
1523,4.21798,,123,,205.6
1524,4.21958,,122,,205.6
1525,4.22093,,122,,205.6
1526,4.22255,,122,,205.6
1527,4.22414,,121,,205.6
1528,4.22582,,121,,205.6
1529,4.22771,,121,,205.6
1530,4.22951,,119,,205.6
1531,4.23112,,118,,205.4
1532,4.2329,,118,,205.4
1533,4.23465,,117,,205.4
1534,4.23621,,116,,205.4
1535,4.23781,,116,,205.4
1536,4.2394,,116,,205.4
1537,4.24087,,117,,205.4
1538,4.24225,,118,,205.4
1539,4.24366,,118,,205.4
1540,4.24537,,117,,205.2
1541,4.24691,,116,,205.2
1542,4.24825,,116,,205.2
1543,4.24969,,115,,205.2
1544,4.25129,,114,,205.2
1545,4.25299,,113,,205.4
1546,4.25464,,112,,205.4
1547,4.25633,,111,,205.4
1548,4.25827,,111,,205.2
1549,4.26036,,112,,205.2
1550,4.26215,,112,,205.2
1551,4.26368,,113,,205.4
1552,4.26506,,112,,205.2
1553,4.26668,,112,,205.4
1554,4.26816,,110,,205.4
1555,4.26963,,108,,205.4
1556,4.27112,,108,,205.4
1557,4.27264,,107,,205.4
1558,4.27409,,107,,205.4
1559,4.2758,,107,,205.4
1560,4.27743,,107,,205.4
1561,4.27872,,108,,205.4
1562,4.28013,,108,,205.4
1563,4.28154,,109,,205.6
1564,4.28306,,109,,205.6
1565,4.28472,,107,,205.6
1566,4.28661,,106,,205.6
1567,4.28817,,106,,205.6
1568,4.28974,,107,,205.4
1569,4.29139,,108,,205.4
1570,4.293,,110,,205.4
1571,4.29448,,110,,205.4
1572,4.29604,,111,,205.4
1573,4.29755,,111,,205.4
1574,4.29917,,111,,205.4
1575,4.30099,,111,,205.4
1576,4.30274,,111,,205.4
1577,4.30465,,111,,205.4
1578,4.30694,,112,,205.6
1579,4.30914,,114,,205.6
1580,4.31155,,114,,205.6
1581,4.31404,,115,,205.6
1582,4.31684,,115,,205.6
1583,4.31951,,116,,205.8
1584,4.32202,,116,,205.8
1585,4.32457,,117,,205.8
1586,4.32718,,118,,205.6
1587,4.32995,,119,,205.6
1588,4.3328,,120,,205.4
1589,4.33559,,120,,205.2
1590,4.33834,,120,,205.2
1591,4.3411,,121,,205
1592,4.34366,,121,,204.8
1593,4.3463,,122,,204.8
1594,4.34908,,122,,204.6
1595,4.35164,,122,,204.4
1596,4.35418,,122,,204.2
1597,4.35658,,122,,204
1598,4.35903,,122,,204
1599,4.36152,,122,,203.8
1600,4.36405,,122,,203.8
1601,4.36651,,123,,203.6
1602,4.36918,,123,,203.4
1603,4.3716,,124,,203.6
1604,4.37416,,124,,203.8
1605,4.3767,,124,,204
1606,4.37922,,125,,204
1607,4.382,,125,,204.2
1608,4.38439,,126,,204.4
1609,4.38681,,127,,204.6
1610,4.38922,,127,,204.6
1611,4.39155,,127,,204.8
1612,4.39377,,127,,204.8
1613,4.39593,,127,,205
1614,4.39824,,128,,205.2
1615,4.40058,,127,,205.2
1616,4.40321,,128,,205.4
1617,4.40593,,128,,205.6
1618,4.40853,,128,,205.6
1619,4.41145,,128,,205.8
1620,4.41441,,128,,206
1621,4.41736,,128,,206.2
1622,4.41991,,128,,206.4
1623,4.42272,,128,,206.4
1624,4.42534,,127,,206.6
1625,4.42837,,127,,206.8
1626,4.43097,,127,,207
1627,4.4336,,128,,207
1628,4.43634,,128,,207.2
1629,4.43882,,129,,207.4
1630,4.4414,,129,,207.4
1631,4.44361,,130,,207.6
1632,4.44598,,130,,207.8
1633,4.44839,,130,,207.8
1634,4.45067,,131,,208
1635,4.45316,,131,,208.2
1636,4.45583,,131,,208.2
1637,4.45857,,131,,208.4
1638,4.46135,,131,,208.4
1639,4.46434,,132,,208.6
1640,4.4673,,132,,208.6
1641,4.47006,,132,,208.8
1642,4.47276,,132,,208.8
1643,4.47535,,133,,208.8
1644,4.47788,,133,,208.8
1645,4.48037,,133,,209
1646,4.48269,,133,,209
1647,4.4851,,132,,209
1648,4.48713,,132,,209
1649,4.48932,,132,,209.2
1650,4.49159,,132,,209.2
1651,4.49372,,132,,209.2
1652,4.49625,,132,,209.2
1653,4.49861,,131,,209.4
1654,4.50125,,131,,209.4
1655,4.50375,,131,,209.4
1656,4.50634,,131,,209.4
1657,4.50859,,131,,209.6
1658,4.51064,,131,,209.6
1659,4.51279,,131,,209.6
1660,4.51481,,132,,209.8
1661,4.51682,,131,,209.8
1662,4.51899,,131,,209.8
1663,4.52128,,132,,209.8
1664,4.52333,,132,,210
1665,4.52531,,132,,210
1666,4.52767,,132,,210
1667,4.52966,,132,,210
1668,4.53193,,132,,210.2
1669,4.53429,,133,,210.2
1670,4.53679,,133,,210.2
1671,4.53931,,132,,210.2
1672,4.54165,,133,,210.4
1673,4.54391,,133,,210.4
1674,4.54623,,133,,210.4
1675,4.54831,,133,,210.4
1676,4.55108,,133,,210.4
1677,4.5538,,132,,210.6
1678,4.55662,,132,,210.6
1679,4.55951,,132,,210.6
1680,4.56243,,132,,210.4
1681,4.56566,,131,,210.4
1682,4.56829,,131,,210.4
1683,4.57096,,131,,210.2
1684,4.57354,,131,,210.2
1685,4.57603,,130,,210.2
1686,4.57862,,131,,210.2
1687,4.58125,,131,,210
1688,4.58406,,131,,210
1689,4.58664,,130,,210
1690,4.58924,,130,,210
1691,4.59194,,131,,210
1692,4.59434,,130,,210
1693,4.59683,,130,,209.8
1694,4.59913,,131,,209.8
1695,4.6016,,131,,209.8
1696,4.60409,,131,,209.8
1697,4.60639,,131,,209.8
1698,4.60913,,131,,209.6
1699,4.61148,,131,,209.6
1700,4.61398,,131,,209.6
1701,4.61663,,131,,209.6
1702,4.61916,,131,,209.4
1703,4.62174,,131,,209.4
1704,4.62426,,131,,209.4
1705,4.62684,,131,,209.4
1706,4.62923,,131,,209.4
1707,4.63187,,131,,209.2
1708,4.63442,,131,,209.2
1709,4.63706,,131,,209.2
1710,4.63962,,131,,209.2
1711,4.64248,,131,,209.2
1712,4.64502,,131,,209.2
1713,4.64734,,132,,209.2
1714,4.64999,,132,,209.2
1715,4.65268,,132,,209
1716,4.65522,,132,,209
1717,4.65774,,132,,209.2
1718,4.6604,,131,,209.2
1719,4.66309,,132,,209.2
1720,4.66576,,132,,209.4
1721,4.66826,,131,,209.4
1722,4.67091,,132,,209.4
1723,4.6734,,132,,209.6
1724,4.67601,,131,,209.6
1725,4.67898,,131,,209.6
1726,4.68169,,131,,209.8
1727,4.68426,,132,,209.8
1728,4.6864,,132,,210
1729,4.68849,,132,,210
1730,4.69075,,132,,210.2
1731,4.69304,,132,,210.2
1732,4.69555,,132,,210.2
1733,4.69812,,133,,210.2
1734,4.70077,,133,,210.4
1735,4.70357,,132,,210.4
1736,4.70592,,132,,210.6
1737,4.70851,,132,,210.6
1738,4.7109,,133,,210.6
1739,4.71355,,132,,210.8
1740,4.71641,,132,,210.8
1741,4.71896,,132,,210.8
1742,4.7217,,132,,211
1743,4.72433,,133,,211
1744,4.72677,,132,,211
1745,4.72894,,132,,211.2
1746,4.7312,,132,,211.2
1747,4.73618,,132,,211.2
1748,4.73618,,132,,211.2
1749,4.73873,,133,,211.2
1750,4.74111,,133,,211.2
1751,4.74367,,133,,211.4
1752,4.74626,,133,,211.4
1753,4.7488,,133,,211.4
1754,4.75143,,133,,211.4
1755,4.75389,,133,,211.4
1756,4.75629,,133,,211.4
1757,4.75866,,133,,211.4
1758,4.76096,,133,,211.4
1759,4.76344,,133,,211.6
1760,4.76576,,133,,211.6
1761,4.76821,,133,,211.6
1762,4.77053,,133,,211.6
1763,4.77271,,133,,211.6
1764,4.77516,,132,,211.6
1765,4.77753,,132,,211.6
1766,4.78,,132,,211.4
1767,4.78241,,132,,211.4
1768,4.7846,,132,,211.4
1769,4.7871,,132,,211.4
1770,4.7892,,132,,211.4
1771,4.79168,,132,,211.4
1772,4.7941,,132,,211.4
1773,4.79687,,132,,211.4
1774,4.79967,,132,,211.4
1775,4.80235,,132,,211.4
1776,4.80508,,132,,211.4
1777,4.80772,,132,,211.4
1778,4.81022,,132,,211.4
1779,4.81277,,131,,211.4
1780,4.81522,,132,,211.4
1781,4.81774,,132,,211.4
1782,4.8203,,132,,211.4
1783,4.82299,,131,,211.4
1784,4.82568,,131,,211.4
1785,4.8282,,131,,211.4
1786,4.83071,,131,,211.4
1787,4.8332,,131,,211.4
1788,4.83557,,131,,211.4
1789,4.83818,,131,,211.2
1790,4.84068,,131,,211.4
1791,4.84298,,131,,211.4
1792,4.84531,,131,,211.4
1793,4.84764,,131,,211.4
1794,4.84999,,131,,211.2
1795,4.85241,,131,,211.2
1796,4.85475,,131,,211.2
1797,4.85729,,131,,211.4
1798,4.85976,,131,,211.4
1799,4.8621,,131,,211.4
1800,4.8641,,131,,211.4
1801,4.8665,,131,,211.6
1802,4.86887,,131,,211.6
1803,4.8712,,131,,211.6
1804,4.87351,,131,,211.8
1805,4.87577,,131,,211.8
1806,4.87802,,131,,211.8
1807,4.88013,,131,,212
1808,4.88238,,131,,212
1809,4.88501,,131,,212
1810,4.88762,,131,,212.2
1811,4.89009,,131,,212.2
1812,4.89239,,131,,212.4
1813,4.89493,,131,,212.4
1814,4.89743,,131,,212.4
1815,4.89971,,131,,212.4
1816,4.90235,,132,,212.6
1817,4.90472,,132,,212.6
1818,4.90759,,132,,212.6
1819,4.91023,,133,,212.8
1820,4.91294,,132,,212.8
1821,4.91569,,132,,212.8
1822,4.91815,,132,,213
1823,4.9207,,132,,213
1824,4.92336,,132,,213.2
1825,4.92574,,132,,213.2
1826,4.92796,,131,,213.4
1827,4.93038,,131,,213.4
1828,4.93266,,131,,213.6
1829,4.93536,,131,,213.6
1830,4.93815,,131,,213.8
1831,4.94061,,131,,213.8
1832,4.94299,,131,,214
1833,4.94552,,131,,214
1834,4.94805,,131,,214.2
1835,4.95034,,132,,214.2
1836,4.95272,,132,,214.2
1837,4.95525,,132,,214.4
1838,4.95774,,133,,214.4
1839,4.96031,,132,,214.6
1840,4.96275,,133,,214.6
1841,4.96501,,133,,214.6
1842,4.96723,,133,,214.6
1843,4.96944,,133,,214.6
1844,4.97189,,134,,214.6
1845,4.97444,,134,,214.8
1846,4.97675,,134,,214.8
1847,4.97904,,134,,214.8
1848,4.98128,,134,,214.6
1849,4.98356,,134,,214.6
1850,4.98599,,134,,214.6
1851,4.98824,,134,,214.6
1852,4.99041,,135,,214.6
1853,4.99287,,135,,214.6
1854,4.99529,,135,,214.6
1855,4.99767,,136,,214.6
1856,5.00016,,136,,214.6
1857,5.0024,,135,,214.6
1858,5.00473,,135,,214.6
1859,5.00695,,135,,214.6
1860,5.00909,,135,,214.6
1861,5.01145,,135,,214.6
1862,5.01402,,135,,214.6
1863,5.01647,,135,,214.6
1864,5.01865,,135,,214.6
1865,5.02107,,135,,214.8
1866,5.0234,,135,,214.8
1867,5.02567,,135,,214.8
1868,5.02787,,135,,214.8
1869,5.03011,,135,,215
1870,5.0329,,135,,215
1871,5.03578,,135,,215.2
1872,5.03872,,134,,215.2
1873,5.04168,,134,,215.4
1874,5.04442,,134,,215.4
1875,5.04706,,133,,215.4
1876,5.04958,,133,,215.6
1877,5.05247,,133,,215.6
1878,5.05541,,133,,215.6
1879,5.05825,,133,,215.6
1880,5.06097,,133,,215.6
1881,5.0635,,132,,215.6
1882,5.06614,,132,,215.6
1883,5.06886,,132,,215.8
1884,5.07131,,132,,215.8
1885,5.07381,,132,,215.8
1886,5.07619,,132,,215.8
1887,5.07849,,131,,216
1888,5.08072,,131,,216
1889,5.08272,,131,,216
1890,5.08467,,130,,216
1891,5.08666,,130,,216
1892,5.08886,,131,,216.2
1893,5.09105,,130,,216.2
1894,5.09332,,130,,216.4
1895,5.09547,,130,,216.4
1896,5.09782,,130,,216.4
1897,5.10016,,130,,216.4
1898,5.10262,,130,,216.6
1899,5.10505,,130,,216.6
1900,5.10767,,130,,216.6
1901,5.11021,,130,,216.6
1902,5.11273,,130,,216.8
1903,5.11543,,129,,216.8
1904,5.11781,,130,,216.8
1905,5.12053,,130,,216.8
1906,5.12327,,130,,216.8
1907,5.12606,,131,,216.8
1908,5.12881,,131,,216.8
1909,5.13134,,131,,217
1910,5.13388,,131,,217
1911,5.13625,,131,,217
1912,5.1388,,130,,217
1913,5.14131,,130,,217
1914,5.14403,,130,,217
1915,5.14677,,130,,217
1916,5.14908,,130,,217
1917,5.15409,,130,,217
1918,5.15409,,130,,217
1919,5.15657,,130,,217
1920,5.15913,,130,,217
1921,5.1617,,130,,217
1922,5.16428,,130,,217.2
1923,5.16687,,130,,217.2
1924,5.16944,,130,,217.2
1925,5.17214,,130,,217.2
1926,5.17473,,130,,217.2
1927,5.17732,,131,,217.2
1928,5.17994,,130,,217.2
1929,5.18223,,130,,217.2
1930,5.18486,,130,,217.2
1931,5.1873,,130,,217.4
1932,5.18966,,131,,217.4
1933,5.19224,,131,,217.4
1934,5.19464,,132,,217.4
1935,5.19739,,132,,217.6
1936,5.20025,,130,,217.6
1937,5.20303,,132,,217.6
1938,5.20575,,132,,217.6
1939,5.20816,,132,,217.8
1940,5.2107,,132,,217.8
1941,5.21317,,132,,217.8
1942,5.21551,,133,,218
1943,5.21812,,132,,218
1944,5.22057,,133,,218
1945,5.22306,,133,,218
1946,5.22527,,133,,218.2
1947,5.22751,,134,,218.2
1948,5.22994,,134,,218.2
1949,5.23223,,134,,218.2
1950,5.2347,,135,,218.2
1951,5.23711,,134,,218.2
1952,5.23962,,135,,218.2
1953,5.24221,,135,,218.2
1954,5.24456,,134,,218.2
1955,5.24703,,134,,218.2
1956,5.24942,,134,,218.2
1957,5.25181,,134,,218.2
1958,5.25433,,134,,218.4
1959,5.25659,,134,,218.4
1960,5.25902,,134,,218.4
1961,5.26142,,134,,218.4
1962,5.26386,,134,,218.4
1963,5.2664,,134,,218.6
1964,5.26862,,133,,218.6
1965,5.27106,,133,,218.6
1966,5.27365,,133,,218.6
1967,5.27594,,133,,218.6
1968,5.27828,,132,,218.8
1969,5.28052,,132,,218.8
1970,5.28275,,132,,219
1971,5.2851,,132,,219
1972,5.28725,,132,,219.2
1973,5.28954,,132,,219.4
1974,5.29183,,132,,219.4
1975,5.29414,,133,,219.6
1976,5.29664,,133,,219.6
1977,5.29894,,133,,219.8
1978,5.3016,,133,,219.6
1979,5.30416,,133,,219.6
1980,5.30642,,133,,219.6
1981,5.30874,,133,,219.6
1982,5.31089,,133,,219.6
1983,5.31306,,133,,219.6
1984,5.31542,,133,,219.6
1985,5.31776,,133,,219.6
1986,5.32237,,133,,219.4
1987,5.32237,,133,,219.4
1988,5.32476,,133,,219.4
1989,5.32723,,133,,219.4
1990,5.33208,,133,,219.4
1991,5.33208,,133,,219.4
1992,5.33452,,133,,219.4
1993,5.33686,,133,,219.4
1994,5.33924,,133,,219.4
1995,5.34138,,133,,219.4
1996,5.3436,,133,,219.4
1997,5.34581,,133,,219.4
1998,5.34781,,133,,219.6
1999,5.3495,,132,,219.4
2000,5.35092,,132,,219.4
2001,5.35187,,131,,219.4
2002,5.35231,,131,,219.4
2003,5.3528,,130,,219.4
2004,5.35332,,130,,219.4
2005,5.35394,,129,,219.2
2006,5.35475,,129,,219.2
2007,5.356,,129,,219.2
2008,5.35729,,128,,219.2
2009,5.35893,,129,,219.2
2010,5.36055,,129,,219.2
2011,5.36211,,129,,219.2
2012,5.36377,,128,,219.2
2013,5.3654,,128,,219.2
2014,5.36695,,128,,219.2
2015,5.36834,,127,,219.2
2016,5.36973,,127,,219.2
2017,5.37122,,126,,219.2
2018,5.3727,,125,,219.2
2019,5.37447,,124,,219.2
2020,5.37693,,124,,219.2
2021,5.37969,,124,,219.2
2022,5.38223,,125,,219.2
2023,5.38466,,126,,219.2
2024,5.38743,,127,,219.2
2025,5.39037,,127,,219.2
2025,5.39037,,127,,219.2
2026,5.39336,,127,,219.4
2027,5.39643,,128,,219.4
2028,5.39987,,128,,219.6
2029,5.40336,,129,,219.6
2030,5.41073,,130,,219.8
2031,5.41073,,130,,219.8
2032,5.41799,,0,,219.6
2033,5.41799,,0,,219.6
2034,5.42164,,0,,219.6
2035,5.4254,,0,,219.4
2036,5.42908,,0,,219.4
2037,5.43662,,0,,219.2
2038,5.43662,,72,,219.2
2039,5.44032,,72,,219
2040,5.44389,,136,,219
2041,5.44762,,136,,218.8
2042,5.45121,,136,,218.8
2043,5.45511,,136,,218.8
2044,5.45898,,137,,218.8
2045,5.46248,,137,,218.8
2046,5.46601,,137,,218.8
2047,5.46942,,137,,218.6
2048,5.473,,138,,218.6
2049,5.47662,,138,,218.6
2050,5.48019,,138,,218.6
2051,5.48358,,138,,218.4
2052,5.48729,,138,,218.4
2053,5.49116,,138,,218.4
2054,5.49492,,138,,218.2
2055,5.49837,,138,,218.2
2056,5.50187,,139,,218
2057,5.50562,,139,,218
2058,5.5092,,139,,217.8
2059,5.51271,,140,,217.6
2060,5.51602,,140,,217.6
2061,5.51951,,140,,217.6
2062,5.52314,,141,,217.6
2063,5.52681,,142,,217.6
2064,5.5302,,142,,217.4
2065,5.53376,,143,,217.2
2066,5.53733,,143,,217.2
2067,5.54084,,143,,217
2068,5.54448,,144,,217
2069,5.5481,,144,,216.8
2070,5.55154,,144,,216.8
2071,5.55493,,145,,216.8
2072,5.55852,,145,,216.8
2073,5.56212,,146,,216.8
2074,5.56577,,146,,216.8
2075,5.56902,,146,,216.6
2076,5.57249,,146,,216.6
2077,5.57585,,145,,216.6
2078,5.57937,,145,,216.4
2079,5.58644,,147,,216.2
2080,5.58644,,146,,216.2
2081,5.58972,,147,,216.2
2082,5.59304,,147,,216
2083,5.59648,,147,,216
2084,5.59967,,147,,215.8
2085,5.60287,,147,,215.8
2086,5.60589,,147,,215.6
2087,5.60916,,148,,215.6
2088,5.6123,,147,,215.6
2089,5.61552,,148,,215.4
2090,5.61867,,147,,215.4
2091,5.62181,,148,,215.2
2092,5.62515,,148,,215.2
2093,5.62852,,148,,215.2
2094,5.63211,,149,,215
2095,5.63566,,148,,215
2096,5.63929,,149,,214.8
2097,5.64282,,149,,214.8
2098,5.64637,,149,,214.6
2099,5.64976,,149,,214.6
2100,5.65707,,149,,214.4
2101,5.65707,,149,,214.4
2102,5.66056,,149,,214.2
2103,5.66417,,150,,214.2
2104,5.66756,,150,,214.2
2105,5.67083,,150,,214.2
2106,5.67422,,150,,214.2
2107,5.67757,,150,,214.2
2108,5.68068,,150,,214
2109,5.68369,,150,,214
2110,5.68683,,150,,214
2111,5.68986,,150,,214
2112,5.69595,,150,,214
2113,5.69595,,150,,214
2114,5.69884,,150,,214
2115,5.70156,,150,,214
2116,5.7042,,151,,214
2117,5.70695,,151,,214
2118,5.71014,,151,,214
2119,5.71358,,150,,214.2
2120,5.71674,,151,,214.2
2121,5.7201,,151,,214.2
2122,5.72375,,151,,214.2
2123,5.72717,,151,,214.2
2124,5.7308,,151,,214.4
2125,5.73437,,151,,214.4
2126,5.73778,,151,,214.4
2127,5.74115,,151,,214.4
2128,5.74455,,151,,214.4
2129,5.74846,,151,,214.6
2130,5.75239,,151,,214.4
2131,5.75625,,152,,214.2
2132,5.76016,,151,,214.2
2133,5.76405,,151,,214
2134,5.76785,,151,,213.8
2135,5.77128,,152,,213.6
2136,5.77462,,151,,213.6
2137,5.77769,,151,,213.4
2138,5.78078,,151,,213.4
2139,5.78408,,151,,213.2
2140,5.78738,,151,,213.2
2141,5.79096,,151,,213
2142,5.79467,,151,,213
2143,5.79859,,151,,212.8
2144,5.80249,,151,,212.6
2145,5.80589,,151,,212.6
2146,5.80929,,152,,212.4
2147,5.81275,,151,,212.4
2148,5.81602,,151,,212.2
2149,5.81951,,151,,212.2
2150,5.82316,,151,,212
2151,5.8267,,150,,211.8
2152,5.83036,,151,,211.8
2153,5.83384,,151,,211.6
2154,5.83745,,151,,211.6
2155,5.84087,,151,,211.4
2156,5.84436,,151,,211.4
2157,5.84776,,151,,211.4
2158,5.85119,,151,,211.2
2159,5.85459,,151,,211.2
2160,5.85822,,151,,211.2
2161,5.86179,,151,,211.2
2162,5.86519,,151,,211.2
2163,5.86852,,151,,211.2
2164,5.87154,,150,,211.2
2165,5.87467,,151,,211.4
2166,5.87779,,151,,211.4
2167,5.88073,,151,,211.4
2168,5.88372,,151,,211.4
2169,5.88697,,151,,211.4
2170,5.89027,,151,,211.4
2171,5.8936,,151,,211.4
2172,5.89721,,151,,211.4
2173,5.90083,,151,,211.4
2174,5.90428,,150,,211.4
2175,5.90789,,151,,211.4
2176,5.91121,,151,,211.4
2177,5.91444,,151,,211.4
2178,5.91774,,151,,211.4
2179,5.92122,,151,,211.4
2180,5.92452,,151,,211.4
2181,5.92756,,151,,211.4
2182,5.9308,,151,,211.4
2183,5.93417,,151,,211.4
2184,5.93755,,151,,211.4
2185,5.94071,,150,,211.4
2186,5.94425,,150,,211.4
2187,5.94761,,150,,211.2
2188,5.95098,,150,,211.2
2189,5.95403,,150,,211.2
2190,5.95703,,150,,211.2
2191,5.96045,,151,,211.2
2192,5.96399,,151,,211
2193,5.96743,,151,,211
2194,5.97115,,151,,211
2195,5.97445,,150,,211
2196,5.97797,,151,,210.8
2197,5.98143,,150,,210.8
2198,5.98487,,151,,210.8
2199,5.98793,,151,,210.6
2200,5.991,,151,,210.6
2201,5.99402,,151,,210.4
2202,5.99709,,151,,210.4
2203,6.00049,,150,,210.2
2204,6.00392,,150,,210.2
2205,6.0071,,151,,210.2
2206,6.01026,,150,,210
2207,6.01364,,150,,210
2208,6.0171,,150,,209.8
2209,6.02058,,150,,209.8
2210,6.0239,,150,,209.8
2211,6.02704,,150,,209.6
2212,6.03029,,150,,209.6
2213,6.03348,,150,,209.4
2214,6.0368,,150,,209.4
2215,6.04017,,150,,209.2
2216,6.04366,,150,,209.2
2217,6.04711,,150,,209
2218,6.05058,,150,,209
2219,6.05407,,150,,208.8
2220,6.05762,,150,,208.8
2221,6.0614,,151,,209
2222,6.06499,,150,,209
2223,6.06869,,151,,209
2224,6.07204,,151,,209.2
2225,6.07528,,151,,209.2
2226,6.07834,,151,,209.2
2227,6.08138,,152,,209.2
2228,6.08423,,152,,209.4
2229,6.08734,,152,,209.4
2230,6.09053,,152,,209.4
2231,6.09393,,152,,209.6
2232,6.09686,,152,,209.6
2233,6.0999,,152,,209.6
2234,6.10285,,152,,209.6
2235,6.10602,,152,,209.6
2236,6.10905,,152,,209.6
2237,6.11222,,152,,209.6
2238,6.11572,,152,,209.8
2239,6.1192,,152,,209.8
2240,6.12278,,152,,209.8
2241,6.12652,,152,,209.8
2242,6.12987,,152,,209.8
2243,6.13296,,151,,210
2244,6.13587,,152,,210
2245,6.13908,,152,,210
2246,6.1424,,152,,210.2
2247,6.14579,,151,,210.2
2248,6.14886,,151,,210.2
2249,6.15203,,152,,210.2
2250,6.15552,,152,,210.2
2251,6.15864,,151,,210
2252,6.16178,,151,,210
2253,6.16476,,152,,210
2254,6.16766,,152,,210
2255,6.17063,,152,,209.8
2256,6.17396,,152,,209.8
2257,6.17718,,152,,209.8
2258,6.18066,,152,,209.6
2259,6.18399,,152,,209.6
2260,6.18728,,152,,209.6
2261,6.1905,,152,,209.4
2262,6.19373,,152,,209.4
2263,6.19697,,152,,209.2
2264,6.20022,,152,,209.2
2265,6.20354,,152,,209.2
2266,6.20677,,152,,209
2267,6.21009,,152,,209
2268,6.21332,,152,,208.8
2269,6.21661,,152,,208.8
2270,6.21994,,153,,208.6
2271,6.22355,,152,,208.6
2272,6.22688,,152,,208.6
2273,6.23004,,152,,208.6
2274,6.23341,,152,,208.6
2275,6.23704,,152,,208.4
2276,6.24053,,152,,208.4
2277,6.24379,,152,,208.2
2278,6.24699,,152,,208
2279,6.25045,,153,,208
2280,6.25414,,152,,207.6
2281,6.25778,,152,,207.4
2282,6.26175,,152,,207.2
2283,6.26586,,153,,207
2284,6.26984,,153,,206.8
2285,6.27368,,152,,206.6
2286,6.28012,,153,,206.2
2287,6.28012,,153,,206.2
2288,6.28381,,153,,206
2289,6.28739,,152,,205.8
2290,6.29063,,152,,205.6
2291,6.29386,,153,,205.4
2292,6.29746,,153,,205.2
2293,6.30139,,153,,205
2294,6.30508,,153,,204.8
2295,6.30868,,153,,204.4
2296,6.31242,,153,,204.2
2297,6.31604,,153,,204.2
2298,6.31953,,152,,204
2299,6.32305,,153,,203.8
2300,6.32696,,153,,203.6
2301,6.33086,,153,,203.4
2302,6.33472,,153,,203
2303,6.33842,,153,,202.8
2304,6.34218,,153,,203
2305,6.34565,,153,,203.2
2306,6.34919,,153,,203.4
2307,6.35292,,153,,203.6
2308,6.35631,,153,,203.6
2309,6.35969,,153,,203.8
2310,6.36303,,152,,204
2311,6.36886,,152,,204.2
2312,6.36886,,153,,204.2
2313,6.37204,,153,,204.2
2314,6.37542,,152,,204.2
2315,6.37905,,153,,204.2
2316,6.38291,,152,,204.2
2317,6.38669,,153,,204.4
2318,6.39036,,152,,204.4
2319,6.39394,,152,,204.4
2320,6.39731,,153,,204.2
2321,6.4006,,153,,204.2
2322,6.40445,,152,,204.2
2323,6.40809,,152,,204.2
2324,6.41112,,153,,204.2
2325,6.41434,,153,,204
2326,6.41751,,153,,204
2327,6.42103,,152,,203.8
2328,6.42459,,153,,203.8
2329,6.42799,,153,,203.8
2330,6.43136,,153,,203.6
2331,6.43496,,153,,203.6
2332,6.43869,,153,,203.6
2333,6.44248,,152,,203.6
2334,6.44604,,153,,203.6
2335,6.44922,,152,,203.6
2336,6.45243,,153,,203.6
2337,6.45532,,153,,203.6
2338,6.45876,,153,,203.8
2339,6.46247,,153,,203.8
2340,6.46626,,153,,204
2341,6.46995,,153,,204.2
2342,6.47393,,153,,204.2
2343,6.47815,,154,,204.6
2344,6.4819,,153,,204.8
2345,6.48528,,154,,204.8
2346,6.48863,,154,,204.8
2347,6.49205,,154,,204.6
2348,6.49576,,154,,204.6
2349,6.49992,,154,,204.6
2350,6.5037,,154,,204.4
2351,6.50768,,154,,204.2
2352,6.51159,,154,,204
2353,6.51542,,154,,203.8
2354,6.51891,,154,,203.8
2355,6.52247,,154,,203.8
2356,6.52605,,154,,204
2357,6.52974,,154,,204
2358,6.53315,,154,,203.8
2359,6.53655,,154,,203.8
2360,6.54022,,154,,203.6
2361,6.54382,,154,,203.6
2362,6.54726,,154,,203.6
2363,6.55059,,154,,203.6
2364,6.5542,,155,,203.6
2365,6.55785,,154,,203.4
2366,6.56142,,154,,203.4
2367,6.56503,,154,,203.2
2368,6.56867,,154,,203
2369,6.57216,,154,,203
2370,6.57581,,154,,203
2371,6.5795,,155,,203.2
2372,6.58296,,154,,203.2
2373,6.58644,,155,,203.4
2374,6.5899,,154,,203.4
2375,6.59314,,155,,203.4
2376,6.59622,,155,,203.4
2377,6.59983,,155,,203.4
2378,6.60344,,154,,203.4
2379,6.60677,,154,,203.4
2380,6.60998,,154,,203.4
2381,6.6134,,154,,203.2
2382,6.61695,,154,,203.2
2383,6.62045,,155,,203.2
2384,6.62402,,154,,203.4
2385,6.62761,,155,,203.4
2386,6.6313,,155,,203.4
2387,6.63502,,154,,203.6
2388,6.63888,,155,,203.6
2389,6.64257,,155,,203.6
2390,6.64625,,155,,203.6
2391,6.64979,,155,,203.6
2392,6.65349,,155,,203.8
2393,6.65702,,154,,203.8
2394,6.66055,,154,,203.8
2395,6.66403,,154,,204
2396,6.66769,,154,,204
2397,6.67113,,154,,203.8
2398,6.67469,,154,,203.8
2399,6.67834,,154,,203.8
2400,6.68197,,154,,203.6
2401,6.68565,,154,,203.6
2402,6.68901,,154,,203.4
2403,6.69242,,155,,203.2
2404,6.69569,,155,,203
2405,6.69908,,154,,202.8
2406,6.70253,,154,,202.6
2407,6.70599,,155,,202.4
2408,6.70932,,155,,202.2
2409,6.7127,,154,,202
2410,6.71599,,154,,201.8
2411,6.71918,,155,,201.6
2412,6.72234,,154,,201.4
2413,6.72534,,155,,201.2
2414,6.72848,,155,,201
2415,6.73161,,155,,200.8
2416,6.73487,,154,,200.8
2417,6.73799,,154,,200.6
2418,6.74099,,155,,200.4
2419,6.74399,,155,,200.2
2420,6.74702,,154,,200.2
2421,6.75007,,154,,200
2422,6.75333,,154,,200
2423,6.75631,,154,,199.8
2424,6.75952,,154,,199.6
2425,6.76301,,154,,199.6
2426,6.76621,,154,,199.4
2427,6.76981,,154,,199.4
2428,6.77334,,154,,199.4
2429,6.77708,,154,,199.2
2430,6.78052,,154,,199.2
2431,6.78692,,153,,199.2
2432,6.78692,,154,,199.2
2433,6.79002,,155,,199.2
2434,6.79342,,155,,199.2
2435,6.79683,,154,,199
2436,6.80006,,157,,198.8
2437,6.80347,,157,,198.6
2438,6.80668,,157,,198.4
2439,6.81021,,157,,198.2
2440,6.81381,,155,,198
2441,6.81723,,154,,197.8
2442,6.8206,,154,,197.6
2443,6.82384,,154,,197.4
2444,6.82737,,154,,197.4
2445,6.83072,,154,,197.2
2446,6.83407,,155,,197
2447,6.83764,,155,,196.8
2448,6.84137,,155,,196.6
2449,6.84505,,155,,196.4
2450,6.84866,,155,,196.2
2451,6.85219,,155,,196.2
2452,6.85577,,154,,196
2453,6.85922,,154,,195.8
2454,6.86284,,155,,195.6
2455,6.86632,,154,,195.6
2456,6.86972,,154,,195.4
2457,6.87288,,154,,195.4
2458,6.87956,,154,,195
2459,6.87956,,155,,195
2460,6.88252,,154,,195
2461,6.88546,,154,,194.8
2462,6.88847,,154,,194.8
2463,6.89177,,154,,194.8
2464,6.89495,,154,,194.8
2465,6.89815,,154,,194.8
2466,6.90393,,154,,194.8
2467,6.90393,,155,,194.8
2468,6.90717,,154,,195
2469,6.9102,,154,,195
2470,6.91319,,153,,195
2471,6.91609,,155,,195
2472,6.91949,,153,,195
2473,6.92267,,155,,195.2
2474,6.92621,,154,,195.2
2475,6.92918,,155,,195.2
2476,6.93281,,155,,195.2
2477,6.93649,,155,,195.2
2478,6.94016,,155,,195.4
2479,6.94348,,155,,195.4
2480,6.94713,,155,,195.4
2481,6.95051,,155,,195.4
2482,6.95425,,155,,195.4
2483,6.95784,,155,,195.6
2484,6.96139,,155,,195.6
2485,6.96527,,155,,195.6
2486,6.96905,,155,,195.6
2487,6.97278,,156,,195.6
2488,6.9764,,155,,195.8
2489,6.97988,,156,,195.8
2490,6.98364,,155,,195.8
2491,6.98722,,155,,195.8
2492,6.99077,,155,,195.8
2493,6.99442,,156,,195.8
2494,6.99793,,155,,195.8
2495,7.00138,,155,,195.6
2496,7.00484,,155,,195.4
2497,7.00875,,155,,195.2
2498,7.01263,,155,,195.2
2499,7.01647,,155,,195
2500,7.02036,,155,,194.8
2501,7.02401,,155,,194.6
2502,7.02759,,155,,194.6
2503,7.03104,,155,,194.4
2504,7.03444,,155,,194.2
2505,7.03755,,155,,194.2
2506,7.04079,,155,,194
2507,7.04421,,154,,193.8
2508,7.04798,,155,,193.6
2509,7.0518,,154,,193.6
2510,7.05529,,154,,193.4
2511,7.05854,,154,,193.2
2512,7.0621,,154,,193
2513,7.06546,,154,,193
2514,7.06895,,155,,192.8
2515,7.07274,,155,,192.6
2516,7.07649,,154,,192.4
2517,7.08023,,155,,192.2
2518,7.08378,,155,,192.2
2519,7.0871,,155,,192
2520,7.09049,,155,,191.8
2521,7.09406,,155,,191.8
2522,7.09724,,155,,191.6
2523,7.10025,,155,,191.6
2524,7.10336,,155,,191.6
2525,7.10666,,156,,191.4
2526,7.11379,,155,,191.2
2527,7.11379,,156,,191.2
2528,7.11725,,156,,191.2
2529,7.12086,,156,,191
2530,7.12436,,156,,191
2531,7.12787,,156,,190.8
2532,7.1314,,156,,190.8
2533,7.13499,,156,,190.8
2534,7.13858,,156,,190.6
2535,7.14201,,156,,190.6
2536,7.14556,,156,,190.4
2537,7.14905,,156,,190.4
2538,7.15278,,156,,190.2
2539,7.15634,,156,,190.2
2540,7.15998,,156,,190
2541,7.16348,,156,,190
2542,7.16722,,156,,189.8
2543,7.17082,,156,,189.8
2544,7.17466,,156,,189.6
2545,7.17832,,156,,189.6
2546,7.18224,,156,,189.4
2547,7.18594,,156,,189.4
2548,7.18945,,156,,189.2
2549,7.1931,,156,,189.2
2550,7.1967,,156,,189
2551,7.2002,,156,,188.8
2552,7.20735,,155,,188.8
2553,7.20735,,155,,188.8
2554,7.21083,,156,,188.8
2555,7.2145,,155,,188.8
2556,7.21783,,155,,188.8
2557,7.2213,,156,,188.8
2558,7.22484,,156,,188.8
2559,7.2282,,155,,188.8
2560,7.23147,,156,,188.8
2561,7.23474,,156,,188.8
2562,7.23852,,156,,188.8
2563,7.24218,,155,,188.8
2564,7.24569,,156,,188.8
2565,7.2492,,155,,188.8
2566,7.2526,,156,,188.8
2567,7.25587,,155,,188.8
2568,7.25945,,156,,188.6
2569,7.26288,,156,,188.6
2570,7.26632,,156,,188.6
2571,7.26977,,155,,188.6
2572,7.27314,,156,,188.4
2573,7.2766,,156,,188.4
2574,7.28011,,156,,188.4
2575,7.28398,,156,,188.4
2576,7.28789,,156,,188.2
2577,7.2918,,156,,188.2
2578,7.29544,,156,,188.2
2579,7.29921,,156,,188.2
2580,7.30293,,157,,188
2581,7.30697,,156,,188
2582,7.31084,,157,,188
2583,7.31462,,156,,187.8
2584,7.31846,,156,,187.8
2585,7.32226,,157,,188
2586,7.32615,,156,,188.2
2587,7.32953,,157,,188.2
2588,7.33282,,157,,188.4
2589,7.33632,,157,,188.4
2590,7.33992,,157,,188.6
2591,7.34347,,157,,188.6
2592,7.34691,,157,,188.8
2593,7.35043,,157,,189
2594,7.35408,,157,,189
2595,7.35764,,157,,189.2
2596,7.36125,,157,,189.2
2597,7.36467,,157,,189.4
2598,7.36841,,157,,189.4
2599,7.37209,,156,,189.6
2600,7.37581,,157,,189.8
2601,7.37931,,157,,189.8
2602,7.38302,,156,,189.6
2603,7.38665,,157,,189.6
2604,7.39017,,156,,189.6
2605,7.39376,,157,,189.6
2606,7.3971,,157,,189.6
2607,7.40051,,157,,189.4
2608,7.4038,,157,,189.4
2609,7.4071,,156,,189.4
2610,7.41045,,156,,189.2
2611,7.41395,,157,,189
2612,7.41737,,156,,189
2613,7.42087,,157,,188.8
2614,7.42417,,156,,188.8
2615,7.42764,,156,,188.6
2616,7.43084,,156,,188.6
2617,7.4339,,156,,188.4
2618,7.43713,,156,,188.2
2619,7.44023,,156,,188.2
2620,7.44362,,156,,188.2
2621,7.44686,,156,,188
2622,7.45032,,157,,188
2623,7.45387,,156,,188
2624,7.4575,,157,,188
2625,7.46122,,156,,188.2
2626,7.46444,,156,,188.2
2627,7.46778,,157,,188.4
2628,7.47127,,157,,188.6
2629,7.47511,,157,,188.6
2630,7.47886,,156,,188.8
2631,7.48217,,157,,189
2632,7.48502,,157,,189
2633,7.48792,,157,,189
2634,7.49135,,157,,189.2
2635,7.49456,,157,,189.2
2636,7.49779,,157,,189.4
2637,7.50114,,157,,189.6
2638,7.50457,,157,,189.8
2639,7.50805,,157,,189.8
2640,7.51129,,157,,190
2641,7.5147,,156,,190.2
2642,7.51848,,157,,190.4
2643,7.52226,,157,,190.6
2644,7.5258,,157,,190.8
2645,7.52936,,157,,191
2646,7.53631,,157,,191.4
2647,7.53631,,157,,191.4
2648,7.53966,,158,,191.6
2649,7.54295,,157,,191.6
2650,7.54617,,158,,191.6
2651,7.54942,,158,,191.8
2652,7.55294,,158,,191.8
2653,7.55649,,157,,192
2654,7.55982,,157,,192.2
2655,7.56303,,158,,192.2
2656,7.56617,,157,,192.4
2657,7.56957,,158,,192.4
2658,7.57326,,158,,192.6
2659,7.5769,,158,,192.8
2660,7.5803,,158,,192.8
2661,7.58374,,158,,192.8
2662,7.58685,,158,,192.8
2663,7.58997,,158,,193
2664,7.5932,,158,,193
2665,7.59636,,158,,193.2
2666,7.59934,,158,,193.2
2667,7.60238,,158,,193.2
2668,7.60528,,158,,193.4
2669,7.60795,,158,,193.4
2670,7.61074,,158,,193.4
2671,7.61372,,157,,193.4
2672,7.61688,,157,,193.6
2673,7.61972,,158,,193.6
2674,7.62236,,157,,193.6
2675,7.62502,,158,,193.8
2676,7.62772,,158,,193.8
2677,7.6309,,158,,194.2
2678,7.63411,,157,,194.4
2679,7.6373,,158,,194.6
2680,7.64049,,157,,194.8
2681,7.64422,,157,,195
2682,7.64823,,157,,195.2
2683,7.65188,,157,,195.4
2684,7.65547,,157,,195.6
2685,7.65888,,160,,195.8
2686,7.66244,,160,,196
2687,7.66613,,159,,196.2
2688,7.66952,,158,,196.4
2689,7.67297,,158,,196.4
2690,7.67645,,157,,196.4
2691,7.68006,,158,,196.4
2692,7.68344,,157,,196.2
2693,7.68684,,157,,196.2
2694,7.6903,,158,,196.2
2695,7.69374,,158,,196.2
2696,7.69717,,158,,196.2
2697,7.70094,,157,,196.2
2698,7.70455,,158,,196.2
2699,7.70804,,158,,196.4
2700,7.7116,,158,,196.4
2701,7.71834,,158,,196.6
2702,7.71834,,157,,196.6
2703,7.72176,,158,,196.6
2704,7.72516,,158,,196.6
2705,7.72807,,158,,196.6
2706,7.73122,,157,,196.4
2707,7.73464,,158,,196.6
2708,7.73787,,158,,196.6
2709,7.74126,,158,,196.6
2710,7.74451,,157,,196.6
2711,7.74793,,157,,196.6
2712,7.75127,,158,,196.6
2713,7.75449,,157,,196.6
2714,7.75771,,158,,196.8
2715,7.7611,,157,,196.8
2716,7.76483,,157,,196.8
2717,7.76844,,158,,196.6
2718,7.77295,,157,,196.4
2719,7.7766,,157,,196.4
2720,7.78056,,157,,196.2
2721,7.78448,,157,,196
2722,7.78805,,157,,195.8
2723,7.79173,,157,,195.6
2724,7.79545,,157,,195.4
2725,7.79903,,157,,195
2726,7.80276,,157,,194.8
2727,7.8064,,158,,194.4
2728,7.81004,,158,,194.2
2729,7.81344,,157,,194
2730,7.81708,,157,,193.6
2731,7.8207,,157,,193.4
2732,7.82442,,157,,193.2
2733,7.82802,,157,,193
2734,7.83153,,157,,192.6
2735,7.83492,,157,,192.4
2736,7.83824,,157,,192.4
2737,7.84157,,157,,192.2
2738,7.84477,,157,,192.2
2739,7.84794,,157,,192
2740,7.85131,,157,,192
2741,7.85454,,157,,191.8
2742,7.85777,,157,,191.6
2743,7.86104,,157,,191.2
2744,7.86441,,157,,191
2745,7.86779,,157,,190.8
2746,7.87098,,157,,190.4
2747,7.8742,,158,,190.2
2748,7.87739,,158,,189.8
2749,7.88057,,157,,189.4
2750,7.88387,,158,,189.2
2751,7.88726,,157,,188.8
2752,7.89036,,157,,188.4
2753,7.89339,,157,,188
2754,7.89627,,157,,187.8
2755,7.89932,,157,,187.6
2756,7.90245,,157,,187.4
2757,7.90557,,157,,187.2
2758,7.90881,,156,,186.6
2759,7.91205,,157,,186.2
2760,7.91542,,157,,185.8
2761,7.91877,,157,,185.2
2762,7.9223,,157,,184.8
2763,7.92576,,157,,184.2
2764,7.92926,,157,,184
2765,7.93267,,157,,183.6
2766,7.93632,,157,,183.4
2767,7.93981,,157,,183.2
2768,7.94338,,157,,183
2769,7.94686,,157,,183
2770,7.95054,,157,,182.8
2771,7.95399,,157,,182.4
2772,7.9573,,157,,182.2
2773,7.96075,,157,,181.8
2774,7.96369,,157,,181.6
2775,7.96684,,158,,181.4
2776,7.96978,,158,,181
2777,7.97258,,158,,180.8
2778,7.97567,,157,,180.6
2779,7.97928,,157,,180.4
2780,7.98275,,157,,180.2
2781,7.98621,,157,,180
2782,7.99013,,157,,179.8
2783,7.99384,,157,,179.8
2784,7.99761,,157,,180
2785,8.00175,,157,,180
2786,8.00609,,157,,180
2787,8.01023,,157,,179.8
2788,8.0151,,157,,179.8
2789,8.01917,,157,,179.8
2790,8.02287,,157,,179.6
2791,8.02636,,157,,179.2
2792,8.02999,,158,,179
2793,8.0336,,158,,178.8
2794,8.0373,,158,,178.8
2795,8.04069,,158,,178.8
2796,8.04426,,157,,178.8
2797,8.04829,,158,,179
2798,8.05177,,158,,178.8
2799,8.05532,,158,,178.2
2800,8.05884,,157,,178
2801,8.0627,,158,,178
2802,8.06636,,158,,178.2
2803,8.07042,,158,,178.2
2804,8.07419,,158,,178.4
2805,8.07786,,158,,178.6
2806,8.0812,,158,,178.8
2807,8.08456,,158,,179
2808,8.08816,,157,,179
2809,8.09168,,157,,179.2
2810,8.0953,,158,,179.2
2811,8.09888,,158,,179.4
2812,8.10245,,158,,179.6
2813,8.10598,,158,,179.8
2814,8.10983,,158,,179.8
2815,8.11363,,158,,179.6
2816,8.11741,,157,,179.2
2817,8.12124,,157,,179.2
2818,8.12501,,157,,179.2
2819,8.1286,,158,,179.2
2820,8.13203,,157,,179.4
2821,8.13576,,157,,179.4
2822,8.13914,,158,,179.6
2823,8.14249,,158,,179.8
2824,8.1461,,157,,179.8
2825,8.1498,,158,,179.8
2826,8.15337,,157,,179.8
2827,8.15705,,157,,180
2828,8.16083,,157,,180
2829,8.16469,,158,,180
2830,8.16852,,157,,180
2831,8.17224,,157,,180
2832,8.17602,,157,,180
2833,8.17958,,157,,180
2834,8.18303,,157,,180
2835,8.18666,,157,,180
2836,8.19017,,157,,180
2837,8.19372,,158,,180
2838,8.19725,,157,,180
2839,8.20072,,158,,180
2840,8.20429,,157,,180
2841,8.20804,,158,,180
2842,8.21164,,158,,180
2843,8.215,,157,,180
2844,8.21834,,157,,179.8
2845,8.22185,,158,,179.8
2846,8.22507,,157,,179.6
2847,8.2283,,157,,179.4
2848,8.23184,,157,,179.4
2849,8.2354,,157,,179.2
2850,8.23878,,157,,179
2851,8.24184,,158,,178.8
2852,8.24468,,158,,178.8
2853,8.24779,,158,,178.8
2854,8.25107,,158,,178.6
2855,8.25435,,157,,178.6
2856,8.25793,,158,,178.6
2857,8.26152,,158,,178.4
2858,8.26506,,158,,178.4
2859,8.26858,,158,,178.2
2860,8.27198,,158,,178.2
2861,8.27568,,158,,178.2
2862,8.27898,,158,,178
2863,8.28259,,158,,178.2
2864,8.28578,,159,,178
2865,8.28879,,158,,178
2866,8.29188,,158,,177.8
2867,8.29493,,159,,177.6
2868,8.29812,,158,,177.4
2869,8.30125,,158,,177.2
2870,8.30445,,158,,177.4
2871,8.30779,,158,,177.4
2872,8.31143,,158,,177.6
2873,8.31443,,156,,177.8
2874,8.31781,,155,,178
2875,8.32088,,152,,178
2876,8.32407,,149,,178.2
2877,8.32732,,147,,178.2
2878,8.33048,,145,,178.4
2879,8.33376,,143,,178.4
2880,8.33739,,143,,178.4
2881,8.34115,,142,,178.6
2882,8.34472,,141,,178.4
2883,8.34812,,140,,178.4
2884,8.3512,,140,,178.2
2885,8.35422,,140,,178
2886,8.35722,,141,,177.8
2887,8.36116,,142,,177.8
2888,8.365,,142,,177.8
2889,8.36896,,142,,177.8
2890,8.37271,,142,,177.8
2891,8.37649,,143,,177.8
2892,8.37994,,146,,177.8
2893,8.38323,,149,,177.8
2894,8.38688,,152,,177.8
2895,8.39055,,154,,177.8
2896,8.39455,,156,,177.8
2897,8.39812,,156,,177.8
2898,8.40172,,157,,177.8
2899,8.40489,,157,,177.8
2900,8.408,,159,,177.8
2901,8.41098,,159,,177.6
2902,8.41378,,159,,177.6
2903,8.4165,,160,,177.6
2904,8.41923,,161,,177.6
2905,8.4222,,161,,177.6
2906,8.42523,,161,,177.6
2906,8.42523,,161,,177.6
2907,8.4278,,161,,177.6
2908,8.42984,,161,,177.4
2909,8.43166,,161,,177.4
2910,8.43351,,160,,177.6
2911,8.4343,,160,,177.6
2912,8.43529,,160,,177.6
2913,8.43652,,159,,177.6
2914,8.43768,,158,,177.6
2915,8.43827,,157,,177.6
2916,8.43898,,156,,177.8
2917,8.43957,,155,,177.8
2918,8.44005,,155,,177.8
2919,8.44076,,154,,177.8
2920,8.44128,,153,,177.8
2921,8.44247,,152,,178
2922,8.4434,,152,,178
2923,8.44449,,150,,178
2924,8.44553,,150,,178
2925,8.44648,,148,,178
2926,8.4475,,148,,178
2927,8.4484,,147,,178
2928,8.44937,,146,,178
2929,8.45073,,145,,178
2930,8.45199,,145,,178
2931,8.45331,,144,,178
2932,8.45434,,143,,178
2933,8.45566,,141,,178
2934,8.45667,,141,,178
2935,8.45747,,141,,178
2936,8.45849,,140,,178
2937,8.45943,,139,,178
2938,8.46059,,139,,178
2939,8.46161,,139,,178
2940,8.46254,,136,,178
2941,8.4636,,136,,178
2942,8.46483,,136,,177.8
2943,8.46614,,135,,177.8
2944,8.46727,,134,,177.8
2945,8.46852,,134,,177.8
2946,8.46978,,134,,177.8
2947,8.47092,,133,,177.8
2948,8.47216,,134,,177.8
2949,8.47536,,132,,177.8
2950,8.47536,,131,,177.8
2951,8.47692,,131,,177.8
2952,8.47814,,129,,177.8
2953,8.47959,,129,,177.8
2954,8.48098,,128,,177.8
2955,8.48242,,127,,177.8
2956,8.48409,,126,,177.8
2957,8.48565,,127,,177.8
2958,8.48709,,125,,177.8
2959,8.48869,,125,,177.8
2960,8.49026,,124,,177.6
2961,8.4916,,124,,177.8
2962,8.49305,,123,,177.6
2963,8.49444,,122,,177.6
2964,8.49579,,122,,177.8
2965,8.49702,,121,,177.8
2966,8.49826,,122,,177.8
2967,8.49943,,122,,177.8
2968,8.50087,,122,,177.8
2969,8.50207,,122,,177.6
2970,8.50334,,125,,177.6
2971,8.50469,,125,,177.6
2972,8.50596,,125,,177.6
2973,8.50713,,124,,177.6
2974,8.50858,,123,,177.6
2975,8.50983,,123,,177.6
2976,8.51118,,123,,177.6
2977,8.51256,,121,,177.6
2978,8.51402,,119,,177.6
2979,8.5155,,119,,177.6
2980,8.51725,,118,,177.6
2981,8.51896,,119,,177.6
2982,8.52064,,120,,177.6
2983,8.52201,,122,,177.6
2984,8.5235,,122,,177.6
2985,8.52484,,122,,177.8
2986,8.52642,,122,,177.8
2987,8.52774,,122,,178
2988,8.52902,,121,,178
2989,8.5303,,121,,178.2
2990,8.53158,,120,,178.2
2991,8.53285,,120,,178.2
2992,8.53425,,120,,178.4
2993,8.53565,,120,,178.4
2994,8.53704,,121,,178.4
2995,8.53895,,121,,178.4
2996,8.54143,,122,,178.2
2997,8.5431,,122,,178.2
2998,8.54483,,121,,178.2
2999,8.54647,,120,,178.2
3000,8.54785,,119,,178.2
3001,8.54938,,118,,178.2
3002,8.55071,,118,,178
3003,8.55192,,118,,178
3004,8.55313,,117,,178
3005,8.55445,,117,,177.8
3006,8.55686,,117,,177.8
3007,8.55686,,116,,177.8
3008,8.55804,,116,,177.8
3009,8.5592,,116,,177.6
3010,8.56034,,115,,177.6
3011,8.56141,,116,,177.6
3012,8.56249,,116,,177.6
3013,8.56346,,116,,177.6
3014,8.56455,,116,,177.6
3015,8.56556,,116,,177.6
3016,8.56677,,116,,177.6
3017,8.56803,,115,,177.6
3018,8.56941,,114,,177.6
3019,8.57084,,114,,177.6
3020,8.57221,,114,,177.6
3021,8.57366,,114,,177.4
3022,8.57504,,113,,177.4
3023,8.57645,,113,,177.4
3024,8.57802,,113,,177.6
3025,8.5794,,113,,177.6
3026,8.58077,,113,,177.6
3027,8.58208,,113,,177.8
3028,8.58338,,112,,177.8
3029,8.5847,,112,,177.8
3030,8.58633,,112,,177.8
3031,8.588,,112,,178
3032,8.58977,,113,,178
3033,8.59132,,112,,178
3034,8.5929,,111,,178
3035,8.59448,,111,,178.2
3036,8.59615,,112,,178.2
3037,8.59769,,112,,178.2
3038,8.59913,,113,,178.2
3039,8.60072,,114,,178.2
3040,8.60267,,114,,178.4
3041,8.60405,,115,,178.4
3042,8.60538,,114,,178.4
3043,8.60674,,114,,178.4
3044,8.60815,,113,,178.4
3045,8.60945,,113,,178.4
3046,8.61098,,113,,178.4
3047,8.61291,,113,,178.4
3048,8.61441,,113,,178.6
3049,8.61579,,113,,178.6
3050,8.61718,,110,,178.6
3051,8.61883,,109,,178.6
3052,8.62016,,108,,178.6
3053,8.62133,,108,,178.6
3054,8.6227,,107,,178.6
3055,8.62418,,108,,178.6
3056,8.62574,,107,,178.6
3057,8.62728,,107,,178.6
3058,8.62891,,107,,178.8
3059,8.63054,,108,,178.6
3060,8.63207,,107,,178.8
3061,8.6333,,107,,178.8
3062,8.63458,,107,,178.8
3063,8.63595,,107,,178.8
3064,8.63706,,107,,179
3065,8.63824,,107,,179
3066,8.63914,,106,,179
3067,8.64037,,106,,179
3068,8.64162,,107,,179.2
3069,8.64288,,106,,179.2
3070,8.64432,,106,,179.2
3071,8.64589,,107,,179.2
3072,8.64737,,106,,179.4
3073,8.64895,,106,,179.4
3074,8.65034,,105,,179.4
3075,8.65175,,105,,179.4
3076,8.65317,,104,,179.4
3077,8.65462,,104,,179.4
3078,8.65623,,104,,179.4
3079,8.65783,,104,,179.4
3080,8.65932,,104,,179.4
3081,8.66088,,104,,179.4
3082,8.66248,,104,,179.4
3083,8.66401,,105,,179.4
3084,8.66541,,104,,179.4
3085,8.6667,,104,,179.4
3086,8.66808,,105,,179.4
3087,8.66946,,106,,179.4
3088,8.67072,,107,,179.4
3089,8.67226,,108,,179.4
3090,8.67363,,108,,179.4
3091,8.67496,,109,,179.2
3092,8.67639,,110,,179.2
3093,8.67766,,110,,179.2
3094,8.67895,,110,,179.2
3095,8.68024,,109,,179.2
3096,8.68171,,109,,179.2
3097,8.68308,,109,,179.2
3098,8.68447,,109,,179.2
3099,8.68598,,109,,179.2
3100,8.68726,,109,,179.2
3101,8.6885,,109,,179.2
3102,8.68982,,109,,179.2
3103,8.69127,,109,,179.2
3104,8.69268,,108,,179
3105,8.69406,,109,,179.2
3106,8.69548,,109,,179
3107,8.69684,,109,,179
3108,8.69826,,109,,179
3109,8.69982,,110,,179
3110,8.70121,,110,,179
3111,8.70245,,110,,179.2
3112,8.70393,,110,,179.2
3113,8.70552,,109,,179.2
3114,8.70718,,108,,179.4
3115,8.70869,,107,,179.4
3116,8.7102,,106,,179.4
3117,8.71207,,106,,179.4
3118,8.7136,,107,,179.4
3119,8.71492,,109,,179.4
3120,8.71623,,109,,179.4
3121,8.71751,,109,,179.2
3122,8.71908,,109,,179.2
3123,8.72071,,108,,179.2
3124,8.72226,,108,,179.2
3125,8.72363,,108,,179.2
3126,8.72633,,108,,179.2
3127,8.72633,,108,,179.2
3128,8.72785,,109,,179.2
3129,8.7296,,110,,179.2
3130,8.73167,,110,,179.2
3131,8.73352,,111,,179.2
3132,8.73564,,111,,179.2
3133,8.73797,,111,,179
3134,8.74033,,111,,179
3135,8.74259,,111,,179
3136,8.7448,,112,,179
3137,8.74693,,112,,179
3138,8.7491,,113,,179
3139,8.75144,,114,,179
3140,8.75391,,115,,178.8
3141,8.75627,,115,,178.8
3142,8.75859,,115,,178.6
3143,8.76111,,115,,178.6
3144,8.76347,,116,,178.6
3145,8.76555,,116,,178.6
3146,8.76766,,116,,178.8
3147,8.7698,,116,,178.8
3148,8.77196,,116,,178.6
3149,8.77405,,117,,178.6
3150,8.77617,,117,,178.4
3151,8.77834,,118,,178.4
3152,8.78048,,118,,178.4
3153,8.78269,,118,,178.4
3154,8.78491,,119,,178.4
3155,8.78708,,119,,178.6
3156,8.78934,,120,,178.6
3157,8.79163,,120,,178.6
3158,8.79393,,121,,178.6
3159,8.79639,,122,,178.6
3160,8.79892,,123,,178.4
3161,8.8014,,123,,178.4
3162,8.80373,,122,,178.2
3163,8.80612,,122,,178.2
3164,8.80834,,123,,178.2
3165,8.81049,,123,,178
3166,8.81266,,124,,178
3167,8.81478,,124,,178.2
3168,8.81684,,124,,178.2
3169,8.81887,,124,,178.2
3170,8.82095,,125,,178.4
3171,8.82311,,126,,178.8
3172,8.82532,,126,,179.2
3173,8.82764,,126,,179.4
3174,8.82994,,127,,179.4
3175,8.8324,,127,,179.4
3176,8.83483,,127,,179.6
3177,8.83727,,127,,179.6
3178,8.83956,,128,,179.6
3179,8.84196,,128,,179.8
3180,8.8443,,128,,180
3181,8.84665,,128,,180
3182,8.84889,,129,,180
3183,8.85103,,129,,180
3184,8.85326,,128,,180.2
3185,8.85544,,128,,180.4
3186,8.85756,,129,,180.6
3187,8.85965,,128,,180.6
3188,8.86163,,129,,180.8
3189,8.86381,,129,,181
3190,8.86591,,128,,181.2
3191,8.86809,,128,,181.4
3192,8.87006,,128,,181.6
3193,8.87214,,128,,181.8
3194,8.87436,,128,,181.8
3195,8.87652,,128,,181.8
3196,8.87884,,128,,181.6
3197,8.88106,,128,,181.8
3198,8.88293,,128,,181.8
3199,8.88497,,128,,181.8
3200,8.88706,,128,,181.8
3201,8.88902,,128,,182
3202,8.89112,,128,,182
3203,8.89318,,128,,182.2
3204,8.89537,,128,,182.2
3205,8.89762,,128,,182.4
3206,8.9,,128,,182.6
3207,8.90245,,128,,182.8
3208,8.90468,,129,,182.8
3209,8.90687,,129,,183
3210,8.90889,,129,,183.2
3211,8.9111,,130,,183.4
3212,8.91352,,130,,183.6
3213,8.91576,,130,,183.6
3214,8.91793,,130,,183.8
3215,8.92011,,130,,184.2
3216,8.92211,,130,,184.4
3217,8.92423,,130,,184.6
3218,8.92624,,130,,184.6
3219,8.92836,,130,,184.8
3220,8.93058,,131,,184.8
3221,8.93285,,130,,185
3222,8.93479,,131,,185.2
3223,8.93657,,131,,185.2
3224,8.93837,,130,,185.2
3225,8.93998,,130,,185.2
3226,8.94178,,131,,185.2
3227,8.94372,,131,,185.4
3228,8.94563,,131,,185.6
3229,8.94764,,131,,185.8
3230,8.94972,,131,,186
3231,8.95173,,130,,186.2
3232,8.9534,,130,,186.4
3233,8.95519,,130,,186.6
3234,8.95718,,130,,186.8
3235,8.95905,,130,,187
3236,8.96081,,130,,187.2
3237,8.96255,,130,,187.6
3238,8.96428,,130,,187.8
3239,8.96627,,130,,188
3240,8.96855,,130,,188.4
3241,8.97094,,129,,188.6
3242,8.97319,,129,,188.8
3243,8.97532,,129,,189
3244,8.97761,,129,,189
3245,8.9797,,129,,189.2
3246,8.98335,,129,,189.4
3247,8.98335,,128,,189.4
3248,8.98537,,128,,189.6
3249,8.98747,,129,,189.8
3250,8.98962,,129,,189.8
3251,8.99162,,129,,190
3252,8.99369,,129,,190
3253,8.99583,,129,,190.2
3254,8.9979,,129,,190.4
3255,8.99965,,128,,190.6
3256,9.00205,,129,,190.6
3257,9.0042,,129,,190.8
3258,9.00629,,129,,191
3259,9.00918,,129,,191.2
3260,9.01141,,129,,191.4
3261,9.01388,,129,,191.4
3262,9.01659,,129,,191.6
3263,9.01952,,129,,191.6
3264,9.02185,,129,,191.8
3265,9.02397,,128,,191.8
3266,9.02556,,128,,191.8
3267,9.02625,,127,,191.6
3268,9.02652,,127,,191.6
3269,9.02696,,126,,191.4
3270,9.02756,,127,,191.4
3271,9.02825,,127,,191.2
3272,9.029,,127,,191.2
3273,9.02976,,126,,191.2
3274,9.03069,,127,,191.2
3275,9.03249,,127,,191.2
3276,9.03419,,127,,191
3277,9.03629,,127,,191
3278,9.03797,,127,,191
3279,9.04026,,128,,190.8
3280,9.04258,,127,,190.8
3281,9.04471,,127,,190.6
3282,9.04675,,126,,190.4
3283,9.04872,,126,,190.2
3284,9.05058,,126,,190.2
3285,9.05247,,126,,190
3286,9.05458,,126,,189.8
3287,9.05659,,126,,189.8
3288,9.05882,,126,,189.6
3289,9.06094,,126,,189.6
3290,9.06315,,126,,189.4
3291,9.06532,,126,,189.2
3292,9.06768,,126,,189
3293,9.06994,,126,,189
3294,9.07225,,126,,188.8
3295,9.07448,,126,,188.6
3296,9.0765,,126,,188.6
3297,9.0786,,126,,188.4
3298,9.08081,,126,,188.4
3299,9.08292,,126,,188.2
3300,9.08502,,126,,187.8
3301,9.08732,,126,,187.6
3302,9.08916,,126,,187.4
3303,9.09121,,125,,187
3304,9.09339,,125,,186.8
3305,9.09547,,125,,186.4
3306,9.09761,,125,,186.2
3307,9.09981,,125,,185.8
3308,9.10223,,125,,185.4
3309,9.1044,,125,,185.2
3310,9.1064,,125,,185
3311,9.10852,,125,,185
3312,9.11072,,125,,184.8
3313,9.11295,,125,,184.6
3314,9.11541,,125,,184.4
3315,9.11745,,125,,184.4
3316,9.11977,,125,,184.2
3317,9.12221,,125,,183.8
3318,9.12448,,125,,183.6
3319,9.1269,,125,,183.6
3320,9.12907,,125,,183.4
3321,9.13134,,124,,183.4
3322,9.13395,,124,,183.2
3323,9.13634,,124,,182.8
3324,9.13911,,124,,182.6
3325,9.14169,,124,,182.4
3326,9.14383,,124,,182.4
3327,9.146,,124,,182.2
3328,9.1482,,125,,182
3329,9.15005,,125,,181.8
3330,9.15223,,125,,181.8
3331,9.1544,,125,,181.6
3332,9.15656,,125,,181.4
3333,9.15867,,125,,181.2
3334,9.16062,,125,,181
3335,9.16267,,125,,181
3336,9.16455,,125,,180.8
3337,9.16681,,125,,180.6
3338,9.16938,,125,,180.8
3339,9.17188,,125,,180.8
3340,9.17417,,126,,180.8
3341,9.17663,,126,,181
3342,9.17904,,126,,181
3343,9.18156,,126,,181
3344,9.18407,,126,,180.8
3345,9.18645,,126,,180.8
3346,9.18912,,126,,180.6
3347,9.19132,,125,,180.6
3348,9.19387,,126,,180.4
3349,9.19629,,126,,180.4
3350,9.19856,,125,,180.2
3351,9.20074,,125,,180.2
3352,9.20302,,125,,180.2
3353,9.20544,,125,,180
3354,9.20784,,125,,180
3355,9.20999,,125,,180
3356,9.21241,,125,,180
3357,9.21474,,124,,180
3358,9.21706,,124,,179.8
3359,9.21942,,123,,179.8
3360,9.22157,,123,,179.6
3361,9.22367,,122,,179.6
3362,9.22607,,122,,179.6
3363,9.22852,,122,,179.2
3364,9.2312,,121,,178.8
3365,9.23365,,121,,178.4
3366,9.23868,,121,,178.4
3367,9.23868,,121,,178.4
3368,9.24115,,122,,178.2
3369,9.24342,,121,,178.2
3370,9.24587,,121,,178.2
3371,9.24835,,121,,178.2
3372,9.25076,,120,,178.2
3373,9.25306,,121,,178.2
3374,9.25523,,121,,178.4
3375,9.25706,,121,,178.4
3376,9.25911,,122,,178.4
3377,9.2614,,122,,178.4
3378,9.26385,,122,,178.6
3379,9.26629,,122,,178.6
3380,9.26894,,122,,178.6
3381,9.27144,,122,,178.8
3382,9.27375,,122,,178.8
3383,9.27609,,122,,178.8
3384,9.27869,,122,,178.8
3385,9.28131,,122,,179
3386,9.28393,,123,,179.2
3387,9.28662,,124,,179
3388,9.28922,,124,,179
3389,9.29153,,124,,178.8
3390,9.29385,,124,,178.8
3391,9.29626,,124,,178.8
3392,9.29862,,125,,179
3393,9.30083,,125,,179
3394,9.30304,,126,,179.2
3395,9.30527,,126,,179.2
3396,9.30755,,126,,179.2
3397,9.30981,,127,,179.4
3398,9.31203,,127,,179.4
3399,9.3143,,127,,179.4
3400,9.31657,,127,,179.4
3401,9.31879,,127,,179.6
3402,9.32109,,127,,179.6
3403,9.3233,,127,,179.6
3404,9.32547,,128,,179.8
3405,9.32778,,128,,179.8
3406,9.33009,,128,,179.8
3407,9.33249,,128,,180
3408,9.33479,,128,,180
3409,9.3371,,128,,180
3410,9.33946,,128,,180.2
3411,9.3416,,128,,180.2
3412,9.34366,,127,,180.2
3413,9.3457,,127,,180.2
3414,9.34792,,128,,180
3415,9.35006,,127,,180
3416,9.35219,,127,,180
3417,9.35441,,127,,179.8
3418,9.35667,,127,,179.8
3419,9.35888,,127,,179.8
3420,9.36376,,127,,179.8
3421,9.36376,,127,,179.8
3422,9.36617,,127,,179.8
3423,9.36875,,127,,180
3424,9.37114,,126,,180
3425,9.37354,,127,,180
3426,9.37587,,127,,180
3427,9.3781,,127,,180
3428,9.38025,,126,,180
3429,9.38253,,126,,179.8
3430,9.38458,,126,,179.8
3431,9.38677,,126,,179.8
3432,9.38873,,126,,179.8
3433,9.39082,,126,,179.8
3434,9.39296,,126,,179.8
3435,9.39503,,126,,179.8
3436,9.39712,,126,,179.8
3437,9.39923,,126,,179.8
3438,9.40163,,127,,179.8
3439,9.40413,,127,,179.6
3440,9.40655,,127,,179.6
3441,9.40905,,128,,179.6
3442,9.41147,,128,,179.6
3443,9.41379,,128,,179.4
3444,9.41622,,128,,179.4
3445,9.4185,,127,,179.2
3446,9.42082,,127,,179.2
3447,9.42307,,127,,179
3448,9.4254,,127,,179
3449,9.42755,,128,,179
3450,9.4299,,128,,179
3451,9.43205,,128,,179
3452,9.43414,,128,,178.8
3453,9.43612,,128,,178.8
3454,9.43786,,128,,178.8
3455,9.44015,,128,,178.6
3456,9.44275,,128,,178.6
3457,9.44524,,128,,178.6
3458,9.4478,,128,,178.4
3459,9.45062,,129,,178.4
3460,9.45327,,128,,178.4
3461,9.4556,,128,,178.4
3462,9.45823,,128,,178.4
3463,9.46089,,129,,178.4
3464,9.46349,,128,,178.2
3465,9.46583,,128,,178
3466,9.46816,,128,,178
3467,9.47046,,128,,177.8
3468,9.47258,,128,,177.8
3469,9.47462,,128,,177.6
3470,9.47684,,128,,177.6
3471,9.47906,,128,,177.4
3472,9.48128,,127,,177.6
3473,9.48371,,127,,177.6
3474,9.48607,,127,,177.6
3475,9.48835,,127,,177.8
3476,9.49057,,127,,177.8
3477,9.49241,,127,,177.8
3478,9.4943,,127,,178
3479,9.4962,,127,,178
3480,9.49855,,127,,178
3481,9.50073,,127,,178
3482,9.5026,,127,,178.2
3483,9.50429,,127,,178.2
3484,9.50566,,126,,178.2
3485,9.50726,,126,,178.4
3486,9.51148,,126,,178.4
3487,9.51148,,126,,178.4
3488,9.51384,,127,,178.4
3489,9.51627,,127,,178.6
3490,9.51857,,127,,178.6
3491,9.52075,,126,,178.4
3492,9.52304,,126,,178.4
3493,9.52535,,127,,178.2
3494,9.52785,,127,,178
3495,9.53049,,128,,177.8
3496,9.53342,,127,,177.8
3497,9.53612,,127,,177.8
3498,9.53852,,128,,177.8
3499,9.54121,,127,,177.8
3500,9.54349,,127,,177.8
3501,9.54592,,127,,177.8
3502,9.54877,,127,,177.8
3503,9.55131,,127,,177.8
3504,9.55401,,127,,177.8
3505,9.55653,,127,,177.8
3506,9.55864,,127,,177.6
3507,9.5605,,127,,177.8
3508,9.56235,,127,,177.8
3509,9.56466,,127,,177.8
3510,9.56729,,126,,177.8
3511,9.56986,,126,,177.8
3512,9.57222,,127,,177.8
3513,9.57467,,127,,177.8
3514,9.57707,,127,,177.8
3515,9.57944,,127,,177.8
3516,9.58162,,128,,177.8
3517,9.58385,,128,,177.8
3518,9.58617,,128,,177.8
3519,9.58828,,128,,177.8
3520,9.59039,,127,,177.8
3521,9.59288,,127,,177.8
3522,9.59509,,127,,177.8
3523,9.5972,,127,,177.8
3524,9.59991,,127,,177.8
3525,9.60235,,127,,177.8
3526,9.6052,,126,,177.8
3527,9.60775,,126,,177.8
3528,9.61036,,126,,177.8
3529,9.61288,,126,,177.8
3530,9.61531,,126,,177.8
3531,9.61814,,126,,177.8
3532,9.62072,,126,,177.8
3533,9.62329,,125,,177.8
3534,9.62568,,126,,177.8
3535,9.62792,,126,,177.8
3536,9.63031,,126,,177.8
3537,9.63257,,126,,177.8
3538,9.63477,,127,,177.8
3539,9.63732,,127,,177.8
3540,9.6398,,127,,177.8
3541,9.64216,,127,,177.8
3542,9.64446,,127,,177.8
3543,9.64697,,127,,177.8
3544,9.64979,,127,,177.8
3545,9.65249,,127,,177.8
3546,9.65512,,128,,177.8
3547,9.65772,,128,,177.8
3548,9.66021,,128,,177.8
3549,9.66254,,129,,177.8
3550,9.66488,,129,,177.8
3551,9.66724,,128,,177.8
3552,9.6698,,128,,177.6
3553,9.67239,,128,,177.6
3554,9.67473,,128,,177.6
3555,9.677,,128,,177.6
3556,9.67925,,128,,177.6
3557,9.68149,,127,,177.6
3558,9.68393,,127,,177.6
3559,9.68618,,126,,177.6
3560,9.68842,,126,,177.6
3561,9.69067,,125,,177.8
3562,9.69297,,125,,177.8
3563,9.69529,,125,,178
3564,9.69756,,125,,178
3565,9.69995,,125,,178
3566,9.70256,,124,,178
3567,9.70483,,125,,178.2
3568,9.70716,,125,,178.2
3569,9.70929,,125,,178.2
3570,9.71144,,125,,178.2
3571,9.71377,,125,,178.2
3572,9.71584,,125,,178.2
3573,9.71811,,126,,178.2
3574,9.72045,,126,,178.2
3575,9.7227,,126,,178.2
3576,9.7251,,126,,178.4
3577,9.72747,,127,,178.4
3578,9.7297,,127,,178.4
3579,9.73204,,127,,178.4
3580,9.7344,,127,,178.4
3581,9.73657,,127,,178.4
3582,9.73873,,127,,178.4
3583,9.74123,,127,,178.4
3584,9.74366,,127,,178.4
3585,9.74603,,128,,178.2
3586,9.74846,,128,,178.2
3587,9.75107,,128,,178.2
3588,9.75384,,128,,178.2
3589,9.75649,,128,,178.2
3590,9.75901,,128,,178.2
3591,9.7612,,128,,178.2
3592,9.76369,,128,,178
3593,9.76593,,128,,178
3594,9.76806,,128,,178
3595,9.77078,,128,,178
3596,9.77343,,128,,178
3597,9.776,,128,,178
3598,9.7786,,128,,178
3599,9.78128,,128,,178
3600,9.78381,,128,,177.8
3601,9.78618,,128,,177.8
3602,9.78842,,128,,177.8
3603,9.79089,,128,,177.8
3604,9.79341,,128,,177.8
3605,9.79596,,128,,177.6
3606,9.80096,,128,,177.6
3607,9.80096,,127,,177.6
3608,9.8033,,127,,177.6
3609,9.80581,,128,,177.6
3610,9.8082,,127,,177.4
3611,9.81055,,127,,177.4
3612,9.81305,,127,,177.4
3613,9.81573,,128,,177.2
3614,9.81841,,128,,177.2
3615,9.82098,,128,,177.2
3616,9.82358,,128,,177.2
3617,9.82604,,128,,177
3618,9.82871,,128,,177
3619,9.83114,,128,,177
3620,9.83374,,128,,176.8
3621,9.83608,,128,,176.8
3622,9.83864,,127,,176.8
3623,9.8408,,128,,176.6
3624,9.84317,,127,,176.6
3625,9.84521,,127,,176.6
3626,9.84718,,126,,176.6
3627,9.84919,,127,,176.6
3628,9.85145,,127,,176.4
3629,9.85382,,127,,176.4
3630,9.85605,,127,,176.2
3631,9.85852,,127,,176.2
3632,9.86134,,127,,176
3633,9.86406,,127,,176
3634,9.86693,,126,,175.8
3635,9.86974,,126,,175.8
3636,9.87248,,126,,175.6
3637,9.87509,,126,,175.4
3638,9.87784,,126,,175.4
3639,9.88041,,126,,175.2
3640,9.88297,,126,,175.2
3641,9.88554,,126,,175
3642,9.88806,,126,,175
3643,9.8907,,126,,175
3644,9.89322,,125,,174.8
3645,9.89568,,126,,174.8
3646,9.89824,,126,,174.8
3647,9.90072,,126,,174.6
3648,9.9032,,126,,174.6
3649,9.90561,,126,,174.6
3650,9.90807,,125,,174.6
3651,9.91052,,125,,174.4
3652,9.91292,,125,,174.4
3653,9.91543,,125,,174.4
3654,9.91794,,125,,174.2
3655,9.92071,,125,,174.2
3656,9.9232,,125,,174.2
3657,9.92564,,125,,174
3658,9.9282,,126,,174
3659,9.93066,,126,,174
3660,9.93309,,126,,173.8
3661,9.93532,,126,,173.8
3662,9.93748,,126,,173.8
3663,9.93938,,126,,173.8
3664,9.94105,,126,,173.8
3665,9.94257,,125,,173.8
3666,9.94385,,124,,173.8
3667,9.94497,,124,,173.8
3668,9.94631,,122,,173.8
3669,9.94819,,122,,173.8
3670,9.95063,,122,,173.8
3671,9.95338,,123,,173.8
3672,9.95599,,124,,173.8
3673,9.95839,,124,,173.8
3674,9.96065,,124,,173.8
3675,9.96268,,124,,173.8
3676,9.96462,,123,,173.8
3677,9.96635,,123,,173.8
3678,9.9677,,123,,173.8
3679,9.96904,,122,,173.8
3680,9.97044,,122,,173.8
3681,9.97194,,121,,173.8
3682,9.97354,,120,,173.8
3683,9.97516,,120,,173.8
3684,9.97677,,120,,173.8
3685,9.97818,,121,,173.6
3686,9.98023,,122,,173.6
3687,9.98268,,122,,173.6
3688,9.98521,,122,,173.6
3689,9.98809,,123,,173.6
3690,9.99088,,124,,173.6
3691,9.99396,,125,,173.4
3692,9.99695,,125,,173.4
3693,10.0002,,126,,173.4
3693,10.0002,,126,,173.4
3694,10.0032,,126,,173.4
3695,10.0062,,126,,173.4
3696,10.0092,,126,,173.4
3697,10.0119,,127,,173.2
3698,10.0181,,128,,173.2
3699,10.0181,,129,,173.2
3700,10.0215,,130,,173.2
3701,10.025,,130,,173.2
3702,10.0284,,131,,173
3703,10.0318,,131,,173
3704,10.0354,,131,,173
3705,10.0387,,132,,173
3706,10.0421,,133,,173
3707,10.0458,,133,,173
3708,10.0495,,133,,173
3709,10.0533,,134,,173
3710,10.0568,,134,,173
3711,10.0602,,134,,173
3712,10.0636,,135,,173
3713,10.067,,135,,173
3714,10.0703,,135,,173
3715,10.0735,,135,,173
3716,10.0769,,136,,173
3717,10.0802,,136,,173
3718,10.0836,,136,,173
3719,10.0868,,137,,173
3720,10.0901,,137,,173
3721,10.0934,,137,,173
3722,10.0967,,137,,173
3723,10.1,,137,,173
3724,10.1033,,137,,173
3725,10.1065,,137,,173
3726,10.1095,,137,,173
3727,10.1128,,138,,173
3728,10.1161,,138,,173
3729,10.1192,,138,,173
3730,10.1223,,139,,173
3731,10.1253,,139,,173
3732,10.1284,,139,,173
3733,10.1313,,140,,173
3734,10.1344,,140,,173
3735,10.1376,,140,,173
3736,10.141,,141,,173
3737,10.144,,141,,173
3738,10.1471,,141,,173
3739,10.15,,142,,173
3740,10.153,,142,,173
3741,10.1561,,143,,173
3742,10.1592,,143,,173
3743,10.1625,,143,,173.2
3744,10.1656,,143,,173.2
3745,10.1689,,144,,173.2
3746,10.1722,,144,,173.2
3747,10.1755,,144,,173.4
3748,10.1789,,144,,173.4
3749,10.1822,,145,,173.4
3750,10.1854,,145,,173.4
3751,10.1887,,145,,173.6
3752,10.192,,145,,173.6
3753,10.1954,,145,,173.6
3754,10.1987,,145,,173.8
3755,10.2022,,145,,173.8
3756,10.2057,,145,,173.8
3757,10.2092,,146,,173.8
3758,10.2125,,146,,174
3759,10.2157,,146,,174
3760,10.2189,,146,,174
3761,10.2221,,146,,174
3762,10.2253,,146,,174.2
3763,10.2285,,146,,174.2
3764,10.2316,,146,,174.2
3765,10.2348,,146,,174.4
3766,10.238,,146,,174.4
3767,10.241,,146,,174.4
3768,10.2441,,146,,174.4
3769,10.2474,,147,,174.6
3770,10.2507,,147,,174.6
3771,10.2539,,147,,174.6
3772,10.257,,147,,174.8
3773,10.2602,,147,,174.8
3774,10.2635,,146,,174.8
3775,10.2665,,147,,174.6
3776,10.2695,,147,,174.6
3777,10.2726,,148,,174.6
3778,10.2759,,148,,174.6
3779,10.2791,,148,,174.6
3780,10.2823,,147,,174.8
3781,10.2852,,148,,174.8
3782,10.2882,,148,,174.8
3783,10.2911,,148,,174.8
3784,10.2941,,148,,174.8
3785,10.297,,147,,174.8
3786,10.3001,,148,,175
3787,10.3032,,148,,175
3788,10.3066,,147,,175
3789,10.3099,,147,,175
3790,10.3133,,148,,175
3791,10.3165,,148,,175.2
3792,10.3198,,148,,175.2
3793,10.3229,,148,,175.2
3794,10.3261,,147,,175.2
3795,10.3293,,147,,175.2
3796,10.3324,,147,,175.2
3797,10.3358,,148,,175.2
3798,10.3392,,147,,175.4
3799,10.3425,,147,,175.4
3800,10.3457,,148,,175.4
3801,10.3489,,147,,175.4
3802,10.352,,148,,175.4
3803,10.3552,,147,,175.4
3804,10.3583,,147,,175.4
3805,10.3613,,148,,175.2
3806,10.3645,,148,,175.2
3807,10.3679,,148,,175
3808,10.3711,,148,,174.8
3809,10.3745,,148,,174.8
3810,10.3779,,148,,174.6
3811,10.381,,148,,174.4
3812,10.3841,,149,,174.4
3813,10.3878,,148,,174.2
3814,10.3912,,148,,174
3815,10.3944,,148,,174
3816,10.3975,,148,,173.8
3817,10.4006,,148,,173.8
3818,10.4037,,148,,173.6
3819,10.4069,,148,,173.4
3820,10.4101,,148,,173.4
3821,10.4135,,148,,173.2
3822,10.4171,,148,,173
3823,10.4205,,148,,173
3824,10.4237,,148,,172.8
3825,10.4267,,148,,172.8
3826,10.4297,,148,,172.8
3827,10.433,,148,,172.6
3828,10.4363,,147,,172.6
3829,10.4397,,147,,172.4
3830,10.443,,148,,172.4
3831,10.4462,,148,,172.4
3832,10.4494,,147,,172.2
3833,10.4526,,147,,172.2
3834,10.4559,,147,,172.2
3835,10.4591,,147,,172
3836,10.4621,,147,,172
3837,10.465,,148,,172
3838,10.4683,,147,,171.8
3839,10.4717,,147,,171.8
3840,10.4752,,147,,171.6
3841,10.4788,,147,,171.6
3842,10.4823,,147,,171.6
3843,10.4857,,147,,171.4
3844,10.489,,147,,171.4
3845,10.4922,,147,,171.4
3846,10.4951,,147,,171.2
3847,10.4981,,147,,171.2
3848,10.5009,,147,,171.2
3849,10.504,,147,,171
3850,10.507,,148,,171
3851,10.5101,,148,,171
3852,10.5131,,147,,170.8
3853,10.5162,,148,,170.8
3854,10.5195,,148,,170.8
3855,10.5227,,148,,170.6
3856,10.5257,,148,,170.6
3857,10.5287,,148,,170.6
3858,10.5318,,148,,170.6
3859,10.535,,148,,170.4
3860,10.5382,,149,,170.4
3861,10.5413,,149,,170.4
3862,10.5445,,149,,170.4
3863,10.5477,,149,,170.2
3864,10.5508,,149,,170.2
3865,10.5542,,149,,170.2
3866,10.5574,,148,,170.2
3867,10.5607,,149,,170.2
3868,10.5638,,149,,170.2
3869,10.567,,149,,170.2
3870,10.5701,,149,,170.2
3871,10.5732,,149,,170.2
3872,10.58,,149,,170.2
3873,10.58,,149,,170.2
3874,10.5832,,149,,170.2
3875,10.5865,,149,,170.2
3876,10.5899,,149,,170.2
3877,10.593,,150,,170.2
3878,10.596,,149,,170.2
3879,10.5988,,149,,170.4
3880,10.6017,,150,,170.4
3881,10.6047,,150,,170.4
3882,10.6078,,149,,170.4
3883,10.6111,,149,,170.4
3884,10.6143,,149,,170.4
3885,10.6173,,149,,170.4
3886,10.6205,,149,,170.4
3887,10.6238,,150,,170.6
3888,10.6273,,149,,170.6
3889,10.6306,,149,,170.6
3890,10.6337,,149,,170.6
3891,10.6369,,149,,170.6
3892,10.6401,,149,,170.4
3893,10.6431,,149,,170.4
3894,10.6464,,149,,170.2
3895,10.6497,,149,,170.2
3896,10.6529,,149,,170
3897,10.6562,,149,,170
3898,10.6597,,150,,170
3899,10.663,,149,,170.2
3900,10.6663,,149,,170.4
3901,10.6696,,149,,170.6
3902,10.6727,,149,,170.8
3903,10.6758,,149,,171
3904,10.6789,,149,,171.2
3905,10.6822,,149,,171.4
3906,10.6885,,150,,171.8
3907,10.6885,,149,,171.8
3908,10.6917,,149,,172
3909,10.6951,,149,,172.2
3910,10.6985,,149,,172.4
3911,10.7015,,149,,172.6
3912,10.7045,,149,,172.6
3913,10.7078,,149,,172.8
3914,10.7113,,149,,172.8
3915,10.715,,149,,173
3916,10.7185,,149,,173
3917,10.7215,,149,,173.2
3918,10.7249,,150,,173.2
3919,10.7282,,150,,173.6
3920,10.7315,,149,,174
3921,10.7347,,149,,174.2
3922,10.7382,,149,,174.4
3923,10.7416,,149,,174.6
3924,10.7448,,149,,174.6
3925,10.7481,,150,,174.8
3926,10.7514,,150,,175
3927,10.7543,,150,,175.2
3928,10.7575,,150,,175.4
3929,10.7609,,150,,175.6
3930,10.7641,,150,,175.8
3931,10.7676,,150,,176
3932,10.7712,,150,,176.2
3933,10.7747,,150,,176.4
3934,10.7778,,150,,176.6
3935,10.7815,,150,,176.8
3936,10.7852,,150,,177
3937,10.7888,,150,,177.2
3938,10.7925,,150,,177.2
3939,10.7962,,150,,177.2
3940,10.8,,149,,177.4
3941,10.8037,,150,,177.4
3942,10.8073,,150,,177.4
3943,10.8106,,150,,177.4
3944,10.8141,,150,,177.4
3945,10.8175,,150,,177.6
3946,10.8209,,150,,177.6
3947,10.824,,150,,177.8
3948,10.8274,,150,,177.8
3949,10.8309,,150,,177.8
3950,10.8344,,150,,177.6
3951,10.8378,,150,,177.6
3952,10.8411,,150,,177.4
3953,10.8442,,149,,177.2
3954,10.8473,,150,,177.2
3955,10.8504,,150,,177
3956,10.8534,,150,,176.6
3957,10.8568,,150,,176.2
3958,10.8604,,150,,175.6
3959,10.864,,150,,175.2
3960,10.8674,,150,,174.8
3961,10.8707,,150,,174.2
3962,10.8737,,151,,173.8
3963,10.8767,,150,,173.4
3964,10.8798,,150,,173
3965,10.8833,,151,,172.6
3966,10.887,,150,,172.4
3967,10.8904,,150,,172
3968,10.8939,,150,,171.6
3969,10.8972,,151,,171.4
3970,10.9003,,151,,171
3971,10.904,,151,,170.6
3972,10.9078,,151,,170.2
3973,10.9117,,151,,169.6
3974,10.9157,,151,,169
3975,10.9193,,151,,168.4
3976,10.9229,,151,,167.8
3977,10.9265,,150,,167.2
3978,10.9299,,150,,166.6
3979,10.9333,,151,,166.2
3980,10.9366,,151,,166
3981,10.9401,,151,,166
3982,10.9435,,151,,166
3983,10.9469,,151,,166
3984,10.9501,,151,,166
3985,10.9533,,151,,166
3986,10.9563,,150,,166
3987,10.9595,,150,,166
3988,10.9626,,151,,166
3989,10.9661,,151,,166.4
3990,10.9695,,151,,166.6
3991,10.9728,,150,,167
3992,10.9761,,151,,167.2
3993,10.9796,,151,,167.6
3994,10.983,,151,,168
3995,10.9861,,150,,168.2
3996,10.989,,150,,168.4
3997,10.9922,,150,,168.6
3998,10.9955,,150,,168.6
3999,10.9988,,151,,168.8
4000,11.0019,,151,,169
4001,11.0051,,151,,169
4002,11.0083,,151,,169.2
4003,11.0115,,151,,169.4
4004,11.0149,,151,,169.6
4005,11.0184,,151,,170
4006,11.0221,,150,,170.6
4007,11.0259,,151,,171
4008,11.0295,,151,,171.6
4009,11.0328,,151,,172
4010,11.0359,,151,,172.4
4011,11.0389,,151,,172.8
4012,11.0418,,151,,173.2
4013,11.0447,,151,,173.6
4014,11.0475,,151,,174
4015,11.0504,,151,,174.4
4016,11.0538,,152,,174.8
4017,11.057,,152,,174.8
4018,11.0603,,151,,175
4019,11.0635,,151,,175
4020,11.0667,,151,,175
4021,11.0696,,151,,175.2
4022,11.0725,,151,,175.2
4023,11.0756,,151,,175.2
4024,11.0789,,152,,175.2
4025,11.0823,,151,,175.2
4026,11.0857,,152,,175.2
4027,11.0891,,151,,175.2
4028,11.0922,,152,,175.2
4029,11.0953,,151,,175.2
4030,11.0985,,151,,175.2
4031,11.102,,151,,175.2
4032,11.1053,,152,,175.2
4033,11.1085,,152,,175.2
4034,11.1117,,151,,175.2
4035,11.1147,,152,,175.2
4036,11.1176,,152,,174.8
4037,11.1204,,152,,174.6
4038,11.1233,,152,,174.2
4039,11.1266,,152,,173.8
4040,11.1302,,152,,173.6
4041,11.1339,,152,,173.2
4042,11.1371,,152,,172.8
4043,11.1402,,152,,172.6
4044,11.1433,,152,,172.2
4045,11.1465,,152,,172
4046,11.1495,,152,,171.6
4047,11.1523,,152,,171.4
4048,11.1549,,152,,171.4
4049,11.1575,,152,,171.2
4050,11.1603,,152,,171.2
4051,11.1632,,153,,171.2
4052,11.1668,,152,,170.8
4053,11.17,,152,,170.4
4054,11.1732,,152,,170
4055,11.1772,,153,,169.6
4056,11.181,,152,,169
4057,11.1846,,152,,168.6
4058,11.1882,,152,,168.2
4059,11.1914,,152,,168
4060,11.1946,,153,,167.6
4061,11.1984,,153,,167.2
4062,11.2024,,152,,166.8
4063,11.2061,,153,,166.6
4064,11.2097,,153,,166.2
4065,11.2142,,153,,166
4066,11.2187,,153,,165.8
4067,11.2233,,153,,165.6
4068,11.2274,,153,,165.4
4069,11.2313,,152,,165
4070,11.2348,,152,,164.8
4071,11.2388,,152,,164.6
4072,11.2428,,153,,164.2
4073,11.2462,,152,,164
4074,11.25,,152,,163.8
4075,11.254,,152,,163.4
4076,11.2575,,152,,163.2
4077,11.2605,,152,,163
4078,11.2643,,152,,162.8
4079,11.2678,,152,,162.4
4080,11.2715,,152,,162.2
4081,11.2752,,152,,162
4082,11.2789,,152,,161.8
4083,11.2827,,152,,161.6
4084,11.2865,,152,,161.2
4085,11.2902,,152,,161
4086,11.2938,,152,,160.8
4087,11.2974,,152,,160.4
4088,11.3011,,152,,160.2
4089,11.3044,,152,,160
4090,11.3077,,152,,159.6
4091,11.3114,,152,,159.4
4092,11.3151,,153,,159
4093,11.3189,,152,,158.8
4094,11.3227,,152,,158.4
4095,11.3264,,152,,158.2
4096,11.3299,,152,,158
4097,11.3334,,153,,157.8
4098,11.3372,,152,,157.6
4099,11.3408,,152,,157.4
4100,11.3445,,152,,157.2
4101,11.3481,,152,,157
4102,11.3519,,153,,156.8
4103,11.3555,,153,,156.8
4104,11.3592,,153,,156.6
4105,11.3628,,153,,156.4
4106,11.366,,153,,156.4
4107,11.3696,,153,,156.6
4108,11.3731,,153,,156.8
4109,11.3767,,153,,157
4110,11.3803,,153,,157.2
4111,11.3839,,153,,157.4
4112,11.3878,,153,,157.6
4113,11.3918,,153,,157.6
4114,11.3953,,153,,157.6
4115,11.3987,,154,,157.6
4116,11.402,,154,,157.6
4117,11.4053,,154,,157.6
4118,11.4087,,154,,157.6
4119,11.4119,,154,,157.6
4120,11.4154,,154,,157.8
4121,11.4189,,154,,158.2
4122,11.4225,,153,,158.6
4123,11.4255,,154,,159
4124,11.4287,,154,,159.2
4125,11.4322,,154,,159.6
4126,11.4356,,154,,160
4127,11.4391,,154,,160.4
4128,11.4422,,154,,160.8
4129,11.4454,,154,,161.2
4130,11.4484,,154,,161.4
4131,11.4515,,154,,161.8
4132,11.4545,,154,,162
4133,11.4573,,154,,162.4
4134,11.4601,,154,,162.6
4135,11.4629,,154,,162.6
4136,11.4657,,154,,162.6
4137,11.4688,,154,,162.6
4138,11.4721,,153,,162.6
4139,11.4752,,153,,162.6
4140,11.4781,,153,,162.6
4141,11.4812,,153,,162.6
4142,11.4845,,153,,162.6
4143,11.4877,,153,,162.6
4144,11.491,,153,,162.6
4145,11.4942,,153,,162.6
4146,11.4977,,153,,162.4
4147,11.5013,,153,,162.4
4148,11.5044,,153,,162.6
4149,11.5071,,153,,162.6
4150,11.5099,,153,,162.6
4151,11.5132,,153,,162.6
4152,11.5164,,154,,162.4
4153,11.52,,154,,162.4
4154,11.5241,,154,,162.4
4155,11.5275,,154,,162.4
4156,11.5311,,154,,162.2
4157,11.5348,,153,,162
4158,11.539,,153,,161.8
4159,11.5426,,153,,161.6
4160,11.5465,,154,,161.4
4161,11.55,,154,,161.2
4162,11.5535,,154,,161
4163,11.557,,154,,160.8
4164,11.5606,,154,,160.6
4165,11.5648,,155,,160.4
4166,11.5688,,155,,160.2
4167,11.5726,,155,,160
4168,11.5761,,155,,159.6
4169,11.5796,,155,,159.4
4170,11.583,,155,,159
4171,11.5863,,155,,158.8
4172,11.5898,,155,,158.4
4173,11.5935,,155,,158
4174,11.5978,,156,,157.8
4175,11.6012,,156,,157.6
4176,11.605,,156,,157.6
4177,11.6084,,156,,157.2
4178,11.6121,,156,,157
4179,11.6154,,156,,156.8
4180,11.6191,,156,,156.6
4181,11.6224,,156,,156.4
4182,11.6257,,156,,156.4
4183,11.6292,,156,,156.2
4184,11.6325,,156,,156
4185,11.6362,,156,,156
4186,11.6397,,156,,155.8
4187,11.6437,,156,,155.6
4188,11.6474,,156,,155.4
4189,11.6511,,156,,155.4
4190,11.6545,,156,,155.2
4191,11.6581,,155,,155
4192,11.6612,,155,,155
4193,11.6642,,156,,154.8
4194,11.6673,,156,,154.6
4195,11.6704,,156,,154.6
4196,11.6736,,155,,154.6
4197,11.6768,,157,,154.4
4198,11.6806,,155,,154.4
4199,11.6839,,156,,154.4
4200,11.6877,,155,,154.2
4201,11.6912,,156,,154.2
4202,11.6954,,155,,154.2
4203,11.6992,,155,,154.2
4204,11.7031,,155,,154
4205,11.7067,,156,,154
4206,11.7105,,156,,154
4207,11.7138,,155,,153.8
4208,11.7174,,155,,153.8
4209,11.7208,,155,,153.6
4210,11.7243,,155,,153.6
4211,11.728,,155,,153.4
4212,11.7315,,155,,153.4
4213,11.7351,,155,,153.4
4214,11.7387,,155,,153.4
4215,11.7422,,155,,153.2
4216,11.7459,,155,,153.2
4217,11.7495,,155,,153.2
4218,11.753,,155,,153
4219,11.7566,,155,,153
4220,11.7603,,155,,153
4221,11.7643,,155,,153
4222,11.7682,,155,,153
4223,11.7721,,155,,152.8
4224,11.7759,,155,,152.6
4225,11.7794,,155,,152.4
4226,11.783,,155,,152.4
4227,11.7865,,155,,152.2
4228,11.7899,,155,,152.2
4229,11.7934,,155,,152
4230,11.7971,,155,,152
4231,11.8008,,155,,151.8
4232,11.8046,,155,,151.8
4233,11.8085,,155,,151.8
4234,11.8123,,155,,151.6
4235,11.816,,155,,151.6
4236,11.8196,,155,,151.6
4237,11.8233,,155,,151.4
4238,11.8269,,155,,151.4
4239,11.8307,,155,,151.2
4240,11.8343,,156,,151
4241,11.838,,155,,151
4242,11.8415,,155,,151
4243,11.8451,,155,,151
4244,11.8488,,155,,150.8
4245,11.8525,,155,,150.8
4246,11.8559,,155,,150.8
4247,11.8592,,155,,150.8
4248,11.8626,,155,,150.8
4249,11.8661,,154,,150.8
4250,11.8697,,155,,150.6
4251,11.8732,,154,,150.6
4252,11.8767,,155,,150.6
4253,11.8802,,154,,150.6
4254,11.8837,,155,,150.6
4255,11.8873,,154,,150.6
4256,11.891,,155,,150.2
4257,11.8948,,155,,150
4258,11.8986,,155,,149.8
4259,11.9024,,155,,149.6
4260,11.9059,,155,,149.6
4261,11.9095,,155,,149.4
4262,11.9131,,155,,149.4
4263,11.9169,,155,,149.2
4264,11.9205,,155,,149.2
4265,11.9242,,155,,149.2
4266,11.9312,,155,,149
4267,11.9312,,155,,149
4268,11.9345,,155,,148.8
4269,11.9378,,155,,148.8
4270,11.9413,,155,,148.6
4271,11.9444,,155,,148.6
4272,11.9472,,155,,148.4
4273,11.9504,,155,,148.2
4274,11.9536,,155,,148
4275,11.9567,,156,,147.8
4276,11.9595,,156,,147.6
4277,11.9624,,156,,147.6
4278,11.9652,,156,,147.6
4279,11.9715,,156,,147.2
4280,11.9715,,156,,147.2
4281,11.9746,,156,,147.2
4282,11.9778,,156,,147
4283,11.9811,,157,,147
4284,11.9849,,156,,146.8
4285,11.9882,,156,,146.8
4286,11.9916,,156,,146.6
4287,11.9948,,157,,146.6
4288,11.9984,,157,,146.4
4289,12.0018,,157,,146.2
4290,12.0053,,157,,146.4
4291,12.0088,,157,,146.8
4292,12.0118,,157,,147.2
4293,12.0148,,157,,147.4
4294,12.0178,,157,,147.6
4295,12.0211,,157,,147.8
4296,12.0242,,157,,148
4297,12.0271,,157,,148.2
4298,12.0299,,157,,148.2
4299,12.033,,157,,148.4
4300,12.0363,,157,,148.4
4301,12.0395,,157,,148.6
4302,12.0428,,157,,148.8
4303,12.046,,157,,148.8
4304,12.0497,,157,,149
4305,12.0533,,157,,149
4306,12.0569,,157,,149.2
4307,12.0602,,157,,149.2
4308,12.0636,,157,,149.4
4309,12.067,,157,,149.6
4310,12.0702,,157,,149.8
4311,12.0732,,156,,149.6
4312,12.0764,,156,,149.6
4313,12.0799,,156,,149.6
4314,12.0835,,157,,149.6
4315,12.0873,,156,,149.6
4316,12.0907,,156,,149.6
4317,12.094,,156,,149.6
4318,12.0976,,156,,149.6
4319,12.1009,,157,,149.6
4320,12.1042,,156,,149.4
4321,12.1075,,156,,149.4
4322,12.1106,,156,,149.4
4323,12.1141,,156,,149.6
4324,12.1175,,157,,149.6
4325,12.1212,,157,,149.6
4326,12.1252,,156,,149.8
4327,12.1289,,156,,150
4328,12.1325,,156,,150.2
4329,12.1359,,157,,150.4
4330,12.1396,,157,,150.6
4331,12.1432,,157,,150.8
4332,12.1471,,156,,151
4333,12.1507,,156,,151
4334,12.1548,,156,,151.4
4335,12.159,,156,,151.6
4336,12.163,,156,,151.8
4337,12.1668,,156,,152
4338,12.1703,,156,,152.2
4339,12.1743,,156,,152.2
4340,12.1779,,157,,152.2
4341,12.1812,,156,,152
4342,12.1846,,156,,152
4343,12.1879,,156,,152
4344,12.1915,,156,,152.2
4345,12.1948,,156,,152.2
4346,12.1984,,156,,152.4
4347,12.2019,,156,,152.4
4348,12.2049,,156,,152.6
4349,12.2079,,156,,152.6
4350,12.2107,,156,,152.8
4351,12.2138,,156,,152.8
4352,12.217,,156,,152.8
4353,12.2202,,156,,153
4354,12.224,,156,,153
4355,12.2273,,156,,152.8
4356,12.2307,,156,,152.6
4357,12.234,,156,,152.6
4358,12.2373,,157,,152.4
4359,12.2408,,156,,152.2
4360,12.2441,,157,,152.2
4361,12.2473,,156,,152
4362,12.2504,,157,,152
4363,12.2541,,157,,151.8
4364,12.2574,,157,,151.8
4365,12.2612,,156,,151.8
4366,12.2646,,157,,151.6
4367,12.2686,,157,,151.6
4368,12.272,,157,,151.4
4369,12.2753,,157,,151.4
4370,12.2786,,157,,151.2
4371,12.2818,,157,,151.2
4372,12.285,,157,,150.8
4373,12.2882,,157,,150.6
4374,12.2917,,157,,150.4
4375,12.2952,,157,,150.2
4376,12.2984,,157,,150
4377,12.3016,,157,,150
4378,12.3051,,157,,149.8
4379,12.3089,,157,,149.6
4380,12.313,,157,,149.6
4381,12.3171,,157,,149.4
4382,12.3209,,157,,149.4
4383,12.3249,,157,,149.4
4384,12.3289,,157,,149.2
4385,12.3335,,157,,149.2
4386,12.3416,,158,,149
4387,12.3416,,157,,149
4388,12.3455,,157,,148.8
4389,12.3494,,157,,148.6
4390,12.3529,,157,,148.4
4391,12.356,,157,,148.4
4392,12.3595,,157,,148.4
4393,12.3629,,157,,148.4
4394,12.3666,,157,,148.2
4395,12.3701,,157,,148
4396,12.374,,157,,147.6
4397,12.3776,,157,,147.4
4398,12.3814,,157,,147.2
4399,12.385,,157,,147.2
4400,12.3885,,157,,147
4401,12.3918,,158,,147
4402,12.3949,,157,,146.8
4403,12.3981,,157,,146.6
4404,12.4016,,157,,146.2
4405,12.4052,,157,,146
4406,12.4084,,157,,145.8
4407,12.4117,,158,,145.6
4408,12.4152,,157,,145.4
4409,12.4186,,157,,145.2
4410,12.4219,,157,,145
4411,12.4255,,157,,144.8
4412,12.429,,157,,144.6
4413,12.4327,,157,,144.6
4414,12.436,,157,,144.4
4415,12.4393,,157,,144.4
4416,12.4425,,157,,144.2
4417,12.4459,,156,,144
4418,12.449,,157,,143.8
4419,12.4518,,157,,143.8
4420,12.455,,156,,143.6
4421,12.4581,,156,,143.4
4422,12.4609,,157,,143.2
4423,12.4637,,156,,143
4424,12.467,,157,,143
4425,12.4701,,156,,142.8
4426,12.4734,,156,,142.6
4427,12.4768,,156,,142.6
4428,12.4801,,156,,142.4
4429,12.4833,,156,,142.4
4430,12.487,,156,,142.4
4431,12.4906,,156,,142.4
4432,12.4947,,156,,142.4
4433,12.4984,,156,,142.4
4434,12.5025,,157,,142.2
4435,12.5066,,156,,142.2
4436,12.51,,157,,142.2
4437,12.5135,,156,,142.2
4438,12.5171,,157,,142
4439,12.5208,,157,,142
4440,12.5244,,156,,142
4441,12.5281,,157,,142
4442,12.5313,,157,,142
4443,12.5351,,157,,142
4444,12.5387,,157,,142.2
4445,12.5426,,157,,142.4
4446,12.5463,,157,,142.4
4447,12.5503,,157,,142.4
4448,12.5539,,157,,142.2
4449,12.5612,,157,,142
4450,12.5612,,157,,142
4451,12.5649,,157,,142
4452,12.5687,,157,,141.8
4453,12.5721,,157,,141.8
4454,12.5756,,156,,141.6
4455,12.579,,157,,141.6
4456,12.5825,,157,,141.4
4457,12.5856,,157,,141.4
4458,12.589,,156,,141.6
4459,12.5924,,157,,141.8
4460,12.5959,,156,,141.8
4461,12.5992,,157,,142
4462,12.6026,,157,,142
4463,12.6058,,157,,142.2
4464,12.609,,157,,142.4
4465,12.6122,,157,,142.4
4466,12.6156,,157,,142.6
4467,12.619,,157,,142.8
4468,12.6226,,156,,142.8
4469,12.6263,,157,,143
4470,12.63,,157,,143.2
4471,12.6341,,156,,143.4
4472,12.6379,,156,,143.6
4473,12.642,,156,,143.6
4474,12.6458,,156,,143.6
4475,12.6496,,156,,143.6
4476,12.6534,,156,,143.8
4477,12.6572,,156,,143.8
4478,12.6609,,156,,143.8
4479,12.6647,,156,,143.8
4480,12.6685,,156,,144
4481,12.6723,,156,,144.2
4482,12.6763,,156,,144.4
4483,12.6799,,156,,144.6
4484,12.6835,,156,,144.8
4485,12.687,,156,,144.8
4486,12.6904,,156,,145
4487,12.6936,,156,,145
4488,12.697,,155,,145
4489,12.7005,,156,,145
4490,12.7039,,156,,145
4491,12.7075,,156,,145
4492,12.7111,,156,,144.8
4493,12.7146,,156,,144.8
4494,12.7179,,156,,144.8
4495,12.7214,,155,,144.8
4496,12.7249,,156,,145
4497,12.7288,,156,,145.2
4498,12.7325,,156,,145.2
4499,12.7361,,156,,145.4
4500,12.7396,,156,,145.4
4501,12.7433,,156,,145.4
4502,12.7469,,156,,145.4
4503,12.7506,,157,,145.4
4504,12.7539,,157,,145.4
4505,12.7574,,157,,145.4
4506,12.7609,,157,,145.4
4507,12.7643,,157,,145.4
4508,12.7678,,157,,145.4
4509,12.7713,,157,,145.4
4510,12.7748,,159,,145.4
4511,12.778,,159,,145.4
4512,12.7811,,158,,145.4
4513,12.7843,,158,,145.4
4514,12.7877,,157,,145.4
4515,12.7911,,157,,145.6
4516,12.7948,,157,,145.6
4517,12.7985,,157,,145.6
4518,12.8022,,157,,145.6
4519,12.8058,,157,,145.8
4520,12.8093,,157,,145.8
4521,12.8127,,157,,145.8
4522,12.8159,,157,,146
4523,12.8192,,157,,146
4524,12.8227,,157,,146.2
4525,12.8265,,157,,146.2
4526,12.8299,,157,,146.2
4527,12.8334,,157,,146.2
4528,12.837,,158,,146.4
4529,12.8403,,158,,146.4
4530,12.8437,,158,,146.6
4531,12.847,,158,,146.8
4532,12.8506,,157,,147
4533,12.8538,,158,,147.2
4534,12.8572,,158,,147.4
4535,12.8606,,158,,147.4
4536,12.8641,,158,,147.4
4537,12.8672,,158,,147.6
4538,12.8703,,158,,147.6
4539,12.8733,,157,,147.6
4540,12.8765,,158,,147.6
4541,12.8797,,158,,147.8
4542,12.8829,,158,,147.8
4543,12.8862,,158,,148
4544,12.8894,,158,,148
4545,12.8928,,158,,148.2
4546,12.8961,,158,,148.2
4547,12.8991,,158,,148.4
4548,12.9022,,158,,148.6
4549,12.9054,,159,,148.8
4550,12.9083,,158,,149
4551,12.9112,,158,,149.2
4552,12.9145,,158,,149.4
4553,12.918,,158,,149.6
4554,12.9214,,158,,149.8
4555,12.925,,157,,150
4556,12.9282,,158,,150.2
4557,12.9315,,157,,150.4
4558,12.9348,,157,,150.4
4559,12.9382,,157,,150.6
4560,12.9415,,158,,150.6
4561,12.9449,,158,,150.8
4562,12.9486,,158,,151
4563,12.9521,,158,,151.2
4564,12.9555,,157,,151.6
4565,12.9591,,158,,152
4566,12.9626,,158,,151.8
4567,12.966,,157,,151.8
4568,12.9696,,157,,151.8
4569,12.9731,,158,,151.6
4570,12.9765,,158,,151.6
4571,12.98,,158,,151.6
4572,12.9835,,158,,151.6
4573,12.987,,158,,151.8
4574,12.9904,,158,,152
4575,12.9937,,158,,152.2
4576,12.997,,157,,152.6
4577,13.0003,,158,,152.8
4578,13.004,,157,,153
4579,13.0076,,157,,153.4
4580,13.011,,157,,153.6
4581,13.0147,,158,,154
4582,13.0182,,157,,154.2
4583,13.0218,,158,,154.4
4584,13.0252,,158,,154.4
4585,13.0286,,158,,154.4
4586,13.032,,157,,154.4
4587,13.0358,,157,,154.4
4588,13.0392,,158,,154.4
4589,13.0426,,158,,154.4
4590,13.0462,,158,,154.4
4591,13.0497,,158,,154.4
4592,13.0533,,158,,154.4
4593,13.0567,,157,,154.6
4594,13.0601,,158,,154.6
4595,13.0636,,157,,154.6
4596,13.0671,,158,,154.6
4597,13.0703,,158,,154.8
4598,13.0738,,158,,155
4599,13.0772,,157,,155.2
4600,13.0808,,157,,155.6
4601,13.0844,,157,,155.8
4602,13.0879,,157,,156.2
4603,13.0914,,157,,156.4
4604,13.095,,157,,156.8
4605,13.0987,,157,,157
4606,13.1023,,157,,157.4
4607,13.1058,,157,,157.6
4608,13.1095,,157,,158
4609,13.113,,157,,158.4
4610,13.1164,,157,,158.6
4611,13.1197,,156,,158.8
4612,13.1231,,157,,159.2
4613,13.1264,,157,,159.4
4614,13.1297,,157,,159.8
4615,13.1331,,157,,160
4616,13.1366,,157,,160.4
4617,13.1402,,158,,160.6
4618,13.1437,,158,,161
4619,13.147,,157,,161.2
4620,13.1503,,157,,161.4
4621,13.1538,,157,,161.4
4622,13.157,,157,,161.2
4623,13.1604,,157,,161
4624,13.1636,,157,,161
4625,13.167,,158,,160.8
4626,13.1703,,157,,160.8
4627,13.1737,,157,,160.6
4628,13.1772,,157,,160.6
4629,13.1805,,157,,160.4
4630,13.1839,,157,,160.4
4631,13.1875,,157,,160.4
4632,13.191,,157,,160.2
4633,13.1942,,157,,160.2
4634,13.1976,,157,,160.2
4635,13.2005,,157,,160
4636,13.2034,,157,,160
4637,13.2066,,157,,160
4638,13.2101,,157,,160.2
4639,13.2139,,157,,160.2
4640,13.2176,,157,,160.4
4641,13.2208,,157,,160.4
4642,13.2239,,156,,160.4
4643,13.2272,,157,,160.2
4644,13.2306,,157,,160
4645,13.2339,,157,,160
4646,13.237,,157,,160
4647,13.2404,,157,,160
4648,13.2438,,157,,160
4649,13.2472,,157,,160
4650,13.2506,,157,,159.8
4651,13.254,,157,,159.6
4652,13.2572,,157,,159.6
4653,13.2607,,157,,159.4
4654,13.2643,,157,,159.2
4655,13.2677,,157,,159.2
4656,13.2713,,157,,159
4657,13.2743,,157,,159
4658,13.2779,,157,,158.8
4659,13.2813,,157,,158.6
4660,13.2848,,157,,158.6
4661,13.2882,,158,,158.4
4662,13.2912,,158,,158.4
4663,13.2945,,157,,158.2
4664,13.2977,,157,,158
4665,13.3006,,157,,158
4666,13.3038,,157,,157.8
4667,13.3069,,157,,157.8
4668,13.3101,,157,,157.6
4669,13.3133,,158,,157.6
4670,13.3169,,157,,157.4
4671,13.3205,,157,,157.2
4672,13.3242,,158,,157.2
4673,13.3281,,157,,157
4674,13.3319,,157,,156.8
4675,13.3355,,157,,156.8
4676,13.3392,,157,,156.4
4677,13.3424,,157,,156
4678,13.3455,,157,,155.6
4679,13.3485,,157,,155.2
4680,13.3514,,158,,154.8
4681,13.3542,,157,,154.4
4682,13.3575,,157,,154
4683,13.3615,,158,,153.4
4684,13.3651,,158,,152.6
4685,13.3683,,158,,152.2
4686,13.3716,,158,,151.6
4687,13.3749,,157,,150.8
4688,13.3779,,157,,150.4
4689,13.3809,,158,,149.8
4690,13.3837,,158,,149.2
4691,13.3868,,157,,148.8
4692,13.3902,,157,,148.2
4693,13.3936,,157,,147.6
4694,13.3969,,158,,147
4695,13.4002,,158,,146.4
4696,13.4039,,158,,145.6
4697,13.4073,,158,,145
4698,13.411,,158,,144.2
4699,13.4147,,158,,143.4
4700,13.419,,157,,142.6
4701,13.4229,,158,,142
4702,13.4268,,158,,141.2
4703,13.4304,,158,,140.6
4704,13.4341,,158,,139.8
4705,13.4377,,158,,139.2
4706,13.4414,,159,,138.6
4707,13.4454,,158,,138
4708,13.4492,,158,,137.6
4709,13.4528,,158,,137
4710,13.4563,,158,,136.6
4711,13.4599,,158,,136.2
4712,13.4638,,158,,135.6
4713,13.4678,,159,,135.2
4714,13.4714,,158,,134.6
4715,13.4746,,158,,134.2
4716,13.4779,,159,,134
4717,13.4812,,159,,133.6
4718,13.4841,,158,,133.4
4719,13.4876,,159,,133
4720,13.4915,,158,,132.6
4721,13.4953,,158,,132.2
4722,13.499,,158,,131.8
4723,13.5026,,158,,131.4
4724,13.5062,,159,,131
4725,13.5097,,159,,130.8
4726,13.5131,,159,,130.4
4727,13.5168,,158,,130
4728,13.5206,,159,,129.6
4729,13.5243,,159,,129.2
4730,13.5283,,159,,128.8
4731,13.5318,,159,,128.4
4732,13.5354,,159,,128
4733,13.539,,159,,128
4734,13.5428,,159,,128
4735,13.5462,,159,,128
4736,13.5499,,159,,127.8
4737,13.5534,,160,,127.8
4738,13.557,,160,,127.8
4739,13.5608,,160,,127.8
4740,13.5647,,160,,127.8
4741,13.5687,,160,,127.8
4742,13.5727,,159,,127.8
4743,13.5767,,159,,127.8
4744,13.5807,,160,,127.8
4745,13.5846,,160,,127.8
4746,13.592,,160,,127.8
4747,13.592,,160,,127.8
4748,13.5955,,159,,127.8
4749,13.5991,,160,,127.8
4750,13.6027,,159,,128.2
4751,13.6063,,159,,128.4
4752,13.6097,,159,,128.6
4753,13.6131,,159,,128.8
4754,13.6164,,159,,129
4755,13.6201,,158,,129.4
4756,13.6237,,160,,129.6
4757,13.6276,,160,,130
4758,13.6312,,160,,130.2
4759,13.635,,159,,130.6
4760,13.6389,,160,,131
4761,13.6427,,159,,131.2
4762,13.6463,,160,,131.4
4763,13.65,,160,,131.8
4764,13.6536,,160,,132
4765,13.6572,,160,,132.2
4766,13.6607,,160,,132.2
4767,13.6643,,160,,132.4
4768,13.6679,,160,,132.6
4769,13.6714,,160,,132.8
4770,13.6749,,160,,133
4771,13.6785,,160,,133.2
4772,13.682,,160,,133.2
4773,13.6857,,160,,133.4
4774,13.6895,,160,,133.6
4775,13.6931,,160,,133.8
4776,13.6966,,160,,134.2
4777,13.7003,,160,,134.4
4778,13.7042,,160,,134.8
4779,13.7082,,160,,135.2
4780,13.7121,,160,,135.4
4781,13.7159,,160,,135.8
4782,13.7194,,160,,136
4783,13.7229,,160,,136.2
4784,13.7264,,161,,136.6
4785,13.7298,,161,,136.8
4786,13.7331,,161,,137
4787,13.7367,,161,,137.4
4788,13.7403,,161,,137.8
4789,13.7438,,161,,138
4790,13.747,,160,,138.2
4791,13.7504,,160,,138.4
4792,13.7539,,160,,138.6
4793,13.7575,,161,,138.6
4794,13.7611,,161,,138.6
4795,13.7648,,161,,138.6
4796,13.7686,,161,,138.4
4797,13.772,,161,,138.4
4798,13.7754,,161,,138.4
4799,13.7789,,160,,138.2
4800,13.7825,,160,,138.2
4801,13.7865,,160,,138
4802,13.7904,,161,,138
4803,13.7937,,161,,137.8
4804,13.8008,,161,,137.6
4805,13.8008,,161,,137.6
4806,13.8044,,160,,137.4
4807,13.8083,,160,,137.2
4808,13.8124,,160,,137
4809,13.8163,,161,,136.8
4810,13.8198,,160,,136.6
4811,13.8233,,160,,136.4
4812,13.827,,160,,136
4813,13.8306,,160,,135.8
4814,13.8343,,160,,135.4
4815,13.8381,,160,,135.2
4816,13.842,,160,,134.8
4817,13.846,,160,,134.4
4818,13.8498,,160,,134
4819,13.8534,,160,,133.8
4820,13.8569,,161,,133.6
4821,13.8605,,160,,133.4
4822,13.8641,,160,,133.2
4823,13.8681,,160,,132.8
4824,13.872,,160,,132.4
4825,13.8757,,160,,132
4826,13.8791,,160,,132
4827,13.8825,,160,,131.8
4828,13.886,,160,,131.6
4829,13.8892,,160,,131.6
4830,13.8925,,160,,131.4
4831,13.8957,,159,,131.2
4832,13.8992,,159,,131
4833,13.9027,,159,,130.8
4834,13.9062,,158,,130.6
4835,13.9096,,157,,130.2
4836,13.913,,154,,130
4837,13.9164,,152,,129.8
4838,13.9197,,150,,129.6
4839,13.9231,,148,,129.4
4840,13.9264,,146,,129.2
4841,13.9296,,146,,129.2
4842,13.9329,,145,,129.2
4843,13.9361,,144,,129
4844,13.9392,,143,,129
4845,13.9423,,141,,128.8
4846,13.9455,,141,,128.6
4847,13.9491,,141,,128.4
4848,13.9529,,142,,128.4
4849,13.9565,,144,,128.2
4850,13.9598,,147,,128
4851,13.9631,,149,,127.8
4852,13.9666,,153,,127.8
4853,13.9702,,156,,127.6
4854,13.9738,,157,,127.4
4855,13.9773,,158,,127.2
4856,13.9804,,159,,127.2
4857,13.9833,,160,,127.2
4858,13.9867,,160,,127.2
4859,13.9904,,162,,127.2
4860,13.9939,,162,,127.2
4861,13.9975,,162,,127.2
4862,14.0054,,163,,127.2
4863,14.0054,,163,,127.2
4864,14.0096,,163,,127
4865,14.0137,,163,,127
4866,14.0174,,164,,127
4867,14.021,,165,,127
4867,14.021,,165,,127
4868,14.0243,,164,,127
4869,14.0269,,163,,127
4870,14.0286,,163,,127
4871,14.0297,,162,,127.2
4872,14.0311,,162,,127
4873,14.0324,,162,,127
4874,14.0335,,160,,127.2
4875,14.0349,,159,,127.2
4876,14.0365,,158,,127.2
4877,14.0382,,157,,127.2
4878,14.0394,,157,,127.2
4879,14.0407,,156,,127.2
4880,14.0419,,155,,127.4
4881,14.0436,,154,,127.4
4882,14.0453,,154,,127.4
4883,14.0465,,154,,127.4
4884,14.0477,,153,,127.4
4885,14.0492,,153,,127.4
4886,14.0505,,153,,127.4
4887,14.0516,,152,,127.4
4888,14.0527,,151,,127.4
4889,14.0542,,150,,127.4
4890,14.0553,,149,,127.4
4891,14.0566,,149,,127.4
4892,14.058,,148,,127.4
4893,14.0594,,148,,127.4
4894,14.0608,,147,,127.4
4895,14.0625,,146,,127.4
4896,14.0642,,145,,127.4
4897,14.0657,,145,,127.4
4898,14.0672,,143,,127.4
4899,14.07,,143,,127.4
4900,14.07,,142,,127.4
4901,14.0715,,141,,127.2
4902,14.0731,,140,,127.2
4903,14.0746,,141,,127.2
4904,14.0762,,139,,127.2
4905,14.0778,,138,,127.2
4906,14.0794,,136,,127.2
4907,14.0809,,136,,127.2
4908,14.0825,,135,,127.4
4909,14.0846,,134,,127.2
4910,14.0863,,134,,127.2
4911,14.0879,,134,,127.2
4912,14.0894,,134,,127.2
4913,14.0906,,134,,127.2
4914,14.0917,,133,,127.4
4915,14.0926,,132,,127.4
4916,14.0931,,130,,127.4
4917,14.0934,,130,,127.4
4918,14.0934,,130,,127.4
4919,14.094,,130,,127.4
4920,14.0951,,130,,127.4
4921,14.0962,,128,,127.4
4922,14.0984,,128,,127.4
4923,14.0984,,126,,127.4
4924,14.1,,126,,127.4
4925,14.1011,,125,,127.4
4926,14.103,,126,,127.4
4927,14.103,,125,,127.4
4928,14.1041,,125,,127.4
4929,14.1052,,126,,127.4
4930,14.1069,,126,,127.4
4931,14.1082,,127,,127.4
4932,14.1095,,127,,127.2
4933,14.1109,,127,,127.2
4934,14.1122,,126,,127.2
4935,14.1136,,126,,127.2
4936,14.115,,124,,127.4
4937,14.1166,,123,,127.4
4938,14.118,,123,,127.4
4939,14.1194,,124,,127.4
4940,14.1207,,124,,127.4
4941,14.1219,,124,,127.4
4942,14.1234,,122,,127.4
4943,14.125,,121,,127.4
4944,14.1266,,122,,127.4
4945,14.1281,,122,,127.4
4946,14.1295,,121,,127.4
4947,14.1307,,121,,127.4
4948,14.1319,,120,,127.4
4949,14.1331,,119,,127.4
4950,14.1343,,118,,127.4
4951,14.1356,,118,,127.4
4952,14.1372,,119,,127.4
4953,14.1384,,120,,127.4
4954,14.1399,,119,,127.4
4955,14.1418,,119,,127.4
4956,14.1441,,120,,127.4
4957,14.1468,,120,,127.4
4958,14.1491,,121,,127.4
4959,14.1517,,121,,127.2
4960,14.1543,,122,,127.2
4961,14.1568,,122,,127.2
4962,14.1594,,124,,127.2
4963,14.1621,,124,,127.2
4964,14.1647,,124,,127.2
4965,14.1676,,125,,127.2
4966,14.1706,,126,,127.4
4967,14.1736,,127,,127.4
4968,14.1764,,127,,127.4
4969,14.1791,,127,,127.4
4970,14.1817,,127,,127.4
4971,14.1844,,128,,127.4
4972,14.1872,,128,,127.4
4973,14.1901,,128,,127.4
4974,14.1931,,129,,127.4
4975,14.1959,,129,,127.6
4976,14.1986,,130,,127.6
4977,14.2014,,130,,127.6
4978,14.2042,,130,,127.6
4979,14.2069,,130,,127.6
4980,14.2096,,130,,127.6
4981,14.2123,,130,,127.6
4982,14.2148,,130,,127.8
4983,14.2174,,130,,127.8
4984,14.2203,,130,,128
4985,14.223,,131,,128
4986,14.2285,,131,,128.4
4987,14.2285,,132,,128.4
4988,14.2311,,132,,128.4
4989,14.2335,,133,,128.4
4990,14.2359,,133,,128.6
4991,14.2383,,133,,128.6
4992,14.2407,,134,,128.8
4993,14.2432,,134,,128.8
4994,14.2458,,134,,128.8
4995,14.2485,,135,,129
4996,14.2511,,135,,129
4997,14.2538,,135,,129.2
4998,14.2562,,135,,129.2
4999,14.2589,,136,,129.2
5000,14.2617,,136,,129.2
5001,14.2645,,136,,129.4
5002,14.2673,,136,,129.6
5003,14.2701,,137,,129.6
5004,14.2727,,137,,129.8
5005,14.2753,,137,,130
5006,14.2779,,137,,130.2
5007,14.2805,,138,,130.4
5008,14.283,,137,,130.4
5009,14.2856,,138,,130.6
5010,14.2883,,138,,130.8
5011,14.291,,138,,131
5012,14.2934,,138,,131.2
5013,14.2956,,138,,131.2
5014,14.2979,,138,,131.4
5015,14.3001,,138,,131.4
5016,14.3025,,138,,131.6
5017,14.3047,,138,,131.6
5018,14.3068,,138,,131.6
5019,14.3095,,138,,131.8
5020,14.312,,139,,131.8
5021,14.3147,,139,,131.8
5022,14.3173,,139,,132
5023,14.3198,,139,,132.2
5024,14.3225,,139,,132.4
5025,14.3252,,139,,132.6
5026,14.3277,,139,,132.8
5027,14.3302,,139,,133
5028,14.3327,,140,,133.2
5029,14.335,,139,,133.4
5030,14.3375,,139,,133.6
5031,14.3399,,140,,133.6
5032,14.3426,,140,,133.8
5033,14.3453,,141,,134
5034,14.3478,,140,,134.2
5035,14.3505,,140,,134.4
5036,14.353,,141,,134.6
5037,14.3555,,140,,134.8
5038,14.358,,141,,134.8
5039,14.3605,,140,,135
5040,14.3632,,140,,135.2
5041,14.3656,,140,,135.4
5042,14.368,,140,,135.6
5043,14.3703,,140,,135.8
5044,14.3728,,140,,136
5045,14.3751,,140,,136.2
5046,14.3774,,140,,136.4
5047,14.38,,140,,136.6
5048,14.3823,,139,,136.6
5049,14.3847,,139,,136.8
5050,14.387,,140,,137
5051,14.3895,,140,,137.2
5052,14.3921,,139,,137.2
5053,14.3947,,139,,137.4
5054,14.3973,,139,,137.6
5055,14.3997,,139,,137.6
5056,14.4021,,139,,137.8
5057,14.4046,,139,,137.8
5058,14.407,,138,,138
5059,14.4095,,138,,138
5060,14.412,,139,,138.2
5061,14.4146,,139,,138.4
5062,14.4168,,139,,138.4
5063,14.4192,,139,,138.6
5064,14.4215,,139,,138.6
5065,14.4236,,140,,138.6
5066,14.4258,,139,,138.6
5067,14.4278,,139,,138.6
5068,14.4301,,139,,138.8
5069,14.4326,,139,,138.8
5070,14.4349,,142,,138.8
5071,14.4373,,142,,138.6
5072,14.4398,,142,,138.4
5073,14.4422,,139,,138.4
5074,14.4447,,139,,138.2
5075,14.4471,,139,,138
5076,14.4497,,139,,137.8
5077,14.4522,,139,,137.6
5078,14.4548,,139,,137.2
5079,14.4574,,139,,137.2
5080,14.4599,,139,,137
5081,14.4625,,139,,136.6
5082,14.4652,,139,,136.4
5083,14.4677,,139,,136.2
5084,14.4701,,139,,136
5085,14.4728,,139,,135.8
5086,14.4753,,139,,135.6
5087,14.4779,,139,,135.4
5088,14.4804,,139,,135.2
5089,14.483,,139,,134.8
5090,14.4856,,138,,134.6
5091,14.4883,,138,,134.4
5092,14.4907,,138,,134.2
5093,14.4933,,138,,134
5094,14.4958,,139,,133.8
5095,14.4983,,139,,133.8
5096,14.501,,138,,133.6
5097,14.5035,,138,,133.6
5098,14.5062,,138,,133.4
5099,14.509,,138,,133.2
5100,14.5118,,139,,133.2
5101,14.5145,,138,,133
5102,14.5173,,138,,132.8
5103,14.5201,,138,,132.8
5104,14.523,,139,,132.6
5105,14.5259,,139,,132.4
5106,14.5315,,139,,132
5107,14.5315,,139,,132
5108,14.5345,,139,,131.8
5109,14.5373,,140,,131.6
5110,14.5401,,140,,131.6
5111,14.5428,,140,,131.4
5112,14.5457,,141,,131.2
5113,14.5483,,141,,131
5114,14.551,,141,,130.8
5115,14.5535,,140,,130.6
5116,14.556,,140,,130.4
5117,14.5584,,140,,130.2
5118,14.5608,,140,,130
5119,14.5633,,140,,129.8
5120,14.5655,,141,,129.6
5121,14.568,,141,,129.4
5122,14.5704,,141,,129.2
5123,14.5728,,141,,129
5124,14.5753,,141,,128.8
5125,14.5776,,141,,128.8
5126,14.58,,140,,128.6
5127,14.5825,,140,,128.4
5128,14.5848,,141,,128.2
5129,14.5872,,141,,128
5130,14.5896,,141,,127.8
5131,14.5921,,140,,127.8
5132,14.5946,,141,,127.6
5133,14.5972,,140,,127.6
5134,14.5995,,140,,127.6
5135,14.6018,,140,,127.6
5136,14.6043,,140,,127.6
5137,14.6067,,140,,127.6
5138,14.6091,,140,,127.6
5139,14.6114,,140,,127.6
5140,14.6136,,140,,127.6
5141,14.6159,,140,,127.6
5142,14.6182,,140,,127.6
5143,14.6207,,140,,127.6
5144,14.6231,,140,,127.6
5145,14.6256,,139,,127.6
5146,14.6283,,139,,127.8
5147,14.631,,140,,127.8
5148,14.6336,,140,,127.8
5149,14.636,,140,,127.8
5150,14.6383,,139,,127.8
5151,14.6405,,139,,127.8
5152,14.6428,,139,,127.8
5153,14.6452,,139,,127.8
5154,14.6476,,139,,128
5155,14.65,,139,,128.2
5156,14.6522,,139,,128.6
5157,14.6547,,140,,128.8
5158,14.6574,,140,,129
5159,14.66,,139,,129.4
5160,14.6626,,140,,129.6
5161,14.6655,,140,,130
5162,14.6682,,140,,130.2
5163,14.6708,,140,,130.4
5164,14.6734,,140,,130.6
5165,14.676,,140,,130.8
5166,14.6813,,140,,131.4
5167,14.6813,,140,,131.4
5168,14.684,,140,,131.6
5169,14.6865,,139,,131.8
5170,14.6889,,139,,132
5171,14.6915,,139,,132.2
5172,14.6939,,140,,132.6
5173,14.6965,,139,,132.8
5174,14.6989,,140,,133
5175,14.7014,,139,,133.2
5176,14.7037,,139,,133.4
5177,14.7061,,139,,133.6
5178,14.7086,,139,,134
5179,14.7111,,138,,134.2
5180,14.7137,,138,,134.4
5181,14.7164,,139,,134.6
5182,14.7189,,139,,135
5183,14.7213,,139,,135.2
5184,14.7237,,139,,135.6
5185,14.726,,139,,135.8
5186,14.7286,,139,,136.2
5187,14.731,,139,,136.4
5188,14.7335,,139,,136.8
5189,14.7357,,139,,137
5190,14.7378,,139,,137.4
5191,14.7402,,138,,137.6
5192,14.7423,,139,,137.8
5193,14.7445,,139,,138.2
5194,14.7467,,139,,138.4
5195,14.7494,,139,,138.8
5196,14.7519,,139,,139.2
5197,14.7544,,139,,139.6
5198,14.7569,,139,,140
5199,14.7593,,139,,140.4
5200,14.7616,,139,,140.8
5201,14.7642,,139,,141.2
5202,14.7667,,139,,141.8
5203,14.769,,139,,142
5204,14.7714,,139,,142.4
5205,14.7738,,139,,142.8
5206,14.7765,,139,,143.2
5207,14.7787,,139,,143.6
5208,14.7811,,139,,144
5209,14.7832,,139,,144.4
5210,14.7861,,140,,144.6
5211,14.7888,,139,,145.2
5212,14.7912,,140,,145.6
5213,14.7939,,139,,146
5214,14.7965,,139,,146.4
5215,14.7992,,139,,146.8
5216,14.8016,,139,,147.2
5217,14.8037,,139,,147.4
5218,14.8059,,139,,147.8
5219,14.8081,,139,,148.2
5220,14.8105,,139,,148.6
5221,14.813,,139,,149
5222,14.8155,,139,,149.6
5223,14.818,,138,,150
5224,14.8204,,139,,150.4
5225,14.8228,,139,,150.8
5226,14.8274,,139,,151.6
5227,14.8274,,139,,151.6
5228,14.8295,,139,,151.8
5229,14.8318,,139,,152.4
5230,14.8339,,139,,152.8
5231,14.836,,139,,153
5232,14.838,,139,,153.2
5233,14.8402,,139,,153.6
5234,14.8424,,139,,153.8
5235,14.8452,,139,,154.2
5236,14.8477,,139,,154.4
5237,14.8499,,139,,154.8
5238,14.8523,,139,,155
5239,14.8548,,139,,155.4
5240,14.8572,,138,,155.8
5241,14.8596,,138,,156.2
5242,14.862,,138,,156.6
5243,14.8644,,138,,157
5244,14.8667,,138,,157.2
5245,14.8692,,138,,157.4
5246,14.8716,,139,,157.4
5247,14.874,,138,,157.6
5248,14.8764,,138,,157.6
5249,14.8791,,138,,157.6
5250,14.8815,,139,,157.8
5251,14.8839,,139,,157.8
5252,14.8862,,138,,158
5253,14.8884,,138,,158
5254,14.8907,,138,,158.2
5255,14.8928,,138,,158.2
5256,14.895,,138,,158.2
5257,14.8972,,138,,158.4
5258,14.8994,,138,,158.4
5259,14.9018,,138,,158.4
5260,14.904,,138,,158.6
5261,14.9063,,138,,158.6
5262,14.9087,,137,,158.8
5263,14.9112,,137,,158.8
5264,14.9136,,138,,159
5265,14.9172,,137,,159
5266,14.9212,,138,,159.2
5267,14.9241,,138,,159.4
5268,14.9271,,138,,159.4
5269,14.9301,,138,,159.6
5270,14.9329,,139,,159.6
5271,14.9352,,139,,159.8
5272,14.9375,,139,,159.8
5273,14.9398,,139,,159.8
5274,14.9424,,139,,160
5275,14.9452,,139,,160
5276,14.9481,,140,,160
5277,14.9512,,140,,160.2
5278,14.9543,,140,,160.2
5279,14.9575,,140,,160.4
5280,14.9605,,140,,160.4
5281,14.9632,,140,,160.6
5282,14.9657,,141,,160.6
5283,14.9683,,140,,160.6
5284,14.9707,,140,,160.6
5285,14.9731,,140,,160.6
5286,14.9755,,141,,160.6
5287,14.9802,,141,,160.4
5288,14.9802,,141,,160.4
5289,14.9827,,141,,160.4
5290,14.985,,141,,160.4
5291,14.9876,,141,,160.4
5292,14.9903,,141,,160.4
5293,14.9929,,141,,160.2
5294,14.9955,,141,,160.2
5295,14.998,,141,,160.2
5296,15.0006,,141,,160.2
5297,15.0031,,141,,160
5298,15.0055,,140,,160
5299,15.0079,,140,,160
5300,15.0103,,140,,160.2
5301,15.0127,,140,,160.4
5302,15.015,,140,,160.6
5303,15.0172,,140,,160.6
5304,15.0192,,140,,160.8
5305,15.0213,,140,,160.8
5306,15.0236,,141,,161
5307,15.0261,,140,,161.2
5308,15.0285,,140,,161.4
5309,15.031,,140,,161.6
5310,15.0332,,140,,161.8
5311,15.0354,,140,,162
5312,15.0378,,140,,162
5313,15.0404,,140,,161.8
5314,15.0457,,140,,161.4
5315,15.0457,,140,,161.4
5316,15.0483,,140,,161.2
5317,15.0511,,140,,160.8
5318,15.0539,,140,,160.6
5319,15.0564,,140,,160.4
5320,15.0589,,140,,160.2
5321,15.0618,,141,,160
5322,15.0647,,141,,159.8
5323,15.0676,,141,,159.6
5324,15.0706,,141,,159.2
5325,15.0735,,142,,159
5326,15.0763,,142,,158.8
5327,15.0788,,141,,158.6
5328,15.0816,,141,,158.4
5329,15.0845,,142,,158
5330,15.0872,,142,,157.8
5331,15.09,,142,,157.6
5332,15.0927,,142,,157.4
5333,15.0954,,142,,157
5334,15.0978,,142,,156.8
5335,15.1002,,142,,156.6
5336,15.1027,,142,,156.4
5337,15.105,,142,,156.2
5338,15.1075,,141,,156
5339,15.11,,141,,155.8
5340,15.1127,,141,,155.6
5341,15.1153,,141,,155.6
5342,15.1178,,141,,155.6
5343,15.1205,,141,,155.6
5344,15.1226,,141,,155.6
5345,15.1248,,140,,155.4
5346,15.1273,,141,,155.4
5347,15.1298,,141,,155.2
5348,15.1327,,141,,155.2
5349,15.1352,,141,,155.2
5350,15.1377,,141,,155.2
5351,15.1402,,141,,155.2
5352,15.1427,,141,,155.2
5353,15.1452,,141,,155.2
5354,15.1481,,141,,155.2
5355,15.151,,141,,155.4
5356,15.1539,,141,,155.4
5357,15.1566,,141,,155.4
5358,15.1594,,141,,155.4
5359,15.162,,141,,155.4
5360,15.1643,,141,,155.4
5361,15.167,,141,,155.2
5362,15.1697,,141,,155
5363,15.1723,,141,,154.8
5364,15.1747,,141,,154.6
5365,15.1771,,141,,154.2
5366,15.18,,142,,154
5367,15.1829,,142,,153.8
5368,15.1858,,142,,153.4
5369,15.1881,,142,,153.2
5370,15.1905,,142,,153
5371,15.1928,,142,,152.8
5372,15.1954,,142,,152.4
5373,15.1979,,142,,152.2
5374,15.2003,,142,,152.2
5375,15.2027,,142,,152
5376,15.2052,,142,,152
5377,15.208,,142,,152
5378,15.2105,,143,,152.2
5379,15.2128,,143,,152.2
5380,15.2152,,143,,152.2
5381,15.2177,,143,,152.2
5382,15.2199,,142,,152.2
5383,15.2215,,142,,152.2
5384,15.2232,,143,,152.4
5385,15.225,,143,,152.4
5386,15.2271,,143,,152.4
5387,15.2295,,143,,152.4
5388,15.2319,,143,,152.2
5389,15.2342,,143,,152
5390,15.2363,,142,,151.8
5391,15.2385,,142,,151.6
5392,15.2409,,142,,151.4
5393,15.2433,,142,,151.2
5394,15.2455,,142,,151
5395,15.2477,,142,,151
5396,15.25,,142,,150.8
5397,15.2523,,142,,150.8
5398,15.2546,,141,,150.6
5399,15.2571,,141,,150.4
5400,15.2596,,142,,150.4
5401,15.262,,142,,150.2
5402,15.2644,,142,,150.2
5403,15.2667,,142,,150
5404,15.2693,,142,,149.8
5405,15.2722,,142,,149.6
5406,15.2748,,142,,149.4
5407,15.2793,,142,,148.8
5408,15.2793,,142,,148.8
5409,15.2814,,142,,148.6
5410,15.2835,,142,,148.4
5411,15.2857,,142,,148.2
5412,15.2877,,142,,148
5413,15.2901,,141,,148
5414,15.2926,,141,,147.8
5415,15.295,,142,,147.6
5416,15.2973,,141,,147.6
5417,15.3001,,141,,147.6
5418,15.3031,,141,,147.4
5419,15.3056,,140,,147.4
5420,15.3082,,141,,147.4
5421,15.3106,,141,,147.4
5422,15.3129,,140,,147.2
5423,15.3155,,140,,147.2
5424,15.318,,140,,147
5425,15.3205,,139,,147
5426,15.323,,139,,147
5427,15.3255,,139,,147
5428,15.328,,139,,147
5429,15.3304,,139,,147
5430,15.3325,,139,,147
5431,15.3347,,139,,147
5432,15.3371,,140,,146.8
5433,15.3419,,140,,146.2
5434,15.3419,,140,,146.2
5435,15.3443,,140,,146
5436,15.3469,,140,,146
5437,15.3494,,140,,146
5438,15.3519,,140,,146
5439,15.3545,,140,,146
5440,15.357,,140,,146
5441,15.3597,,140,,145.8
5442,15.3622,,140,,145.8
5443,15.3648,,141,,145.8
5444,15.3673,,140,,145.6
5445,15.3698,,140,,145.6
5446,15.372,,140,,145.4
5447,15.3741,,140,,145.4
5448,15.3762,,140,,145.2
5449,15.3783,,139,,145.2
5450,15.3805,,140,,145.2
5451,15.3831,,140,,145
5452,15.3856,,140,,145
5453,15.3881,,139,,145
5454,15.3906,,139,,145
5455,15.3932,,139,,145
5456,15.3957,,139,,145
5457,15.3984,,140,,144.8
5458,15.4009,,140,,144.8
5459,15.4037,,140,,144.8
5460,15.4064,,139,,144.8
5461,15.4095,,139,,144.8
5462,15.4125,,139,,144.8
5463,15.4155,,139,,144.8
5464,15.4185,,139,,144.8
5465,15.4214,,139,,144.8
5466,15.4242,,139,,144.8
5467,15.4299,,139,,144.8
5468,15.4299,,140,,144.8
5469,15.4327,,140,,144.8
5470,15.4355,,140,,144.8
5471,15.4383,,140,,144.8
5472,15.441,,140,,144.8
5473,15.4437,,140,,144.8
5474,15.4467,,140,,144.8
5475,15.4495,,141,,144.8
5476,15.4519,,141,,144.6
5477,15.4545,,141,,144.6
5478,15.4571,,141,,144.4
5479,15.4597,,141,,144.4
5480,15.4623,,141,,144.4
5481,15.465,,141,,144.2
5482,15.4676,,140,,144.2
5483,15.4704,,141,,144.2
5484,15.4732,,141,,144.2
5485,15.4758,,141,,144.2
5486,15.4785,,140,,144.2
5487,15.4811,,141,,144.2
5488,15.4839,,140,,144.4
5489,15.4867,,141,,144.4
5490,15.4894,,140,,144.4
5491,15.4923,,140,,144.4
5492,15.4949,,140,,144.2
5493,15.4976,,140,,144.4
5494,15.5003,,140,,144.4
5495,15.5027,,140,,144.2
5496,15.5053,,140,,144.2
5497,15.5077,,140,,144
5498,15.5104,,140,,144
5499,15.5131,,140,,143.8
5500,15.5155,,139,,143.6
5501,15.518,,139,,143.6
5502,15.5205,,140,,143.4
5503,15.523,,140,,143.4
5504,15.5256,,139,,143.4
5505,15.5281,,139,,143.4
5506,15.5308,,139,,143.4
5507,15.5334,,139,,143.4
5508,15.5361,,139,,143.4
5509,15.5389,,139,,143.4
5510,15.5417,,139,,143.4
5511,15.5445,,139,,143.4
5512,15.5471,,138,,143.4
5513,15.55,,139,,143.4
5514,15.5529,,139,,143.2
5515,15.5558,,139,,143.2
5516,15.5586,,139,,143
5517,15.561,,138,,143
5518,15.5635,,138,,142.8
5519,15.5659,,138,,142.8
5520,15.5682,,138,,142.6
5521,15.5702,,138,,142.6
5522,15.5723,,139,,142.4
5523,15.5745,,139,,142.4
5524,15.5765,,139,,142.2
5525,15.5787,,139,,142.2
5526,15.5808,,139,,142
5527,15.5853,,139,,141.8
5528,15.5853,,139,,141.8
5529,15.5875,,139,,141.8
5530,15.5901,,139,,141.6
5531,15.5924,,139,,141.6
5532,15.5947,,140,,141.6
5533,15.5974,,140,,141.4
5534,15.5998,,140,,141.4
5535,15.6024,,140,,141.2
5536,15.6048,,140,,141.4
5537,15.607,,140,,141.4
5538,15.6092,,140,,141.4
5539,15.6115,,140,,141.4
5540,15.6142,,140,,141.6
5541,15.6169,,140,,141.6
5542,15.6197,,141,,141.8
5543,15.6221,,141,,141.8
5544,15.6243,,141,,141.8
5545,15.6267,,141,,142
5546,15.6293,,141,,142
5547,15.6319,,141,,142
5548,15.6348,,141,,142
5549,15.6376,,141,,142.2
5550,15.6401,,141,,142.2
5551,15.6427,,141,,142.2
5552,15.6455,,141,,142.2
5553,15.648,,141,,142
5554,15.6505,,141,,142
5555,15.6555,,141,,142
5556,15.6555,,140,,142
5557,15.658,,140,,142
5558,15.6606,,140,,142
5559,15.6632,,140,,142
5560,15.6659,,140,,142.2
5561,15.6686,,140,,142.2
5562,15.6709,,140,,142.2
5563,15.6732,,140,,142.2
5564,15.6758,,140,,142.4
5565,15.6784,,140,,142.4
5566,15.6809,,140,,142.4
5567,15.6835,,140,,142.4
5568,15.6863,,141,,142.4
5569,15.6889,,141,,142.4
5570,15.6917,,141,,142.6
5571,15.6945,,141,,142.6
5572,15.6973,,142,,142.6
5573,15.7,,142,,142.6
5574,15.7025,,142,,142.6
5575,15.7048,,142,,142.6
5576,15.7076,,142,,142.8
5577,15.7103,,142,,142.8
5578,15.7127,,142,,142.8
5579,15.7154,,142,,143
5580,15.7177,,141,,143.2
5581,15.7199,,141,,143.2
5582,15.7221,,142,,143.4
5583,15.7245,,142,,143.4
5584,15.7265,,142,,143.4
5585,15.7286,,142,,143.6
5586,15.7306,,142,,143.6
5587,15.7326,,142,,143.6
5588,15.7345,,142,,143.6
5589,15.7364,,142,,143.6
5590,15.7386,,142,,143.8
5591,15.741,,142,,143.8
5592,15.7438,,142,,143.8
5593,15.7468,,142,,144
5594,15.7496,,142,,144
5595,15.7526,,142,,144.2
5596,15.7553,,143,,144.2
5597,15.7583,,143,,144.2
5598,15.7615,,143,,144.4
5599,15.7644,,143,,144.6
5600,15.7674,,143,,144.8
5601,15.7699,,143,,145
5602,15.7726,,143,,145.2
5603,15.7752,,143,,145.2
5604,15.7776,,143,,145.4
5605,15.78,,143,,145.6
5606,15.7823,,143,,145.6
5607,15.7851,,143,,145.8
5608,15.788,,143,,146
5609,15.7907,,143,,146.2
5610,15.7934,,142,,146.2
5611,15.7958,,143,,146.2
5612,15.7985,,143,,146.2
5613,15.8013,,144,,146.4
5614,15.8039,,143,,146.6
5615,15.8067,,144,,146.6
5616,15.81,,144,,146.8
5617,15.8133,,143,,147.2
5618,15.8164,,143,,147.4
5619,15.8193,,143,,147.8
5620,15.8223,,143,,147.8
5621,15.8251,,143,,148
5622,15.8278,,143,,148
5623,15.8305,,143,,148
5624,15.8334,,144,,148.2
5625,15.8361,,144,,148.2
5626,15.8384,,144,,148.2
5627,15.8407,,144,,148.4
5628,15.8432,,144,,148.4
5629,15.846,,144,,148.6
5630,15.8492,,144,,148.8
5631,15.8522,,144,,149
5632,15.8549,,144,,149.2
5633,15.8575,,145,,149.2
5634,15.8601,,144,,149.4
5635,15.8625,,144,,149.6
5636,15.865,,144,,149.6
5637,15.8675,,144,,149.8
5638,15.8701,,144,,149.8
5639,15.8725,,144,,150
5640,15.8754,,144,,150.2
5641,15.8784,,144,,150.2
5642,15.8813,,144,,150.2
5643,15.884,,144,,150.4
5644,15.8867,,144,,150.4
5645,15.8894,,144,,150.6
5646,15.8923,,144,,150.8
5647,15.895,,144,,150.8
5648,15.8973,,144,,150.8
5649,15.8995,,144,,150.8
5650,15.9023,,143,,151
5651,15.9047,,144,,151
5652,15.907,,144,,151.2
5653,15.9092,,143,,151.2
5654,15.9117,,143,,151.4
5655,15.9145,,143,,151.4
5656,15.9173,,143,,151.4
5657,15.9197,,143,,151.4
5658,15.9219,,143,,151.4
5659,15.9242,,143,,151.4
5660,15.9268,,143,,151.4
5661,15.929,,143,,151.6
5662,15.9313,,143,,151.6
5663,15.9338,,143,,151.6
5664,15.9368,,143,,151.8
5665,15.9396,,143,,151.8
5666,15.942,,143,,151.8
5667,15.9446,,143,,152
5668,15.9476,,143,,152
5669,15.9501,,143,,152
5670,15.9527,,143,,152.2
5671,15.9559,,142,,152.2
5672,15.959,,143,,152.4
5673,15.962,,143,,152.6
5674,15.965,,143,,152.6
5675,15.9677,,143,,152.6
5676,15.9705,,143,,152.6
5677,15.9735,,143,,152.6
5678,15.9766,,143,,152.4
5679,15.9797,,142,,152.4
5680,15.9824,,142,,152.4
5681,15.9852,,142,,152.4
5682,15.988,,143,,152.4
5683,15.9907,,143,,152.4
5684,15.9935,,143,,152.2
5685,15.9962,,143,,152.2
5686,15.9987,,143,,152.2
5687,16.0011,,142,,152
5688,16.0038,,142,,152.2
5689,16.0065,,142,,152.2
5690,16.0095,,142,,152.2
5691,16.0125,,142,,152.4
5692,16.0154,,142,,152.2
5693,16.018,,143,,152.2
5694,16.0205,,142,,152
5695,16.023,,142,,151.8
5696,16.0257,,142,,151.8
5697,16.0287,,142,,151.6
5698,16.0315,,142,,151.4
5699,16.0346,,142,,151.4
5700,16.0375,,142,,151.2
5701,16.0402,,142,,151.2
5702,16.0427,,143,,151
5703,16.0454,,143,,150.8
5704,16.0478,,143,,150.8
5705,16.0506,,142,,150.6
5706,16.0533,,142,,150.4
5707,16.0563,,143,,150.2
5708,16.0622,,143,,150
5709,16.0622,,143,,150
5710,16.0649,,143,,149.8
5711,16.0674,,143,,149.8
5712,16.0702,,143,,149.8
5713,16.0728,,143,,150
5714,16.0753,,143,,150
5715,16.0779,,143,,150
5716,16.0804,,143,,149.8
5717,16.0829,,143,,149.8
5718,16.0851,,142,,149.8
5719,16.0877,,142,,149.8
5720,16.0903,,142,,149.8
5721,16.0929,,142,,149.6
5722,16.0956,,143,,149.6
5723,16.0982,,142,,149.6
5724,16.1008,,142,,149.6
5725,16.103,,142,,149.6
5726,16.1055,,142,,149.6
5727,16.1081,,142,,149.6
5728,16.1106,,142,,149.4
5729,16.1133,,142,,149.4
5730,16.1162,,142,,149.4
5731,16.119,,143,,149.2
5732,16.1218,,143,,149
5733,16.1246,,143,,148.8
5734,16.1276,,143,,148.8
5735,16.1302,,143,,148.6
5736,16.1327,,143,,148.6
5737,16.1354,,143,,148.4
5738,16.1381,,143,,148.4
5739,16.1409,,142,,148.4
5740,16.1438,,143,,148.2
5741,16.147,,143,,148
5742,16.15,,143,,148
5743,16.1529,,143,,147.8
5744,16.1558,,143,,147.8
5745,16.1588,,143,,147.6
5746,16.1617,,143,,147.6
5747,16.1645,,142,,147.4
5748,16.1668,,142,,147.2
5749,16.1695,,142,,147.2
5750,16.172,,142,,147
5751,16.1746,,142,,146.8
5752,16.1771,,142,,146.4
5753,16.1798,,142,,146.2
5754,16.1826,,142,,146
5755,16.1853,,142,,146.2
5756,16.188,,142,,146.2
5757,16.1907,,142,,146.4
5758,16.1932,,142,,146.4
5759,16.1957,,142,,146.6
5760,16.1981,,142,,146.6
5761,16.2005,,142,,146.6
5762,16.2029,,142,,146.8
5763,16.2055,,143,,146.8
5764,16.2082,,142,,147
5765,16.2109,,142,,147
5766,16.2136,,142,,147.2
5767,16.2162,,142,,147.2
5768,16.2186,,142,,147.2
5769,16.2211,,142,,147.4
5770,16.2236,,141,,147.4
5771,16.2262,,141,,147.4
5772,16.2289,,141,,147.6
5773,16.2316,,142,,147.8
5774,16.2342,,141,,148
5775,16.2365,,141,,148
5776,16.239,,141,,148.2
5777,16.2415,,141,,148.4
5778,16.244,,141,,148.4
5779,16.2465,,141,,148.4
5780,16.2489,,141,,148.6
5781,16.2513,,141,,148.6
5782,16.2536,,141,,148.6
5783,16.2561,,141,,148.8
5784,16.2587,,141,,148.8
5785,16.2613,,141,,148.8
5786,16.264,,141,,148.8
5787,16.267,,141,,149
5788,16.27,,141,,149
5789,16.2727,,141,,149.2
5790,16.2754,,141,,149.2
5791,16.2782,,141,,149.2
5792,16.2808,,141,,149.4
5793,16.2837,,140,,149.4
5794,16.2865,,141,,149.4
5795,16.2893,,141,,149.6
5796,16.2922,,141,,149.8
5797,16.2949,,141,,150
5798,16.2979,,141,,150.2
5799,16.3008,,141,,150.2
5800,16.3034,,140,,150.2
5801,16.306,,140,,150.2
5802,16.3084,,140,,150.2
5803,16.3108,,140,,150.2
5804,16.3132,,140,,150.2
5805,16.3158,,139,,150.4
5806,16.3184,,139,,150.4
5807,16.3208,,139,,150.4
5808,16.3235,,139,,150.4
5809,16.3261,,139,,150.4
5810,16.3285,,139,,150.4
5811,16.3311,,139,,150.4
5812,16.3337,,139,,150.4
5813,16.3363,,139,,150.4
5814,16.3389,,139,,150.4
5815,16.3415,,140,,150.4
5816,16.3439,,139,,150.4
5817,16.3464,,139,,150.4
5818,16.3492,,140,,150.4
5819,16.3519,,140,,150.4
5820,16.3545,,139,,150.6
5821,16.3573,,140,,150.8
5822,16.3599,,140,,150.8
5823,16.3625,,140,,150.8
5824,16.365,,140,,150.8
5825,16.3674,,140,,151
5826,16.37,,141,,151
5827,16.3725,,140,,151
5828,16.3748,,140,,151
5829,16.3772,,139,,151.2
5830,16.3793,,139,,151.2
5831,16.3817,,139,,151.2
5832,16.3841,,139,,151.4
5833,16.3865,,139,,151.4
5834,16.3888,,138,,151.4
5835,16.391,,138,,151.4
5836,16.3934,,138,,151.6
5837,16.3957,,138,,151.6
5838,16.3981,,137,,151.6
5839,16.4008,,137,,151.6
5840,16.4034,,135,,151.8
5841,16.4061,,134,,151.8
5842,16.4088,,133,,151.8
5843,16.4114,,131,,152
5844,16.414,,128,,152.2
5845,16.4164,,125,,152.2
5846,16.4192,,123,,152.2
5847,16.422,,121,,152.2
5848,16.4243,,120,,152.2
5849,16.4265,,119,,152.2
5850,16.4286,,118,,152.2
5851,16.4309,,116,,152.2
5852,16.4332,,117,,152.2
5853,16.4354,,119,,152.2
5854,16.4376,,119,,152.2
5855,16.4398,,118,,152.2
5856,16.4424,,117,,152.2
5857,16.445,,116,,152.4
5858,16.4477,,115,,152.4
5859,16.4505,,116,,152.4
5860,16.4531,,121,,152.6
5861,16.4558,,126,,152.6
5862,16.4584,,132,,152.8
5863,16.4608,,135,,152.8
5864,16.4634,,137,,152.8
5865,16.4659,,138,,152.8
5866,16.4685,,139,,152.8
5867,16.4712,,140,,153
5868,16.4736,,140,,153
5869,16.4763,,141,,153
5870,16.4791,,141,,153
5871,16.4817,,142,,153
5872,16.4842,,143,,153.2
5873,16.4865,,142,,153.2
5874,16.489,,142,,153.2
5875,16.4916,,142,,153.2
5876,16.4941,,142,,153.4
5877,16.4965,,142,,153.4
5878,16.499,,142,,153.4
5879,16.5016,,142,,153.6
5880,16.5042,,142,,153.6
5881,16.5068,,142,,153.8
5882,16.5094,,142,,153.8
5883,16.5121,,142,,154
5884,16.5146,,142,,154.2
5885,16.5168,,142,,154.2
5886,16.5189,,142,,154.4
5887,16.5212,,142,,154.6
5888,16.5232,,142,,154.6
5889,16.5253,,142,,154.8
5890,16.5273,,142,,154.8
5891,16.5295,,142,,155
5892,16.5321,,141,,155.2
5893,16.5345,,141,,155.2
5894,16.5369,,141,,155.4
5895,16.5393,,141,,155.4
5896,16.5417,,141,,155.6
5897,16.5443,,140,,155.8
5898,16.547,,140,,155.8
5899,16.5494,,140,,156
5900,16.5516,,140,,156.2
5901,16.5538,,139,,156.4
5902,16.5562,,139,,156.6
5903,16.5586,,138,,156.6
5904,16.5609,,138,,156.8
5905,16.5635,,139,,157
5906,16.566,,139,,157
5907,16.5682,,139,,157.2
5908,16.5704,,139,,157.4
5909,16.5725,,139,,157.6
5910,16.5747,,139,,157.6
5911,16.5771,,139,,157.8
5912,16.5795,,139,,158
5913,16.5822,,139,,158.2
5914,16.5848,,139,,158.4
5915,16.5874,,139,,158.6
5916,16.59,,139,,158.8
5917,16.5929,,138,,159.2
5918,16.5955,,138,,159.2
5919,16.598,,138,,159.6
5920,16.6007,,139,,159.8
5921,16.6035,,139,,160
5922,16.6061,,139,,160.2
5923,16.6087,,139,,160.4
5924,16.6114,,139,,160.6
5925,16.6137,,139,,160.8
5926,16.6163,,139,,161
5927,16.6188,,139,,161.4
5928,16.6211,,140,,161.6
5929,16.6235,,140,,161.8
5930,16.6258,,140,,161.8
5931,16.6278,,140,,162
5932,16.6303,,140,,162
5933,16.6327,,140,,162
5934,16.6355,,141,,162.2
5935,16.6383,,140,,162.4
5936,16.641,,141,,162.6
5937,16.6436,,141,,162.6
5938,16.6464,,141,,162.8
5939,16.6497,,141,,163
5940,16.6526,,141,,163.2
5941,16.6556,,141,,163.4
5942,16.6581,,141,,163.4
5943,16.661,,142,,163.4
5944,16.6638,,141,,163.6
5945,16.6664,,141,,163.6
5946,16.6685,,141,,163.6
5947,16.6707,,141,,163.8
5948,16.6729,,141,,163.8
5949,16.675,,141,,163.6
5950,16.6776,,141,,163.6
5951,16.6801,,141,,163.6
5952,16.6828,,141,,163.6
5953,16.6851,,141,,163.6
5954,16.6879,,141,,163.4
5955,16.6905,,141,,163.4
5956,16.6929,,142,,163.4
5957,16.6953,,142,,163.2
5958,16.6977,,142,,163.2
5959,16.7002,,142,,163.2
5960,16.7028,,142,,163.4
5961,16.7052,,142,,163.4
5962,16.7079,,142,,163.4
5963,16.7104,,142,,163.6
5964,16.713,,142,,163.6
5965,16.7159,,142,,163.6
5966,16.719,,142,,163.2
5967,16.722,,141,,162.8
5968,16.7249,,141,,162.8
5969,16.7278,,141,,162.4
5970,16.7306,,141,,162.2
5971,16.7334,,141,,161.8
5972,16.7359,,141,,161.6
5973,16.7384,,141,,161.4
5974,16.7413,,141,,161
5975,16.744,,141,,160.8
5976,16.747,,141,,160.4
5977,16.7498,,141,,160.2
5978,16.7524,,141,,159.8
5979,16.7551,,141,,159.6
5980,16.7578,,141,,159.2
5981,16.7604,,141,,159
5982,16.7633,,141,,158.8
5983,16.7661,,141,,158.4
5984,16.7691,,141,,158.2
5985,16.7721,,141,,157.8
5986,16.7748,,141,,157.8
5987,16.7776,,141,,157.8
5988,16.7805,,141,,157.8
5989,16.7833,,141,,157.8
5990,16.7859,,141,,157.8
5991,16.7884,,140,,157.8
5992,16.7908,,140,,157.8
5993,16.7932,,140,,157.6
5994,16.7956,,140,,157.6
5995,16.7977,,140,,157.6
5996,16.8002,,140,,157.6
5997,16.8029,,140,,157.6
5998,16.8054,,140,,157.6
5999,16.8078,,139,,157.4
6000,16.8103,,140,,157.2
6001,16.8125,,139,,157.2
6002,16.8148,,139,,157
6003,16.8171,,139,,156.8
6004,16.8193,,138,,156.8
6005,16.8216,,138,,156.6
6006,16.8239,,138,,156.6
6007,16.8286,,139,,156.8
6008,16.8286,,138,,156.8
6009,16.8311,,138,,157
6010,16.8336,,138,,157.2
6011,16.8358,,138,,157.2
6012,16.8378,,138,,157.4
6013,16.84,,137,,157.4
6014,16.8421,,138,,157.4
6015,16.8447,,138,,157.6
6016,16.8474,,138,,157.8
6017,16.8502,,137,,157.8
6018,16.853,,138,,158
6019,16.8556,,138,,158.2
6020,16.8581,,137,,158.4
6021,16.8608,,137,,158.6
6022,16.863,,138,,158.6
6023,16.8647,,137,,158.8
6024,16.8662,,137,,158.8
6025,16.8676,,135,,159
6026,16.8688,,135,,159.2
6027,16.8702,,135,,159.4
6028,16.8716,,135,,159.4
6029,16.8731,,134,,159.6
6030,16.8748,,133,,159.6
6031,16.8764,,134,,159.8
6032,16.8781,,133,,159.8
6033,16.8798,,132,,160
6034,16.8815,,132,,160.2
6035,16.8832,,133,,160.2
6036,16.885,,133,,160.4
6037,16.8868,,132,,160.4
6038,16.8886,,132,,160.6
6039,16.8902,,130,,160.6
6040,16.8918,,130,,160.8
6041,16.8936,,130,,160.8
6042,16.8952,,129,,161
6043,16.8966,,129,,161
6044,16.8979,,129,,161.2
6045,16.8995,,129,,161.2
6046,16.9011,,129,,161.2
6047,16.9026,,128,,161.4
6048,16.9042,,128,,161.6
6049,16.906,,128,,161.6
6050,16.9081,,129,,161.8
6051,16.9102,,129,,162
6052,16.9125,,129,,162.2
6053,16.9148,,129,,162.2
6054,16.9173,,129,,162.4
6055,16.9197,,129,,162.6
6056,16.9219,,129,,162.8
6057,16.9266,,129,,163
6058,16.9266,,130,,163
6059,16.9288,,129,,163
6060,16.9309,,129,,163.2
6061,16.9331,,129,,163.2
6062,16.9354,,129,,163.2
6063,16.9378,,128,,163.2
6064,16.9403,,128,,163.2
6065,16.9429,,128,,163.2
6066,16.9455,,129,,163.4
6067,16.948,,129,,163.4
6068,16.9507,,128,,163.4
6069,16.9534,,128,,163.4
6070,16.956,,129,,163.4
6071,16.9584,,129,,163.4
6072,16.9611,,129,,163.4
6073,16.9638,,129,,163.4
6074,16.9664,,130,,163.4
6075,16.9689,,129,,163.4
6076,16.9713,,128,,163.4
6077,16.9737,,129,,163.6
6078,16.976,,129,,163.6
6079,16.9784,,129,,163.8
6080,16.9809,,128,,164
6081,16.9832,,128,,164
6082,16.9855,,129,,164.2
6083,16.9878,,129,,164.2
6084,16.9901,,129,,164.4
6085,16.9925,,129,,164.4
6086,16.9947,,130,,164.6
6087,16.9968,,130,,164.4
6088,16.9992,,130,,164.6
6089,17.0014,,130,,164.4
6090,17.0037,,130,,164.6
6091,17.006,,130,,164.6
6092,17.0086,,130,,164.6
6093,17.0111,,131,,164.6
6094,17.0135,,131,,164.6
6095,17.016,,131,,164.8
6096,17.0184,,131,,164.8
6097,17.0209,,131,,164.8
6098,17.0232,,132,,165
6099,17.0256,,132,,165
6100,17.0279,,132,,165.2
6101,17.0303,,133,,165.4
6102,17.0324,,133,,165.4
6103,17.0345,,133,,165.6
6104,17.0369,,134,,165.8
6105,17.0393,,134,,166
6106,17.0418,,135,,166.2
6107,17.044,,134,,166.4
6108,17.0464,,135,,166.4
6109,17.049,,135,,166.6
6110,17.0515,,136,,166.8
6111,17.0539,,136,,166.8
6112,17.0563,,136,,167
6113,17.0587,,136,,167.2
6114,17.061,,136,,167.2
6115,17.0633,,136,,167.4
6116,17.0656,,137,,167.4
6117,17.0679,,137,,167.4
6118,17.0701,,137,,167.6
6119,17.0724,,137,,167.6
6120,17.0745,,137,,167.8
6121,17.0768,,138,,168
6122,17.0793,,139,,168
6123,17.0817,,139,,168.2
6124,17.0841,,139,,168.2
6125,17.0866,,139,,168.2
6126,17.0891,,139,,168.4
6127,17.0941,,140,,168.6
6128,17.0941,,140,,168.6
6129,17.0964,,141,,168.8
6130,17.0988,,141,,169
6131,17.101,,141,,169.2
6132,17.1034,,141,,169.4
6133,17.106,,141,,169.6
6134,17.1087,,142,,169.8
6135,17.1113,,142,,170
6136,17.1137,,142,,170.2
6137,17.1162,,142,,170.4
6138,17.1189,,141,,170.6
6139,17.1213,,142,,170.6
6140,17.1238,,142,,170.8
6141,17.1262,,143,,171
6142,17.1286,,143,,171.2
6143,17.1311,,143,,171.2
6144,17.1334,,143,,171.4
6145,17.1358,,143,,171.4
6146,17.1383,,143,,171.4
6147,17.1409,,143,,171.4
6148,17.1435,,143,,171.4
6149,17.146,,143,,171.4
6150,17.1487,,143,,171.4
6151,17.1512,,143,,171.6
6152,17.1538,,144,,171.6
6153,17.1564,,144,,171.6
6154,17.1588,,144,,171.8
6155,17.1611,,144,,171.8
6156,17.1658,,144,,171.8
6157,17.1658,,144,,171.8
6158,17.1682,,144,,171.8
6159,17.1707,,144,,171.8
6160,17.1732,,144,,171.8
6161,17.1758,,144,,172
6162,17.1783,,144,,172
6163,17.1809,,144,,172
6164,17.1837,,144,,172
6165,17.1863,,144,,172
6166,17.1888,,144,,172.2
6167,17.1911,,144,,172.2
6168,17.1934,,144,,172.4
6169,17.196,,144,,172.4
6170,17.1987,,144,,172.6
6171,17.2013,,144,,172.6
6172,17.2039,,144,,172.6
6173,17.2066,,144,,172.8
6174,17.2094,,143,,172.8
6175,17.2122,,144,,173
6176,17.2149,,144,,173
6177,17.2175,,144,,173.2
6178,17.22,,143,,173.2
6179,17.2227,,143,,173.4
6180,17.2255,,143,,173.6
6181,17.2283,,143,,173.6
6182,17.2311,,143,,173.8
6183,17.2337,,143,,174
6184,17.2362,,143,,174
6185,17.2387,,142,,174.2
6186,17.2413,,142,,174.4
6187,17.2437,,142,,174.4
6188,17.2464,,142,,174.6
6189,17.2491,,142,,174.8
6190,17.2518,,142,,174.8
6191,17.2545,,142,,175
6192,17.2572,,142,,175.2
6193,17.26,,142,,175.4
6194,17.2627,,142,,175.4
6195,17.2653,,142,,175.6
6196,17.268,,142,,175.6
6197,17.2707,,142,,175.6
6198,17.2733,,142,,175.6
6199,17.2757,,142,,175.6
6200,17.2784,,142,,175.6
6201,17.2809,,142,,175.6
6202,17.2835,,142,,175.8
6203,17.2861,,141,,175.8
6204,17.2886,,142,,176
6205,17.2914,,142,,176
6206,17.2941,,142,,176.2
6207,17.2969,,142,,176.4
6208,17.2997,,142,,176.4
6209,17.3023,,142,,176.6
6210,17.3048,,142,,176.6
6211,17.307,,142,,176.8
6212,17.3093,,142,,176.8
6213,17.3117,,142,,176.8
6214,17.3141,,142,,177
6215,17.3165,,142,,177
6216,17.3189,,142,,177
6217,17.3213,,142,,177.2
6218,17.3236,,142,,177.2
6219,17.3259,,142,,177.4
6220,17.3283,,141,,177.6
6221,17.3305,,141,,177.6
6222,17.3326,,141,,177.6
6223,17.3344,,141,,177.6
6224,17.3367,,141,,177.6
6225,17.3394,,141,,177.4
6226,17.3421,,141,,177.2
6227,17.3448,,141,,177
6228,17.3474,,141,,176.8
6229,17.35,,140,,176.6
6230,17.3527,,140,,176.4
6231,17.3556,,140,,176.2
6232,17.3583,,140,,176.2
6233,17.3613,,140,,176
6234,17.364,,140,,176
6235,17.3665,,140,,176
6236,17.3691,,140,,175.8
6237,17.3719,,139,,175.8
6238,17.3748,,139,,175.8
6239,17.3775,,139,,175.8
6240,17.3804,,139,,175.6
6241,17.3832,,139,,175.6
6242,17.3864,,139,,175.6
6243,17.3896,,139,,175.4
6244,17.3924,,139,,175.4
6245,17.3953,,139,,175.4
6246,17.398,,138,,175.4
6247,17.4037,,138,,175.4
6248,17.4037,,138,,175.4
6249,17.4063,,138,,175.6
6250,17.4091,,138,,175.6
6251,17.4116,,138,,175.8
6252,17.4142,,137,,175.8
6253,17.4169,,137,,175.8
6254,17.4196,,137,,175.8
6255,17.4222,,137,,175.8
6256,17.4248,,138,,175.8
6257,17.4277,,137,,175.8
6258,17.4303,,137,,175.6
6259,17.4328,,137,,175.6
6260,17.4348,,137,,175.6
