secs,km,power,hr,cad,alt
0,0,,74,,110
1,0,,77,,110
2,0,,79,,110
96,0,,70,,110
97,0,,70,,110
98,0,,70,,110
99,0,,76,,110
100,0,,80,,109
101,0,,87,,109
102,0.012,,93,,110
103,0.012,,99,,110
104,0.012,,100,,110
105,0.012,,103,,110
106,0.012,,105,,110
107,0.026,,106,,110
108,0.026,,108,,109
109,0.026,,108,,109
110,0.026,,109,,109
111,0.041,,109,,109
112,0.041,,110,,109
113,0.041,,111,,109
114,0.041,,112,,108
115,0.055,,112,,108
116,0.055,,114,,108
117,0.055,,114,,108
118,0.055,,115,,107
119,0.069,,115,,107
120,0.069,,117,,107
121,0.069,,117,,107
122,0.069,,119,,107
123,0.083,,120,,107
124,0.083,,121,,107
125,0.083,,122,,107
126,0.083,,122,,106
127,0.096,,125,,106
128,0.096,,125,,106
129,0.096,,127,,106
130,0.096,,127,,106
131,0.109,,127,,106
132,0.109,,128,,106
133,0.109,,128,,105
134,0.109,,128,,105
135,0.121,,128,,105
136,0.121,,129,,106
137,0.121,,129,,105
138,0.121,,130,,105
139,0.135,,130,,105
140,0.135,,131,,105
141,0.135,,130,,104
142,0.147,,131,,104
143,0.147,,131,,104
144,0.147,,131,,104
145,0.159,,132,,104
146,0.159,,132,,104
147,0.159,,132,,104
148,0.159,,132,,104
149,0.173,,133,,105
150,0.173,,134,,105
151,0.173,,134,,105
152,0.173,,134,,104
153,0.185,,135,,104
154,0.185,,135,,104
155,0.185,,136,,104
156,0.185,,136,,104
157,0.197,,135,,104
158,0.197,,137,,103
159,0.197,,137,,103
160,0.197,,137,,103
161,0.209,,137,,103
162,0.209,,136,,103
163,0.209,,136,,103
164,0.209,,137,,103
165,0.223,,138,,103
166,0.223,,138,,103
167,0.223,,137,,102
168,0.223,,136,,102
169,0.235,,136,,102
170,0.235,,137,,103
171,0.235,,138,,102
172,0.235,,137,,102
173,0.248,,137,,102
174,0.248,,136,,102
175,0.248,,137,,102
176,0.248,,138,,102
177,0.261,,138,,101
178,0.261,,138,,101
179,0.261,,137,,101
180,0.261,,137,,101
181,0.274,,137,,101
182,0.274,,138,,101
183,0.274,,139,,101
184,0.274,,139,,101
185,0.286,,139,,101
186,0.286,,138,,101
187,0.286,,138,,101
188,0.286,,139,,101
189,0.297,,140,,101
190,0.297,,140,,101
191,0.297,,141,,101
192,0.297,,141,,101
193,0.297,,141,,101
194,0.31,,140,,101
195,0.31,,140,,101
196,0.31,,139,,101
197,0.31,,139,,101
198,0.322,,140,,101
199,0.322,,140,,101
200,0.322,,139,,101
201,0.322,,138,,101
202,0.336,,138,,101
203,0.336,,138,,100
204,0.336,,139,,100
205,0.336,,140,,100
206,0.35,,139,,100
207,0.35,,140,,100
208,0.35,,140,,100
209,0.362,,140,,100
210,0.362,,141,,100
211,0.362,,142,,100
212,0.373,,142,,99
213,0.373,,142,,99
214,0.373,,142,,99
215,0.385,,141,,99
216,0.385,,141,,99
217,0.385,,141,,99
218,0.396,,141,,99
219,0.396,,142,,99
220,0.396,,141,,99
221,0.396,,140,,99
222,0.409,,141,,99
223,0.409,,140,,100
224,0.409,,140,,100
225,0.409,,139,,99
226,0.424,,140,,99
227,0.424,,140,,99
228,0.424,,141,,99
229,0.424,,141,,98
230,0.436,,141,,98
231,0.436,,141,,98
232,0.436,,140,,98
233,0.446,,140,,98
234,0.446,,140,,98
235,0.446,,140,,98
236,0.455,,140,,98
237,0.455,,139,,98
238,0.455,,139,,98
239,0.465,,138,,97
240,0.465,,138,,97
241,0.465,,138,,97
242,0.476,,140,,97
243,0.476,,140,,97
244,0.476,,140,,97
245,0.476,,139,,97
246,0.49,,139,,97
247,0.49,,141,,96
248,0.49,,141,,96
249,0.502,,141,,96
250,0.502,,141,,96
251,0.502,,141,,96
252,0.513,,140,,96
253,0.513,,140,,95
254,0.513,,140,,95
255,0.522,,140,,95
256,0.522,,141,,95
257,0.522,,140,,94
258,0.531,,140,,94
259,0.531,,140,,94
260,0.531,,139,,94
261,0.541,,138,,93
262,0.541,,138,,93
263,0.541,,138,,93
264,0.549,,138,,93
265,0.549,,138,,93
266,0.549,,138,,93
267,0.558,,137,,93
268,0.558,,137,,93
269,0.558,,138,,92
270,0.567,,138,,91
271,0.567,,138,,91
272,0.567,,138,,91
273,0.567,,138,,91
274,0.567,,138.375,,90.625
275,0.567,,138.75,,90.25
276,0.567,,139.125,,89.875
277,0.567,,139.5,,89.5
278,0.567,,139.875,,89.125
279,0.567,,140.25,,88.75
280,0.567,,140.625,,88.375
281,0.567,,141,,88
282,0.567,,140,,88
283,0.567,,141,,88
284,0.567,,140,,88
285,0.579,,140,,88
286,0.579,,140,,88
287,0.579,,139,,87
288,0.589,,138,,87
289,0.589,,138,,88
290,0.589,,139,,87
291,0.599,,139,,87
292,0.599,,139,,88
293,0.599,,139,,88
294,0.61,,139,,88
295,0.61,,139,,88
296,0.61,,140,,88
297,0.62,,141,,88
298,0.62,,142,,88
299,0.62,,143,,88
300,0.63,,143,,88
301,0.63,,143,,88
302,0.63,,143,,88
303,0.64,,143,,88
304,0.64,,144,,88
305,0.64,,144,,88
306,0.65,,145,,88
307,0.65,,146,,87
308,0.65,,145,,87
309,0.659,,145,,87
310,0.659,,145,,87
311,0.659,,145,,87
312,0.67,,146,,87
313,0.67,,146,,87
314,0.67,,146,,87
315,0.68,,146,,87
316,0.68,,146,,87
317,0.68,,146,,87
318,0.69,,147,,87
319,0.69,,146,,87
320,0.69,,146,,87
321,0.7,,147,,87
322,0.7,,147,,87
323,0.7,,147,,87
324,0.709,,147,,87
325,0.709,,147,,87
326,0.709,,147,,87
327,0.719,,147,,87
328,0.719,,147,,87
329,0.719,,147,,87
330,0.727,,147,,87
331,0.727,,147,,87
332,0.727,,146,,87
333,0.736,,146,,87
334,0.736,,146,,87
335,0.742,,146,,87
336,0.742,,146,,87
337,0.749,,146,,87
338,0.749,,147,,87
339,0.756,,147,,87
340,0.756,,147,,87
341,0.762,,147,,87
342,0.765,,147,,87
343,0.765,,147,,88
344,0.771,,147,,88
345,0.771,,147,,88
346,0.771,,147,,88
347,0.78,,147,,89
348,0.78,,147,,89
349,0.78,,147,,89
350,0.789,,147,,89
351,0.789,,148,,89
352,0.789,,148,,89
353,0.798,,147,,89
354,0.798,,147,,90
355,0.798,,147,,90
356,0.807,,147,,90
357,0.807,,147,,90
358,0.807,,147,,90
359,0.816,,148,,90
360,0.816,,148,,90
361,0.816,,148,,91
362,0.816,,148,,91
363,0.827,,148,,91
364,0.827,,148,,90
365,0.827,,148,,90
366,0.827,,147,,90
367,0.838,,148,,89
368,0.838,,147,,89
369,0.838,,148,,89
370,0.838,,147,,89
371,0.85,,148,,89
372,0.85,,148,,89
373,0.85,,148,,89
374,0.859,,148,,89
375,0.859,,148,,89
376,0.859,,148,,89
377,0.868,,148,,89
378,0.868,,148,,90
379,0.868,,148,,90
380,0.877,,148,,90
381,0.877,,148,,89
382,0.877,,148,,89
383,0.887,,148,,89
384,0.887,,148,,89
385,0.887,,148,,89
386,0.897,,148,,90
387,0.897,,148,,89
388,0.897,,148,,89
389,0.905,,148,,89
390,0.905,,148,,89
391,0.905,,148,,89
392,0.914,,148,,89
393,0.914,,148,,88
394,0.914,,148,,88
395,0.923,,149,,88
396,0.923,,150,,88
397,0.923,,150,,88
398,0.932,,151,,88
399,0.932,,152,,89
400,0.932,,152,,89
401,0.942,,153,,89
402,0.942,,153,,89
403,0.942,,153,,89
404,0.951,,153,,89
405,0.951,,153,,89
406,0.951,,154,,89
407,0.961,,153,,89
408,0.961,,153,,89
409,0.961,,153,,89
410,0.961,,154,,89
411,0.974,,154,,90
412,0.974,,154,,89
413,0.974,,154,,89
414,0.984,,154,,89
415,0.984,,154,,89
416,0.984,,154,,89
417,0.993,,154,,89
418,0.993,,153,,89
419,0.993,,152,,89
420,1.004,,152,,88
421,1.004,,151,,88
422,1.004,,151,,88
423,1.013,,151,,88
424,1.013,,151,,88
425,1.013,,151,,88
426,1.023,,151,,88
427,1.023,,151,,88
428,1.023,,152,,88
429,1.023,,152,,88
430,1.034,,152,,88
431,1.034,,152,,88
432,1.034,,153,,88
433,1.034,,154,,89
434,1.046,,155,,89
435,1.046,,156,,88
436,1.046,,156,,88
437,1.056,,155,,88
438,1.056,,155,,89
439,1.056,,153,,89
440,1.065,,153,,89
441,1.065,,152,,90
442,1.065,,152,,90
443,1.065,,151,,90
444,1.077,,150,,90
445,1.077,,150,,90
446,1.077,,149,,91
447,1.077,,150,,91
448,1.089,,150,,90
449,1.089,,149,,90
450,1.089,,149,,90
451,1.089,,149,,90
452,1.101,,149,,90
453,1.101,,149,,90
454,1.101,,149,,90
455,1.111,,149,,90
456,1.111,,149,,90
457,1.111,,149,,90
458,1.12,,149,,90
459,1.12,,149,,90
460,1.12,,150,,90
461,1.13,,151,,90
462,1.13,,151,,90
463,1.13,,151,,90
464,1.139,,152,,90
465,1.139,,152,,90
466,1.139,,152,,90
467,1.147,,153,,89
468,1.147,,154,,89
469,1.147,,154,,89
470,1.156,,155,,89
471,1.156,,155,,89
472,1.156,,154,,89
473,1.156,,153,,89
474,1.167,,153,,89
475,1.167,,152,,89
476,1.167,,152,,89
477,1.176,,151,,89
478,1.176,,152,,89
479,1.176,,151,,89
480,1.176,,152,,89
481,1.187,,153,,89
482,1.187,,153,,89
483,1.187,,154,,89
484,1.187,,153,,89
485,1.199,,153,,89
486,1.199,,152,,89
487,1.199,,151,,89
488,1.199,,150,,89
489,1.212,,149,,89
490,1.212,,150,,89
491,1.212,,149,,89
492,1.221,,149,,89
493,1.221,,149,,89
494,1.221,,148,,89
495,1.231,,149,,89
496,1.231,,148,,89
497,1.231,,148,,89
498,1.241,,149,,89
499,1.241,,148,,89
500,1.241,,148,,89
501,1.241,,0,,0
502,1.241,,8.05556,,4.72222
503,1.241,,16.1111,,9.44444
504,1.241,,24.1667,,14.1667
505,1.241,,32.2222,,18.8889
506,1.241,,40.2778,,23.6111
507,1.241,,48.3333,,28.3333
508,1.241,,56.3889,,33.0556
509,1.241,,64.4444,,37.7778
510,1.241,,72.5,,42.5
511,1.241,,80.5556,,47.2222
512,1.241,,88.6111,,51.9444
513,1.241,,96.6667,,56.6667
514,1.241,,104.722,,61.3889
515,1.241,,112.778,,66.1111
516,1.241,,120.833,,70.8333
517,1.241,,128.889,,75.5556
518,1.241,,136.944,,80.2778
519,1.241,,145,,85
520,1.241,,145,,85
521,1.241,,144,,85
522,1.241,,144,,84
523,1.251,,144,,84
524,1.251,,144,,84
525,1.251,,143,,85
526,1.262,,142,,85
527,1.262,,141,,85
528,1.262,,141,,85
529,1.272,,141,,85
530,1.272,,141,,85
531,1.272,,142,,84
532,1.282,,142,,84
533,1.282,,142,,84
534,1.282,,142,,84
535,1.291,,142,,84
536,1.291,,141,,84
537,1.291,,142,,84
538,1.301,,143,,84
539,1.301,,143,,84
540,1.301,,142,,84
541,1.301,,142,,84
542,1.313,,142,,84
543,1.313,,142,,84
544,1.313,,142,,84
545,1.313,,142,,84
546,1.325,,143,,84
547,1.325,,144,,84
548,1.325,,145,,84
549,1.325,,145,,84
550,1.337,,145,,84
551,1.337,,145,,84
552,1.337,,145,,84
553,1.337,,144,,84
554,1.351,,145,,84
555,1.351,,145,,84
556,1.351,,144,,83
557,1.351,,144,,83
558,1.351,,144,,84
559,1.365,,144,,84
560,1.365,,144,,84
561,1.365,,145,,84
562,1.365,,144,,84
563,1.377,,144,,84
564,1.377,,144,,85
565,1.377,,144,,85
566,1.377,,145,,85
567,1.389,,145,,85
568,1.389,,144,,85
569,1.389,,145,,85
570,1.389,,144,,85
571,1.399,,143,,85
572,1.399,,141,,85
573,1.399,,141,,84
574,1.399,,140,,84
575,1.41,,138,,84
576,1.41,,138,,84
577,1.41,,138,,85
578,1.419,,139,,85
579,1.419,,140,,85
580,1.419,,141,,85
581,1.43,,143,,85
582,1.43,,143,,85
583,1.43,,145,,84
584,1.439,,145,,84
585,1.439,,145,,84
586,1.439,,146,,85
587,1.439,,146,,85
588,1.45,,146,,86
589,1.45,,147,,86
590,1.45,,147,,86
591,1.45,,147,,86
592,1.45,,147,,85
593,1.462,,148,,85
594,1.462,,148,,84
595,1.462,,148,,85
596,1.462,,149,,85
597,1.475,,151,,85
598,1.475,,151,,85
599,1.475,,151,,85
600,1.475,,151,,85
601,1.487,,151,,85
602,1.487,,151,,85
603,1.487,,150,,85
604,1.487,,150,,85
605,1.5,,149,,85
606,1.5,,148,,85
607,1.5,,148,,85
608,1.5,,148,,86
609,1.511,,148,,86
610,1.511,,149,,86
611,1.511,,149,,86
612,1.511,,149,,86
613,1.522,,150,,86
614,1.522,,150,,86
615,1.522,,150,,86
616,1.522,,150,,86
617,1.535,,150,,86
618,1.535,,150,,86
619,1.535,,149,,86
620,1.545,,150,,86
621,1.545,,149,,87
622,1.545,,150,,87
623,1.554,,150,,87
624,1.554,,150,,87
625,1.554,,150,,87
626,1.554,,149,,87
627,1.566,,149,,87
628,1.566,,149,,87
629,1.566,,150,,87
630,1.566,,150,,87
631,1.578,,149,,87
632,1.578,,149,,86
633,1.578,,149,,86
634,1.578,,148,,86
635,1.59,,148,,86
636,1.59,,148,,86
637,1.59,,148,,86
638,1.59,,148,,86
639,1.59,,147,,86
640,1.603,,147,,86
641,1.603,,147,,86
642,1.603,,148,,86
643,1.603,,148,,86
644,1.616,,148,,86
645,1.616,,149,,86
646,1.616,,149,,86
647,1.616,,149,,85
648,1.627,,149,,85
649,1.627,,150,,85
650,1.627,,150,,85
651,1.627,,151,,86
652,1.627,,151,,85
653,1.641,,152,,85
654,1.641,,153,,85
655,1.641,,154,,84
656,1.641,,154,,84
657,1.652,,153,,84
658,1.652,,152,,84
659,1.652,,152,,85
660,1.652,,152,,85
661,1.664,,152,,85
662,1.664,,153,,86
663,1.664,,154,,86
664,1.664,,154,,85
665,1.676,,155,,85
666,1.676,,155,,86
667,1.676,,155,,86
668,1.676,,155,,86
669,1.688,,154,,86
670,1.688,,154,,86
671,1.688,,153,,86
672,1.688,,153,,86
673,1.7,,153,,86
674,1.7,,153,,86
675,1.7,,155,,86
676,1.7,,155,,86
677,1.713,,155,,86
678,1.713,,155,,86
679,1.713,,155,,87
680,1.723,,154,,87
681,1.723,,154,,87
682,1.723,,153,,87
683,1.732,,153,,87
684,1.732,,153,,87
685,1.732,,154,,87
686,1.741,,154,,87
687,1.741,,154,,86
688,1.741,,153,,87
689,1.741,,152,,87
690,1.753,,151,,87
691,1.753,,150,,87
692,1.753,,149,,86
693,1.753,,149,,86
694,1.764,,148,,86
695,1.764,,148,,87
696,1.764,,148,,86
697,1.764,,148,,86
698,1.775,,147,,86
699,1.775,,147,,86
700,1.775,,148,,86
701,1.785,,148,,86
702,1.785,,148,,85
703,1.785,,149,,85
704,1.785,,149,,85
705,1.795,,150,,85
706,1.795,,150,,85
707,1.795,,151,,85
708,1.795,,151,,85
709,1.806,,151,,85
710,1.806,,152,,85
711,1.806,,153,,86
712,1.817,,154,,85
713,1.817,,155,,85
714,1.817,,156,,84
715,1.827,,156,,84
716,1.827,,156,,84
717,1.827,,156,,83
718,1.836,,155,,83
719,1.836,,156,,84
720,1.836,,156,,84
721,1.844,,157,,84
722,1.844,,157,,84
723,1.844,,157,,83
724,1.852,,157,,83
725,1.852,,156,,83
726,1.852,,155,,83
727,1.852,,156,,83
728,1.863,,156,,83
729,1.863,,156,,83
730,1.863,,156,,84
731,1.873,,155,,84
732,1.873,,154,,84
733,1.873,,154,,84
734,1.883,,154,,84
735,1.883,,154,,84
736,1.883,,153,,84
737,1.883,,154,,84
738,1.895,,155,,84
739,1.895,,155,,85
740,1.895,,155,,85
741,1.895,,155,,85
742,1.907,,155,,85
743,1.907,,154,,85
744,1.907,,154,,85
745,1.907,,154,,85
746,1.92,,154,,86
747,1.92,,155,,86
748,1.92,,156,,86
749,1.92,,157,,86
750,1.932,,156,,86
751,1.932,,155,,86
752,1.932,,154,,86
753,1.932,,154,,86
754,1.944,,153,,86
755,1.944,,153,,86
756,1.944,,153,,86
757,1.944,,153,,86
758,1.956,,153,,86
759,1.956,,153,,86
760,1.956,,154,,86
761,1.956,,155,,86
762,1.967,,154,,86
763,1.967,,154,,86
764,1.967,,153,,86
765,1.967,,153,,86
766,1.978,,153,,86
767,1.978,,153,,85
768,1.978,,153,,85
769,1.978,,155,,85
770,1.99,,155,,85
771,1.99,,156,,85
772,1.99,,156,,85
773,2,,156,,85
774,2,,156,,85
775,2,,155,,85
776,2.01,,154,,85
777,2.01,,154,,85
778,2.01,,154,,85
779,2.01,,153,,85
780,2.022,,153,,85
781,2.022,,153,,85
782,2.022,,153,,85
783,2.022,,153,,85
784,2.035,,154,,85
785,2.035,,154,,85
786,2.035,,154,,85
787,2.035,,155,,85
788,2.047,,156,,85
789,2.047,,157,,85
790,2.047,,158,,85
791,2.047,,158,,85
792,2.058,,158,,85
793,2.058,,158,,86
794,2.058,,158,,86
795,2.058,,158,,86
796,2.07,,159,,86
797,2.07,,159,,86
798,2.07,,159,,85
799,2.07,,157,,85
800,2.083,,157,,85
801,2.083,,157,,85
802,2.083,,157,,84
803,2.083,,157,,84
804,2.096,,158,,84
805,2.096,,159,,84
806,2.103,,158,,85
807,2.103,,159,,84
808,2.103,,158,,84
809,2.113,,158,,84
810,2.113,,158,,84
811,2.113,,157,,84
812,2.123,,158,,85
813,2.123,,159,,85
814,2.123,,159,,85
815,2.133,,159,,85
816,2.133,,159,,85
817,2.133,,159,,85
818,2.141,,158,,84
819,2.141,,158,,85
820,2.141,,159,,85
821,2.151,,159,,85
822,2.151,,160,,85
823,2.151,,159,,85
824,2.159,,158,,84
825,2.159,,158,,84
826,2.166,,159,,84
827,2.166,,158,,84
828,2.166,,159,,84
829,2.175,,158,,84
830,2.175,,158,,84
831,2.175,,157,,84
832,2.175,,156,,84
833,2.187,,157,,84
834,2.187,,157,,84
835,2.187,,158,,84
836,2.187,,158,,84
837,2.199,,158,,84
838,2.199,,157,,84
839,2.199,,156,,84
840,2.199,,156,,84
841,2.209,,156,,84
842,2.209,,156,,84
843,2.209,,157,,84
844,2.209,,157,,84
845,2.221,,157,,84
846,2.221,,156,,84
847,2.221,,155,,84
848,2.232,,154,,84
849,2.232,,153,,84
850,2.232,,153,,84
851,2.242,,153,,84
852,2.242,,153,,84
853,2.242,,153,,84
854,2.242,,153,,85
855,2.255,,152,,85
856,2.255,,152,,85
857,2.255,,153,,85
858,2.255,,154,,85
859,2.267,,155,,85
860,2.267,,155,,86
861,2.267,,156,,86
862,2.278,,157,,86
863,2.278,,156,,86
864,2.278,,156,,86
865,2.278,,155,,86
866,2.278,,155,,86
867,2.292,,155,,86
868,2.292,,155,,86
869,2.292,,156,,86
870,2.301,,156,,85
871,2.301,,157,,85
872,2.301,,158,,85
873,2.301,,157,,85
874,2.313,,157,,85
875,2.313,,157,,84
876,2.313,,156,,84
877,2.323,,157,,84
878,2.323,,157,,84
879,2.323,,158,,84
880,2.333,,157,,85
881,2.333,,158,,85
882,2.333,,157,,85
883,2.333,,157,,85
884,2.343,,156,,85
885,2.343,,157,,85
886,2.343,,158,,85
887,2.343,,158,,85
888,2.355,,158,,85
889,2.355,,158,,85
890,2.355,,157,,85
891,2.365,,156,,85
892,2.365,,156,,85
893,2.365,,155,,85
894,2.365,,155,,85
895,2.378,,155,,85
896,2.378,,155,,85
897,2.378,,156,,85
898,2.378,,157,,85
899,2.389,,157,,86
900,2.389,,157,,86
901,2.389,,157,,86
902,2.389,,157,,86
903,2.402,,156,,86
904,2.402,,156,,86
905,2.402,,157,,86
906,2.412,,157,,86
907,2.412,,157,,85
908,2.412,,158,,86
909,2.424,,159,,87
910,2.424,,159,,87
911,2.424,,158,,87
912,2.434,,158,,87
913,2.434,,159,,87
914,2.434,,159,,87
915,2.434,,160,,87
916,2.445,,160,,88
917,2.445,,160,,88
918,2.445,,159,,88
919,2.445,,158,,89
920,2.457,,158,,89
921,2.457,,159,,88
922,2.457,,158,,88
923,2.457,,159,,88
924,2.468,,158,,88
925,2.468,,157,,88
926,2.468,,157,,88
927,2.468,,157,,88
928,2.48,,158,,87
929,2.48,,157,,88
930,2.48,,158,,88
931,2.48,,158,,88
932,2.493,,158,,88
933,2.493,,156,,88
934,2.493,,157,,88
935,2.503,,156,,88
936,2.503,,157,,88
937,2.503,,157,,88
938,2.513,,159,,88
939,2.513,,159,,88
940,2.513,,159,,88
941,2.513,,159,,88
942,2.526,,159,,88
943,2.526,,158,,88
944,2.526,,159,,88
945,2.535,,160,,88
946,2.535,,160,,87
947,2.535,,159,,88
948,2.535,,158,,87
949,2.547,,158,,87
950,2.547,,158,,87
951,2.547,,158,,88
952,2.547,,159,,88
953,2.561,,159,,88
954,2.561,,160,,88
955,2.561,,158,,88
956,2.561,,158,,88
957,2.573,,158,,88
958,2.573,,158,,88
959,2.573,,158,,88
960,2.573,,159,,88
961,2.586,,160,,88
962,2.586,,159,,88
963,2.586,,158,,88
964,2.586,,158,,88
965,2.6,,158,,88
966,2.6,,159,,88
967,2.6,,159,,88
968,2.609,,159,,88
969,2.609,,159,,88
970,2.609,,158,,88
971,2.619,,157,,88
972,2.619,,158,,88
973,2.619,,158,,88
974,2.628,,158,,87
975,2.628,,159,,87
976,2.628,,158,,87
977,2.628,,157,,87
978,2.628,,157,,87
979,2.642,,157,,87
980,2.642,,157,,87
981,2.642,,158,,86
982,2.651,,159,,86
983,2.651,,159,,86
984,2.651,,159,,86
985,2.66,,158,,86
986,2.66,,157,,86
987,2.66,,157,,86
988,2.67,,158,,87
989,2.67,,158,,87
990,2.67,,159,,87
991,2.67,,158,,87
992,2.683,,158,,87
993,2.683,,157,,87
994,2.683,,157,,87
995,2.692,,157,,87
996,2.692,,157,,88
997,2.692,,157,,87
998,2.692,,158,,87
999,2.705,,158,,87
1000,2.705,,158,,87
1001,2.705,,158,,86
1002,2.714,,157,,86
1003,2.714,,157,,86
1004,2.714,,157,,86
1005,2.725,,157,,86
1006,2.725,,157,,86
1007,2.725,,158,,86
1008,2.735,,159,,87
1009,2.735,,160,,87
1010,2.735,,160,,87
1011,2.735,,159,,87
1012,2.747,,159,,87
1013,2.747,,160,,87
1014,2.747,,160,,87
1015,2.757,,160,,87
1016,2.757,,160,,87
1017,2.757,,160,,86
1018,2.757,,159,,87
1019,2.769,,159,,87
1020,2.769,,159,,86
1021,2.769,,159,,86
1022,2.769,,158,,86
1023,2.781,,156,,87
1024,2.781,,154,,87
1025,2.781,,153,,87
1026,2.781,,151,,87
1027,2.793,,150,,87
1028,2.793,,151,,87
1029,2.793,,151,,87
1030,2.793,,152,,87
1031,2.805,,153,,87
1032,2.805,,154,,87
1033,2.805,,155,,88
1034,2.805,,156,,88
1035,2.816,,157,,88
1036,2.816,,156,,88
1037,2.816,,156,,87
1038,2.816,,156,,87
1039,2.829,,156,,87
1040,2.829,,156,,88
1041,2.829,,157,,88
1042,2.829,,158,,88
1043,2.842,,158,,88
1044,2.842,,158,,88
1045,2.842,,158,,88
1046,2.851,,157,,88
1047,2.851,,156,,88
1048,2.851,,156,,88
1049,2.86,,157,,88
1050,2.86,,157,,88
1051,2.86,,158,,88
1052,2.869,,157,,88
1053,2.869,,158,,88
1054,2.869,,158,,88
1055,2.879,,158,,88
1056,2.879,,157,,88
1057,2.879,,157,,88
1058,2.888,,157,,88
1059,2.888,,159,,88
1060,2.888,,159,,88
1061,2.897,,160,,88
1062,2.897,,159,,87
1063,2.897,,159,,87
1064,2.897,,158,,88
1065,2.91,,160,,88
1066,2.91,,160,,88
1067,2.91,,161,,88
1068,2.91,,160,,89
1069,2.921,,159,,88
1070,2.921,,158,,88
1071,2.921,,159,,88
1072,2.921,,159,,87
1073,2.933,,159,,87
1074,2.933,,160,,87
1075,2.933,,160,,87
1076,2.943,,160,,87
1077,2.943,,160,,86
1078,2.95,,159,,86
1079,2.95,,160,,87
1080,2.957,,160,,86
1081,2.957,,160,,86
1082,2.964,,160,,86
1083,2.964,,159,,86
1084,2.964,,159,,86
1085,2.972,,159,,86
1086,2.972,,159,,87
1087,2.972,,159,,86
1088,2.981,,159,,86
1089,2.981,,158,,86
1090,2.981,,157,,86
1091,2.991,,157,,86
1092,2.991,,157,,86
1093,2.991,,157,,85
1094,3,,157,,85
1095,3,,158,,86
1096,3,,158,,86
1097,3.01,,158,,85
1098,3.01,,158,,85
1099,3.01,,157,,85
1100,3.019,,157,,85
1101,3.019,,156,,85
1102,3.019,,156,,85
1103,3.028,,157,,85
1104,3.028,,158,,85
1105,3.028,,158,,85
1106,3.037,,157,,84
1107,3.037,,156,,85
1108,3.037,,156,,84
1109,3.047,,155,,85
1110,3.047,,155,,85
1111,3.047,,156,,85
1112,3.047,,157,,85
1113,3.059,,157,,85
1114,3.059,,157,,85
1115,3.059,,156,,85
1116,3.059,,156,,85
1117,3.071,,155,,85
1118,3.071,,155,,85
1119,3.071,,156,,85
1120,3.071,,155,,85
1121,3.083,,156,,85
1122,3.083,,156,,86
1123,3.083,,157,,86
1124,3.083,,157,,86
1125,3.096,,157,,86
1126,3.096,,155,,87
1127,3.096,,155,,88
1128,3.096,,155,,88
1129,3.108,,155,,88
1130,3.108,,155,,87
1131,3.108,,155,,87
1132,3.12,,156,,86
1133,3.12,,157,,86
1134,3.12,,157,,86
1135,3.131,,157,,86
1136,3.131,,157,,86
1137,3.131,,156,,86
1138,3.131,,155,,86
1139,3.144,,154,,86
1140,3.144,,153,,86
1141,3.144,,153,,86
1142,3.144,,153,,86
1143,3.144,,154,,86
1144,3.156,,155,,87
1145,3.156,,155,,87
1146,3.156,,157,,88
1147,3.156,,157,,88
1148,3.168,,157,,88
1149,3.168,,157,,88
1150,3.168,,157,,88
1151,3.168,,157,,88
1152,3.18,,157,,88
1153,3.18,,158,,89
1154,3.18,,158,,89
1155,3.18,,159,,89
1156,3.192,,160,,89
1157,3.192,,158,,89
1158,3.192,,158,,89
1159,3.192,,157,,89
1160,3.205,,158,,89
1161,3.205,,158,,89
1162,3.205,,160,,89
1163,3.205,,159,,90
1164,3.218,,158,,90
1165,3.218,,158,,90
1166,3.218,,158,,90
1167,3.218,,159,,90
1168,3.23,,158,,90
1169,3.23,,159,,91
1170,3.23,,157,,91
1171,3.241,,157,,91
1172,3.241,,157,,89
1173,3.25,,157,,88
1174,3.25,,157,,87
1175,3.25,,157,,87
1176,3.259,,158,,86
1177,3.259,,157,,86
1178,3.259,,156,,86
1179,3.269,,156,,86
1180,3.269,,155,,85
1181,3.269,,155,,85
1182,3.278,,154,,85
1183,3.278,,155,,85
1184,3.278,,155,,85
1185,3.288,,156,,85
1186,3.288,,156,,85
1187,3.288,,156,,85
1188,3.297,,155,,84
1189,3.297,,155,,84
1190,3.297,,154,,84
1191,3.305,,154,,84
1192,3.305,,153,,84
1193,3.305,,154,,84
1194,3.314,,155,,84
1195,3.314,,156,,84
1196,3.314,,156,,83
1197,3.322,,157,,84
1198,3.322,,157,,84
1199,3.329,,157,,84
1200,3.329,,156,,84
1201,3.329,,156,,84
1202,3.338,,156,,83
1203,3.338,,155,,83
1204,3.338,,156,,83
1205,3.347,,157,,83
1206,3.347,,157,,83
1207,3.347,,158,,83
1208,3.356,,158,,83
1209,3.356,,158,,82
1210,3.356,,156,,82
1211,3.365,,155,,83
1212,3.365,,155,,83
1213,3.365,,155,,83
1214,3.375,,155,,83
1215,3.375,,155,,82
1216,3.375,,156,,82
1217,3.384,,158,,82
1218,3.384,,158,,82
1219,3.384,,158,,82
1220,3.393,,159,,82
1221,3.393,,158,,82
1222,3.399,,158,,83
1223,3.399,,158,,83
1224,3.399,,159,,83
1225,3.408,,160,,83
1226,3.408,,160,,83
1227,3.415,,160,,84
1228,3.415,,160,,84
1229,3.421,,160,,84
1230,3.421,,160,,84
1231,3.421,,161,,84
1232,3.43,,161,,84
1233,3.43,,160,,84
1234,3.43,,160,,84
1235,3.439,,160,,84
1236,3.439,,160,,84
1237,3.439,,161,,84
1238,3.448,,162,,84
1239,3.448,,161,,84
1240,3.455,,161,,85
1241,3.455,,160,,85
1242,3.461,,161,,85
1243,3.461,,161,,85
1244,3.468,,161,,85
1245,3.468,,161,,85
1246,3.474,,160,,85
1247,3.474,,160,,85
1248,3.474,,160,,85
1249,3.483,,161,,85
1250,3.483,,161,,85
1251,3.483,,160,,85
1252,3.492,,159,,85
1253,3.492,,159,,85
1254,3.492,,160,,85
1255,3.501,,160,,86
1256,3.501,,159,,86
1257,3.507,,159,,86
1258,3.507,,158,,86
1259,3.514,,158,,86
1260,3.514,,159,,86
1261,3.52,,160,,85
1262,3.52,,160,,85
1263,3.52,,160,,86
1264,3.53,,160,,86
1265,3.53,,160,,86
1266,3.53,,161,,86
1267,3.54,,162,,86
1268,3.54,,161,,86
1269,3.54,,162,,86
1270,3.55,,162,,86
1271,3.55,,161,,85
1272,3.55,,162,,85
1273,3.559,,162,,85
1274,3.559,,163,,85
1275,3.559,,162,,86
1276,3.569,,161,,86
1277,3.569,,161,,86
1278,3.569,,161,,86
1279,3.578,,161,,86
1280,3.578,,161,,86
1281,3.578,,161,,86
1282,3.587,,160,,86
1283,3.587,,161,,86
1284,3.587,,161,,86
1285,3.596,,162,,86
1286,3.596,,161,,86
1287,3.596,,161,,86
1288,3.606,,161,,86
1289,3.606,,161,,86
1290,3.606,,161,,86
1291,3.615,,162,,86
1292,3.615,,161,,85
1293,3.615,,161,,85
1294,3.623,,161,,85
1295,3.623,,162,,85
1296,3.623,,161,,85
1297,3.633,,160,,85
1298,3.633,,161,,85
1299,3.633,,161,,86
1300,3.642,,162,,86
1301,3.642,,162,,85
1302,3.642,,162,,86
1303,3.651,,162,,86
1304,3.651,,161,,86
1305,3.651,,162,,85
1306,3.661,,162,,85
1307,3.661,,162,,85
1308,3.667,,161,,85
1309,3.667,,161,,85
1310,3.667,,161,,85
1311,3.676,,160,,85
1312,3.676,,161,,85
1313,3.676,,162,,85
1314,3.685,,160,,85
1315,3.685,,159,,85
1316,3.691,,159,,85
1317,3.691,,160,,85
1318,3.691,,160,,85
1319,3.701,,161,,85
1320,3.701,,160,,85
1321,3.708,,159,,85
1322,3.708,,159,,86
1323,3.708,,160,,86
1324,3.716,,160,,86
1325,3.716,,161,,86
1326,3.723,,160,,85
1327,3.723,,160,,85
1328,3.723,,159,,85
1329,3.733,,159,,85
1330,3.733,,160,,85
1331,3.733,,160,,85
1332,3.744,,160,,85
1333,3.744,,160,,85
1334,3.744,,159,,85
1335,3.744,,160,,85
1336,3.744,,159,,85
1337,3.757,,160,,85
1338,3.757,,160,,85
1339,3.757,,159,,86
1340,3.757,,159,,85
1341,3.771,,159,,85
1342,3.771,,159,,86
1343,3.771,,160,,86
1344,3.771,,160,,85
1345,3.782,,160,,85
1346,3.782,,160,,85
1347,3.782,,160,,85
1348,3.782,,159,,85
1349,3.793,,161,,85
1350,3.793,,160,,85
1351,3.793,,160,,85
1352,3.793,,159,,85
1353,3.805,,157,,85
1354,3.805,,155,,85
1355,3.805,,153,,85
1356,3.805,,153,,85
1357,3.817,,153,,85
1358,3.817,,153,,85
1359,3.817,,154,,85
1360,3.817,,155,,85
1361,3.829,,154,,85
1362,3.829,,154,,85
1363,3.829,,155,,85
1364,3.838,,156,,85
1365,3.838,,157,,85
1366,3.838,,157,,85
1367,3.838,,158,,84
1368,3.848,,159,,84
1369,3.848,,158,,84
1370,3.848,,158,,84
1371,3.848,,157,,85
1372,3.859,,158,,85
1373,3.859,,158,,85
1374,3.859,,159,,85
1375,3.869,,159,,85
1376,3.869,,159,,85
1377,3.869,,158,,85
1378,3.878,,158,,85
1379,3.878,,158,,86
1380,3.878,,158,,86
1381,3.878,,158,,86
1382,3.889,,159,,87
1383,3.889,,160,,87
1384,3.889,,160,,87
1385,3.889,,160,,87
1386,3.902,,159,,87
1387,3.902,,160,,87
1388,3.902,,160,,87
1389,3.912,,161,,87
1390,3.912,,160,,86
1391,3.912,,160,,86
1392,3.921,,159,,86
1393,3.921,,159,,86
1394,3.921,,159,,85
1395,3.93,,160,,86
1396,3.93,,161,,86
1397,3.93,,160,,86
1398,3.939,,160,,85
1399,3.939,,160,,85
1400,3.939,,160,,85
1401,3.948,,160,,85
1402,3.948,,160,,85
1403,3.948,,161,,85
1404,3.948,,161,,85
1405,3.96,,160,,86
1406,3.96,,160,,86
1407,3.96,,160,,86
1408,3.96,,161,,86
1409,3.97,,161,,87
1410,3.97,,161,,87
1411,3.97,,161,,87
1412,3.97,,161,,87
1413,3.979,,161,,87
1414,3.979,,161,,87
1415,3.979,,162,,87
1416,3.988,,162,,88
1417,3.988,,161,,88
1418,3.988,,162,,88
1419,3.988,,162,,88
1420,3.998,,162,,88
1421,3.998,,161,,88
1422,3.998,,162,,88
1423,4.007,,162,,88
1424,4.007,,161,,88
1425,4.007,,161,,89
1426,4.007,,161,,89
1427,4.017,,161,,89
1428,4.017,,162,,89
1429,4.017,,160,,89
1430,4.026,,160,,89
1431,4.026,,159,,88
1432,4.026,,159,,88
1433,4.035,,160,,88
1434,4.035,,161,,88
1435,4.035,,159,,88
1436,4.035,,160,,88
1437,4.043,,159,,88
1438,4.043,,160,,88
1439,4.043,,160,,88
1440,4.043,,159,,87
1441,4.043,,160,,87
1442,4.051,,159,,87
1443,4.051,,159,,87
1444,4.051,,159,,87
1445,4.061,,160,,87
1446,4.061,,160,,87
1447,4.061,,159,,87
1448,4.07,,158,,87
1449,4.07,,157,,86
1450,4.07,,156,,86
1451,4.081,,156,,86
1452,4.081,,156,,86
1453,4.081,,157,,86
1454,4.091,,157,,86
1455,4.091,,157,,85
1456,4.091,,158,,85
1457,4.101,,157,,85
1458,4.101,,157,,85
1459,4.107,,156,,85
1460,4.107,,155,,84
1461,4.113,,155,,84
1462,4.113,,156,,84
1463,4.12,,156,,83
1464,4.12,,157,,83
1465,4.12,,159,,83
1466,4.129,,157,,83
1467,4.129,,157,,84
1468,4.129,,157,,83
1469,4.138,,157,,83
1470,4.138,,156,,83
1471,4.138,,156,,83
1472,4.138,,157,,83
1473,4.151,,158,,83
1474,4.151,,158,,83
1475,4.151,,159,,83
1476,4.161,,158,,83
1477,4.161,,158,,83
1478,4.161,,158,,83
1479,4.17,,158,,83
1480,4.17,,158,,83
1481,4.17,,159,,83
1482,4.18,,159,,83
1483,4.18,,159,,83
1484,4.18,,158,,83
1485,4.189,,157,,83
1486,4.189,,156,,83
1487,4.189,,156,,83
1488,4.2,,156,,83
1489,4.2,,157,,83
1490,4.2,,157,,83
1491,4.209,,157,,82
1492,4.209,,157,,83
1493,4.209,,156,,82
1494,4.218,,156,,82
1495,4.218,,156,,82
1496,4.218,,155,,81
1497,4.228,,155,,81
1498,4.228,,156,,81
1499,4.228,,156,,81
1500,4.236,,158,,81
1501,4.236,,157,,81
1502,4.236,,157,,81
1503,4.246,,156,,81
1504,4.246,,156,,80
1505,4.246,,155,,80
1506,4.256,,155,,80
1507,4.256,,154,,80
1508,4.256,,155,,80
1509,4.265,,156,,80
1510,4.265,,156,,80
1511,4.265,,157,,80
1512,4.274,,158,,80
1513,4.274,,157,,79
1514,4.28,,156,,79
1515,4.28,,156,,79
1516,4.286,,157,,79
1517,4.286,,156,,79
1518,4.292,,157,,79
1519,4.292,,158,,79
1520,4.298,,158,,79
1521,4.298,,160,,79
1522,4.305,,160,,79
1523,4.305,,159,,79
1524,4.305,,159,,79
1525,4.313,,160,,79
1526,4.313,,160,,79
1527,4.313,,161,,79
1528,4.322,,162,,79
1529,4.322,,161,,79
1530,4.322,,161,,79
1531,4.331,,161,,79
1532,4.331,,161,,80
1533,4.331,,162,,80
1534,4.339,,162,,80
1535,4.339,,161,,80
1536,4.339,,162,,80
1537,4.348,,161,,80
1538,4.348,,163,,80
1539,4.348,,162,,80
1540,4.357,,161,,80
1541,4.357,,162,,81
1542,4.357,,162,,81
1543,4.365,,162,,81
1544,4.365,,162,,81
1545,4.365,,162,,81
1546,4.374,,162,,81
1547,4.374,,162,,81
1548,4.374,,162,,81
1549,4.382,,162,,82
1550,4.382,,162,,82
1551,4.389,,162,,82
1552,4.389,,163,,82
1553,4.389,,163,,82
1554,4.398,,163,,82
1555,4.398,,163,,82
1556,4.398,,163,,82
1557,4.408,,163,,82
1558,4.408,,164,,82
1559,4.408,,163,,82
1560,4.418,,164,,82
1561,4.418,,164,,82
1562,4.418,,165,,82
1563,4.418,,164,,82
1564,4.43,,163,,82
1565,4.43,,164,,82
1566,4.43,,163,,82
1567,4.43,,164,,82
1568,4.441,,164,,82
1569,4.441,,163,,82
1570,4.441,,163,,82
1571,4.441,,163,,82
1572,4.453,,163,,83
1573,4.453,,163,,83
1574,4.453,,163,,83
1575,4.453,,162,,84
1576,4.464,,163,,84
1577,4.464,,162,,84
1578,4.464,,162,,84
1579,4.464,,162,,85
1580,4.477,,162,,85
1581,4.477,,163,,85
1582,4.477,,162,,86
1583,4.477,,162,,86
1584,4.491,,162,,86
1585,4.491,,161,,86
1586,4.491,,161,,86
1587,4.501,,162,,86
1588,4.501,,162,,86
1589,4.501,,161,,86
1590,4.501,,160,,86
1591,4.514,,160,,86
1592,4.514,,160,,86
1593,4.514,,160,,86
1594,4.523,,160,,86
1595,4.523,,160,,86
1596,4.523,,161,,86
1597,4.533,,161,,86
1598,4.533,,160,,86
1599,4.533,,160,,87
1600,4.542,,160,,87
1601,4.542,,160,,86
1602,4.542,,160,,86
1603,4.552,,161,,86
1604,4.552,,161,,86
1605,4.552,,161,,86
1606,4.562,,161,,85
1607,4.562,,160,,85
1608,4.562,,160,,84
1609,4.572,,160,,84
1610,4.572,,161,,84
1611,4.572,,161,,84
1612,4.581,,161,,84
1613,4.581,,160,,84
1614,4.587,,160,,84
1615,4.587,,159,,84
1616,4.587,,159,,84
1617,4.597,,160,,84
1618,4.597,,160,,84
1619,4.597,,161,,84
1620,4.608,,160,,83
1621,4.608,,159,,83
1622,4.608,,159,,83
1623,4.618,,159,,82
1624,4.618,,159,,82
1625,4.618,,160,,82
1626,4.628,,160,,82
1627,4.628,,160,,82
1628,4.628,,160,,81
1629,4.637,,160,,81
1630,4.637,,159,,81
1631,4.637,,160,,81
1632,4.646,,160,,81
1633,4.646,,160,,81
1634,4.646,,160,,81
1635,4.655,,160,,80
1636,4.655,,160,,80
1637,4.655,,160,,80
1638,4.665,,160,,80
1639,4.665,,161,,80
1640,4.665,,161,,80
1641,4.675,,161,,80
1642,4.675,,161,,80
1643,4.682,,161,,80
1644,4.682,,161,,80
1645,4.689,,160,,80
1646,4.689,,161,,80
1647,4.695,,160,,80
1648,4.695,,161,,80
1649,4.695,,162,,80
1650,4.705,,160,,80
1651,4.705,,160,,80
1652,4.705,,159,,80
1653,4.715,,160,,80
1654,4.715,,160,,79
1655,4.715,,161,,79
1656,4.724,,160,,79
1657,4.724,,160,,79
1658,4.724,,159,,79
1659,4.733,,159,,79
1660,4.733,,159,,78
1661,4.733,,158,,78
1662,4.733,,159,,78
1663,4.733,,158,,78
1664,4.733,,158,,78
1689,4.733,,149,,77
1690,4.733,,149,,77
1691,4.733,,149,,77
1692,4.733,,148,,77
1693,4.733,,148,,77
1694,4.745,,147,,77
1695,4.745,,147,,77
1696,4.745,,146,,77
1697,4.745,,146,,77
1698,4.758,,146,,77
1699,4.758,,146,,77
1700,4.758,,146,,78
1701,4.758,,146,,78
1702,4.771,,146,,78
1703,4.771,,146,,78
1704,4.771,,145,,79
1705,4.782,,146,,79
1706,4.782,,146,,80
1707,4.782,,147,,80
1708,4.782,,146,,80
1709,4.795,,148,,80
1710,4.795,,148,,80
1711,4.795,,149,,80
1712,4.795,,149,,81
1713,4.807,,150,,81
1714,4.807,,150,,81
1715,4.807,,150,,81
1716,4.807,,150,,81
1717,4.819,,151,,81
1718,4.819,,151,,81
1719,4.819,,152,,81
1720,4.831,,152,,81
1721,4.831,,153,,80
1722,4.831,,154,,80
1723,4.841,,154,,80
1724,4.841,,155,,80
1725,4.841,,155,,80
1726,4.841,,155,,80
1727,4.852,,154,,80
1728,4.852,,154,,79
1729,4.852,,154,,79
1730,4.852,,154,,79
1731,4.864,,154,,79
1732,4.864,,155,,79
1733,4.864,,156,,79
1734,4.864,,156,,79
1735,4.875,,157,,79
1736,4.875,,156,,79
1737,4.875,,156,,79
1738,4.884,,156,,79
1739,4.884,,155,,78
1740,4.884,,156,,78
1741,4.893,,157,,78
1742,4.893,,157,,78
1743,4.893,,158,,78
1744,4.902,,158,,78
1745,4.902,,157,,77
1746,4.902,,158,,77
1747,4.912,,158,,77
1748,4.912,,158,,77
1749,4.912,,159,,77
1750,4.921,,159,,77
1751,4.921,,161,,77
1752,4.921,,159,,77
1753,4.93,,159,,77
1754,4.93,,158,,78
1755,4.93,,159,,78
1756,4.94,,159,,78
1757,4.94,,160,,78
1758,4.94,,159,,78
1759,4.949,,159,,78
1760,4.949,,158,,78
1761,4.949,,158,,78
1762,4.949,,158,,78
1763,4.959,,159,,78
1764,4.959,,159,,78
1765,4.959,,160,,78
1766,4.97,,159,,78
1767,4.97,,159,,78
1768,4.97,,159,,78
1769,4.981,,160,,78
1770,4.981,,160,,78
1771,4.981,,161,,78
1772,4.981,,161,,78
1968,4.981,,125,,76
1969,4.981,,126,,75
1970,4.993,,127,,75
1971,4.993,,127,,74
1972,4.993,,129,,75
1973,5.004,,129,,75
1974,5.004,,130,,74
1975,5.004,,131,,74
1976,5.004,,131,,75
1977,5.018,,133,,75
1978,5.018,,134,,75
1979,5.024,,134,,75
1980,5.024,,136,,75
1981,5.024,,136,,75
1982,5.034,,137,,75
1983,5.034,,138,,75
1984,5.034,,141,,76
1985,5.043,,141,,76
1986,5.043,,142,,76
1987,5.043,,143,,76
1988,5.052,,145,,76
1989,5.052,,147,,77
1990,5.052,,148,,77
1991,5.06,,148,,77
1992,5.06,,149,,78
1993,5.06,,150,,78
1994,5.06,,150,,78
1995,5.071,,151,,79
1996,5.071,,151,,79
1997,5.071,,152,,79
1998,5.079,,152,,79
1999,5.079,,152,,79
2000,5.079,,153,,79
2001,5.088,,153,,80
2002,5.088,,154,,80
2003,5.088,,154,,80
2004,5.096,,155,,80
2005,5.096,,154,,80
2006,5.096,,155,,80
2007,5.096,,154,,80
2008,5.107,,154,,80
2009,5.107,,155,,80
2010,5.107,,155,,81
2011,5.107,,156,,81
2012,5.119,,157,,81
2013,5.119,,157,,81
2014,5.119,,157,,82
2015,5.119,,159,,82
2016,5.13,,160,,83
2017,5.13,,161,,83
2018,5.13,,160,,83
2019,5.13,,161,,83
2020,5.142,,161,,83
2021,5.142,,162,,83
2022,5.142,,162,,83
2023,5.142,,163,,83
2024,5.155,,162,,83
2025,5.155,,162,,83
2026,5.155,,162,,83
2027,5.155,,162,,84
2028,5.167,,163,,84
2029,5.167,,163,,84
2030,5.167,,163,,85
2031,5.176,,162,,85
2032,5.176,,163,,85
2033,5.176,,163,,85
2034,5.186,,163,,85
2035,5.186,,164,,85
2036,5.186,,163,,85
2037,5.195,,164,,85
2038,5.195,,164,,85
2039,5.195,,164,,86
2040,5.204,,163,,85
2041,5.204,,163,,85
2042,5.204,,163,,85
2043,5.212,,163,,85
2044,5.212,,162,,85
2045,5.212,,162,,85
2046,5.212,,161,,85
2047,5.224,,161,,85
2048,5.224,,161,,85
2049,5.224,,161,,85
2050,5.224,,161,,85
2051,5.235,,160,,85
2052,5.235,,159,,85
2053,5.235,,159,,85
2054,5.244,,159,,85
2055,5.244,,159,,85
2056,5.244,,160,,85
2057,5.253,,160,,85
2058,5.253,,160,,85
2059,5.253,,159,,84
2060,5.262,,159,,84
2061,5.262,,159,,83
2062,5.262,,159,,82
2063,5.272,,159,,82
2064,5.272,,159,,82
2065,5.272,,158,,81
2066,5.283,,158,,81
2067,5.283,,159,,81
2068,5.283,,159,,80
2069,5.294,,160,,79
2070,5.294,,159,,79
2071,5.294,,158,,79
2072,5.305,,158,,78
2073,5.305,,157,,78
2074,5.305,,157,,78
2075,5.315,,157,,78
2076,5.315,,158,,78
2077,5.315,,158,,78
2078,5.315,,157,,78
2079,5.329,,156,,77
2080,5.329,,156,,77
2081,5.329,,156,,77
2082,5.329,,156,,77
2083,5.341,,156,,77
2084,5.341,,156,,76
2085,5.341,,156,,76
2086,5.341,,156,,76
2087,5.354,,157,,76
2088,5.354,,157,,76
2089,5.354,,157,,76
2090,5.354,,157,,76
2091,5.366,,156,,76
2092,5.366,,156,,76
2093,5.366,,156,,76
2094,5.376,,156,,76
2095,5.376,,156,,76
2096,5.376,,156,,76
2097,5.376,,157,,76
2098,5.388,,157,,76
2099,5.388,,158,,76
2100,5.388,,158,,76
2101,5.388,,158,,76
2102,5.4,,158,,76
2103,5.4,,157,,76
2104,5.4,,157,,76
2105,5.4,,156,,76
2106,5.412,,157,,76
2107,5.412,,158,,76
2108,5.412,,158,,77
2109,5.412,,158,,77
2110,5.423,,157,,77
2111,5.423,,157,,77
2112,5.423,,157,,77
2113,5.423,,157,,77
2114,5.435,,158,,76
2115,5.435,,157,,77
2116,5.435,,158,,77
2117,5.435,,159,,76
2118,5.447,,158,,76
2119,5.447,,157,,77
2120,5.447,,157,,77
2121,5.447,,158,,77
2122,5.459,,157,,77
2123,5.459,,158,,77
2124,5.459,,158,,77
2125,5.459,,159,,77
2126,5.471,,160,,77
2127,5.471,,159,,76
2128,5.471,,158,,76
2129,5.471,,158,,76
2130,5.482,,158,,77
2131,5.482,,158,,77
2132,5.482,,158,,77
2133,5.482,,159,,76
2134,5.494,,160,,76
2135,5.494,,161,,76
2136,5.494,,161,,77
2137,5.494,,160,,77
2138,5.507,,160,,77
2139,5.507,,160,,77
2140,5.507,,161,,77
2141,5.507,,161,,77
2142,5.518,,161,,77
2143,5.518,,161,,77
2144,5.518,,161,,77
2145,5.518,,160,,77
2146,5.532,,161,,77
2147,5.532,,161,,78
2148,5.532,,162,,78
2149,5.532,,160,,78
2150,5.545,,160,,78
2151,5.545,,160,,78
2152,5.545,,160,,78
2153,5.545,,160,,78
2154,5.557,,160,,78
2155,5.557,,160,,78
2156,5.557,,160,,78
2157,5.557,,160,,78
2158,5.569,,160,,78
2159,5.569,,160,,78
2160,5.569,,160,,78
2161,5.569,,161,,78
2162,5.58,,160,,78
2163,5.58,,159,,78
2164,5.58,,159,,78
2165,5.58,,159,,78
2166,5.593,,159,,78
2167,5.593,,160,,78
2168,5.593,,160,,78
2169,5.593,,161,,78
2170,5.605,,160,,78
2171,5.605,,160,,78
2172,5.605,,160,,78
2173,5.605,,160,,78
2174,5.617,,160,,78
2175,5.617,,161,,78
2176,5.617,,161,,77
2177,5.626,,161,,77
2178,5.626,,160,,77
2179,5.626,,159,,77
2180,5.635,,159,,77
2181,5.635,,160,,77
2182,5.635,,160,,77
2183,5.644,,160,,76
2184,5.644,,160,,76
2185,5.644,,160,,76
2186,5.653,,159,,76
2187,5.653,,159,,76
2188,5.653,,159,,76
2189,5.663,,160,,76
2190,5.663,,161,,76
2191,5.663,,160,,76
2192,5.672,,159,,76
2193,5.672,,159,,76
2194,5.672,,159,,76
2195,5.681,,159,,76
2196,5.681,,160,,76
2197,5.681,,160,,76
2198,5.69,,160,,76
2199,5.69,,160,,76
2200,5.696,,160,,76
2201,5.696,,160,,76
2202,5.702,,159,,76
2203,5.702,,160,,76
2204,5.709,,161,,76
2205,5.709,,161,,77
2206,5.715,,160,,76
2207,5.715,,161,,76
2208,5.715,,161,,76
2209,5.724,,161,,76
2210,5.724,,161,,76
2211,5.724,,162,,76
2212,5.724,,162,,76
2213,5.735,,161,,76
2214,5.735,,161,,76
2215,5.735,,162,,76
2216,5.744,,162,,76
2217,5.744,,163,,76
2218,5.744,,162,,76
2219,5.753,,162,,76
2220,5.753,,161,,76
2221,5.753,,162,,76
2222,5.762,,162,,76
2223,5.762,,163,,76
2224,5.762,,163,,75
2225,5.773,,162,,75
2226,5.773,,163,,75
2227,5.773,,162,,75
2228,5.783,,163,,75
2229,5.783,,163,,75
2230,5.783,,162,,75
2231,5.783,,162,,75
2232,5.795,,162,,75
2233,5.795,,162,,75
2234,5.795,,162,,75
2235,5.795,,162,,75
2236,5.808,,161,,76
2237,5.808,,161,,76
2238,5.808,,161,,77
2239,5.808,,162,,77
2240,5.819,,162,,77
2241,5.819,,161,,77
2242,5.819,,162,,77
2243,5.819,,162,,77
2244,5.831,,163,,77
2245,5.831,,162,,77
2246,5.831,,162,,76
2247,5.831,,162,,76
2248,5.844,,162,,76
2249,5.844,,164,,76
2250,5.844,,163,,75
2251,5.844,,162,,75
2252,5.856,,162,,75
2253,5.856,,162,,74
2254,5.856,,163,,74
2255,5.856,,163,,74
2256,5.87,,162,,74
2257,5.87,,162,,74
2258,5.87,,163,,75
2259,5.88,,163,,75
2260,5.88,,163,,75
2261,5.88,,162,,75
2262,5.88,,162,,75
2263,5.892,,163,,76
2264,5.892,,163,,76
2265,5.892,,163,,76
2266,5.902,,162,,76
2267,5.902,,163,,76
2268,5.902,,163,,76
2269,5.912,,163,,76
2270,5.912,,162,,76
2271,5.912,,163,,76
2272,5.921,,164,,76
2273,5.921,,163,,76
2274,5.921,,163,,77
2275,5.929,,163,,76
2276,5.929,,163,,76
2277,5.929,,164,,76
2278,5.938,,163,,76
2279,5.938,,164,,76
2280,5.938,,164,,77
2281,5.946,,164,,77
2282,5.946,,165,,77
2283,5.946,,165,,77
2284,5.955,,164,,76
2285,5.955,,164,,76
2286,5.955,,0,,0
2412,5.955,,127,,76
2413,5.955,,128,,76
2414,5.966,,131,,75
2415,5.966,,132,,74
2416,5.974,,134,,74
2417,5.974,,134,,75
2418,5.974,,135,,75
2419,5.985,,137,,75
2420,5.985,,138,,75
2421,5.985,,138,,74
2422,5.995,,139,,75
2423,5.995,,140,,75
2424,5.995,,141,,75
2425,6.004,,141,,75
2426,6.004,,141,,75
2427,6.004,,142,,75
2428,6.014,,142,,75
2429,6.014,,142,,74
2430,6.014,,143,,74
2431,6.024,,143,,74
2432,6.024,,142,,74
2433,6.024,,142,,74
2434,6.034,,143,,74
2435,6.034,,143,,74
2436,6.034,,144,,75
2437,6.045,,143,,75
2438,6.045,,142,,75
2439,6.045,,142,,75
2440,6.054,,140,,75
2441,6.054,,139,,75
2442,6.054,,139,,75
2443,6.054,,137,,75
2444,6.066,,137,,75
2445,6.066,,138,,75
2446,6.066,,141,,75
2447,6.066,,142,,75
2448,6.078,,143,,75
2449,6.078,,144,,75
2450,6.078,,145,,75
2451,6.078,,146,,75
2452,6.09,,147,,75
2453,6.09,,148,,75
2454,6.09,,150,,75
2455,6.09,,151,,75
2456,6.101,,151,,75
2457,6.101,,153,,75
2458,6.101,,153,,75
2459,6.11,,154,,75
2460,6.11,,156,,75
2461,6.11,,156,,75
2462,6.11,,157,,75
2463,6.122,,158,,75
2464,6.122,,158,,75
2465,6.122,,158,,76
2466,6.131,,158,,76
2467,6.131,,158,,76
2468,6.131,,157,,76
2469,6.14,,158,,76
2470,6.14,,158,,76
2471,6.14,,158,,76
2472,6.14,,158,,76
2473,6.152,,160,,76
2474,6.152,,159,,76
2475,6.152,,159,,76
2476,6.152,,158,,76
2477,6.165,,159,,76
2478,6.165,,159,,76
2479,6.165,,159,,76
2480,6.174,,160,,76
2481,6.174,,161,,75
2482,6.174,,160,,75
2483,6.183,,160,,75
2484,6.183,,159,,75
2485,6.183,,159,,75
2486,6.191,,159,,76
2487,6.191,,159,,76
2488,6.191,,160,,76
2489,6.191,,159,,76
2490,6.202,,160,,76
2491,6.202,,159,,76
2492,6.202,,159,,76
2493,6.202,,159,,76
2494,6.213,,159,,76
2495,6.213,,159,,76
2496,6.213,,160,,77
2497,6.213,,160,,77
2498,6.223,,160,,77
2499,6.223,,160,,77
2500,6.223,,160,,77
2501,6.223,,161,,78
2502,6.234,,160,,78
2503,6.234,,160,,78
2504,6.234,,161,,78
2505,6.234,,161,,79
2506,6.245,,161,,79
2507,6.245,,162,,79
2508,6.245,,162,,79
2509,6.254,,162,,79
2510,6.254,,162,,79
2511,6.254,,162,,79
2512,6.264,,163,,79
2513,6.264,,163,,80
2514,6.264,,163,,80
2515,6.273,,163,,80
2516,6.273,,164,,80
2517,6.273,,164,,80
2518,6.273,,163,,80
2519,6.285,,164,,81
2520,6.285,,163,,82
2521,6.285,,164,,82
2522,6.295,,163,,82
2523,6.295,,163,,82
2524,6.295,,163,,82
2525,6.304,,164,,82
2526,6.304,,164,,83
2527,6.304,,164,,83
2528,6.312,,164,,83
2529,6.312,,165,,82
2530,6.312,,164,,82
2531,6.32,,163,,82
2532,6.32,,163,,83
2533,6.32,,163,,84
2534,6.329,,162,,84
2535,6.329,,163,,84
2536,6.329,,162,,85
2537,6.339,,162,,85
2538,6.339,,162,,85
2539,6.339,,162,,85
2540,6.348,,163,,86
2541,6.348,,162,,86
2542,6.348,,162,,86
2543,6.357,,162,,86
2544,6.357,,163,,86
2545,6.357,,162,,86
2546,6.357,,162,,86
2547,6.369,,162,,87
2548,6.369,,163,,88
2549,6.369,,163,,88
2550,6.369,,162,,88
2551,6.382,,163,,89
2552,6.382,,162,,90
2553,6.382,,162,,90
2554,6.382,,164,,91
2555,6.395,,163,,91
2556,6.395,,164,,90
2557,6.395,,162,,90
2558,6.405,,162,,90
2559,6.405,,163,,90
2560,6.405,,163,,89
2561,6.413,,163,,89
2562,6.413,,162,,88
2563,6.413,,162,,88
2564,6.413,,164,,88
2565,6.424,,162,,88
2566,6.424,,162,,88
2567,6.424,,161,,88
2568,6.424,,161,,88
2569,6.437,,163,,88
2570,6.437,,161,,87
2571,6.437,,161,,87
2572,6.437,,161,,87
2573,6.448,,161,,87
2574,6.448,,161,,87
2575,6.448,,162,,88
2576,6.448,,162,,89
2577,6.462,,161,,89
2578,6.462,,161,,90
2579,6.462,,162,,90
2580,6.462,,163,,90
2581,6.473,,163,,90
2582,6.473,,163,,90
2583,6.473,,163,,90
2584,6.473,,162,,90
2585,6.485,,163,,89
2586,6.485,,163,,89
2587,6.485,,163,,89
2588,6.485,,163,,89
2589,6.485,,163,,88
2590,6.498,,163,,88
2591,6.498,,163,,88
2592,6.498,,163,,88
2593,6.498,,162,,87
2594,6.509,,163,,87
2595,6.509,,163,,87
2596,6.509,,162,,87
2597,6.509,,162,,87
2598,6.52,,163,,86
2599,6.52,,163,,86
2600,6.52,,163,,85
2601,6.529,,163,,85
2602,6.529,,163,,85
2603,6.529,,163,,85
2604,6.529,,163,,85
2605,6.541,,163,,85
2606,6.541,,164,,85
2607,6.541,,164,,85
2608,6.541,,164,,85
2609,6.552,,164,,85
2610,6.552,,166,,85
2611,6.552,,165,,84
2612,6.552,,164,,84
2613,6.563,,164,,83
2614,6.563,,165,,83
2615,6.563,,165,,83
2616,6.563,,165,,83
2617,6.574,,165,,83
2618,6.574,,165,,83
2619,6.574,,165,,83
2620,6.583,,165,,83
2621,6.583,,164,,83
2622,6.583,,164,,83
2623,6.592,,164,,83
2624,6.592,,164,,83
2625,6.592,,164,,83
2626,6.601,,163,,83
2627,6.601,,163,,83
2628,6.601,,163,,83
2629,6.609,,163,,83
2630,6.609,,163,,83
2631,6.609,,164,,83
2632,6.618,,163,,82
2633,6.618,,163,,82
2634,6.618,,163,,82
2635,6.627,,163,,82
2636,6.627,,164,,81
2637,6.627,,163,,81
2638,6.627,,162,,81
2639,6.638,,162,,81
2640,6.638,,162,,81
2641,6.638,,162,,81
2642,6.638,,162,,81
2643,6.651,,161,,81
2644,6.651,,161,,81
2645,6.651,,162,,81
2646,6.661,,162,,81
2647,6.661,,161,,81
2648,6.661,,162,,81
2649,6.67,,162,,80
2650,6.67,,162,,80
2651,6.67,,162,,80
2652,6.67,,162,,80
2653,6.681,,161,,80
2654,6.681,,161,,80
2655,6.681,,161,,80
2656,6.681,,161,,80
2657,6.693,,161,,80
2658,6.693,,160,,80
2659,6.693,,160,,80
2660,6.693,,160,,80
2661,6.705,,160,,80
2662,6.705,,160,,80
2663,6.705,,160,,80
2664,6.716,,159,,80
2665,6.716,,159,,80
2666,6.716,,159,,79
2667,6.726,,160,,79
2668,6.726,,160,,79
2669,6.726,,160,,79
2670,6.735,,160,,79
2671,6.735,,160,,79
2672,6.735,,159,,79
2673,6.745,,159,,79
2674,6.745,,160,,79
2675,6.745,,161,,79
2676,6.755,,160,,79
2677,6.755,,159,,79
2678,6.762,,160,,79
2679,6.762,,159,,79
2680,6.762,,159,,79
2681,6.771,,160,,79
2682,6.771,,161,,79
2683,6.771,,160,,79
2684,6.779,,160,,78
2685,6.779,,160,,78
2686,6.779,,159,,79
2687,6.788,,160,,79
2688,6.788,,161,,79
2689,6.788,,161,,79
2690,6.796,,161,,79
2691,6.796,,161,,79
2692,6.796,,161,,79
2693,6.803,,161,,79
2694,6.803,,161,,79
2695,6.803,,161,,80
2696,6.803,,160,,80
2697,6.815,,160,,80
2698,6.815,,160,,80
2699,6.815,,161,,80
2700,6.815,,160,,80
2701,6.827,,160,,80
2702,6.827,,159,,80
2703,6.827,,160,,80
2704,6.827,,160,,80
2705,6.827,,161,,80
2706,6.84,,160,,80
2707,6.84,,160,,79
2708,6.84,,159,,79
2709,6.849,,159,,79
2710,6.849,,159,,78
2711,6.849,,160,,78
2712,6.859,,161,,78
2713,6.859,,160,,78
2714,6.859,,160,,78
2715,6.868,,160,,78
2716,6.868,,160,,78
2717,6.868,,160,,78
2718,6.877,,160,,78
2719,6.877,,161,,78
2720,6.877,,161,,78
2721,6.886,,160,,78
2722,6.886,,160,,78
2723,6.886,,160,,77
2724,6.895,,161,,77
2725,6.895,,161,,77
2726,6.895,,162,,77
2727,6.903,,162,,77
2728,6.903,,162,,77
2729,6.903,,162,,76
2730,6.912,,162,,76
2731,6.912,,163,,76
2732,6.919,,165,,76
2733,6.919,,164,,76
2734,6.926,,163,,76
2735,6.926,,163,,76
2736,6.932,,164,,76
2737,6.932,,164,,76
2738,6.938,,164,,75
2739,6.938,,163,,75
2740,6.944,,163,,75
2741,6.944,,164,,75
2742,6.95,,165,,75
2743,6.95,,163,,75
2744,6.956,,163,,75
2745,6.956,,165,,76
2746,6.963,,164,,76
2747,6.963,,164,,77
2748,6.969,,164,,77
2749,6.969,,164,,77
2750,6.976,,164,,77
2751,6.976,,163,,77
2752,6.981,,163,,77
2753,6.981,,164,,77
2754,6.987,,163,,77
2755,6.987,,163,,77
2756,6.993,,164,,77
2757,6.993,,164,,77
2758,6.998,,164,,77
2759,6.998,,164,,77
2760,7.004,,164,,76
2761,7.004,,164,,76
2762,7.01,,164,,76
2763,7.01,,164,,76
2764,7.016,,164,,76
2765,7.016,,164,,76
2766,7.023,,165,,76
2767,7.023,,164,,76
2768,7.029,,164,,76
2769,7.029,,164,,76
2770,7.035,,164,,77
2771,7.035,,164,,76
2772,7.041,,165,,77
2773,7.041,,164,,77
2774,7.041,,163,,77
2775,7.051,,165,,77
2776,7.051,,164,,77
2777,7.051,,164,,77
2778,7.059,,164,,77
2779,7.059,,165,,77
2780,7.059,,165,,77
2781,7.068,,164,,77
2782,7.068,,165,,77
2783,7.068,,165,,77
2784,7.068,,166,,77
2785,7.08,,166,,77
2786,7.08,,166,,77
2787,7.08,,166,,77
2788,7.08,,167,,77
2789,7.092,,168,,77
2790,7.092,,167,,77
2791,7.092,,167,,77
2792,7.092,,169,,76
2793,7.105,,168,,76
2794,7.105,,167,,76
2795,7.105,,168,,77
2796,7.116,,167,,77
2797,7.116,,167,,77
2798,7.116,,167,,77
2799,7.127,,167,,77
2800,7.127,,167,,77
2801,7.127,,165,,77
2802,7.127,,166,,76
2803,7.139,,167,,77
2804,7.139,,167,,77
2805,7.139,,167,,76
2806,7.139,,165,,76
2807,7.152,,166,,76
2808,7.152,,167,,76
2809,7.152,,167,,76
2810,7.152,,166,,76
2811,7.163,,167,,76
2812,7.163,,167,,76
2813,7.163,,166,,76
2814,7.163,,167,,76
2815,7.175,,166,,76
2816,7.175,,166,,76
2817,7.175,,166,,76
2818,7.175,,166,,76
2819,7.187,,167,,76
2820,7.187,,165,,76
2821,7.187,,165,,76
2822,7.187,,166,,76
2823,7.199,,166,,76
2824,7.199,,165,,76
2825,7.199,,165,,76
2826,7.199,,165,,76
2827,7.211,,166,,76
2828,7.211,,165,,76
2829,7.211,,164,,76
2830,7.211,,165,,76
2831,7.223,,165,,76
2832,7.223,,164,,77
2833,7.223,,164,,77
2834,7.223,,164,,77
2835,7.235,,165,,77
2836,7.235,,164,,77
2837,7.235,,164,,77
2838,7.235,,165,,77
2839,7.247,,165,,77
2840,7.247,,165,,77
2841,7.247,,165,,77
2842,7.247,,165,,77
2843,7.257,,166,,77
2844,7.257,,166,,77
2845,7.257,,166,,77
2846,7.257,,166,,77
2847,7.269,,166,,77
2848,7.269,,166,,77
2849,7.269,,166,,77
2850,7.269,,167,,77
2851,7.282,,166,,77
2852,7.282,,166,,77
2853,7.282,,167,,77
2854,7.282,,166,,77
2855,7.294,,166,,77
2856,7.294,,166,,77
2857,7.294,,165,,77
2858,7.294,,166,,77
2859,7.294,,166,,77
2955,7.294,,113,,73
2956,7.294,,115,,73
2957,7.294,,118,,73
2958,7.306,,121,,73
2959,7.306,,123,,73
2960,7.306,,130,,73
2961,7.317,,131,,73
2962,7.317,,132,,73
2963,7.317,,134,,73
2964,7.317,,136,,73
2965,7.331,,136,,73
2966,7.331,,138,,73
2967,7.331,,139,,73
2968,7.331,,139,,73
2969,7.345,,140,,74
2970,7.345,,142,,74
2971,7.345,,142,,74
2972,7.345,,143,,74
2973,7.357,,144,,74
2974,7.357,,145,,74
2975,7.357,,146,,74
2976,7.357,,147,,75
2977,7.37,,148,,75
2978,7.37,,149,,75
2979,7.37,,149,,75
2980,7.37,,150,,75
2981,7.381,,150,,76
2982,7.381,,151,,76
2983,7.381,,151,,76
2984,7.381,,151,,76
2985,7.393,,152,,76
2986,7.393,,152,,76
2987,7.393,,152,,77
2988,7.393,,153,,76
2989,7.405,,153,,77
2990,7.405,,154,,77
2991,7.405,,153,,77
2992,7.405,,155,,77
2993,7.416,,154,,77
2994,7.416,,155,,77
2995,7.416,,156,,78
2996,7.416,,157,,78
2997,7.428,,158,,78
2998,7.428,,159,,78
2999,7.428,,159,,77
3000,7.428,,159,,77
3001,7.441,,159,,77
3002,7.441,,160,,77
3003,7.441,,160,,77
3004,7.441,,161,,77
3005,7.452,,161,,77
3006,7.452,,161,,77
3007,7.452,,161,,77
3008,7.452,,161,,77
3009,7.464,,161,,77
3010,7.464,,161,,77
3011,7.464,,161,,77
3012,7.464,,161,,77
3013,7.476,,161,,77
3014,7.476,,161,,77
3015,7.476,,162,,77
3016,7.476,,162,,77
3017,7.488,,162,,77
3018,7.488,,161,,77
3019,7.488,,162,,77
3020,7.488,,163,,77
3021,7.5,,162,,77
3022,7.5,,162,,76
3023,7.5,,162,,76
3024,7.5,,163,,76
3025,7.513,,163,,76
3026,7.513,,163,,77
3027,7.513,,162,,77
3028,7.513,,162,,77
3029,7.524,,162,,77
3030,7.524,,162,,77
3031,7.524,,162,,77
3032,7.535,,162,,77
3033,7.535,,161,,77
3034,7.535,,161,,77
3035,7.535,,162,,77
3036,7.547,,162,,77
3037,7.547,,162,,77
3038,7.547,,162,,77
3039,7.547,,161,,77
3040,7.559,,161,,77
3041,7.559,,162,,77
3042,7.559,,163,,77
3043,7.559,,162,,77
3044,7.571,,162,,77
3045,7.571,,162,,77
3046,7.571,,161,,77
3047,7.58,,161,,77
3048,7.58,,161,,77
3049,7.58,,160,,77
3050,7.58,,159,,77
3051,7.591,,159,,78
3052,7.591,,159,,77
3053,7.591,,159,,77
3054,7.591,,160,,77
3055,7.591,,159,,77
3056,7.604,,160,,77
3057,7.604,,160,,77
3058,7.604,,160,,77
3059,7.604,,160,,77
3060,7.616,,161,,77
3061,7.616,,161,,77
3062,7.616,,161,,76
3063,7.616,,161,,76
3064,7.627,,161,,76
3065,7.627,,161,,77
3066,7.627,,161,,77
3067,7.627,,162,,77
3068,7.639,,161,,77
3069,7.639,,162,,77
3070,7.639,,162,,76
3071,7.639,,162,,76
3072,7.651,,162,,77
3073,7.651,,162,,77
3074,7.651,,162,,77
3075,7.651,,162,,77
3076,7.662,,161,,76
3077,7.662,,163,,76
3078,7.662,,162,,77
3079,7.662,,162,,77
3080,7.674,,162,,77
3081,7.674,,162,,77
3082,7.674,,163,,77
3083,7.683,,163,,77
3084,7.683,,163,,77
3085,7.683,,163,,77
3086,7.683,,163,,77
3087,7.694,,163,,77
3088,7.694,,164,,77
3089,7.694,,163,,77
3090,7.694,,163,,77
3091,7.705,,164,,77
3092,7.705,,163,,77
3093,7.705,,163,,77
3094,7.705,,162,,77
3095,7.717,,162,,77
3096,7.717,,162,,77
3097,7.717,,162,,77
3098,7.717,,162,,77
3099,7.728,,161,,77
3100,7.728,,162,,77
3101,7.728,,161,,77
3102,7.728,,162,,77
3103,7.739,,162,,77
3104,7.739,,162,,78
3105,7.739,,162,,78
3106,7.739,,162,,77
3107,7.751,,163,,78
3108,7.751,,162,,78
3109,7.751,,162,,78
3110,7.751,,162,,78
3111,7.763,,162,,78
3112,7.763,,163,,78
3113,7.763,,162,,78
3114,7.763,,162,,78
3115,7.775,,162,,78
3116,7.775,,161,,78
3117,7.775,,162,,78
3118,7.775,,161,,79
3119,7.786,,160,,78
3120,7.786,,160,,78
3121,7.786,,161,,78
3122,7.786,,162,,78
3123,7.798,,162,,79
3124,7.798,,162,,79
3125,7.798,,161,,79
3126,7.798,,161,,79
3127,7.809,,161,,79
3128,7.809,,162,,79
3129,7.809,,162,,79
3130,7.809,,162,,80
3131,7.821,,162,,80
3132,7.821,,161,,80
3133,7.821,,162,,80
3134,7.821,,162,,80
3135,7.832,,162,,80
3136,7.832,,162,,80
3137,7.832,,163,,80
3138,7.832,,163,,80
3139,7.844,,163,,79
3140,7.844,,163,,79
3141,7.844,,163,,79
3142,7.844,,163,,79
3143,7.856,,163,,79
3144,7.856,,163,,79
3145,7.856,,163,,79
3146,7.856,,164,,79
3147,7.868,,163,,79
3148,7.868,,163,,79
3149,7.868,,162,,79
3150,7.868,,163,,79
3151,7.88,,163,,79
3152,7.88,,163,,79
3153,7.88,,163,,79
3154,7.88,,163,,79
3155,7.892,,162,,79
3156,7.892,,163,,79
3157,7.892,,163,,79
3158,7.892,,162,,79
3159,7.904,,162,,79
3160,7.904,,162,,79
3161,7.904,,162,,79
3162,7.904,,163,,79
3163,7.916,,162,,79
3164,7.916,,162,,79
3165,7.916,,162,,78
3166,7.916,,162,,78
3167,7.916,,163,,78
3168,7.93,,162,,78
3169,7.93,,162,,78
3170,7.93,,162,,78
3171,7.93,,162,,78
3172,7.941,,161,,78
3173,7.941,,161,,78
3174,7.941,,161,,78
3175,7.941,,162,,77
3176,7.952,,162,,77
3177,7.952,,161,,77
3178,7.952,,161,,77
3179,7.961,,162,,77
3180,7.961,,161,,77
3181,7.961,,162,,77
3182,7.961,,161,,77
3183,7.971,,161,,77
3184,7.971,,162,,77
3185,7.971,,162,,77
3186,7.971,,162,,77
3187,7.971,,162,,76
3188,7.984,,162,,76
3189,7.984,,162,,77
3190,7.984,,162,,77
3191,7.984,,162,,77
3192,7.995,,161,,77
3193,7.995,,160,,77
3194,7.995,,160,,77
3195,7.995,,160,,77
3196,7.995,,159,,77
3197,8.008,,158,,77
3198,8.008,,156,,77
3199,8.008,,155,,77
3200,8.008,,155,,77
3201,8.02,,153,,77
3202,8.02,,152,,77
3203,8.02,,151,,77
3204,8.02,,151,,77
3205,8.031,,153,,77
3206,8.031,,154,,77
3207,8.031,,155,,77
3208,8.04,,157,,77
3209,8.04,,157,,77
3210,8.04,,158,,77
3211,8.049,,159,,77
3212,8.049,,159,,77
3213,8.049,,160,,77
3214,8.058,,160,,77
3215,8.058,,162,,77
3216,8.064,,162,,78
3217,8.064,,162,,77
3218,8.07,,162,,77
3219,8.07,,163,,77
3220,8.075,,164,,77
3221,8.075,,164,,77
3222,8.082,,164,,77
3223,8.082,,164,,76
3224,8.088,,163,,76
3225,8.091,,164,,76
3226,8.091,,164,,76
3227,8.096,,164,,76
3228,8.096,,163,,76
3229,8.102,,164,,76
3230,8.102,,163,,76
3231,8.108,,163,,76
3232,8.111,,164,,76
3233,8.111,,163,,76
3234,8.117,,163,,76
3235,8.117,,164,,77
3236,8.123,,163,,77
3237,8.126,,163,,77
3238,8.129,,163,,77
3239,8.129,,163,,77
3240,8.134,,164,,77
3241,8.134,,163,,77
3242,8.14,,163,,77
3243,8.143,,163,,77
3244,8.146,,163,,77
3245,8.149,,162,,77
3246,8.149,,163,,77
3247,8.149,,162,,77
3248,8.158,,161,,77
3249,8.158,,163,,77
3250,8.158,,161,,77
3251,8.168,,162,,77
3252,8.168,,161,,77
3253,8.168,,161,,78
3254,8.177,,163,,78
3255,8.177,,162,,78
3256,8.177,,162,,78
3257,8.186,,161,,78
3258,8.186,,162,,78
3259,8.186,,162,,78
3260,8.186,,163,,78
3261,8.199,,163,,77
3262,8.199,,162,,77
3263,8.199,,162,,77
3264,8.199,,163,,77
3265,8.211,,163,,77
3266,8.211,,163,,77
3267,8.211,,163,,77
3268,8.211,,163,,77
3269,8.223,,164,,77
3270,8.223,,164,,77
3271,8.223,,163,,77
3272,8.223,,164,,77
3273,8.234,,164,,77
3274,8.234,,165,,77
3275,8.234,,165,,77
3276,8.234,,165,,77
3277,8.246,,166,,77
3278,8.246,,166,,78
3279,8.246,,165,,77
3280,8.246,,166,,78
3281,8.257,,167,,77
3282,8.257,,166,,77
3283,8.257,,166,,77
3284,8.257,,167,,77
3285,8.269,,167,,77
3286,8.269,,166,,77
3287,8.275,,167,,77
3288,8.275,,167,,78
3289,8.275,,167,,77
3290,8.285,,166,,77
3291,8.285,,167,,77
3292,8.285,,168,,77
3293,8.285,,167,,78
3294,8.298,,167,,78
3295,8.298,,168,,78
3296,8.298,,167,,78
3297,8.298,,167,,78
3298,8.31,,168,,78
3299,8.31,,167,,78
3300,8.31,,167,,78
3301,8.319,,167,,78
3302,8.319,,167,,78
3303,8.319,,167,,78
3304,8.329,,166,,78
3305,8.329,,166,,78
3306,8.329,,166,,78
3307,8.339,,166,,78
3308,8.339,,166,,78
3309,8.339,,166,,78
3310,8.348,,167,,79
3311,8.348,,166,,79
3312,8.348,,166,,79
3313,8.358,,166,,79
3314,8.358,,166,,78
3315,8.358,,166,,78
3316,8.367,,166,,78
3317,8.367,,166,,78
3318,8.367,,166,,78
3319,8.367,,166,,78
3320,8.367,,166,,78
3321,8.367,,167,,77
3322,8.367,,167,,77
3323,8.367,,166,,77
3324,8.378,,167,,77
3325,8.378,,167,,77
3326,8.378,,167,,77
3327,8.389,,167,,77
3328,8.389,,166,,77
3329,8.389,,168,,78
3330,8.4,,167,,78
3331,8.4,,166,,78
3332,8.4,,167,,78
3333,8.409,,167,,78
3334,8.409,,166,,78
3335,8.409,,167,,78
3336,8.419,,167,,78
3337,8.419,,167,,79
3338,8.419,,166,,79
3339,8.429,,168,,79
3340,8.429,,167,,79
3341,8.429,,167,,79
3342,8.438,,168,,79
3343,8.438,,167,,79
3344,8.438,,167,,80
3345,8.448,,166,,80
3346,8.448,,167,,80
3347,8.448,,167,,80
3348,8.457,,166,,80
3349,8.457,,166,,80
3350,8.457,,167,,80
3351,8.466,,166,,80
3352,8.466,,166,,80
3353,8.466,,166,,80
3354,8.466,,166,,81
3355,8.477,,166,,81
3356,8.477,,166,,81
3357,8.477,,166,,81
3358,8.477,,166,,81
3359,8.489,,166,,81
3360,8.489,,166,,81
3361,8.489,,167,,80
3362,8.498,,167,,81
3363,8.498,,167,,80
3364,8.498,,167,,80
3365,8.507,,167,,81
3366,8.507,,168,,80
3367,8.507,,167,,80
3368,8.507,,167,,81
3369,8.519,,167,,81
3370,8.519,,167,,80
3371,8.519,,167,,81
3372,8.528,,167,,81
3373,8.528,,168,,81
3374,8.528,,167,,81
3375,8.538,,167,,81
3376,8.538,,168,,81
3377,8.538,,167,,81
3378,8.546,,167,,81
3379,8.546,,168,,81
3380,8.554,,168,,79
3381,8.554,,167,,79
3382,8.554,,168,,79
3383,8.562,,168,,79
3384,8.562,,167,,78
3385,8.562,,166,,78
3386,8.571,,168,,78
3387,8.571,,168,,77
3388,8.571,,167,,77
3389,8.581,,167,,77
3390,8.581,,167,,77
3391,8.581,,168,,77
3392,8.591,,167,,77
3393,8.591,,167,,78
3394,8.591,,168,,78
3395,8.6,,167,,77
3396,8.6,,167,,77
3397,8.6,,168,,77
3398,8.608,,168,,78
3399,8.608,,167,,78
3400,8.608,,168,,78
3401,8.618,,168,,78
3402,8.618,,167,,78
3403,8.618,,167,,78
3404,8.618,,168,,78
3405,8.628,,167,,78
3406,8.628,,167,,78
3407,8.628,,168,,78
3408,8.628,,167,,78
3409,8.639,,167,,78
3410,8.639,,168,,78
3411,8.639,,167,,78
3412,8.649,,166,,78
3413,8.649,,166,,78
3414,8.649,,166,,78
3415,8.658,,166,,78
3416,8.658,,165,,78
3417,8.658,,165,,78
3418,8.667,,166,,78
3419,8.667,,166,,78
3420,8.667,,166,,78
3421,8.675,,166,,78
3422,8.675,,166,,78
3423,8.675,,166,,78
3424,8.684,,166,,77
3425,8.684,,166,,77
3426,8.684,,167,,77
3427,8.684,,166,,77
3428,8.696,,166,,77
3429,8.696,,166,,77
3430,8.696,,167,,77
3431,8.696,,166,,76
3432,8.707,,166,,76
3433,8.707,,167,,76
3434,8.707,,166,,76
3435,8.715,,166,,76
3436,8.715,,167,,76
3437,8.715,,167,,77
3438,8.715,,166,,77
3439,8.726,,165,,77
3440,8.726,,166,,77
3441,8.726,,166,,77
3442,8.726,,165,,77
3443,8.738,,166,,77
3444,8.738,,166,,77
3445,8.738,,165,,77
3446,8.749,,165,,77
3447,8.749,,166,,77
3448,8.749,,166,,76
3449,8.749,,165,,76
3450,8.761,,165,,76
3451,8.761,,165,,76
3452,8.761,,164,,76
3453,8.77,,164,,75
3454,8.77,,164,,75
3455,8.77,,164,,75
3456,8.778,,165,,75
3457,8.778,,164,,75
3458,8.778,,164,,75
3459,8.786,,165,,75
3460,8.786,,165,,75
3461,8.786,,165,,76
3462,8.795,,167,,76
3463,8.795,,166,,76
3464,8.795,,165,,76
3465,8.803,,166,,76
3466,8.803,,167,,76
3467,8.803,,166,,76
3468,8.811,,167,,75
3469,8.811,,167,,75
3470,8.811,,166,,75
3471,8.82,,166,,76
3472,8.82,,167,,76
3473,8.82,,167,,76
3474,8.829,,167,,76
3475,8.829,,167,,76
3476,8.829,,167,,76
3477,8.838,,167,,76
3478,8.838,,167,,76
3479,8.838,,168,,75
3480,8.848,,167,,75
3481,8.848,,167,,75
3482,8.848,,167,,75
3483,8.856,,167,,75
3484,8.856,,167,,75
3485,8.856,,166,,75
3486,8.865,,168,,75
3487,8.865,,167,,75
3488,8.865,,166,,75
3489,8.874,,167,,75
3490,8.874,,167,,75
3491,8.874,,167,,75
3492,8.874,,166,,74
3493,8.884,,167,,75
3494,8.884,,168,,75
3495,8.884,,167,,74
3496,8.893,,167,,74
3497,8.893,,167,,74
3772,8.893,,124,,77
3773,8.893,,124,,77
3774,8.893,,125,,77
3775,8.902,,130,,77
3776,8.902,,131,,77
3777,8.902,,132,,77
3778,8.911,,134,,77
3779,8.911,,134,,77
3780,8.911,,135,,76
3781,8.922,,135,,76
3782,8.922,,137,,76
3783,8.922,,137,,76
3784,8.931,,137,,77
3785,8.931,,138,,76
3786,8.931,,139,,76
3787,8.941,,140,,76
3788,8.941,,140,,77
3789,8.941,,140,,77
3790,8.951,,141,,77
3791,8.951,,142,,77
3792,8.951,,143,,77
3793,8.951,,143,,77
3794,8.965,,144,,77
3795,8.965,,144,,77
3796,8.965,,145,,77
3797,8.974,,146,,77
3798,8.974,,146,,77
3799,8.974,,147,,77
3800,8.983,,147,,76
3801,8.983,,148,,76
3802,8.983,,149,,76
3803,8.993,,148,,76
3804,8.993,,149,,76
3805,8.993,,149,,76
3806,9.002,,149,,76
3807,9.002,,149,,76
3808,9.002,,150,,76
3809,9.011,,150,,76
3810,9.011,,150,,76
3811,9.011,,150,,76
3812,9.02,,150,,76
3813,9.02,,151,,76
3814,9.02,,151,,76
3815,9.029,,152,,76
3816,9.029,,153,,76
3817,9.029,,154,,76
3818,9.038,,154,,76
3819,9.038,,154,,75
3820,9.038,,156,,75
3821,9.046,,155,,75
3822,9.046,,155,,75
3823,9.046,,155,,75
3824,9.055,,155,,75
3825,9.055,,155,,75
3826,9.055,,155,,75
3827,9.064,,155,,75
3828,9.064,,155,,74
3829,9.064,,155,,74
3830,9.064,,156,,74
3831,9.075,,156,,74
3832,9.075,,157,,75
3833,9.075,,158,,75
3834,9.075,,157,,75
3835,9.086,,157,,75
3836,9.086,,157,,75
3837,9.086,,157,,75
3838,9.086,,156,,75
3839,9.097,,156,,75
3840,9.097,,156,,75
3841,9.097,,156,,74
3842,9.097,,157,,75
3843,9.109,,157,,75
3844,9.109,,158,,75
3845,9.109,,157,,76
3846,9.109,,156,,76
3847,9.121,,157,,76
3848,9.121,,157,,76
3849,9.121,,156,,77
3850,9.121,,156,,77
3851,9.132,,157,,77
3852,9.132,,157,,77
3853,9.132,,158,,77
3854,9.132,,158,,78
3855,9.143,,158,,78
3856,9.143,,157,,78
3857,9.143,,157,,78
3858,9.143,,157,,78
3859,9.155,,157,,78
3860,9.155,,157,,78
3861,9.155,,157,,79
3862,9.155,,157,,79
3863,9.166,,157,,79
3864,9.166,,156,,79
3865,9.166,,156,,79
3866,9.175,,155,,79
3867,9.175,,154,,79
3868,9.175,,154,,79
3869,9.183,,154,,79
3870,9.183,,154,,79
3871,9.183,,154,,79
3872,9.192,,154,,80
3873,9.192,,154,,80
3874,9.192,,154,,80
3875,9.201,,156,,79
3876,9.201,,156,,79
3877,9.201,,156,,79
3878,9.21,,154,,79
3879,9.21,,156,,79
3880,9.21,,156,,79
3881,9.219,,155,,79
3882,9.219,,155,,78
3883,9.225,,154,,78
3884,9.225,,155,,78
3885,9.231,,154,,78
3886,9.231,,154,,78
3887,9.237,,155,,78
3888,9.237,,155,,79
3889,9.237,,155,,79
3890,9.246,,156,,79
3891,9.246,,157,,79
3892,9.246,,157,,79
3893,9.255,,156,,79
3894,9.255,,157,,79
3895,9.255,,156,,79
3896,9.263,,156,,79
3897,9.263,,156,,79
3898,9.263,,156,,79
3899,9.271,,156,,79
3900,9.271,,157,,79
3901,9.271,,158,,79
3902,9.28,,158,,79
3903,9.28,,158,,79
3904,9.28,,157,,79
3905,9.289,,157,,79
3906,9.289,,158,,78
3907,9.289,,158,,78
3908,9.298,,157,,78
3909,9.298,,157,,79
3910,9.304,,157,,79
3911,9.304,,157,,79
3912,9.304,,157,,79
3913,9.312,,158,,78
3914,9.312,,157,,79
3915,9.312,,157,,79
3916,9.321,,156,,79
3917,9.321,,156,,78
3918,9.327,,156,,79
3919,9.327,,156,,79
3920,9.327,,156,,79
3921,9.335,,156,,79
3922,9.335,,157,,79
3923,9.335,,157,,79
3924,9.342,,157,,79
3925,9.342,,156,,79
3926,9.342,,156,,79
3927,9.349,,156,,79
3928,9.349,,156,,79
3929,9.349,,156,,79
3930,9.358,,156,,79
3931,9.358,,157,,79
3932,9.358,,158,,78
3933,9.366,,158,,79
3934,9.366,,157,,79
3935,9.366,,158,,79
3936,9.374,,158,,79
3937,9.374,,157,,79
3938,9.374,,157,,79
3939,9.383,,157,,78
3940,9.383,,159,,78
3941,9.383,,158,,78
3942,9.392,,157,,78
3943,9.392,,157,,78
3944,9.392,,157,,78
3945,9.4,,157,,78
3946,9.4,,158,,78
3947,9.4,,158,,78
3948,9.409,,159,,78
3949,9.409,,158,,78
3950,9.409,,158,,78
3951,9.418,,158,,78
3952,9.418,,158,,78
3953,9.418,,158,,78
3954,9.427,,158,,78
3955,9.427,,159,,78
3956,9.427,,159,,78
3957,9.436,,159,,78
3958,9.436,,158,,78
3959,9.436,,158,,77
3960,9.443,,157,,77
3961,9.443,,157,,77
3962,9.443,,158,,77
3963,9.452,,157,,77
3964,9.452,,158,,77
3965,9.452,,158,,77
3966,9.461,,158,,77
3967,9.461,,158,,77
3968,9.461,,157,,77
3969,9.469,,157,,78
3970,9.469,,157,,77
3971,9.469,,157,,77
3972,9.477,,158,,77
3973,9.477,,158,,77
3974,9.477,,158,,77
3975,9.486,,157,,77
3976,9.486,,157,,77
3977,9.486,,157,,76
3978,9.494,,157,,76
3979,9.494,,157,,76
3980,9.494,,158,,76
3981,9.502,,158,,76
3982,9.502,,159,,76
3983,9.502,,158,,77
3984,9.511,,157,,76
3985,9.511,,158,,76
3986,9.511,,157,,76
3987,9.52,,157,,76
3988,9.52,,158,,76
3989,9.52,,158,,76
3990,9.528,,158,,76
3991,9.528,,158,,76
3992,9.528,,157,,76
3993,9.537,,157,,76
3994,9.537,,158,,76
3995,9.537,,158,,76
3996,9.545,,158,,76
3997,9.545,,159,,76
3998,9.545,,159,,76
3999,9.554,,158,,76
4000,9.554,,158,,76
4001,9.554,,158,,76
4002,9.563,,158,,76
4003,9.563,,158,,76
4004,9.563,,159,,76
4005,9.571,,158,,76
4006,9.571,,159,,75
4007,9.571,,158,,75
4008,9.58,,158,,75
4009,9.58,,158,,75
4010,9.58,,159,,75
4011,9.589,,159,,75
4012,9.589,,159,,75
4013,9.589,,158,,75
4014,9.598,,158,,75
4015,9.598,,158,,75
4016,9.598,,158,,75
4017,9.607,,160,,74
4018,9.607,,158,,74
4019,9.607,,159,,74
4020,9.615,,158,,74
4021,9.615,,159,,74
4022,9.615,,158,,75
4023,9.624,,158,,75
4024,9.624,,159,,75
4025,9.624,,159,,75
4026,9.632,,159,,75
4027,9.632,,159,,75
4028,9.632,,159,,75
4029,9.64,,159,,74
4030,9.64,,159,,74
4031,9.64,,159,,75
4032,9.649,,160,,74
4033,9.649,,159,,74
4034,9.649,,159,,74
4035,9.658,,158,,74
4036,9.658,,159,,74
4037,9.658,,159,,75
4038,9.667,,159,,75
4039,9.667,,159,,75
4040,9.667,,160,,75
4041,9.675,,160,,75
4042,9.675,,160,,75
4043,9.675,,160,,75
4044,9.684,,160,,75
4045,9.684,,161,,75
4046,9.684,,161,,75
4047,9.693,,161,,75
4048,9.693,,161,,75
4049,9.693,,161,,75
4050,9.701,,161,,75
4051,9.701,,162,,75
4052,9.701,,162,,75
4053,9.71,,161,,75
4054,9.71,,161,,75
4055,9.71,,161,,75
4056,9.719,,161,,75
4057,9.719,,161,,74
4058,9.719,,161,,74
4059,9.728,,160,,74
4060,9.728,,161,,74
4061,9.734,,160,,75
4062,9.734,,160,,74
4063,9.734,,159,,74
4064,9.743,,161,,74
4065,9.743,,159,,75
4066,9.743,,159,,75
4067,9.751,,158,,75
4068,9.751,,157,,75
4069,9.751,,157,,75
4070,9.76,,156,,75
4071,9.76,,155,,75
4072,9.76,,154,,75
4073,9.768,,151,,75
4074,9.768,,152,,75
4075,9.768,,151,,75
4076,9.777,,152,,76
4077,9.777,,154,,76
4078,9.777,,155,,75
4079,9.786,,156,,75
4080,9.786,,156,,75
4081,9.786,,157,,75
4082,9.794,,157,,75
4083,9.794,,159,,75
4084,9.794,,159,,75
4085,9.803,,160,,75
4086,9.803,,161,,75
4087,9.803,,162,,75
4088,9.812,,162,,75
4089,9.812,,162,,75
4090,9.812,,161,,75
4091,9.821,,162,,75
4092,9.821,,163,,75
4093,9.821,,163,,75
4094,9.83,,162,,74
4095,9.83,,162,,74
4096,9.83,,162,,74
4097,9.838,,163,,74
4098,9.838,,163,,74
4099,9.838,,162,,74
4100,9.847,,161,,74
4101,9.847,,162,,74
4102,9.847,,162,,74
4103,9.856,,162,,74
4104,9.856,,162,,74
4105,9.856,,161,,75
4106,9.864,,161,,75
4107,9.864,,161,,75
4108,9.864,,162,,75
4109,9.874,,161,,75
4110,9.874,,162,,75
4111,9.874,,162,,76
4112,9.882,,162,,76
4113,9.882,,163,,76
4114,9.882,,163,,76
4115,9.891,,163,,76
4116,9.891,,162,,76
4117,9.891,,162,,76
4118,9.899,,164,,76
4119,9.899,,163,,76
4120,9.899,,163,,75
4121,9.908,,162,,75
4122,9.908,,162,,75
4123,9.908,,164,,76
4124,9.917,,162,,76
4125,9.917,,162,,76
4126,9.917,,162,,76
4127,9.926,,163,,76
4128,9.926,,162,,75
4129,9.926,,163,,76
4130,9.935,,162,,76
4131,9.935,,162,,76
4132,9.935,,162,,76
4133,9.944,,163,,76
4134,9.944,,163,,76
4135,9.944,,163,,76
4136,9.944,,162,,76
4137,9.954,,162,,76
4138,9.954,,163,,76
4139,9.954,,162,,77
4140,9.954,,162,,77
4141,9.965,,161,,77
4142,9.965,,161,,77
4143,9.965,,161,,77
4144,9.973,,162,,77
4145,9.973,,161,,77
4146,9.973,,160,,77
4147,9.982,,160,,77
4148,9.982,,162,,77
4149,9.982,,161,,77
4150,9.99,,160,,77
4151,9.99,,160,,77
4152,9.99,,160,,77
4153,9.998,,160,,77
4154,9.998,,160,,77
4155,9.998,,160,,78
4156,10.008,,160,,78
4157,10.008,,160,,78
4158,10.008,,161,,78
4159,10.016,,161,,78
4160,10.016,,161,,78
4161,10.016,,160,,78
4162,10.024,,160,,78
4163,10.024,,161,,78
4164,10.024,,162,,78
4165,10.033,,161,,78
4166,10.033,,161,,78
4167,10.033,,161,,78
4168,10.042,,161,,79
4169,10.042,,161,,79
4170,10.042,,161,,79
4171,10.051,,162,,79
4172,10.051,,161,,79
4173,10.051,,161,,79
4174,10.06,,161,,79
4175,10.06,,161,,79
4176,10.06,,162,,79
4177,10.07,,161,,79
4178,10.07,,161,,79
4179,10.07,,162,,79
4180,10.079,,162,,79
4181,10.079,,162,,79
4182,10.079,,162,,80
4183,10.087,,162,,80
4184,10.087,,162,,80
4185,10.087,,163,,79
4186,10.096,,163,,79
4187,10.096,,163,,79
4188,10.096,,163,,79
4189,10.104,,163,,79
4190,10.104,,164,,79
4191,10.104,,164,,79
4192,10.113,,164,,79
4193,10.113,,165,,79
4194,10.113,,165,,78
4195,10.121,,165,,78
4196,10.121,,165,,79
4197,10.121,,164,,79
4198,10.129,,165,,79
4199,10.129,,165,,79
4200,10.129,,165,,79
4201,10.138,,165,,79
4202,10.138,,165,,79
4203,10.138,,165,,79
4204,10.147,,165,,79
4205,10.147,,165,,79
4206,10.147,,165,,79
4207,10.147,,165,,79
4208,10.159,,164,,79
4209,10.159,,165,,79
4210,10.159,,165,,80
4211,10.159,,164,,79
4212,10.171,,164,,80
4213,10.171,,164,,80
4214,10.171,,164,,80
4215,10.171,,164,,80
4216,10.182,,163,,80
4217,10.182,,163,,80
4218,10.182,,164,,80
4219,10.191,,164,,80
4220,10.191,,163,,80
4221,10.191,,163,,81
4222,10.191,,163,,81
4223,10.203,,163,,82
4224,10.203,,163,,82
4225,10.203,,162,,82
4226,10.212,,162,,82
4227,10.212,,163,,82
4228,10.212,,163,,82
4229,10.221,,163,,82
4230,10.221,,162,,83
4231,10.221,,163,,83
4232,10.229,,163,,83
4233,10.229,,164,,83
4234,10.229,,163,,83
4235,10.237,,163,,83
4236,10.237,,163,,83
4237,10.237,,164,,83
4238,10.245,,164,,83
4239,10.245,,163,,83
4240,10.245,,163,,83
4241,10.254,,163,,83
4242,10.254,,164,,83
4243,10.254,,165,,83
4244,10.263,,164,,83
4245,10.263,,163,,82
4246,10.263,,163,,82
4247,10.263,,163,,82
4248,10.274,,163,,82
4249,10.274,,163,,82
4250,10.274,,162,,82
4251,10.274,,162,,83
4252,10.286,,163,,83
4253,10.286,,163,,82
4254,10.286,,163,,82
4255,10.295,,163,,82
4256,10.295,,164,,83
4257,10.295,,163,,82
4258,10.303,,163,,82
4259,10.303,,162,,82
4260,10.303,,163,,82
4261,10.311,,164,,81
4262,10.311,,163,,81
4263,10.311,,163,,81
4264,10.319,,162,,81
4265,10.319,,162,,81
4266,10.319,,162,,81
4267,10.328,,163,,81
4268,10.328,,162,,81
4269,10.328,,162,,81
4270,10.337,,162,,81
4271,10.337,,162,,81
4272,10.337,,163,,81
4273,10.345,,162,,81
4274,10.345,,162,,81
4275,10.345,,163,,81
4276,10.354,,163,,81
4277,10.354,,164,,81
4278,10.354,,163,,81
4279,10.363,,162,,81
4280,10.363,,164,,81
4281,10.363,,163,,81
4282,10.371,,163,,81
4283,10.371,,163,,81
4284,10.371,,163,,81
4285,10.38,,164,,81
4286,10.38,,164,,81
4287,10.38,,163,,81
4288,10.389,,163,,80
4289,10.389,,163,,80
4290,10.389,,163,,80
4291,10.397,,163,,80
4292,10.397,,163,,80
4293,10.397,,163,,80
4294,10.406,,164,,80
4295,10.406,,164,,80
4296,10.406,,163,,80
4297,10.414,,163,,80
4298,10.414,,163,,80
4299,10.414,,163,,80
4300,10.422,,164,,79
4301,10.422,,163,,79
4302,10.422,,163,,79
4303,10.43,,163,,79
4304,10.43,,163,,79
4305,10.43,,163,,79
4306,10.439,,163,,79
4307,10.439,,162,,79
4308,10.439,,163,,79
4309,10.449,,163,,79
4310,10.449,,162,,79
4311,10.449,,162,,80
4312,10.457,,162,,79
4313,10.457,,163,,79
4314,10.457,,163,,79
4315,10.457,,163,,80
4316,10.469,,162,,79
4317,10.469,,162,,79
4318,10.469,,163,,79
4319,10.469,,164,,79
4320,10.48,,162,,79
4321,10.48,,162,,80
4322,10.48,,163,,80
4323,10.48,,163,,80
4324,10.491,,163,,80
4325,10.491,,163,,80
4326,10.491,,163,,80
4327,10.491,,164,,80
4328,10.503,,164,,80
4329,10.503,,164,,80
4330,10.503,,163,,80
4331,10.511,,164,,80
4332,10.511,,164,,80
4333,10.511,,163,,80
4334,10.511,,163,,80
4335,10.522,,163,,80
4336,10.522,,164,,80
4337,10.522,,163,,80
4338,10.532,,162,,79
4339,10.532,,162,,79
4340,10.532,,162,,79
4341,10.541,,164,,79
4342,10.541,,163,,79
4343,10.541,,162,,79
4344,10.551,,162,,79
4345,10.551,,162,,80
4346,10.551,,163,,80
4347,10.551,,164,,80
4348,10.563,,163,,80
4349,10.563,,163,,80
4350,10.563,,164,,81
4351,10.563,,164,,81
4352,10.576,,164,,81
4353,10.576,,164,,81
4354,10.576,,164,,81
4355,10.576,,164,,81
4356,10.587,,165,,81
4357,10.587,,164,,81
4358,10.587,,165,,81
4359,10.587,,165,,82
4360,10.598,,166,,82
4361,10.598,,165,,82
4362,10.598,,165,,83
4363,10.598,,165,,83
4364,10.609,,165,,83
4365,10.609,,164,,83
4366,10.609,,165,,83
4367,10.609,,165,,83
4368,10.619,,165,,83
4369,10.619,,164,,83
4370,10.619,,164,,83
4371,10.619,,165,,83
4372,10.63,,164,,83
4373,10.63,,164,,83
4374,10.63,,164,,83
4375,10.63,,164,,83
4376,10.63,,164,,83
4377,10.642,,164,,83
4378,10.642,,163,,82
4379,10.642,,163,,82
4380,10.642,,164,,83
4381,10.642,,163,,83
4382,10.655,,163,,83
4383,10.655,,162,,82
4384,10.655,,163,,82
4385,10.655,,163,,82
4386,10.668,,163,,82
4387,10.668,,163,,82
4388,10.668,,164,,82
4389,10.678,,163,,83
4390,10.678,,164,,83
4391,10.678,,163,,83
4392,10.678,,163,,83
4393,10.678,,164,,83
4394,10.69,,164,,83
4395,10.69,,163,,82
4396,10.69,,163,,82
4397,10.69,,163,,82
4398,10.702,,163,,82
4399,10.702,,164,,82
4400,10.702,,162,,83
4401,10.71,,162,,83
4402,10.71,,163,,83
4403,10.71,,163,,83
4404,10.72,,164,,83
4405,10.72,,163,,82
4406,10.72,,163,,82
4407,10.729,,164,,82
4408,10.729,,164,,81
4409,10.729,,164,,81
4410,10.739,,164,,81
4411,10.739,,164,,81
4412,10.739,,164,,81
4413,10.748,,164,,81
4414,10.748,,163,,81
4415,10.748,,163,,80
4416,10.748,,164,,80
4417,10.76,,163,,80
4418,10.76,,163,,80
4419,10.76,,163,,80
4420,10.768,,162,,80
4421,10.768,,164,,79
4422,10.768,,163,,79
4423,10.777,,163,,79
4424,10.777,,163,,79
4425,10.777,,163,,79
4426,10.787,,165,,79
4427,10.787,,164,,79
4428,10.787,,164,,79
4429,10.796,,164,,80
4430,10.796,,164,,80
4431,10.796,,165,,80
4432,10.805,,165,,80
4433,10.805,,164,,80
4434,10.805,,164,,80
4435,10.814,,165,,81
4436,10.814,,165,,81
4437,10.814,,165,,81
4438,10.823,,165,,80
4439,10.823,,165,,81
4440,10.823,,166,,80
4441,10.832,,165,,80
4442,10.832,,165,,80
4443,10.832,,166,,80
4444,10.832,,166,,80
4445,10.843,,165,,80
4446,10.843,,166,,80
4447,10.843,,166,,80
4448,10.852,,166,,80
4449,10.852,,165,,80
4450,10.852,,166,,80
4451,10.852,,166,,80
4452,10.863,,166,,81
4453,10.863,,165,,81
4454,10.863,,166,,81
4455,10.863,,167,,82
4456,10.875,,166,,81
4457,10.875,,165,,81
4458,10.875,,166,,81
4459,10.875,,165,,82
4460,10.875,,165,,82
4461,10.886,,165,,82
4462,10.886,,166,,82
4463,10.886,,166,,82
4464,10.886,,166,,81
4465,10.886,,166,,82
4466,10.896,,167,,82
4467,10.896,,167,,81
4468,10.896,,166,,81
4469,10.896,,168,,81
4470,10.896,,167,,81
4471,10.91,,167,,81
4472,10.91,,166,,80
4473,10.91,,167,,81
4474,10.91,,168,,81
4475,10.921,,167,,81
4476,10.921,,167,,81
4477,10.921,,168,,81
4478,10.921,,168,,81
4479,10.934,,167,,81
4480,10.934,,169,,81
4481,10.934,,168,,81
4482,10.945,,168,,81
4483,10.945,,168,,81
4484,10.945,,168,,81
4485,10.954,,169,,81
4486,10.954,,168,,81
4487,10.954,,168,,81
4488,10.963,,169,,80
4489,10.963,,168,,80
4490,10.963,,168,,80
4491,10.972,,168,,80
4492,10.972,,169,,80
4493,10.972,,168,,80
4494,10.972,,169,,80
4495,10.972,,169,,80
4496,10.986,,168,,79
4497,10.986,,169,,79
4498,10.986,,169,,79
4499,10.986,,168,,79
4500,10.998,,167,,79
4501,10.998,,169,,79
4502,10.998,,168,,79
4503,10.998,,167,,79
4504,11.011,,169,,79
4505,11.011,,168,,79
4506,11.011,,168,,79
4507,11.011,,169,,79
4508,11.024,,168,,79
4509,11.024,,168,,79
4510,11.024,,168,,79
4511,11.034,,167,,79
4512,11.034,,168,,79
4513,11.034,,167,,79
4514,11.043,,168,,79
4515,11.043,,168,,79
4516,11.043,,167,,79
4517,11.051,,167,,79
4518,11.051,,167,,79
4519,11.051,,167,,79
4520,11.051,,167,,79
4521,11.061,,167,,80
4522,11.061,,167,,80
4523,11.061,,167,,80
4524,11.061,,167,,80
4525,11.073,,167,,80
4526,11.073,,167,,80
4527,11.073,,167,,80
4528,11.085,,166,,80
4529,11.085,,167,,80
4530,11.085,,168,,80
4531,11.085,,166,,81
4532,11.098,,166,,81
4533,11.098,,167,,81
4534,11.098,,166,,81
4535,11.098,,165,,81
4536,11.111,,165,,81
4537,11.111,,165,,81
4538,11.111,,166,,81
4539,11.111,,165,,81
4540,11.123,,165,,81
4541,11.123,,165,,81
4542,11.123,,167,,81
4543,11.123,,166,,81
4544,11.123,,165,,81
4545,11.123,,165,,81
4546,11.136,,166,,81
4547,11.136,,166,,81
4548,11.136,,165,,82
4549,11.136,,165,,82
4550,11.147,,166,,82
4551,11.147,,166,,82
4552,11.147,,166,,82
4553,11.147,,166,,82
4554,11.158,,166,,82
4555,11.158,,165,,83
4556,11.158,,166,,83
4557,11.158,,166,,83
4558,11.17,,166,,83
4559,11.17,,165,,83
4560,11.17,,165,,83
4561,11.181,,165,,83
4562,11.181,,166,,83
4563,11.181,,165,,83
4564,11.19,,165,,84
4565,11.19,,166,,84
4566,11.19,,166,,84
4567,11.19,,165,,84
4568,11.19,,166,,84
4569,11.19,,166,,84
4570,11.203,,166,,84
4571,11.203,,166,,84
4572,11.203,,166,,85
4573,11.203,,166,,84
4574,11.203,,167,,83
4575,11.215,,166,,82
4576,11.215,,168,,81
4577,11.224,,168,,80
4578,11.224,,168,,80
4579,11.231,,167,,80
4580,11.231,,168,,80
4581,11.231,,167,,79
4582,11.231,,168,,79
4583,11.231,,167,,79
4584,11.244,,167,,79
4585,11.244,,168,,79
4586,11.244,,167,,79
4587,11.244,,167,,79
4588,11.256,,168,,79
4589,11.256,,167,,79
4590,11.256,,166,,78
4591,11.266,,166,,79
4592,11.266,,164,,78
4593,11.266,,163,,78
4594,11.275,,161,,79
4595,11.275,,161,,79
4596,11.275,,159,,79
4597,11.284,,159,,79
4598,11.284,,158,,79
4599,11.284,,158,,79
4600,11.293,,158,,79
4601,11.293,,158,,79
4602,11.293,,159,,80
4603,11.302,,161,,80
4604,11.302,,161,,80
4605,11.302,,163,,80
4606,11.311,,163,,80
4607,11.311,,164,,81
4608,11.311,,164,,81
4609,11.32,,165,,81
4610,11.32,,165,,81
4611,11.32,,165,,81
4612,11.32,,165,,81
4613,11.331,,166,,81
4614,11.331,,166,,81
4615,11.331,,166,,81
4616,11.331,,165,,81
4617,11.341,,166,,81
4618,11.341,,166,,81
4619,11.341,,166,,81
4620,11.341,,165,,81
4621,11.35,,165,,81
4622,11.35,,166,,81
4623,11.35,,165,,80
4624,11.35,,165,,80
4625,11.359,,166,,80
4626,11.359,,166,,80
4627,11.359,,166,,80
4628,11.359,,166,,80
4629,11.359,,167,,80
4630,11.371,,167,,80
4631,11.371,,167,,80
4632,11.371,,168,,80
4633,11.371,,167,,80
4634,11.381,,167,,80
4635,11.381,,167,,80
4636,11.381,,168,,79
4637,11.381,,167,,79
4638,11.391,,167,,80
4639,11.391,,168,,79
4640,11.391,,168,,80
4641,11.391,,167,,80
4642,11.391,,168,,80
4643,11.406,,168,,79
4644,11.406,,168,,79
4645,11.406,,168,,79
4646,11.416,,169,,78
4647,11.416,,169,,79
4648,11.416,,168,,78
4649,11.424,,169,,78
4650,11.424,,169,,79
4651,11.424,,168,,79
4652,11.433,,168,,79
4653,11.433,,169,,79
4654,11.433,,168,,80
4655,11.442,,169,,80
4656,11.442,,170,,80
4657,11.442,,169,,80
4658,11.451,,169,,80
4659,11.451,,170,,80
4660,11.451,,169,,80
4661,11.459,,169,,80
4662,11.459,,170,,80
4663,11.459,,169,,80
4664,11.467,,168,,80
4665,11.467,,169,,80
4666,11.467,,169,,80
4667,11.476,,168,,80
4668,11.476,,169,,80
4669,11.476,,168,,81
4670,11.486,,168,,81
4671,11.486,,168,,81
4672,11.486,,168,,81
4673,11.495,,168,,81
4674,11.495,,167,,81
4675,11.495,,167,,81
4676,11.495,,168,,81
4677,11.506,,167,,81
4678,11.506,,167,,80
4679,11.506,,168,,80
4680,11.506,,167,,80
4681,11.519,,167,,80
4682,11.519,,166,,80
4683,11.519,,166,,80
4684,11.519,,166,,79
4685,11.519,,166,,79
4686,11.531,,165,,79
4687,11.531,,165,,79
4688,11.531,,165,,79
4689,11.531,,165,,79
4690,11.543,,165,,79
4691,11.543,,165,,79
4692,11.543,,165,,79
4693,11.543,,166,,79
4694,11.555,,165,,79
4695,11.555,,164,,79
4696,11.555,,164,,79
4697,11.566,,165,,79
4698,11.566,,165,,78
4699,11.566,,164,,78
4700,11.577,,164,,78
4701,11.577,,164,,78
4702,11.577,,165,,78
4703,11.577,,165,,78
4704,11.59,,165,,78
4705,11.59,,164,,78
4706,11.59,,165,,78
4707,11.6,,164,,78
4708,11.6,,165,,78
4709,11.6,,164,,78
4710,11.609,,164,,78
4711,11.609,,165,,79
4712,11.609,,165,,79
4713,11.62,,165,,79
4714,11.62,,164,,79
4715,11.62,,164,,80
4716,11.63,,165,,80
4717,11.63,,164,,80
4718,11.63,,164,,80
4719,11.638,,163,,80
4720,11.638,,164,,79
4721,11.638,,164,,79
4722,11.648,,164,,79
4723,11.648,,164,,79
4724,11.648,,165,,79
4725,11.656,,165,,79
4726,11.656,,165,,79
4727,11.656,,165,,79
4728,11.656,,165,,79
4729,11.666,,166,,79
4730,11.666,,165,,79
4731,11.666,,165,,79
4732,11.675,,164,,79
4733,11.675,,165,,79
4734,11.675,,166,,79
4735,11.675,,165,,79
4736,11.686,,165,,79
4737,11.686,,165,,79
4738,11.686,,165,,79
4739,11.686,,165,,79
4740,11.698,,165,,79
4741,11.698,,165,,79
4742,11.698,,166,,79
4743,11.698,,166,,79
4744,11.709,,166,,79
4745,11.709,,166,,80
4746,11.709,,166,,79
4747,11.709,,167,,79
4748,11.723,,166,,80
4749,11.723,,166,,80
4750,11.723,,167,,80
4751,11.736,,167,,79
4752,11.736,,167,,79
4753,11.736,,167,,79
4754,11.746,,167,,79
4755,11.746,,168,,79
4756,11.746,,167,,79
4757,11.746,,167,,78
4758,11.757,,169,,78
4759,11.757,,168,,78
4760,11.757,,168,,78
4761,11.767,,167,,78
4762,11.767,,168,,78
4763,11.767,,168,,78
4764,11.767,,0,,0
5062,11.767,,136,,75
5063,11.767,,136,,75
5064,11.767,,137,,75
5065,11.775,,137,,75
5066,11.775,,137,,75
5067,11.775,,138,,75
5068,11.785,,139,,75
5069,11.785,,139,,75
5070,11.792,,139,,75
5071,11.792,,140,,75
5072,11.792,,141,,75
5073,11.801,,142,,75
5074,11.801,,143,,75
5075,11.801,,143,,75
5076,11.809,,143,,75
5077,11.809,,144,,75
5078,11.809,,145,,75
5079,11.82,,145,,75
5080,11.82,,146,,75
5081,11.82,,147,,75
5082,11.829,,147,,75
5083,11.829,,147,,75
5084,11.829,,148,,75
5085,11.839,,148,,75
5086,11.839,,148,,75
5087,11.839,,148,,75
5088,11.848,,149,,75
5089,11.848,,150,,75
5090,11.848,,151,,76
5091,11.857,,152,,76
5092,11.857,,153,,76
5093,11.857,,154,,76
5094,11.867,,155,,76
5095,11.867,,155,,76
5096,11.867,,156,,76
5097,11.875,,157,,76
5098,11.875,,156,,76
5099,11.875,,156,,76
5100,11.885,,156,,76
5101,11.885,,156,,76
5102,11.885,,156,,76
5103,11.894,,156,,76
5104,11.894,,156,,76
5105,11.894,,156,,76
5106,11.903,,158,,76
5107,11.903,,158,,76
5108,11.903,,159,,76
5109,11.912,,159,,76
5110,11.912,,159,,77
5111,11.912,,159,,77
5112,11.921,,159,,77
5113,11.921,,159,,77
5114,11.921,,160,,77
5115,11.93,,160,,77
5116,11.93,,160,,77
5117,11.93,,159,,78
5118,11.93,,159,,78
5119,11.94,,159,,78
5120,11.94,,159,,78
5121,11.94,,159,,78
5122,11.947,,160,,78
5123,11.947,,160,,78
5124,11.947,,160,,79
5125,11.956,,160,,78
5126,11.956,,161,,79
5127,11.956,,160,,79
5128,11.963,,160,,79
5129,11.963,,160,,79
5130,11.963,,161,,79
5131,11.963,,161,,79
5132,11.974,,161,,79
5133,11.974,,161,,79
5134,11.974,,161,,79
5135,11.983,,160,,79
5136,11.983,,162,,79
5137,11.983,,162,,79
5138,11.994,,163,,79
5139,11.994,,163,,79
5140,11.994,,162,,79
5141,12.005,,163,,79
5142,12.005,,163,,79
5143,12.013,,163,,79
5144,12.013,,164,,79
5145,12.021,,164,,79
5146,12.021,,166,,78
5147,12.021,,165,,78
5148,12.032,,166,,79
5149,12.032,,166,,78
5150,12.032,,166,,78
5151,12.044,,167,,78
5152,12.044,,168,,78
5153,12.052,,168,,78
5154,12.052,,170,,77
5155,12.06,,168,,77
5156,12.06,,168,,77
5157,12.068,,169,,77
5158,12.068,,169,,77
5159,12.076,,169,,77
5160,12.076,,170,,76
5161,12.084,,169,,76
5162,12.084,,169,,76
5163,12.084,,171,,76
5164,12.094,,170,,76
5165,12.094,,170,,76
5166,12.094,,170,,77
5167,12.105,,170,,77
5168,12.105,,171,,77
5169,12.105,,172,,77
5170,12.115,,171,,77
5171,12.115,,172,,77
5172,12.115,,172,,77
5173,12.124,,172,,77
5174,12.124,,170,,77
5175,12.124,,172,,77
5176,12.124,,173,,77
5177,12.136,,172,,77
5178,12.136,,173,,77
5179,12.136,,173,,77
5180,12.145,,174,,77
5181,12.145,,173,,78
5182,12.145,,173,,78
5183,12.155,,174,,78
5184,12.155,,173,,78
5185,12.155,,173,,78
5186,12.164,,173,,78
5187,12.164,,173,,78
5188,12.164,,172,,78
5189,12.164,,173,,78
5190,12.178,,173,,78
5191,12.178,,173,,78
5192,12.178,,172,,78
5193,12.189,,173,,78
5194,12.189,,174,,78
5195,12.189,,173,,78
5196,12.198,,173,,78
5197,12.198,,172,,78
5198,12.198,,174,,78
5199,12.209,,173,,78
5200,12.209,,174,,78
5201,12.209,,173,,78
5202,12.221,,173,,78
5203,12.221,,174,,78
5204,12.221,,174,,78
5205,12.234,,174,,78
5206,12.234,,174,,78
5207,12.242,,174,,78
5208,12.242,,174,,79
5209,12.249,,174,,79
5210,12.249,,174,,79
5211,12.257,,174,,79
5212,12.257,,174,,79
5213,12.257,,174,,79
5214,12.268,,174,,79
5215,12.268,,175,,79
5216,12.268,,174,,79
5217,12.279,,174,,79
5218,12.279,,173,,79
5219,12.279,,174,,80
5220,12.291,,174,,79
5221,12.291,,174,,79
5222,12.291,,173,,79
5223,12.305,,173,,80
5224,12.305,,174,,80
5225,12.305,,173,,80
5226,12.317,,174,,80
5227,12.317,,173,,80
5228,12.317,,173,,80
5229,12.327,,173,,79
5230,12.327,,174,,79
5231,12.327,,174,,79
5232,12.339,,174,,78
5233,12.339,,174,,78
5234,12.339,,174,,78
5235,12.349,,174,,78
5236,12.349,,174,,79
5237,12.349,,173,,79
5238,12.36,,173,,79
5239,12.36,,174,,79
5240,12.36,,174,,80
5241,12.371,,174,,80
5242,12.371,,174,,80
5243,12.371,,174,,80
5244,12.383,,174,,80
5245,12.383,,175,,80
5246,12.383,,174,,80
5247,12.394,,174,,80
5248,12.394,,175,,80
5249,12.394,,174,,80
5250,12.405,,174,,80
5251,12.405,,174,,81
5252,12.405,,175,,81
5253,12.416,,175,,81
5254,12.416,,175,,81
5255,12.416,,176,,81
5256,12.416,,175,,80
5257,12.431,,175,,80
5258,12.431,,175,,80
5259,12.431,,175,,80
5260,12.443,,175,,80
5261,12.443,,175,,80
5262,12.443,,174,,80
5263,12.455,,175,,80
5264,12.455,,175,,80
5265,12.455,,175,,80
5266,12.467,,174,,80
5267,12.467,,175,,80
5268,12.467,,175,,80
5269,12.48,,174,,81
5270,12.48,,175,,81
5271,12.48,,173,,81
5272,12.48,,174,,82
5273,12.494,,175,,82
5274,12.494,,175,,82
5275,12.494,,174,,82
5276,12.494,,175,,82
5277,12.507,,175,,83
5278,12.507,,175,,83
5279,12.507,,175,,82
5280,12.519,,174,,81
5281,12.519,,176,,81
5282,12.519,,176,,81
5283,12.519,,175,,81
5284,12.533,,175,,81
5285,12.533,,175,,81
5286,12.533,,177,,81
5287,12.533,,177,,81
5288,12.548,,176,,81
5289,12.548,,177,,81
5290,12.548,,176,,81
5291,12.56,,177,,81
5292,12.56,,175,,81
5293,12.56,,176,,81
5294,12.572,,177,,80
5295,12.572,,177,,80
5296,12.572,,176,,79
5297,12.572,,176,,79
5298,12.585,,176,,79
5299,12.585,,176,,79
5300,12.585,,176,,79
5301,12.598,,177,,79
5302,12.598,,176,,79
5303,12.598,,176,,79
5304,12.61,,175,,79
5305,12.61,,176,,79
5306,12.618,,176,,79
5307,12.618,,175,,79
5308,12.624,,175,,79
5309,12.624,,175,,79
5310,12.632,,176,,79
5311,12.632,,176,,79
5312,12.64,,176,,79
5313,12.64,,175,,79
5314,12.64,,174,,79
5315,12.651,,175,,79
5316,12.651,,176,,80
5317,12.651,,175,,80
5318,12.662,,176,,80
5319,12.662,,177,,80
5320,12.662,,176,,80
5321,12.674,,176,,80
5322,12.674,,176,,80
5323,12.674,,177,,80
5324,12.685,,176,,80
5325,12.685,,177,,80
5326,12.685,,177,,80
5327,12.685,,177,,81
5328,12.7,,177,,81
5329,12.7,,176,,81
5330,12.7,,177,,81
5331,12.7,,177,,81
5332,12.713,,178,,81
5333,12.713,,177,,81
5334,12.713,,177,,81
5335,12.713,,178,,81
5336,12.727,,179,,81
5337,12.727,,178,,81
5338,12.727,,180,,81
5339,12.727,,179,,81
5340,12.741,,179,,81
5341,12.741,,178,,82
5342,12.741,,179,,82
5343,12.752,,179,,82
5344,12.752,,179,,82
5345,12.752,,178,,82
5346,12.763,,179,,82
5347,12.763,,179,,82
5348,12.763,,178,,82
5349,12.763,,179,,82
5350,12.777,,178,,82
5351,12.777,,178,,83
5352,12.777,,179,,83
5353,12.777,,179,,83
5354,12.79,,178,,82
5355,12.79,,180,,82
5356,12.79,,179,,82
5357,12.79,,178,,82
5358,12.804,,178,,82
5359,12.804,,177,,82
5360,12.804,,177,,82
5361,12.816,,176,,82
5362,12.816,,178,,82
5363,12.816,,178,,82
5364,12.816,,178,,82
5365,12.83,,177,,81
5366,12.83,,178,,81
5367,12.83,,177,,81
5368,12.842,,177,,81
5369,12.842,,177,,81
5370,12.842,,177,,81
5371,12.853,,176,,81
5372,12.853,,176,,81
5373,12.853,,178,,80
5374,12.865,,177,,80
5375,12.865,,177,,80
5376,12.865,,177,,80
5377,12.876,,177,,80
5378,12.876,,177,,80
5379,12.876,,176,,80
5380,12.887,,177,,80
5381,12.887,,178,,79
5382,12.887,,178,,78
5383,12.899,,177,,78
5384,12.899,,177,,77
5385,12.899,,177,,76
5386,12.911,,177,,76
5387,12.911,,176,,76
5388,12.911,,177,,76
5389,12.911,,179,,76
5390,12.925,,177,,76
5391,12.925,,177,,75
5392,12.925,,177,,75
5393,12.925,,178,,75
5394,12.939,,177,,75
5395,12.939,,178,,74
5396,12.939,,178,,74
5397,12.951,,178,,74
5398,12.951,,178,,75
5399,12.951,,178,,75
5400,12.951,,179,,75
5401,12.966,,178,,75
5402,12.966,,178,,74
5403,12.972,,179,,74
5404,12.972,,179,,74
5405,12.972,,179,,74
5406,12.982,,178,,74
5407,12.982,,178,,74
5408,12.982,,178,,74
5409,12.982,,178,,75
5410,12.996,,178,,75
5411,12.996,,177,,75
5412,12.996,,178,,75
5413,12.996,,178,,75
5414,13.008,,179,,75
5415,13.008,,178,,75
5416,13.008,,178,,75
5417,13.008,,178,,75
5418,13.008,,178,,75
5419,13.008,,177,,75
5420,13.016,,177,,74
5421,13.016,,177,,74
5422,13.016,,177,,74
5423,13.016,,176,,74
5424,13.016,,175,,74
5425,13.016,,175,,74
5426,13.016,,175,,74
5427,13.016,,176,,73
5428,13.027,,175,,73
5429,13.027,,175,,73
5430,13.027,,174,,73
5431,13.027,,174,,73
5432,13.027,,174,,73
5433,13.027,,174,,73
5434,13.027,,173,,73
5435,13.027,,173,,73
5436,13.027,,173,,73
5437,13.039,,172,,73
5438,13.039,,172,,73
5439,13.039,,171,,73
5440,13.039,,170,,73
5441,13.039,,170,,73
5442,13.039,,169,,73
5443,13.039,,169,,74
5444,13.039,,169,,74
5445,13.05,,167,,74
5446,13.05,,167,,74
5447,13.05,,165,,74
5448,13.05,,164,,74
5449,13.05,,163,,75
5450,13.05,,162,,75
5451,13.05,,161,,75
5452,13.05,,160,,75
5453,13.061,,159,,75
5454,13.061,,158,,75
5455,13.061,,158,,75
5456,13.061,,158,,75
5457,13.061,,157,,75
5458,13.061,,156,,75
5459,13.061,,156,,74
5460,13.061,,155,,74
5461,13.072,,155,,74
5462,13.072,,154,,74
5463,13.072,,154,,74
5464,13.072,,154,,74
5465,13.072,,154,,75
5466,13.072,,153,,75
5467,13.072,,152,,75
5468,13.072,,152,,75
5469,13.084,,152,,75
5470,13.084,,152,,75
5471,13.084,,151,,75
5472,13.084,,150,,75
5473,13.084,,151,,75
5474,13.084,,150,,75
5475,13.084,,150,,75
5476,13.084,,149,,75
5477,13.096,,149,,75
5478,13.096,,148,,75
5479,13.096,,148,,75
5480,13.096,,148,,75
5481,13.096,,147,,75
5482,13.096,,148,,75
5483,13.105,,147,,76
5484,13.105,,147,,76
5485,13.105,,146,,76
5486,13.105,,146,,76
5487,13.105,,145,,76
5488,13.105,,145,,76
5489,13.113,,145,,76
5490,13.113,,144,,76
5491,13.113,,144,,76
5492,13.113,,145,,76
5493,13.113,,143,,75
5494,13.121,,143,,75
5495,13.121,,142,,76
5496,13.121,,142,,76
5497,13.121,,143,,76
5498,13.121,,143,,75
5499,13.121,,142,,75
5500,13.129,,142,,75
5501,13.129,,142,,76
5502,13.129,,140,,76
5503,13.129,,140,,76
5504,13.129,,141,,76
5505,13.129,,141,,76
5506,13.138,,141,,76
5507,13.138,,141,,76
5508,13.138,,140,,76
5509,13.138,,140,,76
5510,13.138,,140,,76
5511,13.138,,140,,76
5512,13.146,,140,,76
5513,13.146,,140,,76
5514,13.146,,140,,76
5515,13.146,,140,,76
5516,13.146,,140,,76
5517,13.146,,140,,76
5518,13.154,,142,,76
5519,13.154,,142,,76
5520,13.154,,141,,76
5521,13.154,,141,,75
5522,13.154,,140,,75
5523,13.154,,139,,75
5524,13.154,,140,,75
5525,13.154,,140,,75
5526,13.167,,140,,75
5527,13.167,,140,,75
5528,13.167,,139,,74
5529,13.167,,139,,74
5530,13.167,,139,,74
5531,13.167,,138,,74
5532,13.167,,139,,75
5533,13.178,,138,,75
5534,13.178,,139,,75
5535,13.178,,139,,75
5536,13.178,,139,,75
5537,13.178,,139,,75
5538,13.178,,139,,75
5539,13.178,,138,,75
5540,13.178,,137,,75
5541,13.189,,138,,75
5542,13.189,,137,,75
5543,13.189,,137,,75
5544,13.189,,138,,75
5545,13.189,,138,,75
5546,13.201,,139,,75
5547,13.201,,137,,76
5548,13.201,,137,,76
5549,13.201,,137,,75
5550,13.201,,137,,75
5551,13.214,,136,,75
5552,13.214,,135,,75
5553,13.214,,136,,75
5554,13.214,,136,,75
5555,13.224,,136,,75
5556,13.224,,136,,75
5557,13.224,,137,,75
5558,13.232,,138,,75
5559,13.232,,139,,75
5560,13.232,,139,,75
5561,13.24,,141,,75
5562,13.24,,141,,75
5563,13.24,,142,,75
5564,13.248,,143,,74
5565,13.248,,143,,74
5566,13.248,,143,,74
5567,13.248,,144,,74
5568,13.248,,144,,74
5569,13.262,,146,,74
5570,13.262,,146,,74
5571,13.262,,146,,74
5572,13.262,,147,,74
5573,13.262,,146,,74
5574,13.275,,147,,74
5575,13.275,,148,,74
5576,13.275,,148,,74
5577,13.275,,149,,74
5578,13.286,,149,,74
5579,13.286,,149,,73
5580,13.286,,150,,74
5581,13.286,,150,,74
5582,13.286,,151,,74
5583,13.3,,152,,74
5584,13.3,,152,,74
5585,13.3,,153,,74
5586,13.3,,152,,74
5587,13.311,,152,,74
5588,13.311,,151,,74
5589,13.311,,148,,74
5590,13.311,,147,,74
5591,13.322,,146,,74
5592,13.322,,147,,74
5593,13.322,,147,,74
5594,13.322,,149,,73
5595,13.322,,151,,73
5596,13.335,,151,,73
5597,13.335,,153,,73
5598,13.335,,154,,73
5599,13.335,,154,,74
5600,13.335,,156,,74
5601,13.348,,157,,74
5602,13.348,,158,,74
5603,13.348,,159,,74
5604,13.348,,158,,74
5605,13.359,,159,,74
5606,13.359,,158,,74
5607,13.359,,158,,74
5608,13.359,,158,,74
5609,13.371,,158,,74
5610,13.371,,159,,74
5611,13.371,,159,,74
5612,13.371,,159,,75
5613,13.371,,159,,75
5614,13.384,,158,,75
5615,13.384,,158,,75
5616,13.384,,158,,75
5617,13.384,,158,,75
5618,13.395,,159,,75
5619,13.395,,159,,75
5620,13.395,,158,,75
5621,13.395,,158,,75
5622,13.406,,158,,75
5623,13.406,,158,,74
5624,13.406,,158,,74
5625,13.406,,158,,74
5626,13.418,,158,,74
5627,13.418,,158,,74
5628,13.418,,159,,74
5629,13.418,,160,,74
5630,13.429,,161,,74
5631,13.429,,160,,74
5632,13.429,,160,,74
5633,13.429,,159,,74
5634,13.44,,160,,74
5635,13.44,,161,,74
5636,13.44,,161,,74
5637,13.44,,161,,74
5638,13.451,,162,,74
5639,13.451,,162,,74
5640,13.451,,162,,74
5641,13.451,,163,,74
5642,13.462,,163,,74
5643,13.462,,163,,74
5644,13.462,,163,,75
5645,13.462,,163,,75
5646,13.462,,164,,75
5647,13.476,,163,,75
5648,13.476,,163,,75
5649,13.476,,162,,75
5650,13.476,,162,,75
5651,13.488,,164,,75
5652,13.488,,163,,75
5653,13.488,,163,,75
5654,13.488,,162,,75
5655,13.488,,162,,75
5656,13.501,,164,,75
5657,13.501,,163,,75
5658,13.501,,163,,75
5659,13.501,,162,,75
5660,13.512,,163,,75
5661,13.512,,163,,75
5662,13.512,,164,,75
5663,13.512,,163,,74
5664,13.524,,163,,74
5665,13.524,,163,,74
5666,13.524,,163,,74
5667,13.524,,163,,74
5668,13.535,,164,,74
5669,13.535,,163,,74
5670,13.535,,162,,74
5671,13.535,,163,,74
5672,13.535,,163,,74
5673,13.548,,164,,73
5674,13.548,,162,,73
5675,13.548,,162,,73
5676,13.548,,163,,73
5677,13.56,,164,,73
5678,13.56,,163,,73
5679,13.56,,162,,74
5680,13.56,,162,,74
5681,13.571,,162,,74
5682,13.571,,163,,74
5683,13.571,,163,,74
5684,13.571,,162,,74
5685,13.582,,162,,73
5686,13.582,,162,,73
5687,13.582,,163,,73
5688,13.59,,163,,73
5689,13.59,,162,,74
5690,13.59,,162,,74
5691,13.599,,162,,74
5692,13.599,,163,,74
5693,13.599,,164,,74
5694,13.599,,163,,74
5695,13.61,,162,,74
5696,13.61,,162,,74
5697,13.61,,163,,74
5698,13.61,,164,,74
5699,13.62,,163,,74
5700,13.62,,163,,74
5701,13.62,,163,,74
5702,13.62,,164,,74
5703,13.62,,164,,74
5704,13.633,,165,,74
5705,13.633,,164,,74
5706,13.633,,163,,74
5707,13.633,,164,,74
5708,13.633,,164,,74
5709,13.647,,163,,74
5710,13.647,,163,,74
5711,13.647,,163,,74
5712,13.647,,164,,74
5713,13.659,,164,,74
5714,13.659,,163,,74
5715,13.659,,163,,74
5716,13.668,,164,,74
5717,13.668,,165,,74
5718,13.668,,164,,74
5719,13.675,,164,,74
5720,13.675,,164,,74
5721,13.675,,164,,73
5722,13.675,,164,,73
5723,13.675,,163,,74
5724,13.689,,163,,74
5725,13.689,,164,,74
5726,13.689,,164,,74
5727,13.697,,165,,74
5728,13.697,,164,,74
5729,13.697,,166,,74
5730,13.697,,166,,74
5731,13.708,,166,,74
5732,13.708,,166,,74
5733,13.708,,166,,74
5734,13.708,,166,,74
5735,13.719,,167,,74
5736,13.719,,166,,74
5737,13.719,,167,,74
5738,13.719,,167,,74
5739,13.729,,166,,74
5740,13.729,,167,,75
5741,13.729,,167,,75
5742,13.729,,166,,75
5743,13.742,,166,,75
5744,13.742,,167,,76
5745,13.742,,166,,76
5746,13.742,,166,,76
5747,13.742,,165,,76
5748,13.754,,166,,76
5749,13.754,,165,,76
5750,13.754,,164,,76
5751,13.754,,164,,76
5752,13.754,,165,,76
5753,13.767,,165,,76
5754,13.767,,164,,76
5755,13.767,,165,,75
5756,13.767,,165,,76
5757,13.777,,165,,76
5758,13.777,,165,,76
5759,13.777,,165,,76
5760,13.777,,166,,75
5761,13.788,,166,,75
5762,13.788,,165,,75
5763,13.788,,165,,75
5764,13.788,,166,,75
5765,13.8,,166,,75
5766,13.8,,165,,75
5767,13.8,,165,,75
5768,13.8,,166,,75
5769,13.811,,167,,75
5770,13.811,,165,,75
5771,13.811,,165,,75
5772,13.811,,166,,75
5773,13.821,,167,,75
5774,13.821,,166,,75
5775,13.821,,166,,75
5776,13.821,,166,,75
5777,13.833,,167,,75
5778,13.833,,166,,75
5779,13.833,,167,,75
5780,13.841,,167,,75
5781,13.841,,166,,75
5782,13.841,,166,,75
5783,13.849,,166,,75
5784,13.849,,167,,75
5785,13.849,,166,,75
5786,13.858,,166,,75
5787,13.858,,167,,74
5788,13.858,,167,,74
5789,13.867,,166,,74
5790,13.867,,166,,74
5791,13.867,,167,,74
5792,13.876,,167,,74
5793,13.876,,166,,74
5794,13.876,,167,,74
5795,13.884,,167,,73
5796,13.884,,167,,73
5797,13.884,,166,,73
5798,13.892,,167,,73
5799,13.892,,167,,73
5800,13.892,,166,,73
5801,13.901,,166,,74
5802,13.901,,167,,74
5803,13.901,,167,,73
5804,13.901,,166,,74
5805,13.912,,167,,74
5806,13.912,,167,,74
5807,13.912,,166,,74
5808,13.912,,165,,74
5809,13.923,,165,,74
5810,13.923,,166,,75
5811,13.923,,166,,75
5812,13.923,,165,,75
5813,13.935,,166,,75
5814,13.935,,166,,75
5815,13.935,,167,,75
5816,13.943,,166,,75
5817,13.943,,166,,75
5818,13.943,,167,,75
5819,13.951,,167,,75
5820,13.951,,166,,75
5821,13.951,,168,,74
5822,13.959,,168,,74
5823,13.959,,167,,74
5824,13.959,,167,,74
5825,13.967,,168,,75
5826,13.967,,169,,75
5827,13.967,,168,,75
5828,13.976,,168,,74
5829,13.976,,168,,74
5830,13.976,,168,,74
5831,13.976,,168,,74
5832,13.988,,168,,74
5833,13.988,,169,,74
5834,13.988,,167,,74
5835,13.999,,168,,74
5836,13.999,,170,,74
5837,13.999,,169,,74
5838,14.01,,170,,74
5839,14.01,,169,,74
5840,14.01,,170,,74
5841,14.021,,171,,74
5842,14.021,,171,,74
5843,14.021,,171,,75
5844,14.032,,173,,75
5845,14.032,,172,,75
5846,14.032,,172,,75
5847,14.042,,172,,75
5848,14.042,,173,,75
5849,14.042,,173,,75
5850,14.053,,172,,75
5851,14.053,,174,,75
5852,14.053,,174,,75
5853,14.064,,174,,76
5854,14.064,,174,,76
5855,14.064,,175,,76
5856,14.076,,174,,75
5857,14.076,,174,,75
5858,14.076,,175,,75
5859,14.086,,174,,75
5860,14.086,,175,,75
5861,14.086,,175,,75
5862,14.096,,175,,75
5863,14.096,,175,,75
5864,14.096,,175,,75
5865,14.106,,176,,75
5866,14.106,,176,,75
5867,14.106,,177,,75
5868,14.118,,176,,75
5869,14.118,,176,,76
5870,14.118,,176,,76
5871,14.129,,177,,76
5872,14.129,,176,,76
5873,14.129,,177,,76
5874,14.129,,177,,76
5875,14.142,,176,,76
5876,14.142,,177,,76
5877,14.142,,177,,76
5878,14.142,,176,,76
5879,14.155,,177,,76
5880,14.155,,176,,76
5881,14.155,,176,,76
5882,14.155,,177,,76
5883,14.168,,177,,76
5884,14.168,,176,,76
5885,14.168,,175,,76
5886,14.179,,177,,76
5887,14.179,,177,,76
5888,14.179,,177,,76
5889,14.19,,176,,76
5890,14.19,,177,,76
5891,14.19,,178,,76
5892,14.19,,177,,76
5893,14.204,,177,,76
5894,14.204,,178,,76
5895,14.204,,178,,76
5896,14.215,,178,,76
5897,14.215,,178,,76
5898,14.215,,179,,76
5899,14.227,,178,,76
5900,14.227,,176,,76
5901,14.227,,178,,76
5902,14.237,,178,,76
5903,14.237,,177,,75
5904,14.237,,178,,75
5905,14.248,,178,,75
5906,14.248,,179,,75
5907,14.248,,178,,75
5908,14.248,,177,,75
5909,14.263,,178,,75
5910,14.263,,178,,76
5911,14.263,,178,,76
5912,14.263,,178,,75
5913,14.277,,178,,75
5914,14.277,,178,,75
5915,14.277,,178,,75
5916,14.288,,178,,75
5917,14.288,,179,,75
5918,14.288,,179,,75
5919,14.288,,179,,75
5920,14.303,,179,,74
5921,14.303,,180,,74
5922,14.303,,179,,74
5923,14.314,,179,,74
5924,14.314,,180,,74
5925,14.314,,179,,74
5926,14.314,,179,,74
5927,14.329,,180,,74
5928,14.329,,180,,74
5929,14.329,,179,,74
5930,14.34,,179,,74
5931,14.34,,179,,74
5932,14.34,,179,,74
5933,14.351,,179,,74
5934,14.351,,179,,74
5935,14.351,,180,,74
5936,14.361,,179,,74
5937,14.361,,179,,74
5938,14.361,,180,,74
5939,14.372,,179,,75
5940,14.372,,180,,74
5941,14.372,,180,,74
5942,14.383,,179,,74
5943,14.383,,180,,74
5944,14.383,,180,,74
5945,14.393,,180,,74
5946,14.393,,180,,74
5947,14.393,,180,,74
5948,14.404,,181,,74
5949,14.404,,180,,74
5950,14.404,,180,,74
5951,14.415,,180,,74
5952,14.415,,180,,74
5953,14.415,,180,,74
5954,14.415,,179,,74
5955,14.429,,180,,74
5956,14.429,,179,,74
5957,14.429,,180,,74
5958,14.429,,179,,75
5959,14.444,,179,,74
5960,14.444,,181,,74
5961,14.444,,180,,74
5962,14.444,,179,,74
5963,14.458,,181,,75
5964,14.458,,180,,74
5965,14.458,,179,,74
5966,14.458,,181,,74
5967,14.472,,181,,74
5968,14.472,,180,,74
5969,14.472,,181,,75
5970,14.472,,181,,74
5971,14.486,,181,,75
5972,14.486,,182,,75
5973,14.486,,181,,75
5974,14.497,,181,,75
5975,14.497,,182,,75
5976,14.497,,181,,75
5977,14.497,,180,,75
5978,14.511,,182,,75
5979,14.511,,181,,75
5980,14.511,,180,,75
5981,14.511,,182,,75
5982,14.525,,181,,75
5983,14.525,,180,,75
5984,14.525,,181,,75
5985,14.525,,181,,75
5986,14.538,,181,,75
5987,14.538,,182,,75
5988,14.538,,181,,75
5989,14.538,,181,,75
5990,14.552,,182,,75
5991,14.552,,181,,74
5992,14.552,,182,,74
5993,14.552,,182,,74
5994,14.565,,182,,74
5995,14.565,,181,,74
5996,14.565,,181,,74
5997,14.565,,0,,0
6055,14.565,,155,,74
6056,14.565,,156,,74
6057,14.576,,156,,74
6058,14.576,,157,,75
6059,14.576,,158,,75
6060,14.587,,158,,75
6061,14.587,,158,,75
6062,14.587,,159,,75
6063,14.599,,159,,75
6064,14.599,,160,,75
6065,14.599,,161,,75
6066,14.611,,162,,75
6067,14.611,,162,,75
6068,14.611,,163,,76
6069,14.622,,164,,76
6070,14.622,,165,,76
6071,14.622,,166,,76
6072,14.622,,166,,76
6073,14.633,,166,,76
6074,14.633,,166,,76
6075,14.633,,167,,76
6076,14.645,,168,,76
6077,14.645,,169,,76
6078,14.645,,168,,76
6079,14.645,,169,,76
6080,14.66,,171,,76
6081,14.66,,170,,76
6082,14.66,,170,,77
6083,14.66,,170,,77
6084,14.674,,171,,77
6085,14.674,,172,,77
6086,14.674,,171,,77
6087,14.685,,172,,77
6088,14.685,,173,,77
6089,14.685,,173,,76
6090,14.685,,172,,76
6091,14.699,,173,,76
6092,14.699,,173,,76
6093,14.699,,173,,76
6094,14.699,,173,,76
6613,14.699,,120,,76
6614,14.699,,120,,76
6615,14.713,,122,,76
6616,14.713,,124,,76
6617,14.713,,125,,76
6618,14.725,,127,,76
6619,14.725,,128,,76
6620,14.725,,129,,76
6621,14.736,,131,,76
6622,14.736,,132,,76
6623,14.736,,133,,76
6624,14.736,,134,,77
6625,14.75,,135,,77
6626,14.75,,136,,77
6627,14.75,,137,,77
6628,14.75,,138,,77
6629,14.763,,139,,77
6630,14.763,,139,,77
6631,14.763,,139,,77
6632,14.774,,140,,77
6633,14.774,,140,,77
6634,14.774,,141,,77
6635,14.786,,142,,77
6636,14.786,,142,,78
6637,14.786,,143,,77
6638,14.797,,144,,77
6639,14.797,,144,,77
6640,14.797,,145,,77
6641,14.807,,146,,77
6642,14.807,,147,,77
6643,14.807,,148,,77
6644,14.817,,148,,77
6645,14.817,,148,,77
6646,14.817,,148,,77
6647,14.828,,149,,77
6648,14.828,,150,,77
6649,14.828,,151,,77
6650,14.838,,150,,77
6651,14.838,,151,,78
6652,14.838,,151,,78
6653,14.848,,151,,78
6654,14.848,,151,,78
6655,14.848,,151,,78
6656,14.858,,151,,78
6657,14.858,,152,,78
6658,14.858,,152,,78
6659,14.858,,152,,78
6660,14.871,,153,,78
6661,14.871,,153,,79
6662,14.871,,154,,79
6663,14.882,,153,,79
6664,14.882,,153,,79
6665,14.882,,154,,79
6666,14.882,,153,,80
6667,14.896,,153,,80
6668,14.896,,153,,80
6669,14.896,,153,,79
6670,14.896,,153,,80
6671,14.909,,153,,80
6672,14.909,,153,,80
6673,14.909,,154,,80
6674,14.909,,155,,80
6675,14.922,,155,,80
6676,14.922,,155,,80
6677,14.922,,155,,80
6678,14.922,,155,,80
6679,14.934,,156,,80
6680,14.934,,155,,80
6681,14.934,,156,,80
6682,14.934,,156,,81
6683,14.947,,157,,81
6684,14.947,,157,,81
6685,14.947,,157,,81
6686,14.958,,157,,80
6687,14.958,,157,,80
6688,14.958,,158,,80
6689,14.958,,158,,80
6690,14.971,,158,,80
6691,14.971,,158,,80
6692,14.971,,159,,80
6693,14.971,,159,,80
6694,14.983,,159,,80
6695,14.983,,160,,80
6696,14.983,,160,,79
6697,14.983,,160,,79
6698,14.994,,160,,79
6699,14.994,,161,,78
6700,14.994,,161,,78
6701,14.994,,160,,78
6702,15.005,,160,,78
6703,15.005,,160,,77
6704,15.005,,161,,77
6705,15.005,,160,,77
6706,15.016,,160,,77
6707,15.016,,159,,77
6708,15.016,,160,,77
6709,15.016,,159,,77
6710,15.026,,160,,77
6711,15.026,,159,,77
6712,15.026,,160,,77
6713,15.034,,159,,77
6714,15.034,,159,,77
6715,15.034,,159,,77
6716,15.042,,158,,77
6717,15.042,,159,,77
6718,15.042,,160,,77
6719,15.05,,159,,77
6720,15.05,,159,,77
6721,15.05,,159,,77
6722,15.058,,159,,77
6723,15.058,,159,,77
6724,15.058,,159,,77
6725,15.066,,159,,77
6726,15.066,,158,,77
6727,15.066,,159,,77
6728,15.074,,157,,77
6729,15.074,,157,,77
6730,15.074,,158,,77
6731,15.083,,158,,77
6732,15.083,,158,,76
6733,15.083,,158,,76
6734,15.091,,158,,76
6735,15.091,,158,,76
6736,15.091,,157,,76
6737,15.099,,156,,76
6738,15.099,,156,,76
6739,15.099,,156,,76
6740,15.107,,156,,76
6741,15.107,,157,,77
6742,15.107,,157,,77
6743,15.107,,157,,76
6744,15.118,,157,,76
6745,15.118,,156,,76
6746,15.118,,156,,76
6747,15.127,,156,,76
6748,15.127,,156,,76
6749,15.127,,157,,76
6750,15.135,,157,,77
6751,15.135,,157,,76
6752,15.135,,157,,76
6753,15.135,,157,,76
6754,15.146,,158,,76
6755,15.146,,157,,76
6756,15.146,,157,,76
6757,15.153,,157,,76
6758,15.153,,157,,76
6759,15.153,,157,,76
6760,15.162,,157,,76
6761,15.162,,158,,77
6762,15.162,,159,,77
6763,15.171,,158,,77
6764,15.171,,158,,77
6765,15.171,,157,,77
6766,15.171,,157,,77
6767,15.183,,157,,77
6768,15.183,,157,,77
6769,15.183,,156,,77
6770,15.183,,156,,77
6771,15.193,,155,,77
6772,15.193,,154,,77
6773,15.193,,153,,77
6774,15.193,,151,,77
6775,15.204,,151,,78
6776,15.204,,149,,78
6777,15.204,,147,,78
6778,15.204,,146,,78
6779,15.216,,148,,78
6780,15.216,,148,,78
6781,15.216,,149,,78
6782,15.216,,149,,78
6783,15.227,,150,,79
6784,15.227,,151,,78
6785,15.227,,151,,78
6786,15.227,,152,,78
6787,15.239,,152,,78
6788,15.239,,154,,78
6789,15.239,,154,,77
6790,15.239,,156,,77
6791,15.25,,156,,77
6792,15.25,,155,,77
6793,15.25,,156,,77
6794,15.25,,156,,77
6795,15.261,,157,,77
6796,15.261,,157,,77
6797,15.261,,157,,77
6798,15.261,,158,,77
6799,15.272,,157,,77
6800,15.272,,157,,77
6801,15.272,,158,,77
6802,15.272,,158,,77
6803,15.272,,158,,77
6804,15.286,,159,,77
6805,15.286,,159,,77
6806,15.286,,158,,76
6807,15.286,,158,,77
6808,15.297,,158,,77
6809,15.297,,159,,77
6810,15.297,,160,,77
6811,15.297,,160,,77
6812,15.297,,160,,78
6813,15.31,,160,,78
6814,15.31,,160,,78
6815,15.31,,160,,79
6816,15.31,,161,,79
6817,15.31,,161,,80
6818,15.323,,160,,80
6819,15.323,,160,,80
6820,15.323,,160,,80
6821,15.323,,161,,80
6822,15.323,,160,,80
6823,15.336,,161,,80
6824,15.336,,160,,80
6825,15.336,,160,,80
6826,15.336,,162,,80
6827,15.347,,161,,80
6828,15.347,,161,,80
6829,15.347,,161,,80
6830,15.347,,161,,80
6831,15.357,,162,,80
6832,15.357,,163,,80
6833,15.357,,162,,80
6834,15.357,,162,,80
6835,15.357,,162,,80
6836,15.37,,163,,80
6837,15.37,,163,,80
6838,15.37,,163,,80
6839,15.37,,163,,80
6840,15.37,,163,,80
6841,15.383,,163,,79
6842,15.383,,163,,80
6843,15.383,,163,,80
6844,15.383,,163,,80
6845,15.394,,164,,80
6846,15.394,,163,,80
6847,15.394,,164,,80
6848,15.394,,163,,81
6849,15.394,,164,,81
6850,15.407,,164,,81
6851,15.407,,163,,81
6852,15.407,,164,,81
6853,15.407,,164,,81
6854,15.407,,164,,81
6855,15.42,,163,,81
6856,15.42,,164,,81
6857,15.42,,165,,81
6858,15.42,,165,,81
6859,15.42,,164,,81
6860,15.434,,165,,81
6861,15.434,,166,,81
6862,15.434,,165,,81
6863,15.434,,165,,81
6864,15.445,,165,,81
6865,15.445,,165,,82
6866,15.445,,165,,82
6867,15.445,,164,,81
6868,15.456,,164,,81
6869,15.456,,165,,82
6870,15.456,,165,,82
6871,15.456,,164,,82
6872,15.467,,163,,81
6873,15.467,,164,,82
6874,15.467,,163,,81
6875,15.467,,163,,81
6876,15.479,,163,,81
6877,15.479,,163,,81
6878,15.479,,164,,81
6879,15.479,,163,,81
6880,15.49,,163,,81
6881,15.49,,162,,81
6882,15.49,,162,,81
6883,15.49,,162,,81
6884,15.502,,163,,81
6885,15.502,,162,,81
6886,15.502,,161,,81
6887,15.502,,162,,81
6888,15.513,,163,,81
6889,15.513,,162,,81
6890,15.513,,161,,81
6891,15.522,,161,,81
6892,15.522,,161,,81
6893,15.522,,162,,81
6894,15.531,,162,,81
6895,15.531,,161,,81
6896,15.531,,161,,81
6897,15.531,,161,,81
6898,15.542,,162,,81
6899,15.542,,162,,80
6900,15.542,,162,,80
6901,15.542,,162,,80
6902,15.553,,161,,80
6903,15.553,,161,,80
6904,15.553,,162,,80
6905,15.553,,162,,80
6906,15.563,,162,,79
6907,15.563,,162,,79
6908,15.563,,161,,80
6909,15.563,,162,,79
6910,15.575,,163,,79
6911,15.575,,163,,79
6912,15.575,,162,,79
6913,15.575,,161,,79
6914,15.586,,162,,79
6915,15.586,,162,,79
6916,15.586,,163,,79
6917,15.586,,162,,79
6918,15.596,,161,,79
6919,15.596,,162,,79
6920,15.596,,163,,79
6921,15.596,,163,,79
6922,15.596,,162,,79
6923,15.61,,161,,79
6924,15.61,,162,,79
6925,15.61,,163,,79
6926,15.61,,162,,79
6927,15.62,,162,,79
6928,15.62,,162,,79
6929,15.62,,163,,79
6930,15.62,,163,,80
6931,15.632,,163,,80
6932,15.632,,163,,80
6933,15.632,,163,,80
6934,15.632,,163,,80
6935,15.643,,163,,80
6936,15.643,,163,,80
6937,15.643,,163,,80
6938,15.643,,164,,80
6939,15.643,,164,,81
6940,15.655,,164,,81
6941,15.655,,163,,81
6942,15.655,,163,,81
6943,15.655,,163,,80
6944,15.667,,163,,80
6945,15.667,,162,,80
6946,15.667,,163,,79
6947,15.667,,163,,80
6948,15.677,,162,,80
6949,15.677,,161,,80
6950,15.677,,160,,80
6951,15.677,,161,,80
6952,15.677,,159,,79
6953,15.688,,157,,80
6954,15.688,,156,,80
6955,15.688,,153,,80
6956,15.696,,152,,80
6957,15.696,,152,,80
6958,15.696,,153,,80
6959,15.704,,154,,81
6960,15.704,,156,,81
6961,15.704,,157,,82
6962,15.713,,159,,82
6963,15.713,,160,,82
6964,15.713,,161,,82
6965,15.722,,161,,82
6966,15.722,,162,,82
6967,15.722,,163,,82
6968,15.722,,164,,82
6969,15.733,,165,,82
6970,15.733,,164,,81
6971,15.733,,165,,81
6972,15.733,,166,,81
6973,15.743,,166,,81
6974,15.743,,166,,81
6975,15.743,,167,,81
6976,15.752,,167,,82
6977,15.752,,167,,81
6978,15.752,,166,,81
6979,15.76,,167,,81
6980,15.76,,167,,82
6981,15.76,,167,,82
6982,15.76,,167,,81
6983,15.771,,167,,81
6984,15.771,,167,,82
6985,15.771,,166,,82
6986,15.771,,167,,82
6987,15.782,,167,,82
6988,15.782,,167,,82
6989,15.782,,166,,82
6990,15.79,,166,,82
6991,15.79,,166,,82
6992,15.79,,166,,82
6993,15.798,,166,,82
6994,15.798,,166,,82
6995,15.798,,166,,82
6996,15.807,,167,,82
6997,15.807,,166,,83
6998,15.807,,167,,83
6999,15.816,,167,,83
7000,15.816,,167,,83
7001,15.816,,166,,83
7002,15.824,,167,,83
7003,15.824,,167,,83
7004,15.824,,167,,83
7005,15.824,,165,,83
7006,15.834,,166,,83
7007,15.834,,167,,83
7008,15.834,,166,,83
7009,15.834,,166,,83
7010,15.845,,166,,83
7011,15.845,,166,,84
7012,15.845,,166,,84
7013,15.845,,165,,85
7014,15.857,,166,,85
7015,15.857,,166,,84
7016,15.857,,166,,84
7017,15.857,,165,,84
7018,15.869,,165,,84
7019,15.869,,165,,84
7020,15.869,,164,,84
7021,15.869,,164,,84
7022,15.878,,164,,84
7023,15.878,,164,,84
7024,15.878,,165,,84
7025,15.878,,165,,85
7026,15.878,,164,,85
7027,15.891,,164,,85
7028,15.891,,166,,85
7029,15.891,,165,,84
7030,15.891,,165,,85
7031,15.891,,165,,85
7032,15.904,,165,,85
7033,15.904,,166,,85
7034,15.904,,166,,86
7035,15.904,,166,,86
7036,15.916,,165,,86
7037,15.916,,166,,87
7038,15.916,,167,,87
7039,15.927,,165,,87
7040,15.927,,166,,87
7041,15.927,,166,,87
7042,15.927,,166,,87
7043,15.94,,165,,87
7044,15.94,,166,,88
7045,15.94,,165,,88
7046,15.95,,166,,88
7047,15.95,,165,,88
7048,15.95,,165,,88
7049,15.95,,166,,88
7050,15.962,,166,,88
7051,15.962,,165,,89
7052,15.962,,165,,89
7053,15.962,,167,,88
7054,15.973,,166,,87
7055,15.973,,165,,87
7056,15.973,,166,,87
7057,15.981,,167,,87
7058,15.981,,166,,87
7059,15.981,,166,,87
7060,15.989,,166,,87
7061,15.989,,166,,86
7062,15.989,,166,,86
7063,15.998,,166,,86
7064,15.998,,166,,87
7065,15.998,,166,,87
7066,15.998,,165,,87
7067,16.009,,166,,87
7068,16.009,,165,,88
7069,16.009,,166,,88
7070,16.009,,165,,89
7071,16.02,,164,,89
7072,16.02,,165,,89
7073,16.02,,165,,89
7074,16.02,,166,,89
7075,16.02,,165,,89
7076,16.031,,165,,89
7077,16.031,,166,,89
7078,16.031,,166,,89
7079,16.031,,166,,89
7080,16.031,,166,,89
7081,16.045,,166,,89
7082,16.045,,166,,89
7083,16.045,,165,,89
7084,16.045,,167,,89
7085,16.056,,167,,89
7086,16.056,,167,,89
7087,16.056,,166,,90
7088,16.056,,167,,90
7089,16.069,,167,,91
7090,16.069,,167,,91
7091,16.069,,166,,91
7092,16.069,,167,,91
7093,16.081,,167,,90
7094,16.081,,167,,90
7095,16.081,,168,,90
7096,16.089,,168,,90
7097,16.089,,168,,90
7098,16.089,,167,,89
7099,16.089,,167,,89
7100,16.099,,168,,89
7101,16.099,,167,,89
7102,16.099,,167,,89
7103,16.099,,168,,89
7104,16.11,,168,,89
7105,16.11,,167,,89
7106,16.11,,168,,89
7107,16.11,,168,,89
7108,16.122,,168,,89
7109,16.122,,167,,89
7110,16.122,,168,,91
7111,16.132,,168,,91
7112,16.132,,167,,91
7113,16.132,,168,,91
7114,16.132,,168,,91
7115,16.144,,168,,91
7116,16.144,,168,,91
7117,16.144,,169,,91
7118,16.152,,167,,91
7119,16.152,,167,,91
7120,16.152,,168,,90
7121,16.152,,168,,90
7122,16.163,,167,,90
7123,16.163,,168,,89
7124,16.163,,168,,89
7125,16.172,,168,,89
7126,16.172,,168,,89
7127,16.172,,168,,89
7128,16.182,,169,,89
7129,16.182,,168,,89
7130,16.182,,168,,89
7131,16.182,,168,,88
7132,16.193,,168,,88
7133,16.193,,167,,88
7134,16.193,,168,,88
7135,16.193,,168,,87
7136,16.193,,168,,87
7137,16.206,,168,,87
7138,16.206,,168,,87
7139,16.206,,169,,87
7140,16.206,,168,,87
7141,16.219,,168,,87
7142,16.219,,169,,87
7143,16.219,,168,,87
7144,16.219,,168,,87
7145,16.23,,169,,87
7146,16.23,,168,,86
7147,16.23,,168,,87
7148,16.23,,169,,87
7149,16.241,,169,,87
7150,16.241,,168,,87
7151,16.241,,169,,87
7152,16.241,,169,,87
7153,16.252,,168,,87
7154,16.252,,167,,88
7155,16.252,,167,,88
7156,16.252,,167,,88
7157,16.264,,167,,88
7158,16.264,,166,,88
7159,16.264,,167,,88
7160,16.264,,167,,88
7161,16.275,,166,,88
7162,16.275,,168,,88
7163,16.275,,168,,88
7164,16.275,,168,,88
7165,16.275,,168,,88
7166,16.289,,169,,88
7167,16.289,,169,,88
7168,16.289,,168,,87
7169,16.289,,168,,86
7170,16.3,,169,,86
7171,16.3,,168,,86
7172,16.3,,169,,86
7173,16.3,,169,,85
7174,16.311,,168,,85
7175,16.311,,169,,85
7176,16.311,,168,,85
7177,16.32,,168,,85
7178,16.32,,168,,86
7179,16.32,,168,,86
7180,16.329,,168,,86
7181,16.329,,168,,85
7182,16.329,,169,,85
7183,16.337,,169,,85
7184,16.337,,169,,86
7185,16.337,,169,,86
7186,16.346,,169,,86
7187,16.346,,169,,86
7188,16.346,,169,,87
7189,16.346,,169,,87
7190,16.359,,168,,88
7191,16.359,,168,,88
7192,16.359,,169,,88
7193,16.366,,168,,88
7194,16.366,,169,,88
7195,16.366,,169,,88
7196,16.375,,168,,88
7197,16.375,,168,,88
7198,16.375,,169,,88
7199,16.383,,168,,88
7200,16.383,,168,,88
7201,16.383,,169,,87
7202,16.39,,168,,87
7203,16.39,,168,,87
7204,16.39,,169,,87
7205,16.399,,168,,86
7206,16.399,,168,,86
7207,16.399,,168,,86
7208,16.399,,169,,86
7209,16.411,,168,,87
7210,16.411,,168,,87
7211,16.411,,169,,87
7212,16.411,,169,,87
7213,16.423,,168,,87
7214,16.423,,170,,86
7215,16.423,,169,,86
7216,16.431,,169,,86
7217,16.431,,170,,86
7218,16.431,,169,,87
7219,16.431,,169,,87
7220,16.441,,169,,86
7221,16.441,,169,,86
7222,16.441,,169,,86
7223,16.449,,168,,86
7224,16.449,,169,,86
7225,16.449,,169,,86
7226,16.459,,168,,86
7227,16.459,,168,,86
7228,16.459,,168,,86
7229,16.468,,168,,86
7230,16.468,,167,,86
7231,16.474,,168,,86
7232,16.474,,168,,86
7233,16.474,,168,,87
7234,16.483,,168,,86
7235,16.483,,169,,86
7236,16.483,,169,,87
7237,16.491,,169,,87
7238,16.491,,169,,87
7239,16.491,,168,,87
7240,16.5,,169,,87
7241,16.5,,168,,87
7242,16.5,,168,,87
7243,16.51,,169,,88
7244,16.51,,169,,88
7245,16.51,,170,,88
7246,16.519,,170,,88
7247,16.519,,169,,88
7248,16.519,,169,,88
7249,16.528,,168,,88
7250,16.528,,169,,88
7251,16.528,,169,,88
7252,16.528,,169,,88
7253,16.539,,169,,88
7254,16.539,,169,,88
7506,16.539,,131,,88
7507,16.539,,131,,88
7508,16.539,,131,,88
7509,16.539,,132,,88
7510,16.539,,135,,88
7511,16.551,,135,,88
7512,16.551,,136,,87
7513,16.551,,138,,87
7514,16.551,,138,,87
7515,16.551,,138,,87
7516,16.566,,139,,87
7517,16.566,,139,,87
7518,16.566,,139,,87
7519,16.577,,140,,87
7520,16.577,,141,,87
7521,16.577,,141,,87
7522,16.577,,142,,87
7523,16.591,,142,,87
7524,16.591,,143,,87
7525,16.591,,144,,87
7526,16.591,,145,,87
7527,16.604,,146,,87
7528,16.604,,146,,88
7529,16.604,,147,,88
7530,16.604,,147,,87
7531,16.614,,147,,87
7532,16.614,,147,,87
7533,16.614,,147,,87
7534,16.614,,148,,87
7535,16.625,,149,,88
7536,16.625,,149,,88
7537,16.625,,151,,88
7538,16.625,,151,,88
7539,16.637,,152,,88
7540,16.637,,153,,88
7541,16.637,,153,,88
7542,16.637,,154,,89
7543,16.637,,154,,89
7544,16.637,,155,,89
7545,16.649,,155,,89
7546,16.649,,155,,89
7547,16.649,,155,,89
7548,16.649,,155,,89
7549,16.663,,153,,90
7550,16.663,,151,,89
7551,16.663,,149,,91
7552,16.674,,147,,92
7553,16.674,,147,,92
7554,16.674,,148,,93
7555,16.674,,147,,94
7556,16.686,,146,,94
7557,16.686,,142,,94
7558,16.686,,142,,94
7559,16.696,,144,,94
7560,16.696,,146,,95
7561,16.696,,148,,96
7562,16.696,,150,,97
7563,16.709,,151,,97
7564,16.709,,152,,98
7565,16.709,,153,,98
7566,16.718,,154,,97
7567,16.718,,155,,97
7568,16.718,,156,,97
7569,16.718,,156,,97
7570,16.728,,156,,97
7571,16.728,,157,,97
7572,16.728,,157,,97
7573,16.737,,156,,97
7574,16.737,,157,,97
7575,16.737,,158,,97
7576,16.737,,158,,97
7577,16.748,,159,,96
7578,16.748,,157,,95
7579,16.748,,158,,95
7580,16.748,,158,,94
7581,16.76,,157,,93
7582,16.76,,158,,93
7583,16.76,,158,,94
7584,16.76,,158,,95
7585,16.771,,159,,95
7586,16.771,,158,,95
7587,16.771,,157,,95
7588,16.771,,157,,94
7589,16.782,,158,,94
7590,16.782,,158,,93
7591,16.782,,158,,93
7592,16.782,,158,,92
7593,16.793,,157,,92
7594,16.793,,157,,91
7595,16.793,,157,,91
7596,16.793,,157,,91
7597,16.804,,156,,90
7598,16.804,,157,,90
7599,16.804,,157,,89
7600,16.804,,157,,89
7601,16.816,,157,,89
7602,16.816,,158,,89
7603,16.816,,157,,89
7604,16.816,,158,,88
7605,16.826,,158,,88
7606,16.826,,157,,88
7607,16.826,,157,,88
7608,16.826,,158,,88
7609,16.837,,158,,88
7610,16.837,,159,,88
7611,16.837,,159,,88
7612,16.837,,158,,87
7613,16.837,,158,,87
7614,16.851,,158,,87
7615,16.851,,158,,87
7616,16.851,,158,,87
7617,16.851,,159,,87
7618,16.863,,159,,87
7619,16.863,,158,,87
7620,16.863,,158,,86
7621,16.863,,158,,86
7622,16.875,,157,,86
7623,16.875,,157,,86
7624,16.875,,157,,86
7625,16.875,,158,,86
7626,16.885,,158,,86
7627,16.885,,159,,86
7628,16.885,,159,,86
7629,16.885,,158,,86
7630,16.896,,159,,86
7631,16.896,,159,,86
7632,16.896,,159,,86
7633,16.896,,159,,86
7634,16.909,,159,,86
7635,16.909,,160,,86
7636,16.909,,160,,86
7637,16.918,,159,,86
7638,16.918,,160,,86
7639,16.918,,158,,86
7640,16.927,,159,,86
7641,16.927,,159,,86
7642,16.927,,160,,86
7643,16.927,,160,,87
7644,16.939,,160,,87
7645,16.939,,160,,87
7646,16.939,,159,,87
7647,16.939,,159,,87
7648,16.939,,159,,87
7649,16.952,,160,,87
7650,16.952,,161,,87
7651,16.952,,160,,87
7652,16.952,,160,,87
7653,16.964,,160,,88
7654,16.964,,160,,87
7655,16.964,,159,,87
7656,16.972,,160,,88
7657,16.972,,160,,88
7658,16.972,,159,,87
7659,16.972,,159,,87
7660,16.984,,159,,87
7661,16.984,,159,,87
7662,16.984,,159,,88
7663,16.984,,159,,88
7664,16.994,,159,,88
7665,16.994,,159,,88
7666,16.994,,158,,88
7667,16.994,,158,,89
7668,17.005,,158,,89
7669,17.005,,159,,89
7670,17.005,,159,,89
7671,17.005,,159,,89
7672,17.016,,160,,89
7673,17.016,,159,,89
7674,17.016,,159,,90
7675,17.016,,160,,90
7676,17.026,,161,,91
7677,17.026,,160,,92
7678,17.026,,160,,92
7679,17.026,,160,,92
7680,17.038,,160,,93
7681,17.038,,159,,93
7682,17.038,,160,,94
7683,17.038,,160,,94
7684,17.05,,161,,95
7685,17.05,,159,,95
7686,17.05,,159,,95
7687,17.05,,160,,95
7688,17.061,,161,,95
7689,17.061,,160,,94
7690,17.061,,160,,94
7691,17.061,,160,,93
7692,17.061,,160,,92
7693,17.074,,161,,91
7694,17.074,,161,,90
7695,17.074,,161,,89
7696,17.074,,160,,89
7697,17.086,,160,,88
7698,17.086,,161,,88
7699,17.086,,161,,88
7700,17.086,,161,,87
7701,17.097,,160,,87
7702,17.097,,160,,88
7703,17.097,,161,,88
7704,17.097,,161,,87
7705,17.108,,161,,87
7706,17.108,,161,,88
7707,17.108,,161,,88
7708,17.108,,161,,88
7709,17.121,,161,,88
7710,17.121,,162,,88
7711,17.121,,161,,88
7712,17.121,,161,,88
7713,17.132,,161,,88
7714,17.132,,161,,88
7715,17.132,,161,,88
7716,17.132,,161,,88
7717,17.143,,161,,88
7718,17.143,,160,,88
7719,17.143,,161,,87
7720,17.143,,161,,87
7721,17.143,,161,,87
7722,17.157,,161,,86
7723,17.157,,160,,86
7724,17.157,,160,,86
7725,17.157,,160,,86
7726,17.168,,160,,86
7727,17.168,,160,,86
7728,17.168,,160,,86
7729,17.168,,159,,86
7730,17.168,,159,,86
7731,17.181,,160,,85
7732,17.181,,160,,85
7733,17.181,,161,,85
7734,17.181,,160,,85
7735,17.181,,160,,85
7736,17.194,,160,,85
7737,17.194,,160,,85
7738,17.194,,161,,86
7739,17.194,,160,,86
7740,17.206,,161,,86
7741,17.206,,160,,86
7742,17.206,,160,,86
7743,17.206,,160,,86
7744,17.206,,161,,86
7745,17.219,,161,,86
7746,17.219,,161,,86
7747,17.219,,159,,86
7748,17.219,,159,,86
7749,17.23,,160,,86
7750,17.23,,160,,86
7751,17.23,,160,,87
7752,17.23,,159,,87
7753,17.23,,159,,87
7754,17.243,,159,,87
7755,17.243,,159,,87
7756,17.243,,160,,87
7757,17.243,,161,,87
7758,17.255,,161,,87
7759,17.255,,160,,88
7760,17.255,,160,,88
7761,17.255,,160,,88
7762,17.266,,160,,87
7763,17.266,,161,,89
7764,17.266,,160,,89
7765,17.266,,161,,89
7766,17.278,,160,,89
7767,17.278,,160,,89
7768,17.278,,161,,89
7769,17.278,,161,,89
7770,17.289,,161,,89
7771,17.289,,161,,88
7772,17.289,,161,,88
7773,17.289,,161,,89
7774,17.3,,162,,89
7775,17.3,,162,,89
7776,17.3,,162,,89
7777,17.3,,162,,89
7778,17.312,,162,,90
7779,17.312,,162,,90
7780,17.312,,163,,90
7781,17.312,,162,,90
7782,17.322,,162,,90
7783,17.322,,163,,91
7784,17.322,,163,,91
7785,17.322,,163,,91
7786,17.334,,162,,91
7787,17.334,,164,,92
7788,17.334,,163,,92
7789,17.334,,163,,92
7790,17.344,,163,,92
7791,17.344,,163,,92
7792,17.344,,164,,93
7793,17.344,,164,,93
7794,17.344,,164,,93
7795,17.356,,164,,93
7796,17.356,,164,,94
7797,17.356,,165,,94
7798,17.356,,164,,94
7799,17.368,,164,,94
7800,17.368,,166,,94
7801,17.368,,165,,94
7802,17.368,,165,,94
7803,17.38,,164,,94
7804,17.38,,164,,94
7805,17.38,,165,,94
7806,17.38,,165,,95
7807,17.393,,164,,96
7808,17.393,,164,,96
7809,17.393,,164,,96
7810,17.393,,164,,97
7811,17.405,,164,,98
7812,17.405,,164,,98
7813,17.405,,164,,98
7814,17.405,,164,,99
7815,17.417,,164,,98
7816,17.417,,163,,98
7817,17.417,,164,,97
7818,17.417,,164,,96
7819,17.428,,163,,94
7820,17.428,,163,,92
7821,17.428,,163,,92
7822,17.428,,163,,92
7823,17.428,,162,,93
7824,17.441,,162,,93
7825,17.441,,162,,94
7826,17.441,,162,,94
7827,17.441,,162,,94
7828,17.452,,162,,94
7829,17.452,,162,,94
7830,17.452,,162,,95
7831,17.452,,163,,95
7832,17.463,,162,,95
7833,17.463,,163,,96
7834,17.463,,163,,96
7835,17.463,,163,,96
7836,17.475,,164,,96
7837,17.475,,164,,96
7838,17.475,,164,,96
7839,17.475,,163,,96
7840,17.486,,163,,96
7841,17.486,,163,,96
7842,17.486,,164,,95
7843,17.495,,163,,93
7844,17.495,,163,,93
7845,17.495,,163,,93
7846,17.495,,163,,93
7847,17.507,,163,,93
7848,17.507,,163,,92
7849,17.507,,162,,92
7850,17.507,,163,,91
7851,17.518,,162,,90
7852,17.518,,163,,89
7853,17.518,,162,,89
7854,17.518,,162,,88
7855,17.518,,162,,88
7856,17.532,,163,,87
7857,17.532,,163,,87
7858,17.532,,163,,87
7859,17.532,,162,,86
7860,17.544,,162,,86
7861,17.544,,164,,85
7862,17.544,,163,,85
7863,17.544,,163,,85
7864,17.555,,163,,86
7865,17.555,,163,,86
7866,17.555,,164,,86
7867,17.555,,164,,86
7868,17.568,,164,,86
7869,17.568,,164,,86
7870,17.568,,164,,86
7871,17.578,,163,,87
7872,17.578,,165,,86
7873,17.578,,165,,87
7874,17.578,,165,,87
7875,17.59,,164,,87
7876,17.59,,164,,87
7877,17.59,,166,,86
7878,17.59,,165,,86
7879,17.601,,165,,87
7880,17.601,,165,,87
7881,17.601,,165,,87
7882,17.601,,165,,87
7883,17.611,,165,,87
7884,17.611,,164,,86
7885,17.611,,165,,86
7886,17.611,,165,,86
7887,17.622,,165,,86
7888,17.622,,164,,87
7889,17.622,,165,,87
7890,17.622,,165,,87
7891,17.633,,165,,87
7892,17.633,,164,,87
7893,17.633,,164,,87
7894,17.633,,165,,87
7895,17.645,,165,,87
7896,17.645,,165,,87
7897,17.645,,164,,87
7898,17.645,,164,,86
7899,17.658,,166,,86
7900,17.658,,165,,86
7901,17.658,,164,,86
7902,17.658,,164,,86
7903,17.669,,164,,86
7904,17.669,,164,,87
7905,17.669,,164,,87
7906,17.669,,164,,86
7907,17.669,,164,,86
7908,17.683,,164,,86
7909,17.683,,165,,87
7910,17.683,,165,,87
7911,17.691,,164,,87
7912,17.691,,164,,87
7913,17.691,,165,,87
7914,17.7,,165,,87
7915,17.7,,164,,87
7916,17.7,,164,,88
7917,17.7,,164,,88
7918,17.712,,165,,89
7919,17.712,,165,,89
7920,17.717,,164,,89
7921,17.717,,165,,89
7922,17.717,,165,,89
7923,17.717,,165,,89
7924,17.728,,164,,89
7925,17.728,,164,,89
7926,17.728,,165,,89
7927,17.728,,165,,89
7928,17.74,,165,,89
7929,17.74,,164,,90
7930,17.74,,165,,91
7931,17.74,,165,,91
7932,17.752,,164,,90
7933,17.752,,164,,90
7934,17.752,,164,,89
7935,17.752,,164,,89
7936,17.764,,164,,89
7937,17.764,,164,,89
7938,17.764,,164,,89
7939,17.764,,164,,89
7940,17.775,,165,,90
7941,17.775,,164,,90
7942,17.775,,164,,89
7943,17.775,,165,,90
7944,17.775,,0,,0
8067,17.775,,140,,88
8068,17.785,,141,,88
8069,17.785,,140,,88
8070,17.785,,140,,88
8071,17.785,,142,,89
8072,17.796,,144,,89
8073,17.796,,145,,89
8074,17.796,,144,,89
8075,17.806,,144,,89
8076,17.806,,145,,89
8077,17.806,,144,,89
8078,17.815,,144,,89
8079,17.815,,144,,90
8080,17.815,,144,,90
8081,17.815,,143,,90
8082,17.827,,143,,90
8083,17.827,,144,,89
8084,17.827,,144,,89
8085,17.838,,144,,90
8086,17.838,,145,,91
8087,17.838,,145,,91
8088,17.838,,145,,91
8089,17.85,,145,,91
8090,17.85,,145,,91
8091,17.85,,146,,91
8092,17.85,,147,,91
8093,17.862,,147,,91
8094,17.862,,148,,92
8095,17.862,,147,,92
8096,17.871,,148,,91
8097,17.871,,148,,89
8098,17.871,,149,,89
8099,17.879,,149,,88
8100,17.879,,150,,88
8101,17.879,,150,,88
8102,17.879,,150,,88
8103,17.891,,151,,88
8104,17.891,,151,,87
8105,17.891,,152,,87
8106,17.891,,152,,87
8107,17.903,,154,,87
8108,17.903,,154,,87
8109,17.903,,155,,87
8110,17.903,,156,,87
8111,17.914,,156,,87
8112,17.914,,158,,87
8113,17.914,,157,,87
8114,17.914,,157,,87
8115,17.925,,157,,87
8116,17.925,,158,,87
8117,17.925,,157,,87
8118,17.925,,159,,87
8119,17.936,,159,,87
8120,17.936,,160,,87
8121,17.936,,160,,88
8122,17.936,,161,,88
8123,17.946,,161,,88
8124,17.946,,161,,88
8125,17.946,,161,,88
8126,17.946,,162,,88
8127,17.957,,162,,88
8128,17.957,,162,,88
8129,17.957,,162,,88
8130,17.957,,162,,88
8131,17.967,,163,,88
8132,17.967,,163,,88
8133,17.967,,163,,87
8134,17.967,,163,,87
8135,17.979,,163,,87
8136,17.979,,163,,86
8137,17.979,,163,,87
8138,17.979,,163,,87
8139,17.992,,163,,87
8140,17.992,,164,,87
8141,17.992,,164,,88
8142,17.992,,163,,88
8143,18.003,,163,,88
8144,18.003,,164,,88
8145,18.003,,164,,88
8146,18.012,,164,,89
8147,18.012,,163,,89
8148,18.012,,163,,89
8149,18.02,,165,,89
8150,18.02,,165,,89
8151,18.02,,164,,90
8152,18.02,,163,,90
8153,18.031,,164,,90
8154,18.031,,164,,90
8155,18.031,,164,,90
8156,18.031,,163,,91
8157,18.042,,163,,91
8158,18.042,,164,,91
8159,18.042,,164,,91
8160,18.05,,164,,91
8161,18.05,,163,,91
8162,18.05,,164,,92
8163,18.058,,164,,92
8164,18.058,,164,,92
8165,18.058,,165,,92
8166,18.058,,164,,92
8167,18.069,,165,,92
8168,18.069,,165,,92
8169,18.069,,165,,92
8170,18.069,,164,,92
8171,18.079,,165,,92
8172,18.079,,164,,92
8173,18.079,,164,,91
8174,18.079,,164,,90
8175,18.079,,164,,90
8176,18.093,,165,,91
8177,18.093,,164,,91
8178,18.093,,165,,91
8179,18.093,,164,,91
8180,18.105,,164,,91
8181,18.105,,166,,92
8182,18.105,,165,,92
8183,18.105,,165,,92
8184,18.115,,165,,92
8185,18.115,,165,,92
8186,18.115,,166,,92
8187,18.115,,165,,93
8188,18.127,,165,,92
8189,18.127,,167,,92
8190,18.127,,166,,91
8191,18.136,,166,,91
8192,18.136,,168,,91
8193,18.136,,166,,91
8194,18.136,,166,,91
8195,18.148,,166,,91
8196,18.148,,166,,91
8197,18.148,,166,,91
8198,18.148,,166,,91
8199,18.159,,165,,91
8200,18.159,,166,,91
8201,18.159,,165,,91
8202,18.159,,164,,90
8203,18.171,,165,,90
8204,18.171,,165,,89
8205,18.171,,165,,88
8206,18.171,,165,,88
8207,18.182,,165,,88
8208,18.182,,166,,88
8209,18.182,,165,,88
8210,18.191,,165,,88
8211,18.191,,165,,88
8212,18.191,,165,,88
8213,18.2,,166,,88
8214,18.2,,165,,88
8215,18.2,,164,,87
8216,18.2,,166,,87
8217,18.212,,165,,87
8218,18.212,,164,,87
8219,18.212,,164,,87
8220,18.212,,165,,87
8221,18.224,,165,,87
8222,18.224,,165,,87
8223,18.224,,164,,87
8224,18.224,,163,,87
8225,18.234,,164,,87
8226,18.234,,164,,87
8227,18.234,,164,,87
8228,18.234,,163,,87
8229,18.244,,163,,87
8230,18.244,,163,,86
8231,18.244,,163,,87
8232,18.254,,163,,86
8233,18.254,,163,,87
8234,18.254,,162,,87
8235,18.263,,162,,88
8236,18.263,,164,,88
8237,18.263,,164,,88
8238,18.272,,163,,88
8239,18.272,,163,,88
8240,18.272,,164,,88
8241,18.281,,164,,89
8242,18.281,,163,,89
8243,18.281,,163,,89
8244,18.281,,163,,90
8245,18.293,,164,,90
8246,18.293,,163,,91
8247,18.293,,163,,92
8248,18.293,,163,,92
8249,18.293,,163,,92
8250,18.306,,164,,92
8251,18.306,,165,,93
8252,18.306,,164,,95
8253,18.317,,163,,95
8254,18.317,,164,,96
8255,18.317,,165,,96
8256,18.326,,165,,96
8257,18.326,,164,,96
8258,18.326,,164,,97
8259,18.335,,165,,97
8260,18.335,,165,,97
8261,18.335,,165,,96
8262,18.335,,164,,94
8263,18.345,,164,,94
8264,18.345,,166,,94
8265,18.345,,165,,94
8266,18.345,,164,,94
8267,18.355,,165,,94
8268,18.355,,165,,94
8269,18.355,,165,,94
8270,18.355,,165,,94
8271,18.355,,165,,94
8272,18.368,,166,,94
8273,18.368,,165,,94
8274,18.368,,166,,94
8275,18.368,,165,,94
8276,18.368,,166,,94
8277,18.383,,166,,95
8278,18.383,,166,,95
8279,18.383,,165,,95
8280,18.383,,166,,95
8281,18.393,,167,,95
8282,18.393,,166,,94
8283,18.393,,166,,93
8284,18.393,,165,,92
8285,18.406,,166,,91
8286,18.406,,166,,91
8287,18.406,,165,,91
8288,18.406,,165,,91
8289,18.419,,165,,91
8290,18.419,,166,,91
8291,18.419,,165,,91
8292,18.419,,166,,91
8293,18.419,,165,,91
8294,18.431,,166,,91
8295,18.431,,165,,91
8296,18.431,,165,,91
8297,18.431,,166,,91
8298,18.442,,166,,90
8299,18.442,,165,,89
8300,18.442,,167,,89
8301,18.442,,166,,88
8302,18.453,,166,,89
8303,18.453,,166,,89
8304,18.453,,166,,89
8305,18.453,,166,,89
8306,18.464,,166,,89
8307,18.464,,166,,88
8308,18.464,,166,,88
8309,18.464,,165,,89
8310,18.464,,165,,89
8311,18.478,,166,,89
8312,18.478,,166,,90
8313,18.478,,165,,90
8314,18.486,,167,,90
8315,18.486,,166,,89
8316,18.486,,166,,89
8317,18.495,,166,,90
8318,18.495,,167,,90
8319,18.495,,167,,90
8320,18.495,,167,,90
8321,18.506,,167,,90
8322,18.506,,167,,90
8323,18.506,,167,,90
8324,18.506,,0,,0
8445,18.506,,143,,84
8446,18.506,,143,,83
8447,18.506,,145,,83
8448,18.506,,145,,84
8449,18.506,,146,,84
8450,18.519,,147,,84
8451,18.519,,147,,84
8452,18.519,,148,,85
8453,18.519,,148,,84
8454,18.532,,148,,84
8455,18.532,,148,,84
8456,18.532,,149,,84
8457,18.542,,149,,85
8458,18.542,,149,,85
8459,18.542,,149,,85
8460,18.552,,150,,85
8461,18.552,,150,,84
8462,18.552,,151,,85
8463,18.561,,152,,85
8464,18.561,,152,,85
8465,18.561,,153,,84
8466,18.57,,154,,84
8467,18.57,,155,,84
8468,18.57,,156,,84
8469,18.579,,156,,85
8470,18.579,,157,,85
8471,18.579,,157,,85
8472,18.587,,157,,85
8473,18.587,,157,,85
8474,18.587,,156,,85
8475,18.587,,157,,85
8476,18.599,,156,,86
8477,18.599,,156,,85
8478,18.599,,157,,85
8479,18.609,,157,,85
8480,18.609,,157,,85
8481,18.609,,157,,85
8482,18.609,,158,,85
8483,18.621,,159,,85
8484,18.621,,158,,85
8485,18.621,,158,,85
8486,18.621,,158,,85
8487,18.632,,158,,85
8488,18.632,,159,,86
8489,18.632,,159,,85
8490,18.632,,160,,86
8491,18.644,,160,,86
8492,18.644,,161,,86
8493,18.644,,161,,86
8494,18.644,,161,,86
8495,18.656,,161,,86
8496,18.656,,162,,86
8497,18.656,,162,,86
8498,18.656,,164,,86
8499,18.668,,163,,86
8500,18.668,,163,,86
8501,18.668,,163,,86
8502,18.668,,163,,86
8503,18.679,,164,,86
8504,18.679,,164,,86
8505,18.679,,164,,86
8506,18.679,,163,,86
8507,18.69,,164,,86
8508,18.69,,164,,86
8509,18.69,,164,,86
8510,18.69,,163,,86
8511,18.701,,163,,86
8512,18.701,,163,,86
8513,18.701,,163,,86
8514,18.701,,163,,86
8515,18.713,,163,,86
8516,18.713,,162,,86
8517,18.713,,162,,86
8518,18.713,,163,,86
8519,18.724,,162,,86
8520,18.724,,163,,86
8521,18.724,,163,,86
8522,18.733,,163,,86
8523,18.733,,163,,86
8524,18.733,,163,,86
8525,18.741,,163,,86
8526,18.741,,163,,86
8527,18.741,,163,,86
8528,18.75,,163,,86
8529,18.75,,163,,86
8530,18.75,,163,,86
8531,18.759,,163,,86
8532,18.759,,163,,86
8533,18.759,,163,,86
8534,18.767,,164,,86
8535,18.767,,163,,85
8536,18.767,,163,,86
8537,18.776,,163,,86
8538,18.776,,163,,86
8539,18.776,,163,,86
8540,18.785,,163,,86
8541,18.785,,162,,86
8542,18.785,,163,,86
8543,18.793,,163,,86
8544,18.793,,163,,86
8545,18.793,,163,,86
8546,18.793,,163,,86
8547,18.793,,163,,86
8548,18.806,,164,,85
8549,18.806,,163,,86
8550,18.806,,163,,86
8551,18.806,,163,,86
8552,18.817,,163,,86
8553,18.817,,164,,86
8554,18.817,,164,,86
8555,18.826,,164,,86
8556,18.826,,164,,86
8557,18.826,,164,,86
8558,18.826,,164,,86
8559,18.838,,164,,86
8560,18.838,,163,,86
8561,18.838,,163,,86
8562,18.847,,164,,86
8563,18.847,,164,,86
8564,18.847,,164,,86
8565,18.847,,164,,86
8566,18.859,,164,,86
8567,18.859,,165,,86
8568,18.859,,165,,86
8569,18.859,,165,,86
8570,18.87,,164,,86
8571,18.87,,165,,86
8572,18.87,,165,,85
8573,18.87,,166,,85
8574,18.88,,165,,85
8575,18.88,,164,,85
8576,18.88,,165,,86
8577,18.88,,165,,86
8578,18.892,,164,,87
8579,18.892,,164,,87
8580,18.892,,163,,87
8581,18.892,,165,,87
8582,18.892,,164,,87
8583,18.905,,164,,87
8584,18.905,,164,,86
8585,18.905,,164,,87
8586,18.905,,166,,87
8587,18.905,,165,,87
8588,18.916,,165,,86
8589,18.916,,166,,86
8590,18.916,,165,,86
8591,18.916,,165,,86
8592,18.926,,165,,86
8593,18.926,,165,,86
8594,18.926,,165,,86
8595,18.935,,164,,86
8596,18.935,,164,,85
8597,18.935,,166,,85
8598,18.944,,165,,85
8599,18.944,,165,,85
8600,18.944,,165,,85
8601,18.944,,165,,85
8602,18.955,,166,,85
8603,18.955,,165,,84
8604,18.955,,165,,84
8605,18.963,,166,,84
8606,18.963,,166,,84
8607,18.963,,166,,84
8608,18.973,,166,,84
8609,18.973,,166,,84
8610,18.973,,166,,84
8611,18.981,,167,,84
8612,18.981,,166,,83
8613,18.981,,166,,84
8614,18.981,,167,,84
8615,18.994,,166,,85
8616,18.994,,166,,84
8617,18.994,,166,,84
8618,18.994,,165,,84
8619,19.005,,166,,84
8620,19.005,,165,,85
8621,19.005,,165,,85
8622,19.005,,166,,85
8623,19.017,,167,,85
8624,19.017,,165,,85
8625,19.017,,165,,85
8626,19.017,,166,,86
8627,19.029,,166,,85
8628,19.029,,166,,85
8629,19.029,,165,,85
8630,19.029,,165,,85
8631,19.041,,166,,85
8632,19.041,,166,,85
8633,19.041,,165,,85
8634,19.049,,165,,85
8635,19.049,,166,,85
8636,19.049,,167,,85
8637,19.058,,166,,85
8638,19.058,,166,,85
8639,19.058,,167,,84
8640,19.058,,167,,84
8641,19.071,,166,,85
8642,19.071,,166,,84
8643,19.071,,168,,84
8644,19.079,,167,,85
8645,19.079,,167,,85
8646,19.079,,166,,85
8647,19.089,,167,,85
8648,19.089,,167,,85
8649,19.089,,167,,84
8650,19.099,,167,,84
8651,19.099,,168,,84
8652,19.099,,168,,84
8653,19.107,,168,,84
8654,19.107,,168,,84
8655,19.107,,169,,84
8656,19.107,,169,,84
8657,19.119,,168,,85
8658,19.119,,169,,84
8659,19.119,,169,,84
8660,19.119,,169,,84
8661,19.13,,168,,84
8662,19.13,,170,,84
8663,19.13,,169,,84
8664,19.139,,168,,85
8665,19.139,,169,,84
8666,19.139,,169,,84
8667,19.139,,169,,85
8668,19.152,,169,,85
8669,19.152,,169,,85
8670,19.152,,169,,85
8671,19.152,,169,,85
8672,19.163,,169,,85
8673,19.163,,168,,85
8674,19.163,,168,,85
8675,19.163,,169,,85
8676,19.175,,169,,85
8677,19.175,,169,,85
8678,19.175,,169,,85
8679,19.184,,169,,85
8680,19.184,,169,,85
8681,19.184,,170,,85
8682,19.184,,169,,85
8683,19.195,,169,,85
8684,19.195,,169,,85
8685,19.195,,169,,85
8686,19.195,,170,,86
8687,19.207,,169,,86
8688,19.207,,169,,86
8746,19.207,,148,,84.6
8747,19.207,,146,,84
8748,19.217,,147,,84
8749,19.217,,148,,84
8750,19.217,,149,,85
8751,19.217,,149,,85
8752,19.228,,149,,85
8753,19.228,,148,,85
8754,19.228,,148,,85
8755,19.239,,148,,85
8756,19.239,,149,,85
8757,19.239,,149,,84
8758,19.25,,150,,84
8759,19.25,,151,,85
8760,19.25,,152,,84
8761,19.259,,152,,84
8762,19.259,,153,,84
8763,19.259,,153,,84
8764,19.269,,153,,84
8765,19.269,,154,,85
8766,19.269,,155,,85
8767,19.278,,156,,84
8768,19.278,,156,,85
8769,19.278,,157,,84
8770,19.287,,158,,85
8771,19.287,,158,,85
8772,19.287,,158,,85
8773,19.287,,158,,85
8774,19.3,,159,,85
8775,19.3,,158,,85
8776,19.3,,160,,85
8777,19.309,,160,,85
8778,19.309,,160,,85
8779,19.309,,162,,85
8780,19.318,,161,,85
8781,19.318,,163,,85
8782,19.318,,163,,85
8783,19.327,,163,,85
8784,19.327,,164,,85
8785,19.327,,166,,86
8786,19.336,,165,,86
8787,19.336,,164,,85
8788,19.336,,166,,85
8789,19.345,,166,,85
8790,19.345,,166,,85
8791,19.345,,166,,84
8792,19.345,,165,,85
8793,19.357,,167,,85
8794,19.357,,166,,85
8795,19.357,,166,,85
8796,19.366,,166,,85
8797,19.366,,167,,84
8798,19.366,,167,,85
8799,19.375,,168,,84
8800,19.375,,168,,85
8801,19.375,,168,,85
8802,19.375,,168,,85
8803,19.388,,168,,85
8804,19.388,,169,,85
8805,19.388,,169,,86
8806,19.388,,169,,86
8807,19.4,,169,,85
8808,19.4,,170,,85
8809,19.4,,170,,85
8810,19.408,,169,,85
8811,19.408,,171,,85
8812,19.408,,170,,85
8813,19.408,,169,,85
8814,19.42,,171,,86
8815,19.42,,171,,86
8816,19.42,,170,,86
8817,19.42,,171,,85
8818,19.432,,171,,85
8819,19.432,,170,,85
8820,19.432,,170,,85
8821,19.441,,170,,85
8822,19.441,,170,,85
8823,19.441,,170,,85
8824,19.441,,171,,85
8825,19.453,,170,,85
8826,19.453,,169,,85
8827,19.453,,170,,85
8828,19.462,,171,,85
8829,19.462,,169,,85
8830,19.462,,170,,85
8831,19.47,,170,,85
8832,19.47,,169,,85
8833,19.47,,169,,85
8834,19.478,,170,,85
8835,19.478,,169,,85
8836,19.478,,169,,85
8837,19.487,,171,,85
8838,19.487,,170,,86
8839,19.487,,169,,86
8840,19.496,,170,,86
8841,19.496,,169,,86
8842,19.496,,169,,86
8843,19.504,,169,,86
8844,19.504,,170,,86
8845,19.504,,169,,86
8846,19.513,,170,,86
8847,19.513,,170,,85
8848,19.513,,170,,86
8849,19.521,,170,,86
8850,19.521,,171,,86
8851,19.521,,171,,85
8852,19.521,,170,,86
8853,19.533,,172,,86
8854,19.533,,172,,86
8855,19.533,,171,,86
8856,19.541,,172,,86
8857,19.541,,172,,86
8858,19.541,,173,,86
8859,19.55,,172,,86
8860,19.55,,172,,86
8861,19.55,,173,,85
8862,19.558,,172,,86
8863,19.558,,171,,85
8864,19.558,,171,,85
8865,19.566,,171,,85
8866,19.566,,171,,85
8867,19.566,,172,,85
8868,19.566,,170,,86
8869,19.576,,171,,85
8870,19.576,,0,,0
8971,19.576,,147,,92
8972,19.576,,147,,92
8973,19.581,,147,,92
8974,19.581,,147,,92
8975,19.581,,146,,92
8976,19.581,,146,,92
8977,19.587,,146,,92
8978,19.587,,146,,91
8979,19.587,,146,,91
8980,19.587,,146,,91
8981,19.587,,146,,90
8982,19.587,,146,,90
8983,19.587,,146,,89
8984,19.597,,145,,89
8985,19.597,,146,,89
8986,19.597,,146,,89
8987,19.597,,146,,89
8988,19.606,,146,,90
8989,19.606,,146,,90
8990,19.606,,145,,89
8991,19.606,,145,,90
8992,19.614,,144,,90
8993,19.614,,144,,90
8994,19.614,,144,,90
8995,19.614,,145,,90
8996,19.614,,145,,90
8997,19.621,,144,,90
8998,19.621,,144,,90
8999,19.621,,143,,90
9000,19.621,,144,,90
9001,19.621,,144,,91
9002,19.621,,143,,90
9003,19.621,,144,,89
9004,19.629,,144,,89
9005,19.629,,144,,89
9006,19.629,,145,,88
9007,19.629,,144,,88
9008,19.629,,144,,88
9009,19.638,,144,,88
9010,19.638,,144,,88
9011,19.638,,144,,87
9012,19.638,,143,,87
9013,19.645,,143,,87
9014,19.645,,144,,86
9015,19.645,,144,,86
9016,19.645,,144,,86
9017,19.645,,144,,86
9018,19.653,,144,,86
9019,19.653,,144,,86
9020,19.653,,144,,86
9021,19.658,,144,,86
9022,19.658,,144,,86
9023,19.658,,145,,87
9024,19.664,,145,,87
9025,19.664,,145,,87
9026,19.664,,145,,87
9027,19.67,,144,,87
9028,19.67,,144,,87
9029,19.67,,144,,88
9030,19.67,,144,,88
9031,19.677,,144,,88
9032,19.677,,144,,89
9033,19.677,,144,,89
9034,19.682,,144,,89
9035,19.682,,144,,89
9036,19.682,,145,,89
9037,19.687,,145,,89
9038,19.687,,145,,89
9039,19.687,,144,,89
9040,19.692,,144,,89
9041,19.692,,143,,88
9042,19.692,,144,,88
9043,19.692,,143,,88
9044,19.697,,143,,88
9045,19.697,,143,,88
9046,19.697,,143,,88
9047,19.697,,143,,88
9048,19.704,,142,,89
9049,19.704,,143,,89
9050,19.704,,143,,88
9051,19.704,,143,,88
9052,19.711,,144,,88
9053,19.711,,144,,88
9054,19.711,,144,,89
9055,19.717,,145,,89
9056,19.717,,145,,89
9057,19.717,,145,,89
9058,19.717,,145,,89
9059,19.724,,145,,89
9060,19.724,,145,,89
9061,19.724,,145,,89
9062,19.724,,145,,90
9063,19.724,,145,,90
9064,19.732,,145,,90
9065,19.732,,144,,90
9066,19.732,,145,,90
9067,19.737,,145,,90
9068,19.737,,144,,90
9069,19.737,,145,,90
9070,19.737,,145,,91
9071,19.737,,145,,90
9072,19.744,,146,,91
9073,19.744,,146,,91
9074,19.744,,146,,91
9075,19.744,,146,,91
9076,19.744,,147,,91
9077,19.744,,146,,91
9078,19.752,,146,,91
9079,19.752,,146,,91
9080,19.752,,146,,91
9081,19.752,,147,,91
9082,19.76,,146,,92
9083,19.76,,146,,92
9084,19.76,,145,,92
9085,19.76,,145,,92
9086,19.766,,144,,92
9087,19.766,,144,,92
9088,19.766,,145,,93
9089,19.766,,145,,93
9090,19.766,,145,,93
9091,19.774,,145,,93
9092,19.774,,144,,93
9093,19.774,,144,,93
9094,19.774,,143,,93
9095,19.774,,143,,93
9096,19.782,,143,,93
9097,19.782,,143,,93
9098,19.782,,143,,93
9099,19.782,,143,,93
9100,19.789,,143,,93
9101,19.789,,143,,93
9102,19.789,,143,,93
9103,19.789,,142,,94
9104,19.796,,142,,94
9105,19.796,,141,,94
9106,19.796,,141,,94
9107,19.796,,141,,94
9108,19.803,,141,,94
9109,19.803,,141,,94
9110,19.803,,141,,94
9111,19.808,,141,,94
9112,19.808,,141,,94
9113,19.808,,142,,95
9114,19.808,,142,,94
9115,19.815,,142,,94
9116,19.815,,142,,95
9117,19.815,,143,,95
9118,19.815,,143,,95
9119,19.815,,143,,95
9120,19.815,,142,,95
9121,19.815,,143,,95
9122,19.824,,144,,94
9123,19.824,,144,,94
9124,19.824,,143,,94
9125,19.824,,143,,94
9126,19.824,,144,,94
9127,19.831,,144,,95
9128,19.831,,144,,95
9129,19.831,,144,,95
9130,19.831,,143,,95
9131,19.839,,144,,95
9132,19.839,,143,,95
9133,19.839,,143,,95
9134,19.839,,144,,95
9135,19.847,,144,,95
9136,19.847,,144,,95
9137,19.847,,144,,95
9138,19.853,,144,,95
9139,19.853,,143,,96
9140,19.853,,143,,96
9141,19.859,,142,,95
9142,19.859,,143,,96
9143,19.859,,143,,96
9144,19.865,,142,,96
9145,19.865,,142,,97
9146,19.865,,142,,97
9147,19.865,,143,,97
9148,19.872,,142,,97
9149,19.872,,143,,97
9150,19.872,,143,,98
9151,19.872,,143,,98
9152,19.878,,143,,98
9153,19.878,,143,,98
9154,19.878,,144,,98
9155,19.878,,144,,98
9156,19.878,,144,,98
9157,19.884,,144,,98
9158,19.884,,144,,98
9159,19.884,,143,,98
9160,19.884,,144,,99
9161,19.891,,144,,99
9162,19.891,,143,,99
9163,19.891,,143,,99
9164,19.891,,142,,99
9165,19.898,,142,,99
9166,19.898,,142,,99
9167,19.898,,141,,99
9168,19.904,,141,,99
9169,19.904,,140,,98
9170,19.904,,140,,98
9171,19.904,,139,,98
9172,19.904,,139,,98
9173,19.91,,138,,98
9174,19.91,,138,,98
9175,19.91,,134,,97
9176,19.91,,133,,97
9177,19.92,,135,,97
9178,19.92,,137,,97
9179,19.92,,138,,96
9180,19.929,,139,,96
9181,19.929,,140,,96
9182,19.929,,141,,96
9183,19.939,,141,,95
9184,19.939,,141,,95
9185,19.939,,142,,95
9186,19.949,,144,,96
9187,19.949,,145,,96
9188,19.949,,146,,96
9189,19.958,,147,,95
9190,19.958,,148,,95
9191,19.958,,150,,95
9192,19.967,,149,,95
9193,19.967,,151,,94
9194,19.967,,151,,94
9195,19.977,,152,,93
9196,19.977,,153,,93
9197,19.984,,153,,92
9198,19.984,,154,,92
9199,19.984,,155,,92
9200,19.993,,154,,92
9201,19.993,,156,,92
9202,19.993,,156,,92
9203,20.002,,156,,92
9204,20.002,,156,,92
9205,20.002,,156,,92
9206,20.011,,156,,93
9207,20.011,,156,,94
9208,20.011,,157,,93
9209,20.018,,157,,93
9210,20.018,,157,,93
9211,20.018,,159,,93
9212,20.026,,160,,93
9213,20.026,,160,,92
9214,20.026,,159,,92
9215,20.034,,160,,91
9216,20.034,,161,,91
9217,20.034,,161,,90
9218,20.043,,161,,90
9219,20.043,,161,,90
9220,20.043,,164,,90
9221,20.053,,163,,89
9222,20.053,,164,,89
9223,20.053,,164,,89
9224,20.061,,165,,90
9225,20.061,,165,,90
9226,20.061,,164,,89
9227,20.07,,164,,89
9228,20.07,,164,,89
9229,20.07,,165,,89
9230,20.078,,165,,89
9231,20.078,,164,,88
9232,20.078,,166,,88
9233,20.087,,165,,88
9234,20.087,,165,,88
9235,20.087,,165,,88
9236,20.097,,165,,88
9237,20.097,,165,,88
9238,20.103,,166,,88
9239,20.103,,165,,88
9240,20.109,,164,,88
9241,20.109,,165,,88
9242,20.109,,164,,88
9243,20.109,,164,,88
9244,20.109,,0,,0
