secs,km,power,hr,cad,alt
0,0,,99,,1739
1,0.00175,,99,,1739
2,0.00476,,99,,1739.2
3,0.00761,,98.6667,,1738.93
4,0.01046,,98.3333,,1738.67
5,0.01331,,98,,1738.4
6,0.016152,,98.4,,1738.6
7,0.018994,,98.8,,1738.8
8,0.021836,,99.2,,1739
9,0.024678,,99.6,,1739.2
10,0.02752,,100,,1739.4
11,0.03085,,101,,1739.7
12,0.03418,,102,,1740
13,0.03565,,103,,1740.2
14,0.03823,,104,,1740.4
15,0.04095,,104,,1740.6
16,0.04367,,104,,1740.8
17,0.04574,,104.5,,1741
18,0.04781,,105,,1741.2
19,0.04976,,106.5,,1741.5
20,0.05171,,108,,1741.8
21,0.054125,,109,,1742
22,0.05654,,110,,1742.2
23,0.0589,,111,,1742.2
24,0.0616,,111,,1742.6
25,0.06416,,112,,1742.8
26,0.06672,,113,,1743
27,0.06832,,113,,1743.4
28,0.069925,,113.5,,1743.7
29,0.07153,,114,,1744
30,0.07294,,115,,1744
31,0.07523,,116.5,,1744.3
32,0.07752,,118,,1744.6
33,0.07971,,118,,1744.8
34,0.082386,,118.6,,1744.84
35,0.085062,,119.2,,1744.88
36,0.087738,,119.8,,1744.92
37,0.090414,,120.4,,1744.96
38,0.09309,,121,,1745
39,0.09526,,120,,1744.8
40,0.09786,,120,,1744.9
41,0.10046,,120,,1745
42,0.103465,,120.5,,1745
43,0.10647,,121,,1745
44,0.109248,,121.5,,1744.95
45,0.112025,,122,,1744.9
46,0.114803,,122.5,,1744.85
47,0.11758,,123,,1744.8
48,0.120652,,123.2,,1744.88
49,0.123724,,123.4,,1744.96
50,0.126796,,123.6,,1745.04
51,0.129868,,123.8,,1745.12
52,0.13294,,124,,1745.2
53,0.135938,,124.4,,1745.2
54,0.138936,,124.8,,1745.2
55,0.141934,,125.2,,1745.2
56,0.144932,,125.6,,1745.2
57,0.14793,,126,,1745.2
58,0.15085,,126,,1745.23
59,0.15377,,126,,1745.26
60,0.15669,,126,,1745.29
61,0.15961,,126,,1745.31
62,0.16253,,126,,1745.34
63,0.16545,,126,,1745.37
64,0.16837,,126,,1745.4
65,0.171187,,125.833,,1745.4
66,0.174003,,125.667,,1745.4
67,0.17682,,125.5,,1745.4
68,0.179637,,125.333,,1745.4
69,0.182453,,125.167,,1745.4
70,0.18527,,125,,1745.4
71,0.18825,,125,,1745.5
72,0.19123,,125,,1745.6
73,0.19395,,125.5,,1745.6
74,0.19667,,126,,1745.6
75,0.199632,,126,,1745.63
76,0.202593,,126,,1745.67
77,0.205555,,126,,1745.7
78,0.208517,,126,,1745.73
79,0.211478,,126,,1745.77
80,0.21444,,126,,1745.8
81,0.217187,,126,,1745.8
82,0.219933,,126,,1745.8
83,0.22268,,126,,1745.8
84,0.225427,,126,,1745.8
85,0.228173,,126,,1745.8
86,0.23092,,126,,1745.8
87,0.233905,,126,,1745.83
88,0.23689,,126,,1745.87
89,0.239875,,126,,1745.9
90,0.24286,,126,,1745.93
91,0.245845,,126,,1745.97
92,0.24883,,126,,1746
93,0.25193,,126.167,,1746
94,0.25503,,126.333,,1746
95,0.25813,,126.5,,1746
96,0.26123,,126.667,,1746
97,0.26433,,126.833,,1746
98,0.26743,,127,,1746
99,0.27079,,127,,1745.8
100,0.27415,,127,,1745.6
101,0.27751,,127,,1745.4
102,0.28087,,127,,1745.2
103,0.28423,,127,,1745
104,0.28759,,127,,1744.8
105,0.29095,,127,,1744.6
106,0.29431,,127,,1744.4
107,0.29736,,126.75,,1744.35
108,0.30041,,126.5,,1744.3
109,0.30346,,126.25,,1744.25
110,0.30651,,126,,1744.2
111,0.30962,,126,,1744.24
112,0.31273,,126,,1744.28
113,0.31584,,126,,1744.32
114,0.31895,,126,,1744.36
115,0.32206,,126,,1744.4
116,0.324899,,126,,1744.43
117,0.327737,,126,,1744.46
118,0.330576,,126,,1744.49
119,0.333414,,126,,1744.51
120,0.336253,,126,,1744.54
121,0.339091,,126,,1744.57
122,0.34193,,126,,1744.6
123,0.344568,,126,,1744.68
124,0.347206,,126,,1744.76
125,0.349844,,126,,1744.84
126,0.352482,,126,,1744.92
127,0.35512,,126,,1745
128,0.357597,,126,,1745.03
129,0.360073,,126,,1745.07
130,0.36255,,126,,1745.1
131,0.365027,,126,,1745.13
132,0.367503,,126,,1745.17
133,0.36998,,126,,1745.2
134,0.37265,,126,,1745.4
135,0.37532,,126,,1745.6
136,0.377743,,126.667,,1745.67
137,0.380167,,127.333,,1745.73
138,0.38259,,128,,1745.8
139,0.385283,,128.333,,1745.93
140,0.387977,,128.667,,1746.07
141,0.39067,,129,,1746.2
142,0.393363,,129.333,,1746.33
143,0.396057,,129.667,,1746.47
144,0.39875,,130,,1746.6
145,0.40111,,130,,1746.6
146,0.403625,,130.25,,1746.7
147,0.40614,,130.5,,1746.8
148,0.408655,,130.75,,1746.9
149,0.41117,,131,,1747
150,0.41388,,131.333,,1747.1
151,0.41659,,131.667,,1747.2
152,0.4193,,132,,1747.3
153,0.42201,,132.333,,1747.4
154,0.42472,,132.667,,1747.5
155,0.42743,,133,,1747.6
156,0.429725,,132.5,,1747.6
157,0.43202,,132,,1747.6
158,0.434723,,131.667,,1747.73
159,0.437427,,131.333,,1747.87
160,0.44013,,131,,1748
161,0.442974,,131.2,,1748.08
162,0.445818,,131.4,,1748.16
163,0.448662,,131.6,,1748.24
164,0.451506,,131.8,,1748.32
165,0.45435,,132,,1748.4
166,0.456916,,132,,1748.48
167,0.459482,,132,,1748.56
168,0.462048,,132,,1748.64
169,0.464614,,132,,1748.72
170,0.46718,,132,,1748.8
171,0.46993,,132,,1748.8
172,0.472764,,131.875,,1748.8
173,0.475598,,131.75,,1748.8
174,0.478431,,131.625,,1748.8
175,0.481265,,131.5,,1748.8
176,0.484099,,131.375,,1748.8
177,0.486933,,131.25,,1748.8
178,0.489766,,131.125,,1748.8
179,0.4926,,131,,1748.8
180,0.495665,,130.833,,1748.7
181,0.49873,,130.667,,1748.6
182,0.501795,,130.5,,1748.5
183,0.50486,,130.333,,1748.4
184,0.507925,,130.167,,1748.3
185,0.51099,,130,,1748.2
186,0.514123,,129.5,,1748.05
187,0.517255,,129,,1747.9
188,0.520388,,128.5,,1747.75
189,0.52352,,128,,1747.6
190,0.526715,,128,,1747.5
191,0.52991,,128,,1747.4
192,0.53294,,128,,1747.28
193,0.53597,,128,,1747.16
194,0.539,,128,,1747.04
195,0.54203,,128,,1746.92
196,0.54506,,128,,1746.8
197,0.548243,,127.667,,1746.67
198,0.551427,,127.333,,1746.53
199,0.55461,,127,,1746.4
200,0.557523,,127,,1746.27
201,0.560437,,127,,1746.13
202,0.56335,,127,,1746
203,0.566358,,127,,1745.84
204,0.569366,,127,,1745.68
205,0.572374,,127,,1745.52
206,0.575382,,127,,1745.36
207,0.57839,,127,,1745.2
208,0.58126,,126,,1745.2
209,0.58413,,125,,1745.2
210,0.587227,,124.25,,1745
211,0.590325,,123.5,,1744.8
212,0.593422,,122.75,,1744.6
213,0.59652,,122,,1744.4
214,0.59982,,121,,1744.4
215,0.60292,,121,,1744.2
216,0.60598,,120,,1744.13
217,0.60904,,119,,1744.07
218,0.6121,,118,,1744
219,0.61539,,117,,1743.8
220,0.618485,,117,,1743.7
221,0.62158,,117,,1743.6
222,0.624675,,117,,1743.5
223,0.62777,,117,,1743.4
224,0.630865,,117,,1743.3
225,0.63396,,117,,1743.2
226,0.6373,,117,,1743
227,0.64034,,117,,1743
228,0.64338,,117,,1743
229,0.64628,,117.5,,1742.7
230,0.64918,,118,,1742.4
231,0.652247,,118,,1742.33
232,0.655313,,118,,1742.27
233,0.65838,,118,,1742.2
234,0.66135,,118,,1742
235,0.664398,,118,,1741.84
236,0.667446,,118,,1741.68
237,0.670494,,118,,1741.52
238,0.673542,,118,,1741.36
239,0.67659,,118,,1741.2
240,0.679744,,117.6,,1741.04
241,0.682898,,117.2,,1740.88
242,0.686052,,116.8,,1740.72
243,0.689206,,116.4,,1740.56
244,0.69236,,116,,1740.4
245,0.69515,,116,,1740
246,0.698216,,116,,1739.84
247,0.701282,,116,,1739.68
248,0.704348,,116,,1739.52
249,0.707414,,116,,1739.36
250,0.71048,,116,,1739.2
251,0.71341,,116,,1739
252,0.716548,,116,,1738.8
253,0.719686,,116,,1738.6
254,0.722824,,116,,1738.4
255,0.725962,,116,,1738.2
256,0.7291,,116,,1738
257,0.73208,,116,,1738
258,0.735348,,116.4,,1737.8
259,0.738616,,116.8,,1737.6
260,0.741884,,117.2,,1737.4
261,0.745152,,117.6,,1737.2
262,0.74842,,118,,1737
263,0.75139,,118,,1736.8
264,0.754612,,118.167,,1736.73
265,0.757833,,118.333,,1736.67
266,0.761055,,118.5,,1736.6
267,0.764277,,118.667,,1736.53
268,0.767498,,118.833,,1736.47
269,0.77072,,119,,1736.4
270,0.773797,,119,,1736.2
271,0.776873,,119,,1736
272,0.77995,,119,,1735.8
273,0.783145,,118.5,,1735.7
274,0.78634,,118,,1735.6
275,0.78925,,117.75,,1735.5
276,0.79216,,117.5,,1735.4
277,0.79507,,117.25,,1735.3
278,0.79798,,117,,1735.2
279,0.801125,,117.25,,1735.05
280,0.80427,,117.5,,1734.9
281,0.807415,,117.75,,1734.75
282,0.81056,,118,,1734.6
283,0.81343,,118,,1734.4
284,0.816523,,118,,1734.27
285,0.819617,,118,,1734.13
286,0.82271,,118,,1734
287,0.825803,,118,,1733.87
288,0.828897,,118,,1733.73
289,0.83199,,118,,1733.6
290,0.83511,,117.333,,1733.6
291,0.83823,,116.667,,1733.6
292,0.84135,,116,,1733.6
293,0.844467,,116,,1733.47
294,0.847583,,116,,1733.33
295,0.8507,,116,,1733.2
296,0.85362,,115.667,,1733.13
297,0.85654,,115.333,,1733.07
298,0.85946,,115,,1733
299,0.86238,,114.667,,1732.93
300,0.8653,,114.333,,1732.87
301,0.86822,,114,,1732.8
302,0.871274,,114,,1732.76
303,0.874328,,114,,1732.72
304,0.877382,,114,,1732.68
305,0.880436,,114,,1732.64
306,0.88349,,114,,1732.6
307,0.88658,,114,,1732.4
308,0.889818,,114,,1732.4
309,0.893057,,114,,1732.4
310,0.896295,,114,,1732.4
311,0.899533,,114,,1732.4
312,0.902772,,114,,1732.4
313,0.90601,,114,,1732.4
314,0.909184,,114.6,,1732.28
315,0.912358,,115.2,,1732.16
316,0.915532,,115.8,,1732.04
317,0.918706,,116.4,,1731.92
318,0.92188,,117,,1731.8
319,0.925064,,117.2,,1731.76
320,0.928248,,117.4,,1731.72
321,0.931432,,117.6,,1731.68
322,0.934616,,117.8,,1731.64
323,0.9378,,118,,1731.6
324,0.94112,,118,,1731.4
325,0.94436,,118.25,,1731.25
326,0.9476,,118.5,,1731.1
327,0.95084,,118.75,,1730.95
328,0.95408,,119,,1730.8
329,0.957225,,119.5,,1730.6
330,0.96037,,120,,1730.4
331,0.963608,,120.2,,1730.28
332,0.966846,,120.4,,1730.16
333,0.970084,,120.6,,1730.04
334,0.973322,,120.8,,1729.92
335,0.97656,,121,,1729.8
336,0.979825,,120.75,,1729.65
337,0.98309,,120.5,,1729.5
338,0.986355,,120.25,,1729.35
339,0.98962,,120,,1729.2
340,0.992795,,120,,1729
341,0.99597,,120,,1728.8
342,0.99968,,119,,1728.6
343,1.003,,119.25,,1728.5
344,1.00632,,119.5,,1728.4
345,1.00964,,119.75,,1728.3
346,1.01296,,120,,1728.2
347,1.01615,,120,,1728
348,1.01934,,120,,1727.8
349,1.02255,,120,,1727.64
350,1.02576,,120,,1727.48
351,1.02896,,120,,1727.32
352,1.03217,,120,,1727.16
353,1.03538,,120,,1727
354,1.03869,,119.833,,1726.87
355,1.04199,,119.667,,1726.73
356,1.0453,,119.5,,1726.6
357,1.04861,,119.333,,1726.47
358,1.05191,,119.167,,1726.33
359,1.05522,,119,,1726.2
360,1.05861,,118.5,,1726.1
361,1.062,,118,,1726
362,1.06499,,118,,1725.75
363,1.06799,,118,,1725.5
364,1.07098,,118,,1725.25
365,1.07397,,118,,1725
366,1.07694,,118,,1724.8
367,1.0803,,117.833,,1724.67
368,1.08367,,117.667,,1724.53
369,1.08703,,117.5,,1724.4
370,1.09039,,117.333,,1724.27
371,1.09376,,117.167,,1724.13
372,1.09712,,117,,1724
373,1.10019,,117,,1723.8
374,1.10348,,116.714,,1723.63
375,1.10677,,116.429,,1723.46
376,1.11006,,116.143,,1723.29
377,1.11335,,115.857,,1723.11
378,1.11664,,115.571,,1722.94
379,1.11993,,115.286,,1722.77
380,1.12322,,115,,1722.6
381,1.12643,,115,,1722.47
382,1.12963,,115,,1722.33
383,1.13284,,115,,1722.2
384,1.13605,,115,,1722.07
385,1.13925,,115,,1721.93
386,1.14246,,115,,1721.8
387,1.14535,,115,,1721.6
388,1.14845,,115.2,,1721.52
389,1.15155,,115.4,,1721.44
390,1.15464,,115.6,,1721.36
391,1.15774,,115.8,,1721.28
392,1.16084,,116,,1721.2
393,1.16395,,116,,1721.07
394,1.16707,,116,,1720.93
395,1.17018,,116,,1720.8
396,1.17329,,116,,1720.67
397,1.17641,,116,,1720.53
398,1.17952,,116,,1720.4
399,1.18258,,116,,1720.34
400,1.18564,,116,,1720.29
401,1.1887,,116,,1720.23
402,1.19175,,116,,1720.17
403,1.19481,,116,,1720.11
404,1.19787,,116,,1720.06
405,1.20093,,116,,1720
406,1.2041,,116.4,,1719.88
407,1.20727,,116.8,,1719.76
408,1.21044,,117.2,,1719.64
409,1.21361,,117.6,,1719.52
410,1.21678,,118,,1719.4
411,1.21959,,118,,1719.4
412,1.22252,,118.167,,1719.27
413,1.22544,,118.333,,1719.13
414,1.22837,,118.5,,1719
415,1.2313,,118.667,,1718.87
416,1.23422,,118.833,,1718.73
417,1.23715,,119,,1718.6
418,1.24037,,118.8,,1718.56
419,1.24359,,118.6,,1718.52
420,1.24681,,118.4,,1718.48
421,1.25003,,118.2,,1718.44
422,1.25325,,118,,1718.4
423,1.25628,,118,,1718.27
424,1.25932,,118,,1718.13
425,1.26235,,118,,1718
426,1.26569,,118,,1717.8
427,1.2689,,118.143,,1717.77
428,1.27212,,118.286,,1717.74
429,1.27533,,118.429,,1717.71
430,1.27854,,118.571,,1717.69
431,1.28175,,118.714,,1717.66
432,1.28497,,118.857,,1717.63
433,1.28818,,119,,1717.6
434,1.29181,,119,,1717.6
435,1.29488,,119,,1717.4
436,1.29781,,119,,1717.4
437,1.30075,,119,,1717.4
438,1.30368,,119,,1717.4
439,1.30661,,119,,1717.4
440,1.30951,,119,,1717.3
441,1.3124,,119,,1717.2
442,1.31529,,119,,1717.1
443,1.31819,,119,,1717
444,1.32171,,119,,1717
445,1.32483,,119.167,,1716.97
446,1.32795,,119.333,,1716.93
447,1.33107,,119.5,,1716.9
448,1.3342,,119.667,,1716.87
449,1.33732,,119.833,,1716.83
450,1.34044,,120,,1716.8
451,1.34347,,120.2,,1716.76
452,1.3465,,120.4,,1716.72
453,1.34952,,120.6,,1716.68
454,1.35255,,120.8,,1716.64
455,1.35558,,121,,1716.6
456,1.35874,,121.167,,1716.57
457,1.3619,,121.333,,1716.53
458,1.36506,,121.5,,1716.5
459,1.36823,,121.667,,1716.47
460,1.37139,,121.833,,1716.43
461,1.37455,,122,,1716.4
462,1.37747,,122,,1716.2
463,1.38038,,122,,1716.1
464,1.38329,,122,,1716
465,1.3862,,122,,1715.9
466,1.38911,,122,,1715.8
467,1.39238,,122,,1715.65
468,1.39564,,122,,1715.5
469,1.39891,,122,,1715.35
470,1.40218,,122,,1715.2
471,1.40519,,122,,1715
472,1.40831,,122.2,,1714.96
473,1.41143,,122.4,,1714.92
474,1.41455,,122.6,,1714.88
475,1.41767,,122.8,,1714.84
476,1.42079,,123,,1714.8
477,1.42387,,122.667,,1714.73
478,1.42695,,122.333,,1714.67
479,1.43003,,122,,1714.6
480,1.43312,,121.667,,1714.53
481,1.4362,,121.333,,1714.47
482,1.43928,,121,,1714.4
483,1.44219,,120.8,,1714.32
484,1.4451,,120.6,,1714.24
485,1.44801,,120.4,,1714.16
486,1.45092,,120.2,,1714.08
487,1.45383,,120,,1714
488,1.45636,,121,,1714
489,1.45907,,120.667,,1714
490,1.46179,,120.333,,1714
491,1.4645,,120,,1714
492,1.46738,,120,,1713.9
493,1.47025,,120,,1713.8
494,1.4732,,120,,1713.74
495,1.47614,,120,,1713.69
496,1.47909,,120,,1713.63
497,1.48204,,120,,1713.57
498,1.48499,,120,,1713.51
499,1.48793,,120,,1713.46
500,1.49088,,120,,1713.4
501,1.49403,,120,,1713.2
502,1.49714,,120,,1713
503,1.50025,,120,,1712.8
504,1.50325,,120.2,,1712.72
505,1.50625,,120.4,,1712.64
506,1.50925,,120.6,,1712.56
507,1.51225,,120.8,,1712.48
508,1.51525,,121,,1712.4
509,1.51852,,120.8,,1712.32
510,1.5218,,120.6,,1712.24
511,1.52507,,120.4,,1712.16
512,1.52835,,120.2,,1712.08
513,1.53162,,120,,1712
514,1.53494,,120,,1711.8
515,1.53855,,120,,1711.65
516,1.54216,,120,,1711.5
517,1.54576,,120,,1711.35
518,1.54937,,120,,1711.2
519,1.55269,,120,,1711
520,1.55601,,120,,1710.8
521,1.55933,,120,,1710.6
522,1.56285,,120,,1710.5
523,1.56637,,120,,1710.4
524,1.56989,,120,,1710.3
525,1.57341,,120,,1710.2
526,1.57659,,120,,1709.8
527,1.57977,,120,,1709.4
528,1.58306,,120.5,,1709.3
529,1.58635,,121,,1709.2
530,1.5895,,121,,1709
531,1.59264,,121,,1708.8
532,1.59578,,121,,1708.6
533,1.59893,,121,,1708.4
534,1.60273,,120.5,,1708.3
535,1.60652,,120,,1708.2
536,1.60992,,119.8,,1708
537,1.61332,,119.6,,1707.8
538,1.61671,,119.4,,1707.6
539,1.62011,,119.2,,1707.4
540,1.62351,,119,,1707.2
541,1.62691,,119,,1707
542,1.6302,,119,,1706.73
543,1.63348,,119,,1706.47
544,1.63677,,119,,1706.2
545,1.64019,,119,,1705.87
546,1.6436,,119,,1705.53
547,1.64702,,119,,1705.2
548,1.6504,,119,,1705.2
549,1.65375,,118.667,,1704.8
550,1.65711,,118.333,,1704.4
551,1.66046,,118,,1704
552,1.66373,,118,,1703.8
553,1.66671,,118,,1703.55
554,1.66968,,118,,1703.3
555,1.67266,,118,,1703.05
556,1.67563,,118,,1702.8
557,1.67887,,117.5,,1702.6
558,1.68211,,117,,1702.4
559,1.68533,,117,,1702.32
560,1.68855,,117,,1702.24
561,1.69178,,117,,1702.16
562,1.695,,117,,1702.08
563,1.69822,,117,,1702
564,1.70108,,116,,1701.8
565,1.70408,,115.8,,1701.72
566,1.70708,,115.6,,1701.64
567,1.71009,,115.4,,1701.56
568,1.71309,,115.2,,1701.48
569,1.71609,,115,,1701.4
570,1.71941,,114.6,,1701.32
571,1.72273,,114.2,,1701.24
572,1.72606,,113.8,,1701.16
573,1.72938,,113.4,,1701.08
574,1.7327,,113,,1701
575,1.73557,,113,,1700.8
576,1.73872,,113.333,,1700.63
577,1.74187,,113.667,,1700.47
578,1.74501,,114,,1700.3
579,1.74816,,114.333,,1700.13
580,1.75131,,114.667,,1699.97
581,1.75446,,115,,1699.8
582,1.75762,,115.5,,1699.7
583,1.76078,,116,,1699.6
584,1.76394,,116.5,,1699.5
585,1.76711,,117,,1699.4
586,1.77027,,117.5,,1699.3
587,1.77343,,118,,1699.2
588,1.77669,,118.25,,1699.1
589,1.77996,,118.5,,1699
590,1.78323,,118.75,,1698.9
591,1.78649,,119,,1698.8
592,1.78947,,119.5,,1698.7
593,1.79244,,120,,1698.6
594,1.7954,,120,,1698.56
595,1.79837,,120,,1698.52
596,1.80133,,120,,1698.48
597,1.8043,,120,,1698.44
598,1.80726,,120,,1698.4
599,1.81018,,120.143,,1698.51
600,1.8131,,120.286,,1698.63
601,1.81602,,120.429,,1698.74
602,1.81895,,120.571,,1698.86
603,1.82187,,120.714,,1698.97
604,1.82479,,120.857,,1699.09
605,1.82771,,121,,1699.2
606,1.83057,,121.167,,1699.27
607,1.83343,,121.333,,1699.33
608,1.83629,,121.5,,1699.4
609,1.83915,,121.667,,1699.47
610,1.84201,,121.833,,1699.53
611,1.84487,,122,,1699.6
612,1.84769,,123,,1699.7
613,1.8505,,124,,1699.8
614,1.85334,,124,,1700
615,1.85618,,124,,1700.2
616,1.85902,,124,,1700.4
617,1.86186,,124,,1700.6
618,1.86454,,124.2,,1700.64
619,1.86722,,124.4,,1700.68
620,1.8699,,124.6,,1700.72
621,1.87258,,124.8,,1700.76
622,1.87526,,125,,1700.8
623,1.87749,,125,,1700.8
624,1.88022,,125.5,,1700.9
625,1.88294,,126,,1701
626,1.88567,,126.5,,1701.1
627,1.8884,,127,,1701.2
628,1.89106,,127.25,,1701.3
629,1.89373,,127.5,,1701.4
630,1.89639,,127.75,,1701.5
631,1.89906,,128,,1701.6
632,1.90172,,128.25,,1701.7
633,1.90439,,128.5,,1701.8
634,1.90706,,128.75,,1701.9
635,1.90972,,129,,1702
636,1.91225,,129.2,,1702.08
637,1.91478,,129.4,,1702.16
638,1.91732,,129.6,,1702.24
639,1.91985,,129.8,,1702.32
640,1.92238,,130,,1702.4
641,1.92496,,130.333,,1702.6
642,1.92753,,130.667,,1702.8
643,1.93011,,131,,1703
644,1.93267,,131,,1703.15
645,1.93523,,131,,1703.3
646,1.93778,,131,,1703.45
647,1.94034,,131,,1703.6
648,1.94295,,131.333,,1703.8
649,1.94556,,131.667,,1704
650,1.94817,,132,,1704.2
651,1.95078,,131.667,,1704.27
652,1.95338,,131.333,,1704.33
653,1.95599,,131,,1704.4
654,1.95877,,131.2,,1704.52
655,1.96155,,131.4,,1704.64
656,1.96433,,131.6,,1704.76
657,1.96711,,131.8,,1704.88
658,1.96989,,132,,1705
659,1.97274,,132.5,,1705.2
660,1.97558,,133,,1705.4
661,1.97835,,133.25,,1705.5
662,1.98112,,133.5,,1705.6
663,1.98389,,133.75,,1705.7
664,1.98666,,134,,1705.8
665,1.98944,,134,,1705.88
666,1.99222,,134,,1705.96
667,1.99499,,134,,1706.04
668,1.99777,,134,,1706.12
669,2.00055,,134,,1706.2
670,2.00312,,134,,1706.4
671,2.00595,,134,,1706.4
672,2.00869,,134,,1706.5
673,2.01143,,134,,1706.6
674,2.01417,,134,,1706.7
675,2.01692,,134,,1706.8
676,2.01966,,134,,1706.9
677,2.0224,,134,,1707
678,2.02521,,134,,1707.08
679,2.02803,,134,,1707.16
680,2.03084,,134,,1707.24
681,2.03366,,134,,1707.32
682,2.03647,,134,,1707.4
683,2.0392,,134.5,,1707.5
684,2.04194,,135,,1707.6
685,2.04463,,135.143,,1707.69
686,2.04732,,135.286,,1707.77
687,2.05001,,135.429,,1707.86
688,2.05271,,135.571,,1707.94
689,2.0554,,135.714,,1708.03
690,2.05809,,135.857,,1708.11
691,2.06078,,136,,1708.2
692,2.06358,,136,,1708.4
693,2.06636,,136.167,,1708.5
694,2.06914,,136.333,,1708.6
695,2.07193,,136.5,,1708.7
696,2.07471,,136.667,,1708.8
697,2.07749,,136.833,,1708.9
698,2.08027,,137,,1709
699,2.08303,,137.2,,1709
700,2.08579,,137.4,,1709
701,2.08855,,137.6,,1709
702,2.09131,,137.8,,1709
703,2.09407,,138,,1709
704,2.09696,,138,,1709.13
705,2.09986,,138,,1709.27
706,2.10275,,138,,1709.4
707,2.1054,,138,,1709.5
708,2.10804,,138,,1709.6
709,2.11083,,137.75,,1709.75
710,2.11363,,137.5,,1709.9
711,2.11642,,137.25,,1710.05
712,2.11921,,137,,1710.2
713,2.12197,,138,,1710.4
714,2.12515,,138,,1710.5
715,2.12832,,138,,1710.6
716,2.13135,,138,,1710.7
717,2.13438,,138,,1710.8
718,2.13732,,138,,1710.88
719,2.14026,,138,,1710.96
720,2.14319,,138,,1711.04
721,2.14613,,138,,1711.12
722,2.14907,,138,,1711.2
723,2.15196,,138.333,,1711.33
724,2.15484,,138.667,,1711.47
725,2.15773,,139,,1711.6
726,2.16064,,139,,1711.7
727,2.16355,,139,,1711.8
728,2.16646,,139,,1711.9
729,2.16937,,139,,1712
730,2.17232,,139,,1712.15
731,2.17528,,139,,1712.3
732,2.17823,,139,,1712.45
733,2.18119,,139,,1712.6
734,2.18406,,139.25,,1712.75
735,2.18694,,139.5,,1712.9
736,2.18981,,139.75,,1713.05
737,2.19269,,140,,1713.2
738,2.19542,,140,,1713.3
739,2.19814,,140,,1713.4
740,2.20087,,140,,1713.5
741,2.2036,,140,,1713.6
742,2.20632,,140,,1713.7
743,2.20905,,140,,1713.8
744,2.21175,,140,,1713.8
745,2.21466,,139.833,,1713.9
746,2.21757,,139.667,,1714
747,2.22048,,139.5,,1714.1
748,2.22338,,139.333,,1714.2
749,2.22629,,139.167,,1714.3
750,2.2292,,139,,1714.4
751,2.23202,,139,,1714.5
752,2.23483,,139,,1714.6
753,2.23765,,139,,1714.7
754,2.24047,,139,,1714.8
755,2.24328,,139,,1714.9
756,2.2461,,139,,1715
757,2.24894,,139,,1715
758,2.25164,,138.833,,1715
759,2.25434,,138.667,,1715
760,2.25704,,138.5,,1715
761,2.25974,,138.333,,1715
762,2.26244,,138.167,,1715
763,2.26514,,138,,1715
764,2.26772,,138,,1715.16
765,2.2703,,138,,1715.32
766,2.27288,,138,,1715.48
767,2.27546,,138,,1715.64
768,2.27804,,138,,1715.8
769,2.2808,,138,,1715.87
770,2.28357,,138,,1715.93
771,2.28633,,138,,1716
772,2.28913,,137.5,,1716.2
773,2.29193,,137,,1716.4
774,2.29462,,137,,1716.52
775,2.29732,,137,,1716.64
776,2.30001,,137,,1716.76
777,2.30271,,137,,1716.88
778,2.3054,,137,,1717
779,2.30813,,136.833,,1717.03
780,2.31086,,136.667,,1717.07
781,2.31359,,136.5,,1717.1
782,2.31631,,136.333,,1717.13
783,2.31904,,136.167,,1717.17
784,2.32177,,136,,1717.2
785,2.32458,,135.875,,1717.27
786,2.32739,,135.75,,1717.35
787,2.3302,,135.625,,1717.42
788,2.33302,,135.5,,1717.5
789,2.33583,,135.375,,1717.58
790,2.33864,,135.25,,1717.65
791,2.34145,,135.125,,1717.73
792,2.34426,,135,,1717.8
793,2.34686,,135,,1717.84
794,2.34946,,135,,1717.88
795,2.35206,,135,,1717.92
796,2.35466,,135,,1717.96
797,2.35726,,135,,1718
798,2.3601,,135,,1718
799,2.36279,,134.8,,1718.04
800,2.36548,,134.6,,1718.08
801,2.36818,,134.4,,1718.12
802,2.37087,,134.2,,1718.16
803,2.37356,,134,,1718.2
804,2.37621,,134.143,,1718.26
805,2.37887,,134.286,,1718.31
806,2.38152,,134.429,,1718.37
807,2.38417,,134.571,,1718.43
808,2.38682,,134.714,,1718.49
809,2.38948,,134.857,,1718.54
810,2.39213,,135,,1718.6
811,2.39497,,135,,1718.72
812,2.3978,,135,,1718.84
813,2.40064,,135,,1718.96
814,2.40347,,135,,1719.08
815,2.40631,,135,,1719.2
816,2.40905,,135,,1719.13
817,2.41179,,135,,1719.07
818,2.41453,,135,,1719
819,2.41725,,135,,1719.07
820,2.41997,,135,,1719.13
821,2.42268,,135,,1719.2
822,2.4254,,135,,1719.27
823,2.42812,,135,,1719.33
824,2.43084,,135,,1719.4
825,2.43353,,135,,1719.48
826,2.43623,,135,,1719.56
827,2.43892,,135,,1719.64
828,2.44162,,135,,1719.72
829,2.44431,,135,,1719.8
830,2.44711,,134.833,,1719.87
831,2.44991,,134.667,,1719.93
832,2.4527,,134.5,,1720
833,2.4555,,134.333,,1720.07
834,2.4583,,134.167,,1720.13
835,2.4611,,134,,1720.2
836,2.46382,,134,,1720.2
837,2.46654,,134,,1720.2
838,2.46927,,134,,1720.2
839,2.47199,,134,,1720.2
840,2.47492,,133.833,,1720.23
841,2.47785,,133.667,,1720.27
842,2.48079,,133.5,,1720.3
843,2.48372,,133.333,,1720.33
844,2.48665,,133.167,,1720.37
845,2.48958,,133,,1720.4
846,2.49243,,132.8,,1720.48
847,2.49528,,132.6,,1720.56
848,2.49813,,132.4,,1720.64
849,2.50098,,132.2,,1720.72
850,2.50383,,132,,1720.8
851,2.50661,,131.8,,1720.84
852,2.50938,,131.6,,1720.88
853,2.51216,,131.4,,1720.92
854,2.51493,,131.2,,1720.96
855,2.51771,,131,,1721
856,2.52038,,130.667,,1721.07
857,2.52304,,130.333,,1721.13
858,2.52571,,130,,1721.2
859,2.52851,,129.667,,1721.2
860,2.53131,,129.333,,1721.2
861,2.53411,,129,,1721.2
862,2.5369,,129,,1721.23
863,2.53968,,129,,1721.26
864,2.54247,,129,,1721.29
865,2.54526,,129,,1721.31
866,2.54805,,129,,1721.34
867,2.55083,,129,,1721.37
868,2.55362,,129,,1721.4
869,2.5565,,129.167,,1721.47
870,2.55937,,129.333,,1721.53
871,2.56225,,129.5,,1721.6
872,2.56513,,129.667,,1721.67
873,2.568,,129.833,,1721.73
874,2.57088,,130,,1721.8
875,2.57387,,130.333,,1721.83
876,2.57686,,130.667,,1721.87
877,2.57985,,131,,1721.9
878,2.58283,,131.333,,1721.93
879,2.58582,,131.667,,1721.97
880,2.58881,,132,,1722
881,2.59139,,132,,1722.07
882,2.59397,,132,,1722.13
883,2.59655,,132,,1722.2
884,2.59953,,132.333,,1722.27
885,2.60251,,132.667,,1722.33
886,2.60549,,133,,1722.4
887,2.60829,,132.857,,1722.49
888,2.61108,,132.714,,1722.57
889,2.61388,,132.571,,1722.66
890,2.61668,,132.429,,1722.74
891,2.61948,,132.286,,1722.83
892,2.62227,,132.143,,1722.91
893,2.62507,,132,,1723
894,2.62805,,132,,1723.05
895,2.63104,,132,,1723.1
896,2.63402,,132,,1723.15
897,2.637,,132,,1723.2
898,2.6398,,131.5,,1723.2
899,2.6426,,131,,1723.2
900,2.64539,,131.167,,1723.23
901,2.64817,,131.333,,1723.27
902,2.65096,,131.5,,1723.3
903,2.65375,,131.667,,1723.33
904,2.65653,,131.833,,1723.37
905,2.65932,,132,,1723.4
906,2.66226,,131.6,,1723.44
907,2.6652,,131.2,,1723.48
908,2.66813,,130.8,,1723.52
909,2.67107,,130.4,,1723.56
910,2.67401,,130,,1723.6
911,2.67682,,130.2,,1723.68
912,2.67963,,130.4,,1723.76
913,2.68244,,130.6,,1723.84
914,2.68525,,130.8,,1723.92
915,2.68806,,131,,1724
916,2.69091,,131,,1724.07
917,2.69377,,131,,1724.13
918,2.69662,,131,,1724.2
919,2.69955,,131.333,,1724.33
920,2.70247,,131.667,,1724.47
921,2.7054,,132,,1724.6
922,2.70811,,132,,1724.68
923,2.71082,,132,,1724.76
924,2.71354,,132,,1724.84
925,2.71625,,132,,1724.92
926,2.71896,,132,,1725
927,2.72167,,132,,1725.07
928,2.72438,,132,,1725.13
929,2.72709,,132,,1725.2
930,2.72988,,132.25,,1725.35
931,2.73268,,132.5,,1725.5
932,2.73548,,132.75,,1725.65
933,2.73827,,133,,1725.8
934,2.7411,,133.2,,1725.92
935,2.74393,,133.4,,1726.04
936,2.74677,,133.6,,1726.16
937,2.7496,,133.8,,1726.28
938,2.75243,,134,,1726.4
939,2.75529,,134.167,,1726.47
940,2.75815,,134.333,,1726.53
941,2.76101,,134.5,,1726.6
942,2.76388,,134.667,,1726.67
943,2.76674,,134.833,,1726.73
944,2.7696,,135,,1726.8
945,2.77247,,135,,1726.87
946,2.77533,,135,,1726.93
947,2.7782,,135,,1727
948,2.78107,,135,,1727.07
949,2.78393,,135,,1727.13
950,2.7868,,135,,1727.2
951,2.78969,,135,,1727.4
952,2.7926,,135,,1727.45
953,2.79552,,135,,1727.5
954,2.79843,,135,,1727.55
955,2.80135,,135,,1727.6
956,2.80427,,135,,1727.64
957,2.8072,,135,,1727.68
958,2.81012,,135,,1727.72
959,2.81305,,135,,1727.76
960,2.81597,,135,,1727.8
961,2.81881,,134.6,,1727.92
962,2.82165,,134.2,,1728.04
963,2.82449,,133.8,,1728.16
964,2.82733,,133.4,,1728.28
965,2.83017,,133,,1728.4
966,2.83324,,133,,1728.4
967,2.83609,,133,,1728.48
968,2.83894,,133,,1728.56
969,2.84179,,133,,1728.64
970,2.84464,,133,,1728.72
971,2.84749,,133,,1728.8
972,2.85027,,133.333,,1728.87
973,2.85306,,133.667,,1728.93
974,2.85584,,134,,1729
975,2.85862,,134.333,,1729.07
976,2.86141,,134.667,,1729.13
977,2.86419,,135,,1729.2
978,2.86702,,135,,1729.4
979,2.87011,,135.4,,1729.44
980,2.87319,,135.8,,1729.48
981,2.87628,,136.2,,1729.52
982,2.87936,,136.6,,1729.56
983,2.88245,,137,,1729.6
984,2.88532,,137.143,,1729.71
985,2.88819,,137.286,,1729.83
986,2.89106,,137.429,,1729.94
987,2.89392,,137.571,,1730.06
988,2.89679,,137.714,,1730.17
989,2.89966,,137.857,,1730.29
990,2.90253,,138,,1730.4
991,2.90549,,138.5,,1730.5
992,2.90845,,139,,1730.6
993,2.91124,,139,,1730.65
994,2.91404,,139,,1730.7
995,2.91683,,139,,1730.75
996,2.91963,,139,,1730.8
997,2.92241,,138.8,,1730.84
998,2.92519,,138.6,,1730.88
999,2.92797,,138.4,,1730.92
1000,2.93075,,138.2,,1730.96
1001,2.93353,,138,,1731
1002,2.93626,,138,,1731.1
1003,2.93898,,138,,1731.2
1004,2.9417,,138,,1731.3
1005,2.94443,,138,,1731.4
1006,2.94715,,138,,1731.5
1007,2.94988,,138,,1731.6
1008,2.95246,,138,,1731.6
1009,2.95532,,137.8,,1731.72
1010,2.95819,,137.6,,1731.84
1011,2.96105,,137.4,,1731.96
1012,2.96392,,137.2,,1732.08
1013,2.96678,,137,,1732.2
1014,2.9695,,137.167,,1732.3
1015,2.97221,,137.333,,1732.4
1016,2.97493,,137.5,,1732.5
1017,2.97765,,137.667,,1732.6
1018,2.98036,,137.833,,1732.7
1019,2.98308,,138,,1732.8
1020,2.98589,,138,,1732.84
1021,2.9887,,138,,1732.88
1022,2.99152,,138,,1732.92
1023,2.99433,,138,,1732.96
1024,2.99714,,138,,1733
1025,2.99978,,138,,1733.2
1026,3.00252,,138.2,,1733.28
1027,3.00525,,138.4,,1733.36
1028,3.00799,,138.6,,1733.44
1029,3.01072,,138.8,,1733.52
1030,3.01346,,139,,1733.6
1031,3.01618,,139.5,,1733.8
1032,3.01891,,140,,1734
1033,3.02153,,140.25,,1734.1
1034,3.02415,,140.5,,1734.2
1035,3.02677,,140.75,,1734.3
1036,3.02939,,141,,1734.4
1037,3.03204,,141.25,,1734.5
1038,3.03468,,141.5,,1734.6
1039,3.03733,,141.75,,1734.7
1040,3.03998,,142,,1734.8
1041,3.04276,,142,,1734.93
1042,3.04554,,142,,1735.07
1043,3.04832,,142,,1735.2
1044,3.05093,,142.25,,1735.25
1045,3.05354,,142.5,,1735.3
1046,3.05614,,142.75,,1735.35
1047,3.05875,,143,,1735.4
1048,3.06149,,142.5,,1735.5
1049,3.06423,,142,,1735.6
1050,3.0672,,142.5,,1735.8
1051,3.07017,,143,,1736
1052,3.07296,,143,,1736.07
1053,3.07576,,143,,1736.13
1054,3.07855,,143,,1736.2
1055,3.08132,,142.5,,1736.3
1056,3.08408,,142,,1736.4
1057,3.08676,,142,,1736.5
1058,3.08944,,142,,1736.6
1059,3.09213,,142,,1736.7
1060,3.09481,,142,,1736.8
1061,3.09749,,142,,1736.9
1062,3.10017,,142,,1737
1063,3.10286,,142,,1737.2
1064,3.10556,,141.833,,1737.3
1065,3.10827,,141.667,,1737.4
1066,3.11097,,141.5,,1737.5
1067,3.11368,,141.333,,1737.6
1068,3.11638,,141.167,,1737.7
1069,3.11909,,141,,1737.8
1070,3.12175,,140.5,,1738
1071,3.12442,,140,,1738.2
1072,3.12718,,140,,1738.29
1073,3.12995,,140,,1738.37
1074,3.13271,,140,,1738.46
1075,3.13548,,140,,1738.54
1076,3.13824,,140,,1738.63
1077,3.14101,,140,,1738.71
1078,3.14377,,140,,1738.8
1079,3.14656,,140,,1738.87
1080,3.14934,,140,,1738.93
1081,3.15213,,140,,1739
1082,3.15491,,140,,1739.07
1083,3.1577,,140,,1739.13
1084,3.16048,,140,,1739.2
1085,3.16317,,140.143,,1739.29
1086,3.16585,,140.286,,1739.37
1087,3.16854,,140.429,,1739.46
1088,3.17123,,140.571,,1739.54
1089,3.17392,,140.714,,1739.63
1090,3.1766,,140.857,,1739.71
1091,3.17929,,141,,1739.8
1092,3.18202,,141,,1739.93
1093,3.18474,,141,,1740.07
1094,3.18747,,141,,1740.2
1095,3.19013,,141,,1740.3
1096,3.19278,,141,,1740.4
1097,3.1954,,141,,1740.57
1098,3.19801,,141,,1740.73
1099,3.20063,,141,,1740.9
1100,3.20325,,141,,1741.07
1101,3.20586,,141,,1741.23
1102,3.20848,,141,,1741.4
1103,3.21099,,141,,1741.56
1104,3.21349,,141,,1741.72
1105,3.216,,141,,1741.88
1106,3.2185,,141,,1742.04
1107,3.22101,,141,,1742.2
1108,3.22328,,141,,1742.3
1109,3.22555,,141,,1742.4
1110,3.22819,,141,,1742.53
1111,3.23083,,141,,1742.67
1112,3.23347,,141,,1742.8
1113,3.2361,,141,,1742.88
1114,3.23873,,141,,1742.96
1115,3.24135,,141,,1743.04
1116,3.24398,,141,,1743.12
1117,3.24661,,141,,1743.2
1118,3.24913,,141,,1743.4
1119,3.25172,,141,,1743.55
1120,3.25431,,141,,1743.7
1121,3.2569,,141,,1743.85
1122,3.25949,,141,,1744
1123,3.26205,,141,,1744.15
1124,3.26461,,141,,1744.3
1125,3.26717,,141,,1744.45
1126,3.26973,,141,,1744.6
1127,3.27207,,141,,1744.6
1128,3.27478,,141.2,,1744.72
1129,3.27749,,141.4,,1744.84
1130,3.28021,,141.6,,1744.96
1131,3.28292,,141.8,,1745.08
1132,3.28563,,142,,1745.2
1133,3.28816,,142,,1745.27
1134,3.29069,,142,,1745.33
1135,3.29322,,142,,1745.4
1136,3.29574,,142,,1745.47
1137,3.29827,,142,,1745.53
1138,3.3008,,142,,1745.6
1139,3.30346,,142,,1745.6
1140,3.30621,,142,,1745.66
1141,3.30896,,142,,1745.71
1142,3.31171,,142,,1745.77
1143,3.31447,,142,,1745.83
1144,3.31722,,142,,1745.89
1145,3.31997,,142,,1745.94
1146,3.32272,,142,,1746
1147,3.32554,,142,,1746.2
1148,3.32835,,142,,1746.4
1149,3.33117,,142,,1746.6
1150,3.33394,,142,,1746.7
1151,3.33672,,142,,1746.8
1152,3.33949,,142,,1746.9
1153,3.34226,,142,,1747
1154,3.34495,,141.857,,1747.06
1155,3.34764,,141.714,,1747.11
1156,3.35033,,141.571,,1747.17
1157,3.35301,,141.429,,1747.23
1158,3.3557,,141.286,,1747.29
1159,3.35839,,141.143,,1747.34
1160,3.36108,,141,,1747.4
1161,3.36389,,141,,1747.47
1162,3.36669,,141,,1747.53
1163,3.3695,,141,,1747.6
1164,3.37239,,141,,1747.67
1165,3.37529,,141,,1747.73
1166,3.37818,,141,,1747.8
1167,3.38099,,141,,1747.84
1168,3.38379,,141,,1747.88
1169,3.3866,,141,,1747.92
1170,3.3894,,141,,1747.96
1171,3.39221,,141,,1748
1172,3.39523,,140.833,,1748.1
1173,3.39825,,140.667,,1748.2
1174,3.40127,,140.5,,1748.3
1175,3.4043,,140.333,,1748.4
1176,3.40732,,140.167,,1748.5
1177,3.41034,,140,,1748.6
1178,3.41302,,140,,1748.6
1179,3.4157,,140,,1748.6
1180,3.41822,,139.875,,1748.65
1181,3.42074,,139.75,,1748.7
1182,3.42326,,139.625,,1748.75
1183,3.42578,,139.5,,1748.8
1184,3.42831,,139.375,,1748.85
1185,3.43083,,139.25,,1748.9
1186,3.43335,,139.125,,1748.95
1187,3.43587,,139,,1749
1188,3.43855,,139.25,,1749.15
1189,3.44123,,139.5,,1749.3
1190,3.44392,,139.75,,1749.45
1191,3.4466,,140,,1749.6
1192,3.44907,,140,,1749.7
1193,3.45154,,140,,1749.8
1194,3.45433,,140,,1749.93
1195,3.45713,,140,,1750.07
1196,3.45992,,140,,1750.2
1197,3.46271,,140,,1750.33
1198,3.46551,,140,,1750.47
1199,3.4683,,140,,1750.6
1200,3.47108,,140,,1750.8
1201,3.4738,,140,,1750.89
1202,3.47653,,140,,1750.97
1203,3.47925,,140,,1751.06
1204,3.48198,,140,,1751.14
1205,3.4847,,140,,1751.23
1206,3.48743,,140,,1751.31
1207,3.49015,,140,,1751.4
1208,3.49291,,140,,1751.47
1209,3.49567,,140,,1751.53
1210,3.49843,,140,,1751.6
1211,3.50119,,140,,1751.67
1212,3.50395,,140,,1751.73
1213,3.50671,,140,,1751.8
1214,3.50913,,140,,1751.8
1215,3.51155,,140,,1751.8
1216,3.51434,,140,,1751.91
1217,3.51713,,140,,1752.03
1218,3.51992,,140,,1752.14
1219,3.52272,,140,,1752.26
1220,3.52551,,140,,1752.37
1221,3.5283,,140,,1752.49
1222,3.53109,,140,,1752.6
1223,3.53373,,140,,1752.73
1224,3.53637,,140,,1752.87
1225,3.53901,,140,,1753
1226,3.54179,,140,,1753.04
1227,3.54457,,140,,1753.08
1228,3.54735,,140,,1753.12
1229,3.55013,,140,,1753.16
1230,3.55291,,140,,1753.2
1231,3.5557,,140,,1753.31
1232,3.55849,,140,,1753.43
1233,3.56128,,140,,1753.54
1234,3.56408,,140,,1753.66
1235,3.56687,,140,,1753.77
1236,3.56966,,140,,1753.89
1237,3.57245,,140,,1754
1238,3.57518,,140,,1754.03
1239,3.57792,,140,,1754.06
1240,3.58065,,140,,1754.09
1241,3.58338,,140,,1754.11
1242,3.58611,,140,,1754.14
1243,3.58885,,140,,1754.17
1244,3.59158,,140,,1754.2
1245,3.59426,,140,,1754.26
1246,3.59693,,140,,1754.31
1247,3.59961,,140,,1754.37
1248,3.60229,,140,,1754.43
1249,3.60497,,140,,1754.49
1250,3.60764,,140,,1754.54
1251,3.61032,,140,,1754.6
1252,3.61299,,140,,1754.65
1253,3.61565,,140,,1754.7
1254,3.61832,,140,,1754.75
1255,3.62098,,140,,1754.8
1256,3.62364,,140,,1754.85
1257,3.62631,,140,,1754.9
1258,3.62897,,140,,1754.95
1259,3.63164,,140,,1755
1260,3.63445,,139.833,,1755.03
1261,3.63725,,139.667,,1755.07
1262,3.64006,,139.5,,1755.1
1263,3.64287,,139.333,,1755.13
1264,3.64567,,139.167,,1755.17
1265,3.64848,,139,,1755.2
1266,3.65134,,138.833,,1755.27
1267,3.6542,,138.667,,1755.33
1268,3.65706,,138.5,,1755.4
1269,3.65992,,138.333,,1755.47
1270,3.66278,,138.167,,1755.53
1271,3.66564,,138,,1755.6
1272,3.66834,,138,,1755.65
1273,3.67103,,138,,1755.7
1274,3.67373,,138,,1755.75
1275,3.67643,,138,,1755.8
1276,3.67913,,138,,1755.85
1277,3.68182,,138,,1755.9
1278,3.68452,,138,,1755.95
1279,3.68722,,138,,1756
1280,3.68982,,137.833,,1756.07
1281,3.69241,,137.667,,1756.13
1282,3.69501,,137.5,,1756.2
1283,3.69761,,137.333,,1756.27
1284,3.7002,,137.167,,1756.33
1285,3.7028,,137,,1756.4
1286,3.70574,,136.857,,1756.46
1287,3.70867,,136.714,,1756.51
1288,3.71161,,136.571,,1756.57
1289,3.71455,,136.429,,1756.63
1290,3.71749,,136.286,,1756.69
1291,3.72042,,136.143,,1756.74
1292,3.72336,,136,,1756.8
1293,3.72626,,136,,1756.87
1294,3.72916,,136,,1756.93
1295,3.73206,,136,,1757
1296,3.73496,,136,,1757.07
1297,3.73786,,136,,1757.13
1298,3.74076,,136,,1757.2
1299,3.74356,,136,,1757.27
1300,3.74637,,136,,1757.33
1301,3.74917,,136,,1757.4
1302,3.75225,,136.286,,1757.43
1303,3.75534,,136.571,,1757.46
1304,3.75842,,136.857,,1757.49
1305,3.7615,,137.143,,1757.51
1306,3.76458,,137.429,,1757.54
1307,3.76767,,137.714,,1757.57
1308,3.77075,,138,,1757.6
1309,3.77357,,138,,1757.63
1310,3.77638,,138,,1757.67
1311,3.77919,,138,,1757.7
1312,3.78201,,138,,1757.73
1313,3.78482,,138,,1757.77
1314,3.78764,,138,,1757.8
1315,3.79016,,138.25,,1757.9
1316,3.79267,,138.5,,1758
1317,3.79519,,138.75,,1758.1
1318,3.79771,,139,,1758.2
1319,3.80089,,139.5,,1758.3
1320,3.80407,,140,,1758.4
1321,3.80718,,140,,1758.5
1322,3.8103,,140,,1758.6
1323,3.81341,,140,,1758.7
1324,3.81652,,140,,1758.8
1325,3.81964,,140,,1758.9
1326,3.82275,,140,,1759
1327,3.82572,,140.5,,1759.2
1328,3.82869,,141,,1759.4
1329,3.83156,,140.8,,1759.44
1330,3.83443,,140.6,,1759.48
1331,3.8373,,140.4,,1759.52
1332,3.84017,,140.2,,1759.56
1333,3.84304,,140,,1759.6
1334,3.84575,,140.143,,1759.69
1335,3.84846,,140.286,,1759.77
1336,3.85117,,140.429,,1759.86
1337,3.85387,,140.571,,1759.94
1338,3.85658,,140.714,,1760.03
1339,3.85929,,140.857,,1760.11
1340,3.862,,141,,1760.2
1341,3.8645,,141,,1760.25
1342,3.86701,,141,,1760.3
1343,3.86951,,141,,1760.35
1344,3.87201,,141,,1760.4
1345,3.8738,,141,,1760.4
1346,3.87663,,141,,1760.47
1347,3.87945,,141,,1760.53
1348,3.88228,,141,,1760.6
1349,3.88511,,141,,1760.67
1350,3.88793,,141,,1760.73
1351,3.89076,,141,,1760.8
1352,3.8936,,140.833,,1760.83
1353,3.89643,,140.667,,1760.87
1354,3.89927,,140.5,,1760.9
1355,3.90211,,140.333,,1760.93
1356,3.90494,,140.167,,1760.97
1357,3.90778,,140,,1761
1358,3.91088,,139.857,,1761.03
1359,3.91398,,139.714,,1761.06
1360,3.91708,,139.571,,1761.09
1361,3.92018,,139.429,,1761.11
1362,3.92328,,139.286,,1761.14
1363,3.92638,,139.143,,1761.17
1364,3.92948,,139,,1761.2
1365,3.93266,,139,,1761.3
1366,3.93585,,139,,1761.4
1367,3.93882,,138.667,,1761.43
1368,3.9418,,138.333,,1761.47
1369,3.94477,,138,,1761.5
1370,3.94774,,137.667,,1761.53
1371,3.95072,,137.333,,1761.57
1372,3.95369,,137,,1761.6
1373,3.95656,,136.833,,1761.6
1374,3.95944,,136.667,,1761.6
1375,3.96231,,136.5,,1761.6
1376,3.96519,,136.333,,1761.6
1377,3.96806,,136.167,,1761.6
1378,3.97094,,136,,1761.6
1379,3.97383,,136.167,,1761.6
1380,3.97671,,136.333,,1761.6
1381,3.9796,,136.5,,1761.6
1382,3.98249,,136.667,,1761.6
1383,3.98537,,136.833,,1761.6
1384,3.98826,,137,,1761.6
1385,3.9911,,137,,1761.65
1386,3.99394,,137,,1761.7
1387,3.99679,,137,,1761.75
1388,3.99963,,137,,1761.8
1389,4.00266,,136.667,,1761.93
1390,4.00569,,136.333,,1762.07
1391,4.00872,,136,,1762.2
1392,4.01126,,136,,1762.23
1393,4.0138,,136,,1762.27
1394,4.01635,,136,,1762.3
1395,4.01889,,136,,1762.33
1396,4.02143,,136,,1762.37
1397,4.02397,,136,,1762.4
1398,4.02667,,135,,1762.4
1399,4.0296,,134.833,,1762.4
1400,4.03253,,134.667,,1762.4
1401,4.03545,,134.5,,1762.4
1402,4.03838,,134.333,,1762.4
1403,4.04131,,134.167,,1762.4
1404,4.04424,,134,,1762.4
1405,4.04694,,134,,1762.45
1406,4.04964,,134,,1762.5
1407,4.05233,,134,,1762.55
1408,4.05503,,134,,1762.6
1409,4.05773,,134,,1762.65
1410,4.06043,,134,,1762.7
1411,4.06312,,134,,1762.75
1412,4.06582,,134,,1762.8
1413,4.06861,,134.143,,1762.83
1414,4.07141,,134.286,,1762.86
1415,4.0742,,134.429,,1762.89
1416,4.07699,,134.571,,1762.91
1417,4.07978,,134.714,,1762.94
1418,4.08258,,134.857,,1762.97
1419,4.08537,,135,,1763
1420,4.0883,,135,,1763.07
1421,4.09123,,135,,1763.13
1422,4.09416,,135,,1763.2
1423,4.09709,,135,,1763.27
1424,4.10002,,135,,1763.33
1425,4.10295,,135,,1763.4
1426,4.10579,,135,,1763.4
1427,4.10845,,135.167,,1763.47
1428,4.11111,,135.333,,1763.53
1429,4.11376,,135.5,,1763.6
1430,4.11642,,135.667,,1763.67
1431,4.11908,,135.833,,1763.73
1432,4.12174,,136,,1763.8
1433,4.12454,,135.8,,1763.88
1434,4.12735,,135.6,,1763.96
1435,4.13015,,135.4,,1764.04
1436,4.13296,,135.2,,1764.12
1437,4.13576,,135,,1764.2
1438,4.13851,,135,,1764.3
1439,4.14126,,135,,1764.4
1440,4.14401,,135,,1764.5
1441,4.14676,,135,,1764.6
1442,4.14925,,134.5,,1764.6
1443,4.15174,,134,,1764.6
1444,4.15458,,134,,1764.66
1445,4.15741,,134,,1764.71
1446,4.16025,,134,,1764.77
1447,4.16309,,134,,1764.83
1448,4.16593,,134,,1764.89
1449,4.16876,,134,,1764.94
1450,4.1716,,134,,1765
1451,4.17401,,134.2,,1765.08
1452,4.17643,,134.4,,1765.16
1453,4.17884,,134.6,,1765.24
1454,4.18126,,134.8,,1765.32
1455,4.18367,,135,,1765.4
1456,4.18661,,135,,1765.5
1457,4.18954,,135,,1765.6
1458,4.19243,,135,,1765.6
1459,4.19508,,135.2,,1765.64
1460,4.19772,,135.4,,1765.68
1461,4.20037,,135.6,,1765.72
1462,4.20301,,135.8,,1765.76
1463,4.20566,,136,,1765.8
1464,4.20828,,136.167,,1765.87
1465,4.21091,,136.333,,1765.93
1466,4.21353,,136.5,,1766
1467,4.21615,,136.667,,1766.07
1468,4.21878,,136.833,,1766.13
1469,4.2214,,137,,1766.2
1470,4.22395,,137,,1766.3
1471,4.22649,,137,,1766.4
1472,4.22904,,137,,1766.5
1473,4.23159,,137,,1766.6
1474,4.23508,,138,,1766.8
1475,4.23791,,138,,1766.87
1476,4.24074,,138,,1766.93
1477,4.24357,,138,,1767
1478,4.2462,,138.167,,1767.13
1479,4.24883,,138.333,,1767.27
1480,4.25146,,138.5,,1767.4
1481,4.2541,,138.667,,1767.53
1482,4.25673,,138.833,,1767.67
1483,4.25936,,139,,1767.8
1484,4.26202,,139.2,,1767.92
1485,4.26468,,139.4,,1768.04
1486,4.26735,,139.6,,1768.16
1487,4.27001,,139.8,,1768.28
1488,4.27267,,140,,1768.4
1489,4.27528,,140.167,,1768.47
1490,4.27789,,140.333,,1768.53
1491,4.28049,,140.5,,1768.6
1492,4.2831,,140.667,,1768.67
1493,4.28571,,140.833,,1768.73
1494,4.28832,,141,,1768.8
1495,4.29102,,142,,1768.8
1496,4.29322,,142,,1768.88
1497,4.29542,,142,,1768.96
1498,4.29763,,142,,1769.04
1499,4.29983,,142,,1769.12
1500,4.30203,,142,,1769.2
1501,4.30471,,142,,1769.3
1502,4.3074,,142,,1769.4
1503,4.31008,,142,,1769.5
1504,4.31276,,142,,1769.6
1505,4.31545,,142,,1769.7
1506,4.31813,,142,,1769.8
1507,4.32053,,142,,1769.87
1508,4.32294,,142,,1769.93
1509,4.32534,,142,,1770
1510,4.32774,,142,,1770.07
1511,4.33015,,142,,1770.13
1512,4.33255,,142,,1770.2
1513,4.33512,,142,,1770.36
1514,4.33769,,142,,1770.52
1515,4.34025,,142,,1770.68
1516,4.34282,,142,,1770.84
1517,4.34539,,142,,1771
1518,4.3483,,142,,1771.2
1519,4.35088,,142,,1771.28
1520,4.35345,,142,,1771.36
1521,4.35603,,142,,1771.44
1522,4.3586,,142,,1771.52
1523,4.36118,,142,,1771.6
1524,4.36384,,142.5,,1771.8
1525,4.36649,,143,,1772
1526,4.36911,,143,,1772.13
1527,4.37174,,143,,1772.27
1528,4.37436,,143,,1772.4
1529,4.3768,,143,,1772.47
1530,4.37924,,143,,1772.53
1531,4.38168,,143,,1772.6
1532,4.38412,,143,,1772.67
1533,4.38656,,143,,1772.73
1534,4.389,,143,,1772.8
1535,4.39154,,143,,1772.9
1536,4.39409,,143,,1773
1537,4.39662,,143,,1773.17
1538,4.39914,,143,,1773.33
1539,4.40167,,143,,1773.5
1540,4.4042,,143,,1773.67
1541,4.40672,,143,,1773.83
1542,4.40925,,143,,1774
1543,4.41171,,143,,1774.1
1544,4.41416,,143,,1774.2
1545,4.41657,,143,,1774.27
1546,4.41897,,143,,1774.33
1547,4.42138,,143,,1774.4
1548,4.42389,,143,,1774.56
1549,4.4264,,143,,1774.72
1550,4.42891,,143,,1774.88
1551,4.43142,,143,,1775.04
1552,4.43393,,143,,1775.2
1553,4.43614,,143,,1775.2
1554,4.43862,,143,,1775.32
1555,4.4411,,143,,1775.44
1556,4.44357,,143,,1775.56
1557,4.44605,,143,,1775.68
1558,4.44853,,143,,1775.8
1559,4.45107,,143,,1775.9
1560,4.45361,,143,,1776
1561,4.45615,,143,,1776.1
1562,4.45869,,143,,1776.2
1563,4.46123,,143,,1776.3
1564,4.46377,,143,,1776.4
1565,4.46631,,143,,1776.51
1566,4.46885,,143,,1776.63
1567,4.47139,,143,,1776.74
1568,4.47392,,143,,1776.86
1569,4.47646,,143,,1776.97
1570,4.479,,143,,1777.09
1571,4.48154,,143,,1777.2
1572,4.48424,,143,,1777.4
1573,4.48693,,143,,1777.6
1574,4.48958,,143.25,,1777.75
1575,4.49222,,143.5,,1777.9
1576,4.49486,,143.75,,1778.05
1577,4.49751,,144,,1778.2
1578,4.50004,,144,,1778.4
1579,4.50257,,144,,1778.6
1580,4.5051,,144,,1778.8
1581,4.50765,,144,,1778.9
1582,4.51019,,144,,1779
1583,4.51287,,144,,1779.08
1584,4.51554,,144,,1779.16
1585,4.51822,,144,,1779.24
1586,4.52089,,144,,1779.32
1587,4.52357,,144,,1779.4
1588,4.52601,,144,,1779.53
1589,4.52844,,144,,1779.67
1590,4.53088,,144,,1779.8
1591,4.53355,,144,,1779.9
1592,4.53622,,144,,1780
1593,4.53908,,144,,1780.12
1594,4.54194,,144,,1780.24
1595,4.5448,,144,,1780.36
1596,4.54766,,144,,1780.48
1597,4.55052,,144,,1780.6
1598,4.55363,,144,,1780.7
1599,4.55674,,144,,1780.8
1600,4.55934,,144.5,,1780.9
1601,4.56194,,145,,1781
1602,4.56463,,145,,1781.08
1603,4.56733,,145,,1781.16
1604,4.57002,,145,,1781.24
1605,4.57272,,145,,1781.32
1606,4.57541,,145,,1781.4
1607,4.57799,,145.333,,1781.6
1608,4.58056,,145.667,,1781.8
1609,4.58314,,146,,1782
1610,4.58551,,146,,1782
1611,4.58803,,145.8,,1782.16
1612,4.59054,,145.6,,1782.32
1613,4.59306,,145.4,,1782.48
1614,4.59557,,145.2,,1782.64
1615,4.59809,,145,,1782.8
1616,4.60068,,145,,1783
1617,4.60312,,145.2,,1783.08
1618,4.60556,,145.4,,1783.16
1619,4.608,,145.6,,1783.24
1620,4.61044,,145.8,,1783.32
1621,4.61288,,146,,1783.4
1622,4.61542,,146,,1783.55
1623,4.61795,,146,,1783.7
1624,4.62049,,146,,1783.85
1625,4.62303,,146,,1784
1626,4.62627,,146,,1784.2
1627,4.62905,,146,,1784.32
1628,4.63183,,146,,1784.44
1629,4.63462,,146,,1784.56
1630,4.6374,,146,,1784.68
1631,4.64018,,146,,1784.8
1632,4.64275,,145.667,,1784.87
1633,4.64532,,145.333,,1784.93
1634,4.64789,,145,,1785
1635,4.65035,,145,,1785.13
1636,4.6528,,145,,1785.27
1637,4.65526,,145,,1785.4
1638,4.65771,,145,,1785.5
1639,4.66016,,145,,1785.6
1640,4.66261,,145,,1785.7
1641,4.66506,,145,,1785.8
1642,4.66751,,145,,1785.9
1643,4.66997,,145,,1786
1644,4.67273,,145,,1786.15
1645,4.67549,,145,,1786.3
1646,4.67826,,145,,1786.45
1647,4.68102,,145,,1786.6
1648,4.68345,,145.167,,1786.67
1649,4.68588,,145.333,,1786.73
1650,4.68831,,145.5,,1786.8
1651,4.69075,,145.667,,1786.87
1652,4.69318,,145.833,,1786.93
1653,4.69561,,146,,1787
1654,4.69764,,146,,1787
1655,4.69995,,146,,1787.2
1656,4.70225,,146,,1787.4
1657,4.70456,,146,,1787.6
1658,4.70758,,146.333,,1787.8
1659,4.7106,,146.667,,1788
1660,4.71362,,147,,1788.2
1661,4.71651,,147,,1788.2
1662,4.71906,,147,,1788.36
1663,4.72162,,147,,1788.52
1664,4.72417,,147,,1788.68
1665,4.72673,,147,,1788.84
1666,4.72928,,147,,1789
1667,4.7318,,147,,1789.1
1668,4.73433,,147,,1789.2
1669,4.73685,,147,,1789.3
1670,4.73938,,147,,1789.4
1671,4.74226,,147,,1789.2
1672,4.74491,,147,,1789.32
1673,4.74755,,147,,1789.44
1674,4.7502,,147,,1789.56
1675,4.75284,,147,,1789.68
1676,4.75549,,147,,1789.8
1677,4.75819,,147.2,,1789.92
1678,4.76088,,147.4,,1790.04
1679,4.76358,,147.6,,1790.16
1680,4.76627,,147.8,,1790.28
1681,4.76897,,148,,1790.4
1682,4.77151,,148,,1790.6
1683,4.77399,,148,,1790.63
1684,4.77647,,148,,1790.67
1685,4.77894,,148,,1790.7
1686,4.78142,,148,,1790.73
1687,4.7839,,148,,1790.77
1688,4.78638,,148,,1790.8
1689,4.78908,,148,,1790.9
1690,4.79178,,148,,1791
1691,4.79448,,148,,1791.1
1692,4.79718,,148,,1791.2
1693,4.79988,,148,,1791.3
1694,4.80258,,148,,1791.4
1695,4.80503,,148,,1791.4
1696,4.80781,,148,,1791.5
1697,4.8106,,148,,1791.6
1698,4.81338,,148,,1791.7
1699,4.81617,,148,,1791.8
1700,4.81868,,147.833,,1791.9
1701,4.82119,,147.667,,1792
1702,4.8237,,147.5,,1792.1
1703,4.82622,,147.333,,1792.2
1704,4.82873,,147.167,,1792.3
1705,4.83124,,147,,1792.4
1706,4.83382,,147,,1792.47
1707,4.83641,,147,,1792.53
1708,4.83899,,147,,1792.6
1709,4.84175,,147,,1792.67
1710,4.84452,,147,,1792.73
1711,4.84728,,147,,1792.8
1712,4.8498,,147,,1792.93
1713,4.85232,,147,,1793.07
1714,4.85484,,147,,1793.2
1715,4.85736,,147,,1793.33
1716,4.85988,,147,,1793.47
1717,4.8624,,147,,1793.6
1718,4.86513,,147,,1793.6
1719,4.86786,,147,,1793.6
1720,4.87059,,147,,1793.6
1721,4.87296,,146.5,,1793.6
1722,4.87533,,146,,1793.6
1723,4.8783,,146,,1793.63
1724,4.88127,,146,,1793.67
1725,4.88424,,146,,1793.7
1726,4.88721,,146,,1793.73
1727,4.89018,,146,,1793.77
1728,4.89315,,146,,1793.8
1729,4.89579,,146,,1793.9
1730,4.89843,,146,,1794
1731,4.90106,,146,,1794.1
1732,4.9037,,146,,1794.2
1733,4.90634,,146,,1794.3
1734,4.90898,,146,,1794.4
1735,4.91149,,145.8,,1794.4
1736,4.914,,145.6,,1794.4
1737,4.9165,,145.4,,1794.4
1738,4.91901,,145.2,,1794.4
1739,4.92152,,145,,1794.4
1740,4.92418,,145,,1794.44
1741,4.92684,,145,,1794.48
1742,4.92949,,145,,1794.52
1743,4.93215,,145,,1794.56
1744,4.93481,,145,,1794.6
1745,4.93754,,144.833,,1794.6
1746,4.94028,,144.667,,1794.6
1747,4.94301,,144.5,,1794.6
1748,4.94574,,144.333,,1794.6
1749,4.94848,,144.167,,1794.6
1750,4.95121,,144,,1794.6
1751,4.95417,,143.8,,1794.68
1752,4.95713,,143.6,,1794.76
1753,4.96008,,143.4,,1794.84
1754,4.96304,,143.2,,1794.92
1755,4.966,,143,,1795
1756,4.96893,,143,,1794.96
1757,4.97186,,143,,1794.92
1758,4.97478,,143,,1794.88
1759,4.97771,,143,,1794.84
1760,4.98064,,143,,1794.8
1761,4.9836,,143,,1794.83
1762,4.98655,,143,,1794.87
1763,4.98951,,143,,1794.9
1764,4.99246,,143,,1794.93
1765,4.99542,,143,,1794.97
1766,4.99837,,143,,1795
1767,5.00121,,143.25,,1795
1768,5.00405,,143.5,,1795
1769,5.00689,,143.75,,1795
1770,5.00973,,144,,1795
1771,5.01258,,143.833,,1795
1772,5.01543,,143.667,,1795
1773,5.01827,,143.5,,1795
1774,5.02112,,143.333,,1795
1775,5.02397,,143.167,,1795
1776,5.02682,,143,,1795
1777,5.02961,,142.833,,1795.03
1778,5.0324,,142.667,,1795.07
1779,5.03518,,142.5,,1795.1
1780,5.03797,,142.333,,1795.13
1781,5.04076,,142.167,,1795.17
1782,5.04355,,142,,1795.2
1783,5.04615,,141.8,,1795.16
1784,5.04875,,141.6,,1795.12
1785,5.05134,,141.4,,1795.08
1786,5.05394,,141.2,,1795.04
1787,5.05654,,141,,1795
1788,5.05962,,141,,1794.95
1789,5.0627,,141,,1794.9
1790,5.06578,,141,,1794.85
1791,5.06886,,141,,1794.8
1792,5.07167,,141,,1794.77
1793,5.07448,,141,,1794.73
1794,5.07728,,141,,1794.7
1795,5.08009,,141,,1794.67
1796,5.0829,,141,,1794.63
1797,5.08571,,141,,1794.6
1798,5.0883,,140.833,,1794.6
1799,5.09089,,140.667,,1794.6
1800,5.09348,,140.5,,1794.6
1801,5.09607,,140.333,,1794.6
1802,5.09866,,140.167,,1794.6
1803,5.10125,,140,,1794.6
1804,5.10424,,140.2,,1794.56
1805,5.10723,,140.4,,1794.52
1806,5.11022,,140.6,,1794.48
1807,5.11321,,140.8,,1794.44
1808,5.1162,,141,,1794.4
1809,5.11924,,140.714,,1794.4
1810,5.12228,,140.429,,1794.4
1811,5.12532,,140.143,,1794.4
1812,5.12836,,139.857,,1794.4
1813,5.1314,,139.571,,1794.4
1814,5.13444,,139.286,,1794.4
1815,5.13748,,139,,1794.4
1816,5.14039,,139,,1794.4
1817,5.14331,,139,,1794.4
1818,5.14622,,139,,1794.4
1819,5.14914,,139,,1794.4
1820,5.15205,,139,,1794.4
1821,5.15491,,138.857,,1794.37
1822,5.15776,,138.714,,1794.34
1823,5.16062,,138.571,,1794.31
1824,5.16347,,138.429,,1794.29
1825,5.16633,,138.286,,1794.26
1826,5.16918,,138.143,,1794.23
1827,5.17204,,138,,1794.2
1828,5.17498,,137.857,,1794.2
1829,5.17792,,137.714,,1794.2
1830,5.18086,,137.571,,1794.2
1831,5.1838,,137.429,,1794.2
1832,5.18674,,137.286,,1794.2
1833,5.18968,,137.143,,1794.2
1834,5.19262,,137,,1794.2
1835,5.19566,,136.8,,1794.16
1836,5.19869,,136.6,,1794.12
1837,5.20173,,136.4,,1794.08
1838,5.20476,,136.2,,1794.04
1839,5.2078,,136,,1794
1840,5.2109,,136,,1793.96
1841,5.214,,136,,1793.92
1842,5.21711,,136,,1793.88
1843,5.22021,,136,,1793.84
1844,5.22331,,136,,1793.8
1845,5.22602,,136,,1793.73
1846,5.22873,,136,,1793.67
1847,5.23144,,136,,1793.6
1848,5.23445,,136,,1793.6
1849,5.23745,,136,,1793.6
1850,5.24046,,136,,1793.6
1851,5.24329,,136.167,,1793.6
1852,5.24611,,136.333,,1793.6
1853,5.24894,,136.5,,1793.6
1854,5.25177,,136.667,,1793.6
1855,5.25459,,136.833,,1793.6
1856,5.25742,,137,,1793.6
1857,5.26029,,137,,1793.63
1858,5.26316,,137,,1793.67
1859,5.26602,,137,,1793.7
1860,5.26889,,137,,1793.73
1861,5.27176,,137,,1793.77
1862,5.27463,,137,,1793.8
1863,5.27746,,137,,1793.8
1864,5.2803,,137,,1793.8
1865,5.28313,,137,,1793.8
1866,5.28597,,137,,1793.8
1867,5.2888,,137,,1793.8
1868,5.29173,,137,,1793.8
1869,5.29466,,137,,1793.8
1870,5.29759,,137,,1793.8
1871,5.30053,,137,,1793.8
1872,5.30346,,137,,1793.8
1873,5.30639,,137,,1793.8
1874,5.30932,,137,,1793.8
1875,5.31249,,136.8,,1793.8
1876,5.31565,,136.6,,1793.8
1877,5.31882,,136.4,,1793.8
1878,5.32198,,136.2,,1793.8
1879,5.32515,,136,,1793.8
1880,5.32794,,135.8,,1793.76
1881,5.33073,,135.6,,1793.72
1882,5.33351,,135.4,,1793.68
1883,5.3363,,135.2,,1793.64
1884,5.33909,,135,,1793.6
1885,5.34185,,134.857,,1793.6
1886,5.34461,,134.714,,1793.6
1887,5.34737,,134.571,,1793.6
1888,5.35013,,134.429,,1793.6
1889,5.35289,,134.286,,1793.6
1890,5.35565,,134.143,,1793.6
1891,5.35841,,134,,1793.6
1892,5.36115,,133.8,,1793.6
1893,5.36389,,133.6,,1793.6
1894,5.36664,,133.4,,1793.6
1895,5.36938,,133.2,,1793.6
1896,5.37212,,133,,1793.6
1897,5.37489,,133.167,,1793.63
1898,5.37765,,133.333,,1793.67
1899,5.38042,,133.5,,1793.7
1900,5.38318,,133.667,,1793.73
1901,5.38595,,133.833,,1793.77
1902,5.38871,,134,,1793.8
1903,5.39149,,133.833,,1793.77
1904,5.39428,,133.667,,1793.73
1905,5.39706,,133.5,,1793.7
1906,5.39985,,133.333,,1793.67
1907,5.40263,,133.167,,1793.63
1908,5.40542,,133,,1793.6
1909,5.40828,,133,,1793.56
1910,5.41113,,133,,1793.52
1911,5.41399,,133,,1793.48
1912,5.41684,,133,,1793.44
1913,5.4197,,133,,1793.4
1914,5.42246,,133.167,,1793.37
1915,5.42522,,133.333,,1793.33
1916,5.42798,,133.5,,1793.3
1917,5.43074,,133.667,,1793.27
1918,5.4335,,133.833,,1793.23
1919,5.43626,,134,,1793.2
1920,5.43929,,134.143,,1793.17
1921,5.44231,,134.286,,1793.14
1922,5.44534,,134.429,,1793.11
1923,5.44837,,134.571,,1793.09
1924,5.4514,,134.714,,1793.06
1925,5.45442,,134.857,,1793.03
1926,5.45745,,135,,1793
1927,5.4603,,135,,1793
1928,5.46315,,135,,1793
1929,5.46601,,135,,1793
1930,5.46886,,135,,1793
1931,5.47171,,135,,1793
1932,5.47467,,135,,1793
1933,5.47763,,135,,1793
1934,5.48058,,135,,1793
1935,5.48354,,135,,1793
1936,5.48643,,135,,1792.92
1937,5.48932,,135,,1792.84
1938,5.49222,,135,,1792.76
1939,5.49511,,135,,1792.68
1940,5.498,,135,,1792.6
1941,5.501,,135.25,,1792.55
1942,5.50399,,135.5,,1792.5
1943,5.50699,,135.75,,1792.45
1944,5.50999,,136,,1792.4
1945,5.51308,,136,,1792.5
1946,5.51617,,136,,1792.6
1947,5.51923,,136,,1792.57
1948,5.52228,,136,,1792.53
1949,5.52534,,136,,1792.5
1950,5.5284,,136,,1792.47
1951,5.53145,,136,,1792.43
1952,5.53451,,136,,1792.4
1953,5.53734,,136.167,,1792.4
1954,5.54018,,136.333,,1792.4
1955,5.54301,,136.5,,1792.4
1956,5.54584,,136.667,,1792.4
1957,5.54868,,136.833,,1792.4
1958,5.55151,,137,,1792.4
1959,5.55443,,137.2,,1792.4
1960,5.55735,,137.4,,1792.4
1961,5.56026,,137.6,,1792.4
1962,5.56318,,137.8,,1792.4
1963,5.5661,,138,,1792.4
1964,5.56903,,138,,1792.36
1965,5.57197,,138,,1792.32
1966,5.5749,,138,,1792.28
1967,5.57784,,138,,1792.24
1968,5.58077,,138,,1792.2
1969,5.58361,,137.8,,1792.28
1970,5.58645,,137.6,,1792.36
1971,5.5893,,137.4,,1792.44
1972,5.59214,,137.2,,1792.52
1973,5.59498,,137,,1792.6
1974,5.59789,,136.8,,1792.64
1975,5.6008,,136.6,,1792.68
1976,5.60372,,136.4,,1792.72
1977,5.60663,,136.2,,1792.76
1978,5.60954,,136,,1792.8
1979,5.61257,,135.8,,1792.8
1980,5.6156,,135.6,,1792.8
1981,5.61864,,135.4,,1792.8
1982,5.62167,,135.2,,1792.8
1983,5.6247,,135,,1792.8
1984,5.62743,,135,,1792.88
1985,5.63016,,135,,1792.96
1986,5.63289,,135,,1793.04
1987,5.63562,,135,,1793.12
1988,5.63835,,135,,1793.2
1989,5.64077,,136,,1793.6
1990,5.64359,,136.2,,1793.72
1991,5.64641,,136.4,,1793.84
1992,5.64924,,136.6,,1793.96
1993,5.65206,,136.8,,1794.08
1994,5.65488,,137,,1794.2
1995,5.65751,,137,,1794.23
1996,5.66014,,137,,1794.27
1997,5.66277,,137,,1794.3
1998,5.6654,,137,,1794.33
1999,5.66803,,137,,1794.37
2000,5.67066,,137,,1794.4
2001,5.67324,,137.333,,1794.47
2002,5.67581,,137.667,,1794.53
2003,5.67839,,138,,1794.6
2004,5.68112,,138,,1794.8
2005,5.68384,,138,,1795
2006,5.68649,,138.167,,1795.13
2007,5.68914,,138.333,,1795.27
2008,5.69179,,138.5,,1795.4
2009,5.69445,,138.667,,1795.53
2010,5.6971,,138.833,,1795.67
2011,5.69975,,139,,1795.8
2012,5.70241,,139,,1795.88
2013,5.70507,,139,,1795.96
2014,5.70772,,139,,1796.04
2015,5.71038,,139,,1796.12
2016,5.71304,,139,,1796.2
2017,5.71564,,139.2,,1796.36
2018,5.71823,,139.4,,1796.52
2019,5.72083,,139.6,,1796.68
2020,5.72342,,139.8,,1796.84
2021,5.72602,,140,,1797
2022,5.72878,,141,,1797.2
2023,5.73152,,141,,1797.24
2024,5.73426,,141,,1797.28
2025,5.73701,,141,,1797.32
2026,5.73975,,141,,1797.36
2027,5.74249,,141,,1797.4
2028,5.74537,,141.2,,1797.52
2029,5.74826,,141.4,,1797.64
2030,5.75114,,141.6,,1797.76
2031,5.75403,,141.8,,1797.88
2032,5.75691,,142,,1798
2033,5.7594,,142,,1798.2
2034,5.76223,,142.25,,1798.3
2035,5.76507,,142.5,,1798.4
2036,5.7679,,142.75,,1798.5
2037,5.77074,,143,,1798.6
2038,5.77352,,143,,1798.64
2039,5.7763,,143,,1798.68
2040,5.77907,,143,,1798.72
2041,5.78185,,143,,1798.76
2042,5.78463,,143,,1798.8
2043,5.7873,,143.2,,1798.88
2044,5.78996,,143.4,,1798.96
2045,5.79263,,143.6,,1799.04
2046,5.79529,,143.8,,1799.12
2047,5.79796,,144,,1799.2
2048,5.80063,,144,,1799.36
2049,5.8033,,144,,1799.52
2050,5.80597,,144,,1799.68
2051,5.80864,,144,,1799.84
2052,5.81131,,144,,1800
2053,5.81392,,144,,1800.1
2054,5.81652,,144,,1800.2
2055,5.81924,,144,,1800.35
2056,5.82196,,144,,1800.5
2057,5.82468,,144,,1800.65
2058,5.8274,,144,,1800.8
2059,5.83017,,144.167,,1800.9
2060,5.83294,,144.333,,1801
2061,5.8357,,144.5,,1801.1
2062,5.83847,,144.667,,1801.2
2063,5.84124,,144.833,,1801.3
2064,5.84401,,145,,1801.4
2065,5.84626,,145,,1801.6
2066,5.84817,,145,,1801.72
2067,5.85008,,145,,1801.84
2068,5.85199,,145,,1801.96
2069,5.8539,,145,,1802.08
2070,5.85581,,145,,1802.2
2071,5.85815,,145,,1802.16
2072,5.86048,,145,,1802.12
2073,5.86282,,145,,1802.08
2074,5.86515,,145,,1802.04
2075,5.86749,,145,,1802
2076,5.87027,,144.667,,1802.1
2077,5.87305,,144.333,,1802.2
2078,5.87584,,144,,1802.3
2079,5.87862,,143.667,,1802.4
2080,5.8814,,143.333,,1802.5
2081,5.88418,,143,,1802.6
2082,5.88698,,143,,1802.72
2083,5.88979,,143,,1802.84
2084,5.89259,,143,,1802.96
2085,5.8954,,143,,1803.08
2086,5.8982,,143,,1803.2
2087,5.90102,,143,,1803.3
2088,5.90385,,143,,1803.4
2089,5.90667,,143,,1803.5
2090,5.90949,,143,,1803.6
2091,5.91225,,143,,1803.6
2092,5.91502,,143.143,,1803.69
2093,5.91779,,143.286,,1803.77
2094,5.92056,,143.429,,1803.86
2095,5.92332,,143.571,,1803.94
2096,5.92609,,143.714,,1804.03
2097,5.92886,,143.857,,1804.11
2098,5.93163,,144,,1804.2
2099,5.93462,,144,,1804.35
2100,5.93762,,144,,1804.5
2101,5.94061,,144,,1804.65
2102,5.9436,,144,,1804.8
2103,5.94644,,144,,1805
2104,5.94933,,144,,1805
2105,5.95203,,144,,1805.16
2106,5.95473,,144,,1805.32
2107,5.95742,,144,,1805.48
2108,5.96012,,144,,1805.64
2109,5.96282,,144,,1805.8
2110,5.96574,,145,,1806
2111,5.96852,,145,,1806
2112,5.97129,,145,,1806
2113,5.97407,,145,,1806
2114,5.97685,,145.167,,1806.1
2115,5.97963,,145.333,,1806.2
2116,5.98241,,145.5,,1806.3
2117,5.9852,,145.667,,1806.4
2118,5.98798,,145.833,,1806.5
2119,5.99076,,146,,1806.6
2120,5.99359,,146,,1806.73
2121,5.99643,,146,,1806.87
2122,5.99926,,146,,1807
2123,6.00187,,146,,1807
2124,6.00448,,146,,1807
2125,6.00709,,146,,1807
2126,6.00943,,147,,1807
2127,6.01202,,147,,1807
2128,6.01462,,147,,1807
2129,6.01721,,147,,1807
2130,6.0198,,147,,1807
2131,6.02252,,147,,1807.09
2132,6.02523,,147,,1807.17
2133,6.02795,,147,,1807.26
2134,6.03066,,147,,1807.34
2135,6.03338,,147,,1807.43
2136,6.03609,,147,,1807.51
2137,6.03881,,147,,1807.6
2138,6.04144,,146.667,,1807.63
2139,6.04407,,146.333,,1807.67
2140,6.0467,,146,,1807.7
2141,6.04933,,145.667,,1807.73
2142,6.05196,,145.333,,1807.77
2143,6.05459,,145,,1807.8
2144,6.05723,,145,,1808
2145,6.05987,,145,,1808.2
2146,6.0624,,145,,1808.24
2147,6.06493,,145,,1808.28
2148,6.06747,,145,,1808.32
2149,6.07,,145,,1808.36
2150,6.07253,,145,,1808.4
2151,6.07516,,144.833,,1808.4
2152,6.0778,,144.667,,1808.4
2153,6.08043,,144.5,,1808.4
2154,6.08306,,144.333,,1808.4
2155,6.0857,,144.167,,1808.4
2156,6.08833,,144,,1808.4
2157,6.09109,,143.833,,1808.43
2158,6.09384,,143.667,,1808.47
2159,6.0966,,143.5,,1808.5
2160,6.09935,,143.333,,1808.53
2161,6.1021,,143.167,,1808.57
2162,6.10486,,143,,1808.6
2163,6.10768,,143,,1808.57
2164,6.11049,,143,,1808.54
2165,6.11331,,143,,1808.51
2166,6.11613,,143,,1808.49
2167,6.11895,,143,,1808.46
2168,6.12176,,143,,1808.43
2169,6.12458,,143,,1808.4
2170,6.12744,,142.857,,1808.4
2171,6.1303,,142.714,,1808.4
2172,6.13316,,142.571,,1808.4
2173,6.13602,,142.429,,1808.4
2174,6.13888,,142.286,,1808.4
2175,6.14174,,142.143,,1808.4
2176,6.1446,,142,,1808.4
2177,6.14736,,141.714,,1808.37
2178,6.15011,,141.429,,1808.34
2179,6.15287,,141.143,,1808.31
2180,6.15562,,140.857,,1808.29
2181,6.15838,,140.571,,1808.26
2182,6.16113,,140.286,,1808.23
2183,6.16389,,140,,1808.2
2184,6.1668,,139.714,,1808.14
2185,6.16972,,139.429,,1808.09
2186,6.17263,,139.143,,1808.03
2187,6.17554,,138.857,,1807.97
2188,6.17845,,138.571,,1807.91
2189,6.18137,,138.286,,1807.86
2190,6.18428,,138,,1807.8
2191,6.18737,,138,,1807.4
2192,6.19015,,137.75,,1807.3
2193,6.19293,,137.5,,1807.2
2194,6.1957,,137.25,,1807.1
2195,6.19848,,137,,1807
2196,6.20162,,137,,1806.93
2197,6.20475,,137,,1806.87
2198,6.20789,,137,,1806.8
2199,6.21088,,137,,1806.7
2200,6.21387,,137,,1806.6
2201,6.21686,,137,,1806.5
2202,6.21984,,137,,1806.4
2203,6.22283,,137,,1806.3
2204,6.22582,,137,,1806.2
2205,6.22894,,136.5,,1806.1
2206,6.23206,,136,,1806
2207,6.23509,,135.75,,1805.9
2208,6.23813,,135.5,,1805.8
2209,6.24116,,135.25,,1805.7
2210,6.24419,,135,,1805.6
2211,6.24728,,134.8,,1805.56
2212,6.25037,,134.6,,1805.52
2213,6.25347,,134.4,,1805.48
2214,6.25656,,134.2,,1805.44
2215,6.25965,,134,,1805.4
2216,6.2629,,134,,1805.27
2217,6.26614,,134,,1805.13
2218,6.26939,,134,,1805
2219,6.27264,,134,,1804.9
2220,6.27589,,134,,1804.8
2221,6.27913,,134,,1804.7
2222,6.28238,,134,,1804.6
2223,6.28561,,134,,1804.5
2224,6.28884,,134,,1804.4
2225,6.29207,,134,,1804.3
2226,6.29531,,134,,1804.2
2227,6.29854,,134,,1804.1
2228,6.30177,,134,,1804
2229,6.30496,,134,,1803.87
2230,6.30814,,134,,1803.73
2231,6.31133,,134,,1803.6
2232,6.31452,,134,,1803.47
2233,6.3177,,134,,1803.33
2234,6.32089,,134,,1803.2
2235,6.32413,,134,,1803.12
2236,6.32737,,134,,1803.04
2237,6.33062,,134,,1802.96
2238,6.33386,,134,,1802.88
2239,6.3371,,134,,1802.8
2240,6.34027,,134,,1802.6
2241,6.34346,,133.833,,1802.47
2242,6.34665,,133.667,,1802.33
2243,6.34985,,133.5,,1802.2
2244,6.35304,,133.333,,1802.07
2245,6.35623,,133.167,,1801.93
2246,6.35942,,133,,1801.8
2247,6.36253,,132.833,,1801.63
2248,6.36563,,132.667,,1801.47
2249,6.36874,,132.5,,1801.3
2250,6.37185,,132.333,,1801.13
2251,6.37495,,132.167,,1800.97
2252,6.37806,,132,,1800.8
2253,6.38123,,131.5,,1800.7
2254,6.38439,,131,,1800.6
2255,6.38751,,131,,1800.47
2256,6.39063,,131,,1800.33
2257,6.39375,,131,,1800.2
2258,6.39685,,130.833,,1800.1
2259,6.39994,,130.667,,1800
2260,6.40303,,130.5,,1799.9
2261,6.40613,,130.333,,1799.8
2262,6.40922,,130.167,,1799.7
2263,6.41232,,130,,1799.6
2264,6.4148,,130,,1799.6
2265,6.41799,,130,,1799.52
2266,6.42118,,130,,1799.44
2267,6.42436,,130,,1799.36
2268,6.42755,,130,,1799.28
2269,6.43074,,130,,1799.2
2270,6.43383,,130,,1799.1
2271,6.43691,,130,,1799
2272,6.44,,130,,1798.9
2273,6.44309,,130,,1798.8
2274,6.44617,,130,,1798.7
2275,6.44926,,130,,1798.6
2276,6.45272,,130,,1798.4
2277,6.45576,,130,,1798.27
2278,6.45881,,130,,1798.13
2279,6.46185,,130,,1798
2280,6.4649,,130,,1797.87
2281,6.46794,,130,,1797.73
2282,6.47099,,130,,1797.6
2283,6.47405,,130,,1797.5
2284,6.47712,,130,,1797.4
2285,6.48008,,129.75,,1797.2
2286,6.48303,,129.5,,1797
2287,6.48599,,129.25,,1796.8
2288,6.48894,,129,,1796.6
2289,6.49214,,128.667,,1796.47
2290,6.49535,,128.333,,1796.33
2291,6.49855,,128,,1796.2
2292,6.50169,,128.333,,1796.13
2293,6.50484,,128.667,,1796.07
2294,6.50798,,129,,1796
2295,6.51095,,129.333,,1795.83
2296,6.51392,,129.667,,1795.67
2297,6.5169,,130,,1795.5
2298,6.51987,,130.333,,1795.33
2299,6.52284,,130.667,,1795.17
2300,6.52581,,131,,1795
2301,6.52906,,131,,1795
2302,6.53202,,131.333,,1794.9
2303,6.53498,,131.667,,1794.8
2304,6.53794,,132,,1794.7
2305,6.54089,,132.333,,1794.6
2306,6.54385,,132.667,,1794.5
2307,6.54681,,133,,1794.4
2308,6.54982,,133,,1794.32
2309,6.55283,,133,,1794.24
2310,6.55583,,133,,1794.16
2311,6.55884,,133,,1794.08
2312,6.56185,,133,,1794
2313,6.56482,,132.667,,1793.93
2314,6.56779,,132.333,,1793.87
2315,6.57077,,132,,1793.8
2316,6.57374,,131.667,,1793.73
2317,6.57671,,131.333,,1793.67
2318,6.57968,,131,,1793.6
2319,6.58252,,130.75,,1793.4
2320,6.58536,,130.5,,1793.2
2321,6.5882,,130.25,,1793
2322,6.59104,,130,,1792.8
2323,6.59391,,130,,1792.7
2324,6.59677,,130,,1792.6
2325,6.59953,,129.667,,1792.4
2326,6.60229,,129.333,,1792.2
2327,6.60505,,129,,1792
2328,6.60805,,129,,1792
2329,6.61116,,128.5,,1791.9
2330,6.61427,,128,,1791.8
2331,6.6173,,127.8,,1791.64
2332,6.62033,,127.6,,1791.48
2333,6.62337,,127.4,,1791.32
2334,6.6264,,127.2,,1791.16
2335,6.62943,,127,,1791
2336,6.63259,,127,,1790.8
2337,6.63576,,127,,1790.6
2338,6.63892,,127,,1790.4
2339,6.64209,,127,,1790.2
2340,6.64525,,127,,1790
2341,6.64849,,127,,1789.87
2342,6.65173,,127,,1789.73
2343,6.65497,,127,,1789.6
2344,6.65821,,127,,1789.47
2345,6.66145,,127,,1789.33
2346,6.66469,,127,,1789.2
2347,6.66791,,127,,1789.07
2348,6.67113,,127,,1788.93
2349,6.67435,,127,,1788.8
2350,6.67757,,127,,1788.67
2351,6.68079,,127,,1788.53
2352,6.68401,,127,,1788.4
2353,6.68699,,127,,1788
2354,6.69027,,127.2,,1787.92
2355,6.69356,,127.4,,1787.84
2356,6.69684,,127.6,,1787.76
2357,6.70013,,127.8,,1787.68
2358,6.70341,,128,,1787.6
2359,6.707,,128,,1787.5
2360,6.7106,,128,,1787.4
2361,6.71419,,128,,1787.3
2362,6.71778,,128,,1787.2
2363,6.72108,,128,,1787.1
2364,6.72438,,128,,1787
2365,6.72751,,128,,1786.95
2366,6.73064,,128,,1786.9
2367,6.73377,,128,,1786.85
2368,6.7369,,128,,1786.8
2369,6.74002,,128,,1786.77
2370,6.74314,,128,,1786.73
2371,6.74625,,128,,1786.7
2372,6.74937,,128,,1786.67
2373,6.75249,,128,,1786.63
2374,6.75561,,128,,1786.6
2375,6.75873,,128.4,,1786.68
2376,6.76184,,128.8,,1786.76
2377,6.76496,,129.2,,1786.84
2378,6.76807,,129.6,,1786.92
2379,6.77119,,130,,1787
2380,6.77453,,130.4,,1787.04
2381,6.77787,,130.8,,1787.08
2382,6.7812,,131.2,,1787.12
2383,6.78454,,131.6,,1787.16
2384,6.78788,,132,,1787.2
2385,6.79092,,132.2,,1787.28
2386,6.79396,,132.4,,1787.36
2387,6.79701,,132.6,,1787.44
2388,6.80005,,132.8,,1787.52
2389,6.80309,,133,,1787.6
2390,6.80622,,133.25,,1787.7
2391,6.80935,,133.5,,1787.8
2392,6.81248,,133.75,,1787.9
2393,6.81561,,134,,1788
2394,6.81939,,134,,1788
2395,6.82255,,134.167,,1788.1
2396,6.8257,,134.333,,1788.2
2397,6.82886,,134.5,,1788.3
2398,6.83201,,134.667,,1788.4
2399,6.83516,,134.833,,1788.5
2400,6.83832,,135,,1788.6
2401,6.84164,,135,,1788.8
2402,6.84496,,135,,1789
2403,6.84803,,135.333,,1789.13
2404,6.85111,,135.667,,1789.27
2405,6.85418,,136,,1789.4
2406,6.85711,,136.2,,1789.52
2407,6.86004,,136.4,,1789.64
2408,6.86297,,136.6,,1789.76
2409,6.8659,,136.8,,1789.88
2410,6.86883,,137,,1790
2411,6.87197,,137,,1790.2
2412,6.87509,,137.25,,1790.3
2413,6.8782,,137.5,,1790.4
2414,6.88132,,137.75,,1790.5
2415,6.88444,,138,,1790.6
2416,6.88742,,138.286,,1790.69
2417,6.89041,,138.571,,1790.77
2418,6.89339,,138.857,,1790.86
2419,6.89637,,139.143,,1790.94
2420,6.89935,,139.429,,1791.03
2421,6.90234,,139.714,,1791.11
2422,6.90532,,140,,1791.2
2423,6.90833,,140,,1791.2
2424,6.91154,,140.5,,1791.3
2425,6.91474,,141,,1791.4
2426,6.91794,,141.5,,1791.5
2427,6.92115,,142,,1791.6
2428,6.92351,,142.5,,1791.73
2429,6.92586,,143,,1791.87
2430,6.92822,,143.5,,1792
2431,6.93058,,144,,1792.13
2432,6.93293,,144.5,,1792.27
2433,6.93529,,145,,1792.4
2434,6.93803,,145.4,,1792.52
2435,6.94077,,145.8,,1792.64
2436,6.94351,,146.2,,1792.76
2437,6.94625,,146.6,,1792.88
2438,6.94899,,147,,1793
2439,6.95146,,147.333,,1793.13
2440,6.95393,,147.667,,1793.27
2441,6.9564,,148,,1793.4
2442,6.95882,,148,,1793.4
2443,6.96124,,148,,1793.4
2444,6.96389,,148.2,,1793.52
2445,6.96655,,148.4,,1793.64
2446,6.9692,,148.6,,1793.76
2447,6.97186,,148.8,,1793.88
2448,6.97451,,149,,1794
2449,6.97697,,149,,1794.08
2450,6.97943,,149,,1794.16
2451,6.98188,,149,,1794.24
2452,6.98434,,149,,1794.32
2453,6.9868,,149,,1794.4
2454,6.98964,,149,,1794.4
2455,6.9925,,149,,1794.6
2456,6.99536,,149,,1794.8
2457,6.99822,,149,,1795
2458,7.00064,,149,,1795
2459,7.00307,,149,,1795
2460,7.00576,,149,,1795.12
2461,7.00845,,149,,1795.24
2462,7.01115,,149,,1795.36
2463,7.01384,,149,,1795.48
2464,7.01653,,149,,1795.6
2465,7.01911,,148.833,,1795.67
2466,7.0217,,148.667,,1795.73
2467,7.02428,,148.5,,1795.8
2468,7.02687,,148.333,,1795.87
2469,7.02946,,148.167,,1795.93
2470,7.03204,,148,,1796
2471,7.03453,,148,,1796.15
2472,7.03702,,148,,1796.3
2473,7.03951,,148,,1796.45
2474,7.042,,148,,1796.6
2475,7.04433,,148,,1796.7
2476,7.04666,,148,,1796.8
2477,7.04921,,148,,1796.91
2478,7.05177,,148,,1797.03
2479,7.05432,,148,,1797.14
2480,7.05688,,148,,1797.26
2481,7.05943,,148,,1797.37
2482,7.06199,,148,,1797.49
2483,7.06454,,148,,1797.6
2484,7.06753,,148,,1797.6
2485,7.07,,148,,1797.72
2486,7.07246,,148,,1797.84
2487,7.07493,,148,,1797.96
2488,7.07739,,148,,1798.08
2489,7.07986,,148,,1798.2
2490,7.08245,,147.75,,1798.3
2491,7.08504,,147.5,,1798.4
2492,7.08764,,147.25,,1798.5
2493,7.09023,,147,,1798.6
2494,7.09274,,146.5,,1798.8
2495,7.09525,,146,,1799
2496,7.09788,,146,,1799.17
2497,7.10051,,146,,1799.33
2498,7.10315,,146,,1799.5
2499,7.10578,,146,,1799.67
2500,7.10841,,146,,1799.83
2501,7.11104,,146,,1800
2502,7.11395,,146,,1800.17
2503,7.11687,,146,,1800.33
2504,7.11978,,146,,1800.5
2505,7.12269,,146,,1800.67
2506,7.12561,,146,,1800.83
2507,7.12852,,146,,1801
2508,7.1309,,145,,1801
2509,7.13407,,145,,1801.07
2510,7.13725,,145,,1801.13
2511,7.14043,,145,,1801.2
2512,7.1436,,145,,1801.27
2513,7.14678,,145,,1801.33
2514,7.14995,,145,,1801.4
2515,7.15307,,145,,1801.6
2516,7.1562,,145,,1801.8
2517,7.15932,,145,,1802
2518,7.16244,,145,,1802.2
2519,7.16565,,144.5,,1802.2
2520,7.16886,,144,,1802.2
2521,7.17195,,144.2,,1802.28
2522,7.17504,,144.4,,1802.36
2523,7.17813,,144.6,,1802.44
2524,7.18122,,144.8,,1802.52
2525,7.18431,,145,,1802.6
2526,7.18739,,145,,1802.72
2527,7.19047,,145,,1802.84
2528,7.19354,,145,,1802.96
2529,7.19662,,145,,1803.08
2530,7.1997,,145,,1803.2
2531,7.20287,,145,,1803.25
2532,7.20604,,145,,1803.3
2533,7.2092,,145,,1803.35
2534,7.21237,,145,,1803.4
2535,7.21496,,145.143,,1803.51
2536,7.21755,,145.286,,1803.63
2537,7.22014,,145.429,,1803.74
2538,7.22274,,145.571,,1803.86
2539,7.22533,,145.714,,1803.97
2540,7.22792,,145.857,,1804.09
2541,7.23051,,146,,1804.2
2542,7.23333,,146.167,,1804.33
2543,7.23615,,146.333,,1804.47
2544,7.23896,,146.5,,1804.6
2545,7.24178,,146.667,,1804.73
2546,7.2446,,146.833,,1804.87
2547,7.24742,,147,,1805
2548,7.24979,,147,,1805.07
2549,7.25215,,147,,1805.13
2550,7.25452,,147,,1805.2
2551,7.25681,,147,,1805.4
2552,7.2591,,147,,1805.6
2553,7.26141,,147.167,,1805.73
2554,7.26372,,147.333,,1805.87
2555,7.26603,,147.5,,1806
2556,7.26833,,147.667,,1806.13
2557,7.27064,,147.833,,1806.27
2558,7.27295,,148,,1806.4
2559,7.27569,,147.75,,1806.5
2560,7.27842,,147.5,,1806.6
2561,7.28116,,147.25,,1806.7
2562,7.28389,,147,,1806.8
2563,7.28686,,147.2,,1806.88
2564,7.28984,,147.4,,1806.96
2565,7.29281,,147.6,,1807.04
2566,7.29579,,147.8,,1807.12
2567,7.29876,,148,,1807.2
2568,7.30142,,147,,1807.6
2569,7.30385,,146.8,,1807.64
2570,7.30629,,146.6,,1807.68
2571,7.30872,,146.4,,1807.72
2572,7.31116,,146.2,,1807.76
2573,7.31359,,146,,1807.8
2574,7.31666,,145.75,,1807.95
2575,7.31972,,145.5,,1808.1
2576,7.32279,,145.25,,1808.25
2577,7.32586,,145,,1808.4
2578,7.32853,,145,,1808.5
2579,7.33121,,145,,1808.6
2580,7.33429,,145,,1808.6
2581,7.33738,,145,,1808.6
2582,7.34046,,145,,1808.6
2583,7.34354,,145,,1808.6
2584,7.3466,,145.167,,1808.7
2585,7.34966,,145.333,,1808.8
2586,7.35272,,145.5,,1808.9
2587,7.35577,,145.667,,1809
2588,7.35883,,145.833,,1809.1
2589,7.36189,,146,,1809.2
2590,7.36462,,146,,1809.2
2591,7.36734,,146,,1809.2
2592,7.37007,,146,,1809.2
2593,7.3728,,146,,1809.2
2594,7.37552,,146,,1809.2
2595,7.37825,,146,,1809.2
2596,7.38113,,146,,1809.2
2597,7.384,,146,,1809.2
2598,7.38688,,146,,1809.2
2599,7.38976,,146,,1809.2
2600,7.39263,,146,,1809.2
2601,7.39551,,146,,1809.2
2602,7.3981,,146,,1809.24
2603,7.40069,,146,,1809.28
2604,7.40327,,146,,1809.32
2605,7.40586,,146,,1809.36
2606,7.40845,,146,,1809.4
2607,7.41136,,145.833,,1809.4
2608,7.41427,,145.667,,1809.4
2609,7.41718,,145.5,,1809.4
2610,7.42008,,145.333,,1809.4
2611,7.42299,,145.167,,1809.4
2612,7.4259,,145,,1809.4
2613,7.429,,144.857,,1809.29
2614,7.4321,,144.714,,1809.17
2615,7.4352,,144.571,,1809.06
2616,7.43829,,144.429,,1808.94
2617,7.44139,,144.286,,1808.83
2618,7.44449,,144.143,,1808.71
2619,7.44759,,144,,1808.6
2620,7.45062,,143.857,,1808.6
2621,7.45365,,143.714,,1808.6
2622,7.45668,,143.571,,1808.6
2623,7.45971,,143.429,,1808.6
2624,7.46274,,143.286,,1808.6
2625,7.46577,,143.143,,1808.6
2626,7.4688,,143,,1808.6
2627,7.47183,,142.857,,1808.54
2628,7.47487,,142.714,,1808.49
2629,7.4779,,142.571,,1808.43
2630,7.48093,,142.429,,1808.37
2631,7.48396,,142.286,,1808.31
2632,7.487,,142.143,,1808.26
2633,7.49003,,142,,1808.2
2634,7.49298,,142,,1808.13
2635,7.49594,,142,,1808.07
2636,7.49889,,142,,1808
2637,7.50185,,142,,1807.93
2638,7.5048,,142,,1807.87
2639,7.50776,,142,,1807.8
2640,7.51061,,141.5,,1807.6
2641,7.51347,,141,,1807.4
2642,7.51661,,140.333,,1807.47
2643,7.51974,,139.667,,1807.53
2644,7.52288,,139,,1807.6
2645,7.52619,,138.8,,1807.52
2646,7.52949,,138.6,,1807.44
2647,7.5328,,138.4,,1807.36
2648,7.5361,,138.2,,1807.28
2649,7.53941,,138,,1807.2
2650,7.54256,,137.5,,1807.03
2651,7.54571,,137,,1806.87
2652,7.54887,,136.5,,1806.7
2653,7.55202,,136,,1806.53
2654,7.55517,,135.5,,1806.37
2655,7.55832,,135,,1806.2
2656,7.56127,,135,,1806.03
2657,7.56422,,135,,1805.87
2658,7.56717,,135,,1805.7
2659,7.57012,,135,,1805.53
2660,7.57307,,135,,1805.37
2661,7.57602,,135,,1805.2
2662,7.57883,,135,,1805.2
2663,7.58192,,134.833,,1805
2664,7.585,,134.667,,1804.8
2665,7.58809,,134.5,,1804.6
2666,7.59117,,134.333,,1804.4
2667,7.59425,,134.167,,1804.2
2668,7.59734,,134,,1804
2669,7.6004,,133.75,,1803.75
2670,7.60347,,133.5,,1803.5
2671,7.60654,,133.25,,1803.25
2672,7.6096,,133,,1803
2673,7.61224,,132,,1803
2674,7.6152,,132,,1802.76
2675,7.61816,,132,,1802.52
2676,7.62113,,132,,1802.28
2677,7.62409,,132,,1802.04
2678,7.62705,,132,,1801.8
2679,7.63015,,131.4,,1801.72
2680,7.63325,,130.8,,1801.64
2681,7.63634,,130.2,,1801.56
2682,7.63944,,129.6,,1801.48
2683,7.64254,,129,,1801.4
2684,7.64566,,129,,1801.2
2685,7.64881,,129.5,,1801
2686,7.65195,,130,,1800.8
2687,7.6548,,129,,1800.67
2688,7.65766,,128,,1800.53
2689,7.66051,,127,,1800.4
2690,7.66349,,127,,1800.4
2691,7.66648,,127,,1800.4
2692,7.66963,,127,,1800.2
2693,7.67279,,127,,1800
2694,7.67594,,127,,1799.8
2695,7.67894,,126.75,,1799.7
2696,7.68195,,126.5,,1799.6
2697,7.68495,,126.25,,1799.5
2698,7.68795,,126,,1799.4
2699,7.69098,,126,,1799.3
2700,7.69401,,126,,1799.2
2701,7.69704,,126,,1799.1
2702,7.70007,,126,,1799
2703,7.7031,,126,,1798.9
2704,7.70613,,126,,1798.8
2705,7.70903,,125.833,,1798.6
2706,7.71193,,125.667,,1798.4
2707,7.71483,,125.5,,1798.2
2708,7.71773,,125.333,,1798
2709,7.72063,,125.167,,1797.8
2710,7.72353,,125,,1797.6
2711,7.72663,,125,,1797.36
2712,7.72972,,125,,1797.12
2713,7.73282,,125,,1796.88
2714,7.73591,,125,,1796.64
2715,7.73901,,125,,1796.4
2716,7.74239,,125,,1796.4
2717,7.74534,,124.8,,1796.16
2718,7.7483,,124.6,,1795.92
2719,7.75125,,124.4,,1795.68
2720,7.75421,,124.2,,1795.44
2721,7.75716,,124,,1795.2
2722,7.76048,,124.2,,1795.04
2723,7.76379,,124.4,,1794.88
2724,7.76711,,124.6,,1794.72
2725,7.77042,,124.8,,1794.56
2726,7.77374,,125,,1794.4
2727,7.77662,,125,,1794.3
2728,7.77951,,125,,1794.2
2729,7.78248,,125.2,,1794.04
2730,7.78545,,125.4,,1793.88
2731,7.78841,,125.6,,1793.72
2732,7.79138,,125.8,,1793.56
2733,7.79435,,126,,1793.4
2734,7.79781,,126,,1793.27
2735,7.80128,,126,,1793.13
2736,7.80474,,126,,1793
2737,7.80781,,126.333,,1792.93
2738,7.81089,,126.667,,1792.87
2739,7.81396,,127,,1792.8
2740,7.81687,,127,,1792.7
2741,7.81978,,127,,1792.6
2742,7.8227,,127,,1792.5
2743,7.82561,,127,,1792.4
2744,7.82852,,127,,1792.3
2745,7.83143,,127,,1792.2
2746,7.83431,,126.5,,1792.1
2747,7.83718,,126,,1792
2748,7.84026,,126.2,,1792
2749,7.84333,,126.4,,1792
2750,7.84641,,126.6,,1792
2751,7.84948,,126.8,,1792
2752,7.85256,,127,,1792
2753,7.85559,,127.167,,1791.97
2754,7.85862,,127.333,,1791.93
2755,7.86165,,127.5,,1791.9
2756,7.86467,,127.667,,1791.87
2757,7.8677,,127.833,,1791.83
2758,7.87073,,128,,1791.8
2759,7.8736,,128,,1791.8
2760,7.87647,,128,,1791.8
2761,7.87935,,128,,1791.8
2762,7.88222,,128,,1791.8
2763,7.88509,,128,,1791.8
2764,7.88803,,128,,1791.71
2765,7.89098,,128,,1791.63
2766,7.89392,,128,,1791.54
2767,7.89686,,128,,1791.46
2768,7.8998,,128,,1791.37
2769,7.90275,,128,,1791.29
2770,7.90569,,128,,1791.2
2771,7.9086,,128,,1791.15
2772,7.9115,,128,,1791.1
2773,7.91441,,128,,1791.05
2774,7.91732,,128,,1791
2775,7.9199,,128,,1791
2776,7.92289,,128.333,,1791
2777,7.92589,,128.667,,1791
2778,7.92889,,129,,1791
2779,7.93188,,129.333,,1791
2780,7.93488,,129.667,,1791
2781,7.93787,,130,,1791
2782,7.94084,,130.167,,1791
2783,7.94381,,130.333,,1791
2784,7.94679,,130.5,,1791
2785,7.94976,,130.667,,1791
2786,7.95273,,130.833,,1791
2787,7.9557,,131,,1791
2788,7.95875,,131.143,,1790.97
2789,7.96181,,131.286,,1790.94
2790,7.96486,,131.429,,1790.91
2791,7.96792,,131.571,,1790.89
2792,7.97097,,131.714,,1790.86
2793,7.97403,,131.857,,1790.83
2794,7.97708,,132,,1790.8
2795,7.98013,,132.167,,1790.77
2796,7.98318,,132.333,,1790.73
2797,7.98623,,132.5,,1790.7
2798,7.98927,,132.667,,1790.67
2799,7.99232,,132.833,,1790.63
2800,7.99537,,133,,1790.6
2801,7.99863,,134,,1790.6
2802,8.00148,,134,,1790.56
2803,8.00433,,134,,1790.52
2804,8.00718,,134,,1790.48
2805,8.01003,,134,,1790.44
2806,8.01288,,134,,1790.4
2807,8.0161,,134.2,,1790.4
2808,8.01933,,134.4,,1790.4
2809,8.02255,,134.6,,1790.4
2810,8.02578,,134.8,,1790.4
2811,8.029,,135,,1790.4
2812,8.03205,,135,,1790.37
2813,8.0351,,135,,1790.34
2814,8.03815,,135,,1790.31
2815,8.04119,,135,,1790.29
2816,8.04424,,135,,1790.26
2817,8.04729,,135,,1790.23
2818,8.05034,,135,,1790.2
2819,8.0535,,135,,1790.2
2820,8.05666,,135,,1790.2
2821,8.05982,,135,,1790.2
2822,8.06298,,135,,1790.2
2823,8.06614,,135,,1790.2
2824,8.0693,,135,,1790.2
2825,8.07246,,135,,1790.2
2826,8.07512,,134,,1789.8
2827,8.078,,134.25,,1789.75
2828,8.08088,,134.5,,1789.7
2829,8.08376,,134.75,,1789.65
2830,8.08664,,135,,1789.6
2831,8.08951,,135,,1789.6
2832,8.09238,,135,,1789.6
2833,8.09525,,135,,1789.6
2834,8.09812,,135,,1789.6
2835,8.10099,,135,,1789.6
2836,8.10392,,135,,1789.63
2837,8.10685,,135,,1789.66
2838,8.10978,,135,,1789.69
2839,8.1127,,135,,1789.71
2840,8.11563,,135,,1789.74
2841,8.11856,,135,,1789.77
2842,8.12149,,135,,1789.8
2843,8.12459,,135,,1789.76
2844,8.12769,,135,,1789.72
2845,8.1308,,135,,1789.68
2846,8.1339,,135,,1789.64
2847,8.137,,135,,1789.6
2848,8.14001,,135,,1789.6
2849,8.14302,,135,,1789.6
2850,8.14604,,135,,1789.6
2851,8.14905,,135,,1789.6
2852,8.15206,,135,,1789.6
2853,8.15447,,135,,1789.63
2854,8.15688,,135,,1789.67
2855,8.15928,,135,,1789.7
2856,8.16169,,135,,1789.73
2857,8.1641,,135,,1789.77
2858,8.16651,,135,,1789.8
2859,8.16884,,136,,1789.6
2860,8.17165,,135.667,,1789.67
2861,8.17446,,135.333,,1789.73
2862,8.17727,,135,,1789.8
2863,8.17974,,135.5,,1789.7
2864,8.18222,,136,,1789.6
2865,8.18487,,136.25,,1789.6
2866,8.18751,,136.5,,1789.6
2867,8.19016,,136.75,,1789.6
2868,8.19281,,137,,1789.6
2869,8.19542,,137,,1789.6
2870,8.19802,,137,,1789.6
2871,8.20063,,137,,1789.6
2872,8.20323,,137,,1789.6
2873,8.20584,,137,,1789.6
2874,8.20815,,137,,1789.6
2875,8.21045,,137,,1789.6
2876,8.21276,,137,,1789.6
2877,8.21506,,137,,1789.6
2878,8.21737,,137,,1789.6
2879,8.22026,,137,,1789.55
2880,8.22315,,137,,1789.5
2881,8.22604,,137,,1789.45
2882,8.22893,,137,,1789.4
2883,8.2317,,136.875,,1789.35
2884,8.23447,,136.75,,1789.3
2885,8.23724,,136.625,,1789.25
2886,8.24001,,136.5,,1789.2
2887,8.24278,,136.375,,1789.15
2888,8.24555,,136.25,,1789.1
2889,8.24832,,136.125,,1789.05
2890,8.25109,,136,,1789
2891,8.25408,,136,,1788.8
2892,8.25686,,135.8,,1788.64
2893,8.25964,,135.6,,1788.48
2894,8.26242,,135.4,,1788.32
2895,8.2652,,135.2,,1788.16
2896,8.26798,,135,,1788
2897,8.27074,,135,,1787.9
2898,8.2735,,135,,1787.8
2899,8.27658,,135,,1787.6
2900,8.27965,,135,,1787.4
2901,8.28273,,135,,1787.2
2902,8.28581,,135,,1787
2903,8.28894,,134.667,,1786.87
2904,8.29207,,134.333,,1786.73
2905,8.2952,,134,,1786.6
2906,8.29831,,134.5,,1786.5
2907,8.30143,,135,,1786.4
2908,8.30481,,134.75,,1786.15
2909,8.30819,,134.5,,1785.9
2910,8.31157,,134.25,,1785.65
2911,8.31495,,134,,1785.4
2912,8.31834,,134,,1785.2
2913,8.32167,,133.8,,1785
2914,8.325,,133.6,,1784.8
2915,8.32833,,133.4,,1784.6
2916,8.33166,,133.2,,1784.4
2917,8.33499,,133,,1784.2
2918,8.33806,,132,,1784.2
2919,8.34123,,131.833,,1784.2
2920,8.34441,,131.667,,1784.2
2921,8.34759,,131.5,,1784.2
2922,8.35076,,131.333,,1784.2
2923,8.35394,,131.167,,1784.2
2924,8.35711,,131,,1784.2
2925,8.36053,,131,,1784.24
2926,8.36395,,131,,1784.28
2927,8.36737,,131,,1784.32
2928,8.37079,,131,,1784.36
2929,8.37421,,131,,1784.4
2930,8.37729,,130.833,,1784.37
2931,8.38038,,130.667,,1784.33
2932,8.38346,,130.5,,1784.3
2933,8.38655,,130.333,,1784.27
2934,8.38963,,130.167,,1784.23
2935,8.39272,,130,,1784.2
2936,8.39582,,130.25,,1784.25
2937,8.39892,,130.5,,1784.3
2938,8.40202,,130.75,,1784.35
2939,8.40512,,131,,1784.4
2940,8.40814,,131,,1784.43
2941,8.41116,,131,,1784.47
2942,8.41417,,131,,1784.5
2943,8.41719,,131,,1784.53
2944,8.42021,,131,,1784.57
2945,8.42323,,131,,1784.6
2946,8.42621,,131.333,,1784.5
2947,8.42919,,131.667,,1784.4
2948,8.43217,,132,,1784.3
2949,8.43515,,132.333,,1784.2
2950,8.43813,,132.667,,1784.1
2951,8.44111,,133,,1784
2952,8.44405,,133.333,,1784
2953,8.44699,,133.667,,1784
2954,8.44993,,134,,1784
2955,8.45286,,134.333,,1784
2956,8.4558,,134.667,,1784
2957,8.45874,,135,,1784
2958,8.4615,,135.167,,1783.97
2959,8.46426,,135.333,,1783.93
2960,8.46702,,135.5,,1783.9
2961,8.46977,,135.667,,1783.87
2962,8.47253,,135.833,,1783.83
2963,8.47529,,136,,1783.8
2964,8.47828,,136,,1783.76
2965,8.48127,,136,,1783.72
2966,8.48426,,136,,1783.68
2967,8.48725,,136,,1783.64
2968,8.49024,,136,,1783.6
2969,8.49318,,135.857,,1783.6
2970,8.49613,,135.714,,1783.6
2971,8.49907,,135.571,,1783.6
2972,8.50201,,135.429,,1783.6
2973,8.50495,,135.286,,1783.6
2974,8.5079,,135.143,,1783.6
2975,8.51084,,135,,1783.6
2976,8.51388,,134.5,,1783.3
2977,8.51692,,134,,1783
2978,8.52004,,134,,1783
2979,8.52316,,134,,1783
2980,8.52628,,134,,1783
2981,8.52919,,133.8,,1782.88
2982,8.53211,,133.6,,1782.76
2983,8.53502,,133.4,,1782.64
2984,8.53794,,133.2,,1782.52
2985,8.54085,,133,,1782.4
2986,8.54367,,133,,1782.33
2987,8.54648,,133,,1782.27
2988,8.5493,,133,,1782.2
2989,8.55212,,133,,1782.13
2990,8.55493,,133,,1782.07
2991,8.55775,,133,,1782
2992,8.56019,,133,,1782
2993,8.56321,,132.714,,1781.94
2994,8.56623,,132.429,,1781.89
2995,8.56925,,132.143,,1781.83
2996,8.57228,,131.857,,1781.77
2997,8.5753,,131.571,,1781.71
2998,8.57832,,131.286,,1781.66
2999,8.58134,,131,,1781.6
3000,8.58447,,130.5,,1781.5
3001,8.58761,,130,,1781.4
3002,8.59074,,129.5,,1781.3
3003,8.59388,,129,,1781.2
3004,8.59712,,129,,1781.1
3005,8.60035,,129,,1781
3006,8.60359,,129,,1780.9
3007,8.60682,,129,,1780.8
3008,8.60995,,129,,1780.7
3009,8.61307,,129,,1780.6
3010,8.61605,,129,,1780.5
3011,8.61902,,129,,1780.4
3012,8.622,,129,,1780.3
3013,8.62498,,129,,1780.2
3014,8.62795,,129,,1780.1
3015,8.63093,,129,,1780
3016,8.63384,,129,,1779.97
3017,8.63675,,129,,1779.93
3018,8.63966,,129,,1779.9
3019,8.64257,,129,,1779.87
3020,8.64548,,129,,1779.83
3021,8.64839,,129,,1779.8
3022,8.65134,,129,,1779.73
3023,8.65428,,129,,1779.67
3024,8.65723,,129,,1779.6
3025,8.66018,,129,,1779.53
3026,8.66312,,129,,1779.47
3027,8.66607,,129,,1779.4
3028,8.66893,,128.857,,1779.34
3029,8.67179,,128.714,,1779.29
3030,8.67465,,128.571,,1779.23
3031,8.67751,,128.429,,1779.17
3032,8.68037,,128.286,,1779.11
3033,8.68323,,128.143,,1779.06
3034,8.68609,,128,,1779
3035,8.68902,,128,,1778.94
3036,8.69196,,128,,1778.89
3037,8.69489,,128,,1778.83
3038,8.69782,,128,,1778.77
3039,8.70075,,128,,1778.71
3040,8.70369,,128,,1778.66
3041,8.70662,,128,,1778.6
3042,8.70934,,128,,1778.4
3043,8.71205,,128,,1778.2
3044,8.7149,,128.5,,1777.9
3045,8.71774,,129,,1777.6
3046,8.72062,,129,,1777.55
3047,8.7235,,129,,1777.5
3048,8.72638,,129,,1777.45
3049,8.72926,,129,,1777.4
3050,8.73218,,128.833,,1777.37
3051,8.7351,,128.667,,1777.33
3052,8.73802,,128.5,,1777.3
3053,8.74095,,128.333,,1777.27
3054,8.74387,,128.167,,1777.23
3055,8.74679,,128,,1777.2
3056,8.74974,,127.667,,1777.1
3057,8.75269,,127.333,,1777
3058,8.75565,,127,,1776.9
3059,8.7586,,126.667,,1776.8
3060,8.76155,,126.333,,1776.7
3061,8.7645,,126,,1776.6
3062,8.76765,,126.167,,1776.53
3063,8.7708,,126.333,,1776.47
3064,8.77396,,126.5,,1776.4
3065,8.77711,,126.667,,1776.33
3066,8.78026,,126.833,,1776.27
3067,8.78341,,127,,1776.2
3068,8.78648,,127,,1776.17
3069,8.78956,,127,,1776.14
3070,8.79263,,127,,1776.11
3071,8.79571,,127,,1776.09
3072,8.79878,,127,,1776.06
3073,8.80186,,127,,1776.03
3074,8.80493,,127,,1776
3075,8.80773,,127.333,,1775.87
3076,8.81053,,127.667,,1775.73
3077,8.81333,,128,,1775.6
3078,8.8161,,128,,1775.47
3079,8.81886,,128,,1775.33
3080,8.82163,,128,,1775.2
3081,8.82471,,127.75,,1775.05
3082,8.82779,,127.5,,1774.9
3083,8.83088,,127.25,,1774.75
3084,8.83396,,127,,1774.6
3085,8.83709,,127,,1774.6
3086,8.84022,,127,,1774.6
3087,8.84319,,127,,1774.5
3088,8.84615,,127,,1774.4
3089,8.84912,,127,,1774.3
3090,8.85209,,127,,1774.2
3091,8.85505,,127,,1774.1
3092,8.85802,,127,,1774
3093,8.86097,,127,,1773.9
3094,8.86392,,127,,1773.8
3095,8.86687,,127,,1773.7
3096,8.86982,,127,,1773.6
3097,8.87269,,127.5,,1773.6
3098,8.87555,,128,,1773.6
3099,8.87837,,128,,1773.53
3100,8.8812,,128,,1773.47
3101,8.88402,,128,,1773.4
3102,8.88684,,128,,1773.33
3103,8.88967,,128,,1773.27
3104,8.89249,,128,,1773.2
3105,8.89544,,127.8,,1773.12
3106,8.89839,,127.6,,1773.04
3107,8.90134,,127.4,,1772.96
3108,8.90429,,127.2,,1772.88
3109,8.90724,,127,,1772.8
3110,8.91026,,127,,1772.67
3111,8.91328,,127,,1772.53
3112,8.9163,,127,,1772.4
3113,8.91922,,126.333,,1772.4
3114,8.92213,,125.667,,1772.4
3115,8.92505,,125,,1772.4
3116,8.92791,,125,,1772.32
3117,8.93077,,125,,1772.24
3118,8.93364,,125,,1772.16
3119,8.9365,,125,,1772.08
3120,8.93936,,125,,1772
3121,8.94229,,125.333,,1771.9
3122,8.94522,,125.667,,1771.8
3123,8.94815,,126,,1771.7
3124,8.95107,,126.333,,1771.6
3125,8.954,,126.667,,1771.5
3126,8.95693,,127,,1771.4
3127,8.96009,,127.286,,1771.34
3128,8.96325,,127.571,,1771.29
3129,8.96641,,127.857,,1771.23
3130,8.96958,,128.143,,1771.17
3131,8.97274,,128.429,,1771.11
3132,8.9759,,128.714,,1771.06
3133,8.97906,,129,,1771
3134,8.98245,,129,,1770.92
3135,8.98584,,129,,1770.84
3136,8.98922,,129,,1770.76
3137,8.99261,,129,,1770.68
3138,8.996,,129,,1770.6
3139,8.99907,,130,,1770.4
3140,9.00159,,130,,1770.4
3141,9.0048,,129.75,,1770.35
3142,9.00802,,129.5,,1770.3
3143,9.01124,,129.25,,1770.25
3144,9.01445,,129,,1770.2
3145,9.01772,,129,,1770.13
3146,9.02099,,129,,1770.07
3147,9.02426,,129,,1770
3148,9.02753,,129,,1769.93
3149,9.0308,,129,,1769.87
3150,9.03407,,129,,1769.8
3151,9.03723,,129,,1769.7
3152,9.04039,,129,,1769.6
3153,9.04355,,129,,1769.5
3154,9.04671,,129,,1769.4
3155,9.04962,,129,,1769.35
3156,9.05252,,129,,1769.3
3157,9.05543,,129,,1769.25
3158,9.05833,,129,,1769.2
3159,9.06135,,129.143,,1769.14
3160,9.06436,,129.286,,1769.09
3161,9.06738,,129.429,,1769.03
3162,9.0704,,129.571,,1768.97
3163,9.07342,,129.714,,1768.91
3164,9.07643,,129.857,,1768.86
3165,9.07945,,130,,1768.8
3166,9.08262,,130.2,,1768.72
3167,9.08579,,130.4,,1768.64
3168,9.08897,,130.6,,1768.56
3169,9.09214,,130.8,,1768.48
3170,9.09531,,131,,1768.4
3171,9.09826,,130.857,,1768.31
3172,9.10121,,130.714,,1768.23
3173,9.10416,,130.571,,1768.14
3174,9.10712,,130.429,,1768.06
3175,9.11007,,130.286,,1767.97
3176,9.11302,,130.143,,1767.89
3177,9.11597,,130,,1767.8
3178,9.11866,,130,,1767.6
3179,9.12175,,129.667,,1767.47
3180,9.12484,,129.333,,1767.33
3181,9.12793,,129,,1767.2
3182,9.13081,,129,,1767.2
3183,9.1337,,129,,1767.2
3184,9.13658,,129,,1767.2
3185,9.13947,,129,,1767.2
3186,9.14242,,129,,1767.05
3187,9.14537,,129,,1766.9
3188,9.14832,,129,,1766.75
3189,9.15127,,129,,1766.6
3190,9.15427,,129,,1766.51
3191,9.15727,,129,,1766.43
3192,9.16027,,129,,1766.34
3193,9.16327,,129,,1766.26
3194,9.16627,,129,,1766.17
3195,9.16927,,129,,1766.09
3196,9.17227,,129,,1766
3197,9.17529,,129,,1765.97
3198,9.17831,,129,,1765.93
3199,9.18132,,129,,1765.9
3200,9.18434,,129,,1765.87
3201,9.18736,,129,,1765.83
3202,9.19038,,129,,1765.8
3203,9.19342,,129,,1765.7
3204,9.19646,,129,,1765.6
3205,9.1995,,129,,1765.5
3206,9.20254,,129,,1765.4
3207,9.20558,,129,,1765.3
3208,9.20862,,129,,1765.2
3209,9.21158,,129,,1765.1
3210,9.21454,,129,,1765
3211,9.21755,,129,,1764.92
3212,9.22057,,129,,1764.84
3213,9.22358,,129,,1764.76
3214,9.2266,,129,,1764.68
3215,9.22961,,129,,1764.6
3216,9.23271,,129,,1764.49
3217,9.23581,,129,,1764.37
3218,9.23891,,129,,1764.26
3219,9.242,,129,,1764.14
3220,9.2451,,129,,1764.03
3221,9.2482,,129,,1763.91
3222,9.2513,,129,,1763.8
3223,9.25428,,128.6,,1763.64
3224,9.25726,,128.2,,1763.48
3225,9.26024,,127.8,,1763.32
3226,9.26322,,127.4,,1763.16
3227,9.2662,,127,,1763
3228,9.26931,,127.333,,1762.93
3229,9.27242,,127.667,,1762.87
3230,9.27553,,128,,1762.8
3231,9.27861,,127.667,,1762.53
3232,9.28169,,127.333,,1762.27
3233,9.28477,,127,,1762
3234,9.28781,,127,,1761.96
3235,9.29086,,127,,1761.92
3236,9.2939,,127,,1761.88
3237,9.29695,,127,,1761.84
3238,9.29999,,127,,1761.8
3239,9.30316,,127,,1761.6
3240,9.30604,,127,,1761.6
3241,9.30891,,127,,1761.6
3242,9.31179,,127,,1761.6
3243,9.31466,,127,,1761.6
3244,9.31779,,127,,1761.47
3245,9.32092,,127,,1761.33
3246,9.32405,,127,,1761.2
3247,9.32718,,127,,1761.07
3248,9.33031,,127,,1760.93
3249,9.33344,,127,,1760.8
3250,9.33634,,127,,1760.8
3251,9.33925,,127,,1760.8
3252,9.34215,,127,,1760.8
3253,9.34506,,127,,1760.8
3254,9.34796,,127,,1760.8
3255,9.35088,,126.5,,1760.6
3256,9.3538,,126,,1760.4
3257,9.35669,,126,,1760.36
3258,9.35957,,126,,1760.32
3259,9.36246,,126,,1760.28
3260,9.36534,,126,,1760.24
3261,9.36823,,126,,1760.2
3262,9.37101,,125.857,,1760.11
3263,9.37379,,125.714,,1760.03
3264,9.37657,,125.571,,1759.94
3265,9.37934,,125.429,,1759.86
3266,9.38212,,125.286,,1759.77
3267,9.3849,,125.143,,1759.69
3268,9.38768,,125,,1759.6
3269,9.39056,,125.333,,1759.53
3270,9.39344,,125.667,,1759.47
3271,9.39632,,126,,1759.4
3272,9.39928,,125.5,,1759.4
3273,9.40224,,125,,1759.4
3274,9.40556,,124.667,,1759.27
3275,9.40889,,124.333,,1759.13
3276,9.41221,,124,,1759
3277,9.41553,,123.667,,1758.87
3278,9.41886,,123.333,,1758.73
3279,9.42218,,123,,1758.6
3280,9.42532,,123.333,,1758.6
3281,9.42847,,123.667,,1758.6
3282,9.43161,,124,,1758.6
3283,9.43476,,124.333,,1758.6
3284,9.4379,,124.667,,1758.6
3285,9.44105,,125,,1758.6
3286,9.44409,,125,,1758.2
3287,9.44706,,125.4,,1758.28
3288,9.45002,,125.8,,1758.36
3289,9.45299,,126.2,,1758.44
3290,9.45595,,126.6,,1758.52
3291,9.45892,,127,,1758.6
3292,9.46227,,127.167,,1758.43
3293,9.46562,,127.333,,1758.27
3294,9.46898,,127.5,,1758.1
3295,9.47233,,127.667,,1757.93
3296,9.47568,,127.833,,1757.77
3297,9.47903,,128,,1757.6
3298,9.4821,,128.167,,1757.57
3299,9.48518,,128.333,,1757.53
3300,9.48825,,128.5,,1757.5
3301,9.49132,,128.667,,1757.47
3302,9.4944,,128.833,,1757.43
3303,9.49747,,129,,1757.4
3304,9.50093,,129,,1757.2
3305,9.50397,,129.25,,1757.2
3306,9.50702,,129.5,,1757.2
3307,9.51007,,129.75,,1757.2
3308,9.51311,,130,,1757.2
3309,9.51606,,130,,1757.17
3310,9.519,,130,,1757.13
3311,9.52195,,130,,1757.1
3312,9.52489,,130,,1757.07
3313,9.52784,,130,,1757.03
3314,9.53078,,130,,1757
3315,9.53389,,130,,1756.96
3316,9.537,,130,,1756.92
3317,9.54012,,130,,1756.88
3318,9.54323,,130,,1756.84
3319,9.54634,,130,,1756.8
3320,9.54941,,130,,1756.7
3321,9.55248,,130,,1756.6
3322,9.55555,,130,,1756.5
3323,9.55863,,130,,1756.4
3324,9.5617,,130,,1756.3
3325,9.56477,,130,,1756.2
3326,9.56783,,130,,1756
3327,9.57079,,130,,1756.04
3328,9.57375,,130,,1756.08
3329,9.57671,,130,,1756.12
3330,9.57967,,130,,1756.16
3331,9.58263,,130,,1756.2
3332,9.58553,,130,,1756.17
3333,9.58844,,130,,1756.13
3334,9.59134,,130,,1756.1
3335,9.59424,,130,,1756.07
3336,9.59715,,130,,1756.03
3337,9.60005,,130,,1756
3338,9.60303,,130,,1756
3339,9.606,,130,,1756
3340,9.60898,,130,,1756
3341,9.61195,,130,,1756
3342,9.61493,,130,,1756
3343,9.61797,,130.167,,1755.97
3344,9.621,,130.333,,1755.93
3345,9.62404,,130.5,,1755.9
3346,9.62708,,130.667,,1755.87
3347,9.63011,,130.833,,1755.83
3348,9.63315,,131,,1755.8
3349,9.63615,,131,,1755.76
3350,9.63915,,131,,1755.72
3351,9.64215,,131,,1755.68
3352,9.64515,,131,,1755.64
3353,9.64815,,131,,1755.6
3354,9.65097,,130.857,,1755.57
3355,9.6538,,130.714,,1755.54
3356,9.65662,,130.571,,1755.51
3357,9.65945,,130.429,,1755.49
3358,9.66227,,130.286,,1755.46
3359,9.6651,,130.143,,1755.43
3360,9.66792,,130,,1755.4
3361,9.67071,,130,,1755.4
3362,9.6735,,130,,1755.4
3363,9.67629,,130,,1755.4
3364,9.67908,,130,,1755.4
3365,9.68187,,130,,1755.4
3366,9.68466,,130,,1755.4
3367,9.6876,,130,,1755.43
3368,9.69055,,130,,1755.46
3369,9.69349,,130,,1755.49
3370,9.69644,,130,,1755.51
3371,9.69938,,130,,1755.54
3372,9.70233,,130,,1755.57
3373,9.70527,,130,,1755.6
3374,9.70876,,130,,1755.6
3375,9.71188,,130,,1755.48
3376,9.71501,,130,,1755.36
3377,9.71813,,130,,1755.24
3378,9.72126,,130,,1755.12
3379,9.72438,,130,,1755
3380,9.72716,,130,,1754.8
3381,9.73028,,130.2,,1754.84
3382,9.73339,,130.4,,1754.88
3383,9.73651,,130.6,,1754.92
3384,9.73962,,130.8,,1754.96
3385,9.74274,,131,,1755
3386,9.74585,,131.286,,1754.89
3387,9.74896,,131.571,,1754.77
3388,9.75207,,131.857,,1754.66
3389,9.75517,,132.143,,1754.54
3390,9.75828,,132.429,,1754.43
3391,9.76139,,132.714,,1754.31
3392,9.7645,,133,,1754.2
3393,9.76733,,133,,1754.2
3394,9.77045,,133,,1754.15
3395,9.77356,,133,,1754.1
3396,9.77668,,133,,1754.05
3397,9.77979,,133,,1754
3398,9.78284,,133,,1753.9
3399,9.78589,,133,,1753.8
3400,9.78892,,132.833,,1753.7
3401,9.79196,,132.667,,1753.6
3402,9.79499,,132.5,,1753.5
3403,9.79802,,132.333,,1753.4
3404,9.80106,,132.167,,1753.3
3405,9.80409,,132,,1753.2
3406,9.80696,,132,,1753
3407,9.80984,,132,,1752.8
3408,9.81294,,131.75,,1752.7
3409,9.81604,,131.5,,1752.6
3410,9.81915,,131.25,,1752.5
3411,9.82225,,131,,1752.4
3412,9.82512,,130.8,,1752.28
3413,9.828,,130.6,,1752.16
3414,9.83087,,130.4,,1752.04
3415,9.83375,,130.2,,1751.92
3416,9.83662,,130,,1751.8
3417,9.83953,,130,,1751.73
3418,9.84245,,130,,1751.67
3419,9.84536,,130,,1751.6
3420,9.84842,,129.833,,1751.43
3421,9.85147,,129.667,,1751.27
3422,9.85453,,129.5,,1751.1
3423,9.85759,,129.333,,1750.93
3424,9.86064,,129.167,,1750.77
3425,9.8637,,129,,1750.6
3426,9.86666,,128.6,,1750.52
3427,9.86962,,128.2,,1750.44
3428,9.87259,,127.8,,1750.36
3429,9.87555,,127.4,,1750.28
3430,9.87851,,127,,1750.2
3431,9.88155,,127,,1750
3432,9.88458,,127,,1749.8
3433,9.88762,,127,,1749.6
3434,9.89048,,126.5,,1749.3
3435,9.89334,,126,,1749
3436,9.89606,,125.75,,1748.85
3437,9.89878,,125.5,,1748.7
3438,9.90151,,125.25,,1748.55
3439,9.90423,,125,,1748.4
3440,9.90689,,125,,1748.4
3441,9.90955,,124.667,,1748.27
3442,9.91222,,124.333,,1748.13
3443,9.91488,,124,,1748
3444,9.91754,,123.667,,1747.87
3445,9.92021,,123.333,,1747.73
3446,9.92287,,123,,1747.6
3447,9.92543,,122.667,,1747.4
3448,9.92798,,122.333,,1747.2
3449,9.93054,,122,,1747
3450,9.93358,,122.333,,1746.93
3451,9.93663,,122.667,,1746.87
3452,9.93967,,123,,1746.8
3453,9.94273,,123,,1746.64
3454,9.94579,,123,,1746.48
3455,9.94885,,123,,1746.32
3456,9.95191,,123,,1746.16
3457,9.95497,,123,,1746
3458,9.95822,,123,,1745.88
3459,9.96147,,123,,1745.76
3460,9.96471,,123,,1745.64
3461,9.96796,,123,,1745.52
3462,9.97121,,123,,1745.4
3463,9.97423,,123,,1745.4
3464,9.97726,,123,,1745.4
3465,9.98033,,123,,1745.35
3466,9.98341,,123,,1745.3
3467,9.98648,,123,,1745.25
3468,9.98956,,123,,1745.2
3469,9.9926,,122.667,,1745.2
3470,9.99564,,122.333,,1745.2
3471,9.99868,,122,,1745.2
3472,10.0016,,122,,1745.15
3473,10.0045,,122,,1745.1
3474,10.0075,,122,,1745.05
3475,10.0104,,122,,1745
3476,10.0135,,122,,1745
3477,10.0167,,122,,1745
3478,10.0197,,122.25,,1745
3479,10.0227,,122.5,,1745
3480,10.0257,,122.75,,1745
3481,10.0288,,123,,1745
3482,10.0317,,123.333,,1744.93
3483,10.0347,,123.667,,1744.87
3484,10.0376,,124,,1744.8
3485,10.0406,,124.333,,1744.73
3486,10.0436,,124.667,,1744.67
3487,10.0465,,125,,1744.6
3488,10.0495,,125.143,,1744.57
3489,10.0525,,125.286,,1744.54
3490,10.0555,,125.429,,1744.51
3491,10.0585,,125.571,,1744.49
3492,10.0615,,125.714,,1744.46
3493,10.0645,,125.857,,1744.43
3494,10.0675,,126,,1744.4
3495,10.0704,,126,,1744.32
3496,10.0733,,126,,1744.24
3497,10.0763,,126,,1744.16
3498,10.0792,,126,,1744.08
3499,10.0821,,126,,1744
3500,10.0851,,126,,1743.8
3501,10.0883,,125.8,,1743.72
3502,10.0915,,125.6,,1743.64
3503,10.0947,,125.4,,1743.56
3504,10.0979,,125.2,,1743.48
3505,10.1011,,125,,1743.4
3506,10.1041,,125.2,,1743.24
3507,10.107,,125.4,,1743.08
3508,10.11,,125.6,,1742.92
3509,10.113,,125.8,,1742.76
3510,10.116,,126,,1742.6
3511,10.1191,,126,,1742.6
3512,10.1221,,126,,1742.51
3513,10.1252,,126,,1742.43
3514,10.1282,,126,,1742.34
3515,10.1313,,126,,1742.26
3516,10.1343,,126,,1742.17
3517,10.1374,,126,,1742.09
3518,10.1404,,126,,1742
3519,10.1434,,126,,1741.8
3520,10.1463,,126,,1741.6
3521,10.1492,,126.333,,1741.33
3522,10.152,,126.667,,1741.07
3523,10.1549,,127,,1740.8
3524,10.1579,,127,,1740.7
3525,10.161,,127,,1740.6
3526,10.1639,,126.8,,1740.48
3527,10.1668,,126.6,,1740.36
3528,10.1697,,126.4,,1740.24
3529,10.1726,,126.2,,1740.12
3530,10.1755,,126,,1740
3531,10.1785,,126,,1739.87
3532,10.1816,,126,,1739.73
3533,10.1847,,126,,1739.6
3534,10.1877,,126,,1739.47
3535,10.1908,,126,,1739.33
3536,10.1938,,126,,1739.2
3537,10.197,,126,,1739
3538,10.1999,,125.5,,1738.8
3539,10.2028,,125,,1738.6
3540,10.2057,,124.5,,1738.4
3541,10.2086,,124,,1738.2
3542,10.2119,,124,,1738.2
3543,10.2149,,123.6,,1738.12
3544,10.2179,,123.2,,1738.04
3545,10.2209,,122.8,,1737.96
3546,10.2239,,122.4,,1737.88
3547,10.2269,,122,,1737.8
3548,10.2298,,122,,1737.6
3549,10.2327,,122,,1737.4
3550,10.2356,,122,,1737.2
3551,10.2384,,122,,1737
3552,10.2417,,121.5,,1736.8
3553,10.2449,,121,,1736.6
3554,10.2479,,120.75,,1736.45
3555,10.2508,,120.5,,1736.3
3556,10.2537,,120.25,,1736.15
3557,10.2566,,120,,1736
3558,10.2594,,120.5,,1735.8
3559,10.2623,,121,,1735.6
3560,10.2653,,120.8,,1735.4
3561,10.2684,,120.6,,1735.2
3562,10.2714,,120.4,,1735
3563,10.2745,,120.2,,1734.8
3564,10.2775,,120,,1734.6
3565,10.2805,,119.25,,1734.45
3566,10.2835,,118.5,,1734.3
3567,10.2865,,117.75,,1734.15
3568,10.2895,,117,,1734
3569,10.2921,,116.5,,1733.9
3570,10.2947,,116,,1733.8
3571,10.2979,,115,,1733.7
3572,10.3011,,114,,1733.6
3573,10.3038,,113.8,,1733.44
3574,10.3066,,113.6,,1733.28
3575,10.3094,,113.4,,1733.12
3576,10.3121,,113.2,,1732.96
3577,10.3149,,113,,1732.8
3578,10.3178,,113.667,,1732.67
3579,10.3208,,114.333,,1732.53
3580,10.3237,,115,,1732.4
3581,10.3263,,115,,1732.2
3582,10.3289,,115,,1732
3583,10.3315,,115,,1731.8
3584,10.3343,,116,,1731.5
3585,10.337,,117,,1731.2
3586,10.3401,,117.333,,1731.13
3587,10.3432,,117.667,,1731.07
3588,10.3462,,118,,1731
3589,10.3495,,118,,1730.75
3590,10.3527,,118,,1730.5
3591,10.356,,118,,1730.25
3592,10.3592,,118,,1730
3593,10.3618,,119,,1729.8
3594,10.365,,119,,1729.6
3595,10.3682,,119,,1729.4
3596,10.3713,,119,,1729.2
3597,10.3745,,119,,1729
3598,10.3775,,118.5,,1728.7
3599,10.3805,,118,,1728.4
3600,10.3839,,117,,1727.8
3601,10.3869,,116.833,,1727.6
3602,10.3899,,116.667,,1727.4
3603,10.3929,,116.5,,1727.2
3604,10.396,,116.333,,1727
3605,10.399,,116.167,,1726.8
3606,10.402,,116,,1726.6
3607,10.4051,,115.75,,1726.3
3608,10.4082,,115.5,,1726
3609,10.4113,,115.25,,1725.7
3610,10.4145,,115,,1725.4
3611,10.4176,,115,,1725.2
3612,10.4207,,115.2,,1725
3613,10.4238,,115.4,,1724.8
3614,10.4269,,115.6,,1724.6
3615,10.43,,115.8,,1724.4
3616,10.4331,,116,,1724.2
3617,10.4363,,115,,1724.2
3618,10.4393,,115,,1724
3619,10.4423,,115,,1723.8
3620,10.4453,,115,,1723.6
3621,10.4483,,115,,1723.4
3622,10.4513,,115,,1723.2
3623,10.4542,,115,,1723
3624,10.457,,115,,1722.8
3625,10.4599,,115,,1722.65
3626,10.4629,,115,,1722.5
3627,10.4658,,115,,1722.35
3628,10.4688,,115,,1722.2
3629,10.4716,,116,,1721.8
3630,10.4748,,115.667,,1721.53
3631,10.4779,,115.333,,1721.27
3632,10.481,,115,,1721
3633,10.4838,,115,,1720.87
3634,10.4866,,115,,1720.73
3635,10.4894,,115,,1720.6
3636,10.4923,,114.5,,1720.2
3637,10.4952,,114,,1719.8
3638,10.4983,,114.25,,1719.6
3639,10.5014,,114.5,,1719.4
3640,10.5045,,114.75,,1719.2
3641,10.5075,,115,,1719
3642,10.5106,,115.333,,1718.8
3643,10.5136,,115.667,,1718.6
3644,10.5167,,116,,1718.4
3645,10.5196,,115.667,,1718.2
3646,10.5226,,115.333,,1718
3647,10.5256,,115,,1717.8
3648,10.5288,,115,,1717.2
3649,10.532,,114.667,,1717.03
3650,10.5352,,114.333,,1716.87
3651,10.5383,,114,,1716.7
3652,10.5415,,113.667,,1716.53
3653,10.5447,,113.333,,1716.37
3654,10.5478,,113,,1716.2
3655,10.5508,,112.8,,1715.96
3656,10.5538,,112.6,,1715.72
3657,10.5569,,112.4,,1715.48
3658,10.5599,,112.2,,1715.24
3659,10.5629,,112,,1715
3660,10.5662,,112.5,,1714.8
3661,10.5696,,113,,1714.6
3662,10.5729,,113.333,,1714.33
3663,10.5761,,113.667,,1714.07
3664,10.5793,,114,,1713.8
3665,10.5824,,114.333,,1713.73
3666,10.5855,,114.667,,1713.67
3667,10.5886,,115,,1713.6
3668,10.5915,,115,,1713.33
3669,10.5944,,115,,1713.07
3670,10.5973,,115,,1712.8
3671,10.6004,,115.4,,1712.64
3672,10.6035,,115.8,,1712.48
3673,10.6066,,116.2,,1712.32
3674,10.6097,,116.6,,1712.16
3675,10.6128,,117,,1712
3676,10.616,,117,,1711.8
3677,10.6189,,117,,1711.55
3678,10.6218,,117,,1711.3
3679,10.6246,,117,,1711.05
3680,10.6275,,117,,1710.8
3681,10.6307,,116,,1710.6
3682,10.6338,,115.8,,1710.4
3683,10.637,,115.6,,1710.2
3684,10.6401,,115.4,,1710
3685,10.6433,,115.2,,1709.8
3686,10.6464,,115,,1709.6
3687,10.6496,,114,,1709.6
3688,10.6521,,114,,1709.36
3689,10.6547,,114,,1709.12
3690,10.6572,,114,,1708.88
3691,10.6598,,114,,1708.64
3692,10.6623,,114,,1708.4
3693,10.6653,,114,,1708.2
3694,10.6685,,114,,1708.07
3695,10.6716,,114,,1707.93
3696,10.6748,,114,,1707.8
3697,10.6779,,114,,1707.67
3698,10.681,,114,,1707.53
3699,10.6842,,114,,1707.4
3700,10.6871,,114,,1707.4
3701,10.6899,,114.5,,1707.3
3702,10.6927,,115,,1707.2
3703,10.6954,,115.5,,1707.1
3704,10.6982,,116,,1707
3705,10.701,,116,,1706.92
3706,10.7039,,116,,1706.84
3707,10.7067,,116,,1706.76
3708,10.7096,,116,,1706.68
3709,10.7124,,116,,1706.6
3710,10.7154,,116,,1706.57
3711,10.7184,,116,,1706.53
3712,10.7214,,116,,1706.5
3713,10.7244,,116,,1706.47
3714,10.7275,,116,,1706.43
3715,10.7305,,116,,1706.4
3716,10.7334,,116.167,,1706.43
3717,10.7364,,116.333,,1706.47
3718,10.7394,,116.5,,1706.5
3719,10.7424,,116.667,,1706.53
3720,10.7453,,116.833,,1706.57
3721,10.7483,,117,,1706.6
3722,10.7511,,117.333,,1706.6
3723,10.7539,,117.667,,1706.6
3724,10.7567,,118,,1706.6
3725,10.7596,,118.333,,1706.6
3726,10.7624,,118.667,,1706.6
3727,10.7652,,119,,1706.6
3728,10.7681,,119.5,,1706.4
3729,10.7711,,120,,1706.2
3730,10.7738,,120.5,,1706.25
3731,10.7765,,121,,1706.3
3732,10.7792,,121.5,,1706.35
3733,10.7818,,122,,1706.4
3734,10.7847,,122,,1706.4
3735,10.7876,,122,,1706.4
3736,10.7905,,122,,1706.4
3737,10.7933,,122,,1706.4
3738,10.7962,,122,,1706.4
3739,10.7991,,122.75,,1706.5
3740,10.8019,,123.5,,1706.6
3741,10.8048,,124.25,,1706.7
3742,10.8076,,125,,1706.8
3743,10.8099,,125,,1707
3744,10.8127,,125.5,,1707.05
3745,10.8155,,126,,1707.1
3746,10.8183,,126.5,,1707.15
3747,10.8211,,127,,1707.2
3748,10.8238,,127,,1707.4
3749,10.8266,,127.5,,1707.4
3750,10.8295,,128,,1707.4
3751,10.8323,,128.5,,1707.4
3752,10.8351,,129,,1707.4
3753,10.8378,,129.4,,1707.52
3754,10.8406,,129.8,,1707.64
3755,10.8433,,130.2,,1707.76
3756,10.8461,,130.6,,1707.88
3757,10.8488,,131,,1708
3758,10.8514,,131.4,,1708.08
3759,10.8541,,131.8,,1708.16
3760,10.8567,,132.2,,1708.24
3761,10.8593,,132.6,,1708.32
3762,10.862,,133,,1708.4
3763,10.8646,,133.333,,1708.5
3764,10.8672,,133.667,,1708.6
3765,10.8699,,134,,1708.7
3766,10.8725,,134.333,,1708.8
3767,10.8752,,134.667,,1708.9
3768,10.8778,,135,,1709
3769,10.8805,,135.25,,1709.15
3770,10.8831,,135.5,,1709.3
3771,10.8858,,135.75,,1709.45
3772,10.8884,,136,,1709.6
3773,10.8911,,136.5,,1709.7
3774,10.8937,,137,,1709.8
3775,10.8962,,137,,1709.87
3776,10.8986,,137,,1709.93
3777,10.9011,,137,,1710
3778,10.9037,,137.5,,1710.1
3779,10.9062,,138,,1710.2
3780,10.9085,,138,,1710.33
3781,10.9107,,138,,1710.47
3782,10.913,,138,,1710.6
3783,10.9159,,138.5,,1710.9
3784,10.9187,,139,,1711.2
3785,10.9214,,139,,1711.35
3786,10.924,,139,,1711.5
3787,10.9267,,139,,1711.65
3788,10.9293,,139,,1711.8
3789,10.932,,139.2,,1711.92
3790,10.9347,,139.4,,1712.04
3791,10.9374,,139.6,,1712.16
3792,10.9401,,139.8,,1712.28
3793,10.9428,,140,,1712.4
3794,10.9455,,139.8,,1712.48
3795,10.9482,,139.6,,1712.56
3796,10.9509,,139.4,,1712.64
3797,10.9536,,139.2,,1712.72
3798,10.9563,,139,,1712.8
3799,10.959,,140,,1713.2
3800,10.9615,,140.143,,1713.29
3801,10.964,,140.286,,1713.37
3802,10.9665,,140.429,,1713.46
3803,10.969,,140.571,,1713.54
3804,10.9714,,140.714,,1713.63
3805,10.9739,,140.857,,1713.71
3806,10.9764,,141,,1713.8
3807,10.9788,,141,,1713.9
3808,10.9812,,141,,1714
3809,10.9836,,141,,1714.1
3810,10.986,,141,,1714.2
3811,10.9886,,141,,1714.33
3812,10.9913,,141,,1714.47
3813,10.9939,,141,,1714.6
3814,10.9963,,141,,1714.7
3815,10.9987,,141,,1714.8
3816,11.0012,,141,,1714.9
3817,11.0038,,141,,1715
3818,11.0063,,141,,1715.1
3819,11.0088,,141,,1715.2
3820,11.011,,141,,1715.4
3821,11.0136,,141.2,,1715.44
3822,11.0163,,141.4,,1715.48
3823,11.0189,,141.6,,1715.52
3824,11.0216,,141.8,,1715.56
3825,11.0242,,142,,1715.6
3826,11.0272,,142,,1715.72
3827,11.0301,,142,,1715.84
3828,11.0331,,142,,1715.96
3829,11.0361,,142,,1716.08
3830,11.039,,142,,1716.2
3831,11.0416,,142,,1716.2
3832,11.0441,,142,,1716.2
3833,11.0466,,142,,1716.2
3834,11.0492,,142,,1716.2
3835,11.0522,,141,,1716.4
3836,11.0546,,141,,1716.4
3837,11.0571,,141,,1716.4
3838,11.0596,,141,,1716.4
3839,11.0617,,140.8,,1716.44
3840,11.0639,,140.6,,1716.48
3841,11.066,,140.4,,1716.52
3842,11.0681,,140.2,,1716.56
3843,11.0703,,140,,1716.6
3844,11.073,,140,,1716.68
3845,11.0757,,140,,1716.76
3846,11.0785,,140,,1716.84
3847,11.0812,,140,,1716.92
3848,11.0839,,140,,1717
3849,11.0869,,140,,1717
3850,11.0899,,140,,1717
3851,11.0929,,140,,1717
3852,11.0959,,140,,1717
3853,11.0989,,140,,1717
3854,11.1019,,139.6,,1716.96
3855,11.1049,,139.2,,1716.92
3856,11.1078,,138.8,,1716.88
3857,11.1108,,138.4,,1716.84
3858,11.1138,,138,,1716.8
3859,11.1168,,137.857,,1716.77
3860,11.1198,,137.714,,1716.74
3861,11.1228,,137.571,,1716.71
3862,11.1258,,137.429,,1716.69
3863,11.1288,,137.286,,1716.66
3864,11.1318,,137.143,,1716.63
3865,11.1348,,137,,1716.6
3866,11.1374,,136.667,,1716.57
3867,11.1399,,136.333,,1716.53
3868,11.1425,,136,,1716.5
3869,11.1451,,135.667,,1716.47
3870,11.1477,,135.333,,1716.43
3871,11.1502,,135,,1716.4
3872,11.1532,,135,,1716.35
3873,11.1561,,135,,1716.3
3874,11.159,,135,,1716.25
3875,11.162,,135,,1716.2
3876,11.1648,,134.75,,1716.15
3877,11.1676,,134.5,,1716.1
3878,11.1704,,134.25,,1716.05
3879,11.1733,,134,,1716
3880,11.1762,,133.6,,1715.96
3881,11.1792,,133.2,,1715.92
3882,11.1821,,132.8,,1715.88
3883,11.1851,,132.4,,1715.84
3884,11.188,,132,,1715.8
3885,11.191,,131,,1715.6
3886,11.1939,,130,,1715.4
3887,11.197,,129.8,,1715.24
3888,11.2,,129.6,,1715.08
3889,11.203,,129.4,,1714.92
3890,11.2061,,129.2,,1714.76
3891,11.2091,,129,,1714.6
3892,11.212,,128.5,,1714.4
3893,11.215,,128,,1714.2
3894,11.218,,128,,1714.07
3895,11.2211,,128,,1713.93
3896,11.2241,,128,,1713.8
3897,11.2269,,128,,1713.6
3898,11.2297,,128,,1713.4
3899,11.2325,,128,,1713.2
3900,11.2356,,128,,1713.1
3901,11.2386,,128,,1713
3902,11.242,,127,,1712.8
3903,11.2454,,126.667,,1712.73
3904,11.2488,,126.333,,1712.67
3905,11.2522,,126,,1712.6
3906,11.2557,,125.5,,1712.3
3907,11.2593,,125,,1712
3908,11.2625,,125,,1711.9
3909,11.2658,,125,,1711.8
3910,11.2691,,125,,1711.7
3911,11.2723,,125,,1711.6
3912,11.2758,,124.333,,1711.4
3913,11.2793,,123.667,,1711.2
3914,11.2828,,123,,1711
3915,11.2856,,122.5,,1710.8
3916,11.2884,,122,,1710.6
3917,11.2916,,121.8,,1710.44
3918,11.2947,,121.6,,1710.28
3919,11.2978,,121.4,,1710.12
3920,11.301,,121.2,,1709.96
3921,11.3041,,121,,1709.8
3922,11.3072,,121,,1709.67
3923,11.3103,,121,,1709.53
3924,11.3134,,121,,1709.4
3925,11.3164,,121,,1709.27
3926,11.3195,,121,,1709.13
3927,11.3226,,121,,1709
3928,11.3257,,120.667,,1708.87
3929,11.3288,,120.333,,1708.73
3930,11.3318,,120,,1708.6
3931,11.3345,,120,,1708.5
3932,11.3371,,120,,1708.4
3933,11.3404,,120,,1708.36
3934,11.3436,,120,,1708.32
3935,11.3468,,120,,1708.28
3936,11.3501,,120,,1708.24
3937,11.3533,,120,,1708.2
3938,11.3561,,120,,1708.13
3939,11.3589,,120,,1708.07
3940,11.3618,,120,,1708
3941,11.3646,,120,,1707.93
3942,11.3674,,120,,1707.87
3943,11.3703,,120,,1707.8
3944,11.3733,,120.4,,1707.84
3945,11.3763,,120.8,,1707.88
3946,11.3793,,121.2,,1707.92
3947,11.3823,,121.6,,1707.96
3948,11.3853,,122,,1708
3949,11.3881,,122.429,,1708.09
3950,11.391,,122.857,,1708.17
3951,11.3938,,123.286,,1708.26
3952,11.3966,,123.714,,1708.34
3953,11.3994,,124.143,,1708.43
3954,11.4022,,124.571,,1708.51
3955,11.405,,125,,1708.6
3956,11.4081,,125,,1708.6
3957,11.411,,125.333,,1708.73
3958,11.4139,,125.667,,1708.87
3959,11.4168,,126,,1709
3960,11.4196,,126.333,,1709.13
3961,11.4225,,126.667,,1709.27
3962,11.4254,,127,,1709.4
3963,11.4279,,127.667,,1709.53
3964,11.4304,,128.333,,1709.67
3965,11.4329,,129,,1709.8
3966,11.4354,,130,,1709.93
3967,11.4379,,131,,1710.07
3968,11.4404,,132,,1710.2
3969,11.4428,,132.2,,1710.32
3970,11.4452,,132.4,,1710.44
3971,11.4476,,132.6,,1710.56
3972,11.45,,132.8,,1710.68
3973,11.4525,,133,,1710.8
3974,11.4551,,133,,1711
3975,11.4576,,133.4,,1711.16
3976,11.4601,,133.8,,1711.32
3977,11.4626,,134.2,,1711.48
3978,11.4651,,134.6,,1711.64
3979,11.4677,,135,,1711.8
3980,11.4702,,135.333,,1711.93
3981,11.4727,,135.667,,1712.07
3982,11.4752,,136,,1712.2
3983,11.4779,,136,,1712.4
3984,11.4807,,136,,1712.6
3985,11.4834,,136,,1712.8
3986,11.4859,,137,,1713
3987,11.4884,,138,,1713.2
3988,11.4909,,138.25,,1713.4
3989,11.4933,,138.5,,1713.6
3990,11.4958,,138.75,,1713.8
3991,11.4983,,139,,1714
3992,11.5008,,139.333,,1714.13
3993,11.5033,,139.667,,1714.27
3994,11.5058,,140,,1714.4
3995,11.5084,,140,,1714.5
3996,11.5111,,140,,1714.6
3997,11.5136,,141,,1715
3998,11.5162,,141.286,,1715.14
3999,11.5189,,141.571,,1715.29
4000,11.5215,,141.857,,1715.43
4001,11.5241,,142.143,,1715.57
4002,11.5267,,142.429,,1715.71
4003,11.5293,,142.714,,1715.86
4004,11.5319,,143,,1716
4005,11.5344,,143.167,,1716.17
4006,11.5369,,143.333,,1716.33
4007,11.5394,,143.5,,1716.5
4008,11.5419,,143.667,,1716.67
4009,11.5444,,143.833,,1716.83
4010,11.5469,,144,,1717
4011,11.5496,,144,,1717.2
4012,11.5521,,144,,1717.29
4013,11.5547,,144,,1717.37
4014,11.5573,,144,,1717.46
4015,11.5599,,144,,1717.54
4016,11.5624,,144,,1717.63
4017,11.565,,144,,1717.71
4018,11.5676,,144,,1717.8
4019,11.5703,,144,,1717.93
4020,11.573,,144,,1718.07
4021,11.5757,,144,,1718.2
4022,11.5781,,144,,1718.2
4023,11.5805,,144,,1718.2
4024,11.5831,,144,,1718.37
4025,11.5857,,144,,1718.54
4026,11.5884,,144,,1718.71
4027,11.591,,144,,1718.89
4028,11.5937,,144,,1719.06
4029,11.5963,,144,,1719.23
4030,11.599,,144,,1719.4
4031,11.6019,,144,,1719.4
4032,11.6044,,144,,1719.47
4033,11.6069,,144,,1719.53
4034,11.6095,,144,,1719.6
4035,11.612,,144,,1719.67
4036,11.6146,,144,,1719.73
4037,11.6171,,144,,1719.8
4038,11.6197,,144,,1719.9
4039,11.6222,,144,,1720
4040,11.6248,,144,,1720.1
4041,11.6273,,144,,1720.2
4042,11.6299,,144,,1720.3
4043,11.6325,,144,,1720.4
4044,11.6352,,144,,1720.5
4045,11.638,,144,,1720.6
4046,11.6404,,144.2,,1720.68
4047,11.6429,,144.4,,1720.76
4048,11.6453,,144.6,,1720.84
4049,11.6478,,144.8,,1720.92
4050,11.6503,,145,,1721
4051,11.6527,,145,,1721.1
4052,11.6551,,145,,1721.2
4053,11.6575,,145,,1721.3
4054,11.66,,145,,1721.4
4055,11.6626,,145,,1721.4
4056,11.6652,,145,,1721.4
4057,11.6678,,145,,1721.4
4058,11.6705,,145,,1721.44
4059,11.6731,,145,,1721.48
4060,11.6758,,145,,1721.52
4061,11.6785,,145,,1721.56
4062,11.6811,,145,,1721.6
4063,11.6839,,145,,1721.7
4064,11.6866,,145,,1721.8
4065,11.6893,,145,,1721.9
4066,11.692,,145,,1722
4067,11.6948,,145,,1722.08
4068,11.6976,,145,,1722.16
4069,11.7004,,145,,1722.24
4070,11.7032,,145,,1722.32
4071,11.7059,,145,,1722.4
4072,11.7084,,145,,1722.5
4073,11.711,,145,,1722.6
4074,11.7137,,144.75,,1722.65
4075,11.7164,,144.5,,1722.7
4076,11.7191,,144.25,,1722.75
4077,11.7218,,144,,1722.8
4078,11.7245,,143.714,,1722.8
4079,11.7273,,143.429,,1722.8
4080,11.73,,143.143,,1722.8
4081,11.7327,,142.857,,1722.8
4082,11.7354,,142.571,,1722.8
4083,11.7381,,142.286,,1722.8
4084,11.7408,,142,,1722.8
4085,11.7434,,141.667,,1722.83
4086,11.746,,141.333,,1722.87
4087,11.7486,,141,,1722.9
4088,11.7512,,140.667,,1722.93
4089,11.7538,,140.333,,1722.97
4090,11.7564,,140,,1723
4091,11.759,,139.667,,1723.03
4092,11.7616,,139.333,,1723.07
4093,11.7642,,139,,1723.1
4094,11.7668,,138.667,,1723.13
4095,11.7694,,138.333,,1723.17
4096,11.7719,,138,,1723.2
4097,11.7747,,137.833,,1723.23
4098,11.7775,,137.667,,1723.27
4099,11.7803,,137.5,,1723.3
4100,11.783,,137.333,,1723.33
4101,11.7858,,137.167,,1723.37
4102,11.7886,,137,,1723.4
4103,11.7914,,136.833,,1723.4
4104,11.7943,,136.667,,1723.4
4105,11.7972,,136.5,,1723.4
4106,11.8001,,136.333,,1723.4
4107,11.803,,136.167,,1723.4
4108,11.8058,,136,,1723.4
4109,11.8086,,135.8,,1723.44
4110,11.8113,,135.6,,1723.48
4111,11.814,,135.4,,1723.52
4112,11.8167,,135.2,,1723.56
4113,11.8195,,135,,1723.6
4114,11.8221,,135,,1723.57
4115,11.8248,,135,,1723.53
4116,11.8275,,135,,1723.5
4117,11.8302,,135,,1723.47
4118,11.8329,,135,,1723.43
4119,11.8356,,135,,1723.4
4120,11.8383,,134.833,,1723.47
4121,11.841,,134.667,,1723.53
4122,11.8437,,134.5,,1723.6
4123,11.8464,,134.333,,1723.67
4124,11.8491,,134.167,,1723.73
4125,11.8518,,134,,1723.8
4126,11.8545,,134,,1723.8
4127,11.8572,,134,,1723.8
4128,11.8598,,134,,1723.8
4129,11.8625,,134,,1723.8
4130,11.8651,,134,,1723.8
4131,11.8678,,134,,1723.8
4132,11.8705,,134,,1723.77
4133,11.8732,,134,,1723.73
4134,11.876,,134,,1723.7
4135,11.8787,,134,,1723.67
4136,11.8814,,134,,1723.63
4137,11.8841,,134,,1723.6
4138,11.8868,,133.833,,1723.63
4139,11.8894,,133.667,,1723.67
4140,11.892,,133.5,,1723.7
4141,11.8947,,133.333,,1723.73
4142,11.8973,,133.167,,1723.77
4143,11.9,,133,,1723.8
4144,11.9029,,133,,1723.77
4145,11.9058,,133,,1723.73
4146,11.9088,,133,,1723.7
4147,11.9117,,133,,1723.67
4148,11.9147,,133,,1723.63
4149,11.9176,,133,,1723.6
4150,11.9206,,133,,1723.6
4151,11.9235,,133,,1723.6
4152,11.9264,,133,,1723.6
4153,11.9294,,133,,1723.6
4154,11.9323,,133,,1723.6
4155,11.9353,,133,,1723.6
4156,11.9382,,133,,1723.6
4157,11.941,,133,,1723.53
4158,11.9439,,133,,1723.47
4159,11.9467,,133,,1723.4
4160,11.9495,,133,,1723.33
4161,11.9523,,133,,1723.27
4162,11.9552,,133,,1723.2
4163,11.958,,132.8,,1723.2
4164,11.9608,,132.6,,1723.2
4165,11.9636,,132.4,,1723.2
4166,11.9664,,132.2,,1723.2
4167,11.9693,,132,,1723.2
4168,11.9721,,131.857,,1723.23
4169,11.9749,,131.714,,1723.26
4170,11.9778,,131.571,,1723.29
4171,11.9806,,131.429,,1723.31
4172,11.9834,,131.286,,1723.34
4173,11.9862,,131.143,,1723.37
4174,11.9891,,131,,1723.4
4175,11.992,,131.25,,1723.35
4176,11.9949,,131.5,,1723.3
4177,11.9979,,131.75,,1723.25
4178,12.0008,,132,,1723.2
4179,12.0036,,132,,1723.2
4180,12.0063,,132,,1723.2
4181,12.0091,,132,,1723.2
4182,12.0119,,132.167,,1723.23
4183,12.0148,,132.333,,1723.27
4184,12.0176,,132.5,,1723.3
4185,12.0205,,132.667,,1723.33
4186,12.0234,,132.833,,1723.37
4187,12.0262,,133,,1723.4
4188,12.0288,,133,,1723.43
4189,12.0314,,133,,1723.47
4190,12.034,,133,,1723.5
4191,12.0367,,133,,1723.53
4192,12.0393,,133,,1723.57
4193,12.0419,,133,,1723.6
4194,12.0447,,133,,1723.63
4195,12.0475,,133,,1723.66
4196,12.0502,,133,,1723.69
4197,12.053,,133,,1723.71
4198,12.0558,,133,,1723.74
4199,12.0586,,133,,1723.77
4200,12.0614,,133,,1723.8
4201,12.0642,,133.143,,1723.8
4202,12.067,,133.286,,1723.8
4203,12.0699,,133.429,,1723.8
4204,12.0727,,133.571,,1723.8
4205,12.0755,,133.714,,1723.8
4206,12.0784,,133.857,,1723.8
4207,12.0812,,134,,1723.8
4208,12.0839,,134,,1723.8
4209,12.0867,,134,,1723.8
4210,12.0894,,134,,1723.8
4211,12.0922,,134,,1723.8
4212,12.0949,,134,,1723.8
4213,12.0976,,134,,1723.88
4214,12.1003,,134,,1723.96
4215,12.1029,,134,,1724.04
4216,12.1056,,134,,1724.12
4217,12.1083,,134,,1724.2
4218,12.1111,,134.167,,1724.2
4219,12.1138,,134.333,,1724.2
4220,12.1166,,134.5,,1724.2
4221,12.1193,,134.667,,1724.2
4222,12.1221,,134.833,,1724.2
4223,12.1249,,135,,1724.2
4224,12.1277,,135,,1724.12
4225,12.1305,,135,,1724.04
4226,12.1333,,135,,1723.96
4227,12.1361,,135,,1723.88
4228,12.1389,,135,,1723.8
4229,12.1417,,134.857,,1723.83
4230,12.1445,,134.714,,1723.86
4231,12.1472,,134.571,,1723.89
4232,12.15,,134.429,,1723.91
4233,12.1528,,134.286,,1723.94
4234,12.1556,,134.143,,1723.97
4235,12.1584,,134,,1724
4236,12.1614,,134,,1723.96
4237,12.1645,,134,,1723.92
4238,12.1676,,134,,1723.88
4239,12.1707,,134,,1723.84
4240,12.1738,,134,,1723.8
4241,12.177,,134,,1723.85
4242,12.1801,,134,,1723.9
4243,12.1833,,134,,1723.95
4244,12.1865,,134,,1724
4245,12.1899,,134,,1724
4246,12.1929,,134,,1724.13
4247,12.1959,,134,,1724.27
4248,12.1989,,134,,1724.4
4249,12.2019,,133.667,,1724.47
4250,12.205,,133.333,,1724.53
4251,12.208,,133,,1724.6
4252,12.2106,,133,,1724.8
4253,12.2132,,133,,1725
4254,12.2159,,133.167,,1725.13
4255,12.2187,,133.333,,1725.27
4256,12.2214,,133.5,,1725.4
4257,12.2241,,133.667,,1725.53
4258,12.2268,,133.833,,1725.67
4259,12.2295,,134,,1725.8
4260,12.2324,,134,,1725.8
4261,12.235,,134.4,,1726
4262,12.2376,,134.8,,1726.2
4263,12.2402,,135.2,,1726.4
4264,12.2428,,135.6,,1726.6
4265,12.2454,,136,,1726.8
4266,12.2484,,136,,1727
4267,12.2514,,136.333,,1727.07
4268,12.2545,,136.667,,1727.13
4269,12.2575,,137,,1727.2
4270,12.2605,,137.4,,1727.4
4271,12.2636,,137.8,,1727.6
4272,12.2666,,138.2,,1727.8
4273,12.2697,,138.6,,1728
4274,12.2727,,139,,1728.2
4275,12.2754,,140,,1728.6
4276,12.2787,,140,,1728.6
4277,12.2814,,140.333,,1728.67
4278,12.2842,,140.667,,1728.73
4279,12.287,,141,,1728.8
4280,12.2898,,141.25,,1728.9
4281,12.2926,,141.5,,1729
4282,12.2954,,141.75,,1729.1
4283,12.2983,,142,,1729.2
4284,12.3014,,142,,1729.2
4285,12.3046,,142,,1729.2
4286,12.3071,,142,,1729.27
4287,12.3096,,142,,1729.33
4288,12.3122,,142,,1729.4
4289,12.3148,,142.2,,1729.44
4290,12.3174,,142.4,,1729.48
4291,12.32,,142.6,,1729.52
4292,12.3226,,142.8,,1729.56
4293,12.3252,,143,,1729.6
4294,12.328,,143,,1729.8
4295,12.3308,,143,,1730
4296,12.3337,,143,,1730.2
4297,12.3365,,143,,1730.4
4298,12.3387,,143,,1730.6
4299,12.3414,,142.833,,1730.7
4300,12.3441,,142.667,,1730.8
4301,12.3467,,142.5,,1730.9
4302,12.3494,,142.333,,1731
4303,12.352,,142.167,,1731.1
4304,12.3547,,142,,1731.2
4305,12.3575,,142,,1731.17
4306,12.3604,,142,,1731.14
4307,12.3632,,142,,1731.11
4308,12.366,,142,,1731.09
4309,12.3689,,142,,1731.06
4310,12.3717,,142,,1731.03
4311,12.3745,,142,,1731
4312,12.3772,,142,,1731.13
4313,12.3798,,142,,1731.27
4314,12.3824,,142,,1731.4
4315,12.385,,142,,1731.5
4316,12.3877,,142,,1731.6
4317,12.3903,,142,,1731.7
4318,12.3929,,142,,1731.8
4319,12.3957,,142,,1731.96
4320,12.3986,,142,,1732.12
4321,12.4014,,142,,1732.28
4322,12.4042,,142,,1732.44
4323,12.407,,142,,1732.6
4324,12.4097,,142,,1732.6
4325,12.4125,,142,,1732.64
4326,12.4152,,142,,1732.68
4327,12.418,,142,,1732.72
4328,12.4208,,142,,1732.76
4329,12.4235,,142,,1732.8
4330,12.4263,,142.2,,1732.92
4331,12.4291,,142.4,,1733.04
4332,12.4318,,142.6,,1733.16
4333,12.4346,,142.8,,1733.28
4334,12.4373,,143,,1733.4
4335,12.4399,,143,,1733.6
4336,12.4427,,143.2,,1733.64
4337,12.4454,,143.4,,1733.68
4338,12.4482,,143.6,,1733.72
4339,12.4509,,143.8,,1733.76
4340,12.4537,,144,,1733.8
4341,12.4564,,143.833,,1733.87
4342,12.4591,,143.667,,1733.93
4343,12.4618,,143.5,,1734
4344,12.4645,,143.333,,1734.07
4345,12.4672,,143.167,,1734.13
4346,12.4699,,143,,1734.2
4347,12.4726,,142.857,,1734.26
4348,12.4753,,142.714,,1734.31
4349,12.478,,142.571,,1734.37
4350,12.4806,,142.429,,1734.43
4351,12.4833,,142.286,,1734.49
4352,12.486,,142.143,,1734.54
4353,12.4887,,142,,1734.6
4354,12.4914,,142,,1734.67
4355,12.494,,142,,1734.75
4356,12.4967,,142,,1734.82
4357,12.4994,,142,,1734.9
4358,12.502,,142,,1734.97
4359,12.5047,,142,,1735.05
4360,12.5074,,142,,1735.12
4361,12.51,,142,,1735.2
4362,12.5126,,142.167,,1735.23
4363,12.5152,,142.333,,1735.27
4364,12.5177,,142.5,,1735.3
4365,12.5203,,142.667,,1735.33
4366,12.5228,,142.833,,1735.37
4367,12.5254,,143,,1735.4
4368,12.5278,,143,,1735.8
4369,12.5305,,143,,1735.9
4370,12.5332,,143,,1736
4371,12.536,,143,,1736.1
4372,12.5387,,143,,1736.2
4373,12.5413,,143,,1736.27
4374,12.544,,143,,1736.33
4375,12.5466,,143,,1736.4
4376,12.5493,,143,,1736.47
4377,12.5519,,143,,1736.53
4378,12.5545,,143,,1736.6
4379,12.5573,,143,,1736.7
4380,12.56,,143,,1736.8
4381,12.5629,,143,,1736.9
4382,12.5657,,143,,1737
4383,12.5685,,143,,1737.1
4384,12.5714,,143,,1737.2
4385,12.574,,143,,1737.27
4386,12.5766,,143,,1737.33
4387,12.5793,,143,,1737.4
4388,12.5819,,143,,1737.47
4389,12.5845,,143,,1737.53
4390,12.5871,,143,,1737.6
4391,12.5898,,142.833,,1737.63
4392,12.5924,,142.667,,1737.67
4393,12.5951,,142.5,,1737.7
4394,12.5977,,142.333,,1737.73
4395,12.6003,,142.167,,1737.77
4396,12.603,,142,,1737.8
4397,12.6047,,143,,1737.8
4398,12.6075,,143,,1737.87
4399,12.6104,,143,,1737.93
4400,12.6133,,143,,1738
4401,12.6162,,143,,1738.07
4402,12.6191,,143,,1738.13
4403,12.6219,,143,,1738.2
4404,12.6244,,143,,1738.28
4405,12.6269,,143,,1738.36
4406,12.6294,,143,,1738.44
4407,12.6319,,143,,1738.52
4408,12.6345,,143,,1738.6
4409,12.6367,,143,,1738.8
4410,12.6389,,143,,1739
4411,12.6417,,143,,1738.93
4412,12.6444,,143,,1738.87
4413,12.6472,,143,,1738.8
4414,12.6498,,143,,1738.93
4415,12.6524,,143,,1739.07
4416,12.655,,143,,1739.2
4417,12.6575,,143,,1739.33
4418,12.6601,,143,,1739.47
4419,12.6627,,143,,1739.6
4420,12.6652,,142.75,,1739.7
4421,12.6677,,142.5,,1739.8
4422,12.6702,,142.25,,1739.9
4423,12.6727,,142,,1740
4424,12.6752,,142,,1740.05
4425,12.6778,,142,,1740.1
4426,12.6804,,142,,1740.15
4427,12.6829,,142,,1740.2
4428,12.6854,,142,,1740.3
4429,12.6878,,142,,1740.4
4430,12.6903,,142,,1740.5
4431,12.6927,,142,,1740.6
4432,12.6952,,142,,1740.7
4433,12.6976,,142,,1740.8
4434,12.7003,,141.667,,1740.87
4435,12.703,,141.333,,1740.93
4436,12.7057,,141,,1741
4437,12.7085,,141,,1741.1
4438,12.7114,,141,,1741.2
4439,12.714,,141,,1741.27
4440,12.7167,,141,,1741.33
4441,12.7193,,141,,1741.4
4442,12.7219,,141,,1741.47
4443,12.7246,,141,,1741.53
4444,12.7272,,141,,1741.6
4445,12.7296,,141.2,,1741.68
4446,12.732,,141.4,,1741.76
4447,12.7343,,141.6,,1741.84
4448,12.7367,,141.8,,1741.92
4449,12.7391,,142,,1742
4450,12.7414,,141.667,,1742
4451,12.7438,,141.333,,1742
4452,12.7462,,141,,1742
4453,12.7486,,141,,1742.2
4454,12.7513,,141,,1742.2
4455,12.7541,,141,,1742.33
4456,12.7569,,141,,1742.47
4457,12.7596,,141,,1742.6
4458,12.7624,,141,,1742.73
4459,12.7652,,141,,1742.87
4460,12.7679,,141,,1743
4461,12.7706,,142,,1743
4462,12.7734,,142,,1743.1
4463,12.7761,,142,,1743.2
4464,12.7789,,142,,1743.3
4465,12.7816,,142,,1743.4
4466,12.7842,,142.2,,1743.44
4467,12.7869,,142.4,,1743.48
4468,12.7895,,142.6,,1743.52
4469,12.7921,,142.8,,1743.56
4470,12.7947,,143,,1743.6
4471,12.7975,,142.8,,1743.68
4472,12.8002,,142.6,,1743.76
4473,12.8029,,142.4,,1743.84
4474,12.8056,,142.2,,1743.92
4475,12.8084,,142,,1744
4476,12.8111,,142,,1744.2
4477,12.8138,,142,,1744.29
4478,12.8165,,142,,1744.37
4479,12.8192,,142,,1744.46
4480,12.8218,,142,,1744.54
4481,12.8245,,142,,1744.63
4482,12.8272,,142,,1744.71
4483,12.8299,,142,,1744.8
4484,12.8326,,141.8,,1744.88
4485,12.8353,,141.6,,1744.96
4486,12.838,,141.4,,1745.04
4487,12.8407,,141.2,,1745.12
4488,12.8434,,141,,1745.2
4489,12.846,,141.5,,1745.2
4490,12.8487,,142,,1745.2
4491,12.8514,,142,,1745.32
4492,12.8542,,142,,1745.44
4493,12.857,,142,,1745.56
4494,12.8598,,142,,1745.68
4495,12.8626,,142,,1745.8
4496,12.865,,142.2,,1745.88
4497,12.8674,,142.4,,1745.96
4498,12.8699,,142.6,,1746.04
4499,12.8723,,142.8,,1746.12
4500,12.8747,,143,,1746.2
4501,12.8774,,143,,1746.24
4502,12.8801,,143,,1746.28
4503,12.8829,,143,,1746.32
4504,12.8856,,143,,1746.36
4505,12.8883,,143,,1746.4
4506,12.8909,,143,,1746.53
4507,12.8935,,143,,1746.67
4508,12.8961,,143,,1746.8
4509,12.8987,,143,,1746.93
4510,12.9013,,143,,1747.07
4511,12.9039,,143,,1747.2
4512,12.9068,,143,,1747.4
4513,12.9094,,143.2,,1747.48
4514,12.912,,143.4,,1747.56
4515,12.9146,,143.6,,1747.64
4516,12.9172,,143.8,,1747.72
4517,12.9198,,144,,1747.8
4518,12.9226,,144,,1747.88
4519,12.9254,,144,,1747.96
4520,12.9282,,144,,1748.04
4521,12.9311,,144,,1748.12
4522,12.9339,,144,,1748.2
4523,12.9364,,144,,1748.28
4524,12.9389,,144,,1748.36
4525,12.9414,,144,,1748.44
4526,12.9439,,144,,1748.52
4527,12.9465,,144,,1748.6
4528,12.949,,144,,1748.68
4529,12.9516,,144,,1748.76
4530,12.9542,,144,,1748.84
4531,12.9568,,144,,1748.92
4532,12.9594,,144,,1749
4533,12.962,,143.5,,1749.2
4534,12.9646,,143,,1749.4
4535,12.9671,,143,,1749.4
4536,12.9697,,143,,1749.4
4537,12.9722,,143,,1749.4
4538,12.9749,,143,,1749.48
4539,12.9776,,143,,1749.56
4540,12.9802,,143,,1749.64
4541,12.9829,,143,,1749.72
4542,12.9856,,143,,1749.8
4543,12.9882,,143,,1749.88
4544,12.9908,,143,,1749.96
4545,12.9934,,143,,1750.04
4546,12.996,,143,,1750.12
4547,12.9985,,143,,1750.2
4548,13.0009,,143,,1750.4
4549,13.0038,,143,,1750.4
4550,13.0064,,143,,1750.43
4551,13.009,,143,,1750.47
4552,13.0117,,143,,1750.5
4553,13.0143,,143,,1750.53
4554,13.017,,143,,1750.57
4555,13.0196,,143,,1750.6
4556,13.0221,,142.833,,1750.73
4557,13.0246,,142.667,,1750.87
4558,13.0271,,142.5,,1751
4559,13.0296,,142.333,,1751.13
4560,13.0321,,142.167,,1751.27
4561,13.0346,,142,,1751.4
4562,13.0373,,142,,1751.47
4563,13.04,,142,,1751.53
4564,13.0427,,142,,1751.6
4565,13.0454,,142,,1751.67
4566,13.0481,,142,,1751.73
4567,13.0507,,142,,1751.8
4568,13.0535,,142.143,,1751.86
4569,13.0562,,142.286,,1751.91
4570,13.059,,142.429,,1751.97
4571,13.0617,,142.571,,1752.03
4572,13.0645,,142.714,,1752.09
4573,13.0672,,142.857,,1752.14
4574,13.07,,143,,1752.2
4575,13.0727,,143,,1752.28
4576,13.0755,,143,,1752.36
4577,13.0783,,143,,1752.44
4578,13.0811,,143,,1752.52
4579,13.0838,,143,,1752.6
4580,13.0865,,142.833,,1752.63
4581,13.0891,,142.667,,1752.67
4582,13.0918,,142.5,,1752.7
4583,13.0945,,142.333,,1752.73
4584,13.0971,,142.167,,1752.77
4585,13.0998,,142,,1752.8
4586,13.1025,,141.8,,1752.84
4587,13.1053,,141.6,,1752.88
4588,13.1081,,141.4,,1752.92
4589,13.1108,,141.2,,1752.96
4590,13.1136,,141,,1753
4591,13.1164,,141,,1753.07
4592,13.1191,,141,,1753.13
4593,13.1219,,141,,1753.2
4594,13.1247,,141,,1753.27
4595,13.1274,,141,,1753.33
4596,13.1302,,141,,1753.4
4597,13.1329,,141,,1753.45
4598,13.1357,,141,,1753.5
4599,13.1384,,141,,1753.55
4600,13.1412,,141,,1753.6
4601,13.1441,,142,,1753.4
4602,13.1468,,142,,1753.43
4603,13.1495,,142,,1753.47
4604,13.1521,,142,,1753.5
4605,13.1548,,142,,1753.53
4606,13.1575,,142,,1753.57
4607,13.1602,,142,,1753.6
4608,13.1631,,141.8,,1753.68
4609,13.1659,,141.6,,1753.76
4610,13.1688,,141.4,,1753.84
4611,13.1716,,141.2,,1753.92
4612,13.1745,,141,,1754
4613,13.1774,,141,,1754.04
4614,13.1803,,141,,1754.08
4615,13.1832,,141,,1754.12
4616,13.1862,,141,,1754.16
4617,13.1891,,141,,1754.2
4618,13.1919,,141,,1754.24
4619,13.1947,,141,,1754.28
4620,13.1974,,141,,1754.32
4621,13.2002,,141,,1754.36
4622,13.203,,141,,1754.4
4623,13.2056,,141,,1754.5
4624,13.2082,,141,,1754.6
4625,13.211,,141,,1754.65
4626,13.2137,,141,,1754.7
4627,13.2165,,141,,1754.75
4628,13.2193,,141,,1754.8
4629,13.2221,,141.143,,1754.83
4630,13.2249,,141.286,,1754.86
4631,13.2277,,141.429,,1754.89
4632,13.2305,,141.571,,1754.91
4633,13.2333,,141.714,,1754.94
4634,13.2361,,141.857,,1754.97
4635,13.2389,,142,,1755
4636,13.2415,,141.8,,1755.04
4637,13.244,,141.6,,1755.08
4638,13.2466,,141.4,,1755.12
4639,13.2492,,141.2,,1755.16
4640,13.2518,,141,,1755.2
4641,13.2544,,140.8,,1755.28
4642,13.2571,,140.6,,1755.36
4643,13.2597,,140.4,,1755.44
4644,13.2624,,140.2,,1755.52
4645,13.265,,140,,1755.6
4646,13.2678,,140,,1755.7
4647,13.2706,,140,,1755.8
4648,13.2733,,140.25,,1755.85
4649,13.2761,,140.5,,1755.9
4650,13.2789,,140.75,,1755.95
4651,13.2816,,141,,1756
4652,13.2843,,141,,1756.07
4653,13.287,,141,,1756.13
4654,13.2896,,141,,1756.2
4655,13.2923,,141,,1756.27
4656,13.295,,141,,1756.33
4657,13.2976,,141,,1756.4
4658,13.3002,,141.2,,1756.44
4659,13.3027,,141.4,,1756.48
4660,13.3053,,141.6,,1756.52
4661,13.3079,,141.8,,1756.56
4662,13.3104,,142,,1756.6
4663,13.3129,,142,,1756.7
4664,13.3153,,142,,1756.8
4665,13.3178,,142,,1756.9
4666,13.3202,,142,,1757
4667,13.3226,,142,,1757.1
4668,13.3251,,142,,1757.2
4669,13.3274,,142,,1757.3
4670,13.3298,,142,,1757.4
4671,13.3322,,142,,1757.5
4672,13.3346,,142,,1757.6
4673,13.337,,142,,1757.7
4674,13.3393,,142,,1757.8
4675,13.342,,142,,1758
4676,13.345,,141.667,,1758.07
4677,13.348,,141.333,,1758.13
4678,13.351,,141,,1758.2
4679,13.3537,,141.25,,1758.35
4680,13.3565,,141.5,,1758.5
4681,13.3592,,141.75,,1758.65
4682,13.362,,142,,1758.8
4683,13.3646,,142,,1759
4684,13.3675,,142.25,,1759.1
4685,13.3704,,142.5,,1759.2
4686,13.3733,,142.75,,1759.3
4687,13.3761,,143,,1759.4
4688,13.3789,,143,,1759.56
4689,13.3816,,143,,1759.72
4690,13.3843,,143,,1759.88
4691,13.3871,,143,,1760.04
4692,13.3898,,143,,1760.2
4693,13.3927,,143.143,,1760.26
4694,13.3956,,143.286,,1760.31
4695,13.3985,,143.429,,1760.37
4696,13.4014,,143.571,,1760.43
4697,13.4043,,143.714,,1760.49
4698,13.4072,,143.857,,1760.54
4699,13.41,,144,,1760.6
4700,13.4127,,144.167,,1760.67
4701,13.4154,,144.333,,1760.73
4702,13.418,,144.5,,1760.8
4703,13.4207,,144.667,,1760.87
4704,13.4234,,144.833,,1760.93
4705,13.426,,145,,1761
4706,13.4288,,144.8,,1761.04
4707,13.4316,,144.6,,1761.08
4708,13.4344,,144.4,,1761.12
4709,13.4372,,144.2,,1761.16
4710,13.44,,144,,1761.2
4711,13.4428,,144.167,,1761.2
4712,13.4456,,144.333,,1761.2
4713,13.4485,,144.5,,1761.2
4714,13.4513,,144.667,,1761.2
4715,13.4541,,144.833,,1761.2
4716,13.4569,,145,,1761.2
4717,13.4598,,144.833,,1761.2
4718,13.4627,,144.667,,1761.2
4719,13.4655,,144.5,,1761.2
4720,13.4684,,144.333,,1761.2
4721,13.4713,,144.167,,1761.2
4722,13.4742,,144,,1761.2
4723,13.4771,,144,,1761.2
4724,13.4801,,144,,1761.2
4725,13.483,,144,,1761.2
4726,13.486,,144,,1761.2
4727,13.489,,144,,1761.2
4728,13.492,,144,,1761.13
4729,13.4951,,144,,1761.07
4730,13.4982,,144,,1761
4731,13.5013,,143,,1761
4732,13.5045,,143,,1760.92
4733,13.5077,,143,,1760.84
4734,13.5109,,143,,1760.76
4735,13.514,,143,,1760.68
4736,13.5172,,143,,1760.6
4737,13.5203,,142.8,,1760.52
4738,13.5234,,142.6,,1760.44
4739,13.5265,,142.4,,1760.36
4740,13.5296,,142.2,,1760.28
4741,13.5328,,142,,1760.2
4742,13.5359,,142,,1760
4743,13.539,,141.714,,1759.91
4744,13.5421,,141.429,,1759.83
4745,13.5451,,141.143,,1759.74
4746,13.5482,,140.857,,1759.66
4747,13.5512,,140.571,,1759.57
4748,13.5543,,140.286,,1759.49
4749,13.5574,,140,,1759.4
4750,13.5603,,140,,1759.36
4751,13.5633,,140,,1759.32
4752,13.5663,,140,,1759.28
4753,13.5692,,140,,1759.24
4754,13.5722,,140,,1759.2
4755,13.5747,,140,,1759
4756,13.5779,,139.667,,1758.9
4757,13.5811,,139.333,,1758.8
4758,13.5843,,139,,1758.7
4759,13.5875,,138.667,,1758.6
4760,13.5908,,138.333,,1758.5
4761,13.594,,138,,1758.4
4762,13.597,,137.667,,1758.27
4763,13.6001,,137.333,,1758.13
4764,13.6031,,137,,1758
4765,13.6063,,136.5,,1758
4766,13.6094,,136,,1758
4767,13.6124,,135.833,,1757.93
4768,13.6154,,135.667,,1757.87
4769,13.6185,,135.5,,1757.8
4770,13.6215,,135.333,,1757.73
4771,13.6245,,135.167,,1757.67
4772,13.6275,,135,,1757.6
4773,13.6305,,135,,1757.53
4774,13.6334,,135,,1757.47
4775,13.6364,,135,,1757.4
4776,13.6393,,135,,1757.33
4777,13.6423,,135,,1757.27
4778,13.6452,,135,,1757.2
4779,13.6484,,135,,1757
4780,13.6513,,135,,1756.9
4781,13.6543,,135,,1756.8
4782,13.6572,,135,,1756.7
4783,13.6601,,135,,1756.6
4784,13.663,,135,,1756.5
4785,13.666,,135,,1756.4
4786,13.669,,134.833,,1756.37
4787,13.6721,,134.667,,1756.33
4788,13.6751,,134.5,,1756.3
4789,13.6782,,134.333,,1756.27
4790,13.6812,,134.167,,1756.23
4791,13.6843,,134,,1756.2
4792,13.6873,,134,,1756.13
4793,13.6903,,134,,1756.07
4794,13.6933,,134,,1756
4795,13.6963,,134,,1755.87
4796,13.6993,,134,,1755.73
4797,13.7023,,134,,1755.6
4798,13.7053,,133.714,,1755.54
4799,13.7082,,133.429,,1755.49
4800,13.7112,,133.143,,1755.43
4801,13.7141,,132.857,,1755.37
4802,13.717,,132.571,,1755.31
4803,13.72,,132.286,,1755.26
4804,13.7229,,132,,1755.2
4805,13.7258,,132.25,,1755.1
4806,13.7286,,132.5,,1755
4807,13.7315,,132.75,,1754.9
4808,13.7344,,133,,1754.8
4809,13.7372,,133,,1754.8
4810,13.74,,133,,1754.8
4811,13.7429,,133,,1754.8
4812,13.7455,,133,,1754.73
4813,13.7481,,133,,1754.67
4814,13.7506,,133,,1754.6
4815,13.7532,,133,,1754.53
4816,13.7558,,133,,1754.47
4817,13.7584,,133,,1754.4
4818,13.7611,,133,,1754.43
4819,13.7639,,133,,1754.47
4820,13.7666,,133,,1754.5
4821,13.7693,,133,,1754.53
4822,13.7721,,133,,1754.57
4823,13.7748,,133,,1754.6
4824,13.7777,,133.167,,1754.6
4825,13.7806,,133.333,,1754.6
4826,13.7835,,133.5,,1754.6
4827,13.7864,,133.667,,1754.6
4828,13.7892,,133.833,,1754.6
4829,13.7921,,134,,1754.6
4830,13.7951,,134,,1754.56
4831,13.7981,,134,,1754.52
4832,13.8011,,134,,1754.48
4833,13.8041,,134,,1754.44
4834,13.807,,134,,1754.4
4835,13.8098,,134.143,,1754.4
4836,13.8125,,134.286,,1754.4
4837,13.8152,,134.429,,1754.4
4838,13.8179,,134.571,,1754.4
4839,13.8206,,134.714,,1754.4
4840,13.8234,,134.857,,1754.4
4841,13.8261,,135,,1754.4
4842,13.829,,135.25,,1754.4
4843,13.8319,,135.5,,1754.4
4844,13.8348,,135.75,,1754.4
4845,13.8377,,136,,1754.4
4846,13.8404,,135.8,,1754.4
4847,13.8431,,135.6,,1754.4
4848,13.8459,,135.4,,1754.4
4849,13.8486,,135.2,,1754.4
4850,13.8513,,135,,1754.4
4851,13.8542,,135,,1754.33
4852,13.8571,,135,,1754.27
4853,13.8599,,135,,1754.2
4854,13.8628,,135,,1754.13
4855,13.8657,,135,,1754.07
4856,13.8685,,135,,1754
4857,13.8716,,134.8,,1754.04
4858,13.8746,,134.6,,1754.08
4859,13.8776,,134.4,,1754.12
4860,13.8806,,134.2,,1754.16
4861,13.8836,,134,,1754.2
4862,13.8865,,134,,1754.2
4863,13.8895,,134,,1754.2
4864,13.8924,,134,,1754.2
4865,13.8954,,134,,1754.2
4866,13.8983,,134,,1754.2
4867,13.9009,,134,,1754.2
4868,13.9035,,134,,1754.2
4869,13.906,,134,,1754.1
4870,13.9085,,134,,1754
4871,13.9109,,134.2,,1754
4872,13.9133,,134.4,,1754
4873,13.9157,,134.6,,1754
4874,13.9181,,134.8,,1754
4875,13.9205,,135,,1754
4876,13.9229,,135.143,,1754.2
4877,13.9254,,135.286,,1754.4
4878,13.9279,,135.429,,1754.6
4879,13.9304,,135.571,,1754.8
4880,13.9329,,135.714,,1755
4881,13.9354,,135.857,,1755.2
4882,13.9379,,136,,1755.4
4883,13.9402,,136,,1755.55
4884,13.9425,,136,,1755.7
4885,13.9448,,136,,1755.85
4886,13.9471,,136,,1756
4887,13.9492,,136,,1756.2
4888,13.9513,,136,,1756.4
4889,13.9534,,136.2,,1756.52
4890,13.9556,,136.4,,1756.64
4891,13.9577,,136.6,,1756.76
4892,13.9598,,136.8,,1756.88
4893,13.962,,137,,1757
4894,13.9641,,138,,1757.2
4895,13.9664,,138.4,,1757.32
4896,13.9688,,138.8,,1757.44
4897,13.9712,,139.2,,1757.56
4898,13.9736,,139.6,,1757.68
4899,13.976,,140,,1757.8
4900,13.9783,,140.333,,1757.93
4901,13.9806,,140.667,,1758.07
4902,13.9828,,141,,1758.2
4903,13.9848,,141.333,,1758.27
4904,13.9868,,141.667,,1758.33
4905,13.9887,,142,,1758.4
4906,13.9911,,142.25,,1758.55
4907,13.9935,,142.5,,1758.7
4908,13.996,,142.75,,1758.85
4909,13.9984,,143,,1759
4910,14.0005,,143.333,,1759.13
4911,14.0025,,143.667,,1759.27
4912,14.0046,,144,,1759.4
4913,14.007,,144,,1759.4
4914,14.0094,,144,,1759.4
4915,14.0117,,144.333,,1759.53
4916,14.014,,144.667,,1759.67
4917,14.0163,,145,,1759.8
4918,14.0185,,145.333,,1759.93
4919,14.0208,,145.667,,1760.07
4920,14.0231,,146,,1760.2
4921,14.0265,,146,,1760.4
4922,14.0285,,146,,1760.56
4923,14.0306,,146,,1760.72
4924,14.0326,,146,,1760.88
4925,14.0347,,146,,1761.04
4926,14.0367,,146,,1761.2
4927,14.0387,,146,,1761.4
4928,14.0406,,146,,1761.6
4929,14.0429,,146,,1761.73
4930,14.0452,,146,,1761.87
4931,14.0475,,146,,1762
4932,14.0502,,146,,1762.2
4933,14.0529,,146,,1762.4
4934,14.0556,,146,,1762.6
4935,14.0579,,146,,1762.8
4936,14.0603,,146,,1763
4937,14.0629,,146.2,,1763.16
4938,14.0656,,146.4,,1763.32
4939,14.0683,,146.6,,1763.48
4940,14.0709,,146.8,,1763.64
4941,14.0736,,147,,1763.8
4942,14.0759,,147,,1763.95
4943,14.0783,,147,,1764.1
4944,14.0806,,147,,1764.25
4945,14.083,,147,,1764.4
4946,14.0854,,147,,1764.5
4947,14.0879,,147,,1764.6
4948,14.0903,,147,,1764.7
4949,14.0927,,147,,1764.8
4950,14.0953,,147.333,,1764.93
4951,14.0978,,147.667,,1765.07
4952,14.1004,,148,,1765.2
4953,14.1028,,148,,1765.2
4954,14.1052,,147.667,,1765.33
4955,14.1076,,147.333,,1765.47
4956,14.11,,147,,1765.6
4957,14.1119,,147,,1765.7
4958,14.1138,,147,,1765.8
4959,14.1164,,147,,1766
4960,14.1189,,147,,1766.2
4961,14.1215,,147,,1766.4
4962,14.124,,147,,1766.6
4963,14.1263,,147,,1766.8
4964,14.1287,,147,,1767
4965,14.1311,,147,,1767.1
4966,14.1336,,147,,1767.2
4967,14.136,,147,,1767.4
4968,14.1383,,147,,1767.6
4969,14.1408,,147.25,,1767.65
4970,14.1434,,147.5,,1767.7
4971,14.1459,,147.75,,1767.75
4972,14.1484,,148,,1767.8
4973,14.151,,148,,1767.88
4974,14.1537,,148,,1767.96
4975,14.1564,,148,,1768.04
4976,14.159,,148,,1768.12
4977,14.1617,,148,,1768.2
4978,14.1643,,148,,1768
4979,14.167,,148,,1768.07
4980,14.1696,,148,,1768.13
4981,14.1722,,148,,1768.2
4982,14.1748,,148,,1768.27
4983,14.1774,,148,,1768.33
4984,14.18,,148,,1768.4
4985,14.1825,,147.833,,1768.43
4986,14.185,,147.667,,1768.47
4987,14.1875,,147.5,,1768.5
4988,14.19,,147.333,,1768.53
4989,14.1925,,147.167,,1768.57
4990,14.195,,147,,1768.6
4991,14.1976,,146.8,,1768.68
4992,14.2002,,146.6,,1768.76
4993,14.2027,,146.4,,1768.84
4994,14.2053,,146.2,,1768.92
4995,14.2079,,146,,1769
4996,14.2106,,146,,1769.04
4997,14.2133,,146,,1769.08
4998,14.216,,146,,1769.12
4999,14.2186,,146,,1769.16
5000,14.2213,,146,,1769.2
5001,14.2236,,145,,1769.2
5002,14.2263,,144.8,,1769.24
5003,14.229,,144.6,,1769.28
5004,14.2317,,144.4,,1769.32
5005,14.2344,,144.2,,1769.36
5006,14.2371,,144,,1769.4
5007,14.2399,,144,,1769.43
5008,14.2428,,144,,1769.47
5009,14.2456,,144,,1769.5
5010,14.2485,,144,,1769.53
5011,14.2513,,144,,1769.57
5012,14.2542,,144,,1769.6
5013,14.2569,,144,,1769.67
5014,14.2597,,144,,1769.73
5015,14.2625,,144,,1769.8
5016,14.2653,,144,,1769.87
5017,14.268,,144,,1769.93
5018,14.2708,,144,,1770
5019,14.2737,,144,,1770.1
5020,14.2767,,144,,1770.2
5021,14.2795,,143.667,,1770.27
5022,14.2824,,143.333,,1770.33
5023,14.2853,,143,,1770.4
5024,14.2883,,143,,1770.4
5025,14.2913,,143,,1770.4
5026,14.2944,,143,,1770.4
5027,14.2974,,143,,1770.4
5028,14.3004,,143,,1770.4
5029,14.3034,,142.833,,1770.43
5030,14.3063,,142.667,,1770.47
5031,14.3092,,142.5,,1770.5
5032,14.3121,,142.333,,1770.53
5033,14.3151,,142.167,,1770.57
5034,14.318,,142,,1770.6
5035,14.3208,,142,,1770.68
5036,14.3237,,142,,1770.76
5037,14.3265,,142,,1770.84
5038,14.3294,,142,,1770.92
5039,14.3322,,142,,1771
5040,14.3349,,142,,1771
5041,14.3376,,142,,1771
5042,14.3404,,142,,1771
5043,14.3431,,142,,1771
5044,14.3458,,142,,1771
5045,14.3485,,142,,1771
5046,14.3513,,142,,1771.07
5047,14.354,,142,,1771.13
5048,14.3568,,142,,1771.2
5049,14.3595,,142,,1771.13
5050,14.3622,,142,,1771.07
5051,14.3649,,142,,1771
5052,14.3677,,141.8,,1771
5053,14.3705,,141.6,,1771
5054,14.3734,,141.4,,1771
5055,14.3762,,141.2,,1771
5056,14.379,,141,,1771
5057,14.3817,,140.857,,1771.03
5058,14.3845,,140.714,,1771.06
5059,14.3872,,140.571,,1771.09
5060,14.39,,140.429,,1771.11
5061,14.3928,,140.286,,1771.14
5062,14.3955,,140.143,,1771.17
5063,14.3983,,140,,1771.2
5064,14.401,,139.857,,1771.2
5065,14.4038,,139.714,,1771.2
5066,14.4066,,139.571,,1771.2
5067,14.4093,,139.429,,1771.2
5068,14.4121,,139.286,,1771.2
5069,14.4149,,139.143,,1771.2
5070,14.4176,,139,,1771.2
5071,14.4206,,139.167,,1771.27
5072,14.4235,,139.333,,1771.33
5073,14.4264,,139.5,,1771.4
5074,14.4293,,139.667,,1771.47
5075,14.4322,,139.833,,1771.53
5076,14.4352,,140,,1771.6
5077,14.4378,,140,,1771.65
5078,14.4405,,140,,1771.7
5079,14.4432,,140,,1771.75
5080,14.4459,,140,,1771.8
5081,14.4486,,140,,1771.8
5082,14.4514,,140,,1771.8
5083,14.4541,,140,,1771.8
5084,14.4568,,140,,1771.8
5085,14.4596,,140,,1771.8
5086,14.4622,,140.2,,1771.84
5087,14.4648,,140.4,,1771.88
5088,14.4675,,140.6,,1771.92
5089,14.4701,,140.8,,1771.96
5090,14.4727,,141,,1772
5091,14.4759,,141,,1772.2
5092,14.4784,,141.25,,1772.25
5093,14.481,,141.5,,1772.3
5094,14.4835,,141.75,,1772.35
5095,14.4861,,142,,1772.4
5096,14.4887,,142,,1772.49
5097,14.4913,,142,,1772.57
5098,14.4939,,142,,1772.66
5099,14.4965,,142,,1772.74
5100,14.4991,,142,,1772.83
5101,14.5018,,142,,1772.91
5102,14.5044,,142,,1773
5103,14.507,,142,,1773.05
5104,14.5097,,142,,1773.1
5105,14.5123,,142,,1773.15
5106,14.515,,142,,1773.2
5107,14.5174,,141,,1773.4
5108,14.5203,,141,,1773.35
5109,14.5231,,141,,1773.3
5110,14.526,,141,,1773.25
5111,14.5288,,141,,1773.2
5112,14.5315,,141,,1773.12
5113,14.5341,,141,,1773.04
5114,14.5368,,141,,1772.96
5115,14.5394,,141,,1772.88
5116,14.5421,,141,,1772.8
5117,14.5449,,141,,1772.68
5118,14.5476,,141,,1772.56
5119,14.5504,,141,,1772.44
5120,14.5532,,141,,1772.32
5121,14.556,,141,,1772.2
5122,14.5588,,140.5,,1772.2
5123,14.5615,,140,,1772.2
5124,14.5644,,139.833,,1772.03
5125,14.5673,,139.667,,1771.87
5126,14.5701,,139.5,,1771.7
5127,14.573,,139.333,,1771.53
5128,14.5759,,139.167,,1771.37
5129,14.5788,,139,,1771.2
5130,14.5819,,138.8,,1771.04
5131,14.5851,,138.6,,1770.88
5132,14.5882,,138.4,,1770.72
5133,14.5914,,138.2,,1770.56
5134,14.5945,,138,,1770.4
5135,14.5973,,137.667,,1770.2
5136,14.6001,,137.333,,1770
5137,14.6029,,137,,1769.8
5138,14.6056,,136.333,,1769.73
5139,14.6083,,135.667,,1769.67
5140,14.611,,135,,1769.6
5141,14.614,,135,,1769.48
5142,14.6171,,135,,1769.36
5143,14.6201,,135,,1769.24
5144,14.6231,,135,,1769.12
5145,14.6261,,135,,1769
5146,14.629,,134.5,,1768.8
5147,14.6319,,134,,1768.6
5148,14.6349,,134,,1768.45
5149,14.6379,,134,,1768.3
5150,14.6409,,134,,1768.15
5151,14.6439,,134,,1768
5152,14.6469,,133.667,,1767.8
5153,14.6499,,133.333,,1767.6
5154,14.653,,133,,1767.4
5155,14.6559,,133,,1767.3
5156,14.6588,,133,,1767.2
5157,14.6619,,132.5,,1767
5158,14.6649,,132,,1766.8
5159,14.668,,131.5,,1766.6
5160,14.671,,131,,1766.4
5161,14.6738,,131,,1766.2
5162,14.6766,,131,,1766.03
5163,14.6794,,131,,1765.87
5164,14.6822,,131,,1765.7
5165,14.685,,131,,1765.53
5166,14.6878,,131,,1765.37
5167,14.6906,,131,,1765.2
5168,14.6934,,130.8,,1765.12
5169,14.6961,,130.6,,1765.04
5170,14.6989,,130.4,,1764.96
5171,14.7017,,130.2,,1764.88
5172,14.7045,,130,,1764.8
5173,14.7075,,129.6,,1764.68
5174,14.7104,,129.2,,1764.56
5175,14.7134,,128.8,,1764.44
5176,14.7164,,128.4,,1764.32
5177,14.7193,,128,,1764.2
5178,14.7222,,128,,1764
5179,14.7251,,127.8,,1763.8
5180,14.728,,127.6,,1763.6
5181,14.7309,,127.4,,1763.4
5182,14.7338,,127.2,,1763.2
5183,14.7367,,127,,1763
5184,14.7401,,127,,1763.2
5185,14.743,,127,,1763.1
5186,14.746,,127,,1763
5187,14.749,,127,,1762.9
5188,14.7519,,127,,1762.8
5189,14.7549,,127,,1762.7
5190,14.7579,,127,,1762.6
5191,14.7607,,127.2,,1762.48
5192,14.7636,,127.4,,1762.36
5193,14.7665,,127.6,,1762.24
5194,14.7694,,127.8,,1762.12
5195,14.7723,,128,,1762
5196,14.7752,,128,,1761.83
5197,14.7781,,128,,1761.67
5198,14.781,,128,,1761.5
5199,14.7839,,128,,1761.33
5200,14.7869,,128,,1761.17
5201,14.7898,,128,,1761
5202,14.7927,,128,,1760.9
5203,14.7957,,128,,1760.8
5204,14.7991,,128,,1760.73
5205,14.8025,,128,,1760.67
5206,14.8059,,128,,1760.6
5207,14.8092,,128,,1760.33
5208,14.8125,,128,,1760.07
5209,14.8158,,128,,1759.8
5210,14.8187,,128,,1759.6
5211,14.822,,128,,1759.2
5212,14.8253,,127.8,,1759.08
5213,14.8285,,127.6,,1758.96
5214,14.8317,,127.4,,1758.84
5215,14.835,,127.2,,1758.72
5216,14.8382,,127,,1758.6
5217,14.8413,,127,,1758.5
5218,14.8444,,127,,1758.4
5219,14.8476,,126.833,,1758.23
5220,14.8508,,126.667,,1758.07
5221,14.854,,126.5,,1757.9
5222,14.8573,,126.333,,1757.73
5223,14.8605,,126.167,,1757.57
5224,14.8637,,126,,1757.4
5225,14.8669,,125.8,,1757.32
5226,14.8702,,125.6,,1757.24
5227,14.8735,,125.4,,1757.16
5228,14.8767,,125.2,,1757.08
5229,14.88,,125,,1757
5230,14.8832,,125.333,,1756.8
5231,14.8865,,125.667,,1756.6
5232,14.8897,,126,,1756.4
5233,14.8928,,126,,1756.4
5234,14.8959,,126,,1756.4
5235,14.899,,126,,1756.23
5236,14.9021,,126,,1756.07
5237,14.9053,,126,,1755.9
5238,14.9084,,126,,1755.73
5239,14.9115,,126,,1755.57
5240,14.9146,,126,,1755.4
5241,14.9174,,126,,1755.15
5242,14.9203,,126,,1754.9
5243,14.9231,,126,,1754.65
5244,14.9259,,126,,1754.4
5245,14.9291,,126,,1754.13
5246,14.9322,,126,,1753.87
5247,14.9353,,126,,1753.6
5248,14.9388,,126,,1753.2
5249,14.9422,,126,,1752.93
5250,14.9456,,126,,1752.67
5251,14.949,,126,,1752.4
5252,14.9518,,126,,1752.35
5253,14.9546,,126,,1752.3
5254,14.9574,,126,,1752.25
5255,14.9602,,126,,1752.2
5256,14.9636,,125,,1752
5257,14.9664,,125,,1751.7
5258,14.9693,,125,,1751.4
5259,14.9721,,125,,1751.1
5260,14.9749,,125,,1750.8
5261,14.9782,,124.6,,1750.6
5262,14.9814,,124.2,,1750.4
5263,14.9847,,123.8,,1750.2
5264,14.9879,,123.4,,1750
5265,14.9912,,123,,1749.8
5266,14.9945,,123,,1749.8
5267,14.997,,123.5,,1749.6
5268,14.9996,,124,,1749.4
5269,15.0027,,124,,1749.27
5270,15.0057,,124,,1749.13
5271,15.0088,,124,,1749
5272,15.0114,,123,,1748.8
5273,15.0148,,123.333,,1748.73
5274,15.0181,,123.667,,1748.67
5275,15.0215,,124,,1748.6
5276,15.0243,,124,,1748.4
5277,15.0272,,124,,1748.2
5278,15.03,,124,,1748
5279,15.0328,,124,,1747.8
5280,15.0364,,125,,1747.6
5281,15.0395,,125,,1747.4
5282,15.0426,,125,,1747.2
5283,15.0458,,125,,1747
5284,15.0489,,125,,1746.8
5285,15.0518,,125,,1746.6
5286,15.0548,,124.8,,1746.44
5287,15.0577,,124.6,,1746.28
5288,15.0607,,124.4,,1746.12
5289,15.0637,,124.2,,1745.96
5290,15.0667,,124,,1745.8
5291,15.0701,,124,,1745.4
5292,15.0732,,124.25,,1745.2
5293,15.0762,,124.5,,1745
5294,15.0793,,124.75,,1744.8
5295,15.0824,,125,,1744.6
5296,15.0855,,125,,1744.33
5297,15.0887,,125,,1744.07
5298,15.0918,,125,,1743.8
5299,15.0952,,125,,1743.4
5300,15.0983,,125.2,,1743.16
5301,15.1014,,125.4,,1742.92
5302,15.1045,,125.6,,1742.68
5303,15.1077,,125.8,,1742.44
5304,15.1108,,126,,1742.2
5305,15.1143,,126,,1741.8
5306,15.1176,,126,,1741.68
5307,15.1208,,126,,1741.56
5308,15.1241,,126,,1741.44
5309,15.1274,,126,,1741.32
5310,15.1307,,126,,1741.2
5311,15.1337,,125.833,,1741.03
5312,15.1368,,125.667,,1740.87
5313,15.1399,,125.5,,1740.7
5314,15.1429,,125.333,,1740.53
5315,15.146,,125.167,,1740.37
5316,15.1491,,125,,1740.2
5317,15.152,,125,,1740.13
5318,15.155,,125,,1740.07
5319,15.1579,,125,,1740
5320,15.1609,,125,,1739.93
5321,15.1638,,125,,1739.87
5322,15.1668,,125,,1739.8
5323,15.1695,,125.167,,1739.67
5324,15.1722,,125.333,,1739.53
5325,15.175,,125.5,,1739.4
5326,15.1777,,125.667,,1739.27
5327,15.1804,,125.833,,1739.13
5328,15.1832,,126,,1739
5329,15.1863,,126.167,,1738.97
5330,15.1894,,126.333,,1738.93
5331,15.1925,,126.5,,1738.9
5332,15.1956,,126.667,,1738.87
5333,15.1987,,126.833,,1738.83
5334,15.2018,,127,,1738.8
5335,15.2045,,127.2,,1738.84
5336,15.2072,,127.4,,1738.88
5337,15.2098,,127.6,,1738.92
5338,15.2125,,127.8,,1738.96
5339,15.2152,,128,,1739
5340,15.2176,,128.167,,1739.07
5341,15.2201,,128.333,,1739.13
5342,15.2225,,128.5,,1739.2
5343,15.2249,,128.667,,1739.27
5344,15.2274,,128.833,,1739.33
5345,15.2298,,129,,1739.4
5346,15.2336,,129,,1739.4
5347,15.2359,,129.5,,1739.6
5348,15.2383,,130,,1739.8
5349,15.2411,,130.667,,1739.87
5350,15.2439,,131.333,,1739.93
5351,15.2466,,132,,1740
5352,15.2495,,132,,1740
5353,15.2524,,132,,1740
5354,15.2554,,132.4,,1740.08
5355,15.2584,,132.8,,1740.16
5356,15.2614,,133.2,,1740.24
5357,15.2644,,133.6,,1740.32
5358,15.2673,,134,,1740.4
5359,15.27,,134.25,,1740.45
5360,15.2727,,134.5,,1740.5
5361,15.2753,,134.75,,1740.55
5362,15.278,,135,,1740.6
5363,15.2808,,135.5,,1740.8
5364,15.2837,,136,,1741
5365,15.2866,,136.667,,1741.07
5366,15.2894,,137.333,,1741.13
5367,15.2923,,138,,1741.2
5368,15.2948,,138.333,,1741.13
5369,15.2974,,138.667,,1741.07
5370,15.2999,,139,,1741
5371,15.3027,,139,,1741
5372,15.3055,,139,,1741
5373,15.3082,,139,,1741
5374,15.311,,139,,1741
5375,15.3132,,139,,1741
5376,15.316,,139,,1741.08
5377,15.3188,,139,,1741.16
5378,15.3216,,139,,1741.24
5379,15.3243,,139,,1741.32
5380,15.3271,,139,,1741.4
5381,15.3299,,139.2,,1741.28
5382,15.3328,,139.4,,1741.16
5383,15.3356,,139.6,,1741.04
5384,15.3384,,139.8,,1740.92
5385,15.3412,,140,,1740.8
5386,15.3436,,140,,1740.4
5387,15.3468,,140,,1740
5388,15.3499,,140,,1739.73
5389,15.3529,,140,,1739.47
5390,15.356,,140,,1739.2
5391,15.3591,,139,,1738.8
5392,15.3619,,138.75,,1738.5
5393,15.3648,,138.5,,1738.2
5394,15.3676,,138.25,,1737.9
5395,15.3704,,138,,1737.6
5396,15.3733,,138,,1737.3
5397,15.3761,,138,,1737
5398,15.379,,138,,1736.7
5399,15.3819,,138,,1736.4
5400,15.3845,,137,,1736.2
5401,15.3868,,137,,1736
5561,15.3868,,0,,1726.6
5562,15.3868,,0,,1726.4
5563,15.3868,,0,,1726.2
5564,15.3868,,0,,1726.2
