secs,km,power,hr,cad,alt
0,0,,121,,26.8
1,0.00265,,122,,26.9
2,0.0053,,123,,27
3,0.0085,,124,,27.0667
4,0.0117,,125,,27.1333
5,0.0149,,126,,27.2
6,0.0180333,,127,,27.2667
7,0.0211667,,128,,27.3333
8,0.0243,,129,,27.4
9,0.027325,,129.5,,27.5
10,0.03035,,130,,27.6
11,0.033375,,130.5,,27.7
12,0.0364,,131,,27.8
13,0.0395667,,131.667,,27.8667
14,0.0427333,,132.333,,27.9333
15,0.0459,,133,,28
16,0.0493333,,133.5,,28
17,0.0527667,,134,,28
18,0.0562,,134.5,,28
19,0.0596333,,135,,28
20,0.0630667,,135.5,,28
21,0.0665,,136,,28
22,0.0698667,,136.333,,27.9667
23,0.0732333,,136.667,,27.9333
24,0.0766,,137,,27.9
25,0.0799667,,137.333,,27.8667
26,0.0833333,,137.667,,27.8333
27,0.0867,,138,,27.8
28,0.0898667,,138,,27.9333
29,0.0930333,,138,,28.0667
30,0.0962,,138,,28.2
31,0.0995571,,138,,28.2571
32,0.102914,,138,,28.3143
33,0.106271,,138,,28.3714
34,0.109629,,138,,28.4286
35,0.112986,,138,,28.4857
36,0.116343,,138,,28.5429
37,0.1197,,138,,28.6
38,0.122943,,138,,28.6857
39,0.126186,,138,,28.7714
40,0.129429,,138,,28.8571
41,0.132671,,138,,28.9429
42,0.135914,,138,,29.0286
43,0.139157,,138,,29.1143
44,0.1424,,138,,29.2
45,0.145733,,138,,29.2
46,0.149067,,138,,29.2
47,0.1524,,138,,29.2
48,0.155314,,137.714,,29.2286
49,0.158229,,137.429,,29.2571
50,0.161143,,137.143,,29.2857
51,0.164057,,136.857,,29.3143
52,0.166971,,136.571,,29.3429
53,0.169886,,136.286,,29.3714
54,0.1728,,136,,29.4
55,0.176057,,136.286,,29.4
56,0.179314,,136.571,,29.4
57,0.182571,,136.857,,29.4
58,0.185829,,137.143,,29.4
59,0.189086,,137.429,,29.4
60,0.192343,,137.714,,29.4
61,0.1956,,138,,29.4
62,0.199,,138,,29.4333
63,0.2024,,138,,29.4667
64,0.2058,,138,,29.5
65,0.2092,,138,,29.5333
66,0.2126,,138,,29.5667
67,0.216,,138,,29.6
68,0.219143,,138,,29.6571
69,0.222286,,138,,29.7143
70,0.225429,,138,,29.7714
71,0.228571,,138,,29.8286
72,0.231714,,138,,29.8857
73,0.234857,,138,,29.9429
74,0.238,,138,,30
75,0.2415,,138.167,,29.9333
76,0.245,,138.333,,29.8667
77,0.2485,,138.5,,29.8
78,0.252,,138.667,,29.7333
79,0.2555,,138.833,,29.6667
80,0.259,,139,,29.6
81,0.262157,,138.857,,29.6286
82,0.265314,,138.714,,29.6571
83,0.268471,,138.571,,29.6857
84,0.271629,,138.429,,29.7143
85,0.274786,,138.286,,29.7429
86,0.277943,,138.143,,29.7714
87,0.2811,,138,,29.8
88,0.2848,,138,,29.9
89,0.2885,,138,,30
90,0.2922,,138,,30.1
91,0.2959,,138,,30.2
92,0.299683,,138,,30.2
93,0.303467,,138,,30.2
94,0.30725,,138,,30.2
95,0.311033,,138,,30.2
96,0.314817,,138,,30.2
97,0.3186,,138,,30.2
98,0.321843,,138,,30.1429
99,0.325086,,138,,30.0857
100,0.328329,,138,,30.0286
101,0.331571,,138,,29.9714
102,0.334814,,138,,29.9143
103,0.338057,,138,,29.8571
104,0.3413,,138,,29.8
105,0.344571,,138,,29.8857
106,0.347843,,138,,29.9714
107,0.351114,,138,,30.0571
108,0.354386,,138,,30.1429
109,0.357657,,138,,30.2286
110,0.360929,,138,,30.3143
111,0.3642,,138,,30.4
112,0.3676,,138,,30.4
113,0.371,,138,,30.4
114,0.3744,,138,,30.4
115,0.3778,,138,,30.4
116,0.3812,,138,,30.4
117,0.3846,,138,,30.4
118,0.387857,,137.857,,30.3714
119,0.391114,,137.714,,30.3429
120,0.394371,,137.571,,30.3143
121,0.397629,,137.429,,30.2857
122,0.400886,,137.286,,30.2571
123,0.404143,,137.143,,30.2286
124,0.4074,,137,,30.2
125,0.410757,,137,,30.2571
126,0.414114,,137,,30.3143
127,0.417471,,137,,30.3714
128,0.420829,,137,,30.4286
129,0.424186,,137,,30.4857
130,0.427543,,137,,30.5429
131,0.4309,,137,,30.6
132,0.434567,,137,,30.5667
133,0.438233,,137,,30.5333
134,0.4419,,137,,30.5
135,0.445567,,137,,30.4667
136,0.449233,,137,,30.4333
137,0.4529,,137,,30.4
138,0.455871,,136.714,,30.3714
139,0.458843,,136.429,,30.3429
140,0.461814,,136.143,,30.3143
141,0.464786,,135.857,,30.2857
142,0.467757,,135.571,,30.2571
143,0.470729,,135.286,,30.2286
144,0.4737,,135,,30.2
145,0.476957,,135.143,,30.2286
146,0.480214,,135.286,,30.2571
147,0.483471,,135.429,,30.2857
148,0.486729,,135.571,,30.3143
149,0.489986,,135.714,,30.3429
150,0.493243,,135.857,,30.3714
151,0.4965,,136,,30.4
152,0.499671,,136.286,,30.3429
153,0.502843,,136.571,,30.2857
154,0.506014,,136.857,,30.2286
155,0.509186,,137.143,,30.1714
156,0.512357,,137.429,,30.1143
157,0.515529,,137.714,,30.0571
158,0.5187,,138,,30
159,0.522,,137.857,,30.0286
160,0.5253,,137.714,,30.0571
161,0.5286,,137.571,,30.0857
162,0.5319,,137.429,,30.1143
163,0.5352,,137.286,,30.1429
164,0.5385,,137.143,,30.1714
165,0.5418,,137,,30.2
166,0.545583,,136.833,,30.2333
167,0.549367,,136.667,,30.2667
168,0.55315,,136.5,,30.3
169,0.556933,,136.333,,30.3333
170,0.560717,,136.167,,30.3667
171,0.5645,,136,,30.4
172,0.568167,,136.167,,30.3667
173,0.571833,,136.333,,30.3333
174,0.5755,,136.5,,30.3
175,0.579167,,136.667,,30.2667
176,0.582833,,136.833,,30.2333
177,0.5865,,137,,30.2
178,0.590133,,137.167,,30.1667
179,0.593767,,137.333,,30.1333
180,0.5974,,137.5,,30.1
181,0.601033,,137.667,,30.0667
182,0.604667,,137.833,,30.0333
183,0.6083,,138,,30
184,0.611386,,138,,30
185,0.614471,,138,,30
186,0.617557,,138,,30
187,0.620643,,138,,30
188,0.623729,,138,,30
189,0.626814,,138,,30
190,0.6299,,138,,30
191,0.632825,,138,,30.05
192,0.63575,,138,,30.1
193,0.638675,,138,,30.15
194,0.6416,,138,,30.2
195,0.644525,,138,,30.25
196,0.64745,,138,,30.3
197,0.650375,,138,,30.35
198,0.6533,,138,,30.4
199,0.657033,,138.167,,30.4333
200,0.660767,,138.333,,30.4667
201,0.6645,,138.5,,30.5
202,0.668233,,138.667,,30.5333
203,0.671967,,138.833,,30.5667
204,0.6757,,139,,30.6
205,0.679433,,138.833,,30.5333
206,0.683167,,138.667,,30.4667
207,0.6869,,138.5,,30.4
208,0.690633,,138.333,,30.3333
209,0.694367,,138.167,,30.2667
210,0.6981,,138,,30.2
211,0.701667,,138,,30.2
212,0.705233,,138,,30.2
213,0.7088,,138,,30.2
214,0.712367,,138,,30.2
215,0.715933,,138,,30.2
216,0.7195,,138,,30.2
217,0.7224,,138.125,,30.2
218,0.7253,,138.25,,30.2
219,0.7282,,138.375,,30.2
220,0.7311,,138.5,,30.2
221,0.734,,138.625,,30.2
222,0.7369,,138.75,,30.2
223,0.7398,,138.875,,30.2
224,0.7427,,139,,30.2
225,0.746383,,139.167,,30.2
226,0.750067,,139.333,,30.2
227,0.75375,,139.5,,30.2
228,0.757433,,139.667,,30.2
229,0.761117,,139.833,,30.2
230,0.7648,,140,,30.2
231,0.768583,,140,,30.2
232,0.772367,,140,,30.2
233,0.77615,,140,,30.2
234,0.779933,,140,,30.2
235,0.783717,,140,,30.2
236,0.7875,,140,,30.2
237,0.791167,,139.833,,30.1667
238,0.794833,,139.667,,30.1333
239,0.7985,,139.5,,30.1
240,0.802167,,139.333,,30.0667
241,0.805833,,139.167,,30.0333
242,0.8095,,139,,30
243,0.813167,,139,,30.0333
244,0.816833,,139,,30.0667
245,0.8205,,139,,30.1
246,0.824167,,139,,30.1333
247,0.827833,,139,,30.1667
248,0.8315,,139,,30.2
249,0.8348,,139,,30.1143
250,0.8381,,139,,30.0286
251,0.8414,,139,,29.9429
252,0.8447,,139,,29.8571
253,0.848,,139,,29.7714
254,0.8513,,139,,29.6857
255,0.8546,,139,,29.6
256,0.8578,,138.857,,29.5714
257,0.861,,138.714,,29.5429
258,0.8642,,138.571,,29.5143
259,0.8674,,138.429,,29.4857
260,0.8706,,138.286,,29.4571
261,0.8738,,138.143,,29.4286
262,0.877,,138,,29.4
263,0.8802,,138,,29.2
264,0.88375,,138.167,,29.2
265,0.8873,,138.333,,29.2
266,0.89085,,138.5,,29.2
267,0.8944,,138.667,,29.2
268,0.89795,,138.833,,29.2
269,0.9015,,139,,29.2
270,0.90435,,139,,29.275
271,0.9072,,139,,29.35
272,0.91005,,139,,29.425
273,0.9129,,139,,29.5
274,0.91575,,139,,29.575
275,0.9186,,139,,29.65
276,0.92145,,139,,29.725
277,0.9243,,139,,29.8
278,0.927357,,138.857,,29.8571
279,0.930414,,138.714,,29.9143
280,0.933471,,138.571,,29.9714
281,0.936529,,138.429,,30.0286
282,0.939586,,138.286,,30.0857
283,0.942643,,138.143,,30.1429
284,0.9457,,138,,30.2
285,0.949367,,138,,30.1333
286,0.953033,,138,,30.0667
287,0.9567,,138,,30
288,0.960367,,138,,29.9333
289,0.964033,,138,,29.8667
290,0.9677,,138,,29.8
291,0.97115,,138.167,,29.7333
292,0.9746,,138.333,,29.6667
293,0.97805,,138.5,,29.6
294,0.9815,,138.667,,29.5333
295,0.98495,,138.833,,29.4667
296,0.9884,,139,,29.4
297,0.9919,,139,,29.6
298,0.995283,,139,,29.6667
299,0.998667,,139,,29.7333
300,1.00205,,139,,29.8
301,1.00543,,139,,29.8667
302,1.00882,,139,,29.9333
303,1.0122,,139,,30
304,1.01547,,139,,30.0286
305,1.01874,,139,,30.0571
306,1.02201,,139,,30.0857
307,1.02529,,139,,30.1143
308,1.02856,,139,,30.1429
309,1.03183,,139,,30.1714
310,1.0351,,139,,30.2
311,1.0381,,138.5,,30.3
312,1.0411,,138,,30.4
313,1.04427,,138,,30.3714
314,1.04744,,138,,30.3429
315,1.05061,,138,,30.3143
316,1.05379,,138,,30.2857
317,1.05696,,138,,30.2571
318,1.06013,,138,,30.2286
319,1.0633,,138,,30.2
320,1.06651,,137.857,,30.1714
321,1.06973,,137.714,,30.1429
322,1.07294,,137.571,,30.1143
323,1.07616,,137.429,,30.0857
324,1.07937,,137.286,,30.0571
325,1.08259,,137.143,,30.0286
326,1.0858,,137,,30
327,1.08915,,137.167,,30.0333
328,1.0925,,137.333,,30.0667
329,1.09585,,137.5,,30.1
330,1.0992,,137.667,,30.1333
331,1.10255,,137.833,,30.1667
332,1.1059,,138,,30.2
333,1.10897,,138.143,,30.2286
334,1.11204,,138.286,,30.2571
335,1.11511,,138.429,,30.2857
336,1.11819,,138.571,,30.3143
337,1.12126,,138.714,,30.3429
338,1.12433,,138.857,,30.3714
339,1.1274,,139,,30.4
340,1.13073,,139.143,,30.4286
341,1.13406,,139.286,,30.4571
342,1.13739,,139.429,,30.4857
343,1.14071,,139.571,,30.5143
344,1.14404,,139.714,,30.5429
345,1.14737,,139.857,,30.5714
346,1.1507,,140,,30.6
347,1.15393,,140,,30.5143
348,1.15716,,140,,30.4286
349,1.16039,,140,,30.3429
350,1.16361,,140,,30.2571
351,1.16684,,140,,30.1714
352,1.17007,,140,,30.0857
353,1.1733,,140,,30
354,1.17641,,139.857,,30.0571
355,1.17953,,139.714,,30.1143
356,1.18264,,139.571,,30.1714
357,1.18576,,139.429,,30.2286
358,1.18887,,139.286,,30.2857
359,1.19199,,139.143,,30.3429
360,1.1951,,139,,30.4
361,1.19848,,138.833,,30.3333
362,1.20187,,138.667,,30.2667
363,1.20525,,138.5,,30.2
364,1.20863,,138.333,,30.1333
365,1.21202,,138.167,,30.0667
366,1.2154,,138,,30
367,1.21831,,138.143,,30.0857
368,1.22123,,138.286,,30.1714
369,1.22414,,138.429,,30.2571
370,1.22706,,138.571,,30.3429
371,1.22997,,138.714,,30.4286
372,1.23289,,138.857,,30.5143
373,1.2358,,139,,30.6
374,1.2395,,139,,30.6
375,1.2432,,139,,30.6
376,1.2469,,139,,30.6
377,1.2506,,139,,30.6
378,1.2543,,139,,30.6
379,1.258,,139,,30.6
380,1.26143,,139,,30.5333
381,1.26487,,139,,30.4667
382,1.2683,,139,,30.4
383,1.27173,,139,,30.3333
384,1.27517,,139,,30.2667
385,1.2786,,139,,30.2
386,1.28193,,138.833,,30.2333
387,1.28527,,138.667,,30.2667
388,1.2886,,138.5,,30.3
389,1.29193,,138.333,,30.3333
390,1.29527,,138.167,,30.3667
391,1.2986,,138,,30.4
392,1.30187,,138,,30.4
393,1.30514,,138,,30.4
394,1.30841,,138,,30.4
395,1.31169,,138,,30.4
396,1.31496,,138,,30.4
397,1.31823,,138,,30.4
398,1.3215,,138,,30.4
399,1.32469,,138.143,,30.4
400,1.32787,,138.286,,30.4
401,1.33106,,138.429,,30.4
402,1.33424,,138.571,,30.4
403,1.33743,,138.714,,30.4
404,1.34061,,138.857,,30.4
405,1.3438,,139,,30.4
406,1.34709,,139.143,,30.3714
407,1.35037,,139.286,,30.3429
408,1.35366,,139.429,,30.3143
409,1.35694,,139.571,,30.2857
410,1.36023,,139.714,,30.2571
411,1.36351,,139.857,,30.2286
412,1.3668,,140,,30.2
413,1.3704,,140,,30.1667
414,1.374,,140,,30.1333
415,1.3776,,140,,30.1
416,1.3812,,140,,30.0667
417,1.3848,,140,,30.0333
418,1.3884,,140,,30
419,1.39178,,139.833,,30.0333
420,1.39517,,139.667,,30.0667
421,1.39855,,139.5,,30.1
422,1.40193,,139.333,,30.1333
423,1.40532,,139.167,,30.1667
424,1.4087,,139,,30.2
425,1.41213,,139,,30.1333
426,1.41557,,139,,30.0667
427,1.419,,139,,30
428,1.42243,,139,,29.9333
429,1.42587,,139,,29.8667
430,1.4293,,139,,29.8
431,1.43264,,139,,29.7714
432,1.43599,,139,,29.7429
433,1.43933,,139,,29.7143
434,1.44267,,139,,29.6857
435,1.44601,,139,,29.6571
436,1.44936,,139,,29.6286
437,1.4527,,139,,29.6
438,1.45608,,139,,29.6333
439,1.45947,,139,,29.6667
440,1.46285,,139,,29.7
441,1.46623,,139,,29.7333
442,1.46962,,139,,29.7667
443,1.473,,139,,29.8
444,1.47626,,138.857,,29.7143
445,1.47951,,138.714,,29.6286
446,1.48277,,138.571,,29.5429
447,1.48603,,138.429,,29.4571
448,1.48929,,138.286,,29.3714
449,1.49254,,138.143,,29.2857
450,1.4958,,138,,29.2
451,1.49928,,138,,29.2
452,1.50277,,138,,29.2
453,1.50625,,138,,29.2
454,1.50973,,138,,29.2
455,1.51322,,138,,29.2
456,1.5167,,138,,29.2
457,1.51979,,137.857,,29.1143
458,1.52287,,137.714,,29.0286
459,1.52596,,137.571,,28.9429
460,1.52904,,137.429,,28.8571
461,1.53213,,137.286,,28.7714
462,1.53521,,137.143,,28.6857
463,1.5383,,137,,28.6
464,1.54175,,137,,28.6
465,1.5452,,137,,28.6
466,1.54865,,137,,28.6
467,1.5521,,137,,28.6
468,1.55555,,137,,28.6
469,1.559,,137,,28.6
470,1.56273,,137.167,,28.5667
471,1.56647,,137.333,,28.5333
472,1.5702,,137.5,,28.5
473,1.57393,,137.667,,28.4667
474,1.57767,,137.833,,28.4333
475,1.5814,,138,,28.4
476,1.5848,,138,,28
477,1.58817,,138,,27.8667
478,1.59153,,138,,27.7333
479,1.5949,,138,,27.6
480,1.59827,,138,,27.4667
481,1.60163,,138,,27.3333
482,1.605,,138,,27.2
483,1.60835,,137.833,,27.1667
484,1.6117,,137.667,,27.1333
485,1.61505,,137.5,,27.1
486,1.6184,,137.333,,27.0667
487,1.62175,,137.167,,27.0333
488,1.6251,,137,,27
489,1.62845,,137.167,,26.9333
490,1.6318,,137.333,,26.8667
491,1.63515,,137.5,,26.8
492,1.6385,,137.667,,26.7333
493,1.64185,,137.833,,26.6667
494,1.6452,,138,,26.6
495,1.64858,,138,,26.5667
496,1.65197,,138,,26.5333
497,1.65535,,138,,26.5
498,1.65873,,138,,26.4667
499,1.66212,,138,,26.4333
500,1.6655,,138,,26.4
501,1.66879,,138,,26.3429
502,1.67207,,138,,26.2857
503,1.67536,,138,,26.2286
504,1.67864,,138,,26.1714
505,1.68193,,138,,26.1143
506,1.68521,,138,,26.0571
507,1.6885,,138,,26
508,1.6917,,138,,26
509,1.69504,,138.143,,25.9143
510,1.69839,,138.286,,25.8286
511,1.70173,,138.429,,25.7429
512,1.70507,,138.571,,25.6571
513,1.70841,,138.714,,25.5714
514,1.71176,,138.857,,25.4857
515,1.7151,,139,,25.4
516,1.71858,,139.167,,25.3667
517,1.72207,,139.333,,25.3333
518,1.72555,,139.5,,25.3
519,1.72903,,139.667,,25.2667
520,1.73252,,139.833,,25.2333
521,1.736,,140,,25.2
522,1.73924,,139.857,,25.1714
523,1.74249,,139.714,,25.1429
524,1.74573,,139.571,,25.1143
525,1.74897,,139.429,,25.0857
526,1.75221,,139.286,,25.0571
527,1.75546,,139.143,,25.0286
528,1.7587,,139,,25
529,1.76203,,138.833,,25.0667
530,1.76537,,138.667,,25.1333
531,1.7687,,138.5,,25.2
532,1.77203,,138.333,,25.2667
533,1.77537,,138.167,,25.3333
534,1.7787,,138,,25.4
535,1.78215,,138,,25.3667
536,1.7856,,138,,25.3333
537,1.78905,,138,,25.3
538,1.7925,,138,,25.2667
539,1.79595,,138,,25.2333
540,1.7994,,138,,25.2
541,1.80271,,138,,25.2
542,1.80603,,138,,25.2
543,1.80934,,138,,25.2
544,1.81266,,138,,25.2
545,1.81597,,138,,25.2
546,1.81929,,138,,25.2
547,1.8226,,138,,25.2
548,1.8258,,137.857,,25.1714
549,1.829,,137.714,,25.1429
550,1.8322,,137.571,,25.1143
551,1.8354,,137.429,,25.0857
552,1.8386,,137.286,,25.0571
553,1.8418,,137.143,,25.0286
554,1.845,,137,,25
555,1.84825,,136.75,,24.95
556,1.8515,,136.5,,24.9
557,1.85475,,136.25,,24.85
558,1.858,,136,,24.8
559,1.86121,,136.143,,24.8286
560,1.86443,,136.286,,24.8571
561,1.86764,,136.429,,24.8857
562,1.87086,,136.571,,24.9143
563,1.87407,,136.714,,24.9429
564,1.87729,,136.857,,24.9714
565,1.8805,,137,,25
566,1.88393,,137,,25
567,1.88737,,137,,25
568,1.8908,,137,,25
569,1.89423,,137,,25
570,1.89767,,137,,25
571,1.9011,,137,,25
572,1.90447,,137,,25
573,1.90783,,137,,25
574,1.9112,,137,,25
575,1.91457,,137,,25
576,1.91793,,137,,25
577,1.9213,,137,,25
578,1.92453,,137.143,,24.9714
579,1.92776,,137.286,,24.9429
580,1.93099,,137.429,,24.9143
581,1.93421,,137.571,,24.8857
582,1.93744,,137.714,,24.8571
583,1.94067,,137.857,,24.8286
584,1.9439,,138,,24.8
585,1.94709,,137.857,,24.8
586,1.95027,,137.714,,24.8
587,1.95346,,137.571,,24.8
588,1.95664,,137.429,,24.8
589,1.95983,,137.286,,24.8
590,1.96301,,137.143,,24.8
591,1.9662,,137,,24.8
592,1.96965,,137.167,,24.8667
593,1.9731,,137.333,,24.9333
594,1.97655,,137.5,,25
595,1.98,,137.667,,25.0667
596,1.98345,,137.833,,25.1333
597,1.9869,,138,,25.2
598,1.98985,,138,,25.1
599,1.9928,,138,,25
600,1.99594,,138.143,,24.9714
601,1.99909,,138.286,,24.9429
602,2.00223,,138.429,,24.9143
603,2.00537,,138.571,,24.8857
604,2.00851,,138.714,,24.8571
605,2.01166,,138.857,,24.8286
606,2.0148,,139,,24.8
607,2.01804,,139.143,,24.7714
608,2.02129,,139.286,,24.7429
609,2.02453,,139.429,,24.7143
610,2.02777,,139.571,,24.6857
611,2.03101,,139.714,,24.6571
612,2.03426,,139.857,,24.6286
613,2.0375,,140,,24.6
614,2.04077,,140,,24.6
615,2.04404,,140,,24.6
616,2.04731,,140,,24.6
617,2.05059,,140,,24.6
618,2.05386,,140,,24.6
619,2.05713,,140,,24.6
620,2.0604,,140,,24.6
621,2.06349,,140,,24.6286
622,2.06657,,140,,24.6571
623,2.06966,,140,,24.6857
624,2.07274,,140,,24.7143
625,2.07583,,140,,24.7429
626,2.07891,,140,,24.7714
627,2.082,,140,,24.8
628,2.0855,,140,,24.7667
629,2.089,,140,,24.7333
630,2.0925,,140,,24.7
631,2.096,,140,,24.6667
632,2.0995,,140,,24.6333
633,2.103,,140,,24.6
634,2.10643,,140,,24.6
635,2.10987,,140,,24.6
636,2.1133,,140,,24.6
637,2.11673,,140,,24.6
638,2.12017,,140,,24.6
639,2.1236,,140,,24.6
640,2.12661,,140,,24.6286
641,2.12963,,140,,24.6571
642,2.13264,,140,,24.6857
643,2.13566,,140,,24.7143
644,2.13867,,140,,24.7429
645,2.14169,,140,,24.7714
646,2.1447,,140,,24.8
647,2.14781,,139.857,,24.8
648,2.15093,,139.714,,24.8
649,2.15404,,139.571,,24.8
650,2.15716,,139.429,,24.8
651,2.16027,,139.286,,24.8
652,2.16339,,139.143,,24.8
653,2.1665,,139,,24.8
654,2.16954,,138.857,,24.8571
655,2.17259,,138.714,,24.9143
656,2.17563,,138.571,,24.9714
657,2.17867,,138.429,,25.0286
658,2.18171,,138.286,,25.0857
659,2.18476,,138.143,,25.1429
660,2.1878,,138,,25.2
661,2.19107,,138,,25.2
662,2.19434,,138,,25.2
663,2.19761,,138,,25.2
664,2.20089,,138,,25.2
665,2.20416,,138,,25.2
666,2.20743,,138,,25.2
667,2.2107,,138,,25.2
668,2.21393,,138.143,,25.1714
669,2.21716,,138.286,,25.1429
670,2.22039,,138.429,,25.1143
671,2.22361,,138.571,,25.0857
672,2.22684,,138.714,,25.0571
673,2.23007,,138.857,,25.0286
674,2.2333,,139,,25
675,2.23653,,139,,24.9714
676,2.23976,,139,,24.9429
677,2.24299,,139,,24.9143
678,2.24621,,139,,24.8857
679,2.24944,,139,,24.8571
680,2.25267,,139,,24.8286
681,2.2559,,139,,24.8
682,2.25927,,139,,24.8
683,2.26264,,139,,24.8
684,2.26601,,139,,24.8
685,2.26939,,139,,24.8
686,2.27276,,139,,24.8
687,2.27613,,139,,24.8
688,2.2795,,139,,24.8
689,2.28257,,139,,24.8
690,2.28564,,139,,24.8
691,2.28871,,139,,24.8
692,2.29179,,139,,24.8
693,2.29486,,139,,24.8
694,2.29793,,139,,24.8
695,2.301,,139,,24.8
696,2.30403,,139,,24.7714
697,2.30706,,139,,24.7429
698,2.31009,,139,,24.7143
699,2.31311,,139,,24.6857
700,2.31614,,139,,24.6571
701,2.31917,,139,,24.6286
702,2.3222,,139,,24.6
703,2.32547,,138.857,,24.6
704,2.32874,,138.714,,24.6
705,2.33201,,138.571,,24.6
706,2.33529,,138.429,,24.6
707,2.33856,,138.286,,24.6
708,2.34183,,138.143,,24.6
709,2.3451,,138,,24.6
710,2.34836,,138.143,,24.6857
711,2.35161,,138.286,,24.7714
712,2.35487,,138.429,,24.8571
713,2.35813,,138.571,,24.9429
714,2.36139,,138.714,,25.0286
715,2.36464,,138.857,,25.1143
716,2.3679,,139,,25.2
717,2.37087,,139,,25.1429
718,2.37384,,139,,25.0857
719,2.37681,,139,,25.0286
720,2.37979,,139,,24.9714
721,2.38276,,139,,24.9143
722,2.38573,,139,,24.8571
723,2.3887,,139,,24.8
724,2.39199,,139,,24.8
725,2.39527,,139,,24.8
726,2.39856,,139,,24.8
727,2.40184,,139,,24.8
728,2.40513,,139,,24.8
729,2.40841,,139,,24.8
730,2.4117,,139,,24.8
731,2.41473,,139,,24.8286
732,2.41776,,139,,24.8571
733,2.42079,,139,,24.8857
734,2.42381,,139,,24.9143
735,2.42684,,139,,24.9429
736,2.42987,,139,,24.9714
737,2.4329,,139,,25
738,2.4359,,138.857,,24.9714
739,2.4389,,138.714,,24.9429
740,2.4419,,138.571,,24.9143
741,2.4449,,138.429,,24.8857
742,2.4479,,138.286,,24.8571
743,2.4509,,138.143,,24.8286
744,2.4539,,138,,24.8
745,2.457,,138,,24.7714
746,2.4601,,138,,24.7429
747,2.4632,,138,,24.7143
748,2.4663,,138,,24.6857
749,2.4694,,138,,24.6571
750,2.4725,,138,,24.6286
751,2.4756,,138,,24.6
752,2.47843,,138,,24.65
753,2.48125,,138,,24.7
754,2.48408,,138,,24.75
755,2.4869,,138,,24.8
756,2.48972,,138,,24.85
757,2.49255,,138,,24.9
758,2.49538,,138,,24.95
759,2.4982,,138,,25
760,2.50133,,138.333,,25
761,2.50447,,138.667,,25
762,2.5076,,139,,25
763,2.5111,,139,,24.9667
764,2.5146,,139,,24.9333
765,2.5181,,139,,24.9
766,2.5216,,139,,24.8667
767,2.5251,,139,,24.8333
768,2.5286,,139,,24.8
769,2.53225,,139,,24.8333
770,2.5359,,139,,24.8667
771,2.53955,,139,,24.9
772,2.5432,,139,,24.9333
773,2.54685,,139,,24.9667
774,2.5505,,139,,25
775,2.55384,,139,,25
776,2.55719,,139,,25
777,2.56053,,139,,25
778,2.56387,,139,,25
779,2.56721,,139,,25
780,2.57056,,139,,25
781,2.5739,,139,,25
782,2.57724,,139,,25
783,2.58059,,139,,25
784,2.58393,,139,,25
785,2.58727,,139,,25
786,2.59061,,139,,25
787,2.59396,,139,,25
788,2.5973,,139,,25
789,2.60057,,139,,25.0286
790,2.60384,,139,,25.0571
791,2.60711,,139,,25.0857
792,2.61039,,139,,25.1143
793,2.61366,,139,,25.1429
794,2.61693,,139,,25.1714
795,2.6202,,139,,25.2
796,2.62353,,139,,25.2
797,2.62687,,139,,25.2
798,2.6302,,139,,25.2
799,2.63353,,139,,25.2
800,2.63687,,139,,25.2
801,2.6402,,139,,25.2
802,2.64321,,138.714,,25.2286
803,2.64623,,138.429,,25.2571
804,2.64924,,138.143,,25.2857
805,2.65226,,137.857,,25.3143
806,2.65527,,137.571,,25.3429
807,2.65829,,137.286,,25.3714
808,2.6613,,137,,25.4
809,2.66457,,137,,25.4
810,2.66784,,137,,25.4
811,2.67111,,137,,25.4
812,2.67439,,137,,25.4
813,2.67766,,137,,25.4
814,2.68093,,137,,25.4
815,2.6842,,137,,25.4
816,2.68728,,137.167,,25.5
817,2.69037,,137.333,,25.6
818,2.69345,,137.5,,25.7
819,2.69653,,137.667,,25.8
820,2.69962,,137.833,,25.9
821,2.7027,,138,,26
822,2.70593,,138,,25.9143
823,2.70916,,138,,25.8286
824,2.71239,,138,,25.7429
825,2.71561,,138,,25.6571
826,2.71884,,138,,25.5714
827,2.72207,,138,,25.4857
828,2.7253,,138,,25.4
829,2.72841,,138.143,,25.4571
830,2.73153,,138.286,,25.5143
831,2.73464,,138.429,,25.5714
832,2.73776,,138.571,,25.6286
833,2.74087,,138.714,,25.6857
834,2.74399,,138.857,,25.7429
835,2.7471,,139,,25.8
836,2.75031,,139,,25.7143
837,2.75353,,139,,25.6286
838,2.75674,,139,,25.5429
839,2.75996,,139,,25.4571
840,2.76317,,139,,25.3714
841,2.76639,,139,,25.2857
842,2.7696,,139,,25.2
843,2.77263,,139,,25.2
844,2.77566,,139,,25.2
845,2.77869,,139,,25.2
846,2.78171,,139,,25.2
847,2.78474,,139,,25.2
848,2.78777,,139,,25.2
849,2.7908,,139,,25.2
850,2.79394,,139,,25.2
851,2.79709,,139,,25.2
852,2.80023,,139,,25.2
853,2.80337,,139,,25.2
854,2.80651,,139,,25.2
855,2.80966,,139,,25.2
856,2.8128,,139,,25.2
857,2.81597,,139,,25.1714
858,2.81914,,139,,25.1429
859,2.82231,,139,,25.1143
860,2.82549,,139,,25.0857
861,2.82866,,139,,25.0571
862,2.83183,,139,,25.0286
863,2.835,,139,,25
864,2.83793,,139,,25.0286
865,2.84086,,139,,25.0571
866,2.84379,,139,,25.0857
867,2.84671,,139,,25.1143
868,2.84964,,139,,25.1429
869,2.85257,,139,,25.1714
870,2.8555,,139,,25.2
871,2.8584,,139.143,,25.1714
872,2.8613,,139.286,,25.1429
873,2.8642,,139.429,,25.1143
874,2.8671,,139.571,,25.0857
875,2.87,,139.714,,25.0571
876,2.8729,,139.857,,25.0286
877,2.8758,,140,,25
878,2.87849,,139.875,,25
879,2.88117,,139.75,,25
880,2.88386,,139.625,,25
881,2.88655,,139.5,,25
882,2.88924,,139.375,,25
883,2.89193,,139.25,,25
884,2.89461,,139.125,,25
885,2.8973,,139,,25
886,2.90061,,139.143,,25.0286
887,2.90393,,139.286,,25.0571
888,2.90724,,139.429,,25.0857
889,2.91056,,139.571,,25.1143
890,2.91387,,139.714,,25.1429
891,2.91719,,139.857,,25.1714
892,2.9205,,140,,25.2
893,2.92433,,140,,25.3
894,2.92817,,140,,25.4
895,2.932,,140,,25.5
896,2.93583,,140,,25.6
897,2.93967,,140,,25.7
898,2.9435,,140,,25.8
899,2.94677,,140,,25.8
900,2.95004,,140,,25.8
901,2.95331,,140,,25.8
902,2.95659,,140,,25.8
903,2.95986,,140,,25.8
904,2.96313,,140,,25.8
905,2.9664,,140,,25.8
906,2.9697,,139.857,,25.8
907,2.973,,139.714,,25.8
908,2.9763,,139.571,,25.8
909,2.9796,,139.429,,25.8
910,2.9829,,139.286,,25.8
911,2.9862,,139.143,,25.8
912,2.9895,,139,,25.8
913,2.9934,,139,,25.8
914,2.99656,,139,,25.8857
915,2.99971,,139,,25.9714
916,3.00287,,139,,26.0571
917,3.00603,,139,,26.1429
918,3.00919,,139,,26.2286
919,3.01234,,139,,26.3143
920,3.0155,,139,,26.4
921,3.01836,,139,,26.4857
922,3.02121,,139,,26.5714
923,3.02407,,139,,26.6571
924,3.02693,,139,,26.7429
925,3.02979,,139,,26.8286
926,3.03264,,139,,26.9143
927,3.0355,,139,,27
928,3.03777,,139.333,,27.1333
929,3.04003,,139.667,,27.2667
930,3.0423,,140,,27.4
931,3.04509,,139.875,,27.4
932,3.04787,,139.75,,27.4
933,3.05066,,139.625,,27.4
934,3.05345,,139.5,,27.4
935,3.05624,,139.375,,27.4
936,3.05903,,139.25,,27.4
937,3.06181,,139.125,,27.4
938,3.0646,,139,,27.4
939,3.06763,,139,,27.3429
940,3.07066,,139,,27.2857
941,3.07369,,139,,27.2286
942,3.07671,,139,,27.1714
943,3.07974,,139,,27.1143
944,3.08277,,139,,27.0571
945,3.0858,,139,,27
946,3.08865,,139,,26.9
947,3.0915,,139,,26.8
948,3.09435,,139,,26.7
949,3.0972,,139,,26.6
950,3.10007,,138.857,,26.6286
951,3.10294,,138.714,,26.6571
952,3.10581,,138.571,,26.6857
953,3.10869,,138.429,,26.7143
954,3.11156,,138.286,,26.7429
955,3.11443,,138.143,,26.7714
956,3.1173,,138,,26.8
957,3.12046,,138,,26.7714
958,3.12361,,138,,26.7429
959,3.12677,,138,,26.7143
960,3.12993,,138,,26.6857
961,3.13309,,138,,26.6571
962,3.13624,,138,,26.6286
963,3.1394,,138,,26.6
964,3.14277,,138.167,,26.5667
965,3.14613,,138.333,,26.5333
966,3.1495,,138.5,,26.5
967,3.15287,,138.667,,26.4667
968,3.15623,,138.833,,26.4333
969,3.1596,,139,,26.4
970,3.16277,,139.143,,26.4857
971,3.16594,,139.286,,26.5714
972,3.16911,,139.429,,26.6571
973,3.17229,,139.571,,26.7429
974,3.17546,,139.714,,26.8286
975,3.17863,,139.857,,26.9143
976,3.1818,,140,,27
977,3.18523,,140.167,,27
978,3.18867,,140.333,,27
979,3.1921,,140.5,,27
980,3.19553,,140.667,,27
981,3.19897,,140.833,,27
982,3.2024,,141,,27
983,3.20588,,141,,26.9667
984,3.20937,,141,,26.9333
985,3.21285,,141,,26.9
986,3.21633,,141,,26.8667
987,3.21982,,141,,26.8333
988,3.2233,,141,,26.8
989,3.22672,,140.833,,26.8333
990,3.23013,,140.667,,26.8667
991,3.23355,,140.5,,26.9
992,3.23697,,140.333,,26.9333
993,3.24038,,140.167,,26.9667
994,3.2438,,140,,27
995,3.24683,,139.857,,27
996,3.24986,,139.714,,27
997,3.25289,,139.571,,27
998,3.25591,,139.429,,27
999,3.25894,,139.286,,27
1000,3.26197,,139.143,,27
1001,3.265,,139,,27
1002,3.26831,,138.857,,26.9714
1003,3.27163,,138.714,,26.9429
1004,3.27494,,138.571,,26.9143
1005,3.27826,,138.429,,26.8857
1006,3.28157,,138.286,,26.8571
1007,3.28489,,138.143,,26.8286
1008,3.2882,,138,,26.8
1009,3.29144,,138.143,,26.7714
1010,3.29469,,138.286,,26.7429
1011,3.29793,,138.429,,26.7143
1012,3.30117,,138.571,,26.6857
1013,3.30441,,138.714,,26.6571
1014,3.30766,,138.857,,26.6286
1015,3.3109,,139,,26.6
1016,3.3143,,139.167,,26.6333
1017,3.3177,,139.333,,26.6667
1018,3.3211,,139.5,,26.7
1019,3.3245,,139.667,,26.7333
1020,3.3279,,139.833,,26.7667
1021,3.3313,,140,,26.8
1022,3.33456,,140,,26.8
1023,3.33781,,140,,26.8
1024,3.34107,,140,,26.8
1025,3.34433,,140,,26.8
1026,3.34759,,140,,26.8
1027,3.35084,,140,,26.8
1028,3.3541,,140,,26.8
1029,3.3573,,139.833,,26.8333
1030,3.3605,,139.667,,26.8667
1031,3.3637,,139.5,,26.9
1032,3.3669,,139.333,,26.9333
1033,3.3701,,139.167,,26.9667
1034,3.3733,,139,,27
1035,3.37657,,138.857,,26.9429
1036,3.37984,,138.714,,26.8857
1037,3.38311,,138.571,,26.8286
1038,3.38639,,138.429,,26.7714
1039,3.38966,,138.286,,26.7143
1040,3.39293,,138.143,,26.6571
1041,3.3962,,138,,26.6
1042,3.39934,,138.143,,26.6286
1043,3.40249,,138.286,,26.6571
1044,3.40563,,138.429,,26.6857
1045,3.40877,,138.571,,26.7143
1046,3.41191,,138.714,,26.7429
1047,3.41506,,138.857,,26.7714
1048,3.4182,,139,,26.8
1049,3.42144,,138.857,,26.7714
1050,3.42469,,138.714,,26.7429
1051,3.42793,,138.571,,26.7143
1052,3.43117,,138.429,,26.6857
1053,3.43441,,138.286,,26.6571
1054,3.43766,,138.143,,26.6286
1055,3.4409,,138,,26.6
1056,3.4439,,138,,26.6286
1057,3.4469,,138,,26.6571
1058,3.4499,,138,,26.6857
1059,3.4529,,138,,26.7143
1060,3.4559,,138,,26.7429
1061,3.4589,,138,,26.7714
1062,3.4619,,138,,26.8
1063,3.46513,,138.143,,26.8286
1064,3.46836,,138.286,,26.8571
1065,3.47159,,138.429,,26.8857
1066,3.47481,,138.571,,26.9143
1067,3.47804,,138.714,,26.9429
1068,3.48127,,138.857,,26.9714
1069,3.4845,,139,,27
1070,3.48773,,139.143,,26.9714
1071,3.49096,,139.286,,26.9429
1072,3.49419,,139.429,,26.9143
1073,3.49741,,139.571,,26.8857
1074,3.50064,,139.714,,26.8571
1075,3.50387,,139.857,,26.8286
1076,3.5071,,140,,26.8
1077,3.51027,,139.857,,26.8286
1078,3.51344,,139.714,,26.8571
1079,3.51661,,139.571,,26.8857
1080,3.51979,,139.429,,26.9143
1081,3.52296,,139.286,,26.9429
1082,3.52613,,139.143,,26.9714
1083,3.5293,,139,,27
1084,3.53244,,139,,27
1085,3.53559,,139,,27
1086,3.53873,,139,,27
1087,3.54187,,139,,27
1088,3.54501,,139,,27
1089,3.54816,,139,,27
1090,3.5513,,139,,27
1091,3.55453,,138.857,,27
1092,3.55776,,138.714,,27
1093,3.56099,,138.571,,27
1094,3.56421,,138.429,,27
1095,3.56744,,138.286,,27
1096,3.57067,,138.143,,27
1097,3.5739,,138,,27
1098,3.57709,,138,,26.9714
1099,3.58027,,138,,26.9429
1100,3.58346,,138,,26.9143
1101,3.58664,,138,,26.8857
1102,3.58983,,138,,26.8571
1103,3.59301,,138,,26.8286
1104,3.5962,,138,,26.8
1105,3.59923,,138,,26.8667
1106,3.60227,,138,,26.9333
1107,3.6053,,138,,27
1108,3.60846,,138,,27
1109,3.61161,,138,,27
1110,3.61477,,138,,27
1111,3.61793,,138,,27
1112,3.62109,,138,,27
1113,3.62424,,138,,27
1114,3.6274,,138,,27
1115,3.63047,,138,,27.0286
1116,3.63354,,138,,27.0571
1117,3.63661,,138,,27.0857
1118,3.63969,,138,,27.1143
1119,3.64276,,138,,27.1429
1120,3.64583,,138,,27.1714
1121,3.6489,,138,,27.2
1122,3.65225,,138,,27.2
1123,3.6556,,138,,27.2
1124,3.65895,,138,,27.2
1125,3.6623,,138,,27.2
1126,3.66565,,138,,27.2
1127,3.669,,138,,27.2
1128,3.67242,,138.167,,27.2
1129,3.67583,,138.333,,27.2
1130,3.67925,,138.5,,27.2
1131,3.68267,,138.667,,27.2
1132,3.68608,,138.833,,27.2
1133,3.6895,,139,,27.2
1134,3.69281,,139,,27.2286
1135,3.69613,,139,,27.2571
1136,3.69944,,139,,27.2857
1137,3.70276,,139,,27.3143
1138,3.70607,,139,,27.3429
1139,3.70939,,139,,27.3714
1140,3.7127,,139,,27.4
1141,3.71612,,139.167,,27.3333
1142,3.71953,,139.333,,27.2667
1143,3.72295,,139.5,,27.2
1144,3.72637,,139.667,,27.1333
1145,3.72978,,139.833,,27.0667
1146,3.7332,,140,,27
1147,3.73644,,140,,27.0286
1148,3.73969,,140,,27.0571
1149,3.74293,,140,,27.0857
1150,3.74617,,140,,27.1143
1151,3.74941,,140,,27.1429
1152,3.75266,,140,,27.1714
1153,3.7559,,140,,27.2
1154,3.75903,,140,,27.2
1155,3.76216,,140,,27.2
1156,3.76529,,140,,27.2
1157,3.76841,,140,,27.2
1158,3.77154,,140,,27.2
1159,3.77467,,140,,27.2
1160,3.7778,,140,,27.2
1161,3.78094,,140,,27.1429
1162,3.78409,,140,,27.0857
1163,3.78723,,140,,27.0286
1164,3.79037,,140,,26.9714
1165,3.79351,,140,,26.9143
1166,3.79666,,140,,26.8571
1167,3.7998,,140,,26.8
1168,3.80318,,139.833,,26.8
1169,3.80657,,139.667,,26.8
1170,3.80995,,139.5,,26.8
1171,3.81333,,139.333,,26.8
1172,3.81672,,139.167,,26.8
1173,3.8201,,139,,26.8
1174,3.8234,,139,,26.8286
1175,3.8267,,139,,26.8571
1176,3.83,,139,,26.8857
1177,3.8333,,139,,26.9143
1178,3.8366,,139,,26.9429
1179,3.8399,,139,,26.9714
1180,3.8432,,139,,27
1181,3.84657,,139,,27.0333
1182,3.84993,,139,,27.0667
1183,3.8533,,139,,27.1
1184,3.85667,,139,,27.1333
1185,3.86003,,139,,27.1667
1186,3.8634,,139,,27.2
1187,3.86649,,138.857,,27.2
1188,3.86957,,138.714,,27.2
1189,3.87266,,138.571,,27.2
1190,3.87574,,138.429,,27.2
1191,3.87883,,138.286,,27.2
1192,3.88191,,138.143,,27.2
1193,3.885,,138,,27.2
1194,3.88747,,138,,27.2
1195,3.88993,,138,,27.2
1196,3.8924,,138,,27.2
1197,3.89487,,138,,27.2
1198,3.89733,,138,,27.2
1199,3.8998,,138,,27.2
1200,3.90227,,138,,27.2
1201,3.90473,,138,,27.2
1202,3.9072,,138,,27.2
1203,3.91072,,138.167,,27.2
1204,3.91423,,138.333,,27.2
1205,3.91775,,138.5,,27.2
1206,3.92127,,138.667,,27.2
1207,3.92478,,138.833,,27.2
1208,3.9283,,139,,27.2
1209,3.93238,,139.2,,27.2
1210,3.93646,,139.4,,27.2
1211,3.94054,,139.6,,27.2
1212,3.94462,,139.8,,27.2
1213,3.9487,,140,,27.2
1214,3.95197,,140,,27.2
1215,3.95524,,140,,27.2
1216,3.95851,,140,,27.2
1217,3.96179,,140,,27.2
1218,3.96506,,140,,27.2
1219,3.96833,,140,,27.2
1220,3.9716,,140,,27.2
1221,3.97475,,140,,27.2333
1222,3.9779,,140,,27.2667
1223,3.98105,,140,,27.3
1224,3.9842,,140,,27.3333
1225,3.98735,,140,,27.3667
1226,3.9905,,140,,27.4
1227,3.99343,,139.857,,27.4
1228,3.99636,,139.714,,27.4
1229,3.99929,,139.571,,27.4
1230,4.00221,,139.429,,27.4
1231,4.00514,,139.286,,27.4
1232,4.00807,,139.143,,27.4
1233,4.011,,139,,27.4
1234,4.014,,139,,27.4
1235,4.017,,139,,27.4
1236,4.02,,139,,27.4
1237,4.023,,139,,27.4
1238,4.026,,139,,27.4
1239,4.029,,139,,27.4
1240,4.032,,139,,27.4
1241,4.0353,,139,,27.4
1242,4.0386,,139,,27.4
1243,4.0419,,139,,27.4
1244,4.0452,,139,,27.4
1245,4.0485,,139,,27.4
1246,4.0518,,139,,27.4
1247,4.0551,,139,,27.4
1248,4.05836,,138.857,,27.4286
1249,4.06161,,138.714,,27.4571
1250,4.06487,,138.571,,27.4857
1251,4.06813,,138.429,,27.5143
1252,4.07139,,138.286,,27.5429
1253,4.07464,,138.143,,27.5714
1254,4.0779,,138,,27.6
1255,4.08114,,138.143,,27.5429
1256,4.08439,,138.286,,27.4857
1257,4.08763,,138.429,,27.4286
1258,4.09087,,138.571,,27.3714
1259,4.09411,,138.714,,27.3143
1260,4.09736,,138.857,,27.2571
1261,4.1006,,139,,27.2
1262,4.1038,,139.143,,27.2286
1263,4.107,,139.286,,27.2571
1264,4.1102,,139.429,,27.2857
1265,4.1134,,139.571,,27.3143
1266,4.1166,,139.714,,27.3429
1267,4.1198,,139.857,,27.3714
1268,4.123,,140,,27.4
1269,4.12616,,140,,27.4
1270,4.12931,,140,,27.4
1271,4.13247,,140,,27.4
1272,4.13563,,140,,27.4
1273,4.13879,,140,,27.4
1274,4.14194,,140,,27.4
1275,4.1451,,140,,27.4
1276,4.14839,,139.857,,27.4286
1277,4.15167,,139.714,,27.4571
1278,4.15496,,139.571,,27.4857
1279,4.15824,,139.429,,27.5143
1280,4.16153,,139.286,,27.5429
1281,4.16481,,139.143,,27.5714
1282,4.1681,,139,,27.6
1283,4.1715,,139,,27.5667
1284,4.1749,,139,,27.5333
1285,4.1783,,139,,27.5
1286,4.1817,,139,,27.4667
1287,4.1851,,139,,27.4333
1288,4.1885,,139,,27.4
1289,4.19161,,139,,27.4286
1290,4.19473,,139,,27.4571
1291,4.19784,,139,,27.4857
1292,4.20096,,139,,27.5143
1293,4.20407,,139,,27.5429
1294,4.20719,,139,,27.5714
1295,4.2103,,139,,27.6
1296,4.2134,,139.143,,27.6286
1297,4.2165,,139.286,,27.6571
1298,4.2196,,139.429,,27.6857
1299,4.2227,,139.571,,27.7143
1300,4.2258,,139.714,,27.7429
1301,4.2289,,139.857,,27.7714
1302,4.232,,140,,27.8
1303,4.23494,,139.857,,27.7714
1304,4.23789,,139.714,,27.7429
1305,4.24083,,139.571,,27.7143
1306,4.24377,,139.429,,27.6857
1307,4.24671,,139.286,,27.6571
1308,4.24966,,139.143,,27.6286
1309,4.2526,,139,,27.6
1310,4.25595,,139,,27.6333
1311,4.2593,,139,,27.6667
1312,4.26265,,139,,27.7
1313,4.266,,139,,27.7333
1314,4.26935,,139,,27.7667
1315,4.2727,,139,,27.8
1316,4.27575,,139.5,,27.9
1317,4.2788,,140,,28
1318,4.28197,,140,,28
1319,4.28514,,140,,28
1320,4.28831,,140,,28
1321,4.29149,,140,,28
1322,4.29466,,140,,28
1323,4.29783,,140,,28
1324,4.301,,140,,28
1325,4.30426,,140,,28
1326,4.30751,,140,,28
1327,4.31077,,140,,28
1328,4.31403,,140,,28
1329,4.31729,,140,,28
1330,4.32054,,140,,28
1331,4.3238,,140,,28
1332,4.32691,,140,,28.0571
1333,4.33003,,140,,28.1143
1334,4.33314,,140,,28.1714
1335,4.33626,,140,,28.2286
1336,4.33937,,140,,28.2857
1337,4.34249,,140,,28.3429
1338,4.3456,,140,,28.4
1339,4.34881,,140.143,,28.4286
1340,4.35203,,140.286,,28.4571
1341,4.35524,,140.429,,28.4857
1342,4.35846,,140.571,,28.5143
1343,4.36167,,140.714,,28.5429
1344,4.36489,,140.857,,28.5714
1345,4.3681,,141,,28.6
1346,4.37145,,141.167,,28.6333
1347,4.3748,,141.333,,28.6667
1348,4.37815,,141.5,,28.7
1349,4.3815,,141.667,,28.7333
1350,4.38485,,141.833,,28.7667
1351,4.3882,,142,,28.8
1352,4.39137,,142,,28.8333
1353,4.39453,,142,,28.8667
1354,4.3977,,142,,28.9
1355,4.40087,,142,,28.9333
1356,4.40403,,142,,28.9667
1357,4.4072,,142,,29
1358,4.4104,,142,,29.0571
1359,4.4136,,142,,29.1143
1360,4.4168,,142,,29.1714
1361,4.42,,142,,29.2286
1362,4.4232,,142,,29.2857
1363,4.4264,,142,,29.3429
1364,4.4296,,142,,29.4
1365,4.43281,,142,,29.4571
1366,4.43603,,142,,29.5143
1367,4.43924,,142,,29.5714
1368,4.44246,,142,,29.6286
1369,4.44567,,142,,29.6857
1370,4.44889,,142,,29.7429
1371,4.4521,,142,,29.8
1372,4.45536,,142.2,,29.84
1373,4.45862,,142.4,,29.88
1374,4.46188,,142.6,,29.92
1375,4.46514,,142.8,,29.96
1376,4.4684,,143,,30
1377,4.47154,,142.857,,30.0571
1378,4.47469,,142.714,,30.1143
1379,4.47783,,142.571,,30.1714
1380,4.48097,,142.429,,30.2286
1381,4.48411,,142.286,,30.2857
1382,4.48726,,142.143,,30.3429
1383,4.4904,,142,,30.4
1384,4.4933,,142.143,,30.4571
1385,4.4962,,142.286,,30.5143
1386,4.4991,,142.429,,30.5714
1387,4.502,,142.571,,30.6286
1388,4.5049,,142.714,,30.6857
1389,4.5078,,142.857,,30.7429
1390,4.5107,,143,,30.8
1391,4.5136,,143,,30.8667
1392,4.5165,,143,,30.9333
1393,4.5194,,143,,31
1394,4.5228,,142.833,,31.0667
1395,4.5262,,142.667,,31.1333
1396,4.5296,,142.5,,31.2
1397,4.533,,142.333,,31.2667
1398,4.5364,,142.167,,31.3333
1399,4.5398,,142,,31.4
1400,4.54294,,142.143,,31.4857
1401,4.54609,,142.286,,31.5714
1402,4.54923,,142.429,,31.6571
1403,4.55237,,142.571,,31.7429
1404,4.55551,,142.714,,31.8286
1405,4.55866,,142.857,,31.9143
1406,4.5618,,143,,32
1407,4.56465,,142.875,,32.05
1408,4.5675,,142.75,,32.1
1409,4.57035,,142.625,,32.15
1410,4.5732,,142.5,,32.2
1411,4.57605,,142.375,,32.25
1412,4.5789,,142.25,,32.3
1413,4.58175,,142.125,,32.35
1414,4.5846,,142,,32.4
1415,4.58763,,142.143,,32.4286
1416,4.59066,,142.286,,32.4571
1417,4.59369,,142.429,,32.4857
1418,4.59671,,142.571,,32.5143
1419,4.59974,,142.714,,32.5429
1420,4.60277,,142.857,,32.5714
1421,4.6058,,143,,32.6
1422,4.60884,,143,,32.6286
1423,4.61189,,143,,32.6571
1424,4.61493,,143,,32.6857
1425,4.61797,,143,,32.7143
1426,4.62101,,143,,32.7429
1427,4.62406,,143,,32.7714
1428,4.6271,,143,,32.8
1429,4.63047,,143,,32.8
1430,4.63383,,143,,32.8
1431,4.6372,,143,,32.8
1432,4.64057,,143,,32.8
1433,4.64393,,143,,32.8
1434,4.6473,,143,,32.8
1435,4.65049,,142.857,,32.8286
1436,4.65367,,142.714,,32.8571
1437,4.65686,,142.571,,32.8857
1438,4.66004,,142.429,,32.9143
1439,4.66323,,142.286,,32.9429
1440,4.66641,,142.143,,32.9714
1441,4.6696,,142,,33
1442,4.673,,142,,33
1443,4.6764,,142,,33
1444,4.6798,,142,,33
1445,4.6832,,142,,33
1446,4.6866,,142,,33
1447,4.69,,142,,33
1448,4.6932,,142,,33
1449,4.6964,,142,,33
1450,4.69936,,142,,33
1451,4.70233,,142,,33
1452,4.70529,,142,,33
1453,4.70825,,142,,33
1454,4.71121,,142,,33
1455,4.71418,,142,,33
1456,4.71714,,142,,33
1457,4.7201,,142,,33
1458,4.72333,,141.857,,33.0286
1459,4.72656,,141.714,,33.0571
1460,4.72979,,141.571,,33.0857
1461,4.73301,,141.429,,33.1143
1462,4.73624,,141.286,,33.1429
1463,4.73947,,141.143,,33.1714
1464,4.7427,,141,,33.2
1465,4.74566,,141,,33.1714
1466,4.74861,,141,,33.1429
1467,4.75157,,141,,33.1143
1468,4.75453,,141,,33.0857
1469,4.75749,,141,,33.0571
1470,4.76044,,141,,33.0286
1471,4.7634,,141,,33
1472,4.7668,,141,,33.0667
1473,4.7702,,141,,33.1333
1474,4.7736,,141,,33.2
1475,4.777,,141,,33.2667
1476,4.7804,,141,,33.3333
1477,4.7838,,141,,33.4
1478,4.78735,,141.167,,33.4
1479,4.7909,,141.333,,33.4
1480,4.79445,,141.5,,33.4
1481,4.798,,141.667,,33.4
1482,4.80155,,141.833,,33.4
1483,4.8051,,142,,33.4
1484,4.80807,,142,,33.4
1485,4.81104,,142,,33.4
1486,4.81401,,142,,33.4
1487,4.81699,,142,,33.4
1488,4.81996,,142,,33.4
1489,4.82293,,142,,33.4
1490,4.8259,,142,,33.4
1491,4.8295,,142,,33.4
1492,4.8331,,142,,33.4
1493,4.8367,,142,,33.4
1494,4.8403,,142,,33.4
1495,4.8439,,142,,33.4
1496,4.8475,,142,,33.4
1497,4.851,,142,,33.4
1498,4.8545,,142,,33.4
1499,4.858,,142,,33.4
1500,4.8615,,142,,33.4
1501,4.865,,142,,33.4
1502,4.8685,,142,,33.4
1503,4.872,,142,,33.4
1504,4.87501,,142,,33.4
1505,4.87803,,142,,33.4
1506,4.88104,,142,,33.4
1507,4.88406,,142,,33.4
1508,4.88707,,142,,33.4
1509,4.89009,,142,,33.4
1510,4.8931,,142,,33.4
1511,4.89615,,142,,33.4
1512,4.8992,,142,,33.4
1513,4.90225,,142,,33.4
1514,4.9053,,142,,33.4
1515,4.90841,,141.714,,33.4
1516,4.91153,,141.429,,33.4
1517,4.91464,,141.143,,33.4
1518,4.91776,,140.857,,33.4
1519,4.92087,,140.571,,33.4
1520,4.92399,,140.286,,33.4
1521,4.9271,,140,,33.4
1522,4.92986,,139.75,,33.4
1523,4.93263,,139.5,,33.4
1524,4.93539,,139.25,,33.4
1525,4.93815,,139,,33.4
1526,4.94091,,138.75,,33.4
1527,4.94367,,138.5,,33.4
1528,4.94644,,138.25,,33.4
1529,4.9492,,138,,33.4
1530,4.9522,,138.143,,33.3429
1531,4.9552,,138.286,,33.2857
1532,4.9582,,138.429,,33.2286
1533,4.9612,,138.571,,33.1714
1534,4.9642,,138.714,,33.1143
1535,4.9672,,138.857,,33.0571
1536,4.9702,,139,,33
1537,4.97363,,139.333,,33
1538,4.97707,,139.667,,33
1539,4.9805,,140,,33
1540,4.98393,,140.333,,33
1541,4.98737,,140.667,,33
1542,4.9908,,141,,33
1543,4.99417,,141.167,,33.0333
1544,4.99753,,141.333,,33.0667
1545,5.0009,,141.5,,33.1
1546,5.00427,,141.667,,33.1333
1547,5.00763,,141.833,,33.1667
1548,5.011,,142,,33.2
1549,5.01391,,141.857,,33.2857
1550,5.01683,,141.714,,33.3714
1551,5.01974,,141.571,,33.4571
1552,5.02266,,141.429,,33.5429
1553,5.02557,,141.286,,33.6286
1554,5.02849,,141.143,,33.7143
1555,5.0314,,141,,33.8
1556,5.0343,,141.143,,33.7429
1557,5.0372,,141.286,,33.6857
1558,5.0401,,141.429,,33.6286
1559,5.043,,141.571,,33.5714
1560,5.0459,,141.714,,33.5143
1561,5.0488,,141.857,,33.4571
1562,5.0517,,142,,33.4
1563,5.05474,,141.857,,33.3714
1564,5.05779,,141.714,,33.3429
1565,5.06083,,141.571,,33.3143
1566,5.06387,,141.429,,33.2857
1567,5.06691,,141.286,,33.2571
1568,5.06996,,141.143,,33.2286
1569,5.073,,141,,33.2
1570,5.07634,,140.857,,33.2286
1571,5.07969,,140.714,,33.2571
1572,5.08303,,140.571,,33.2857
1573,5.08637,,140.429,,33.3143
1574,5.08971,,140.286,,33.3429
1575,5.09306,,140.143,,33.3714
1576,5.0964,,140,,33.4
1577,5.09963,,140,,33.4
1578,5.10286,,140,,33.4
1579,5.10609,,140,,33.4
1580,5.10931,,140,,33.4
1581,5.11254,,140,,33.4
1582,5.11577,,140,,33.4
1583,5.119,,140,,33.4
1584,5.12214,,140,,33.4
1585,5.12529,,140,,33.4
1586,5.12843,,140,,33.4
1587,5.13157,,140,,33.4
1588,5.13471,,140,,33.4
1589,5.13786,,140,,33.4
1590,5.141,,140,,33.4
1591,5.14419,,140,,33.4
1592,5.14737,,140,,33.4
1593,5.15056,,140,,33.4
1594,5.15374,,140,,33.4
1595,5.15693,,140,,33.4
1596,5.16011,,140,,33.4
1597,5.1633,,140,,33.4
1598,5.16644,,140.143,,33.3714
1599,5.16959,,140.286,,33.3429
1600,5.17273,,140.429,,33.3143
1601,5.17587,,140.571,,33.2857
1602,5.17901,,140.714,,33.2571
1603,5.18216,,140.857,,33.2286
1604,5.1853,,141,,33.2
1605,5.18799,,141,,33.15
1606,5.19068,,141,,33.1
1607,5.19336,,141,,33.05
1608,5.19605,,141,,33
1609,5.19874,,141,,32.95
1610,5.20143,,141,,32.9
1611,5.20411,,141,,32.85
1612,5.2068,,141,,32.8
1613,5.21013,,141.167,,32.8333
1614,5.21347,,141.333,,32.8667
1615,5.2168,,141.5,,32.9
1616,5.22013,,141.667,,32.9333
1617,5.22347,,141.833,,32.9667
1618,5.2268,,142,,33
1619,5.22983,,142,,33.1
1620,5.23285,,142,,33.2
1621,5.23588,,142,,33.3
1622,5.2389,,142,,33.4
1623,5.24263,,142,,33.4
1624,5.24637,,142,,33.4
1625,5.2501,,142,,33.4
1626,5.25383,,142,,33.4
1627,5.25757,,142,,33.4
1628,5.2613,,142,,33.4
1629,5.26487,,142,,33.4333
1630,5.26843,,142,,33.4667
1631,5.272,,142,,33.5
1632,5.27557,,142,,33.5333
1633,5.27913,,142,,33.5667
1634,5.2827,,142,,33.6
1635,5.28612,,142,,33.5333
1636,5.28953,,142,,33.4667
1637,5.29295,,142,,33.4
1638,5.29637,,142,,33.3333
1639,5.29978,,142,,33.2667
1640,5.3032,,142,,33.2
1641,5.3069,,141.833,,33.1667
1642,5.3106,,141.667,,33.1333
1643,5.3143,,141.5,,33.1
1644,5.318,,141.333,,33.0667
1645,5.3217,,141.167,,33.0333
1646,5.3254,,141,,33
1647,5.32837,,141.143,,32.9714
1648,5.33134,,141.286,,32.9429
1649,5.33431,,141.429,,32.9143
1650,5.33729,,141.571,,32.8857
1651,5.34026,,141.714,,32.8571
1652,5.34323,,141.857,,32.8286
1653,5.3462,,142,,32.8
1654,5.3496,,142,,32.8571
1655,5.353,,142,,32.9143
1656,5.3564,,142,,32.9714
1657,5.3598,,142,,33.0286
1658,5.3632,,142,,33.0857
1659,5.3666,,142,,33.1429
1660,5.37,,142,,33.2
1661,5.37296,,141.857,,33.2
1662,5.37591,,141.714,,33.2
1663,5.37887,,141.571,,33.2
1664,5.38183,,141.429,,33.2
1665,5.38479,,141.286,,33.2
1666,5.38774,,141.143,,33.2
1667,5.3907,,141,,33.2
1668,5.39355,,141,,33.25
1669,5.3964,,141,,33.3
1670,5.39925,,141,,33.35
1671,5.4021,,141,,33.4
1672,5.40543,,141,,33.4
1673,5.40877,,141,,33.4
1674,5.4121,,141,,33.4
1675,5.41543,,141,,33.4
1676,5.41877,,141,,33.4
1677,5.4221,,141,,33.4
1678,5.4252,,141,,33.4
1679,5.4283,,141,,33.4
1680,5.4314,,141,,33.4
1681,5.4345,,141,,33.4
1682,5.4376,,141,,33.4
1683,5.4407,,141,,33.4
1684,5.4438,,141,,33.4
1685,5.44735,,141,,33.3667
1686,5.4509,,141,,33.3333
1687,5.45445,,141,,33.3
1688,5.458,,141,,33.2667
1689,5.46155,,141,,33.2333
1690,5.4651,,141,,33.2
1691,5.46848,,141,,33.2
1692,5.47187,,141,,33.2
1693,5.47525,,141,,33.2
1694,5.47863,,141,,33.2
1695,5.48202,,141,,33.2
1696,5.4854,,141,,33.2
1697,5.48853,,141,,33.2286
1698,5.49166,,141,,33.2571
1699,5.49479,,141,,33.2857
1700,5.49791,,141,,33.3143
1701,5.50104,,141,,33.3429
1702,5.50417,,141,,33.3714
1703,5.5073,,141,,33.4
1704,5.51082,,141.167,,33.4333
1705,5.51433,,141.333,,33.4667
1706,5.51785,,141.5,,33.5
1707,5.52137,,141.667,,33.5333
1708,5.52488,,141.833,,33.5667
1709,5.5284,,142,,33.6
1710,5.53192,,142,,33.6
1711,5.53543,,142,,33.6
1712,5.53895,,142,,33.6
1713,5.54247,,142,,33.6
1714,5.54598,,142,,33.6
1715,5.5495,,142,,33.6
1716,5.55276,,142,,33.6
1717,5.55601,,142,,33.6
1718,5.55927,,142,,33.6
1719,5.56253,,142,,33.6
1720,5.56579,,142,,33.6
1721,5.56904,,142,,33.6
1722,5.5723,,142,,33.6
1723,5.57568,,142.167,,33.6333
1724,5.57907,,142.333,,33.6667
1725,5.58245,,142.5,,33.7
1726,5.58583,,142.667,,33.7333
1727,5.58922,,142.833,,33.7667
1728,5.5926,,143,,33.8
1729,5.59605,,143,,33.7667
1730,5.5995,,143,,33.7333
1731,5.60295,,143,,33.7
1732,5.6064,,143,,33.6667
1733,5.60985,,143,,33.6333
1734,5.6133,,143,,33.6
1735,5.6164,,142.857,,33.6286
1736,5.6195,,142.714,,33.6571
1737,5.6226,,142.571,,33.6857
1738,5.6257,,142.429,,33.7143
1739,5.6288,,142.286,,33.7429
1740,5.6319,,142.143,,33.7714
1741,5.635,,142,,33.8
1742,5.63803,,142,,33.7714
1743,5.64106,,142,,33.7429
1744,5.64409,,142,,33.7143
1745,5.64711,,142,,33.6857
1746,5.65014,,142,,33.6571
1747,5.65317,,142,,33.6286
1748,5.6562,,142,,33.6
1749,5.65957,,142.167,,33.6
1750,5.66293,,142.333,,33.6
1751,5.6663,,142.5,,33.6
1752,5.66967,,142.667,,33.6
1753,5.67303,,142.833,,33.6
1754,5.6764,,143,,33.6
1755,5.67957,,142.857,,33.5714
1756,5.68274,,142.714,,33.5429
1757,5.68591,,142.571,,33.5143
1758,5.68909,,142.429,,33.4857
1759,5.69226,,142.286,,33.4571
1760,5.69543,,142.143,,33.4286
1761,5.6986,,142,,33.4
1762,5.70217,,142,,33.4
1763,5.70573,,142,,33.4
1764,5.7093,,142,,33.4
1765,5.71287,,142,,33.4
1766,5.71643,,142,,33.4
1767,5.72,,142,,33.4
1768,5.7235,,142,,33.4
1769,5.727,,142,,33.4
1770,5.7305,,142,,33.4
1771,5.734,,142,,33.4
1772,5.7375,,142,,33.4
1773,5.741,,142,,33.4
1774,5.74416,,142.143,,33.3714
1775,5.74731,,142.286,,33.3429
1776,5.75047,,142.429,,33.3143
1777,5.75363,,142.571,,33.2857
1778,5.75679,,142.714,,33.2571
1779,5.75994,,142.857,,33.2286
1780,5.7631,,143,,33.2
1781,5.76614,,143.143,,33.2286
1782,5.76919,,143.286,,33.2571
1783,5.77223,,143.429,,33.2857
1784,5.77527,,143.571,,33.3143
1785,5.77831,,143.714,,33.3429
1786,5.78136,,143.857,,33.3714
1787,5.7844,,144,,33.4
1788,5.78763,,143.857,,33.4
1789,5.79086,,143.714,,33.4
1790,5.79409,,143.571,,33.4
1791,5.79731,,143.429,,33.4
1792,5.80054,,143.286,,33.4
1793,5.80377,,143.143,,33.4
1794,5.807,,143,,33.4
1795,5.81043,,143,,33.4333
1796,5.81387,,143,,33.4667
1797,5.8173,,143,,33.5
1798,5.82073,,143,,33.5333
1799,5.82417,,143,,33.5667
1800,5.8276,,143,,33.6
1801,5.83098,,143,,33.6
1802,5.83437,,143,,33.6
1803,5.83775,,143,,33.6
1804,5.84113,,143,,33.6
1805,5.84452,,143,,33.6
1806,5.8479,,143,,33.6
1807,5.85119,,143,,33.6
1808,5.85447,,143,,33.6
1809,5.85776,,143,,33.6
1810,5.86104,,143,,33.6
1811,5.86433,,143,,33.6
1812,5.86761,,143,,33.6
1813,5.8709,,143,,33.6
1814,5.87413,,142.857,,33.5714
1815,5.87736,,142.714,,33.5429
1816,5.88059,,142.571,,33.5143
1817,5.88381,,142.429,,33.4857
1818,5.88704,,142.286,,33.4571
1819,5.89027,,142.143,,33.4286
1820,5.8935,,142,,33.4
1821,5.89684,,142,,33.4
1822,5.90019,,142,,33.4
1823,5.90353,,142,,33.4
1824,5.90687,,142,,33.4
1825,5.91021,,142,,33.4
1826,5.91356,,142,,33.4
1827,5.9169,,142,,33.4
1828,5.92024,,141.857,,33.4286
1829,5.92359,,141.714,,33.4571
1830,5.92693,,141.571,,33.4857
1831,5.93027,,141.429,,33.5143
1832,5.93361,,141.286,,33.5429
1833,5.93696,,141.143,,33.5714
1834,5.9403,,141,,33.6
1835,5.94353,,141.143,,33.6
1836,5.94676,,141.286,,33.6
1837,5.94999,,141.429,,33.6
1838,5.95321,,141.571,,33.6
1839,5.95644,,141.714,,33.6
1840,5.95967,,141.857,,33.6
1841,5.9629,,142,,33.6
1842,5.96596,,142.143,,33.5714
1843,5.96901,,142.286,,33.5429
1844,5.97207,,142.429,,33.5143
1845,5.97513,,142.571,,33.4857
1846,5.97819,,142.714,,33.4571
1847,5.98124,,142.857,,33.4286
1848,5.9843,,143,,33.4
1849,5.98815,,142.5,,33.3
1850,5.992,,142,,33.2
1851,5.99513,,141.857,,33.2286
1852,5.99826,,141.714,,33.2571
1853,6.00139,,141.571,,33.2857
1854,6.00451,,141.429,,33.3143
1855,6.00764,,141.286,,33.3429
1856,6.01077,,141.143,,33.3714
1857,6.0139,,141,,33.4
1858,6.01727,,141.167,,33.4333
1859,6.02063,,141.333,,33.4667
1860,6.024,,141.5,,33.5
1861,6.02737,,141.667,,33.5333
1862,6.03073,,141.833,,33.5667
1863,6.0341,,142,,33.6
1864,6.03721,,142,,33.5429
1865,6.04033,,142,,33.4857
1866,6.04344,,142,,33.4286
1867,6.04656,,142,,33.3714
1868,6.04967,,142,,33.3143
1869,6.05279,,142,,33.2571
1870,6.0559,,142,,33.2
1871,6.0589,,141.857,,33.2571
1872,6.0619,,141.714,,33.3143
1873,6.0649,,141.571,,33.3714
1874,6.0679,,141.429,,33.4286
1875,6.0709,,141.286,,33.4857
1876,6.0739,,141.143,,33.5429
1877,6.0769,,141,,33.6
1878,6.07983,,141.167,,33.7
1879,6.08277,,141.333,,33.8
1880,6.0857,,141.5,,33.9
1881,6.08863,,141.667,,34
1882,6.09157,,141.833,,34.1
1883,6.0945,,142,,34.2
1884,6.09764,,142.143,,34.2
1885,6.10079,,142.286,,34.2
1886,6.10393,,142.429,,34.2
1887,6.10707,,142.571,,34.2
1888,6.11021,,142.714,,34.2
1889,6.11336,,142.857,,34.2
1890,6.1165,,143,,34.2
1891,6.11964,,143.143,,34.2
1892,6.12279,,143.286,,34.2
1893,6.12593,,143.429,,34.2
1894,6.12907,,143.571,,34.2
1895,6.13221,,143.714,,34.2
1896,6.13536,,143.857,,34.2
1897,6.1385,,144,,34.2
1898,6.14174,,143.857,,34.2
1899,6.14499,,143.714,,34.2
1900,6.14823,,143.571,,34.2
1901,6.15147,,143.429,,34.2
1902,6.15471,,143.286,,34.2
1903,6.15796,,143.143,,34.2
1904,6.1612,,143,,34.2
1905,6.16437,,143,,34.2
1906,6.16754,,143,,34.2
1907,6.17071,,143,,34.2
1908,6.17389,,143,,34.2
1909,6.17706,,143,,34.2
1910,6.18023,,143,,34.2
1911,6.1834,,143,,34.2
1912,6.18651,,142.857,,34.2
1913,6.18963,,142.714,,34.2
1914,6.19274,,142.571,,34.2
1915,6.19586,,142.429,,34.2
1916,6.19897,,142.286,,34.2
1917,6.20209,,142.143,,34.2
1918,6.2052,,142,,34.2
1919,6.20865,,142,,34.1667
1920,6.2121,,142,,34.1333
1921,6.21555,,142,,34.1
1922,6.219,,142,,34.0667
1923,6.22245,,142,,34.0333
1924,6.2259,,142,,34
1925,6.22913,,141.857,,34
1926,6.23236,,141.714,,34
1927,6.23559,,141.571,,34
1928,6.23881,,141.429,,34
1929,6.24204,,141.286,,34
1930,6.24527,,141.143,,34
1931,6.2485,,141,,34
1932,6.25183,,141,,34
1933,6.25517,,141,,34
1934,6.2585,,141,,34
1935,6.26183,,141,,34
1936,6.26517,,141,,34
1937,6.2685,,141,,34
1938,6.27164,,141,,33.9714
1939,6.27479,,141,,33.9429
1940,6.27793,,141,,33.9143
1941,6.28107,,141,,33.8857
1942,6.28421,,141,,33.8571
1943,6.28736,,141,,33.8286
1944,6.2905,,141,,33.8
1945,6.29413,,141,,33.7667
1946,6.29777,,141,,33.7333
1947,6.3014,,141,,33.7
1948,6.30503,,141,,33.6667
1949,6.30867,,141,,33.6333
1950,6.3123,,141,,33.6
1951,6.31543,,141,,33.5714
1952,6.31856,,141,,33.5429
1953,6.32169,,141,,33.5143
1954,6.32481,,141,,33.4857
1955,6.32794,,141,,33.4571
1956,6.33107,,141,,33.4286
1957,6.3342,,141,,33.4
1958,6.33775,,141,,33.2
1959,6.3413,,141,,33
1960,6.3446,,141,,33.0571
1961,6.3479,,141,,33.1143
1962,6.3512,,141,,33.1714
1963,6.3545,,141,,33.2286
1964,6.3578,,141,,33.2857
1965,6.3611,,141,,33.3429
1966,6.3644,,141,,33.4
1967,6.36775,,141,,33.3667
1968,6.3711,,141,,33.3333
1969,6.37445,,141,,33.3
1970,6.3778,,141,,33.2667
1971,6.38115,,141,,33.2333
1972,6.3845,,141,,33.2
1973,6.38774,,141,,33.1714
1974,6.39099,,141,,33.1429
1975,6.39423,,141,,33.1143
1976,6.39747,,141,,33.0857
1977,6.40071,,141,,33.0571
1978,6.40396,,141,,33.0286
1979,6.4072,,141,,33
1980,6.41043,,141,,33
1981,6.41366,,141,,33
1982,6.41689,,141,,33
1983,6.42011,,141,,33
1984,6.42334,,141,,33
1985,6.42657,,141,,33
1986,6.4298,,141,,33
1987,6.43299,,140.857,,32.9714
1988,6.43617,,140.714,,32.9429
1989,6.43936,,140.571,,32.9143
1990,6.44254,,140.429,,32.8857
1991,6.44573,,140.286,,32.8571
1992,6.44891,,140.143,,32.8286
1993,6.4521,,140,,32.8
1994,6.4552,,140.143,,32.7429
1995,6.4583,,140.286,,32.6857
1996,6.4614,,140.429,,32.6286
1997,6.4645,,140.571,,32.5714
1998,6.4676,,140.714,,32.5143
1999,6.4707,,140.857,,32.4571
2000,6.4738,,141,,32.4
2001,6.4771,,141,,32.4
2002,6.4804,,141,,32.4
2003,6.4837,,141,,32.4
2004,6.487,,141,,32.4
2005,6.4903,,141,,32.4
2006,6.4936,,141,,32.4
2007,6.4969,,141,,32.4
2008,6.49987,,140.857,,32.4286
2009,6.50284,,140.714,,32.4571
2010,6.50581,,140.571,,32.4857
2011,6.50879,,140.429,,32.5143
2012,6.51176,,140.286,,32.5429
2013,6.51473,,140.143,,32.5714
2014,6.5177,,140,,32.6
2015,6.52074,,139.857,,32.5714
2016,6.52379,,139.714,,32.5429
2017,6.52683,,139.571,,32.5143
2018,6.52987,,139.429,,32.4857
2019,6.53291,,139.286,,32.4571
2020,6.53596,,139.143,,32.4286
2021,6.539,,139,,32.4
2022,6.54188,,139,,32.375
2023,6.54475,,139,,32.35
2024,6.54763,,139,,32.325
2025,6.5505,,139,,32.3
2026,6.55337,,139,,32.275
2027,6.55625,,139,,32.25
2028,6.55913,,139,,32.225
2029,6.562,,139,,32.2
2030,6.56538,,139,,32.1667
2031,6.56877,,139,,32.1333
2032,6.57215,,139,,32.1
2033,6.57553,,139,,32.0667
2034,6.57892,,139,,32.0333
2035,6.5823,,139,,32
2036,6.5856,,139,,31.9429
2037,6.5889,,139,,31.8857
2038,6.5922,,139,,31.8286
2039,6.5955,,139,,31.7714
2040,6.5988,,139,,31.7143
2041,6.6021,,139,,31.6571
2042,6.6054,,139,,31.6
2043,6.60864,,139,,31.6
2044,6.61189,,139,,31.6
2045,6.61513,,139,,31.6
2046,6.61837,,139,,31.6
2047,6.62161,,139,,31.6
2048,6.62486,,139,,31.6
2049,6.6281,,139,,31.6
2050,6.63162,,139,,31.6333
2051,6.63513,,139,,31.6667
2052,6.63865,,139,,31.7
2053,6.64217,,139,,31.7333
2054,6.64568,,139,,31.7667
2055,6.6492,,139,,31.8
2056,6.6524,,139,,31.7714
2057,6.6556,,139,,31.7429
2058,6.6588,,139,,31.7143
2059,6.662,,139,,31.6857
2060,6.6652,,139,,31.6571
2061,6.6684,,139,,31.6286
2062,6.6716,,139,,31.6
2063,6.67498,,138.833,,31.5667
2064,6.67837,,138.667,,31.5333
2065,6.68175,,138.5,,31.5
2066,6.68513,,138.333,,31.4667
2067,6.68852,,138.167,,31.4333
2068,6.6919,,138,,31.4
2069,6.69523,,138,,31.4
2070,6.69857,,138,,31.4
2071,6.7019,,138,,31.4
2072,6.70523,,138,,31.4
2073,6.70857,,138,,31.4
2074,6.7119,,138,,31.4
2075,6.71503,,137.857,,31.4
2076,6.71816,,137.714,,31.4
2077,6.72129,,137.571,,31.4
2078,6.72441,,137.429,,31.4
2079,6.72754,,137.286,,31.4
2080,6.73067,,137.143,,31.4
2081,6.7338,,137,,31.4
2082,6.7368,,137,,31.3714
2083,6.7398,,137,,31.3429
2084,6.7428,,137,,31.3143
2085,6.7458,,137,,31.2857
2086,6.7488,,137,,31.2571
2087,6.7518,,137,,31.2286
2088,6.7548,,137,,31.2
2089,6.75796,,137.143,,31.2571
2090,6.76111,,137.286,,31.3143
2091,6.76427,,137.429,,31.3714
2092,6.76743,,137.571,,31.4286
2093,6.77059,,137.714,,31.4857
2094,6.77374,,137.857,,31.5429
2095,6.7769,,138,,31.6
2096,6.77993,,138.286,,31.5714
2097,6.78296,,138.571,,31.5429
2098,6.78599,,138.857,,31.5143
2099,6.78901,,139.143,,31.4857
2100,6.79204,,139.429,,31.4571
2101,6.79507,,139.714,,31.4286
2102,6.7981,,140,,31.4
2103,6.80104,,140.143,,31.3714
2104,6.80399,,140.286,,31.3429
2105,6.80693,,140.429,,31.3143
2106,6.80987,,140.571,,31.2857
2107,6.81281,,140.714,,31.2571
2108,6.81576,,140.857,,31.2286
2109,6.8187,,141,,31.2
2110,6.82217,,140.833,,31.3
2111,6.82563,,140.667,,31.4
2112,6.8291,,140.5,,31.5
2113,6.83257,,140.333,,31.6
2114,6.83603,,140.167,,31.7
2115,6.8395,,140,,31.8
2116,6.84313,,140,,31.8333
2117,6.84677,,140,,31.8667
2118,6.8504,,140,,31.9
2119,6.85403,,140,,31.9333
2120,6.85767,,140,,31.9667
2121,6.8613,,140,,32
2122,6.86449,,140,,31.9714
2123,6.86767,,140,,31.9429
2124,6.87086,,140,,31.9143
2125,6.87404,,140,,31.8857
2126,6.87723,,140,,31.8571
2127,6.88041,,140,,31.8286
2128,6.8836,,140,,31.8
2129,6.88677,,140,,31.8
2130,6.88994,,140,,31.8
2131,6.89311,,140,,31.8
2132,6.89629,,140,,31.8
2133,6.89946,,140,,31.8
2134,6.90263,,140,,31.8
2135,6.9058,,140,,31.8
2136,6.90896,,140,,31.8
2137,6.91211,,140,,31.8
2138,6.91527,,140,,31.8
2139,6.91843,,140,,31.8
2140,6.92159,,140,,31.8
2141,6.92474,,140,,31.8
2142,6.9279,,140,,31.8
2143,6.9311,,140,,31.8286
2144,6.9343,,140,,31.8571
2145,6.9375,,140,,31.8857
2146,6.9407,,140,,31.9143
2147,6.9439,,140,,31.9429
2148,6.9471,,140,,31.9714
2149,6.9503,,140,,32
2150,6.95339,,140,,32
2151,6.95647,,140,,32
2152,6.95956,,140,,32
2153,6.96264,,140,,32
2154,6.96573,,140,,32
2155,6.96881,,140,,32
2156,6.9719,,140,,32
2157,6.9751,,139.833,,31.9667
2158,6.9783,,139.667,,31.9333
2159,6.9815,,139.5,,31.9
2160,6.9847,,139.333,,31.8667
2161,6.9879,,139.167,,31.8333
2162,6.9911,,139,,31.8
2163,6.99426,,139.143,,31.8
2164,6.99741,,139.286,,31.8
2165,7.00057,,139.429,,31.8
2166,7.00373,,139.571,,31.8
2167,7.00689,,139.714,,31.8
2168,7.01004,,139.857,,31.8
2169,7.0132,,140,,31.8
2170,7.0165,,140,,31.8571
2171,7.0198,,140,,31.9143
2172,7.0231,,140,,31.9714
2173,7.0264,,140,,32.0286
2174,7.0297,,140,,32.0857
2175,7.033,,140,,32.1429
2176,7.0363,,140,,32.2
2177,7.03927,,140.143,,32.2857
2178,7.04224,,140.286,,32.3714
2179,7.04521,,140.429,,32.4571
2180,7.04819,,140.571,,32.5429
2181,7.05116,,140.714,,32.6286
2182,7.05413,,140.857,,32.7143
2183,7.0571,,141,,32.8
2184,7.06027,,141,,32.8286
2185,7.06344,,141,,32.8571
2186,7.06661,,141,,32.8857
2187,7.06979,,141,,32.9143
2188,7.07296,,141,,32.9429
2189,7.07613,,141,,32.9714
2190,7.0793,,141,,33
2191,7.0826,,141,,33
2192,7.08589,,141,,33.0286
2193,7.08917,,141,,33.0571
2194,7.09246,,141,,33.0857
2195,7.09574,,141,,33.1143
2196,7.09903,,141,,33.1429
2197,7.10231,,141,,33.1714
2198,7.1056,,141,,33.2
2199,7.10897,,141,,33.2
2200,7.11233,,141,,33.2
2201,7.1157,,141,,33.2
2202,7.11907,,141,,33.2
2203,7.12243,,141,,33.2
2204,7.1258,,141,,33.2
2205,7.12887,,141,,33.2
2206,7.13194,,141,,33.2
2207,7.13501,,141,,33.2
2208,7.13809,,141,,33.2
2209,7.14116,,141,,33.2
2210,7.14423,,141,,33.2
2211,7.1473,,141,,33.2
2212,7.15023,,141,,33.2286
2213,7.15316,,141,,33.2571
2214,7.15609,,141,,33.2857
2215,7.15901,,141,,33.3143
2216,7.16194,,141,,33.3429
2217,7.16487,,141,,33.3714
2218,7.1678,,141,,33.4
2219,7.17067,,140.857,,33.4286
2220,7.17354,,140.714,,33.4571
2221,7.17641,,140.571,,33.4857
2222,7.17929,,140.429,,33.5143
2223,7.18216,,140.286,,33.5429
2224,7.18503,,140.143,,33.5714
2225,7.1879,,140,,33.6
2226,7.19087,,140,,33.6286
2227,7.19384,,140,,33.6571
2228,7.19681,,140,,33.6857
2229,7.19979,,140,,33.7143
2230,7.20276,,140,,33.7429
2231,7.20573,,140,,33.7714
2232,7.2087,,140,,33.8
2233,7.21179,,140,,33.8
2234,7.21487,,140,,33.8
2235,7.21796,,140,,33.8
2236,7.22104,,140,,33.8
2237,7.22413,,140,,33.8
2238,7.22721,,140,,33.8
2239,7.2303,,140,,33.8
2240,7.2336,,140,,33.7429
2241,7.2369,,140,,33.6857
2242,7.2402,,140,,33.6286
2243,7.2435,,140,,33.5714
2244,7.2468,,140,,33.5143
2245,7.2501,,140,,33.4571
2246,7.2534,,140,,33.4
2247,7.25653,,139.857,,33.4857
2248,7.25966,,139.714,,33.5714
2249,7.26279,,139.571,,33.6571
2250,7.26591,,139.429,,33.7429
2251,7.26904,,139.286,,33.8286
2252,7.27217,,139.143,,33.9143
2253,7.2753,,139,,34
2254,7.27851,,139.143,,33.9714
2255,7.28173,,139.286,,33.9429
2256,7.28494,,139.429,,33.9143
2257,7.28816,,139.571,,33.8857
2258,7.29137,,139.714,,33.8571
2259,7.29459,,139.857,,33.8286
2260,7.2978,,140,,33.8
2261,7.3011,,139.857,,33.7429
2262,7.3044,,139.714,,33.6857
2263,7.3077,,139.571,,33.6286
2264,7.311,,139.429,,33.5714
2265,7.3143,,139.286,,33.5143
2266,7.3176,,139.143,,33.4571
2267,7.3209,,139,,33.4
2268,7.32425,,138.833,,33.3667
2269,7.3276,,138.667,,33.3333
2270,7.33095,,138.5,,33.3
2271,7.3343,,138.333,,33.2667
2272,7.33765,,138.167,,33.2333
2273,7.341,,138,,33.2
2274,7.34423,,138.143,,33.2286
2275,7.34746,,138.286,,33.2571
2276,7.35069,,138.429,,33.2857
2277,7.35391,,138.571,,33.3143
2278,7.35714,,138.714,,33.3429
2279,7.36037,,138.857,,33.3714
2280,7.3636,,139,,33.4
2281,7.36664,,139,,33.3429
2282,7.36969,,139,,33.2857
2283,7.37273,,139,,33.2286
2284,7.37577,,139,,33.1714
2285,7.37881,,139,,33.1143
2286,7.38186,,139,,33.0571
2287,7.3849,,139,,33
2288,7.3884,,139.167,,33
2289,7.3919,,139.333,,33
2290,7.3954,,139.5,,33
2291,7.3989,,139.667,,33
2292,7.4024,,139.833,,33
2293,7.4059,,140,,33
2294,7.40916,,139.714,,33
2295,7.41241,,139.429,,33
2296,7.41567,,139.143,,33
2297,7.41893,,138.857,,33
2298,7.42219,,138.571,,33
2299,7.42544,,138.286,,33
2300,7.4287,,138,,33
2301,7.43177,,137.857,,33
2302,7.43484,,137.714,,33
2303,7.43791,,137.571,,33
2304,7.44099,,137.429,,33
2305,7.44406,,137.286,,33
2306,7.44713,,137.143,,33
2307,7.4502,,137,,33
2308,7.45329,,137.143,,32.9714
2309,7.45637,,137.286,,32.9429
2310,7.45946,,137.429,,32.9143
2311,7.46254,,137.571,,32.8857
2312,7.46563,,137.714,,32.8571
2313,7.46871,,137.857,,32.8286
2314,7.4718,,138,,32.8
2315,7.4751,,138.286,,32.7429
2316,7.4784,,138.571,,32.6857
2317,7.4817,,138.857,,32.6286
2318,7.485,,139.143,,32.5714
2319,7.4883,,139.429,,32.5143
2320,7.4916,,139.714,,32.4571
2321,7.4949,,140,,32.4
2322,7.49791,,140,,32.3714
2323,7.50093,,140,,32.3429
2324,7.50394,,140,,32.3143
2325,7.50696,,140,,32.2857
2326,7.50997,,140,,32.2571
2327,7.51299,,140,,32.2286
2328,7.516,,140,,32.2
2329,7.51933,,139.75,,32.15
2330,7.52265,,139.5,,32.1
2331,7.52597,,139.25,,32.05
2332,7.5293,,139,,32
2333,7.53247,,139.143,,31.9714
2334,7.53564,,139.286,,31.9429
2335,7.53881,,139.429,,31.9143
2336,7.54199,,139.571,,31.8857
2337,7.54516,,139.714,,31.8571
2338,7.54833,,139.857,,31.8286
2339,7.5515,,140,,31.8
2340,7.55469,,139.857,,31.7714
2341,7.55787,,139.714,,31.7429
2342,7.56106,,139.571,,31.7143
2343,7.56424,,139.429,,31.6857
2344,7.56743,,139.286,,31.6571
2345,7.57061,,139.143,,31.6286
2346,7.5738,,139,,31.6
2347,7.57713,,139,,31.5667
2348,7.58047,,139,,31.5333
2349,7.5838,,139,,31.5
2350,7.58713,,139,,31.4667
2351,7.59047,,139,,31.4333
2352,7.5938,,139,,31.4
2353,7.59698,,138.833,,31.3333
2354,7.60017,,138.667,,31.2667
2355,7.60335,,138.5,,31.2
2356,7.60653,,138.333,,31.1333
2357,7.60972,,138.167,,31.0667
2358,7.6129,,138,,31
2359,7.61611,,137.857,,31.0286
2360,7.61933,,137.714,,31.0571
2361,7.62254,,137.571,,31.0857
2362,7.62576,,137.429,,31.1143
2363,7.62897,,137.286,,31.1429
2364,7.63219,,137.143,,31.1714
2365,7.6354,,137,,31.2
2366,7.63854,,137.143,,31.2571
2367,7.64169,,137.286,,31.3143
2368,7.64483,,137.429,,31.3714
2369,7.64797,,137.571,,31.4286
2370,7.65111,,137.714,,31.4857
2371,7.65426,,137.857,,31.5429
2372,7.6574,,138,,31.6
2373,7.6604,,138.143,,31.6
2374,7.6634,,138.286,,31.6
2375,7.6664,,138.429,,31.6
2376,7.6694,,138.571,,31.6
2377,7.6724,,138.714,,31.6
2378,7.6754,,138.857,,31.6
2379,7.6784,,139,,31.6
2380,7.6816,,139.143,,31.5429
2381,7.6848,,139.286,,31.4857
2382,7.688,,139.429,,31.4286
2383,7.6912,,139.571,,31.3714
2384,7.6944,,139.714,,31.3143
2385,7.6976,,139.857,,31.2571
2386,7.7008,,140,,31.2
2387,7.70379,,139.857,,31.1714
2388,7.70677,,139.714,,31.1429
2389,7.70976,,139.571,,31.1143
2390,7.71274,,139.429,,31.0857
2391,7.71573,,139.286,,31.0571
2392,7.71871,,139.143,,31.0286
2393,7.7217,,139,,31
2394,7.72474,,139,,30.9143
2395,7.72779,,139,,30.8286
2396,7.73083,,139,,30.7429
2397,7.73387,,139,,30.6571
2398,7.73691,,139,,30.5714
2399,7.73996,,139,,30.4857
2400,7.743,,139,,30.4
2401,7.74613,,139,,30.3429
2402,7.74926,,139,,30.2857
2403,7.75239,,139,,30.2286
2404,7.75551,,139,,30.1714
2405,7.75864,,139,,30.1143
2406,7.76177,,139,,30.0571
2407,7.7649,,139,,30
2408,7.768,,139,,30
2409,7.77114,,139,,29.8571
2410,7.77429,,139,,29.7143
2411,7.77743,,139,,29.5714
2412,7.78057,,139,,29.4286
2413,7.78371,,139,,29.2857
2414,7.78686,,139,,29.1429
2415,7.79,,139,,29
2416,7.79323,,138.667,,28.9333
2417,7.79647,,138.333,,28.8667
2418,7.7997,,138,,28.8
2419,7.80294,,138,,28.7714
2420,7.80619,,138,,28.7429
2421,7.80943,,138,,28.7143
2422,7.81267,,138,,28.6857
2423,7.81591,,138,,28.6571
2424,7.81916,,138,,28.6286
2425,7.8224,,138,,28.6
2426,7.82573,,138,,28.5714
2427,7.82906,,138,,28.5429
2428,7.83239,,138,,28.5143
2429,7.83571,,138,,28.4857
2430,7.83904,,138,,28.4571
2431,7.84237,,138,,28.4286
2432,7.8457,,138,,28.4
2433,7.84896,,138.143,,28.4286
2434,7.85221,,138.286,,28.4571
2435,7.85547,,138.429,,28.4857
2436,7.85873,,138.571,,28.5143
2437,7.86199,,138.714,,28.5429
2438,7.86524,,138.857,,28.5714
2439,7.8685,,139,,28.6
2440,7.87165,,139,,28.55
2441,7.8748,,139,,28.5
2442,7.87795,,139,,28.45
2443,7.8811,,139,,28.4
2444,7.88424,,139.143,,28.4
2445,7.88739,,139.286,,28.4
2446,7.89053,,139.429,,28.4
2447,7.89367,,139.571,,28.4
2448,7.89681,,139.714,,28.4
2449,7.89996,,139.857,,28.4
2450,7.9031,,140,,28.4
2451,7.90604,,140,,28.4857
2452,7.90899,,140,,28.5714
2453,7.91193,,140,,28.6571
2454,7.91487,,140,,28.7429
2455,7.91781,,140,,28.8286
2456,7.92076,,140,,28.9143
2457,7.9237,,140,,29
2458,7.9257,,139,,29.2
2459,7.92755,,139,,29.2
2460,7.9294,,139,,29.2
2461,7.93194,,139,,29.175
2462,7.93448,,139,,29.15
2463,7.93701,,139,,29.125
2464,7.93955,,139,,29.1
2465,7.94209,,139,,29.075
2466,7.94463,,139,,29.05
2467,7.94716,,139,,29.025
2468,7.9497,,139,,29
2469,7.95279,,139,,28.9714
2470,7.95587,,139,,28.9429
2471,7.95896,,139,,28.9143
2472,7.96204,,139,,28.8857
2473,7.96513,,139,,28.8571
2474,7.96821,,139,,28.8286
2475,7.9713,,139,,28.8
2476,7.9748,,139,,28.8
2477,7.9783,,139,,28.8
2478,7.9818,,139,,28.8
2479,7.9853,,139,,28.8
2480,7.9888,,139,,28.8
2481,7.9923,,139,,28.8
2482,7.99537,,138.857,,28.7714
2483,7.99844,,138.714,,28.7429
2484,8.00151,,138.571,,28.7143
2485,8.00459,,138.429,,28.6857
2486,8.00766,,138.286,,28.6571
2487,8.01073,,138.143,,28.6286
2488,8.0138,,138,,28.6
2489,8.01671,,138.143,,28.6857
2490,8.01963,,138.286,,28.7714
2491,8.02254,,138.429,,28.8571
2492,8.02546,,138.571,,28.9429
2493,8.02837,,138.714,,29.0286
2494,8.03129,,138.857,,29.1143
2495,8.0342,,139,,29.2
2496,8.03723,,139,,29.1429
2497,8.04026,,139,,29.0857
2498,8.04329,,139,,29.0286
2499,8.04631,,139,,28.9714
2500,8.04934,,139,,28.9143
2501,8.05237,,139,,28.8571
2502,8.0554,,139,,28.8
2503,8.05849,,139.143,,28.8
2504,8.06157,,139.286,,28.8
2505,8.06466,,139.429,,28.8
2506,8.06774,,139.571,,28.8
2507,8.07083,,139.714,,28.8
2508,8.07391,,139.857,,28.8
2509,8.077,,140,,28.8
2510,8.07986,,140.143,,28.9143
2511,8.08271,,140.286,,29.0286
2512,8.08557,,140.429,,29.1429
2513,8.08843,,140.571,,29.2571
2514,8.09129,,140.714,,29.3714
2515,8.09414,,140.857,,29.4857
2516,8.097,,141,,29.6
2517,8.10015,,141,,29.65
2518,8.1033,,141,,29.7
2519,8.10645,,141,,29.75
2520,8.1096,,141,,29.8
2521,8.1129,,141.143,,29.8286
2522,8.1162,,141.286,,29.8571
2523,8.1195,,141.429,,29.8857
2524,8.1228,,141.571,,29.9143
2525,8.1261,,141.714,,29.9429
2526,8.1294,,141.857,,29.9714
2527,8.1327,,142,,30
2528,8.13597,,142.143,,30.0857
2529,8.13924,,142.286,,30.1714
2530,8.14251,,142.429,,30.2571
2531,8.14579,,142.571,,30.3429
2532,8.14906,,142.714,,30.4286
2533,8.15233,,142.857,,30.5143
2534,8.1556,,143,,30.6
2535,8.15889,,142.857,,30.6
2536,8.16217,,142.714,,30.6
2537,8.16546,,142.571,,30.6
2538,8.16874,,142.429,,30.6
2539,8.17203,,142.286,,30.6
2540,8.17531,,142.143,,30.6
2541,8.1786,,142,,30.6
2542,8.1819,,142.25,,30.65
2543,8.1852,,142.5,,30.7
2544,8.1885,,142.75,,30.75
2545,8.1918,,143,,30.8
2546,8.19517,,142.857,,30.8571
2547,8.19854,,142.714,,30.9143
2548,8.20191,,142.571,,30.9714
2549,8.20529,,142.429,,31.0286
2550,8.20866,,142.286,,31.0857
2551,8.21203,,142.143,,31.1429
2552,8.2154,,142,,31.2
2553,8.21869,,142,,31.2
2554,8.22197,,142,,31.2
2555,8.22526,,142,,31.2
2556,8.22854,,142,,31.2
2557,8.23183,,142,,31.2
2558,8.23511,,142,,31.2
2559,8.2384,,142,,31.2
2560,8.24151,,141.714,,31.2571
2561,8.24463,,141.429,,31.3143
2562,8.24774,,141.143,,31.3714
2563,8.25086,,140.857,,31.4286
2564,8.25397,,140.571,,31.4857
2565,8.25709,,140.286,,31.5429
2566,8.2602,,140,,31.6
2567,8.26323,,139.857,,31.6
2568,8.26626,,139.714,,31.6
2569,8.26929,,139.571,,31.6
2570,8.27231,,139.429,,31.6
2571,8.27534,,139.286,,31.6
2572,8.27837,,139.143,,31.6
2573,8.2814,,139,,31.6
2574,8.28456,,139,,31.6286
2575,8.28771,,139,,31.6571
2576,8.29087,,139,,31.6857
2577,8.29403,,139,,31.7143
2578,8.29719,,139,,31.7429
2579,8.30034,,139,,31.7714
2580,8.3035,,139,,31.8
2581,8.30705,,139.25,,31.85
2582,8.3106,,139.5,,31.9
2583,8.31415,,139.75,,31.95
2584,8.3177,,140,,32
2585,8.32107,,140.167,,32
2586,8.32443,,140.333,,32
2587,8.3278,,140.5,,32
2588,8.33117,,140.667,,32
2589,8.33453,,140.833,,32
2590,8.3379,,141,,32
2591,8.34132,,140.833,,32.0333
2592,8.34473,,140.667,,32.0667
2593,8.34815,,140.5,,32.1
2594,8.35157,,140.333,,32.1333
2595,8.35498,,140.167,,32.1667
2596,8.3584,,140,,32.2
2597,8.36164,,140,,32.2286
2598,8.36489,,140,,32.2571
2599,8.36813,,140,,32.2857
2600,8.37137,,140,,32.3143
2601,8.37461,,140,,32.3429
2602,8.37786,,140,,32.3714
2603,8.3811,,140,,32.4
2604,8.38417,,140,,32.4857
2605,8.38724,,140,,32.5714
2606,8.39031,,140,,32.6571
2607,8.39339,,140,,32.7429
2608,8.39646,,140,,32.8286
2609,8.39953,,140,,32.9143
2610,8.4026,,140,,33
2611,8.40567,,140,,33.0667
2612,8.40873,,140,,33.1333
2613,8.4118,,140,,33.2
2614,8.4148,,139.857,,33.2286
2615,8.4178,,139.714,,33.2571
2616,8.4208,,139.571,,33.2857
2617,8.4238,,139.429,,33.3143
2618,8.4268,,139.286,,33.3429
2619,8.4298,,139.143,,33.3714
2620,8.4328,,139,,33.4
2621,8.43594,,139.143,,33.3714
2622,8.43909,,139.286,,33.3429
2623,8.44223,,139.429,,33.3143
2624,8.44537,,139.571,,33.2857
2625,8.44851,,139.714,,33.2571
2626,8.45166,,139.857,,33.2286
2627,8.4548,,140,,33.2
2628,8.45801,,139.857,,33.1714
2629,8.46123,,139.714,,33.1429
2630,8.46444,,139.571,,33.1143
2631,8.46766,,139.429,,33.0857
2632,8.47087,,139.286,,33.0571
2633,8.47409,,139.143,,33.0286
2634,8.4773,,139,,33
2635,8.48053,,139.143,,33.0286
2636,8.48376,,139.286,,33.0571
2637,8.48699,,139.429,,33.0857
2638,8.49021,,139.571,,33.1143
2639,8.49344,,139.714,,33.1429
2640,8.49667,,139.857,,33.1714
2641,8.4999,,140,,33.2
2642,8.5033,,140,,33.2333
2643,8.5067,,140,,33.2667
2644,8.5101,,140,,33.3
2645,8.5135,,140,,33.3333
2646,8.5169,,140,,33.3667
2647,8.5203,,140,,33.4
2648,8.5232,,140,,33.4286
2649,8.5261,,140,,33.4571
2650,8.529,,140,,33.4857
2651,8.5319,,140,,33.5143
2652,8.5348,,140,,33.5429
2653,8.5377,,140,,33.5714
2654,8.5406,,140,,33.6
2655,8.54387,,139.857,,33.6
2656,8.54714,,139.714,,33.6
2657,8.55041,,139.571,,33.6
2658,8.55369,,139.429,,33.6
2659,8.55696,,139.286,,33.6
2660,8.56023,,139.143,,33.6
2661,8.5635,,139,,33.6
2662,8.56681,,139,,33.5429
2663,8.57013,,139,,33.4857
2664,8.57344,,139,,33.4286
2665,8.57676,,139,,33.3714
2666,8.58007,,139,,33.3143
2667,8.58339,,139,,33.2571
2668,8.5867,,139,,33.2
2669,8.58981,,138.857,,33.2
2670,8.59293,,138.714,,33.2
2671,8.59604,,138.571,,33.2
2672,8.59916,,138.429,,33.2
2673,8.60227,,138.286,,33.2
2674,8.60539,,138.143,,33.2
2675,8.6085,,138,,33.2
2676,8.61167,,138.143,,33.2571
2677,8.61484,,138.286,,33.3143
2678,8.61801,,138.429,,33.3714
2679,8.62119,,138.571,,33.4286
2680,8.62436,,138.714,,33.4857
2681,8.62753,,138.857,,33.5429
2682,8.6307,,139,,33.6
2683,8.63389,,139.143,,33.5714
2684,8.63707,,139.286,,33.5429
2685,8.64026,,139.429,,33.5143
2686,8.64344,,139.571,,33.4857
2687,8.64663,,139.714,,33.4571
2688,8.64981,,139.857,,33.4286
2689,8.653,,140,,33.4
2690,8.65631,,140,,33.4
2691,8.65963,,140,,33.4
2692,8.66294,,140,,33.4
2693,8.66626,,140,,33.4
2694,8.66957,,140,,33.4
2695,8.67289,,140,,33.4
2696,8.6762,,140,,33.4
2697,8.67911,,140,,33.4286
2698,8.68203,,140,,33.4571
2699,8.68494,,140,,33.4857
2700,8.68786,,140,,33.5143
2701,8.69077,,140,,33.5429
2702,8.69369,,140,,33.5714
2703,8.6966,,140,,33.6
2704,8.69998,,139.833,,33.5333
2705,8.70337,,139.667,,33.4667
2706,8.70675,,139.5,,33.4
2707,8.71013,,139.333,,33.3333
2708,8.71352,,139.167,,33.2667
2709,8.7169,,139,,33.2
2710,8.7207,,139.2,,32.96
2711,8.7245,,139.4,,32.72
2712,8.7283,,139.6,,32.48
2713,8.7321,,139.8,,32.24
2714,8.7359,,140,,32
2715,8.73917,,140,,32
2716,8.74244,,140,,32
2717,8.74571,,140,,32
2718,8.74899,,140,,32
2719,8.75226,,140,,32
2720,8.75553,,140,,32
2721,8.7588,,140,,32
2722,8.76194,,139.857,,32.0286
2723,8.76509,,139.714,,32.0571
2724,8.76823,,139.571,,32.0857
2725,8.77137,,139.429,,32.1143
2726,8.77451,,139.286,,32.1429
2727,8.77766,,139.143,,32.1714
2728,8.7808,,139,,32.2
2729,8.7839,,139,,32.2286
2730,8.787,,139,,32.2571
2731,8.7901,,139,,32.2857
2732,8.7932,,139,,32.3143
2733,8.7963,,139,,32.3429
2734,8.7994,,139,,32.3714
2735,8.8025,,139,,32.4
2736,8.80556,,138.857,,32.3714
2737,8.80861,,138.714,,32.3429
2738,8.81167,,138.571,,32.3143
2739,8.81473,,138.429,,32.2857
2740,8.81779,,138.286,,32.2571
2741,8.82084,,138.143,,32.2286
2742,8.8239,,138,,32.2
2743,8.82732,,138,,32.1
2744,8.83073,,138,,32
2745,8.83415,,138,,31.9
2746,8.83757,,138,,31.8
2747,8.84098,,138,,31.7
2748,8.8444,,138,,31.6
2749,8.84827,,138.333,,31.6
2750,8.85213,,138.667,,31.6
2751,8.856,,139,,31.6
2752,8.8594,,139,,31.6
2753,8.8628,,139,,31.6
2754,8.8662,,139,,31.6
2755,8.8696,,139,,31.6
2756,8.873,,139,,31.6
2757,8.8764,,139,,31.6
2758,8.87949,,139,,31.6
2759,8.88257,,139,,31.6
2760,8.88566,,139,,31.6
2761,8.88874,,139,,31.6
2762,8.89183,,139,,31.6
2763,8.89491,,139,,31.6
2764,8.898,,139,,31.6
2765,8.90145,,139,,31.6
2766,8.9049,,139,,31.6
2767,8.90835,,139,,31.6
2768,8.9118,,139,,31.6
2769,8.91525,,139,,31.6
2770,8.9187,,139,,31.6
2771,8.92228,,139,,31.6333
2772,8.92587,,139,,31.6667
2773,8.92945,,139,,31.7
2774,8.93303,,139,,31.7333
2775,8.93662,,139,,31.7667
2776,8.9402,,139,,31.8
2777,8.94336,,139,,31.7714
2778,8.94651,,139,,31.7429
2779,8.94967,,139,,31.7143
2780,8.95283,,139,,31.6857
2781,8.95599,,139,,31.6571
2782,8.95914,,139,,31.6286
2783,8.9623,,139,,31.6
2784,8.96553,,139,,31.6286
2785,8.96876,,139,,31.6571
2786,8.97199,,139,,31.6857
2787,8.97521,,139,,31.7143
2788,8.97844,,139,,31.7429
2789,8.98167,,139,,31.7714
2790,8.9849,,139,,31.8
2791,8.9881,,139,,31.8
2792,8.9913,,139,,31.8
2793,8.9945,,139.143,,31.8
2794,8.9977,,139.286,,31.8
2795,9.0009,,139.429,,31.8
2796,9.0041,,139.571,,31.8
2797,9.0073,,139.714,,31.8
2798,9.0105,,139.857,,31.8
2799,9.0137,,140,,31.8
2800,9.01687,,140.143,,31.8
2801,9.02004,,140.286,,31.8
2802,9.02321,,140.429,,31.8
2803,9.02639,,140.571,,31.8
2804,9.02956,,140.714,,31.8
2805,9.03273,,140.857,,31.8
2806,9.0359,,141,,31.8
2807,9.03932,,141,,31.8333
2808,9.04273,,141,,31.8667
2809,9.04615,,141,,31.9
2810,9.04957,,141,,31.9333
2811,9.05298,,141,,31.9667
2812,9.0564,,141,,32
2813,9.05956,,140.857,,31.9714
2814,9.06271,,140.714,,31.9429
2815,9.06587,,140.571,,31.9143
2816,9.06903,,140.429,,31.8857
2817,9.07219,,140.286,,31.8571
2818,9.07534,,140.143,,31.8286
2819,9.0785,,140,,31.8
2820,9.08179,,139.857,,31.7714
2821,9.08507,,139.714,,31.7429
2822,9.08836,,139.571,,31.7143
2823,9.09164,,139.429,,31.6857
2824,9.09493,,139.286,,31.6571
2825,9.09821,,139.143,,31.6286
2826,9.1015,,139,,31.6
2827,9.1048,,139.143,,31.6286
2828,9.1081,,139.286,,31.6571
2829,9.1114,,139.429,,31.6857
2830,9.1147,,139.571,,31.7143
2831,9.118,,139.714,,31.7429
2832,9.1213,,139.857,,31.7714
2833,9.1246,,140,,31.8
2834,9.12803,,140.167,,31.8667
2835,9.13147,,140.333,,31.9333
2836,9.1349,,140.5,,32
2837,9.13833,,140.667,,32.0667
2838,9.14177,,140.833,,32.1333
2839,9.1452,,141,,32.2
2840,9.14855,,141.167,,32.1333
2841,9.1519,,141.333,,32.0667
2842,9.15525,,141.5,,32
2843,9.1586,,141.667,,31.9333
2844,9.16195,,141.833,,31.8667
2845,9.1653,,142,,31.8
2846,9.16863,,142,,31.8
2847,9.17197,,142,,31.8
2848,9.1753,,142,,31.8
2849,9.17863,,142,,31.8
2850,9.18197,,142,,31.8
2851,9.1853,,142,,31.8
2852,9.18841,,142,,31.8286
2853,9.19153,,142,,31.8571
2854,9.19464,,142,,31.8857
2855,9.19776,,142,,31.9143
2856,9.20087,,142,,31.9429
2857,9.20399,,142,,31.9714
2858,9.2071,,142,,32
2859,9.21026,,142,,32
2860,9.21341,,142,,32
2861,9.21657,,142,,32
2862,9.21973,,142,,32
2863,9.22289,,142,,32
2864,9.22604,,142,,32
2865,9.2292,,142,,32
2866,9.23229,,142,,32.0571
2867,9.23537,,142,,32.1143
2868,9.23846,,142,,32.1714
2869,9.24154,,142,,32.2286
2870,9.24463,,142,,32.2857
2871,9.24771,,142,,32.3429
2872,9.2508,,142,,32.4
2873,9.25428,,142,,32.4
2874,9.25777,,142,,32.4
2875,9.26125,,142,,32.4
2876,9.26473,,142,,32.4
2877,9.26822,,142,,32.4
2878,9.2717,,142,,32.4
2879,9.2749,,142,,32.3714
2880,9.2781,,142,,32.3429
2881,9.2813,,142,,32.3143
2882,9.2845,,142,,32.2857
2883,9.2877,,142,,32.2571
2884,9.2909,,142,,32.2286
2885,9.2941,,142,,32.2
2886,9.29743,,142,,32.2286
2887,9.30076,,142,,32.2571
2888,9.30409,,142,,32.2857
2889,9.30741,,142,,32.3143
2890,9.31074,,142,,32.3429
2891,9.31407,,142,,32.3714
2892,9.3174,,142,,32.4
2893,9.32083,,142,,32.4
2894,9.32427,,142,,32.4
2895,9.3277,,142,,32.4
2896,9.33113,,142,,32.4
2897,9.33457,,142,,32.4
2898,9.338,,142,,32.4
2899,9.34155,,142.167,,32.4
2900,9.3451,,142.333,,32.4
2901,9.34865,,142.5,,32.4
2902,9.3522,,142.667,,32.4
2903,9.35575,,142.833,,32.4
2904,9.3593,,143,,32.4
2905,9.36257,,143.143,,32.4857
2906,9.36584,,143.286,,32.5714
2907,9.36911,,143.429,,32.6571
2908,9.37239,,143.571,,32.7429
2909,9.37566,,143.714,,32.8286
2910,9.37893,,143.857,,32.9143
2911,9.3822,,144,,33
2912,9.38514,,143.857,,32.9429
2913,9.38809,,143.714,,32.8857
2914,9.39103,,143.571,,32.8286
2915,9.39397,,143.429,,32.7714
2916,9.39691,,143.286,,32.7143
2917,9.39986,,143.143,,32.6571
2918,9.4028,,143,,32.6
2919,9.40605,,143,,32.6667
2920,9.4093,,143,,32.7333
2921,9.41255,,143,,32.8
2922,9.4158,,143,,32.8667
2923,9.41905,,143,,32.9333
2924,9.4223,,143,,33
2925,9.42553,,142.857,,33.0571
2926,9.42876,,142.714,,33.1143
2927,9.43199,,142.571,,33.1714
2928,9.43521,,142.429,,33.2286
2929,9.43844,,142.286,,33.2857
2930,9.44167,,142.143,,33.3429
2931,9.4449,,142,,33.4
2932,9.4481,,141.857,,33.4286
2933,9.4513,,141.714,,33.4571
2934,9.4545,,141.571,,33.4857
2935,9.4577,,141.429,,33.5143
2936,9.4609,,141.286,,33.5429
2937,9.4641,,141.143,,33.5714
2938,9.4673,,141,,33.6
2939,9.47044,,141,,33.6
2940,9.47359,,141,,33.6
2941,9.47673,,141,,33.6
2942,9.47987,,141,,33.6
2943,9.48301,,141,,33.6
2944,9.48616,,141,,33.6
2945,9.4893,,141,,33.6
2946,9.4923,,141.143,,33.6
2947,9.4953,,141.286,,33.6
2948,9.4983,,141.429,,33.6
2949,9.5013,,141.571,,33.6
2950,9.5043,,141.714,,33.6
2951,9.5073,,141.857,,33.6
2952,9.5103,,142,,33.6
2953,9.5129,,142,,33.75
2954,9.5155,,142,,33.9
2955,9.5181,,142,,34.05
2956,9.5207,,142,,34.2
2957,9.52393,,142,,34.2
2958,9.52716,,142,,34.2
2959,9.53039,,142,,34.2
2960,9.53361,,142,,34.2
2961,9.53684,,142,,34.2
2962,9.54007,,142,,34.2
2963,9.5433,,142,,34.2
2964,9.5468,,142.167,,34.0667
2965,9.5503,,142.333,,33.9333
2966,9.5538,,142.5,,33.8
2967,9.5573,,142.667,,33.6667
2968,9.5608,,142.833,,33.5333
2969,9.5643,,143,,33.4
2970,9.56773,,143,,33.5333
2971,9.57117,,143,,33.6667
2972,9.5746,,143,,33.8
2973,9.57803,,143,,33.9333
2974,9.58147,,143,,34.0667
2975,9.5849,,143,,34.2
2976,9.58853,,143.167,,34.2333
2977,9.59217,,143.333,,34.2667
2978,9.5958,,143.5,,34.3
2979,9.59943,,143.667,,34.3333
2980,9.60307,,143.833,,34.3667
2981,9.6067,,144,,34.4
2982,9.60996,,144,,34.4
2983,9.61321,,144,,34.4
2984,9.61647,,144,,34.4
2985,9.61973,,144,,34.4
2986,9.62299,,144,,34.4
2987,9.62624,,144,,34.4
2988,9.6295,,144,,34.4
2989,9.63274,,144,,34.4286
2990,9.63599,,144,,34.4571
2991,9.63923,,144,,34.4857
2992,9.64247,,144,,34.5143
2993,9.64571,,144,,34.5429
2994,9.64896,,144,,34.5714
2995,9.6522,,144,,34.6
2996,9.65531,,144,,34.6
2997,9.65843,,144,,34.6
2998,9.66154,,144,,34.6
2999,9.66466,,144,,34.6
3000,9.66777,,144,,34.6
3001,9.67089,,144,,34.6
3002,9.674,,144,,34.6
3003,9.67736,,144,,34.6286
3004,9.68071,,144,,34.6571
3005,9.68407,,144,,34.6857
3006,9.68743,,144,,34.7143
3007,9.69079,,144,,34.7429
3008,9.69414,,144,,34.7714
3009,9.6975,,144,,34.8
3010,9.70079,,144,,34.7714
3011,9.70407,,144,,34.7429
3012,9.70736,,144,,34.7143
3013,9.71064,,144,,34.6857
3014,9.71393,,144,,34.6571
3015,9.71721,,144,,34.6286
3016,9.7205,,144,,34.6
3017,9.72357,,143.857,,34.6571
3018,9.72664,,143.714,,34.7143
3019,9.72971,,143.571,,34.7714
3020,9.73279,,143.429,,34.8286
3021,9.73586,,143.286,,34.8857
3022,9.73893,,143.143,,34.9429
3023,9.742,,143,,35
3024,9.7453,,143,,35.2
3025,9.74883,,143,,35.1667
3026,9.75237,,143,,35.1333
3027,9.7559,,143,,35.1
3028,9.75943,,143,,35.0667
3029,9.76297,,143,,35.0333
3030,9.7665,,143,,35
3031,9.76979,,142.857,,34.9429
3032,9.77307,,142.714,,34.8857
3033,9.77636,,142.571,,34.8286
3034,9.77964,,142.429,,34.7714
3035,9.78293,,142.286,,34.7143
3036,9.78621,,142.143,,34.6571
3037,9.7895,,142,,34.6
3038,9.79284,,141.857,,34.5714
3039,9.79619,,141.714,,34.5429
3040,9.79953,,141.571,,34.5143
3041,9.80287,,141.429,,34.4857
3042,9.80621,,141.286,,34.4571
3043,9.80956,,141.143,,34.4286
3044,9.8129,,141,,34.4
3045,9.81595,,141,,34.2
3046,9.819,,141,,34
3047,9.8223,,141,,33.8286
3048,9.8256,,141,,33.6571
3049,9.8289,,141,,33.4857
3050,9.8322,,141,,33.3143
3051,9.8355,,141,,33.1429
3052,9.8388,,141,,32.9714
3053,9.8421,,141,,32.8
3054,9.84556,,140.6,,32.56
3055,9.84902,,140.2,,32.32
3056,9.85248,,139.8,,32.08
3057,9.85594,,139.4,,31.84
3058,9.8594,,139,,31.6
3059,9.86258,,138.8,,31.4
3060,9.86576,,138.6,,31.2
3061,9.86894,,138.4,,31
3062,9.87212,,138.2,,30.8
3063,9.8753,,138,,30.6
3064,9.87829,,137.857,,30.5714
3065,9.88127,,137.714,,30.5429
3066,9.88426,,137.571,,30.5143
3067,9.88724,,137.429,,30.4857
3068,9.89023,,137.286,,30.4571
3069,9.89321,,137.143,,30.4286
3070,9.8962,,137,,30.4
3071,9.89753,,137.333,,30.4667
3072,9.89887,,137.667,,30.5333
3073,9.9002,,138,,30.6
3074,9.90108,,138,,30.6
3075,9.90196,,138,,30.6
3076,9.90284,,138,,30.6
3077,9.90372,,138,,30.6
3078,9.9046,,138,,30.6
3079,9.908,,138,,30.5
3080,9.9114,,138,,30.4
3081,9.91604,,138,,30.32
3082,9.92068,,138,,30.24
3083,9.92532,,138,,30.16
3084,9.92996,,138,,30.08
3085,9.9346,,138,,30
3086,9.94177,,138,,30
3087,9.94893,,138,,30
3088,9.9561,,138,,30
3089,9.9596,,138.167,,29.9667
3090,9.9631,,138.333,,29.9333
3091,9.9666,,138.5,,29.9
3092,9.9701,,138.667,,29.8667
3093,9.9736,,138.833,,29.8333
3094,9.9771,,139,,29.8
3095,9.9798,,139,,29.8
3096,9.9825,,139,,29.8
3097,9.9852,,139,,29.8
3098,9.9879,,139,,29.8
3099,9.9906,,139,,29.8
3100,9.9936,,139.143,,29.8286
3101,9.9966,,139.286,,29.8571
3102,9.9996,,139.429,,29.8857
3103,10.0026,,139.571,,29.9143
3104,10.0056,,139.714,,29.9429
3105,10.0086,,139.857,,29.9714
3106,10.0116,,140,,30
3107,10.0149,,140,,30.0286
3108,10.0181,,140,,30.0571
3109,10.0214,,140,,30.0857
3110,10.0247,,140,,30.1143
3111,10.028,,140,,30.1429
3112,10.0312,,140,,30.1714
3113,10.0345,,140,,30.2
3114,10.0375,,140.143,,30.2571
3115,10.0405,,140.286,,30.3143
3116,10.0435,,140.429,,30.3714
3117,10.0466,,140.571,,30.4286
3118,10.0496,,140.714,,30.4857
3119,10.0526,,140.857,,30.5429
3120,10.0556,,141,,30.6
3121,10.0588,,140.857,,30.6286
3122,10.0621,,140.714,,30.6571
3123,10.0653,,140.571,,30.6857
3124,10.0686,,140.429,,30.7143
3125,10.0718,,140.286,,30.7429
3126,10.0751,,140.143,,30.7714
3127,10.0783,,140,,30.8
3128,10.0814,,140,,30.85
3129,10.0845,,140,,30.9
3130,10.0876,,140,,30.95
3131,10.0907,,140,,31
3132,10.0927,,140.333,,30.8667
3133,10.0948,,140.667,,30.7333
3134,10.0968,,141,,30.6
3135,10.1001,,141.167,,30.5333
3136,10.1035,,141.333,,30.4667
3137,10.1068,,141.5,,30.4
3138,10.1102,,141.667,,30.3333
3139,10.1136,,141.833,,30.2667
3140,10.1169,,142,,30.2
3141,10.12,,142.143,,30.2
3142,10.1231,,142.286,,30.2
3143,10.1262,,142.429,,30.2
3144,10.1294,,142.571,,30.2
3145,10.1325,,142.714,,30.2
3146,10.1356,,142.857,,30.2
3147,10.1387,,143,,30.2
3148,10.1419,,142.857,,30.1714
3149,10.1452,,142.714,,30.1429
3150,10.1484,,142.571,,30.1143
3151,10.1516,,142.429,,30.0857
3152,10.1548,,142.286,,30.0571
3153,10.1581,,142.143,,30.0286
3154,10.1613,,142,,30
3155,10.1645,,142,,29.9
3156,10.1677,,142,,29.8
3157,10.1708,,142,,29.7
3158,10.174,,142,,29.6
3159,10.1772,,142,,29.5
3160,10.1804,,142,,29.4
3161,10.1836,,142,,29.4
3162,10.1867,,142,,29.4
3163,10.1899,,142,,29.4
3164,10.1931,,142,,29.4
3165,10.1963,,142,,29.4
3166,10.1994,,142,,29.4
3167,10.2026,,142,,29.4
3168,10.2061,,142,,29.4333
3169,10.2096,,142,,29.4667
3170,10.2131,,142,,29.5
3171,10.2166,,142,,29.5333
3172,10.2201,,142,,29.5667
3173,10.2236,,142,,29.6
3174,10.226,,141.889,,29.6667
3175,10.2285,,141.778,,29.7333
3176,10.2309,,141.667,,29.8
3177,10.2334,,141.556,,29.8667
3178,10.2358,,141.444,,29.9333
3179,10.2383,,141.333,,30
3180,10.2407,,141.222,,30.0667
3181,10.2432,,141.111,,30.1333
3182,10.2456,,141,,30.2
3183,10.2484,,141.25,,30.25
3184,10.2511,,141.5,,30.3
3185,10.2539,,141.75,,30.35
3186,10.2567,,142,,30.4
3187,10.2631,,142.25,,30.35
3188,10.2695,,142.5,,30.3
3189,10.2759,,142.75,,30.25
3190,10.2823,,143,,30.2
3191,10.2866,,143.2,,30.16
3192,10.2909,,143.4,,30.12
3193,10.2952,,143.6,,30.08
3194,10.2995,,143.8,,30.04
3195,10.3038,,144,,30
3196,10.3073,,144.167,,30.0333
3197,10.3108,,144.333,,30.0667
3198,10.3142,,144.5,,30.1
3199,10.3177,,144.667,,30.1333
3200,10.3212,,144.833,,30.1667
3201,10.3247,,145,,30.2
3202,10.3281,,145,,30.4
3203,10.3315,,145,,30.6
3204,10.3347,,145.2,,30.8
3205,10.3378,,145.4,,31
3206,10.341,,145.6,,31.2
3207,10.3441,,145.8,,31.4
3208,10.3473,,146,,31.6
3209,10.3503,,146,,31.7714
3210,10.3534,,146,,31.9429
3211,10.3564,,146,,32.1143
3212,10.3595,,146,,32.2857
3213,10.3625,,146,,32.4571
3214,10.3656,,146,,32.6286
3215,10.3686,,146,,32.8
3216,10.3722,,146.167,,32.8667
3217,10.3757,,146.333,,32.9333
3218,10.3793,,146.5,,33
3219,10.3829,,146.667,,33.0667
3220,10.3864,,146.833,,33.1333
3221,10.39,,147,,33.2
3222,10.3933,,147.167,,33.2667
3223,10.3967,,147.333,,33.3333
3224,10.4,,147.5,,33.4
3225,10.4033,,147.667,,33.4667
3226,10.4067,,147.833,,33.5333
3227,10.41,,148,,33.6
3228,10.413,,148,,33.6667
3229,10.4159,,148,,33.7333
3230,10.4189,,148,,33.8
3231,10.422,,148,,33.8
3232,10.425,,148,,33.8
3233,10.4281,,148,,33.8
3234,10.4311,,148,,33.8
3235,10.4342,,148,,33.8
3236,10.4372,,148,,33.8
3237,10.4403,,148,,33.8
3238,10.4435,,148,,33.8286
3239,10.4466,,148,,33.8571
3240,10.4498,,148,,33.8857
3241,10.453,,148,,33.9143
3242,10.4562,,148,,33.9429
3243,10.4593,,148,,33.9714
3244,10.4625,,148,,34
3245,10.4654,,148,,34.0286
3246,10.4684,,148,,34.0571
3247,10.4713,,148,,34.0857
3248,10.4743,,148,,34.1143
3249,10.4772,,148,,34.1429
3250,10.4802,,148,,34.1714
3251,10.4831,,148,,34.2
3252,10.4863,,147.714,,34.1714
3253,10.4895,,147.429,,34.1429
3254,10.4927,,147.143,,34.1143
3255,10.4959,,146.857,,34.0857
3256,10.4991,,146.571,,34.0571
3257,10.5023,,146.286,,34.0286
3258,10.5055,,146,,34
3259,10.509,,145.833,,34.1
3260,10.5125,,145.667,,34.2
3261,10.516,,145.5,,34.3
3262,10.5196,,145.333,,34.4
3263,10.5231,,145.167,,34.5
3264,10.5266,,145,,34.6
3265,10.5295,,145,,34.6
3266,10.5323,,145,,34.6
3267,10.5352,,145,,34.6
3268,10.5381,,145,,34.6
3269,10.5409,,145,,34.6
3270,10.5438,,145,,34.6
3271,10.5466,,145,,34.6
3272,10.5495,,145,,34.6
3273,10.5529,,145.143,,34.6
3274,10.5562,,145.286,,34.6
3275,10.5596,,145.429,,34.6
3276,10.563,,145.571,,34.6
3277,10.5664,,145.714,,34.6
3278,10.5697,,145.857,,34.6
3279,10.5731,,146,,34.6
3280,10.5764,,145.857,,34.6
3281,10.5796,,145.714,,34.6
3282,10.5829,,145.571,,34.6
3283,10.5862,,145.429,,34.6
3284,10.5895,,145.286,,34.6
3285,10.5927,,145.143,,34.6
3286,10.596,,145,,34.6
3287,10.5991,,145,,34.68
3288,10.6021,,145,,34.76
3289,10.6052,,145,,34.84
3290,10.6082,,145,,34.92
3291,10.6113,,145,,35
3292,10.6144,,145,,35.0571
3293,10.6175,,145,,35.1143
3294,10.6206,,145,,35.1714
3295,10.6237,,145,,35.2286
3296,10.6268,,145,,35.2857
3297,10.6299,,145,,35.3429
3298,10.633,,145,,35.4
3299,10.6364,,145,,35.3667
3300,10.6397,,145,,35.3333
3301,10.6431,,145,,35.3
3302,10.6465,,145,,35.2667
3303,10.6498,,145,,35.2333
3304,10.6532,,145,,35.2
3305,10.6565,,144.857,,35.2
3306,10.6598,,144.714,,35.2
3307,10.6631,,144.571,,35.2
3308,10.6665,,144.429,,35.2
3309,10.6698,,144.286,,35.2
3310,10.6731,,144.143,,35.2
3311,10.6764,,144,,35.2
3312,10.6796,,144,,35.2
3313,10.6828,,144,,35.2
3314,10.686,,144,,35.2
3315,10.6893,,144,,35.2
3316,10.6925,,144,,35.2
3317,10.6957,,144,,35.2
3318,10.6989,,144,,35.2
3319,10.7022,,144,,35.2
3320,10.7054,,144,,35.2
3321,10.7087,,144,,35.2
3322,10.712,,144,,35.2
3323,10.7153,,144,,35.2
3324,10.7185,,144,,35.2
3325,10.7218,,144,,35.2
3326,10.7252,,144,,35.2
3327,10.7286,,144,,35.2
3328,10.7319,,144,,35.2
3329,10.7353,,144,,35.2
3330,10.7387,,144,,35.2
3331,10.7421,,144,,35.2
3332,10.7456,,144,,35.2
3333,10.749,,144,,35.2
3334,10.7525,,144,,35.2
3335,10.756,,144,,35.2
3336,10.7594,,144,,35.2
3337,10.7629,,144,,35.2
3338,10.7663,,144.167,,35.2
3339,10.7697,,144.333,,35.2
3340,10.7731,,144.5,,35.2
3341,10.7765,,144.667,,35.2
3342,10.7799,,144.833,,35.2
3343,10.7833,,145,,35.2
3344,10.7863,,144.857,,35.1714
3345,10.7893,,144.714,,35.1429
3346,10.7923,,144.571,,35.1143
3347,10.7952,,144.429,,35.0857
3348,10.7982,,144.286,,35.0571
3349,10.8012,,144.143,,35.0286
3350,10.8042,,144,,35
3351,10.8076,,144,,35.0333
3352,10.811,,144,,35.0667
3353,10.8144,,144,,35.1
3354,10.8178,,144,,35.1333
3355,10.8212,,144,,35.1667
3356,10.8246,,144,,35.2
3357,10.8278,,144,,35.1429
3358,10.8311,,144,,35.0857
3359,10.8343,,144,,35.0286
3360,10.8376,,144,,34.9714
3361,10.8408,,144,,34.9143
3362,10.8441,,144,,34.8571
3363,10.8473,,144,,34.8
3364,10.8511,,144.167,,34.8333
3365,10.8548,,144.333,,34.8667
3366,10.8586,,144.5,,34.9
3367,10.8624,,144.667,,34.9333
3368,10.8661,,144.833,,34.9667
3369,10.8699,,145,,35
3370,10.8733,,145.167,,34.9667
3371,10.8767,,145.333,,34.9333
3372,10.8801,,145.5,,34.9
3373,10.8836,,145.667,,34.8667
3374,10.887,,145.833,,34.8333
3375,10.8904,,146,,34.8
3376,10.8935,,146,,34.7429
3377,10.8966,,146,,34.6857
3378,10.8997,,146,,34.6286
3379,10.9029,,146,,34.5714
3380,10.906,,146,,34.5143
3381,10.9091,,146,,34.4571
3382,10.9122,,146,,34.4
3383,10.9158,,146,,34.4
3384,10.9193,,146,,34.4
3385,10.9229,,146,,34.4
3386,10.9265,,146,,34.4
3387,10.93,,146,,34.4
3388,10.9336,,146,,34.4
3389,10.937,,146,,34.4
3390,10.9404,,146,,34.4
3391,10.9438,,146,,34.4
3392,10.9472,,146,,34.4
3393,10.9506,,146,,34.4
3394,10.954,,146,,34.4
3395,10.9574,,145.833,,34.4333
3396,10.9608,,145.667,,34.4667
3397,10.9643,,145.5,,34.5
3398,10.9677,,145.333,,34.5333
3399,10.9711,,145.167,,34.5667
3400,10.9745,,145,,34.6
3401,10.9781,,145.2,,34.56
3402,10.9818,,145.4,,34.52
3403,10.9854,,145.6,,34.48
3404,10.9891,,145.8,,34.44
3405,10.9927,,146,,34.4
3406,10.9957,,146,,34.4
3407,10.9987,,146,,34.4
3408,11.0022,,146,,34.4667
3409,11.0058,,146,,34.5333
3410,11.0093,,146,,34.6
3411,11.0126,,146,,34.6571
3412,11.016,,146,,34.7143
3413,11.0193,,146,,34.7714
3414,11.0227,,146,,34.8286
3415,11.026,,146,,34.8857
3416,11.0294,,146,,34.9429
3417,11.0327,,146,,35
3418,11.0361,,146,,34.9667
3419,11.0396,,146,,34.9333
3420,11.043,,146,,34.9
3421,11.0464,,146,,34.8667
3422,11.0499,,146,,34.8333
3423,11.0533,,146,,34.8
3424,11.0571,,146,,34.8
3425,11.0609,,146,,34.8
3426,11.0647,,146,,34.8
3427,11.0686,,146,,34.8
3428,11.0724,,146,,34.8
3429,11.0762,,146,,34.8
3430,11.0798,,146,,34.8667
3431,11.0835,,146,,34.9333
3432,11.0871,,146,,35
3433,11.0908,,146,,35.0667
3434,11.0944,,146,,35.1333
3435,11.0981,,146,,35.2
3436,11.1017,,145.833,,35.2333
3437,11.1053,,145.667,,35.2667
3438,11.1088,,145.5,,35.3
3439,11.1124,,145.333,,35.3333
3440,11.116,,145.167,,35.3667
3441,11.1196,,145,,35.4
3442,11.1233,,144.833,,35.2
3443,11.1269,,144.667,,35
3444,11.1306,,144.5,,34.8
3445,11.1343,,144.333,,34.6
3446,11.1379,,144.167,,34.4
3447,11.1416,,144,,34.2
3448,11.1451,,144,,34.2333
3449,11.1485,,144,,34.2667
3450,11.152,,144,,34.3
3451,11.1555,,144,,34.3333
3452,11.1589,,144,,34.3667
3453,11.1624,,144,,34.4
3454,11.1655,,144,,34.4286
3455,11.1686,,144,,34.4571
3456,11.1717,,144,,34.4857
3457,11.1747,,144,,34.5143
3458,11.1778,,144,,34.5429
3459,11.1809,,144,,34.5714
3460,11.184,,144,,34.6
3461,11.1872,,144.143,,34.5714
3462,11.1903,,144.286,,34.5429
3463,11.1935,,144.429,,34.5143
3464,11.1967,,144.571,,34.4857
3465,11.1999,,144.714,,34.4571
3466,11.203,,144.857,,34.4286
3467,11.2062,,145,,34.4
3468,11.2093,,144.714,,34.4
3469,11.2124,,144.429,,34.4
3470,11.2155,,144.143,,34.4
3471,11.2185,,143.857,,34.4
3472,11.2216,,143.571,,34.4
3473,11.2247,,143.286,,34.4
3474,11.2278,,143,,34.4
3475,11.2306,,143,,34.4333
3476,11.2335,,143,,34.4667
3477,11.2363,,143,,34.5
3478,11.2391,,143,,34.5333
3479,11.242,,143,,34.5667
3480,11.2448,,143,,34.6
3481,11.2476,,142.875,,34.625
3482,11.2503,,142.75,,34.65
3483,11.2531,,142.625,,34.675
3484,11.2559,,142.5,,34.7
3485,11.2587,,142.375,,34.725
3486,11.2614,,142.25,,34.75
3487,11.2642,,142.125,,34.775
3488,11.267,,142,,34.8
3489,11.2701,,141.857,,34.8
3490,11.2732,,141.714,,34.8
3491,11.2763,,141.571,,34.8
3492,11.2795,,141.429,,34.8
3493,11.2826,,141.286,,34.8
3494,11.2857,,141.143,,34.8
3495,11.2888,,141,,34.8
3496,11.2919,,141.143,,34.7429
3497,11.295,,141.286,,34.6857
3498,11.2981,,141.429,,34.6286
3499,11.3011,,141.571,,34.5714
3500,11.3042,,141.714,,34.5143
3501,11.3073,,141.857,,34.4571
3502,11.3104,,142,,34.4
3503,11.3137,,142.167,,34.4
3504,11.3171,,142.333,,34.4
3505,11.3204,,142.5,,34.4
3506,11.3237,,142.667,,34.4
3507,11.3271,,142.833,,34.4
3508,11.3304,,143,,34.4
3509,11.3339,,143,,34.4
3510,11.3375,,143,,34.4
3511,11.341,,143,,34.4
3512,11.3445,,143,,34.4
3513,11.3481,,143,,34.4
3514,11.3516,,143,,34.4
3515,11.3549,,143.143,,34.4857
3516,11.3582,,143.286,,34.5714
3517,11.3615,,143.429,,34.6571
3518,11.3647,,143.571,,34.7429
3519,11.368,,143.714,,34.8286
3520,11.3713,,143.857,,34.9143
3521,11.3746,,144,,35
3522,11.3779,,143.857,,34.9714
3523,11.3813,,143.714,,34.9429
3524,11.3846,,143.571,,34.9143
3525,11.388,,143.429,,34.8857
3526,11.3913,,143.286,,34.8571
3527,11.3947,,143.143,,34.8286
3528,11.398,,143,,34.8
3529,11.4011,,143.143,,34.8
3530,11.4042,,143.286,,34.8
3531,11.4073,,143.429,,34.8
3532,11.4105,,143.571,,34.8
3533,11.4136,,143.714,,34.8
3534,11.4167,,143.857,,34.8
3535,11.4198,,144,,34.8
3536,11.423,,144,,34.8286
3537,11.4261,,144,,34.8571
3538,11.4293,,144,,34.8857
3539,11.4325,,144,,34.9143
3540,11.4357,,144,,34.9429
3541,11.4388,,144,,34.9714
3542,11.442,,144,,35
3543,11.4454,,144,,35.1
3544,11.4489,,144,,35.2
3545,11.4523,,144,,35.3
3546,11.4557,,144,,35.4
3547,11.4592,,144,,35.5
3548,11.4626,,144,,35.6
3549,11.4661,,144,,35.56
3550,11.4697,,144,,35.52
3551,11.4732,,144,,35.48
3552,11.4768,,144,,35.44
3553,11.4803,,144,,35.4
3554,11.4836,,144,,35.3714
3555,11.4868,,144,,35.3429
3556,11.4901,,144,,35.3143
3557,11.4934,,144,,35.2857
3558,11.4967,,144,,35.2571
3559,11.4999,,144,,35.2286
3560,11.5032,,144,,35.2
3561,11.5067,,144,,35.2667
3562,11.5102,,144,,35.3333
3563,11.5137,,144,,35.4
3564,11.5173,,144,,35.4667
3565,11.5208,,144,,35.5333
3566,11.5243,,144,,35.6
3567,11.5278,,144,,35.5667
3568,11.5312,,144,,35.5333
3569,11.5347,,144,,35.5
3570,11.5382,,144,,35.4667
3571,11.5416,,144,,35.4333
3572,11.5451,,144,,35.4
3573,11.5488,,144,,35.3333
3574,11.5524,,144,,35.2667
3575,11.5561,,144,,35.2
3576,11.5598,,144,,35.1333
3577,11.5634,,144,,35.0667
3578,11.5671,,144,,35
3579,11.5706,,144,,35.0333
3580,11.5742,,144,,35.0667
3581,11.5777,,144,,35.1
3582,11.5813,,144,,35.1333
3583,11.5848,,144,,35.1667
3584,11.5884,,144,,35.2
3585,11.5917,,144.143,,35.2571
3586,11.595,,144.286,,35.3143
3587,11.5983,,144.429,,35.3714
3588,11.6016,,144.571,,35.4286
3589,11.6049,,144.714,,35.4857
3590,11.6082,,144.857,,35.5429
3591,11.6115,,145,,35.6
3592,11.6147,,145,,35.5429
3593,11.6179,,145,,35.4857
3594,11.6211,,145,,35.4286
3595,11.6243,,145,,35.3714
3596,11.6275,,145,,35.3143
3597,11.6307,,145,,35.2571
3598,11.6339,,145,,35.2
3599,11.6373,,145,,35.2571
3600,11.6406,,145,,35.3143
3601,11.644,,145,,35.3714
3602,11.6473,,145,,35.4286
3603,11.6507,,145,,35.4857
3604,11.654,,145,,35.5429
3605,11.6574,,145,,35.6
3606,11.6607,,145,,35.5143
3607,11.6641,,145,,35.4286
3608,11.6674,,145,,35.3429
3609,11.6707,,145,,35.2571
3610,11.674,,145,,35.1714
3611,11.6774,,145,,35.0857
3612,11.6807,,145,,35
3613,11.684,,144.857,,35
3614,11.6873,,144.714,,35
3615,11.6906,,144.571,,35
3616,11.6938,,144.429,,35
3617,11.6971,,144.286,,35
3618,11.7004,,144.143,,35
3619,11.7037,,144,,35
3620,11.7073,,144,,35.0667
3621,11.711,,144,,35.1333
3622,11.7146,,144,,35.2
3623,11.7183,,144,,35.2667
3624,11.7219,,144,,35.3333
3625,11.7256,,144,,35.4
3626,11.7289,,144,,35.4
3627,11.7323,,144,,35.4
3628,11.7356,,144,,35.4
3629,11.7389,,144,,35.4
3630,11.7423,,144,,35.4
3631,11.7456,,144,,35.4
3632,11.7488,,144,,35.3143
3633,11.7521,,144,,35.2286
3634,11.7553,,144,,35.1429
3635,11.7585,,144,,35.0571
3636,11.7617,,144,,34.9714
3637,11.765,,144,,34.8857
3638,11.7682,,144,,34.8
3639,11.7716,,144,,34.7143
3640,11.7749,,144,,34.6286
3641,11.7783,,144,,34.5429
3642,11.7816,,144,,34.4571
3643,11.785,,144,,34.3714
3644,11.7883,,144,,34.2857
3645,11.7917,,144,,34.2
3646,11.7951,,144,,34.1667
3647,11.7986,,144,,34.1333
3648,11.802,,144,,34.1
3649,11.8055,,144,,34.0667
3650,11.8089,,144,,34.0333
3651,11.8124,,144,,34
3652,11.8159,,143.4,,34.04
3653,11.8194,,142.8,,34.08
3654,11.8228,,142.2,,34.12
3655,11.8263,,141.6,,34.16
3656,11.8298,,141,,34.2
3657,11.8331,,141,,34.1667
3658,11.8364,,141,,34.1333
3659,11.8397,,141,,34.1
3660,11.843,,141,,34.0667
3661,11.8463,,141,,34.0333
3662,11.8496,,141,,34
3663,11.8528,,141.143,,33.9143
3664,11.856,,141.286,,33.8286
3665,11.8592,,141.429,,33.7429
3666,11.8623,,141.571,,33.6571
3667,11.8655,,141.714,,33.5714
3668,11.8687,,141.857,,33.4857
3669,11.8719,,142,,33.4
3670,11.8754,,142.333,,33.3667
3671,11.8789,,142.667,,33.3333
3672,11.8825,,143,,33.3
3673,11.886,,143.333,,33.2667
3674,11.8895,,143.667,,33.2333
3675,11.893,,144,,33.2
3676,11.8971,,144,,33
3677,11.9011,,144,,32.8
3678,11.9048,,144,,32.7333
3679,11.9085,,144,,32.6667
3680,11.9121,,144,,32.6
3681,11.9158,,144,,32.5333
3682,11.9195,,144,,32.4667
3683,11.9232,,144,,32.4
3684,11.9264,,143.857,,32.3429
3685,11.9296,,143.714,,32.2857
3686,11.9328,,143.571,,32.2286
3687,11.936,,143.429,,32.1714
3688,11.9392,,143.286,,32.1143
3689,11.9424,,143.143,,32.0571
3690,11.9456,,143,,32
3691,11.949,,143.2,,31.96
3692,11.9525,,143.4,,31.92
3693,11.9559,,143.6,,31.88
3694,11.9594,,143.8,,31.84
3695,11.9628,,144,,31.8
3696,11.9661,,143.833,,31.7
3697,11.9695,,143.667,,31.6
3698,11.9728,,143.5,,31.5
3699,11.9762,,143.333,,31.4
3700,11.9795,,143.167,,31.3
3701,11.9829,,143,,31.2
3702,11.9866,,143,,31.2
3703,11.9904,,143,,31.2
3704,11.9935,,143,,31.1714
3705,11.9965,,143,,31.1429
3706,11.9996,,143,,31.1143
3707,12.0026,,143,,31.0857
3708,12.0057,,143,,31.0571
3709,12.0087,,143,,31.0286
3710,12.0118,,143,,31
3711,12.015,,142.857,,31
3712,12.0182,,142.714,,31
3713,12.0214,,142.571,,31
3714,12.0246,,142.429,,31
3715,12.0278,,142.286,,31
3716,12.031,,142.143,,31
3717,12.0342,,142,,31
3718,12.0377,,142,,30.8667
3719,12.0412,,142,,30.7333
3720,12.0447,,142,,30.6
3721,12.0481,,142,,30.5667
3722,12.0515,,142,,30.5333
3723,12.0549,,142,,30.5
3724,12.0583,,142,,30.4667
3725,12.0617,,142,,30.4333
3726,12.0651,,142,,30.4
3727,12.0687,,142,,30.3667
3728,12.0723,,142,,30.3333
3729,12.0759,,142,,30.3
3730,12.0795,,142,,30.2667
3731,12.0831,,142,,30.2333
3732,12.0867,,142,,30.2
3733,12.09,,142,,30.1714
3734,12.0932,,142,,30.1429
3735,12.0965,,142,,30.1143
3736,12.0997,,142,,30.0857
3737,12.103,,142,,30.0571
3738,12.1062,,142,,30.0286
3739,12.1095,,142,,30
3740,12.1131,,142.167,,30.0333
3741,12.1167,,142.333,,30.0667
3742,12.1204,,142.5,,30.1
3743,12.124,,142.667,,30.1333
3744,12.1276,,142.833,,30.1667
3745,12.1312,,143,,30.2
3746,12.1344,,142.857,,30.1714
3747,12.1376,,142.714,,30.1429
3748,12.1408,,142.571,,30.1143
3749,12.144,,142.429,,30.0857
3750,12.1472,,142.286,,30.0571
3751,12.1504,,142.143,,30.0286
3752,12.1536,,142,,30
3753,12.157,,142.167,,29.9667
3754,12.1605,,142.333,,29.9333
3755,12.1639,,142.5,,29.9
3756,12.1674,,142.667,,29.8667
3757,12.1708,,142.833,,29.8333
3758,12.1743,,143,,29.8
3759,12.1776,,143,,29.6
3760,12.181,,142.833,,29.5667
3761,12.1843,,142.667,,29.5333
3762,12.1877,,142.5,,29.5
3763,12.1911,,142.333,,29.4667
3764,12.1944,,142.167,,29.4333
3765,12.1978,,142,,29.4
3766,12.201,,141.857,,29.4286
3767,12.2041,,141.714,,29.4571
3768,12.2073,,141.571,,29.4857
3769,12.2105,,141.429,,29.5143
3770,12.2137,,141.286,,29.5429
3771,12.2168,,141.143,,29.5714
3772,12.22,,141,,29.6
3773,12.2233,,141,,29.6667
3774,12.2267,,141,,29.7333
3775,12.2301,,141,,29.8
3776,12.2334,,141,,29.8667
3777,12.2367,,141,,29.9333
3778,12.2401,,141,,30
3779,12.2434,,141.286,,29.8857
3780,12.2467,,141.571,,29.7714
3781,12.25,,141.857,,29.6571
3782,12.2533,,142.143,,29.5429
3783,12.2566,,142.429,,29.4286
3784,12.2599,,142.714,,29.3143
3785,12.2632,,143,,29.2
3786,12.2666,,143,,29.2333
3787,12.27,,143,,29.2667
3788,12.2734,,143,,29.3
3789,12.2769,,143,,29.3333
3790,12.2803,,143,,29.3667
3791,12.2837,,143,,29.4
3792,12.2871,,143,,29.5333
3793,12.2905,,143,,29.6667
3794,12.2939,,143,,29.8
3795,12.2973,,143,,29.9333
3796,12.3007,,143,,30.0667
3797,12.3041,,143,,30.2
3798,12.3073,,143,,30.1143
3799,12.3104,,143,,30.0286
3800,12.3136,,143,,29.9429
3801,12.3167,,143,,29.8571
3802,12.3199,,143,,29.7714
3803,12.323,,143,,29.6857
3804,12.3262,,143,,29.6
3805,12.3295,,143.143,,29.5429
3806,12.3329,,143.286,,29.4857
3807,12.3362,,143.429,,29.4286
3808,12.3395,,143.571,,29.3714
3809,12.3428,,143.714,,29.3143
3810,12.3462,,143.857,,29.2571
3811,12.3495,,144,,29.2
3812,12.3529,,144,,29.1333
3813,12.3564,,144,,29.0667
3814,12.3598,,144,,29
3815,12.3633,,144,,28.9333
3816,12.3667,,144,,28.8667
3817,12.3702,,144,,28.8
3818,12.3734,,144,,28.9143
3819,12.3767,,144,,29.0286
3820,12.3799,,144,,29.1429
3821,12.3831,,144,,29.2571
3822,12.3863,,144,,29.3714
3823,12.3896,,144,,29.4857
3824,12.3928,,144,,29.6
3825,12.3961,,143.857,,29.6
3826,12.3993,,143.714,,29.6
3827,12.4026,,143.571,,29.6
3828,12.4059,,143.429,,29.6
3829,12.4092,,143.286,,29.6
3830,12.4124,,143.143,,29.6
3831,12.4157,,143,,29.6
3832,12.4193,,143,,29.6
3833,12.4228,,143,,29.6
3834,12.4264,,143,,29.6
3835,12.43,,143,,29.6
3836,12.4335,,143,,29.6
3837,12.4371,,143,,29.6
3838,12.4404,,143.143,,29.6
3839,12.4436,,143.286,,29.6
3840,12.4469,,143.429,,29.6
3841,12.4502,,143.571,,29.6
3842,12.4535,,143.714,,29.6
3843,12.4567,,143.857,,29.6
3844,12.46,,144,,29.6
3845,12.4632,,144,,29.5429
3846,12.4664,,144,,29.4857
3847,12.4696,,144,,29.4286
3848,12.4728,,144,,29.3714
3849,12.476,,144,,29.3143
3850,12.4792,,144,,29.2571
3851,12.4824,,144,,29.2
3852,12.4856,,144,,29.3143
3853,12.4888,,144,,29.4286
3854,12.492,,144,,29.5429
3855,12.4952,,144,,29.6571
3856,12.4984,,144,,29.7714
3857,12.5016,,144,,29.8857
3858,12.5048,,144,,30
3859,12.5082,,144,,29.8667
3860,12.5116,,144,,29.7333
3861,12.5149,,144,,29.6
3862,12.5183,,144,,29.4667
3863,12.5217,,144,,29.3333
3864,12.5251,,144,,29.2
3865,12.5285,,144,,29.2333
3866,12.532,,144,,29.2667
3867,12.5354,,144,,29.3
3868,12.5389,,144,,29.3333
3869,12.5423,,144,,29.3667
3870,12.5458,,144,,29.4
3871,12.5491,,144.143,,29.3714
3872,12.5523,,144.286,,29.3429
3873,12.5556,,144.429,,29.3143
3874,12.5589,,144.571,,29.2857
3875,12.5622,,144.714,,29.2571
3876,12.5654,,144.857,,29.2286
3877,12.5687,,145,,29.2
3878,12.5721,,144.833,,29.2333
3879,12.5755,,144.667,,29.2667
3880,12.5789,,144.5,,29.3
3881,12.5822,,144.333,,29.3333
3882,12.5856,,144.167,,29.3667
3883,12.589,,144,,29.4
3884,12.5923,,144.167,,29.3667
3885,12.5957,,144.333,,29.3333
3886,12.5991,,144.5,,29.3
3887,12.6024,,144.667,,29.2667
3888,12.6057,,144.833,,29.2333
3889,12.6091,,145,,29.2
3890,12.6124,,144.857,,29.2571
3891,12.6156,,144.714,,29.3143
3892,12.6189,,144.571,,29.3714
3893,12.6221,,144.429,,29.4286
3894,12.6254,,144.286,,29.4857
3895,12.6286,,144.143,,29.5429
3896,12.6319,,144,,29.6
3897,12.6354,,144,,29.5667
3898,12.6388,,144,,29.5333
3899,12.6422,,144,,29.5
3900,12.6457,,144,,29.4667
3901,12.6492,,144,,29.4333
3902,12.6526,,144,,29.4
3903,12.656,,143.833,,29.3667
3904,12.6594,,143.667,,29.3333
3905,12.6628,,143.5,,29.3
3906,12.6663,,143.333,,29.2667
3907,12.6697,,143.167,,29.2333
3908,12.6731,,143,,29.2
3909,12.6766,,143,,29.2667
3910,12.6802,,143,,29.3333
3911,12.6837,,143,,29.4
3912,12.6873,,143,,29.4667
3913,12.6908,,143,,29.5333
3914,12.6944,,143,,29.6
3915,12.6975,,143,,29.5714
3916,12.7006,,143,,29.5429
3917,12.7037,,143,,29.5143
3918,12.7068,,143,,29.4857
3919,12.7099,,143,,29.4571
3920,12.713,,143,,29.4286
3921,12.7161,,143,,29.4
3922,12.7191,,143,,29.4
3923,12.722,,143,,29.4
3924,12.725,,143,,29.4
3925,12.728,,143,,29.4
3926,12.731,,143,,29.4
3927,12.7339,,143,,29.4
3928,12.7369,,143,,29.4
3929,12.7401,,143,,29.4
3930,12.7433,,143,,29.4
3931,12.7465,,143,,29.4
3932,12.7498,,143,,29.4
3933,12.753,,143,,29.4
3934,12.7562,,143,,29.4
3935,12.7594,,143,,29.4
3936,12.7627,,142.857,,29.3714
3937,12.766,,142.714,,29.3429
3938,12.7693,,142.571,,29.3143
3939,12.7726,,142.429,,29.2857
3940,12.7759,,142.286,,29.2571
3941,12.7792,,142.143,,29.2286
3942,12.7825,,142,,29.2
3943,12.7856,,142,,29.1714
3944,12.7887,,142,,29.1429
3945,12.7918,,142,,29.1143
3946,12.795,,142,,29.0857
3947,12.7981,,142,,29.0571
3948,12.8012,,142,,29.0286
3949,12.8043,,142,,29
3950,12.8075,,142,,29.0571
3951,12.8107,,142,,29.1143
3952,12.8139,,142,,29.1714
3953,12.8172,,142,,29.2286
3954,12.8204,,142,,29.2857
3955,12.8236,,142,,29.3429
3956,12.8268,,142,,29.4
3957,12.8301,,142,,29.4
3958,12.8335,,142,,29.4
3959,12.8369,,142,,29.4
3960,12.8402,,142,,29.4
3961,12.8435,,142,,29.4
3962,12.8469,,142,,29.4
3963,12.8502,,142,,29.4
3964,12.8536,,142,,29.4
3965,12.8569,,142,,29.4
3966,12.8603,,142,,29.4
3967,12.8636,,142,,29.4
3968,12.867,,142,,29.4
3969,12.8703,,142,,29.4
3970,12.874,,142.167,,29.4667
3971,12.8776,,142.333,,29.5333
3972,12.8812,,142.5,,29.6
3973,12.8849,,142.667,,29.6667
3974,12.8885,,142.833,,29.7333
3975,12.8922,,143,,29.8
3976,12.8954,,143,,29.7714
3977,12.8985,,143,,29.7429
3978,12.9017,,143,,29.7143
3979,12.9048,,143,,29.6857
3980,12.908,,143,,29.6571
3981,12.9111,,143,,29.6286
3982,12.9143,,143,,29.6
3983,12.9177,,143,,29.6
3984,12.9211,,143,,29.6
3985,12.9245,,143,,29.6
3986,12.9279,,143,,29.6
3987,12.9313,,143,,29.6
3988,12.9347,,143,,29.6
3989,12.9379,,143,,29.5714
3990,12.9412,,143,,29.5429
3991,12.9444,,143,,29.5143
3992,12.9476,,143,,29.4857
3993,12.9508,,143,,29.4571
3994,12.9541,,143,,29.4286
3995,12.9573,,143,,29.4
3996,12.9605,,142.857,,29.4
3997,12.9636,,142.714,,29.4
3998,12.9668,,142.571,,29.4
3999,12.97,,142.429,,29.4
4000,12.9732,,142.286,,29.4
4001,12.9763,,142.143,,29.4
4002,12.9795,,142,,29.4
4003,12.9826,,142,,29.35
4004,12.9858,,142,,29.3
4005,12.9889,,142,,29.25
4006,12.992,,142,,29.2
4007,12.9951,,142,,29.2857
4008,12.9982,,142,,29.3714
4009,13.0013,,142,,29.4571
4010,13.0045,,142,,29.5429
4011,13.0076,,142,,29.6286
4012,13.0107,,142,,29.7143
4013,13.0138,,142,,29.8
4014,13.0171,,142.143,,29.8286
4015,13.0204,,142.286,,29.8571
4016,13.0237,,142.429,,29.8857
4017,13.0271,,142.571,,29.9143
4018,13.0304,,142.714,,29.9429
4019,13.0337,,142.857,,29.9714
4020,13.037,,143,,30
4021,13.0406,,143.167,,30
4022,13.0442,,143.333,,30
4023,13.0478,,143.5,,30
4024,13.0513,,143.667,,30
4025,13.0549,,143.833,,30
4026,13.0585,,144,,30
4027,13.0622,,144,,29.9333
4028,13.0658,,144,,29.8667
4029,13.0695,,144,,29.8
4030,13.0732,,144,,29.7333
4031,13.0768,,144,,29.6667
4032,13.0805,,144,,29.6
4033,13.0838,,143.857,,29.6
4034,13.0872,,143.714,,29.6
4035,13.0905,,143.571,,29.6
4036,13.0939,,143.429,,29.6
4037,13.0972,,143.286,,29.6
4038,13.1006,,143.143,,29.6
4039,13.1039,,143,,29.6
4040,13.1071,,143,,29.6571
4041,13.1103,,143,,29.7143
4042,13.1135,,143,,29.7714
4043,13.1166,,143,,29.8286
4044,13.1198,,143,,29.8857
4045,13.123,,143,,29.9429
4046,13.1262,,143,,30
4047,13.1292,,142.857,,30.0286
4048,13.1323,,142.714,,30.0571
4049,13.1353,,142.571,,30.0857
4050,13.1384,,142.429,,30.1143
4051,13.1414,,142.286,,30.1429
4052,13.1445,,142.143,,30.1714
4053,13.1475,,142,,30.2
4054,13.1504,,141.857,,30.2
4055,13.1534,,141.714,,30.2
4056,13.1563,,141.571,,30.2
4057,13.1592,,141.429,,30.2
4058,13.1621,,141.286,,30.2
4059,13.1651,,141.143,,30.2
4060,13.168,,141,,30.2
4061,13.1714,,141,,30.2
4062,13.1747,,141,,30.2
4063,13.1781,,141,,30.2
4064,13.1815,,141,,30.2
4065,13.1848,,141,,30.2
4066,13.1882,,141,,30.2
4067,13.1915,,141.143,,30.2286
4068,13.1948,,141.286,,30.2571
4069,13.1981,,141.429,,30.2857
4070,13.2013,,141.571,,30.3143
4071,13.2046,,141.714,,30.3429
4072,13.2079,,141.857,,30.3714
4073,13.2112,,142,,30.4
4074,13.2143,,141.857,,30.3714
4075,13.2175,,141.714,,30.3429
4076,13.2206,,141.571,,30.3143
4077,13.2238,,141.429,,30.2857
4078,13.2269,,141.286,,30.2571
4079,13.2301,,141.143,,30.2286
4080,13.2332,,141,,30.2
4081,13.2366,,141,,30.2333
4082,13.24,,141,,30.2667
4083,13.2433,,141,,30.3
4084,13.2467,,141,,30.3333
4085,13.2501,,141,,30.3667
4086,13.2535,,141,,30.4
4087,13.2571,,141.167,,30.3333
4088,13.2607,,141.333,,30.2667
4089,13.2643,,141.5,,30.2
4090,13.2679,,141.667,,30.1333
4091,13.2715,,141.833,,30.0667
4092,13.2751,,142,,30
4093,13.2781,,142,,30
4094,13.2811,,142,,30
4095,13.2841,,142,,30
4096,13.2872,,142,,30
4097,13.2902,,142,,30
4098,13.2932,,142,,30
4099,13.2962,,142,,30
4100,13.2994,,142,,30
4101,13.3027,,142,,30
4102,13.3059,,142,,30
4103,13.3091,,142,,30
4104,13.3123,,142,,30
4105,13.3156,,142,,30
4106,13.3188,,142,,30
4107,13.3221,,142,,30
4108,13.3255,,142,,30
4109,13.3289,,142,,30
4110,13.3322,,142,,30
4111,13.3355,,142,,30
4112,13.3389,,142,,30
4113,13.3421,,142,,30.12
4114,13.3453,,142,,30.24
4115,13.3485,,142,,30.36
4116,13.3517,,142,,30.48
4117,13.3549,,142,,30.6
4118,13.3573,,142.143,,30.7429
4119,13.3598,,142.286,,30.8857
4120,13.3622,,142.429,,31.0286
4121,13.3647,,142.571,,31.1714
4122,13.3671,,142.714,,31.3143
4123,13.3696,,142.857,,31.4571
4124,13.372,,143,,31.6
4125,13.3748,,143,,31.8
4126,13.3782,,143,,31.7667
4127,13.3817,,143,,31.7333
4128,13.3851,,143,,31.7
4129,13.3886,,143,,31.6667
4130,13.392,,143,,31.6333
4131,13.3955,,143,,31.6
4132,13.3987,,143,,31.6
4133,13.402,,143,,31.6
4134,13.4052,,143,,31.6
4135,13.4085,,143,,31.6
4136,13.4117,,143,,31.6
4137,13.415,,143,,31.6
4138,13.4182,,143,,31.6
4139,13.4215,,142.857,,31.4857
4140,13.4248,,142.714,,31.3714
4141,13.4281,,142.571,,31.2571
4142,13.4314,,142.429,,31.1429
4143,13.4347,,142.286,,31.0286
4144,13.438,,142.143,,30.9143
4145,13.4413,,142,,30.8
4146,13.4447,,142.5,,30.8
4147,13.4481,,143,,30.8
4148,13.4518,,143.167,,30.8667
4149,13.4554,,143.333,,30.9333
4150,13.4591,,143.5,,31
4151,13.4628,,143.667,,31.0667
4152,13.4664,,143.833,,31.1333
4153,13.4701,,144,,31.2
4154,13.4735,,143.833,,31.1333
4155,13.477,,143.667,,31.0667
4156,13.4804,,143.5,,31
4157,13.4838,,143.333,,30.9333
4158,13.4873,,143.167,,30.8667
4159,13.4907,,143,,30.8
4160,13.4937,,143.143,,30.7714
4161,13.4968,,143.286,,30.7429
4162,13.4998,,143.429,,30.7143
4163,13.5028,,143.571,,30.6857
4164,13.5058,,143.714,,30.6571
4165,13.5089,,143.857,,30.6286
4166,13.5119,,144,,30.6
4167,13.5153,,144,,30.6
4168,13.5187,,144,,30.6
4169,13.5221,,144,,30.6
4170,13.5256,,144,,30.6
4171,13.529,,144,,30.6
4172,13.5324,,144,,30.6
4173,13.5357,,144,,30.6
4174,13.539,,144,,30.6
4175,13.5423,,144,,30.6
4176,13.5455,,144,,30.6
4177,13.5488,,144,,30.6
4178,13.5521,,144,,30.6
4179,13.5554,,144,,30.6
4180,13.5587,,144,,30.6
4181,13.5621,,144,,30.6
4182,13.5654,,144,,30.6
4183,13.5687,,144,,30.6
4184,13.5721,,144,,30.6
4185,13.5754,,144,,30.6
4186,13.5791,,144,,30.6333
4187,13.5827,,144,,30.6667
4188,13.5864,,144,,30.7
4189,13.5901,,144,,30.7333
4190,13.5937,,144,,30.7667
4191,13.5974,,144,,30.8
4192,13.6008,,144,,30.7667
4193,13.6042,,144,,30.7333
4194,13.6077,,144,,30.7
4195,13.6111,,144,,30.6667
4196,13.6145,,144,,30.6333
4197,13.6179,,144,,30.6
4198,13.6212,,143.857,,30.6286
4199,13.6245,,143.714,,30.6571
4200,13.6278,,143.571,,30.6857
4201,13.631,,143.429,,30.7143
4202,13.6343,,143.286,,30.7429
4203,13.6376,,143.143,,30.7714
4204,13.6409,,143,,30.8
4205,13.6441,,143.143,,30.8286
4206,13.6472,,143.286,,30.8571
4207,13.6504,,143.429,,30.8857
4208,13.6536,,143.571,,30.9143
4209,13.6568,,143.714,,30.9429
4210,13.6599,,143.857,,30.9714
4211,13.6631,,144,,31
4212,13.6661,,144,,30.9714
4213,13.6691,,144,,30.9429
4214,13.6721,,144,,30.9143
4215,13.6752,,144,,30.8857
4216,13.6782,,144,,30.8571
4217,13.6812,,144,,30.8286
4218,13.6842,,144,,30.8
4219,13.6874,,143.857,,30.7714
4220,13.6905,,143.714,,30.7429
4221,13.6937,,143.571,,30.7143
4222,13.6969,,143.429,,30.6857
4223,13.7001,,143.286,,30.6571
4224,13.7032,,143.143,,30.6286
4225,13.7064,,143,,30.6
4226,13.7103,,143.167,,30.6
4227,13.7142,,143.333,,30.6
4228,13.7181,,143.5,,30.6
4229,13.7221,,143.667,,30.6
4230,13.726,,143.833,,30.6
4231,13.7299,,144,,30.6
4232,13.7336,,144,,30.6667
4233,13.7372,,144,,30.7333
4234,13.7409,,144,,30.8
4235,13.7446,,144,,30.8667
4236,13.7482,,144,,30.9333
4237,13.7519,,144,,31
4238,13.7552,,143.857,,31
4239,13.7585,,143.714,,31
4240,13.7618,,143.571,,31
4241,13.7652,,143.429,,31
4242,13.7685,,143.286,,31
4243,13.7718,,143.143,,31
4244,13.7751,,143,,31
4245,13.7785,,143.167,,30.9667
4246,13.7819,,143.333,,30.9333
4247,13.7852,,143.5,,30.9
4248,13.7886,,143.667,,30.8667
4249,13.792,,143.833,,30.8333
4250,13.7954,,144,,30.8
4251,13.7988,,144,,30.8
4252,13.8021,,144,,30.8
4253,13.8055,,144,,30.8
4254,13.8089,,144,,30.8
4255,13.8122,,144,,30.8
4256,13.8156,,144,,30.8
4257,13.8188,,143.857,,30.8
4258,13.8221,,143.714,,30.8
4259,13.8253,,143.571,,30.8
4260,13.8286,,143.429,,30.8
4261,13.8318,,143.286,,30.8
4262,13.8351,,143.143,,30.8
4263,13.8383,,143,,30.8
4264,13.8413,,143,,30.8286
4265,13.8443,,143,,30.8571
4266,13.8473,,143,,30.8857
4267,13.8502,,143,,30.9143
4268,13.8532,,143,,30.9429
4269,13.8562,,143,,30.9714
4270,13.8592,,143,,31
4271,13.8621,,143,,30.9714
4272,13.8649,,143,,30.9429
4273,13.8678,,143,,30.9143
4274,13.8707,,143,,30.8857
4275,13.8736,,143,,30.8571
4276,13.8764,,143,,30.8286
4277,13.8793,,143,,30.8
4278,13.8824,,142.857,,30.8286
4279,13.8856,,142.714,,30.8571
4280,13.8887,,142.571,,30.8857
4281,13.8919,,142.429,,30.9143
4282,13.895,,142.286,,30.9429
4283,13.8982,,142.143,,30.9714
4284,13.9013,,142,,31
4285,13.9046,,142,,31
4286,13.9078,,142,,31
4287,13.9111,,142,,31
4288,13.9143,,142,,31
4289,13.9176,,142,,31
4290,13.9208,,142,,31
4291,13.9241,,142,,31
4292,13.9272,,142.143,,30.9714
4293,13.9304,,142.286,,30.9429
4294,13.9335,,142.429,,30.9143
4295,13.9366,,142.571,,30.8857
4296,13.9397,,142.714,,30.8571
4297,13.9429,,142.857,,30.8286
4298,13.946,,143,,30.8
4299,13.949,,143,,30.8
4300,13.9521,,143,,30.8
4301,13.9551,,143,,30.8
4302,13.9582,,143,,30.8
4303,13.9612,,143,,30.8
4304,13.9643,,143,,30.8
4305,13.9673,,143,,30.8
4306,13.9705,,143,,30.7714
4307,13.9738,,143,,30.7429
4308,13.977,,143,,30.7143
4309,13.9802,,143,,30.6857
4310,13.9834,,143,,30.6571
4311,13.9867,,143,,30.6286
4312,13.9899,,143,,30.6
4313,13.9933,,143,,30.6
4314,13.9972,,143.167,,30.7
4315,14.0011,,143.333,,30.8
4316,14.0049,,143.5,,30.9
4317,14.0088,,143.667,,31
4318,14.0127,,143.833,,31.1
4319,14.0166,,144,,31.2
4320,14.0201,,144,,31.1333
4321,14.0237,,144,,31.0667
4322,14.0272,,144,,31
4323,14.0307,,144,,30.9333
4324,14.0343,,144,,30.8667
4325,14.0378,,144,,30.8
4326,14.0412,,143.833,,30.8
4327,14.0446,,143.667,,30.8
4328,14.048,,143.5,,30.8
4329,14.0514,,143.333,,30.8
4330,14.0548,,143.167,,30.8
4331,14.0582,,143,,30.8
4332,14.0615,,143.143,,30.8286
4333,14.0649,,143.286,,30.8571
4334,14.0682,,143.429,,30.8857
4335,14.0716,,143.571,,30.9143
4336,14.0749,,143.714,,30.9429
4337,14.0783,,143.857,,30.9714
4338,14.0816,,144,,31
4339,14.0853,,144,,30.9667
4340,14.0889,,144,,30.9333
4341,14.0926,,144,,30.9
4342,14.0963,,144,,30.8667
4343,14.0999,,144,,30.8333
4344,14.1036,,144,,30.8
4345,14.1073,,144,,30.8
4346,14.111,,144,,30.8
4347,14.1147,,144,,30.8
4348,14.1184,,144,,30.8
4349,14.1221,,144,,30.8
4350,14.1258,,144,,30.8
4351,14.1296,,144,,30.8
4352,14.1335,,144,,30.8
4353,14.1373,,144,,30.8
4354,14.1412,,144,,30.8
4355,14.145,,144,,30.8
4356,14.1489,,144,,30.8
4357,14.1523,,143.833,,30.7667
4358,14.1557,,143.667,,30.7333
4359,14.1591,,143.5,,30.7
4360,14.1626,,143.333,,30.6667
4361,14.166,,143.167,,30.6333
4362,14.1694,,143,,30.6
4363,14.1728,,143,,30.6667
4364,14.1763,,143,,30.7333
4365,14.1798,,143,,30.8
4366,14.1832,,143,,30.8667
4367,14.1866,,143,,30.9333
4368,14.1901,,143,,31
4369,14.1933,,143,,30.9714
4370,14.1966,,143,,30.9429
4371,14.1998,,143,,30.9143
4372,14.203,,143,,30.8857
4373,14.2062,,143,,30.8571
4374,14.2095,,143,,30.8286
4375,14.2127,,143,,30.8
4376,14.2159,,143,,30.8571
4377,14.219,,143,,30.9143
4378,14.2222,,143,,30.9714
4379,14.2254,,143,,31.0286
4380,14.2286,,143,,31.0857
4381,14.2317,,143,,31.1429
4382,14.2349,,143,,31.2
4383,14.2379,,143.143,,31.1714
4384,14.2409,,143.286,,31.1429
4385,14.2439,,143.429,,31.1143
4386,14.2469,,143.571,,31.0857
4387,14.2499,,143.714,,31.0571
4388,14.2529,,143.857,,31.0286
4389,14.2559,,144,,31
4390,14.2593,,144.167,,31.0667
4391,14.2626,,144.333,,31.1333
4392,14.266,,144.5,,31.2
4393,14.2694,,144.667,,31.2667
4394,14.2727,,144.833,,31.3333
4395,14.2761,,145,,31.4
4396,14.2795,,145,,31.3333
4397,14.2829,,145,,31.2667
4398,14.2863,,145,,31.2
4399,14.2897,,145,,31.1333
4400,14.2931,,145,,31.0667
4401,14.2965,,145,,31
4402,14.3,,144.833,,31.0667
4403,14.3035,,144.667,,31.1333
4404,14.307,,144.5,,31.2
4405,14.3105,,144.333,,31.2667
4406,14.314,,144.167,,31.3333
4407,14.3175,,144,,31.4
4408,14.3209,,144.167,,31.4
4409,14.3243,,144.333,,31.4
4410,14.3277,,144.5,,31.4
4411,14.331,,144.667,,31.4
4412,14.3344,,144.833,,31.4
4413,14.3378,,145,,31.4
4414,14.3409,,144.857,,31.4286
4415,14.3441,,144.714,,31.4571
4416,14.3472,,144.571,,31.4857
4417,14.3504,,144.429,,31.5143
4418,14.3535,,144.286,,31.5429
4419,14.3567,,144.143,,31.5714
4420,14.3598,,144,,31.6
4421,14.3628,,144,,31.5714
4422,14.3659,,144,,31.5429
4423,14.3689,,144,,31.5143
4424,14.372,,144,,31.4857
4425,14.375,,144,,31.4571
4426,14.3781,,144,,31.4286
4427,14.3811,,144,,31.4
4428,14.3843,,143.714,,31.4286
4429,14.3875,,143.429,,31.4571
4430,14.3907,,143.143,,31.4857
4431,14.3939,,142.857,,31.5143
4432,14.3971,,142.571,,31.5429
4433,14.4003,,142.286,,31.5714
4434,14.4035,,142,,31.6
4435,14.4069,,142.167,,31.5333
4436,14.4102,,142.333,,31.4667
4437,14.4136,,142.5,,31.4
4438,14.417,,142.667,,31.3333
4439,14.4203,,142.833,,31.2667
4440,14.4237,,143,,31.2
4441,14.4271,,143,,31.2
4442,14.4306,,143,,31.2
4443,14.434,,143,,31.2
4444,14.4374,,143,,31.2
4445,14.4409,,143,,31.2
4446,14.4443,,143,,31.2
4447,14.4476,,143,,31.2286
4448,14.4508,,143,,31.2571
4449,14.4541,,143,,31.2857
4450,14.4573,,143,,31.3143
4451,14.4606,,143,,31.3429
4452,14.4638,,143,,31.3714
4453,14.4671,,143,,31.4
4454,14.4703,,142.857,,31.4
4455,14.4735,,142.714,,31.4
4456,14.4767,,142.571,,31.4
4457,14.48,,142.429,,31.4
4458,14.4832,,142.286,,31.4
4459,14.4864,,142.143,,31.4
4460,14.4896,,142,,31.4
4461,14.4929,,141.857,,31.4
4462,14.4963,,141.714,,31.4
4463,14.4996,,141.571,,31.4
4464,14.503,,141.429,,31.4
4465,14.5063,,141.286,,31.4
4466,14.5097,,141.143,,31.4
4467,14.513,,141,,31.4
4468,14.5164,,141.167,,31.4667
4469,14.5198,,141.333,,31.5333
4470,14.5232,,141.5,,31.6
4471,14.5267,,141.667,,31.6667
4472,14.5301,,141.833,,31.7333
4473,14.5335,,142,,31.8
4474,14.5369,,142.167,,31.7667
4475,14.5403,,142.333,,31.7333
4476,14.5437,,142.5,,31.7
4477,14.5471,,142.667,,31.6667
4478,14.5505,,142.833,,31.6333
4479,14.5539,,143,,31.6
4480,14.5571,,143,,31.6667
4481,14.5604,,143,,31.7333
4482,14.5636,,143,,31.8
4483,14.5666,,143,,31.8571
4484,14.5695,,143,,31.9143
4485,14.5725,,143,,31.9714
4486,14.5755,,143,,32.0286
4487,14.5785,,143,,32.0857
4488,14.5814,,143,,32.1429
4489,14.5844,,143,,32.2
4490,14.5874,,142.857,,32.1429
4491,14.5904,,142.714,,32.0857
4492,14.5934,,142.571,,32.0286
4493,14.5964,,142.429,,31.9714
4494,14.5994,,142.286,,31.9143
4495,14.6024,,142.143,,31.8571
4496,14.6054,,142,,31.8
4497,14.6085,,141.857,,31.8286
4498,14.6116,,141.714,,31.8571
4499,14.6147,,141.571,,31.8857
4500,14.6178,,141.429,,31.9143
4501,14.6209,,141.286,,31.9429
4502,14.624,,141.143,,31.9714
4503,14.6271,,141,,32
4504,14.6304,,141,,32.0333
4505,14.6338,,141,,32.0667
4506,14.6372,,141,,32.1
4507,14.6405,,141,,32.1333
4508,14.6438,,141,,32.1667
4509,14.6472,,141,,32.2
4510,14.6506,,141,,32.1667
4511,14.6539,,141,,32.1333
4512,14.6573,,141,,32.1
4513,14.6607,,141,,32.0667
4514,14.664,,141,,32.0333
4515,14.6674,,141,,32
4516,14.6707,,141,,32.0571
4517,14.6739,,141,,32.1143
4518,14.6772,,141,,32.1714
4519,14.6805,,141,,32.2286
4520,14.6838,,141,,32.2857
4521,14.687,,141,,32.3429
4522,14.6903,,141,,32.4
4523,14.6938,,141.167,,32.4667
4524,14.6972,,141.333,,32.5333
4525,14.7007,,141.5,,32.6
4526,14.7042,,141.667,,32.6667
4527,14.7076,,141.833,,32.7333
4528,14.7111,,142,,32.8
4529,14.7144,,142,,32.8
4530,14.7177,,142,,32.8
4531,14.7209,,142.143,,32.8857
4532,14.7241,,142.286,,32.9714
4533,14.7273,,142.429,,33.0571
4534,14.7304,,142.571,,33.1429
4535,14.7336,,142.714,,33.2286
4536,14.7368,,142.857,,33.3143
4537,14.74,,143,,33.4
4538,14.7432,,143,,33.4571
4539,14.7463,,143,,33.5143
4540,14.7495,,143,,33.5714
4541,14.7527,,143,,33.6286
4542,14.7559,,143,,33.6857
4543,14.759,,143,,33.7429
4544,14.7622,,143,,33.8
4545,14.765,,143,,33.8
4546,14.7681,,143,,33.8571
4547,14.7712,,143,,33.9143
4548,14.7743,,143,,33.9714
4549,14.7775,,143,,34.0286
4550,14.7806,,143,,34.0857
4551,14.7837,,143,,34.1429
4552,14.7868,,143,,34.2
4553,14.7902,,143.143,,34.2571
4554,14.7936,,143.286,,34.3143
4555,14.797,,143.429,,34.3714
4556,14.8003,,143.571,,34.4286
4557,14.8037,,143.714,,34.4857
4558,14.8071,,143.857,,34.5429
4559,14.8105,,144,,34.6
4560,14.8136,,144,,34.68
4561,14.8167,,144,,34.76
4562,14.8199,,144,,34.84
4563,14.823,,144,,34.92
4564,14.8261,,144,,35
4565,14.8293,,144,,35.0857
4566,14.8326,,144,,35.1714
4567,14.8358,,144,,35.2571
4568,14.839,,144,,35.3429
4569,14.8422,,144,,35.4286
4570,14.8455,,144,,35.5143
4571,14.8487,,144,,35.6
4572,14.8515,,144.167,,35.6667
4573,14.8543,,144.333,,35.7333
4574,14.8571,,144.5,,35.8
4575,14.86,,144.667,,35.8667
4576,14.8628,,144.833,,35.9333
4577,14.8656,,145,,36
4578,14.8692,,145,,36.0667
4579,14.8728,,145,,36.1333
4580,14.8763,,145,,36.2
4581,14.8799,,145,,36.2667
4582,14.8835,,145,,36.3333
4583,14.8871,,145,,36.4
4584,14.8904,,145.167,,36.4
4585,14.8938,,145.333,,36.4
4586,14.8971,,145.5,,36.4
4587,14.9005,,145.667,,36.4
4588,14.9039,,145.833,,36.4
4589,14.9072,,146,,36.4
4590,14.9105,,146,,36.5
4591,14.9138,,146,,36.6
4592,14.917,,146,,36.7
4593,14.9202,,146,,36.8
4594,14.9235,,146,,36.9
4595,14.9267,,146,,37
4596,14.9297,,145.857,,37.0286
4597,14.9327,,145.714,,37.0571
4598,14.9357,,145.571,,37.0857
4599,14.9388,,145.429,,37.1143
4600,14.9418,,145.286,,37.1429
4601,14.9448,,145.143,,37.1714
4602,14.9478,,145,,37.2
4603,14.9507,,144.857,,37.2
4604,14.9535,,144.714,,37.2
4605,14.9564,,144.571,,37.2
4606,14.9593,,144.429,,37.2
4607,14.9622,,144.286,,37.2
4608,14.965,,144.143,,37.2
4609,14.9679,,144,,37.2
4610,14.9715,,143.833,,37.2333
4611,14.975,,143.667,,37.2667
4612,14.9786,,143.5,,37.3
4613,14.9822,,143.333,,37.3333
4614,14.9857,,143.167,,37.3667
4615,14.9893,,143,,37.4
4616,14.9924,,143,,37.4
4617,14.9962,,143,,37.4333
4618,14.9999,,143,,37.4667
4619,15.0037,,143,,37.5
4620,15.0075,,143,,37.5333
4621,15.0112,,143,,37.5667
4622,15.015,,143,,37.6
4623,15.018,,143.143,,37.5714
4624,15.0209,,143.286,,37.5429
4625,15.0239,,143.429,,37.5143
4626,15.0269,,143.571,,37.4857
4627,15.0299,,143.714,,37.4571
4628,15.0328,,143.857,,37.4286
4629,15.0358,,144,,37.4
4630,15.0388,,143.833,,37.4333
4631,15.0418,,143.667,,37.4667
4632,15.0447,,143.5,,37.5
4633,15.0477,,143.333,,37.5333
4634,15.0507,,143.167,,37.5667
4635,15.0537,,143,,37.6
4636,15.0564,,143,,37.5667
4637,15.0592,,143,,37.5333
4638,15.0619,,143,,37.5
4639,15.0646,,143,,37.4667
4640,15.0674,,143,,37.4333
4641,15.0701,,143,,37.4
4642,15.0725,,143,,37.4
4643,15.075,,143,,37.4
4644,15.0782,,142.857,,37.4286
4645,15.0814,,142.714,,37.4571
4646,15.0846,,142.571,,37.4857
4647,15.0878,,142.429,,37.5143
4648,15.091,,142.286,,37.5429
4649,15.0942,,142.143,,37.5714
4650,15.0974,,142,,37.6
4651,15.1003,,141.857,,37.6
4652,15.1032,,141.714,,37.6
4653,15.1061,,141.571,,37.6
4654,15.1089,,141.429,,37.6
4655,15.1118,,141.286,,37.6
4656,15.1147,,141.143,,37.6
4657,15.1176,,141,,37.6
4658,15.121,,141.167,,37.6333
4659,15.1244,,141.333,,37.6667
4660,15.1278,,141.5,,37.7
4661,15.1312,,141.667,,37.7333
4662,15.1346,,141.833,,37.7667
4663,15.138,,142,,37.8
4664,15.1414,,141.833,,37.8
4665,15.1448,,141.667,,37.8
4666,15.1481,,141.5,,37.8
4667,15.1515,,141.333,,37.8
4668,15.1549,,141.167,,37.8
4669,15.1583,,141,,37.8
4670,15.162,,141.167,,37.8333
4671,15.1656,,141.333,,37.8667
4672,15.1693,,141.5,,37.9
4673,15.173,,141.667,,37.9333
4674,15.1766,,141.833,,37.9667
4675,15.1803,,142,,38
4676,15.1846,,142,,37.92
4677,15.1889,,142,,37.84
4678,15.1932,,142,,37.76
4679,15.1975,,142,,37.68
4680,15.2018,,142,,37.6
4681,15.2048,,142,,37.6
4682,15.2078,,142,,37.6
4683,15.2108,,142,,37.6
4684,15.2139,,142,,37.6
4685,15.2169,,142,,37.6
4686,15.2199,,142,,37.6
4687,15.2229,,142,,37.6
4688,15.2258,,142,,37.5429
4689,15.2287,,142,,37.4857
4690,15.2316,,142,,37.4286
4691,15.2344,,142,,37.3714
4692,15.2373,,142,,37.3143
4693,15.2402,,142,,37.2571
4694,15.2431,,142,,37.2
4695,15.2465,,142,,37.2286
4696,15.2498,,142,,37.2571
4697,15.2532,,142,,37.2857
4698,15.2565,,142,,37.3143
4699,15.2599,,142,,37.3429
4700,15.2632,,142,,37.3714
4701,15.2666,,142,,37.4
4702,15.2697,,142,,37.4
4703,15.2728,,142,,37.4
4704,15.2759,,142,,37.4
4705,15.2789,,142,,37.4
4706,15.282,,142,,37.4
4707,15.2851,,142,,37.4
4708,15.2882,,142,,37.4
4709,15.2921,,141.833,,37.3667
4710,15.2961,,141.667,,37.3333
4711,15.3001,,141.5,,37.3
4712,15.304,,141.333,,37.2667
4713,15.3079,,141.167,,37.2333
4714,15.3119,,141,,37.2
4715,15.3153,,141.167,,37.1667
4716,15.3188,,141.333,,37.1333
4717,15.3222,,141.5,,37.1
4718,15.3256,,141.667,,37.0667
4719,15.3291,,141.833,,37.0333
4720,15.3325,,142,,37
4721,15.3361,,141.833,,37.1
4722,15.3397,,141.667,,37.2
4723,15.3433,,141.5,,37.3
4724,15.347,,141.333,,37.4
4725,15.3506,,141.167,,37.5
4726,15.3542,,141,,37.6
4727,15.3576,,141,,37.6333
4728,15.361,,141,,37.6667
4729,15.3644,,141,,37.7
4730,15.3678,,141,,37.7333
4731,15.3712,,141,,37.7667
4732,15.3746,,141,,37.8
4733,15.3777,,141.143,,37.8
4734,15.3808,,141.286,,37.8
4735,15.3839,,141.429,,37.8
4736,15.3871,,141.571,,37.8
4737,15.3902,,141.714,,37.8
4738,15.3933,,141.857,,37.8
4739,15.3964,,142,,37.8
4740,15.4001,,142.167,,37.7667
4741,15.4038,,142.333,,37.7333
4742,15.4075,,142.5,,37.7
4743,15.4112,,142.667,,37.6667
4744,15.4149,,142.833,,37.6333
4745,15.4186,,143,,37.6
4746,15.4217,,142.857,,37.6286
4747,15.4249,,142.714,,37.6571
4748,15.428,,142.571,,37.6857
4749,15.4312,,142.429,,37.7143
4750,15.4343,,142.286,,37.7429
4751,15.4375,,142.143,,37.7714
4752,15.4406,,142,,37.8
4753,15.444,,142,,37.85
4754,15.4475,,142,,37.9
4755,15.4509,,142,,37.95
4756,15.4544,,142,,38
4757,15.4579,,142.8,,38.04
4758,15.4614,,143.6,,38.08
4759,15.4648,,144.4,,38.12
4760,15.4683,,145.2,,38.16
4761,15.4718,,146,,38.2
4762,15.4753,,145.667,,38.1
4763,15.4788,,145.333,,38
4764,15.4822,,145,,37.9
4765,15.4857,,144.667,,37.8
4766,15.4892,,144.333,,37.7
4767,15.4927,,144,,37.6
4768,15.496,,143.857,,37.6571
4769,15.4992,,143.714,,37.7143
4770,15.5025,,143.571,,37.7714
4771,15.5057,,143.429,,37.8286
4772,15.509,,143.286,,37.8857
4773,15.5122,,143.143,,37.9429
4774,15.5155,,143,,38
4775,15.5184,,143,,37.9429
4776,15.5213,,143,,37.8857
4777,15.5242,,143,,37.8286
4778,15.5271,,143,,37.7714
4779,15.53,,143,,37.7143
4780,15.5329,,143,,37.6571
4781,15.5358,,143,,37.6
4782,15.5393,,143,,37.6
4783,15.5428,,143,,37.6
4784,15.5464,,143,,37.6
4785,15.5499,,143,,37.6
4786,15.5534,,143,,37.6
4787,15.5569,,143,,37.6
4788,15.5599,,143.143,,37.6286
4789,15.563,,143.286,,37.6571
4790,15.566,,143.429,,37.6857
4791,15.569,,143.571,,37.7143
4792,15.572,,143.714,,37.7429
4793,15.5751,,143.857,,37.7714
4794,15.5781,,144,,37.8
4795,15.5798,,144,,37.8
4796,15.5816,,144,,37.8
4797,15.5847,,144,,37.8857
4798,15.5878,,144,,37.9714
4799,15.5909,,144,,38.0571
4800,15.5941,,144,,38.1429
4801,15.5972,,144,,38.2286
4802,15.6003,,144,,38.3143
4803,15.6034,,144,,38.4
4804,15.6066,,144.143,,38.3714
4805,15.6099,,144.286,,38.3429
4806,15.6131,,144.429,,38.3143
4807,15.6164,,144.571,,38.2857
4808,15.6196,,144.714,,38.2571
4809,15.6229,,144.857,,38.2286
4810,15.6261,,145,,38.2
4811,15.6298,,145.167,,38.1667
4812,15.6334,,145.333,,38.1333
4813,15.6371,,145.5,,38.1
4814,15.6408,,145.667,,38.0667
4815,15.6444,,145.833,,38.0333
4816,15.6481,,146,,38
4817,15.6519,,146,,37.9333
4818,15.6557,,146,,37.8667
4819,15.6594,,146,,37.8
4820,15.6632,,146,,37.7333
4821,15.667,,146,,37.6667
4822,15.6708,,146,,37.6
4823,15.6742,,146,,37.5667
4824,15.6776,,146,,37.5333
4825,15.6809,,146,,37.5
4826,15.6843,,146,,37.4667
4827,15.6877,,146,,37.4333
4828,15.6911,,146,,37.4
4829,15.6943,,145.857,,37.4857
4830,15.6974,,145.714,,37.5714
4831,15.7006,,145.571,,37.6571
4832,15.7037,,145.429,,37.7429
4833,15.7069,,145.286,,37.8286
4834,15.71,,145.143,,37.9143
4835,15.7132,,145,,38
4836,15.7168,,144.833,,37.9667
4837,15.7204,,144.667,,37.9333
4838,15.7239,,144.5,,37.9
4839,15.7275,,144.333,,37.8667
4840,15.7311,,144.167,,37.8333
4841,15.7347,,144,,37.8
4842,15.7378,,144,,37.7714
4843,15.741,,144,,37.7429
4844,15.7441,,144,,37.7143
4845,15.7472,,144,,37.6857
4846,15.7503,,144,,37.6571
4847,15.7535,,144,,37.6286
4848,15.7566,,144,,37.6
4849,15.7595,,144,,37.6571
4850,15.7624,,144,,37.7143
4851,15.7653,,144,,37.7714
4852,15.7681,,144,,37.8286
4853,15.771,,144,,37.8857
4854,15.7739,,144,,37.9429
4855,15.7768,,144,,38
4856,15.781,,144,,38
4857,15.7852,,144,,38
4858,15.7895,,144,,38
4859,15.7937,,144,,38
4860,15.7979,,144,,38
4861,15.8021,,144,,38
4862,15.8065,,144,,38.04
4863,15.8109,,144,,38.08
4864,15.8152,,144,,38.12
4865,15.8196,,144,,38.16
4866,15.824,,144,,38.2
4867,15.8278,,143.833,,38.1667
4868,15.8316,,143.667,,38.1333
4869,15.8354,,143.5,,38.1
4870,15.8391,,143.333,,38.0667
4871,15.8429,,143.167,,38.0333
4872,15.8467,,143,,38
4873,15.85,,143.286,,38.0286
4874,15.8532,,143.571,,38.0571
4875,15.8565,,143.857,,38.0857
4876,15.8598,,144.143,,38.1143
4877,15.8631,,144.429,,38.1429
4878,15.8663,,144.714,,38.1714
4879,15.8696,,145,,38.2
4880,15.8729,,145.286,,38.2286
4881,15.8761,,145.571,,38.2571
4882,15.8794,,145.857,,38.2857
4883,15.8827,,146.143,,38.3143
4884,15.886,,146.429,,38.3429
4885,15.8892,,146.714,,38.3714
4886,15.8925,,147,,38.4
4887,15.896,,147,,38.3333
4888,15.8994,,147,,38.2667
4889,15.9028,,147,,38.2
4890,15.9063,,147,,38.1333
4891,15.9098,,147,,38.0667
4892,15.9132,,147,,38
4893,15.9165,,147,,38.0571
4894,15.9198,,147,,38.1143
4895,15.9231,,147,,38.1714
4896,15.9263,,147,,38.2286
4897,15.9296,,147,,38.2857
4898,15.9329,,147,,38.3429
4899,15.9362,,147,,38.4
4900,15.9395,,147,,38.4571
4901,15.9428,,147,,38.5143
4902,15.9461,,147,,38.5714
4903,15.9495,,147,,38.6286
4904,15.9528,,147,,38.6857
4905,15.9561,,147,,38.7429
4906,15.9594,,147,,38.8
4907,15.9628,,146.857,,38.7429
4908,15.9662,,146.714,,38.6857
4909,15.9696,,146.571,,38.6286
4910,15.9729,,146.429,,38.5714
4911,15.9763,,146.286,,38.5143
4912,15.9797,,146.143,,38.4571
4913,15.9831,,146,,38.4
4914,15.9864,,145.667,,38.4
4915,15.9896,,145.333,,38.4
4916,15.9929,,145,,38.4
4917,15.9967,,145.167,,38.4333
4918,16.0005,,145.333,,38.4667
4919,16.0043,,145.5,,38.5
4920,16.0081,,145.667,,38.5333
4921,16.0119,,145.833,,38.5667
4922,16.0157,,146,,38.6
4923,16.0191,,146,,38.5333
4924,16.0225,,146,,38.4667
4925,16.026,,146,,38.4
4926,16.0294,,146,,38.3333
4927,16.0328,,146,,38.2667
4928,16.0362,,146,,38.2
4929,16.0396,,146.167,,38.2333
4930,16.043,,146.333,,38.2667
4931,16.0464,,146.5,,38.3
4932,16.0498,,146.667,,38.3333
4933,16.0532,,146.833,,38.3667
4934,16.0566,,147,,38.4
4935,16.06,,146.833,,38.4
4936,16.0633,,146.667,,38.4
4937,16.0667,,146.5,,38.4
4938,16.0701,,146.333,,38.4
4939,16.0734,,146.167,,38.4
4940,16.0768,,146,,38.4
4941,16.0801,,146.143,,38.3714
4942,16.0833,,146.286,,38.3429
4943,16.0866,,146.429,,38.3143
4944,16.0899,,146.571,,38.2857
4945,16.0932,,146.714,,38.2571
4946,16.0964,,146.857,,38.2286
4947,16.0997,,147,,38.2
4948,16.1028,,146.857,,38.2286
4949,16.1058,,146.714,,38.2571
4950,16.1089,,146.571,,38.2857
4951,16.112,,146.429,,38.3143
4952,16.1151,,146.286,,38.3429
4953,16.1181,,146.143,,38.3714
4954,16.1212,,146,,38.4
4955,16.1246,,146,,38.4
4956,16.128,,146,,38.4
4957,16.1314,,146,,38.4
4958,16.1348,,146,,38.4
4959,16.1382,,146,,38.4
4960,16.1416,,146,,38.4
4961,16.145,,146,,38.3667
4962,16.1483,,146,,38.3333
4963,16.1517,,146,,38.3
4964,16.155,,146,,38.2667
4965,16.1583,,146,,38.2333
4966,16.1617,,146,,38.2
4967,16.1652,,146,,38.2333
4968,16.1686,,146,,38.2667
4969,16.1721,,146,,38.3
4970,16.1755,,146,,38.3333
4971,16.179,,146,,38.3667
4972,16.1824,,146,,38.4
4973,16.1857,,145.857,,38.4286
4974,16.189,,145.714,,38.4571
4975,16.1923,,145.571,,38.4857
4976,16.1956,,145.429,,38.5143
4977,16.1989,,145.286,,38.5429
4978,16.2022,,145.143,,38.5714
4979,16.2055,,145,,38.6
4980,16.2089,,145,,38.6667
4981,16.2122,,145,,38.7333
4982,16.2156,,145,,38.8
4983,16.2189,,145,,38.8667
4984,16.2222,,145,,38.9333
4985,16.2256,,145,,39
4986,16.2289,,145.143,,39.0286
4987,16.2323,,145.286,,39.0571
4988,16.2356,,145.429,,39.0857
4989,16.2389,,145.571,,39.1143
4990,16.2422,,145.714,,39.1429
4991,16.2456,,145.857,,39.1714
4992,16.2489,,146,,39.2
4993,16.2522,,145.833,,39.0667
4994,16.2556,,145.667,,38.9333
4995,16.2589,,145.5,,38.8
4996,16.2622,,145.333,,38.6667
4997,16.2656,,145.167,,38.5333
4998,16.2689,,145,,38.4
4999,16.2724,,145.167,,38.4
5000,16.2758,,145.333,,38.4
5001,16.2793,,145.5,,38.4
5002,16.2827,,145.667,,38.4
5003,16.2861,,145.833,,38.4
5004,16.2896,,146,,38.4
5005,16.293,,145.833,,38.4
5006,16.2964,,145.667,,38.4
5007,16.2997,,145.5,,38.4
5008,16.3031,,145.333,,38.4
5009,16.3065,,145.167,,38.4
5010,16.3099,,145,,38.4
5011,16.3133,,145,,38.4667
5012,16.3167,,145,,38.5333
5013,16.3201,,145,,38.6
5014,16.3234,,145,,38.6667
5015,16.3268,,145,,38.7333
5016,16.3302,,145,,38.8
5017,16.3336,,145,,38.8
5018,16.3369,,145,,38.8
5019,16.3403,,145,,38.8
5020,16.3437,,145,,38.8
5021,16.347,,145,,38.8
5022,16.3504,,145,,38.8
5023,16.3539,,145,,38.7
5024,16.3574,,145,,38.6
5025,16.3609,,145,,38.5
5026,16.3645,,145,,38.4
5027,16.368,,145,,38.3
5028,16.3715,,145,,38.2
5029,16.3746,,145,,38.1333
5030,16.3777,,145,,38.0667
5031,16.3808,,145,,38
5032,16.3841,,145.143,,38.0286
5033,16.3873,,145.286,,38.0571
5034,16.3906,,145.429,,38.0857
5035,16.3939,,145.571,,38.1143
5036,16.3972,,145.714,,38.1429
5037,16.4004,,145.857,,38.1714
5038,16.4037,,146,,38.2
5039,16.4067,,146.143,,38.3429
5040,16.4096,,146.286,,38.4857
5041,16.4126,,146.429,,38.6286
5042,16.4156,,146.571,,38.7714
5043,16.4186,,146.714,,38.9143
5044,16.4215,,146.857,,39.0571
5045,16.4245,,147,,39.2
5046,16.4279,,147.167,,39.2333
5047,16.4312,,147.333,,39.2667
5048,16.4346,,147.5,,39.3
5049,16.438,,147.667,,39.3333
5050,16.4413,,147.833,,39.3667
5051,16.4447,,148,,39.4
5052,16.4483,,148,,39.3333
5053,16.4519,,148,,39.2667
5054,16.4555,,148,,39.2
5055,16.459,,148,,39.1333
5056,16.4626,,148,,39.0667
5057,16.4662,,148,,39
5058,16.4699,,147.833,,39.0667
5059,16.4736,,147.667,,39.1333
5060,16.4774,,147.5,,39.2
5061,16.4811,,147.333,,39.2667
5062,16.4848,,147.167,,39.3333
5063,16.4885,,147,,39.4
5064,16.4919,,146.833,,39.3667
5065,16.4954,,146.667,,39.3333
5066,16.4988,,146.5,,39.3
5067,16.5022,,146.333,,39.2667
5068,16.5057,,146.167,,39.2333
5069,16.5091,,146,,39.2
5070,16.5123,,146,,39.2571
5071,16.5155,,146,,39.3143
5072,16.5187,,146,,39.3714
5073,16.522,,146,,39.4286
5074,16.5252,,146,,39.4857
5075,16.5284,,146,,39.5429
5076,16.5316,,146,,39.6
5077,16.5349,,146.143,,39.5714
5078,16.5382,,146.286,,39.5429
5079,16.5415,,146.429,,39.5143
5080,16.5447,,146.571,,39.4857
5081,16.548,,146.714,,39.4571
5082,16.5513,,146.857,,39.4286
5083,16.5546,,147,,39.4
5084,16.5578,,147,,39.4
5085,16.5611,,147,,39.4
5086,16.5643,,147,,39.4
5087,16.5675,,147,,39.4
5088,16.5707,,147,,39.4
5089,16.574,,147,,39.4
5090,16.5772,,147,,39.4
5091,16.5806,,147,,39.3667
5092,16.5839,,147,,39.3333
5093,16.5873,,147,,39.3
5094,16.5906,,147,,39.2667
5095,16.5939,,147,,39.2333
5096,16.5973,,147,,39.2
5097,16.6007,,146.833,,39.1667
5098,16.604,,146.667,,39.1333
5099,16.6074,,146.5,,39.1
5100,16.6107,,146.333,,39.0667
5101,16.614,,146.167,,39.0333
5102,16.6174,,146,,39
5103,16.621,,146,,38.9667
5104,16.6247,,146,,38.9333
5105,16.6283,,146,,38.9
5106,16.6319,,146,,38.8667
5107,16.6356,,146,,38.8333
5108,16.6392,,146,,38.8
5109,16.6427,,146,,38.7667
5110,16.6461,,146,,38.7333
5111,16.6496,,146,,38.7
5112,16.6531,,146,,38.6667
5113,16.6565,,146,,38.6333
5114,16.66,,146,,38.6
5115,16.6632,,145.857,,38.6
5116,16.6665,,145.714,,38.6
5117,16.6697,,145.571,,38.6
5118,16.673,,145.429,,38.6
5119,16.6762,,145.286,,38.6
5120,16.6795,,145.143,,38.6
5121,16.6827,,145,,38.6
5122,16.6861,,145,,38.6333
5123,16.6895,,145,,38.6667
5124,16.693,,145,,38.7
5125,16.6964,,145,,38.7333
5126,16.6998,,145,,38.7667
5127,16.7032,,145,,38.8
5128,16.7067,,145.167,,38.7
5129,16.7101,,145.333,,38.6
5130,16.7136,,145.5,,38.5
5131,16.7171,,145.667,,38.4
5132,16.7205,,145.833,,38.3
5133,16.724,,146,,38.2
5134,16.7272,,146,,38
5135,16.7305,,146,,38.0286
5136,16.7337,,146,,38.0571
5137,16.737,,146,,38.0857
5138,16.7403,,146,,38.1143
5139,16.7436,,146,,38.1429
5140,16.7468,,146,,38.1714
5141,16.7501,,146,,38.2
5142,16.7535,,145.667,,38.2
5143,16.7569,,145.333,,38.2
5144,16.7602,,145,,38.2
5145,16.7636,,144.667,,38.2
5146,16.767,,144.333,,38.2
5147,16.7704,,144,,38.2
5148,16.7738,,144,,38.2
5149,16.7772,,144,,38.2
5150,16.7806,,144,,38.2
5151,16.784,,144,,38.2
5152,16.7874,,144,,38.2
5153,16.7908,,144,,38.2
5154,16.7941,,144,,38.1143
5155,16.7974,,144,,38.0286
5156,16.8007,,144,,37.9429
5157,16.8039,,144,,37.8571
5158,16.8072,,144,,37.7714
5159,16.8105,,144,,37.6857
5160,16.8138,,144,,37.6
5161,16.8171,,144.143,,37.6571
5162,16.8204,,144.286,,37.7143
5163,16.8237,,144.429,,37.7714
5164,16.827,,144.571,,37.8286
5165,16.8303,,144.714,,37.8857
5166,16.8336,,144.857,,37.9429
5167,16.8369,,145,,38
5168,16.8402,,145,,37.9714
5169,16.8436,,145,,37.9429
5170,16.8469,,145,,37.9143
5171,16.8502,,145,,37.8857
5172,16.8535,,145,,37.8571
5173,16.8569,,145,,37.8286
5174,16.8602,,145,,37.8
5175,16.8635,,144.857,,37.7429
5176,16.8669,,144.714,,37.6857
5177,16.8702,,144.571,,37.6286
5178,16.8736,,144.429,,37.5714
5179,16.8769,,144.286,,37.5143
5180,16.8803,,144.143,,37.4571
5181,16.8836,,144,,37.4
5182,16.8868,,144.143,,37.4286
5183,16.8901,,144.286,,37.4571
5184,16.8933,,144.429,,37.4857
5185,16.8966,,144.571,,37.5143
5186,16.8998,,144.714,,37.5429
5187,16.9031,,144.857,,37.5714
5188,16.9063,,145,,37.6
5189,16.9097,,144.833,,37.5333
5190,16.913,,144.667,,37.4667
5191,16.9164,,144.5,,37.4
5192,16.9198,,144.333,,37.3333
5193,16.9231,,144.167,,37.2667
5194,16.9265,,144,,37.2
5195,16.9296,,144,,37.1333
5196,16.9327,,144,,37.0667
5197,16.9358,,144,,37
5198,16.9391,,144,,36.9429
5199,16.9424,,144,,36.8857
5200,16.9457,,144,,36.8286
5201,16.9489,,144,,36.7714
5202,16.9522,,144,,36.7143
5203,16.9555,,144,,36.6571
5204,16.9588,,144,,36.6
5205,16.9622,,144,,36.6333
5206,16.9656,,144,,36.6667
5207,16.9689,,144,,36.7
5208,16.9723,,144,,36.7333
5209,16.9757,,144,,36.7667
5210,16.9791,,144,,36.8
5211,16.9824,,144.25,,36.85
5212,16.9857,,144.5,,36.9
5213,16.9889,,144.75,,36.95
5214,16.9922,,145,,37
5215,16.9955,,145,,36.9714
5216,16.9987,,145,,36.9429
5217,17.002,,145,,36.9143
5218,17.0053,,145,,36.8857
5219,17.0086,,145,,36.8571
5220,17.0118,,145,,36.8286
5221,17.0151,,145,,36.8
5222,17.0184,,145,,36.7714
5223,17.0216,,145,,36.7429
5224,17.0249,,145,,36.7143
5225,17.0282,,145,,36.6857
5226,17.0315,,145,,36.6571
5227,17.0347,,145,,36.6286
5228,17.038,,145,,36.6
5229,17.0414,,145,,36.6
5230,17.0447,,145,,36.6
5231,17.0481,,145,,36.6
5232,17.0515,,145,,36.6
5233,17.0548,,145,,36.6
5234,17.0582,,145,,36.6
5235,17.0614,,144.857,,36.6571
5236,17.0646,,144.714,,36.7143
5237,17.0678,,144.571,,36.7714
5238,17.0709,,144.429,,36.8286
5239,17.0741,,144.286,,36.8857
5240,17.0773,,144.143,,36.9429
5241,17.0805,,144,,37
5242,17.0838,,144,,36.9714
5243,17.0872,,144,,36.9429
5244,17.0905,,144,,36.9143
5245,17.0939,,144,,36.8857
5246,17.0972,,144,,36.8571
5247,17.1006,,144,,36.8286
5248,17.1039,,144,,36.8
5249,17.1072,,144,,36.8571
5250,17.1104,,144,,36.9143
5251,17.1137,,144,,36.9714
5252,17.117,,144,,37.0286
5253,17.1203,,144,,37.0857
5254,17.1235,,144,,37.1429
5255,17.1268,,144,,37.2
5256,17.13,,144,,37.1143
5257,17.1333,,144,,37.0286
5258,17.1365,,144,,36.9429
5259,17.1397,,144,,36.8571
5260,17.1429,,144,,36.7714
5261,17.1462,,144,,36.6857
5262,17.1494,,144,,36.6
5263,17.1528,,144,,36.6
5264,17.1562,,144,,36.6
5265,17.1596,,144,,36.6
5266,17.1629,,144,,36.6
5267,17.1663,,144,,36.6
5268,17.1697,,144,,36.6
5269,17.1731,,144,,36.6
5270,17.1765,,144,,36.6667
5271,17.1799,,144,,36.7333
5272,17.1833,,144,,36.8
5273,17.1866,,144,,36.8667
5274,17.19,,144,,36.9333
5275,17.1934,,144,,37
5276,17.1966,,144.143,,37
5277,17.1998,,144.286,,37
5278,17.203,,144.429,,37
5279,17.2061,,144.571,,37
5280,17.2093,,144.714,,37
5281,17.2125,,144.857,,37
5282,17.2157,,145,,37
5283,17.219,,145,,37.0286
5284,17.2222,,145,,37.0571
5285,17.2255,,145,,37.0857
5286,17.2287,,145,,37.1143
5287,17.232,,145,,37.1429
5288,17.2352,,145,,37.1714
5289,17.2385,,145,,37.2
5290,17.2418,,145,,37.2286
5291,17.2451,,145,,37.2571
5292,17.2484,,145,,37.2857
5293,17.2518,,145,,37.3143
5294,17.2551,,145,,37.3429
5295,17.2584,,145,,37.3714
5296,17.2617,,145,,37.4
5297,17.265,,145,,37.3714
5298,17.2683,,145,,37.3429
5299,17.2716,,145,,37.3143
5300,17.2749,,145,,37.2857
5301,17.2782,,145,,37.2571
5302,17.2815,,145,,37.2286
5303,17.2848,,145,,37.2
5304,17.2881,,145,,37.2
5305,17.2915,,145,,37.2
5306,17.2948,,145,,37.2
5307,17.2981,,145,,37.2
5308,17.3014,,145,,37.2
5309,17.3048,,145,,37.2
5310,17.3081,,145,,37.2
5311,17.3113,,145,,37.2
5312,17.3146,,145,,37.2
5313,17.3178,,145,,37.2
5314,17.3211,,145,,37.2
5315,17.3243,,145,,37.2
5316,17.3276,,145,,37.2
5317,17.3308,,145,,37.2
5318,17.3341,,145,,37.1714
5319,17.3374,,145,,37.1429
5320,17.3407,,145,,37.1143
5321,17.344,,145,,37.0857
5322,17.3473,,145,,37.0571
5323,17.3506,,145,,37.0286
5324,17.3539,,145,,37
5325,17.3573,,145,,37.0333
5326,17.3607,,145,,37.0667
5327,17.3641,,145,,37.1
5328,17.3676,,145,,37.1333
5329,17.371,,145,,37.1667
5330,17.3744,,145,,37.2
5331,17.3777,,145,,37.2571
5332,17.3809,,145,,37.3143
5333,17.3842,,145,,37.3714
5334,17.3874,,145,,37.4286
5335,17.3907,,145,,37.4857
5336,17.3939,,145,,37.5429
5337,17.3972,,145,,37.6
5338,17.4006,,145.167,,37.6333
5339,17.4039,,145.333,,37.6667
5340,17.4073,,145.5,,37.7
5341,17.4107,,145.667,,37.7333
5342,17.414,,145.833,,37.7667
5343,17.4174,,146,,37.8
5344,17.4207,,146,,37.8667
5345,17.424,,146,,37.9333
5346,17.4273,,146,,38
5347,17.4308,,146,,38.0667
5348,17.4343,,146,,38.1333
5349,17.4379,,146,,38.2
5350,17.4414,,146,,38.2667
5351,17.4449,,146,,38.3333
5352,17.4484,,146,,38.4
5353,17.4517,,146.143,,38.3714
5354,17.4549,,146.286,,38.3429
5355,17.4582,,146.429,,38.3143
5356,17.4615,,146.571,,38.2857
5357,17.4648,,146.714,,38.2571
5358,17.468,,146.857,,38.2286
5359,17.4713,,147,,38.2
5360,17.4743,,147,,38.2
5361,17.4773,,147,,38.2
5362,17.4803,,147,,38.2
5363,17.4832,,147,,38.2
5364,17.4862,,147,,38.2
5365,17.4892,,147,,38.2
5366,17.4922,,147,,38.2
5367,17.4952,,147.143,,38.3143
5368,17.4982,,147.286,,38.4286
5369,17.5012,,147.429,,38.5429
5370,17.5042,,147.571,,38.6571
5371,17.5072,,147.714,,38.7714
5372,17.5102,,147.857,,38.8857
5373,17.5132,,148,,39
5374,17.516,,147,,39.2
5375,17.5194,,147,,39.1667
5376,17.5228,,147,,39.1333
5377,17.5263,,147,,39.1
5378,17.5297,,147,,39.0667
5379,17.5331,,147,,39.0333
5380,17.5365,,147,,39
5381,17.5398,,147,,39
5382,17.543,,147,,39
5383,17.5463,,147,,39
5384,17.5496,,147,,39
5385,17.5529,,147,,39
5386,17.5561,,147,,39
5387,17.5594,,147,,39
5388,17.5628,,146.833,,39
5389,17.5662,,146.667,,39
5390,17.5696,,146.5,,39
5391,17.5731,,146.333,,39
5392,17.5765,,146.167,,39
5393,17.5799,,146,,39
5394,17.5834,,146,,39
5395,17.587,,146,,39
5396,17.5905,,146,,39
5397,17.594,,146,,39
5398,17.5976,,146,,39
5399,17.6011,,146,,39
5400,17.6045,,145.833,,39
5401,17.608,,145.667,,39
5402,17.6115,,145.5,,39
5403,17.6149,,145.333,,39
5404,17.6183,,145.167,,39
5405,17.6218,,145,,39
5406,17.625,,145.143,,39
5407,17.6282,,145.286,,39
5408,17.6314,,145.429,,39
5409,17.6347,,145.571,,39
5410,17.6379,,145.714,,39
5411,17.6411,,145.857,,39
5412,17.6443,,146,,39
5413,17.6475,,146,,39
5414,17.6507,,146,,39
5415,17.6539,,146,,39
5416,17.6572,,146,,39
5417,17.6604,,146,,39
5418,17.6636,,146,,39
5419,17.6668,,146,,39
5420,17.6704,,146,,38.9
5421,17.674,,146,,38.8
5422,17.6776,,146,,38.7
5423,17.6811,,146,,38.6
5424,17.6847,,146,,38.5
5425,17.6883,,146,,38.4
5426,17.6918,,146,,38.4
5427,17.6952,,146,,38.4
5428,17.6985,,145.857,,38.4
5429,17.7018,,145.714,,38.4
5430,17.7051,,145.571,,38.4
5431,17.7084,,145.429,,38.4
5432,17.7117,,145.286,,38.4
5433,17.715,,145.143,,38.4
5434,17.7183,,145,,38.4
5435,17.7216,,144.857,,38.4
5436,17.7249,,144.714,,38.4
5437,17.7282,,144.571,,38.4
5438,17.7314,,144.429,,38.4
5439,17.7347,,144.286,,38.4
5440,17.738,,144.143,,38.4
5441,17.7413,,144,,38.4
5442,17.7448,,144,,38.3667
5443,17.7483,,144,,38.3333
5444,17.7518,,144,,38.3
5445,17.7552,,144,,38.2667
5446,17.7587,,144,,38.2333
5447,17.7622,,144,,38.2
5448,17.7655,,144,,38.15
5449,17.7688,,144,,38.1
5450,17.7721,,144,,38.05
5451,17.7754,,144,,38
5452,17.7788,,144.167,,38
5453,17.7822,,144.333,,38
5454,17.7856,,144.5,,38
5455,17.7889,,144.667,,38
5456,17.7923,,144.833,,38
5457,17.7957,,145,,38
5458,17.799,,145,,38
5459,17.8023,,145,,38
5460,17.8056,,145,,38
5461,17.809,,145,,38
5462,17.8123,,145,,38
5463,17.8156,,145,,38
5464,17.8189,,145,,38
5465,17.8222,,145,,37.9714
5466,17.8255,,145,,37.9429
5467,17.8288,,145,,37.9143
5468,17.8322,,145,,37.8857
5469,17.8355,,145,,37.8571
5470,17.8388,,145,,37.8286
5471,17.8421,,145,,37.8
5472,17.8454,,145,,37.7714
5473,17.8487,,145,,37.7429
5474,17.852,,145,,37.7143
5475,17.8554,,145,,37.6857
5476,17.8587,,145,,37.6571
5477,17.862,,145,,37.6286
5478,17.8653,,145,,37.6
5479,17.8687,,144.833,,37.5667
5480,17.872,,144.667,,37.5333
5481,17.8754,,144.5,,37.5
5482,17.8788,,144.333,,37.4667
5483,17.8821,,144.167,,37.4333
5484,17.8855,,144,,37.4
5485,17.8888,,143.857,,37.3429
5486,17.8921,,143.714,,37.2857
5487,17.8954,,143.571,,37.2286
5488,17.8987,,143.429,,37.1714
5489,17.902,,143.286,,37.1143
5490,17.9053,,143.143,,37.0571
5491,17.9086,,143,,37
5492,17.9117,,143,,36.9714
5493,17.9148,,143,,36.9429
5494,17.9179,,143,,36.9143
5495,17.9211,,143,,36.8857
5496,17.9242,,143,,36.8571
5497,17.9273,,143,,36.8286
5498,17.9304,,143,,36.8
5499,17.9336,,142.857,,36.7429
5500,17.9369,,142.714,,36.6857
5501,17.9401,,142.571,,36.6286
5502,17.9433,,142.429,,36.5714
5503,17.9465,,142.286,,36.5143
5504,17.9498,,142.143,,36.4571
5505,17.953,,142,,36.4
5506,17.9564,,141.833,,36.4
5507,17.9597,,141.667,,36.4
5508,17.9631,,141.5,,36.4
5509,17.9665,,141.333,,36.4
5510,17.9698,,141.167,,36.4
5511,17.9732,,141,,36.4
5512,17.9765,,141,,36.4667
5513,17.9798,,141,,36.5333
5514,17.9831,,141,,36.6
5515,17.9863,,141,,36.6667
5516,17.9896,,141,,36.7333
5517,17.9929,,141,,36.8
5518,17.9959,,141.286,,36.8286
5519,17.999,,141.571,,36.8571
5520,18.002,,141.857,,36.8857
5521,18.0051,,142.143,,36.9143
5522,18.0081,,142.429,,36.9429
5523,18.0112,,142.714,,36.9714
5524,18.0142,,143,,37
5525,18.0176,,143.167,,36.9667
5526,18.0209,,143.333,,36.9333
5527,18.0243,,143.5,,36.9
5528,18.0276,,143.667,,36.8667
5529,18.031,,143.833,,36.8333
5530,18.0343,,144,,36.8
5531,18.0376,,144,,36.7143
5532,18.0408,,144,,36.6286
5533,18.0441,,144,,36.5429
5534,18.0473,,144,,36.4571
5535,18.0506,,144,,36.3714
5536,18.0538,,144,,36.2857
5537,18.0571,,144,,36.2
5538,18.0606,,144,,36.1667
5539,18.064,,144,,36.1333
5540,18.0675,,144,,36.1
5541,18.071,,144,,36.0667
5542,18.0744,,144,,36.0333
5543,18.0779,,144,,36
5544,18.0814,,144,,36
5545,18.0849,,144,,36
5546,18.0883,,144,,36
5547,18.0918,,144,,36
5548,18.0953,,144,,36
5549,18.0986,,144,,35.8571
5550,18.1018,,144,,35.7143
5551,18.1051,,144,,35.5714
5552,18.1084,,144,,35.4286
5553,18.1117,,144,,35.2857
5554,18.1149,,144,,35.1429
5555,18.1182,,144,,35
5556,18.1218,,144,,34.9333
5557,18.1253,,144,,34.8667
5558,18.1289,,144,,34.8
5559,18.1323,,143.833,,34.7333
5560,18.1358,,143.667,,34.6667
5561,18.1392,,143.5,,34.6
5562,18.1426,,143.333,,34.5333
5563,18.1461,,143.167,,34.4667
5564,18.1495,,143,,34.4
5565,18.1528,,143,,34.3429
5566,18.156,,143,,34.2857
5567,18.1593,,143,,34.2286
5568,18.1625,,143,,34.1714
5569,18.1658,,143,,34.1143
5570,18.169,,143,,34.0571
5571,18.1723,,143,,34
5572,18.1753,,143,,34
5573,18.1784,,143,,34
5574,18.1814,,143,,34
5575,18.1845,,143,,34
5576,18.1875,,143,,34
5577,18.1906,,143,,34
5578,18.1936,,143,,34
5579,18.1969,,143,,34
5580,18.2003,,143,,34
5581,18.2036,,143,,34
5582,18.2069,,143,,34
5583,18.2103,,143,,34
5584,18.2136,,143,,34
5585,18.2171,,142,,33.8
5586,18.2205,,142.167,,33.8
5587,18.2239,,142.333,,33.8
5588,18.2273,,142.5,,33.8
5589,18.2307,,142.667,,33.8
5590,18.2341,,142.833,,33.8
5591,18.2375,,143,,33.8
5592,18.2406,,143,,33.8286
5593,18.2436,,143,,33.8571
5594,18.2467,,143,,33.8857
5595,18.2498,,143,,33.9143
5596,18.2529,,143,,33.9429
5597,18.2559,,143,,33.9714
5598,18.259,,143,,34
5599,18.2617,,143,,34.12
5600,18.2643,,143,,34.24
5601,18.267,,143,,34.36
5602,18.2696,,143,,34.48
5603,18.2723,,143,,34.6
5604,18.2747,,143,,34.7
5605,18.277,,143,,34.8
5606,18.2798,,143,,34.8
5607,18.2827,,143,,34.8
5608,18.2856,,143,,34.8
5609,18.2884,,143,,34.8
5610,18.2913,,143,,34.8
5611,18.2941,,143,,34.8
5612,18.297,,143,,34.8
5613,18.2998,,143,,34.8
5614,18.303,,143,,34.7714
5615,18.3062,,143,,34.7429
5616,18.3094,,143,,34.7143
5617,18.3126,,143,,34.6857
5618,18.3158,,143,,34.6571
5619,18.319,,143,,34.6286
5620,18.3222,,143,,34.6
5621,18.3255,,143,,34.5714
5622,18.3287,,143,,34.5429
5623,18.332,,143,,34.5143
5624,18.3353,,143,,34.4857
5625,18.3386,,143,,34.4571
5626,18.3418,,143,,34.4286
5627,18.3451,,143,,34.4
5628,18.3483,,143.143,,34.4
5629,18.3515,,143.286,,34.4
5630,18.3547,,143.429,,34.4
5631,18.358,,143.571,,34.4
5632,18.3612,,143.714,,34.4
5633,18.3644,,143.857,,34.4
5634,18.3676,,144,,34.4
5635,18.3709,,144.143,,34.4571
5636,18.3742,,144.286,,34.5143
5637,18.3775,,144.429,,34.5714
5638,18.3809,,144.571,,34.6286
5639,18.3842,,144.714,,34.6857
5640,18.3875,,144.857,,34.7429
5641,18.3908,,145,,34.8
5642,18.3941,,145,,34.8
5643,18.3974,,145,,34.8
5644,18.4007,,145,,34.8
5645,18.4041,,145,,34.8
5646,18.4074,,145,,34.8
5647,18.4107,,145,,34.8
5648,18.414,,145,,34.8
5649,18.4171,,145,,34.8571
5650,18.4202,,145,,34.9143
5651,18.4233,,145,,34.9714
5652,18.4265,,145,,35.0286
5653,18.4296,,145,,35.0857
5654,18.4327,,145,,35.1429
5655,18.4358,,145,,35.2
5656,18.4389,,145,,35.2857
5657,18.4421,,145,,35.3714
5658,18.4452,,145,,35.4571
5659,18.4484,,145,,35.5429
5660,18.4515,,145,,35.6286
5661,18.4547,,145,,35.7143
5662,18.4578,,145,,35.8
5663,18.4613,,145.333,,35.8
5664,18.4648,,145.667,,35.8
5665,18.4683,,146,,35.8
5666,18.4717,,146.333,,35.8
5667,18.4752,,146.667,,35.8
5668,18.4787,,147,,35.8
5669,18.4819,,147,,35.8
5670,18.485,,147.143,,35.8571
5671,18.4881,,147.286,,35.9143
5672,18.4912,,147.429,,35.9714
5673,18.4944,,147.571,,36.0286
5674,18.4975,,147.714,,36.0857
5675,18.5006,,147.857,,36.1429
5676,18.5037,,148,,36.2
5677,18.5073,,147.833,,36.2667
5678,18.5108,,147.667,,36.3333
5679,18.5144,,147.5,,36.4
5680,18.518,,147.333,,36.4667
5681,18.5215,,147.167,,36.5333
5682,18.5251,,147,,36.6
5683,18.5284,,147.167,,36.6667
5684,18.5317,,147.333,,36.7333
5685,18.5351,,147.5,,36.8
5686,18.5384,,147.667,,36.8667
5687,18.5417,,147.833,,36.9333
5688,18.545,,148,,37
5689,18.5483,,148,,37
5690,18.5515,,148,,37
5691,18.5548,,148,,37
5692,18.5581,,148,,37
5693,18.5614,,148,,37
5694,18.5646,,148,,37
5695,18.5679,,148,,37
5696,18.5712,,148,,36.9714
5697,18.5744,,148,,36.9429
5698,18.5777,,148,,36.9143
5699,18.581,,148,,36.8857
5700,18.5843,,148,,36.8571
5701,18.5875,,148,,36.8286
5702,18.5908,,148,,36.8
5703,18.5943,,147.833,,36.8333
5704,18.5978,,147.667,,36.8667
5705,18.6013,,147.5,,36.9
5706,18.6048,,147.333,,36.9333
5707,18.6083,,147.167,,36.9667
5708,18.6118,,147,,37
5709,18.6151,,147.143,,37
5710,18.6183,,147.286,,37
5711,18.6216,,147.429,,37
5712,18.6249,,147.571,,37
5713,18.6282,,147.714,,37
5714,18.6314,,147.857,,37
5715,18.6347,,148,,37
5716,18.638,,147.857,,37.0571
5717,18.6413,,147.714,,37.1143
5718,18.6446,,147.571,,37.1714
5719,18.6478,,147.429,,37.2286
5720,18.6511,,147.286,,37.2857
5721,18.6544,,147.143,,37.3429
5722,18.6577,,147,,37.4
5723,18.6612,,147,,37.4
5724,18.6646,,147,,37.4
5725,18.6681,,147,,37.4
5726,18.6716,,147,,37.4
5727,18.675,,147,,37.4
5728,18.6785,,147,,37.4
5729,18.6817,,146.857,,37.4286
5730,18.6849,,146.714,,37.4571
5731,18.6881,,146.571,,37.4857
5732,18.6912,,146.429,,37.5143
5733,18.6944,,146.286,,37.5429
5734,18.6976,,146.143,,37.5714
5735,18.7008,,146,,37.6
5736,18.7041,,145.833,,37.6667
5737,18.7074,,145.667,,37.7333
5738,18.7108,,145.5,,37.8
5739,18.7141,,145.333,,37.8667
5740,18.7174,,145.167,,37.9333
5741,18.7207,,145,,38
5742,18.724,,145,,38.0571
5743,18.7273,,145,,38.1143
5744,18.7306,,145,,38.1714
5745,18.7339,,145,,38.2286
5746,18.7372,,145,,38.2857
5747,18.7405,,145,,38.3429
5748,18.7438,,145,,38.4
5749,18.747,,145,,38.4286
5750,18.7501,,145,,38.4571
5751,18.7533,,145,,38.4857
5752,18.7565,,145,,38.5143
5753,18.7597,,145,,38.5429
5754,18.7628,,145,,38.5714
5755,18.766,,145,,38.6
5756,18.7695,,145.167,,38.6333
5757,18.773,,145.333,,38.6667
5758,18.7765,,145.5,,38.7
5759,18.78,,145.667,,38.7333
5760,18.7835,,145.833,,38.7667
5761,18.787,,146,,38.8
5762,18.7905,,146.167,,38.8
5763,18.7939,,146.333,,38.8
5764,18.7974,,146.5,,38.8
5765,18.8008,,146.667,,38.8
5766,18.8043,,146.833,,38.8
5767,18.8077,,147,,38.8
5768,18.8111,,147.167,,38.7333
5769,18.8146,,147.333,,38.6667
5770,18.818,,147.5,,38.6
5771,18.8214,,147.667,,38.5333
5772,18.8249,,147.833,,38.4667
5773,18.8283,,148,,38.4
5774,18.8318,,148,,38.4333
5775,18.8353,,148,,38.4667
5776,18.8388,,148,,38.5
5777,18.8423,,148,,38.5333
5778,18.8458,,148,,38.5667
5779,18.8493,,148,,38.6
5780,18.8527,,148,,38.6
5781,18.8561,,148,,38.6
5782,18.8596,,148,,38.6
5783,18.863,,148,,38.6
5784,18.8664,,148,,38.6
5785,18.8698,,148,,38.6
5786,18.8731,,148,,38.6286
5787,18.8763,,148,,38.6571
5788,18.8796,,148,,38.6857
5789,18.8829,,148,,38.7143
5790,18.8862,,148,,38.7429
5791,18.8894,,148,,38.7714
5792,18.8927,,148,,38.8
5793,18.8964,,148,,38.9
5794,18.9,,148,,39
5795,18.9033,,148,,38.9429
5796,18.9066,,148,,38.8857
5797,18.9099,,148,,38.8286
5798,18.9132,,148,,38.7714
5799,18.9165,,148,,38.7143
5800,18.9198,,148,,38.6571
5801,18.9231,,148,,38.6
5802,18.9267,,148,,38.6667
5803,18.9304,,148,,38.7333
5804,18.934,,148,,38.8
5805,18.9376,,148,,38.8667
5806,18.9413,,148,,38.9333
5807,18.9449,,148,,39
5808,18.9486,,148.5,,39.1
5809,18.9523,,149,,39.2
5810,18.9557,,148.833,,39.2
5811,18.9591,,148.667,,39.2
5812,18.9625,,148.5,,39.2
5813,18.9658,,148.333,,39.2
5814,18.9692,,148.167,,39.2
5815,18.9726,,148,,39.2
5816,18.9757,,147.833,,39.2
5817,18.9787,,147.667,,39.2
5818,18.9818,,147.5,,39.2
5819,18.9849,,147.333,,39.2
5820,18.9879,,147.167,,39.2
5821,18.991,,147,,39.2
5822,18.9943,,146.857,,39.2571
5823,18.9976,,146.714,,39.3143
5824,19.0009,,146.571,,39.3714
5825,19.0042,,146.429,,39.4286
5826,19.0075,,146.286,,39.4857
5827,19.0108,,146.143,,39.5429
5828,19.0141,,146,,39.6
5829,19.0175,,146,,39.5
5830,19.0208,,146,,39.4
5831,19.0242,,146,,39.3
5832,19.0276,,146,,39.2
5833,19.0309,,146,,39.1
5834,19.0343,,146,,39
5835,19.0378,,146,,39.0333
5836,19.0412,,146,,39.0667
5837,19.0447,,146,,39.1
5838,19.0482,,146,,39.1333
5839,19.0516,,146,,39.1667
5840,19.0551,,146,,39.2
5841,19.0584,,146.143,,39.1143
5842,19.0618,,146.286,,39.0286
5843,19.0651,,146.429,,38.9429
5844,19.0684,,146.571,,38.8571
5845,19.0717,,146.714,,38.7714
5846,19.0751,,146.857,,38.6857
5847,19.0784,,147,,38.6
5848,19.0819,,147,,38.48
5849,19.0853,,147,,38.36
5850,19.0888,,147,,38.24
5851,19.0922,,147,,38.12
5852,19.0957,,147,,38
5853,19.0992,,147,,38.0333
5854,19.1027,,147,,38.0667
5855,19.1063,,147,,38.1
5856,19.1098,,147,,38.1333
5857,19.1133,,147,,38.1667
5858,19.1168,,147,,38.2
5859,19.1202,,146.833,,38.2333
5860,19.1235,,146.667,,38.2667
5861,19.1269,,146.5,,38.3
5862,19.1303,,146.333,,38.3333
5863,19.1336,,146.167,,38.3667
5864,19.137,,146,,38.4
5865,19.1402,,146,,38.3429
5866,19.1433,,146,,38.2857
5867,19.1465,,146,,38.2286
5868,19.1497,,146,,38.1714
5869,19.1529,,146,,38.1143
5870,19.156,,146,,38.0571
5871,19.1592,,146,,38
5872,19.1626,,146,,37.9667
5873,19.166,,146,,37.9333
5874,19.1694,,146,,37.9
5875,19.1727,,146,,37.8667
5876,19.1761,,146,,37.8333
5877,19.1795,,146,,37.8
5878,19.1829,,146,,37.7
5879,19.1864,,146,,37.6
5880,19.1898,,146,,37.5
5881,19.1932,,146,,37.4
5882,19.1967,,146,,37.3
5883,19.2001,,146,,37.2
5884,19.2037,,146,,37.2
5885,19.2073,,146,,37.2
5886,19.2109,,146,,37.2
5887,19.2144,,146,,37.2
5888,19.218,,146,,37.2
5889,19.2216,,146,,37.2
5890,19.2251,,146,,37.15
5891,19.2286,,146,,37.1
5892,19.232,,146,,37.05
5893,19.2355,,146,,37
5894,19.2391,,146,,37.1
5895,19.2427,,146,,37.2
5896,19.2462,,146,,37.3
5897,19.2498,,146,,37.4
5898,19.2534,,146,,37.5
5899,19.257,,146,,37.6
5900,19.2604,,146,,37.5333
5901,19.2639,,146,,37.4667
5902,19.2673,,146,,37.4
5903,19.2707,,146,,37.3333
5904,19.2742,,146,,37.2667
5905,19.2776,,146,,37.2
5906,19.2812,,146,,37.2333
5907,19.2848,,146,,37.2667
5908,19.2883,,146,,37.3
5909,19.2919,,146,,37.3333
5910,19.2955,,146,,37.3667
5911,19.2991,,146,,37.4
5912,19.3025,,146,,37.3333
5913,19.3059,,146,,37.2667
5914,19.3092,,146,,37.2
5915,19.3126,,146,,37.1333
5916,19.316,,146,,37.0667
5917,19.3194,,146,,37
5918,19.323,,146,,37.1333
5919,19.3265,,146,,37.2667
5920,19.3301,,146,,37.4
5921,19.3337,,146,,37.5333
5922,19.3372,,146,,37.6667
5923,19.3408,,146,,37.8
5924,19.3444,,146.167,,37.7333
5925,19.3481,,146.333,,37.6667
5926,19.3517,,146.5,,37.6
5927,19.3553,,146.667,,37.5333
5928,19.359,,146.833,,37.4667
5929,19.3626,,147,,37.4
5930,19.3661,,147.167,,37.4
5931,19.3696,,147.333,,37.4
5932,19.3731,,147.5,,37.4
5933,19.3767,,147.667,,37.4
5934,19.3802,,147.833,,37.4
5935,19.3837,,148,,37.4
5936,19.3873,,148,,37.3667
5937,19.3908,,148,,37.3333
5938,19.3943,,148,,37.3
5939,19.3979,,148,,37.2667
5940,19.4015,,148,,37.2333
5941,19.405,,148,,37.2
5942,19.4085,,148,,37.2
5943,19.4119,,148,,37.2
5944,19.4154,,148,,37.2
5945,19.4189,,148,,37.2
5946,19.4223,,148,,37.2
5947,19.4258,,148,,37.2
5948,19.4291,,148.143,,37.1714
5949,19.4324,,148.286,,37.1429
5950,19.4357,,148.429,,37.1143
5951,19.439,,148.571,,37.0857
5952,19.4423,,148.714,,37.0571
5953,19.4456,,148.857,,37.0286
5954,19.4489,,149,,37
5955,19.4523,,149,,37.0333
5956,19.4557,,149,,37.0667
5957,19.4591,,149,,37.1
5958,19.4626,,149,,37.1333
5959,19.466,,149,,37.1667
5960,19.4694,,149,,37.2
5961,19.4731,,149,,37.2333
5962,19.4767,,149,,37.2667
5963,19.4804,,149,,37.3
5964,19.4841,,149,,37.3333
5965,19.4877,,149,,37.3667
5966,19.4914,,149,,37.4
5967,19.495,,148.833,,37.4
5968,19.4987,,148.667,,37.4
5969,19.5023,,148.5,,37.4
5970,19.506,,148.333,,37.4
5971,19.5097,,148.167,,37.4
5972,19.5133,,148,,37.4
5973,19.5169,,148,,37.36
5974,19.5205,,148,,37.32
5975,19.5242,,148,,37.28
5976,19.5278,,148,,37.24
5977,19.5314,,148,,37.2
5978,19.5349,,148.167,,37.1667
5979,19.5383,,148.333,,37.1333
5980,19.5418,,148.5,,37.1
5981,19.5452,,148.667,,37.0667
5982,19.5486,,148.833,,37.0333
5983,19.5521,,149,,37
5984,19.5555,,149,,37.0333
5985,19.5589,,149,,37.0667
5986,19.5623,,149,,37.1
5987,19.5658,,149,,37.1333
5988,19.5692,,149,,37.1667
5989,19.5726,,149,,37.2
5990,19.5762,,149.167,,37.3
5991,19.5798,,149.333,,37.4
5992,19.5833,,149.5,,37.5
5993,19.5869,,149.667,,37.6
5994,19.5905,,149.833,,37.7
5995,19.5941,,150,,37.8
5996,19.5976,,150,,37.9
5997,19.6011,,150,,38
5998,19.6044,,150,,37.9714
5999,19.6078,,150,,37.9429
6000,19.6111,,150,,37.9143
6001,19.6144,,150,,37.8857
6002,19.6177,,150,,37.8571
6003,19.6211,,150,,37.8286
6004,19.6244,,150,,37.8
6005,19.6278,,150.167,,37.7333
6006,19.6311,,150.333,,37.6667
6007,19.6345,,150.5,,37.6
6008,19.6379,,150.667,,37.5333
6009,19.6412,,150.833,,37.4667
6010,19.6446,,151,,37.4
6011,19.648,,150.833,,37.5
6012,19.6514,,150.667,,37.6
6013,19.6547,,150.5,,37.7
6014,19.6581,,150.333,,37.8
6015,19.6615,,150.167,,37.9
6016,19.6649,,150,,38
6017,19.6684,,150.167,,38.1
6018,19.6718,,150.333,,38.2
6019,19.6753,,150.5,,38.3
6020,19.6788,,150.667,,38.4
6021,19.6822,,150.833,,38.5
6022,19.6857,,151,,38.6
6023,19.6894,,151,,38.5667
6024,19.6932,,151,,38.5333
6025,19.6969,,151,,38.5
6026,19.7006,,151,,38.4667
6027,19.7044,,151,,38.4333
6028,19.7081,,151,,38.4
6029,19.7117,,151,,38.4
6030,19.7153,,151,,38.4
6031,19.719,,151,,38.4
6032,19.7226,,151,,38.4
6033,19.7262,,151,,38.4
6034,19.7298,,151,,38.4
6035,19.7333,,151,,38.4667
6036,19.7368,,151,,38.5333
6037,19.7403,,151,,38.6
6038,19.7438,,151,,38.6667
6039,19.7473,,151,,38.7333
6040,19.7508,,151,,38.8
6041,19.7542,,151.167,,38.7667
6042,19.7575,,151.333,,38.7333
6043,19.7609,,151.5,,38.7
6044,19.7642,,151.667,,38.6667
6045,19.7675,,151.833,,38.6333
6046,19.7709,,152,,38.6
6047,19.7744,,152,,38.5667
6048,19.778,,152,,38.5333
6049,19.7815,,152,,38.5
6050,19.785,,152,,38.4667
6051,19.7886,,152,,38.4333
6052,19.7921,,152,,38.4
6053,19.7957,,151.833,,38.5
6054,19.7992,,151.667,,38.6
6055,19.8028,,151.5,,38.7
6056,19.8064,,151.333,,38.8
6057,19.8099,,151.167,,38.9
6058,19.8135,,151,,39
6059,19.8172,,152,,39.2
6060,19.8208,,152,,39.2667
6061,19.8243,,152,,39.3333
6062,19.8279,,152,,39.4
6063,19.8314,,152,,39.4667
6064,19.835,,152,,39.5333
6065,19.8385,,152,,39.6
6066,19.8421,,152,,39.5
6067,19.8458,,152,,39.4
6068,19.8494,,152,,39.3
6069,19.853,,152,,39.2
6070,19.8567,,152,,39.1
6071,19.8603,,152,,39
6072,19.864,,151.833,,39
6073,19.8678,,151.667,,39
6074,19.8715,,151.5,,39
6075,19.8752,,151.333,,39
6076,19.879,,151.167,,39
6077,19.8827,,151,,39
6078,19.8863,,151.167,,39.1
6079,19.8899,,151.333,,39.2
6080,19.8935,,151.5,,39.3
6081,19.8971,,151.667,,39.4
6082,19.9007,,151.833,,39.5
6083,19.9043,,152,,39.6
6084,19.908,,152,,39.5667
6085,19.9116,,152,,39.5333
6086,19.9153,,152,,39.5
6087,19.9189,,152,,39.4667
6088,19.9226,,152,,39.4333
6089,19.9262,,152,,39.4
6090,19.9297,,152.167,,39.4
6091,19.9332,,152.333,,39.4
6092,19.9367,,152.5,,39.4
6093,19.9402,,152.667,,39.4
6094,19.9437,,152.833,,39.4
6095,19.9472,,153,,39.4
6096,19.9507,,153,,39.4
6097,19.9543,,153,,39.4
6098,19.9578,,153,,39.4
6099,19.9613,,153,,39.4
6100,19.9649,,153,,39.4
6101,19.9684,,153,,39.4
6102,19.972,,153,,39.4
6103,19.9756,,153,,39.4
6104,19.9792,,153,,39.4
6105,19.9827,,153,,39.4
6106,19.9863,,153,,39.4
6107,19.9899,,153,,39.4
6108,19.9937,,154,,39.4
6109,19.9976,,153.833,,39.4333
6110,20.0014,,153.667,,39.4667
6111,20.0053,,153.5,,39.5
6112,20.0092,,153.333,,39.5333
6113,20.013,,153.167,,39.5667
6114,20.0169,,153,,39.6
6115,20.0204,,153,,39.6
6116,20.0239,,153,,39.6
6117,20.0274,,153,,39.6
6118,20.0308,,153,,39.6
6119,20.0343,,153,,39.6
6120,20.0378,,153,,39.6
6121,20.0413,,153,,39.5667
6122,20.0447,,153,,39.5333
6123,20.0482,,153,,39.5
6124,20.0516,,153,,39.4667
6125,20.0551,,153,,39.4333
6126,20.0585,,153,,39.4
6127,20.062,,153,,39.4
6128,20.0654,,153,,39.4
6129,20.0689,,153,,39.4
6130,20.0724,,153,,39.4
6131,20.0758,,153,,39.4
6132,20.0793,,153,,39.4
6133,20.083,,153,,39.5
6134,20.0866,,153,,39.6
6135,20.0903,,153,,39.7
6136,20.0939,,153,,39.8
6137,20.0976,,153,,39.9
6138,20.1012,,153,,40
6139,20.1046,,152.667,,39.9
6140,20.1079,,152.333,,39.8
6141,20.1113,,152,,39.7
6142,20.1147,,151.667,,39.6
6143,20.118,,151.333,,39.5
6144,20.1214,,151,,39.4
6145,20.1251,,151.167,,39.3
6146,20.1288,,151.333,,39.2
6147,20.1325,,151.5,,39.1
6148,20.1362,,151.667,,39
6149,20.1399,,151.833,,38.9
6150,20.1436,,152,,38.8
6151,20.1472,,151.8,,38.68
6152,20.1507,,151.6,,38.56
6153,20.1543,,151.4,,38.44
6154,20.1578,,151.2,,38.32
6155,20.1614,,151,,38.2
6156,20.1651,,150.833,,38
6157,20.1687,,150.667,,37.8
6158,20.1724,,150.5,,37.6
6159,20.176,,150.333,,37.4
6160,20.1797,,150.167,,37.2
6161,20.1833,,150,,37
6162,20.1869,,150,,36.8
6163,20.1905,,150,,36.6
6164,20.194,,150,,36.4
6165,20.1976,,150,,36.2
6166,20.2012,,150,,36
6167,20.2043,,149.857,,35.8857
6168,20.2075,,149.714,,35.7714
6169,20.2106,,149.571,,35.6571
6170,20.2137,,149.429,,35.5429
6171,20.2168,,149.286,,35.4286
6172,20.22,,149.143,,35.3143
6173,20.2231,,149,,35.2
6174,20.2256,,148.857,,35.2286
6175,20.228,,148.714,,35.2571
6176,20.2305,,148.571,,35.2857
6177,20.2329,,148.429,,35.3143
6178,20.2354,,148.286,,35.3429
6179,20.2378,,148.143,,35.3714
6180,20.2403,,148,,35.4
6181,20.2422,,148.143,,35.3143
6182,20.2441,,148.286,,35.2286
6183,20.246,,148.429,,35.1429
6184,20.2479,,148.571,,35.0571
6185,20.2498,,148.714,,34.9714
6186,20.2517,,148.857,,34.8857
6187,20.2536,,149,,34.8
6188,20.2621,,148.75,,34.7
6189,20.2706,,148.5,,34.6
6190,20.2791,,148.25,,34.5
6191,20.2876,,148,,34.4
6192,20.2918,,148.2,,34.44
6193,20.2959,,148.4,,34.48
6194,20.3001,,148.6,,34.52
6195,20.3042,,148.8,,34.56
6196,20.3084,,149,,34.6
6197,20.3116,,149,,34.6571
6198,20.3148,,149,,34.7143
6199,20.318,,149,,34.7714
6200,20.3212,,149,,34.8286
6201,20.3244,,149,,34.8857
6202,20.3276,,149,,34.9429
6203,20.3308,,149,,35
6204,20.334,,148.857,,34.9714
6205,20.3372,,148.714,,34.9429
6206,20.3404,,148.571,,34.9143
6207,20.3435,,148.429,,34.8857
6208,20.3467,,148.286,,34.8571
6209,20.3499,,148.143,,34.8286
6210,20.3531,,148,,34.8
6211,20.3564,,148.143,,34.8571
6212,20.3598,,148.286,,34.9143
6213,20.3631,,148.429,,34.9714
6214,20.3664,,148.571,,35.0286
6215,20.3697,,148.714,,35.0857
6216,20.3731,,148.857,,35.1429
6217,20.3764,,149,,35.2
6218,20.3798,,149,,35.2667
6219,20.3832,,149,,35.3333
6220,20.3866,,149,,35.4
6221,20.3901,,149,,35.4667
6222,20.3935,,149,,35.5333
6223,20.3969,,149,,35.6
6224,20.4003,,149,,35.6
6225,20.4036,,149,,35.6
6226,20.407,,149,,35.6
6227,20.4103,,149,,35.6
6228,20.4137,,149,,35.6
6229,20.417,,149,,35.6
6230,20.4204,,149,,35.6
6231,20.424,,149,,35.6
6232,20.4276,,149,,35.6
6233,20.4293,,149.333,,35.6667
6234,20.4311,,149.667,,35.7333
6235,20.4328,,150,,35.8
6236,20.4364,,150.333,,35.6
6237,20.44,,150.667,,35.4
6238,20.4436,,151,,35.2
6239,20.4472,,151.333,,35
6240,20.4508,,151.667,,34.8
6241,20.4544,,152,,34.6
6242,20.4579,,152.167,,34.5667
6243,20.4614,,152.333,,34.5333
6244,20.4649,,152.5,,34.5
6245,20.4683,,152.667,,34.4667
6246,20.4718,,152.833,,34.4333
6247,20.4753,,153,,34.4
6248,20.4788,,153,,34.4333
6249,20.4824,,153,,34.4667
6250,20.4859,,153,,34.5
6251,20.4894,,153,,34.5333
6252,20.493,,153,,34.5667
6253,20.4965,,153,,34.6
6254,20.5,,153,,34.4667
6255,20.5035,,153,,34.3333
6256,20.5071,,153,,34.2
6257,20.5106,,153,,34.0667
6258,20.5141,,153,,33.9333
6259,20.5176,,153,,33.8
6260,20.5211,,153,,33.8
6261,20.5246,,153,,33.8
6262,20.5283,,152.833,,33.8
6263,20.5321,,152.667,,33.8
6264,20.5358,,152.5,,33.8
6265,20.5396,,152.333,,33.8
6266,20.5434,,152.167,,33.8
6267,20.5471,,152,,33.8
6268,20.5502,,152,,33.8571
6269,20.5533,,152,,33.9143
6270,20.5564,,152,,33.9714
6271,20.5595,,152,,34.0286
6272,20.5626,,152,,34.0857
6273,20.5657,,152,,34.1429
6274,20.5688,,152,,34.2
6275,20.5709,,152,,34.3
6276,20.5729,,152,,34.4
6277,20.575,,152,,34.5
6278,20.577,,152,,34.6
6279,20.5789,,152,,34.6
6280,20.5808,,152,,34.6
6281,20.5842,,152.167,,34.6333
6282,20.5876,,152.333,,34.6667
6283,20.5909,,152.5,,34.7
6284,20.5943,,152.667,,34.7333
6285,20.5977,,152.833,,34.7667
6286,20.6011,,153,,34.8
6287,20.6084,,153,,34.8
6288,20.6157,,153,,34.8
6289,20.623,,153,,34.8
6290,20.6278,,153.2,,34.8
6291,20.6326,,153.4,,34.8
6292,20.6374,,153.6,,34.8
6293,20.6422,,153.8,,34.8
6294,20.647,,154,,34.8
6295,20.6509,,153,,34.8
6296,20.6544,,153.167,,34.9667
6297,20.6578,,153.333,,35.1333
6298,20.6612,,153.5,,35.3
6299,20.6647,,153.667,,35.4667
6300,20.6682,,153.833,,35.6333
6301,20.6716,,154,,35.8
6302,20.6746,,154,,35.9
6303,20.6776,,154,,36
6304,20.6808,,154,,36.1143
6305,20.6841,,154,,36.2286
6306,20.6873,,154,,36.3429
6307,20.6906,,154,,36.4571
6308,20.6938,,154,,36.5714
6309,20.6971,,154,,36.6857
6310,20.7003,,154,,36.8
6311,20.7039,,155,,37.2
6312,20.7075,,155.167,,37.3667
6313,20.711,,155.333,,37.5333
6314,20.7146,,155.5,,37.7
6315,20.7181,,155.667,,37.8667
6316,20.7217,,155.833,,38.0333
6317,20.7252,,156,,38.2
6318,20.729,,156,,38.3333
6319,20.7328,,156,,38.4667
6320,20.7366,,156,,38.6
6321,20.7403,,156,,38.7333
6322,20.7441,,156,,38.8667
6323,20.7479,,156,,39
6324,20.7511,,156,,39.1333
6325,20.7542,,156,,39.2667
6326,20.7574,,156,,39.4
6327,20.7608,,156,,39.3
6328,20.7642,,156,,39.2
6329,20.7676,,156,,39.1
6330,20.7711,,156,,39
6331,20.7745,,156,,38.9
6332,20.7779,,156,,38.8
6333,20.7815,,156.167,,38.8333
6334,20.7851,,156.333,,38.8667
6335,20.7888,,156.5,,38.9
6336,20.7924,,156.667,,38.9333
6337,20.796,,156.833,,38.9667
6338,20.7996,,157,,39
6339,20.8034,,156.833,,39.0333
6340,20.8072,,156.667,,39.0667
6341,20.811,,156.5,,39.1
6342,20.8148,,156.333,,39.1333
6343,20.8186,,156.167,,39.1667
6344,20.8224,,156,,39.2
6345,20.8259,,156,,39.2
6346,20.8295,,156,,39.2
6347,20.8331,,156,,39.2
6348,20.8366,,156,,39.2
6349,20.8402,,156,,39.2
6350,20.8437,,156,,39.2
6351,20.8476,,156,,39.2
6352,20.8514,,156,,39.2
6353,20.8553,,156,,39.2
6354,20.8592,,156,,39.2
6355,20.863,,156,,39.2
6356,20.8669,,156,,39.2
6357,20.8707,,155.833,,39.2
6358,20.8744,,155.667,,39.2
6359,20.8782,,155.5,,39.2
6360,20.882,,155.333,,39.2
6361,20.8857,,155.167,,39.2
6362,20.8895,,155,,39.2
6363,20.8932,,155.167,,39.2333
6364,20.8969,,155.333,,39.2667
6365,20.9005,,155.5,,39.3
6366,20.9042,,155.667,,39.3333
6367,20.9079,,155.833,,39.3667
6368,20.9116,,156,,39.4
6369,20.915,,155.833,,39.4667
6370,20.9185,,155.667,,39.5333
6371,20.9219,,155.5,,39.6
6372,20.9253,,155.333,,39.6667
6373,20.9288,,155.167,,39.7333
6374,20.9322,,155,,39.8
6375,20.9357,,155,,39.8333
6376,20.9392,,155,,39.8667
6377,20.9427,,155,,39.9
6378,20.9461,,155,,39.9333
6379,20.9496,,155,,39.9667
6380,20.9531,,155,,40
6381,20.9566,,155,,39.9667
6382,20.9601,,155,,39.9333
6383,20.9636,,155,,39.9
6384,20.967,,155,,39.8667
6385,20.9705,,155,,39.8333
6386,20.974,,155,,39.8
6387,20.9778,,154.8,,39.72
6388,20.9816,,154.6,,39.64
6389,20.9854,,154.4,,39.56
6390,20.9892,,154.2,,39.48
6391,20.993,,154,,39.4
6392,20.997,,154.2,,39.48
6393,21.001,,154.4,,39.56
6394,21.005,,154.6,,39.64
6395,21.009,,154.8,,39.72
6396,21.013,,155,,39.8
6397,21.0168,,155,,39.8
6398,21.0205,,155,,39.8
6399,21.0243,,155,,39.8
6400,21.028,,155,,39.8
6401,21.0318,,155,,39.8
6402,21.0355,,155,,39.8
6403,21.0392,,155,,39.8
6404,21.0428,,155,,39.8
6405,21.0465,,155,,39.8
6406,21.0502,,155,,39.8
6407,21.0538,,155,,39.8
6408,21.0575,,155,,39.8
6409,21.0611,,154.833,,39.8
6410,21.0646,,154.667,,39.8
6411,21.0681,,154.5,,39.8
6412,21.0717,,154.333,,39.8
6413,21.0753,,154.167,,39.8
6414,21.0788,,154,,39.8
6415,21.0827,,154.167,,39.8667
6416,21.0865,,154.333,,39.9333
6417,21.0904,,154.5,,40
6418,21.0943,,154.667,,40.0667
6419,21.0981,,154.833,,40.1333
6420,21.102,,155,,40.2
6421,21.1054,,155,,40.3
6422,21.1087,,155,,40.4
6423,21.1123,,155,,40.3333
6424,21.1158,,155,,40.2667
6425,21.1194,,155,,40.2
6426,21.1229,,155,,40.1333
6427,21.1265,,155,,40.0667
6428,21.13,,155,,40
6429,21.1338,,155.167,,40.0333
6430,21.1375,,155.333,,40.0667
6431,21.1413,,155.5,,40.1
6432,21.1451,,155.667,,40.1333
6433,21.1488,,155.833,,40.1667
6434,21.1526,,156,,40.2
6435,21.1566,,156,,40.16
6436,21.1607,,156,,40.12
6437,21.1647,,156,,40.08
6438,21.1688,,156,,40.04
6439,21.1728,,156,,40
6440,21.1769,,156,,40.04
6441,21.181,,156,,40.08
6442,21.185,,156,,40.12
6443,21.1891,,156,,40.16
6444,21.1932,,156,,40.2
6445,21.1972,,156.167,,40.1333
6446,21.2011,,156.333,,40.0667
6447,21.2051,,156.5,,40
6448,21.209,,156.667,,39.9333
6449,21.2129,,156.833,,39.8667
6450,21.2169,,157,,39.8
6451,21.2211,,157,,39.88
6452,21.2253,,157,,39.96
6453,21.2296,,157,,40.04
6454,21.2338,,157,,40.12
6455,21.238,,157,,40.2
6456,21.2423,,157.2,,40.16
6457,21.2465,,157.4,,40.12
6458,21.2508,,157.6,,40.08
6459,21.255,,157.8,,40.04
6460,21.2593,,158,,40
6461,21.2629,,158,,40.0333
6462,21.2666,,158,,40.0667
6463,21.2702,,158,,40.1
6464,21.2738,,158,,40.1333
6465,21.2775,,158,,40.1667
6466,21.2811,,158,,40.2
6467,21.2827,,157.5,,40.2
6468,21.2842,,157,,40.2
6469,21.2853,,157,,40.2
6470,21.2864,,157,,40.2
