secs,km,power,hr,cad,alt
0,0,,79,,24.2
1,0.00145,,79,,24.2
2,0.0030675,,79.75,,24.25
3,0.004685,,80.5,,24.3
4,0.0063025,,81.25,,24.35
5,0.00792,,82,,24.4
6,0.009635,,83.5,,24.4
7,0.01135,,85,,24.4
8,0.01373,,87,,24.4
9,0.01611,,89,,24.4
10,0.017955,,91,,24.5
11,0.0198,,93,,24.6
12,0.02167,,98,,24.6
13,0.02394,,102,,24.4
14,0.02649,,105,,24.6
15,0.02901,,108,,24.6
16,0.03144,,111,,24.6
17,0.034115,,113,,24.7
18,0.03679,,115,,24.8
19,0.03944,,116.5,,24.9
20,0.04209,,118,,25
21,0.0444275,,118.75,,25.05
22,0.046765,,119.5,,25.1
23,0.0491025,,120.25,,25.15
24,0.05144,,121,,25.2
25,0.0540325,,121.75,,25.15
26,0.056625,,122.5,,25.1
27,0.0592175,,123.25,,25.05
28,0.06181,,124,,25
29,0.0639225,,124.75,,24.95
30,0.066035,,125.5,,24.9
31,0.0681475,,126.25,,24.85
32,0.07026,,127,,24.8
33,0.0732813,,127.25,,24.775
34,0.0763025,,127.5,,24.75
35,0.0793238,,127.75,,24.725
36,0.082345,,128,,24.7
37,0.0853663,,128.25,,24.675
38,0.0883875,,128.5,,24.65
39,0.0914088,,128.75,,24.625
40,0.09443,,129,,24.6
41,0.09916,,129.4,,24.6
42,0.10389,,129.8,,24.6
43,0.10862,,130.2,,24.6
44,0.11335,,130.6,,24.6
45,0.11808,,131,,24.6
46,0.121659,,131.286,,24.3429
47,0.125237,,131.571,,24.0857
48,0.128816,,131.857,,23.8286
49,0.132394,,132.143,,23.5714
50,0.135973,,132.429,,23.3143
51,0.139551,,132.714,,23.0571
52,0.14313,,133,,22.8
53,0.145644,,133.25,,22.675
54,0.148158,,133.5,,22.55
55,0.150671,,133.75,,22.425
56,0.153185,,134,,22.3
57,0.155699,,134.25,,22.175
58,0.158213,,134.5,,22.05
59,0.160726,,134.75,,21.925
60,0.16324,,135,,21.8
61,0.163486,,135.143,,21.8857
62,0.163731,,135.286,,21.9714
63,0.163977,,135.429,,22.0571
64,0.164223,,135.571,,22.1429
65,0.164469,,135.714,,22.2286
66,0.164714,,135.857,,22.3143
67,0.16496,,136,,22.4
68,0.165293,,136,,22.6
69,0.165627,,136,,22.8
70,0.16596,,136,,23
71,0.170942,,135.8,,23.24
72,0.175924,,135.6,,23.48
73,0.180906,,135.4,,23.72
74,0.185888,,135.2,,23.96
75,0.19087,,135,,24.2
76,0.19892,,136,,24.2
77,0.20755,,135.667,,24.1333
78,0.21618,,135.333,,24.0667
79,0.22481,,135,,24
80,0.23589,,135,,24.1
81,0.24697,,135,,24.2
82,0.25544,,135.333,,24.2
83,0.26391,,135.667,,24.2
84,0.27238,,136,,24.2
85,0.27817,,135.75,,24.2
86,0.28396,,135.5,,24.2
87,0.28975,,135.25,,24.2
88,0.29554,,135,,24.2
89,0.298194,,135,,24.15
90,0.300848,,135,,24.1
91,0.303501,,135,,24.05
92,0.306155,,135,,24
93,0.308809,,135,,23.95
94,0.311462,,135,,23.9
95,0.314116,,135,,23.85
96,0.31677,,135,,23.8
97,0.319739,,135,,23.7714
98,0.322707,,135,,23.7429
99,0.325676,,135,,23.7143
100,0.328644,,135,,23.6857
101,0.331613,,135,,23.6571
102,0.334581,,135,,23.6286
103,0.33755,,135,,23.6
104,0.339465,,135.091,,23.5636
105,0.341381,,135.182,,23.5273
106,0.343296,,135.273,,23.4909
107,0.345212,,135.364,,23.4545
108,0.347127,,135.455,,23.4182
109,0.349043,,135.545,,23.3818
110,0.350958,,135.636,,23.3455
111,0.352874,,135.727,,23.3091
112,0.354789,,135.818,,23.2727
113,0.356705,,135.909,,23.2364
114,0.35862,,136,,23.2
115,0.365022,,135.75,,23.15
116,0.371425,,135.5,,23.1
117,0.377828,,135.25,,23.05
118,0.38423,,135,,23
119,0.390338,,135.25,,23
120,0.396445,,135.5,,23
121,0.402553,,135.75,,23
122,0.40866,,136,,23
123,0.416497,,136,,23
124,0.424333,,136,,23
125,0.43217,,136,,23
126,0.440363,,136,,23.1333
127,0.448557,,136,,23.2667
128,0.45675,,136,,23.4
129,0.464113,,136.333,,23.5333
130,0.471477,,136.667,,23.6667
131,0.47884,,137,,23.8
132,0.484307,,137,,23.75
133,0.489775,,137,,23.7
134,0.495242,,137,,23.65
135,0.50071,,137,,23.6
136,0.504788,,136.8,,23.48
137,0.508866,,136.6,,23.36
138,0.512944,,136.4,,23.24
139,0.517022,,136.2,,23.12
140,0.5211,,136,,23
141,0.525122,,136.2,,22.88
142,0.529144,,136.4,,22.76
143,0.533166,,136.6,,22.64
144,0.537188,,136.8,,22.52
145,0.54121,,137,,22.4
146,0.545272,,137,,22.6
147,0.549334,,137,,22.8
148,0.553396,,137,,23
149,0.557458,,137,,23.2
150,0.56152,,137,,23.4
151,0.565118,,137,,23.6
152,0.568717,,137,,23.8
153,0.572315,,137,,24
154,0.575913,,137,,24.2
155,0.579512,,137,,24.4
156,0.58311,,137,,24.6
157,0.585295,,137,,24.72
158,0.58748,,137,,24.84
159,0.589665,,137,,24.96
160,0.59185,,137,,25.08
161,0.594035,,137,,25.2
162,0.59622,,137,,25.32
163,0.598405,,137,,25.44
164,0.60059,,137,,25.56
165,0.602775,,137,,25.68
166,0.60496,,137,,25.8
167,0.609256,,137.2,,25.72
168,0.613552,,137.4,,25.64
169,0.617848,,137.6,,25.56
170,0.622144,,137.8,,25.48
171,0.62644,,138,,25.4
172,0.630652,,138,,25.28
173,0.634864,,138,,25.16
174,0.639076,,138,,25.04
175,0.643288,,138,,24.92
176,0.6475,,138,,24.8
177,0.649761,,138.222,,24.7333
178,0.652022,,138.444,,24.6667
179,0.654283,,138.667,,24.6
180,0.656544,,138.889,,24.5333
181,0.658806,,139.111,,24.4667
182,0.661067,,139.333,,24.4
183,0.663328,,139.556,,24.3333
184,0.665589,,139.778,,24.2667
185,0.66785,,140,,24.2
186,0.6715,,140,,24.2
187,0.67515,,140,,24.2
188,0.6788,,140,,24.2
189,0.68245,,140,,24.2
190,0.6861,,140,,24.2
191,0.68975,,140,,24.2
192,0.691019,,140,,24.2182
193,0.692288,,140,,24.2364
194,0.693557,,140,,24.2545
195,0.694826,,140,,24.2727
196,0.696095,,140,,24.2909
197,0.697365,,140,,24.3091
198,0.698634,,140,,24.3273
199,0.699903,,140,,24.3455
200,0.701172,,140,,24.3636
201,0.702441,,140,,24.3818
202,0.70371,,140,,24.4
203,0.708395,,140,,24.3
204,0.71308,,140,,24.2
205,0.71702,,139.75,,24.25
206,0.72096,,139.5,,24.3
207,0.7249,,139.25,,24.35
208,0.72884,,139,,24.4
209,0.74019,,138.5,,24.7
210,0.75154,,138,,25
211,0.75863,,138,,25.4
212,0.766753,,138,,25.8
213,0.774877,,138,,26.2
214,0.783,,138,,26.6
215,0.78797,,138,,27
216,0.792376,,138.2,,27.24
217,0.796782,,138.4,,27.48
218,0.801188,,138.6,,27.72
219,0.805594,,138.8,,27.96
220,0.81,,139,,28.2
221,0.81149,,139,,28.4
222,0.814527,,139.25,,28.375
223,0.817565,,139.5,,28.35
224,0.820602,,139.75,,28.325
225,0.82364,,140,,28.3
226,0.826677,,140.25,,28.275
227,0.829715,,140.5,,28.25
228,0.832752,,140.75,,28.225
229,0.83579,,141,,28.2
230,0.840034,,141,,28.04
231,0.844278,,141,,27.88
232,0.848522,,141,,27.72
233,0.852766,,141,,27.56
234,0.85701,,141,,27.4
235,0.860395,,140.833,,27.3333
236,0.86378,,140.667,,27.2667
237,0.867165,,140.5,,27.2
238,0.87055,,140.333,,27.1333
239,0.873935,,140.167,,27.0667
240,0.87732,,140,,27
241,0.881143,,140,,27.0333
242,0.884967,,140,,27.0667
243,0.88879,,140,,27.1
244,0.892613,,140,,27.1333
245,0.896437,,140,,27.1667
246,0.90026,,140,,27.2
247,0.903299,,140,,27.2571
248,0.906337,,140,,27.3143
249,0.909376,,140,,27.3714
250,0.912414,,140,,27.4286
251,0.915453,,140,,27.4857
252,0.918491,,140,,27.5429
253,0.92153,,140,,27.6
254,0.923772,,139.889,,27.5556
255,0.926014,,139.778,,27.5111
256,0.928257,,139.667,,27.4667
257,0.930499,,139.556,,27.4222
258,0.932741,,139.444,,27.3778
259,0.934983,,139.333,,27.3333
260,0.937226,,139.222,,27.2889
261,0.939468,,139.111,,27.2444
262,0.94171,,139,,27.2
263,0.942681,,139.045,,27.1818
264,0.943652,,139.091,,27.1636
265,0.944623,,139.136,,27.1455
266,0.945594,,139.182,,27.1273
267,0.946565,,139.227,,27.1091
268,0.947535,,139.273,,27.0909
269,0.948506,,139.318,,27.0727
270,0.949477,,139.364,,27.0545
271,0.950448,,139.409,,27.0364
272,0.951419,,139.455,,27.0182
273,0.95239,,139.5,,27
274,0.953361,,139.545,,26.9818
275,0.954332,,139.591,,26.9636
276,0.955303,,139.636,,26.9455
277,0.956274,,139.682,,26.9273
278,0.957245,,139.727,,26.9091
279,0.958215,,139.773,,26.8909
280,0.959186,,139.818,,26.8727
281,0.960157,,139.864,,26.8545
282,0.961128,,139.909,,26.8364
283,0.962099,,139.955,,26.8182
284,0.96307,,140,,26.8
285,0.96667,,140,,26.8857
286,0.97027,,140,,26.9714
287,0.97387,,140,,27.0571
288,0.97747,,140,,27.1429
289,0.98107,,140,,27.2286
290,0.98467,,140,,27.3143
291,0.98827,,140,,27.4
292,0.992367,,139.667,,27.4667
293,0.996463,,139.333,,27.5333
294,1.00056,,139,,27.6
295,1.00796,,139,,27.6
296,1.01535,,139,,27.6
297,1.02275,,139,,27.6
298,1.02643,,139,,27.4333
299,1.03011,,139,,27.2667
300,1.03379,,139,,27.1
301,1.03748,,139,,26.9333
302,1.04116,,139,,26.7667
303,1.04484,,139,,26.6
304,1.04695,,139,,26.38
305,1.04906,,139,,26.16
306,1.05117,,139,,25.94
307,1.05328,,139,,25.72
308,1.05539,,139,,25.5
309,1.05751,,139,,25.28
310,1.05962,,139,,25.06
311,1.06173,,139,,24.84
312,1.06384,,139,,24.62
313,1.06595,,139,,24.4
314,1.06928,,139.286,,24.0286
315,1.07262,,139.571,,23.6571
316,1.07595,,139.857,,23.2857
317,1.07928,,140.143,,22.9143
318,1.08261,,140.429,,22.5429
319,1.08595,,140.714,,22.1714
320,1.08928,,141,,21.8
321,1.09238,,141,,21.4
322,1.09549,,141,,21
323,1.09859,,141,,20.6
324,1.1017,,141,,20.2
325,1.1048,,141,,19.8
326,1.10828,,141,,19.5
327,1.11177,,141,,19.2
328,1.11525,,141,,18.9
329,1.11873,,141,,18.6
330,1.12222,,141,,18.3
331,1.1257,,141,,18
332,1.12898,,141,,17.8857
333,1.13226,,141,,17.7714
334,1.13554,,141,,17.6571
335,1.13882,,141,,17.5429
336,1.1421,,141,,17.4286
337,1.14538,,141,,17.3143
338,1.14866,,141,,17.2
339,1.15186,,141,,17.0857
340,1.15507,,141,,16.9714
341,1.15827,,141,,16.8571
342,1.16147,,141,,16.7429
343,1.16467,,141,,16.6286
344,1.16788,,141,,16.5143
345,1.17108,,141,,16.4
346,1.17377,,140.75,,16.325
347,1.17647,,140.5,,16.25
348,1.17916,,140.25,,16.175
349,1.18186,,140,,16.1
350,1.18455,,139.75,,16.025
351,1.18725,,139.5,,15.95
352,1.18995,,139.25,,15.875
353,1.19264,,139,,15.8
354,1.19406,,139,,15.6
355,1.19605,,138,,15.6
356,1.19805,,137,,15.6
357,1.20004,,136,,15.6
358,1.20298,,136,,15.7143
359,1.20591,,136,,15.8286
360,1.20885,,136,,15.9429
361,1.21179,,136,,16.0571
362,1.21473,,136,,16.1714
363,1.21766,,136,,16.2857
364,1.2206,,136,,16.4
365,1.22348,,136,,16.4571
366,1.22636,,136,,16.5143
367,1.22924,,136,,16.5714
368,1.23212,,136,,16.6286
369,1.235,,136,,16.6857
370,1.23788,,136,,16.7429
371,1.24076,,136,,16.8
372,1.24375,,136.143,,16.8
373,1.24673,,136.286,,16.8
374,1.24972,,136.429,,16.8
375,1.25271,,136.571,,16.8
376,1.2557,,136.714,,16.8
377,1.25868,,136.857,,16.8
378,1.26167,,137,,16.8
379,1.26485,,137.5,,16.7
380,1.26803,,138,,16.6
381,1.27121,,138.5,,16.5
382,1.27438,,139,,16.4
383,1.27756,,139.5,,16.3
384,1.28074,,140,,16.2
385,1.28364,,140.429,,16.2571
386,1.28655,,140.857,,16.3143
387,1.28945,,141.286,,16.3714
388,1.29235,,141.714,,16.4286
389,1.29525,,142.143,,16.4857
390,1.29816,,142.571,,16.5429
391,1.30106,,143,,16.6
392,1.30426,,143.143,,16.7429
393,1.30745,,143.286,,16.8857
394,1.31065,,143.429,,17.0286
395,1.31384,,143.571,,17.1714
396,1.31704,,143.714,,17.3143
397,1.32023,,143.857,,17.4571
398,1.32343,,144,,17.6
399,1.32648,,144.286,,17.8286
400,1.32952,,144.571,,18.0571
401,1.33257,,144.857,,18.2857
402,1.33561,,145.143,,18.5143
403,1.33866,,145.429,,18.7429
404,1.3417,,145.714,,18.9714
405,1.34475,,146,,19.2
406,1.34791,,146,,19.2286
407,1.35107,,146,,19.2571
408,1.35423,,146,,19.2857
409,1.35738,,146,,19.3143
410,1.36054,,146,,19.3429
411,1.3637,,146,,19.3714
412,1.36686,,146,,19.4
413,1.37013,,146,,19.5429
414,1.3734,,146,,19.6857
415,1.37667,,146,,19.8286
416,1.37993,,146,,19.9714
417,1.3832,,146,,20.1143
418,1.38647,,146,,20.2571
419,1.38974,,146,,20.4
420,1.39269,,145.714,,20.5429
421,1.39565,,145.429,,20.6857
422,1.3986,,145.143,,20.8286
423,1.40155,,144.857,,20.9714
424,1.4045,,144.571,,21.1143
425,1.40746,,144.286,,21.2571
426,1.41041,,144,,21.4
427,1.4133,,144,,21.4571
428,1.41619,,144,,21.5143
429,1.41908,,144,,21.5714
430,1.42196,,144,,21.6286
431,1.42485,,144,,21.6857
432,1.42774,,144,,21.7429
433,1.43063,,144,,21.8
434,1.43367,,144.143,,21.7143
435,1.43671,,144.286,,21.6286
436,1.43975,,144.429,,21.5429
437,1.44278,,144.571,,21.4571
438,1.44582,,144.714,,21.3714
439,1.44886,,144.857,,21.2857
440,1.4519,,145,,21.2
441,1.45422,,144.571,,21.0286
442,1.45654,,144.143,,20.8571
443,1.45886,,143.714,,20.6857
444,1.46119,,143.286,,20.5143
445,1.46351,,142.857,,20.3429
446,1.46583,,142.429,,20.1714
447,1.46815,,142,,20
448,1.47049,,142.111,,19.8667
449,1.47283,,142.222,,19.7333
450,1.47517,,142.333,,19.6
451,1.47751,,142.444,,19.4667
452,1.47986,,142.556,,19.3333
453,1.4822,,142.667,,19.2
454,1.48454,,142.778,,19.0667
455,1.48688,,142.889,,18.9333
456,1.48922,,143,,18.8
457,1.49187,,143.25,,18.725
458,1.49453,,143.5,,18.65
459,1.49718,,143.75,,18.575
460,1.49984,,144,,18.5
461,1.50249,,144.25,,18.425
462,1.50515,,144.5,,18.35
463,1.5078,,144.75,,18.275
464,1.51046,,145,,18.2
465,1.5136,,145,,18.1429
466,1.51674,,145,,18.0857
467,1.51988,,145,,18.0286
468,1.52303,,145,,17.9714
469,1.52617,,145,,17.9143
470,1.52931,,145,,17.8571
471,1.53245,,145,,17.8
472,1.5355,,145,,17.9429
473,1.53856,,145,,18.0857
474,1.54161,,145,,18.2286
475,1.54466,,145,,18.3714
476,1.54771,,145,,18.5143
477,1.55077,,145,,18.6571
478,1.55382,,145,,18.8
479,1.55703,,144.714,,18.8571
480,1.56024,,144.429,,18.9143
481,1.56345,,144.143,,18.9714
482,1.56667,,143.857,,19.0286
483,1.56988,,143.571,,19.0857
484,1.57309,,143.286,,19.1429
485,1.5763,,143,,19.2
486,1.57967,,142.833,,19.1
487,1.58304,,142.667,,19
488,1.58641,,142.5,,18.9
489,1.58978,,142.333,,18.8
490,1.59315,,142.167,,18.7
491,1.59652,,142,,18.6
492,1.59977,,142.143,,18.6
493,1.60302,,142.286,,18.6
494,1.60627,,142.429,,18.6
495,1.60952,,142.571,,18.6
496,1.61277,,142.714,,18.6
497,1.61602,,142.857,,18.6
498,1.61927,,143,,18.6
499,1.6221,,143,,18.65
500,1.62494,,143,,18.7
501,1.62777,,143,,18.75
502,1.6306,,143,,18.8
503,1.63344,,143,,18.85
504,1.63627,,143,,18.9
505,1.63911,,143,,18.95
506,1.64194,,143,,19
507,1.64523,,142.857,,19.0857
508,1.64851,,142.714,,19.1714
509,1.6518,,142.571,,19.2571
510,1.65508,,142.429,,19.3429
511,1.65837,,142.286,,19.4286
512,1.66165,,142.143,,19.5143
513,1.66494,,142,,19.6
514,1.66876,,142,,19.7333
515,1.67259,,142,,19.8667
516,1.67641,,142,,20
517,1.68024,,142,,20.1333
518,1.68407,,142,,20.2667
519,1.68789,,142,,20.4
520,1.69157,,142,,20.4667
521,1.69524,,142,,20.5333
522,1.69891,,142,,20.6
523,1.70259,,142,,20.6667
524,1.70626,,142,,20.7333
525,1.70994,,142,,20.8
526,1.71339,,142.167,,20.7333
527,1.71685,,142.333,,20.6667
528,1.7203,,142.5,,20.6
529,1.72376,,142.667,,20.5333
530,1.72722,,142.833,,20.4667
531,1.73067,,143,,20.4
532,1.73477,,142.8,,20.16
533,1.73886,,142.6,,19.92
534,1.74296,,142.4,,19.68
535,1.74705,,142.2,,19.44
536,1.75115,,142,,19.2
537,1.75435,,142.286,,19.0857
538,1.75754,,142.571,,18.9714
539,1.76074,,142.857,,18.8571
540,1.76393,,143.143,,18.7429
541,1.76713,,143.429,,18.6286
542,1.77032,,143.714,,18.5143
543,1.77352,,144,,18.4
544,1.77678,,144,,18.2857
545,1.78005,,144,,18.1714
546,1.78331,,144,,18.0571
547,1.78658,,144,,17.9429
548,1.78984,,144,,17.8286
549,1.79311,,144,,17.7143
550,1.79637,,144,,17.6
551,1.79981,,144,,17.4
552,1.80325,,144,,17.2
553,1.8067,,144,,17
554,1.81014,,144,,16.8
555,1.81358,,144,,16.6
556,1.81702,,144,,16.4
557,1.82048,,143.833,,16.2667
558,1.82394,,143.667,,16.1333
559,1.8274,,143.5,,16
560,1.83085,,143.333,,15.8667
561,1.83431,,143.167,,15.7333
562,1.83777,,143,,15.6
563,1.84015,,143.111,,15.6667
564,1.84253,,143.222,,15.7333
565,1.84491,,143.333,,15.8
566,1.84729,,143.444,,15.8667
567,1.84968,,143.556,,15.9333
568,1.85206,,143.667,,16
569,1.85444,,143.778,,16.0667
570,1.85682,,143.889,,16.1333
571,1.8592,,144,,16.2
572,1.86156,,144,,16.2667
573,1.86392,,144,,16.3333
574,1.86629,,144,,16.4
575,1.86865,,144,,16.4667
576,1.87101,,144,,16.5333
577,1.87337,,144,,16.6
578,1.87574,,144,,16.6667
579,1.8781,,144,,16.7333
580,1.88046,,144,,16.8
581,1.88363,,144.143,,16.7714
582,1.8868,,144.286,,16.7429
583,1.88997,,144.429,,16.7143
584,1.89315,,144.571,,16.6857
585,1.89632,,144.714,,16.6571
586,1.89949,,144.857,,16.6286
587,1.90266,,145,,16.6
588,1.90544,,145.429,,16.8571
589,1.90823,,145.857,,17.1143
590,1.91101,,146.286,,17.3714
591,1.9138,,146.714,,17.6286
592,1.91658,,147.143,,17.8857
593,1.91937,,147.571,,18.1429
594,1.92215,,148,,18.4
595,1.9248,,148.6,,18.32
596,1.92745,,149.2,,18.24
597,1.93009,,149.8,,18.16
598,1.93274,,150.4,,18.08
599,1.93539,,151,,18
600,1.93854,,151,,18.1429
601,1.9417,,151,,18.2857
602,1.94485,,151,,18.4286
603,1.948,,151,,18.5714
604,1.95115,,151,,18.7143
605,1.95431,,151,,18.8571
606,1.95746,,151,,19
607,1.96512,,151,,17.75
608,1.97277,,151,,16.5
609,1.98043,,151,,15.25
610,1.98809,,151,,14
611,1.99118,,151,,14.1
612,1.99427,,151,,14.2
613,1.99737,,151,,14.3
614,2.00046,,151,,14.4
615,2.0133,,151,,15.3333
616,2.02615,,151,,16.2667
617,2.03899,,151,,17.2
618,2.0417,,150.875,,17.3
619,2.04441,,150.75,,17.4
620,2.04712,,150.625,,17.5
621,2.04982,,150.5,,17.6
622,2.05253,,150.375,,17.7
623,2.05524,,150.25,,17.8
624,2.05795,,150.125,,17.9
625,2.06066,,150,,18
626,2.06354,,149.714,,18
627,2.06643,,149.429,,18
628,2.06931,,149.143,,18
629,2.07219,,148.857,,18
630,2.07507,,148.571,,18
631,2.07796,,148.286,,18
632,2.08084,,148,,18
633,2.08382,,147.857,,17.8857
634,2.0868,,147.714,,17.7714
635,2.08978,,147.571,,17.6571
636,2.09277,,147.429,,17.5429
637,2.09575,,147.286,,17.4286
638,2.09873,,147.143,,17.3143
639,2.10171,,147,,17.2
640,2.105,,146.857,,17.0571
641,2.10828,,146.714,,16.9143
642,2.11157,,146.571,,16.7714
643,2.11485,,146.429,,16.6286
644,2.11814,,146.286,,16.4857
645,2.12142,,146.143,,16.3429
646,2.12471,,146,,16.2
647,2.12783,,145.667,,16.3333
648,2.13095,,145.333,,16.4667
649,2.13407,,145,,16.6
650,2.1358,,145.083,,16.65
651,2.13753,,145.167,,16.7
652,2.13926,,145.25,,16.75
653,2.14098,,145.333,,16.8
654,2.14271,,145.417,,16.85
655,2.14444,,145.5,,16.9
656,2.14617,,145.583,,16.95
657,2.1479,,145.667,,17
658,2.14963,,145.75,,17.05
659,2.15135,,145.833,,17.1
660,2.15308,,145.917,,17.15
661,2.15481,,146,,17.2
662,2.1574,,145.875,,17.4
663,2.15998,,145.75,,17.6
664,2.16257,,145.625,,17.8
665,2.16515,,145.5,,18
666,2.16774,,145.375,,18.2
667,2.17032,,145.25,,18.4
668,2.1729,,145.125,,18.6
669,2.17549,,145,,18.8
670,2.17872,,144.857,,18.9429
671,2.18194,,144.714,,19.0857
672,2.18517,,144.571,,19.2286
673,2.18839,,144.429,,19.3714
674,2.19162,,144.286,,19.5143
675,2.19484,,144.143,,19.6571
676,2.19807,,144,,19.8
677,2.20132,,144,,19.9429
678,2.20458,,144,,20.0857
679,2.20783,,144,,20.2286
680,2.21108,,144,,20.3714
681,2.21433,,144,,20.5143
682,2.21759,,144,,20.6571
683,2.22084,,144,,20.8
684,2.22406,,143.857,,20.8286
685,2.22728,,143.714,,20.8571
686,2.2305,,143.571,,20.8857
687,2.23373,,143.429,,20.9143
688,2.23695,,143.286,,20.9429
689,2.24017,,143.143,,20.9714
690,2.24339,,143,,21
691,2.24649,,143.286,,20.9714
692,2.24959,,143.571,,20.9429
693,2.25269,,143.857,,20.9143
694,2.25578,,144.143,,20.8857
695,2.25888,,144.429,,20.8571
696,2.26198,,144.714,,20.8286
697,2.26508,,145,,20.8
698,2.26848,,145,,20.8333
699,2.27187,,145,,20.8667
700,2.27527,,145,,20.9
701,2.27867,,145,,20.9333
702,2.28206,,145,,20.9667
703,2.28546,,145,,21
704,2.28874,,145,,21.0857
705,2.29201,,145,,21.1714
706,2.29529,,145,,21.2571
707,2.29857,,145,,21.3429
708,2.30185,,145,,21.4286
709,2.30512,,145,,21.5143
710,2.3084,,145,,21.6
711,2.31164,,145.429,,21.3143
712,2.31489,,145.857,,21.0286
713,2.31813,,146.286,,20.7429
714,2.32138,,146.714,,20.4571
715,2.32462,,147.143,,20.1714
716,2.32787,,147.571,,19.8857
717,2.33111,,148,,19.6
718,2.33456,,148.167,,19.3333
719,2.338,,148.333,,19.0667
720,2.34145,,148.5,,18.8
721,2.3449,,148.667,,18.5333
722,2.34834,,148.833,,18.2667
723,2.35179,,149,,18
724,2.35504,,149.143,,17.7429
725,2.35829,,149.286,,17.4857
726,2.36154,,149.429,,17.2286
727,2.36478,,149.571,,16.9714
728,2.36803,,149.714,,16.7143
729,2.37128,,149.857,,16.4571
730,2.37453,,150,,16.2
731,2.37791,,150.333,,16.3
732,2.38129,,150.667,,16.4
733,2.38467,,151,,16.5
734,2.38805,,151.333,,16.6
735,2.39143,,151.667,,16.7
736,2.39481,,152,,16.8
737,2.39818,,152.167,,16.9333
738,2.40154,,152.333,,17.0667
739,2.40491,,152.5,,17.2
740,2.40827,,152.667,,17.3333
741,2.41164,,152.833,,17.4667
742,2.415,,153,,17.6
743,2.41799,,154,,17.6
744,2.42121,,154,,17.7429
745,2.42443,,154,,17.8857
746,2.42765,,154,,18.0286
747,2.43087,,154,,18.1714
748,2.43409,,154,,18.3143
749,2.43731,,154,,18.4571
750,2.44053,,154,,18.6
751,2.44354,,153.857,,18.8
752,2.44656,,153.714,,19
753,2.44957,,153.571,,19.2
754,2.45259,,153.429,,19.4
755,2.4556,,153.286,,19.6
756,2.45862,,153.143,,19.8
757,2.46163,,153,,20
758,2.46418,,153,,20.2
759,2.46674,,153,,20.4
760,2.46981,,153.286,,20.4571
761,2.47287,,153.571,,20.5143
762,2.47594,,153.857,,20.5714
763,2.479,,154.143,,20.6286
764,2.48207,,154.429,,20.6857
765,2.48513,,154.714,,20.7429
766,2.4882,,155,,20.8
767,2.4914,,155.143,,20.9143
768,2.49459,,155.286,,21.0286
769,2.49779,,155.429,,21.1429
770,2.50098,,155.571,,21.2571
771,2.50418,,155.714,,21.3714
772,2.50737,,155.857,,21.4857
773,2.51057,,156,,21.6
774,2.51367,,156.143,,21.5429
775,2.51677,,156.286,,21.4857
776,2.51987,,156.429,,21.4286
777,2.52296,,156.571,,21.3714
778,2.52606,,156.714,,21.3143
779,2.52916,,156.857,,21.2571
780,2.53226,,157,,21.2
781,2.53543,,157.143,,21.1143
782,2.53859,,157.286,,21.0286
783,2.54176,,157.429,,20.9429
784,2.54493,,157.571,,20.8571
785,2.5481,,157.714,,20.7714
786,2.55126,,157.857,,20.6857
787,2.55443,,158,,20.6
788,2.55722,,157.75,,20.5
789,2.56001,,157.5,,20.4
790,2.5628,,157.25,,20.3
791,2.56559,,157,,20.2
792,2.56838,,156.75,,20.1
793,2.57117,,156.5,,20
794,2.57396,,156.25,,19.9
795,2.57675,,156,,19.8
796,2.58006,,155.857,,19.8857
797,2.58338,,155.714,,19.9714
798,2.58669,,155.571,,20.0571
799,2.59,,155.429,,20.1429
800,2.59331,,155.286,,20.2286
801,2.59663,,155.143,,20.3143
802,2.59994,,155,,20.4
803,2.60308,,155,,20.5143
804,2.60621,,155,,20.6286
805,2.60935,,155,,20.7429
806,2.61248,,155,,20.8571
807,2.61562,,155,,20.9714
808,2.61875,,155,,21.0857
809,2.62189,,155,,21.2
810,2.62478,,154.875,,21.325
811,2.62766,,154.75,,21.45
812,2.63055,,154.625,,21.575
813,2.63343,,154.5,,21.7
814,2.63632,,154.375,,21.825
815,2.63921,,154.25,,21.95
816,2.64209,,154.125,,22.075
817,2.64498,,154,,22.2
818,2.64822,,153.857,,22.2
819,2.65146,,153.714,,22.2
820,2.6547,,153.571,,22.2
821,2.65794,,153.429,,22.2
822,2.66118,,153.286,,22.2
823,2.66442,,153.143,,22.2
824,2.66766,,153,,22.2
825,2.67109,,152.833,,21.9667
826,2.67452,,152.667,,21.7333
827,2.67795,,152.5,,21.5
828,2.68138,,152.333,,21.2667
829,2.68481,,152.167,,21.0333
830,2.68824,,152,,20.8
831,2.69175,,151.833,,20.5667
832,2.69526,,151.667,,20.3333
833,2.69878,,151.5,,20.1
834,2.70229,,151.333,,19.8667
835,2.7058,,151.167,,19.6333
836,2.70931,,151,,19.4
837,2.71309,,150.833,,19.3333
838,2.71686,,150.667,,19.2667
839,2.72064,,150.5,,19.2
840,2.72442,,150.333,,19.1333
841,2.72819,,150.167,,19.0667
842,2.73197,,150,,19
843,2.73543,,149.833,,19.1333
844,2.73888,,149.667,,19.2667
845,2.74234,,149.5,,19.4
846,2.7458,,149.333,,19.5333
847,2.74925,,149.167,,19.6667
848,2.75271,,149,,19.8
849,2.75614,,149.167,,19.9667
850,2.75958,,149.333,,20.1333
851,2.76302,,149.5,,20.3
852,2.76645,,149.667,,20.4667
853,2.76989,,149.833,,20.6333
854,2.77332,,150,,20.8
855,2.77667,,149.833,,20.9667
856,2.78002,,149.667,,21.1333
857,2.78336,,149.5,,21.3
858,2.78671,,149.333,,21.4667
859,2.79006,,149.167,,21.6333
860,2.79341,,149,,21.8
861,2.79664,,148.714,,21.9143
862,2.79987,,148.429,,22.0286
863,2.8031,,148.143,,22.1429
864,2.80633,,147.857,,22.2571
865,2.80956,,147.571,,22.3714
866,2.81279,,147.286,,22.4857
867,2.81602,,147,,22.6
868,2.81945,,147.167,,22.7333
869,2.82287,,147.333,,22.8667
870,2.8263,,147.5,,23
871,2.82973,,147.667,,23.1333
872,2.83315,,147.833,,23.2667
873,2.83658,,148,,23.4
874,2.83971,,148,,23.4286
875,2.84283,,148,,23.4571
876,2.84596,,148,,23.4857
877,2.84908,,148,,23.5143
878,2.85221,,148,,23.5429
879,2.85533,,148,,23.5714
880,2.85846,,148,,23.6
881,2.86184,,148.333,,23.6333
882,2.86521,,148.667,,23.6667
883,2.86859,,149,,23.7
884,2.87197,,149.333,,23.7333
885,2.87534,,149.667,,23.7667
886,2.87872,,150,,23.8
887,2.88195,,150.286,,23.8286
888,2.88518,,150.571,,23.8571
889,2.88841,,150.857,,23.8857
890,2.89165,,151.143,,23.9143
891,2.89488,,151.429,,23.9429
892,2.89811,,151.714,,23.9714
893,2.90134,,152,,24
894,2.90468,,152.429,,23.9714
895,2.90803,,152.857,,23.9429
896,2.91137,,153.286,,23.9143
897,2.91471,,153.714,,23.8857
898,2.91805,,154.143,,23.8571
899,2.9214,,154.571,,23.8286
900,2.92474,,155,,23.8
901,2.92786,,155.25,,23.8
902,2.93098,,155.5,,23.8
903,2.9341,,155.75,,23.8
904,2.93722,,156,,23.8
905,2.94075,,156.167,,23.7
906,2.94429,,156.333,,23.6
907,2.94782,,156.5,,23.5
908,2.95136,,156.667,,23.4
909,2.95489,,156.833,,23.3
910,2.95843,,157,,23.2
911,2.96196,,157,,23.1
912,2.9655,,157,,23
913,2.96903,,157,,22.9
914,2.97256,,157,,22.8
915,2.9761,,157,,22.7
916,2.97963,,157,,22.6
917,2.98284,,156.714,,22.5714
918,2.98604,,156.429,,22.5429
919,2.98925,,156.143,,22.5143
920,2.99246,,155.857,,22.4857
921,2.99567,,155.571,,22.4571
922,2.99887,,155.286,,22.4286
923,3.00208,,155,,22.4
924,3.00519,,154.714,,22.4571
925,3.0083,,154.429,,22.5143
926,3.01141,,154.143,,22.5714
927,3.01452,,153.857,,22.6286
928,3.01763,,153.571,,22.6857
929,3.02074,,153.286,,22.7429
930,3.02385,,153,,22.8
931,3.02719,,152.833,,22.8333
932,3.03054,,152.667,,22.8667
933,3.03388,,152.5,,22.9
934,3.03722,,152.333,,22.9333
935,3.04057,,152.167,,22.9667
936,3.04391,,152,,23
937,3.04732,,152,,23.0333
938,3.05073,,152,,23.0667
939,3.05414,,152,,23.1
940,3.05755,,152,,23.1333
941,3.06096,,152,,23.1667
942,3.06437,,152,,23.2
943,3.06765,,152.143,,23.2571
944,3.07094,,152.286,,23.3143
945,3.07422,,152.429,,23.3714
946,3.0775,,152.571,,23.4286
947,3.08078,,152.714,,23.4857
948,3.08407,,152.857,,23.5429
949,3.08735,,153,,23.6
950,3.09044,,152.857,,23.6857
951,3.09353,,152.714,,23.7714
952,3.09662,,152.571,,23.8571
953,3.09971,,152.429,,23.9429
954,3.1028,,152.286,,24.0286
955,3.10589,,152.143,,24.1143
956,3.10898,,152,,24.2
957,3.11305,,151.667,,24.1667
958,3.11712,,151.333,,24.1333
959,3.12119,,151,,24.1
960,3.12526,,150.667,,24.0667
961,3.12933,,150.333,,24.0333
962,3.1334,,150,,24
963,3.13694,,149.833,,24.1
964,3.14048,,149.667,,24.2
965,3.14402,,149.5,,24.3
966,3.14756,,149.333,,24.4
967,3.1511,,149.167,,24.5
968,3.15464,,149,,24.6
969,3.15815,,149.167,,24.7333
970,3.16165,,149.333,,24.8667
971,3.16516,,149.5,,25
972,3.16867,,149.667,,25.1333
973,3.17217,,149.833,,25.2667
974,3.17568,,150,,25.4
975,3.17892,,150,,25.4857
976,3.18217,,150,,25.5714
977,3.18541,,150,,25.6571
978,3.18865,,150,,25.7429
979,3.19189,,150,,25.8286
980,3.19514,,150,,25.9143
981,3.19838,,150,,26
982,3.20174,,150.143,,26.2
983,3.2051,,150.286,,26.4
984,3.20846,,150.429,,26.6
985,3.21183,,150.571,,26.8
986,3.21519,,150.714,,27
987,3.21855,,150.857,,27.2
988,3.22191,,151,,27.4
989,3.22526,,151,,27.5714
990,3.22861,,151,,27.7429
991,3.23196,,151,,27.9143
992,3.2353,,151,,28.0857
993,3.23865,,151,,28.2571
994,3.242,,151,,28.4286
995,3.24535,,151,,28.6
996,3.24894,,150.667,,28.6
997,3.25252,,150.333,,28.6
998,3.25611,,150,,28.6
999,3.2597,,149.667,,28.6
1000,3.26328,,149.333,,28.6
1001,3.26687,,149,,28.6
1002,3.27042,,149.167,,28.5667
1003,3.27398,,149.333,,28.5333
1004,3.27753,,149.5,,28.5
1005,3.28108,,149.667,,28.4667
1006,3.28464,,149.833,,28.4333
1007,3.28819,,150,,28.4
1008,3.29168,,150.333,,28.3
1009,3.29516,,150.667,,28.2
1010,3.29865,,151,,28.1
1011,3.30214,,151.333,,28
1012,3.30562,,151.667,,27.9
1013,3.30911,,152,,27.8
1014,3.3125,,152,,27.6
1015,3.31589,,152,,27.4
1016,3.31928,,152,,27.2
1017,3.32267,,152,,27
1018,3.32606,,152,,26.8
1019,3.32945,,152,,26.6
1020,3.33391,,152,,26.32
1021,3.33837,,152,,26.04
1022,3.34282,,152,,25.76
1023,3.34728,,152,,25.48
1024,3.35174,,152,,25.2
1025,3.35641,,151.8,,24.88
1026,3.36109,,151.6,,24.56
1027,3.36576,,151.4,,24.24
1028,3.37044,,151.2,,23.92
1029,3.37511,,151,,23.6
1030,3.37982,,150.8,,23.28
1031,3.38453,,150.6,,22.96
1032,3.38924,,150.4,,22.64
1033,3.39395,,150.2,,22.32
1034,3.39866,,150,,22
1035,3.40342,,150.2,,22.24
1036,3.40819,,150.4,,22.48
1037,3.41295,,150.6,,22.72
1038,3.41772,,150.8,,22.96
1039,3.42248,,151,,23.2
1040,3.42661,,151.2,,23.44
1041,3.43074,,151.4,,23.68
1042,3.43488,,151.6,,23.92
1043,3.43901,,151.8,,24.16
1044,3.44314,,152,,24.4
1045,3.44745,,151.8,,24.64
1046,3.45176,,151.6,,24.88
1047,3.45606,,151.4,,25.12
1048,3.46037,,151.2,,25.36
1049,3.46468,,151,,25.6
1050,3.46828,,151,,25.8333
1051,3.47188,,151,,26.0667
1052,3.47548,,151,,26.3
1053,3.47908,,151,,26.5333
1054,3.48268,,151,,26.7667
1055,3.48628,,151,,27
1056,3.49014,,150.833,,26.8667
1057,3.494,,150.667,,26.7333
1058,3.49786,,150.5,,26.6
1059,3.50172,,150.333,,26.4667
1060,3.50558,,150.167,,26.3333
1061,3.50944,,150,,26.2
1062,3.51337,,150.167,,25.8333
1063,3.51731,,150.333,,25.4667
1064,3.52124,,150.5,,25.1
1065,3.52517,,150.667,,24.7333
1066,3.52911,,150.833,,24.3667
1067,3.53304,,151,,24
1068,3.53664,,150.833,,23.6333
1069,3.54025,,150.667,,23.2667
1070,3.54385,,150.5,,22.9
1071,3.54745,,150.333,,22.5333
1072,3.55106,,150.167,,22.1667
1073,3.55466,,150,,21.8
1074,3.55821,,150.333,,21.6333
1075,3.56176,,150.667,,21.4667
1076,3.56531,,151,,21.3
1077,3.56887,,151.333,,21.1333
1078,3.57242,,151.667,,20.9667
1079,3.57597,,152,,20.8
1080,3.57937,,151.833,,20.7
1081,3.58278,,151.667,,20.6
1082,3.58618,,151.5,,20.5
1083,3.58958,,151.333,,20.4
1084,3.59299,,151.167,,20.3
1085,3.59639,,151,,20.2
1086,3.59976,,150.857,,20.2
1087,3.60313,,150.714,,20.2
1088,3.6065,,150.571,,20.2
1089,3.60987,,150.429,,20.2
1090,3.61324,,150.286,,20.2
1091,3.61661,,150.143,,20.2
1092,3.61998,,150,,20.2
1093,3.62346,,149.667,,20.2
1094,3.62695,,149.333,,20.2
1095,3.63043,,149,,20.2
1096,3.63392,,148.667,,20.2
1097,3.6374,,148.333,,20.2
1098,3.64089,,148,,20.2
1099,3.64403,,148.143,,20.2
1100,3.64716,,148.286,,20.2
1101,3.6503,,148.429,,20.2
1102,3.65343,,148.571,,20.2
1103,3.65657,,148.714,,20.2
1104,3.6597,,148.857,,20.2
1105,3.66284,,149,,20.2
1106,3.66595,,149.5,,20.2333
1107,3.66907,,150,,20.2667
1108,3.67218,,150.5,,20.3
1109,3.67529,,151,,20.3333
1110,3.67841,,151.5,,20.3667
1111,3.68152,,152,,20.4
1112,3.68464,,152.143,,20.5429
1113,3.68777,,152.286,,20.6857
1114,3.69089,,152.429,,20.8286
1115,3.69402,,152.571,,20.9714
1116,3.69714,,152.714,,21.1143
1117,3.70027,,152.857,,21.2571
1118,3.70339,,153,,21.4
1119,3.70673,,153,,21.6
1120,3.71007,,153,,21.8
1121,3.71341,,153,,22
1122,3.71675,,153,,22.2
1123,3.72009,,153,,22.4
1124,3.72343,,153,,22.6
1125,3.72648,,152.857,,22.8
1126,3.72952,,152.714,,23
1127,3.73257,,152.571,,23.2
1128,3.73562,,152.429,,23.4
1129,3.73867,,152.286,,23.6
1130,3.74171,,152.143,,23.8
1131,3.74476,,152,,24
1132,3.74784,,151.714,,24.0286
1133,3.75092,,151.429,,24.0571
1134,3.754,,151.143,,24.0857
1135,3.75707,,150.857,,24.1143
1136,3.76015,,150.571,,24.1429
1137,3.76323,,150.286,,24.1714
1138,3.76631,,150,,24.2
1139,3.76959,,150,,24.0571
1140,3.77287,,150,,23.9143
1141,3.77615,,150,,23.7714
1142,3.77944,,150,,23.6286
1143,3.78272,,150,,23.4857
1144,3.786,,150,,23.3429
1145,3.78928,,150,,23.2
1146,3.7926,,150.286,,22.9143
1147,3.79592,,150.571,,22.6286
1148,3.79924,,150.857,,22.3429
1149,3.80255,,151.143,,22.0571
1150,3.80587,,151.429,,21.7714
1151,3.80919,,151.714,,21.4857
1152,3.81251,,152,,21.2
1153,3.81604,,152.167,,20.9333
1154,3.81958,,152.333,,20.6667
1155,3.82311,,152.5,,20.4
1156,3.82664,,152.667,,20.1333
1157,3.83018,,152.833,,19.8667
1158,3.83371,,153,,19.6
1159,3.83716,,152.667,,19.4667
1160,3.84061,,152.333,,19.3333
1161,3.84406,,152,,19.2
1162,3.84751,,151.667,,19.0667
1163,3.85096,,151.333,,18.9333
1164,3.85441,,151,,18.8
1165,3.85783,,151,,18.6667
1166,3.86125,,151,,18.5333
1167,3.86467,,151,,18.4
1168,3.8681,,151,,18.2667
1169,3.87152,,151,,18.1333
1170,3.87494,,151,,18
1171,3.87843,,150.833,,18.1667
1172,3.88192,,150.667,,18.3333
1173,3.88541,,150.5,,18.5
1174,3.88891,,150.333,,18.6667
1175,3.8924,,150.167,,18.8333
1176,3.89589,,150,,19
1177,3.89938,,150,,19.0667
1178,3.90286,,150,,19.1333
1179,3.90635,,150,,19.2
1180,3.90984,,150,,19.2667
1181,3.91332,,150,,19.3333
1182,3.91681,,150,,19.4
1183,3.92036,,150,,19.3667
1184,3.9239,,150,,19.3333
1185,3.92745,,150,,19.3
1186,3.93099,,150,,19.2667
1187,3.93454,,150,,19.2333
1188,3.93808,,150,,19.2
1189,3.94147,,150,,19.2
1190,3.94487,,150,,19.2
1191,3.94826,,150,,19.2
1192,3.95165,,150,,19.2
1193,3.95505,,150,,19.2
1194,3.95844,,150,,19.2
1195,3.96167,,149.857,,19.0857
1196,3.9649,,149.714,,18.9714
1197,3.96813,,149.571,,18.8571
1198,3.97135,,149.429,,18.7429
1199,3.97458,,149.286,,18.6286
1200,3.97781,,149.143,,18.5143
1201,3.98104,,149,,18.4
1202,3.98448,,149,,18.6333
1203,3.98792,,149,,18.8667
1204,3.99136,,149,,19.1
1205,3.9948,,149,,19.3333
1206,3.99824,,149,,19.5667
1207,4.00168,,149,,19.8
1208,4.00493,,149.143,,19.8857
1209,4.00819,,149.286,,19.9714
1210,4.01144,,149.429,,20.0571
1211,4.01469,,149.571,,20.1429
1212,4.01794,,149.714,,20.2286
1213,4.0212,,149.857,,20.3143
1214,4.02445,,150,,20.4
1215,4.02786,,150,,20.5
1216,4.03127,,150,,20.6
1217,4.03468,,150,,20.7
1218,4.03809,,150,,20.8
1219,4.0415,,150,,20.9
1220,4.04491,,150,,21
1221,4.0486,,150,,21.1
1222,4.0523,,150,,21.2
1223,4.05599,,150,,21.3
1224,4.05968,,150,,21.4
1225,4.06338,,150,,21.5
1226,4.06707,,150,,21.6
1227,4.07084,,150,,21.5667
1228,4.0746,,150,,21.5333
1229,4.07837,,150,,21.5
1230,4.08214,,150,,21.4667
1231,4.0859,,150,,21.4333
1232,4.08967,,150,,21.4
1233,4.09294,,150.167,,21.4333
1234,4.09622,,150.333,,21.4667
1235,4.09949,,150.5,,21.5
1236,4.10277,,150.667,,21.5333
1237,4.10604,,150.833,,21.5667
1238,4.10932,,151,,21.6
1239,4.11222,,151,,21.6
1240,4.11512,,151,,21.6
1241,4.1182,,151.143,,21.6286
1242,4.12128,,151.286,,21.6571
1243,4.12436,,151.429,,21.6857
1244,4.12744,,151.571,,21.7143
1245,4.13052,,151.714,,21.7429
1246,4.1336,,151.857,,21.7714
1247,4.13668,,152,,21.8
1248,4.14002,,152,,21.9
1249,4.14336,,152,,22
1250,4.14671,,152,,22.1
1251,4.15005,,152,,22.2
1252,4.15339,,152,,22.3
1253,4.15673,,152,,22.4
1254,4.16014,,152,,22.4333
1255,4.16355,,152,,22.4667
1256,4.16696,,152,,22.5
1257,4.17036,,152,,22.5333
1258,4.17377,,152,,22.5667
1259,4.17718,,152,,22.6
1260,4.18055,,152,,22.6667
1261,4.18392,,152,,22.7333
1262,4.18729,,152,,22.8
1263,4.19066,,152,,22.8667
1264,4.19403,,152,,22.9333
1265,4.1974,,152,,23
1266,4.20092,,152,,23
1267,4.20444,,152,,23
1268,4.20796,,152,,23
1269,4.21148,,152,,23
1270,4.215,,152,,23
1271,4.21852,,152,,23
1272,4.22182,,152,,23
1273,4.22512,,152,,23
1274,4.22842,,152,,23
1275,4.23173,,152,,23
1276,4.23503,,152,,23
1277,4.23833,,152,,23
1278,4.24163,,152,,23
1279,4.24489,,152.143,,23
1280,4.24814,,152.286,,23
1281,4.2514,,152.429,,23
1282,4.25466,,152.571,,23
1283,4.25792,,152.714,,23
1284,4.26117,,152.857,,23
1285,4.26443,,153,,23
1286,4.26786,,153,,23.0333
1287,4.27129,,153,,23.0667
1288,4.27472,,153,,23.1
1289,4.27815,,153,,23.1333
1290,4.28158,,153,,23.1667
1291,4.28501,,153,,23.2
1292,4.28826,,153,,23.3143
1293,4.29151,,153,,23.4286
1294,4.29476,,153,,23.5429
1295,4.298,,153,,23.6571
1296,4.30125,,153,,23.7714
1297,4.3045,,153,,23.8857
1298,4.30775,,153,,24
1299,4.31122,,152.833,,24.1333
1300,4.3147,,152.667,,24.2667
1301,4.31817,,152.5,,24.4
1302,4.32164,,152.333,,24.5333
1303,4.32512,,152.167,,24.6667
1304,4.32859,,152,,24.8
1305,4.33177,,152,,24.8857
1306,4.33496,,152,,24.9714
1307,4.33814,,152,,25.0571
1308,4.34133,,152,,25.1429
1309,4.34451,,152,,25.2286
1310,4.3477,,152,,25.3143
1311,4.35088,,152,,25.4
1312,4.35435,,151.667,,25.5667
1313,4.35783,,151.333,,25.7333
1314,4.3613,,151,,25.9
1315,4.36478,,150.667,,26.0667
1316,4.36825,,150.333,,26.2333
1317,4.37173,,150,,26.4
1318,4.37541,,150,,26.5
1319,4.3791,,150,,26.6
1320,4.38278,,150,,26.7
1321,4.38647,,150,,26.8
1322,4.39015,,150,,26.9
1323,4.39384,,150,,27
1324,4.39738,,149.833,,26.9
1325,4.40091,,149.667,,26.8
1326,4.40445,,149.5,,26.7
1327,4.40799,,149.333,,26.6
1328,4.41152,,149.167,,26.5
1329,4.41506,,149,,26.4
1330,4.41878,,149,,26.3667
1331,4.42251,,149,,26.3333
1332,4.42623,,149,,26.3
1333,4.42995,,149,,26.2667
1334,4.43368,,149,,26.2333
1335,4.4374,,149,,26.2
1336,4.44107,,149,,26.2
1337,4.44473,,149,,26.2
1338,4.4484,,149,,26.2
1339,4.45207,,149,,26.2
1340,4.45573,,149,,26.2
1341,4.4594,,149,,26.2
1342,4.46319,,149,,26.2667
1343,4.46698,,149,,26.3333
1344,4.47076,,149,,26.4
1345,4.47455,,149,,26.4667
1346,4.47834,,149,,26.5333
1347,4.48213,,149,,26.6
1348,4.48596,,149.333,,26.6
1349,4.48978,,149.667,,26.6
1350,4.49361,,150,,26.6
1351,4.49744,,150.333,,26.6
1352,4.50126,,150.667,,26.6
1353,4.50509,,151,,26.6
1354,4.50877,,151,,26.6333
1355,4.51245,,151,,26.6667
1356,4.51613,,151,,26.7
1357,4.51981,,151,,26.7333
1358,4.52349,,151,,26.7667
1359,4.52717,,151,,26.8
1360,4.53072,,151.167,,27.0667
1361,4.53428,,151.333,,27.3333
1362,4.53783,,151.5,,27.6
1363,4.54139,,151.667,,27.8667
1364,4.54494,,151.833,,28.1333
1365,4.5485,,152,,28.4
1366,4.55193,,152,,28.6333
1367,4.55536,,152,,28.8667
1368,4.55879,,152,,29.1
1369,4.56223,,152,,29.3333
1370,4.56566,,152,,29.5667
1371,4.56909,,152,,29.8
1372,4.5725,,152.167,,29.9
1373,4.57591,,152.333,,30
1374,4.57931,,152.5,,30.1
1375,4.58272,,152.667,,30.2
1376,4.58613,,152.833,,30.3
1377,4.58954,,153,,30.4
1378,4.59303,,153,,30.0667
1379,4.59651,,153,,29.7333
1380,4.6,,153,,29.4
1381,4.60348,,153,,29.0667
1382,4.60697,,153,,28.7333
1383,4.61045,,153,,28.4
1384,4.61402,,153.167,,28.0667
1385,4.61759,,153.333,,27.7333
1386,4.62117,,153.5,,27.4
1387,4.62474,,153.667,,27.0667
1388,4.62831,,153.833,,26.7333
1389,4.63188,,154,,26.4
1390,4.6352,,154,,26.2571
1391,4.63851,,154,,26.1143
1392,4.64183,,154,,25.9714
1393,4.64515,,154,,25.8286
1394,4.64847,,154,,25.6857
1395,4.65178,,154,,25.5429
1396,4.6551,,154,,25.4
1397,4.65863,,154.167,,25.3
1398,4.66217,,154.333,,25.2
1399,4.6657,,154.5,,25.1
1400,4.66923,,154.667,,25
1401,4.67277,,154.833,,24.9
1402,4.6763,,155,,24.8
1403,4.67967,,155,,24.7667
1404,4.68305,,155,,24.7333
1405,4.68642,,155,,24.7
1406,4.68979,,155,,24.6667
1407,4.69317,,155,,24.6333
1408,4.69654,,155,,24.6
1409,4.69992,,154.833,,24.4667
1410,4.7033,,154.667,,24.3333
1411,4.70669,,154.5,,24.2
1412,4.71007,,154.333,,24.0667
1413,4.71345,,154.167,,23.9333
1414,4.71683,,154,,23.8
1415,4.72034,,154.167,,23.6333
1416,4.72385,,154.333,,23.4667
1417,4.72735,,154.5,,23.3
1418,4.73086,,154.667,,23.1333
1419,4.73437,,154.833,,22.9667
1420,4.73788,,155,,22.8
1421,4.74131,,155.167,,22.7333
1422,4.74475,,155.333,,22.6667
1423,4.74819,,155.5,,22.6
1424,4.75162,,155.667,,22.5333
1425,4.75506,,155.833,,22.4667
1426,4.75849,,156,,22.4
1427,4.76188,,156,,22.5
1428,4.76527,,156,,22.6
1429,4.76866,,156,,22.7
1430,4.77205,,156,,22.8
1431,4.77544,,156,,22.9
1432,4.77883,,156,,23
1433,4.7824,,155.833,,23.0333
1434,4.78596,,155.667,,23.0667
1435,4.78953,,155.5,,23.1
1436,4.79309,,155.333,,23.1333
1437,4.79666,,155.167,,23.1667
1438,4.80022,,155,,23.2
1439,4.80371,,155,,23.2
1440,4.80719,,155,,23.2
1441,4.81068,,155,,23.2
1442,4.81416,,155,,23.2
1443,4.81764,,155,,23.2
1444,4.82113,,155,,23.2
1445,4.82455,,154.833,,23.1667
1446,4.82797,,154.667,,23.1333
1447,4.83139,,154.5,,23.1
1448,4.83481,,154.333,,23.0667
1449,4.83823,,154.167,,23.0333
1450,4.84165,,154,,23
1451,4.84505,,154,,23
1452,4.84846,,154,,23
1453,4.85186,,154,,23
1454,4.85526,,154,,23
1455,4.85867,,154,,23
1456,4.86207,,154,,23
1457,4.86567,,154.167,,23
1458,4.86928,,154.333,,23
1459,4.87289,,154.5,,23
1460,4.87649,,154.667,,23
1461,4.8801,,154.833,,23
1462,4.8837,,155,,23
1463,4.88736,,154.833,,22.9667
1464,4.89102,,154.667,,22.9333
1465,4.89468,,154.5,,22.9
1466,4.89834,,154.333,,22.8667
1467,4.902,,154.167,,22.8333
1468,4.90566,,154,,22.8
1469,4.90916,,154.167,,22.7333
1470,4.91266,,154.333,,22.6667
1471,4.91617,,154.5,,22.6
1472,4.91967,,154.667,,22.5333
1473,4.92317,,154.833,,22.4667
1474,4.92667,,155,,22.4
1475,4.93023,,155.167,,22.4667
1476,4.93379,,155.333,,22.5333
1477,4.93734,,155.5,,22.6
1478,4.9409,,155.667,,22.6667
1479,4.94446,,155.833,,22.7333
1480,4.94802,,156,,22.8
1481,4.95171,,155.833,,22.9
1482,4.9554,,155.667,,23
1483,4.95909,,155.5,,23.1
1484,4.96279,,155.333,,23.2
1485,4.96648,,155.167,,23.3
1486,4.97017,,155,,23.4
1487,4.97374,,155.167,,23.4333
1488,4.97731,,155.333,,23.4667
1489,4.98088,,155.5,,23.5
1490,4.98445,,155.667,,23.5333
1491,4.98802,,155.833,,23.5667
1492,4.99159,,156,,23.6
1493,4.99504,,155.667,,23.5333
1494,4.99849,,155.333,,23.4667
1495,5.00194,,155,,23.4
1496,5.00556,,155,,23.2667
1497,5.00919,,155,,23.1333
1498,5.01281,,155,,23
1499,5.01644,,155,,22.8667
1500,5.02006,,155,,22.7333
1501,5.02369,,155,,22.6
1502,5.02713,,155,,22.4667
1503,5.03057,,155,,22.3333
1504,5.03401,,155,,22.2
1505,5.03745,,155,,22.0667
1506,5.04089,,155,,21.9333
1507,5.04433,,155,,21.8
1508,5.04762,,155,,21.9429
1509,5.05091,,155,,22.0857
1510,5.0542,,155,,22.2286
1511,5.0575,,155,,22.3714
1512,5.06079,,155,,22.5143
1513,5.06408,,155,,22.6571
1514,5.06737,,155,,22.8
1515,5.07075,,155,,22.9333
1516,5.07413,,155,,23.0667
1517,5.07751,,155,,23.2
1518,5.08088,,155,,23.3333
1519,5.08426,,155,,23.4667
1520,5.08764,,155,,23.6
1521,5.09116,,155,,23.7
1522,5.09467,,155,,23.8
1523,5.09819,,155,,23.9
1524,5.10171,,155,,24
1525,5.10522,,155,,24.1
1526,5.10874,,155,,24.2
1527,5.11226,,155.167,,24.3667
1528,5.11578,,155.333,,24.5333
1529,5.1193,,155.5,,24.7
1530,5.12281,,155.667,,24.8667
1531,5.12633,,155.833,,25.0333
1532,5.12985,,156,,25.2
1533,5.13349,,156,,25.3333
1534,5.13714,,156,,25.4667
1535,5.14078,,156,,25.6
1536,5.14442,,156,,25.7333
1537,5.14807,,156,,25.8667
1538,5.15171,,156,,26
1539,5.15557,,156,,26.1
1540,5.15943,,156,,26.2
1541,5.16329,,156,,26.3
1542,5.16715,,156,,26.4
1543,5.17101,,156,,26.5
1544,5.17487,,156,,26.6
1545,5.17856,,156,,26.6
1546,5.18225,,156,,26.6
1547,5.18594,,156,,26.6
1548,5.18962,,156,,26.6
1549,5.19331,,156,,26.6
1550,5.197,,156,,26.6
1551,5.20077,,156,,26.5667
1552,5.20455,,156,,26.5333
1553,5.20832,,156,,26.5
1554,5.21209,,156,,26.4667
1555,5.21587,,156,,26.4333
1556,5.21964,,156,,26.4
1557,5.22341,,155.833,,26.3667
1558,5.22718,,155.667,,26.3333
1559,5.23095,,155.5,,26.3
1560,5.23472,,155.333,,26.2667
1561,5.23849,,155.167,,26.2333
1562,5.24226,,155,,26.2
1563,5.24602,,155,,26.2
1564,5.24978,,155,,26.2
1565,5.25353,,155,,26.2
1566,5.25729,,155,,26.2
1567,5.26105,,155,,26.2
1568,5.26481,,155,,26.2
1569,5.26846,,154.833,,26.1333
1570,5.27211,,154.667,,26.0667
1571,5.27577,,154.5,,26
1572,5.27942,,154.333,,25.9333
1573,5.28307,,154.167,,25.8667
1574,5.28672,,154,,25.8
1575,5.29038,,154,,25.8333
1576,5.29403,,154,,25.8667
1577,5.29769,,154,,25.9
1578,5.30135,,154,,25.9333
1579,5.305,,154,,25.9667
1580,5.30866,,154,,26
1581,5.31232,,153.833,,26.0667
1582,5.31598,,153.667,,26.1333
1583,5.31965,,153.5,,26.2
1584,5.32331,,153.333,,26.2667
1585,5.32697,,153.167,,26.3333
1586,5.33063,,153,,26.4
1587,5.33433,,153.333,,26.3
1588,5.33803,,153.667,,26.2
1589,5.34173,,154,,26.1
1590,5.34544,,154.333,,26
1591,5.34914,,154.667,,25.9
1592,5.35284,,155,,25.8
1593,5.35645,,154.833,,25.6
1594,5.36006,,154.667,,25.4
1595,5.36367,,154.5,,25.2
1596,5.36729,,154.333,,25
1597,5.3709,,154.167,,24.8
1598,5.37451,,154,,24.6
1599,5.37799,,153.4,,24.4
1600,5.38148,,152.8,,24.2
1601,5.38496,,152.2,,24
1602,5.38845,,151.6,,23.8
1603,5.39193,,151,,23.6
1604,5.39526,,151,,23.6571
1605,5.39858,,151,,23.7143
1606,5.40191,,151,,23.7714
1607,5.40523,,151,,23.8286
1608,5.40856,,151,,23.8857
1609,5.41188,,151,,23.9429
1610,5.41521,,151,,24
1611,5.41883,,151.333,,24.1333
1612,5.42245,,151.667,,24.2667
1613,5.42606,,152,,24.4
1614,5.42968,,152.333,,24.5333
1615,5.4333,,152.667,,24.6667
1616,5.43692,,153,,24.8
1617,5.44036,,153.333,,24.9333
1618,5.44381,,153.667,,25.0667
1619,5.44725,,154,,25.2
1620,5.4507,,154.333,,25.3333
1621,5.45414,,154.667,,25.4667
1622,5.45759,,155,,25.6
1623,5.4612,,155.167,,25.8667
1624,5.46482,,155.333,,26.1333
1625,5.46843,,155.5,,26.4
1626,5.47205,,155.667,,26.6667
1627,5.47566,,155.833,,26.9333
1628,5.47928,,156,,27.2
1629,5.48274,,156,,27.4667
1630,5.4862,,156,,27.7333
1631,5.48966,,156,,28
1632,5.49313,,156,,28.2667
1633,5.49659,,156,,28.5333
1634,5.50005,,156,,28.8
1635,5.50354,,156.167,,29.1
1636,5.50704,,156.333,,29.4
1637,5.51053,,156.5,,29.7
1638,5.51402,,156.667,,30
1639,5.51752,,156.833,,30.3
1640,5.52101,,157,,30.6
1641,5.52432,,157.143,,30.7714
1642,5.52763,,157.286,,30.9429
1643,5.53094,,157.429,,31.1143
1644,5.53426,,157.571,,31.2857
1645,5.53757,,157.714,,31.4571
1646,5.54088,,157.857,,31.6286
1647,5.54419,,158,,31.8
1648,5.5476,,158,,31.7667
1649,5.55101,,158,,31.7333
1650,5.55443,,158,,31.7
1651,5.55784,,158,,31.6667
1652,5.56125,,158,,31.6333
1653,5.56466,,158,,31.6
1654,5.56776,,158.143,,31.5429
1655,5.57087,,158.286,,31.4857
1656,5.57397,,158.429,,31.4286
1657,5.57708,,158.571,,31.3714
1658,5.58018,,158.714,,31.3143
1659,5.58329,,158.857,,31.2571
1660,5.58639,,159,,31.2
1661,5.58941,,159.143,,31.1429
1662,5.59244,,159.286,,31.0857
1663,5.59546,,159.429,,31.0286
1664,5.59849,,159.571,,30.9714
1665,5.60151,,159.714,,30.9143
1666,5.60454,,159.857,,30.8571
1667,5.60756,,160,,30.8
1668,5.61079,,160.286,,30.7429
1669,5.61402,,160.571,,30.6857
1670,5.61725,,160.857,,30.6286
1671,5.62048,,161.143,,30.5714
1672,5.62371,,161.429,,30.5143
1673,5.62694,,161.714,,30.4571
1674,5.63017,,162,,30.4
1675,5.63358,,162,,30.3333
1676,5.63699,,162,,30.2667
1677,5.64041,,162,,30.2
1678,5.64382,,162,,30.1333
1679,5.64723,,162,,30.0667
1680,5.65064,,162,,30
1681,5.6541,,162,,29.9
1682,5.65756,,162,,29.8
1683,5.66103,,162,,29.7
1684,5.66449,,162,,29.6
1685,5.66795,,162,,29.5
1686,5.67141,,162,,29.4
1687,5.67498,,161.833,,29.3667
1688,5.67855,,161.667,,29.3333
1689,5.68211,,161.5,,29.3
1690,5.68568,,161.333,,29.2667
1691,5.68925,,161.167,,29.2333
1692,5.69282,,161,,29.2
1693,5.69617,,161,,29.1333
1694,5.69953,,161,,29.0667
1695,5.70288,,161,,29
1696,5.70623,,161,,28.9333
1697,5.70959,,161,,28.8667
1698,5.71294,,161,,28.8
1699,5.71636,,160.833,,28.7333
1700,5.71979,,160.667,,28.6667
1701,5.72321,,160.5,,28.6
1702,5.72663,,160.333,,28.5333
1703,5.73006,,160.167,,28.4667
1704,5.73348,,160,,28.4
1705,5.73673,,159.857,,28.3714
1706,5.73999,,159.714,,28.3429
1707,5.74324,,159.571,,28.3143
1708,5.74649,,159.429,,28.2857
1709,5.74974,,159.286,,28.2571
1710,5.753,,159.143,,28.2286
1711,5.75625,,159,,28.2
1712,5.75937,,159,,28.2857
1713,5.7625,,159,,28.3714
1714,5.76562,,159,,28.4571
1715,5.76875,,159,,28.5429
1716,5.77187,,159,,28.6286
1717,5.775,,159,,28.7143
1718,5.77812,,159,,28.8
1719,5.78125,,159,,28.8857
1720,5.78437,,159,,28.9714
1721,5.7875,,159,,29.0571
1722,5.79063,,159,,29.1429
1723,5.79376,,159,,29.2286
1724,5.79688,,159,,29.3143
1725,5.80001,,159,,29.4
1726,5.80311,,159,,29.4857
1727,5.8062,,159,,29.5714
1728,5.8093,,159,,29.6571
1729,5.8124,,159,,29.7429
1730,5.8155,,159,,29.8286
1731,5.81859,,159,,29.9143
1732,5.82169,,159,,30
1733,5.8249,,159.143,,30
1734,5.82811,,159.286,,30
1735,5.83132,,159.429,,30
1736,5.83454,,159.571,,30
1737,5.83775,,159.714,,30
1738,5.84096,,159.857,,30
1739,5.84417,,160,,30
1740,5.84751,,160,,30.0333
1741,5.85086,,160,,30.0667
1742,5.8542,,160,,30.1
1743,5.85754,,160,,30.1333
1744,5.86089,,160,,30.1667
1745,5.86423,,160,,30.2
1746,5.86761,,160,,30.2286
1747,5.87098,,160,,30.2571
1748,5.87436,,160,,30.2857
1749,5.87773,,160,,30.3143
1750,5.88111,,160,,30.3429
1751,5.88448,,160,,30.3714
1752,5.88786,,160,,30.4
1753,5.89147,,160,,30.4333
1754,5.89509,,160,,30.4667
1755,5.8987,,160,,30.5
1756,5.90231,,160,,30.5333
1757,5.90593,,160,,30.5667
1758,5.90954,,160,,30.6
1759,5.91322,,159.667,,30.6
1760,5.9169,,159.333,,30.6
1761,5.92057,,159,,30.6
1762,5.92425,,158.667,,30.6
1763,5.92793,,158.333,,30.6
1764,5.93161,,158,,30.6
1765,5.93514,,157.833,,30.6
1766,5.93868,,157.667,,30.6
1767,5.94221,,157.5,,30.6
1768,5.94575,,157.333,,30.6
1769,5.94928,,157.167,,30.6
1770,5.95282,,157,,30.6
1771,5.95615,,156.833,,30.5667
1772,5.95949,,156.667,,30.5333
1773,5.96282,,156.5,,30.5
1774,5.96616,,156.333,,30.4667
1775,5.9695,,156.167,,30.4333
1776,5.97283,,156,,30.4
1777,5.97597,,155.857,,30.3714
1778,5.97911,,155.714,,30.3429
1779,5.98225,,155.571,,30.3143
1780,5.98538,,155.429,,30.2857
1781,5.98852,,155.286,,30.2571
1782,5.99166,,155.143,,30.2286
1783,5.9948,,155,,30.2
1784,5.99814,,155,,30.1
1785,6.00148,,155,,30
1786,6.00459,,155,,30.0286
1787,6.0077,,155,,30.0571
1788,6.01081,,155,,30.0857
1789,6.01391,,155,,30.1143
1790,6.01702,,155,,30.1429
1791,6.02013,,155,,30.1714
1792,6.02324,,155,,30.2
1793,6.02668,,155.167,,30.2333
1794,6.03012,,155.333,,30.2667
1795,6.03357,,155.5,,30.3
1796,6.03701,,155.667,,30.3333
1797,6.04045,,155.833,,30.3667
1798,6.04389,,156,,30.4
1799,6.04752,,156.167,,30.4667
1800,6.05116,,156.333,,30.5333
1801,6.05479,,156.5,,30.6
1802,6.05842,,156.667,,30.6667
1803,6.06206,,156.833,,30.7333
1804,6.06569,,157,,30.8
1805,6.06952,,157.167,,30.8333
1806,6.07336,,157.333,,30.8667
1807,6.07719,,157.5,,30.9
1808,6.08102,,157.667,,30.9333
1809,6.08486,,157.833,,30.9667
1810,6.08869,,158,,31
1811,6.09288,,158,,31.08
1812,6.09707,,158,,31.16
1813,6.10125,,158,,31.24
1814,6.10544,,158,,31.32
1815,6.10963,,158,,31.4
1816,6.11372,,158,,31.44
1817,6.11781,,158,,31.48
1818,6.12191,,158,,31.52
1819,6.126,,158,,31.56
1820,6.13009,,158,,31.6
1821,6.13411,,158,,31.6
1822,6.13812,,158,,31.6
1823,6.14214,,158,,31.6
1824,6.14616,,158,,31.6
1825,6.15017,,158,,31.6
1826,6.15419,,158,,31.6
1827,6.15838,,157.8,,31.56
1828,6.16257,,157.6,,31.52
1829,6.16676,,157.4,,31.48
1830,6.17095,,157.2,,31.44
1831,6.17514,,157,,31.4
1832,6.17902,,156.833,,31.3667
1833,6.1829,,156.667,,31.3333
1834,6.18678,,156.5,,31.3
1835,6.19066,,156.333,,31.2667
1836,6.19454,,156.167,,31.2333
1837,6.19842,,156,,31.2
1838,6.20202,,155.833,,31.1667
1839,6.20563,,155.667,,31.1333
1840,6.20923,,155.5,,31.1
1841,6.21284,,155.333,,31.0667
1842,6.21644,,155.167,,31.0333
1843,6.22005,,155,,31
1844,6.22427,,154.8,,31.04
1845,6.22849,,154.6,,31.08
1846,6.23272,,154.4,,31.12
1847,6.23694,,154.2,,31.16
1848,6.24116,,154,,31.2
1849,6.24412,,154,,31.1714
1850,6.24707,,154,,31.1429
1851,6.25003,,154,,31.1143
1852,6.25299,,154,,31.0857
1853,6.25595,,154,,31.0571
1854,6.2589,,154,,31.0286
1855,6.26186,,154,,31
1856,6.26504,,154.286,,31.0286
1857,6.26821,,154.571,,31.0571
1858,6.27139,,154.857,,31.0857
1859,6.27456,,155.143,,31.1143
1860,6.27774,,155.429,,31.1429
1861,6.28091,,155.714,,31.1714
1862,6.28409,,156,,31.2
1863,6.28731,,156.143,,31.2286
1864,6.29053,,156.286,,31.2571
1865,6.29375,,156.429,,31.2857
1866,6.29696,,156.571,,31.3143
1867,6.30018,,156.714,,31.3429
1868,6.3034,,156.857,,31.3714
1869,6.30662,,157,,31.4
1870,6.30977,,157.143,,31.4286
1871,6.31291,,157.286,,31.4571
1872,6.31606,,157.429,,31.4857
1873,6.3192,,157.571,,31.5143
1874,6.32235,,157.714,,31.5429
1875,6.32549,,157.857,,31.5714
1876,6.32864,,158,,31.6
1877,6.33179,,158.5,,31.6
1878,6.33493,,159,,31.6
1879,6.33808,,159.5,,31.6
1880,6.34123,,160,,31.6
1881,6.34437,,160.5,,31.6
1882,6.34752,,161,,31.6
1883,6.35009,,161,,31.56
1884,6.35266,,161,,31.52
1885,6.35522,,161,,31.48
1886,6.35779,,161,,31.44
1887,6.36036,,161,,31.4
1888,6.36204,,161.5,,31.4
1889,6.36373,,162,,31.4
1890,6.36695,,162.143,,31.3429
1891,6.37018,,162.286,,31.2857
1892,6.3734,,162.429,,31.2286
1893,6.37663,,162.571,,31.1714
1894,6.37985,,162.714,,31.1143
1895,6.38308,,162.857,,31.0571
1896,6.3863,,163,,31
1897,6.38943,,162.833,,31.0667
1898,6.39256,,162.667,,31.1333
1899,6.39569,,162.5,,31.2
1900,6.39883,,162.333,,31.2667
1901,6.40196,,162.167,,31.3333
1902,6.40509,,162,,31.4
1903,6.40781,,162,,31.425
1904,6.41053,,162,,31.45
1905,6.41325,,162,,31.475
1906,6.41597,,162,,31.5
1907,6.4187,,162,,31.525
1908,6.42142,,162,,31.55
1909,6.42414,,162,,31.575
1910,6.42686,,162,,31.6
1911,6.42967,,162.25,,31.55
1912,6.43247,,162.5,,31.5
1913,6.43528,,162.75,,31.45
1914,6.43809,,163,,31.4
1915,6.4409,,163.25,,31.35
1916,6.4437,,163.5,,31.3
1917,6.44651,,163.75,,31.25
1918,6.44932,,164,,31.2
1919,6.45211,,164,,31.2
1920,6.4549,,164,,31.2
1921,6.45769,,164,,31.2
1922,6.46047,,164,,31.2
1923,6.46326,,164,,31.2
1924,6.46605,,164,,31.2
1925,6.46884,,164,,31.2
1926,6.47192,,164,,31.3
1927,6.475,,164,,31.4
1928,6.47853,,164,,31.4667
1929,6.48206,,164,,31.5333
1930,6.48559,,164,,31.6
1931,6.48912,,164,,31.6667
1932,6.49265,,164,,31.7333
1933,6.49618,,164,,31.8
1934,6.49972,,163.667,,31.9333
1935,6.50327,,163.333,,32.0667
1936,6.50681,,163,,32.2
1937,6.51035,,162.667,,32.3333
1938,6.5139,,162.333,,32.4667
1939,6.51744,,162,,32.6
1940,6.52096,,161.833,,32.8
1941,6.52448,,161.667,,33
1942,6.528,,161.5,,33.2
1943,6.53152,,161.333,,33.4
1944,6.53504,,161.167,,33.6
1945,6.53856,,161,,33.8
1946,6.5421,,160,,33.9333
1947,6.54563,,159,,34.0667
1948,6.54917,,158,,34.2
1949,6.55288,,157.5,,34.1
1950,6.5566,,157,,34
1951,6.56031,,156.5,,33.9
1952,6.56402,,156,,33.8
1953,6.56774,,155.5,,33.7
1954,6.57145,,155,,33.6
1955,6.57509,,154.667,,33.5667
1956,6.57872,,154.333,,33.5333
1957,6.58235,,154,,33.5
1958,6.58599,,153.667,,33.4667
1959,6.58962,,153.333,,33.4333
1960,6.59326,,153,,33.4
1961,6.59677,,152.833,,33.4333
1962,6.60028,,152.667,,33.4667
1963,6.60378,,152.5,,33.5
1964,6.60729,,152.333,,33.5333
1965,6.6108,,152.167,,33.5667
1966,6.61431,,152,,33.6
1967,6.61789,,151.833,,33.6667
1968,6.62147,,151.667,,33.7333
1969,6.62505,,151.5,,33.8
1970,6.62864,,151.333,,33.8667
1971,6.63222,,151.167,,33.9333
1972,6.6358,,151,,34
1973,6.63909,,151,,34.0571
1974,6.64239,,151,,34.1143
1975,6.64568,,151,,34.1714
1976,6.64898,,151,,34.2286
1977,6.65227,,151,,34.2857
1978,6.65557,,151,,34.3429
1979,6.65886,,151,,34.4
1980,6.66241,,151.167,,34.1333
1981,6.66597,,151.333,,33.8667
1982,6.66952,,151.5,,33.6
1983,6.67308,,151.667,,33.3333
1984,6.67663,,151.833,,33.0667
1985,6.68019,,152,,32.8
1986,6.68369,,152,,32.5667
1987,6.68719,,152,,32.3333
1988,6.6907,,152,,32.1
1989,6.6942,,152,,31.8667
1990,6.6977,,152,,31.6333
1991,6.7012,,152,,31.4
1992,6.70469,,152.167,,31.2333
1993,6.70817,,152.333,,31.0667
1994,6.71166,,152.5,,30.9
1995,6.71515,,152.667,,30.7333
1996,6.71863,,152.833,,30.5667
1997,6.72212,,153,,30.4
1998,6.72554,,153,,30.2333
1999,6.72895,,153,,30.0667
2000,6.73237,,153,,29.9
2001,6.73579,,153,,29.7333
2002,6.7392,,153,,29.5667
2003,6.74262,,153,,29.4
2004,6.74614,,153.167,,29.2667
2005,6.74966,,153.333,,29.1333
2006,6.75318,,153.5,,29
2007,6.7567,,153.667,,28.8667
2008,6.76022,,153.833,,28.7333
2009,6.76374,,154,,28.6
2010,6.76722,,154.167,,28.4667
2011,6.77071,,154.333,,28.3333
2012,6.77419,,154.5,,28.2
2013,6.77767,,154.667,,28.0667
2014,6.78116,,154.833,,27.9333
2015,6.78464,,155,,27.8
2016,6.78828,,155,,27.8333
2017,6.79191,,155,,27.8667
2018,6.79555,,155,,27.9
2019,6.79918,,155,,27.9333
2020,6.80282,,155,,27.9667
2021,6.80645,,155,,28
2022,6.80977,,155.286,,28.0286
2023,6.8131,,155.571,,28.0571
2024,6.81642,,155.857,,28.0857
2025,6.81974,,156.143,,28.1143
2026,6.82306,,156.429,,28.1429
2027,6.82639,,156.714,,28.1714
2028,6.82971,,157,,28.2
2029,6.83318,,157,,28.1667
2030,6.83664,,157,,28.1333
2031,6.84011,,157,,28.1
2032,6.84358,,157,,28.0667
2033,6.84704,,157,,28.0333
2034,6.85051,,157,,28
2035,6.85386,,157,,28.0667
2036,6.85721,,157,,28.1333
2037,6.86056,,157,,28.2
2038,6.86391,,157,,28.2667
2039,6.86726,,157,,28.3333
2040,6.87061,,157,,28.4
2041,6.87398,,157.167,,28.6
2042,6.87734,,157.333,,28.8
2043,6.88071,,157.5,,29
2044,6.88408,,157.667,,29.2
2045,6.88744,,157.833,,29.4
2046,6.89081,,158,,29.6
2047,6.89425,,158,,29.9333
2048,6.89769,,158,,30.2667
2049,6.90113,,158,,30.6
2050,6.90456,,158,,30.9333
2051,6.908,,158,,31.2667
2052,6.91144,,158,,31.6
2053,6.91477,,158,,31.9
2054,6.91811,,158,,32.2
2055,6.92145,,158,,32.5
2056,6.92478,,158,,32.8
2057,6.92812,,158,,33.1
2058,6.93145,,158,,33.4
2059,6.93487,,158.167,,33.5667
2060,6.93829,,158.333,,33.7333
2061,6.94171,,158.5,,33.9
2062,6.94513,,158.667,,34.0667
2063,6.94855,,158.833,,34.2333
2064,6.95197,,159,,34.4
2065,6.95536,,158.833,,34.2333
2066,6.95875,,158.667,,34.0667
2067,6.96214,,158.5,,33.9
2068,6.96553,,158.333,,33.7333
2069,6.96892,,158.167,,33.5667
2070,6.97231,,158,,33.4
2071,6.97584,,158,,33.2667
2072,6.97937,,158,,33.1333
2073,6.98291,,158,,33
2074,6.98644,,158,,32.8667
2075,6.98997,,158,,32.7333
2076,6.9935,,158,,32.6
2077,6.99683,,158,,32.5
2078,7.00017,,158,,32.4
2079,7.00369,,158.167,,32.3667
2080,7.00722,,158.333,,32.3333
2081,7.01074,,158.5,,32.3
2082,7.01427,,158.667,,32.2667
2083,7.01779,,158.833,,32.2333
2084,7.02132,,159,,32.2
2085,7.02487,,159,,32.2
2086,7.02843,,159,,32.2
2087,7.03198,,159,,32.2
2088,7.03554,,159,,32.2
2089,7.03909,,159,,32.2
2090,7.04265,,159,,32.2
2091,7.04512,,159,,32.2667
2092,7.04759,,159,,32.3333
2093,7.05006,,159,,32.4
2094,7.05378,,158.833,,32.4
2095,7.0575,,158.667,,32.4
2096,7.06122,,158.5,,32.4
2097,7.06493,,158.333,,32.4
2098,7.06865,,158.167,,32.4
2099,7.07237,,158,,32.4
2100,7.07665,,157.8,,32.36
2101,7.08093,,157.6,,32.32
2102,7.08521,,157.4,,32.28
2103,7.08949,,157.2,,32.24
2104,7.09377,,157,,32.2
2105,7.09786,,157,,32.3
2106,7.10196,,157,,32.4
2107,7.10605,,157,,32.5
2108,7.11014,,157,,32.6
2109,7.11409,,156.5,,32.6
2110,7.11804,,156,,32.6
2111,7.12196,,156.167,,32.5333
2112,7.12587,,156.333,,32.4667
2113,7.12979,,156.5,,32.4
2114,7.13371,,156.667,,32.3333
2115,7.13762,,156.833,,32.2667
2116,7.14154,,157,,32.2
2117,7.14527,,157,,32.2667
2118,7.14899,,157,,32.3333
2119,7.15272,,157,,32.4
2120,7.15645,,157,,32.4667
2121,7.16017,,157,,32.5333
2122,7.1639,,157,,32.6
2123,7.16782,,157,,32.6
2124,7.17174,,157,,32.6
2125,7.17566,,157,,32.6
2126,7.17958,,157,,32.6
2127,7.1835,,157,,32.6
2128,7.18742,,157,,32.6
2129,7.19127,,157,,32.5333
2130,7.19513,,157,,32.4667
2131,7.19898,,157,,32.4
2132,7.20283,,157,,32.3333
2133,7.20669,,157,,32.2667
2134,7.21054,,157,,32.2
2135,7.21424,,157,,32.2333
2136,7.21795,,157,,32.2667
2137,7.22165,,157,,32.3
2138,7.22535,,157,,32.3333
2139,7.22906,,157,,32.3667
2140,7.23276,,157,,32.4
2141,7.23648,,157,,32.5
2142,7.2402,,157,,32.6
2143,7.24391,,157,,32.7
2144,7.24763,,157,,32.8
2145,7.25135,,157,,32.9
2146,7.25507,,157,,33
2147,7.25863,,157,,33.1
2148,7.26219,,157,,33.2
2149,7.26574,,157,,33.3
2150,7.2693,,157,,33.4
2151,7.27286,,157,,33.5
2152,7.27642,,157,,33.6
2153,7.27979,,157.167,,33.6333
2154,7.28316,,157.333,,33.6667
2155,7.28652,,157.5,,33.7
2156,7.28989,,157.667,,33.7333
2157,7.29326,,157.833,,33.7667
2158,7.29663,,158,,33.8
2159,7.30009,,158,,33.7333
2160,7.30356,,158,,33.6667
2161,7.30702,,158,,33.6
2162,7.31048,,158,,33.5333
2163,7.31395,,158,,33.4667
2164,7.31741,,158,,33.4
2165,7.32108,,157.833,,33.4
2166,7.32474,,157.667,,33.4
2167,7.32841,,157.5,,33.4
2168,7.33207,,157.333,,33.4
2169,7.33573,,157.167,,33.4
2170,7.3394,,157,,33.4
2171,7.34351,,157,,33.24
2172,7.34762,,157,,33.08
2173,7.35174,,157,,32.92
2174,7.35585,,157,,32.76
2175,7.35996,,157,,32.6
2176,7.36397,,157,,32.48
2177,7.36799,,157,,32.36
2178,7.372,,157,,32.24
2179,7.37602,,157,,32.12
2180,7.38003,,157,,32
2181,7.38293,,156.714,,32.0571
2182,7.38584,,156.429,,32.1143
2183,7.38874,,156.143,,32.1714
2184,7.39165,,155.857,,32.2286
2185,7.39455,,155.571,,32.2857
2186,7.39746,,155.286,,32.3429
2187,7.40036,,155,,32.4
2188,7.4039,,155.167,,32.3667
2189,7.40744,,155.333,,32.3333
2190,7.41098,,155.5,,32.3
2191,7.41452,,155.667,,32.2667
2192,7.41806,,155.833,,32.2333
2193,7.4216,,156,,32.2
2194,7.425,,156.167,,32.1
2195,7.4284,,156.333,,32
2196,7.4318,,156.5,,31.9
2197,7.43521,,156.667,,31.8
2198,7.43861,,156.833,,31.7
2199,7.44201,,157,,31.6
2200,7.44559,,157.167,,31.5667
2201,7.44917,,157.333,,31.5333
2202,7.45275,,157.5,,31.5
2203,7.45633,,157.667,,31.4667
2204,7.45991,,157.833,,31.4333
2205,7.46349,,158,,31.4
2206,7.46695,,158,,31.5667
2207,7.47041,,158,,31.7333
2208,7.47387,,158,,31.9
2209,7.47733,,158,,32.0667
2210,7.48079,,158,,32.2333
2211,7.48425,,158,,32.4
2212,7.48786,,157.833,,32.6
2213,7.49147,,157.667,,32.8
2214,7.49507,,157.5,,33
2215,7.49868,,157.333,,33.2
2216,7.50229,,157.167,,33.4
2217,7.5059,,157,,33.6
2218,7.50945,,157,,33.6333
2219,7.513,,157,,33.6667
2220,7.51654,,157,,33.7
2221,7.52009,,157,,33.7333
2222,7.52364,,157,,33.7667
2223,7.52719,,157,,33.8
2224,7.53087,,157.167,,33.7667
2225,7.53455,,157.333,,33.7333
2226,7.53822,,157.5,,33.7
2227,7.5419,,157.667,,33.6667
2228,7.54558,,157.833,,33.6333
2229,7.54926,,158,,33.6
2230,7.55288,,157.833,,33.6333
2231,7.5565,,157.667,,33.6667
2232,7.56013,,157.5,,33.7
2233,7.56375,,157.333,,33.7333
2234,7.56737,,157.167,,33.7667
2235,7.57099,,157,,33.8
2236,7.57483,,157,,33.6333
2237,7.57867,,157,,33.4667
2238,7.58251,,157,,33.3
2239,7.58634,,157,,33.1333
2240,7.59018,,157,,32.9667
2241,7.59402,,157,,32.8
2242,7.59757,,157.167,,32.6333
2243,7.60112,,157.333,,32.4667
2244,7.60468,,157.5,,32.3
2245,7.60823,,157.667,,32.1333
2246,7.61178,,157.833,,31.9667
2247,7.61533,,158,,31.8
2248,7.61912,,158,,31.6333
2249,7.6229,,158,,31.4667
2250,7.62669,,158,,31.3
2251,7.63047,,158,,31.1333
2252,7.63426,,158,,30.9667
2253,7.63804,,158,,30.8
2254,7.64161,,158.167,,30.7
2255,7.64518,,158.333,,30.6
2256,7.64875,,158.5,,30.5
2257,7.65232,,158.667,,30.4
2258,7.65589,,158.833,,30.3
2259,7.65946,,159,,30.2
2260,7.66298,,159,,30.2333
2261,7.6665,,159,,30.2667
2262,7.67002,,159,,30.3
2263,7.67355,,159,,30.3333
2264,7.67707,,159,,30.3667
2265,7.68059,,159,,30.4
2266,7.68407,,159.167,,30.3667
2267,7.68755,,159.333,,30.3333
2268,7.69102,,159.5,,30.3
2269,7.6945,,159.667,,30.2667
2270,7.69798,,159.833,,30.2333
2271,7.70146,,160,,30.2
2272,7.70471,,160,,30.1429
2273,7.70796,,160,,30.0857
2274,7.71121,,160,,30.0286
2275,7.71446,,160,,29.9714
2276,7.71771,,160,,29.9143
2277,7.72096,,160,,29.8571
2278,7.72421,,160,,29.8
2279,7.7274,,159.714,,29.8571
2280,7.73058,,159.429,,29.9143
2281,7.73377,,159.143,,29.9714
2282,7.73696,,158.857,,30.0286
2283,7.74015,,158.571,,30.0857
2284,7.74333,,158.286,,30.1429
2285,7.74652,,158,,30.2
2286,7.74959,,158,,30.2571
2287,7.75265,,158,,30.3143
2288,7.75572,,158,,30.3714
2289,7.75879,,158,,30.4286
2290,7.76186,,158,,30.4857
2291,7.76492,,158,,30.5429
2292,7.76799,,158,,30.6
2293,7.77116,,158.286,,30.8
2294,7.77434,,158.571,,31
2295,7.77751,,158.857,,31.2
2296,7.78069,,159.143,,31.4
2297,7.78386,,159.429,,31.6
2298,7.78704,,159.714,,31.8
2299,7.79021,,160,,32
2300,7.79367,,160.333,,32.1667
2301,7.79713,,160.667,,32.3333
2302,7.80059,,161,,32.5
2303,7.80406,,161.333,,32.6667
2304,7.80752,,161.667,,32.8333
2305,7.81098,,162,,33
2306,7.81438,,162,,32.9667
2307,7.81779,,162,,32.9333
2308,7.82119,,162,,32.9
2309,7.82459,,162,,32.8667
2310,7.828,,162,,32.8333
2311,7.8314,,162,,32.8
2312,7.83477,,161.833,,32.8
2313,7.83814,,161.667,,32.8
2314,7.84151,,161.5,,32.8
2315,7.84488,,161.333,,32.8
2316,7.84825,,161.167,,32.8
2317,7.85162,,161,,32.8
2318,7.85495,,160.857,,32.8286
2319,7.85828,,160.714,,32.8571
2320,7.86161,,160.571,,32.8857
2321,7.86493,,160.429,,32.9143
2322,7.86826,,160.286,,32.9429
2323,7.87159,,160.143,,32.9714
2324,7.87492,,160,,33
2325,7.87843,,160,,32.8667
2326,7.88194,,160,,32.7333
2327,7.88545,,160,,32.6
2328,7.88895,,160,,32.4667
2329,7.89246,,160,,32.3333
2330,7.89597,,160,,32.2
2331,7.89925,,160.143,,32.2286
2332,7.90254,,160.286,,32.2571
2333,7.90582,,160.429,,32.2857
2334,7.90911,,160.571,,32.3143
2335,7.91239,,160.714,,32.3429
2336,7.91568,,160.857,,32.3714
2337,7.91896,,161,,32.4
2338,7.92213,,160.714,,32.3143
2339,7.9253,,160.429,,32.2286
2340,7.92847,,160.143,,32.1429
2341,7.93164,,159.857,,32.0571
2342,7.93481,,159.571,,31.9714
2343,7.93798,,159.286,,31.8857
2344,7.94115,,159,,31.8
2345,7.94457,,159.167,,31.8
2346,7.948,,159.333,,31.8
2347,7.95143,,159.5,,31.8
2348,7.95485,,159.667,,31.8
2349,7.95828,,159.833,,31.8
2350,7.9617,,160,,31.8
2351,7.96534,,160.167,,31.8667
2352,7.96898,,160.333,,31.9333
2353,7.97262,,160.5,,32
2354,7.97627,,160.667,,32.0667
2355,7.97991,,160.833,,32.1333
2356,7.98355,,161,,32.2
2357,7.98718,,161,,31.96
2358,7.99081,,161,,31.72
2359,7.99443,,161,,31.48
2360,7.99806,,161,,31.24
2361,8.00169,,161,,31
2362,8.00525,,161,,30.8
2363,8.0088,,161,,30.6
2364,8.01236,,161,,30.4
2365,8.01592,,161,,30.2
2366,8.01947,,161,,30
2367,8.02303,,161,,29.8
2368,8.0265,,161,,29.6333
2369,8.02998,,161,,29.4667
2370,8.03345,,161,,29.3
2371,8.03692,,161,,29.1333
2372,8.0404,,161,,28.9667
2373,8.04387,,161,,28.8
2374,8.04757,,160.833,,29.0333
2375,8.05126,,160.667,,29.2667
2376,8.05496,,160.5,,29.5
2377,8.05865,,160.333,,29.7333
2378,8.06235,,160.167,,29.9667
2379,8.06604,,160,,30.2
2380,8.06978,,160.167,,30.4667
2381,8.07352,,160.333,,30.7333
2382,8.07726,,160.5,,31
2383,8.081,,160.667,,31.2667
2384,8.08474,,160.833,,31.5333
2385,8.08848,,161,,31.8
2386,8.09238,,160.833,,32.1
2387,8.09627,,160.667,,32.4
2388,8.10017,,160.5,,32.7
2389,8.10407,,160.333,,33
2390,8.10796,,160.167,,33.3
2391,8.11186,,160,,33.6
2392,8.11538,,159.833,,33.7667
2393,8.11891,,159.667,,33.9333
2394,8.12243,,159.5,,34.1
2395,8.12596,,159.333,,34.2667
2396,8.12948,,159.167,,34.4333
2397,8.13301,,159,,34.6
2398,8.13647,,159.167,,34.7333
2399,8.13993,,159.333,,34.8667
2400,8.14338,,159.5,,35
2401,8.14684,,159.667,,35.1333
2402,8.1503,,159.833,,35.2667
2403,8.15376,,160,,35.4
2404,8.15759,,160,,35.5
2405,8.16143,,160,,35.6
2406,8.16526,,160,,35.7
2407,8.16909,,160,,35.8
2408,8.17293,,160,,35.9
2409,8.17676,,160,,36
2410,8.18064,,160,,36.1667
2411,8.18453,,160,,36.3333
2412,8.18841,,160,,36.5
2413,8.19229,,160,,36.6667
2414,8.19618,,160,,36.8333
2415,8.20006,,160,,37
2416,8.20371,,160,,37
2417,8.20737,,160,,37
2418,8.21102,,160,,37
2419,8.21467,,160,,37
2420,8.21833,,160,,37
2421,8.22198,,160,,37
2422,8.22559,,160,,36.7667
2423,8.22921,,160,,36.5333
2424,8.23282,,160,,36.3
2425,8.23643,,160,,36.0667
2426,8.24005,,160,,35.8333
2427,8.24366,,160,,35.6
2428,8.24717,,160,,35.4
2429,8.25068,,160,,35.2
2430,8.25419,,160,,35
2431,8.25769,,160,,34.8
2432,8.2612,,160,,34.6
2433,8.26471,,160,,34.4
2434,8.26831,,160.167,,34.3667
2435,8.27191,,160.333,,34.3333
2436,8.27551,,160.5,,34.3
2437,8.27911,,160.667,,34.2667
2438,8.28271,,160.833,,34.2333
2439,8.28631,,161,,34.2
2440,8.2899,,161,,34.2
2441,8.29348,,161,,34.2
2442,8.29707,,161,,34.2
2443,8.30066,,161,,34.2
2444,8.30424,,161,,34.2
2445,8.30783,,161,,34.2
2446,8.31132,,161,,34.2
2447,8.31482,,161,,34.2
2448,8.31831,,161,,34.2
2449,8.3218,,161,,34.2
2450,8.3253,,161,,34.2
2451,8.32879,,161,,34.2
2452,8.33248,,160.833,,34.0667
2453,8.33617,,160.667,,33.9333
2454,8.33985,,160.5,,33.8
2455,8.34354,,160.333,,33.6667
2456,8.34723,,160.167,,33.5333
2457,8.35092,,160,,33.4
2458,8.35463,,160,,33.2667
2459,8.35834,,160,,33.1333
2460,8.36206,,160,,33
2461,8.36577,,160,,32.8667
2462,8.36948,,160,,32.7333
2463,8.37319,,160,,32.6
2464,8.37676,,160,,32.5333
2465,8.38034,,160,,32.4667
2466,8.38391,,160,,32.4
2467,8.38748,,160,,32.3333
2468,8.39106,,160,,32.2667
2469,8.39463,,160,,32.2
2470,8.39802,,159.667,,32.2333
2471,8.40142,,159.333,,32.2667
2472,8.40481,,159,,32.3
2473,8.40821,,158.667,,32.3333
2474,8.4116,,158.333,,32.3667
2475,8.415,,158,,32.4
2476,8.41864,,157.667,,32.5
2477,8.42228,,157.333,,32.6
2478,8.42592,,157,,32.7
2479,8.42957,,156.667,,32.8
2480,8.43321,,156.333,,32.9
2481,8.43685,,156,,33
2482,8.44044,,156.167,,32.8667
2483,8.44402,,156.333,,32.7333
2484,8.44761,,156.5,,32.6
2485,8.4512,,156.667,,32.4667
2486,8.45478,,156.833,,32.3333
2487,8.45837,,157,,32.2
2488,8.46199,,157.333,,31.9667
2489,8.46562,,157.667,,31.7333
2490,8.46924,,158,,31.5
2491,8.47286,,158.333,,31.2667
2492,8.47649,,158.667,,31.0333
2493,8.48011,,159,,30.8
2494,8.48366,,159,,30.8
2495,8.4872,,159,,30.8
2496,8.49075,,159,,30.8
2497,8.4943,,159,,30.8
2498,8.49784,,159,,30.8
2499,8.50139,,159,,30.8
2500,8.50486,,159,,30.8
2501,8.50832,,159,,30.8
2502,8.51179,,159,,30.8
2503,8.51526,,159,,30.8
2504,8.51872,,159,,30.8
2505,8.52219,,159,,30.8
2506,8.52565,,159,,31
2507,8.5291,,159,,31.2
2508,8.53256,,159,,31.4
2509,8.53602,,159,,31.6
2510,8.53947,,159,,31.8
2511,8.54293,,159,,32
2512,8.54653,,159,,32.1667
2513,8.55012,,159,,32.3333
2514,8.55372,,159,,32.5
2515,8.55732,,159,,32.6667
2516,8.56091,,159,,32.8333
2517,8.56451,,159,,33
2518,8.56797,,159.167,,32.8667
2519,8.57143,,159.333,,32.7333
2520,8.57488,,159.5,,32.6
2521,8.57834,,159.667,,32.4667
2522,8.5818,,159.833,,32.3333
2523,8.58526,,160,,32.2
2524,8.58882,,160.167,,32.2
2525,8.59239,,160.333,,32.2
2526,8.59595,,160.5,,32.2
2527,8.59951,,160.667,,32.2
2528,8.60308,,160.833,,32.2
2529,8.60664,,161,,32.2
2530,8.6102,,160.833,,32.2333
2531,8.61376,,160.667,,32.2667
2532,8.61731,,160.5,,32.3
2533,8.62087,,160.333,,32.3333
2534,8.62443,,160.167,,32.3667
2535,8.62799,,160,,32.4
2536,8.63138,,160,,32.3333
2537,8.63476,,160,,32.2667
2538,8.63815,,160,,32.2
2539,8.64154,,160,,32.1333
2540,8.64492,,160,,32.0667
2541,8.64831,,160,,32
2542,8.65173,,159.833,,32.0333
2543,8.65514,,159.667,,32.0667
2544,8.65856,,159.5,,32.1
2545,8.66198,,159.333,,32.1333
2546,8.66539,,159.167,,32.1667
2547,8.66881,,159,,32.2
2548,8.67242,,158.833,,32.2
2549,8.67603,,158.667,,32.2
2550,8.67965,,158.5,,32.2
2551,8.68326,,158.333,,32.2
2552,8.68687,,158.167,,32.2
2553,8.69048,,158,,32.2
2554,8.6938,,158.143,,32.1143
2555,8.69713,,158.286,,32.0286
2556,8.70045,,158.429,,31.9429
2557,8.70377,,158.571,,31.8571
2558,8.70709,,158.714,,31.7714
2559,8.71042,,158.857,,31.6857
2560,8.71374,,159,,31.6
2561,8.71723,,159.167,,31.5667
2562,8.72072,,159.333,,31.5333
2563,8.72421,,159.5,,31.5
2564,8.72769,,159.667,,31.4667
2565,8.73118,,159.833,,31.4333
2566,8.73467,,160,,31.4
2567,8.73844,,160,,31.5333
2568,8.74222,,160,,31.6667
2569,8.74599,,160,,31.8
2570,8.74976,,160,,31.9333
2571,8.75354,,160,,32.0667
2572,8.75731,,160,,32.2
2573,8.76087,,160.167,,32.4
2574,8.76444,,160.333,,32.6
2575,8.768,,160.5,,32.8
2576,8.77156,,160.667,,33
2577,8.77513,,160.833,,33.2
2578,8.77869,,161,,33.4
2579,8.78249,,161,,33.5667
2580,8.78629,,161,,33.7333
2581,8.79009,,161,,33.9
2582,8.79388,,161,,34.0667
2583,8.79768,,161,,34.2333
2584,8.80148,,161,,34.4
2585,8.8052,,161,,34.4667
2586,8.80893,,161,,34.5333
2587,8.81265,,161,,34.6
2588,8.81637,,161,,34.6667
2589,8.8201,,161,,34.7333
2590,8.82382,,161,,34.8
2591,8.82716,,160.6,,34.84
2592,8.83051,,160.2,,34.88
2593,8.83385,,159.8,,34.92
2594,8.8372,,159.4,,34.96
2595,8.84054,,159,,35
2596,8.84428,,159,,35.1
2597,8.84801,,159,,35.2
2598,8.85175,,159,,35.3
2599,8.85548,,159,,35.4
2600,8.85922,,159,,35.5
2601,8.86295,,159,,35.6
2602,8.86678,,159,,35.64
2603,8.87061,,159,,35.68
2604,8.87444,,159,,35.72
2605,8.87827,,159,,35.76
2606,8.8821,,159,,35.8
2607,8.88618,,159,,35.8
2608,8.89025,,159,,35.8
2609,8.89433,,159,,35.8
2610,8.8984,,159,,35.8
2611,8.90248,,159,,35.8
2612,8.90625,,158.833,,35.7667
2613,8.91002,,158.667,,35.7333
2614,8.91379,,158.5,,35.7
2615,8.91755,,158.333,,35.6667
2616,8.92132,,158.167,,35.6333
2617,8.92509,,158,,35.6
2618,8.92881,,158,,35.5667
2619,8.93253,,158,,35.5333
2620,8.93625,,158,,35.5
2621,8.93997,,158,,35.4667
2622,8.94369,,158,,35.4333
2623,8.94741,,158,,35.4
2624,8.95094,,158,,35.3667
2625,8.95447,,158,,35.3333
2626,8.958,,158,,35.3
2627,8.96152,,158,,35.2667
2628,8.96505,,158,,35.2333
2629,8.96858,,158,,35.2
2630,8.97198,,158,,35.2
2631,8.97537,,158,,35.2
2632,8.97877,,158,,35.2
2633,8.98216,,158,,35.2
2634,8.98556,,158,,35.2
2635,8.98895,,158,,35.2
2636,8.99236,,158,,35.2
2637,8.99577,,158,,35.2
2638,8.99919,,158,,35.2
2639,9.0026,,158,,35.2
2640,9.00614,,157.833,,35.1667
2641,9.00969,,157.667,,35.1333
2642,9.01323,,157.5,,35.1
2643,9.01678,,157.333,,35.0667
2644,9.02033,,157.167,,35.0333
2645,9.02387,,157,,35
2646,9.02702,,157.143,,35.0286
2647,9.03017,,157.286,,35.0571
2648,9.03332,,157.429,,35.0857
2649,9.03646,,157.571,,35.1143
2650,9.03961,,157.714,,35.1429
2651,9.04276,,157.857,,35.1714
2652,9.04591,,158,,35.2
2653,9.049,,158.143,,35.2286
2654,9.0521,,158.286,,35.2571
2655,9.05519,,158.429,,35.2857
2656,9.05828,,158.571,,35.3143
2657,9.06137,,158.714,,35.3429
2658,9.06447,,158.857,,35.3714
2659,9.06756,,159,,35.4
2660,9.07086,,159,,35.4571
2661,9.07417,,159,,35.5143
2662,9.07747,,159,,35.5714
2663,9.08077,,159,,35.6286
2664,9.08407,,159,,35.6857
2665,9.08738,,159,,35.7429
2666,9.09068,,159,,35.8
2667,9.09386,,159.6,,35.8
2668,9.09704,,160.2,,35.8
2669,9.10022,,160.8,,35.8
2670,9.1034,,161.4,,35.8
2671,9.10658,,162,,35.8
2672,9.10984,,162,,35.7429
2673,9.1131,,162,,35.6857
2674,9.11636,,162,,35.6286
2675,9.11961,,162,,35.5714
2676,9.12287,,162,,35.5143
2677,9.12613,,162,,35.4571
2678,9.12939,,162,,35.4
2679,9.13275,,162,,35.1667
2680,9.13611,,162,,34.9333
2681,9.13947,,162,,34.7
2682,9.14284,,162,,34.4667
2683,9.1462,,162,,34.2333
2684,9.14956,,162,,34
2685,9.15285,,161.857,,33.8286
2686,9.15614,,161.714,,33.6571
2687,9.15943,,161.571,,33.4857
2688,9.16271,,161.429,,33.3143
2689,9.166,,161.286,,33.1429
2690,9.16929,,161.143,,32.9714
2691,9.17258,,161,,32.8
2692,9.1762,,161.167,,32.6667
2693,9.17982,,161.333,,32.5333
2694,9.18344,,161.5,,32.4
2695,9.18705,,161.667,,32.2667
2696,9.19067,,161.833,,32.1333
2697,9.19429,,162,,32
2698,9.19789,,162,,31.9
2699,9.20148,,162,,31.8
2700,9.20508,,162,,31.7
2701,9.20868,,162,,31.6
2702,9.21227,,162,,31.5
2703,9.21587,,162,,31.4
2704,9.21953,,161.833,,31.3333
2705,9.22318,,161.667,,31.2667
2706,9.22684,,161.5,,31.2
2707,9.2305,,161.333,,31.1333
2708,9.23415,,161.167,,31.0667
2709,9.23781,,161,,31
2710,9.24141,,161,,31.1
2711,9.24501,,161,,31.2
2712,9.24861,,161,,31.3
2713,9.25221,,161,,31.4
2714,9.25581,,161,,31.5
2715,9.25941,,161,,31.6
2716,9.26305,,161,,31.7667
2717,9.2667,,161,,31.9333
2718,9.27034,,161,,32.1
2719,9.27398,,161,,32.2667
2720,9.27763,,161,,32.4333
2721,9.28127,,161,,32.6
2722,9.28499,,160.833,,32.7667
2723,9.28871,,160.667,,32.9333
2724,9.29242,,160.5,,33.1
2725,9.29614,,160.333,,33.2667
2726,9.29986,,160.167,,33.4333
2727,9.30358,,160,,33.6
2728,9.30705,,160.167,,33.6
2729,9.31052,,160.333,,33.6
2730,9.31399,,160.5,,33.6
2731,9.31746,,160.667,,33.6
2732,9.32093,,160.833,,33.6
2733,9.3244,,161,,33.6
2734,9.328,,161,,33.6
2735,9.3316,,161,,33.6
2736,9.3352,,161,,33.6
2737,9.33879,,161,,33.6
2738,9.34239,,161,,33.6
2739,9.34599,,161,,33.6
2740,9.34953,,161,,33.6333
2741,9.35306,,161,,33.6667
2742,9.3566,,161,,33.7
2743,9.36014,,161,,33.7333
2744,9.36367,,161,,33.7667
2745,9.36721,,161,,33.8
2746,9.37079,,160.833,,33.8667
2747,9.37437,,160.667,,33.9333
2748,9.37796,,160.5,,34
2749,9.38154,,160.333,,34.0667
2750,9.38512,,160.167,,34.1333
2751,9.3887,,160,,34.2
2752,9.39229,,160.167,,34.3333
2753,9.39588,,160.333,,34.4667
2754,9.39948,,160.5,,34.6
2755,9.40307,,160.667,,34.7333
2756,9.40666,,160.833,,34.8667
2757,9.41025,,161,,35
2758,9.4139,,161,,35.1667
2759,9.41755,,161,,35.3333
2760,9.42119,,161,,35.5
2761,9.42484,,161,,35.6667
2762,9.42849,,161,,35.8333
2763,9.43214,,161,,36
2764,9.43559,,161,,35.8
2765,9.43905,,161,,35.6
2766,9.4425,,161,,35.4
2767,9.44595,,161,,35.2
2768,9.44941,,161,,35
2769,9.45286,,161,,34.8
2770,9.45639,,160.833,,34.7333
2771,9.45992,,160.667,,34.6667
2772,9.46345,,160.5,,34.6
2773,9.46697,,160.333,,34.5333
2774,9.4705,,160.167,,34.4667
2775,9.47403,,160,,34.4
2776,9.47757,,160,,34.3333
2777,9.48111,,160,,34.2667
2778,9.48465,,160,,34.2
2779,9.48819,,160,,34.1333
2780,9.49173,,160,,34.0667
2781,9.49527,,160,,34
2782,9.49829,,160.143,,33.8857
2783,9.50132,,160.286,,33.7714
2784,9.50434,,160.429,,33.6571
2785,9.50736,,160.571,,33.5429
2786,9.51038,,160.714,,33.4286
2787,9.51341,,160.857,,33.3143
2788,9.51643,,161,,33.2
2789,9.51935,,161,,33.4
2790,9.52304,,161.167,,33.4
2791,9.52673,,161.333,,33.4
2792,9.53042,,161.5,,33.4
2793,9.53411,,161.667,,33.4
2794,9.5378,,161.833,,33.4
2795,9.54149,,162,,33.4
2796,9.54508,,161.833,,33.4
2797,9.54866,,161.667,,33.4
2798,9.55225,,161.5,,33.4
2799,9.55584,,161.333,,33.4
2800,9.55942,,161.167,,33.4
2801,9.56301,,161,,33.4
2802,9.56657,,161,,33.2667
2803,9.57013,,161,,33.1333
2804,9.57369,,161,,33
2805,9.57726,,161,,32.8667
2806,9.58082,,161,,32.7333
2807,9.58438,,161,,32.6
2808,9.58819,,161,,32.6
2809,9.592,,161,,32.6
2810,9.59581,,161,,32.6
2811,9.59961,,161,,32.6
2812,9.60342,,161,,32.6
2813,9.60723,,161,,32.6
2814,9.61099,,160.833,,32.7333
2815,9.61475,,160.667,,32.8667
2816,9.61851,,160.5,,33
2817,9.62227,,160.333,,33.1333
2818,9.62603,,160.167,,33.2667
2819,9.62979,,160,,33.4
2820,9.63314,,160,,33.5
2821,9.6365,,160,,33.6
2822,9.63985,,160,,33.7
2823,9.6432,,160,,33.8
2824,9.64656,,160,,33.9
2825,9.64991,,160,,34
2826,9.65345,,160,,34.1333
2827,9.657,,160,,34.2667
2828,9.66054,,160,,34.4
2829,9.66408,,160,,34.5333
2830,9.66763,,160,,34.6667
2831,9.67117,,160,,34.8
2832,9.67453,,160.143,,34.9143
2833,9.6779,,160.286,,35.0286
2834,9.68126,,160.429,,35.1429
2835,9.68462,,160.571,,35.2571
2836,9.68798,,160.714,,35.3714
2837,9.69135,,160.857,,35.4857
2838,9.69471,,161,,35.6
2839,9.69837,,160.833,,35.6667
2840,9.70203,,160.667,,35.7333
2841,9.70569,,160.5,,35.8
2842,9.70934,,160.333,,35.8667
2843,9.713,,160.167,,35.9333
2844,9.71666,,160,,36
2845,9.72049,,160,,36.1667
2846,9.72433,,160,,36.3333
2847,9.72816,,160,,36.5
2848,9.73199,,160,,36.6667
2849,9.73583,,160,,36.8333
2850,9.73966,,160,,37
2851,9.74339,,160.167,,37
2852,9.74711,,160.333,,37
2853,9.75084,,160.5,,37
2854,9.75457,,160.667,,37
2855,9.75829,,160.833,,37
2856,9.76202,,161,,37
2857,9.76573,,161,,36.9667
2858,9.76945,,161,,36.9333
2859,9.77316,,161,,36.9
2860,9.77688,,161,,36.8667
2861,9.78059,,161,,36.8333
2862,9.78431,,161,,36.8
2863,9.78789,,161.167,,36.6667
2864,9.79147,,161.333,,36.5333
2865,9.79505,,161.5,,36.4
2866,9.79864,,161.667,,36.2667
2867,9.80222,,161.833,,36.1333
2868,9.8058,,162,,36
2869,9.80943,,162,,35.9333
2870,9.81307,,162,,35.8667
2871,9.81671,,162,,35.8
2872,9.82034,,162,,35.7333
2873,9.82398,,162,,35.6667
2874,9.82761,,162,,35.6
2875,9.83127,,162,,35.5333
2876,9.83492,,162,,35.4667
2877,9.83858,,162,,35.4
2878,9.84224,,162,,35.3333
2879,9.84589,,162,,35.2667
2880,9.84955,,162,,35.2
2881,9.85336,,162,,35.0667
2882,9.85717,,162,,34.9333
2883,9.86098,,162,,34.8
2884,9.8648,,162,,34.6667
2885,9.86861,,162,,34.5333
2886,9.87242,,162,,34.4
2887,9.87599,,162,,34.4333
2888,9.87957,,162,,34.4667
2889,9.88315,,162,,34.5
2890,9.88672,,162,,34.5333
2891,9.8903,,162,,34.5667
2892,9.89387,,162,,34.6
2893,9.89722,,162,,34.7
2894,9.90057,,162,,34.8
2895,9.90392,,162,,34.9
2896,9.90727,,162,,35
2897,9.91062,,162,,35.1
2898,9.91397,,162,,35.2
2899,9.91764,,162.167,,35.4
2900,9.92132,,162.333,,35.6
2901,9.92499,,162.5,,35.8
2902,9.92866,,162.667,,36
2903,9.93234,,162.833,,36.2
2904,9.93601,,163,,36.4
2905,9.93967,,162.833,,36.5667
2906,9.94334,,162.667,,36.7333
2907,9.947,,162.5,,36.9
2908,9.95067,,162.333,,37.0667
2909,9.95433,,162.167,,37.2333
2910,9.958,,162,,37.4
2911,9.96167,,162,,37.4333
2912,9.96533,,162,,37.4667
2913,9.969,,162,,37.5
2914,9.97266,,162,,37.5333
2915,9.97633,,162,,37.5667
2916,9.97999,,162,,37.6
2917,9.98386,,161.833,,37.4667
2918,9.98773,,161.667,,37.3333
2919,9.9916,,161.5,,37.2
2920,9.99546,,161.333,,37.0667
2921,9.99933,,161.167,,36.9333
2922,10.0032,,161,,36.8
2923,10.0054,,161.167,,36.7333
2924,10.0076,,161.333,,36.6667
2925,10.0098,,161.5,,36.6
2926,10.012,,161.667,,36.5333
2927,10.0141,,161.833,,36.4667
2928,10.0163,,162,,36.4
2929,10.0197,,161.714,,36.5143
2930,10.023,,161.429,,36.6286
2931,10.0263,,161.143,,36.7429
2932,10.0296,,160.857,,36.8571
2933,10.0329,,160.571,,36.9714
2934,10.0362,,160.286,,37.0857
2935,10.0395,,160,,37.2
2936,10.043,,159.833,,37.2667
2937,10.0464,,159.667,,37.3333
2938,10.0498,,159.5,,37.4
2939,10.0533,,159.333,,37.4667
2940,10.0567,,159.167,,37.5333
2941,10.0602,,159,,37.6
2942,10.0637,,159.167,,37.5667
2943,10.0672,,159.333,,37.5333
2944,10.0708,,159.5,,37.5
2945,10.0743,,159.667,,37.4667
2946,10.0778,,159.833,,37.4333
2947,10.0813,,160,,37.4
2948,10.0849,,160,,37.2
2949,10.0884,,160,,37
2950,10.092,,160,,36.8
2951,10.0955,,160,,36.6
2952,10.0991,,160,,36.4
2953,10.1026,,160,,36.2
2954,10.1061,,160,,36.0333
2955,10.1096,,160,,35.8667
2956,10.1131,,160,,35.7
2957,10.1166,,160,,35.5333
2958,10.1201,,160,,35.3667
2959,10.1235,,160,,35.2
2960,10.127,,160,,35.1333
2961,10.1305,,160,,35.0667
2962,10.134,,160,,35
2963,10.1374,,160,,34.9333
2964,10.1409,,160,,34.8667
2965,10.1444,,160,,34.8
2966,10.1478,,160,,34.8
2967,10.1512,,160,,34.8
2968,10.1545,,160,,34.8
2969,10.1579,,160,,34.8
2970,10.1613,,160,,34.8
2971,10.1647,,160,,34.8
2972,10.1682,,160,,34.9
2973,10.1717,,160,,35
2974,10.1753,,160,,35.1
2975,10.1788,,160,,35.2
2976,10.1823,,160,,35.3
2977,10.1858,,160,,35.4
2978,10.1894,,160.167,,35.4667
2979,10.193,,160.333,,35.5333
2980,10.1966,,160.5,,35.6
2981,10.2002,,160.667,,35.6667
2982,10.2038,,160.833,,35.7333
2983,10.2075,,161,,35.8
2984,10.2113,,161,,35.9
2985,10.2152,,161,,36
2986,10.219,,161,,36.1
2987,10.2229,,161,,36.2
2988,10.2268,,161,,36.3
2989,10.2306,,161,,36.4
2990,10.2343,,161,,36.5
2991,10.2381,,161,,36.6
2992,10.2418,,161,,36.7
2993,10.2455,,161,,36.8
2994,10.2492,,161,,36.9
2995,10.2529,,161,,37
2996,10.2566,,161,,37
2997,10.2602,,161,,37
2998,10.2639,,161,,37
2999,10.2675,,161,,37
3000,10.2712,,161,,37
3001,10.2748,,161,,37
3002,10.2849,,160.5,,37
3003,10.295,,160,,37
3004,10.2993,,160,,36.8
3005,10.3035,,160,,36.6
3006,10.3078,,160,,36.4
3007,10.3121,,160,,36.2
3008,10.3164,,160,,36
3009,10.32,,160,,35.9
3010,10.3236,,160,,35.8
3011,10.3272,,160,,35.7
3012,10.3308,,160,,35.6
3013,10.3344,,160,,35.5
3014,10.338,,160,,35.4
3015,10.3415,,160,,35.3
3016,10.3451,,160,,35.2
3017,10.3486,,160,,35.1
3018,10.3521,,160,,35
3019,10.3556,,160,,34.9
3020,10.3591,,160,,34.8
3021,10.3628,,160.333,,34.6333
3022,10.3665,,160.667,,34.4667
3023,10.3702,,161,,34.3
3024,10.3739,,161.333,,34.1333
3025,10.3776,,161.667,,33.9667
3026,10.3813,,162,,33.8
3027,10.385,,162,,33.8333
3028,10.3887,,162,,33.8667
3029,10.3923,,162,,33.9
3030,10.396,,162,,33.9333
3031,10.3997,,162,,33.9667
3032,10.4033,,162,,34
3033,10.4072,,162,,33.9
3034,10.411,,162,,33.8
3035,10.4148,,162,,33.7
3036,10.4186,,162,,33.6
3037,10.4224,,162,,33.5
3038,10.4262,,162,,33.4
3039,10.4297,,162,,33.3
3040,10.4332,,162,,33.2
3041,10.4367,,162,,33.1
3042,10.4402,,162,,33
3043,10.4437,,162,,32.9
3044,10.4472,,162,,32.8
3045,10.4508,,162,,32.8333
3046,10.4544,,162,,32.8667
3047,10.458,,162,,32.9
3048,10.4616,,162,,32.9333
3049,10.4652,,162,,32.9667
3050,10.4688,,162,,33
3051,10.4726,,162.25,,33.1
3052,10.4764,,162.5,,33.2
3053,10.4802,,162.75,,33.3
3054,10.484,,163,,33.4
3055,10.4877,,162.833,,33.4
3056,10.4915,,162.667,,33.4
3057,10.4952,,162.5,,33.4
3058,10.499,,162.333,,33.4
3059,10.5027,,162.167,,33.4
3060,10.5065,,162,,33.4
3061,10.5103,,162.167,,33.4667
3062,10.5141,,162.333,,33.5333
3063,10.5179,,162.5,,33.6
3064,10.5217,,162.667,,33.6667
3065,10.5255,,162.833,,33.7333
3066,10.5293,,163,,33.8
3067,10.5329,,163,,34
3068,10.5366,,163,,34.2
3069,10.5411,,163,,34.36
3070,10.5455,,163,,34.52
3071,10.55,,163,,34.68
3072,10.5545,,163,,34.84
3073,10.5589,,163,,35
3074,10.5632,,163,,35.08
3075,10.5675,,163,,35.16
3076,10.5718,,163,,35.24
3077,10.5761,,163,,35.32
3078,10.5804,,163,,35.4
3079,10.5842,,163,,35.5
3080,10.588,,163,,35.6
3081,10.5918,,163,,35.7
3082,10.5956,,163,,35.8
3083,10.5994,,163,,35.9
3084,10.6032,,163,,36
3085,10.607,,163.167,,35.8667
3086,10.6109,,163.333,,35.7333
3087,10.6148,,163.5,,35.6
3088,10.6186,,163.667,,35.4667
3089,10.6225,,163.833,,35.3333
3090,10.6264,,164,,35.2
3091,10.6301,,164,,35.1333
3092,10.6338,,164,,35.0667
3093,10.6374,,164,,35
3094,10.6411,,164,,34.9333
3095,10.6448,,164,,34.8667
3096,10.6485,,164,,34.8
3097,10.6525,,164,,34.7333
3098,10.6564,,164,,34.6667
3099,10.6604,,164,,34.6
3100,10.6643,,164,,34.5333
3101,10.6683,,164,,34.4667
3102,10.6723,,164,,34.4
3103,10.6762,,164,,34.3667
3104,10.6802,,164,,34.3333
3105,10.6842,,164,,34.3
3106,10.6882,,164,,34.2667
3107,10.6921,,164,,34.2333
3108,10.6961,,164,,34.2
3109,10.6995,,163.833,,34.2
3110,10.7029,,163.667,,34.2
3111,10.7063,,163.5,,34.2
3112,10.7097,,163.333,,34.2
3113,10.7131,,163.167,,34.2
3114,10.7165,,163,,34.2
3115,10.7201,,163,,34.1333
3116,10.7236,,163,,34.0667
3117,10.7271,,163,,34
3118,10.7306,,163,,33.9333
3119,10.7341,,163,,33.8667
3120,10.7376,,163,,33.8
3121,10.7415,,163,,33.6333
3122,10.7453,,163,,33.4667
3123,10.7492,,163,,33.3
3124,10.7531,,163,,33.1333
3125,10.757,,163,,32.9667
3126,10.7608,,163,,32.8
3127,10.7647,,163,,32.6333
3128,10.7686,,163,,32.4667
3129,10.7724,,163,,32.3
3130,10.7763,,163,,32.1333
3131,10.7801,,163,,31.9667
3132,10.784,,163,,31.8
3133,10.7875,,162.833,,31.7667
3134,10.7911,,162.667,,31.7333
3135,10.7946,,162.5,,31.7
3136,10.7981,,162.333,,31.6667
3137,10.8017,,162.167,,31.6333
3138,10.8052,,162,,31.6
3139,10.809,,161.833,,31.6667
3140,10.8129,,161.667,,31.7333
3141,10.8167,,161.5,,31.8
3142,10.8205,,161.333,,31.8667
3143,10.8244,,161.167,,31.9333
3144,10.8282,,161,,32
3145,10.8319,,161,,32.0333
3146,10.8356,,161,,32.0667
3147,10.8393,,161,,32.1
3148,10.843,,161,,32.1333
3149,10.8467,,161,,32.1667
3150,10.8503,,161,,32.2
3151,10.8541,,161.167,,32.4
3152,10.8578,,161.333,,32.6
3153,10.8615,,161.5,,32.8
3154,10.8652,,161.667,,33
3155,10.869,,161.833,,33.2
3156,10.8727,,162,,33.4
3157,10.8763,,162,,33.6
3158,10.8799,,162,,33.8
3159,10.8835,,162,,34
3160,10.8871,,162,,34.2
3161,10.8907,,162,,34.4
3162,10.8942,,162,,34.6
3163,10.8975,,162,,34.7714
3164,10.9007,,162,,34.9429
3165,10.9039,,162,,35.1143
3166,10.9072,,162,,35.2857
3167,10.9104,,162,,35.4571
3168,10.9136,,162,,35.6286
3169,10.9168,,162,,35.8
3170,10.9205,,162,,35.8333
3171,10.9241,,162,,35.8667
3172,10.9277,,162,,35.9
3173,10.9313,,162,,35.9333
3174,10.9349,,162,,35.9667
3175,10.9385,,162,,36
3176,10.9425,,162,,36
3177,10.9464,,162,,36
3178,10.9503,,162,,36
3179,10.9543,,162,,36
3180,10.9582,,162,,36
3181,10.9621,,162,,36
3182,10.9666,,162,,35.92
3183,10.971,,162,,35.84
3184,10.9754,,162,,35.76
3185,10.9798,,162,,35.68
3186,10.9843,,162,,35.6
3187,10.9883,,162,,35.55
3188,10.9922,,162,,35.5
3189,10.9962,,162,,35.45
3190,11.0002,,162,,35.4
3191,11.0039,,161.833,,35.3
3192,11.0076,,161.667,,35.2
3193,11.0113,,161.5,,35.1
3194,11.015,,161.333,,35
3195,11.0187,,161.167,,34.9
3196,11.0223,,161,,34.8
3197,11.0259,,160.667,,34.8333
3198,11.0295,,160.333,,34.8667
3199,11.033,,160,,34.9
3200,11.0366,,159.667,,34.9333
3201,11.0401,,159.333,,34.9667
3202,11.0437,,159,,35
3203,11.0472,,159,,35
3204,11.0508,,159,,35
3205,11.0544,,159,,35
3206,11.0579,,159,,35
3207,11.0615,,159,,35
3208,11.0651,,159,,35
3209,11.0688,,159,,35.0333
3210,11.0725,,159,,35.0667
3211,11.0762,,159,,35.1
3212,11.08,,159,,35.1333
3213,11.0837,,159,,35.1667
3214,11.0874,,159,,35.2
3215,11.0912,,159,,35.2333
3216,11.0951,,159,,35.2667
3217,11.0989,,159,,35.3
3218,11.1027,,159,,35.3333
3219,11.1066,,159,,35.3667
3220,11.1104,,159,,35.4
3221,11.1141,,158.833,,35.4333
3222,11.1178,,158.667,,35.4667
3223,11.1214,,158.5,,35.5
3224,11.1251,,158.333,,35.5333
3225,11.1288,,158.167,,35.5667
3226,11.1325,,158,,35.6
3227,11.1363,,158.167,,35.6333
3228,11.1401,,158.333,,35.6667
3229,11.144,,158.5,,35.7
3230,11.1478,,158.667,,35.7333
3231,11.1516,,158.833,,35.7667
3232,11.1554,,159,,35.8
3233,11.1591,,159,,35.7667
3234,11.1627,,159,,35.7333
3235,11.1663,,159,,35.7
3236,11.1699,,159,,35.6667
3237,11.1736,,159,,35.6333
3238,11.1772,,159,,35.6
3239,11.1802,,159,,35.6
3240,11.1838,,159.167,,35.5333
3241,11.1875,,159.333,,35.4667
3242,11.1911,,159.5,,35.4
3243,11.1948,,159.667,,35.3333
3244,11.1984,,159.833,,35.2667
3245,11.2021,,160,,35.2
3246,11.2057,,160.167,,35.1
3247,11.2092,,160.333,,35
3248,11.2128,,160.5,,34.9
3249,11.2164,,160.667,,34.8
3250,11.22,,160.833,,34.7
3251,11.2236,,161,,34.6
3252,11.2273,,161.167,,34.5333
3253,11.2309,,161.333,,34.4667
3254,11.2346,,161.5,,34.4
3255,11.2382,,161.667,,34.3333
3256,11.2419,,161.833,,34.2667
3257,11.2455,,162,,34.2
3258,11.2492,,162,,34.0333
3259,11.2529,,162,,33.8667
3260,11.2566,,162,,33.7
3261,11.2603,,162,,33.5333
3262,11.264,,162,,33.3667
3263,11.2677,,162,,33.2
3264,11.2715,,162.5,,33.0333
3265,11.2753,,163,,32.8667
3266,11.2791,,163.5,,32.7
3267,11.283,,164,,32.5333
3268,11.2868,,164.5,,32.3667
3269,11.2906,,165,,32.2
3270,11.2944,,164.833,,32.0333
3271,11.2982,,164.667,,31.8667
3272,11.302,,164.5,,31.7
3273,11.3059,,164.333,,31.5333
3274,11.3097,,164.167,,31.3667
3275,11.3135,,164,,31.2
3276,11.3168,,164.143,,31.2571
3277,11.3201,,164.286,,31.3143
3278,11.3234,,164.429,,31.3714
3279,11.3268,,164.571,,31.4286
3280,11.3301,,164.714,,31.4857
3281,11.3334,,164.857,,31.5429
3282,11.3367,,165,,31.6
3283,11.34,,165,,31.6857
3284,11.3433,,165,,31.7714
3285,11.3466,,165,,31.8571
3286,11.3499,,165,,31.9429
3287,11.3532,,165,,32.0286
3288,11.3565,,165,,32.1143
3289,11.3598,,165,,32.2
3290,11.3639,,164.8,,32.2
3291,11.3681,,164.6,,32.2
3292,11.3722,,164.4,,32.2
3293,11.3764,,164.2,,32.2
3294,11.3805,,164,,32.2
3295,11.3841,,163.833,,32.2
3296,11.3876,,163.667,,32.2
3297,11.3912,,163.5,,32.2
3298,11.3948,,163.333,,32.2
3299,11.3983,,163.167,,32.2
3300,11.4019,,163,,32.2
3301,11.4055,,163,,32.2
3302,11.4092,,163,,32.2
3303,11.4128,,163,,32.2
3304,11.4164,,163,,32.2
3305,11.42,,163,,32.2
3306,11.4236,,163,,32.2
3307,11.4272,,162.833,,32.2667
3308,11.4308,,162.667,,32.3333
3309,11.4344,,162.5,,32.4
3310,11.438,,162.333,,32.4667
3311,11.4416,,162.167,,32.5333
3312,11.4452,,162,,32.6
3313,11.4484,,162.286,,32.6286
3314,11.4517,,162.571,,32.6571
3315,11.455,,162.857,,32.6857
3316,11.4582,,163.143,,32.7143
3317,11.4615,,163.429,,32.7429
3318,11.4647,,163.714,,32.7714
3319,11.468,,164,,32.8
3320,11.4716,,163.833,,32.9333
3321,11.4752,,163.667,,33.0667
3322,11.4789,,163.5,,33.2
3323,11.4825,,163.333,,33.3333
3324,11.4861,,163.167,,33.4667
3325,11.4897,,163,,33.6
3326,11.4933,,162.833,,33.3667
3327,11.4969,,162.667,,33.1333
3328,11.5004,,162.5,,32.9
3329,11.504,,162.333,,32.6667
3330,11.5076,,162.167,,32.4333
3331,11.5111,,162,,32.2
3332,11.515,,162,,31.9333
3333,11.5189,,162,,31.6667
3334,11.5227,,162,,31.4
3335,11.5266,,162,,31.1333
3336,11.5305,,162,,30.8667
3337,11.5343,,162,,30.6
3338,11.5381,,161.833,,30.6333
3339,11.5418,,161.667,,30.6667
3340,11.5456,,161.5,,30.7
3341,11.5493,,161.333,,30.7333
3342,11.553,,161.167,,30.7667
3343,11.5568,,161,,30.8
3344,11.5608,,161.167,,31
3345,11.5647,,161.333,,31.2
3346,11.5687,,161.5,,31.4
3347,11.5727,,161.667,,31.6
3348,11.5766,,161.833,,31.8
3349,11.5806,,162,,32
3350,11.5844,,161.833,,32.2333
3351,11.5883,,161.667,,32.4667
3352,11.5921,,161.5,,32.7
3353,11.596,,161.333,,32.9333
3354,11.5998,,161.167,,33.1667
3355,11.6037,,161,,33.4
3356,11.6074,,161,,33.3333
3357,11.6111,,161,,33.2667
3358,11.6149,,161,,33.2
3359,11.6186,,161,,33.1333
3360,11.6223,,161,,33.0667
3361,11.626,,161,,33
3362,11.6297,,161,,32.9
3363,11.6334,,161,,32.8
3364,11.6371,,161,,32.7
3365,11.6408,,161,,32.6
3366,11.6445,,161,,32.5
3367,11.6482,,161,,32.4
3368,11.6519,,160.833,,32.3667
3369,11.6555,,160.667,,32.3333
3370,11.6591,,160.5,,32.3
3371,11.6628,,160.333,,32.2667
3372,11.6664,,160.167,,32.2333
3373,11.67,,160,,32.2
3374,11.6735,,160.167,,32.3333
3375,11.6769,,160.333,,32.4667
3376,11.6804,,160.5,,32.6
3377,11.6838,,160.667,,32.7333
3378,11.6873,,160.833,,32.8667
3379,11.6908,,161,,33
3380,11.6946,,161,,33.1333
3381,11.6984,,161,,33.2667
3382,11.7023,,161,,33.4
3383,11.7061,,161,,33.5333
3384,11.71,,161,,33.6667
3385,11.7138,,161,,33.8
3386,11.7173,,160.833,,33.8333
3387,11.7208,,160.667,,33.8667
3388,11.7243,,160.5,,33.9
3389,11.7277,,160.333,,33.9333
3390,11.7312,,160.167,,33.9667
3391,11.7347,,160,,34
3392,11.7381,,160,,34
3393,11.7415,,160,,34
3394,11.7449,,160,,34
3395,11.7482,,160,,34
3396,11.7516,,160,,34
3397,11.755,,160,,34
3398,11.7584,,160,,34
3399,11.7619,,160,,34
3400,11.7653,,160,,34
3401,11.7687,,160,,34
3402,11.7721,,160,,34
3403,11.7756,,160,,34
3404,11.7791,,160.167,,34.1667
3405,11.7826,,160.333,,34.3333
3406,11.7861,,160.5,,34.5
3407,11.7896,,160.667,,34.6667
3408,11.7931,,160.833,,34.8333
3409,11.7966,,161,,35
3410,11.8004,,161,,35.2333
3411,11.8042,,161,,35.4667
3412,11.8081,,161,,35.7
3413,11.8119,,161,,35.9333
3414,11.8157,,161,,36.1667
3415,11.8195,,161,,36.4
3416,11.8234,,161.167,,36.5333
3417,11.8272,,161.333,,36.6667
3418,11.8311,,161.5,,36.8
3419,11.835,,161.667,,36.9333
3420,11.8389,,161.833,,37.0667
3421,11.8427,,162,,37.2
3422,11.8466,,161.833,,37.0333
3423,11.8504,,161.667,,36.8667
3424,11.8543,,161.5,,36.7
3425,11.8581,,161.333,,36.5333
3426,11.8619,,161.167,,36.3667
3427,11.8658,,161,,36.2
3428,11.8693,,161,,36.0667
3429,11.8729,,161,,35.9333
3430,11.8765,,161,,35.8
3431,11.88,,161,,35.6667
3432,11.8836,,161,,35.5333
3433,11.8872,,161,,35.4
3434,11.8907,,161,,35.1667
3435,11.8942,,161,,34.9333
3436,11.8978,,161,,34.7
3437,11.9013,,161,,34.4667
3438,11.9048,,161,,34.2333
3439,11.9083,,161,,34
3440,11.9117,,161,,33.8667
3441,11.915,,161,,33.7333
3442,11.9184,,161,,33.6
3443,11.9218,,161,,33.4667
3444,11.9251,,161,,33.3333
3445,11.9285,,161,,33.2
3446,11.9319,,161.167,,33
3447,11.9353,,161.333,,32.8
3448,11.9387,,161.5,,32.6
3449,11.9422,,161.667,,32.4
3450,11.9456,,161.833,,32.2
3451,11.949,,162,,32
3452,11.953,,162,,31.6667
3453,11.957,,162,,31.3333
3454,11.961,,162,,31
3455,11.9649,,162,,30.6667
3456,11.9689,,162,,30.3333
3457,11.9729,,162,,30
3458,11.9768,,162.167,,29.8
3459,11.9807,,162.333,,29.6
3460,11.9846,,162.5,,29.4
3461,11.9885,,162.667,,29.2
3462,11.9924,,162.833,,29
3463,11.9962,,163,,28.8
3464,12,,163,,28.8
3465,12.0037,,163,,28.8
3466,12.0075,,163,,28.9667
3467,12.0112,,163,,29.1333
3468,12.015,,163,,29.3
3469,12.0188,,163,,29.4667
3470,12.0226,,163,,29.6333
3471,12.0264,,163,,29.8
3472,12.0302,,163,,30.0333
3473,12.0339,,163,,30.2667
3474,12.0377,,163,,30.5
3475,12.0415,,163,,30.7333
3476,12.0452,,163,,30.9667
3477,12.049,,163,,31.2
3478,12.0527,,163.167,,31.3667
3479,12.0564,,163.333,,31.5333
3480,12.0601,,163.5,,31.7
3481,12.0637,,163.667,,31.8667
3482,12.0674,,163.833,,32.0333
3483,12.0711,,164,,32.2
3484,12.0746,,163.833,,32.1
3485,12.0782,,163.667,,32
3486,12.0817,,163.5,,31.9
3487,12.0852,,163.333,,31.8
3488,12.0888,,163.167,,31.7
3489,12.0923,,163,,31.6
3490,12.0958,,163.333,,31.7333
3491,12.0994,,163.667,,31.8667
3492,12.1029,,164,,32
3493,12.1064,,164.333,,32.1333
3494,12.11,,164.667,,32.2667
3495,12.1135,,165,,32.4
3496,12.117,,164.833,,32.4667
3497,12.1206,,164.667,,32.5333
3498,12.1241,,164.5,,32.6
3499,12.1277,,164.333,,32.6667
3500,12.1312,,164.167,,32.7333
3501,12.1347,,164,,32.8
3502,12.1384,,164,,32.7667
3503,12.1421,,164,,32.7333
3504,12.1457,,164,,32.7
3505,12.1494,,164,,32.6667
3506,12.1531,,164,,32.6333
3507,12.1568,,164,,32.6
3508,12.1606,,164.167,,32.7
3509,12.1645,,164.333,,32.8
3510,12.1684,,164.5,,32.9
3511,12.1722,,164.667,,33
3512,12.1761,,164.833,,33.1
3513,12.18,,165,,33.2
3514,12.1837,,164.833,,33.1333
3515,12.1874,,164.667,,33.0667
3516,12.1911,,164.5,,33
3517,12.1948,,164.333,,32.9333
3518,12.1985,,164.167,,32.8667
3519,12.2022,,164,,32.8
3520,12.2061,,164,,32.8333
3521,12.21,,164,,32.8667
3522,12.2138,,164,,32.9
3523,12.2177,,164,,32.9333
3524,12.2215,,164,,32.9667
3525,12.2254,,164,,33
3526,12.2293,,163.833,,32.9333
3527,12.2333,,163.667,,32.8667
3528,12.2372,,163.5,,32.8
3529,12.2412,,163.333,,32.7333
3530,12.2451,,163.167,,32.6667
3531,12.2491,,163,,32.6
3532,12.2529,,163,,32.3667
3533,12.2567,,163,,32.1333
3534,12.2605,,163,,31.9
3535,12.2643,,163,,31.6667
3536,12.2681,,163,,31.4333
3537,12.2719,,163,,31.2
3538,12.2757,,163.167,,31.0333
3539,12.2796,,163.333,,30.8667
3540,12.2834,,163.5,,30.7
3541,12.2873,,163.667,,30.5333
3542,12.2911,,163.833,,30.3667
3543,12.295,,164,,30.2
3544,12.2987,,164,,30.1667
3545,12.3024,,164,,30.1333
3546,12.3061,,164,,30.1
3547,12.3098,,164,,30.0667
3548,12.3135,,164,,30.0333
3549,12.3172,,164,,30
3550,12.3209,,164,,30.0667
3551,12.3246,,164,,30.1333
3552,12.3283,,164,,30.2
3553,12.332,,164,,30.2667
3554,12.3356,,164,,30.3333
3555,12.3393,,164,,30.4
3556,12.343,,163.833,,30.4333
3557,12.3467,,163.667,,30.4667
3558,12.3504,,163.5,,30.5
3559,12.3541,,163.333,,30.5333
3560,12.3578,,163.167,,30.5667
3561,12.3615,,163,,30.6
3562,12.3654,,163,,30.6
3563,12.3693,,163,,30.6
3564,12.3731,,163,,30.6
3565,12.377,,163,,30.6
3566,12.3809,,163,,30.6
3567,12.3847,,163,,30.6
3568,12.3884,,162.833,,30.6
3569,12.392,,162.667,,30.6
3570,12.3957,,162.5,,30.6
3571,12.3993,,162.333,,30.6
3572,12.403,,162.167,,30.6
3573,12.4066,,162,,30.6
3574,12.4102,,162,,30.7667
3575,12.4139,,162,,30.9333
3576,12.4175,,162,,31.1
3577,12.4211,,162,,31.2667
3578,12.4247,,162,,31.4333
3579,12.4283,,162,,31.6
3580,12.4319,,162,,31.7667
3581,12.4355,,162,,31.9333
3582,12.4391,,162,,32.1
3583,12.4427,,162,,32.2667
3584,12.4462,,162,,32.4333
3585,12.4498,,162,,32.6
3586,12.4533,,161.833,,32.7667
3587,12.4567,,161.667,,32.9333
3588,12.4601,,161.5,,33.1
3589,12.4636,,161.333,,33.2667
3590,12.467,,161.167,,33.4333
3591,12.4705,,161,,33.6
3592,12.474,,161,,33.6
3593,12.4775,,161,,33.6
3594,12.481,,161,,33.6
3595,12.4845,,161,,33.6
3596,12.4881,,161,,33.6
3597,12.4916,,161,,33.6
3598,12.4953,,161.167,,33.6
3599,12.499,,161.333,,33.6
3600,12.5027,,161.5,,33.6
3601,12.5065,,161.667,,33.6
3602,12.5102,,161.833,,33.6
3603,12.5139,,162,,33.6
3604,12.5177,,162.167,,33.6333
3605,12.5214,,162.333,,33.6667
3606,12.5251,,162.5,,33.7
3607,12.5289,,162.667,,33.7333
3608,12.5326,,162.833,,33.7667
3609,12.5364,,163,,33.8
3610,12.54,,163.167,,33.6
3611,12.5437,,163.333,,33.4
3612,12.5474,,163.5,,33.2
3613,12.5511,,163.667,,33
3614,12.5547,,163.833,,32.8
3615,12.5584,,164,,32.6
3616,12.5621,,164,,32.4333
3617,12.5658,,164,,32.2667
3618,12.5695,,164,,32.1
3619,12.5732,,164,,31.9333
3620,12.5769,,164,,31.7667
3621,12.5806,,164,,31.6
3622,12.5843,,163.833,,31.5
3623,12.588,,163.667,,31.4
3624,12.5917,,163.5,,31.3
3625,12.5954,,163.333,,31.2
3626,12.5991,,163.167,,31.1
3627,12.6029,,163,,31
3628,12.6065,,163.333,,31.1
3629,12.61,,163.667,,31.2
3630,12.6136,,164,,31.3
3631,12.6172,,164.333,,31.4
3632,12.6208,,164.667,,31.5
3633,12.6244,,165,,31.6
3634,12.6281,,165,,31.6667
3635,12.6318,,165,,31.7333
3636,12.6356,,165,,31.8
3637,12.6393,,165,,31.8667
3638,12.643,,165,,31.9333
3639,12.6467,,165,,32
3640,12.6502,,164.833,,31.9333
3641,12.6538,,164.667,,31.8667
3642,12.6573,,164.5,,31.8
3643,12.6608,,164.333,,31.7333
3644,12.6644,,164.167,,31.6667
3645,12.6679,,164,,31.6
3646,12.6713,,163.833,,31.7667
3647,12.6747,,163.667,,31.9333
3648,12.6781,,163.5,,32.1
3649,12.6815,,163.333,,32.2667
3650,12.6848,,163.167,,32.4333
3651,12.6882,,163,,32.6
3652,12.6916,,163.167,,32.7667
3653,12.695,,163.333,,32.9333
3654,12.6983,,163.5,,33.1
3655,12.7017,,163.667,,33.2667
3656,12.705,,163.833,,33.4333
3657,12.7084,,164,,33.6
3658,12.7118,,164.143,,33.5714
3659,12.7151,,164.286,,33.5429
3660,12.7185,,164.429,,33.5143
3661,12.7218,,164.571,,33.4857
3662,12.7251,,164.714,,33.4571
3663,12.7285,,164.857,,33.4286
3664,12.7318,,165,,33.4
3665,12.7357,,164.833,,33.4667
3666,12.7395,,164.667,,33.5333
3667,12.7433,,164.5,,33.6
3668,12.7471,,164.333,,33.6667
3669,12.7509,,164.167,,33.7333
3670,12.7548,,164,,33.8
3671,12.7588,,164.2,,33.76
3672,12.7628,,164.4,,33.72
3673,12.7668,,164.6,,33.68
3674,12.7708,,164.8,,33.64
3675,12.7748,,165,,33.6
3676,12.7786,,164.833,,33.5
3677,12.7823,,164.667,,33.4
3678,12.786,,164.5,,33.3
3679,12.7898,,164.333,,33.2
3680,12.7935,,164.167,,33.1
3681,12.7972,,164,,33
3682,12.8012,,164.167,,32.8667
3683,12.8051,,164.333,,32.7333
3684,12.809,,164.5,,32.6
3685,12.8129,,164.667,,32.4667
3686,12.8168,,164.833,,32.3333
3687,12.8208,,165,,32.2
3688,12.8248,,165,,32.2
3689,12.8288,,165,,32.2
3690,12.8328,,165,,32.2
3691,12.8368,,165,,32.2
3692,12.8408,,165,,32.2
3693,12.8447,,165.167,,32.2333
3694,12.8486,,165.333,,32.2667
3695,12.8524,,165.5,,32.3
3696,12.8563,,165.667,,32.3333
3697,12.8602,,165.833,,32.3667
3698,12.864,,166,,32.4
3699,12.8676,,165.667,,32.4333
3700,12.8712,,165.333,,32.4667
3701,12.8748,,165,,32.5
3702,12.8784,,164.667,,32.5333
3703,12.882,,164.333,,32.5667
3704,12.8856,,164,,32.6
3705,12.8891,,164.333,,32.5
3706,12.8926,,164.667,,32.4
3707,12.8961,,165,,32.3
3708,12.8996,,165.333,,32.2
3709,12.9031,,165.667,,32.1
3710,12.9066,,166,,32
3711,12.91,,166,,32.1333
3712,12.9134,,166,,32.2667
3713,12.9168,,166,,32.4
3714,12.9202,,166,,32.5333
3715,12.9236,,166,,32.6667
3716,12.927,,166,,32.8
3717,12.9299,,166,,32.8
3718,12.9329,,166,,32.8
3719,12.9364,,165.833,,32.6667
3720,12.94,,165.667,,32.5333
3721,12.9435,,165.5,,32.4
3722,12.9471,,165.333,,32.2667
3723,12.9507,,165.167,,32.1333
3724,12.9542,,165,,32
3725,12.958,,165.167,,32.0667
3726,12.9617,,165.333,,32.1333
3727,12.9655,,165.5,,32.2
3728,12.9692,,165.667,,32.2667
3729,12.9729,,165.833,,32.3333
3730,12.9767,,166,,32.4
3731,12.9802,,166,,32.35
3732,12.9837,,166,,32.3
3733,12.9871,,166,,32.25
3734,12.9906,,166,,32.2
3735,12.9938,,165.75,,32.2
3736,12.997,,165.5,,32.2
3737,13.0002,,165.25,,32.2
3738,13.0035,,165,,32.2
3739,13.0071,,165.333,,32.1667
3740,13.0107,,165.667,,32.1333
3741,13.0144,,166,,32.1
3742,13.018,,166.333,,32.0667
3743,13.0217,,166.667,,32.0333
3744,13.0253,,167,,32
3745,13.029,,166.833,,32.1333
3746,13.0327,,166.667,,32.2667
3747,13.0363,,166.5,,32.4
3748,13.04,,166.333,,32.5333
3749,13.0437,,166.167,,32.6667
3750,13.0473,,166,,32.8
3751,13.051,,166.333,,32.9667
3752,13.0546,,166.667,,33.1333
3753,13.0583,,167,,33.3
3754,13.0619,,167.333,,33.4667
3755,13.0656,,167.667,,33.6333
3756,13.0693,,168,,33.8
3757,13.0732,,167.833,,33.9
3758,13.0771,,167.667,,34
3759,13.081,,167.5,,34.1
3760,13.0849,,167.333,,34.2
3761,13.0888,,167.167,,34.3
3762,13.0927,,167,,34.4
3763,13.0965,,167.333,,34.1
3764,13.1004,,167.667,,33.8
3765,13.1043,,168,,33.5
3766,13.1081,,168.333,,33.2
3767,13.112,,168.667,,32.9
3768,13.1159,,169,,32.6
3769,13.1197,,168,,32.2667
3770,13.1234,,167,,31.9333
3771,13.1272,,166,,31.6
3772,13.1309,,166.333,,31.2667
3773,13.1346,,166.667,,30.9333
3774,13.1383,,167,,30.6
3775,13.142,,167.333,,30.2667
3776,13.1457,,167.667,,29.9333
3777,13.1495,,168,,29.6
3778,13.1532,,167.833,,29.3667
3779,13.1569,,167.667,,29.1333
3780,13.1606,,167.5,,28.9
3781,13.1644,,167.333,,28.6667
3782,13.1681,,167.167,,28.4333
3783,13.1718,,167,,28.2
3784,13.1756,,166.667,,28.2
3785,13.1794,,166.333,,28.2
3786,13.1832,,166,,28.2
3787,13.187,,165.667,,28.2
3788,13.1908,,165.333,,28.2
3789,13.1946,,165,,28.2
3790,13.1984,,165.167,,28.2333
3791,13.2022,,165.333,,28.2667
3792,13.2061,,165.5,,28.3
3793,13.2099,,165.667,,28.3333
3794,13.2138,,165.833,,28.3667
3795,13.2176,,166,,28.4
3796,13.2215,,165.833,,28.3667
3797,13.2254,,165.667,,28.3333
3798,13.2293,,165.5,,28.3
3799,13.2332,,165.333,,28.2667
3800,13.2371,,165.167,,28.2333
3801,13.241,,165,,28.2
3802,13.2449,,165,,28.2667
3803,13.2488,,165,,28.3333
3804,13.2526,,165,,28.4
3805,13.2565,,165,,28.4667
3806,13.2604,,165,,28.5333
3807,13.2643,,165,,28.6
3808,13.2679,,164.833,,28.7333
3809,13.2716,,164.667,,28.8667
3810,13.2753,,164.5,,29
3811,13.279,,164.333,,29.1333
3812,13.2827,,164.167,,29.2667
3813,13.2864,,164,,29.4
3814,13.2902,,163.833,,29.5667
3815,13.294,,163.667,,29.7333
3816,13.2978,,163.5,,29.9
3817,13.3015,,163.333,,30.0667
3818,13.3053,,163.167,,30.2333
3819,13.3091,,163,,30.4
3820,13.3127,,163.167,,30.5667
3821,13.3163,,163.333,,30.7333
3822,13.3199,,163.5,,30.9
3823,13.3235,,163.667,,31.0667
3824,13.3272,,163.833,,31.2333
3825,13.3308,,164,,31.4
3826,13.3345,,164,,31.6
3827,13.3382,,164,,31.8
3828,13.3418,,164,,32
3829,13.3455,,164,,32.2
3830,13.3492,,164,,32.4
3831,13.3529,,164,,32.6
3832,13.3566,,163.833,,32.8333
3833,13.3604,,163.667,,33.0667
3834,13.3641,,163.5,,33.3
3835,13.3678,,163.333,,33.5333
3836,13.3715,,163.167,,33.7667
3837,13.3752,,163,,34
3838,13.379,,163,,34.1333
3839,13.3827,,163,,34.2667
3840,13.3865,,163,,34.4
3841,13.3903,,163,,34.5333
3842,13.394,,163,,34.6667
3843,13.3978,,163,,34.8
3844,13.4015,,163,,34.6667
3845,13.4053,,163,,34.5333
3846,13.4091,,163,,34.4
3847,13.4128,,163,,34.2667
3848,13.4166,,163,,34.1333
3849,13.4203,,163,,34
3850,13.4242,,163,,33.9667
3851,13.428,,163,,33.9333
3852,13.4319,,163,,33.9
3853,13.4358,,163,,33.8667
3854,13.4396,,163,,33.8333
3855,13.4435,,163,,33.8
3856,13.4473,,163,,33.8333
3857,13.4511,,163,,33.8667
3858,13.4549,,163,,33.9
3859,13.4587,,163,,33.9333
3860,13.4625,,163,,33.9667
3861,13.4663,,163,,34
3862,13.4699,,163.167,,34.0667
3863,13.4735,,163.333,,34.1333
3864,13.4771,,163.5,,34.2
3865,13.4807,,163.667,,34.2667
3866,13.4842,,163.833,,34.3333
3867,13.4878,,164,,34.4
3868,13.491,,164,,34.2571
3869,13.4942,,164,,34.1143
3870,13.4974,,164,,33.9714
3871,13.5006,,164,,33.8286
3872,13.5038,,164,,33.6857
3873,13.507,,164,,33.5429
3874,13.5102,,164,,33.4
3875,13.5135,,164,,33.2286
3876,13.5168,,164,,33.0571
3877,13.5202,,164,,32.8857
3878,13.5235,,164,,32.7143
3879,13.5268,,164,,32.5429
3880,13.5301,,164,,32.3714
3881,13.5334,,164,,32.2
3882,13.5367,,164.333,,32.0667
3883,13.5401,,164.667,,31.9333
3884,13.5434,,165,,31.8
3885,13.5468,,165.333,,31.6667
3886,13.5501,,165.667,,31.5333
3887,13.5535,,166,,31.4
3888,13.5564,,165.857,,31.3429
3889,13.5594,,165.714,,31.2857
3890,13.5624,,165.571,,31.2286
3891,13.5653,,165.429,,31.1714
3892,13.5683,,165.286,,31.1143
3893,13.5712,,165.143,,31.0571
3894,13.5742,,165,,31
3895,13.5771,,165.5,,31.0667
3896,13.5799,,166,,31.1333
3897,13.5827,,166.5,,31.2
3898,13.5856,,167,,31.2667
3899,13.5884,,167.5,,31.3333
3900,13.5913,,168,,31.4
3901,13.5948,,168,,31.4
3902,13.5984,,168,,31.4
3903,13.6019,,168,,31.4
3904,13.6055,,168,,31.4
3905,13.609,,168,,31.4
3906,13.6125,,168,,31.4
3907,13.6157,,167.8,,31.36
3908,13.6189,,167.6,,31.32
3909,13.622,,167.4,,31.28
3910,13.6252,,167.2,,31.24
3911,13.6283,,167,,31.2
3912,13.6301,,166.5,,31.1
3913,13.6319,,166,,31
3914,13.636,,166,,31.04
3915,13.6401,,166,,31.08
3916,13.6442,,166,,31.12
3917,13.6484,,166,,31.16
3918,13.6525,,166,,31.2
3919,13.6562,,165.6,,31.28
3920,13.66,,165.2,,31.36
3921,13.6637,,164.8,,31.44
3922,13.6675,,164.4,,31.52
3923,13.6712,,164,,31.6
3924,13.6746,,163.5,,31.8
3925,13.678,,163,,32
3926,13.6822,,162.8,,32.04
3927,13.6865,,162.6,,32.08
3928,13.6907,,162.4,,32.12
3929,13.695,,162.2,,32.16
3930,13.6992,,162,,32.2
3931,13.7033,,162,,32.2
3932,13.7075,,162,,32.2
3933,13.7116,,162,,32.2
3934,13.7157,,162,,32.2
3935,13.7199,,162,,32.2
3936,13.7239,,161.8,,32.16
3937,13.728,,161.6,,32.12
3938,13.732,,161.4,,32.08
3939,13.736,,161.2,,32.04
3940,13.7401,,161,,32
3941,13.7439,,160.667,,31.9667
3942,13.7477,,160.333,,31.9333
3943,13.7515,,160,,31.9
3944,13.7553,,159.667,,31.8667
3945,13.7592,,159.333,,31.8333
3946,13.763,,159,,31.8
3947,13.7668,,158.667,,31.7333
3948,13.7706,,158.333,,31.6667
3949,13.7745,,158,,31.6
3950,13.7783,,157.667,,31.5333
3951,13.7821,,157.333,,31.4667
3952,13.786,,157,,31.4
3953,13.79,,156.8,,31.36
3954,13.7941,,156.6,,31.32
3955,13.7981,,156.4,,31.28
3956,13.8021,,156.2,,31.24
3957,13.8062,,156,,31.2
3958,13.8102,,156,,31.2333
3959,13.8141,,156,,31.2667
3960,13.8181,,156,,31.3
3961,13.8221,,156,,31.3333
3962,13.8261,,156,,31.3667
3963,13.8301,,156,,31.4
3964,13.8334,,155.857,,31.4286
3965,13.8367,,155.714,,31.4571
3966,13.84,,155.571,,31.4857
3967,13.8433,,155.429,,31.5143
3968,13.8466,,155.286,,31.5429
3969,13.8499,,155.143,,31.5714
3970,13.8532,,155,,31.6
3971,13.8566,,155.333,,31.6333
3972,13.86,,155.667,,31.6667
3973,13.8634,,156,,31.7
3974,13.8668,,156.333,,31.7333
3975,13.8702,,156.667,,31.7667
3976,13.8736,,157,,31.8
3977,13.8767,,157.143,,31.7714
3978,13.8799,,157.286,,31.7429
3979,13.883,,157.429,,31.7143
3980,13.8862,,157.571,,31.6857
3981,13.8894,,157.714,,31.6571
3982,13.8925,,157.857,,31.6286
3983,13.8957,,158,,31.6
3984,13.8992,,158.333,,31.6
3985,13.9027,,158.667,,31.6
3986,13.9062,,159,,31.6
3987,13.9098,,159.333,,31.6
3988,13.9133,,159.667,,31.6
3989,13.9168,,160,,31.6
3990,13.92,,160.5,,31.6
3991,13.9232,,161,,31.6
3992,13.9269,,161,,31.5
3993,13.9307,,161,,31.4
3994,13.9344,,161.167,,31.3667
3995,13.9382,,161.333,,31.3333
3996,13.942,,161.5,,31.3
3997,13.9458,,161.667,,31.2667
3998,13.9496,,161.833,,31.2333
3999,13.9533,,162,,31.2
4000,13.9569,,162.333,,31.1667
4001,13.9604,,162.667,,31.1333
4002,13.9639,,163,,31.1
4003,13.9674,,163.333,,31.0667
4004,13.9709,,163.667,,31.0333
4005,13.9744,,164,,31
4006,13.9779,,164.167,,31
4007,13.9813,,164.333,,31
4008,13.9848,,164.5,,31
4009,13.9883,,164.667,,31
4010,13.9918,,164.833,,31
4011,13.9953,,165,,31
4012,13.9987,,165,,31.1
4013,14.0022,,165,,31.2
4014,14.0053,,164.857,,31.3429
4015,14.0084,,164.714,,31.4857
4016,14.0116,,164.571,,31.6286
4017,14.0147,,164.429,,31.7714
4018,14.0179,,164.286,,31.9143
4019,14.021,,164.143,,32.0571
4020,14.0241,,164,,32.2
4021,14.0273,,164.286,,32.3429
4022,14.0304,,164.571,,32.4857
4023,14.0335,,164.857,,32.6286
4024,14.0366,,165.143,,32.7714
4025,14.0398,,165.429,,32.9143
4026,14.0429,,165.714,,33.0571
4027,14.046,,166,,33.2
4028,14.0494,,165.833,,33.3667
4029,14.0528,,165.667,,33.5333
4030,14.0561,,165.5,,33.7
4031,14.0595,,165.333,,33.8667
4032,14.0629,,165.167,,34.0333
4033,14.0663,,165,,34.2
4034,14.0697,,165,,34.3667
4035,14.0732,,165,,34.5333
4036,14.0767,,165,,34.7
4037,14.0801,,165,,34.8667
4038,14.0836,,165,,35.0333
4039,14.087,,165,,35.2
4040,14.0903,,164.571,,35.2286
4041,14.0936,,164.143,,35.2571
4042,14.0968,,163.714,,35.2857
4043,14.1001,,163.286,,35.3143
4044,14.1034,,162.857,,35.3429
4045,14.1066,,162.429,,35.3714
4046,14.1099,,162,,35.4
4047,14.1134,,161.833,,35.1667
4048,14.1168,,161.667,,34.9333
4049,14.1202,,161.5,,34.7
4050,14.1237,,161.333,,34.4667
4051,14.1271,,161.167,,34.2333
4052,14.1306,,161,,34
4053,14.1338,,161,,33.7143
4054,14.1371,,161,,33.4286
4055,14.1403,,161,,33.1429
4056,14.1436,,161,,32.8571
4057,14.1468,,161,,32.5714
4058,14.1501,,161,,32.2857
4059,14.1533,,161,,32
4060,14.1564,,161.286,,31.7429
4061,14.1595,,161.571,,31.4857
4062,14.1625,,161.857,,31.2286
4063,14.1656,,162.143,,30.9714
4064,14.1686,,162.429,,30.7143
4065,14.1717,,162.714,,30.4571
4066,14.1747,,163,,30.2
4067,14.1782,,163.167,,29.9
4068,14.1816,,163.333,,29.6
4069,14.1851,,163.5,,29.3
4070,14.1885,,163.667,,29
4071,14.192,,163.833,,28.7
4072,14.1954,,164,,28.4
4073,14.199,,163.833,,28.2667
4074,14.2026,,163.667,,28.1333
4075,14.2061,,163.5,,28
4076,14.2097,,163.333,,27.8667
4077,14.2133,,163.167,,27.7333
4078,14.2168,,163,,27.6
4079,14.2205,,163,,27.5667
4080,14.2242,,163,,27.5333
4081,14.2279,,163,,27.5
4082,14.2316,,163,,27.4667
4083,14.2353,,163,,27.4333
4084,14.239,,163,,27.4
4085,14.2427,,163,,27.3667
4086,14.2464,,163,,27.3333
4087,14.2501,,163,,27.3
4088,14.2538,,163,,27.2667
4089,14.2575,,163,,27.2333
4090,14.2612,,163,,27.2
4091,14.2648,,163,,27.4667
4092,14.2684,,163,,27.7333
4093,14.272,,163,,28
4094,14.2756,,163,,28.2667
4095,14.2792,,163,,28.5333
4096,14.2828,,163,,28.8
4097,14.2863,,163,,29.0667
4098,14.2898,,163,,29.3333
4099,14.2933,,163,,29.6
4100,14.2968,,163,,29.8667
4101,14.3003,,163,,30.1333
4102,14.3038,,163,,30.4
4103,14.3074,,162.833,,30.6
4104,14.311,,162.667,,30.8
4105,14.3145,,162.5,,31
4106,14.3181,,162.333,,31.2
4107,14.3217,,162.167,,31.4
4108,14.3253,,162,,31.6
4109,14.329,,162.167,,31.6333
4110,14.3328,,162.333,,31.6667
4111,14.3366,,162.5,,31.7
4112,14.3403,,162.667,,31.7333
4113,14.3441,,162.833,,31.7667
4114,14.3478,,163,,31.8
4115,14.3516,,162.833,,31.8333
4116,14.3553,,162.667,,31.8667
4117,14.359,,162.5,,31.9
4118,14.3627,,162.333,,31.9333
4119,14.3664,,162.167,,31.9667
4120,14.3702,,162,,32
4121,14.3736,,161.667,,31.9667
4122,14.3771,,161.333,,31.9333
4123,14.3806,,161,,31.9
4124,14.3841,,160.667,,31.8667
4125,14.3876,,160.333,,31.8333
4126,14.391,,160,,31.8
4127,14.3943,,159.857,,31.9429
4128,14.3976,,159.714,,32.0857
4129,14.4009,,159.571,,32.2286
4130,14.4042,,159.429,,32.3714
4131,14.4075,,159.286,,32.5143
4132,14.4108,,159.143,,32.6571
4133,14.414,,159,,32.8
4134,14.4176,,159.5,,32.9
4135,14.4211,,160,,33
4136,14.4247,,160.5,,33.1
4137,14.4282,,161,,33.2
4138,14.4317,,161.5,,33.3
4139,14.4353,,162,,33.4
4140,14.4389,,162.167,,33.3333
4141,14.4425,,162.333,,33.2667
4142,14.4462,,162.5,,33.2
4143,14.4498,,162.667,,33.1333
4144,14.4534,,162.833,,33.0667
4145,14.457,,163,,33
4146,14.4605,,163,,32.8
4147,14.4639,,163,,32.6
4148,14.4674,,163,,32.4
4149,14.4708,,163,,32.2
4150,14.4743,,163,,32
4151,14.4777,,163,,31.8
4152,14.4812,,163,,31.7
4153,14.4847,,163,,31.6
4154,14.4882,,163,,31.5
4155,14.4917,,163,,31.4
4156,14.4952,,163,,31.3
4157,14.4987,,163,,31.2
4158,14.5023,,162.833,,31.2333
4159,14.5059,,162.667,,31.2667
4160,14.5096,,162.5,,31.3
4161,14.5132,,162.333,,31.3333
4162,14.5168,,162.167,,31.3667
4163,14.5205,,162,,31.4
4164,14.5242,,162,,31.5333
4165,14.5279,,162,,31.6667
4166,14.5316,,162,,31.8
4167,14.5353,,162,,31.9333
4168,14.539,,162,,32.0667
4169,14.5428,,162,,32.2
4170,14.5464,,162,,32.3333
4171,14.5499,,162,,32.4667
4172,14.5535,,162,,32.6
4173,14.5571,,162,,32.7333
4174,14.5607,,162,,32.8667
4175,14.5643,,162,,33
4176,14.5678,,161.833,,33.0333
4177,14.5713,,161.667,,33.0667
4178,14.5748,,161.5,,33.1
4179,14.5782,,161.333,,33.1333
4180,14.5817,,161.167,,33.1667
4181,14.5852,,161,,33.2
4182,14.5888,,160.833,,33.1
4183,14.5924,,160.667,,33
4184,14.596,,160.5,,32.9
4185,14.5996,,160.333,,32.8
4186,14.6031,,160.167,,32.7
4187,14.6067,,160,,32.6
4188,14.6103,,160.167,,32.5
4189,14.6139,,160.333,,32.4
4190,14.6175,,160.5,,32.3
4191,14.6211,,160.667,,32.2
4192,14.6247,,160.833,,32.1
4193,14.6283,,161,,32
4194,14.6318,,161,,31.9
4195,14.6353,,161,,31.8
4196,14.6388,,161,,31.7
4197,14.6423,,161,,31.6
4198,14.6457,,161,,31.5
4199,14.6492,,161,,31.4
4200,14.6527,,161.167,,31.2667
4201,14.6561,,161.333,,31.1333
4202,14.6596,,161.5,,31
4203,14.663,,161.667,,30.8667
4204,14.6665,,161.833,,30.7333
4205,14.67,,162,,30.6
4206,14.6734,,161.667,,30.3333
4207,14.6768,,161.333,,30.0667
4208,14.6803,,161,,29.8
4209,14.6837,,160.667,,29.5333
4210,14.6872,,160.333,,29.2667
4211,14.6906,,160,,29
4212,14.6937,,159.857,,28.7143
4213,14.6969,,159.714,,28.4286
4214,14.7,,159.571,,28.1429
4215,14.7032,,159.429,,27.8571
4216,14.7063,,159.286,,27.5714
4217,14.7094,,159.143,,27.2857
4218,14.7126,,159,,27
4219,14.7164,,158.4,,26.72
4220,14.7202,,157.8,,26.44
4221,14.724,,157.2,,26.16
4222,14.7278,,156.6,,25.88
4223,14.7316,,156,,25.6
4224,14.7351,,156.5,,25.4667
4225,14.7387,,157,,25.3333
4226,14.7422,,157.5,,25.2
4227,14.7457,,158,,25.0667
4228,14.7493,,158.5,,24.9333
4229,14.7528,,159,,24.8
4230,14.7564,,159.167,,24.6667
4231,14.7601,,159.333,,24.5333
4232,14.7637,,159.5,,24.4
4233,14.7673,,159.667,,24.2667
4234,14.7709,,159.833,,24.1333
4235,14.7745,,160,,24
4236,14.7783,,160,,24.1
4237,14.782,,160,,24.2
4238,14.7857,,160,,24.3
4239,14.7895,,160,,24.4
4240,14.7932,,160,,24.5
4241,14.7969,,160,,24.6
4242,14.8007,,160.167,,24.8667
4243,14.8045,,160.333,,25.1333
4244,14.8083,,160.5,,25.4
4245,14.812,,160.667,,25.6667
4246,14.8158,,160.833,,25.9333
4247,14.8196,,161,,26.2
4248,14.8232,,161,,26.4667
4249,14.8268,,161,,26.7333
4250,14.8305,,161,,27
4251,14.8341,,161,,27.2667
4252,14.8377,,161,,27.5333
4253,14.8413,,161,,27.8
4254,14.8448,,161.167,,27.9
4255,14.8483,,161.333,,28
4256,14.8518,,161.5,,28.1
4257,14.8553,,161.667,,28.2
4258,14.8588,,161.833,,28.3
4259,14.8622,,162,,28.4
4260,14.8659,,162,,28.5
4261,14.8695,,162,,28.6
4262,14.8731,,162,,28.7
4263,14.8767,,162,,28.8
4264,14.8804,,162,,28.9
4265,14.884,,162,,29
4266,14.8876,,162,,29.0333
4267,14.8912,,162,,29.0667
4268,14.8948,,162,,29.1
4269,14.8984,,162,,29.1333
4270,14.902,,162,,29.1667
4271,14.9056,,162,,29.2
4272,14.9092,,162,,29.1667
4273,14.9127,,162,,29.1333
4274,14.9163,,162,,29.1
4275,14.9199,,162,,29.0667
4276,14.9234,,162,,29.0333
4277,14.927,,162,,29
4278,14.9303,,161.833,,29
4279,14.9337,,161.667,,29
4280,14.937,,161.5,,29
4281,14.9403,,161.333,,29
4282,14.9437,,161.167,,29
4283,14.947,,161,,29
4284,14.9505,,161,,29
4285,14.9539,,161,,29
4286,14.9573,,161,,29
4287,14.9607,,161,,29
4288,14.9641,,161,,29
4289,14.9676,,161,,29
4290,14.9711,,161,,29
4291,14.9747,,161,,29
4292,14.9782,,161,,29
4293,14.9818,,161,,29
4294,14.9853,,161,,29
4295,14.9889,,161,,29
4296,14.9923,,160.75,,29
4297,14.9957,,160.5,,29
4298,14.9991,,160.25,,29
4299,15.0025,,160,,29
4300,15.006,,160,,29
4301,15.0095,,160,,29
4302,15.013,,160,,29
4303,15.0165,,160,,29
4304,15.02,,160,,29
4305,15.0235,,160,,29
4306,15.0272,,160.167,,28.9667
4307,15.0309,,160.333,,28.9333
4308,15.0346,,160.5,,28.9
4309,15.0383,,160.667,,28.8667
4310,15.042,,160.833,,28.8333
4311,15.0457,,161,,28.8
4312,15.0492,,161.167,,28.8
4313,15.0528,,161.333,,28.8
4314,15.0563,,161.5,,28.8
4315,15.0598,,161.667,,28.8
4316,15.0634,,161.833,,28.8
4317,15.0669,,162,,28.8
4318,15.0698,,161.8,,28.8
4319,15.0727,,161.6,,28.8
4320,15.0756,,161.4,,28.8
4321,15.0786,,161.2,,28.8
4322,15.0815,,161,,28.8
4323,15.0851,,161,,28.8333
4324,15.0888,,161,,28.8667
4325,15.0924,,161,,28.9
4326,15.096,,161,,28.9333
4327,15.0997,,161,,28.9667
4328,15.1033,,161,,29
4329,15.1072,,161,,29.0667
4330,15.1111,,161,,29.1333
4331,15.1149,,161,,29.2
4332,15.1188,,161,,29.2667
4333,15.1227,,161,,29.3333
4334,15.1265,,161,,29.4
4335,15.1303,,160.833,,29.4333
4336,15.1341,,160.667,,29.4667
4337,15.1379,,160.5,,29.5
4338,15.1417,,160.333,,29.5333
4339,15.1455,,160.167,,29.5667
4340,15.1492,,160,,29.6
4341,15.1533,,160.2,,29.64
4342,15.1573,,160.4,,29.68
4343,15.1613,,160.6,,29.72
4344,15.1653,,160.8,,29.76
4345,15.1693,,161,,29.8
4346,15.173,,161.167,,29.8333
4347,15.1766,,161.333,,29.8667
4348,15.1802,,161.5,,29.9
4349,15.1838,,161.667,,29.9333
4350,15.1874,,161.833,,29.9667
4351,15.191,,162,,30
4352,15.1948,,162,,30.0333
4353,15.1986,,162,,30.0667
4354,15.2024,,162,,30.1
4355,15.2061,,162,,30.1333
4356,15.2099,,162,,30.1667
4357,15.2137,,162,,30.2
4358,15.2173,,162,,30.3
4359,15.2208,,162,,30.4
4360,15.2244,,162,,30.5
4361,15.2279,,162,,30.6
4362,15.2315,,162,,30.7
4363,15.235,,162,,30.8
4364,15.2388,,161.833,,31
4365,15.2425,,161.667,,31.2
4366,15.2462,,161.5,,31.4
4367,15.25,,161.333,,31.6
4368,15.2537,,161.167,,31.8
4369,15.2575,,161,,32
4370,15.2611,,160.833,,32.1333
4371,15.2647,,160.667,,32.2667
4372,15.2683,,160.5,,32.4
4373,15.2719,,160.333,,32.5333
4374,15.2756,,160.167,,32.6667
4375,15.2792,,160,,32.8
4376,15.2829,,160.333,,32.9
4377,15.2866,,160.667,,33
4378,15.2903,,161,,33.1
4379,15.2941,,161.333,,33.2
4380,15.2978,,161.667,,33.3
4381,15.3015,,162,,33.4
4382,15.3046,,162,,33.5143
4383,15.3077,,162,,33.6286
4384,15.3108,,162,,33.7429
4385,15.3139,,162,,33.8571
4386,15.317,,162,,33.9714
4387,15.32,,162,,34.0857
4388,15.3231,,162,,34.2
4389,15.3269,,162,,34.1667
4390,15.3307,,162,,34.1333
4391,15.3344,,162,,34.1
4392,15.3382,,162,,34.0667
4393,15.3419,,162,,34.0333
4394,15.3457,,162,,34
4395,15.3495,,162.333,,34.1333
4396,15.3534,,162.667,,34.2667
4397,15.3572,,163,,34.4
4398,15.3611,,163.333,,34.5333
4399,15.3649,,163.667,,34.6667
4400,15.3688,,164,,34.8
4401,15.3727,,164,,34.8667
4402,15.3766,,164,,34.9333
4403,15.3805,,164,,35
4404,15.3844,,164,,35.0667
4405,15.3883,,164,,35.1333
4406,15.3922,,164,,35.2
4407,15.3955,,164,,35.3
4408,15.3989,,164,,35.4
4409,15.4023,,164,,35.5
4410,15.4056,,164,,35.6
4411,15.409,,164,,35.7
4412,15.4123,,164,,35.8
4413,15.4152,,164,,35.8286
4414,15.4181,,164,,35.8571
4415,15.4209,,164,,35.8857
4416,15.4238,,164,,35.9143
4417,15.4266,,164,,35.9429
4418,15.4295,,164,,35.9714
4419,15.4324,,164,,36
4420,15.4358,,163.833,,35.9667
4421,15.4393,,163.667,,35.9333
4422,15.4427,,163.5,,35.9
4423,15.4462,,163.333,,35.8667
4424,15.4496,,163.167,,35.8333
4425,15.453,,163,,35.8
4426,15.4568,,163,,35.5
4427,15.4606,,163,,35.2
4428,15.4643,,163,,34.9
4429,15.4681,,163,,34.6
4430,15.4719,,163,,34.3
4431,15.4756,,163,,34
4432,15.4792,,163.167,,33.9667
4433,15.4828,,163.333,,33.9333
4434,15.4863,,163.5,,33.9
4435,15.4899,,163.667,,33.8667
4436,15.4935,,163.833,,33.8333
4437,15.4971,,164,,33.8
4438,15.4998,,163.875,,33.9
4439,15.5025,,163.75,,34
4440,15.5053,,163.625,,34.1
4441,15.508,,163.5,,34.2
4442,15.5107,,163.375,,34.3
4443,15.5135,,163.25,,34.4
4444,15.5162,,163.125,,34.5
4445,15.519,,163,,34.6
4446,15.522,,163,,34.6857
4447,15.525,,163,,34.7714
4448,15.528,,163,,34.8571
4449,15.531,,163,,34.9429
4450,15.534,,163,,35.0286
4451,15.5371,,163,,35.1143
4452,15.5401,,163,,35.2
4453,15.5433,,163,,35.3143
4454,15.5465,,163,,35.4286
4455,15.5497,,163,,35.5429
4456,15.5529,,163,,35.6571
4457,15.5561,,163,,35.7714
4458,15.5593,,163,,35.8857
4459,15.5625,,163,,36
4460,15.5664,,163.167,,36.1667
4461,15.5704,,163.333,,36.3333
4462,15.5743,,163.5,,36.5
4463,15.5783,,163.667,,36.6667
4464,15.5822,,163.833,,36.8333
4465,15.5861,,164,,37
4466,15.5902,,164,,37
4467,15.5943,,164,,37
4468,15.5984,,164,,37
4469,15.6025,,164,,37
4470,15.6065,,164,,37
4471,15.6112,,164,,36.84
4472,15.6159,,164,,36.68
4473,15.6206,,164,,36.52
4474,15.6253,,164,,36.36
4475,15.63,,164,,36.2
4476,15.6332,,163.714,,35.9714
4477,15.6364,,163.429,,35.7429
4478,15.6396,,163.143,,35.5143
4479,15.6428,,162.857,,35.2857
4480,15.646,,162.571,,35.0571
4481,15.6491,,162.286,,34.8286
4482,15.6523,,162,,34.6
4483,15.6557,,162.167,,34.5333
4484,15.6591,,162.333,,34.4667
4485,15.6625,,162.5,,34.4
4486,15.6659,,162.667,,34.3333
4487,15.6693,,162.833,,34.2667
4488,15.6727,,163,,34.2
4489,15.6764,,163,,33.8
4490,15.6802,,163,,33.4
4491,15.684,,163,,33
4492,15.6877,,163,,32.6
4493,15.6915,,163,,32.2
4494,15.6952,,163,,31.8
4495,15.6991,,163,,31.4
4496,15.703,,163,,31
4497,15.7069,,163,,30.6
4498,15.7107,,163,,30.2
4499,15.7146,,163,,29.8
4500,15.7185,,163,,29.4
4501,15.7221,,162.833,,29.0333
4502,15.7257,,162.667,,28.6667
4503,15.7294,,162.5,,28.3
4504,15.733,,162.333,,27.9333
4505,15.7366,,162.167,,27.5667
4506,15.7402,,162,,27.2
4507,15.7437,,162.167,,27.0667
4508,15.7471,,162.333,,26.9333
4509,15.7506,,162.5,,26.8
4510,15.754,,162.667,,26.6667
4511,15.7574,,162.833,,26.5333
4512,15.7609,,163,,26.4
4513,15.7644,,162.833,,26.2667
4514,15.768,,162.667,,26.1333
4515,15.7715,,162.5,,26
4516,15.775,,162.333,,25.8667
4517,15.7786,,162.167,,25.7333
4518,15.7821,,162,,25.6
4519,15.7854,,162.143,,25.4571
4520,15.7888,,162.286,,25.3143
4521,15.7921,,162.429,,25.1714
4522,15.7954,,162.571,,25.0286
4523,15.7987,,162.714,,24.8857
4524,15.802,,162.857,,24.7429
4525,15.8053,,163,,24.6
4526,15.8087,,163,,24.5333
4527,15.812,,163,,24.4667
4528,15.8154,,163,,24.4
4529,15.8187,,163,,24.3333
4530,15.8221,,163,,24.2667
4531,15.8254,,163,,24.2
4532,15.8287,,162.857,,24.1429
4533,15.8319,,162.714,,24.0857
4534,15.8352,,162.571,,24.0286
4535,15.8384,,162.429,,23.9714
4536,15.8417,,162.286,,23.9143
4537,15.8449,,162.143,,23.8571
4538,15.8482,,162,,23.8
4539,15.8516,,162,,23.7333
4540,15.855,,162,,23.6667
4541,15.8585,,162,,23.6
4542,15.8619,,162,,23.5333
4543,15.8653,,162,,23.4667
4544,15.8687,,162,,23.4
4545,15.8722,,162,,23.3333
4546,15.8756,,162,,23.2667
4547,15.879,,162,,23.2
4548,15.8825,,162,,23.1333
4549,15.8859,,162,,23.0667
4550,15.8893,,162,,23
4551,15.8928,,161.833,,22.9667
4552,15.8963,,161.667,,22.9333
4553,15.8998,,161.5,,22.9
4554,15.9032,,161.333,,22.8667
4555,15.9067,,161.167,,22.8333
4556,15.9102,,161,,22.8
4557,15.9138,,161.167,,22.7333
4558,15.9174,,161.333,,22.6667
4559,15.9209,,161.5,,22.6
4560,15.9245,,161.667,,22.5333
4561,15.9281,,161.833,,22.4667
4562,15.9317,,162,,22.4
4563,15.9353,,162,,22.3333
4564,15.939,,162,,22.2667
4565,15.9427,,162,,22.2
4566,15.9464,,162,,22.1333
4567,15.9501,,162,,22.0667
4568,15.9538,,162,,22
4569,15.9573,,162,,21.9667
4570,15.9608,,162,,21.9333
4571,15.9644,,162,,21.9
4572,15.9679,,162,,21.8667
4573,15.9715,,162,,21.8333
4574,15.975,,162,,21.8
4575,15.9786,,162,,21.7
4576,15.9822,,162,,21.6
4577,15.9857,,162,,21.5
4578,15.9893,,162,,21.4
4579,15.9929,,162,,21.3
4580,15.9965,,162,,21.2
4581,16.0001,,162,,21.2
4582,16.0037,,162,,21.3333
4583,16.0074,,162,,21.4667
4584,16.011,,162,,21.6
4585,16.0147,,162,,21.7333
4586,16.0183,,162,,21.8667
4587,16.022,,162,,22
4588,16.0256,,162,,22.1333
4589,16.0292,,162,,22.2667
4590,16.0329,,162,,22.4
4591,16.0365,,162,,22.5333
4592,16.0401,,162,,22.6667
4593,16.0438,,162,,22.8
4594,16.0475,,162,,22.9333
4595,16.0512,,162,,23.0667
4596,16.055,,162,,23.2
4597,16.0587,,162,,23.3333
4598,16.0625,,162,,23.4667
4599,16.0662,,162,,23.6
4600,16.0699,,162,,23.7333
4601,16.0737,,162,,23.8667
4602,16.0775,,162,,24
4603,16.0812,,162,,24.1333
4604,16.085,,162,,24.2667
4605,16.0887,,162,,24.4
4606,16.0925,,162,,24.5667
4607,16.0962,,162,,24.7333
4608,16.1,,162,,24.9
4609,16.1038,,162,,25.0667
4610,16.1075,,162,,25.2333
4611,16.1113,,162,,25.4
4612,16.1152,,162,,25.5667
4613,16.1191,,162,,25.7333
4614,16.123,,162,,25.9
4615,16.1269,,162,,26.0667
4616,16.1308,,162,,26.2333
4617,16.1348,,162,,26.4
4618,16.1385,,162,,26.5667
4619,16.1421,,162,,26.7333
4620,16.1458,,162,,26.9
4621,16.1495,,162,,27.0667
4622,16.1532,,162,,27.2333
4623,16.1569,,162,,27.4
4624,16.1606,,162,,27.5667
4625,16.1644,,162,,27.7333
4626,16.1681,,162,,27.9
4627,16.1718,,162,,28.0667
4628,16.1755,,162,,28.2333
4629,16.1792,,162,,28.4
4630,16.1829,,162,,28.7
4631,16.1866,,162,,29
4632,16.1903,,162,,29.3
4633,16.194,,162,,29.6
4634,16.1977,,162,,29.9
4635,16.2015,,162,,30.2
4636,16.2051,,161.833,,30.2333
4637,16.2088,,161.667,,30.2667
4638,16.2125,,161.5,,30.3
4639,16.2162,,161.333,,30.3333
4640,16.2199,,161.167,,30.3667
4641,16.2236,,161,,30.4
4642,16.2275,,161.167,,30.1667
4643,16.2313,,161.333,,29.9333
4644,16.2351,,161.5,,29.7
4645,16.239,,161.667,,29.4667
4646,16.2428,,161.833,,29.2333
4647,16.2466,,162,,29
4648,16.2504,,162.167,,28.8
4649,16.2542,,162.333,,28.6
4650,16.2579,,162.5,,28.4
4651,16.2617,,162.667,,28.2
4652,16.2655,,162.833,,28
4653,16.2692,,163,,27.8
4654,16.2728,,163,,27.9333
4655,16.2764,,163,,28.0667
4656,16.28,,163,,28.2
4657,16.2836,,163,,28.3333
4658,16.2872,,163,,28.4667
4659,16.2908,,163,,28.6
4660,16.2945,,163,,28.7333
4661,16.2981,,163,,28.8667
4662,16.3018,,163,,29
4663,16.3055,,163,,29.1333
4664,16.3092,,163,,29.2667
4665,16.3129,,163,,29.4
4666,16.3166,,163,,29.4
4667,16.3204,,163,,29.4
4668,16.3241,,163,,29.4
4669,16.3279,,163,,29.4
4670,16.3316,,163,,29.4
4671,16.3353,,163,,29.4
4672,16.3391,,163.167,,29.4
4673,16.3429,,163.333,,29.4
4674,16.3467,,163.5,,29.4
4675,16.3505,,163.667,,29.4
4676,16.3543,,163.833,,29.4
4677,16.3581,,164,,29.4
4678,16.3615,,163.833,,29.4
4679,16.365,,163.667,,29.4
4680,16.3684,,163.5,,29.4
4681,16.3719,,163.333,,29.4
4682,16.3754,,163.167,,29.4
4683,16.3788,,163,,29.4
4684,16.3824,,163,,29.3333
4685,16.3861,,163,,29.2667
4686,16.3897,,163,,29.2
4687,16.3933,,163,,29.1333
4688,16.3969,,163,,29.0667
4689,16.4005,,163,,29
4690,16.4042,,162.833,,28.8
4691,16.4078,,162.667,,28.6
4692,16.4114,,162.5,,28.4
4693,16.4151,,162.333,,28.2
4694,16.4187,,162.167,,28
4695,16.4223,,162,,27.8
4696,16.4257,,162.333,,27.5333
4697,16.4291,,162.667,,27.2667
4698,16.4326,,163,,27
4699,16.436,,163.333,,26.7333
4700,16.4394,,163.667,,26.4667
4701,16.4428,,164,,26.2
4702,16.4463,,163.667,,26.0667
4703,16.4498,,163.333,,25.9333
4704,16.4533,,163,,25.8
4705,16.4568,,162.667,,25.6667
4706,16.4603,,162.333,,25.5333
4707,16.4638,,162,,25.4
4708,16.467,,161.714,,25.2286
4709,16.4702,,161.429,,25.0571
4710,16.4734,,161.143,,24.8857
4711,16.4767,,160.857,,24.7143
4712,16.4799,,160.571,,24.5429
4713,16.4831,,160.286,,24.3714
4714,16.4864,,160,,24.2
4715,16.4898,,159.833,,24.0333
4716,16.4933,,159.667,,23.8667
4717,16.4967,,159.5,,23.7
4718,16.5002,,159.333,,23.5333
4719,16.5037,,159.167,,23.3667
4720,16.5071,,159,,23.2
4721,16.5108,,159.333,,23.1667
4722,16.5145,,159.667,,23.1333
4723,16.5182,,160,,23.1
4724,16.5219,,160.333,,23.0667
4725,16.5256,,160.667,,23.0333
4726,16.5293,,161,,23
4727,16.533,,161.167,,23
4728,16.5368,,161.333,,23
4729,16.5405,,161.5,,23
4730,16.5442,,161.667,,23
4731,16.5479,,161.833,,23
4732,16.5516,,162,,23
4733,16.5554,,162.167,,23
4734,16.5591,,162.333,,23
4735,16.5629,,162.5,,23
4736,16.5667,,162.667,,23
4737,16.5704,,162.833,,23
4738,16.5742,,163,,23
4739,16.5778,,162.833,,23
4740,16.5814,,162.667,,23
4741,16.585,,162.5,,23
4742,16.5886,,162.333,,23
4743,16.5922,,162.167,,23
4744,16.5958,,162,,23
4745,16.5995,,162.333,,22.9667
4746,16.6032,,162.667,,22.9333
4747,16.6069,,163,,22.9
4748,16.6106,,163.333,,22.8667
4749,16.6143,,163.667,,22.8333
4750,16.618,,164,,22.8
4751,16.6215,,163.833,,22.7333
4752,16.6251,,163.667,,22.6667
4753,16.6286,,163.5,,22.6
4754,16.6322,,163.333,,22.5333
4755,16.6358,,163.167,,22.4667
4756,16.6393,,163,,22.4
4757,16.6431,,163,,22.3
4758,16.6469,,163,,22.2
4759,16.6506,,163,,22.1
4760,16.6544,,163,,22
4761,16.6582,,163,,21.9
4762,16.662,,163,,21.8
4763,16.6658,,162.833,,21.7
4764,16.6696,,162.667,,21.6
4765,16.6735,,162.5,,21.5
4766,16.6773,,162.333,,21.4
4767,16.6812,,162.167,,21.3
4768,16.685,,162,,21.2
4769,16.6887,,162.167,,21.1
4770,16.6923,,162.333,,21
4771,16.696,,162.5,,20.9
4772,16.6996,,162.667,,20.8
4773,16.7033,,162.833,,20.7
4774,16.707,,163,,20.6
4775,16.7103,,163,,20.5
4776,16.7137,,163,,20.4
4777,16.717,,163,,20.3
4778,16.7204,,163,,20.2
4779,16.7237,,163,,20.1
4780,16.7271,,163,,20
4781,16.7303,,162.857,,19.8286
4782,16.7335,,162.714,,19.6571
4783,16.7367,,162.571,,19.4857
4784,16.7399,,162.429,,19.3143
4785,16.7432,,162.286,,19.1429
4786,16.7464,,162.143,,18.9714
4787,16.7496,,162,,18.8
4788,16.7529,,162,,18.8571
4789,16.7561,,162,,18.9143
4790,16.7594,,162,,18.9714
4791,16.7626,,162,,19.0286
4792,16.7659,,162,,19.0857
4793,16.7692,,162,,19.1429
4794,16.7724,,162,,19.2
4795,16.7758,,162.143,,19.2
4796,16.7791,,162.286,,19.2
4797,16.7824,,162.429,,19.2
4798,16.7858,,162.571,,19.2
4799,16.7891,,162.714,,19.2
4800,16.7925,,162.857,,19.2
4801,16.7958,,163,,19.2
4802,16.7994,,163,,19.2
4803,16.803,,163,,19.2
4804,16.8065,,163,,19.2
4805,16.8101,,163,,19.2
4806,16.8137,,163,,19.2
4807,16.8173,,163,,19.2
4808,16.8209,,163,,19.2
4809,16.8245,,163,,19.2
4810,16.8281,,163,,19.2
4811,16.8318,,163,,19.2
4812,16.8354,,163,,19.2
4813,16.839,,163,,19.2
4814,16.8425,,163,,19.0333
4815,16.846,,163,,18.8667
4816,16.8495,,163,,18.7
4817,16.853,,163,,18.5333
4818,16.8565,,163,,18.3667
4819,16.86,,163,,18.2
4820,16.8635,,163,,18.2667
4821,16.8669,,163,,18.3333
4822,16.8704,,163,,18.4
4823,16.8738,,163,,18.4667
4824,16.8773,,163,,18.5333
4825,16.8808,,163,,18.6
4826,16.8841,,162.857,,18.7429
4827,16.8874,,162.714,,18.8857
4828,16.8907,,162.571,,19.0286
4829,16.8941,,162.429,,19.1714
4830,16.8974,,162.286,,19.3143
4831,16.9007,,162.143,,19.4571
4832,16.9041,,162,,19.6
4833,16.9076,,162,,19.8333
4834,16.9112,,162,,20.0667
4835,16.9148,,162,,20.3
4836,16.9183,,162,,20.5333
4837,16.9219,,162,,20.7667
4838,16.9255,,162,,21
4839,16.9293,,162,,21.3
4840,16.933,,162,,21.6
4841,16.9368,,162,,21.9
4842,16.9406,,162,,22.2
4843,16.9444,,162,,22.5
4844,16.9482,,162,,22.8
4845,16.952,,162,,23.0333
4846,16.9559,,162,,23.2667
4847,16.9597,,162,,23.5
4848,16.9636,,162,,23.7333
4849,16.9674,,162,,23.9667
4850,16.9713,,162,,24.2
4851,16.9751,,162.167,,24.1667
4852,16.9789,,162.333,,24.1333
4853,16.9827,,162.5,,24.1
4854,16.9866,,162.667,,24.0667
4855,16.9904,,162.833,,24.0333
4856,16.9942,,163,,24
4857,16.9983,,162.5,,23.7
4858,17.0024,,162,,23.4
4859,17.0062,,162.333,,23.2
4860,17.0099,,162.667,,23
4861,17.0136,,163,,22.8
4862,17.0173,,163.333,,22.6
4863,17.021,,163.667,,22.4
4864,17.0247,,164,,22.2
4865,17.0283,,164,,22
4866,17.0319,,164,,21.8
4867,17.0355,,164,,21.6
4868,17.0391,,164,,21.4
4869,17.0427,,164,,21.2
4870,17.0462,,164,,21
4871,17.0495,,164,,20.8857
4872,17.0528,,164,,20.7714
4873,17.056,,164,,20.6571
4874,17.0593,,164,,20.5429
4875,17.0625,,164,,20.4286
4876,17.0658,,164,,20.3143
4877,17.0691,,164,,20.2
4878,17.0731,,164.4,,20.16
4879,17.0771,,164.8,,20.12
4880,17.0812,,165.2,,20.08
4881,17.0852,,165.6,,20.04
4882,17.0893,,166,,20
4883,17.0932,,165.833,,20
4884,17.0972,,165.667,,20
4885,17.1011,,165.5,,20
4886,17.105,,165.333,,20
4887,17.109,,165.167,,20
4888,17.1129,,165,,20
4889,17.1169,,165.167,,19.9667
4890,17.1208,,165.333,,19.9333
4891,17.1248,,165.5,,19.9
4892,17.1287,,165.667,,19.8667
4893,17.1327,,165.833,,19.8333
4894,17.1366,,166,,19.8
4895,17.1401,,165.833,,19.8667
4896,17.1436,,165.667,,19.9333
4897,17.1471,,165.5,,20
4898,17.1506,,165.333,,20.0667
4899,17.1541,,165.167,,20.1333
4900,17.1576,,165,,20.2
4901,17.1612,,165,,20.3667
4902,17.1649,,165,,20.5333
4903,17.1685,,165,,20.7
4904,17.1722,,165,,20.8667
4905,17.1759,,165,,21.0333
4906,17.1795,,165,,21.2
4907,17.1829,,164.25,,21.55
4908,17.1863,,163.5,,21.9
4909,17.1898,,162.75,,22.25
4910,17.1932,,162,,22.6
4911,17.1967,,162,,22.9333
4912,17.2002,,162,,23.2667
4913,17.2038,,162,,23.6
4914,17.2073,,162,,23.9333
4915,17.2108,,162,,24.2667
4916,17.2143,,162,,24.6
4917,17.2179,,162.333,,24.9333
4918,17.2215,,162.667,,25.2667
4919,17.225,,163,,25.6
4920,17.2286,,163.333,,25.9333
4921,17.2321,,163.667,,26.2667
4922,17.2357,,164,,26.6
4923,17.2391,,164.167,,26.6667
4924,17.2424,,164.333,,26.7333
4925,17.2458,,164.5,,26.8
4926,17.2492,,164.667,,26.8667
4927,17.2525,,164.833,,26.9333
4928,17.2559,,165,,27
4929,17.2594,,164.833,,26.8
4930,17.2629,,164.667,,26.6
4931,17.2664,,164.5,,26.4
4932,17.2699,,164.333,,26.2
4933,17.2734,,164.167,,26
4934,17.2769,,164,,25.8
4935,17.2807,,164,,25.5333
4936,17.2846,,164,,25.2667
4937,17.2884,,164,,25
4938,17.2923,,164,,24.7333
4939,17.2961,,164,,24.4667
4940,17.3,,164,,24.2
4941,17.3036,,164,,24
4942,17.3073,,164,,23.8
4943,17.3109,,164,,23.6
4944,17.3145,,164,,23.4
4945,17.3182,,164,,23.2
4946,17.3218,,164,,23
4947,17.3255,,163.833,,22.8667
4948,17.3291,,163.667,,22.7333
4949,17.3327,,163.5,,22.6
4950,17.3364,,163.333,,22.4667
4951,17.34,,163.167,,22.3333
4952,17.3437,,163,,22.2
4953,17.3471,,163.333,,22.4
4954,17.3505,,163.667,,22.6
4955,17.3539,,164,,22.8
4956,17.3573,,164.333,,23
4957,17.3607,,164.667,,23.2
4958,17.3641,,165,,23.4
4959,17.3676,,164.667,,23.6333
4960,17.3712,,164.333,,23.8667
4961,17.3748,,164,,24.1
4962,17.3784,,163.667,,24.3333
4963,17.382,,163.333,,24.5667
4964,17.3855,,163,,24.8
4965,17.3896,,163.4,,24.96
4966,17.3937,,163.8,,25.12
4967,17.3977,,164.2,,25.28
4968,17.4018,,164.6,,25.44
4969,17.4059,,165,,25.6
4970,17.4099,,164.8,,25.64
4971,17.414,,164.6,,25.68
4972,17.4181,,164.4,,25.72
4973,17.4221,,164.2,,25.76
4974,17.4262,,164,,25.8
4975,17.4302,,164.167,,25.8333
4976,17.4342,,164.333,,25.8667
4977,17.4382,,164.5,,25.9
4978,17.4422,,164.667,,25.9333
4979,17.4461,,164.833,,25.9667
4980,17.4501,,165,,26
4981,17.454,,165,,25.9
4982,17.458,,165,,25.8
4983,17.4619,,165,,25.7
4984,17.4658,,165,,25.6
4985,17.4697,,165,,25.5
4986,17.4736,,165,,25.4
4987,17.4776,,165,,25.2
4988,17.4817,,165,,25
4989,17.4857,,165,,24.8
4990,17.4897,,165,,24.6
4991,17.4937,,165,,24.4
4992,17.4977,,165,,24.2
4993,17.5018,,165.4,,24.08
4994,17.5058,,165.8,,23.96
4995,17.5098,,166.2,,23.84
4996,17.5138,,166.6,,23.72
4997,17.5179,,167,,23.6
4998,17.5218,,167,,23.5667
4999,17.5256,,167,,23.5333
5000,17.5295,,167,,23.5
5001,17.5334,,167,,23.4667
5002,17.5373,,167,,23.4333
5003,17.5412,,167,,23.4
5004,17.5451,,167,,23.4
5005,17.5491,,167,,23.4
5006,17.5531,,167,,23.4
5007,17.557,,167,,23.4
5008,17.561,,167,,23.4
5009,17.5649,,167,,23.4
5010,17.5688,,167,,23.4
5011,17.5727,,167,,23.4
5012,17.5766,,167,,23.4
5013,17.5805,,167,,23.4
5014,17.5844,,167,,23.4
5015,17.5882,,167,,23.4
5016,17.5921,,167.333,,23.3667
5017,17.5959,,167.667,,23.3333
5018,17.5997,,168,,23.3
5019,17.6035,,168.333,,23.2667
5020,17.6073,,168.667,,23.2333
5021,17.6111,,169,,23.2
5022,17.6148,,168.833,,23.2
5023,17.6185,,168.667,,23.2
5024,17.6223,,168.5,,23.2
5025,17.626,,168.333,,23.2
5026,17.6298,,168.167,,23.2
5027,17.6335,,168,,23.2
5028,17.6374,,168.167,,23.1333
5029,17.6413,,168.333,,23.0667
5030,17.6452,,168.5,,23
5031,17.6491,,168.667,,22.9333
5032,17.653,,168.833,,22.8667
5033,17.6569,,169,,22.8
5034,17.6607,,168.833,,22.7333
5035,17.6646,,168.667,,22.6667
5036,17.6684,,168.5,,22.6
5037,17.6723,,168.333,,22.5333
5038,17.6761,,168.167,,22.4667
5039,17.68,,168,,22.4
5040,17.684,,168.167,,22.3667
5041,17.688,,168.333,,22.3333
5042,17.692,,168.5,,22.3
5043,17.6959,,168.667,,22.2667
5044,17.6999,,168.833,,22.2333
5045,17.7039,,169,,22.2
5046,17.7079,,169.333,,22.2667
5047,17.7119,,169.667,,22.3333
5048,17.7158,,170,,22.4
5049,17.7198,,170.333,,22.4667
5050,17.7237,,170.667,,22.5333
5051,17.7277,,171,,22.6
5052,17.7315,,171,,22.7
5053,17.7353,,171,,22.8
5054,17.7391,,171,,22.9
5055,17.7429,,171,,23
5056,17.7467,,171,,23.1
5057,17.7505,,171,,23.2
5058,17.7541,,171.167,,23.3
5059,17.7576,,171.333,,23.4
5060,17.7611,,171.5,,23.5
5061,17.7647,,171.667,,23.6
5062,17.7682,,171.833,,23.7
5063,17.7718,,172,,23.8
5064,17.7753,,171.833,,23.8
5065,17.7789,,171.667,,23.8
5066,17.7824,,171.5,,23.8
5067,17.786,,171.333,,23.8
5068,17.7895,,171.167,,23.8
5069,17.7931,,171,,23.8
5070,17.7967,,170.833,,23.7667
5071,17.8004,,170.667,,23.7333
5072,17.804,,170.5,,23.7
5073,17.8077,,170.333,,23.6667
5074,17.8114,,170.167,,23.6333
5075,17.815,,170,,23.6
5076,17.8189,,170,,23.5667
5077,17.8228,,170,,23.5333
5078,17.8267,,170,,23.5
5079,17.8306,,170,,23.4667
5080,17.8345,,170,,23.4333
5081,17.8384,,170,,23.4
5082,17.8422,,170,,23.3
5083,17.8461,,170,,23.2
5084,17.8499,,170,,23.1
5085,17.8538,,170,,23
5086,17.8576,,170,,22.9
5087,17.8615,,170,,22.8
5088,17.865,,170,,22.7333
5089,17.8685,,170,,22.6667
5090,17.872,,170,,22.6
5091,17.8755,,170,,22.5333
5092,17.879,,170,,22.4667
5093,17.8825,,170,,22.4
5094,17.8862,,169.667,,22.2667
5095,17.8899,,169.333,,22.1333
5096,17.8936,,169,,22
5097,17.8973,,168.667,,21.8667
5098,17.901,,168.333,,21.7333
5099,17.9047,,168,,21.6
5100,17.9085,,168,,21.4
5101,17.9124,,168,,21.2
5102,17.9162,,168,,21
5103,17.92,,168,,20.8
5104,17.9238,,168,,20.6
5105,17.9276,,168,,20.4
5106,17.9315,,168,,20.2667
5107,17.9353,,168,,20.1333
5108,17.9391,,168,,20
5109,17.943,,168,,19.8667
5110,17.9468,,168,,19.7333
5111,17.9506,,168,,19.6
5112,17.9547,,168,,19.84
5113,17.9588,,168,,20.08
5114,17.9629,,168,,20.32
5115,17.9671,,168,,20.56
5116,17.9712,,168,,20.8
5117,17.9752,,168,,21.08
5118,17.9792,,168,,21.36
5119,17.9833,,168,,21.64
5120,17.9873,,168,,21.92
5121,17.9914,,168,,22.2
5122,17.9952,,167.333,,22.4
5123,17.9991,,166.667,,22.6
5124,18.0029,,166,,22.8
5125,18.0066,,166.333,,22.8667
5126,18.0103,,166.667,,22.9333
5127,18.014,,167,,23
5128,18.0176,,167.333,,23.0667
5129,18.0213,,167.667,,23.1333
5130,18.025,,168,,23.2
5131,18.0288,,167.833,,23.0333
5132,18.0325,,167.667,,22.8667
5133,18.0363,,167.5,,22.7
5134,18.04,,167.333,,22.5333
5135,18.0438,,167.167,,22.3667
5136,18.0475,,167,,22.2
5137,18.0514,,167.167,,22.0667
5138,18.0553,,167.333,,21.9333
5139,18.0592,,167.5,,21.8
5140,18.0631,,167.667,,21.6667
5141,18.067,,167.833,,21.5333
5142,18.0709,,168,,21.4
5143,18.0746,,168.333,,21.2333
5144,18.0784,,168.667,,21.0667
5145,18.0821,,169,,20.9
5146,18.0859,,169.333,,20.7333
5147,18.0896,,169.667,,20.5667
5148,18.0933,,170,,20.4
5149,18.0972,,169,,20.2
5150,18.1011,,168,,20
5151,18.105,,167,,19.8
5152,18.1089,,167.167,,19.9
5153,18.1127,,167.333,,20
5154,18.1166,,167.5,,20.1
5155,18.1205,,167.667,,20.2
5156,18.1244,,167.833,,20.3
5157,18.1282,,168,,20.4
5158,18.132,,168.167,,20.4667
5159,18.1357,,168.333,,20.5333
5160,18.1394,,168.5,,20.6
5161,18.1432,,168.667,,20.6667
5162,18.1469,,168.833,,20.7333
5163,18.1507,,169,,20.8
5263,18.1507,,139,,21.2
5264,18.1518,,139,,21.2
5265,18.1541,,139.5,,21.3
5266,18.1564,,140,,21.4
5267,18.16,,140.333,,21.5
5268,18.1635,,140.667,,21.6
5269,18.1671,,141,,21.7
5270,18.1707,,141.333,,21.8
5271,18.1743,,141.667,,21.9
5272,18.1779,,142,,22
5273,18.1817,,141.25,,21.8
5274,18.1855,,140.5,,21.6
5275,18.1893,,139.75,,21.4
5276,18.1931,,139,,21.2
5277,18.197,,139.6,,21.08
5278,18.2009,,140.2,,20.96
5279,18.2049,,140.8,,20.84
5280,18.2088,,141.4,,20.72
5281,18.2127,,142,,20.6
5282,18.2163,,142,,20.4
5283,18.2204,,142.75,,20.1
5284,18.2245,,143.5,,19.8
5285,18.2286,,144.25,,19.5
5286,18.2327,,145,,19.2
5287,18.2369,,145.75,,19.05
5288,18.241,,146.5,,18.9
5289,18.2451,,147.25,,18.75
5290,18.2492,,148,,18.6
5291,18.2531,,148.5,,18.5
5292,18.2569,,149,,18.4
5293,18.2608,,149.5,,18.3
5294,18.2646,,150,,18.2
5295,18.2686,,150.167,,18.0333
5296,18.2725,,150.333,,17.8667
5297,18.2765,,150.5,,17.7
5298,18.2804,,150.667,,17.5333
5299,18.2844,,150.833,,17.3667
5300,18.2883,,151,,17.2
5301,18.2925,,151.6,,17.08
5302,18.2967,,152.2,,16.96
5303,18.3009,,152.8,,16.84
5304,18.3051,,153.4,,16.72
5305,18.3093,,154,,16.6
5306,18.3132,,154.333,,16.6667
5307,18.3171,,154.667,,16.7333
5308,18.3209,,155,,16.8
5309,18.3248,,155.333,,16.8667
5310,18.3287,,155.667,,16.9333
5311,18.3326,,156,,17
5312,18.3364,,156.167,,17.3
5313,18.3403,,156.333,,17.6
5314,18.3442,,156.5,,17.9
5315,18.348,,156.667,,18.2
5316,18.3519,,156.833,,18.5
5317,18.3558,,157,,18.8
5318,18.3596,,157.333,,19.1333
5319,18.3635,,157.667,,19.4667
5320,18.3673,,158,,19.8
5321,18.3712,,158.333,,20.1333
5322,18.375,,158.667,,20.4667
5323,18.3788,,159,,20.8
5324,18.3824,,159.167,,20.8667
5325,18.3859,,159.333,,20.9333
5326,18.3895,,159.5,,21
5327,18.393,,159.667,,21.0667
5328,18.3965,,159.833,,21.1333
5329,18.4001,,160,,21.2
5330,18.4039,,160.333,,21.0333
5331,18.4078,,160.667,,20.8667
5332,18.4116,,161,,20.7
5333,18.4155,,161.333,,20.5333
5334,18.4194,,161.667,,20.3667
5335,18.4232,,162,,20.2
5336,18.4271,,162.167,,20.2
5337,18.431,,162.333,,20.2
5338,18.435,,162.5,,20.2
5339,18.4389,,162.667,,20.2
5340,18.4428,,162.833,,20.2
5341,18.4467,,163,,20.2
5342,18.4504,,163.167,,20.2
5343,18.454,,163.333,,20.2
5344,18.4577,,163.5,,20.2
5345,18.4613,,163.667,,20.2
5346,18.465,,163.833,,20.2
5347,18.4687,,164,,20.2
5348,18.4726,,164.167,,20.0667
5349,18.4765,,164.333,,19.9333
5350,18.4803,,164.5,,19.8
5351,18.4842,,164.667,,19.6667
5352,18.4881,,164.833,,19.5333
5353,18.492,,165,,19.4
5354,18.4959,,165,,19.2667
5355,18.4997,,165,,19.1333
5356,18.5036,,165,,19
5357,18.5074,,165,,18.8667
5358,18.5112,,165,,18.7333
5359,18.5151,,165,,18.6
5360,18.5188,,165,,18.4
5361,18.5225,,165,,18.2
5362,18.5262,,165,,18
5363,18.5299,,165,,17.8
5364,18.5336,,165,,17.6
5365,18.5373,,165,,17.4
5366,18.5414,,165,,17.56
5367,18.5454,,165,,17.72
5368,18.5495,,165,,17.88
5369,18.5535,,165,,18.04
5370,18.5576,,165,,18.2
5371,18.5617,,165.2,,18.32
5372,18.5658,,165.4,,18.44
5373,18.5699,,165.6,,18.56
5374,18.574,,165.8,,18.68
5375,18.5781,,166,,18.8
5376,18.582,,166,,18.9
5377,18.5859,,166,,19
5378,18.5898,,166,,19.1
5379,18.5937,,166,,19.2
5380,18.5976,,166,,19.3
5381,18.6015,,166,,19.4
5382,18.6052,,166.167,,19.3333
5383,18.6089,,166.333,,19.2667
5384,18.6126,,166.5,,19.2
5385,18.6164,,166.667,,19.1333
5386,18.6201,,166.833,,19.0667
5387,18.6238,,167,,19
5388,18.6276,,166.833,,18.7667
5389,18.6314,,166.667,,18.5333
5390,18.6352,,166.5,,18.3
5391,18.639,,166.333,,18.0667
5392,18.6428,,166.167,,17.8333
5393,18.6466,,166,,17.6
5394,18.6503,,166,,17.4333
5395,18.6539,,166,,17.2667
5396,18.6576,,166,,17.1
5397,18.6613,,166,,16.9333
5398,18.6649,,166,,16.7667
5399,18.6686,,166,,16.6
5400,18.6722,,166,,16.6667
5401,18.6759,,166,,16.7333
5402,18.6795,,166,,16.8
5403,18.6832,,166,,16.8667
5404,18.6868,,166,,16.9333
5405,18.6905,,166,,17
5406,18.6944,,166.167,,16.9
5407,18.6983,,166.333,,16.8
5408,18.7022,,166.5,,16.7
5409,18.7061,,166.667,,16.6
5410,18.7099,,166.833,,16.5
5411,18.7138,,167,,16.4
5412,18.7178,,167,,16.2667
5413,18.7217,,167,,16.1333
5414,18.7257,,167,,16
5415,18.7296,,167,,15.8667
5416,18.7335,,167,,15.7333
5417,18.7375,,167,,15.6
5418,18.7416,,166.8,,15.8
5419,18.7457,,166.6,,16
5420,18.7498,,166.4,,16.2
5421,18.7539,,166.2,,16.4
5422,18.758,,166,,16.6
5423,18.7618,,166.167,,16.7333
5424,18.7656,,166.333,,16.8667
5425,18.7694,,166.5,,17
5426,18.7732,,166.667,,17.1333
5427,18.777,,166.833,,17.2667
5428,18.7808,,167,,17.4
5429,18.7841,,166.857,,17.3714
5430,18.7875,,166.714,,17.3429
5431,18.7908,,166.571,,17.3143
5432,18.7942,,166.429,,17.2857
5433,18.7975,,166.286,,17.2571
5434,18.8009,,166.143,,17.2286
5435,18.8043,,166,,17.2
5436,18.808,,166.333,,17.2667
5437,18.8117,,166.667,,17.3333
5438,18.8154,,167,,17.4
5439,18.8191,,167.333,,17.4667
5440,18.8228,,167.667,,17.5333
5441,18.8265,,168,,17.6
5442,18.83,,168,,17.6333
5443,18.8335,,168,,17.6667
5444,18.837,,168,,17.7
5445,18.8405,,168,,17.7333
5446,18.844,,168,,17.7667
5447,18.8475,,168,,17.8
5448,18.851,,167.667,,17.8333
5449,18.8544,,167.333,,17.8667
5450,18.8579,,167,,17.9
5451,18.8614,,166.667,,17.9333
5452,18.8649,,166.333,,17.9667
5453,18.8683,,166,,18
5454,18.8722,,165.833,,18.0667
5455,18.876,,165.667,,18.1333
5456,18.8799,,165.5,,18.2
5457,18.8838,,165.333,,18.2667
5458,18.8876,,165.167,,18.3333
5459,18.8915,,165,,18.4
5460,18.8952,,165.167,,18.4
5461,18.8989,,165.333,,18.4
5462,18.9026,,165.5,,18.4
5463,18.9063,,165.667,,18.4
5464,18.91,,165.833,,18.4
5465,18.9138,,166,,18.4
5466,18.9174,,166.167,,18.4
5467,18.9211,,166.333,,18.4
5468,18.9247,,166.5,,18.4
5469,18.9284,,166.667,,18.4
5470,18.9321,,166.833,,18.4
5471,18.9357,,167,,18.4
5472,18.9393,,166.667,,18.3333
5473,18.9429,,166.333,,18.2667
5474,18.9465,,166,,18.2
5475,18.95,,165.667,,18.1333
5476,18.9536,,165.333,,18.0667
5477,18.9572,,165,,18
5478,18.9611,,165.333,,17.9333
5479,18.9649,,165.667,,17.8667
5480,18.9688,,166,,17.8
5481,18.9727,,166.333,,17.7333
5482,18.9766,,166.667,,17.6667
5483,18.9805,,167,,17.6
5484,18.9843,,167,,17.5667
5485,18.9881,,167,,17.5333
5486,18.9919,,167,,17.5
5487,18.9958,,167,,17.4667
5488,18.9996,,167,,17.4333
5489,19.0034,,167,,17.4
5490,19.0067,,167,,17.3429
5491,19.01,,167,,17.2857
5492,19.0133,,167,,17.2286
5493,19.0166,,167,,17.1714
5494,19.0199,,167,,17.1143
5495,19.0232,,167,,17.0571
5496,19.0265,,167,,17
5497,19.0298,,166.857,,16.9714
5498,19.0331,,166.714,,16.9429
5499,19.0364,,166.571,,16.9143
5500,19.0397,,166.429,,16.8857
5501,19.043,,166.286,,16.8571
5502,19.0463,,166.143,,16.8286
5503,19.0496,,166,,16.8
5504,19.0533,,166.167,,16.7667
5505,19.0571,,166.333,,16.7333
5506,19.0608,,166.5,,16.7
5507,19.0646,,166.667,,16.6667
5508,19.0683,,166.833,,16.6333
5509,19.0721,,167,,16.6
5510,19.0755,,167,,16.5667
5511,19.0788,,167,,16.5333
5512,19.0822,,167,,16.5
5513,19.0856,,167,,16.4667
5514,19.089,,167,,16.4333
5515,19.0923,,167,,16.4
5516,19.0955,,167,,16.5143
5517,19.0986,,167,,16.6286
5518,19.1018,,167,,16.7429
5519,19.1049,,167,,16.8571
5520,19.108,,167,,16.9714
5521,19.1112,,167,,17.0857
5522,19.1143,,167,,17.2
5523,19.1179,,166.833,,17.2667
5524,19.1215,,166.667,,17.3333
5525,19.125,,166.5,,17.4
5526,19.1286,,166.333,,17.4667
5527,19.1322,,166.167,,17.5333
5528,19.1358,,166,,17.6
5529,19.1392,,166.167,,17.6667
5530,19.1427,,166.333,,17.7333
5531,19.1462,,166.5,,17.8
5532,19.1497,,166.667,,17.8667
5533,19.1532,,166.833,,17.9333
5534,19.1567,,167,,18
5535,19.1599,,166.714,,18.0857
5536,19.1631,,166.429,,18.1714
5537,19.1663,,166.143,,18.2571
5538,19.1695,,165.857,,18.3429
5539,19.1727,,165.571,,18.4286
5540,19.1759,,165.286,,18.5143
5541,19.1792,,165,,18.6
5542,19.1826,,165.167,,18.7
5543,19.1861,,165.333,,18.8
5544,19.1896,,165.5,,18.9
5545,19.193,,165.667,,19
5546,19.1965,,165.833,,19.1
5547,19.2,,166,,19.2
5548,19.2036,,165.833,,19.2667
5549,19.2073,,165.667,,19.3333
5550,19.2109,,165.5,,19.4
5551,19.2146,,165.333,,19.4667
5552,19.2182,,165.167,,19.5333
5553,19.2219,,165,,19.6
5554,19.2261,,165.2,,19.72
5555,19.2302,,165.4,,19.84
5556,19.2344,,165.6,,19.96
5557,19.2386,,165.8,,20.08
5558,19.2427,,166,,20.2
5559,19.2469,,165.8,,20.24
5560,19.251,,165.6,,20.28
5561,19.2552,,165.4,,20.32
5562,19.2594,,165.2,,20.36
5563,19.2635,,165,,20.4
5564,19.2675,,164.833,,20.3
5565,19.2714,,164.667,,20.2
5566,19.2754,,164.5,,20.1
5567,19.2794,,164.333,,20
5568,19.2833,,164.167,,19.9
5569,19.2873,,164,,19.8
5570,19.2913,,164.167,,19.7667
5571,19.2953,,164.333,,19.7333
5572,19.2993,,164.5,,19.7
5573,19.3033,,164.667,,19.6667
5574,19.3073,,164.833,,19.6333
5575,19.3112,,165,,19.6
5576,19.315,,165,,19.6667
5577,19.3188,,165,,19.7333
5578,19.3225,,165,,19.8
5579,19.3263,,165,,19.8667
5580,19.3301,,165,,19.9333
5581,19.3339,,165,,20
5582,19.3373,,165.143,,19.8286
5583,19.3407,,165.286,,19.6571
5584,19.3441,,165.429,,19.4857
5585,19.3474,,165.571,,19.3143
5586,19.3508,,165.714,,19.1429
5587,19.3542,,165.857,,18.9714
5588,19.3576,,166,,18.8
5589,19.3616,,166,,18.5667
5590,19.3655,,166,,18.3333
5591,19.3694,,166,,18.1
5592,19.3734,,166,,17.8667
5593,19.3773,,166,,17.6333
5594,19.3812,,166,,17.4
5595,19.3851,,166.167,,17.3
5596,19.389,,166.333,,17.2
5597,19.3929,,166.5,,17.1
5598,19.3967,,166.667,,17
5599,19.4006,,166.833,,16.9
5600,19.4045,,167,,16.8
5601,19.4079,,166.667,,16.8
5602,19.4114,,166.333,,16.8
5603,19.4149,,166,,16.8
5604,19.4184,,165.667,,16.8
5605,19.4219,,165.333,,16.8
5606,19.4254,,165,,16.8
5607,19.4288,,165.167,,16.7333
5608,19.4322,,165.333,,16.6667
5609,19.4355,,165.5,,16.6
5610,19.4389,,165.667,,16.5333
5611,19.4423,,165.833,,16.4667
5612,19.4457,,166,,16.4
5613,19.4493,,166.2,,16.36
5614,19.4529,,166.4,,16.32
5615,19.4565,,166.6,,16.28
5616,19.4601,,166.8,,16.24
5617,19.4637,,167,,16.2
5618,19.4667,,167,,16.2
5619,19.4697,,167,,16.2
5620,19.4727,,167,,16.2
5621,19.4751,,167,,16.3
5622,19.4776,,167,,16.4
5623,19.4798,,167,,16.52
5624,19.4821,,167,,16.64
5625,19.4843,,167,,16.76
5626,19.4866,,167,,16.88
5627,19.4889,,167,,17
