secs,km,power,hr,cad,alt
0,0,,81,,13
1,0.00285,,85,,12.6
2,0.00578,,87,,12.2
3,0.00919,,90,,12.2
4,0.01256,,94,,12
5,0.01561,,98,,11.6
6,0.01902,,103,,11.6
7,0.02225,,107,,11.2
8,0.02497,,112,,11.2
9,0.02808,,115,,11
10,0.03123,,119,,10.6
11,0.03433,,125,,10.2
12,0.03764,,127,,10
13,0.04128,,131,,9.4
14,0.04438,,131,,9.2
15,0.04772,,132,,9.2
16,0.05106,,138,,8.8
17,0.05434,,138,,8.4
18,0.05812,,133,,8.2
19,0.0618,,135,,7.8
20,0.06548,,137,,7.6
21,0.06919,,142,,7.4
22,0.07267,,148,,7.6
23,0.07614,,152,,7.8
24,0.07985,,157,,8
25,0.08316,,161,,8.2
26,0.08647,,163,,8.4
27,0.09002,,161,,8.2
28,0.09344,,156,,8.2
29,0.09677,,156,,8.2
30,0.10019,,152,,8.2
31,0.10339,,149,,8.2
32,0.10678,,150,,8.4
33,0.11024,,151,,8.4
34,0.11344,,148,,8.4
35,0.11701,,148,,8.2
36,0.12048,,146,,8
37,0.12368,,146,,8
38,0.12744,,146,,8
39,0.13103,,145,,7.8
40,0.13426,,146,,8.2
41,0.13787,,150,,8.2
42,0.14142,,149,,8.6
43,0.1448,,148,,9
44,0.14848,,145,,9
45,0.1521,,145,,9.2
46,0.1554,,138,,9.4
47,0.15901,,137,,9.6
48,0.16246,,137,,9.6
49,0.16552,,142,,9.4
50,0.16894,,147,,9
51,0.17241,,151,,9.2
52,0.17578,,156,,9.2
53,0.17939,,162,,9
54,0.1826,,167,,9
55,0.18584,,171,,8.8
56,0.18908,,167,,8.6
57,0.19175,,163,,8.2
58,0.19481,,162,,8.2
59,0.19793,,161,,7.8
60,0.20077,,162,,7.2
61,0.20383,,165,,7
62,0.2072,,165,,6.8
63,0.21038,,165,,7
64,0.2137,,165,,7.2
65,0.21704,,164,,7.2
66,0.22005,,163,,7.2
67,0.22331,,162,,7.4
68,0.2266,,161,,7.6
69,0.22959,,160,,7.4
70,0.23256,,159,,7.4
71,0.23593,,159,,7.6
72,0.23908,,157,,7.4
73,0.24209,,157,,7.4
74,0.24526,,156,,7.6
75,0.24851,,155,,7.6
76,0.25171,,154,,7.4
77,0.25497,,152,,7.2
78,0.25795,,152,,6.6
79,0.26093,,151,,6.4
80,0.26405,,150,,6
81,0.26691,,151,,5.8
82,0.27005,,151,,5.4
83,0.27365,,151,,5.2
84,0.27723,,151,,5
85,0.28084,,151,,4.8
86,0.28455,,151,,4.4
87,0.28797,,151,,4
88,0.29165,,151,,3.4
89,0.29528,,152,,3
90,0.2986,,152,,2.6
91,0.30202,,152,,2.2
92,0.30557,,152,,1.8
93,0.30862,,152,,1.6
94,0.31154,,151,,1.4
95,0.31477,,150,,0.8
96,0.31784,,150,,0.2
97,0.3211,,150,,0
98,0.32444,,150,,-0.2
99,0.32778,,150,,-0.2
100,0.33151,,150,,-0.2
101,0.3353,,150,,0
102,0.3389,,149,,0
103,0.34276,,148,,0.2
104,0.3464,,148,,0.6
105,0.34985,,146,,1.2
106,0.3539,,146,,1.8
107,0.35796,,145,,3
108,0.36152,,145,,4.2
109,0.36489,,145,,5.2
110,0.36833,,144,,5.4
111,0.37163,,144,,6.4
112,0.3753,,144,,7.4
113,0.37897,,143,,8.2
114,0.38246,,143,,9
115,0.38638,,143,,9.4
116,0.39019,,143,,9.4
117,0.3938,,143,,9.4
118,0.3976,,143,,9.6
119,0.40111,,144,,9.8
120,0.4043,,144,,10.4
121,0.40764,,145,,10.6
122,0.41086,,146,,10.8
123,0.41402,,146,,10.8
124,0.41757,,146,,10.8
125,0.42117,,145,,10.8
126,0.42462,,145,,10.8
127,0.42809,,145,,10.6
128,0.43114,,145,,10.6
129,0.43407,,144,,10.2
130,0.43724,,144,,10
131,0.44036,,145,,9.8
132,0.44354,,146,,10
133,0.44689,,146,,10
134,0.44975,,147,,9.8
135,0.45263,,148,,9.6
136,0.45585,,148,,9.4
137,0.45908,,148,,9
138,0.46246,,148,,8.8
139,0.46607,,148,,9
140,0.46952,,148,,8.8
141,0.47319,,148,,8.6
142,0.47672,,148,,8.6
143,0.48001,,148,,8.4
144,0.48382,,147,,7.8
145,0.4873,,147,,7.4
146,0.49053,,147,,7.4
147,0.49423,,147,,7
148,0.49786,,148,,6.6
149,0.50136,,149,,6.2
150,0.50481,,149,,6.2
151,0.50772,,149,,5.6
152,0.51053,,149,,5.2
153,0.51318,,149,,6.2
154,0.51595,,149,,6.8
155,0.51906,,148,,6.4
156,0.5224,,147,,6
157,0.52558,,146,,5.8
158,0.52878,,146,,5.6
159,0.53228,,145,,6
160,0.53559,,145,,6.2
161,0.53891,,145,,6.2
162,0.54258,,145,,6.6
163,0.54593,,145,,6.6
164,0.54923,,145,,6.4
165,0.55264,,144,,6.4
166,0.55578,,144,,6.8
167,0.55883,,144,,6.6
168,0.56217,,143,,6.8
169,0.56542,,143,,7
170,0.56862,,143,,7
171,0.57216,,143,,6.8
172,0.57551,,143,,7
173,0.57881,,143,,7
174,0.58241,,143,,7.2
175,0.5857,,143,,7
176,0.58895,,143,,7
177,0.59243,,143,,7.2
178,0.59568,,144,,7.4
179,0.59896,,144,,7.6
180,0.60246,,145,,7.8
181,0.60581,,147,,8
182,0.60922,,147,,8.2
183,0.61287,,148,,8.2
184,0.61623,,148,,8.4
185,0.61975,,148,,8.2
186,0.62346,,149,,8.2
187,0.6266,,149,,8
188,0.62994,,149,,7.6
189,0.63335,,150,,7.4
190,0.63671,,150,,7.4
191,0.64048,,150,,7.6
192,0.64405,,151,,7.4
193,0.64727,,151,,7.2
194,0.65089,,151,,7.2
195,0.65455,,151,,7
196,0.65803,,151,,7.2
197,0.66166,,151,,7
198,0.66509,,150,,6.6
199,0.66839,,150,,6.4
200,0.67182,,149,,6.2
201,0.67503,,149,,6
202,0.67826,,148,,5.8
203,0.68188,,147,,6
204,0.68528,,147,,5.8
205,0.68879,,146,,6.2
206,0.69266,,146,,6.6
207,0.69642,,146,,6.4
208,0.70024,,146,,6.6
209,0.70405,,145,,6.4
210,0.7077,,145,,6.6
211,0.71117,,145,,6.8
212,0.71478,,144,,6.6
213,0.71809,,144,,6.4
214,0.72143,,144,,6.4
215,0.72504,,144,,6.6
216,0.72848,,144,,6.6
217,0.73201,,144,,6.4
218,0.73572,,144,,6.2
219,0.7391,,144,,6.2
220,0.74259,,144,,6.2
221,0.74608,,145,,6
222,0.7493,,145,,6
223,0.75277,,145,,5.8
224,0.75618,,146,,5.6
225,0.75938,,145,,5.8
226,0.76283,,145,,6
227,0.76614,,145,,6
228,0.76935,,145,,6
229,0.77286,,145,,6
230,0.77618,,145,,6
231,0.77931,,145,,6.2
232,0.78261,,146,,6
233,0.78559,,145,,5.8
234,0.78856,,145,,5.6
235,0.79171,,145,,5.4
236,0.7946,,144,,5.2
237,0.79743,,143,,5.8
238,0.80038,,143,,6.4
239,0.80311,,143,,6.8
240,0.80626,,143,,6.6
241,0.8096,,142,,6.2
242,0.81302,,142,,6.2
243,0.81677,,142,,5.8
244,0.82043,,141,,5.6
245,0.82391,,141,,5.2
246,0.82734,,140,,4.4
247,0.83067,,140,,3.8
248,0.83393,,140,,3.6
249,0.83769,,140,,3.4
250,0.84124,,139,,3.4
251,0.84472,,139,,3.6
252,0.84858,,139,,3.8
253,0.85192,,139,,3.8
254,0.85525,,139,,4.2
255,0.85854,,139,,4.6
256,0.86181,,139,,4.8
257,0.86521,,139,,5
258,0.86888,,139,,4.8
259,0.87264,,140,,4.4
260,0.87658,,140,,3.8
261,0.87992,,140,,3.6
262,0.88302,,140,,3.2
263,0.88591,,140,,2.6
264,0.88995,,140,,1.2
265,0.89361,,140,,1
266,0.89726,,140,,1.8
267,0.90091,,140,,2.2
268,0.90452,,140,,2.8
269,0.90824,,140,,3.2
270,0.91211,,140,,3.8
271,0.91565,,140,,4.4
272,0.9192,,140,,4.6
273,0.92284,,140,,4.8
274,0.92664,,139,,4.8
275,0.93077,,139,,4.8
276,0.93493,,139,,4.6
277,0.9388,,139,,4.6
278,0.94287,,139,,4.6
279,0.9467,,140,,4.6
280,0.95078,,140,,4.8
281,0.95463,,140,,4.6
282,0.95818,,140,,4.6
283,0.96212,,141,,4.8
284,0.96614,,142,,4.6
285,0.96993,,142,,4.6
286,0.974,,143,,4.8
287,0.97774,,144,,4.8
288,0.9812,,144,,5
289,0.98434,,144,,5.2
290,0.98698,,145,,5.6
291,0.9897,,145,,6
292,0.99291,,145,,6.6
293,0.99627,,145,,6.8
294,0.99989,,146,,7
295,1.0033,,145,,7.4
296,1.0064,,145,,7.6
297,1.00962,,145,,7.8
298,1.01285,,145,,8.2
299,1.01594,,145,,8.6
300,1.01928,,144,,8.4
301,1.02244,,144,,8.8
302,1.02522,,145,,8.8
303,1.02821,,145,,9
304,1.03096,,146,,9.2
305,1.03359,,146,,9.2
306,1.03666,,147,,9
307,1.03959,,147,,8.6
308,1.04252,,147,,8
309,1.0454,,147,,7.4
310,1.04826,,147,,7.2
311,1.05128,,148,,6.6
312,1.05462,,148,,5.6
313,1.05736,,148,,5
314,1.05977,,147,,4
315,1.06227,,146,,3.4
316,1.06502,,145,,2.8
317,1.06809,,144,,1.4
318,1.07123,,142,,0.6
319,1.0738,,141,,0
320,1.07681,,138,,-0.2
321,1.08043,,137,,-1
322,1.08369,,136,,-1.2
323,1.08722,,135,,-1.6
324,1.09076,,134,,-1.6
325,1.09402,,134,,-2.2
326,1.09764,,132,,-2.6
327,1.10092,,132,,-3
328,1.10435,,131,,-3
329,1.10784,,130,,-3.4
330,1.11129,,130,,-3.2
331,1.11523,,129,,-2.6
332,1.11904,,130,,-2.4
333,1.12276,,130,,-2
334,1.12641,,130,,-1.6
335,1.13023,,131,,-1.4
336,1.13394,,131,,-0.8
337,1.1379,,132,,-0.4
338,1.14182,,133,,-0.2
339,1.14547,,133,,0.2
340,1.14937,,133,,1
341,1.15285,,134,,1.4
342,1.15629,,134,,1.6
343,1.15978,,134,,2
344,1.16317,,134,,2.2
345,1.16664,,134,,2.4
346,1.17006,,134,,2.8
347,1.1733,,134,,3
348,1.17673,,134,,3.2
349,1.18015,,135,,3.6
350,1.18338,,135,,3.8
351,1.18667,,136,,4
352,1.19002,,136,,4.4
353,1.19337,,137,,4.8
354,1.1969,,138,,5
355,1.20035,,138,,5
356,1.20373,,139,,5.2
357,1.20744,,139,,5.6
358,1.21111,,139,,5.8
359,1.21463,,138,,6
360,1.21827,,138,,6.2
361,1.22168,,137,,6.4
362,1.22508,,137,,6.2
363,1.22879,,137,,6
364,1.23227,,137,,5.6
365,1.23567,,138,,5.6
366,1.23921,,139,,5.6
367,1.24273,,139,,5.4
368,1.24635,,140,,5.2
369,1.24986,,140,,5.2
370,1.25317,,140,,5
371,1.25666,,140,,5
372,1.26012,,140,,4.6
373,1.2635,,140,,4.4
374,1.26707,,141,,4.2
375,1.27042,,141,,4.2
376,1.27378,,141,,4.2
377,1.27721,,141,,4.4
378,1.28048,,141,,4.6
379,1.28399,,142,,4.6
380,1.28758,,142,,4.6
381,1.29121,,142,,4.8
382,1.29494,,142,,4.6
383,1.29855,,142,,4.6
384,1.30212,,142,,4.4
385,1.306,,142,,4.2
386,1.30973,,142,,4
387,1.3136,,142,,3.4
388,1.31764,,141,,3.2
389,1.32147,,141,,3
390,1.32532,,140,,2.4
391,1.32915,,140,,2.2
392,1.33288,,140,,1.6
393,1.33683,,140,,1.4
394,1.34051,,140,,1.4
395,1.34398,,140,,1.2
396,1.34729,,140,,1.2
397,1.35059,,140,,1.2
398,1.35406,,140,,1.2
399,1.35758,,140,,1
400,1.36119,,140,,0.8
401,1.3648,,140,,0.6
402,1.36848,,141,,0.6
403,1.37244,,141,,0.4
404,1.37626,,142,,0.2
405,1.37994,,142,,0.2
406,1.38365,,142,,0
407,1.38706,,143,,-0.2
408,1.39032,,143,,-0.4
409,1.39372,,143,,-0.6
410,1.397,,143,,-0.8
411,1.3999,,143,,-1
412,1.40325,,144,,-1
413,1.40657,,144,,0
414,1.41001,,144,,0.6
415,1.41327,,144,,0.2
416,1.41616,,144,,0.8
417,1.41823,,143,,1.2
418,1.42079,,143,,1
419,1.42357,,142,,0.8
420,1.42603,,142,,1.6
421,1.42854,,142,,0.6
422,1.43163,,141,,0.4
423,1.43485,,141,,1.2
424,1.43809,,141,,1.8
425,1.44133,,141,,2.4
426,1.44454,,140,,2.8
427,1.44804,,141,,3.2
428,1.45185,,141,,3.6
429,1.45516,,141,,3.8
430,1.45833,,141,,3.6
431,1.46151,,141,,3.6
432,1.46496,,141,,3.8
433,1.46837,,141,,3.8
434,1.4717,,141,,4
435,1.47524,,141,,3.8
436,1.47873,,142,,3.8
437,1.48214,,142,,4
438,1.48562,,142,,4.4
439,1.4889,,143,,4.4
440,1.49225,,143,,4
441,1.4958,,143,,4.2
442,1.49917,,143,,4.2
443,1.50259,,143,,4.2
444,1.50604,,142,,4.2
445,1.50933,,142,,4.6
446,1.51281,,142,,4.8
447,1.5163,,142,,5
448,1.51973,,142,,5.4
449,1.52326,,142,,5.6
450,1.52654,,143,,5.8
451,1.52978,,142,,6.4
452,1.5331,,142,,6.4
453,1.53631,,142,,6.4
454,1.53959,,141,,6.2
455,1.54316,,141,,6
456,1.54658,,141,,5.8
457,1.55017,,141,,5.4
458,1.55374,,141,,5.2
459,1.55722,,141,,5
460,1.56086,,141,,4.8
461,1.56424,,141,,4.6
462,1.56768,,141,,4.4
463,1.57145,,141,,4.6
464,1.57511,,141,,4.6
465,1.57896,,141,,4.6
466,1.58278,,141,,4.6
467,1.58626,,141,,4.6
468,1.58968,,140,,4.4
469,1.59272,,140,,4.4
470,1.59565,,140,,4.4
471,1.59885,,141,,4.6
472,1.60192,,141,,4.4
473,1.60482,,141,,4.2
474,1.6077,,141,,4.2
475,1.61029,,141,,4.2
476,1.6121,,141,,4.4
477,1.61291,,141,,4.4
478,1.61523,,142,,5
479,1.61716,,142,,4.8
480,1.61954,,142,,4.6
481,1.62201,,139,,4.4
482,1.62467,,139,,4.4
483,1.6279,,139,,4.6
484,1.6314,,139,,4.8
485,1.63446,,140,,4.8
486,1.63729,,142,,4.4
487,1.64011,,144,,4.4
488,1.64303,,146,,4.2
489,1.64637,,147,,4.2
490,1.64979,,148,,4.2
491,1.65324,,149,,4.2
492,1.65688,,150,,4.2
493,1.66045,,151,,4
494,1.66396,,152,,3.8
495,1.66758,,152,,3.4
496,1.67112,,153,,3.4
497,1.6747,,154,,3.6
498,1.67863,,155,,3.8
499,1.68238,,156,,3.8
500,1.68605,,156,,4
501,1.68964,,156,,3.8
502,1.69297,,156,,3.6
503,1.69632,,156,,3.4
504,1.69979,,156,,3.6
505,1.7033,,157,,3.6
506,1.70678,,157,,3.4
507,1.70996,,157,,3.2
508,1.71293,,156,,2.8
509,1.71616,,156,,2.8
510,1.7193,,155,,2.8
511,1.72271,,154,,2.8
512,1.72647,,154,,2.8
513,1.73002,,154,,3
514,1.73389,,154,,3
515,1.73776,,154,,3
516,1.74161,,154,,3.6
517,1.74537,,154,,3.8
518,1.74907,,153,,3.8
519,1.75274,,152,,4
520,1.75658,,152,,3.4
521,1.76032,,151,,3.2
522,1.76404,,150,,2.8
523,1.76802,,150,,2.6
524,1.77189,,150,,2.6
525,1.77563,,150,,2.8
526,1.77944,,150,,2.6
527,1.78279,,150,,2.6
528,1.7861,,150,,2.8
529,1.78949,,150,,3.2
530,1.79278,,150,,3.2
531,1.7964,,150,,3.4
532,1.80015,,150,,3.6
533,1.80387,,149,,4
534,1.80759,,149,,4
535,1.81092,,149,,3.8
536,1.81441,,150,,3.8
537,1.8179,,150,,4.2
538,1.82134,,150,,4.8
539,1.82521,,150,,4.6
540,1.829,,150,,4.4
541,1.83312,,149,,3.8
542,1.83758,,147,,3.8
543,1.8415,,146,,3.2
544,1.84507,,145,,3.2
545,1.84859,,143,,3.6
546,1.85204,,142,,3.6
547,1.85572,,141,,4
548,1.85948,,141,,4
549,1.86323,,140,,4.2
550,1.86728,,139,,3.4
551,1.8712,,138,,3.6
552,1.87506,,138,,3.8
553,1.87886,,137,,3.8
554,1.88267,,137,,4
555,1.88678,,137,,3.8
556,1.89114,,137,,4.2
557,1.89509,,137,,4
558,1.8991,,138,,3.8
559,1.903,,138,,3.8
560,1.90708,,138,,3.8
561,1.91117,,138,,4.4
562,1.91531,,138,,4.6
563,1.91965,,139,,5.2
564,1.92342,,139,,5.8
565,1.92683,,139,,6.4
566,1.93051,,138,,6.6
567,1.93396,,138,,6.6
568,1.93737,,137,,6.8
569,1.94098,,137,,7
570,1.94448,,137,,7.4
571,1.94825,,137,,7.2
572,1.95201,,137,,7.8
573,1.95575,,138,,7.6
574,1.95938,,138,,8
575,1.96272,,138,,8
576,1.9657,,139,,7.6
577,1.96904,,139,,7.4
578,1.97266,,139,,7
579,1.97677,,140,,6.8
580,1.98068,,140,,7.2
581,1.98504,,140,,7
582,1.98913,,140,,6.8
583,1.99296,,140,,6.8
584,1.99698,,141,,6
585,2.0009,,141,,5.4
586,2.00535,,141,,4.4
587,2.00955,,141,,3.8
588,2.01355,,140,,3
589,2.01744,,140,,2
590,2.02124,,140,,1.6
591,2.02471,,141,,2
592,2.02841,,141,,1.6
593,2.03187,,142,,1.2
594,2.03582,,143,,0.8
595,2.03978,,143,,0.6
596,2.04382,,144,,0
597,2.04788,,144,,-0.4
598,2.0517,,144,,-1
599,2.05527,,143,,-1.2
600,2.05888,,143,,-1.6
601,2.06209,,143,,-1.6
602,2.06551,,143,,-1.8
603,2.06928,,144,,-1.8
604,2.07339,,144,,-2.2
605,2.07704,,145,,-2.2
606,2.08028,,146,,-2
607,2.08327,,146,,-1.4
608,2.08588,,146,,-1.2
609,2.08763,,146,,-1.4
610,2.08905,,146,,-1.2
611,2.09037,,145,,-1.4
612,2.09174,,145,,-1.4
613,2.0929,,144,,-1.6
614,2.09426,,144,,-1.2
615,2.09582,,143,,-0.8
616,2.09724,,142,,-0.8
617,2.09871,,141,,-0.6
618,2.10022,,141,,-0.2
619,2.10153,,140,,-0.4
620,2.10241,,139,,-0.2
621,2.10322,,139,,-0.6
622,2.10414,,139,,-1
623,2.1056,,138,,-0.4
624,2.10765,,138,,-0.2
625,2.1095,,138,,-0.4
626,2.11092,,138,,-0.8
627,2.11223,,139,,-1
628,2.11344,,139,,-1
629,2.11459,,139,,-1
630,2.11561,,140,,-0.8
631,2.11698,,140,,-1
632,2.11833,,140,,-1
633,2.11975,,141,,-1.4
634,2.12108,,141,,-1.4
635,2.12213,,141,,-1.6
636,2.12329,,142,,-1.8
637,2.12434,,142,,-1.8
638,2.12532,,141,,-1.8
639,2.12563,,141,,-1.6
640,2.12608,,141,,-1.2
641,2.12647,,140,,-1
642,2.1268,,139,,-0.8
643,2.12705,,138,,-0.6
644,2.12705,,138,,-0.6
645,2.12705,,137,,-0.4
646,2.12705,,137,,-0.4
647,2.12705,,137,,0
648,2.12705,,137,,0
649,2.12706,,137,,0
650,2.12707,,137,,0
651,2.12707,,138,,0
652,2.12707,,138,,0
653,2.12712,,138,,0
654,2.12712,,138,,0
655,2.12712,,138,,0
656,2.12713,,138,,0
657,2.12714,,137,,0
658,2.12718,,136,,0
659,2.12718,,135,,0
660,2.1272,,134,,0
661,2.12721,,133,,0
662,2.12721,,132,,0.2
663,2.12721,,131,,0
664,2.12721,,131,,0.2
665,2.12721,,130,,0
666,2.12722,,129,,0
667,2.12722,,128,,0.2
668,2.12722,,128,,0.2
669,2.12723,,127,,0
670,2.12725,,127,,0
671,2.12725,,126,,0
672,2.12725,,125,,0
673,2.12727,,124,,0
674,2.12732,,124,,0
675,2.12732,,123,,0
676,2.12732,,123,,0
677,2.12732,,122,,0
678,2.12735,,121,,0
679,2.12735,,120,,0
680,2.12735,,119,,0
681,2.1275,,118,,0.2
682,2.1275,,117,,0.2
683,2.1275,,116,,0.2
684,2.12783,,115,,0
685,2.1285,,114,,0
686,2.1293,,114,,0.2
687,2.12996,,113,,0.2
688,2.1304,,112,,0.2
689,2.1311,,111,,0.2
690,2.13163,,111,,0.4
691,2.13255,,110,,0.4
692,2.13413,,109,,0.8
693,2.13607,,109,,1
694,2.13803,,108,,1.2
695,2.1399,,108,,1.4
696,2.14183,,107,,1.6
697,2.14362,,107,,2
698,2.14528,,101,,2.4
699,2.14635,,102,,2.8
700,2.1475,,102,,3.2
701,2.14918,,103,,3.2
702,2.15058,,104,,3.4
703,2.152,,104,,3.4
704,2.15347,,104,,3.6
705,2.15477,,104,,3.6
706,2.15613,,104,,3.4
707,2.15752,,103,,3.4
708,2.15926,,103,,2.6
709,2.16101,,103,,2.4
710,2.16264,,103,,2.4
711,2.16441,,103,,2.8
712,2.16596,,103,,2.8
713,2.16732,,104,,2.4
714,2.16859,,104,,2
715,2.1702,,104,,2
716,2.17178,,103,,2
717,2.17328,,103,,2.2
718,2.17487,,103,,2.6
719,2.17637,,102,,2.8
720,2.17785,,102,,3.4
721,2.18009,,103,,3.4
722,2.1828,,104,,3.6
723,2.18573,,104,,3.4
724,2.18889,,105,,3.4
725,2.19244,,105,,3.4
726,2.19596,,104,,4.2
727,2.2,,105,,4.8
728,2.20409,,105,,5
729,2.20802,,102,,5.4
730,2.21221,,104,,5.4
731,2.21622,,109,,5.6
732,2.22031,,111,,6
733,2.22419,,111,,6
734,2.22843,,111,,6
735,2.23256,,112,,6
736,2.23657,,112,,6.2
737,2.2406,,114,,6.4
738,2.24418,,119,,6.6
739,2.2479,,123,,6.8
740,2.25143,,127,,6.8
741,2.25503,,134,,7.2
742,2.25879,,138,,7.4
743,2.26219,,138,,7.4
744,2.26561,,140,,7.8
745,2.26922,,141,,8
746,2.27261,,143,,8.2
747,2.27588,,144,,7.8
748,2.27924,,144,,7.6
749,2.28304,,146,,8
750,2.28691,,146,,8.2
751,2.29056,,145,,8
752,2.29435,,143,,8
753,2.29827,,144,,7.6
754,2.30214,,146,,7.8
755,2.30543,,144,,7.2
756,2.30801,,145,,7
757,2.3107,,148,,6.6
758,2.31381,,148,,6.2
759,2.31743,,144,,6.4
760,2.32123,,141,,6.6
761,2.32522,,143,,7
762,2.32942,,141,,7
763,2.33312,,140,,7.2
764,2.33702,,138,,7.6
765,2.34086,,140,,7.6
766,2.34447,,140,,8
767,2.34812,,140,,8.2
768,2.35152,,139,,8.4
769,2.35525,,141,,9.2
770,2.35875,,141,,9.6
771,2.36215,,137,,9.6
772,2.36564,,132,,10.2
773,2.36915,,130,,10.6
774,2.37267,,131,,10.8
775,2.37624,,134,,11.4
776,2.37996,,137,,11.6
777,2.38377,,140,,12.4
778,2.38742,,145,,12.8
779,2.39119,,147,,13.6
780,2.39518,,147,,14.6
781,2.39897,,148,,15
782,2.40286,,145,,15.8
783,2.40656,,140,,16.2
784,2.41002,,140,,16.8
785,2.41363,,138,,17.4
786,2.41711,,138,,17.8
787,2.42064,,134,,17.8
788,2.42429,,136,,18.2
789,2.42791,,139,,18.2
790,2.43169,,138,,18.6
791,2.43532,,139,,18.6
792,2.43916,,142,,18.8
793,2.443,,143,,19
794,2.4466,,142,,19.4
795,2.45054,,142,,19
796,2.45437,,142,,18.8
797,2.45804,,142,,18.4
798,2.46185,,142,,18.6
799,2.46555,,142,,18.8
800,2.4695,,142,,18.8
801,2.47338,,142,,18.6
802,2.47721,,142,,18.6
803,2.48111,,142,,18.8
804,2.48516,,142,,18.2
805,2.48931,,143,,17.8
806,2.49309,,143,,17.8
807,2.4968,,143,,17
808,2.5007,,143,,16.2
809,2.50443,,143,,15.6
810,2.50839,,143,,14.4
811,2.51202,,143,,13.8
812,2.51577,,144,,13.4
813,2.51971,,144,,13
814,2.52372,,144,,12.2
815,2.52803,,144,,11.4
816,2.53211,,144,,10.6
817,2.53595,,144,,10
818,2.54014,,144,,9.2
819,2.54406,,144,,8.8
820,2.54798,,144,,8
821,2.55187,,145,,7.2
822,2.55568,,145,,7
823,2.55953,,145,,6.8
824,2.56345,,145,,6.4
825,2.56743,,145,,6.2
826,2.57128,,145,,5.6
827,2.57502,,144,,5.4
828,2.57894,,144,,5.2
829,2.58276,,144,,4.8
830,2.58678,,144,,4.6
831,2.5906,,144,,4.8
832,2.59409,,143,,4.6
833,2.59765,,143,,4.6
834,2.60111,,143,,4.4
835,2.60476,,142,,4.2
836,2.60843,,142,,4.2
837,2.61214,,142,,4.6
838,2.61605,,142,,4.4
839,2.61964,,142,,4.4
840,2.62338,,142,,4.6
841,2.6272,,142,,4.4
842,2.63111,,142,,4.4
843,2.63505,,142,,4.6
844,2.63882,,142,,4.4
845,2.64264,,142,,4.6
846,2.64646,,142,,4.6
847,2.65023,,142,,4.8
848,2.65421,,142,,5
849,2.65794,,143,,5
850,2.66172,,143,,5
851,2.66536,,143,,5
852,2.66899,,143,,5.2
853,2.67272,,143,,5.2
854,2.67636,,142,,5.2
855,2.68003,,142,,5.2
856,2.68384,,142,,5
857,2.68765,,142,,5
858,2.69192,,142,,5
859,2.69555,,142,,4.8
860,2.69916,,142,,4.8
861,2.70236,,142,,4.4
862,2.70575,,143,,4
863,2.70957,,143,,4
864,2.71324,,144,,4
865,2.71701,,144,,4.4
866,2.72086,,144,,4.4
867,2.7246,,144,,4.4
868,2.72858,,144,,4.2
869,2.73242,,143,,4.2
870,2.73631,,143,,4.2
871,2.74035,,143,,4.4
872,2.74423,,142,,4.6
873,2.74818,,141,,4.6
874,2.752,,141,,5
875,2.75586,,140,,4.8
876,2.75946,,139,,5
877,2.76299,,138,,5.4
878,2.76656,,138,,5.8
879,2.77004,,138,,6
880,2.77367,,138,,5.8
881,2.77731,,139,,5.8
882,2.78098,,139,,6
883,2.7849,,140,,6.2
884,2.78859,,141,,6.2
885,2.79234,,141,,5.8
886,2.79611,,142,,5.6
887,2.79981,,141,,5.4
888,2.8035,,141,,5.4
889,2.80704,,140,,5.6
890,2.81066,,139,,5
891,2.81414,,139,,4.6
892,2.81764,,139,,4.4
893,2.82127,,140,,4.4
894,2.82471,,140,,4
895,2.82816,,140,,3.8
896,2.83164,,140,,3.6
897,2.83527,,140,,4
898,2.83912,,140,,4.2
899,2.84266,,140,,4.2
900,2.84588,,139,,3.6
901,2.84943,,139,,3.4
902,2.85294,,139,,3
903,2.85658,,140,,3
904,2.86039,,140,,2.8
905,2.86436,,141,,2.6
906,2.8683,,141,,2.4
907,2.8721,,142,,2.4
908,2.87581,,143,,2
909,2.87931,,143,,1.6
910,2.88275,,143,,1.6
911,2.88621,,144,,1.6
912,2.8899,,144,,2
913,2.89383,,144,,2.6
914,2.89744,,144,,2.4
915,2.90053,,144,,2.2
916,2.90337,,145,,2
917,2.90611,,145,,1.6
918,2.90899,,145,,1.6
919,2.91213,,145,,1.8
920,2.91532,,145,,2
921,2.91848,,144,,2
922,2.92151,,145,,2.2
923,2.92505,,145,,2.4
924,2.92873,,146,,2.4
925,2.93226,,146,,2.2
926,2.93588,,147,,2.4
927,2.93975,,147,,2
928,2.94325,,147,,2
929,2.94684,,148,,1.6
930,2.95033,,148,,1.4
931,2.95385,,148,,1
932,2.9574,,148,,1
933,2.96086,,148,,0.6
934,2.96424,,147,,0.8
935,2.96771,,147,,1
936,2.97093,,148,,1
937,2.97401,,148,,0.8
938,2.97707,,148,,0.8
939,2.98005,,147,,0.8
940,2.98329,,147,,0.2
941,2.98636,,147,,0.4
942,2.98952,,146,,0
943,2.99272,,145,,-0.2
944,2.99589,,145,,-0.4
945,2.9992,,145,,0
946,3.00242,,145,,0.2
947,3.0056,,144,,-0.2
948,3.00912,,144,,-0.8
949,3.01289,,144,,-1
950,3.01662,,144,,-1.2
951,3.02037,,144,,-1.2
952,3.02385,,144,,-1
953,3.02729,,144,,-1.2
954,3.03074,,144,,-1.4
955,3.03435,,143,,-1.4
956,3.03785,,143,,-1
957,3.04104,,142,,-0.8
958,3.04444,,142,,-1
959,3.04771,,141,,-1.2
960,3.05073,,141,,-2.2
961,3.05421,,141,,-2.6
962,3.058,,142,,-3.2
963,3.06173,,142,,-3
964,3.0656,,142,,-2
965,3.06955,,142,,-0.8
966,3.07353,,142,,-0.2
967,3.07728,,146,,0.2
968,3.08101,,147,,0.4
969,3.08483,,147,,0.8
970,3.08855,,147,,1.2
971,3.09255,,147,,2
972,3.09654,,146,,3.2
973,3.10073,,145,,4.4
974,3.10477,,144,,5
975,3.10865,,143,,5.6
976,3.11251,,142,,6.2
977,3.11615,,141,,6.2
978,3.11969,,140,,6.4
979,3.12324,,139,,6.4
980,3.127,,139,,6.4
981,3.13099,,138,,6.2
982,3.13479,,137,,5.4
983,3.13839,,137,,5.6
984,3.14185,,136,,5.6
985,3.14546,,136,,5
986,3.14927,,137,,5
987,3.15311,,137,,4.6
988,3.15698,,138,,4.2
989,3.16083,,138,,3.6
990,3.16474,,138,,3.2
991,3.1684,,138,,3
992,3.17198,,138,,2.8
993,3.17577,,138,,2.4
994,3.17967,,138,,2
995,3.18343,,139,,1.8
996,3.18718,,139,,1.8
997,3.19087,,139,,1.4
998,3.1944,,140,,1.4
999,3.19797,,140,,1.2
1000,3.20173,,140,,1.4
1001,3.20545,,140,,1.4
1002,3.20884,,140,,1.6
1003,3.21227,,140,,1.8
1004,3.21574,,139,,2.2
1005,3.21912,,139,,2.2
1006,3.22294,,139,,1.8
1007,3.22667,,139,,2
1008,3.23069,,139,,2.8
1009,3.2347,,139,,3.4
1010,3.23868,,139,,3.6
1011,3.24242,,140,,4.6
1012,3.24627,,140,,5.2
1013,3.24979,,141,,5.2
1014,3.25349,,141,,5.8
1015,3.25743,,142,,6.4
1016,3.26174,,143,,6.6
1017,3.26563,,143,,6.4
1018,3.26951,,143,,6.2
1019,3.2733,,143,,6.2
1020,3.27702,,144,,6.2
1021,3.2808,,144,,6
1022,3.28444,,144,,6
1023,3.28798,,144,,5.4
1024,3.2919,,144,,5.4
1025,3.29566,,144,,5.4
1026,3.29938,,144,,5.4
1027,3.30318,,145,,5.4
1028,3.3071,,145,,5.4
1029,3.31107,,145,,5.4
1030,3.3148,,145,,5.2
1031,3.31843,,144,,5.4
1032,3.32199,,144,,5.4
1033,3.32542,,144,,5.6
1034,3.32912,,143,,5.4
1035,3.33272,,143,,5.4
1036,3.33618,,143,,5.6
1037,3.33992,,142,,5.2
1038,3.34299,,142,,5.4
1039,3.34648,,142,,5.6
1040,3.34992,,141,,5.6
1041,3.3532,,141,,6.2
1042,3.35646,,141,,6.6
1043,3.35972,,141,,7.2
1044,3.36318,,141,,7.8
1045,3.36645,,141,,8
1046,3.36951,,141,,8.6
1047,3.37274,,141,,9.2
1048,3.37607,,141,,9.6
1049,3.37994,,141,,9.2
1050,3.3848,,141,,9.8
1051,3.38819,,141,,9.6
1052,3.39294,,142,,9.4
1053,3.39765,,142,,9.2
1054,3.40147,,143,,9.4
1055,3.4055,,143,,9.8
1056,3.41004,,143,,10.4
1057,3.4135,,144,,11.2
1058,3.41697,,145,,11.8
1059,3.42,,145,,11.4
1060,3.42357,,146,,10.4
1061,3.42659,,147,,10.2
1062,3.43029,,147,,9.8
1063,3.43351,,147,,9.8
1064,3.43745,,147,,9.4
1065,3.44118,,147,,9
1066,3.4447,,146,,8.8
1067,3.44828,,146,,8.6
1068,3.45217,,146,,8.6
1069,3.4556,,145,,8.6
1070,3.45892,,145,,8.4
1071,3.46171,,145,,8.4
1072,3.46465,,146,,8
1073,3.46766,,146,,7.8
1074,3.47022,,146,,7
1075,3.47256,,146,,6.6
1076,3.47534,,146,,6
1077,3.47817,,146,,5
1078,3.48093,,146,,4.8
1079,3.4835,,146,,3.6
1080,3.48581,,146,,2.8
1081,3.48839,,146,,2.2
1082,3.49146,,145,,1.2
1083,3.49463,,145,,0.8
1084,3.49833,,145,,-0.6
1085,3.50134,,145,,-1.6
1086,3.50502,,144,,-3
1087,3.50877,,144,,-4.2
1088,3.51213,,143,,-5.6
1089,3.51609,,143,,-6
1090,3.51926,,143,,-9
1091,3.52294,,143,,-10.8
1092,3.52648,,143,,-11.6
1093,3.53014,,143,,-12.2
1094,3.53389,,143,,-13
1095,3.53732,,143,,-13.4
1096,3.54117,,143,,-13.6
1097,3.54486,,143,,-13.4
1098,3.54908,,143,,-12.6
1099,3.55326,,143,,-12
1100,3.55829,,143,,-11
1101,3.56253,,143,,-10
1102,3.56689,,143,,-9
1103,3.57122,,143,,-8
1104,3.57565,,143,,-6.4
1105,3.58033,,143,,-5
1106,3.58493,,142,,-4.2
1107,3.58943,,142,,-3.4
1108,3.59411,,143,,-2.6
1109,3.59874,,143,,-2.2
1110,3.6028,,144,,-1.6
1111,3.60672,,144,,-1
1112,3.61011,,144,,-1.2
1113,3.61394,,144,,-1.2
1114,3.61788,,143,,-1.6
1115,3.62208,,143,,-1.4
1116,3.62615,,142,,-1.4
1117,3.63011,,142,,-1.2
1118,3.63403,,142,,-1.2
1119,3.6378,,143,,-1.6
1120,3.64124,,143,,-1.6
1121,3.6447,,143,,-1.4
1122,3.64827,,143,,-1.4
1123,3.65209,,143,,-1.6
1124,3.65571,,143,,-1.6
1125,3.65943,,142,,-1.8
1126,3.6631,,142,,-2.2
1127,3.66664,,142,,-2.8
1128,3.67021,,141,,-3.2
1129,3.67367,,141,,-3.6
1130,3.67725,,141,,-3.6
1131,3.68093,,141,,-3.6
1132,3.6847,,141,,-3.8
1133,3.68859,,141,,-3.4
1134,3.69239,,141,,-3.6
1135,3.69631,,141,,-3.6
1136,3.70033,,142,,-3.8
1137,3.70392,,142,,-3.6
1138,3.70748,,143,,-3.8
1139,3.71116,,143,,-3.4
1140,3.71468,,144,,-3.4
1141,3.71793,,144,,-3.2
1142,3.72143,,144,,-2.8
1143,3.72518,,144,,-2.2
1144,3.7288,,145,,-2
1145,3.73257,,145,,-1.8
1146,3.73613,,145,,-1.4
1147,3.73968,,144,,-0.8
1148,3.74325,,144,,-0.8
1149,3.74679,,144,,-0.8
1150,3.75013,,143,,-1
1151,3.75333,,143,,-1.2
1152,3.75668,,143,,-1.4
1153,3.75979,,143,,-1.6
1154,3.76282,,143,,-1.8
1155,3.76568,,143,,-2.2
1156,3.76858,,144,,-2
1157,3.77177,,144,,-2.4
1158,3.7753,,144,,-2.6
1159,3.77902,,144,,-2.8
1160,3.78305,,144,,-3
1161,3.78723,,144,,-3.2
1162,3.79127,,144,,-3.4
1163,3.79558,,143,,-3.8
1164,3.80004,,143,,-3.8
1165,3.80422,,144,,-3.8
1166,3.80841,,144,,-4
1167,3.81263,,144,,-4
1168,3.81671,,144,,-4.2
1169,3.82069,,144,,-4.2
1170,3.82414,,144,,-4.2
1171,3.82786,,143,,-4
1172,3.83156,,143,,-3.8
1173,3.8354,,143,,-3.8
1174,3.83944,,142,,-3.8
1175,3.84338,,142,,-4
1176,3.84739,,142,,-4.4
1177,3.85131,,141,,-4.2
1178,3.85539,,140,,-4.2
1179,3.85956,,140,,-4.2
1180,3.86343,,139,,-4.6
1181,3.86774,,139,,-4.6
1182,3.87174,,139,,-4.4
1183,3.87581,,139,,-4.2
1184,3.8799,,139,,-3.6
1185,3.8837,,139,,-3.6
1186,3.88725,,139,,-3.4
1187,3.8908,,140,,-3.2
1188,3.89454,,140,,-2.8
1189,3.89833,,141,,-2.8
1190,3.90191,,141,,-2.2
1191,3.90541,,141,,-2.2
1192,3.90862,,141,,-2.2
1193,3.91212,,141,,-2
1194,3.91564,,141,,-2.2
1195,3.91946,,141,,-2.4
1196,3.92381,,141,,-2.2
1197,3.92793,,141,,-2.2
1198,3.93209,,141,,-2.4
1199,3.93627,,141,,-2.4
1200,3.9403,,141,,-2.6
1201,3.94442,,141,,-2.8
1202,3.94845,,141,,-3
1203,3.95224,,141,,-3.2
1204,3.95578,,142,,-3.2
1205,3.95952,,143,,-3.4
1206,3.96337,,143,,-3.4
1207,3.96714,,144,,-3.4
1208,3.97075,,144,,-3.6
1209,3.97441,,145,,-3.8
1210,3.97825,,145,,-4.4
1211,3.9823,,145,,-4.6
1212,3.98591,,145,,-4.8
1213,3.98992,,145,,-4.8
1214,3.99384,,145,,-4.4
1215,3.99798,,145,,-4.6
1216,4.00224,,145,,-4.8
1217,4.00645,,145,,-4.8
1218,4.0107,,145,,-4.8
1219,4.01451,,144,,-5
1220,4.01851,,144,,-5.2
1221,4.0224,,144,,-5.4
1222,4.0266,,144,,-5.6
1223,4.03058,,144,,-5.8
1224,4.03437,,145,,-6
1225,4.03835,,146,,-6.2
1226,4.04233,,146,,-6.2
1227,4.0464,,147,,-6.2
1228,4.05059,,147,,-6
1229,4.055,,147,,-6.4
1230,4.05962,,147,,-6.4
1231,4.064,,147,,-6.4
1232,4.06812,,146,,-7.2
1233,4.07192,,146,,-7.4
1234,4.07553,,145,,-7.4
1235,4.07911,,145,,-7.6
1236,4.08289,,145,,-8
1237,4.08648,,145,,-8.6
1238,4.08982,,145,,-9.6
1239,4.09295,,145,,-9.8
1240,4.09661,,145,,-10
1241,4.10052,,145,,-9.2
1242,4.1039,,145,,-8.8
1243,4.10704,,146,,-8.4
1244,4.11019,,146,,-8.2
1245,4.11376,,146,,-7.4
1246,4.1171,,146,,-7
1247,4.12025,,146,,-6.6
1248,4.12353,,146,,-6.2
1249,4.12696,,146,,-5.6
1250,4.13046,,146,,-5.2
1251,4.13394,,146,,-4.8
1252,4.13737,,146,,-4
1253,4.1408,,146,,-4
1254,4.14436,,146,,-3.6
1255,4.14789,,146,,-3.2
1256,4.15132,,146,,-3
1257,4.1545,,146,,-3.2
1258,4.15775,,146,,-3.4
1259,4.16087,,146,,-3.4
1260,4.16406,,145,,-3.4
1261,4.16732,,145,,-3.4
1262,4.17053,,145,,-3.6
1263,4.17359,,145,,-3.4
1264,4.17657,,144,,-3
1265,4.17944,,144,,-2.8
1266,4.18226,,144,,-3
1267,4.1853,,145,,-3.2
1268,4.18813,,145,,-3.6
1269,4.19119,,145,,-4
1270,4.19498,,146,,-4.8
1271,4.19914,,146,,-5.2
1272,4.20343,,146,,-5.8
1273,4.20752,,145,,-6.4
1274,4.21163,,145,,-7.4
1275,4.21577,,145,,-8
1276,4.22009,,145,,-8
1277,4.22426,,145,,-8.2
1278,4.22811,,145,,-8.4
1279,4.23159,,146,,-8.6
1280,4.23521,,146,,-8.8
1281,4.23907,,146,,-9.2
1282,4.24367,,146,,-9
1283,4.24755,,146,,-10.2
1284,4.25177,,146,,-11.2
1285,4.25616,,146,,-12
1286,4.26019,,146,,-12.6
1287,4.26525,,146,,-12.2
1288,4.26913,,146,,-13
1289,4.27296,,147,,-13.2
1290,4.27688,,147,,-12.8
1291,4.28055,,147,,-12.4
1292,4.2841,,147,,-11.6
1293,4.28778,,147,,-10.4
1294,4.29163,,147,,-8.6
1295,4.29555,,147,,-7.4
1296,4.29933,,146,,-6.4
1297,4.30304,,146,,-6
1298,4.30635,,145,,-5.6
1299,4.30975,,145,,-5
1300,4.31335,,145,,-4.8
1301,4.31684,,144,,-4.4
1302,4.32027,,144,,-3.6
1303,4.32338,,144,,-3.2
1304,4.32658,,144,,-3.6
1305,4.33014,,145,,-3.4
1306,4.33371,,145,,-3.2
1307,4.33734,,146,,-3.4
1308,4.34093,,147,,-3.2
1309,4.34441,,147,,-3
1310,4.34828,,147,,-2.6
1311,4.35193,,147,,-2.2
1312,4.35581,,147,,-2.2
1313,4.35966,,147,,-2.4
1314,4.36338,,147,,-2
1315,4.3676,,146,,-1.8
1316,4.37165,,146,,-1.8
1317,4.37588,,146,,-1.6
1318,4.38006,,147,,-1.2
1319,4.38403,,148,,-0.6
1320,4.38811,,148,,-0.4
1321,4.39209,,149,,-0.2
1322,4.39623,,149,,0.2
1323,4.40017,,149,,0.2
1324,4.40401,,148,,0.2
1325,4.40795,,148,,0.4
1326,4.41185,,148,,0.4
1327,4.41572,,148,,0.2
1328,4.41949,,148,,0.2
1329,4.42328,,148,,0.2
1330,4.42735,,148,,0
1331,4.43087,,147,,0
1332,4.43393,,147,,0.2
1333,4.4367,,147,,0.4
1334,4.43903,,147,,0.6
1335,4.43903,,147,,0.6
1336,4.44228,,147,,0.6
1337,4.4434,,146,,1
1338,4.44475,,146,,1.2
1339,4.44583,,146,,1.2
1340,4.44667,,146,,1.2
1341,4.44766,,146,,1.2
1342,4.44897,,146,,1
1343,4.45064,,145,,0.8
1344,4.45223,,145,,0.4
1345,4.45341,,145,,0.2
1346,4.4546,,145,,0
1347,4.45557,,143,,0
1348,4.45635,,143,,0
1349,4.45731,,143,,-0.2
1350,4.45816,,143,,-0.2
1351,4.45917,,142,,0
1352,4.46045,,142,,-0.4
1353,4.46165,,142,,-0.4
1354,4.46327,,140,,-1
1355,4.46451,,138,,-1
1356,4.46552,,136,,-1.4
1357,4.46658,,135,,-1.8
1358,4.46766,,135,,-2
1359,4.46886,,135,,-2.2
1360,4.47035,,135,,-2.2
1361,4.47223,,134,,-2.2
1362,4.47352,,134,,-2.4
1363,4.4748,,133,,-2
1364,4.47584,,133,,-2.2
1365,4.47666,,133,,-1.8
1366,4.47784,,133,,-2.2
1367,4.47936,,133,,-2
1368,4.48119,,133,,-2
1369,4.48294,,133,,-1.8
1370,4.48475,,133,,-2
1371,4.48637,,133,,-2.4
1372,4.48793,,133,,-2.6
1373,4.48949,,133,,-2.6
1374,4.49071,,133,,-2.8
1375,4.49202,,133,,-3.2
1376,4.49306,,133,,-3.2
1377,4.49441,,133,,-3.2
1378,4.4961,,132,,-3.2
1379,4.49772,,133,,-3.2
1380,4.49931,,133,,-3
1381,4.50048,,133,,-3
1382,4.5013,,133,,-3.4
1383,4.50195,,133,,-3.2
1384,4.50257,,132,,-3.6
1385,4.50346,,128,,-4
1386,4.50491,,124,,-4.2
1387,4.50566,,118,,-4.4
1388,4.5065,,112,,-4.6
1389,4.50708,,110,,-5
1390,4.50779,,107,,-4.8
1391,4.50822,,106,,-4.8
1392,4.50887,,106,,-4.4
1393,4.50947,,106,,-4.2
1394,4.51021,,105,,-3.8
1395,4.51102,,105,,-3.6
1396,4.51192,,104,,-3.2
1397,4.51273,,104,,-3.2
1398,4.51298,,103,,-3
1399,4.51308,,103,,-2.4
1400,4.5136,,103,,-1.8
1401,4.51406,,103,,-1.4
1402,4.51406,,103,,-1.4
1403,4.51421,,102,,-1.4
1404,4.51424,,102,,-1.4
1405,4.51424,,102,,-1.4
1406,4.51426,,102,,-1.4
1407,4.51431,,102,,-1.4
1408,4.51431,,99,,-1.4
1409,4.51436,,99,,-1.4
1410,4.51439,,97,,-1.4
1411,4.51444,,97,,-1.4
1412,4.5145,,98,,-1.4
1413,4.51462,,97,,-1.2
1414,4.51462,,98,,-1
1415,4.51484,,97,,-1
1416,4.51484,,96,,-1
1417,4.51484,,97,,-1
1418,4.51505,,98,,-1.2
1419,4.51526,,100,,-1
1420,4.51537,,100,,-1
1421,4.51551,,100,,-0.8
1422,4.51567,,99,,-0.8
1423,4.51567,,99,,-0.8
1424,4.5157,,98,,-0.6
1425,4.51579,,98,,-0.4
1426,4.51592,,98,,-0.2
1427,4.51608,,98,,-0.2
1428,4.51608,,98,,-0.2
1429,4.51608,,97,,0
1430,4.51613,,97,,0
1431,4.51613,,97,,0
1432,4.51617,,95,,0
1433,4.51623,,95,,0
1434,4.51625,,95,,0
1435,4.51632,,93,,0.4
1436,4.51665,,93,,0.4
1437,4.51698,,93,,0.4
1438,4.51724,,90,,0.4
1439,4.51759,,90,,0.4
1440,4.51797,,89,,0.4
1441,4.5182,,89,,0.4
1442,4.51858,,89,,0.6
1443,4.51915,,90,,0.6
1444,4.51973,,90,,1
1445,4.52051,,91,,1.4
1446,4.52153,,91,,2
1447,4.52243,,92,,2.4
1448,4.52342,,92,,2.8
1449,4.52456,,92,,3.2
1450,4.52595,,92,,2.8
1451,4.52798,,93,,2.8
1452,4.53023,,93,,3
1453,4.53275,,93,,3.2
1454,4.53559,,93,,3
1455,4.53792,,93,,3.2
1456,4.54045,,93,,3
1457,4.54274,,94,,2.8
1458,4.54488,,94,,2.8
1459,4.54705,,97,,3.6
1460,4.54869,,100,,4
1461,4.55053,,102,,4.6
1462,4.55322,,102,,5
1463,4.55607,,102,,5.6
1464,4.55916,,100,,6.2
1465,4.56292,,100,,6.6
1466,4.56626,,101,,6.2
1467,4.56959,,100,,6.6
1468,4.57244,,100,,6.6
1469,4.57536,,102,,6.8
1470,4.57843,,106,,7
1471,4.58092,,111,,6.4
1472,4.58382,,116,,6.8
1473,4.58674,,120,,7
1474,4.5901,,124,,7.2
1475,4.59323,,128,,7.2
1476,4.59712,,129,,6.8
1477,4.60036,,131,,6.4
1478,4.60435,,134,,5.8
1479,4.60889,,135,,5.2
1480,4.61275,,134,,4.6
1481,4.61701,,132,,3.6
1482,4.62055,,130,,3
1483,4.6238,,127,,2.2
1484,4.62716,,124,,2.2
1485,4.63063,,124,,1.6
1486,4.63449,,125,,1.4
1487,4.63871,,123,,0.6
1488,4.64246,,124,,-0.8
1489,4.64664,,126,,-1.2
1490,4.65048,,131,,-1
1491,4.65486,,132,,-1
1492,4.65837,,134,,-1.2
1493,4.66205,,138,,-1.4
1494,4.66581,,139,,-1
1495,4.66918,,141,,-1.6
1496,4.67214,,140,,-2
1497,4.67474,,140,,-2.6
1498,4.67773,,142,,-3
1499,4.68046,,141,,-3.8
1500,4.68262,,142,,-4.4
1501,4.68505,,141,,-5
1502,4.68782,,143,,-4.8
1503,4.69099,,143,,-4.4
1504,4.69419,,139,,-4.6
1505,4.69755,,136,,-5.4
1506,4.70154,,136,,-5.4
1507,4.70518,,132,,-5.8
1508,4.70929,,132,,-5.8
1509,4.7133,,132,,-5.8
1510,4.71711,,135,,-5.8
1511,4.72057,,136,,-5.2
1512,4.72412,,137,,-5.2
1513,4.72753,,136,,-5.8
1514,4.73123,,138,,-5.6
1515,4.73555,,138,,-5.4
1516,4.73981,,139,,-3.8
1517,4.74461,,141,,-4
1518,4.74899,,142,,-4.6
1519,4.75266,,142,,-5.2
1520,4.75611,,141,,-5.6
1521,4.76016,,140,,-6.2
1522,4.76499,,139,,-7
1523,4.76917,,138,,-7.4
1524,4.773,,138,,-6.6
1525,4.77699,,137,,-6.8
1526,4.78106,,136,,-6.6
1527,4.78514,,136,,-6
1528,4.78892,,136,,-6
1529,4.79288,,136,,-5.2
1530,4.79697,,137,,-5.2
1531,4.80155,,138,,-4.4
1532,4.80564,,139,,-4.2
1533,4.80998,,139,,-3.4
1534,4.81427,,139,,-2.6
1535,4.81825,,139,,-2.2
1536,4.82249,,139,,-1.4
1537,4.82649,,139,,-1.4
1538,4.83076,,139,,-1.6
1539,4.83484,,138,,-1.2
1540,4.83893,,138,,-1
1541,4.84318,,138,,-0.6
1542,4.84695,,138,,-0.4
1543,4.85079,,137,,0.2
1544,4.85451,,137,,0
1545,4.85799,,137,,-0.6
1546,4.8614,,137,,-0.2
1547,4.86495,,136,,-0.6
1548,4.86849,,136,,-1
1549,4.8723,,137,,-1.8
1550,4.8765,,137,,-1.8
1551,4.88058,,137,,-2
1552,4.88441,,137,,-2.8
1553,4.88816,,137,,-3.6
1554,4.89168,,137,,-4.4
1555,4.89521,,137,,-5
1556,4.89869,,137,,-5.6
1557,4.9023,,136,,-5.8
1558,4.90626,,136,,-6
1559,4.91014,,137,,-6.4
1560,4.91408,,137,,-6.8
1561,4.91802,,137,,-7.6
1562,4.9221,,137,,-7.4
1563,4.92633,,138,,-7.8
1564,4.93055,,138,,-7.8
1565,4.93485,,138,,-7.4
1566,4.93915,,138,,-7.4
1567,4.94328,,138,,-7.2
1568,4.94726,,138,,-7.2
1569,4.95099,,138,,-7.4
1570,4.95493,,138,,-7
1571,4.95872,,138,,-7.2
1572,4.96256,,138,,-6.8
1573,4.96643,,138,,-6.4
1574,4.97006,,138,,-6.4
1575,4.97363,,138,,-5.6
1576,4.97733,,138,,-5.6
1577,4.98112,,138,,-5.6
1578,4.98504,,138,,-5.2
1579,4.98866,,138,,-5.4
1580,4.99228,,138,,-5.6
1581,4.99586,,138,,-6
1582,4.99945,,138,,-6.2
1583,5.00339,,138,,-6
1584,5.00694,,138,,-7.4
1585,5.01051,,138,,-7.2
1586,5.01424,,138,,-6.8
1587,5.01783,,138,,-7
1588,5.02164,,138,,-7.2
1589,5.02538,,138,,-7.2
1590,5.02899,,138,,-7.2
1591,5.03295,,137,,-7
1592,5.03675,,137,,-7.2
1593,5.04066,,137,,-7
1594,5.04468,,137,,-7
1595,5.04856,,137,,-6.4
1596,5.05239,,137,,-5.8
1597,5.05615,,137,,-5.6
1598,5.0598,,138,,-5.6
1599,5.06372,,138,,-5.2
1600,5.06739,,138,,-4.8
1601,5.07129,,138,,-4.6
1602,5.07499,,138,,-4.6
1603,5.07877,,138,,-4.4
1604,5.08284,,138,,-4.2
1605,5.0867,,138,,-3.8
1606,5.09022,,138,,-3.8
1607,5.09359,,138,,-3.2
1608,5.09692,,138,,-2.8
1609,5.1006,,139,,-2.4
1610,5.10421,,139,,-2
1611,5.10757,,139,,-1.6
1612,5.11101,,138,,-1.2
1613,5.11433,,138,,-1.4
1614,5.11784,,138,,-1.6
1615,5.12142,,138,,-2
1616,5.12493,,137,,-2.2
1617,5.12872,,137,,-2.2
1618,5.13246,,137,,-2
1619,5.13615,,137,,-2
1620,5.14004,,137,,-2
1621,5.14362,,137,,-2
1622,5.14755,,137,,-2
1623,5.15143,,137,,-2.4
1624,5.15514,,137,,-2.4
1625,5.15889,,137,,-2.2
1626,5.16227,,137,,-2.4
1627,5.16565,,137,,-2.8
1628,5.16914,,138,,-3
1629,5.17259,,138,,-3
1630,5.17624,,138,,-3.4
1631,5.17972,,138,,-3.4
1632,5.18312,,138,,-3.4
1633,5.18659,,139,,-3.6
1634,5.19005,,143,,-3.8
1635,5.19355,,145,,-4.2
1636,5.19733,,148,,-4.6
1637,5.20098,,147,,-4.8
1638,5.20463,,147,,-4.6
1639,5.20784,,147,,-4.8
1640,5.21123,,147,,-4.8
1641,5.21459,,146,,-4.6
1642,5.2176,,146,,-4.8
1643,5.22086,,145,,-4.4
1644,5.22435,,144,,-3.8
1645,5.22787,,144,,-3.2
1646,5.23161,,143,,-3
1647,5.23497,,139,,-2.8
1648,5.23814,,140,,-2.8
1649,5.24123,,140,,-2.8
1650,5.24433,,139,,-2.8
1651,5.24801,,139,,-2.8
1652,5.25163,,138,,-2.4
1653,5.25485,,137,,-2.2
1654,5.25841,,136,,-2.6
1655,5.26178,,135,,-2.8
1656,5.26522,,135,,-3
1657,5.2685,,135,,-3.2
1658,5.2717,,135,,-3.2
1659,5.27497,,136,,-4
1660,5.27856,,136,,-4.2
1661,5.28184,,136,,-4.2
1662,5.28495,,136,,-4.4
1663,5.28835,,136,,-4.2
1664,5.29173,,136,,-4.2
1665,5.29507,,136,,-4.4
1666,5.29849,,136,,-4.2
1667,5.30193,,136,,-4.4
1668,5.30516,,136,,-4.6
1669,5.30848,,136,,-4.4
1670,5.31215,,136,,-4.8
1671,5.31595,,136,,-4.8
1672,5.31979,,136,,-4.6
1673,5.32321,,136,,-4.4
1674,5.32663,,136,,-3.8
1675,5.3303,,135,,-3.8
1676,5.33372,,135,,-3.2
1677,5.33707,,135,,-3
1678,5.34038,,135,,-2.8
1679,5.34378,,135,,-2.2
1680,5.34735,,135,,-1.8
1681,5.3507,,135,,-1.8
1682,5.35414,,135,,-1.6
1683,5.35777,,135,,-1.4
1684,5.36104,,135,,-0.8
1685,5.36454,,135,,0
1686,5.36836,,135,,0.4
1687,5.37211,,134,,1
1688,5.37596,,134,,1.6
1689,5.3796,,134,,1.8
1690,5.3831,,134,,2
1691,5.38671,,134,,2.4
1692,5.39046,,134,,2.6
1693,5.39439,,131,,3
1694,5.39796,,131,,3.2
1695,5.40164,,131,,3.2
1696,5.40546,,131,,3.2
1697,5.40918,,130,,3.4
1698,5.41306,,130,,3.4
1699,5.41626,,130,,4.2
1700,5.41953,,130,,4.2
1701,5.42331,,131,,4.2
1702,5.42698,,132,,4.4
1703,5.43066,,134,,4.2
1704,5.43429,,138,,4.4
1705,5.43805,,138,,4.6
1706,5.44188,,137,,4.2
1707,5.44555,,137,,4.2
1708,5.44933,,137,,3.8
1709,5.45308,,137,,3.8
1710,5.45606,,138,,4.2
1711,5.45986,,138,,4.4
1712,5.46368,,138,,4.6
1713,5.46705,,138,,4.6
1714,5.4706,,142,,4.8
1715,5.47435,,147,,4.6
1716,5.47817,,148,,4.8
1717,5.48153,,149,,5.2
1718,5.4849,,149,,5.6
1719,5.48815,,149,,6
1720,5.49168,,149,,6.2
1721,5.49572,,148,,6.6
1722,5.49974,,148,,7
1723,5.5036,,148,,7.2
1724,5.50744,,147,,7.6
1725,5.51132,,146,,7.4
1726,5.51558,,146,,7.4
1727,5.51974,,146,,7.4
1728,5.52404,,146,,7
1729,5.52816,,145,,6.8
1730,5.53249,,145,,5.8
1731,5.5364,,145,,5.4
1732,5.54031,,144,,4.6
1733,5.54384,,144,,3.8
1734,5.54784,,143,,2.6
1735,5.55166,,142,,2.6
1736,5.5555,,142,,2.6
1737,5.55902,,141,,2.6
1738,5.56253,,140,,2.4
1739,5.56603,,140,,2.4
1740,5.5693,,140,,2.8
1741,5.57263,,140,,3
1742,5.5758,,140,,3.4
1743,5.57904,,140,,3.6
1744,5.58224,,140,,3.8
1745,5.5857,,141,,3.4
1746,5.58948,,141,,3.4
1747,5.59315,,141,,3
1748,5.59688,,140,,3
1749,5.60087,,141,,2.6
1750,5.60477,,140,,2
1751,5.60848,,140,,1.4
1752,5.61223,,140,,2
1753,5.61601,,140,,2
1754,5.61988,,140,,1.6
1755,5.62361,,140,,1.8
1756,5.62754,,140,,1.6
1757,5.6313,,141,,2
1758,5.63489,,141,,2
1759,5.63861,,141,,2.2
1760,5.64214,,141,,2.4
1761,5.64588,,141,,1.6
1762,5.64953,,141,,1.6
1763,5.65333,,142,,1.6
1764,5.65724,,142,,1.6
1765,5.66079,,142,,2
1766,5.66444,,142,,1.8
1767,5.66823,,142,,2
1768,5.67208,,141,,2.4
1769,5.67617,,141,,2.4
1770,5.68025,,142,,2.4
1771,5.68444,,142,,2.2
1772,5.68835,,141,,1.8
1773,5.69214,,141,,1.8
1774,5.69576,,141,,2
1775,5.6995,,141,,1.8
1776,5.70319,,141,,1.8
1777,5.70706,,142,,1.8
1778,5.71065,,142,,1.8
1779,5.71405,,142,,2
1780,5.71741,,142,,2.6
1781,5.72076,,142,,2.8
1782,5.72447,,142,,3.2
1783,5.72812,,142,,3
1784,5.73198,,142,,2.8
1785,5.73582,,142,,2.8
1786,5.73948,,143,,3.2
1787,5.74311,,143,,4
1788,5.74671,,143,,4.4
1789,5.75038,,143,,4.6
1790,5.75395,,143,,4.6
1791,5.75765,,143,,4.4
1792,5.76122,,143,,4.2
1793,5.76487,,143,,4
1794,5.76854,,143,,3.8
1795,5.77175,,143,,3.8
1796,5.77448,,143,,3.8
1797,5.77728,,143,,3.8
1798,5.78004,,143,,3.2
1799,5.78301,,143,,3.2
1800,5.78618,,143,,2.6
1801,5.78956,,143,,2.4
1802,5.7931,,143,,2.2
1803,5.79666,,143,,2
1804,5.80009,,143,,1.6
1805,5.80365,,143,,1.8
1806,5.80743,,143,,1.4
1807,5.81092,,144,,1.2
1808,5.81442,,144,,1
1809,5.81806,,144,,1.4
1810,5.82178,,144,,1.8
1811,5.82529,,144,,2
1812,5.82858,,145,,2.4
1813,5.832,,145,,2.6
1814,5.83525,,145,,2.8
1815,5.83836,,146,,2.6
1816,5.84145,,146,,2.8
1817,5.84469,,145,,2.8
1818,5.84825,,145,,2.8
1819,5.8517,,145,,2.8
1820,5.85543,,145,,2.4
1821,5.85908,,144,,2.2
1822,5.86268,,144,,1.6
1823,5.86664,,143,,1.4
1824,5.87025,,143,,1.6
1825,5.87408,,143,,1.4
1826,5.87758,,143,,1.4
1827,5.88126,,141,,0.8
1828,5.88483,,141,,1
1829,5.88826,,142,,1.8
1830,5.89212,,140,,1.8
1831,5.89608,,138,,1.6
1832,5.90023,,138,,2
1833,5.90428,,140,,2.2
1834,5.90779,,141,,2.8
1835,5.91155,,140,,3.2
1836,5.91524,,141,,3.2
1837,5.91881,,141,,4
1838,5.92241,,141,,4
1839,5.92597,,141,,4.2
1840,5.9296,,141,,4.2
1841,5.93351,,142,,4.2
1842,5.93731,,142,,4.8
1843,5.94115,,142,,5
1844,5.94497,,143,,5.6
1845,5.94842,,143,,6.2
1846,5.95179,,143,,7.2
1847,5.95519,,144,,8
1848,5.95831,,144,,8.6
1849,5.96153,,144,,8.8
1850,5.96507,,144,,9
1851,5.96934,,144,,8.6
1852,5.97345,,144,,8.6
1853,5.97805,,144,,8.4
1854,5.98251,,143,,7.8
1855,5.98708,,143,,7.2
1856,5.99182,,143,,6.2
1857,5.99561,,143,,5.8
1858,5.9993,,144,,5.6
1859,6.00332,,145,,4.8
1860,6.00753,,145,,3.8
1861,6.01234,,146,,3.2
1862,6.01674,,146,,3
1863,6.02124,,147,,3
1864,6.02577,,149,,2.6
1865,6.03018,,150,,1.8
1866,6.03429,,150,,1
1867,6.03829,,149,,0.6
1868,6.04216,,149,,0
1869,6.04632,,148,,-0.4
1870,6.05006,,148,,-1.4
1871,6.05392,,148,,-1.8
1872,6.05777,,148,,-2
1873,6.06172,,147,,-2.6
1874,6.06561,,146,,-3
1875,6.0694,,146,,-3
1876,6.07326,,146,,-3.6
1877,6.0768,,146,,-4.2
1878,6.08042,,146,,-4.4
1879,6.08384,,147,,-4.4
1880,6.08675,,147,,-4.6
1881,6.0892,,146,,-4.6
1882,6.09152,,145,,-4.6
1883,6.0936,,145,,-4.4
1884,6.0952,,146,,-4.6
1885,6.09697,,146,,-4.8
1886,6.09904,,146,,-4.6
1887,6.10124,,146,,-4
1888,6.10346,,146,,-4
1889,6.10696,,146,,-5.2
1890,6.10975,,146,,-5.4
1891,6.11311,,146,,-4.8
1892,6.11705,,146,,-3.8
1893,6.1197,,145,,-3.8
1894,6.12199,,145,,-4.2
1895,6.12476,,145,,-4.4
1896,6.12759,,144,,-4.6
1897,6.13145,,143,,-4.8
1898,6.13535,,144,,-4.8
1899,6.13903,,143,,-5.4
1900,6.14305,,143,,-6
1901,6.14767,,142,,-6.4
1902,6.15186,,142,,-7
1903,6.15572,,142,,-7.4
1904,6.15984,,142,,-7.8
1905,6.16385,,142,,-8.4
1906,6.168,,143,,-8.8
1907,6.17177,,143,,-9.2
1908,6.17544,,143,,-9.2
1909,6.17934,,143,,-9.6
1910,6.18293,,144,,-9.6
1911,6.18667,,144,,-9.6
1912,6.19051,,144,,-9.6
1913,6.19421,,144,,-9.4
1914,6.19811,,144,,-9.4
1915,6.20193,,144,,-9.4
1916,6.2057,,144,,-8.6
1917,6.20945,,144,,-8
1918,6.21308,,144,,-7.6
1919,6.21675,,144,,-7.6
1920,6.22036,,144,,-7.4
1921,6.22413,,144,,-7
1922,6.22807,,144,,-6.8
1923,6.23195,,144,,-6.4
1924,6.23598,,144,,-5.6
1925,6.23966,,144,,-4.6
1926,6.24326,,144,,-3.4
1927,6.24673,,144,,-2.4
1928,6.25034,,143,,-1.6
1929,6.25416,,143,,-1
1930,6.25796,,143,,-0.4
1931,6.26152,,143,,0.2
1932,6.26528,,145,,0.4
1933,6.26911,,145,,0.6
1934,6.27313,,145,,0.2
1935,6.2771,,145,,0.6
1936,6.28096,,145,,0.8
1937,6.28498,,145,,1
1938,6.28895,,144,,1.6
1939,6.29295,,144,,1.4
1940,6.2966,,143,,1.4
1941,6.3002,,143,,1.8
1942,6.30408,,143,,1.6
1943,6.30778,,143,,1.4
1944,6.31156,,143,,0.8
1945,6.31528,,143,,0.6
1946,6.31908,,143,,0.4
1947,6.32293,,143,,0.4
1948,6.3264,,143,,0
1949,6.3303,,144,,-0.6
1950,6.33411,,144,,-0.6
1951,6.33801,,144,,-1
1952,6.34184,,144,,-1.4
1953,6.34546,,144,,-0.8
1954,6.34931,,144,,-1.4
1955,6.35291,,144,,-0.8
1956,6.35659,,144,,-0.4
1957,6.36008,,144,,-0.6
1958,6.36347,,144,,-1
1959,6.36718,,144,,-1.4
1960,6.37067,,144,,-1.8
1961,6.37426,,144,,-2.6
1962,6.37834,,144,,-2.4
1963,6.38245,,144,,-2.4
1964,6.38648,,145,,-2.4
1965,6.39031,,146,,-2.4
1966,6.39427,,145,,-2
1967,6.39841,,144,,-1.8
1968,6.40237,,144,,-2.2
1969,6.40624,,143,,-2.2
1970,6.41019,,143,,-2
1971,6.41418,,143,,-1.8
1972,6.41778,,143,,-1.4
1973,6.42142,,144,,-1.4
1974,6.42512,,143,,-2
1975,6.4289,,143,,-2.2
1976,6.43273,,143,,-2.2
1977,6.43679,,143,,-2.6
1978,6.44096,,143,,-3
1979,6.44495,,143,,-3.4
1980,6.44898,,143,,-3.4
1981,6.45297,,144,,-3.2
1982,6.4571,,144,,-2.8
1983,6.46086,,144,,-2.4
1984,6.46452,,144,,-2.6
1985,6.46812,,145,,-2.2
1986,6.47199,,143,,-1.8
1987,6.47599,,143,,-1.8
1988,6.47989,,142,,-2.2
1989,6.48401,,142,,-2.2
1990,6.4882,,142,,-2.6
1991,6.49226,,142,,-2.6
1992,6.4961,,141,,-2.6
1993,6.49991,,141,,-2.6
1994,6.50374,,141,,-2.6
1995,6.50759,,140,,-2.6
1996,6.51119,,140,,-2.6
1997,6.51472,,140,,-2.6
1998,6.51828,,141,,-2.8
1999,6.52201,,143,,-3.2
2000,6.52568,,142,,-3.4
2001,6.52934,,144,,-3.8
2002,6.5332,,145,,-3.6
2003,6.53703,,145,,-3.6
2004,6.54063,,146,,-3.4
2005,6.54431,,146,,-3.4
2006,6.54817,,146,,-3
2007,6.55203,,146,,-3
2008,6.55579,,145,,-3
2009,6.55943,,145,,-3.2
2010,6.56313,,145,,-3.2
2011,6.56668,,144,,-3
2012,6.57021,,144,,-3
2013,6.57334,,144,,-3.4
2014,6.5767,,144,,-3.2
2015,6.58013,,144,,-3
2016,6.58337,,144,,-3
2017,6.58658,,144,,-3
2018,6.5896,,144,,-3
2019,6.59299,,144,,-2.8
2020,6.59652,,145,,-2.4
2021,6.60006,,145,,-2.6
2022,6.60375,,145,,-2.8
2023,6.60731,,145,,-3
2024,6.61103,,145,,-3
2025,6.61452,,145,,-3.2
2026,6.61791,,145,,-3.6
2027,6.62134,,146,,-3.6
2028,6.62472,,146,,-3.4
2029,6.62827,,146,,-3.2
2030,6.6318,,145,,-3
2031,6.63534,,143,,-2.8
2032,6.63881,,144,,-2.4
2033,6.64222,,144,,-2
2034,6.64547,,144,,-2
2035,6.64867,,144,,-2.4
2036,6.65175,,144,,-2.4
2037,6.65492,,144,,-2
2038,6.6581,,144,,-2
2039,6.66137,,144,,-2.4
2040,6.66489,,144,,-2
2041,6.66804,,144,,-1.8
2042,6.67169,,145,,-2.4
2043,6.67523,,145,,-2.2
2044,6.67908,,145,,-2.6
2045,6.68287,,145,,-3.2
2046,6.68672,,145,,-3.6
2047,6.69059,,145,,-3.8
2048,6.69447,,145,,-3.6
2049,6.69833,,145,,-3.8
2050,6.70221,,145,,-4.8
2051,6.70601,,146,,-6
2052,6.70966,,146,,-6.6
2053,6.71339,,146,,-6.8
2054,6.71684,,146,,-7
2055,6.71967,,146,,-7.6
2056,6.72176,,146,,-8
2057,6.72361,,146,,-8.2
2058,6.72514,,146,,-8.2
2059,6.72689,,146,,-8.2
2060,6.72843,,146,,-8
2061,6.72982,,147,,-7.6
2062,6.73095,,147,,-7.2
2063,6.73208,,147,,-6.6
2064,6.73327,,147,,-6.2
2065,6.73445,,147,,-5.4
2066,6.73563,,147,,-5.2
2067,6.73699,,147,,-5.2
2068,6.7383,,147,,-5.4
2069,6.73926,,147,,-5
2070,6.7401,,147,,-4.4
2071,6.7408,,147,,-4
2072,6.74167,,147,,-4.2
2073,6.74296,,149,,-3.6
2074,6.74443,,148,,-3.2
2075,6.74599,,147,,-2.6
2076,6.74769,,145,,-2
2077,6.749,,143,,-1.8
2078,6.75053,,142,,-1.6
2079,6.75207,,141,,-1.6
2080,6.75427,,140,,-1.8
2081,6.75594,,140,,-1.8
2082,6.75747,,140,,-1.6
2083,6.7593,,140,,-1.6
2084,6.76109,,140,,-1
2085,6.76258,,140,,-0.2
2086,6.76395,,140,,0.2
2087,6.76539,,140,,0.4
2088,6.76725,,140,,0.2
2089,6.76922,,140,,0.2
2090,6.77154,,139,,0.6
2091,6.77364,,139,,0.8
2092,6.77578,,139,,1
2093,6.77756,,138,,0.6
2094,6.77918,,137,,0.4
2095,6.7808,,137,,0.4
2096,6.7824,,136,,0.2
2097,6.78432,,131,,0
2098,6.78638,,126,,0
2099,6.78801,,123,,0
2100,6.78961,,123,,0.2
2101,6.79087,,122,,-0.2
2102,6.79211,,122,,-0.4
2103,6.79339,,122,,-0.6
2104,6.79463,,122,,-0.6
2105,6.79619,,121,,-0.4
2106,6.79785,,121,,-0.2
2107,6.7995,,121,,-0.2
2108,6.80117,,121,,-0.8
2109,6.80298,,121,,-1.2
2110,6.80451,,120,,-1.4
2111,6.80575,,120,,-1.4
2112,6.8072,,120,,-1.6
2113,6.80845,,119,,-1.6
2114,6.80985,,119,,-1.8
2115,6.81146,,118,,-2.4
2116,6.81307,,118,,-2.4
2117,6.81459,,118,,-3
2118,6.81602,,118,,-3.4
2119,6.81727,,118,,-3.8
2120,6.81859,,118,,-3.8
2121,6.82003,,119,,-3.6
2122,6.82139,,119,,-3.2
2123,6.82288,,119,,-3.2
2124,6.82459,,119,,-3
2125,6.82616,,119,,-3.2
2126,6.8278,,119,,-3
2127,6.82939,,119,,-3.2
2128,6.83095,,119,,-3
2129,6.83263,,119,,-2.2
2130,6.83421,,119,,-2
2131,6.83601,,119,,-1.8
2132,6.83777,,120,,-1.6
2133,6.83924,,120,,-1.2
2134,6.84085,,120,,-1.4
2135,6.84232,,120,,-1.2
2136,6.84364,,120,,-1
2137,6.84483,,120,,-0.8
2138,6.84608,,120,,-1
2139,6.84759,,120,,-1.2
2140,6.84931,,120,,-1.2
2141,6.85086,,120,,-1
2142,6.85239,,120,,-1.4
2143,6.85387,,120,,-1.4
2144,6.85531,,119,,-1.4
2145,6.85677,,119,,-1.4
2146,6.85827,,119,,-1.8
2147,6.85986,,119,,-1.8
2148,6.86131,,119,,-2.2
2149,6.86256,,119,,-2.6
2150,6.86383,,119,,-1.6
2151,6.86516,,118,,-1.6
2152,6.86672,,118,,-1.4
2153,6.86837,,118,,-1.4
2154,6.8701,,118,,-1.2
2155,6.87163,,118,,-1.2
2156,6.8729,,118,,-1
2157,6.8741,,118,,-0.8
2158,6.87528,,117,,-0.6
2159,6.87679,,117,,-0.4
2160,6.87849,,116,,-0.6
2161,6.88052,,116,,-1.2
2162,6.88188,,115,,-1.4
2163,6.88192,,114,,-1.4
2164,6.88207,,114,,-1.2
2165,6.88224,,113,,-1.2
2166,6.88241,,113,,-1
2167,6.88241,,113,,-1
2168,6.88241,,113,,-1
2169,6.88242,,113,,-1
2170,6.88245,,113,,-1
2171,6.88246,,113,,-1
2172,6.8825,,113,,-1
2173,6.8825,,112,,-1
2174,6.8825,,112,,-1
2175,6.88298,,112,,-0.8
2176,6.88308,,112,,-0.8
2177,6.88311,,111,,-0.8
2178,6.88313,,111,,-1
2179,6.88313,,110,,-1
2180,6.88313,,110,,-1
2181,6.88335,,109,,-1
2182,6.88349,,109,,-1
2183,6.88352,,108,,-1
2184,6.88352,,108,,-1
2185,6.88352,,108,,-1.2
2186,6.88354,,108,,-1.2
2187,6.88367,,108,,-1.2
2188,6.88367,,108,,-1.2
2189,6.88377,,108,,-1.2
2190,6.88377,,108,,-1.4
2191,6.88377,,108,,-1.4
2192,6.88377,,108,,-1.4
2193,6.88397,,108,,-1.6
2194,6.88412,,107,,-2
2195,6.88417,,107,,-2.2
2196,6.8842,,106,,-2.4
2197,6.88424,,106,,-2.6
2198,6.8844,,106,,-2.6
2199,6.88441,,105,,-2.6
2200,6.88457,,105,,-2.4
2201,6.88462,,105,,-2.4
2202,6.88471,,105,,-2.4
2203,6.88486,,105,,-2.2
2204,6.88493,,105,,-2.4
2205,6.88493,,104,,-2.4
2206,6.88493,,104,,-2.4
2207,6.88493,,104,,-3
2208,6.88563,,104,,-3.6
2209,6.8857,,104,,-3.8
2210,6.88588,,104,,-4
2211,6.88603,,104,,-4.2
2212,6.88603,,104,,-4.4
2213,6.88603,,104,,-4.4
2214,6.88606,,104,,-4.4
2215,6.88606,,104,,-4.4
2216,6.88606,,104,,-4.4
2217,6.88606,,104,,-4.4
2218,6.88608,,104,,-4.6
2219,6.88618,,103,,-4.6
2220,6.88657,,103,,-4.2
2221,6.88672,,103,,-3.6
2222,6.8869,,103,,-3.4
2223,6.88696,,102,,-3.2
2224,6.88704,,102,,-3
2225,6.88715,,102,,-3.4
2226,6.88715,,102,,-3.4
2227,6.8874,,103,,-3.4
2228,6.88846,,103,,-2.8
2229,6.88886,,103,,-2.6
2230,6.88889,,103,,-2.8
2231,6.88892,,102,,-2.8
2232,6.88892,,99,,-2.8
2233,6.88892,,96,,-2.8
2234,6.88892,,96,,-2.8
2235,6.88893,,96,,-2.8
2236,6.88893,,97,,-2.8
2237,6.88893,,98,,-2.8
2238,6.88893,,101,,-2.8
2239,6.88893,,102,,-2.8
2240,6.88894,,102,,-2.8
2241,6.88894,,102,,-2.8
2242,6.88895,,102,,-2.8
2243,6.88895,,102,,-2.8
2244,6.88895,,102,,-2.8
2245,6.88898,,105,,-2.8
2246,6.88899,,105,,-2.8
2247,6.889,,105,,-2.8
2248,6.88902,,105,,-2.8
2249,6.88903,,105,,-2.8
2250,6.88903,,105,,-2.8
2251,6.88903,,103,,-2.8
2252,6.88905,,101,,-2.8
2253,6.88905,,100,,-2.8
2254,6.88906,,100,,-2.8
2255,6.88906,,100,,-2.8
2256,6.88906,,100,,-2.8
2257,6.88906,,100,,-2.8
2258,6.88907,,100,,-2.8
2259,6.88907,,102,,-2.8
2260,6.88907,,102,,-2.8
2261,6.88907,,102,,-2.8
2262,6.88907,,102,,-2.8
2263,6.88908,,102,,-2.8
2264,6.88908,,102,,-2.8
2265,6.88909,,102,,-2.8
2266,6.88909,,102,,-2.8
2267,6.88909,,102,,-2.8
2268,6.8891,,101,,-2.8
2269,6.8891,,101,,-2.8
2270,6.8891,,101,,-2.8
2271,6.8891,,101,,-2.8
2272,6.8891,,101,,-2.8
2273,6.88911,,101,,-2.8
2274,6.88911,,102,,-2.8
2275,6.88911,,102,,-2.8
2276,6.88912,,102,,-2.8
2277,6.88912,,102,,-2.8
2278,6.88913,,101,,-2.8
2279,6.88913,,100,,-2.8
2280,6.88913,,99,,-2.8
2281,6.88914,,99,,-2.8
2282,6.88915,,99,,-2.8
2283,6.88915,,99,,-2.8
2284,6.88915,,100,,-2.8
2285,6.88915,,101,,-2.8
2286,6.88916,,101,,-2.8
2287,6.88916,,101,,-2.8
2288,6.88916,,101,,-2.8
2289,6.88916,,101,,-2.8
2290,6.88917,,101,,-2.8
2291,6.88917,,100,,-2.8
2292,6.88918,,97,,-2.8
2293,6.88918,,96,,-2.8
2294,6.88998,,95,,-3.2
2295,6.89082,,95,,-3.4
2296,6.89163,,95,,-3.4
2297,6.89311,,95,,-3
2298,6.89438,,95,,-2.4
2299,6.89555,,94,,-2.4
2300,6.89662,,94,,-2.4
2301,6.89769,,95,,-2.4
2302,6.89869,,95,,-2.4
2303,6.89971,,95,,-2.4
2304,6.90073,,95,,-2.4
2305,6.90172,,95,,-2.4
2306,6.90294,,95,,-2.2
2307,6.90419,,95,,-2.2
2308,6.90528,,94,,-2.4
2309,6.90628,,94,,-2.4
2310,6.90733,,94,,-2.6
2311,6.90839,,94,,-2.6
2312,6.90961,,94,,-2.4
2313,6.91045,,94,,-3.2
2314,6.91165,,94,,-3.2
2315,6.91291,,94,,-3.2
2316,6.91387,,94,,-3
2317,6.91503,,95,,-3
2318,6.91605,,95,,-3
2319,6.91654,,95,,-3
2320,6.91687,,95,,-3
2321,6.91699,,95,,-3
2322,6.91706,,94,,-3
2323,6.91718,,93,,-3
2324,6.91731,,93,,-3
2325,6.91734,,92,,-2.8
2326,6.91797,,93,,-2.8
2327,6.91894,,94,,-3
2328,6.91992,,95,,-3
2329,6.92069,,95,,-2.8
2330,6.9216,,97,,-2.8
2331,6.92279,,97,,-2.8
2332,6.92403,,98,,-2.8
2333,6.92507,,98,,-3
2334,6.92609,,98,,-3
2335,6.92697,,98,,-3
2336,6.92779,,98,,-3
2337,6.92901,,97,,-2.8
2338,6.93046,,98,,-3
2339,6.93178,,99,,-3
2340,6.93316,,100,,-3
2341,6.93439,,101,,-3
2342,6.93529,,102,,-2.8
2343,6.93699,,101,,-2
2344,6.93849,,101,,-1.6
2345,6.93983,,101,,-1.2
2346,6.94088,,101,,-1.2
2347,6.94199,,100,,-1.2
2348,6.94299,,98,,-1
2349,6.94378,,97,,-0.4
2350,6.94507,,96,,-0.4
2351,6.94655,,96,,-0.2
2352,6.94802,,97,,-0.2
2353,6.94947,,99,,0
2354,6.95066,,99,,0
2355,6.95172,,98,,-0.2
2356,6.95293,,98,,-0.2
2357,6.95445,,98,,0.2
2358,6.95606,,99,,0.2
2359,6.95769,,98,,0.6
2360,6.95893,,98,,0.8
2361,6.96009,,98,,1
2362,6.96142,,98,,0.8
2363,6.96261,,98,,1
2364,6.96361,,99,,1
2365,6.96406,,99,,0.2
2366,6.96432,,99,,0.2
2367,6.96447,,100,,0.4
2368,6.96452,,100,,0.2
2369,6.96461,,100,,0.2
2370,6.96475,,101,,0.2
2371,6.96475,,101,,0.2
2372,6.96481,,100,,0.2
2373,6.96481,,100,,0.2
2374,6.96482,,100,,0.2
2375,6.96484,,100,,0.2
2376,6.96484,,99,,0.4
2377,6.96491,,99,,0.4
2378,6.96491,,99,,0.4
2379,6.96499,,99,,0.4
2380,6.96502,,99,,0.2
2381,6.96504,,100,,0.2
2382,6.96504,,100,,0.2
2383,6.96506,,100,,0.2
2384,6.96511,,100,,0.2
2385,6.96511,,101,,0.2
2386,6.96512,,101,,0.2
2387,6.96515,,101,,0.2
2388,6.96515,,101,,0.2
2389,6.96516,,101,,0.2
2390,6.96518,,101,,0.2
2391,6.96518,,101,,0.2
2392,6.96525,,101,,0.2
2393,6.96527,,101,,0.2
2394,6.96528,,102,,0.2
2395,6.96528,,102,,0.4
2396,6.96538,,102,,0.4
2397,6.96538,,103,,0.6
2398,6.96554,,103,,0.6
2399,6.9656,,103,,0.8
2400,6.96561,,103,,1
2401,6.96562,,103,,1
2402,6.96566,,103,,1
2403,6.9657,,104,,0.8
2404,6.9657,,104,,0.8
2405,6.96571,,104,,0.8
2406,6.96571,,105,,0.8
2407,6.96572,,106,,0.8
2408,6.96572,,106,,0.8
2409,6.96581,,107,,1
2410,6.96581,,107,,1.2
2411,6.96585,,107,,1.4
2412,6.96599,,107,,1.6
2413,6.96603,,107,,1.6
2414,6.96609,,107,,1.8
2415,6.96619,,107,,2
2416,6.96628,,106,,2.2
2417,6.96635,,106,,2.4
2418,6.96635,,106,,2.6
2419,6.96649,,106,,2.8
2420,6.96649,,105,,3
2421,6.9665,,105,,3
2422,6.9665,,104,,3.2
2423,6.9665,,104,,3.6
2424,6.96661,,103,,3.8
2425,6.96674,,103,,4
2426,6.96677,,102,,4.2
2427,6.96695,,101,,4.2
2428,6.96699,,101,,4.2
2429,6.96712,,100,,4.4
2430,6.96725,,100,,4.6
2431,6.96735,,99,,4.8
2432,6.9674,,99,,5.2
2433,6.96749,,99,,5.2
2434,6.96751,,99,,5.2
2435,6.96754,,99,,5.2
2436,6.96754,,99,,5.2
2437,6.96755,,97,,5.2
2438,6.96755,,97,,5.2
2439,6.96759,,97,,5.2
2440,6.96759,,97,,5.2
2441,6.9676,,97,,5.2
2442,6.9676,,97,,5.2
2443,6.96761,,97,,5.2
2444,6.96761,,97,,5.2
2445,6.96761,,97,,5.2
2446,6.96772,,98,,5
2447,6.96773,,98,,5
2448,6.9679,,98,,5
2449,6.96819,,99,,5
2450,6.96903,,99,,4.6
2451,6.96999,,99,,4.2
2452,6.97034,,99,,4.4
2453,6.97086,,99,,4.4
2454,6.97111,,99,,4.2
2455,6.97133,,99,,4
2456,6.97151,,99,,4.2
2457,6.97169,,99,,4.4
2458,6.97176,,98,,4.6
2459,6.97181,,98,,4.6
2460,6.97188,,97,,4.6
2461,6.97188,,97,,4.6
2462,6.97188,,96,,4.6
2463,6.97188,,94,,4.6
2464,6.97188,,94,,4.6
2465,6.97188,,94,,4.6
2466,6.97189,,94,,4.6
2467,6.97192,,94,,4.6
2468,6.97192,,94,,4.6
2469,6.97192,,94,,4.6
2470,6.97197,,94,,4.6
2471,6.97199,,94,,4.6
2472,6.972,,94,,4.6
2473,6.972,,94,,4.6
2474,6.97205,,93,,4.6
2475,6.97207,,93,,4.6
2476,6.9721,,92,,4.6
2477,6.97211,,92,,4.6
2478,6.97211,,92,,4.6
2479,6.97211,,91,,4.6
2480,6.97213,,91,,4.6
2481,6.97214,,91,,4.6
2482,6.97216,,85,,4.6
2483,6.97218,,87,,4.6
2484,6.97219,,90,,4.6
2485,6.97219,,90,,4.6
2486,6.97244,,91,,4.8
2487,6.97263,,92,,4.8
2488,6.97277,,94,,5
2489,6.97287,,93,,5
2490,6.97301,,93,,5
2491,6.97321,,93,,5
2492,6.97325,,95,,5.2
2493,6.97325,,97,,5.2
2494,6.97325,,98,,5.2
2495,6.97326,,97,,5.2
2496,6.97328,,98,,5.2
2497,6.97329,,98,,5.2
2498,6.97329,,98,,5.2
2499,6.97329,,98,,5.2
2500,6.9733,,96,,5.2
2501,6.97332,,94,,5.2
2502,6.97332,,94,,5.2
2503,6.97332,,94,,5.2
2504,6.97333,,95,,5.2
2505,6.97335,,95,,5.2
2506,6.97336,,95,,5
2507,6.97339,,95,,5.2
2508,6.97339,,96,,5.2
2509,6.97344,,96,,5.2
2510,6.97344,,96,,5.2
2511,6.97346,,96,,5.2
2512,6.97349,,96,,5
2513,6.97363,,96,,5.2
2514,6.97364,,96,,5.2
2515,6.97377,,96,,5.4
2516,6.97381,,95,,5.4
2517,6.97381,,95,,5.6
2518,6.97381,,95,,5.4
2519,6.97387,,94,,5.6
2520,6.97391,,94,,5.6
2521,6.97393,,94,,5.4
2522,6.97398,,93,,5.4
2523,6.97446,,93,,5.8
2524,6.97469,,93,,6.2
2525,6.97484,,93,,6.2
2526,6.97494,,93,,6.2
2527,6.97501,,92,,6.2
2528,6.97511,,92,,6.2
2529,6.97511,,92,,6
2530,6.97519,,92,,6
2531,6.97584,,92,,5.2
2532,6.97632,,92,,5
2533,6.97678,,91,,4.6
2534,6.97784,,92,,4.2
2535,6.97895,,92,,3.6
2536,6.98018,,92,,3.6
2537,6.98115,,91,,3.4
2538,6.98217,,91,,3
2539,6.98342,,91,,2.4
2540,6.98455,,91,,2.4
2541,6.98558,,90,,1.6
2542,6.98628,,90,,1.2
2543,6.98713,,90,,0.8
2544,6.98821,,90,,0.6
2545,6.98938,,89,,0.6
2546,6.99048,,89,,0.4
2547,6.99166,,89,,-0.4
2548,6.99288,,89,,-0.8
2549,6.99384,,89,,-1.2
2550,6.99448,,90,,-1.4
2551,6.9949,,93,,-1.8
2552,6.995,,93,,-2
2553,6.995,,94,,-2.2
2554,6.995,,94,,-2.4
2555,6.99516,,93,,-2.4
2556,6.99516,,95,,-2.4
2557,6.99517,,96,,-2.2
2558,6.99525,,97,,-2.2
2559,6.9953,,97,,-2.2
2560,6.99532,,95,,-2.2
2561,6.99536,,95,,-2.4
2562,6.99539,,93,,-2.4
2563,6.9954,,92,,-2.4
2564,6.99544,,91,,-2.2
2565,6.99545,,89,,-2.2
2566,6.99545,,89,,-2.2
2567,6.99545,,86,,-2.2
2568,6.99546,,86,,-2.2
2569,6.99546,,88,,-2.2
2570,6.9955,,88,,-2.2
2571,6.9955,,91,,-2.2
2572,6.99554,,91,,-2.2
2573,6.99558,,92,,-2.2
2574,6.99558,,92,,-2.2
2575,6.99558,,92,,-2.2
2576,6.99558,,92,,-2.2
2577,6.99562,,93,,-2.2
2578,6.99562,,93,,-2.2
2579,6.99562,,93,,-2.2
2580,6.99564,,94,,-2.2
2581,6.99566,,94,,-2.2
2582,6.99566,,95,,-2.2
2583,6.99567,,95,,-2.2
2584,6.99568,,95,,-2.2
2585,6.99568,,96,,-2.2
2586,6.99568,,96,,-2.2
2587,6.99568,,94,,-2
2588,6.99578,,93,,-2.2
2589,6.9958,,93,,-2.2
2590,6.99585,,93,,-2.2
2591,6.99585,,93,,-2.2
2592,6.99585,,93,,-2.2
2593,6.99588,,93,,-2.2
2594,6.9959,,94,,-2.2
2595,6.9959,,94,,-2.2
2596,6.9959,,95,,-2.2
2597,6.99593,,96,,-2.2
2598,6.99593,,96,,-2.2
2599,6.99598,,96,,-2.2
2600,6.996,,96,,-2.2
2601,6.996,,96,,-2.2
2602,6.99603,,96,,-2.2
2603,6.99609,,96,,-2.2
2604,6.99612,,96,,-2.2
2605,6.99612,,96,,-2.2
2606,6.99612,,96,,-2.2
2607,6.99614,,95,,-2.2
2608,6.99617,,95,,-2.2
2609,6.99617,,95,,-2.2
2610,6.99617,,95,,-2.2
2611,6.99618,,95,,-2.4
2612,6.99619,,94,,-2.2
2613,6.99619,,94,,-2.2
2614,6.99619,,94,,-2.2
2615,6.99622,,94,,-2.2
2616,6.99622,,94,,-2.2
2617,6.99622,,94,,-2.2
2618,6.99623,,94,,-2.2
2619,6.99623,,94,,-2.2
2620,6.99623,,94,,-2.2
2621,6.99625,,93,,-2.2
2622,6.99629,,93,,-2.2
2623,6.9963,,93,,-2.2
2624,6.9963,,93,,-2.2
2625,6.9963,,93,,-2.2
2626,6.99632,,92,,-2.2
2627,6.99633,,92,,-2.2
2628,6.99635,,92,,-2.2
2629,6.99636,,92,,-2.2
2630,6.99636,,92,,-2.2
2631,6.99636,,92,,-2.2
2632,6.99636,,92,,-2.2
2633,6.99636,,92,,-2.2
2634,6.99636,,91,,-2.2
2635,6.9965,,91,,-2
2636,6.99675,,91,,-2
2637,6.997,,91,,-1.8
2638,6.99785,,91,,-1.6
2639,6.99915,,91,,-1.4
2640,7.00003,,91,,-1.2
2641,7.00127,,91,,-1.2
2642,7.00266,,91,,-1.6
2643,7.00384,,91,,-1.6
2644,7.00492,,90,,-1.6
2645,7.00605,,91,,-1.8
2646,7.0071,,91,,-2.2
2647,7.00836,,91,,-2.2
2648,7.00991,,91,,-2.4
2649,7.01121,,91,,-2.4
2650,7.01231,,90,,-2.4
2651,7.01329,,88,,-2.4
2652,7.01434,,87,,-3.2
2653,7.01568,,85,,-3.2
2654,7.01721,,84,,-3
2655,7.01832,,83,,-3.2
2656,7.01929,,82,,-3
2657,7.02039,,82,,-3.2
2658,7.02168,,82,,-3.4
2659,7.02319,,82,,-3.4
2660,7.02468,,82,,-3.4
2661,7.02619,,82,,-3.4
2662,7.0275,,82,,-3.2
2663,7.02881,,82,,-3.2
2664,7.03014,,82,,-3.4
2665,7.03163,,81,,-3.4
2666,7.03329,,82,,-3.2
2667,7.03498,,82,,-3
2668,7.0366,,81,,-2.8
2669,7.03791,,81,,-2.8
2670,7.03908,,82,,-3.2
2671,7.04062,,84,,-2.6
2672,7.04218,,84,,-2.6
2673,7.04374,,86,,-2.2
2674,7.04513,,85,,-1.6
2675,7.04626,,87,,-1.4
2676,7.04735,,87,,-1.4
2677,7.04851,,84,,-1.4
2678,7.04945,,84,,-1.6
2679,7.05051,,85,,-1.8
2680,7.05173,,83,,-1.6
2681,7.05283,,81,,-1.6
2682,7.05341,,82,,-1.6
2683,7.05395,,82,,-1.4
2684,7.05621,,83,,-0.4
2685,7.0577,,83,,-0.2
2686,7.05918,,81,,0
2687,7.06056,,82,,0
2688,7.06198,,84,,0.2
2689,7.06324,,84,,0
2690,7.06451,,84,,0
2691,7.06599,,84,,0
2692,7.06752,,84,,-0.2
2693,7.06916,,84,,-0.2
2694,7.07091,,84,,-0.2
2695,7.07279,,84,,-0.2
2696,7.07434,,84,,-0.4
2697,7.07554,,84,,-0.4
2698,7.07686,,83,,-0.4
2699,7.07818,,83,,-0.4
2700,7.0797,,83,,-0.4
2701,7.08116,,83,,-0.4
2702,7.08275,,83,,-0.4
2703,7.08413,,83,,-0.2
2704,7.08554,,83,,0
2705,7.08709,,83,,0
2706,7.08819,,83,,-0.2
2707,7.08849,,83,,0
2708,7.08849,,83,,0
2709,7.0887,,83,,0
2710,7.08889,,83,,0
2711,7.08897,,83,,-0.2
2712,7.08908,,82,,-0.2
2713,7.08908,,83,,-0.2
2714,7.08908,,83,,-0.2
2715,7.08908,,83,,-0.2
2716,7.08908,,83,,-0.2
2717,7.08908,,83,,-0.2
2718,7.08909,,83,,-0.2
2719,7.08909,,83,,-0.2
2720,7.08909,,84,,-0.2
2721,7.0891,,84,,-0.2
2722,7.0891,,84,,-0.2
2723,7.08911,,84,,-0.2
2724,7.08911,,84,,-0.2
2725,7.08912,,84,,-0.2
2726,7.08912,,84,,-0.2
2727,7.08913,,84,,-0.2
2728,7.08913,,85,,-0.2
2729,7.08913,,85,,-0.2
2730,7.08914,,86,,-0.2
2731,7.08916,,86,,-0.2
2732,7.08916,,86,,-0.2
2733,7.08916,,86,,-0.2
2734,7.08917,,86,,-0.2
2735,7.08917,,86,,-0.2
2736,7.08918,,86,,-0.2
2737,7.08918,,86,,-0.2
2738,7.08919,,86,,-0.2
2739,7.08919,,86,,-0.2
2740,7.08921,,85,,-0.2
2741,7.08922,,85,,-0.2
2742,7.08923,,85,,-0.2
2743,7.08923,,84,,-0.2
2744,7.08923,,84,,-0.2
2745,7.08923,,84,,-0.2
2746,7.08923,,83,,-0.2
2747,7.08924,,83,,-0.2
2748,7.08924,,79,,-0.2
2749,7.08924,,75,,-0.2
2750,7.08924,,74,,-0.2
2751,7.08925,,74,,-0.2
2752,7.08925,,75,,-0.2
2753,7.08926,,76,,-0.2
2754,7.08926,,76,,-0.2
2755,7.08928,,76,,-0.2
2756,7.08929,,78,,-0.2
2757,7.08929,,79,,-0.2
2758,7.08929,,82,,-0.2
2759,7.08929,,83,,-0.2
2760,7.0893,,83,,-0.2
2761,7.0893,,83,,-0.2
2762,7.0893,,83,,-0.2
2763,7.08931,,82,,-0.2
2764,7.08931,,81,,-0.2
2765,7.08932,,81,,-0.2
2766,7.08932,,82,,-0.2
2767,7.08934,,82,,-0.2
2768,7.08939,,82,,-0.2
2769,7.08939,,81,,-0.2
2770,7.08965,,81,,-0.8
2771,7.0903,,81,,-1.2
2772,7.09071,,81,,-1
2773,7.09111,,81,,-1
2774,7.09134,,81,,-1.2
2775,7.09137,,81,,-1.4
2776,7.09137,,81,,-0.6
2777,7.09142,,81,,-0.6
2778,7.09142,,81,,-0.6
2779,7.0915,,81,,-0.6
2780,7.0915,,81,,-0.6
2781,7.0915,,80,,-0.6
2782,7.09152,,80,,-0.4
2783,7.09152,,80,,-0.4
2784,7.09153,,80,,-0.4
2785,7.09153,,79,,-0.4
2786,7.09153,,79,,-0.4
2787,7.09153,,79,,-0.4
2788,7.09154,,78,,-0.4
2789,7.09155,,78,,-0.4
2790,7.09155,,78,,-0.4
2791,7.09155,,78,,-0.4
2792,7.09155,,78,,-0.4
2793,7.09156,,78,,-0.4
2794,7.09156,,78,,-0.4
2795,7.09156,,78,,-0.4
2796,7.09156,,78,,-0.6
2797,7.09156,,78,,-0.6
2798,7.09156,,78,,-0.6
2799,7.09156,,78,,-0.6
2800,7.09156,,78,,-0.4
2801,7.09156,,78,,-0.4
2802,7.09156,,78,,-0.4
2803,7.09156,,77,,-0.4
2804,7.09157,,77,,-0.4
2805,7.09157,,77,,-0.4
2806,7.09157,,77,,-0.4
2807,7.0921,,77,,-1.2
2808,7.09237,,77,,-1.6
2809,7.0926,,76,,-1.2
2810,7.09268,,76,,-1
2811,7.09288,,76,,-1.2
2812,7.09341,,76,,-1.4
2813,7.09442,,76,,-1.4
2814,7.09557,,76,,-1.6
2815,7.09676,,76,,-1.8
2816,7.09792,,75,,-2
2817,7.09918,,75,,-2.2
2818,7.10046,,75,,-2.2
2819,7.10175,,74,,-2.2
2820,7.10299,,72,,-2.2
2821,7.10429,,74,,-2.2
2822,7.10574,,78,,-2.2
2823,7.10718,,82,,-2.2
2824,7.10869,,83,,-2.2
2825,7.11022,,80,,-2.4
2826,7.11215,,80,,-2.6
2827,7.11424,,80,,-2.6
2828,7.11652,,81,,-2.6
2829,7.11896,,83,,-2.4
2830,7.12168,,81,,-2.6
2831,7.12466,,79,,-2.8
2832,7.12751,,79,,-2.8
2833,7.13056,,79,,-3.2
2834,7.13384,,79,,-3.2
2835,7.1369,,81,,-3.4
2836,7.13995,,82,,-3.6
2837,7.14317,,82,,-3.6
2838,7.14628,,83,,-3.6
2839,7.14938,,83,,-3.8
2840,7.15231,,84,,-4.2
2841,7.15499,,85,,-4.4
2842,7.15787,,87,,-4.4
2843,7.16091,,89,,-4.6
2844,7.16436,,89,,-4.6
2845,7.16768,,89,,-4.8
2846,7.17074,,90,,-5
2847,7.17327,,93,,-5.6
2848,7.17589,,96,,-5.8
2849,7.17848,,99,,-6.2
2850,7.1808,,101,,-6.4
2851,7.18336,,101,,-7
2852,7.18661,,103,,-7.6
2853,7.18963,,106,,-8
2854,7.19291,,108,,-8.4
2855,7.19616,,109,,-8.8
2856,7.1998,,109,,-8.4
2857,7.20391,,113,,-8.2
2858,7.2079,,116,,-7.8
2859,7.21141,,119,,-7
2860,7.21488,,119,,-6.6
2861,7.21846,,120,,-6.2
2862,7.22182,,121,,-6
2863,7.22525,,123,,-5.6
2864,7.22884,,123,,-5.2
2865,7.23236,,125,,-4.2
2866,7.23582,,123,,-4.2
2867,7.23922,,124,,-3.8
2868,7.24248,,123,,-3.2
2869,7.24573,,124,,-3
2870,7.24905,,124,,-2.4
2871,7.25202,,125,,-2.6
2872,7.25509,,126,,-2.8
2873,7.25816,,127,,-3.6
2874,7.26115,,127,,-3.8
2875,7.26417,,126,,-4
2876,7.26732,,126,,-4
2877,7.27022,,126,,-3.8
2878,7.27308,,126,,-3.6
2879,7.27575,,126,,-3.2
2880,7.27894,,126,,-2.6
2881,7.2822,,126,,-2
2882,7.28551,,126,,-1.6
2883,7.28889,,126,,-1.2
2884,7.29212,,126,,-0.6
2885,7.2951,,126,,-0.2
2886,7.29825,,126,,0.2
2887,7.30137,,126,,0.2
2888,7.30446,,125,,0.6
2889,7.3076,,125,,1
2890,7.31083,,124,,0.8
2891,7.31421,,123,,1
2892,7.31765,,122,,1.4
2893,7.3209,,122,,2
2894,7.32393,,122,,2
2895,7.32706,,123,,2
2896,7.33037,,124,,2.4
2897,7.33386,,125,,2.4
2898,7.33711,,125,,2.8
2899,7.34029,,126,,3
2900,7.34353,,131,,3.2
2901,7.34673,,133,,3.2
2902,7.34993,,131,,3
2903,7.35277,,130,,3
2904,7.35539,,132,,3
2905,7.35811,,135,,2.2
2906,7.36077,,135,,2.2
2907,7.36361,,134,,1.6
2908,7.36651,,134,,1.2
2909,7.36935,,133,,1.6
2910,7.37243,,130,,1.4
2911,7.3756,,126,,0.4
2912,7.37872,,126,,0
2913,7.38261,,126,,-0.6
2914,7.38631,,127,,-1
2915,7.38969,,127,,-1.6
2916,7.39302,,128,,-2.6
2917,7.39635,,128,,-3.6
2918,7.39983,,128,,-4.2
2919,7.4034,,128,,-5.4
2920,7.40711,,128,,-5.2
2921,7.41081,,128,,-5.6
2922,7.41462,,128,,-5.6
2923,7.41806,,128,,-5.6
2924,7.42129,,128,,-5.6
2925,7.42424,,128,,-5.2
2926,7.42775,,128,,-5.2
2927,7.4314,,129,,-4.8
2928,7.43509,,129,,-4.6
2929,7.43857,,129,,-4
2930,7.44216,,129,,-3.4
2931,7.44621,,129,,-3.4
2932,7.45008,,129,,-3
2933,7.45391,,129,,-3.2
2934,7.45774,,130,,-3
2935,7.46138,,130,,-3
2936,7.46506,,130,,-3.2
2937,7.46878,,130,,-3.2
2938,7.47231,,131,,-3.2
2939,7.47585,,132,,-3
2940,7.47944,,133,,-2.8
2941,7.48273,,133,,-2.4
2942,7.48588,,134,,-2
2943,7.48897,,135,,-1.4
2944,7.49224,,135,,-0.2
2945,7.49544,,136,,0.2
2946,7.49881,,136,,0.4
2947,7.50228,,136,,0.4
2948,7.50563,,135,,0.8
2949,7.50913,,135,,0.6
2950,7.51275,,135,,0.8
2951,7.51637,,135,,1
2952,7.52012,,134,,1
2953,7.52365,,134,,0.8
2954,7.52732,,134,,0.8
2955,7.53091,,134,,0.4
2956,7.53451,,134,,0
2957,7.53839,,134,,-0.2
2958,7.54213,,133,,-0.4
2959,7.54585,,133,,-0.8
2960,7.54951,,133,,-1
2961,7.55322,,133,,-1.4
2962,7.5569,,133,,-2
2963,7.56043,,133,,-2
2964,7.56385,,133,,-2
2965,7.56758,,133,,-2.4
2966,7.57125,,133,,-2.4
2967,7.57501,,133,,-2.8
2968,7.57861,,133,,-3
2969,7.58231,,133,,-3.4
2970,7.58627,,133,,-2.6
2971,7.58992,,132,,-2.6
2972,7.59339,,132,,-2.4
2973,7.59678,,132,,-2.2
2974,7.60036,,131,,-2
2975,7.60396,,131,,-1.8
2976,7.60743,,131,,-1.4
2977,7.61118,,130,,-0.6
2978,7.61479,,130,,-0.4
2979,7.61857,,130,,-0.4
2980,7.62249,,130,,-0.4
2981,7.62608,,130,,-0.4
2982,7.62967,,130,,-0.6
2983,7.63346,,130,,-0.4
2984,7.63702,,130,,-0.4
2985,7.64053,,130,,-0.2
2986,7.64397,,131,,0
2987,7.6472,,131,,0
2988,7.65021,,131,,-0.6
2989,7.65299,,132,,-0.8
2990,7.65622,,132,,-1.2
2991,7.65965,,132,,-1.8
2992,7.66307,,132,,-2
2993,7.66656,,132,,-2
2994,7.67001,,132,,-2
2995,7.67337,,132,,-1.4
2996,7.67688,,132,,-1.6
2997,7.68052,,134,,-1.8
2998,7.68407,,134,,-2
2999,7.68759,,134,,-2.6
3000,7.69089,,134,,-2.8
3001,7.69422,,135,,-3
3002,7.69813,,136,,-3.4
3003,7.70196,,136,,-4
3004,7.70596,,138,,-4.6
3005,7.70987,,139,,-4.8
3006,7.71356,,141,,-4.4
3007,7.71729,,142,,-4.4
3008,7.72077,,144,,-4
3009,7.72453,,146,,-3.8
3010,7.72824,,149,,-3.8
3011,7.73208,,150,,-3.8
3012,7.73599,,151,,-4.2
3013,7.73959,,153,,-4.4
3014,7.74307,,155,,-4.2
3015,7.74671,,158,,-4.2
3016,7.75039,,161,,-4
3017,7.75413,,165,,-3.8
3018,7.75775,,165,,-3.2
3019,7.76116,,165,,-3.6
3020,7.76477,,167,,-3.6
3021,7.76864,,167,,-3.4
3022,7.77257,,167,,-3.2
3023,7.77652,,167,,-3.4
3024,7.78034,,166,,-3.6
3025,7.78428,,166,,-3.6
3026,7.78796,,166,,-3.8
3027,7.79155,,165,,-4.2
3028,7.79536,,165,,-4.4
3029,7.79895,,164,,-4.6
3030,7.80258,,163,,-5.2
3031,7.80606,,159,,-5
3032,7.80979,,158,,-4.4
3033,7.81349,,161,,-4.2
3034,7.81683,,166,,-4.6
3035,7.82049,,171,,-4.8
3036,7.82396,,171,,-4.4
3037,7.82751,,170,,-4
3038,7.83116,,166,,-4
3039,7.83492,,164,,-4
3040,7.83846,,164,,-4.4
3041,7.842,,162,,-4.4
3042,7.84567,,161,,-4.8
3043,7.84947,,161,,-5.2
3044,7.85311,,159,,-5.6
3045,7.85653,,160,,-5.8
3046,7.86016,,161,,-6
3047,7.86382,,161,,-6
3048,7.8675,,162,,-5.8
3049,7.87103,,164,,-6
3050,7.87473,,164,,-6
3051,7.87857,,164,,-5.6
3052,7.88208,,163,,-4.8
3053,7.88553,,164,,-4.4
3054,7.88896,,165,,-4.2
3055,7.89237,,166,,-3.6
3056,7.89582,,167,,-3
3057,7.89913,,168,,-2.2
3058,7.9023,,168,,-1.8
3059,7.90499,,168,,-1.4
3060,7.90717,,167,,-1
3061,7.90933,,165,,-0.6
3062,7.91159,,164,,0
3063,7.91429,,164,,0.4
3064,7.91672,,164,,0.6
3065,7.91941,,163,,0.8
3066,7.92222,,163,,0.8
3067,7.92504,,163,,0.4
3068,7.92744,,163,,-0.2
3069,7.93029,,163,,-0.4
3070,7.93314,,163,,-0.6
3071,7.93628,,163,,-0.6
3072,7.93925,,162,,-0.8
3073,7.94202,,162,,-1
3074,7.94482,,162,,-1.4
3075,7.94813,,163,,-2
3076,7.95177,,164,,-3.8
3077,7.95542,,165,,-5.2
3078,7.95968,,165,,-6.8
3079,7.96352,,166,,-7.8
3080,7.96817,,166,,-8.2
3081,7.97273,,166,,-9.2
3082,7.97698,,166,,-9.4
3083,7.98124,,165,,-9.2
3084,7.98566,,165,,-9.2
3085,7.98934,,165,,-8.8
3086,7.99266,,165,,-8.2
3087,7.99625,,165,,-8
3088,8.00004,,165,,-7.4
3089,8.00358,,165,,-7.4
3090,8.0069,,164,,-5.8
3091,8.01045,,163,,-5.2
3092,8.01381,,164,,-4.4
3093,8.01713,,164,,-4
3094,8.02063,,164,,-3.4
3095,8.02385,,165,,-2.4
3096,8.0273,,165,,-1.4
3097,8.03075,,165,,-0.6
3098,8.03411,,165,,0.4
3099,8.03763,,165,,1.2
3100,8.04121,,165,,2
3101,8.04461,,165,,2.6
3102,8.04827,,165,,3.2
3103,8.05192,,165,,3.6
3104,8.05556,,165,,3.8
3105,8.05906,,165,,3.8
3106,8.05924,,164.889,,3.73333
3107,8.05942,,164.778,,3.66667
3108,8.0596,,164.667,,3.6
3109,8.05978,,164.556,,3.53333
3110,8.05995,,164.444,,3.46667
3111,8.06013,,164.333,,3.4
3112,8.06031,,164.222,,3.33333
3113,8.06049,,164.111,,3.26667
3114,8.06067,,164,,3.2
3115,8.06294,,163,,3
3116,8.06552,,163,,2.8
3117,8.06873,,163,,2.8
3118,8.0722,,162,,2.6
3119,8.07563,,162,,2.6
3120,8.07874,,162,,2.4
3121,8.08189,,162,,2.4
3122,8.08529,,163,,2
3123,8.08923,,162,,2.2
3124,8.09307,,161,,2.2
3125,8.09682,,159,,2
3126,8.10051,,155,,2
3127,8.10401,,148,,2.2
3128,8.10749,,143,,2.2
3129,8.11122,,138,,2.4
3130,8.11491,,136,,2.6
3131,8.11874,,136,,2.8
3132,8.12215,,135,,3.2
3133,8.12562,,135,,3.6
3134,8.12925,,135,,3.6
3135,8.13271,,136,,3.4
3136,8.1364,,136,,3.4
3137,8.14008,,136,,3.4
3138,8.1438,,137,,3.4
3139,8.1478,,138,,3.4
3140,8.15145,,136,,3.4
3141,8.15498,,134,,3.4
3142,8.15857,,132,,3
3143,8.16172,,132,,3
3144,8.1649,,132,,3.4
3145,8.16831,,132,,3.6
3146,8.17166,,132,,4
3147,8.17526,,132,,4
3148,8.17868,,132,,4.6
3149,8.1821,,132,,5.2
3150,8.18564,,132,,5.4
3151,8.18907,,132,,5.8
3152,8.19268,,132,,6.2
3153,8.19626,,132,,6.6
3154,8.19931,,132,,7
3155,8.2024,,132,,7.4
3156,8.20542,,132,,7.8
3157,8.20838,,133,,8
3158,8.21161,,134,,8.2
3159,8.21451,,135,,8.8
3160,8.21747,,136,,9
3161,8.22047,,137,,9.2
3162,8.22305,,137,,9.2
3163,8.22581,,138,,9.2
3164,8.22879,,138,,8.8
3165,8.23185,,137,,8.8
3166,8.23485,,135,,8.4
3167,8.23798,,130,,8.4
3168,8.24084,,131,,8.4
3169,8.24336,,127,,8
3170,8.24562,,125,,7.8
3171,8.24801,,125,,7
3172,8.25078,,125,,6.6
3173,8.25363,,125,,6.4
3174,8.25656,,125,,5.6
3175,8.25966,,126,,5.2
3176,8.26266,,126,,4.6
3177,8.26565,,126,,4.2
3178,8.26865,,127,,3.8
3179,8.27141,,127,,3.6
3180,8.27441,,127,,3.4
3181,8.27747,,128,,3.2
3182,8.28023,,128,,3.2
3183,8.28307,,128,,3.2
3184,8.286,,129,,3.4
3185,8.2889,,129,,3.4
3186,8.29189,,129,,3.6
3187,8.29467,,130,,3.6
3188,8.29756,,130,,4.2
3189,8.30065,,130,,4.4
3190,8.30349,,131,,4.4
3191,8.30633,,131,,4.2
3192,8.3093,,131,,4
3193,8.31205,,132,,4
3194,8.31493,,133,,4.2
3195,8.31795,,133,,4.4
3196,8.32057,,134,,4.6
3197,8.32328,,134,,4.6
3198,8.32621,,135,,4.8
3199,8.32908,,135,,4.8
3200,8.33215,,135,,5
3201,8.33495,,136,,4.8
3202,8.33771,,136,,5.2
3203,8.34071,,137,,5.4
3204,8.34351,,138,,5.8
3205,8.34606,,138,,6.6
3206,8.34854,,139,,6.8
3207,8.35091,,140,,7.4
3208,8.3534,,141,,7.8
3209,8.35591,,142,,8.4
3210,8.35793,,142,,9
3211,8.35989,,142,,10
3212,8.36217,,142,,10.6
3213,8.36465,,141,,11.2
3214,8.36747,,141,,11.8
3215,8.37019,,141,,12.2
3216,8.37284,,141,,12.6
3217,8.3758,,141,,13
3218,8.37855,,141,,13.2
3219,8.38139,,141,,13.4
3220,8.38465,,141,,13.8
3221,8.38772,,141,,13.8
3222,8.39053,,141,,14
3223,8.39354,,140,,14.8
3224,8.39649,,140,,15
3225,8.39956,,140,,14.8
3226,8.40292,,141,,14.6
3227,8.4058,,141,,14
3228,8.40848,,141,,14.2
3229,8.41098,,141,,14.8
3230,8.41323,,138,,15
3231,8.41565,,133,,14.8
3232,8.41831,,133,,15
3233,8.42158,,132,,15.4
3234,8.42481,,132,,15.4
3235,8.42796,,131,,15.8
3236,8.4309,,131,,16.2
3237,8.43376,,131,,16.6
3238,8.43688,,130,,17.4
3239,8.43993,,130,,17.8
3240,8.44347,,130,,17.6
3241,8.44727,,129,,17.8
3242,8.45106,,129,,18.2
3243,8.4546,,129,,18
3244,8.45761,,129,,18
3245,8.4605,,130,,17.8
3246,8.46342,,130,,17
3247,8.46671,,131,,16.8
3248,8.47018,,131,,16.8
3249,8.47324,,131,,16.2
3250,8.47656,,132,,15.4
3251,8.47982,,132,,15
3252,8.48319,,133,,14
3253,8.48671,,133,,13.2
3254,8.4906,,133,,12.4
3255,8.49459,,134,,11.8
3256,8.49852,,134,,11.4
3257,8.50228,,134,,10.8
3258,8.50605,,134,,10.4
3259,8.5103,,134,,10.4
3260,8.51453,,134,,10
3261,8.51886,,134,,9.4
3262,8.52315,,134,,9
3263,8.52716,,135,,8.6
3264,8.53124,,135,,8.4
3265,8.53525,,133,,8
3266,8.53892,,133,,7.4
3267,8.54244,,133,,7
3268,8.54598,,132,,6.6
3269,8.54965,,132,,6.2
3270,8.55342,,132,,5.6
3271,8.55695,,133,,5.2
3272,8.56115,,133,,4.8
3273,8.56557,,134,,4.4
3274,8.5698,,134,,4
3275,8.57407,,135,,3.2
3276,8.57829,,135,,2.4
3277,8.58247,,135,,2
3278,8.58669,,134,,1.6
3279,8.59086,,134,,1.2
3280,8.59512,,133,,1.4
3281,8.59944,,133,,1.6
3282,8.60356,,133,,1.8
3283,8.6075,,133,,1.8
3284,8.61123,,133,,1.6
3285,8.61502,,132,,1.8
3286,8.61883,,133,,2
3287,8.62268,,133,,1.8
3288,8.62648,,133,,1.8
3289,8.63021,,133,,1.6
3290,8.63362,,133,,2
3291,8.63719,,134,,2.6
3292,8.64084,,135,,2.2
3293,8.64485,,135,,2.2
3294,8.64909,,135,,2.2
3295,8.65309,,135,,2.2
3296,8.65706,,135,,2.2
3297,8.661,,135,,1.8
3298,8.66493,,140,,2
3299,8.66894,,145,,2
3300,8.6725,,150,,2
3301,8.67606,,154,,1.8
3302,8.67961,,159,,1.8
3303,8.68296,,165,,1.8
3304,8.68655,,164,,2
3305,8.69024,,163,,2
3306,8.69416,,163,,2.2
3307,8.69814,,164,,2.2
3308,8.7017,,165,,2.2
3309,8.70545,,165,,2.4
3310,8.70911,,164,,2.6
3311,8.71262,,164,,2.6
3312,8.71617,,164,,3
3313,8.71958,,164,,2.8
3314,8.72317,,164,,2.8
3315,8.72676,,163,,2.6
3316,8.73022,,162,,3
3317,8.73408,,161,,3.2
3318,8.73807,,159,,3.6
3319,8.74198,,158,,3.8
3320,8.74599,,156,,3.6
3321,8.74997,,154,,3.6
3322,8.7534,,153,,4
3323,8.75712,,151,,4.2
3324,8.76072,,150,,4.6
3325,8.76459,,149,,4.8
3326,8.76804,,148,,4.8
3327,8.77152,,147,,4.8
3328,8.77533,,146,,5
3329,8.77909,,145,,5.2
3330,8.7827,,142,,5.4
3331,8.78643,,137,,5.4
3332,8.78982,,132,,5.6
3333,8.79332,,132,,5.6
3334,8.79679,,132,,5.6
3335,8.80028,,133,,5.6
3336,8.80399,,134,,5.4
3337,8.80757,,135,,5
3338,8.81119,,136,,4.6
3339,8.81506,,137,,4
3340,8.81867,,137,,4.4
3341,8.82243,,136,,4.6
3342,8.82606,,136,,4.4
3343,8.82962,,135,,4.4
3344,8.83327,,135,,4.6
3345,8.83691,,135,,4.4
3346,8.84047,,135,,4.4
3347,8.84388,,135,,4.6
3348,8.84754,,136,,4.4
3349,8.85124,,136,,4
3350,8.85491,,137,,3.6
3351,8.8585,,136,,3.8
3352,8.8622,,137,,4.2
3353,8.86579,,137,,4.4
3354,8.86925,,136,,4.4
3355,8.87307,,135,,4
3356,8.87666,,136,,4
3357,8.88033,,136,,3.8
3358,8.88405,,136,,3.4
3359,8.88771,,136,,3.8
3360,8.89151,,136,,4.2
3361,8.89521,,136,,4.2
3362,8.89892,,136,,4.4
3363,8.90246,,136,,4
3364,8.90581,,136,,4.4
3365,8.90932,,136,,4.6
3366,8.91272,,136,,4.6
3367,8.91614,,136,,4.8
3368,8.91973,,136,,5
3369,8.92305,,137,,4.6
3370,8.92653,,137,,4
3371,8.93021,,138,,3.6
3372,8.93361,,139,,3.6
3373,8.93711,,140,,3
3374,8.94081,,140,,2.8
3375,8.94429,,139,,2.8
3376,8.94777,,138,,2.8
3377,8.95119,,138,,2.6
3378,8.95469,,138,,2.4
3379,8.95816,,137,,2
3380,8.96177,,137,,2.2
3381,8.96546,,137,,2
3382,8.96907,,137,,2.2
3383,8.97264,,137,,2.6
3384,8.97619,,137,,2.8
3385,8.97953,,137,,2.6
3386,8.98305,,141,,2.4
3387,8.9867,,141,,2.2
3388,8.99012,,141,,1.6
3389,8.99373,,140,,1.2
3390,8.99744,,140,,1
3391,9.0011,,139,,1
3392,9.00495,,139,,0.8
3393,9.00859,,139,,0.8
3394,9.01243,,139,,0.6
3395,9.01635,,140,,0.4
3396,9.02009,,141,,0.8
3397,9.02393,,141,,1
3398,9.02752,,140,,1
3399,9.03104,,140,,1
3400,9.03455,,142,,1.2
3401,9.03822,,142,,1.4
3402,9.04225,,142,,1.4
3403,9.04606,,142,,1.4
3404,9.04983,,142,,1.4
3405,9.05363,,141,,1.4
3406,9.05703,,141,,1.4
3407,9.06064,,140,,1.2
3408,9.06452,,141,,1.2
3409,9.06826,,141,,1.4
3410,9.07209,,141,,1.4
3411,9.07557,,140,,1
3412,9.07928,,140,,1
3413,9.08321,,141,,0.8
3414,9.08697,,141,,0.6
3415,9.09092,,141,,0.4
3416,9.09485,,140,,0
3417,9.09866,,141,,0
3418,9.10256,,141,,0.2
3419,9.10623,,142,,0.4
3420,9.10986,,142,,0.8
3421,9.11362,,141,,0.8
3422,9.11732,,141,,1.4
3423,9.12122,,141,,2
3424,9.12507,,141,,2.6
3425,9.12876,,140,,3.4
3426,9.13256,,140,,4.2
3427,9.13645,,140,,4.4
3428,9.1404,,139,,4.2
3429,9.14413,,139,,4
3430,9.1479,,139,,4.2
3431,9.15173,,139,,3.8
3432,9.1554,,139,,4
3433,9.15901,,139,,3.4
3434,9.16284,,139,,3
3435,9.16667,,140,,3
3436,9.1705,,140,,2.4
3437,9.17427,,140,,2.2
3438,9.17811,,140,,2.2
3439,9.18183,,140,,2
3440,9.18527,,140,,1.8
3441,9.18877,,140,,2.2
3442,9.19222,,140,,2.2
3443,9.19541,,140,,2.2
3444,9.19844,,140,,2.2
3445,9.20131,,140,,2.4
3446,9.20376,,142,,2.4
3447,9.20582,,143,,2.6
3448,9.20723,,146,,2.6
3449,9.20827,,146,,3
3450,9.20958,,146,,3
3451,9.21096,,146,,3
3452,9.2122,,146,,3
3453,9.21339,,146,,3.2
3454,9.21433,,146,,3.6
3455,9.21528,,145,,3.8
3456,9.21622,,145,,4.2
3457,9.21729,,144,,4.4
3458,9.21872,,144,,4.4
3459,9.22016,,144,,4.6
3460,9.22168,,143,,4.8
3461,9.22303,,143,,4.8
3462,9.22425,,143,,5.2
3463,9.22545,,142,,5.4
3464,9.22653,,142,,5.4
3465,9.22762,,142,,5.2
3466,9.22883,,141,,5
3467,9.23009,,141,,5.2
3468,9.23128,,141,,5.8
3469,9.23223,,141,,6
3470,9.23309,,140,,6.4
3471,9.23422,,140,,6.8
3472,9.23515,,139,,7.2
3473,9.23578,,138,,7.8
3474,9.23609,,138,,8.2
3475,9.23624,,137,,8.4
3476,9.23624,,137,,7.8
3477,9.23624,,136,,7.6
3478,9.23629,,135,,7.6
3479,9.23629,,134,,7.6
3480,9.2363,,134,,7.6
3481,9.2363,,133,,7.6
3482,9.23631,,133,,7.6
3483,9.23632,,132,,7.6
3484,9.23632,,131,,7.6
3485,9.23632,,131,,7.6
3486,9.23637,,130,,7.6
3487,9.23637,,130,,7.6
3488,9.23639,,129,,7.6
3489,9.23639,,129,,7.8
3490,9.2364,,129,,7.8
3491,9.23643,,129,,7.8
3492,9.23646,,128,,7.6
3493,9.23655,,128,,7.8
3494,9.23655,,127,,7.6
3495,9.23656,,126,,7.6
3496,9.23663,,125,,7.6
3497,9.23663,,125,,7.6
3498,9.23673,,124,,7.6
3499,9.23673,,123,,7.6
3500,9.23673,,123,,7.6
3501,9.23673,,122,,7.6
3502,9.23673,,122,,7.6
3503,9.23673,,121,,7.6
3504,9.23673,,120,,7.6
3505,9.23673,,120,,7.6
3506,9.23673,,119,,7.6
3507,9.23673,,118,,7.6
3508,9.23673,,117,,7.6
3509,9.23673,,117,,7.6
3510,9.23674,,116,,7.6
3511,9.23674,,116,,7.6
3512,9.23675,,115,,7.6
3513,9.23676,,115,,7.6
3514,9.23676,,112,,7.6
3515,9.23676,,111,,7.6
3516,9.23676,,111,,7.6
3517,9.23676,,111,,7.6
3518,9.23676,,111,,7.6
3519,9.23677,,110,,7.6
3520,9.23677,,109,,7.6
3521,9.23678,,109,,7.6
3522,9.23679,,108,,7.6
3523,9.23679,,108,,7.6
3524,9.23679,,108,,7.6
3525,9.23679,,107,,7.6
3526,9.23679,,107,,7.6
3527,9.2368,,107,,7.6
3528,9.2368,,107,,7.6
3529,9.23681,,107,,7.6
3530,9.23681,,107,,7.6
3531,9.23681,,107,,7.6
3532,9.23682,,106,,7.6
3533,9.23682,,107,,7.6
3534,9.23683,,107,,7.6
3535,9.23683,,108,,7.6
3536,9.23683,,108,,7.6
3537,9.23683,,108,,7.6
3538,9.23683,,108,,7.6
3539,9.23685,,108,,7.6
3540,9.23685,,108,,7.6
3541,9.23686,,108,,7.6
3542,9.23689,,108,,7.6
3543,9.23689,,107,,7.6
3544,9.23689,,107,,7.6
3545,9.23691,,107,,7.6
3546,9.23691,,106,,7.6
3547,9.23691,,106,,7.6
3548,9.23693,,102,,7.6
3549,9.23694,,97,,7.6
3550,9.23695,,97,,7.6
3551,9.23697,,98,,7.6
3552,9.23699,,98,,7.6
3553,9.237,,98,,7.6
3554,9.237,,97,,7.6
3555,9.237,,98,,7.6
3556,9.23702,,98,,7.6
3557,9.23703,,98,,7.6
3558,9.23703,,97,,7.6
3559,9.23754,,97,,7.2
3560,9.23817,,98,,6.8
3561,9.23906,,98,,6.6
3562,9.24002,,98,,6.6
3563,9.24086,,98,,6.6
3564,9.24173,,98,,6.8
3565,9.24372,,98,,7
3566,9.24516,,98,,7
3567,9.24653,,99,,6.8
3568,9.24776,,99,,6.8
3569,9.24883,,99,,6.8
3570,9.24979,,99,,6.6
3571,9.25044,,99,,6.8
3572,9.25129,,98,,6.8
3573,9.2525,,96,,6.8
3574,9.2538,,95,,7
3575,9.25503,,93,,6.6
3576,9.25615,,92,,6.8
3577,9.25709,,92,,6.8
3578,9.2579,,92,,6.8
3579,9.25901,,91,,6.6
3580,9.25957,,90,,6.6
3581,9.25996,,90,,6.4
3582,9.26045,,89,,6.2
3583,9.26101,,90,,6.6
3584,9.26249,,90,,6.6
3585,9.26406,,90,,6.8
3586,9.26562,,90,,6.8
3587,9.26723,,91,,6.6
3588,9.26869,,94,,6.6
3589,9.26985,,98,,6.8
3590,9.27099,,102,,7.4
3591,9.27224,,102,,7.8
3592,9.27335,,103,,8.2
3593,9.27487,,104,,8.6
3594,9.27655,,104,,8.6
3595,9.27819,,107,,8.6
3596,9.27995,,107,,8.6
3597,9.2814,,107,,8.8
3598,9.2827,,109,,8.6
3599,9.28388,,108,,8.6
3600,9.28494,,109,,8.4
3601,9.28641,,108,,8.4
3602,9.28808,,107,,8.2
3603,9.28981,,107,,7.8
3604,9.29122,,109,,7.6
3605,9.29277,,105,,7.6
3606,9.29415,,102,,7.6
3607,9.29543,,103,,7.6
3608,9.29699,,103,,7.6
3609,9.29878,,102,,7.4
3610,9.30029,,103,,7
3611,9.3014,,103,,6.8
3612,9.30256,,103,,6.8
3613,9.30385,,103,,6.2
3614,9.30514,,103,,6
3615,9.30649,,103,,5.8
3616,9.30791,,103,,5.6
3617,9.30945,,101,,5.4
3618,9.31101,,100,,5.6
3619,9.31203,,99,,5.8
3620,9.31264,,98,,6
3621,9.31398,,97,,6
3622,9.31556,,97,,6.4
3623,9.31709,,97,,6.6
3624,9.31883,,97,,6.6
3625,9.32031,,100,,6.8
3626,9.32124,,100,,7
3627,9.32197,,100,,7.2
3628,9.32354,,99,,7.6
3629,9.32527,,99,,7.8
3630,9.32683,,97,,8.2
3631,9.32827,,96,,8.2
3632,9.3296,,95,,8.6
3633,9.33082,,95,,8.8
3634,9.33217,,93,,9
3635,9.3338,,92,,9
3636,9.3355,,92,,9.4
3637,9.33694,,92,,9.4
3638,9.33784,,92,,9.2
3639,9.33884,,92,,9.6
3640,9.34041,,92,,9.8
3641,9.34183,,93,,10
3642,9.34311,,93,,10
3643,9.34444,,93,,10
3644,9.34567,,93,,9.8
3645,9.34694,,93,,9.6
3646,9.34843,,94,,9.6
3647,9.34992,,94,,9.4
3648,9.35164,,94,,9.6
3649,9.35298,,99,,9.8
3650,9.35382,,101,,10
3651,9.35512,,101,,10.4
3652,9.35703,,101,,10.6
3653,9.35844,,101,,11
3654,9.35961,,100,,11.2
3655,9.36036,,100,,11.8
3656,9.36125,,100,,12
3657,9.36267,,99,,12.4
3658,9.36475,,99,,12.8
3659,9.36632,,93,,13
3660,9.36762,,92,,13.4
3661,9.36857,,93,,14
3662,9.36939,,93,,14.2
3663,9.37085,,93,,14.4
3664,9.37282,,93,,14.6
3665,9.37448,,93,,15
3666,9.37608,,93,,15.2
3667,9.37753,,93,,15.4
3668,9.37877,,93,,15.2
3669,9.38023,,89,,15.2
3670,9.38203,,88,,15.4
3671,9.38372,,88,,15.6
3672,9.38506,,89,,15.4
3673,9.38596,,90,,14.8
3674,9.38701,,91,,14.6
3675,9.38845,,91,,14.4
3676,9.3896,,91,,14.4
3677,9.39062,,91,,14.4
3678,9.39172,,91,,14.2
3679,9.39302,,91,,13.8
3680,9.39424,,92,,13.6
3681,9.3958,,92,,13.8
3682,9.39672,,92,,13.8
3683,9.39766,,93,,13.6
3684,9.3985,,93,,13.6
3685,9.39942,,93,,13.2
3686,9.40041,,93,,12.2
3687,9.40172,,98,,11.8
3688,9.403,,98,,11.8
3689,9.40432,,98,,11.8
3690,9.40571,,99,,11
3691,9.40683,,101,,10.6
3692,9.40768,,101,,10.2
3693,9.40868,,100,,10
3694,9.4099,,100,,9.8
3695,9.4115,,100,,9.8
3696,9.41304,,100,,9.6
3697,9.41436,,97,,9.6
3698,9.41557,,98,,9.2
3699,9.41671,,97,,9
3700,9.41784,,97,,9.2
3701,9.41932,,97,,9
3702,9.42113,,98,,9.2
3703,9.42287,,101,,9.2
3704,9.42429,,101,,9
3705,9.42544,,101,,9
3706,9.42666,,101,,9
3707,9.42756,,101,,9
3708,9.42805,,100,,9
3709,9.42846,,100,,8.6
3710,9.42926,,100,,8.6
3711,9.42965,,100,,9.4
3712,9.42965,,100,,9.4
3713,9.42965,,100,,9.6
3714,9.42965,,100,,9
3715,9.42965,,100,,9
3716,9.42965,,100,,9
3717,9.42976,,100,,8.8
3718,9.42976,,100,,8.8
3719,9.42976,,100,,8.8
3720,9.42977,,100,,8.8
3721,9.42977,,100,,8.8
3722,9.42977,,99,,8.8
3723,9.42977,,99,,8.8
3724,9.42977,,98,,8.8
3725,9.42977,,93,,8.8
3726,9.42977,,89,,8.8
3727,9.42979,,84,,8.8
3728,9.42979,,84,,8.8
3729,9.42979,,84,,8.8
3730,9.4298,,84,,8.8
3731,9.4298,,84,,8.8
3732,9.42981,,84,,8.8
3733,9.42981,,84,,9
3734,9.42998,,84,,8.2
3735,9.43044,,80,,7.4
3736,9.43087,,79,,7.4
3737,9.43154,,80,,7
3738,9.43237,,80,,6.8
3739,9.43352,,80,,6.4
3740,9.43469,,80,,6.2
3741,9.43596,,80,,6.6
3742,9.43716,,80,,6.4
3743,9.43856,,80,,6.2
3744,9.44003,,80,,5.8
3745,9.44189,,81,,5.6
3746,9.44353,,81,,5.2
3747,9.44486,,81,,4.8
3748,9.44608,,81,,4.4
3749,9.44757,,82,,3.8
3750,9.44899,,83,,3.6
3751,9.45042,,84,,4.2
3752,9.45152,,84,,4
3753,9.45275,,84,,4
3754,9.45397,,85,,3.6
3755,9.45545,,85,,3.2
3756,9.45716,,86,,3.2
3757,9.45887,,86,,3.2
3758,9.46013,,87,,3.8
3759,9.46132,,88,,3.8
3760,9.46299,,89,,4.2
3761,9.46425,,89,,4.4
3762,9.4658,,91,,4.8
3763,9.46727,,92,,5.2
3764,9.46858,,92,,5.6
3765,9.46976,,93,,5.8
3766,9.47083,,93,,6.2
3767,9.47178,,94,,6.2
3768,9.47283,,94,,6.2
3769,9.47428,,94,,6.2
3770,9.47588,,93,,6.6
3771,9.4772,,93,,7.4
3772,9.47846,,93,,7.6
3773,9.47963,,93,,7.8
3774,9.48082,,93,,8
3775,9.48209,,92,,8.2
3776,9.48337,,92,,7.8
3777,9.48474,,92,,7.6
3778,9.48599,,92,,7.6
3779,9.48716,,92,,7.8
3780,9.48864,,92,,8
3781,9.49027,,92,,8
3782,9.49181,,92,,8.2
3783,9.49339,,92,,8.2
3784,9.49479,,92,,8.4
3785,9.49578,,92,,8.4
3786,9.49714,,92,,9
3787,9.49864,,92,,9.2
3788,9.50022,,92,,9.4
3789,9.50205,,90,,9.6
3790,9.50375,,89,,9.2
3791,9.50525,,89,,9
3792,9.50643,,89,,9.6
3793,9.50783,,89,,10.2
3794,9.50927,,88,,10.6
3795,9.51096,,88,,10.4
3796,9.51268,,88,,10.2
3797,9.51386,,88,,10
3798,9.51492,,88,,10
3799,9.51611,,88,,10.2
3800,9.51749,,88,,10.6
3801,9.51913,,88,,10.6
3802,9.52058,,88,,10.8
3803,9.52177,,88,,10.8
3804,9.52284,,88,,10.8
3805,9.52386,,88,,10.8
3806,9.5249,,88,,10.8
3807,9.52608,,88,,11
3808,9.52763,,88,,10.8
3809,9.52911,,88,,10.6
3810,9.53064,,87,,10
3811,9.53198,,87,,9.8
3812,9.53367,,87,,9.6
3813,9.53535,,87,,9.2
3814,9.53695,,87,,8.8
3815,9.53879,,87,,8
3816,9.5407,,87,,7.6
3817,9.54243,,87,,7.4
3818,9.54377,,86,,6.8
3819,9.54489,,85,,6.8
3820,9.54627,,85,,6.6
3821,9.5479,,85,,6.8
3822,9.54962,,85,,6.6
3823,9.55118,,86,,6.4
3824,9.55238,,87,,6.6
3825,9.55381,,87,,6.8
3826,9.55551,,87,,6.4
3827,9.5571,,87,,6.2
3828,9.55882,,87,,5.8
3829,9.56049,,87,,5.6
3830,9.56187,,88,,5.8
3831,9.56302,,86,,5.6
3832,9.56418,,86,,5.4
3833,9.56534,,86,,5.2
3834,9.56678,,86,,5
3835,9.56834,,86,,4.6
3836,9.56977,,86,,4
3837,9.5711,,85,,4
3838,9.57237,,85,,3.6
3839,9.57352,,85,,3.2
3840,9.57475,,85,,2.8
3841,9.5764,,85,,3
3842,9.57818,,85,,2.8
3843,9.5796,,85,,2.4
3844,9.58064,,85,,2.2
3845,9.58186,,84,,1.8
3846,9.58311,,83,,1.4
3847,9.5845,,84,,1.2
3848,9.58601,,84,,0.8
3849,9.58726,,84,,0.6
3850,9.58821,,84,,0.2
3851,9.58928,,84,,0
3852,9.59049,,84,,-0.2
3853,9.59171,,84,,-0.4
3854,9.59314,,84,,-0.4
3855,9.59448,,84,,-0.2
3856,9.59565,,84,,-0.2
3857,9.59662,,83,,-0.4
3858,9.59744,,83,,-0.6
3859,9.59842,,83,,-0.8
3860,9.59963,,83,,-0.8
3861,9.60095,,83,,-0.6
3862,9.60224,,83,,-0.2
3863,9.60327,,83,,0
3864,9.60405,,83,,0.2
3865,9.6049,,83,,0.4
3866,9.60631,,83,,0.8
3867,9.6076,,83,,1.6
3868,9.60875,,83,,2.2
3869,9.60983,,83,,2.2
3870,9.61094,,83,,2.8
3871,9.61205,,83,,3.2
3872,9.61325,,83,,3.6
3873,9.61424,,83,,3.8
3874,9.61475,,83,,4.2
3875,9.61553,,84,,4.2
3876,9.61618,,84,,4.4
3877,9.61684,,84,,4.4
3878,9.61766,,84,,4.4
3879,9.61884,,84,,4.6
3880,9.6194,,84,,4.8
3881,9.61965,,84,,5.2
3882,9.62027,,84,,5.4
3883,9.62114,,84,,5.6
3884,9.62236,,84,,5.8
3885,9.62407,,85,,6.4
3886,9.62518,,85,,6.6
3887,9.62591,,85,,6.2
3888,9.62676,,85,,6
3889,9.62784,,85,,5.8
3890,9.62856,,85,,6
3891,9.62944,,85,,6
3892,9.63045,,85,,6.4
3893,9.63126,,85,,6.6
3894,9.63173,,85,,6.8
3895,9.63205,,85,,6.8
3896,9.63207,,85,,6.8
3897,9.63209,,85,,6.8
3898,9.63209,,85,,7
3899,9.63213,,85,,7
3900,9.63213,,85,,7
3901,9.63214,,84,,7
3902,9.63215,,84,,6.8
3903,9.63216,,80,,6.8
3904,9.63216,,78,,6.8
3905,9.63216,,78,,6.8
3906,9.63216,,78,,6.8
3907,9.63216,,78,,7.2
3908,9.63226,,78,,7.2
3909,9.6324,,78,,7.4
3910,9.6331,,77,,7.2
3911,9.63357,,76,,7.6
3912,9.63557,,77,,5.4
3913,9.63632,,77,,5
3914,9.63742,,78,,4.8
3915,9.63855,,79,,4.8
3916,9.63947,,79,,4.6
3917,9.64038,,80,,4.4
3918,9.64156,,81,,4.2
3919,9.64262,,82,,4
3920,9.64318,,83,,4
3921,9.64465,,86,,5.8
3922,9.64609,,86,,5
3923,9.64741,,89,,6
3924,9.6487,,90,,6.2
3925,9.64994,,90,,6.2
3926,9.65151,,90,,6.4
3927,9.65299,,90,,6.2
3928,9.6542,,90,,5.8
3929,9.65536,,90,,5.8
3930,9.6556,,90,,6
3931,9.65581,,90,,6
3932,9.65702,,90,,6.2
3933,9.65842,,90,,6.4
3934,9.65954,,90,,6.6
3935,9.66072,,88,,6.6
3936,9.66209,,87,,6.6
3937,9.66351,,88,,6.6
3938,9.66475,,91,,6.6
3939,9.66576,,91,,6.6
3940,9.66702,,88,,6.4
3941,9.66836,,89,,6
3942,9.6697,,90,,6.2
3943,9.67087,,90,,6.2
3944,9.67218,,90,,6.4
3945,9.67345,,90,,6.6
3946,9.67438,,90,,7
3947,9.67559,,90,,7
3948,9.67688,,90,,6.6
3949,9.6781,,89,,6.6
3950,9.67904,,89,,7
3951,9.68011,,89,,7
3952,9.68123,,89,,7
3953,9.68203,,89,,7
3954,9.68249,,89,,6.8
3955,9.68291,,89,,7
3956,9.68331,,89,,7
3957,9.68345,,89,,7.2
3958,9.68364,,89,,7.2
3959,9.68384,,89,,7.2
3960,9.68384,,89,,7.2
3961,9.68384,,89,,7
3962,9.68386,,89,,7
3963,9.68387,,89,,7
3964,9.68387,,89,,7
3965,9.68387,,89,,7
3966,9.68415,,89,,7
3967,9.68432,,89,,7
3968,9.68432,,89,,6.6
3969,9.68438,,89,,7
3970,9.68438,,88,,7
3971,9.6844,,88,,7
3972,9.6844,,88,,7
3973,9.6844,,88,,7
3974,9.68442,,88,,7
3975,9.68442,,88,,7
3976,9.68442,,88,,7.2
3977,9.68479,,88,,7.2
3978,9.68489,,88,,7.2
3979,9.68495,,88,,7
3980,9.685,,88,,7.2
3981,9.685,,88,,7
3982,9.68505,,88,,7
3983,9.68505,,88,,7
3984,9.68509,,88,,7
3985,9.68509,,88,,7
3986,9.6851,,88,,7
3987,9.68512,,88,,7
3988,9.68515,,88,,7
3989,9.68515,,88,,7
3990,9.68515,,87,,7
3991,9.68523,,87,,6.8
3992,9.68534,,86,,6.6
3993,9.68537,,86,,6.6
3994,9.68541,,85,,6.4
3995,9.68546,,85,,6.4
3996,9.68546,,85,,6.4
3997,9.68556,,84,,6.4
3998,9.68567,,84,,6.2
3999,9.68577,,84,,6
4000,9.68577,,84,,6
4001,9.68578,,84,,6
4002,9.68585,,84,,6
4003,9.68585,,84,,6
4004,9.68587,,84,,5.8
4005,9.68587,,84,,5.8
4006,9.68592,,84,,6
4007,9.68592,,84,,6
4008,9.68593,,83,,6
4009,9.68597,,83,,6
4010,9.68597,,83,,6
4011,9.686,,83,,6
4012,9.686,,82,,6
4013,9.68601,,82,,6
4014,9.68605,,81,,6.2
4015,9.68626,,80,,6.4
4016,9.68633,,76,,6.6
4017,9.68642,,75,,6.6
4018,9.68646,,75,,6.8
4019,9.68649,,75,,6.8
4020,9.68649,,75,,6.6
4021,9.6865,,75,,6.6
4022,9.68653,,75,,6.6
4023,9.68654,,75,,6.6
4024,9.68654,,75,,6.6
4025,9.68654,,76,,6.6
4026,9.68654,,76,,6.6
4027,9.68656,,76,,6.6
4028,9.68669,,76,,6.4
4029,9.68686,,76,,6.2
4030,9.68713,,76,,6
4031,9.68728,,76,,5.8
4032,9.68739,,76,,5.6
4033,9.68739,,76,,5.6
4034,9.68739,,76,,5.6
4035,9.68739,,76,,5.6
4036,9.68739,,76,,5.6
4037,9.6874,,76,,5.6
4038,9.68744,,78,,5.6
4039,9.68745,,78,,5.6
4040,9.68753,,78,,5.8
4041,9.68769,,78,,5.8
4042,9.68796,,78,,6
4043,9.68814,,78,,6.2
4044,9.68845,,78,,6.4
4045,9.68862,,78,,6.6
4046,9.68876,,78,,6.6
4047,9.68876,,78,,6.8
4048,9.68878,,78,,6.6
4049,9.68878,,77,,6.6
4050,9.68878,,77,,6.6
4051,9.68882,,77,,6.8
4052,9.68887,,77,,6.8
4053,9.68895,,77,,6.8
4054,9.68904,,77,,6.8
4055,9.68919,,77,,7.2
4056,9.68924,,77,,7.4
4057,9.68924,,77,,7.6
4058,9.68928,,77,,7.4
4059,9.68929,,77,,7.4
4060,9.68933,,78,,7.6
4061,9.68935,,78,,7.6
4062,9.68935,,78,,7.6
4063,9.68937,,78,,7.6
4064,9.68943,,78,,7.6
4065,9.68943,,78,,7.6
4066,9.68943,,78,,7.6
4067,9.68959,,78,,7.6
4068,9.68984,,78,,7.6
4069,9.6899,,78,,7.8
4070,9.68998,,78,,7.6
4071,9.69025,,78,,7.8
4072,9.69065,,78,,8
4073,9.69076,,78,,8
4074,9.691,,78,,8.2
4075,9.69115,,78,,8.2
4076,9.69136,,77,,8.2
4077,9.69174,,77,,8.2
4078,9.6919,,77,,8.2
4079,9.6921,,76,,8.4
4080,9.69225,,76,,8.2
4081,9.69228,,75,,8.2
4082,9.69231,,75,,8.4
4083,9.69231,,75,,8.2
4084,9.69231,,74,,8.2
4085,9.69255,,70,,8.2
4086,9.69272,,65,,8.4
4087,9.69289,,64,,8.4
4088,9.69293,,64,,8.4
4089,9.69293,,64,,8.6
4090,9.69293,,64,,8.6
4091,9.693,,64,,8.6
4092,9.693,,64,,8.8
4093,9.69301,,64,,9
4094,9.69304,,64,,9
4095,9.6931,,64,,9.2
4096,9.69317,,64,,9.6
4097,9.69319,,64,,9.8
4098,9.6932,,64,,9.8
4099,9.6932,,64,,9.8
4100,9.69326,,64,,9.8
4101,9.69332,,64,,10
4102,9.69349,,64,,10
4103,9.69385,,64,,10
4104,9.69416,,64,,10
4105,9.69455,,64,,10
4106,9.69465,,64,,9.8
4107,9.69465,,64,,9.6
4108,9.69465,,64,,9.4
4109,9.69495,,64,,9.4
4110,9.69507,,64,,9.4
4111,9.69517,,65,,9.2
4112,9.6953,,65,,9
4113,9.6953,,65,,8.8
4114,9.6953,,66,,9
4115,9.6953,,66,,9
4116,9.6954,,67,,9
4117,9.69556,,71,,9
4118,9.69561,,75,,8.8
4119,9.69581,,75,,8.8
4120,9.69581,,74,,8.8
4121,9.69592,,74,,8.8
4122,9.69599,,72,,8.8
4123,9.69599,,72,,9
4124,9.69599,,72,,8.8
4125,9.69599,,72,,9
4126,9.69604,,72,,8.8
4127,9.69605,,73,,8.8
4128,9.69605,,74,,8.8
4129,9.69605,,76,,8.8
4130,9.69605,,76,,8.8
4131,9.69607,,76,,8.8
4132,9.69608,,76,,9
4133,9.69613,,76,,9
4134,9.69631,,76,,9
4135,9.69644,,77,,9.2
4136,9.69655,,77,,9.2
4137,9.69659,,77,,9.2
4138,9.69659,,77,,9.2
4139,9.69663,,78,,9.2
4140,9.69667,,78,,9.2
4141,9.6967,,78,,9.2
4142,9.69672,,78,,9.2
4143,9.69677,,77,,9.2
4144,9.69679,,77,,9.2
4145,9.69681,,77,,9.2
4146,9.69681,,77,,9.2
4147,9.69682,,77,,9.2
4148,9.69684,,77,,9.2
4149,9.69684,,77,,9.2
4150,9.69685,,76,,9.2
4151,9.69688,,76,,9.2
4152,9.69688,,74,,9.2
4153,9.69695,,74,,9.2
4154,9.69695,,74,,9
4155,9.69697,,74,,9.2
4156,9.69697,,74,,9.2
4157,9.69697,,74,,9.2
4158,9.69697,,73,,9.2
4159,9.69707,,73,,9.2
4160,9.69722,,73,,9.2
4161,9.69733,,73,,9.2
4162,9.69733,,73,,9.4
4163,9.69733,,73,,9.6
4164,9.69735,,73,,9.6
4165,9.69735,,73,,9.6
4166,9.6974,,73,,9.6
4167,9.6975,,73,,9.6
4168,9.69756,,73,,9.6
4169,9.6976,,72,,9.6
4170,9.69766,,71,,9.6
4171,9.69767,,71,,9.6
4172,9.69767,,71,,9.6
4173,9.69768,,70,,9.6
4174,9.6977,,69,,9.6
4175,9.69779,,68,,9.4
4176,9.69789,,67,,9.4
4177,9.69803,,67,,9.2
4178,9.69815,,67,,9
4179,9.69815,,67,,9
4180,9.69821,,67,,9.2
4181,9.69824,,67,,9.2
4182,9.69824,,67,,9.2
4183,9.69824,,67,,9.2
4184,9.69824,,67,,9.2
4185,9.69824,,67,,9.2
4186,9.69824,,67,,9.2
4187,9.69824,,67,,9.2
4188,9.69826,,67,,9.2
4189,9.69827,,71,,9.2
4190,9.69827,,71,,9.2
4191,9.69827,,71,,9.2
4192,9.69827,,71,,9.2
4193,9.69828,,71,,9.2
4194,9.6983,,73,,9.2
4195,9.6983,,73,,9.2
4196,9.69831,,73,,9.2
4197,9.69834,,73,,9.2
4198,9.6984,,72,,9.2
4199,9.69844,,73,,9.2
4200,9.69844,,73,,9.2
4201,9.69844,,74,,9.2
4202,9.69846,,74,,9
4203,9.69848,,74,,9
4204,9.69848,,74,,9.2
4205,9.69849,,74,,9.2
4206,9.6985,,74,,9.2
4207,9.69851,,74,,9.2
4208,9.69853,,74,,9.2
4209,9.69855,,74,,9.2
4210,9.69856,,74,,9.2
4211,9.69856,,74,,9.2
4212,9.69856,,74,,9
4213,9.69857,,74,,9.2
4214,9.6986,,74,,9.2
4215,9.6986,,74,,9.2
4216,9.6986,,74,,9.2
4217,9.69862,,74,,9.2
4218,9.69862,,74,,9.2
4219,9.69866,,74,,9.2
4220,9.69873,,74,,9.2
4221,9.69888,,74,,9.2
4222,9.69904,,74,,9.2
4223,9.69904,,73,,9.4
4224,9.69908,,73,,9.4
4225,9.69914,,73,,9.2
4226,9.69914,,73,,9.2
4227,9.69916,,73,,9.2
4228,9.6992,,73,,9.2
4229,9.69921,,72,,9.2
4230,9.69925,,72,,9.2
4231,9.69925,,72,,9.2
4232,9.69928,,72,,9.4
4233,9.69955,,72,,9.4
4234,9.69972,,72,,9.6
4235,9.7,,72,,9
4236,9.70021,,72,,9.2
4237,9.70057,,72,,9
4238,9.70074,,72,,9
4239,9.70092,,72,,9
4240,9.70092,,72,,9
4241,9.70096,,72,,9
4242,9.70096,,72,,9
4243,9.701,,73,,9
4244,9.70102,,73,,9
4245,9.70102,,74,,9
4246,9.70103,,77,,9
4247,9.70105,,76,,9.2
4248,9.70109,,76,,9.2
4249,9.70113,,76,,9
4250,9.70113,,76,,9
4251,9.70113,,76,,9
4252,9.70118,,75,,9
4253,9.70121,,75,,9
4254,9.70121,,75,,9
4255,9.70123,,75,,9
4256,9.70123,,75,,9
4257,9.70127,,74,,9
4258,9.70129,,74,,9
4259,9.70131,,74,,9
4260,9.70131,,73,,9
4261,9.70131,,74,,9
4262,9.70138,,74,,9
4263,9.70138,,74,,9
4264,9.70138,,74,,9
4265,9.70142,,74,,9
4266,9.70142,,74,,9
4267,9.70146,,74,,9.2
4268,9.70153,,74,,9
4269,9.70153,,74,,9
4270,9.70154,,74,,9
4271,9.7016,,75,,9
4272,9.7016,,75,,9
4273,9.70162,,75,,9
4274,9.70162,,75,,9
4275,9.70166,,75,,9
4276,9.70169,,75,,9.2
4277,9.7017,,75,,9.2
4278,9.70171,,74,,9.2
4279,9.70171,,74,,9.2
4280,9.70175,,74,,9.2
4281,9.70175,,74,,9.2
4282,9.70178,,74,,9
4283,9.70182,,73,,9
4284,9.70182,,73,,9
4285,9.70182,,73,,9
4286,9.70182,,73,,9.2
4287,9.70182,,73,,9
4288,9.7019,,73,,9
4289,9.70191,,71,,9.2
4290,9.70191,,72,,9.2
4291,9.70191,,71,,9
4292,9.70191,,71,,9
4293,9.70192,,71,,9
4294,9.70192,,72,,9
4295,9.70195,,72,,9
4296,9.70195,,72,,9
4297,9.70195,,72,,9
4298,9.70199,,72,,9.2
4299,9.70199,,72,,9
4300,9.70199,,72,,9
4301,9.70202,,72,,9
4302,9.70202,,72,,9
4303,9.70205,,72,,9
4304,9.70205,,72,,9
4305,9.70207,,71,,9
4306,9.70207,,70,,9
4307,9.70209,,72,,9
4308,9.70209,,72,,9
4309,9.70218,,72,,9.2
4310,9.70221,,72,,9.2
4311,9.70221,,72,,9.2
4312,9.70222,,72,,9.2
4313,9.70222,,72,,9.2
4314,9.70224,,73,,9.2
4315,9.70226,,73,,9
4316,9.70228,,76,,9.2
4317,9.70229,,76,,9
4318,9.70231,,76,,9
4319,9.70232,,76,,9
4320,9.70233,,73,,9.2
4321,9.70234,,73,,9.2
4322,9.70235,,70,,9.2
4323,9.70236,,71,,9.2
4324,9.70247,,72,,9
4325,9.70251,,71,,9
4326,9.70252,,72,,9
4327,9.70252,,73,,9
4328,9.70257,,78,,9
4329,9.70259,,78,,9
4330,9.70261,,78,,9
4331,9.70261,,78,,9
4332,9.70262,,78,,9.2
4333,9.70264,,79,,9
4334,9.70267,,79,,9
4335,9.70269,,79,,9
4336,9.70274,,80,,9
4337,9.70276,,80,,9
4338,9.70278,,80,,9
4339,9.70282,,80,,9.2
4340,9.70282,,80,,9.2
4341,9.70295,,80,,9
4342,9.70308,,80,,9
4343,9.70319,,79,,9
4344,9.70322,,77,,9
4345,9.70325,,76,,9.2
4346,9.70325,,69,,9.2
4347,9.70329,,68,,9.2
4348,9.7033,,67,,9.2
4349,9.70332,,67,,9.2
4350,9.70334,,66,,9.2
4351,9.70334,,67,,9.2
4352,9.70334,,67,,9.2
4353,9.70335,,67,,9.2
4354,9.70335,,67,,9.2
4355,9.70357,,67,,9.2
4356,9.70357,,67,,9.2
4357,9.70364,,66,,9.2
4358,9.70371,,66,,9.2
4359,9.70373,,66,,9.2
4360,9.70379,,66,,9
4361,9.70382,,66,,9.2
4362,9.70384,,66,,9.2
4363,9.70388,,66,,9.2
4364,9.7039,,66,,9.2
4365,9.7039,,66,,9.2
4366,9.7039,,66,,9.2
4367,9.70392,,66,,9.2
4368,9.70392,,65,,9.2
4369,9.70392,,65,,9.2
4370,9.70393,,65,,9
4371,9.70395,,65,,9.2
4372,9.70395,,65,,9.2
4373,9.70396,,65,,9.2
4374,9.70399,,65,,9
4375,9.70405,,65,,9
4376,9.70407,,65,,9
4377,9.70407,,65,,9
4378,9.70407,,65,,9
4379,9.70407,,65,,9.2
4380,9.70407,,65,,9.2
4381,9.70418,,65,,9.2
4382,9.70421,,64,,9.2
4383,9.70421,,64,,9.2
4384,9.70421,,64,,9.2
4385,9.70423,,64,,9
4386,9.70423,,64,,9
4387,9.70425,,64,,9.2
4388,9.70425,,64,,9
4389,9.70427,,65,,8.8
4390,9.70438,,65,,8.8
4391,9.70438,,65,,8.8
4392,9.7044,,65,,8.8
4393,9.70442,,65,,8.8
4394,9.70443,,65,,8.8
4395,9.70443,,65,,8.8
4396,9.70444,,65,,8.8
4397,9.70444,,66,,8.6
4398,9.70454,,66,,8.8
4399,9.70454,,66,,8.8
4400,9.70459,,66,,8.8
4401,9.70459,,66,,9
4402,9.70464,,67,,8.8
4403,9.70501,,67,,8.6
4404,9.70534,,67,,8.4
4405,9.70567,,67,,8.2
4406,9.70605,,67,,8.2
4407,9.70646,,67,,8
4408,9.70682,,67,,8
4409,9.70717,,67,,8
4410,9.70749,,67,,7.8
4411,9.70785,,67,,7.8
4412,9.70829,,67,,7.8
4413,9.70858,,67,,8
4414,9.70883,,67,,8.2
4415,9.70908,,67,,8.2
4416,9.70919,,67,,8.2
4417,9.70919,,67,,8
4418,9.70919,,67,,8
4419,9.7096,,69,,7.6
4420,9.71242,,69,,6.2
4421,9.7128,,70,,7.4
4422,9.7128,,70,,8.4
4423,9.71291,,70,,7.4
4424,9.71325,,70,,7.6
4425,9.71325,,70,,7.6
4426,9.71325,,70,,7.4
4427,9.71329,,70,,7.4
4428,9.71339,,70,,7.4
4429,9.7135,,70,,7.4
4430,9.71356,,70,,7.4
4431,9.71361,,69,,7.4
4432,9.71361,,69,,7.4
4433,9.71368,,69,,7.4
4434,9.71375,,69,,7.4
4435,9.71378,,69,,7.4
4436,9.71385,,69,,7.4
4437,9.71385,,69,,7.4
4438,9.71385,,69,,7.4
4439,9.71386,,70,,7.4
4440,9.71387,,70,,7.4
4441,9.71387,,70,,7.4
4442,9.71388,,70,,7.4
4443,9.71389,,70,,7.4
4444,9.71389,,72,,7.4
4445,9.71389,,72,,7.4
4446,9.71391,,72,,7.6
4447,9.71413,,72,,7.8
4448,9.7143,,72,,8
4449,9.71461,,72,,8
4450,9.71466,,72,,8.2
4451,9.71472,,72,,8.4
4452,9.71472,,72,,8.6
4453,9.71475,,72,,8.6
4454,9.71479,,72,,8.6
4455,9.71492,,72,,8.6
4456,9.71499,,72,,8.4
4457,9.71499,,71,,8.4
4458,9.7153,,71,,8.4
4459,9.71558,,71,,8.2
4460,9.7158,,71,,8.2
4461,9.71591,,71,,8.2
4462,9.71612,,71,,8.2
4463,9.71628,,71,,8.4
4464,9.71635,,73,,8.4
4465,9.71635,,74,,8.4
4466,9.71641,,76,,8.4
4467,9.71641,,76,,8.4
4468,9.71641,,74,,8.4
4469,9.71643,,74,,8.4
4470,9.71648,,74,,8.4
4471,9.71648,,75,,8.4
4472,9.71652,,74,,8.4
4473,9.71653,,75,,8.4
4474,9.71653,,75,,8.4
4475,9.71654,,75,,8.4
4476,9.71658,,75,,8.4
4477,9.71658,,75,,8.4
4478,9.71658,,75,,8.4
4479,9.71658,,75,,8.4
4480,9.71658,,75,,8.4
4481,9.71665,,75,,8.4
4482,9.71665,,75,,8.4
4483,9.71678,,74,,8.6
4484,9.71678,,74,,8.8
4485,9.71678,,74,,8.8
4486,9.71678,,74,,8.8
4487,9.71679,,74,,8.8
4488,9.71684,,74,,8.8
4489,9.71684,,74,,8.8
4490,9.71684,,74,,8.8
4491,9.71688,,73,,8.8
4492,9.71689,,73,,8.8
4493,9.71689,,73,,8.8
4494,9.71692,,73,,8.8
4495,9.717,,73,,8.8
4496,9.71706,,72,,9
4497,9.71722,,72,,9.2
4498,9.71741,,72,,9.2
4499,9.71755,,72,,9.2
4500,9.71763,,72,,9.2
4501,9.71776,,71,,9
4502,9.71776,,71,,8.8
4503,9.71776,,71,,8.8
4504,9.71777,,71,,8.8
4505,9.7178,,71,,8.8
4506,9.7178,,72,,8.8
4507,9.71781,,72,,8.8
4508,9.71782,,72,,8.8
4509,9.71783,,74,,8.8
4510,9.71783,,74,,8.8
4511,9.71789,,74,,8.8
4512,9.71795,,74,,8.8
4513,9.71796,,74,,8.8
4514,9.71798,,74,,8.8
4515,9.71798,,74,,8.8
4516,9.718,,74,,8.6
4517,9.71803,,76,,8.6
4518,9.71803,,75,,8.8
4519,9.71804,,76,,8.8
4520,9.71804,,76,,8.8
4521,9.71809,,76,,8.8
4522,9.71812,,76,,8.8
4523,9.71812,,76,,8.8
4524,9.71814,,76,,8.8
4525,9.71814,,76,,8.8
4526,9.71822,,75,,8.8
4527,9.71831,,75,,8.8
4528,9.71839,,75,,8.8
4529,9.71845,,75,,9
4530,9.71855,,75,,9
4531,9.71855,,75,,9
4532,9.71855,,75,,9
4533,9.71857,,75,,9.2
4534,9.71866,,75,,9.2
4535,9.71874,,75,,9.2
4536,9.71874,,75,,9.2
4537,9.71874,,75,,9.2
4538,9.71874,,75,,9.2
4539,9.71874,,75,,9
4540,9.71878,,75,,9
4541,9.71888,,75,,9
4542,9.71888,,75,,9.2
4543,9.71889,,75,,9.2
4544,9.71908,,75,,9.2
4545,9.71925,,75,,9.2
4546,9.71936,,75,,9.2
4547,9.71941,,75,,9.2
4548,9.71942,,75,,9.2
4549,9.71944,,75,,9.2
4550,9.71947,,75,,9.2
4551,9.71954,,75,,9.4
4552,9.71967,,74,,9.6
4553,9.72,,74,,9.6
4554,9.72027,,74,,9.8
4555,9.72027,,73,,10
4556,9.72033,,73,,10
4557,9.72033,,73,,10
4558,9.72033,,73,,10
4559,9.72034,,72,,9.8
4560,9.7206,,72,,9.8
4561,9.72098,,72,,10
4562,9.72147,,72,,10
4563,9.72217,,71,,10
4564,9.72276,,71,,10
4565,9.72276,,71,,10
4566,9.72276,,70,,10
4567,9.72276,,70,,10
4568,9.72284,,69,,10
4569,9.72318,,69,,9.8
4570,9.72358,,69,,8.8
4571,9.72396,,69,,8
4572,9.72399,,69,,8
4573,9.72423,,68,,7.6
4574,9.72443,,68,,7
4575,9.72446,,68,,6.8
4576,9.72472,,68,,6.2
4577,9.72498,,68,,5.6
4578,9.72527,,68,,4.8
4579,9.7258,,68,,3.6
4580,9.72617,,68,,2.4
4581,9.72627,,68,,1.8
4582,9.72628,,68,,1
4583,9.72651,,68,,0.4
4584,9.72658,,68,,-0.4
4585,9.72658,,68,,-1.2
4586,9.72658,,69,,-1.8
4587,9.72658,,69,,-2.4
4588,9.72666,,69,,-2.8
4589,9.72711,,69,,-4.2
4590,9.72747,,69,,-4.8
4591,9.72794,,69,,-5.2
4592,9.72843,,69,,-5.6
4593,9.72875,,69,,-5.6
4594,9.72909,,69,,-6
4595,9.72975,,69,,-7
4596,9.73034,,69,,-7.2
4597,9.7306,,69,,-7.2
4598,9.73092,,69,,-7.6
4599,9.73125,,69,,-7.8
4600,9.732,,69,,-7.8
4601,9.73267,,69,,-8.2
4602,9.73303,,69,,-8.2
4603,9.73345,,69,,-8.4
4604,9.73398,,69,,-8.6
4605,9.73422,,69,,-9.4
4606,9.73428,,69,,-10
4607,9.73448,,69,,-10.6
4608,9.73448,,69,,-10.6
4609,9.73454,,69,,-10.6
4610,9.73455,,68,,-10.8
4611,9.73481,,68,,-11
4612,9.7349,,68,,-10.8
4613,9.73492,,68,,-10.8
4614,9.73496,,68,,-10.8
4615,9.73499,,68,,-10.8
4616,9.73503,,68,,-10.8
4617,9.73505,,68,,-10.8
4618,9.73508,,68,,-10.8
4619,9.73515,,68,,-10.8
4620,9.73542,,68,,-10.6
4621,9.73582,,68,,-10.4
4622,9.73625,,68,,-10
4623,9.73662,,68,,-9.8
4624,9.73696,,68,,-9.6
4625,9.73716,,0,,-9.2
4626,9.73744,,0,,-8.8
4627,9.73752,,0,,-8.2
4628,9.73765,,0,,-7.8
4629,9.73765,,0,,-7.6
4630,9.73765,,0,,-7.6
4631,9.73899,,0,,-7.2
4632,9.74431,,0,,-7.8
4633,9.74592,,0,,-5.6
4634,9.74675,,67,,-4.8
4635,9.74738,,67,,-3.8
4636,9.74807,,67,,-2.8
4637,9.74873,,67,,-1
4638,9.74912,,67,,0
4639,9.74921,,69,,0
4640,9.74925,,69,,0.2
4641,9.74928,,71,,0.2
4642,9.74938,,71,,0.4
4643,9.74951,,71,,0.6
4644,9.74956,,71,,0.6
4645,9.74963,,70,,0.8
4646,9.74965,,70,,1
4647,9.74966,,66,,1.2
4648,9.7497,,64,,1.2
4649,9.74974,,64,,1.2
4650,9.74975,,64,,1
4651,9.74975,,64,,1
4652,9.74976,,64,,1
4653,9.74976,,64,,1.2
4654,9.74979,,64,,1.2
4655,9.7498,,64,,1.2
4656,9.74981,,65,,1.2
4657,9.74982,,66,,1
4658,9.74985,,66,,1
4659,9.74989,,67,,1
4660,9.7499,,68,,1
4661,9.74991,,68,,1
4662,9.74991,,70,,1
4663,9.74991,,72,,1
4664,9.74994,,75,,1
4665,9.74994,,78,,1
4666,9.74996,,82,,1
4667,9.74997,,87,,1
4668,9.74997,,94,,1
4669,9.74997,,98,,1
4670,9.75,,103,,1
4671,9.75001,,108,,1
4672,9.75001,,113,,1
4673,9.75004,,117,,1.2
4674,9.75004,,124,,1
4675,9.75005,,126,,1
4676,9.75005,,133,,1
4677,9.75005,,129,,1
4678,9.75005,,126,,1
4679,9.75006,,126,,1
4680,9.75006,,126,,1
4681,9.75007,,124,,1
4682,9.75007,,123,,1
4683,9.75007,,126,,1
4684,9.75007,,127,,1
4685,9.75007,,123,,1
4686,9.75009,,124,,1
4687,9.75009,,123,,1
4688,9.75009,,126,,1
4689,9.75009,,128,,1
4690,9.75011,,129,,1
4691,9.75011,,132,,1
4692,9.75011,,132,,1
4693,9.75012,,132,,1
4694,9.75014,,132,,1
4695,9.75014,,130,,1
4696,9.75014,,126,,1
4697,9.75019,,127,,1
4698,9.75019,,127,,1
4699,9.75021,,126,,1
4700,9.75023,,126,,1
4701,9.75024,,126,,1
4702,9.75025,,126,,1.2
4703,9.75025,,126,,1
4704,9.75025,,126,,1
4705,9.75029,,126,,1.2
4706,9.75029,,121,,1.2
4707,9.75033,,116,,1.2
4708,9.75033,,121,,1.2
4709,9.75033,,121,,1.2
4710,9.75036,,121,,1.2
4711,9.75039,,120,,1.2
4712,9.75041,,118,,1.2
4713,9.75042,,121,,1.2
4714,9.75042,,122,,1.2
4715,9.75044,,123,,1.2
4716,9.75045,,122,,1.2
4717,9.75045,,123,,1.2
4718,9.75045,,127,,1
4719,9.75046,,127,,1
4720,9.75048,,126,,1
4721,9.75054,,123,,1
4722,9.75054,,124,,1
4723,9.75058,,124,,1
4724,9.75058,,124,,1
4725,9.75059,,123,,1
4726,9.75061,,123,,1
4727,9.75061,,123,,1
4728,9.75061,,119,,1
4729,9.75065,,114,,1.2
4730,9.75068,,109,,1.2
4731,9.75072,,105,,1.2
4732,9.75073,,96,,1.2
4733,9.75073,,93,,1.2
4734,9.75074,,90,,1.2
4735,9.75076,,90,,1.2
4736,9.75077,,89,,1.2
4737,9.75077,,89,,1.2
4738,9.75077,,88,,1.2
4739,9.75077,,87,,1.2
4740,9.75078,,87,,1.2
4741,9.75078,,86,,1.2
4742,9.75082,,85,,1
4743,9.75082,,85,,1
4744,9.75082,,81,,1.2
4745,9.75082,,75,,1
4746,9.75083,,75,,1
4747,9.75084,,75,,1
4748,9.75097,,75,,1
4749,9.75097,,75,,0.8
4750,9.75098,,74,,1
4751,9.75098,,74,,1
4752,9.75098,,74,,1
4753,9.75098,,74,,1
4754,9.75099,,70,,1
4755,9.75099,,69,,1
4756,9.751,,66,,1
4757,9.75101,,66,,1
4758,9.75101,,69,,1
4759,9.75101,,71,,1
4760,9.75103,,73,,1.2
4761,9.75105,,76,,1.2
4762,9.75108,,79,,1.2
4763,9.7511,,81,,1.2
4764,9.7511,,83,,1.2
4765,9.7511,,86,,1.4
4766,9.75113,,87,,1.2
4767,9.75116,,89,,1
4768,9.75116,,89,,1
4769,9.75118,,90,,1
4770,9.75118,,94,,1
4771,9.7512,,98,,1.2
4772,9.75122,,102,,1.2
4773,9.75124,,102,,1.2
4774,9.75125,,109,,1.2
4775,9.75126,,113,,1.2
4776,9.75127,,116,,1.2
4777,9.75127,,123,,1.2
4778,9.75128,,124,,1.2
4779,9.75128,,124,,1
4780,9.75129,,125,,1
4781,9.75129,,125,,1.2
4782,9.7513,,126,,1.2
4783,9.75131,,126,,1.2
4784,9.75132,,126,,1.2
4785,9.75133,,127,,1.2
4786,9.75133,,127,,1.2
4787,9.75133,,127,,1.2
4788,9.75135,,126,,1.2
4789,9.75136,,126,,1.2
4790,9.75136,,125,,1.2
4791,9.75136,,124,,1.2
4792,9.75137,,124,,1.2
4793,9.75137,,123,,1.2
4794,9.75139,,122,,1.2
4795,9.75139,,121,,1.2
4796,9.75139,,118,,1.2
4797,9.75139,,118,,1
4798,9.75143,,112,,1.2
4799,9.75143,,106,,1.2
4800,9.75143,,104,,1.2
4801,9.75143,,101,,1
4802,9.75143,,101,,1
4803,9.75144,,100,,1
4804,9.75144,,98,,1
4805,9.75145,,98,,1
4806,9.75146,,97,,1
4807,9.75147,,98,,1
4808,9.75148,,101,,1
4809,9.75148,,105,,1
4810,9.75148,,105,,1
4811,9.75149,,106,,1
4812,9.7515,,111,,1
4813,9.75151,,115,,1
4814,9.75152,,119,,1
4815,9.75153,,122,,1
4816,9.75153,,120,,1
4817,9.75154,,120,,1
4818,9.75154,,120,,1
4819,9.75156,,119,,1
4820,9.75156,,118,,1
4821,9.75156,,117,,1
4822,9.75157,,117,,1.2
4823,9.75157,,116,,1
4824,9.75158,,115,,1.2
4825,9.75159,,115,,1.2
4826,9.7516,,115,,1.2
4827,9.75161,,114,,1
4828,9.75162,,114,,1
4829,9.75162,,114,,1
4830,9.75163,,114,,1.2
4831,9.75164,,114,,1.2
4832,9.75165,,113,,1
4833,9.75166,,113,,1
4834,9.75166,,112,,1.2
4835,9.75167,,112,,1.2
4836,9.75168,,108,,1.2
4837,9.75168,,105,,1.2
4838,9.7517,,101,,1.2
4839,9.7517,,101,,1.2
4840,9.7517,,101,,1.2
4841,9.7517,,100,,1.2
4842,9.7517,,100,,1.2
4843,9.75172,,99,,1.2
4844,9.75173,,98,,1
4845,9.75173,,98,,1
4846,9.75173,,97,,1
4847,9.75173,,95,,1.2
4848,9.75177,,95,,1.2
4849,9.75177,,94,,1.2
4850,9.75177,,93,,1.2
4851,9.75181,,92,,1.2
4852,9.75182,,91,,1.2
4853,9.75182,,91,,1
4854,9.75188,,90,,1.2
4855,9.75188,,89,,1
4856,9.75188,,89,,1.2
4857,9.75189,,88,,1
4858,9.7519,,88,,1
4859,9.75191,,87,,1
4860,9.75191,,87,,1.2
4861,9.75199,,87,,1.2
4862,9.75204,,86,,1.2
4863,9.75207,,84,,1
4864,9.75207,,86,,1
4865,9.75207,,89,,1.2
4866,9.75207,,89,,1
4867,9.7521,,91,,1
4868,9.75211,,96,,1
4869,9.75212,,96,,1.2
4870,9.75214,,101,,1.2
4871,9.75214,,105,,1.2
4872,9.75217,,109,,1
4873,9.75217,,114,,1
4874,9.75217,,117,,1.2
4875,9.75217,,117,,1.2
4876,9.75218,,116,,1.2
4877,9.7522,,116,,1.2
4878,9.75221,,114,,1.2
4879,9.75221,,116,,1.2
4880,9.75221,,119,,1.2
4881,9.75223,,123,,1.2
4882,9.75225,,129,,1.2
4883,9.75226,,132,,1.2
4884,9.75226,,134,,1.2
4885,9.75226,,134,,1.2
4886,9.75227,,134,,1.2
4887,9.75229,,133,,1
4888,9.75234,,132,,1.2
4889,9.75235,,133,,1.2
4890,9.75241,,131,,1.4
4891,9.75253,,133,,1.6
4892,9.75253,,135,,1.4
4893,9.75253,,136,,1.4
4894,9.75253,,137,,1.4
4895,9.75253,,135,,1.4
4896,9.75253,,133,,1.4
4897,9.75253,,132,,1.4
4898,9.75253,,131,,1.4
4899,9.75253,,131,,1.4
4900,9.75254,,131,,1.4
4901,9.75255,,131,,1.4
4902,9.75255,,131,,1.4
4903,9.75255,,131,,1.4
4904,9.75256,,131,,1.4
4905,9.75256,,132,,1.4
4906,9.75257,,132,,1.4
4907,9.75257,,132,,1.4
4908,9.75258,,132,,1.4
4909,9.75262,,132,,1.4
4910,9.75267,,132,,1.4
4911,9.7527,,131,,1.4
4912,9.7527,,131,,1.4
4913,9.75271,,131,,1.4
4914,9.75289,,131,,1.6
4915,9.75304,,131,,1.6
4916,9.75317,,130,,1.8
4917,9.75317,,129,,1.8
4918,9.75317,,128,,1.8
4919,9.75317,,127,,1.8
4920,9.75317,,126,,1.8
4921,9.75321,,126,,1.8
4922,9.75322,,125,,1.8
4923,9.75324,,124,,1.8
4924,9.75324,,123,,1.8
4925,9.75324,,122,,1.8
4926,9.75324,,121,,1.8
4927,9.75325,,120,,1.8
4928,9.75325,,119,,1.8
4929,9.75325,,118,,1.8
4930,9.75326,,118,,1.8
4931,9.75326,,117,,1.8
4932,9.75326,,116,,1.8
4933,9.75326,,116,,1.8
4934,9.75327,,115,,1.8
4935,9.75328,,114,,1.8
4936,9.75328,,109,,1.8
4937,9.75328,,105,,1.8
4938,9.75328,,107,,1.8
4939,9.75328,,110,,1.8
4940,9.75329,,113,,1.8
4941,9.75329,,118,,1.8
4942,9.7533,,123,,1.8
4943,9.7533,,127,,1.8
4944,9.7533,,125,,1.8
4945,9.75331,,125,,1.8
4946,9.75331,,124,,1.8
4947,9.75332,,124,,1.8
4948,9.75332,,124,,1.8
4949,9.75333,,122,,1.8
4950,9.75333,,124,,1.8
4951,9.75333,,125,,1.8
4952,9.75334,,128,,1.8
4953,9.75334,,132,,1.8
4954,9.75337,,135,,1.8
4955,9.75338,,139,,1.8
4956,9.75338,,143,,1.8
4957,9.75339,,149,,1.8
4958,9.7534,,150,,1.8
4959,9.75341,,149,,1.8
4960,9.75341,,150,,1.8
4961,9.75342,,150,,1.8
4962,9.75342,,148,,1.8
4963,9.75345,,146,,1.8
4964,9.75345,,144,,1.8
4965,9.75345,,143,,1.8
4966,9.75345,,141,,1.8
4967,9.75346,,142,,1.8
4968,9.75348,,142,,1.8
4969,9.75352,,142,,1.8
4970,9.75353,,139,,1.8
4971,9.75355,,138,,1.8
4972,9.75357,,137,,2
4973,9.75359,,138,,1.8
4974,9.7536,,136,,1.8
4975,9.75362,,134,,2
4976,9.75363,,134,,2
4977,9.75365,,134,,1.8
4978,9.75367,,134,,1.8
4979,9.7537,,134,,1.8
4980,9.75375,,133,,1.8
4981,9.75375,,133,,1.8
4982,9.75375,,132,,1.8
4983,9.75377,,131,,1.8
4984,9.75377,,130,,1.8
4985,9.75378,,130,,1.8
4986,9.75378,,129,,1.8
4987,9.75379,,129,,1.8
4988,9.75379,,128,,1.8
4989,9.7538,,128,,1.8
4990,9.75381,,128,,1.8
4991,9.75383,,128,,1.8
4992,9.75385,,128,,1.8
4993,9.75386,,128,,1.8
4994,9.75386,,127,,1.8
4995,9.75388,,127,,1.8
4996,9.75389,,126,,1.8
4997,9.7539,,125,,1.8
4998,9.7539,,121,,1.8
4999,9.7539,,116,,1.8
5000,9.7539,,113,,1.8
5001,9.75391,,113,,1.8
5002,9.75391,,114,,1.8
5003,9.75393,,115,,1.8
5004,9.75394,,115,,1.8
5005,9.75395,,116,,1.8
5006,9.75397,,117,,1.8
5007,9.75397,,117,,1.8
5008,9.75397,,118,,1.8
5009,9.75397,,118,,1.8
5010,9.75398,,119,,1.8
5011,9.75398,,119,,1.8
5012,9.75398,,119,,1.8
5013,9.754,,119,,1.8
5014,9.754,,119,,1.8
5015,9.75402,,120,,1.8
5016,9.75403,,123,,1.8
5017,9.75403,,128,,1.8
5018,9.75404,,129,,1.8
5019,9.75405,,129,,1.8
5020,9.75405,,127,,1.8
5021,9.75406,,126,,1.8
5022,9.75408,,125,,1.8
5023,9.75409,,120,,1.8
5024,9.7541,,116,,1.8
5025,9.75411,,111,,1.8
5026,9.75412,,104,,1.8
5027,9.75412,,103,,1.8
5028,9.75412,,103,,1.8
5029,9.75415,,102,,2
5030,9.75415,,100,,1.8
5031,9.75424,,98,,2
5032,9.75425,,97,,2
5033,9.75434,,96,,1.8
5034,9.75434,,95,,1.8
5035,9.75437,,93,,1.8
5036,9.75439,,92,,1.8
5037,9.75444,,92,,1.8
5038,9.75445,,90,,1.8
5039,9.75452,,90,,1.8
5040,9.75454,,89,,1.8
5041,9.75454,,88,,1.8
5042,9.75455,,88,,1.8
5043,9.75461,,87,,1.8
5044,9.75462,,87,,2
5045,9.75462,,86,,2
5046,9.75462,,86,,2
5047,9.75468,,86,,2
5048,9.75471,,85,,1.8
5049,9.75471,,85,,1.8
5050,9.75471,,82,,1.8
5051,9.75472,,75,,2
5052,9.75474,,75,,2
5053,9.75475,,76,,2
5054,9.75481,,81,,1.8
5055,9.75481,,85,,1.8
5056,9.75481,,91,,1.8
5057,9.75481,,96,,1.8
5058,9.75482,,100,,1.8
5059,9.75482,,107,,1.8
5060,9.7549,,111,,2
5061,9.7549,,116,,2
5062,9.7549,,120,,1.8
5063,9.75492,,127,,1.8
5064,9.75492,,132,,1.8
5065,9.75497,,129,,1.8
5066,9.75498,,129,,1.8
5067,9.75498,,128,,1.8
5068,9.75501,,131,,1.8
5069,9.75503,,135,,2
5070,9.75503,,135,,2
5071,9.75503,,136,,2
5072,9.75503,,133,,2
5073,9.75504,,130,,2
5074,9.75505,,130,,2
5075,9.75505,,129,,2
5076,9.75506,,128,,2
5077,9.75507,,128,,2
5078,9.75512,,128,,1.8
5079,9.75513,,128,,1.8
5080,9.75513,,127,,1.8
5081,9.75513,,127,,1.8
5082,9.75513,,119,,1.8
5083,9.75513,,119,,2
5084,9.75513,,119,,2
5085,9.75519,,119,,2
5086,9.75523,,118,,2
5087,9.75523,,116,,2
5088,9.75528,,115,,1.8
5089,9.75529,,114,,1.8
5090,9.75529,,113,,1.8
5091,9.7553,,110,,1.8
5092,9.7553,,108,,1.8
5093,9.75533,,107,,1.8
5094,9.75533,,106,,2
5095,9.75533,,103,,2
5096,9.75534,,97,,1.8
5097,9.75534,,91,,1.8
5098,9.75536,,85,,1.8
5099,9.75536,,88,,2
5100,9.75536,,93,,1.8
5101,9.75536,,96,,1.8
5102,9.75536,,95,,1.8
5103,9.75539,,95,,1.8
5104,9.75539,,95,,1.8
5105,9.7554,,98,,2
5106,9.75541,,99,,1.8
5107,9.75542,,99,,2
5108,9.75542,,99,,2
5109,9.75543,,94,,2
5110,9.75543,,94,,2
5111,9.75544,,94,,1.8
5112,9.75546,,93,,1.8
5113,9.75548,,93,,1.8
5114,9.75548,,92,,2
5115,9.75549,,91,,2
5116,9.75557,,91,,1.8
5117,9.7556,,89,,2
5118,9.75564,,88,,1.8
5119,9.75564,,88,,2
5120,9.75567,,87,,2
5121,9.75567,,83,,2
5122,9.75567,,83,,2
5123,9.75568,,83,,2
5124,9.75568,,82,,2
5125,9.75568,,82,,2
5126,9.75568,,81,,2
5127,9.75568,,81,,2
5128,9.75568,,80,,2
5129,9.75569,,80,,2
5130,9.75569,,80,,2
5131,9.7557,,80,,2
5132,9.7557,,79,,2
5133,9.75571,,79,,2
5134,9.75571,,78,,2
5135,9.75572,,78,,2
5136,9.75572,,78,,2
5137,9.75572,,77,,2
5138,9.75572,,73,,2
5139,9.75572,,68,,2
5140,9.75572,,67,,2
5141,9.75572,,67,,2
5142,9.75573,,66,,2
5143,9.75573,,66,,2
5144,9.75573,,65,,2
5145,9.75574,,65,,2
5146,9.75574,,65,,2
5147,9.75574,,65,,2
5148,9.75574,,64,,2
5149,9.75574,,64,,2
5150,9.75575,,64,,2
5151,9.75575,,64,,2
5152,9.75575,,64,,2
5153,9.75576,,64,,2
5154,9.75576,,64,,2
5155,9.75577,,64,,2
5156,9.75577,,64,,2
5157,9.75578,,64,,2
5158,9.75578,,64,,2
5159,9.75578,,65,,2
5160,9.75578,,65,,2
5161,9.75578,,65,,2
5162,9.75579,,65,,2
5163,9.75579,,65,,2
5164,9.75579,,65,,2
5165,9.75579,,65,,2
5166,9.7558,,65,,2
5167,9.7558,,65,,2
5168,9.75581,,65,,2
5169,9.75581,,65,,2
5170,9.75581,,65,,2
5171,9.75581,,64,,2
5172,9.75581,,64,,2
5173,9.75601,,64,,2
5174,9.75621,,64,,2.4
5175,9.75622,,64,,2.6
5176,9.75622,,64,,2.8
5177,9.75622,,64,,3
5178,9.75623,,64,,3
5179,9.75627,,64,,3.2
5180,9.75627,,63,,3
5181,9.75631,,63,,3
5182,9.75633,,63,,3
5183,9.75633,,63,,3
5184,9.75633,,63,,3
5185,9.75639,,63,,3
5186,9.75645,,63,,3
5187,9.75645,,63,,3
5188,9.75651,,63,,3
5189,9.75656,,63,,3
5190,9.75665,,63,,3
5191,9.75674,,63,,3
5192,9.75674,,63,,3
5193,9.75676,,63,,3
5194,9.75679,,63,,3
5195,9.75679,,63,,3
5196,9.75685,,63,,3
5197,9.75689,,63,,3
5198,9.75691,,63,,3
5199,9.75691,,63,,3
5200,9.75702,,63,,3.2
5201,9.75717,,63,,3.4
5202,9.75724,,63,,3.6
5203,9.75732,,63,,3.4
5204,9.75735,,63,,3.6
5205,9.75736,,63,,3.6
5206,9.75739,,63,,3.6
5207,9.75739,,63,,3.4
5208,9.75739,,63,,3.4
5209,9.75744,,63,,3.4
5210,9.75744,,63,,3.4
5211,9.75746,,63,,3.4
5212,9.75746,,63,,3.4
5213,9.75749,,63,,3.4
5214,9.75749,,63,,3.4
5215,9.75749,,63,,3.4
5216,9.75754,,63,,3.4
5217,9.75754,,63,,3.4
5218,9.75757,,63,,3.4
5219,9.75758,,63,,3.4
5220,9.75758,,63,,3.4
5221,9.75761,,63,,3.4
5222,9.75767,,63,,3.4
5223,9.75767,,63,,3.4
5224,9.75767,,63,,3.4
5225,9.75768,,63,,3.4
5226,9.75773,,63,,3.4
5227,9.75777,,64,,3.4
5228,9.75791,,64,,3.2
5229,9.75793,,64,,3.2
5230,9.75793,,64,,3.2
5231,9.75797,,64,,3.2
5232,9.75797,,64,,3.4
5233,9.75797,,63,,3.4
5234,9.75797,,63,,3.4
5235,9.75797,,63,,3.4
5236,9.75797,,63,,3.4
5237,9.75799,,63,,3.4
5238,9.75801,,63,,3.4
5239,9.75801,,63,,3.4
5240,9.75802,,62,,3.4
5241,9.75805,,62,,3.4
5242,9.75805,,62,,3.4
5243,9.75805,,62,,3.4
5244,9.75805,,62,,3.4
5245,9.75805,,62,,3.4
5246,9.75805,,64,,3.4
5247,9.75819,,64,,3.4
5248,9.7583,,63,,3.2
5249,9.7583,,63,,3.2
5250,9.7583,,64,,3.4
5251,9.7583,,65,,3.2
5252,9.75832,,65,,3.2
5253,9.75834,,65,,3.2
5254,9.75834,,65,,3.2
5255,9.75835,,66,,3.2
5256,9.75835,,66,,3.2
5257,9.75835,,65,,3.2
5258,9.75835,,65,,3.2
5259,9.75835,,64,,3.2
5260,9.75835,,64,,3.2
5261,9.75835,,64,,3.2
5262,9.75835,,64,,3.2
5263,9.75835,,64,,3.2
5264,9.75835,,64,,3.2
5265,9.75836,,64,,3.2
5266,9.75836,,64,,3.2
5267,9.75837,,64,,3.2
5268,9.75837,,63,,3.2
5269,9.75837,,63,,3.2
5270,9.75837,,63,,3.2
5271,9.75837,,63,,3.2
5272,9.75837,,63,,3.2
5273,9.75838,,63,,3.2
5274,9.75838,,63,,3.2
5275,9.75838,,64,,3.2
5276,9.75839,,64,,3.2
5277,9.75839,,64,,3.2
5278,9.7584,,64,,3.2
5279,9.7584,,64,,3.2
5280,9.7584,,65,,3.2
5281,9.7584,,65,,3.2
5282,9.7584,,65,,3.2
5283,9.7584,,66,,3.2
5284,9.75841,,66,,3.2
5285,9.75841,,66,,3.2
5286,9.75842,,66,,3.2
5287,9.75842,,66,,3.2
5288,9.75842,,66,,3.2
5289,9.75842,,66,,3.2
5290,9.75842,,66,,3.2
5291,9.75842,,67,,3.2
5292,9.7587,,67,,3.2
5293,9.75895,,67,,3.4
5294,9.75914,,67,,3.8
5295,9.75927,,67,,4
5296,9.75927,,67,,4.2
5297,9.75951,,67,,4.4
5298,9.7597,,67,,4.6
5299,9.75984,,67,,4.8
5300,9.75984,,67,,4.8
5301,9.75986,,67,,4.8
5302,9.75986,,67,,4.8
5303,9.75986,,67,,5
5304,9.76022,,67,,5.4
5305,9.76059,,67,,5.8
5306,9.76105,,67,,6.4
5307,9.76152,,67,,7
5308,9.76157,,67,,7.2
5309,9.76157,,67,,7.6
5310,9.76168,,67,,8
5311,9.76168,,67,,8.4
5312,9.76168,,67,,8.8
5313,9.76171,,67,,9.2
5314,9.76174,,67,,9.2
5315,9.76177,,67,,10
5316,9.7618,,67,,10.6
5317,9.76212,,67,,11.2
5318,9.76246,,67,,11.8
5319,9.76248,,67,,12.4
5320,9.76251,,67,,13
5321,9.76255,,67,,13.4
5322,9.76259,,66,,13.8
5323,9.76262,,66,,13.4
5324,9.76266,,66,,9
5325,9.76266,,66,,7.8
5326,9.76266,,66,,8
5327,9.76266,,66,,8.6
5328,9.76266,,66,,8.8
5329,9.76266,,66,,8.8
5330,9.76276,,66,,9
5331,9.76287,,66,,9.2
5332,9.76287,,65,,9.6
5333,9.76323,,65,,9.6
5334,9.76347,,64,,9.6
5335,9.76347,,64,,9.6
5336,9.76347,,63,,9.6
5337,9.76347,,62,,9.6
5338,9.76347,,59,,9.6
5339,9.7635,,61,,9.6
5340,9.76362,,64,,9.4
5341,9.76375,,64,,9
5342,9.76399,,66,,8.8
5343,9.76399,,66,,8.4
5344,9.76401,,66,,8
5345,9.76402,,66,,7.8
5346,9.76402,,65,,7.8
5347,9.76402,,65,,7.8
5348,9.76405,,68,,7.8
5349,9.76407,,69,,7.8
5350,9.76428,,68,,7.6
5351,9.76444,,68,,7.6
5352,9.76451,,71,,7.8
5353,9.76468,,74,,7.8
5354,9.76487,,76,,7.8
5355,9.76487,,78,,7.8
5356,9.76487,,83,,7.8
5357,9.76493,,82,,7.8
5358,9.76493,,81,,7.8
5359,9.76495,,81,,7.8
5360,9.76498,,81,,7.8
5361,9.76498,,81,,7.8
5362,9.76504,,81,,7.8
5363,9.76506,,80,,7.8
5364,9.7651,,80,,7.8
5365,9.76515,,79,,7.8
5366,9.76515,,76,,7.8
5367,9.76521,,73,,7.8
5368,9.76525,,69,,7.8
5369,9.76525,,69,,7.8
5370,9.76525,,70,,7.8
5371,9.76533,,69,,7.8
5372,9.76542,,67,,7.4
5373,9.76546,,67,,7.4
5374,9.76551,,68,,7.4
5375,9.76564,,67,,7.4
5376,9.76564,,66,,7.4
5377,9.76565,,67,,7.4
5378,9.76568,,69,,7.4
5379,9.76569,,69,,7.4
5380,9.76569,,69,,7.4
5381,9.7657,,69,,7.4
5382,9.7658,,69,,7.4
5383,9.76596,,69,,7.4
5384,9.76608,,69,,7.2
5385,9.76611,,70,,7.4
5386,9.76617,,70,,7.6
5387,9.76617,,70,,7.6
5388,9.76618,,70,,7.6
5389,9.76623,,70,,7.8
5390,9.76643,,70,,8
5391,9.76663,,70,,8.4
5392,9.76677,,70,,8.6
5393,9.76701,,70,,8.6
5394,9.7671,,70,,8.6
5395,9.76711,,70,,8.6
5396,9.76713,,70,,8.6
5397,9.7672,,70,,8.6
5398,9.76723,,70,,8.6
5399,9.76727,,69,,8.6
5400,9.76737,,69,,8.6
5401,9.76742,,69,,8.6
5402,9.76742,,69,,8.6
5403,9.76748,,69,,8.4
5404,9.76749,,68,,8.6
5405,9.76765,,68,,8.4
5406,9.76786,,68,,8.4
5407,9.76797,,68,,8.4
5408,9.768,,67,,8.4
5409,9.76821,,67,,8.6
5410,9.7684,,67,,8.6
5411,9.76847,,67,,8.6
5412,9.7686,,67,,8.8
5413,9.76865,,67,,8.8
5414,9.76865,,65,,8.8
5415,9.76868,,65,,8.8
5416,9.7687,,65,,8.8
5417,9.76871,,66,,8.8
5418,9.76874,,66,,8.8
5419,9.76877,,66,,8.8
5420,9.76879,,67,,8.8
5421,9.76884,,67,,8.8
5422,9.76884,,67,,8.8
5423,9.76889,,68,,8.8
5424,9.76889,,69,,8.8
5425,9.76896,,69,,8.8
5426,9.76901,,70,,8.6
5427,9.76905,,70,,8.4
5428,9.76911,,71,,8.2
5429,9.76911,,71,,8.4
5430,9.76913,,71,,8.4
5431,9.76919,,72,,8.4
5432,9.76921,,72,,8.2
5433,9.76953,,72,,8.4
5434,9.7697,,73,,8.4
5435,9.7698,,73,,8.8
5436,9.76988,,73,,9.2
5437,9.7702,,73,,9.4
5438,9.77044,,73,,9
5439,9.77048,,74,,8.8
5440,9.77054,,74,,8.8
5441,9.77054,,74,,8.8
5442,9.77058,,74,,8.8
5443,9.77063,,74,,9
5444,9.77083,,74,,9.4
5445,9.7709,,74,,9.8
5446,9.77098,,74,,10
5447,9.77099,,74,,10.2
5448,9.77103,,74,,10.2
5449,9.77103,,74,,10.2
5450,9.77103,,74,,10.2
5451,9.77105,,73,,10.2
5452,9.77106,,70,,10.2
5453,9.77106,,69,,10.2
5454,9.77106,,65,,10.2
5455,9.77106,,62,,10.2
5456,9.77106,,62,,10.2
5457,9.77106,,63,,10.2
5458,9.77107,,67,,10.2
5459,9.77107,,69,,10.2
5460,9.77107,,75,,10.2
5461,9.77107,,81,,10.2
5462,9.77109,,86,,10.2
5463,9.7711,,89,,10.2
5464,9.77111,,95,,10.2
5465,9.77136,,100,,9.8
5466,9.77167,,104,,10
5467,9.7718,,104,,9.8
5468,9.7718,,104,,9.6
5469,9.77189,,104,,9.6
5470,9.772,,104,,9.6
5471,9.77208,,104,,9.4
5472,9.77219,,104,,9.4
5473,9.77219,,104,,9.4
5474,9.77219,,104,,9.2
5475,9.77223,,104,,9
5476,9.77223,,104,,9
5477,9.77226,,104,,8.8
5478,9.77229,,103,,8.8
5479,9.77232,,103,,8.8
5480,9.77233,,103,,8.8
5481,9.77233,,102,,8.8
5482,9.77233,,101,,8.6
5483,9.77233,,100,,8.8
5484,9.77233,,99,,8.6
5485,9.77236,,99,,9
5486,9.77236,,98,,8.8
5487,9.77265,,97,,9
5488,9.77265,,96,,9.2
5489,9.77357,,95,,9.4
5490,9.77414,,95,,9.4
5491,9.77455,,94,,9.4
5492,9.77493,,94,,9.6
5493,9.77525,,93,,9.4
5494,9.77597,,92,,9.2
5495,9.7767,,91,,8.8
5496,9.77723,,90,,9.8
5497,9.7779,,89,,9.4
5498,9.7792,,88,,9.6
5499,9.7802,,84,,9.6
5500,9.78109,,83,,10
5501,9.78218,,85,,10
5502,9.78333,,86,,9.8
5503,9.78439,,87,,9.6
5504,9.78513,,88,,9.8
5505,9.78586,,88,,9.6
5506,9.78668,,87,,9.6
5507,9.78745,,87,,9.6
5508,9.78817,,87,,9.6
5509,9.7886,,87,,9.4
5510,9.7893,,88,,9.2
5511,9.78979,,89,,9.2
5512,9.79039,,91,,9.6
5513,9.79162,,89,,9.2
5514,9.79268,,92,,9
5515,9.79343,,94,,9.2
5516,9.79425,,97,,9.2
5517,9.79516,,101,,9.2
5518,9.79603,,102,,9.2
5519,9.79699,,101,,10
5520,9.79779,,103,,10
5521,9.79833,,105,,10.4
5522,9.79898,,106,,10.4
5523,9.79966,,104,,10.6
5524,9.80027,,102,,11.2
5525,9.80076,,102,,11
5526,9.80118,,103,,10.6
5527,9.80154,,105,,10.6
5528,9.80181,,102,,10.6
5529,9.80196,,103,,10.6
5530,9.80209,,104,,10.4
5531,9.80209,,104,,10.4
5532,9.80213,,104,,10.4
5533,9.80213,,104,,10.4
5534,9.80215,,103,,10.4
5535,9.80217,,101,,10.4
5536,9.80217,,101,,10.4
5537,9.80217,,99,,10.4
5538,9.80217,,98,,10.4
5539,9.80218,,97,,10.4
5540,9.80218,,96,,10.4
5541,9.80218,,96,,10.4
5542,9.80218,,97,,10.4
5543,9.80219,,96,,10.4
5544,9.80219,,97,,10.4
5545,9.80219,,97,,10.4
5546,9.80219,,97,,10.4
5547,9.80219,,97,,10.4
5548,9.80219,,97,,10.4
5549,9.8022,,97,,10.4
5550,9.8022,,97,,10.4
5551,9.8022,,97,,10.4
5552,9.8022,,97,,10.4
5553,9.8022,,97,,10.4
5554,9.8022,,97,,10.4
5555,9.8022,,97,,10.4
5556,9.8022,,97,,10.4
5557,9.8022,,97,,10.4
5558,9.8022,,97,,10.4
5559,9.80221,,97,,10.4
5560,9.80221,,97,,10.4
5561,9.80221,,96,,10.4
5562,9.80221,,96,,10.4
5563,9.80223,,96,,10.4
5564,9.80223,,95,,10.4
5565,9.80226,,95,,10.4
5566,9.80228,,95,,10.4
5567,9.80257,,95,,10.4
5568,9.80346,,94,,10.4
5569,9.80394,,94,,10.4
5570,9.80446,,94,,10.4
5571,9.80523,,94,,10.4
5572,9.80587,,93,,10.4
5573,9.8067,,93,,10.4
5574,9.80799,,93,,10.6
5575,9.80917,,93,,10.6
5576,9.80998,,93,,11
5577,9.81078,,93,,11
5578,9.81197,,93,,10.8
5579,9.81309,,96,,11.2
5580,9.81394,,95,,11.4
5581,9.81492,,94,,11.4
5582,9.81604,,93,,11.2
5583,9.817,,92,,11.2
5584,9.81759,,93,,11.6
5585,9.81865,,94,,10.8
5586,9.81963,,93,,10.6
5587,9.8205,,93,,10.4
5588,9.8212,,93,,10.2
5589,9.82173,,94,,10
5590,9.82263,,95,,10
5591,9.82361,,97,,9.8
5592,9.82418,,97,,9.6
5593,9.82493,,99,,9.4
5594,9.82605,,100,,9
5595,9.82677,,100,,9
5596,9.82744,,100,,8.8
5597,9.82824,,99,,8.6
5598,9.82946,,97,,8.6
5599,9.83038,,95,,8.4
5600,9.83148,,95,,8
5601,9.83249,,97,,7.8
5602,9.83336,,97,,7.6
5603,9.83416,,95,,7.2
5604,9.83496,,98,,7
5605,9.83603,,98,,7
5606,9.83752,,99,,7.2
5607,9.83844,,99,,8.4
5608,9.83972,,99,,8.6
5609,9.84074,,99,,8.8
5610,9.84164,,99,,8.8
5611,9.84292,,100,,8.8
5612,9.8437,,100,,9
5613,9.84456,,99,,9
5614,9.84551,,99,,8.6
5615,9.84661,,99,,8.6
5616,9.84752,,99,,8.4
5617,9.84822,,98,,8.4
5618,9.84901,,98,,8.6
5619,9.85024,,98,,8.6
5620,9.85146,,97,,8.4
5621,9.85232,,97,,8.2
5622,9.85323,,97,,8.4
5623,9.85398,,96,,8.6
5624,9.85472,,91,,8.8
5625,9.85537,,91,,9.2
5626,9.8562,,91,,9.2
5627,9.85727,,91,,9
5628,9.85836,,89,,8.6
5629,9.8592,,88,,8.6
5630,9.86016,,87,,8.6
5631,9.86134,,87,,8.6
5632,9.86251,,87,,8.4
5633,9.86348,,87,,8.4
5634,9.86438,,87,,8.2
5635,9.86517,,85,,8.2
5636,9.86614,,85,,8.2
5637,9.86701,,84,,8
5638,9.8679,,84,,8
5639,9.86883,,84,,7.8
5640,9.86986,,84,,7.6
5641,9.87074,,84,,7.6
5642,9.87162,,84,,7.4
5643,9.8722,,84,,7.4
5644,9.87291,,84,,7.2
5645,9.87388,,84,,7
5646,9.87482,,84,,6.8
5647,9.87556,,84,,6.8
5648,9.87624,,83,,7
5649,9.87718,,84,,6.8
5650,9.87805,,84,,6.6
5651,9.87876,,84,,6.6
5652,9.88,,84,,7.2
5653,9.88112,,85,,7.2
5654,9.88204,,85,,7.2
5655,9.88272,,87,,7.8
5656,9.88344,,87,,7.6
5657,9.88444,,88,,7
5658,9.88545,,88,,7
5659,9.88631,,89,,7
5660,9.88683,,90,,7
5661,9.88683,,90,,7.6
5662,9.88703,,91,,7.6
5663,9.88703,,91,,7.8
5664,9.88716,,91,,7.8
5665,9.88758,,91,,8.4
5666,9.88796,,91,,8.8
5667,9.88835,,91,,9.2
5668,9.88849,,91,,9.2
5669,9.88849,,91,,9.2
5670,9.88851,,91,,9.2
5671,9.88857,,90,,9.2
5672,9.88858,,90,,9.2
5673,9.88862,,91,,9.2
5674,9.88862,,92,,9.2
5675,9.88862,,92,,9.2
5676,9.88871,,93,,9.2
5677,9.88871,,93,,9.2
5678,9.88874,,93,,9.2
5679,9.88877,,93,,9.2
5680,9.88878,,94,,9.2
5681,9.88878,,94,,9
5682,9.88878,,94,,9.2
5683,9.88879,,95,,9.2
5684,9.8888,,95,,9.2
5685,9.8888,,95,,9.2
5686,9.8888,,95,,9.2
5687,9.8888,,96,,9.2
5688,9.8888,,96,,9.2
5689,9.88881,,96,,9.2
5690,9.88881,,96,,9.2
5691,9.88882,,96,,9.2
5692,9.88882,,97,,9.2
5693,9.88883,,97,,9.2
5694,9.88883,,96,,9.2
5695,9.88884,,96,,9.2
5696,9.88884,,96,,9.2
5697,9.88885,,96,,9.2
5698,9.88885,,95,,9.2
5699,9.88885,,95,,9.2
5700,9.88885,,95,,9.2
5701,9.88886,,95,,9.2
5702,9.88886,,94,,9.2
5703,9.88887,,93,,9.2
5704,9.88888,,93,,9.2
5705,9.88888,,93,,9.2
5706,9.88889,,92,,9.2
5707,9.8889,,92,,9.2
5708,9.88891,,92,,9.2
5709,9.88891,,91,,9.2
5710,9.88891,,91,,9.2
5711,9.88891,,91,,9.2
5712,9.88956,,90,,9
5713,9.88967,,90,,8.8
5714,9.88971,,89,,8.6
5715,9.88973,,89,,8.6
5716,9.88979,,89,,9
5717,9.88979,,88,,9.2
5718,9.8898,,88,,9.2
5719,9.88981,,88,,9.2
5720,9.88981,,87,,9.2
5721,9.88981,,87,,9.2
5722,9.88983,,87,,9.2
5723,9.88983,,87,,9.2
5724,9.88984,,87,,9.2
5725,9.88984,,87,,9.2
5726,9.88984,,86,,9.2
5727,9.88984,,86,,9.2
5728,9.88985,,86,,9.2
5729,9.88986,,85,,9.2
5730,9.88986,,85,,9.2
5731,9.88987,,84,,9.2
5732,9.88987,,84,,9.2
5733,9.88988,,83,,9.2
5734,9.88988,,83,,9.2
5735,9.88988,,82,,9.2
5736,9.88989,,82,,9.2
5737,9.88989,,81,,9.2
5738,9.88989,,81,,9.2
5739,9.88989,,80,,9.2
5740,9.8899,,80,,9.2
5741,9.88991,,80,,9.2
5742,9.88993,,79,,9.4
5743,9.88995,,79,,9.4
5744,9.88995,,79,,9.4
5745,9.88996,,79,,9.4
5746,9.88996,,79,,9.4
5747,9.88998,,79,,9.4
5748,9.88998,,78,,9.4
5749,9.88999,,78,,9.4
5750,9.88999,,78,,9.2
5751,9.89,,78,,9.4
5752,9.89,,78,,9.4
5753,9.89002,,78,,9.4
5754,9.89005,,78,,9.4
5755,9.89006,,78,,9.4
5756,9.89006,,78,,9.4
5757,9.89026,,78,,9.4
5758,9.89031,,78,,9.4
5759,9.89031,,78,,9.4
5760,9.89033,,78,,9.4
5761,9.8904,,78,,9.4
5762,9.89046,,78,,9.2
5763,9.89051,,78,,9.2
5764,9.89087,,78,,9.2
5765,9.89148,,78,,9.2
5766,9.8916,,78,,9.2
5767,9.89174,,78,,9.2
5768,9.89181,,78,,9.2
5769,9.89197,,78,,9.2
5770,9.89205,,78,,9.2
5771,9.8921,,78,,9
5772,9.89217,,78,,9
5773,9.89217,,78,,9.2
5774,9.89217,,78,,9.2
5775,9.89217,,78,,9.2
5776,9.89217,,79,,9.2
5777,9.89228,,79,,9.4
5778,9.89232,,79,,9.8
5779,9.89243,,80,,9.4
5780,9.89244,,80,,9.2
5781,9.89246,,81,,9.2
5782,9.89246,,82,,9.2
5783,9.89246,,82,,9.2
5784,9.89246,,82,,9.2
5785,9.89258,,80,,9.4
5786,9.8927,,77,,9.4
5787,9.89283,,77,,9.6
5788,9.89289,,77,,9.6
5789,9.89289,,77,,9.6
5790,9.8929,,77,,9.6
5791,9.89293,,77,,9.6
5792,9.89293,,78,,9.6
5793,9.89294,,78,,9.6
5794,9.89296,,79,,9.6
5795,9.89297,,79,,9.6
5796,9.893,,79,,9.6
5797,9.893,,79,,9.6
5798,9.893,,80,,9.6
5799,9.89304,,84,,9.6
5800,9.89305,,84,,9.6
5801,9.89305,,85,,9.6
5802,9.89311,,85,,9.6
5803,9.89311,,85,,9.6
5804,9.89312,,85,,9.6
5805,9.89316,,85,,9.6
5806,9.89318,,86,,9.6
5807,9.89318,,86,,9.6
5808,9.89318,,86,,9.6
5809,9.89318,,86,,9.6
5810,9.89325,,86,,9.8
5811,9.89335,,86,,9.8
5812,9.89344,,86,,10
5813,9.89361,,86,,9.8
5814,9.89371,,85,,10
5815,9.89378,,85,,10
5816,9.89383,,85,,10
5817,9.89384,,84,,10
5818,9.89386,,84,,10
5819,9.89386,,84,,10
5820,9.89388,,84,,10
5821,9.89391,,84,,10
5822,9.89391,,84,,10
5823,9.89391,,84,,10
5824,9.89398,,84,,10
5825,9.89398,,84,,9.8
5826,9.89404,,83,,9.8
5827,9.89413,,83,,10
5828,9.89417,,83,,10.2
5829,9.8949,,83,,10
5830,9.89536,,83,,9.8
5831,9.89538,,82,,10.4
5832,9.89562,,82,,11
5833,9.89585,,81,,10
5834,9.89604,,81,,9.8
5835,9.89646,,80,,9.4
5836,9.8967,,80,,9.4
5837,9.8969,,80,,9.2
5838,9.89694,,80,,9.2
5839,9.89697,,80,,9
5840,9.89707,,80,,8.8
5841,9.89743,,80,,9
5842,9.89773,,80,,9.2
5843,9.89786,,80,,9.4
5844,9.89795,,81,,9.4
5845,9.89812,,81,,9.4
5846,9.89824,,79,,9.6
5847,9.89824,,79,,9.6
5848,9.89824,,79,,9.6
5849,9.89828,,77,,9.8
5850,9.89828,,75,,9.8
5851,9.89833,,75,,9.8
5852,9.89836,,75,,9.8
5853,9.89841,,73,,9.6
5854,9.89841,,73,,9.6
5855,9.89843,,73,,9.6
5856,9.89846,,73,,9.6
5857,9.89849,,76,,9.6
5858,9.89852,,76,,9.6
5859,9.89852,,78,,9.6
5860,9.89854,,83,,9.6
5861,9.89854,,87,,9.6
5862,9.89856,,90,,9.6
5863,9.89861,,92,,9.6
5864,9.89865,,93,,9.6
5865,9.89866,,93,,9.6
5866,9.89866,,90,,9.6
5867,9.89869,,90,,9.6
5868,9.89874,,91,,9.6
5869,9.89874,,89,,9.6
5870,9.89874,,89,,9.6
5871,9.89882,,89,,9.6
5872,9.89885,,91,,9.6
5873,9.89889,,91,,9.6
5874,9.89896,,91,,9.6
5875,9.89902,,91,,9.8
5876,9.89913,,89,,9.8
5877,9.89915,,89,,10
5878,9.89926,,89,,10.2
5879,9.8993,,88,,10.2
5880,9.8993,,88,,10.4
5881,9.89932,,88,,10.2
5882,9.89933,,88,,10.2
5883,9.89933,,88,,10.2
5884,9.89935,,87,,10.2
5885,9.89936,,87,,10.2
5886,9.89943,,87,,10.2
5887,9.89943,,87,,10.2
5888,9.89946,,87,,10
5889,9.89957,,87,,10
5890,9.89966,,87,,10
5891,9.89966,,87,,9.8
5892,9.89967,,87,,9.8
5893,9.89968,,87,,9.8
5894,9.8997,,87,,9.8
5895,9.89986,,87,,9.6
5896,9.89989,,86,,9.4
5897,9.9001,,86,,9.4
5898,9.9001,,86,,9.6
5899,9.9001,,86,,9.6
5900,9.90017,,86,,9.6
5901,9.90019,,86,,9.6
5902,9.90028,,86,,9.6
5903,9.9003,,86,,9.6
5904,9.90044,,86,,9.6
5905,9.9005,,86,,9.8
5906,9.90055,,85,,10
5907,9.90073,,85,,10
5908,9.90077,,86,,10.4
5909,9.90113,,86,,10.8
5910,9.90135,,86,,10.8
5911,9.90146,,86,,10.8
5912,9.90168,,86,,10.8
5913,9.90184,,86,,10.8
5914,9.90207,,86,,10.8
5915,9.90221,,86,,10.8
5916,9.90224,,86,,10.8
5917,9.90224,,86,,10.8
5918,9.90232,,85,,10.6
5919,9.90284,,85,,10.2
5920,9.90334,,85,,10
5921,9.90399,,85,,9.8
5922,9.90496,,85,,8.6
5923,9.90531,,85,,9
5924,9.90531,,86,,9.4
5925,9.90559,,86,,9.4
5926,9.90576,,86,,9
5927,9.90604,,86,,9.2
5928,9.90649,,86,,9
5929,9.90723,,87,,9
5930,9.90798,,87,,9
5931,9.90872,,87,,8.8
5932,9.90986,,87,,8.6
5933,9.91088,,87,,8.4
5934,9.91185,,87,,8.4
5935,9.91267,,91,,8.4
5936,9.9134,,90,,8.4
5937,9.9142,,87,,8.2
5938,9.91507,,86,,8
5939,9.91605,,86,,8
5940,9.91678,,86,,8
5941,9.91737,,88,,7.6
5942,9.91815,,87,,7
5943,9.91901,,87,,6.8
5944,9.91975,,88,,7.4
5945,9.92052,,88,,7.2
5946,9.92144,,89,,7
5947,9.92238,,92,,6.8
5948,9.92326,,92,,6.4
5949,9.92386,,92,,5.8
5950,9.92441,,92,,5.8
5951,9.92492,,92,,5.6
5952,9.92558,,92,,5.2
5953,9.92616,,91,,5
5954,9.92669,,92,,5
5955,9.92711,,93,,4.6
5956,9.92779,,93,,4.4
5957,9.92834,,94,,4.2
5958,9.9291,,95,,4
5959,9.9296,,96,,3.8
5960,9.93002,,96,,3.8
5961,9.93064,,97,,3.6
5962,9.93189,,98,,3.4
5963,9.93273,,99,,3.2
5964,9.93341,,98,,3
5965,9.93406,,98,,3
5966,9.93431,,98,,3
5967,9.93479,,99,,3
5968,9.93513,,101,,2.8
5969,9.93547,,102,,2.8
5970,9.93586,,100,,2.6
5971,9.93611,,99,,2.4
5972,9.93647,,99,,2.4
5973,9.93683,,99,,2.2
5974,9.93723,,98,,2
5975,9.93755,,99,,1.8
5976,9.93828,,98,,1.6
5977,9.93901,,95,,1.4
5978,9.93973,,95,,1.2
5979,9.94044,,97,,1
5980,9.94116,,100,,0.8
5981,9.94188,,103,,0.6
5982,9.9426,,105,,0.2
5983,9.94331,,104,,0
5984,9.94402,,104,,-0.2
5985,9.94473,,105,,-0.4
5986,9.94544,,106,,-0.6
5987,9.94615,,106,,-0.8
5988,9.94686,,105,,-1
5989,9.94756,,105,,-1.2
5990,9.94826,,105,,-1.2
5991,9.94895,,104,,-1.2
5992,9.94965,,104,,-1.2
5993,9.95035,,104,,-1.2
5994,9.95104,,104,,-1.2
5995,9.95174,,104,,-1.2
5996,9.95243,,103,,-2.6
5997,9.95312,,103,,-2.8
5998,9.95381,,103,,-2.8
5999,9.9545,,102,,-2.6
6000,9.95519,,102,,-3
6001,9.95519,,101,,-3
6002,9.95714,,101,,-3.2
6003,9.9591,,101,,-3.4
6004,9.96092,,100,,-3.8
6005,9.96225,,100,,-4
6006,9.96344,,100,,-4.2
6007,9.96464,,99,,-4.4
6008,9.96583,,99,,-4.6
6009,9.96702,,100,,-4.6
6010,9.96823,,100,,-4.8
6011,9.96943,,100,,-5
6012,9.97063,,100,,-5
6013,9.97184,,100,,-5
6014,9.97303,,100,,-5
6015,9.97424,,100,,-5
6016,9.97542,,101,,-5
6017,9.97662,,101,,-5
6018,9.97781,,101,,-5
6019,9.97918,,101,,-5
6020,9.98055,,101,,-5
6021,9.98193,,102,,-5
6022,9.9833,,102,,-5
6023,9.98467,,102,,-5
6024,9.98604,,102,,-5
6025,9.98743,,103,,-5
6026,9.98883,,103,,-5
6027,9.99023,,103,,-5
6028,9.99163,,104,,-5
6029,9.99303,,104,,-5
6030,9.99445,,104,,-5
6031,9.99587,,104,,-5
6032,9.99728,,104,,-5
6033,9.9987,,104,,-5
6034,10.0001,,104,,-5
6035,10.0015,,104,,-5
6036,10.003,,104,,-5
6037,10.0044,,103,,-5
6038,10.0058,,100,,-5
6039,10.0072,,93,,-5
6040,10.0087,,92,,59
6041,10.0101,,92,,71.6
6042,10.0115,,92,,81.2
6043,10.0129,,92,,88.6
6044,10.0144,,92,,92.8
6045,10.0158,,92,,97.2
6046,10.0172,,92,,99
6047,10.0187,,92,,100.4
6048,10.0201,,92,,101.8
6049,10.0215,,92,,103
6050,10.0229,,91,,104
6051,10.0244,,91,,104.8
6052,10.0258,,91,,107.6
6053,10.0272,,91,,106.8
6054,10.0287,,91,,99.6
6055,10.0301,,91,,93.6
6056,10.0315,,91,,89.6
6057,10.0329,,91,,86
6058,10.0344,,92,,83.4
6059,10.0358,,93,,81
6060,10.0372,,93,,78.8
6061,10.0386,,94,,79.2
6062,10.0401,,95,,79.4
6063,10.0415,,95,,79.6
6064,10.0429,,96,,80
6065,10.0444,,96,,80.2
6066,10.0458,,96,,79.8
6067,10.0472,,96,,79.4
6068,10.0486,,96,,78.6
6069,10.05,,96,,57.6
6070,10.0515,,96,,56
6071,10.0529,,97,,50
6072,10.0543,,97,,44.4
6073,10.0557,,97,,44.6
6074,10.0571,,98,,45
6075,10.0585,,98,,43.2
6076,10.06,,98,,42.4
6077,10.0614,,104,,41.2
6078,10.0628,,106,,35.2
6079,10.0642,,105,,30.4
6080,10.0656,,105,,26.8
6081,10.0656,,105,,25.4
6082,10.0669,,105,,24.4
6083,10.0689,,105,,24.2
6084,10.0702,,105,,24
6085,10.071,,105,,24
6086,10.0713,,105,,24.2
6087,10.0723,,105,,24
6088,10.073,,105,,23.6
6089,10.0735,,105,,23.4
6090,10.0735,,104,,23.2
6091,10.0735,,104,,22.2
6092,10.0735,,104,,21
6093,10.0739,,103,,20
6094,10.0742,,103,,19.4
6095,10.0742,,103,,18.8
6096,10.0747,,103,,16.8
6097,10.0747,,102,,15.2
6098,10.0753,,102,,14
6099,10.0755,,101,,13.4
6100,10.0755,,101,,12.2
6101,10.0758,,100,,11.2
6102,10.0762,,100,,10.6
6103,10.0762,,99,,10.4
6104,10.0762,,99,,10
6105,10.0762,,98,,10.2
6106,10.0762,,98,,11.2
6107,10.0764,,96,,11.2
6108,10.0764,,96,,11
6109,10.0764,,95,,10.8
6110,10.0767,,95,,10.4
6111,10.0767,,93,,10.2
6112,10.0768,,95,,10.2
6113,10.0772,,97,,9.2
6114,10.0779,,97,,8.4
6115,10.0786,,97,,7.6
6116,10.0791,,97,,7.2
6117,10.0807,,100,,6.6
6118,10.0816,,100,,6.2
6119,10.0819,,101,,5.8
6120,10.0825,,102,,5.4
6121,10.0828,,102,,5
6122,10.0832,,101,,4.6
6123,10.0836,,101,,4.2
6124,10.0842,,101,,3.8
6125,10.0848,,101,,3.4
6126,10.0848,,101,,2.8
6127,10.0848,,100,,2.8
6128,10.0848,,100,,2.4
6129,10.0848,,99,,2.4
6130,10.0848,,99,,2.2
6131,10.0848,,98,,1.8
6132,10.0849,,98,,1.4
6133,10.0849,,97,,0.6
6134,10.0849,,97,,0
6135,10.0849,,97,,-0.6
6136,10.0849,,97,,-1
6137,10.085,,97,,-2
6138,10.085,,97,,-2.8
6139,10.085,,97,,-2.4
6140,10.085,,97,,-2.4
6141,10.085,,97,,-2.4
6142,10.0851,,97,,-2.4
6143,10.0851,,96,,-2.8
6144,10.0851,,96,,-2.8
6145,10.0852,,96,,-2.8
6146,10.0852,,96,,-3
6147,10.0852,,96,,-3.2
6148,10.0853,,96,,-3.2
6149,10.0853,,96,,-3.4
6150,10.0854,,96,,-3.8
6151,10.0854,,96,,-3.6
6152,10.0854,,96,,-4
6153,10.0855,,96,,-4.4
6154,10.0855,,96,,-4.8
6155,10.0855,,96,,-5.2
6156,10.0856,,96,,-5.6
6157,10.0856,,95,,-6.2
6158,10.0857,,95,,-6.6
6159,10.0857,,95,,-7.2
6160,10.0858,,95,,-7.6
6161,10.0858,,95,,-8.4
6162,10.0858,,96,,-9
6163,10.0859,,96,,-9.6
6164,10.0859,,98,,-10
6165,10.086,,100,,-10.6
6166,10.086,,100,,-11
6167,10.0872,,98,,-11
6168,10.0883,,96,,-11
6169,10.0897,,96,,-10.8
6170,10.0911,,96,,-11
6171,10.0925,,96,,-11
6172,10.0939,,97,,-11
6173,10.0953,,97,,-12.2
6174,10.0957,,99,,-13.6
6175,10.0962,,102,,-15.4
6176,10.0967,,103,,-15.2
6177,10.0968,,102,,-15
6178,10.0968,,101,,-15
6179,10.0968,,100,,-15
6180,10.0968,,101,,-15.4
6181,10.0969,,101,,-15.6
6182,10.0972,,98,,-16
6183,10.0976,,98,,-16.4
6184,10.0979,,97,,-16.6
6185,10.0982,,97,,-17
6186,10.0986,,97,,-17.4
6187,10.0986,,97,,-18
6188,10.0986,,98,,-18.6
6189,10.0987,,98,,-19.2
6190,10.0987,,99,,-18.4
6191,10.0988,,100,,-18.8
6192,10.0988,,100,,-18.8
6193,10.0988,,100,,-19.4
6194,10.0989,,100,,-19.8
6195,10.0989,,100,,-20.2
6196,10.099,,100,,-18.4
6197,10.0991,,100,,-16.6
6198,10.0992,,100,,-15.2
6199,10.0994,,100,,-14.4
6200,10.0995,,100,,-13.6
6201,10.0996,,100,,-12.8
6202,10.0998,,100,,-12.2
6203,10.0999,,100,,-12
6204,10.1,,100,,-12
6205,10.1002,,100,,-11.8
6206,10.1003,,100,,-12.4
6207,10.1004,,100,,-12
6208,10.1006,,100,,-11.2
6209,10.1007,,99,,-10.8
6210,10.1008,,99,,-9.6
6211,10.1017,,98,,-9.2
6212,10.1029,,98,,-7.4
6213,10.1083,,98,,-5.4
6214,10.1086,,98,,-4
6215,10.1096,,98,,-3.2
6216,10.1102,,98,,-3
6217,10.1109,,98,,-3.2
6218,10.1116,,98,,-3.2
6219,10.1124,,98,,-3
6220,10.1131,,98,,-2.6
6221,10.1135,,98,,-2.6
6222,10.1141,,98,,-2.6
6223,10.1146,,99,,-2.6
6224,10.1151,,99,,-2.6
6225,10.1156,,99,,-2.6
6226,10.1162,,99,,-2.8
