secs,km,power,hr,cad,alt
0,0,,89,56,97
1,0.0003,,90,55,96.4
2,0.00057,,90,71,96.8
3,0.00178,,91,79,96.8
4,0.00408,,93,80,97
5,0.00707,,94,80,97
6,0.01055,,95,80,97
7,0.0142,,96,81,97
8,0.01811,,96,81,96.8
9,0.02211,,97,81,96.8
10,0.02677,,97,81,96.8
11,0.03116,,98,81,97
12,0.03541,,98,81,97
13,0.03954,,98,81,97
14,0.04374,,99,81,97
15,0.04811,,99,80,97
16,0.05199,,100,80,97
17,0.0552,,101,80,97
18,0.05855,,101,80,97
19,0.062,,101,81,97
20,0.06549,,102,81,97.2
21,0.06929,,102,81,97.2
22,0.0731,,102,81,97.2
23,0.07655,,103,81,97.2
24,0.08021,,103,81,97.2
25,0.08378,,104,80,97
26,0.08733,,104,80,97
27,0.09075,,104,80,97.2
28,0.0938,,105,80,97.2
29,0.09681,,106,80,97.2
30,0.09987,,106,80,97.4
31,0.103,,107,80,97.4
32,0.1063,,107,80,97.4
33,0.10942,,108,80,97.4
34,0.11244,,108,80,97.6
35,0.11583,,109,80,97.6
36,0.1193,,109,80,97.4
37,0.12272,,110,81,97.2
38,0.12606,,110,81,97.2
39,0.12925,,110,81,97.2
40,0.13239,,111,81,97.2
41,0.13545,,111,81,97.2
42,0.13876,,112,81,97.4
43,0.14194,,113,81,97.4
44,0.14521,,113,81,97.4
45,0.14854,,114,81,97.4
46,0.15161,,114,81,97.4
47,0.15493,,115,81,97.4
48,0.15831,,116,81,97.6
49,0.16153,,116,81,97.4
50,0.16475,,116,80,97.2
51,0.16792,,116,80,97.2
52,0.1706,,117,80,97.4
53,0.17331,,117,80,97.4
54,0.17601,,117,80,97.6
55,0.17848,,118,79,97.6
56,0.18131,,118,79,97.6
57,0.18445,,119,79,97.4
58,0.18734,,119,79,97.6
59,0.19027,,120,79,97.6
60,0.19326,,120,79,97.6
61,0.19628,,120,79,97.6
62,0.19943,,121,79,97.8
63,0.20264,,121,79,97.6
64,0.2055,,121,79,97.4
65,0.20851,,122,79,97.4
66,0.21175,,122,79,97.2
67,0.21508,,122,80,97
68,0.21822,,123,80,97.2
69,0.22128,,123,80,97.2
70,0.22394,,123,80,97
71,0.22643,,123,80,97
72,0.22916,,123,80,97
73,0.23199,,123,80,96.8
74,0.23454,,122,81,96.6
75,0.23719,,122,82,96.6
76,0.23992,,122,81,96.4
77,0.24269,,122,81,96.6
78,0.24557,,123,81,96.2
79,0.24867,,122,81,96.2
80,0.25195,,122,81,96
81,0.25515,,123,81,96
82,0.25826,,123,81,95.8
83,0.26118,,122,81,95.8
84,0.26383,,123,81,95.8
85,0.26647,,123,81,95.8
86,0.269,,123,81,95.8
87,0.27155,,123,81,95.8
88,0.27433,,122,81,95.6
89,0.27698,,123,81,95.6
90,0.27971,,123,81,95.8
91,0.28229,,123,81,95.6
92,0.28508,,123,81,95.6
93,0.28796,,123,81,95.6
94,0.29063,,123,81,95.8
95,0.29332,,123,81,95.8
96,0.29574,,123,81,95.8
97,0.29843,,123,81,95.8
98,0.3008,,123,81,95.8
99,0.30323,,124,81,95.6
100,0.30543,,124,81,96
101,0.30766,,124,81,95.8
102,0.30995,,124,81,95.8
103,0.31253,,125,79,96
104,0.31512,,124,78,96
105,0.31667,,124,77,96
106,0.31763,,124,77,96
107,0.31806,,123,58,96
108,0.31879,,123,53,96
109,0.32093,,123,66,96.2
110,0.323,,123,79,96.2
111,0.32623,,124,79,96.2
112,0.32979,,124,82,96.4
113,0.33328,,124,82,96.4
114,0.33668,,124,82,96.4
115,0.34042,,124,82,96.4
116,0.34402,,124,82,96.4
117,0.3473,,124,81,96.4
118,0.35065,,124,81,96.4
119,0.35405,,124,81,96.4
120,0.35752,,124,81,96.2
121,0.36078,,124,81,96
122,0.36385,,124,81,96.2
123,0.36697,,125,81,96.2
124,0.37011,,125,81,96.2
125,0.37299,,125,81,96.2
126,0.37583,,125,81,96.2
127,0.37857,,125,81,96.2
128,0.38169,,125,81,96
129,0.38465,,125,81,96
130,0.38735,,125,81,96
131,0.39051,,125,81,96.2
132,0.39378,,125,81,96.2
133,0.397,,125,81,96.2
134,0.40038,,125,81,96.4
135,0.40379,,126,81,96.4
136,0.4072,,127,81,96.4
137,0.41059,,127,81,96.4
138,0.41371,,127,81,96.4
139,0.41671,,126,81,96.4
140,0.41974,,127,81,96.4
141,0.42283,,127,81,96.4
142,0.42599,,127,81,96.6
143,0.4292,,127,81,96.4
144,0.43231,,127,81,96.4
145,0.43554,,128,82,96.4
146,0.43898,,128,81,96.4
147,0.44234,,128,81,96.4
148,0.44535,,128,81,96.4
149,0.44822,,129,81,96.4
150,0.45091,,129,81,96.4
151,0.45378,,129,81,96.2
152,0.45682,,129,81,96.2
153,0.46002,,129,81,96.2
154,0.46301,,129,81,96.2
155,0.46602,,130,81,96.2
156,0.46912,,130,82,96
157,0.4721,,130,82,96
158,0.47484,,130,82,96.2
159,0.47765,,130,82,96
160,0.48041,,129,82,96
161,0.48328,,129,82,96
162,0.48699,,129,82,96
163,0.4899,,129,82,96
164,0.49302,,129,82,96
165,0.49553,,128,82,96
166,0.4982,,129,82,96
167,0.50123,,128,82,96.2
168,0.50383,,128,82,96
169,0.50667,,128,82,96
170,0.50972,,128,82,95.8
171,0.51261,,128,82,95.8
172,0.51604,,128,82,95.8
173,0.51889,,129,82,95.8
174,0.52192,,128,82,95.8
175,0.52496,,128,82,96
176,0.52774,,129,81,95.8
177,0.53046,,128,81,95.8
178,0.5332,,129,81,95.8
179,0.53587,,128,81,95.8
180,0.53862,,129,81,95.8
181,0.54171,,128,81,96
182,0.54455,,128,81,96
183,0.54762,,128,81,95.8
184,0.55069,,128,82,95.8
185,0.5538,,128,81,96
186,0.55723,,128,80,96.2
187,0.56067,,128,80,96
188,0.56415,,128,81,96
189,0.56844,,129,81,96
190,0.57199,,128,81,96
191,0.57557,,129,81,96.2
192,0.57921,,129,81,96
193,0.58305,,129,81,96
194,0.58636,,130,81,95.8
195,0.58981,,129,81,95.4
196,0.59306,,129,81,95.2
197,0.59624,,129,81,95
198,0.59946,,129,82,94.8
199,0.60283,,129,84,94.4
200,0.60636,,128,88,94.2
201,0.61002,,128,87,94
202,0.61369,,127,85,93.6
203,0.61723,,127,85,93.4
204,0.62046,,127,84,93.4
205,0.62377,,127,84,93.4
206,0.62713,,127,83,93.4
207,0.63062,,126,83,93.4
208,0.63385,,126,82,93.2
209,0.637,,126,82,93.2
210,0.64038,,126,82,93
211,0.64351,,126,82,93
212,0.64658,,126,82,93
213,0.64989,,126,82,93
214,0.65315,,126,82,93
215,0.65651,,126,82,93
216,0.65963,,126,83,93
217,0.66299,,127,83,93.2
218,0.66656,,126,83,93.2
219,0.67021,,127,83,93.4
220,0.67372,,127,83,93.4
221,0.6769,,127,83,93.4
222,0.67988,,127,83,93.6
223,0.68323,,128,83,93.8
224,0.68654,,128,83,94
225,0.68964,,129,83,94
226,0.6929,,129,83,94
227,0.69616,,129,83,94
228,0.69968,,129,83,94
229,0.70291,,130,83,94
230,0.70586,,130,83,94.2
231,0.70908,,130,83,94.2
232,0.71208,,130,83,94.2
233,0.71556,,130,83,94.2
234,0.71858,,130,83,94.2
235,0.72154,,130,83,94.2
236,0.72477,,130,83,94.2
237,0.72773,,130,83,94.2
238,0.7309,,130,83,94.2
239,0.73418,,129,82,94.4
240,0.73726,,130,83,94.4
241,0.7403,,129,83,94.4
242,0.74327,,129,83,94.2
243,0.74588,,129,82,94.2
244,0.74896,,129,82,94.2
245,0.75185,,129,82,94.2
246,0.7551,,129,82,94.2
247,0.75829,,129,82,94.2
248,0.76117,,129,83,94.2
249,0.7644,,129,83,94.2
250,0.76748,,129,83,94.2
251,0.7705,,129,83,94.2
252,0.77355,,129,83,94.4
253,0.7764,,129,83,94.2
254,0.77944,,129,83,94.4
255,0.78263,,130,83,94
256,0.78574,,130,83,94.4
257,0.78892,,130,83,94.4
258,0.79224,,130,83,94.4
259,0.79539,,130,83,94.4
260,0.79799,,130,83,94
261,0.80048,,130,83,94.2
262,0.80346,,131,83,94.2
263,0.80638,,131,83,94.2
264,0.80933,,131,83,94.2
265,0.81243,,131,83,94.2
266,0.8152,,131,83,94.2
267,0.8182,,131,83,94.2
268,0.82114,,131,82,94.4
269,0.82335,,131,82,94.4
270,0.82556,,131,80,94.4
271,0.8281,,132,79,94.2
272,0.83032,,131,79,94.2
273,0.83295,,131,78,94
274,0.83549,,132,76,94
275,0.83753,,131,75,93.8
276,0.83923,,131,74,93.8
277,0.84096,,130,74,93.8
278,0.84299,,130,80,94
279,0.84535,,130,81,94
280,0.84851,,130,81,93.8
281,0.85198,,130,81,94
282,0.85525,,129,81,94
283,0.85837,,129,81,94.2
284,0.86145,,129,81,94.2
285,0.86421,,129,81,94.2
286,0.86719,,129,81,94.4
287,0.87018,,129,81,94.4
288,0.87308,,129,81,94.4
289,0.87596,,129,81,94.2
290,0.87872,,129,81,94.2
291,0.88154,,129,81,94.2
292,0.88437,,129,81,94.4
293,0.88728,,129,81,94.4
294,0.89,,129,81,94.4
295,0.89274,,129,81,94.4
296,0.89554,,130,82,94.4
297,0.89826,,130,82,94.4
298,0.90117,,131,82,94.4
299,0.90384,,131,82,94.4
300,0.90665,,131,82,94.4
301,0.9095,,132,83,94.4
302,0.91234,,132,83,94.4
303,0.91519,,132,83,94.4
304,0.91814,,132,82,94.4
305,0.92105,,132,82,94.4
306,0.92394,,132,82,94.4
307,0.92691,,132,82,94.6
308,0.92988,,132,82,94.6
309,0.93296,,133,82,94.6
310,0.93618,,132,82,94.8
311,0.93934,,132,82,94.6
312,0.94237,,132,82,94.8
313,0.94528,,132,82,94.8
314,0.94844,,132,82,95.2
315,0.9519,,132,82,94.8
316,0.95506,,132,83,94.8
317,0.9585,,132,83,94.8
318,0.96156,,132,83,94.6
319,0.96466,,131,83,94.6
320,0.96749,,131,82,94.4
321,0.97054,,131,82,94.4
322,0.9735,,131,83,94.6
323,0.97633,,131,83,94.4
324,0.97934,,131,83,94.6
325,0.98217,,130,83,94.6
326,0.98533,,130,83,94.4
327,0.98876,,130,83,94.6
328,0.99193,,129,83,94.6
329,0.99499,,129,83,94.4
330,0.99784,,129,83,94.6
331,1.001,,129,83,94.8
332,1.00433,,129,83,94.8
333,1.00735,,129,83,94.6
334,1.01046,,129,83,94.6
335,1.01353,,129,83,94.8
336,1.0165,,129,83,94.6
337,1.01925,,129,83,94.6
338,1.02182,,129,83,94.6
339,1.02457,,129,83,94.4
340,1.0273,,129,83,94.4
341,1.03021,,129,83,94.4
342,1.03332,,130,83,94.4
343,1.03611,,130,83,94.6
344,1.03922,,130,83,94.4
345,1.04217,,130,83,94.4
346,1.04515,,130,83,94.6
347,1.0482,,130,83,94.4
348,1.05108,,130,83,94.4
349,1.0539,,130,83,94.4
350,1.05698,,130,83,94.4
351,1.05979,,131,83,94.4
352,1.06266,,131,83,94.6
353,1.06547,,131,83,94.4
354,1.06851,,131,83,94.4
355,1.07167,,131,83,94.4
356,1.07448,,131,83,94.4
357,1.07754,,131,83,94.4
358,1.08056,,130,83,94.4
359,1.08354,,131,82,94.4
360,1.08661,,130,83,94.6
361,1.08953,,130,82,94.4
362,1.09243,,130,82,94.4
363,1.09547,,130,82,94.4
364,1.09839,,130,83,94.4
365,1.10175,,130,83,94.4
366,1.10513,,130,83,94.6
367,1.10825,,130,83,94.6
368,1.11149,,131,83,94.4
369,1.11463,,131,82,94.6
370,1.118,,131,82,94.4
371,1.12142,,131,82,94.4
372,1.12464,,131,82,94.4
373,1.12785,,131,83,94.4
374,1.131,,131,83,94.4
375,1.13421,,131,83,94.4
376,1.13721,,131,83,94.4
377,1.14031,,130,83,94.6
378,1.1435,,131,84,94.6
379,1.1467,,131,84,94.6
380,1.14997,,130,84,94.6
381,1.15317,,130,83,94.4
382,1.15632,,130,84,94.6
383,1.15946,,131,84,94.4
384,1.1625,,131,84,94.4
385,1.16566,,131,84,94.4
386,1.16889,,131,84,94.4
387,1.17179,,131,84,94.4
388,1.17451,,132,84,94.2
389,1.17741,,132,84,94.2
390,1.18056,,131,84,94.2
391,1.18379,,132,84,94.2
392,1.18676,,132,84,94.4
393,1.19005,,132,84,94.2
394,1.19325,,132,84,94.2
395,1.19653,,131,84,94.2
396,1.19962,,132,84,94.4
397,1.20267,,132,84,94.4
398,1.20574,,131,84,94.2
399,1.2087,,131,84,94.2
400,1.21184,,132,84,94.2
401,1.2151,,132,84,94.2
402,1.21841,,131,83,94.2
403,1.22171,,131,83,94.2
404,1.22502,,131,83,94.2
405,1.22845,,131,83,94.2
406,1.23175,,131,83,94.2
407,1.23498,,131,83,94.2
408,1.23818,,132,83,94.2
409,1.24141,,132,83,94.2
410,1.24455,,132,83,94.2
411,1.24767,,132,83,94.2
412,1.25104,,132,84,94.4
413,1.25461,,133,84,94.2
414,1.25787,,133,84,94.2
415,1.26105,,133,84,94.2
416,1.26437,,133,84,94.2
417,1.26773,,133,84,94.2
418,1.27123,,133,83,94.2
419,1.2748,,133,84,94.4
420,1.27808,,133,84,94.6
421,1.28136,,133,84,94.4
422,1.28453,,133,84,94.2
423,1.28806,,133,84,94.2
424,1.29127,,133,84,94.2
425,1.29435,,133,84,94.2
426,1.2974,,133,84,94.4
427,1.30067,,132,84,94.2
428,1.30415,,132,84,94.2
429,1.30736,,132,84,94.2
430,1.31029,,132,84,93.8
431,1.31341,,132,84,94
432,1.31637,,132,84,94
433,1.31989,,132,84,94
434,1.32309,,132,84,93.8
435,1.32631,,131,84,93.6
436,1.3293,,131,84,93.8
437,1.33218,,131,84,93.8
438,1.33542,,131,84,93.8
439,1.33864,,131,84,93.8
440,1.34169,,132,84,94
441,1.34498,,131,84,93.8
442,1.34817,,132,83,93.8
443,1.35153,,132,83,94
444,1.35466,,132,84,94
445,1.35778,,132,84,93.8
446,1.3607,,132,84,94
447,1.36342,,131,84,94
448,1.36633,,132,84,94
449,1.36901,,132,84,94
450,1.37186,,132,84,94
451,1.37461,,132,84,94
452,1.37725,,132,84,94
453,1.38014,,132,84,94
454,1.38281,,132,84,94
455,1.38547,,133,84,94
456,1.38857,,132,84,93.8
457,1.39145,,133,84,93.8
458,1.39494,,132,84,93.8
459,1.39791,,133,84,93.8
460,1.40099,,133,84,93.8
461,1.40388,,132,84,93.8
462,1.40682,,132,84,94
463,1.41017,,133,84,94
464,1.41337,,133,84,94
465,1.41673,,133,84,94
466,1.42007,,133,84,94.2
467,1.4231,,133,84,94.2
468,1.4261,,133,84,94.2
469,1.42915,,133,84,94.6
470,1.43234,,133,84,94.8
471,1.435,,133,84,95.2
472,1.43757,,134,85,95.4
473,1.44052,,134,85,95.4
474,1.44352,,135,85,95.6
475,1.44691,,135,84,95.8
476,1.44983,,135,84,96
477,1.45288,,136,84,96.2
478,1.4563,,136,84,96.2
479,1.45938,,136,84,96.4
480,1.46277,,137,84,96.6
481,1.4658,,137,83,96.8
482,1.46879,,138,83,97.2
483,1.47202,,138,82,97.4
484,1.47509,,138,83,97.6
485,1.47813,,139,84,97.8
486,1.48108,,139,85,98
487,1.4841,,139,85,98.2
488,1.48716,,140,85,98.4
489,1.49036,,140,85,98.6
490,1.49367,,140,85,98.8
491,1.49681,,141,85,99
492,1.50013,,141,85,99.2
493,1.50296,,141,85,99.4
494,1.5058,,142,85,99.8
495,1.50901,,142,85,99.8
496,1.51216,,142,85,100
497,1.51527,,143,85,100.2
498,1.51825,,142,85,100.4
499,1.5215,,142,85,100.4
500,1.52468,,143,85,100.6
501,1.5278,,143,84,100.8
502,1.53128,,144,85,101
503,1.53438,,144,85,101
504,1.53753,,144,85,100.8
505,1.54065,,144,85,101
506,1.5439,,144,85,101
507,1.54732,,144,84,101
508,1.55031,,144,84,101
509,1.5535,,145,84,101
510,1.55662,,144,84,100.8
511,1.56001,,145,84,100.8
512,1.56312,,145,84,100.8
513,1.56603,,144,85,100.8
514,1.56877,,144,85,100.8
515,1.57149,,144,85,100.8
516,1.57423,,144,85,100.8
517,1.57696,,144,85,100.8
518,1.58002,,144,85,100.6
519,1.58326,,144,84,100.6
520,1.58608,,144,84,100.6
521,1.58899,,144,84,100.4
522,1.59204,,143,84,100.4
523,1.59508,,143,84,100.4
524,1.59864,,143,84,100.2
525,1.60174,,143,84,99.8
526,1.60474,,143,85,99.6
527,1.60796,,142,84,99.4
528,1.61104,,142,84,99.2
529,1.61418,,142,84,99
530,1.61727,,142,84,98.6
531,1.62019,,141,84,98.4
532,1.623,,141,84,98.2
533,1.62613,,141,84,98
534,1.6294,,141,85,97.8
535,1.63199,,141,85,97.6
536,1.63434,,141,85,97.4
537,1.63658,,140,85,97.2
538,1.63886,,140,84,97
539,1.64122,,139,84,96.8
540,1.64395,,139,84,96.6
541,1.64704,,138,84,96.6
542,1.64991,,137,84,96.4
543,1.65271,,137,84,96.2
544,1.65574,,136,84,96
545,1.65878,,136,84,96
546,1.6616,,136,84,95.6
547,1.66453,,135,84,95.6
548,1.6675,,135,84,95.6
549,1.67004,,135,84,95.2
550,1.67221,,134,84,94.8
551,1.67488,,134,84,94.8
552,1.67757,,133,84,94.6
553,1.68055,,132,84,94.4
554,1.68395,,131,84,94.4
555,1.68737,,131,84,94.2
556,1.69054,,130,84,94
557,1.69342,,130,84,93.8
558,1.6943,,129,84,93.8
559,1.69573,,129,83,94
560,1.69573,,129,83,94.2
561,1.69682,,128,83,94
562,1.69791,,128,83,94.2
563,1.69943,,128,84,94.2
564,1.70109,,128,84,94.2
565,1.70298,,128,84,94.4
566,1.70478,,129,84,94.4
567,1.70694,,129,84,94.4
568,1.70929,,129,84,94.4
569,1.71168,,129,84,94.6
570,1.71392,,130,84,94.4
571,1.7165,,130,84,94.6
572,1.71895,,129,84,94.6
573,1.72155,,130,84,94.4
574,1.7248,,130,84,94.6
575,1.72758,,129,84,94.6
576,1.7307,,129,84,94.4
577,1.73358,,129,84,94.4
578,1.73596,,129,84,94.4
579,1.7388,,128,84,94.4
580,1.74176,,128,84,94.4
581,1.74494,,127,84,94.4
582,1.7478,,127,84,94.4
583,1.75084,,127,84,94.6
584,1.75364,,126,84,94.6
585,1.75656,,126,84,94.6
586,1.75951,,126,84,94.6
587,1.76238,,126,84,94.8
588,1.76591,,125,84,94.6
589,1.76949,,126,84,94.6
590,1.77321,,127,84,94.8
591,1.77699,,127,84,94.6
592,1.78023,,128,83,94.4
593,1.78324,,128,83,94.2
594,1.78649,,129,83,94.2
595,1.78959,,129,83,94
596,1.79269,,129,84,94
597,1.79536,,129,84,93.8
598,1.79804,,129,84,94
599,1.80041,,129,83,94
600,1.80362,,129,84,94
601,1.80703,,130,84,94.2
602,1.81024,,129,83,94
603,1.81337,,130,83,94.2
604,1.81645,,130,83,94.4
605,1.81943,,130,83,94.2
606,1.8222,,130,83,94
607,1.82524,,130,84,94
608,1.82815,,131,83,94
609,1.83139,,131,83,94.2
610,1.83417,,131,83,94
611,1.83686,,131,83,94
612,1.83946,,131,83,94
613,1.84244,,131,83,93.8
614,1.84528,,131,83,93.8
615,1.84805,,131,83,93.8
616,1.85046,,131,83,93.8
617,1.85297,,131,83,94
618,1.85579,,131,83,94
619,1.85849,,130,83,94
620,1.86113,,131,83,93.8
621,1.86383,,130,83,93.8
622,1.86617,,131,83,93.8
623,1.86857,,130,83,94
624,1.87135,,130,83,94
625,1.87397,,130,83,93.8
626,1.87692,,130,83,94
627,1.87951,,130,83,94.2
628,1.88264,,130,83,94.2
629,1.88578,,130,83,94
630,1.88864,,130,83,94
631,1.89161,,131,83,94.2
632,1.89454,,131,83,94.2
633,1.89795,,131,83,94
634,1.90137,,131,83,94
635,1.90459,,131,83,94.2
636,1.90801,,131,84,94.2
637,1.91101,,132,83,94.2
638,1.91412,,132,83,94.2
639,1.91711,,132,84,94
640,1.92024,,133,84,94
641,1.92306,,133,84,94.4
642,1.92521,,133,84,94.4
643,1.9275,,133,84,94.2
644,1.93025,,134,84,94.2
645,1.93318,,134,84,94.2
646,1.93691,,135,84,94.2
647,1.94002,,135,84,94.4
648,1.94344,,135,84,94.2
649,1.94668,,135,84,94.2
650,1.94933,,135,84,94.4
651,1.95291,,135,84,94.4
652,1.95606,,134,84,94.2
653,1.95944,,135,84,94.2
654,1.96253,,134,84,94.2
655,1.96528,,134,84,94.2
656,1.96849,,134,84,94.2
657,1.97123,,134,84,94.2
658,1.97422,,134,84,94.2
659,1.97743,,134,84,94.2
660,1.98031,,133,84,94.2
661,1.98393,,133,84,94.2
662,1.98744,,133,84,94.2
663,1.99021,,133,84,94.4
664,1.99363,,133,84,94.4
665,1.99654,,133,84,94.4
666,2.00006,,133,84,94.4
667,2.00305,,133,83,94.6
668,2.00612,,133,83,94.6
669,2.00933,,133,83,94.6
670,2.01276,,132,84,94.4
671,2.0181,,133,84,94.4
672,2.0216,,133,84,94.6
673,2.02483,,133,83,94.4
674,2.02767,,133,84,94.6
675,2.03033,,133,84,94.6
676,2.03434,,133,84,94.6
677,2.03761,,133,84,94.8
678,2.04145,,133,84,94.4
679,2.04479,,133,84,94.4
680,2.04801,,133,83,94.4
681,2.05163,,133,84,94.6
682,2.05484,,133,84,94.4
683,2.05791,,133,84,94.4
684,2.06138,,133,84,94.4
685,2.06447,,133,83,94.4
686,2.06791,,133,83,94.4
687,2.07085,,133,83,94.4
688,2.07356,,134,83,94.2
689,2.07619,,133,83,94.2
690,2.07909,,133,83,94.2
691,2.08255,,133,83,94.2
692,2.08574,,134,83,94.4
693,2.0889,,134,83,94.2
694,2.09219,,134,84,94.2
695,2.0953,,133,84,94.2
696,2.09836,,134,84,94.4
697,2.10109,,134,84,94.2
698,2.10415,,134,84,94.2
699,2.10753,,134,84,94.2
700,2.11054,,134,84,94.2
701,2.11384,,135,84,94.2
702,2.11653,,135,84,94.2
703,2.11929,,135,84,94.2
704,2.12242,,135,84,94.2
705,2.12572,,135,84,94.4
706,2.12913,,135,84,94.4
707,2.1325,,134,84,94.2
708,2.13572,,134,84,94.4
709,2.1387,,134,84,94.2
710,2.14148,,134,84,94.4
711,2.14475,,134,84,94
712,2.14757,,133,84,94
713,2.15045,,134,84,94
714,2.15314,,133,84,93.8
715,2.15617,,133,84,93.8
716,2.1587,,133,84,93.6
717,2.16164,,133,84,93.6
718,2.16466,,134,84,93.6
719,2.16811,,134,84,93.8
720,2.17131,,134,84,93.6
721,2.17414,,134,84,93.6
722,2.17679,,134,84,93.6
723,2.17964,,133,84,93.6
724,2.18289,,134,84,93.6
725,2.1864,,134,84,93.6
726,2.18954,,134,84,93.6
727,2.19294,,134,84,93.6
728,2.19574,,134,84,93.6
729,2.1982,,134,84,93.6
730,2.20123,,135,84,93.6
731,2.204,,134,83,93.8
732,2.20687,,135,83,93.8
733,2.21039,,135,83,93.8
734,2.21383,,134,83,93.8
735,2.21698,,135,83,93.6
736,2.22066,,135,83,93.8
737,2.22399,,135,84,93.8
738,2.22766,,134,83,93.8
739,2.23155,,134,83,93.8
740,2.23511,,134,83,94
741,2.23871,,134,83,94
742,2.24186,,134,83,94
743,2.24469,,134,83,94
744,2.24833,,134,83,94
745,2.25173,,134,83,94
746,2.25587,,134,84,94
747,2.25971,,134,84,94
748,2.26329,,135,84,94
749,2.26703,,135,84,94
750,2.27015,,134,85,94.2
751,2.27333,,134,84,94.2
752,2.27568,,134,84,94.2
753,2.27865,,134,84,94
754,2.28183,,134,84,94
755,2.28491,,134,84,93.8
756,2.28817,,135,84,93.8
757,2.29119,,134,84,93.6
758,2.29402,,134,84,93.6
759,2.29718,,134,84,93.6
760,2.3001,,134,83,93.4
761,2.30351,,133,83,93.6
762,2.30634,,134,83,93.6
763,2.30945,,134,83,93.6
764,2.31221,,134,84,93.6
765,2.31489,,134,83,93.6
766,2.31801,,134,83,93.6
767,2.32102,,134,83,93.6
768,2.32416,,134,84,93.6
769,2.32739,,135,84,93.4
770,2.33025,,135,84,93.4
771,2.3332,,135,84,93.4
772,2.33571,,135,84,93.4
773,2.33824,,135,84,93.2
774,2.3407,,135,84,93.2
775,2.34305,,135,83,93
776,2.34527,,135,83,93
777,2.34747,,134,83,93
778,2.35086,,135,83,93
779,2.3547,,134,84,92.8
780,2.3581,,135,84,92.8
781,2.36209,,134,83,92.8
782,2.36576,,135,83,92.8
783,2.36968,,134,84,92.8
784,2.37359,,134,84,92.6
785,2.37699,,133,84,92.8
786,2.38037,,133,84,93
787,2.38358,,133,85,93
788,2.38682,,133,85,93
789,2.39029,,133,84,93.2
790,2.39333,,132,84,93
791,2.39668,,132,84,93.2
792,2.40002,,132,84,93
793,2.4037,,132,84,93.2
794,2.40745,,131,84,93
795,2.41046,,131,84,93
796,2.41321,,131,84,93.2
797,2.41578,,131,84,93
798,2.41924,,131,84,93
799,2.42233,,130,84,93
800,2.42488,,130,84,93
801,2.42839,,130,84,93
802,2.43125,,130,84,93.2
803,2.43421,,130,84,93.2
804,2.43723,,130,84,93.2
805,2.44004,,131,84,93.2
806,2.44323,,131,84,93.4
807,2.44593,,131,84,93.2
808,2.44879,,131,84,93.4
809,2.45164,,132,84,93.4
810,2.45433,,132,84,93.4
811,2.45734,,132,84,93.6
812,2.45969,,133,84,93.6
813,2.46261,,133,84,93.6
814,2.46527,,133,84,93.8
815,2.46868,,133,83,93.8
816,2.47247,,134,83,93.8
817,2.47599,,134,83,93.6
818,2.4791,,134,84,93.8
819,2.48214,,135,84,93.6
820,2.48517,,135,84,93.6
821,2.48867,,135,84,93.8
822,2.49137,,134,84,93.6
823,2.49415,,135,84,93.6
824,2.4969,,135,84,93.6
825,2.50003,,135,83,93.8
826,2.50341,,135,84,93.6
827,2.5063,,135,84,93.8
828,2.50924,,135,84,93.8
829,2.51179,,136,84,93.8
830,2.51426,,136,83,93.8
831,2.51744,,136,84,93.8
832,2.52077,,136,84,93.8
833,2.5239,,136,83,93.8
834,2.52661,,137,84,93.8
835,2.52939,,137,84,93.8
836,2.53238,,137,84,93.8
837,2.53529,,136,84,93.8
838,2.53865,,136,84,93.8
839,2.54204,,136,84,94
840,2.5453,,137,84,94
841,2.54898,,136,84,94
842,2.55235,,137,84,93.8
843,2.55591,,137,84,94
844,2.55941,,136,84,93.8
845,2.56287,,136,84,93.8
846,2.56668,,136,84,93.8
847,2.57053,,136,84,93.8
848,2.57433,,136,84,93.8
849,2.57849,,136,84,93.8
850,2.58206,,136,84,93.8
851,2.5855,,137,84,93.8
852,2.58898,,137,84,93.8
853,2.59314,,137,84,93.8
854,2.5964,,137,84,94
855,2.6002,,137,84,93.6
856,2.60357,,137,84,93.8
857,2.60666,,138,84,93.8
858,2.6102,,138,84,93.8
859,2.61337,,138,84,94
860,2.61679,,138,84,93.8
861,2.61971,,138,84,93.8
862,2.62254,,139,84,93.8
863,2.62583,,139,84,93.8
864,2.6284,,139,84,93.8
865,2.63168,,139,84,94
866,2.63477,,139,84,93.8
867,2.63765,,139,84,94
868,2.64126,,139,84,94
869,2.64435,,139,84,94
870,2.64734,,139,84,94
871,2.65059,,139,84,94
872,2.65405,,139,84,93.8
873,2.65752,,139,84,94
874,2.66074,,139,85,94
875,2.66426,,139,85,94
876,2.668,,139,84,93.8
877,2.67095,,139,84,93.8
878,2.67404,,138,84,93.8
879,2.67688,,138,84,93.8
880,2.67999,,138,84,93.8
881,2.68318,,138,84,93.8
882,2.68643,,137,84,93.8
883,2.68932,,137,84,93.8
884,2.69198,,137,85,93.6
885,2.69488,,136,85,93.6
886,2.69797,,136,85,93.6
887,2.70109,,136,84,93.6
888,2.70422,,135,84,93.8
889,2.70716,,135,84,93.6
890,2.7106,,135,84,93.6
891,2.71427,,135,85,93.6
892,2.71777,,135,85,93.6
893,2.72086,,135,85,93.6
894,2.7239,,136,85,93.6
895,2.72711,,136,84,93.6
896,2.73021,,136,85,93.6
897,2.7338,,136,85,93.6
898,2.73733,,137,85,93.6
899,2.74095,,137,85,93.8
900,2.74449,,137,85,93.6
901,2.74784,,137,84,93.6
902,2.75122,,137,84,93.6
903,2.75433,,137,84,93.6
904,2.75731,,136,84,93.4
905,2.76026,,137,84,93.4
906,2.76305,,136,84,93.6
907,2.76584,,136,84,93.6
908,2.76857,,136,84,93.6
909,2.7716,,136,84,93.6
910,2.77465,,135,84,93.4
911,2.77811,,135,84,93.4
912,2.78142,,135,84,93.4
913,2.78424,,135,84,93.4
914,2.78695,,135,84,93.6
915,2.78986,,135,84,93.6
916,2.79257,,135,83,93.6
917,2.79578,,134,83,93.6
918,2.7986,,135,84,93.6
919,2.80136,,134,84,93.6
920,2.80436,,134,84,93.4
921,2.80727,,134,84,93.4
922,2.81021,,134,84,93.4
923,2.81319,,134,84,93.6
924,2.81662,,134,84,93.6
925,2.82056,,134,84,93.4
926,2.82393,,134,84,93.4
927,2.82749,,134,84,93.6
928,2.83057,,134,84,93.6
929,2.83392,,135,84,93.6
930,2.83746,,135,84,93.8
931,2.84053,,134,84,93.8
932,2.84391,,135,84,93.8
933,2.84694,,134,84,93.8
934,2.84985,,134,84,93.8
935,2.85263,,134,84,93.8
936,2.85547,,134,84,93.8
937,2.85848,,134,84,93.8
938,2.86151,,134,84,93.8
939,2.86451,,134,84,93.8
940,2.86741,,134,84,93.8
941,2.87056,,134,83,93.8
942,2.87349,,133,83,93.8
943,2.87628,,134,83,94
944,2.87892,,133,84,93.8
945,2.88242,,133,84,93.8
946,2.88543,,133,84,93.8
947,2.88867,,133,84,93.8
948,2.89158,,134,84,93.8
949,2.89453,,133,84,93.8
950,2.89765,,134,84,93.8
951,2.90009,,134,84,93.8
952,2.90306,,134,84,93.8
953,2.90582,,134,84,93.8
954,2.90883,,134,84,93.8
955,2.9119,,134,84,93.8
956,2.91487,,134,84,94
957,2.91859,,134,84,94
958,2.92201,,134,84,94
959,2.92556,,134,84,94
960,2.92891,,134,84,93.8
961,2.93186,,135,84,93.8
962,2.93519,,135,84,94
963,2.93834,,135,84,94.2
964,2.94149,,135,84,94.4
965,2.94431,,135,83,94.2
966,2.94743,,135,84,94
967,2.95065,,135,84,94
968,2.95388,,135,84,94.2
969,2.95662,,135,84,94.2
970,2.95933,,136,84,94.2
971,2.9619,,135,84,94.2
972,2.96471,,136,84,94.2
973,2.96747,,136,84,94.2
974,2.9706,,136,85,94.4
975,2.97346,,136,85,94.6
976,2.97625,,136,85,94.6
977,2.97905,,136,85,94.6
978,2.98232,,136,84,94.8
979,2.98491,,137,84,94.8
980,2.9872,,137,84,94.8
981,2.99003,,137,84,94.6
982,2.99297,,138,84,94.6
983,2.99616,,138,84,94.8
984,2.99866,,138,84,94.8
985,3.00138,,139,84,94.8
986,3.00425,,139,84,94.8
987,3.00716,,139,84,94.8
988,3.01012,,139,84,94.6
989,3.01291,,140,84,94.6
990,3.01536,,140,84,94.6
991,3.01773,,140,84,94.6
992,3.02014,,140,84,94.4
993,3.02307,,139,84,94.4
994,3.02634,,139,84,94.2
995,3.02979,,139,84,94.2
996,3.03303,,139,84,94.2
997,3.03666,,139,84,94
998,3.03963,,139,84,94
999,3.0428,,138,84,94
1000,3.04603,,138,84,94
1001,3.04945,,138,85,94
1002,3.0529,,138,84,94
1003,3.0567,,138,85,94
1004,3.06045,,138,85,94
1005,3.06397,,138,85,94
1006,3.06778,,138,85,93.8
1007,3.07127,,138,85,93.8
1008,3.07456,,138,85,93.8
1009,3.07734,,138,85,93.8
1010,3.08096,,138,84,93.8
1011,3.08489,,138,84,93.8
1012,3.08859,,137,84,93.8
1013,3.09226,,138,84,93.8
1014,3.09542,,137,84,93.8
1015,3.09877,,137,84,93.8
1016,3.10198,,137,84,93.8
1017,3.10504,,137,84,93.8
1018,3.10799,,136,84,94
1019,3.111,,136,84,93.8
1020,3.11368,,136,84,94
1021,3.11624,,136,84,94
1022,3.11845,,136,84,94
1023,3.12142,,136,84,94
1024,3.12377,,136,84,94
1025,3.12635,,136,84,93.8
1026,3.12961,,136,84,93.8
1027,3.13266,,136,84,93.8
1028,3.13556,,136,84,93.6
1029,3.13831,,135,84,93.6
1030,3.1411,,136,84,93.8
1031,3.14451,,136,84,94
1032,3.14791,,136,85,93.8
1033,3.15196,,136,85,93.8
1034,3.1554,,136,85,94
1035,3.15879,,136,85,93.8
1036,3.16188,,136,85,94
1037,3.16464,,136,85,94
1038,3.16798,,136,85,94
1039,3.17056,,136,84,93.8
1040,3.17375,,135,84,93.8
1041,3.17663,,135,84,93.6
1042,3.17956,,136,84,93.6
1043,3.18217,,135,84,93.6
1044,3.18487,,136,84,93.8
1045,3.18756,,136,84,93.6
1046,3.19037,,136,84,93.8
1047,3.19305,,135,84,93.6
1048,3.19577,,136,84,93.4
1049,3.19837,,135,84,93.4
1050,3.20107,,135,84,93.4
1051,3.2042,,135,84,93.4
1052,3.20694,,135,84,93.2
1053,3.20984,,134,84,93.2
1054,3.21299,,134,84,93.2
1055,3.21561,,133,84,93.2
1056,3.21849,,133,84,93.2
1057,3.22098,,133,84,93.2
1058,3.22384,,133,84,93.2
1059,3.22698,,132,84,93.2
1060,3.22997,,132,84,93.2
1061,3.23301,,133,84,93.2
1062,3.23588,,133,84,93
1063,3.23929,,133,84,92.8
1064,3.24253,,134,84,92.8
1065,3.2456,,134,84,92.8
1066,3.24846,,134,84,92.8
1067,3.25117,,135,84,92.8
1068,3.25374,,135,84,92.8
1069,3.25594,,135,84,93
1070,3.25869,,135,84,92.8
1071,3.26194,,134,84,92.8
1072,3.26448,,135,84,92.8
1073,3.26723,,134,84,92.8
1074,3.27025,,134,84,92.8
1075,3.27348,,134,84,92.8
1076,3.2766,,134,84,92.8
1077,3.27939,,133,84,92.8
1078,3.28288,,134,84,92.8
1079,3.28613,,133,84,92.8
1080,3.28939,,133,84,92.8
1081,3.29234,,133,84,92.8
1082,3.29538,,133,84,92.8
1083,3.29811,,133,84,92.8
1084,3.30091,,133,83,92.8
1085,3.30344,,133,83,92.8
1086,3.30549,,133,83,92.8
1087,3.30798,,132,83,92.8
1088,3.31044,,133,83,92.8
1089,3.31284,,132,83,92.8
1090,3.31527,,132,83,92.8
1091,3.31825,,132,84,92.8
1092,3.3209,,133,84,92.6
1093,3.32337,,132,84,92.6
1094,3.32629,,132,83,92.8
1095,3.32908,,132,83,92.8
1096,3.33175,,132,83,92.8
1097,3.33456,,132,84,92.6
1098,3.33746,,133,84,92.8
1099,3.34063,,133,84,92.6
1100,3.34351,,133,84,92.8
1101,3.34645,,134,84,92.8
1102,3.34936,,134,84,92.8
1103,3.35255,,135,84,92.8
1104,3.35584,,135,84,92.8
1105,3.35889,,136,84,92.6
1106,3.36286,,136,84,92.4
1107,3.3663,,136,84,92.6
1108,3.36987,,137,84,92.8
1109,3.37323,,137,84,92.4
1110,3.37642,,137,84,92.4
1111,3.37989,,137,84,92.4
1112,3.38314,,137,84,92.4
1113,3.3867,,137,84,92.4
1114,3.39002,,137,84,92.4
1115,3.39329,,137,84,92.4
1116,3.39661,,137,84,92.4
1117,3.40005,,137,84,92.4
1118,3.40344,,137,84,92.4
1119,3.40695,,137,84,92.4
1120,3.41069,,137,84,92.4
1121,3.41405,,137,84,92.4
1122,3.41701,,138,84,92.2
1123,3.42045,,138,84,92.2
1124,3.42361,,138,84,92.4
1125,3.42698,,137,84,92.2
1126,3.43029,,137,84,92.2
1127,3.43354,,137,84,92.2
1128,3.43688,,137,84,92.2
1129,3.43969,,137,84,92.2
1130,3.44297,,136,84,92.2
1131,3.44646,,137,84,92.4
1132,3.45042,,137,84,92.4
1133,3.4539,,137,84,92.4
1134,3.45722,,136,85,92.4
1135,3.46098,,137,84,92.2
1136,3.46411,,136,84,92.4
1137,3.46799,,136,84,92.4
1138,3.47135,,136,84,92.4
1139,3.47442,,136,84,92.4
1140,3.4774,,136,84,92.8
1141,3.47975,,136,84,92.6
1142,3.48284,,136,84,92.4
1143,3.48609,,135,84,92.6
1144,3.48921,,135,84,92.6
1145,3.49294,,136,84,92.6
1146,3.49607,,136,84,92.6
1147,3.49947,,136,85,92.6
1148,3.50251,,136,84,92.6
1149,3.50587,,136,84,92.6
1150,3.5088,,136,84,92.6
1151,3.51197,,136,85,92.6
1152,3.51498,,136,85,92.8
1153,3.51748,,136,84,92.8
1154,3.52018,,136,85,92.8
1155,3.52255,,136,85,92.8
1156,3.52517,,136,85,92.8
1157,3.52782,,136,85,92.8
1158,3.53019,,136,85,93
1159,3.53334,,136,85,92.8
1160,3.53662,,136,85,92.8
1161,3.54022,,136,85,93
1162,3.54344,,136,85,93
1163,3.54663,,136,85,93
1164,3.54994,,136,85,93.2
1165,3.55271,,136,85,93
1166,3.55549,,136,85,93.2
1167,3.55872,,137,84,93.2
1168,3.56224,,136,84,93
1169,3.56565,,137,85,93.2
1170,3.56832,,136,84,93
1171,3.57124,,137,84,93
1172,3.57452,,136,84,93
1173,3.5775,,136,84,93.2
1174,3.58047,,136,84,93
1175,3.58315,,136,84,93
1176,3.5861,,136,84,93
1177,3.58884,,136,84,93
1178,3.59164,,136,85,93
1179,3.5947,,136,85,92.8
1180,3.59779,,136,85,92.8
1181,3.60114,,136,85,92.8
1182,3.60418,,136,85,92.8
1183,3.60739,,136,85,92.8
1184,3.61059,,136,84,93
1185,3.61411,,136,84,92.8
1186,3.61777,,136,84,92.8
1187,3.62075,,136,84,92.8
1188,3.62415,,136,84,92.6
1189,3.62733,,136,85,92.6
1190,3.63064,,135,85,92.6
1191,3.63384,,136,84,92.4
1192,3.6372,,135,84,92.2
1193,3.64073,,135,84,92.2
1194,3.64378,,135,84,92.2
1195,3.64701,,134,85,92
1196,3.65054,,135,85,92
1197,3.6537,,134,85,92
1198,3.65729,,135,85,92
1199,3.66066,,134,85,92
1200,3.66415,,135,85,92
1201,3.66738,,135,84,92
1202,3.67068,,135,84,92
1203,3.67405,,135,84,92
1204,3.67741,,135,84,92.2
1205,3.68056,,135,84,92.2
1206,3.68338,,135,84,92.2
1207,3.68622,,136,84,92.4
1208,3.68925,,136,84,92.4
1209,3.69238,,136,84,92.4
1210,3.69535,,136,84,92.4
1211,3.69808,,136,84,92.6
1212,3.70084,,135,84,92.6
1213,3.70347,,135,84,92.6
1214,3.70642,,135,84,92.6
1215,3.70918,,135,84,92.6
1216,3.71189,,135,84,92.6
1217,3.71463,,135,84,92.6
1218,3.71726,,135,84,92.8
1219,3.71996,,135,84,93
1220,3.72276,,134,84,92.8
1221,3.72599,,133,84,93
1222,3.72921,,133,83,92.8
1223,3.73214,,132,84,92.8
1224,3.73482,,132,84,92.8
1225,3.73752,,132,84,92.8
1226,3.74045,,132,85,93
1227,3.74358,,132,84,93
1228,3.74644,,131,84,93.2
1229,3.7493,,131,85,93
1230,3.75223,,131,85,93
1231,3.75566,,132,84,93.2
1232,3.7588,,132,84,93.2
1233,3.76181,,133,84,93.2
1234,3.76491,,133,84,93.2
1235,3.76768,,134,84,93.2
1236,3.77041,,134,84,93
1237,3.77308,,135,84,93.2
1238,3.776,,135,84,93.2
1239,3.77918,,135,84,93.2
1240,3.7823,,136,84,93.2
1241,3.78536,,136,84,93.4
1242,3.78875,,136,84,93.2
1243,3.79216,,136,84,93.2
1244,3.79564,,136,84,93.2
1245,3.79877,,136,84,93.2
1246,3.80161,,137,84,93.2
1247,3.80464,,137,84,93.4
1248,3.80766,,137,84,93.4
1249,3.81076,,136,84,93.6
1250,3.8137,,137,85,93.4
1251,3.81647,,136,84,93.4
1252,3.8194,,136,84,93.6
1253,3.82226,,136,84,93.6
1254,3.82535,,136,83,93.6
1255,3.82863,,136,84,93.6
1256,3.83195,,137,84,93.6
1257,3.83499,,136,84,93.6
1258,3.83809,,136,84,93.6
1259,3.84099,,136,84,93.8
1260,3.84394,,136,84,94
1261,3.84685,,136,84,94
1262,3.84973,,137,84,93.8
1263,3.85261,,137,84,93.8
1264,3.85563,,136,84,93.8
1265,3.85848,,137,84,93.8
1266,3.86195,,137,84,94
1267,3.86528,,137,84,94
1268,3.8683,,137,84,94
1269,3.87175,,137,84,94
1270,3.87493,,137,84,94
1271,3.87816,,137,84,94
1272,3.88178,,137,84,94
1273,3.88506,,137,84,94.2
1274,3.88824,,137,84,94.2
1275,3.89066,,138,84,94.4
1276,3.89237,,138,84,94.6
1277,3.8941,,139,85,94.8
1278,3.89595,,139,86,95.2
1279,3.89788,,139,86,95.4
1280,3.89989,,140,86,95.8
1281,3.90172,,141,86,96
1282,3.90407,,141,86,96.4
1283,3.90631,,142,86,96.8
1284,3.90913,,143,86,97.2
1285,3.91145,,144,86,97.8
1286,3.9144,,144,86,98.2
1287,3.91681,,145,86,98.4
1288,3.91854,,146,86,98.8
1289,3.92079,,147,86,99
1290,3.92335,,148,86,99.4
1291,3.92604,,148,86,99.6
1292,3.92841,,149,86,99.8
1293,3.93127,,150,86,100.2
1294,3.93429,,150,86,100.6
1295,3.93717,,151,86,100.8
1296,3.94002,,151,86,101
1297,3.94302,,152,86,101.4
1298,3.94654,,152,86,101.6
1299,3.94956,,152,86,102
1300,3.95249,,153,86,102.2
1301,3.95539,,153,86,102.4
1302,3.95835,,153,86,102.8
1303,3.96138,,153,86,103
1304,3.9637,,153,85,103.2
1305,3.96708,,154,85,103.6
1306,3.97056,,154,85,103.6
1307,3.97406,,155,85,104
1308,3.97687,,155,85,104.2
1309,3.98015,,155,85,104.4
1310,3.98313,,155,85,104.8
1311,3.9857,,155,85,104.8
1312,3.98919,,156,85,105
1313,3.99249,,156,85,105.2
1314,3.99606,,157,85,105.4
1315,3.99894,,156,85,105.6
1316,4.00223,,157,85,105.6
1317,4.00516,,157,86,105.8
1318,4.00804,,157,85,106
1319,4.01132,,158,85,106
1320,4.01425,,158,85,106.2
1321,4.01735,,157,85,106.2
1322,4.02039,,158,86,106.4
1323,4.02381,,158,85,106.6
1324,4.02739,,158,85,106.8
1325,4.03035,,158,85,107
1326,4.03331,,158,85,107.2
1327,4.03625,,158,85,107.6
1328,4.03939,,159,85,108
1329,4.04145,,159,85,108.2
1330,4.04349,,159,85,108.6
1331,4.04536,,159,86,109
1332,4.04807,,159,85,109.2
1333,4.05088,,160,85,109.8
1334,4.05354,,160,85,109.8
1335,4.05697,,160,85,110
1336,4.05954,,160,85,110.2
1337,4.06299,,160,84,110.4
1338,4.066,,160,84,110.6
1339,4.06873,,160,84,110.6
1340,4.0717,,160,84,110.8
1341,4.07437,,160,84,110.8
1342,4.07711,,160,84,110.8
1343,4.07946,,160,84,111
1344,4.08171,,160,84,111
1345,4.08413,,160,84,110.8
1346,4.08668,,160,84,111
1347,4.0893,,160,84,111
1348,4.09149,,160,84,111
1349,4.09389,,159,84,111
1350,4.09651,,159,84,111
1351,4.099,,159,84,111
1352,4.10196,,158,84,111.2
1353,4.1048,,158,84,111.2
1354,4.10765,,158,84,111.2
1355,4.11112,,158,84,111.2
1356,4.11436,,158,84,111.2
1357,4.11781,,157,84,111.2
1358,4.12109,,157,84,111.2
1359,4.12446,,157,84,111.2
1360,4.12735,,157,84,111.2
1361,4.13029,,157,84,111.2
1362,4.13296,,157,84,111.2
1363,4.13587,,157,83,111.2
1364,4.13922,,156,83,111
1365,4.14213,,156,83,111
1366,4.14488,,156,83,111.2
1367,4.14706,,156,83,111.4
1368,4.1495,,156,83,111.4
1369,4.15192,,156,83,111.2
1370,4.15459,,155,83,111.2
1371,4.15715,,155,83,111.4
1372,4.1594,,155,83,111.2
1373,4.16168,,155,83,111.2
1374,4.16396,,155,83,111.2
1375,4.16638,,154,83,111.2
1376,4.1694,,154,83,111.2
1377,4.17229,,154,83,111
1378,4.17542,,153,83,111
1379,4.17821,,153,83,111
1380,4.18113,,153,83,110.8
1381,4.18418,,153,83,110.8
1382,4.18716,,152,83,111
1383,4.18994,,152,83,110.8
1384,4.19269,,152,84,111
1385,4.19584,,152,84,111
1386,4.19864,,152,84,111.2
1387,4.20145,,152,84,111
1388,4.20446,,152,84,111
1389,4.20701,,152,84,111.2
1390,4.20936,,151,84,111
1391,4.21214,,152,84,111
1392,4.2149,,151,84,111
1393,4.21814,,151,84,111.2
1394,4.22064,,151,84,111.2
1395,4.22382,,151,84,111.2
1396,4.22702,,151,84,111
1397,4.23009,,150,84,111.2
1398,4.23364,,150,84,111.2
1399,4.2365,,150,84,111
1400,4.23934,,149,85,111
1401,4.24258,,149,84,111
1402,4.24582,,149,84,110.8
1403,4.24934,,149,84,110.8
1404,4.25261,,148,84,110.8
1405,4.25545,,148,84,110.8
1406,4.25828,,148,84,111
1407,4.26119,,148,84,111
1408,4.26435,,148,84,111
1409,4.26726,,148,85,111.2
1410,4.27062,,149,85,111
1411,4.27351,,148,85,111.2
1412,4.27675,,148,85,111.4
1413,4.27971,,149,85,111.4
1414,4.28285,,148,85,111.4
1415,4.28589,,148,85,111.4
1416,4.28854,,147,85,111.6
1417,4.29114,,147,85,111.4
1418,4.29375,,147,85,111.4
1419,4.29675,,147,85,111.4
1420,4.29932,,146,84,111.2
1421,4.3026,,146,85,111.2
1422,4.30617,,145,85,111
1423,4.30922,,145,85,111
1424,4.31233,,145,84,110.8
1425,4.31532,,145,85,110.8
1426,4.31797,,144,85,110.6
1427,4.32065,,144,85,110.6
1428,4.32313,,144,85,110.6
1429,4.32562,,144,85,110.4
1430,4.32835,,144,85,110.4
1431,4.33077,,144,85,110.4
1432,4.33366,,143,85,110.4
1433,4.33653,,143,85,110.4
1434,4.33934,,143,85,110.4
1435,4.34222,,143,85,110.2
1436,4.34507,,142,85,110.2
1437,4.34748,,142,85,110.2
1438,4.35031,,142,85,110.2
1439,4.35338,,142,85,110.2
1440,4.35608,,142,85,110.2
1441,4.35885,,142,85,110.2
1442,4.36244,,141,85,110.2
1443,4.36608,,141,84,110.4
1444,4.36875,,141,84,110.4
1445,4.37137,,141,84,110.4
1446,4.3748,,140,84,110.4
1447,4.37788,,140,84,110.4
1448,4.38245,,140,84,110.6
1449,4.3869,,140,84,110.2
1450,4.39129,,139,83,110.2
1451,4.39536,,140,83,110
1452,4.39889,,140,83,110
1453,4.40232,,140,84,110
1454,4.40555,,140,84,110
1455,4.40903,,140,84,110
1456,4.41213,,141,84,109.8
1457,4.41492,,141,84,109.8
1458,4.41851,,141,84,109.8
1459,4.42213,,141,84,109.8
1460,4.4256,,142,84,109.8
1461,4.42902,,142,84,109.8
1462,4.43201,,142,84,109.8
1463,4.43521,,142,84,109.8
1464,4.43876,,142,84,109.8
1465,4.44238,,142,83,110
1466,4.44622,,142,83,110
1467,4.44978,,142,84,110
1468,4.45309,,142,84,110
1469,4.45635,,142,84,110
1470,4.45971,,142,84,110
1471,4.46292,,142,84,110
1472,4.466,,142,84,110
1473,4.46912,,141,84,110
1474,4.47236,,142,84,110
1475,4.47571,,142,85,110
1476,4.47928,,141,85,109.8
1477,4.48268,,141,85,109.8
1478,4.48581,,141,85,110
1479,4.48904,,141,84,109.8
1480,4.49206,,141,85,110
1481,4.49528,,142,84,110.2
1482,4.49873,,142,84,110.2
1483,4.5018,,142,85,110.4
1484,4.50506,,142,84,110.6
1485,4.50848,,143,85,110.8
1486,4.51159,,143,84,111
1487,4.51523,,143,84,111.2
1488,4.5187,,144,84,111.4
1489,4.52213,,144,84,111.6
1490,4.52529,,144,84,111.6
1491,4.52844,,145,84,111.6
1492,4.53187,,145,84,111.4
1493,4.53533,,145,84,111.4
1494,4.53881,,146,84,111.4
1495,4.54199,,146,84,111.6
1496,4.54529,,146,84,111.6
1497,4.54866,,146,84,111.4
1498,4.55201,,146,84,111.4
1499,4.55516,,146,84,111.4
1500,4.5582,,147,83,111.6
1501,4.56109,,146,83,111.6
1502,4.56416,,146,83,111.4
1503,4.56756,,146,84,111.8
1504,4.57085,,146,84,111.6
1505,4.57435,,146,84,111.6
1506,4.57764,,146,84,111.6
1507,4.58078,,146,84,111.4
1508,4.58385,,146,84,111.4
1509,4.58683,,146,84,111.6
1510,4.59008,,146,84,111.8
1511,4.59301,,147,84,111.6
1512,4.59593,,147,84,111.6
1513,4.59913,,147,84,111.6
1514,4.60226,,147,84,111.6
1515,4.60546,,147,84,111.4
1516,4.6087,,147,84,111.4
1517,4.61235,,147,84,111.4
1518,4.61559,,147,84,111.2
1519,4.61896,,147,84,111.2
1520,4.62249,,147,85,111
1521,4.62571,,147,85,110.8
1522,4.62917,,147,85,110.8
1523,4.6324,,147,84,110.8
1524,4.63619,,146,84,110.8
1525,4.63983,,146,84,110.8
1526,4.64297,,146,84,110.8
1527,4.64642,,146,84,110.8
1528,4.64955,,145,84,110.6
1529,4.65253,,145,84,110.6
1530,4.65582,,145,84,110.8
1531,4.65909,,145,84,110.8
1532,4.66259,,145,84,110.6
1533,4.6658,,145,84,110.6
1534,4.66903,,145,84,110.4
1535,4.67233,,144,84,110.4
1536,4.67548,,144,84,110.2
1537,4.67902,,144,84,110.2
1538,4.68228,,143,85,110
1539,4.68559,,143,85,110
1540,4.68893,,143,85,110
1541,4.69264,,142,85,109.8
1542,4.69594,,142,85,109.8
1543,4.6992,,141,85,109.8
1544,4.70239,,141,85,109.8
1545,4.70544,,141,85,110
1546,4.70816,,140,85,110
1547,4.71094,,140,84,110
1548,4.71387,,140,84,110
1549,4.7172,,140,84,110.2
1550,4.72033,,141,84,110.2
1551,4.72354,,140,84,110.2
1552,4.72679,,141,84,110.2
1553,4.72988,,140,84,110.2
1554,4.73304,,141,84,110.2
1555,4.73604,,141,84,110.2
1556,4.73922,,141,84,110.4
1557,4.74256,,141,83,110.6
1558,4.74559,,141,84,110.4
1559,4.7483,,142,84,110.4
1560,4.75084,,142,84,110.4
1561,4.75341,,142,84,110.6
1562,4.75664,,142,84,110.6
1563,4.75994,,142,84,110.4
1564,4.76323,,143,84,110.6
1565,4.76647,,143,84,110.6
1566,4.77016,,143,84,110.8
1567,4.77344,,143,84,110.8
1568,4.77667,,143,84,110.8
1569,4.78004,,143,84,111
1570,4.78349,,144,84,111.2
1571,4.78698,,144,84,111
1572,4.7901,,144,84,110.8
1573,4.79289,,143,84,111
1574,4.79578,,144,84,111.2
1575,4.79839,,144,84,111.2
1576,4.80136,,144,84,111.4
1577,4.80434,,144,84,111.2
1578,4.80682,,144,84,111.2
1579,4.8097,,144,84,111.2
1580,4.81269,,143,84,111.4
1581,4.81557,,144,83,111.4
1582,4.81856,,143,83,111.4
1583,4.82153,,144,84,111.6
1584,4.82499,,144,84,111.6
1585,4.8279,,144,84,111.6
1586,4.83096,,144,84,111.6
1587,4.83429,,144,84,111.6
1588,4.83756,,144,84,111.6
1589,4.84079,,144,83,111.6
1590,4.84377,,144,83,111.6
1591,4.84715,,144,83,111.6
1592,4.85054,,144,84,111.6
1593,4.85324,,144,84,111.8
1594,4.8563,,145,84,111.8
1595,4.85907,,144,84,112
1596,4.86201,,144,84,112.2
1597,4.86498,,145,84,112.2
1598,4.86792,,145,84,112.4
1599,4.87083,,145,84,112.6
1600,4.87418,,145,84,112.8
1601,4.87763,,145,84,112.8
1602,4.88093,,146,84,112.8
1603,4.88413,,146,84,112.8
1604,4.88677,,146,84,112.6
1605,4.88972,,147,84,112.4
1606,4.8928,,147,84,112.4
1607,4.89573,,147,84,112.2
1608,4.89916,,147,84,112.2
1609,4.90246,,148,84,112
1610,4.90545,,148,84,112
1611,4.90888,,148,84,112
1612,4.91209,,148,84,111.8
1613,4.91543,,148,84,111.8
1614,4.91877,,148,84,111.8
1615,4.92204,,148,84,111.8
1616,4.92601,,148,84,111.8
1617,4.92957,,148,84,111.8
1618,4.93299,,147,84,111.8
1619,4.93571,,147,84,111.8
1620,4.93866,,148,84,111.8
1621,4.94203,,147,84,111.8
1622,4.94566,,148,84,111.8
1623,4.94918,,148,84,111.8
1624,4.95263,,147,84,112
1625,4.95651,,147,84,112
1626,4.96029,,147,84,111.8
1627,4.96356,,147,84,111.8
1628,4.96657,,147,84,111.8
1629,4.96976,,146,83,111.8
1630,4.97304,,146,83,111.8
1631,4.9767,,146,83,111.8
1632,4.9801,,146,83,111.8
1633,4.98346,,146,83,111.8
1634,4.9865,,146,83,111.8
1635,4.98954,,145,83,111.6
1636,4.99238,,145,83,111.6
1637,4.99506,,146,84,111.6
1638,4.99815,,145,84,111.6
1639,5.00127,,145,84,111.6
1640,5.00452,,145,84,111.8
1641,5.00777,,145,84,112
1642,5.01079,,146,83,111.8
1643,5.01418,,145,83,111.6
1644,5.01699,,145,84,111.6
1645,5.02009,,145,83,111.6
1646,5.02373,,145,83,111.6
1647,5.02703,,145,84,111.4
1648,5.03043,,145,83,111.4
1649,5.03331,,145,83,111.2
1650,5.03626,,145,83,111.2
1651,5.03963,,145,83,111.2
1652,5.04306,,145,83,111.2
1653,5.04647,,145,83,111.2
1654,5.04935,,145,83,111.2
1655,5.05249,,145,83,111.2
1656,5.05564,,145,83,111.2
1657,5.05894,,145,83,111.2
1658,5.06205,,145,83,111
1659,5.06542,,145,83,111
1660,5.06941,,145,83,111
1661,5.07277,,145,83,111
1662,5.07585,,146,83,111
1663,5.07931,,146,83,111
1664,5.08219,,146,83,110.8
1665,5.08489,,146,83,110.8
1666,5.08816,,146,83,110.8
1667,5.0915,,146,83,110.8
1668,5.09435,,146,83,110.8
1669,5.09812,,146,83,110.8
1670,5.10168,,146,83,111
1671,5.10486,,146,83,110.8
1672,5.10784,,145,83,110.8
1673,5.11109,,145,83,110.8
1674,5.11405,,146,83,110.8
1675,5.11798,,145,83,110.8
1676,5.1216,,145,83,110.8
1677,5.12523,,146,83,110.8
1678,5.12803,,145,83,110.8
1679,5.1312,,145,83,110.8
1680,5.13395,,145,83,111
1681,5.13699,,145,83,110.8
1682,5.14004,,145,83,110.8
1683,5.14296,,145,83,110.8
1684,5.14645,,145,83,110.8
1685,5.14974,,144,83,110.8
1686,5.15266,,144,83,110.8
1687,5.15584,,144,83,110.6
1688,5.15859,,145,83,110.6
1689,5.1618,,144,83,110.8
1690,5.1653,,145,83,110.8
1691,5.169,,145,83,110.8
1692,5.17252,,145,83,110.6
1693,5.17533,,144,83,110.8
1694,5.17848,,145,83,110.8
1695,5.18163,,145,83,110.8
1696,5.18489,,144,83,110.8
1697,5.18822,,144,83,110.8
1698,5.19198,,144,82,110.6
1699,5.19541,,144,82,110.6
1700,5.19928,,144,82,110.4
1701,5.20278,,144,82,110.4
1702,5.20625,,144,82,110.4
1703,5.20923,,144,82,110.4
1704,5.21201,,144,82,110.4
1705,5.21486,,144,82,110.4
1706,5.21789,,144,82,110.4
1707,5.22086,,144,83,110.4
1708,5.2244,,145,84,110.6
1709,5.22854,,145,84,110.2
1710,5.23261,,145,84,110.4
1711,5.23675,,146,84,110.2
1712,5.24018,,146,84,110.2
1713,5.24337,,146,84,110.2
1714,5.24651,,147,84,110.2
1715,5.24998,,147,84,110.2
1716,5.25273,,147,83,110.2
1717,5.25557,,147,83,110.2
1718,5.25856,,147,83,110.2
1719,5.26165,,146,83,110
1720,5.26451,,146,83,110
1721,5.26767,,146,83,110.2
1722,5.27099,,146,83,110
1723,5.27453,,146,83,110
1724,5.27789,,145,83,110.2
1725,5.28096,,145,83,110.2
1726,5.28457,,145,83,110.2
1727,5.28806,,145,83,110.2
1728,5.29139,,145,83,110.4
1729,5.29492,,144,83,110.2
1730,5.29836,,144,83,110.2
1731,5.30197,,145,83,110.2
1732,5.30518,,145,83,110.4
1733,5.30844,,145,83,110.4
1734,5.31168,,145,83,110.4
1735,5.31507,,144,83,110.4
1736,5.31829,,144,84,110.2
1737,5.32158,,144,84,110.4
1738,5.32498,,144,84,110.4
1739,5.32817,,144,83,110.6
1740,5.33128,,144,83,110.4
1741,5.33389,,144,83,110.4
1742,5.33693,,145,83,110.4
1743,5.34031,,145,83,110.4
1744,5.34359,,144,83,110.4
1745,5.34709,,145,83,110.4
1746,5.35037,,145,83,110.4
1747,5.35382,,145,83,110.4
1748,5.35723,,145,83,110.4
1749,5.36093,,145,83,110.4
1750,5.36445,,145,83,110.4
1751,5.36754,,145,84,110.6
1752,5.37045,,145,84,110.6
1753,5.37392,,145,84,110.6
1754,5.37718,,144,84,110.6
1755,5.38051,,144,84,110.6
1756,5.38341,,144,84,110.6
1757,5.38621,,144,84,110.6
1758,5.38941,,144,83,110.6
1759,5.39302,,143,83,110.6
1760,5.39667,,143,83,110.6
1761,5.39989,,142,84,110.4
1762,5.40356,,142,84,110.4
1763,5.40702,,142,84,110.6
1764,5.41099,,142,84,110.6
1765,5.41438,,142,84,110.4
1766,5.41786,,142,84,110.6
1767,5.42071,,142,84,110.4
1768,5.42351,,142,84,110.4
1769,5.42621,,142,84,110.4
1770,5.42962,,142,84,110.6
1771,5.43314,,142,84,110.6
1772,5.43626,,142,84,110.6
1773,5.43944,,143,84,110.6
1774,5.44277,,143,84,110.8
1775,5.44605,,143,84,110.8
1776,5.44937,,143,85,110.8
1777,5.45239,,143,85,110.8
1778,5.45561,,144,85,111
1779,5.45863,,144,85,111
1780,5.46151,,144,85,111
1781,5.46453,,144,85,111
1782,5.46766,,145,85,111.2
1783,5.47097,,145,85,111.2
1784,5.47466,,145,85,111.2
1785,5.47768,,145,85,111.2
1786,5.48038,,145,85,111.2
1787,5.48349,,146,85,111.2
1788,5.48635,,146,85,111.4
1789,5.48948,,146,85,111.4
1790,5.49286,,146,85,111.4
1791,5.49635,,147,85,111.4
1792,5.5,,147,85,111.6
1793,5.50329,,147,85,111.6
1794,5.5064,,147,85,111.6
1795,5.50984,,147,85,111.6
1796,5.51256,,148,85,111.6
1797,5.51596,,148,85,111.6
1798,5.51905,,147,85,111.6
1799,5.52257,,148,85,111.6
1800,5.52652,,147,85,111.6
1801,5.52989,,147,85,111.6
1802,5.53317,,147,85,111.8
1803,5.53646,,147,85,111.4
1804,5.53956,,147,85,111.4
1805,5.54284,,147,85,111.4
1806,5.54655,,147,85,111.4
1807,5.54967,,147,85,111.4
1808,5.55285,,146,84,111.4
1809,5.55608,,146,84,111.2
1810,5.55926,,146,84,111.2
1811,5.56285,,146,84,111.2
1812,5.56653,,146,84,111
1813,5.56979,,146,84,111
1814,5.5732,,145,84,110.8
1815,5.5767,,145,85,110.6
1816,5.5802,,145,86,110.4
1817,5.58346,,145,86,110.4
1818,5.58676,,144,86,110.2
1819,5.59034,,144,86,110
1820,5.59358,,144,86,109.8
1821,5.59663,,144,86,109.8
1822,5.59956,,143,86,109.6
1823,5.60225,,143,86,109.4
1824,5.60543,,143,86,109.4
1825,5.60863,,143,86,109.2
1826,5.612,,143,86,109
1827,5.61563,,144,86,109
1828,5.6194,,143,86,109
1829,5.62297,,144,86,109
1830,5.62614,,144,85,108.8
1831,5.62947,,144,85,108.8
1832,5.63282,,143,86,108.8
1833,5.63621,,143,86,108.8
1834,5.63924,,144,85,108.6
1835,5.64241,,144,85,108.6
1836,5.64548,,144,86,108.4
1837,5.64851,,144,86,108.4
1838,5.65173,,144,86,108.6
1839,5.65498,,144,85,108.8
1840,5.65873,,144,85,108.8
1841,5.6628,,144,85,108.6
1842,5.66592,,144,85,108.6
1843,5.66902,,144,85,108.6
1844,5.67248,,144,85,108.4
1845,5.67636,,144,85,108.4
1846,5.68013,,144,85,108.2
1847,5.68361,,144,85,108.2
1848,5.68811,,143,85,108
1849,5.69137,,144,85,108
1850,5.69486,,143,85,107.8
1851,5.69872,,143,85,107.8
1852,5.70207,,144,85,107.6
1853,5.70549,,143,85,107.6
1854,5.7085,,144,85,107.4
1855,5.71157,,144,85,107.4
1856,5.71482,,144,85,107.2
1857,5.71854,,144,85,107
1858,5.72189,,144,85,107
1859,5.72546,,144,85,107
1860,5.72869,,144,85,107
1861,5.73189,,144,85,107
1862,5.73481,,144,85,106.6
1863,5.73779,,144,85,106.6
1864,5.74033,,144,85,106.4
1865,5.74341,,144,85,106.4
1866,5.74666,,144,85,106.2
1867,5.75018,,144,85,106
1868,5.75431,,144,85,106
1869,5.75831,,144,85,106
1870,5.76248,,144,85,105.8
1871,5.76553,,143,85,105.6
1872,5.76835,,144,85,105.6
1873,5.77143,,143,85,105.4
1874,5.77576,,143,85,105.4
1875,5.77897,,143,85,105.4
1876,5.78209,,143,85,105.4
1877,5.78539,,143,85,105.2
1878,5.78896,,143,86,105
1879,5.79251,,143,86,105
1880,5.796,,142,85,104.8
1881,5.79952,,142,85,104.8
1882,5.80297,,142,85,104.8
1883,5.80594,,141,85,104.6
1884,5.8091,,141,85,104.8
1885,5.81275,,141,85,104.6
1886,5.81636,,141,85,104.6
1887,5.81962,,140,85,104.4
1888,5.82289,,140,85,104.4
1889,5.82647,,140,85,104.4
1890,5.82951,,139,85,104.4
1891,5.83243,,139,85,104.4
1892,5.83569,,139,85,104.2
1893,5.83895,,139,85,104.2
1894,5.84183,,138,85,104.2
1895,5.84421,,138,85,104.2
1896,5.84687,,137,85,104
1897,5.84951,,137,85,104
1898,5.85275,,137,85,104
1899,5.85553,,136,85,104
1900,5.85832,,136,85,104
1901,5.86202,,135,85,104
1902,5.86585,,135,85,103.8
1903,5.86971,,135,85,103.8
1904,5.87321,,134,85,103.8
1905,5.87653,,133,85,103.6
1906,5.87935,,133,85,103.4
1907,5.8827,,132,85,103.4
1908,5.88645,,132,86,103.2
1909,5.88995,,132,86,103.2
1910,5.89357,,131,86,103.2
1911,5.89686,,131,85,103
1912,5.90039,,132,85,102.8
1913,5.90423,,132,85,102.8
1914,5.90771,,132,85,102.6
1915,5.9112,,133,85,102.6
1916,5.91419,,133,85,102.4
1917,5.91675,,133,85,102.6
1918,5.91917,,134,85,102.4
1919,5.92226,,134,85,102.2
1920,5.92561,,134,86,102.2
1921,5.92869,,135,86,102
1922,5.93163,,135,86,101.8
1923,5.9346,,135,86,101.6
1924,5.93771,,135,86,101.6
1925,5.94089,,136,86,101.4
1926,5.9443,,135,86,101.4
1927,5.94771,,135,86,101.2
1928,5.95116,,136,86,101.2
1929,5.95446,,136,85,101.2
1930,5.95818,,136,85,101
1931,5.96156,,136,85,101
1932,5.96473,,135,85,100.8
1933,5.96797,,135,85,101
1934,5.97109,,135,86,100.8
1935,5.97403,,136,86,100.6
1936,5.97668,,136,86,100.6
1937,5.97953,,136,86,100.6
1938,5.98324,,135,86,100.4
1939,5.98675,,136,86,100.2
1940,5.99025,,135,86,100.2
1941,5.99444,,135,86,100.2
1942,5.99799,,135,85,100.2
1943,6.00135,,134,85,100
1944,6.00489,,134,86,100
1945,6.00782,,135,86,100
1946,6.01132,,134,85,99.8
1947,6.01468,,135,86,99.6
1948,6.01763,,134,86,99.6
1949,6.02141,,135,86,99.6
1950,6.02473,,135,85,99.4
1951,6.02827,,135,85,99.4
1952,6.03153,,135,85,99.4
1953,6.03459,,136,85,99.2
1954,6.03741,,136,85,99.2
1955,6.04076,,137,85,99.4
1956,6.04369,,137,85,99
1957,6.0468,,137,85,99
1958,6.04996,,139,85,99
1959,6.05324,,138,85,99.2
1960,6.05588,,138,85,99.2
1961,6.05861,,138,85,99.2
1962,6.06204,,138,85,99.2
1963,6.06521,,138,85,99
1964,6.06894,,139,85,99
1965,6.07205,,138,85,99
1966,6.07515,,138,85,99
1967,6.07789,,138,85,98.8
1968,6.08122,,138,85,98.8
1969,6.08445,,138,85,98.8
1970,6.08762,,138,85,98.8
1971,6.09085,,137,85,98.6
1972,6.09392,,138,85,98.6
1973,6.09766,,138,85,98.4
1974,6.10094,,138,85,98.4
1975,6.10488,,138,85,98.2
1976,6.10837,,138,85,98.2
1977,6.11185,,138,85,98.2
1978,6.11507,,138,85,98
1979,6.11811,,139,85,98
1980,6.12167,,139,85,98
1981,6.125,,139,85,97.8
1982,6.12798,,139,86,97.8
1983,6.13115,,138,85,97.8
1984,6.13448,,138,85,97.6
1985,6.13752,,138,85,97.6
1986,6.14066,,139,85,97.8
1987,6.14378,,138,84,97.6
1988,6.1469,,138,84,97.4
1989,6.14969,,138,85,97.4
1990,6.15248,,138,85,97.4
1991,6.15495,,138,85,97.2
1992,6.15773,,138,85,97.2
1993,6.16069,,138,85,97.2
1994,6.16417,,138,85,97.2
1995,6.16745,,139,86,97.2
1996,6.17066,,139,86,97.2
1997,6.17411,,139,86,97.2
1998,6.1772,,139,86,97.2
1999,6.18078,,139,86,97
2000,6.18433,,139,86,97.2
2001,6.1884,,140,85,97
2002,6.19192,,140,85,97
2003,6.19488,,140,85,97
2004,6.19763,,140,85,96.8
2005,6.20009,,140,85,96.8
2006,6.20349,,140,85,96.8
2007,6.2068,,139,85,96.8
2008,6.21002,,139,85,96.6
2009,6.21298,,140,85,96.6
2010,6.21595,,139,85,96.4
2011,6.21937,,140,85,96.4
2012,6.2229,,139,85,96.6
2013,6.22674,,139,85,96.4
2014,6.23009,,139,85,96.4
2015,6.23336,,139,85,96.4
2016,6.23655,,139,85,96.2
2017,6.23959,,139,85,96.2
2018,6.24271,,139,85,96.2
2019,6.24621,,139,85,96.2
2020,6.24954,,139,85,96.2
2021,6.25299,,139,85,96.2
2022,6.25613,,139,85,96
2023,6.25978,,139,85,96
2024,6.26305,,140,85,96
2025,6.26636,,140,85,96
2026,6.2697,,140,85,96
2027,6.27338,,140,85,96
2028,6.27695,,140,85,96
2029,6.27998,,140,85,96
2030,6.283,,140,85,96
2031,6.28655,,141,85,96
2032,6.29002,,141,85,96
2033,6.29343,,141,85,96
2034,6.29682,,141,85,95.8
2035,6.30003,,141,85,95.8
2036,6.303,,142,85,95.6
2037,6.30582,,142,85,95.6
2038,6.3087,,142,85,95.6
2039,6.31169,,142,85,95.6
2040,6.31456,,142,85,95.6
2041,6.31798,,142,85,95.4
2042,6.32213,,142,85,95.6
2043,6.32551,,141,85,95.4
2044,6.32883,,142,85,95.4
2045,6.3317,,142,85,95.2
2046,6.33489,,142,85,95.2
2047,6.33813,,142,85,95.2
2048,6.34176,,142,86,95
2049,6.34502,,142,85,95
2050,6.34789,,142,86,95
2051,6.35108,,142,86,95
2052,6.35403,,141,85,94.8
2053,6.35743,,141,85,94.8
2054,6.36105,,141,85,94.8
2055,6.36421,,141,85,94.8
2056,6.36705,,141,85,94.6
2057,6.37007,,141,86,94.6
2058,6.37312,,141,86,94.6
2059,6.37604,,141,87,94.6
2060,6.37967,,140,87,94.6
2061,6.38288,,140,86,94.6
2062,6.38594,,140,86,94.6
2063,6.38908,,140,86,94.6
2064,6.39266,,140,86,94.8
2065,6.39634,,140,86,94.6
2066,6.40008,,140,86,94.6
2067,6.40382,,140,86,94.6
2068,6.40726,,140,85,94.4
2069,6.41066,,140,85,94.4
2070,6.41382,,140,85,94.4
2071,6.4175,,140,86,94.4
2072,6.42059,,139,86,94.4
2073,6.42373,,139,86,94.4
2074,6.42647,,139,86,94.4
2075,6.42969,,139,86,94.4
2076,6.43324,,139,86,94.4
2077,6.43695,,139,86,94.4
2078,6.4407,,139,86,94.4
2079,6.44416,,139,86,94.2
2080,6.44751,,139,86,94.2
2081,6.45112,,139,86,94.2
2082,6.45453,,140,86,94.2
2083,6.45809,,140,86,94.4
2084,6.46161,,139,86,94.4
2085,6.46563,,140,85,94.2
2086,6.46949,,139,85,94.2
2087,6.47311,,140,86,94.2
2088,6.47691,,140,85,94.2
2089,6.48047,,140,86,94
2090,6.48421,,140,86,94
2091,6.48799,,140,85,94
2092,6.4918,,141,85,94
2093,6.49521,,141,86,94
2094,6.49835,,141,86,94
2095,6.50116,,141,86,94
2096,6.50391,,142,86,94
2097,6.50672,,142,86,94.2
2098,6.50943,,142,86,94.2
2099,6.51258,,142,86,94.2
2100,6.51531,,142,86,94.2
2101,6.51869,,142,85,94
2102,6.52212,,141,85,94.2
2103,6.52523,,142,85,94.2
2104,6.52885,,141,85,94.2
2105,6.53235,,141,85,94.2
2106,6.53521,,141,85,94
2107,6.53801,,141,85,94
2108,6.54106,,141,85,94
2109,6.54413,,141,85,94
2110,6.54714,,141,85,94
2111,6.55067,,142,86,94
2112,6.55419,,141,85,94
2113,6.5577,,142,85,94.2
2114,6.56125,,142,85,94
2115,6.5645,,142,85,94
2116,6.56782,,142,85,94
2117,6.57108,,142,85,94.2
2118,6.5743,,142,85,94.2
2119,6.57716,,142,85,94.2
2120,6.58023,,142,85,94
2121,6.58315,,142,85,94
2122,6.58621,,142,85,94
2123,6.58923,,142,85,94
2124,6.59233,,143,85,94.2
2125,6.59554,,143,85,94
2126,6.59882,,142,85,94
2127,6.60224,,143,85,94
2128,6.60554,,143,85,94
2129,6.60888,,143,85,94
2130,6.61236,,143,85,94
2131,6.61546,,143,85,94
2132,6.61862,,143,85,94
2133,6.62173,,143,85,94
2134,6.62493,,143,85,94.2
2135,6.62819,,143,85,94
2136,6.63127,,143,85,94
2137,6.63449,,143,85,94
2138,6.63744,,143,85,94.2
2139,6.64039,,143,85,94.2
2140,6.64375,,143,85,94
2141,6.64711,,143,85,94.2
2142,6.65028,,143,85,94.2
2143,6.65363,,142,85,94.2
2144,6.65689,,142,85,94.2
2145,6.66036,,143,85,94
2146,6.6634,,143,85,94.2
2147,6.66663,,142,85,94
2148,6.6698,,142,85,94
2149,6.67303,,142,85,94
2150,6.67623,,142,85,94
2151,6.67933,,143,85,94
2152,6.6825,,143,85,94
2153,6.6854,,143,85,94
2154,6.68871,,143,85,94
2155,6.69213,,143,85,94
2156,6.69563,,143,84,93.8
2157,6.69898,,143,85,93.8
2158,6.70227,,143,85,93.8
2159,6.70543,,143,85,94
2160,6.70869,,143,85,93.8
2161,6.71189,,144,85,94
2162,6.71484,,144,85,94
2163,6.71771,,144,85,94
2164,6.72072,,144,85,94
2165,6.72394,,145,85,94.2
2166,6.72709,,144,85,94
2167,6.73041,,145,85,94
2168,6.73358,,145,85,94
2169,6.7371,,144,85,94
2170,6.74067,,145,85,94
2171,6.74424,,145,85,94
2172,6.7475,,145,85,94
2173,6.75061,,144,85,94
2174,6.75384,,144,85,94
2175,6.75723,,144,85,94.2
2176,6.76043,,144,85,94
2177,6.76366,,144,85,94
2178,6.76704,,144,85,94.2
2179,6.77037,,144,84,94.2
2180,6.77336,,144,84,94
2181,6.77666,,144,85,94.2
2182,6.77965,,144,85,94.2
2183,6.78258,,144,85,94
2184,6.78554,,144,85,94
2185,6.7885,,144,85,94
2186,6.79155,,145,85,94
2187,6.79454,,144,85,94
2188,6.79765,,144,85,94
2189,6.80065,,144,85,94
2190,6.80354,,144,85,94
2191,6.80636,,144,85,94
2192,6.80925,,144,85,94
2193,6.81262,,144,85,94
2194,6.81615,,144,85,94
2195,6.81952,,144,85,94
2196,6.82323,,144,85,93.8
2197,6.82678,,144,85,94
2198,6.83064,,144,85,94
2199,6.83427,,144,85,94
2200,6.8376,,143,85,94
2201,6.84078,,143,85,94
2202,6.84401,,143,85,94
2203,6.84722,,143,85,94
2204,6.85026,,143,85,94
2205,6.85357,,143,85,94.2
2206,6.85675,,143,85,94
2207,6.85985,,142,85,94
2208,6.86297,,142,85,94
2209,6.86621,,142,85,94
2210,6.86934,,142,85,94
2211,6.87246,,141,85,94.2
2212,6.87568,,141,85,94.2
2213,6.87884,,141,85,94.2
2214,6.88203,,140,85,94.2
2215,6.88523,,140,85,94.2
2216,6.88847,,140,85,94.2
2217,6.89166,,140,85,94.2
2218,6.89472,,139,85,94.4
2219,6.89762,,139,85,94.2
2220,6.9005,,139,85,94.2
2221,6.90383,,139,85,94.2
2222,6.90702,,139,85,94
2223,6.9099,,139,85,94.2
2224,6.91281,,139,85,94.2
2225,6.91586,,139,85,94.2
2226,6.91892,,139,85,94.2
2227,6.92178,,139,85,94.2
2228,6.92479,,140,85,94.4
2229,6.92785,,140,85,94.2
2230,6.93107,,140,85,94.2
2231,6.93446,,140,85,94.2
2232,6.93807,,140,85,94.2
2233,6.94148,,141,85,94.2
2234,6.94501,,141,85,94.2
2235,6.94858,,141,85,94.2
2236,6.95236,,141,85,94.2
2237,6.95574,,141,85,94.2
2238,6.95925,,141,85,94.2
2239,6.96244,,142,85,94.2
2240,6.96554,,142,85,94.2
2241,6.96878,,142,85,94.4
2242,6.97189,,142,85,94.2
2243,6.97523,,143,85,94.4
2244,6.97838,,143,85,94.2
2245,6.9814,,143,85,94.2
2246,6.98448,,143,85,94.2
2247,6.98738,,143,85,94.2
2248,6.99068,,143,85,94.2
2249,6.99382,,143,85,94.2
2250,6.99711,,143,85,94.2
2251,7.00043,,143,85,94.2
2252,7.00381,,143,85,94.4
2253,7.00713,,143,85,94.6
2254,7.0106,,143,85,94.4
2255,7.01402,,143,85,94.6
2256,7.01707,,143,85,94.4
2257,7.02042,,143,85,94.4
2258,7.02376,,143,85,94.6
2259,7.02712,,143,85,94.6
2260,7.03062,,144,85,94.6
2261,7.03378,,144,85,94.6
2262,7.03729,,144,85,94.6
2263,7.04066,,144,85,94.8
2264,7.04406,,144,84,94.8
2265,7.04717,,144,85,94.8
2266,7.05026,,144,85,94.6
2267,7.05353,,144,85,94.6
2268,7.05671,,144,85,94.6
2269,7.06001,,144,85,94.6
2270,7.06329,,144,84,94.6
2271,7.06648,,145,85,94.6
2272,7.06971,,145,85,94.8
2273,7.07278,,144,85,94.8
2274,7.07603,,145,85,94.8
2275,7.07935,,145,85,94.8
2276,7.08257,,145,85,94.8
2277,7.08573,,146,85,94.6
2278,7.08871,,146,85,94.8
2279,7.09165,,146,85,94.8
2280,7.09441,,146,85,95
2281,7.09726,,146,85,94.8
2282,7.10016,,145,84,94.8
2283,7.10298,,145,84,94.8
2284,7.10591,,145,84,94.8
2285,7.10871,,145,84,94.8
2286,7.11183,,145,84,94.8
2287,7.11503,,145,84,94.8
2288,7.118,,144,84,94.8
2289,7.12118,,144,85,94.8
2290,7.12429,,144,85,94.8
2291,7.12722,,145,85,95
2292,7.13,,144,84,95
2293,7.13291,,144,84,95
2294,7.13608,,144,84,95
2295,7.13915,,144,84,95
2296,7.14213,,145,84,95
2297,7.14519,,145,84,95
2298,7.14835,,144,84,95.2
2299,7.15172,,145,84,95.2
2300,7.1549,,144,84,95
2301,7.15837,,145,84,95.2
2302,7.16176,,145,84,95.2
2303,7.16514,,144,84,95.2
2304,7.16856,,144,84,95
2305,7.17183,,144,84,95
2306,7.1752,,145,84,95.2
2307,7.17848,,144,84,95.2
2308,7.1816,,144,84,95.4
2309,7.18465,,144,84,95.2
2310,7.18776,,143,84,95.2
2311,7.19101,,143,84,95.2
2312,7.1941,,142,84,95.2
2313,7.19706,,142,84,95.2
2314,7.19993,,142,84,95.2
2315,7.20279,,142,84,95.2
2316,7.20591,,141,84,95.2
2317,7.20899,,141,83,95.2
2318,7.21217,,141,84,95.2
2319,7.21545,,141,84,95.2
2320,7.21881,,142,84,95.4
2321,7.22235,,141,84,95.4
2322,7.22578,,141,84,95.4
2323,7.22909,,141,84,95.6
2324,7.23227,,141,84,95.6
2325,7.23553,,142,84,95.6
2326,7.2387,,141,84,95.6
2327,7.24193,,142,85,95.6
2328,7.24526,,142,85,95.6
2329,7.24856,,142,85,95.4
2330,7.2518,,141,85,95.8
2331,7.25483,,141,85,95.8
2332,7.25795,,141,85,95.6
2333,7.26105,,141,85,95.4
2334,7.26425,,141,85,95.6
2335,7.26756,,141,85,95.6
2336,7.27074,,140,85,95.4
2337,7.27388,,141,85,95.6
2338,7.27699,,140,85,95.6
2339,7.2802,,140,85,95.6
2340,7.28332,,140,85,95.6
2341,7.28668,,140,85,95.8
2342,7.28989,,140,85,95.6
2343,7.29316,,140,85,95.6
2344,7.29634,,140,85,95.6
2345,7.29933,,140,85,95.8
2346,7.30226,,140,85,95.8
2347,7.30521,,140,85,95.8
2348,7.30803,,140,85,95.8
2349,7.31104,,140,85,95.8
2350,7.31396,,140,85,96
2351,7.31682,,141,85,95.8
2352,7.32007,,141,85,96
2353,7.323,,142,85,96.2
2354,7.32596,,142,85,96
2355,7.32916,,142,84,96.2
2356,7.33234,,142,84,96.2
2357,7.33563,,143,84,96.2
2358,7.33895,,142,84,96.2
2359,7.34219,,143,84,96.2
2360,7.34545,,142,85,96.2
2361,7.34861,,143,85,96.2
2362,7.35184,,142,84,96
2363,7.35477,,142,84,96
2364,7.35791,,142,84,96.2
2365,7.36129,,142,84,96.2
2366,7.36397,,142,84,96.2
2367,7.36674,,142,84,96.2
2368,7.36949,,142,84,96.4
2369,7.37244,,141,84,96.2
2370,7.37553,,141,84,96.2
2371,7.37862,,141,84,96.2
2372,7.38187,,141,84,96.2
2373,7.38499,,141,84,96.2
2374,7.38823,,141,84,96.2
2375,7.39146,,141,84,96.2
2376,7.39443,,141,84,96.2
2377,7.39728,,142,84,96.2
2378,7.40025,,142,84,96.2
2379,7.40318,,142,84,96.2
2380,7.40613,,141,84,96.2
2381,7.40889,,141,84,96.2
2382,7.41214,,141,84,96
2383,7.41555,,141,83,96
2384,7.41862,,142,83,96
2385,7.42146,,141,83,95.8
2386,7.42449,,142,83,95.8
2387,7.42782,,141,84,95.8
2388,7.43136,,141,84,95.8
2389,7.43491,,141,84,95.6
2390,7.43812,,141,84,95.6
2391,7.44121,,141,84,95.6
2392,7.44451,,141,84,95.6
2393,7.44822,,141,83,95.6
2394,7.45196,,141,83,95.8
2395,7.4558,,141,83,95.8
2396,7.45962,,141,83,95.8
2397,7.46316,,141,83,95.8
2398,7.46675,,141,83,95.6
2399,7.47025,,141,83,95.8
2400,7.47374,,141,83,95.6
2401,7.47699,,141,83,95.6
2402,7.48034,,140,83,95.6
2403,7.48383,,141,84,95.6
2404,7.48716,,141,84,95.6
2405,7.49057,,141,84,95.6
2406,7.49387,,140,84,95.4
2407,7.49713,,140,84,95.6
2408,7.50056,,141,84,95.6
2409,7.5041,,140,83,95.4
2410,7.50752,,140,83,95.4
2411,7.51079,,140,83,95.4
2412,7.51412,,140,83,95.4
2413,7.51739,,140,84,95.2
2414,7.52044,,140,83,95.2
2415,7.52373,,140,83,95.2
2416,7.52699,,140,83,95.2
2417,7.53014,,139,83,95.4
2418,7.53349,,139,83,95.6
2419,7.53687,,139,84,95.6
2420,7.54033,,139,84,95.4
2421,7.54377,,139,84,95.4
2422,7.54701,,140,84,95.4
2423,7.55036,,139,84,95.2
2424,7.55364,,140,84,95.2
2425,7.55673,,140,84,95.2
2426,7.5597,,139,84,95.2
2427,7.5628,,140,84,95.2
2428,7.56605,,140,84,95.2
2429,7.56918,,139,84,95.2
2430,7.57228,,139,84,95.2
2431,7.57543,,139,84,95.4
2432,7.57856,,139,84,95.4
2433,7.58174,,139,84,95.4
2434,7.58492,,139,84,95.4
2435,7.58806,,139,84,95.6
2436,7.59131,,140,84,95.6
2437,7.59443,,140,84,95.4
2438,7.59763,,140,84,95.6
2439,7.6008,,140,84,95.6
2440,7.60402,,141,84,95.4
2441,7.60722,,141,84,95.4
2442,7.61033,,141,84,95.4
2443,7.61328,,141,84,95.4
2444,7.61629,,142,84,95.4
2445,7.61947,,142,85,95.4
2446,7.62236,,142,85,95.4
2447,7.62535,,142,85,95.6
2448,7.62842,,143,85,95.4
2449,7.63121,,142,84,95.4
2450,7.63369,,143,84,95.4
2451,7.63595,,143,84,95.4
2452,7.63838,,143,85,95.4
2453,7.64116,,143,85,95.4
2454,7.64367,,143,84,95.4
2455,7.64644,,144,84,95.6
2456,7.64941,,144,84,95.4
2457,7.65222,,144,84,95.6
2458,7.65502,,144,84,95.4
2459,7.65781,,144,84,95.4
2460,7.66113,,144,84,95.6
2461,7.66452,,144,84,95.4
2462,7.66794,,144,84,95.4
2463,7.67106,,144,84,95.4
2464,7.67415,,143,84,95.4
2465,7.67702,,143,85,95.4
2466,7.6801,,143,85,95.4
2467,7.68315,,144,85,95.4
2468,7.68584,,143,85,95.4
2469,7.68803,,144,85,95.4
2470,7.69046,,143,85,95.4
2471,7.69252,,143,85,95.4
2472,7.69474,,144,85,95.4
2473,7.69703,,144,85,95.4
2474,7.70001,,144,84,95.4
2475,7.70298,,144,85,95.4
2476,7.70654,,144,85,95.4
2477,7.70957,,144,85,95.4
2478,7.71264,,144,84,95.4
2479,7.71569,,145,84,95.4
2480,7.71863,,144,84,95.4
2481,7.72194,,145,84,95.4
2482,7.72501,,144,84,95.4
2483,7.72837,,144,84,95.4
2484,7.73211,,144,84,95.4
2485,7.73575,,144,84,95.4
2486,7.73951,,144,84,95.4
2487,7.74287,,144,84,95.6
2488,7.74608,,144,84,95.6
2489,7.74891,,143,84,95.6
2490,7.7512,,143,84,95.8
2491,7.75363,,144,84,95.6
2492,7.75625,,143,84,95.6
2493,7.75932,,143,84,95.6
2494,7.76229,,143,84,95.6
2495,7.76527,,143,84,95.6
2496,7.76823,,143,84,95.6
2497,7.77116,,144,84,95.6
2498,7.77409,,144,84,95.6
2499,7.77728,,144,84,95.6
2500,7.78123,,143,84,95.6
2501,7.78465,,144,84,95.6
2502,7.78813,,144,84,95.6
2503,7.79136,,144,84,95.6
2504,7.79457,,144,84,95.6
2505,7.79773,,144,84,95.4
2506,7.80016,,145,84,95.4
2507,7.80278,,145,84,95.4
2508,7.80578,,145,84,95.4
2509,7.80896,,145,84,95.4
2510,7.812,,145,84,95.2
2511,7.81582,,145,84,95.2
2512,7.81936,,145,84,95.2
2513,7.82275,,145,84,95.2
2514,7.82622,,146,84,95.2
2515,7.82988,,146,84,95.2
2516,7.83333,,146,85,95.2
2517,7.83636,,145,85,95
2518,7.8392,,145,85,95
2519,7.84186,,145,85,95.2
2520,7.84456,,144,85,95.2
2521,7.84744,,144,85,95.2
2522,7.84989,,144,85,95.2
2523,7.85201,,144,85,95.2
2524,7.85509,,144,85,95.2
2525,7.85785,,144,85,95.2
2526,7.86054,,144,85,95.2
2527,7.86277,,144,85,95
2528,7.86527,,144,85,95
2529,7.86768,,144,85,95
2530,7.87023,,144,85,95
2531,7.87256,,144,85,95
2532,7.87519,,144,85,95
2533,7.87782,,144,85,95
2534,7.88061,,143,85,95
2535,7.88372,,144,85,95
2536,7.88748,,144,85,95.2
2537,7.89089,,144,85,95.2
2538,7.89402,,143,85,95
2539,7.89657,,144,85,95.2
2540,7.89893,,143,85,95.2
2541,7.90149,,143,85,95.2
2542,7.90421,,143,85,95.2
2543,7.90756,,143,85,95
2544,7.91041,,143,85,95
2545,7.91369,,143,85,95
2546,7.9167,,143,85,95
2547,7.92012,,143,85,95
2548,7.92333,,143,85,95
2549,7.92662,,143,85,95
2550,7.93023,,143,85,95
2551,7.93344,,143,85,95
2552,7.93675,,143,85,95
2553,7.94012,,143,85,95
2554,7.94338,,143,85,94.8
2555,7.94644,,143,85,95
2556,7.94995,,143,85,94.8
2557,7.95377,,143,85,94.8
2558,7.95722,,143,85,94.8
2559,7.96066,,143,84,94.8
2560,7.96453,,143,84,94.8
2561,7.96792,,143,84,94.8
2562,7.97091,,143,84,94.8
2563,7.97384,,143,84,95
2564,7.97696,,143,85,95
2565,7.9799,,143,85,95
2566,7.98261,,143,84,94.8
2567,7.9856,,143,84,95
2568,7.98872,,144,84,95
2569,7.99197,,143,84,95
2570,7.99533,,144,84,95
2571,7.99885,,144,84,95
2572,8.0018,,144,84,95
2573,8.00488,,144,84,95
2574,8.00809,,144,84,95
2575,8.01127,,144,84,95.2
2576,8.01421,,144,84,95
2577,8.01642,,144,84,95
2578,8.01933,,144,85,95
2579,8.02191,,144,85,95
2580,8.02471,,144,84,95
2581,8.02771,,144,84,95.4
2582,8.03007,,145,84,95.4
2583,8.03257,,145,84,95
2584,8.03527,,145,84,95
2585,8.03803,,145,84,95
2586,8.04077,,145,84,95
2587,8.04331,,146,84,95
2588,8.04647,,146,84,95
2589,8.04913,,146,84,95
2590,8.0518,,146,84,95
2591,8.05429,,146,84,95
2592,8.05639,,146,84,95.2
2593,8.05856,,147,84,95.2
2594,8.06075,,147,84,95.2
2595,8.06409,,147,84,95.2
2596,8.0674,,147,84,95.2
2597,8.06981,,146,84,95.2
2598,8.07288,,146,84,95.2
2599,8.07564,,147,84,95.2
2600,8.0789,,147,84,95.2
2601,8.08222,,147,84,95.2
2602,8.08492,,147,84,95.2
2603,8.08846,,147,84,95
2604,8.09101,,147,84,95.2
2605,8.09484,,147,84,95
2606,8.09783,,146,84,95
2607,8.10103,,147,84,95
2608,8.10513,,147,85,94.8
2609,8.10813,,147,85,94.8
2610,8.11098,,147,85,94.8
2611,8.11407,,147,85,94.8
2612,8.11679,,147,85,94.8
2613,8.11975,,147,85,95
2614,8.12256,,147,85,94.8
2615,8.12554,,147,85,94.8
2616,8.12876,,147,85,95
2617,8.13152,,146,85,94.8
2618,8.13399,,146,84,95
2619,8.13715,,146,84,95
2620,8.14097,,146,84,95
2621,8.14417,,146,84,95.2
2622,8.14763,,146,84,95.2
2623,8.15117,,146,84,95.2
2624,8.1545,,146,84,95.4
2625,8.1587,,145,84,95.6
2626,8.16217,,145,84,95.6
2627,8.16614,,145,84,95.2
2628,8.16975,,145,84,95.2
2629,8.17327,,145,84,95.2
2630,8.17655,,145,84,95.2
2631,8.17994,,145,84,95.2
2632,8.18324,,144,85,95.2
2633,8.18604,,144,85,95.2
2634,8.18871,,145,85,95.2
2635,8.19135,,144,85,95.2
2636,8.19354,,145,85,95.2
2637,8.19599,,145,85,95
2638,8.19836,,145,85,95
2639,8.20101,,144,85,95
2640,8.20331,,144,85,95
2641,8.20626,,144,85,95
2642,8.20937,,145,85,95
2643,8.21267,,145,85,95.2
2644,8.21533,,144,85,95.2
2645,8.21814,,145,84,95.2
2646,8.22136,,144,84,95.2
2647,8.2242,,144,84,95.2
2648,8.22705,,144,85,95.2
2649,8.22988,,144,85,95
2650,8.23273,,144,85,95
2651,8.2354,,144,85,95
2652,8.23831,,144,85,95
2653,8.24221,,143,85,95
2654,8.24477,,143,85,95
2655,8.24858,,143,85,95
2656,8.25201,,143,85,95
2657,8.2549,,142,85,94.8
2658,8.25857,,142,85,95
2659,8.26207,,142,85,95
2660,8.26507,,141,85,94.8
2661,8.26895,,141,85,94.8
2662,8.2722,,140,85,94.8
2663,8.27574,,140,85,94.8
2664,8.27862,,141,85,94.8
2665,8.28155,,141,85,94.8
2666,8.28454,,141,85,94.8
2667,8.28815,,141,85,94.8
2668,8.29133,,141,85,94.6
2669,8.29445,,142,84,94.8
2670,8.29806,,142,85,94.8
2671,8.30104,,142,85,94.8
2672,8.30391,,142,85,94.8
2673,8.30748,,143,85,94.8
2674,8.31028,,143,85,94.8
2675,8.31449,,143,85,94.8
2676,8.31741,,144,85,95
2677,8.32015,,144,85,94.8
2678,8.32278,,144,85,95
2679,8.32536,,144,85,95
2680,8.32853,,145,85,94.8
2681,8.33113,,145,85,94.8
2682,8.33412,,145,85,94.8
2683,8.33795,,145,85,94.8
2684,8.34155,,146,85,94.8
2685,8.34469,,146,85,94.8
2686,8.34741,,146,85,94.8
2687,8.35019,,146,84,94.8
2688,8.35328,,146,84,94.8
2689,8.35645,,146,84,94.8
2690,8.35947,,146,84,94.8
2691,8.36302,,145,84,94.8
2692,8.36706,,145,84,94.8
2693,8.37009,,145,84,94.8
2694,8.37269,,145,84,94.8
2695,8.37538,,146,84,94.8
2696,8.37833,,145,84,94.8
2697,8.38123,,145,85,94.8
2698,8.38389,,145,85,94.8
2699,8.38634,,145,85,95
2700,8.38881,,145,85,94.8
2701,8.39126,,145,84,94.8
2702,8.39412,,145,85,95
2703,8.39691,,144,84,95
2704,8.40085,,144,84,94.8
2705,8.40401,,144,84,94.8
2706,8.40689,,144,84,94.8
2707,8.40977,,144,84,94.8
2708,8.41317,,143,84,94.8
2709,8.41756,,144,84,94.8
2710,8.42102,,144,84,94.8
2711,8.42425,,144,84,94.8
2712,8.42739,,144,84,94.8
2713,8.43053,,144,85,94.6
2714,8.43345,,144,84,94.6
2715,8.43645,,144,84,94.8
2716,8.43976,,144,85,94.8
2717,8.44286,,144,84,94.8
2718,8.44612,,144,85,94.8
2719,8.44925,,144,85,94.8
2720,8.45188,,144,85,94.8
2721,8.45588,,143,85,94.6
2722,8.45943,,143,85,94.8
2723,8.46259,,144,85,94.8
2724,8.4659,,143,85,94.8
2725,8.46906,,144,85,94.8
2726,8.47237,,144,85,95
2727,8.47639,,144,85,95
2728,8.48056,,144,85,95
2729,8.48401,,144,85,95.2
2730,8.48734,,144,85,95.2
2731,8.49045,,144,85,95.2
2732,8.49418,,144,85,95.2
2733,8.49763,,144,85,95.2
2734,8.5011,,144,85,95.2
2735,8.5045,,144,84,95.2
2736,8.50842,,144,84,95.2
2737,8.51168,,144,84,95.2
2738,8.51561,,144,84,95.2
2739,8.51875,,144,84,95.2
2740,8.52247,,144,85,95.2
2741,8.5258,,143,84,95.2
2742,8.52905,,143,84,95.2
2743,8.53316,,143,85,95
2744,8.53665,,143,85,95.2
2745,8.54019,,143,85,95.2
2746,8.54362,,143,84,95.2
2747,8.54652,,142,84,95.2
2748,8.54954,,142,84,95.2
2749,8.55242,,142,84,95.4
2750,8.55556,,142,84,95.4
2751,8.55809,,143,84,95.4
2752,8.56065,,142,84,95.4
2753,8.56364,,142,84,95.4
2754,8.5665,,142,84,95.4
2755,8.56991,,142,84,95.6
2756,8.57322,,142,84,95.6
2757,8.57598,,142,84,95.4
2758,8.57913,,142,84,95.4
2759,8.58204,,142,84,95.4
2760,8.58487,,142,84,95.6
2761,8.58755,,142,84,95.6
2762,8.59005,,142,84,95.4
2763,8.59245,,142,84,95.6
2764,8.59509,,142,84,95.4
2765,8.59746,,142,84,95.4
2766,8.60002,,142,84,95.4
2767,8.60293,,142,84,95.4
2768,8.60579,,142,84,95.4
2769,8.6085,,142,84,95.8
2770,8.6115,,141,84,95.6
2771,8.61419,,141,84,95.4
2772,8.61756,,141,84,95.4
2773,8.621,,141,84,95.4
2774,8.62405,,141,84,95.4
2775,8.62688,,141,84,95.4
2776,8.62963,,141,84,95.4
2777,8.63296,,141,84,95.4
2778,8.63637,,142,84,95.4
2779,8.63918,,142,84,95.4
2780,8.64176,,142,84,95.4
2781,8.64443,,142,84,95.6
2782,8.64756,,142,84,95.4
2783,8.65062,,142,84,95.4
2784,8.65362,,142,84,95.6
2785,8.65658,,142,84,95.4
2786,8.65941,,142,84,95.4
2787,8.66207,,142,84,95.6
2788,8.66474,,142,84,95.4
2789,8.66722,,142,84,95.4
2790,8.66985,,142,85,95.4
2791,8.67264,,143,85,95.4
2792,8.67601,,143,85,95.4
2793,8.67921,,143,86,95.4
2794,8.68312,,143,86,95.6
2795,8.68659,,143,86,95.4
2796,8.69042,,143,86,95.4
2797,8.6937,,143,86,95.4
2798,8.69758,,143,86,95.4
2799,8.70095,,143,86,95.4
2800,8.7042,,143,86,95.4
2801,8.70744,,143,86,95.6
2802,8.71058,,144,86,95.4
2803,8.71435,,144,85,95.4
2804,8.7174,,144,86,95.4
2805,8.72045,,144,86,95.6
2806,8.72368,,144,85,95.6
2807,8.72732,,144,86,95.6
2808,8.73076,,145,85,95.6
2809,8.734,,145,85,95.4
2810,8.73731,,145,85,95.6
2811,8.7404,,145,85,95.4
2812,8.74333,,144,85,95.4
2813,8.7467,,144,85,95.6
2814,8.74957,,145,85,95.6
2815,8.75289,,145,85,95.6
2816,8.75594,,145,85,95.6
2817,8.75918,,145,85,95.6
2818,8.76255,,145,85,95.6
2819,8.76627,,146,85,95.6
2820,8.77007,,146,86,95.4
2821,8.77362,,146,87,95.4
2822,8.77715,,147,88,95.2
2823,8.78,,147,88,95.4
2824,8.78354,,147,88,95.4
2825,8.78702,,148,88,95.4
2826,8.79032,,148,88,95.4
2827,8.79373,,148,88,95.8
2828,8.79722,,148,88,95.4
2829,8.8008,,149,88,95.4
2830,8.80419,,149,88,95.6
2831,8.80773,,149,89,95.4
2832,8.81102,,149,89,95.4
2833,8.81473,,149,89,95.4
2834,8.8185,,149,89,95.6
2835,8.8221,,149,89,95.6
2836,8.8258,,150,89,95.6
2837,8.82916,,149,89,95.8
2838,8.83326,,149,89,95.6
2839,8.83688,,149,89,95.6
2840,8.84037,,149,89,95.6
2841,8.84409,,149,89,95.6
2842,8.84817,,149,89,95.4
2843,8.85187,,149,89,95.4
2844,8.85473,,149,89,95.4
2845,8.85813,,149,89,95.4
2846,8.86128,,149,89,95.4
2847,8.86493,,149,89,95.4
2848,8.86899,,150,89,95.4
2849,8.87235,,150,89,95.6
2850,8.87549,,150,90,95.6
2851,8.87876,,150,89,95.6
2852,8.8821,,151,90,95.6
2853,8.88604,,151,90,95.4
2854,8.89,,151,90,95.4
2855,8.89381,,152,90,95.4
2856,8.89777,,152,89,95.6
2857,8.90139,,152,90,95.4
2858,8.90489,,152,90,95.4
2859,8.9089,,153,90,95.6
2860,8.91279,,153,90,95.6
2861,8.91617,,153,90,95.4
2862,8.91972,,153,91,95.4
2863,8.9232,,153,90,95.4
2864,8.92677,,153,90,95.4
2865,8.93074,,154,90,95.4
2866,8.93483,,154,90,95.6
2867,8.93858,,154,91,95.6
2868,8.94218,,154,90,95.6
2869,8.94567,,154,91,95.6
2870,8.94964,,154,91,95.6
2871,8.95378,,154,91,95.6
2872,8.95776,,154,90,95.6
2873,8.9613,,154,89,95.8
2874,8.96574,,154,90,95.4
2875,8.96906,,154,90,95.4
2876,8.97257,,154,91,95.4
2877,8.97622,,154,91,95.4
2878,8.97975,,155,91,95.4
2879,8.98306,,155,91,95.4
2880,8.98639,,155,91,95.4
2881,8.98971,,155,91,95.4
2882,8.99396,,155,91,95.4
2883,8.99764,,155,91,95.4
2884,9.00105,,155,91,95.2
2885,9.00417,,155,91,95.2
2886,9.00845,,155,91,95.2
2887,9.01219,,155,90,95.2
2888,9.01624,,156,90,95.2
2889,9.01953,,156,90,95.2
2890,9.02315,,156,90,95.2
2891,9.02664,,156,90,95.2
2892,9.02999,,156,91,95.2
2893,9.03334,,156,91,95.2
2894,9.03651,,156,91,95.6
2895,9.03982,,156,90,95.4
2896,9.04367,,156,90,95.2
2897,9.04767,,156,91,95.2
2898,9.05072,,156,90,95.2
2899,9.05375,,156,90,95.4
2900,9.05742,,156,90,95.4
2901,9.06122,,156,91,95.4
2902,9.06436,,156,90,95.4
2903,9.06746,,156,90,95.4
2904,9.07035,,155,91,95.4
2905,9.07458,,155,90,95.4
2906,9.07861,,155,90,95.2
2907,9.08258,,155,90,95.2
2908,9.08682,,155,90,95.4
2909,9.09112,,155,90,95.2
2910,9.09498,,155,90,95.2
2911,9.099,,154,90,95.2
2912,9.10203,,154,90,95.2
2913,9.10517,,154,90,95.2
2914,9.10914,,154,90,95.2
2915,9.1133,,154,90,95.2
2916,9.11767,,154,90,95.2
2917,9.12154,,154,90,95.2
2918,9.12529,,154,89,95.2
2919,9.1291,,154,89,95.2
2920,9.13309,,154,89,95.2
2921,9.13698,,153,89,95.2
2922,9.14061,,154,89,95.4
2923,9.1443,,153,89,95
2924,9.14814,,154,90,95
2925,9.15158,,153,90,95
2926,9.15516,,154,90,95
2927,9.15864,,153,90,95
2928,9.1616,,153,90,95.2
2929,9.16489,,154,90,95.2
2930,9.16812,,154,90,95
2931,9.17224,,154,90,95
2932,9.17568,,153,90,95
2933,9.17936,,154,90,95
2934,9.1831,,154,90,95.2
2935,9.18623,,154,90,95.2
2936,9.18945,,154,90,95
2937,9.19235,,155,91,95
2938,9.19593,,155,91,95
2939,9.19889,,155,91,95.2
2940,9.20214,,155,91,95.2
2941,9.20587,,155,92,95.2
2942,9.20923,,156,91,95.2
2943,9.21288,,156,91,95.4
2944,9.216,,155,92,95.2
2945,9.21953,,156,91,95.2
2946,9.22266,,156,92,95.2
2947,9.22555,,156,92,95.2
2948,9.22917,,156,92,95.2
2949,9.23323,,156,92,95.4
2950,9.23766,,156,92,95.2
2951,9.24166,,157,92,95.2
2952,9.246,,157,92,95
2953,9.25007,,157,92,95
2954,9.2539,,157,92,95
2955,9.25754,,157,93,94.8
2956,9.26146,,157,93,94.8
2957,9.26509,,157,93,94.8
2958,9.26913,,158,93,94.8
2959,9.27262,,157,93,94.8
2960,9.27632,,157,93,94.8
2961,9.27977,,157,92,94.8
2962,9.2831,,157,93,94.8
2963,9.28627,,157,93,94.8
2964,9.29005,,158,93,94.8
2965,9.29414,,158,92,95
2966,9.29796,,157,92,95.2
2967,9.30185,,158,92,95.2
2968,9.30598,,158,93,95.4
2969,9.30978,,158,93,95.6
2970,9.31368,,158,92,95.8
2971,9.31791,,158,86,95.8
2972,9.32209,,158,86,96
2973,9.32545,,158,86,96
2974,9.32887,,158,85,96
2975,9.33288,,158,85,95.8
2976,9.3363,,158,85,95.8
2977,9.34049,,158,85,95.8
2978,9.34422,,158,85,95.8
2979,9.34809,,157,84,95.8
2980,9.35216,,157,84,95.6
2981,9.35574,,157,84,95.8
2982,9.35922,,157,84,95.8
2983,9.36205,,156,85,95.6
2984,9.36517,,156,85,95.6
2985,9.36846,,156,85,95.4
2986,9.37196,,156,85,95.4
2987,9.3755,,156,85,95.4
2988,9.37854,,156,85,95.2
2989,9.38212,,156,85,95.2
2990,9.38592,,156,85,95.4
2991,9.38918,,156,85,95.4
2992,9.39269,,156,86,95.4
2993,9.39609,,156,86,95.4
2994,9.39957,,155,86,95.2
2995,9.40317,,155,86,95.2
2996,9.40638,,155,86,95.2
2997,9.4098,,155,85,95.2
2998,9.41304,,154,85,95.2
2999,9.41608,,154,85,95.2
3000,9.4187,,154,85,95.2
3001,9.42179,,153,85,95
3002,9.4246,,153,85,95
3003,9.4274,,153,85,95
3004,9.4302,,153,85,95
3005,9.43304,,152,85,95
3006,9.43607,,152,85,95.2
3007,9.43872,,152,85,95.2
3008,9.44112,,152,85,95
3009,9.44368,,152,84,95.4
3010,9.44676,,152,84,95.2
3011,9.45003,,152,84,95.2
3012,9.45301,,152,85,95.2
3013,9.45631,,151,85,95.2
3014,9.45924,,152,85,95.2
3015,9.46189,,151,85,95
3016,9.46455,,151,85,95.2
3017,9.46807,,151,85,95
3018,9.47135,,152,85,95.4
3019,9.4748,,151,85,95.2
3020,9.47875,,151,85,95.2
3021,9.48253,,152,85,95.2
3022,9.48576,,151,85,95.2
3023,9.48928,,151,85,95.2
3024,9.4929,,151,85,95.2
3025,9.49672,,151,85,95.2
3026,9.50003,,150,85,95.4
3027,9.50314,,150,85,95.2
3028,9.50648,,150,85,95.2
3029,9.51009,,149,85,95.2
3030,9.51327,,149,85,95.2
3031,9.51673,,149,85,95.4
3032,9.51994,,149,85,95.2
3033,9.52331,,149,85,95.2
3034,9.52658,,149,85,95.4
3035,9.52934,,149,85,95.4
3036,9.53249,,150,85,95.4
3037,9.53611,,150,85,95.4
3038,9.54001,,150,85,95.4
3039,9.54362,,150,85,95.4
3040,9.54714,,150,85,95.4
3041,9.55053,,150,85,95.4
3042,9.55354,,150,85,95.4
3043,9.55682,,150,85,95.4
3044,9.56026,,150,84,95.4
3045,9.56332,,151,84,95.2
3046,9.56616,,151,85,95.2
3047,9.56899,,150,85,95.2
3048,9.57202,,150,85,95.4
3049,9.57539,,150,85,95.6
3050,9.57877,,151,85,95.4
3051,9.58217,,151,86,95.6
3052,9.58587,,151,86,95.4
3053,9.58899,,151,85,95.4
3054,9.59231,,151,86,95.4
3055,9.59529,,152,86,95.6
3056,9.59893,,152,86,95.6
3057,9.60263,,152,86,95.6
3058,9.60688,,152,86,95.8
3059,9.61061,,153,86,95.6
3060,9.61413,,152,86,95.6
3061,9.61724,,152,86,95.6
3062,9.62037,,152,86,95.8
3063,9.62371,,152,86,95.6
3064,9.62725,,152,86,95.6
3065,9.63056,,152,86,95.6
3066,9.63349,,152,86,95.6
3067,9.63667,,151,86,95.6
3068,9.63956,,151,86,95.6
3069,9.64228,,151,86,95.8
3070,9.64545,,150,86,95.8
3071,9.64889,,150,86,95.6
3072,9.65225,,150,86,95.6
3073,9.6559,,150,86,95.4
3074,9.65964,,150,86,95.4
3075,9.6631,,150,86,95.4
3076,9.6662,,150,86,95.4
3077,9.66917,,150,86,95.4
3078,9.67176,,150,86,95.4
3079,9.67438,,150,86,95.4
3080,9.67706,,150,86,95.4
3081,9.68056,,149,86,95.4
3082,9.68426,,150,86,95.6
3083,9.688,,149,86,95.6
3084,9.69161,,149,86,95.4
3085,9.69487,,150,86,95.4
3086,9.69848,,149,86,95.2
3087,9.70213,,149,86,95.2
3088,9.70563,,150,86,95.2
3089,9.70894,,149,86,95.2
3090,9.71189,,149,86,95.4
3091,9.71476,,149,86,95.2
3092,9.71807,,149,86,95.2
3093,9.72139,,150,85,95.2
3094,9.72439,,149,85,95.2
3095,9.72767,,149,85,95.2
3096,9.731,,150,86,95
3097,9.73482,,149,86,95
3098,9.73887,,149,87,94.8
3099,9.74239,,149,87,94.8
3100,9.74588,,149,86,94.8
3101,9.74886,,149,87,94.6
3102,9.75153,,149,87,94.6
3103,9.75428,,149,87,94.6
3104,9.75691,,149,87,94.6
3105,9.75936,,149,87,94.6
3106,9.76196,,150,87,94.6
3107,9.76478,,150,87,94.6
3108,9.76825,,150,87,94.6
3109,9.77135,,150,87,94.6
3110,9.77477,,149,87,94.6
3111,9.77848,,150,87,94.6
3112,9.7822,,149,87,94.6
3113,9.78584,,150,87,94.8
3114,9.78908,,150,87,94.8
3115,9.79256,,150,87,94.8
3116,9.79544,,150,87,94.8
3117,9.79874,,150,87,94.8
3118,9.80222,,150,87,94.8
3119,9.80564,,150,87,94.8
3120,9.80889,,150,87,95
3121,9.8119,,150,87,94.8
3122,9.81526,,151,87,94.8
3123,9.81819,,151,87,95
3124,9.82113,,150,87,95
3125,9.82416,,150,87,95
3126,9.82775,,150,87,95
3127,9.83129,,150,87,95
3128,9.83469,,150,87,95
3129,9.83818,,150,86,95
3130,9.84164,,151,86,95
3131,9.84493,,151,86,95
3132,9.84829,,151,86,95
3133,9.85145,,151,87,95.2
3134,9.85442,,151,87,95.2
3135,9.85786,,151,87,95.2
3136,9.86105,,151,87,95.2
3137,9.86459,,151,86,95
3138,9.86792,,151,86,95
3139,9.87095,,151,86,94.8
3140,9.87493,,151,86,94.6
3141,9.87849,,151,87,94.6
3142,9.88226,,151,87,94.6
3143,9.88529,,151,87,94.6
3144,9.88882,,151,87,94.6
3145,9.89188,,151,87,94.4
3146,9.89524,,151,87,94.4
3147,9.89822,,151,87,94.2
3148,9.90119,,151,87,94.2
3149,9.90405,,151,87,94.2
3150,9.90757,,151,87,94.2
3151,9.91077,,151,87,94.2
3152,9.9135,,151,87,94.2
3153,9.91622,,151,87,94
3154,9.91983,,151,86,94.2
3155,9.92371,,152,86,94
3156,9.92712,,152,86,94
3157,9.93102,,152,87,93.8
3158,9.93433,,152,87,93.8
3159,9.93812,,152,87,93.8
3160,9.94145,,152,87,93.8
3161,9.94505,,151,86,93.8
3162,9.94787,,151,87,93.8
3163,9.95048,,151,87,93.6
3164,9.95325,,151,87,93.6
3165,9.95624,,150,86,93.6
3166,9.95984,,151,86,93.6
3167,9.96315,,150,86,93.6
3168,9.96617,,150,86,93.8
3169,9.96912,,151,86,93.8
3170,9.97224,,151,86,93.8
3171,9.97565,,151,86,94
3172,9.97946,,151,86,94
3173,9.98313,,151,86,94
3174,9.9862,,151,86,94
3175,9.98979,,151,86,94.2
3176,9.99261,,151,87,94
3177,9.99546,,150,86,94
3178,9.99886,,150,86,94
3179,10.0028,,150,86,94
3180,10.0061,,150,87,94.2
3181,10.0085,,150,87,94.4
3182,10.0115,,150,87,94.4
3183,10.0146,,150,86,94.2
3184,10.0178,,150,86,94.2
3185,10.0203,,150,86,94.2
3186,10.0239,,150,86,94.4
3187,10.0272,,150,86,94.4
3188,10.0297,,150,86,94.4
3189,10.0328,,150,86,94.4
3190,10.0363,,150,86,94.6
3191,10.0396,,150,86,94.6
3192,10.0424,,150,86,94.6
3193,10.0454,,150,86,94.6
3194,10.0482,,151,86,94.6
3195,10.0511,,150,86,94.4
3196,10.0544,,151,86,94.4
3197,10.0574,,151,86,94.4
3198,10.0616,,151,86,94.6
3199,10.0647,,151,86,94.6
3200,10.0689,,151,86,94.4
3201,10.0727,,152,86,94.4
3202,10.077,,152,86,94.6
3203,10.0799,,152,86,94.6
3204,10.0839,,152,86,94.6
3205,10.0869,,152,86,94.8
3206,10.0909,,153,87,94.8
3207,10.0949,,153,86,94.8
3208,10.0984,,153,86,94.8
3209,10.1024,,153,86,94.8
3210,10.1057,,153,86,94.6
3211,10.1097,,153,86,95
3212,10.1129,,153,87,94.8
3213,10.1163,,153,87,95
3214,10.1206,,153,87,94.8
3215,10.1241,,154,87,94.8
3216,10.1273,,153,87,94.8
3217,10.1308,,154,87,95
3218,10.1347,,153,87,95
3219,10.1384,,153,86,95
3220,10.1421,,154,86,95
3221,10.1463,,154,86,94.8
3222,10.1495,,153,86,94.8
3223,10.1528,,153,86,94.8
3224,10.1559,,153,87,95
3225,10.1594,,153,87,94.8
3226,10.1633,,153,86,95
3227,10.1666,,153,86,95
3228,10.1697,,153,86,95
3229,10.1728,,153,86,95
3230,10.176,,153,86,95
3231,10.1789,,153,87,95
3232,10.182,,153,86,95
3233,10.1848,,153,86,95
3234,10.1878,,153,86,95
3235,10.1909,,153,87,95
3236,10.1934,,153,87,95.2
3237,10.1963,,153,87,95
3238,10.1999,,153,87,95.2
3239,10.2029,,153,87,95.2
3240,10.2067,,153,87,95.2
3241,10.21,,153,87,95
3242,10.213,,153,86,95.4
3243,10.216,,152,86,95.4
3244,10.2188,,153,86,95.2
3245,10.2217,,152,86,95.2
3246,10.2244,,152,87,95.2
3247,10.2279,,153,87,95
3248,10.2311,,153,86,95
3249,10.2347,,152,86,95.2
3250,10.2378,,152,86,95.2
3251,10.241,,152,86,95.2
3252,10.2435,,152,85,95
3253,10.2465,,152,85,95
3254,10.2493,,151,85,95.2
3255,10.2518,,151,85,95.2
3256,10.2546,,151,85,95.2
3257,10.2575,,151,86,95.2
3258,10.2612,,151,86,95.2
3259,10.2637,,150,86,95.2
3260,10.2673,,150,86,95.2
3261,10.2715,,150,85,95.2
3262,10.2754,,150,86,95
3263,10.2796,,149,86,95
3264,10.2831,,149,86,95.2
3265,10.2861,,149,86,95.2
3266,10.2896,,149,85,95.2
3267,10.2924,,149,85,95
3268,10.295,,149,85,95
3269,10.2976,,149,86,95
3270,10.3016,,148,86,95
3271,10.3052,,148,86,95
3272,10.3083,,148,86,94.8
3273,10.3112,,148,86,94.8
3274,10.314,,149,86,95
3275,10.3171,,148,86,95
3276,10.3196,,149,85,95
3277,10.3232,,148,85,94.8
3278,10.326,,149,85,94.8
3279,10.3289,,149,85,95
3280,10.3327,,149,86,94.8
3281,10.3359,,149,86,94.8
3282,10.3388,,149,86,94.8
3283,10.3423,,149,86,94.8
3284,10.346,,149,86,94.8
3285,10.3494,,149,86,94.8
3286,10.3519,,149,86,94.8
3287,10.3551,,149,86,94.8
3288,10.3581,,149,86,94.8
3289,10.3622,,149,86,94.6
3290,10.3659,,150,86,94.6
3291,10.3703,,150,86,94.6
3292,10.3739,,150,86,94.6
3293,10.378,,150,86,94.6
3294,10.3824,,150,86,94.8
3295,10.3861,,150,86,94.6
3296,10.3898,,150,86,94.6
3297,10.3934,,150,86,94.8
3298,10.3973,,150,86,94.8
3299,10.401,,150,86,94.8
3300,10.405,,150,86,94.8
3301,10.4085,,150,86,94.8
3302,10.4122,,151,86,94.8
3303,10.4161,,151,86,95
3304,10.4197,,151,87,95
3305,10.4233,,151,87,95
3306,10.4267,,150,87,95
3307,10.4298,,150,87,95
3308,10.4326,,150,87,95.2
3309,10.4355,,150,87,95.2
3310,10.4387,,150,86,95.2
3311,10.4422,,150,87,95.2
3312,10.445,,150,87,95.2
3313,10.4481,,150,87,95.2
3314,10.4507,,150,86,95.2
3315,10.4528,,150,86,95.4
3316,10.455,,150,86,95.2
3317,10.4571,,150,86,95.2
3318,10.4596,,150,87,95.2
3319,10.4617,,151,87,95.2
3320,10.4651,,151,87,95.2
3321,10.4677,,151,87,95.4
3322,10.4711,,150,87,95.4
3323,10.4739,,151,88,95
3324,10.4766,,151,87,95.2
3325,10.479,,151,87,95.2
3326,10.4827,,151,87,95.2
3327,10.4859,,150,87,95.2
3328,10.4899,,151,87,95.2
3329,10.4931,,151,87,95.2
3330,10.4965,,151,87,95.2
3331,10.5001,,151,87,95.2
3332,10.5039,,150,87,95.4
3333,10.5077,,150,87,95.4
3334,10.5107,,150,87,95.4
3335,10.5138,,150,87,95.2
3336,10.5171,,150,87,95.4
3337,10.52,,150,87,95.6
3338,10.5231,,150,87,95.4
3339,10.5258,,150,87,95.4
3340,10.5292,,150,87,95.2
3341,10.5325,,150,87,95.2
3342,10.5356,,149,87,95.4
3343,10.5384,,149,87,95.4
3344,10.5409,,149,87,95.6
3345,10.5436,,149,87,95.6
3346,10.5459,,149,87,95.6
3347,10.548,,149,87,95.8
3348,10.5505,,149,87,96
3349,10.5532,,149,86,96
3350,10.5563,,149,87,96
3351,10.5594,,149,86,96
3352,10.5617,,149,86,96
3353,10.5648,,149,86,96
3354,10.5674,,149,86,96
3355,10.5697,,149,87,96
3356,10.5719,,149,86,96
3357,10.5749,,149,86,95.8
3358,10.5772,,149,86,96
3359,10.58,,149,86,95.8
3360,10.5828,,148,86,95.8
3361,10.5858,,148,86,95.8
3362,10.5888,,148,86,95.8
3363,10.5914,,148,86,95.6
3364,10.5943,,148,86,95.4
3365,10.5968,,148,86,95.4
3366,10.5998,,148,86,95.6
3367,10.6026,,148,86,95.4
3368,10.6055,,148,86,95.4
3369,10.6087,,147,86,95.2
3370,10.6115,,147,87,95.2
3371,10.6148,,147,87,95.4
3372,10.6173,,147,86,95.2
3373,10.62,,147,87,95
3374,10.6237,,147,87,95
3375,10.6266,,147,86,95
3376,10.6294,,147,86,95
3377,10.632,,147,86,95
3378,10.6354,,146,86,95
3379,10.6388,,146,86,95
3380,10.642,,146,86,95
3381,10.6458,,146,86,95.2
3382,10.6492,,146,86,95.2
3383,10.6525,,146,86,95.4
3384,10.656,,146,86,95.4
3385,10.6597,,145,87,95.4
3386,10.6637,,146,87,95.2
3387,10.6679,,145,87,95.2
3388,10.6718,,145,86,95.2
3389,10.6759,,144,86,95.2
3390,10.68,,144,86,95
3391,10.6842,,144,87,95.2
3392,10.6874,,144,87,95.2
3393,10.6909,,144,86,95.4
3394,10.6948,,144,86,95.2
3395,10.6982,,143,86,95.2
3396,10.7019,,144,86,95.2
3397,10.7051,,144,86,95.2
3398,10.7088,,144,86,95
3399,10.7125,,144,86,95
3400,10.7161,,144,86,95
3401,10.72,,145,85,95
3402,10.7234,,145,85,95
3403,10.7274,,146,85,95.2
3404,10.7313,,146,85,95
3405,10.7353,,146,84,95
3406,10.7388,,147,84,95
3407,10.7422,,147,84,95
3408,10.7463,,147,84,95
3409,10.7498,,148,84,95
3410,10.7528,,148,84,95
3411,10.7554,,148,84,95
3412,10.7582,,148,84,95
3413,10.7613,,148,84,94.8
3414,10.7642,,148,84,94.8
3415,10.767,,148,84,94.8
3416,10.7702,,148,84,94.8
3417,10.7729,,148,84,94.8
3418,10.776,,148,85,94.8
3419,10.7789,,148,85,94.8
3420,10.7818,,148,85,94.6
3421,10.7852,,148,85,94.6
3422,10.7881,,148,85,94.8
3423,10.7916,,149,85,94.4
3424,10.7955,,149,85,94.4
3425,10.7983,,148,85,94.4
3426,10.8016,,149,85,94.4
3427,10.8048,,148,85,94.4
3428,10.8078,,149,85,94.2
3429,10.8103,,149,86,94.4
3430,10.8128,,149,86,94.2
3431,10.8158,,149,86,94.2
3432,10.8188,,149,86,94.2
3433,10.8217,,149,86,94.2
3434,10.8245,,149,86,94
3435,10.8272,,149,86,94
3436,10.8297,,149,86,94
3437,10.8323,,150,86,94
3438,10.8348,,150,86,94
3439,10.8369,,149,86,94
3440,10.8394,,150,86,94.2
3441,10.8416,,150,86,94
3442,10.844,,150,86,94
3443,10.8469,,150,86,93.8
3444,10.8494,,149,86,93.8
3445,10.852,,150,86,93.8
3446,10.8546,,149,86,93.6
3447,10.8571,,150,86,93.6
3448,10.8598,,149,86,93.8
3449,10.8628,,150,86,94
3450,10.8652,,150,86,94
3451,10.8677,,150,86,94
3452,10.8701,,150,86,94
3453,10.8728,,150,86,94
3454,10.8754,,150,86,94
3455,10.879,,150,86,94
3456,10.882,,150,86,94.4
3457,10.8846,,150,86,94.2
3458,10.8871,,150,86,94.2
3459,10.8909,,151,86,94.2
3460,10.8933,,151,86,94
3461,10.8976,,151,86,94
3462,10.9006,,151,86,94
3463,10.9034,,151,86,94
3464,10.9075,,151,86,94
3465,10.9115,,151,86,94
3466,10.9152,,152,86,94.2
3467,10.9182,,151,86,93.8
3468,10.9218,,151,86,93.8
3469,10.9247,,151,86,93.6
3470,10.9274,,151,87,93.6
3471,10.9302,,151,86,93.4
3472,10.9343,,151,86,93.4
3473,10.9381,,151,86,93.2
3474,10.9419,,151,86,93.2
3475,10.945,,150,86,93.4
3476,10.9481,,151,86,93.4
3477,10.9519,,151,86,93.4
3478,10.9545,,151,86,93.4
3479,10.9586,,151,86,93.4
3480,10.9633,,151,86,93.4
3481,10.9682,,151,86,93.4
3482,10.9722,,151,86,93.4
3483,10.9779,,151,86,93.6
3484,10.9821,,151,86,93.6
3485,10.9867,,151,86,93.8
3486,10.9897,,150,86,93.4
3487,10.9929,,150,86,93.4
3488,10.996,,150,86,93.4
3489,10.9992,,150,85,93.6
3490,11.0035,,150,85,93.4
3491,11.0066,,150,86,93.6
3492,11.0099,,150,85,93.8
3493,11.013,,149,85,93.6
3494,11.0159,,149,85,93.4
3495,11.0187,,149,85,93.4
3496,11.0217,,149,86,93.4
3497,11.0245,,148,86,93.4
3498,11.0273,,148,86,93.4
3499,11.03,,148,86,93.6
3500,11.0332,,148,86,93.6
3501,11.0365,,148,86,93.6
3502,11.0412,,148,86,93.6
3503,11.0448,,148,86,93.6
3504,11.0495,,147,86,93.8
3505,11.0527,,148,86,94
3506,11.0573,,148,86,93.8
3507,11.0602,,148,86,93.8
3508,11.062,,148,86,93.8
3509,11.0654,,148,86,93.8
3510,11.0681,,148,86,93.8
3511,11.0711,,148,86,93.8
3512,11.074,,147,85,93.8
3513,11.0768,,147,85,93.8
3514,11.0796,,147,85,94
3515,11.0836,,147,86,93.8
3516,11.0867,,147,86,94
3517,11.0896,,147,85,94
3518,11.0941,,147,85,94
3519,11.0967,,147,85,94.2
3520,11.0994,,147,85,94
3521,11.1022,,147,86,94
3522,11.1052,,147,86,94.2
3523,11.1089,,147,86,94.2
3524,11.1123,,147,86,94.2
3525,11.117,,147,86,94.2
3526,11.1199,,147,86,94.2
3527,11.1242,,147,86,94.2
3528,11.1276,,147,86,94.2
3529,11.1324,,148,86,94.2
3530,11.1357,,148,86,94.2
3531,11.1403,,148,86,94.2
3532,11.1443,,148,86,94.4
3533,11.1479,,148,86,94.4
3534,11.1517,,149,86,94.2
3535,11.1555,,149,86,94.2
3536,11.1597,,149,86,94
3537,11.1633,,149,86,94
3538,11.1668,,149,86,94.2
3539,11.1699,,150,86,94
3540,11.1732,,150,86,94
3541,11.1765,,150,86,94
3542,11.1793,,150,86,94
3543,11.1825,,150,85,94.2
3544,11.1854,,150,85,94
3545,11.1882,,150,85,94.2
3546,11.1911,,150,85,94
3547,11.194,,150,86,94
3548,11.1973,,150,86,94
3549,11.1999,,150,86,93.8
3550,11.2026,,150,86,93.8
3551,11.2052,,150,86,93.8
3552,11.208,,150,86,93.8
3553,11.2107,,150,86,93.6
3554,11.2135,,150,86,93.6
3555,11.217,,150,86,93.4
3556,11.2204,,149,86,93.4
3557,11.2241,,149,86,93.2
3558,11.2268,,149,86,93.2
3559,11.2297,,149,86,93.2
3560,11.2325,,149,86,93.2
3561,11.2352,,149,86,93.2
3562,11.2373,,149,86,93.2
3563,11.2398,,149,86,93.2
3564,11.2425,,149,86,93.4
3565,11.2455,,149,85,93.6
3566,11.2483,,149,85,93.6
3567,11.2513,,149,85,93.8
3568,11.2551,,148,85,93.6
3569,11.2584,,149,85,93.6
3570,11.2615,,148,85,93.6
3571,11.2644,,149,85,93.8
3572,11.2677,,149,85,93.8
3573,11.2706,,148,85,94
3574,11.2737,,149,85,93.8
3575,11.2767,,149,85,94.2
3576,11.2801,,149,86,94
3577,11.2835,,149,86,94
3578,11.2866,,149,86,94
3579,11.2901,,149,86,94
3580,11.2932,,149,86,94
3581,11.2963,,149,86,94
3582,11.2999,,149,86,94.2
3583,11.3035,,148,85,94.4
3584,11.3065,,148,85,94.2
3585,11.3098,,149,86,94.2
3586,11.313,,149,85,94.4
3587,11.3159,,149,86,94.4
3588,11.3189,,149,86,94.2
3589,11.3217,,149,86,94.6
3590,11.3246,,149,86,94.4
3591,11.3279,,149,86,94.2
3592,11.331,,149,86,94.2
3593,11.3337,,149,86,94.4
3594,11.3366,,149,86,94.6
3595,11.3394,,150,86,94.6
3596,11.3429,,149,86,94.6
3597,11.3461,,150,86,94.6
3598,11.3496,,150,86,94.4
3599,11.3531,,150,86,94.4
3600,11.3564,,150,86,94.4
3601,11.3593,,149,86,94.6
3602,11.3623,,150,85,94.6
3603,11.365,,150,85,94.6
3604,11.3684,,150,86,94.6
3605,11.3714,,150,85,94.6
3606,11.3749,,150,85,94.6
3607,11.3782,,150,85,94.6
3608,11.3816,,151,85,94.6
3609,11.3851,,151,85,94.6
3610,11.3881,,151,85,94.6
3611,11.3912,,151,85,94.8
3612,11.3945,,151,85,94.6
3613,11.3978,,152,85,94.6
3614,11.4009,,152,85,94.8
3615,11.4044,,152,85,94.8
3616,11.4077,,151,85,95
3617,11.4108,,152,85,95
3618,11.4141,,152,85,95
3619,11.4177,,152,85,95
3620,11.4212,,152,85,95.2
3621,11.4242,,152,85,95.2
3622,11.4273,,152,85,95.2
3623,11.4302,,152,85,95.2
3624,11.4332,,153,85,95.2
3625,11.4362,,153,85,95.2
3626,11.4393,,152,85,95.2
3627,11.4427,,153,85,95.2
3628,11.4461,,153,84,95.2
3629,11.4492,,152,84,95.4
3630,11.4527,,152,84,95.4
3631,11.4561,,153,85,95.4
3632,11.4592,,153,85,95.4
3633,11.4616,,153,85,95.6
3634,11.4636,,153,88,95.8
3635,11.4654,,153,90,96.2
3636,11.4669,,154,91,96.6
3637,11.4677,,154,91,97
3638,11.469,,155,93,97.4
3639,11.4704,,155,93,97.8
3640,11.4721,,156,93,98.2
3641,11.4741,,156,93,98.6
3642,11.4766,,156,93,99
3643,11.4789,,157,93,99.4
3644,11.4816,,158,93,99.8
3645,11.484,,158,93,100.2
3646,11.4861,,159,94,100.4
3647,11.4879,,160,94,100.8
3648,11.4918,,161,93,101.2
3649,11.4954,,162,93,101.6
3650,11.5003,,162,93,102
3651,11.5032,,162,93,102.2
3652,11.5062,,163,93,102.4
3653,11.5086,,163,92,102.8
3654,11.5115,,164,92,103
3655,11.5139,,165,92,103.4
3656,11.5164,,165,92,103.8
3657,11.519,,165,92,104
3658,11.5215,,166,92,104.4
3659,11.5248,,166,92,104.8
3660,11.5278,,166,92,105.2
3661,11.5309,,166,91,105.4
3662,11.5355,,167,90,105.8
3663,11.5391,,167,90,106.2
3664,11.5421,,167,89,106.6
3665,11.5449,,168,89,106.6
3666,11.5479,,168,89,106.6
3667,11.5514,,169,89,106.8
3668,11.5544,,170,89,107
3669,11.5576,,171,89,107.2
3670,11.5606,,171,89,107.2
3671,11.5643,,171,89,107.4
3672,11.567,,171,89,107.4
3673,11.5699,,171,90,107.6
3674,11.5733,,172,91,107.8
3675,11.5767,,172,91,108
3676,11.5801,,172,91,108.2
3677,11.5838,,172,91,108.6
3678,11.5862,,172,91,109
3679,11.589,,171,91,109.4
3680,11.5916,,172,92,109.6
3681,11.5946,,171,92,110
3682,11.5975,,172,93,110.4
3683,11.6012,,172,93,110.8
3684,11.6043,,172,94,111.2
3685,11.6081,,172,94,111.6
3686,11.6118,,172,93,111.8
3687,11.6153,,172,92,112
3688,11.6186,,172,91,112.2
3689,11.6219,,173,91,112.2
3690,11.6246,,172,91,112.4
3691,11.6279,,173,90,112.4
3692,11.632,,173,90,112.6
3693,11.6356,,173,90,112.4
3694,11.639,,173,91,112.4
3695,11.6424,,173,91,112.6
3696,11.6462,,173,91,112.4
3697,11.6495,,173,90,112.4
3698,11.6535,,173,90,112.6
3699,11.6567,,173,91,112.6
3700,11.6605,,173,91,112.8
3701,11.6638,,173,91,112.6
3702,11.6675,,173,90,112.6
3703,11.6707,,173,90,112.8
3704,11.675,,173,90,112.6
3705,11.6788,,173,90,112.8
3706,11.6833,,173,90,112.8
3707,11.6873,,173,90,112.8
3708,11.6905,,173,90,112.8
3709,11.6939,,173,90,112.8
3710,11.6972,,173,90,112.8
3711,11.7,,173,90,112.8
3712,11.7023,,173,90,113
3713,11.7052,,173,90,112.8
3714,11.7088,,173,91,112.8
3715,11.7112,,173,91,112.8
3716,11.7143,,173,91,112.8
3717,11.7169,,173,92,112.8
3718,11.7196,,173,92,112.8
3719,11.7223,,173,92,112.6
3720,11.7257,,173,92,112.6
3721,11.7292,,173,92,112.6
3722,11.7323,,172,92,112.6
3723,11.7362,,172,92,112.6
3724,11.7388,,173,92,112.6
3725,11.7412,,173,92,112.6
3726,11.7438,,173,92,112.6
3727,11.7465,,173,92,112.4
3728,11.7491,,172,92,112.6
3729,11.7535,,172,92,112.6
3730,11.7564,,172,92,112.8
3731,11.7594,,173,92,112.8
3732,11.7622,,172,92,112.8
3733,11.7652,,172,92,112.8
3734,11.7676,,172,92,112.8
3735,11.7712,,172,92,112.8
3736,11.7757,,172,92,112.6
3737,11.7788,,172,92,112.6
3738,11.7824,,172,92,112.8
3739,11.786,,171,92,112.6
3740,11.79,,172,92,112.6
3741,11.7934,,172,92,112.6
3742,11.7967,,171,92,112.6
3743,11.8003,,171,92,112.6
3744,11.8038,,172,93,112.6
3745,11.8073,,172,93,112.8
3746,11.8106,,171,93,113
3747,11.8133,,171,93,113
3748,11.817,,172,93,113
3749,11.8202,,172,93,113
3750,11.8238,,171,93,113
3751,11.8285,,171,92,113
3752,11.833,,171,92,113
3753,11.8386,,172,92,113.2
3754,11.8429,,171,92,113
3755,11.8473,,171,91,113
3756,11.8517,,171,91,113
3757,11.8561,,171,91,113
3758,11.8607,,171,91,113
3759,11.8656,,171,91,112.8
3760,11.8693,,171,90,112.6
3761,11.8732,,171,90,112.4
3762,11.8774,,171,90,112.4
3763,11.8822,,170,90,112.4
3764,11.8863,,171,90,112
3765,11.8903,,171,90,112
3766,11.8937,,171,90,112
3767,11.897,,170,91,112
3768,11.9005,,171,91,112
3769,11.9036,,171,91,111.8
3770,11.907,,170,91,112
3771,11.9105,,170,91,112
3772,11.9138,,170,91,112.2
3773,11.9176,,170,91,112.2
3774,11.9207,,170,91,112.2
3775,11.9237,,170,90,112.4
3776,11.9269,,170,90,112.4
3777,11.9305,,169,90,112.4
3778,11.9357,,169,90,112.2
3779,11.9398,,169,90,112
3780,11.9444,,169,90,112
3781,11.9488,,169,90,111.8
3782,11.9524,,168,89,112
3783,11.9559,,168,89,111.8
3784,11.9598,,168,90,111.8
3785,11.9631,,168,89,111.6
3786,11.9664,,169,90,111.6
3787,11.97,,168,90,111.6
3788,11.974,,168,90,111.6
3789,11.9777,,168,91,111.8
3790,11.9813,,168,91,111.8
3791,11.9847,,168,91,111.6
3792,11.988,,168,91,111.6
3793,11.9913,,167,91,111.6
3794,11.9948,,168,91,111.6
3795,11.9982,,168,90,111.6
3796,12.0019,,168,90,111.6
3797,12.0053,,167,91,111.6
3798,12.0087,,167,91,112
3799,12.0123,,168,91,111.8
3800,12.0157,,168,89,111.8
3801,12.0189,,167,88,111.8
3802,12.0218,,167,87,111.8
3803,12.0244,,166,87,111.8
3804,12.0272,,166,87,111.8
3805,12.0296,,166,87,111.8
3806,12.0321,,167,87,111.8
3807,12.035,,166,87,111.8
3808,12.0383,,166,87,112
3809,12.0417,,166,87,112
3810,12.0453,,166,87,112.2
3811,12.049,,166,87,112.6
3812,12.0525,,165,87,112.8
3813,12.0558,,165,87,113
3814,12.0588,,165,86,113.2
3815,12.0619,,165,86,113.4
3816,12.0649,,165,86,113.6
3817,12.0679,,165,85,113.6
3818,12.0711,,164,85,113.6
3819,12.0746,,164,85,113.6
3820,12.0783,,164,85,113.4
3821,12.0814,,164,85,113.4
3822,12.0843,,164,86,113.4
3823,12.0868,,164,87,113.4
3824,12.0901,,164,87,113.6
3825,12.0937,,164,87,113.6
3826,12.0973,,164,87,113.4
3827,12.1005,,163,87,113.4
3828,12.1036,,163,86,113.4
3829,12.1066,,164,86,113.4
3830,12.1099,,164,86,113.4
3831,12.1133,,164,86,113.4
3832,12.1168,,164,86,113.4
3833,12.1203,,163,86,113.4
3834,12.1236,,163,86,113.4
3835,12.1268,,163,86,113.4
3836,12.1301,,163,86,113.4
3837,12.1334,,162,86,113.4
3838,12.1369,,162,86,113.6
3839,12.1405,,162,86,113.6
3840,12.1437,,162,86,113.4
3841,12.1467,,161,86,113.4
3842,12.1499,,161,85,113.4
3843,12.1534,,161,85,113.4
3844,12.1565,,161,85,113.4
3845,12.16,,161,85,113.2
3846,12.1632,,160,85,113.2
3847,12.1666,,160,85,113.2
3848,12.17,,160,85,113.2
3849,12.1731,,159,85,113
3850,12.1764,,159,85,112.8
3851,12.1799,,158,85,112.8
3852,12.1833,,158,84,112.6
3853,12.1867,,158,84,112.6
3854,12.19,,157,84,112.6
3855,12.1934,,157,84,112.6
3856,12.1966,,157,84,112.6
3857,12.1999,,157,83,112.6
3858,12.2037,,156,83,112.6
3859,12.2069,,156,83,112.6
3860,12.21,,156,84,112.6
3861,12.2135,,157,84,112.6
3862,12.2169,,157,84,112.4
3863,12.2203,,156,84,112.4
3864,12.224,,156,84,112.2
3865,12.2275,,156,84,112.2
3866,12.2306,,156,84,112
3867,12.2335,,156,84,112
3868,12.2367,,155,85,112
3869,12.2397,,155,85,112
3870,12.2427,,156,84,112
3871,12.2456,,155,84,112
3872,12.2483,,155,85,112.2
3873,12.2515,,155,85,112.2
3874,12.2546,,155,84,112.2
3875,12.2573,,155,84,112.2
3876,12.2604,,155,84,112.2
3877,12.2636,,154,84,112.2
3878,12.2669,,155,84,112.2
3879,12.2698,,154,84,112.4
3880,12.2735,,154,84,112.4
3881,12.2763,,153,84,112.2
3882,12.2797,,153,84,112.4
3883,12.2831,,153,84,112.4
3884,12.2865,,153,84,112.4
3885,12.2898,,152,84,112.6
3886,12.2932,,153,84,112.8
3887,12.2963,,152,84,112.6
3888,12.2997,,152,84,112.4
3889,12.3031,,152,84,112.6
3890,12.306,,152,84,112.6
3891,12.3087,,152,84,112.6
3892,12.3117,,152,84,112.8
3893,12.3152,,152,84,112.8
3894,12.3185,,152,84,112.8
3895,12.3217,,152,84,112.8
3896,12.3248,,152,84,112.8
3897,12.3279,,152,84,113
3898,12.331,,152,83,113
3899,12.3339,,152,84,113
3900,12.3365,,152,84,113.2
3901,12.339,,152,83,113.2
3902,12.3417,,152,83,113.4
3903,12.3445,,152,83,113.2
3904,12.3471,,151,83,113.2
3905,12.3503,,152,84,113.2
3906,12.3531,,152,83,113.4
3907,12.356,,151,83,113.2
3908,12.359,,151,83,113.6
3909,12.3621,,151,83,113.8
3910,12.3654,,151,83,113.6
3911,12.3681,,151,83,113.6
3912,12.3711,,150,83,113.6
3913,12.3743,,151,83,113.8
3914,12.3771,,150,83,113.6
3915,12.38,,150,83,113.8
3916,12.3831,,150,83,113.8
3917,12.3861,,150,83,114
3918,12.3892,,150,83,114
3919,12.3921,,150,83,114
3920,12.3952,,150,83,114
3921,12.3976,,150,83,113.8
3922,12.4001,,149,84,114
3923,12.4035,,149,84,114
3924,12.4066,,149,84,114
3925,12.4101,,149,84,114.2
3926,12.4133,,149,84,114.2
3927,12.4165,,149,84,114.4
3928,12.4197,,149,84,114.6
3929,12.4225,,149,83,115
3930,12.4261,,150,83,114.8
3931,12.4296,,150,83,115
3932,12.4327,,150,83,115
3933,12.4357,,150,82,114.8
3934,12.4392,,150,82,114.8
3935,12.4427,,151,82,114.6
3936,12.4462,,151,82,114.4
3937,12.4491,,151,82,114.4
3938,12.4522,,150,82,114.2
3939,12.4556,,151,82,114.2
3940,12.4585,,151,82,114
3941,12.4614,,151,83,114
3942,12.4645,,151,83,114
3943,12.4676,,152,83,114
3944,12.4712,,151,83,114
3945,12.4743,,152,82,114
3946,12.4775,,151,82,114
3947,12.4805,,151,82,114.2
3948,12.4838,,151,82,114.2
3949,12.4873,,151,82,114.2
3950,12.491,,151,82,114.2
3951,12.4945,,151,82,114
3952,12.498,,152,82,113.8
3953,12.501,,152,83,114
3954,12.5047,,151,83,114
3955,12.5083,,151,83,114
3956,12.5118,,151,83,114.2
3957,12.5154,,151,83,114
3958,12.5187,,151,83,114
3959,12.522,,151,83,114.2
3960,12.5255,,151,82,114.2
3961,12.5284,,151,82,114
3962,12.5321,,150,82,114
3963,12.536,,150,82,114
3964,12.5396,,150,82,114
3965,12.5434,,151,83,113.8
3966,12.5468,,151,83,113.8
3967,12.5506,,150,83,113.8
3968,12.5543,,151,83,113.8
3969,12.5578,,150,83,114
3970,12.5617,,150,83,114.2
3971,12.5647,,150,83,114.2
3972,12.5679,,151,83,114
3973,12.5711,,150,84,113.8
3974,12.5746,,150,84,113.8
3975,12.5779,,150,84,113.6
3976,12.5808,,150,84,113.6
3977,12.5838,,150,85,113.6
3978,12.5865,,150,84,113.6
3979,12.5894,,151,84,113.6
3980,12.5929,,150,84,113.6
3981,12.596,,150,84,113.8
3982,12.5994,,150,84,113.6
3983,12.6025,,150,84,113.4
3984,12.6057,,150,84,113.4
3985,12.6089,,150,84,113.4
3986,12.6122,,150,84,113.4
3987,12.6158,,149,83,113.4
3988,12.6192,,149,83,113.4
3989,12.6224,,149,83,113.4
3990,12.6257,,149,84,113.4
3991,12.6286,,149,84,113.4
3992,12.6317,,149,84,113.4
3993,12.6346,,148,84,113.4
3994,12.6377,,148,84,113.4
3995,12.6413,,148,84,113.2
3996,12.6447,,148,84,113.2
3997,12.6481,,148,84,113.2
3998,12.6512,,149,84,113.4
3999,12.6545,,149,84,113.2
4000,12.6575,,148,84,113.2
4001,12.6609,,148,84,113
4002,12.6642,,149,84,113.2
4003,12.6672,,149,84,113.2
4004,12.6707,,148,84,113.2
4005,12.6738,,149,84,113
4006,12.677,,149,84,113.2
4007,12.6803,,149,84,113.2
4008,12.6838,,149,84,113.2
4009,12.6876,,149,84,113.2
4010,12.6912,,149,84,113.2
4011,12.6946,,150,84,113.2
4012,12.6979,,150,84,113.2
4013,12.7007,,150,84,113.2
4014,12.7037,,150,84,113.2
4015,12.7066,,151,84,113.2
4016,12.7091,,151,84,113.2
4017,12.712,,151,84,113.2
4018,12.7145,,151,84,113.2
4019,12.7175,,152,84,113.4
4020,12.7209,,152,84,113.2
4021,12.7245,,152,84,113.2
4022,12.7276,,152,84,113.2
4023,12.7307,,152,83,113.4
4024,12.7341,,151,83,113.2
4025,12.7375,,152,83,113.4
4026,12.7403,,152,83,113.2
4027,12.744,,152,83,113.2
4028,12.7478,,151,84,113
4029,12.7512,,151,84,113
4030,12.7546,,152,83,113
4031,12.7579,,151,83,112.8
4032,12.7612,,151,83,113
4033,12.7643,,151,83,112.8
4034,12.7678,,151,83,112.8
4035,12.7719,,152,83,113
4036,12.7752,,152,83,113
4037,12.7788,,152,84,112.8
4038,12.782,,152,84,112.8
4039,12.7849,,152,84,113
4040,12.7876,,152,84,113
4041,12.7902,,152,84,113.2
4042,12.7932,,152,84,113
4043,12.796,,153,85,112.8
4044,12.799,,153,85,112.8
4045,12.8024,,153,85,112.8
4046,12.8056,,153,85,112.8
4047,12.8083,,152,85,112.8
4048,12.8113,,153,85,112.8
4049,12.8142,,153,85,112.6
4050,12.8168,,153,85,112.8
4051,12.8195,,153,85,112.8
4052,12.8224,,153,85,112.8
4053,12.825,,153,85,112.8
4054,12.8277,,153,85,112.8
4055,12.831,,153,85,112.8
4056,12.8343,,153,85,112.8
4057,12.8375,,153,85,112.8
4058,12.841,,153,85,113
4059,12.8445,,152,85,113
4060,12.8478,,152,85,113
4061,12.851,,152,85,112.8
4062,12.8543,,153,85,112.8
4063,12.8578,,153,85,112.8
4064,12.8613,,153,85,113
4065,12.865,,153,85,112.8
4066,12.8684,,153,85,113
4067,12.8715,,152,85,112.8
4068,12.8746,,153,85,113
4069,12.8776,,153,85,113
4070,12.8809,,152,85,113
4071,12.8839,,152,85,112.8
4072,12.8867,,152,85,113
4073,12.8893,,152,85,113
4074,12.8924,,152,85,113
4075,12.8955,,152,85,112.8
4076,12.8991,,152,86,112.8
4077,12.9026,,151,86,112.8
4078,12.9058,,151,86,113
4079,12.9091,,151,86,112.8
4080,12.9124,,151,86,112.8
4081,12.9156,,152,86,113
4082,12.9189,,151,86,113
4083,12.9224,,152,86,113
4084,12.9257,,151,86,113
4085,12.9293,,151,86,112.8
4086,12.9324,,152,86,113
4087,12.936,,152,86,113
4088,12.9395,,152,86,113
4089,12.9427,,152,86,113
4090,12.9459,,152,86,112.8
4091,12.9487,,152,86,112.8
4092,12.9519,,152,86,112.8
4093,12.9549,,151,86,113
4094,12.9577,,151,85,112.8
4095,12.9608,,151,85,112.8
4096,12.9639,,151,85,112.8
4097,12.9677,,151,85,112.8
4098,12.9712,,150,85,112.8
4099,12.9748,,151,85,112.8
4100,12.9782,,150,85,112.8
4101,12.9811,,150,85,112.8
4102,12.9842,,150,86,112.8
4103,12.9873,,150,86,112.8
4104,12.9907,,150,86,112.8
4105,12.9944,,150,86,113
4106,12.998,,150,86,113
4107,13.001,,150,86,113
4108,13.0039,,150,86,113.2
4109,13.007,,150,87,113.6
4110,13.0103,,150,87,113.2
4111,13.0132,,151,87,113.4
4112,13.0163,,151,87,113.4
4113,13.0195,,151,87,113.4
4114,13.0229,,151,87,113.4
4115,13.0264,,151,87,113.6
4116,13.0296,,151,87,113.4
4117,13.0328,,152,87,113.6
4118,13.0366,,152,86,113.6
4119,13.0394,,151,87,113.6
4120,13.0424,,152,87,113.6
4121,13.0453,,152,87,113.6
4122,13.0487,,152,87,113.6
4123,13.0524,,152,87,113.6
4124,13.0558,,152,87,113.8
4125,13.0587,,152,87,113.8
4126,13.0618,,153,87,114
4127,13.0648,,153,87,113.8
4128,13.0679,,153,87,114
4129,13.071,,153,87,114
4130,13.0738,,154,87,114
4131,13.0772,,154,87,114
4132,13.0804,,154,87,114
4133,13.0835,,155,87,114
4134,13.0868,,154,87,114
4135,13.0901,,155,87,114
4136,13.093,,155,86,114
4137,13.0955,,155,87,114
4138,13.0979,,155,87,113.8
4139,13.1001,,155,87,113.8
4140,13.1028,,155,86,113.8
4141,13.1052,,155,86,113.6
4142,13.1082,,155,86,113.8
4143,13.1104,,155,86,113.6
4144,13.114,,155,86,113.4
4145,13.1178,,155,86,113.4
4146,13.1219,,156,86,113.2
4147,13.1261,,155,86,113
4148,13.1297,,155,86,113
4149,13.1335,,155,87,112.8
4150,13.1368,,155,88,112.6
4151,13.1406,,155,88,112.4
4152,13.144,,155,88,112.2
4153,13.148,,155,89,112
4154,13.1511,,155,89,111.8
4155,13.155,,154,90,111.8
4156,13.158,,154,90,111.6
4157,13.1618,,154,90,111.6
4158,13.1651,,153,89,111.4
4159,13.1684,,153,89,111.2
4160,13.1718,,153,89,111.2
4161,13.175,,153,88,111.2
4162,13.1776,,153,88,111.2
4163,13.1808,,153,88,111
4164,13.1847,,152,87,111
4165,13.1883,,152,87,111
4166,13.1923,,152,86,111
4167,13.1958,,152,86,111
4168,13.1997,,152,86,111
4169,13.2031,,151,86,111
4170,13.2069,,151,85,111
4171,13.2104,,151,85,111
4172,13.2143,,151,85,111
4173,13.2184,,151,85,111
4174,13.2217,,151,85,110.8
4175,13.2249,,151,85,110.8
4176,13.2278,,151,85,110.8
4177,13.2314,,151,85,110.6
4178,13.2348,,151,85,110.6
4179,13.2386,,151,86,110.4
4180,13.2423,,151,86,110.2
4181,13.2455,,151,87,110.2
4182,13.249,,152,86,110
4183,13.2521,,152,87,109.8
4184,13.2554,,152,87,109.8
4185,13.2583,,153,87,110
4186,13.2612,,153,87,109.6
4187,13.264,,153,87,109.6
4188,13.2667,,153,87,109.4
4189,13.2692,,154,87,109.4
4190,13.2723,,154,87,109.2
4191,13.2756,,154,87,109.2
4192,13.2793,,153,87,109
4193,13.2823,,153,87,109
4194,13.2856,,153,87,108.8
4195,13.2887,,153,87,108.8
4196,13.2914,,153,86,108.6
4197,13.2945,,154,87,108.6
4198,13.2973,,153,87,108.4
4199,13.3011,,153,87,108.4
4200,13.3044,,154,87,108.2
4201,13.3085,,154,87,108.2
4202,13.312,,153,87,108.2
4203,13.3154,,153,87,108
4204,13.3189,,153,87,108
4205,13.3222,,153,87,107.8
4206,13.3256,,153,87,107.8
4207,13.3288,,153,86,107.6
4208,13.3319,,153,86,107.6
4209,13.335,,152,86,107.4
4210,13.3382,,152,86,107.4
4211,13.3414,,152,86,107.2
4212,13.3446,,152,86,107.2
4213,13.348,,151,86,107.2
4214,13.3518,,151,86,107
4215,13.3558,,151,86,107
4216,13.3596,,151,85,107
4217,13.3631,,151,86,106.8
4218,13.3664,,151,86,106.8
4219,13.3695,,151,86,106.8
4220,13.3727,,151,86,107
4221,13.3759,,150,86,106.6
4222,13.3795,,150,86,106.6
4223,13.3826,,150,86,106.4
4224,13.3859,,151,86,106.4
4225,13.3889,,150,85,106.4
4226,13.3918,,150,85,106.2
4227,13.3949,,151,85,106.2
4228,13.3984,,151,85,106.2
4229,13.4023,,151,85,106
4230,13.4065,,151,85,106
4231,13.4104,,151,86,106
4232,13.4144,,151,86,105.8
4233,13.4186,,151,86,105.8
4234,13.4222,,151,86,105.8
4235,13.4258,,152,86,105.6
4236,13.4292,,152,87,105.4
4237,13.4324,,152,87,105.4
4238,13.4358,,152,87,105.4
4239,13.4394,,152,87,105.2
4240,13.4436,,152,87,105
4241,13.4473,,152,87,105.2
4242,13.4511,,153,87,105.2
4243,13.4549,,152,87,104.8
4244,13.4586,,153,87,104.8
4245,13.4623,,153,87,104.6
4246,13.4657,,153,87,104.6
4247,13.4691,,154,87,104.4
4248,13.472,,154,87,104.2
4249,13.4758,,153,88,104
4250,13.4792,,153,88,104
4251,13.4832,,153,88,103.8
4252,13.4872,,153,88,103.8
4253,13.4913,,153,88,103.8
4254,13.495,,153,88,103.8
4255,13.4989,,153,87,103.6
4256,13.5028,,152,87,103.6
4257,13.5066,,152,87,103.4
4258,13.5101,,152,87,103.2
4259,13.5141,,152,87,103.2
4260,13.5179,,152,87,103
4261,13.521,,151,87,103
4262,13.5245,,151,87,103
4263,13.5278,,151,87,102.8
4264,13.5314,,151,87,102.8
4265,13.5344,,151,87,102.6
4266,13.5375,,151,87,102.6
4267,13.5403,,150,86,102.6
4268,13.543,,151,87,102.6
4269,13.5459,,150,86,102.4
4270,13.5492,,150,86,102.4
4271,13.5522,,150,86,102.2
4272,13.5556,,150,86,102.2
4273,13.5591,,150,86,102
4274,13.5619,,150,86,102
4275,13.5652,,150,86,102
4276,13.5686,,150,87,101.8
4277,13.572,,149,87,101.8
4278,13.5756,,149,87,101.8
4279,13.579,,149,87,101.8
4280,13.5826,,149,87,101.8
4281,13.5863,,149,87,101.6
4282,13.5887,,148,87,101.6
4283,13.5917,,148,86,101.6
4284,13.5947,,149,87,101.6
4285,13.5978,,149,87,101.6
4286,13.601,,148,86,101.6
4287,13.6044,,148,86,101.6
4288,13.6074,,148,86,101.6
4289,13.6108,,148,86,101.4
4290,13.6149,,148,86,101.2
4291,13.6186,,147,87,101.2
4292,13.6227,,146,87,101.2
4293,13.6265,,146,87,101
4294,13.6303,,145,87,101
4295,13.6347,,145,87,101
4296,13.6382,,145,87,100.8
4297,13.6422,,144,87,100.8
4298,13.6461,,144,86,100.8
4299,13.6495,,145,86,100.8
4300,13.6526,,145,87,100.6
4301,13.656,,145,87,100.6
4302,13.6595,,145,86,100.4
4303,13.6624,,145,86,100.4
4304,13.665,,145,86,100.4
4305,13.6682,,146,86,100.2
4306,13.6711,,146,86,100.2
4307,13.6736,,146,86,100.2
4308,13.6763,,146,85,100
4309,13.6795,,146,85,100
4310,13.6826,,147,85,100
4311,13.6857,,147,85,99.8
4312,13.689,,147,86,99.8
4313,13.6917,,148,86,99.8
4314,13.6947,,148,87,99.8
4315,13.6984,,148,87,99.8
4316,13.7016,,149,87,99.8
4317,13.7041,,149,87,99.8
4318,13.7065,,149,87,99.8
4319,13.7088,,149,87,99.6
4320,13.7116,,149,87,99.6
4321,13.7154,,150,87,99.6
4322,13.7191,,150,87,99.6
4323,13.7225,,150,87,99.4
4324,13.7261,,149,87,99.4
4325,13.7291,,150,87,99.4
4326,13.7319,,150,87,99.4
4327,13.7346,,150,87,99.6
4328,13.7371,,149,86,99.4
4329,13.7399,,149,86,99.2
4330,13.7427,,149,86,99.2
4331,13.7463,,149,85,99.4
4332,13.7499,,149,85,99.4
4333,13.7531,,149,85,99
4334,13.7564,,148,85,99
4335,13.7597,,148,85,99
4336,13.7633,,148,85,99
4337,13.7668,,148,85,99
4338,13.7704,,147,85,98.8
4339,13.7736,,147,85,98.8
4340,13.7769,,146,85,98.8
4341,13.7802,,146,85,98.8
4342,13.7834,,146,85,98.8
4343,13.7864,,146,85,98.6
4344,13.7891,,146,85,98.6
4345,13.7919,,146,85,98.4
4346,13.7947,,146,85,98.4
4347,13.7978,,145,85,98.4
4348,13.8012,,145,85,98.4
4349,13.8049,,145,85,98.4
4350,13.808,,145,85,98.4
4351,13.811,,145,85,98.4
4352,13.8142,,145,85,98.4
4353,13.8175,,145,85,98.4
4354,13.8205,,145,85,98.4
4355,13.8237,,144,85,98.2
4356,13.8268,,144,85,98.2
4357,13.8299,,144,85,98.2
4358,13.8333,,144,85,98.2
4359,13.8362,,144,85,98
4360,13.8394,,144,85,98
4361,13.8423,,144,85,98
4362,13.8454,,144,85,98
4363,13.8486,,144,85,97.8
4364,13.8521,,144,85,97.8
4365,13.8557,,143,85,97.8
4366,13.8585,,143,85,97.8
4367,13.8616,,144,85,97.8
4368,13.865,,144,85,97.8
4369,13.8688,,143,85,97.8
4370,13.8717,,144,85,97.8
4371,13.8745,,143,84,97.6
4372,13.8772,,143,85,97.6
4373,13.8802,,143,84,97.6
4374,13.8836,,143,84,97.6
4375,13.8873,,143,84,97.4
4376,13.8903,,143,84,97.4
4377,13.8935,,143,84,97.4
4378,13.8966,,143,84,97.4
4379,13.8999,,143,84,97.4
4380,13.9033,,143,84,97.4
4381,13.9065,,144,84,97.2
4382,13.9094,,144,84,97.4
4383,13.9121,,143,84,97.2
4384,13.9149,,144,84,97
4385,13.9178,,143,84,97.2
4386,13.921,,144,84,97.2
4387,13.9244,,144,84,97
4388,13.9269,,143,84,97
4389,13.9299,,143,84,97
4390,13.9326,,143,84,97
4391,13.9357,,144,84,97
4392,13.939,,144,84,97
4393,13.9418,,143,84,97
4394,13.9447,,144,84,96.8
4395,13.9471,,143,84,96.8
4396,13.9505,,143,84,97
4397,13.9534,,143,84,96.8
4398,13.9559,,144,84,96.8
4399,13.9579,,144,84,96.8
4400,13.9604,,143,84,96.8
4401,13.9628,,144,84,96.8
4402,13.9652,,144,84,96.8
4403,13.9685,,144,84,96.8
4404,13.9713,,144,84,97
4405,13.9742,,144,84,96.8
4406,13.9769,,144,84,96.8
4407,13.9802,,144,84,96.8
4408,13.9838,,144,84,96.8
4409,13.9872,,144,84,96.8
4410,13.9901,,144,84,96.8
4411,13.9936,,145,84,96.8
4412,13.9971,,144,84,96.8
4413,14.0009,,144,84,96.8
4414,14.0044,,144,84,96.8
4415,14.0079,,144,84,96.8
4416,14.0107,,144,84,96.8
4417,14.0137,,143,84,96.6
4418,14.0168,,144,84,96.6
4419,14.0204,,144,84,96.6
4420,14.0234,,143,84,96.6
4421,14.027,,143,84,96.8
4422,14.0307,,143,84,96.4
4423,14.0339,,143,84,96.6
4424,14.0375,,143,84,96.4
4425,14.041,,143,84,96.4
4426,14.0441,,143,84,96.4
4427,14.0475,,143,83,96.6
4428,14.0503,,143,83,96.4
4429,14.0534,,143,83,96.6
4430,14.0566,,144,83,96.4
4431,14.0596,,143,83,96.4
4432,14.0621,,144,83,96.4
4433,14.0646,,144,84,96.4
4434,14.0671,,144,84,96.4
4435,14.0695,,144,83,96.4
4436,14.0717,,145,83,96.4
4437,14.0739,,145,83,96.4
4438,14.0767,,145,83,96.4
4439,14.0788,,146,83,96.4
4440,14.0809,,146,83,96.2
4441,14.084,,146,83,96.4
4442,14.0866,,146,83,96.4
4443,14.0891,,146,83,96.4
4444,14.0922,,146,83,96.4
4445,14.0951,,146,83,96.4
4446,14.0986,,146,83,96.4
4447,14.1016,,146,83,96.6
4448,14.1042,,146,83,96.4
4449,14.1068,,146,83,96.2
4450,14.1097,,146,83,96.2
4451,14.1137,,147,83,96.4
4452,14.1172,,147,83,96.4
4453,14.1206,,146,83,96.4
4454,14.1238,,147,83,96.4
4455,14.1267,,147,83,96.4
4456,14.1294,,147,83,96.2
4457,14.132,,147,83,96.4
4458,14.1345,,147,83,96.2
4459,14.1372,,146,84,96.4
4460,14.1398,,147,84,96.2
4461,14.1426,,146,84,96.2
4462,14.1454,,146,84,96.2
4463,14.148,,146,85,96.2
4464,14.1507,,146,84,96.2
4465,14.1534,,146,84,96.2
4466,14.1568,,146,84,96.2
4467,14.1598,,146,84,96.2
4468,14.1626,,146,84,96.4
4469,14.1651,,146,84,96.4
4470,14.1674,,145,84,96.4
4471,14.1698,,146,83,96.4
4472,14.1725,,146,84,96.2
4473,14.1752,,146,84,96.2
4474,14.178,,146,84,96.2
4475,14.1805,,146,84,96
4476,14.183,,146,84,96.2
4477,14.1856,,146,83,96.2
4478,14.1882,,146,83,96.2
4479,14.191,,146,83,96.4
4480,14.1937,,146,83,96.2
4481,14.1966,,146,83,96.4
4482,14.1993,,146,83,96.2
4483,14.2021,,146,83,96.2
4484,14.2049,,146,83,96.2
4485,14.2075,,146,84,96.2
4486,14.2096,,146,84,96.2
4487,14.2118,,145,84,96.2
4488,14.2143,,146,83,96.4
4489,14.2169,,146,84,96.2
4490,14.2196,,145,84,96.2
4491,14.2222,,146,84,96
4492,14.2252,,146,83,96
4493,14.2283,,146,83,96
4494,14.2314,,146,83,96
4495,14.2345,,146,83,95.8
4496,14.2374,,145,83,95.8
4497,14.2404,,146,83,95.8
4498,14.2435,,146,83,95.8
4499,14.2462,,146,83,95.8
4500,14.2493,,146,83,95.8
4501,14.2525,,146,83,95.8
4502,14.2557,,146,83,95.8
4503,14.2592,,146,83,95.8
4504,14.2624,,146,83,95.8
4505,14.2659,,147,83,95.6
4506,14.2692,,147,83,95.6
4507,14.2725,,146,83,95.6
4508,14.2759,,146,83,95.6
4509,14.279,,146,83,95.6
4510,14.2823,,146,83,95.4
4511,14.2854,,145,83,95.6
4512,14.2885,,145,83,95.4
4513,14.2918,,145,83,95.4
4514,14.295,,145,83,95.4
4515,14.2982,,145,83,95.6
4516,14.3015,,145,84,95.4
4517,14.3047,,145,84,95.4
4518,14.308,,145,85,95.2
4519,14.3112,,144,85,95.2
4520,14.3144,,144,86,95.2
4521,14.3177,,144,86,95.2
4522,14.3211,,145,86,95.2
4523,14.3245,,144,86,95.2
4524,14.3278,,144,86,95.4
4525,14.3312,,144,85,95.2
4526,14.3344,,145,85,95.4
4527,14.3377,,144,85,95.2
4528,14.3409,,145,85,95.2
4529,14.3441,,145,85,95.2
4530,14.3474,,145,85,95.2
4531,14.3505,,145,85,95.2
4532,14.3538,,145,85,95.4
4533,14.357,,145,85,95.4
4534,14.3602,,145,85,95.6
4535,14.3634,,145,85,95.4
4536,14.3665,,145,85,95.4
4537,14.3699,,145,86,95.4
4538,14.3731,,146,85,95.4
4539,14.3762,,146,85,95.4
4540,14.3791,,146,85,95.4
4541,14.3821,,146,85,95.6
4542,14.385,,146,85,95.6
4543,14.388,,146,85,95.6
4544,14.3911,,146,85,95.6
4545,14.3941,,145,85,95.6
4546,14.3972,,146,84,95.6
4547,14.4003,,146,84,95.4
4548,14.4036,,146,84,95.8
4549,14.4071,,146,84,95.8
4550,14.4103,,146,85,95.6
4551,14.4136,,146,84,95.6
4552,14.4169,,145,84,95.6
4553,14.4201,,146,84,95.6
4554,14.4234,,146,84,95.6
4555,14.4264,,146,84,95.6
4556,14.4294,,146,84,95.4
4557,14.4324,,146,84,95.4
4558,14.4355,,146,84,95.4
4559,14.4387,,146,84,95.6
4560,14.4415,,146,84,95.4
4561,14.4445,,146,84,95.4
4562,14.4476,,147,84,95.4
4563,14.4508,,147,84,95.4
4564,14.4539,,147,84,95.4
4565,14.4571,,147,84,95.4
4566,14.4603,,146,84,95.4
4567,14.4634,,147,84,95.4
4568,14.4666,,147,84,95.4
4569,14.4697,,146,84,95.4
4570,14.4729,,147,84,95.4
4571,14.4762,,147,84,95.4
4572,14.4794,,146,84,95.2
4573,14.4828,,147,84,95.2
4574,14.4858,,147,84,95.4
4575,14.4889,,147,85,95.6
4576,14.4921,,147,85,95.4
4577,14.4953,,147,85,95.2
4578,14.4987,,147,85,95.4
4579,14.502,,147,85,95.4
4580,14.5054,,146,85,95.4
4581,14.5086,,147,84,95.4
4582,14.5116,,147,85,95.4
4583,14.5146,,146,85,95.4
4584,14.5176,,146,85,95.4
4585,14.5209,,146,85,95.4
4586,14.5241,,146,84,95.4
4587,14.5273,,146,84,95.6
4588,14.5303,,146,84,95.4
4589,14.5333,,146,84,95.4
4590,14.5364,,146,84,95.4
4591,14.5392,,146,84,95.4
4592,14.5423,,145,84,95.4
4593,14.5451,,145,84,95.4
4594,14.5475,,146,84,95.8
4595,14.55,,145,84,95.6
4596,14.5525,,145,84,95.6
4597,14.5552,,145,84,95.6
4598,14.5577,,145,84,95.6
4599,14.5599,,145,84,95.6
4600,14.5622,,145,84,95.8
4601,14.5643,,145,84,95.6
4602,14.5666,,144,84,96
4603,14.5689,,145,84,96
4604,14.571,,145,84,96
4605,14.5733,,144,84,95.8
4606,14.5759,,144,84,95.8
4607,14.5786,,144,84,95.8
4608,14.5811,,144,84,96
4609,14.5834,,144,84,96.2
4610,14.5858,,144,84,96
4611,14.5881,,144,85,96
4612,14.5906,,144,85,96
4613,14.593,,144,84,95.8
4614,14.5954,,144,84,95.8
4615,14.5978,,143,84,96
4616,14.6004,,143,84,96
4617,14.6025,,143,84,96
4618,14.605,,143,84,96
4619,14.6073,,143,84,96
4620,14.6094,,143,84,95.8
4621,14.6123,,144,84,95.8
4622,14.616,,143,84,95.8
4623,14.6189,,144,85,95.8
4624,14.6223,,143,85,95.8
4625,14.6255,,143,85,95.8
4626,14.6283,,143,85,95.8
4627,14.6314,,143,85,96
4628,14.6339,,143,85,96
4629,14.6368,,143,85,96
4630,14.6392,,143,85,96
4631,14.6419,,143,85,96
4632,14.6447,,144,85,96
4633,14.6474,,144,85,96
4634,14.6505,,144,85,96
4635,14.6537,,144,85,96
4636,14.6571,,144,85,96.2
4637,14.6601,,145,85,96
4638,14.6635,,145,86,96
4639,14.6668,,145,86,96
4640,14.6701,,144,86,96
4641,14.6732,,145,86,96.2
4642,14.6762,,145,86,96.2
4643,14.6792,,145,85,96.4
4644,14.6825,,145,85,96.4
4645,14.6857,,144,85,96.4
4646,14.6889,,145,85,96.6
4647,14.6927,,145,86,96.6
4648,14.6957,,145,85,96.6
4649,14.6992,,145,85,96.8
4650,14.7029,,146,85,96.8
4651,14.7057,,146,86,96.8
4652,14.7084,,146,86,97
4653,14.711,,147,86,97
4654,14.7135,,147,86,97.2
4655,14.7161,,148,87,97.4
4656,14.7192,,148,88,97.6
4657,14.7228,,148,88,97.6
4658,14.7262,,149,88,97.8
4659,14.7293,,149,89,98
4660,14.7326,,150,89,98.2
4661,14.7358,,150,90,98.4
4662,14.7383,,150,90,98.6
4663,14.7409,,151,90,98.8
4664,14.744,,151,90,99
4665,14.7474,,152,90,99.2
4666,14.7507,,152,90,99.6
4667,14.7539,,152,90,99.8
4668,14.7571,,153,90,100
4669,14.76,,153,90,100.2
4670,14.7631,,154,89,100.4
4671,14.7662,,154,89,100.6
4672,14.7691,,154,89,100.8
4673,14.7718,,155,90,101
4674,14.7747,,156,90,101.2
4675,14.7782,,156,90,101.4
4676,14.7819,,157,90,101.8
4677,14.7856,,157,90,101.8
4678,14.7903,,157,89,102
4679,14.7943,,158,89,102.2
4680,14.7988,,158,89,102.4
4681,14.8035,,159,89,102.6
4682,14.8084,,159,89,102.8
4683,14.8126,,159,89,103
4684,14.8172,,160,89,103.2
4685,14.822,,160,89,103.2
4686,14.8268,,160,89,103.4
4687,14.8314,,160,90,103.6
4688,14.8361,,160,90,103.8
4689,14.8406,,161,90,103.8
4690,14.845,,161,89,103.8
4691,14.8495,,161,89,104
4692,14.8535,,161,88,104
4693,14.8574,,161,87,104.2
4694,14.8609,,161,86,104.4
4695,14.8643,,161,86,104.2
4696,14.8679,,161,86,104.4
4697,14.8714,,161,86,104.6
4698,14.8751,,161,85,104.4
4699,14.8786,,161,85,104.4
4700,14.8822,,161,85,104
4701,14.8857,,161,85,103.8
4702,14.8891,,160,85,103.6
4703,14.8927,,160,85,103.6
4704,14.896,,160,85,103.8
4705,14.8995,,160,85,103.6
4706,14.9027,,160,85,103.4
4707,14.9061,,160,85,103.2
4708,14.9093,,160,85,103.2
4709,14.9126,,160,84,103
4710,14.916,,159,84,103
4711,14.9192,,159,85,103
4712,14.9223,,159,85,102.8
4713,14.9255,,159,85,102.6
4714,14.9287,,158,85,102.4
4715,14.9319,,158,85,102.4
4716,14.9352,,158,85,102.2
4717,14.9385,,157,86,102
4718,14.9418,,157,86,101.8
4719,14.9452,,156,86,101.6
4720,14.9483,,156,86,101.4
4721,14.9514,,155,86,101.2
4722,14.9544,,155,86,101.2
4723,14.9573,,154,86,101
4724,14.9604,,154,86,100.8
4725,14.9635,,154,86,100.4
4726,14.9668,,153,87,100.2
4727,14.9699,,153,88,100
4728,14.9732,,152,88,99.8
4729,14.9763,,152,89,99.6
4730,14.9796,,151,89,99.4
4731,14.9829,,151,89,99.2
4732,14.9864,,150,89,99
4733,14.9898,,149,89,98.8
4734,14.9934,,149,90,98.4
4735,14.997,,148,91,98.2
4736,15.0008,,148,91,98.2
4737,15.0044,,148,90,98.2
4738,15.0079,,148,90,98
4739,15.0112,,148,89,98
4740,15.0145,,147,89,97.6
4741,15.0175,,147,89,97.6
4742,15.0205,,147,89,97.4
4743,15.0238,,146,88,97.4
4744,15.0272,,146,87,97.2
4745,15.0306,,146,87,97.2
4746,15.034,,145,87,97.2
4747,15.0373,,145,87,97.4
4748,15.0405,,145,87,97.4
4749,15.0438,,144,87,97.2
4750,15.047,,144,87,97.2
4751,15.0504,,144,87,97.2
4752,15.0534,,144,86,97.2
4753,15.0565,,144,86,97
4754,15.0595,,144,87,97
4755,15.0623,,143,87,97
4756,15.0652,,144,87,97
4757,15.0681,,144,87,97
4758,15.0713,,144,86,97.2
4759,15.0744,,144,86,97.2
4760,15.0779,,144,86,97.2
4761,15.0811,,144,86,97.2
4762,15.0843,,144,86,97.4
4763,15.0874,,144,86,97.4
4764,15.0904,,143,86,97.2
4765,15.0938,,144,86,97.2
4766,15.097,,143,85,97.2
4767,15.1003,,144,86,97
4768,15.1035,,143,86,97
4769,15.1067,,144,86,97.2
4770,15.1099,,143,86,97.2
4771,15.113,,144,86,97.2
4772,15.1163,,143,86,97.2
4773,15.1197,,143,86,97.2
4774,15.123,,143,86,97.2
4775,15.126,,143,86,97.2
4776,15.1292,,143,86,97.2
4777,15.1324,,143,86,97.2
4778,15.1356,,143,86,97.2
4779,15.1387,,143,86,97.2
4780,15.1417,,143,86,97.2
4781,15.1448,,142,86,97.2
4782,15.1478,,143,86,97.2
4783,15.1509,,142,86,97.2
4784,15.154,,143,86,97.2
4785,15.157,,142,86,97.2
4786,15.1601,,142,86,97.2
4787,15.1632,,142,86,97.2
4788,15.1666,,142,85,97.2
4789,15.1699,,142,85,97.2
4790,15.1732,,142,85,97.2
4791,15.1764,,142,85,97.2
4792,15.1795,,143,85,97
4793,15.1829,,142,85,97
4794,15.1861,,143,85,97
4795,15.1892,,143,85,96.8
4796,15.1921,,142,85,97
4797,15.1949,,143,84,97.2
4798,15.1979,,143,85,97.6
4799,15.201,,143,85,98
4800,15.2041,,144,85,97.6
4801,15.2071,,144,85,97.4
4802,15.21,,145,85,97.4
4803,15.2131,,145,86,97.4
4804,15.2164,,145,86,97.4
4805,15.2194,,146,86,97.6
4806,15.2226,,146,86,97.4
4807,15.2257,,146,86,97.4
4808,15.2288,,146,86,97.4
4809,15.2321,,146,86,97.4
4810,15.2353,,146,86,97.4
4811,15.2385,,146,86,97.6
4812,15.2416,,146,86,97.6
4813,15.2446,,147,86,97.6
4814,15.2476,,146,86,97.6
4815,15.2506,,146,86,97.4
4816,15.2538,,146,86,97.4
4817,15.2569,,146,86,97.4
4818,15.2601,,146,86,97.4
4819,15.2633,,145,86,97.6
4820,15.2665,,145,86,97.8
4821,15.2695,,145,86,97.6
4822,15.2726,,145,86,97.6
4823,15.2758,,145,87,97.6
4824,15.279,,145,87,97.4
4825,15.2821,,145,87,97.4
4826,15.2853,,145,87,97.6
4827,15.2885,,145,87,97.6
4828,15.2916,,146,87,97.6
4829,15.2949,,146,87,97.6
4830,15.2981,,146,87,97.4
4831,15.3012,,146,87,97.6
4832,15.3043,,146,87,97.8
4833,15.3072,,146,87,97.8
4834,15.3102,,147,87,97.6
4835,15.3133,,147,87,97.8
4836,15.3163,,147,87,97.8
4837,15.3194,,147,87,98
4838,15.3224,,147,87,98.2
4839,15.3254,,147,87,98
4840,15.3283,,147,88,98
4841,15.3313,,147,88,98.2
4842,15.3346,,147,88,98.4
4843,15.3379,,147,87,98.4
4844,15.3412,,147,87,98.4
4845,15.3444,,147,87,98.4
4846,15.3475,,147,87,98.4
4847,15.3506,,147,87,98.2
4848,15.3538,,147,87,98.2
4849,15.3571,,147,87,98.4
4850,15.3602,,147,87,98.4
4851,15.3634,,147,87,98.4
4852,15.3666,,147,87,98.4
4853,15.3697,,147,87,98.4
4854,15.3728,,147,87,98.2
4855,15.3761,,147,87,98
4856,15.3793,,147,87,98
4857,15.3826,,148,87,98
4858,15.3856,,148,87,98.2
4859,15.3888,,147,87,98.4
4860,15.392,,148,87,98.6
4861,15.3954,,148,88,98.4
4862,15.3989,,148,88,98.2
4863,15.4023,,148,87,98.4
4864,15.4054,,148,86,98.2
4865,15.4086,,149,86,98
4866,15.4117,,149,87,98.2
4867,15.4148,,149,86,98.2
4868,15.4179,,149,86,98
4869,15.4209,,149,86,98
4870,15.424,,149,86,98.2
4871,15.427,,149,86,98
4872,15.4301,,149,87,98
4873,15.4331,,149,86,98
4874,15.436,,149,86,98
4875,15.4389,,149,86,98
4876,15.442,,149,86,98
4877,15.445,,149,86,98
4878,15.4483,,149,87,98
4879,15.4516,,150,86,98.2
4880,15.455,,150,86,98.2
4881,15.4581,,150,87,98.4
4882,15.4612,,150,87,98.4
4883,15.4645,,151,87,98.2
4884,15.4678,,151,87,98.2
4885,15.471,,151,87,98.2
4886,15.474,,151,87,98
4887,15.4772,,151,87,98
4888,15.4802,,151,87,98.2
4889,15.4835,,151,87,98.2
4890,15.4866,,151,87,98.2
4891,15.4898,,151,87,98.8
4892,15.4931,,151,87,98.2
4893,15.4962,,150,87,98.2
4894,15.4993,,150,86,98.4
4895,15.5022,,150,86,98.4
4896,15.5051,,150,86,98.4
4897,15.5082,,150,86,98.4
4898,15.5115,,150,86,98.2
4899,15.5147,,150,86,98.2
4900,15.518,,150,86,98.2
4901,15.5215,,150,86,98.4
4902,15.5247,,150,86,98.4
4903,15.528,,150,86,98.4
4904,15.5312,,150,86,98.2
4905,15.5345,,149,86,98.2
4906,15.5375,,150,86,98.2
4907,15.5407,,150,86,98.2
4908,15.5438,,150,86,98.2
4909,15.547,,150,86,98.2
4910,15.55,,150,86,98
4911,15.5528,,150,86,98.2
4912,15.5556,,150,86,98.2
4913,15.5585,,150,86,98.2
4914,15.5618,,150,86,98.2
4915,15.5648,,150,86,98.2
4916,15.5679,,149,86,98.2
4917,15.5713,,150,85,98.2
4918,15.5746,,150,85,97.8
4919,15.5778,,149,85,97.6
4920,15.5809,,150,84,97.6
4921,15.584,,149,83,97.4
4922,15.5872,,149,83,97.2
4923,15.5901,,149,82,97.2
4924,15.5933,,149,82,97.4
4925,15.5965,,149,83,97.8
4926,15.5998,,149,84,98
4927,15.603,,149,84,98
4928,15.6061,,149,84,97.8
4929,15.6091,,149,84,97.8
4930,15.6123,,149,84,98
4931,15.6158,,150,84,98
4932,15.6194,,149,84,98
4933,15.6226,,150,84,98
4934,15.626,,150,84,98
4935,15.6293,,150,85,98
4936,15.6327,,150,85,98
4937,15.6359,,150,85,98
4938,15.6392,,150,85,98
4939,15.6424,,149,85,98
4940,15.6456,,149,86,98
4941,15.649,,150,86,98
4942,15.6522,,149,85,98
4943,15.6553,,149,85,98
4944,15.6584,,149,86,98.2
4945,15.6614,,149,86,98
4946,15.6645,,149,85,98
4947,15.6676,,149,86,98
4948,15.6708,,149,86,98.2
4949,15.6739,,149,85,98.2
4950,15.6771,,149,85,98.2
4951,15.6802,,149,85,98.2
4952,15.6832,,149,85,98.2
4953,15.6863,,149,85,98.2
4954,15.6895,,149,86,98.2
4955,15.6928,,148,86,98.2
4956,15.6959,,148,86,98.4
4957,15.6992,,147,86,98.4
4958,15.7026,,147,86,98.6
4959,15.7059,,147,86,98.4
4960,15.7094,,146,86,98.2
4961,15.7127,,146,86,98.2
4962,15.7162,,147,86,98.2
4963,15.7195,,146,86,98.2
4964,15.723,,146,86,98.2
4965,15.7264,,146,86,98.2
4966,15.7296,,146,86,98.2
4967,15.7328,,146,86,98
4968,15.7359,,146,86,98
4969,15.7393,,146,86,98
4970,15.7426,,145,86,97.8
4971,15.7457,,146,86,97.8
4972,15.7488,,145,87,97.6
4973,15.752,,145,87,97.6
4974,15.7552,,145,86,97.6
4975,15.7585,,145,87,97.4
4976,15.7619,,146,87,97.2
4977,15.7651,,146,87,97.2
4978,15.7685,,145,87,97
4979,15.7719,,145,87,97
4980,15.7752,,145,87,97
4981,15.7783,,145,87,97
4982,15.7815,,145,87,97
4983,15.7845,,145,87,97
4984,15.7877,,145,86,97
4985,15.7909,,145,86,97
4986,15.7942,,145,86,97
4987,15.7974,,145,86,97.2
4988,15.8006,,145,86,97.2
4989,15.8039,,145,86,97.2
4990,15.807,,145,86,97.2
4991,15.8101,,145,86,97.2
4992,15.8133,,145,86,97.2
4993,15.8167,,145,86,97.4
4994,15.8198,,146,87,97.6
4995,15.823,,146,88,97.8
4996,15.8263,,147,88,98.2
4997,15.8296,,147,88,98.4
4998,15.8329,,148,88,98.6
4999,15.8361,,148,87,99
5000,15.8394,,149,87,99
5001,15.8425,,149,87,99.2
5002,15.8459,,150,86,99.4
5003,15.849,,150,84,99.6
5004,15.8521,,151,83,99.6
5005,15.8553,,151,83,99.6
5006,15.8584,,151,83,99.6
5007,15.8614,,152,83,99.8
5008,15.8644,,152,83,99.8
5009,15.8673,,152,83,99.8
5010,15.8703,,152,83,99.8
5011,15.8729,,152,84,99.8
5012,15.8756,,152,84,99.8
5013,15.878,,152,84,99.8
5014,15.8805,,152,84,100
5015,15.8829,,152,84,100
5016,15.8851,,152,84,100
5017,15.8874,,152,84,100
5018,15.8896,,152,84,99.8
5019,15.8923,,152,84,100
5020,15.8949,,152,84,99.8
5021,15.8973,,152,84,99.8
5022,15.8998,,152,84,99.8
5023,15.9021,,152,84,99.8
5024,15.9046,,151,84,100
5025,15.907,,151,84,99.8
5026,15.9093,,151,84,100
5027,15.9118,,150,84,100
5028,15.9144,,151,85,100
5029,15.9175,,150,85,100
5030,15.9203,,150,85,100
5031,15.923,,150,85,100
5032,15.9255,,150,85,100.2
5033,15.9276,,150,85,100.2
5034,15.93,,150,84,100
5035,15.9325,,150,84,100
5036,15.9352,,150,84,100
5037,15.9378,,150,84,100
5038,15.9405,,150,84,100
5039,15.9435,,150,85,100.2
5040,15.9464,,150,85,100
5041,15.9495,,150,85,100
5042,15.9524,,149,85,100
5043,15.9554,,149,85,100
5044,15.9584,,149,85,100
5045,15.962,,149,86,100
5046,15.9652,,149,85,100
5047,15.9686,,149,85,100.2
5048,15.9722,,149,85,100.2
5049,15.9755,,149,85,100.2
5050,15.9792,,149,85,100.2
5051,15.9829,,149,85,100.2
5052,15.9864,,148,85,100.2
5053,15.9899,,148,85,100.2
5054,15.9932,,149,85,100.2
5055,15.9966,,148,85,100.2
5056,15.9998,,148,85,100.4
5057,16.0034,,149,85,100.4
5058,16.0069,,148,85,100.4
5059,16.0101,,148,85,100.4
5060,16.0135,,149,85,100.2
5061,16.017,,148,85,100
5062,16.0209,,148,85,100
5063,16.0244,,148,85,100
5064,16.0286,,148,85,100.2
5065,16.0325,,148,84,100.4
5066,16.0367,,148,85,100.4
5067,16.0405,,148,85,100.4
5068,16.0441,,148,85,100.4
5069,16.0476,,147,85,100.4
5070,16.0511,,147,85,100.4
5071,16.0546,,147,85,100.4
5072,16.0576,,147,84,100.4
5073,16.0603,,147,84,100.4
5074,16.063,,147,84,100.2
5075,16.066,,147,84,100.2
5076,16.0692,,147,84,100.4
5077,16.0729,,147,85,100.4
5078,16.0764,,147,85,100.2
5079,16.0796,,147,84,100.2
5080,16.0827,,147,84,100.2
5081,16.0856,,146,84,100.2
5082,16.0891,,147,85,100
5083,16.0923,,146,84,100.2
5084,16.0956,,146,84,100
5085,16.0988,,146,84,100.2
5086,16.1015,,146,83,100.4
5087,16.1039,,146,80,100.2
5088,16.1055,,146,78,100
5089,16.1064,,146,0,100.2
5090,16.107,,145,0,100.4
5091,16.1074,,144,75,99.8
5092,16.1084,,143,75,100
5093,16.1102,,143,83,100.2
5094,16.1122,,144,84,100.2
5095,16.115,,143,83,100.2
5096,16.1176,,144,83,100.4
5097,16.1209,,144,83,100.2
5098,16.1239,,143,84,100.2
5099,16.1269,,143,84,100.2
5100,16.1301,,144,84,100.2
5101,16.133,,143,84,100
5102,16.1362,,144,84,100
5103,16.1395,,143,84,100.2
5104,16.1426,,143,84,100
5105,16.146,,143,84,100
5106,16.1493,,143,84,100
5107,16.1525,,143,84,100
5108,16.1555,,142,84,100.2
5109,16.1581,,142,84,100.2
5110,16.1609,,142,84,100.2
5111,16.164,,141,84,100.2
5112,16.1672,,141,84,100.2
5113,16.1701,,141,84,100.2
5114,16.173,,140,84,100.4
5115,16.176,,141,84,100.2
5116,16.179,,140,84,100.2
5117,16.1822,,141,84,100.2
5118,16.1853,,141,84,100.2
5119,16.1884,,141,84,100.4
5120,16.1916,,141,84,100.4
5121,16.1946,,141,84,100.6
5122,16.1979,,141,84,100.6
5123,16.201,,142,84,100.6
5124,16.204,,142,84,100.6
5125,16.2073,,142,84,100.6
5126,16.2101,,142,84,100.8
5127,16.2134,,142,84,100.8
5128,16.2167,,142,84,100.8
5129,16.2202,,142,84,100.8
5130,16.2233,,143,85,101
5131,16.2263,,143,84,101
5132,16.2297,,143,84,101
5133,16.2324,,143,84,100.8
5134,16.2352,,144,84,100.8
5135,16.2382,,144,84,100.8
5136,16.2411,,144,83,100.8
5137,16.2443,,144,83,101.2
5138,16.2476,,145,83,101
5139,16.2505,,145,84,100.8
5140,16.2536,,145,84,101.2
5141,16.2565,,145,84,101.2
5142,16.2595,,145,83,101.2
5143,16.2625,,145,83,101.4
5144,16.2654,,145,83,101.4
5145,16.2689,,145,83,101.6
5146,16.2727,,145,83,101.6
5147,16.2763,,146,83,101.4
5148,16.2798,,146,82,101.4
5149,16.283,,146,83,101.4
5150,16.2862,,146,84,101.2
5151,16.2897,,146,84,101.2
5152,16.2927,,146,84,101.2
5153,16.2954,,147,84,101.2
5154,16.2981,,147,84,101.2
5155,16.3009,,147,84,101.4
5156,16.3039,,147,84,101.4
5157,16.307,,147,84,101.2
5158,16.3103,,147,84,101.2
5159,16.3133,,147,83,101
5160,16.3163,,147,83,101
5161,16.3192,,146,83,101
5162,16.3221,,146,83,100.8
5163,16.3248,,146,83,101
5164,16.3273,,146,83,101
5165,16.3301,,145,83,101.2
5166,16.3328,,145,83,101.2
5167,16.3354,,145,83,101.2
5168,16.3381,,144,83,101.2
5169,16.3405,,144,83,101.2
5170,16.343,,144,84,101
5171,16.3457,,143,84,101
5172,16.3486,,143,83,101
5173,16.3515,,143,83,101
5174,16.354,,143,83,101
5175,16.3569,,143,83,101
5176,16.3598,,143,83,100.8
5177,16.3628,,143,83,100.8
5178,16.3654,,143,83,100.8
5179,16.3678,,142,83,100.8
5180,16.3704,,142,83,100.8
5181,16.3729,,142,83,100.8
5182,16.3753,,142,83,100.8
5183,16.3779,,141,83,100.8
5184,16.3806,,140,83,100.8
5185,16.3838,,140,83,100.8
5186,16.3871,,139,83,100.6
5187,16.3901,,138,83,100.6
5188,16.3932,,138,83,100.6
5189,16.3957,,138,83,100.6
5190,16.3983,,137,83,100.6
5191,16.4011,,137,83,100.4
5192,16.4044,,137,83,100.6
5193,16.4076,,138,83,100.6
5194,16.4109,,138,83,100.4
