secs,km,power,hr,cad,alt
0,0,,43,,-31.6
1,0,,47,,-28
2,0.0005,,51,,-27.6
3,0.00126,,54,,-26
4,0.00341,,62,,-25.6
5,0.00528,,67,,-24
6,0.0069,,73,,-22.6
7,0.00749,,80,,-21.4
8,0.00749,,80,,-20.4
9,0.00756,,88,,-18
10,0.00965,,91,,-16.4
11,0.01192,,90,,-15.2
12,0.014395,,92,,-13.2
13,0.01687,,94,,-11.2
14,0.0191733,,96,,-9.26667
15,0.0214767,,98,,-7.33333
16,0.02378,,100,,-5.4
17,0.026,,100.625,,-3.225
18,0.02822,,101.25,,-1.05
19,0.03044,,101.875,,1.125
20,0.03266,,102.5,,3.3
21,0.03488,,103.125,,5.475
22,0.0371,,103.75,,7.65
23,0.03932,,104.375,,9.825
24,0.04154,,105,,12
25,0.0442,,110,,13.4
26,0.04724,,111.5,,15.1
27,0.05028,,113,,16.8
28,0.0538467,,112,,17.8
29,0.0574133,,111,,18.8
30,0.06098,,110,,19.8
31,0.064835,,122.5,,20.4
32,0.06869,,135,,21
33,0.07267,,133,,21.6
34,0.076375,,132.833,,22.3333
35,0.08008,,132.667,,23.0667
36,0.083785,,132.5,,23.8
37,0.08749,,132.333,,24.5333
38,0.091195,,132.167,,25.2667
39,0.0949,,132,,26
40,0.0984733,,132,,26.3
41,0.102047,,132,,26.6
42,0.10562,,132,,26.9
43,0.109193,,132,,27.2
44,0.112767,,132,,27.5
45,0.11634,,132,,27.8
46,0.119953,,132,,28.0333
47,0.123567,,132,,28.2667
48,0.12718,,132,,28.5
49,0.130793,,132,,28.7333
50,0.134407,,132,,28.9667
51,0.13802,,132,,29.2
52,0.141625,,132,,29.5333
53,0.14523,,132,,29.8667
54,0.148835,,132,,30.2
55,0.15244,,132,,30.5333
56,0.156045,,132,,30.8667
57,0.15965,,132,,31.2
58,0.1632,,132,,31.6
59,0.16675,,132,,32
60,0.1703,,132,,32.4
61,0.17385,,132,,32.8
62,0.1774,,132,,33.2
63,0.18095,,132,,33.6
64,0.184542,,132,,33.9
65,0.188133,,132,,34.2
66,0.191725,,132,,34.5
67,0.195317,,132,,34.8
68,0.198908,,132,,35.1
69,0.2025,,132,,35.4
70,0.20578,,132,,35.9429
71,0.20906,,132,,36.4857
72,0.21234,,132,,37.0286
73,0.21562,,132,,37.5714
74,0.2189,,132,,38.1143
75,0.22218,,132,,38.6571
76,0.22546,,132,,39.2
77,0.228673,,132,,39.9333
78,0.231887,,132,,40.6667
79,0.2351,,132,,41.4
80,0.239252,,132,,41.32
81,0.243404,,132,,41.24
82,0.247556,,132,,41.16
83,0.251708,,132,,41.08
84,0.25586,,132,,41
85,0.260242,,132,,40.68
86,0.264624,,132,,40.36
87,0.269006,,132,,40.04
88,0.273388,,132,,39.72
89,0.27777,,132,,39.4
90,0.281197,,132,,39.2333
91,0.284623,,132,,39.0667
92,0.28805,,132,,38.9
93,0.291477,,132,,38.7333
94,0.294903,,132,,38.5667
95,0.29833,,132,,38.4
96,0.301377,,132.333,,38
97,0.304423,,132.667,,37.6
98,0.30747,,133,,37.2
99,0.30921,,130,,36.6
100,0.31035,,128,,36.1
101,0.31149,,126,,35.6
102,0.31292,,124.5,,35.2
103,0.31435,,123,,34.8
104,0.31553,,120,,34.4
105,0.31628,,119,,34.4
106,0.31713,,126,,34.4
107,0.318655,,125,,34.35
108,0.32018,,124,,34.3
109,0.321705,,123,,34.25
110,0.32323,,122,,34.2
111,0.3261,,123,,34.1333
112,0.32897,,124,,34.0667
113,0.33184,,125,,34
114,0.335237,,125.5,,34.2
115,0.338635,,126,,34.4
116,0.342033,,126.5,,34.6
117,0.34543,,127,,34.8
118,0.34755,,127.25,,34.45
119,0.34967,,127.5,,34.1
120,0.35179,,127.75,,33.75
121,0.35391,,128,,33.4
122,0.35649,,128,,33
123,0.359967,,129,,33.1333
124,0.363443,,130,,33.2667
125,0.36692,,131,,33.4
126,0.370975,,131.75,,33.75
127,0.37503,,132.5,,34.1
128,0.379085,,133.25,,34.45
129,0.38314,,134,,34.8
130,0.386622,,134.333,,35.0667
131,0.390103,,134.667,,35.3333
132,0.393585,,135,,35.6
133,0.397067,,135.333,,35.8667
134,0.400548,,135.667,,36.1333
135,0.40403,,136,,36.4
136,0.407842,,136.5,,36.6667
137,0.411653,,137,,36.9333
138,0.415465,,137.5,,37.2
139,0.419277,,138,,37.4667
140,0.423088,,138.5,,37.7333
141,0.4269,,139,,38
142,0.430753,,139.167,,38.1
143,0.434607,,139.333,,38.2
144,0.43846,,139.5,,38.3
145,0.442313,,139.667,,38.4
146,0.446167,,139.833,,38.5
147,0.45002,,140,,38.6
148,0.454122,,140.2,,38.72
149,0.458224,,140.4,,38.84
150,0.462326,,140.6,,38.96
151,0.466428,,140.8,,39.08
152,0.47053,,141,,39.2
153,0.474117,,141.167,,39.6
154,0.477703,,141.333,,40
155,0.48129,,141.5,,40.4
156,0.484877,,141.667,,40.8
157,0.488463,,141.833,,41.2
158,0.49205,,142,,41.6
159,0.495262,,141.8,,41.52
160,0.498474,,141.6,,41.44
161,0.501686,,141.4,,41.36
162,0.504898,,141.2,,41.28
163,0.50811,,141,,41.2
164,0.512594,,141,,40.68
165,0.517078,,141,,40.16
166,0.521562,,141,,39.64
167,0.526046,,141,,39.12
168,0.53053,,141,,38.6
169,0.534668,,140.8,,38.68
170,0.538806,,140.6,,38.76
171,0.542944,,140.4,,38.84
172,0.547082,,140.2,,38.92
173,0.55122,,140,,39
174,0.55484,,140.333,,38.9333
175,0.55846,,140.667,,38.8667
176,0.56208,,141,,38.8
177,0.5657,,141.333,,38.7333
178,0.56932,,141.667,,38.6667
179,0.57294,,142,,38.6
180,0.57689,,142,,38.5
181,0.58084,,142,,38.4
182,0.58479,,142,,38.3
183,0.58874,,142,,38.2
184,0.59269,,142,,38.1
185,0.59664,,142,,38
186,0.60049,,142.167,,38.3667
187,0.60434,,142.333,,38.7333
188,0.60819,,142.5,,39.1
189,0.61204,,142.667,,39.4667
190,0.61589,,142.833,,39.8333
191,0.61974,,143,,40.2
192,0.62341,,142.667,,40.4667
193,0.62708,,142.333,,40.7333
194,0.63075,,142,,41
195,0.63442,,141.667,,41.2667
196,0.63809,,141.333,,41.5333
197,0.64176,,141,,41.8
198,0.645635,,141.167,,41.7
199,0.64951,,141.333,,41.6
200,0.653385,,141.5,,41.5
201,0.65726,,141.667,,41.4
202,0.661135,,141.833,,41.3
203,0.66501,,142,,41.2
204,0.668838,,141.667,,41.0333
205,0.672667,,141.333,,40.8667
206,0.676495,,141,,40.7
207,0.680323,,140.667,,40.5333
208,0.684152,,140.333,,40.3667
209,0.68798,,140,,40.2
210,0.691522,,140,,40.3667
211,0.695063,,140,,40.5333
212,0.698605,,140,,40.7
213,0.702147,,140,,40.8667
214,0.705688,,140,,41.0333
215,0.70923,,140,,41.2
216,0.712985,,139.833,,41.4
217,0.71674,,139.667,,41.6
218,0.720495,,139.5,,41.8
219,0.72425,,139.333,,42
220,0.728005,,139.167,,42.2
221,0.73176,,139,,42.4
222,0.735518,,138.4,,42.24
223,0.739276,,137.8,,42.08
224,0.743034,,137.2,,41.92
225,0.746792,,136.6,,41.76
226,0.75055,,136,,41.6
227,0.753915,,136.167,,41.2333
228,0.75728,,136.333,,40.8667
229,0.760645,,136.5,,40.5
230,0.76401,,136.667,,40.1333
231,0.767375,,136.833,,39.7667
232,0.77074,,137,,39.4
233,0.774615,,137.333,,39.6667
234,0.77849,,137.667,,39.9333
235,0.782365,,138,,40.2
236,0.78624,,138.333,,40.4667
237,0.790115,,138.667,,40.7333
238,0.79399,,139,,41
239,0.797628,,138.667,,41.3667
240,0.801267,,138.333,,41.7333
241,0.804905,,138,,42.1
242,0.808543,,137.667,,42.4667
243,0.812182,,137.333,,42.8333
244,0.81582,,137,,43.2
245,0.819513,,137,,43.7667
246,0.823207,,137,,44.3333
247,0.8269,,137,,44.9
248,0.830593,,137,,45.4667
249,0.834287,,137,,46.0333
250,0.83798,,137,,46.6
251,0.841977,,137,,46.8667
252,0.845973,,137,,47.1333
253,0.84997,,137,,47.4
254,0.853967,,137,,47.6667
255,0.857963,,137,,47.9333
256,0.86196,,137,,48.2
257,0.86547,,137.167,,48.6667
258,0.86898,,137.333,,49.1333
259,0.87249,,137.5,,49.6
260,0.876,,137.667,,50.0667
261,0.87951,,137.833,,50.5333
262,0.88302,,138,,51
263,0.886882,,138.167,,51.0333
264,0.890743,,138.333,,51.0667
265,0.894605,,138.5,,51.1
266,0.898467,,138.667,,51.1333
267,0.902328,,138.833,,51.1667
268,0.90619,,139,,51.2
269,0.910282,,138.8,,51.08
270,0.914374,,138.6,,50.96
271,0.918466,,138.4,,50.84
272,0.922558,,138.2,,50.72
273,0.92665,,138,,50.6
274,0.930637,,138.167,,50.5333
275,0.934623,,138.333,,50.4667
276,0.93861,,138.5,,50.4
277,0.942597,,138.667,,50.3333
278,0.946583,,138.833,,50.2667
279,0.95057,,139,,50.2
280,0.954498,,139,,50.1333
281,0.958427,,139,,50.0667
282,0.962355,,139,,50
283,0.966283,,139,,49.9333
284,0.970212,,139,,49.8667
285,0.97414,,139,,49.8
286,0.977828,,138.833,,49.6667
287,0.981517,,138.667,,49.5333
288,0.985205,,138.5,,49.4
289,0.988893,,138.333,,49.2667
290,0.992582,,138.167,,49.1333
291,0.99627,,138,,49
292,0.999963,,138.333,,48.7333
293,1.00366,,138.667,,48.4667
294,1.00735,,139,,48.2
295,1.01104,,139.333,,47.9333
296,1.01474,,139.667,,47.6667
297,1.01843,,140,,47.4
298,1.02228,,139.833,,47.0667
299,1.02614,,139.667,,46.7333
300,1.02999,,139.5,,46.4
301,1.03385,,139.333,,46.0667
302,1.03771,,139.167,,45.7333
303,1.04156,,139,,45.4
304,1.0459,,139.4,,45.16
305,1.05024,,139.8,,44.92
306,1.05458,,140.2,,44.68
307,1.05892,,140.6,,44.44
308,1.06326,,141,,44.2
309,1.0676,,140.6,,44.52
310,1.07194,,140.2,,44.84
311,1.07627,,139.8,,45.16
312,1.08061,,139.4,,45.48
313,1.08495,,139,,45.8
314,1.0893,,139.4,,46.24
315,1.09366,,139.8,,46.68
316,1.09801,,140.2,,47.12
317,1.10237,,140.6,,47.56
318,1.10672,,141,,48
319,1.11133,,140.8,,48.24
320,1.11594,,140.6,,48.48
321,1.12055,,140.4,,48.72
322,1.12516,,140.2,,48.96
323,1.12977,,140,,49.2
324,1.13422,,140.2,,48.88
325,1.13867,,140.4,,48.56
326,1.14312,,140.6,,48.24
327,1.14757,,140.8,,47.92
328,1.15202,,141,,47.6
329,1.15605,,140.6,,47.64
330,1.16009,,140.2,,47.68
331,1.16412,,139.8,,47.72
332,1.16816,,139.4,,47.76
333,1.17219,,139,,47.8
334,1.17599,,139.333,,47.7
335,1.17979,,139.667,,47.6
336,1.18359,,140,,47.5
337,1.18738,,140.333,,47.4
338,1.19118,,140.667,,47.3
339,1.19498,,141,,47.2
340,1.19891,,140.833,,46.9667
341,1.20284,,140.667,,46.7333
342,1.20677,,140.5,,46.5
343,1.21069,,140.333,,46.2667
344,1.21462,,140.167,,46.0333
345,1.21855,,140,,45.8
346,1.22256,,140.2,,45.28
347,1.22656,,140.4,,44.76
348,1.23057,,140.6,,44.24
349,1.23457,,140.8,,43.72
350,1.23858,,141,,43.2
351,1.24268,,141.2,,43.2
352,1.24677,,141.4,,43.2
353,1.25087,,141.6,,43.2
354,1.25496,,141.8,,43.2
355,1.25906,,142,,43.2
356,1.26155,,142.333,,42.7333
357,1.26405,,142.667,,42.2667
358,1.26654,,143,,41.8
359,1.26724,,141.5,,41.1
360,1.26793,,140,,40.4
361,1.27142,,139.833,,40.3
362,1.27491,,139.667,,40.2
363,1.27841,,139.5,,40.1
364,1.2819,,139.333,,40
365,1.28539,,139.167,,39.9
366,1.28888,,139,,39.8
367,1.29281,,139.333,,39.7667
368,1.29675,,139.667,,39.7333
369,1.30068,,140,,39.7
370,1.30461,,140.333,,39.6667
371,1.30855,,140.667,,39.6333
372,1.31248,,141,,39.6
373,1.31636,,141,,39.4667
374,1.32024,,141,,39.3333
375,1.32412,,141,,39.2
376,1.32801,,141,,39.0667
377,1.33189,,141,,38.9333
378,1.33577,,141,,38.8
379,1.33925,,140.8,,38.2
380,1.34273,,140.6,,37.6
381,1.34621,,140.4,,37
382,1.34969,,140.2,,36.4
383,1.35317,,140,,35.8
384,1.35512,,139.5,,35.3
385,1.35707,,139,,34.8
386,1.35902,,138.5,,34.3
387,1.36097,,138,,33.8
388,1.36292,,137.5,,33.3
389,1.36487,,137,,32.8
390,1.36562,,135.5,,32.4
391,1.36638,,134,,32
392,1.3665,,132,,31.7
393,1.36663,,130,,31.4
394,1.36709,,129.4,,31.2
395,1.36755,,128.8,,31
396,1.36802,,128.2,,30.8
397,1.36848,,127.6,,30.6
398,1.36894,,127,,30.4
399,1.36948,,126,,30.2
400,1.37001,,125,,30
401,1.37055,,124,,29.8
402,1.37108,,122.5,,29.6
403,1.3716,,121,,29.4
404,1.37188,,120,,29.2667
405,1.37217,,119,,29.1333
406,1.37245,,118,,29
407,1.37288,,116.667,,28.8
408,1.37331,,115.333,,28.6
409,1.37374,,114,,28.4
410,1.37389,,111,,28
411,1.37428,,110.5,,27.9667
412,1.37468,,110,,27.9333
413,1.37508,,109.5,,27.9
414,1.37547,,109,,27.8667
415,1.37587,,108.5,,27.8333
416,1.37626,,108,,27.8
417,1.37637,,106.5,,27.8
418,1.37648,,105,,27.8
419,1.37674,,104,,27.7333
420,1.37701,,103,,27.6667
421,1.37727,,102,,27.6
422,1.37746,,101.5,,27.6
423,1.37766,,101,,27.6
424,1.37785,,100.5,,27.6
425,1.37804,,100,,27.6
426,1.37823,,99.5,,27.6
427,1.37843,,99,,27.6
428,1.37862,,98.5,,27.6
429,1.37881,,98,,27.6
430,1.37911,,97,,27.5333
431,1.37941,,96,,27.4667
432,1.37971,,95,,27.4
433,1.37984,,97,,27.4
434,1.37997,,99,,27.4
435,1.38026,,99,,27.4
976,1.38026,,81,,38.6
977,1.38264,,83,,37
978,1.3848,,86,,35.9
979,1.38696,,89,,34.8
980,1.39019,,91,,34
981,1.39341,,93,,33.2
982,1.39687,,96,,32.6
983,1.39996,,98,,32
984,1.40304,,100,,31.4
985,1.40587,,101.5,,31
986,1.40871,,103,,30.6
987,1.41221,,103.75,,30.35
988,1.41572,,104.5,,30.1
989,1.41922,,105.25,,29.85
990,1.42273,,106,,29.6
991,1.42553,,106.75,,29.55
992,1.42833,,107.5,,29.5
993,1.43112,,108.25,,29.45
994,1.43392,,109,,29.4
995,1.43601,,110,,29.5333
996,1.43809,,111,,29.6667
997,1.44018,,112,,29.8
998,1.44359,,112.143,,30.1714
999,1.44701,,112.286,,30.5429
1000,1.45042,,112.429,,30.9143
1001,1.45383,,112.571,,31.2857
1002,1.45724,,112.714,,31.6571
1003,1.46066,,112.857,,32.0286
1004,1.46407,,113,,32.4
1005,1.46685,,113,,32.625
1006,1.46962,,113,,32.85
1007,1.4724,,113,,33.075
1008,1.47517,,113,,33.3
1009,1.47795,,113,,33.525
1010,1.48073,,113,,33.75
1011,1.4835,,113,,33.975
1012,1.48628,,113,,34.2
1013,1.48862,,112.9,,34.3
1014,1.49096,,112.8,,34.4
1015,1.49331,,112.7,,34.5
1016,1.49565,,112.6,,34.6
1017,1.49799,,112.5,,34.7
1018,1.50033,,112.4,,34.8
1019,1.50267,,112.3,,34.9
1020,1.50502,,112.2,,35
1021,1.50736,,112.1,,35.1
1022,1.5097,,112,,35.2
1023,1.51047,,110.5,,35.3
1024,1.51124,,109,,35.4
1025,1.51179,,108.25,,35.3
1026,1.51233,,107.5,,35.2
1027,1.51288,,106.75,,35.1
1028,1.51343,,106,,35
1029,1.51449,,105.8,,35
1030,1.51556,,105.6,,35
1031,1.51662,,105.4,,35
1032,1.51769,,105.2,,35
1033,1.51875,,105,,35
1034,1.52125,,105.333,,35.0333
1035,1.52375,,105.667,,35.0667
1036,1.52625,,106,,35.1
1037,1.52875,,106.333,,35.1333
1038,1.53125,,106.667,,35.1667
1039,1.53375,,107,,35.2
1040,1.53609,,109,,35.6
1041,1.53921,,109.125,,35.975
1042,1.54234,,109.25,,36.35
1043,1.54546,,109.375,,36.725
1044,1.54858,,109.5,,37.1
1045,1.55171,,109.625,,37.475
1046,1.55483,,109.75,,37.85
1047,1.55796,,109.875,,38.225
1048,1.56108,,110,,38.6
1049,1.56326,,109.625,,39
1050,1.56544,,109.25,,39.4
1051,1.56762,,108.875,,39.8
1052,1.5698,,108.5,,40.2
1053,1.57199,,108.125,,40.6
1054,1.57417,,107.75,,41
1055,1.57635,,107.375,,41.4
1056,1.57853,,107,,41.8
1057,1.58068,,107,,42.2
1058,1.58282,,107,,42.6
1059,1.58497,,107,,43
1060,1.58711,,107,,43.4
1061,1.58926,,107,,43.8
1062,1.59141,,107,,44.2
1063,1.59355,,107,,44.6
1064,1.5957,,107,,45
1065,1.59784,,107,,45.4
1066,1.59999,,107,,45.8
1067,1.60262,,107.2,,46.08
1068,1.60525,,107.4,,46.36
1069,1.60788,,107.6,,46.64
1070,1.61051,,107.8,,46.92
1071,1.61314,,108,,47.2
1072,1.6154,,108,,47.4444
1073,1.61765,,108,,47.6889
1074,1.61991,,108,,47.9333
1075,1.62217,,108,,48.1778
1076,1.62442,,108,,48.4222
1077,1.62668,,108,,48.6667
1078,1.62894,,108,,48.9111
1079,1.63119,,108,,49.1556
1080,1.63345,,108,,49.4
1081,1.63615,,107.875,,49.675
1082,1.63885,,107.75,,49.95
1083,1.64155,,107.625,,50.225
1084,1.64426,,107.5,,50.5
1085,1.64696,,107.375,,50.775
1086,1.64966,,107.25,,51.05
1087,1.65236,,107.125,,51.325
1088,1.65506,,107,,51.6
1089,1.65765,,108,,51.8667
1090,1.66023,,109,,52.1333
1091,1.66282,,110,,52.4
1092,1.66595,,109.667,,52.0667
1093,1.66909,,109.333,,51.7333
1094,1.67222,,109,,51.4
1095,1.6745,,109.2,,51.32
1096,1.67677,,109.4,,51.24
1097,1.67905,,109.6,,51.16
1098,1.68132,,109.8,,51.08
1099,1.6836,,110,,51
1100,1.68587,,110.2,,50.92
1101,1.68815,,110.4,,50.84
1102,1.69042,,110.6,,50.76
1103,1.6927,,110.8,,50.68
1104,1.69497,,111,,50.6
1105,1.69869,,111,,50.8333
1106,1.7024,,111,,51.0667
1107,1.70612,,111,,51.3
1108,1.70983,,111,,51.5333
1109,1.71355,,111,,51.7667
1110,1.71726,,111,,52
1111,1.71988,,110.571,,52.3714
1112,1.7225,,110.143,,52.7429
1113,1.72512,,109.714,,53.1143
1114,1.72774,,109.286,,53.4857
1115,1.73036,,108.857,,53.8571
1116,1.73298,,108.429,,54.2286
1117,1.7356,,108,,54.6
1118,1.73846,,108.167,,54.4667
1119,1.74133,,108.333,,54.3333
1120,1.7442,,108.5,,54.2
1121,1.74706,,108.667,,54.0667
1122,1.74992,,108.833,,53.9333
1123,1.75279,,109,,53.8
1124,1.75498,,109.5,,53.9
1125,1.75717,,110,,54
1126,1.75936,,110.5,,54.1
1127,1.76155,,111,,54.2
1128,1.76374,,111.5,,54.3
1129,1.76593,,112,,54.4
1130,1.76867,,112,,54.325
1131,1.77141,,112,,54.25
1132,1.77415,,112,,54.175
1133,1.77689,,112,,54.1
1134,1.77964,,112,,54.025
1135,1.78238,,112,,53.95
1136,1.78512,,112,,53.875
1137,1.78786,,112,,53.8
1138,1.79133,,113,,53.85
1139,1.7948,,114,,53.9
1140,1.79828,,115,,53.95
1141,1.80175,,116,,54
1142,1.80573,,116.167,,53.5667
1143,1.80971,,116.333,,53.1333
1144,1.81368,,116.5,,52.7
1145,1.81766,,116.667,,52.2667
1146,1.82164,,116.833,,51.8333
1147,1.82562,,117,,51.4
1148,1.82841,,116.667,,51.2
1149,1.8312,,116.333,,51
1150,1.83399,,116,,50.8
1151,1.83678,,115.667,,50.6
1152,1.83957,,115.333,,50.4
1153,1.84236,,115,,50.2
1154,1.84515,,114.667,,50
1155,1.84794,,114.333,,49.8
1156,1.85073,,114,,49.6
1157,1.85317,,113.889,,49.3111
1158,1.85561,,113.778,,49.0222
1159,1.85805,,113.667,,48.7333
1160,1.86049,,113.556,,48.4444
1161,1.86294,,113.444,,48.1556
1162,1.86538,,113.333,,47.8667
1163,1.86782,,113.222,,47.5778
1164,1.87026,,113.111,,47.2889
1165,1.8727,,113,,47
1166,1.87556,,112.875,,46.95
1167,1.87843,,112.75,,46.9
1168,1.88129,,112.625,,46.85
1169,1.88416,,112.5,,46.8
1170,1.88702,,112.375,,46.75
1171,1.88988,,112.25,,46.7
1172,1.89275,,112.125,,46.65
1173,1.89561,,112,,46.6
1174,1.89841,,111.875,,46.6
1175,1.90121,,111.75,,46.6
1176,1.904,,111.625,,46.6
1177,1.9068,,111.5,,46.6
1178,1.9096,,111.375,,46.6
1179,1.9124,,111.25,,46.6
1180,1.91519,,111.125,,46.6
1181,1.91799,,111,,46.6
1182,1.92072,,111.25,,46.65
1183,1.92345,,111.5,,46.7
1184,1.92618,,111.75,,46.75
1185,1.92891,,112,,46.8
1186,1.93164,,112.25,,46.85
1187,1.93437,,112.5,,46.9
1188,1.9371,,112.75,,46.95
1189,1.93983,,113,,47
1190,1.94245,,112.625,,47.125
1191,1.94506,,112.25,,47.25
1192,1.94768,,111.875,,47.375
1193,1.95029,,111.5,,47.5
1194,1.95291,,111.125,,47.625
1195,1.95553,,110.75,,47.75
1196,1.95814,,110.375,,47.875
1197,1.96076,,110,,48
1198,1.96375,,110.286,,47.9714
1199,1.96673,,110.571,,47.9429
1200,1.96972,,110.857,,47.9143
1201,1.97271,,111.143,,47.8857
1202,1.9757,,111.429,,47.8571
1203,1.97868,,111.714,,47.8286
1204,1.98167,,112,,47.8
1205,1.98437,,111.25,,47.85
1206,1.98707,,110.5,,47.9
1207,1.98976,,109.75,,47.95
1208,1.99246,,109,,48
1209,1.99471,,109.111,,47.9333
1210,1.99696,,109.222,,47.8667
1211,1.99922,,109.333,,47.8
1212,2.00147,,109.444,,47.7333
1213,2.00372,,109.556,,47.6667
1214,2.00597,,109.667,,47.6
1215,2.00823,,109.778,,47.5333
1216,2.01048,,109.889,,47.4667
1217,2.01273,,110,,47.4
1218,2.01569,,110,,47.6
1219,2.01865,,110,,47.8
1220,2.02161,,110,,48
1221,2.02457,,110,,48.2
1222,2.02753,,110,,48.4
1223,2.03049,,110,,48.6
1224,2.03345,,110,,48.8
1225,2.03607,,110,,48.75
1226,2.03868,,110,,48.7
1227,2.0413,,110,,48.65
1228,2.04392,,110,,48.6
1229,2.04653,,110,,48.55
1230,2.04915,,110,,48.5
1231,2.05176,,110,,48.45
1232,2.05438,,110,,48.4
1233,2.05641,,109.5,,48.2333
1234,2.05843,,109,,48.0667
1235,2.06046,,108.5,,47.9
1236,2.06249,,108,,47.7333
1237,2.06451,,107.5,,47.5667
1238,2.06654,,107,,47.4
1239,2.06931,,107.6,,47.64
1240,2.07208,,108.2,,47.88
1241,2.07484,,108.8,,48.12
1242,2.07761,,109.4,,48.36
1243,2.08038,,110,,48.6
1244,2.08321,,110.6,,48.6
1245,2.08603,,111.2,,48.6
1246,2.08886,,111.8,,48.6
1247,2.09168,,112.4,,48.6
1248,2.09451,,113,,48.6
1249,2.0977,,113.125,,48.45
1250,2.10088,,113.25,,48.3
1251,2.10407,,113.375,,48.15
1252,2.10725,,113.5,,48
1253,2.11044,,113.625,,47.85
1254,2.11363,,113.75,,47.7
1255,2.11681,,113.875,,47.55
1256,2.12,,114,,47.4
1257,2.12239,,114.222,,47.3556
1258,2.12479,,114.444,,47.3111
1259,2.12718,,114.667,,47.2667
1260,2.12957,,114.889,,47.2222
1261,2.13197,,115.111,,47.1778
1262,2.13436,,115.333,,47.1333
1263,2.13675,,115.556,,47.0889
1264,2.13915,,115.778,,47.0444
1265,2.14154,,116,,47
1266,2.14464,,115.75,,46.775
1267,2.14775,,115.5,,46.55
1268,2.15085,,115.25,,46.325
1269,2.15395,,115,,46.1
1270,2.15705,,114.75,,45.875
1271,2.16016,,114.5,,45.65
1272,2.16326,,114.25,,45.425
1273,2.16636,,114,,45.2
1274,2.16789,,115.5,,45.1
1275,2.16942,,117,,45
1276,2.17231,,117.6,,44.84
1277,2.17521,,118.2,,44.68
1278,2.1781,,118.8,,44.52
1279,2.181,,119.4,,44.36
1280,2.18389,,120,,44.2
1281,2.18699,,119.625,,44.25
1282,2.19009,,119.25,,44.3
1283,2.19319,,118.875,,44.35
1284,2.1963,,118.5,,44.4
1285,2.1994,,118.125,,44.45
1286,2.2025,,117.75,,44.5
1287,2.2056,,117.375,,44.55
1288,2.2087,,117,,44.6
1289,2.20989,,115.5,,44.4
1290,2.21108,,114,,44.2
1291,2.21395,,114,,44.0857
1292,2.21682,,114,,43.9714
1293,2.21969,,114,,43.8571
1294,2.22256,,114,,43.7429
1295,2.22543,,114,,43.6286
1296,2.2283,,114,,43.5143
1297,2.23117,,114,,43.4
1298,2.23434,,114.667,,42.9667
1299,2.23751,,115.333,,42.5333
1300,2.24067,,116,,42.1
1301,2.24384,,116.667,,41.6667
1302,2.24701,,117.333,,41.2333
1303,2.25018,,118,,40.8
1304,2.2526,,118.222,,40.6667
1305,2.25501,,118.444,,40.5333
1306,2.25743,,118.667,,40.4
1307,2.25984,,118.889,,40.2667
1308,2.26226,,119.111,,40.1333
1309,2.26467,,119.333,,40
1310,2.26709,,119.556,,39.8667
1311,2.2695,,119.778,,39.7333
1312,2.27192,,120,,39.6
1313,2.27438,,119.625,,39.35
1314,2.27683,,119.25,,39.1
1315,2.27929,,118.875,,38.85
1316,2.28174,,118.5,,38.6
1317,2.28419,,118.125,,38.35
1318,2.28665,,117.75,,38.1
1319,2.28911,,117.375,,37.85
1320,2.29156,,117,,37.6
1321,2.29455,,117.286,,37.3714
1322,2.29755,,117.571,,37.1429
1323,2.30054,,117.857,,36.9143
1324,2.30353,,118.143,,36.6857
1325,2.30652,,118.429,,36.4571
1326,2.30952,,118.714,,36.2286
1327,2.31251,,119,,36
1328,2.31521,,118.25,,36
1329,2.31791,,117.5,,36
1330,2.32061,,116.75,,36
1331,2.32331,,116,,36
1332,2.32566,,116.222,,35.8889
1333,2.32802,,116.444,,35.7778
1334,2.33037,,116.667,,35.6667
1335,2.33272,,116.889,,35.5556
1336,2.33508,,117.111,,35.4444
1337,2.33743,,117.333,,35.3333
1338,2.33978,,117.556,,35.2222
1339,2.34214,,117.778,,35.1111
1340,2.34449,,118,,35
1341,2.34754,,117.857,,35.3429
1342,2.3506,,117.714,,35.6857
1343,2.35365,,117.571,,36.0286
1344,2.3567,,117.429,,36.3714
1345,2.35975,,117.286,,36.7143
1346,2.36281,,117.143,,37.0571
1347,2.36586,,117,,37.4
1348,2.36823,,117.429,,38.0857
1349,2.37059,,117.857,,38.7714
1350,2.37296,,118.286,,39.4571
1351,2.37532,,118.714,,40.1429
1352,2.37769,,119.143,,40.8286
1353,2.38005,,119.571,,41.5143
1354,2.38242,,120,,42.2
1355,2.38535,,120.143,,42.4
1356,2.38827,,120.286,,42.6
1357,2.3912,,120.429,,42.8
1358,2.39413,,120.571,,43
1359,2.39706,,120.714,,43.2
1360,2.39998,,120.857,,43.4
1361,2.40291,,121,,43.6
1362,2.40572,,120.875,,43.85
1363,2.40853,,120.75,,44.1
1364,2.41134,,120.625,,44.35
1365,2.41416,,120.5,,44.6
1366,2.41697,,120.375,,44.85
1367,2.41978,,120.25,,45.1
1368,2.42259,,120.125,,45.35
1369,2.4254,,120,,45.6
1370,2.42824,,119.875,,45.925
1371,2.43108,,119.75,,46.25
1372,2.43392,,119.625,,46.575
1373,2.43676,,119.5,,46.9
1374,2.4396,,119.375,,47.225
1375,2.44244,,119.25,,47.55
1376,2.44528,,119.125,,47.875
1377,2.44812,,119,,48.2
1378,2.45114,,119.143,,48.1143
1379,2.45416,,119.286,,48.0286
1380,2.45718,,119.429,,47.9429
1381,2.4602,,119.571,,47.8571
1382,2.46322,,119.714,,47.7714
1383,2.46624,,119.857,,47.6857
1384,2.46926,,120,,47.6
1385,2.47227,,120,,47.6857
1386,2.47527,,120,,47.7714
1387,2.47828,,120,,47.8571
1388,2.48129,,120,,47.9429
1389,2.4843,,120,,48.0286
1390,2.4873,,120,,48.1143
1391,2.49031,,120,,48.2
1392,2.4934,,120.286,,48.5714
1393,2.49649,,120.571,,48.9429
1394,2.49958,,120.857,,49.3143
1395,2.50268,,121.143,,49.6857
1396,2.50577,,121.429,,50.0571
1397,2.50886,,121.714,,50.4286
1398,2.51195,,122,,50.8
1399,2.51469,,122.25,,51.025
1400,2.51743,,122.5,,51.25
1401,2.52016,,122.75,,51.475
1402,2.5229,,123,,51.7
1403,2.52564,,123.25,,51.925
1404,2.52838,,123.5,,52.15
1405,2.53111,,123.75,,52.375
1406,2.53385,,124,,52.6
1407,2.53689,,123.857,,53.0286
1408,2.53992,,123.714,,53.4571
1409,2.54296,,123.571,,53.8857
1410,2.546,,123.429,,54.3143
1411,2.54904,,123.286,,54.7429
1412,2.55207,,123.143,,55.1714
1413,2.55511,,123,,55.6
1414,2.55828,,123.286,,55.4
1415,2.56145,,123.571,,55.2
1416,2.56462,,123.857,,55
1417,2.56778,,124.143,,54.8
1418,2.57095,,124.429,,54.6
1419,2.57412,,124.714,,54.4
1420,2.57729,,125,,54.2
1421,2.58028,,125.6,,53.72
1422,2.58327,,126.2,,53.24
1423,2.58625,,126.8,,52.76
1424,2.58924,,127.4,,52.28
1425,2.59223,,128,,51.8
1426,2.59562,,127.857,,51.5429
1427,2.59902,,127.714,,51.2857
1428,2.60241,,127.571,,51.0286
1429,2.6058,,127.429,,50.7714
1430,2.60919,,127.286,,50.5143
1431,2.61259,,127.143,,50.2571
1432,2.61598,,127,,50
1433,2.61977,,127,,49.7333
1434,2.62355,,127,,49.4667
1435,2.62734,,127,,49.2
1436,2.63112,,127,,48.9333
1437,2.63491,,127,,48.6667
1438,2.63869,,127,,48.4
1439,2.64224,,126.833,,48.1
1440,2.64578,,126.667,,47.8
1441,2.64933,,126.5,,47.5
1442,2.65287,,126.333,,47.2
1443,2.65642,,126.167,,46.9
1444,2.65996,,126,,46.6
1445,2.66324,,125.857,,46.3714
1446,2.66651,,125.714,,46.1429
1447,2.66979,,125.571,,45.9143
1448,2.67307,,125.429,,45.6857
1449,2.67635,,125.286,,45.4571
1450,2.67962,,125.143,,45.2286
1451,2.6829,,125,,45
1452,2.68633,,125.167,,44.4667
1453,2.68976,,125.333,,43.9333
1454,2.69319,,125.5,,43.4
1455,2.69661,,125.667,,42.8667
1456,2.70004,,125.833,,42.3333
1457,2.70347,,126,,41.8
1458,2.70682,,126.143,,41.4857
1459,2.71016,,126.286,,41.1714
1460,2.71351,,126.429,,40.8571
1461,2.71685,,126.571,,40.5429
1462,2.7202,,126.714,,40.2286
1463,2.72354,,126.857,,39.9143
1464,2.72689,,127,,39.6
1465,2.73005,,126.25,,39.4
1466,2.7332,,125.5,,39.2
1467,2.73636,,124.75,,39
1468,2.73951,,124,,38.8
1469,2.74282,,123.25,,38.4
1470,2.74612,,122.5,,38
1471,2.74943,,121.75,,37.6
1472,2.75273,,121,,37.2
1473,2.75597,,121.6,,37.16
1474,2.75921,,122.2,,37.12
1475,2.76246,,122.8,,37.08
1476,2.7657,,123.4,,37.04
1477,2.76894,,124,,37
1478,2.77202,,124.5,,36.9667
1479,2.77509,,125,,36.9333
1480,2.77817,,125.5,,36.9
1481,2.78125,,126,,36.8667
1482,2.78432,,126.5,,36.8333
1483,2.7874,,127,,36.8
1484,2.79041,,127,,36.4857
1485,2.79341,,127,,36.1714
1486,2.79642,,127,,35.8571
1487,2.79943,,127,,35.5429
1488,2.80244,,127,,35.2286
1489,2.80544,,127,,34.9143
1490,2.80845,,127,,34.6
1491,2.81153,,126.571,,34.3714
1492,2.81462,,126.143,,34.1429
1493,2.8177,,125.714,,33.9143
1494,2.82079,,125.286,,33.6857
1495,2.82387,,124.857,,33.4571
1496,2.82696,,124.429,,33.2286
1497,2.83004,,124,,33
1498,2.83309,,123.857,,32.9429
1499,2.83613,,123.714,,32.8857
1500,2.83918,,123.571,,32.8286
1501,2.84223,,123.429,,32.7714
1502,2.84528,,123.286,,32.7143
1503,2.84832,,123.143,,32.6571
1504,2.85137,,123,,32.6
1505,2.85461,,123.429,,32.6571
1506,2.85785,,123.857,,32.7143
1507,2.86109,,124.286,,32.7714
1508,2.86432,,124.714,,32.8286
1509,2.86756,,125.143,,32.8857
1510,2.8708,,125.571,,32.9429
1511,2.87404,,126,,33
1512,2.8772,,126.286,,33.0286
1513,2.88036,,126.571,,33.0571
1514,2.88352,,126.857,,33.0857
1515,2.88669,,127.143,,33.1143
1516,2.88985,,127.429,,33.1429
1517,2.89301,,127.714,,33.1714
1518,2.89617,,128,,33.2
1519,2.89891,,127.857,,33.0571
1520,2.90165,,127.714,,32.9143
1521,2.90439,,127.571,,32.7714
1522,2.90712,,127.429,,32.6286
1523,2.90986,,127.286,,32.4857
1524,2.9126,,127.143,,32.3429
1525,2.91534,,127,,32.2
1526,2.9174,,126,,32.4667
1527,2.91945,,125,,32.7333
1528,2.92151,,124,,33
1529,2.92519,,123.5,,33.15
1530,2.92888,,123,,33.3
1531,2.93257,,122.5,,33.45
1532,2.93625,,122,,33.6
1533,2.93923,,122,,33.5429
1534,2.94221,,122,,33.4857
1535,2.94519,,122,,33.4286
1536,2.94818,,122,,33.3714
1537,2.95116,,122,,33.3143
1538,2.95414,,122,,33.2571
1539,2.95712,,122,,33.2
1540,2.96025,,121.857,,33.1429
1541,2.96339,,121.714,,33.0857
1542,2.96652,,121.571,,33.0286
1543,2.96966,,121.429,,32.9714
1544,2.97279,,121.286,,32.9143
1545,2.97593,,121.143,,32.8571
1546,2.97906,,121,,32.8
1547,2.9822,,121,,32.8
1548,2.98533,,121,,32.8
1549,2.98847,,121,,32.8
1550,2.9916,,121,,32.8
1551,2.99474,,121,,32.8
1552,2.99787,,121,,32.8
1553,3.00101,,121,,32.8
1554,3.00424,,121.75,,32.65
1555,3.00746,,122.5,,32.5
1556,3.01069,,123.25,,32.35
1557,3.01391,,124,,32.2
1558,3.01718,,124,,32.1714
1559,3.02044,,124,,32.1429
1560,3.02371,,124,,32.1143
1561,3.02697,,124,,32.0857
1562,3.03024,,124,,32.0571
1563,3.0335,,124,,32.0286
1564,3.03677,,124,,32
1565,3.04013,,124.333,,32.0333
1566,3.04348,,124.667,,32.0667
1567,3.04684,,125,,32.1
1568,3.0502,,125.333,,32.1333
1569,3.05355,,125.667,,32.1667
1570,3.05691,,126,,32.2
1571,3.06011,,125.25,,32.25
1572,3.06331,,124.5,,32.3
1573,3.0665,,123.75,,32.35
1574,3.0697,,123,,32.4
1575,3.07292,,123.143,,32.4
1576,3.07614,,123.286,,32.4
1577,3.07936,,123.429,,32.4
1578,3.08259,,123.571,,32.4
1579,3.08581,,123.714,,32.4
1580,3.08903,,123.857,,32.4
1581,3.09225,,124,,32.4
1582,3.0956,,124,,32.4
1583,3.09895,,124,,32.4
1584,3.1023,,124,,32.4
1585,3.10565,,124,,32.4
1586,3.109,,124,,32.4
1587,3.11235,,124,,32.4
1588,3.11559,,123.857,,32.2857
1589,3.11884,,123.714,,32.1714
1590,3.12208,,123.571,,32.0571
1591,3.12533,,123.429,,31.9429
1592,3.12857,,123.286,,31.8286
1593,3.13182,,123.143,,31.7143
1594,3.13506,,123,,31.6
1595,3.13819,,122.571,,31.8
1596,3.14132,,122.143,,32
1597,3.14445,,121.714,,32.2
1598,3.14757,,121.286,,32.4
1599,3.1507,,120.857,,32.6
1600,3.15383,,120.429,,32.8
1601,3.15696,,120,,33
1602,3.16079,,120.75,,33
1603,3.16461,,121.5,,33
1604,3.16844,,122.25,,33
1605,3.17226,,123,,33
1606,3.1753,,123.143,,33.2
1607,3.17833,,123.286,,33.4
1608,3.18137,,123.429,,33.6
1609,3.18441,,123.571,,33.8
1610,3.18745,,123.714,,34
1611,3.19048,,123.857,,34.2
1612,3.19352,,124,,34.4
1613,3.19637,,124.125,,34.5
1614,3.19921,,124.25,,34.6
1615,3.20206,,124.375,,34.7
1616,3.20491,,124.5,,34.8
1617,3.20775,,124.625,,34.9
1618,3.2106,,124.75,,35
1619,3.21344,,124.875,,35.1
1620,3.21629,,125,,35.2
1621,3.21969,,124.714,,35.3143
1622,3.2231,,124.429,,35.4286
1623,3.2265,,124.143,,35.5429
1624,3.2299,,123.857,,35.6571
1625,3.2333,,123.571,,35.7714
1626,3.23671,,123.286,,35.8857
1627,3.24011,,123,,36
1628,3.2427,,123.429,,35.9714
1629,3.24529,,123.857,,35.9429
1630,3.24788,,124.286,,35.9143
1631,3.25046,,124.714,,35.8857
1632,3.25305,,125.143,,35.8571
1633,3.25564,,125.571,,35.8286
1634,3.25823,,126,,35.8
1635,3.26134,,127,,35.7333
1636,3.26446,,128,,35.6667
1637,3.26757,,129,,35.6
1638,3.27056,,128.857,,35.6571
1639,3.27356,,128.714,,35.7143
1640,3.27655,,128.571,,35.7714
1641,3.27954,,128.429,,35.8286
1642,3.28253,,128.286,,35.8857
1643,3.28553,,128.143,,35.9429
1644,3.28852,,128,,36
1645,3.2913,,128.25,,36.25
1646,3.29407,,128.5,,36.5
1647,3.29685,,128.75,,36.75
1648,3.29963,,129,,37
1649,3.30241,,129.25,,37.25
1650,3.30519,,129.5,,37.5
1651,3.30796,,129.75,,37.75
1652,3.31074,,130,,38
1653,3.31356,,130.125,,38.175
1654,3.31637,,130.25,,38.35
1655,3.31919,,130.375,,38.525
1656,3.32201,,130.5,,38.7
1657,3.32482,,130.625,,38.875
1658,3.32764,,130.75,,39.05
1659,3.33045,,130.875,,39.225
1660,3.33327,,131,,39.4
1661,3.33642,,130.714,,39.5429
1662,3.33958,,130.429,,39.6857
1663,3.34273,,130.143,,39.8286
1664,3.34588,,129.857,,39.9714
1665,3.34903,,129.571,,40.1143
1666,3.35219,,129.286,,40.2571
1667,3.35534,,129,,40.4
1668,3.35871,,129,,40.6
1669,3.36208,,129,,40.8
1670,3.36545,,129,,41
1671,3.36881,,129,,41.2
1672,3.37218,,129,,41.4
1673,3.37555,,129,,41.6
1674,3.37868,,129.286,,42.1143
1675,3.38181,,129.571,,42.6286
1676,3.38494,,129.857,,43.1429
1677,3.38807,,130.143,,43.6571
1678,3.3912,,130.429,,44.1714
1679,3.39433,,130.714,,44.6857
1680,3.39746,,131,,45.2
1681,3.40057,,130.714,,45.5143
1682,3.40368,,130.429,,45.8286
1683,3.40679,,130.143,,46.1429
1684,3.40989,,129.857,,46.4571
1685,3.413,,129.571,,46.7714
1686,3.41611,,129.286,,47.0857
1687,3.41922,,129,,47.4
1688,3.42216,,128.571,,47.6
1689,3.42509,,128.143,,47.8
1690,3.42803,,127.714,,48
1691,3.43096,,127.286,,48.2
1692,3.4339,,126.857,,48.4
1693,3.43683,,126.429,,48.6
1694,3.43977,,126,,48.8
1695,3.44293,,126.143,,48.6857
1696,3.44609,,126.286,,48.5714
1697,3.44925,,126.429,,48.4571
1698,3.4524,,126.571,,48.3429
1699,3.45556,,126.714,,48.2286
1700,3.45872,,126.857,,48.1143
1701,3.46188,,127,,48
1702,3.46516,,126.714,,47.4286
1703,3.46843,,126.429,,46.8571
1704,3.47171,,126.143,,46.2857
1705,3.47498,,125.857,,45.7143
1706,3.47826,,125.571,,45.1429
1707,3.48153,,125.286,,44.5714
1708,3.48481,,125,,44
1709,3.48807,,125.143,,43.7143
1710,3.49134,,125.286,,43.4286
1711,3.4946,,125.429,,43.1429
1712,3.49787,,125.571,,42.8571
1713,3.50113,,125.714,,42.5714
1714,3.5044,,125.857,,42.2857
1715,3.50766,,126,,42
1716,3.51085,,126.286,,41.7143
1717,3.51405,,126.571,,41.4286
1718,3.51724,,126.857,,41.1429
1719,3.52043,,127.143,,40.8571
1720,3.52362,,127.429,,40.5714
1721,3.52682,,127.714,,40.2857
1722,3.53001,,128,,40
1723,3.53335,,128,,40.0333
1724,3.53668,,128,,40.0667
1725,3.54002,,128,,40.1
1726,3.54335,,128,,40.1333
1727,3.54669,,128,,40.1667
1728,3.55002,,128,,40.2
1729,3.55332,,127.667,,40.0667
1730,3.55662,,127.333,,39.9333
1731,3.55992,,127,,39.8
1732,3.56278,,126.714,,39.2857
1733,3.56564,,126.429,,38.7714
1734,3.5685,,126.143,,38.2571
1735,3.57137,,125.857,,37.7429
1736,3.57423,,125.571,,37.2286
1737,3.57709,,125.286,,36.7143
1738,3.57995,,125,,36.2
1739,3.58308,,125.143,,36.0571
1740,3.58621,,125.286,,35.9143
1741,3.58934,,125.429,,35.7714
1742,3.59248,,125.571,,35.6286
1743,3.59561,,125.714,,35.4857
1744,3.59874,,125.857,,35.3429
1745,3.60187,,126,,35.2
1746,3.60513,,125.857,,35.5143
1747,3.60838,,125.714,,35.8286
1748,3.61164,,125.571,,36.1429
1749,3.6149,,125.429,,36.4571
1750,3.61816,,125.286,,36.7714
1751,3.62141,,125.143,,37.0857
1752,3.62467,,125,,37.4
1753,3.62776,,125,,37.6571
1754,3.63085,,125,,37.9143
1755,3.63394,,125,,38.1714
1756,3.63703,,125,,38.4286
1757,3.64012,,125,,38.6857
1758,3.64321,,125,,38.9429
1759,3.6463,,125,,39.2
1760,3.64942,,125,,39.3714
1761,3.65254,,125,,39.5429
1762,3.65566,,125,,39.7143
1763,3.65878,,125,,39.8857
1764,3.6619,,125,,40.0571
1765,3.66502,,125,,40.2286
1766,3.66814,,125,,40.4
1767,3.67124,,124.857,,40.4
1768,3.67435,,124.714,,40.4
1769,3.67745,,124.571,,40.4
1770,3.68056,,124.429,,40.4
1771,3.68366,,124.286,,40.4
1772,3.68677,,124.143,,40.4
1773,3.68987,,124,,40.4
1774,3.69328,,124.6,,40.44
1775,3.69669,,125.2,,40.48
1776,3.70011,,125.8,,40.52
1777,3.70352,,126.4,,40.56
1778,3.70693,,127,,40.6
1779,3.70975,,126.875,,40.4
1780,3.71257,,126.75,,40.2
1781,3.71539,,126.625,,40
1782,3.71822,,126.5,,39.8
1783,3.72104,,126.375,,39.6
1784,3.72386,,126.25,,39.4
1785,3.72668,,126.125,,39.2
1786,3.7295,,126,,39
1787,3.73297,,125.833,,39.2
1788,3.73645,,125.667,,39.4
1789,3.73992,,125.5,,39.6
1790,3.74339,,125.333,,39.8
1791,3.74687,,125.167,,40
1792,3.75034,,125,,40.2
1793,3.75286,,124.667,,40.1556
1794,3.75538,,124.333,,40.1111
1795,3.75789,,124,,40.0667
1796,3.76041,,123.667,,40.0222
1797,3.76293,,123.333,,39.9778
1798,3.76545,,123,,39.9333
1799,3.76796,,122.667,,39.8889
1800,3.77048,,122.333,,39.8444
1801,3.773,,122,,39.8
1802,3.77647,,122.333,,39.9
1803,3.77993,,122.667,,40
1804,3.7834,,123,,40.1
1805,3.78687,,123.333,,40.2
1806,3.79033,,123.667,,40.3
1807,3.7938,,124,,40.4
1808,3.79635,,124.25,,40.375
1809,3.7989,,124.5,,40.35
1810,3.80145,,124.75,,40.325
1811,3.80401,,125,,40.3
1812,3.80656,,125.25,,40.275
1813,3.80911,,125.5,,40.25
1814,3.81166,,125.75,,40.225
1815,3.81421,,126,,40.2
1816,3.81788,,125,,40.7
1817,3.82156,,124,,41.2
1818,3.82523,,123,,41.7
1819,3.8289,,122,,42.2
1820,3.83151,,122,,42.45
1821,3.83412,,122,,42.7
1822,3.83673,,122,,42.95
1823,3.83935,,122,,43.2
1824,3.84196,,122,,43.45
1825,3.84457,,122,,43.7
1826,3.84718,,122,,43.95
1827,3.84979,,122,,44.2
1828,3.85268,,122,,44.15
1829,3.85557,,122,,44.1
1830,3.85846,,122,,44.05
1831,3.86136,,122,,44
1832,3.86425,,122,,43.95
1833,3.86714,,122,,43.9
1834,3.87003,,122,,43.85
1835,3.87292,,122,,43.8
1836,3.87588,,121.8,,43.56
1837,3.87885,,121.6,,43.32
1838,3.88181,,121.4,,43.08
1839,3.88478,,121.2,,42.84
1840,3.88774,,121,,42.6
1841,3.89043,,120.875,,42.175
1842,3.89312,,120.75,,41.75
1843,3.89581,,120.625,,41.325
1844,3.8985,,120.5,,40.9
1845,3.90118,,120.375,,40.475
1846,3.90387,,120.25,,40.05
1847,3.90656,,120.125,,39.625
1848,3.90925,,120,,39.2
1849,3.91145,,120.5,,39
1850,3.91364,,121,,38.8
1851,3.91723,,120.75,,39.25
1852,3.92081,,120.5,,39.7
1853,3.9244,,120.25,,40.15
1854,3.92798,,120,,40.6
1855,3.93093,,120.5,,40.7667
1856,3.93387,,121,,40.9333
1857,3.93682,,121.5,,41.1
1858,3.93976,,122,,41.2667
1859,3.94271,,122.5,,41.4333
1860,3.94565,,123,,41.6
1861,3.94858,,122.857,,41.6857
1862,3.95152,,122.714,,41.7714
1863,3.95445,,122.571,,41.8571
1864,3.95739,,122.429,,41.9429
1865,3.96032,,122.286,,42.0286
1866,3.96326,,122.143,,42.1143
1867,3.96619,,122,,42.2
1868,3.96827,,121.25,,42.75
1869,3.97034,,120.5,,43.3
1870,3.97242,,119.75,,43.85
1871,3.97449,,119,,44.4
1872,3.97742,,119.286,,44.3429
1873,3.98036,,119.571,,44.2857
1874,3.98329,,119.857,,44.2286
1875,3.98623,,120.143,,44.1714
1876,3.98916,,120.429,,44.1143
1877,3.9921,,120.714,,44.0571
1878,3.99503,,121,,44
1879,3.99761,,121,,44.175
1880,4.0002,,121,,44.35
1881,4.00278,,121,,44.525
1882,4.00536,,121,,44.7
1883,4.00795,,121,,44.875
1884,4.01053,,121,,45.05
1885,4.01312,,121,,45.225
1886,4.0157,,121,,45.4
1887,4.0194,,121.75,,45.8
1888,4.0231,,122.5,,46.2
1889,4.0268,,123.25,,46.6
1890,4.0305,,124,,47
1891,4.03275,,123.556,,47.0667
1892,4.03501,,123.111,,47.1333
1893,4.03726,,122.667,,47.2
1894,4.03952,,122.222,,47.2667
1895,4.04177,,121.778,,47.3333
1896,4.04403,,121.333,,47.4
1897,4.04628,,120.889,,47.4667
1898,4.04854,,120.444,,47.5333
1899,4.05079,,120,,47.6
1900,4.0536,,120.5,,47.3667
1901,4.05642,,121,,47.1333
1902,4.05923,,121.5,,46.9
1903,4.06204,,122,,46.6667
1904,4.06486,,122.5,,46.4333
1905,4.06767,,123,,46.2
1906,4.07042,,122.75,,45.925
1907,4.07317,,122.5,,45.65
1908,4.07592,,122.25,,45.375
1909,4.07866,,122,,45.1
1910,4.08141,,121.75,,44.825
1911,4.08416,,121.5,,44.55
1912,4.08691,,121.25,,44.275
1913,4.08966,,121,,44
1914,4.0926,,121.143,,44.1714
1915,4.09553,,121.286,,44.3429
1916,4.09847,,121.429,,44.5143
1917,4.10141,,121.571,,44.6857
1918,4.10435,,121.714,,44.8571
1919,4.10728,,121.857,,45.0286
1920,4.11022,,122,,45.2
1921,4.11308,,122,,45.3429
1922,4.11595,,122,,45.4857
1923,4.11881,,122,,45.6286
1924,4.12167,,122,,45.7714
1925,4.12453,,122,,45.9143
1926,4.1274,,122,,46.0571
1927,4.13026,,122,,46.2
1928,4.13313,,121.857,,45.8571
1929,4.13599,,121.714,,45.5143
1930,4.13886,,121.571,,45.1714
1931,4.14173,,121.429,,44.8286
1932,4.1446,,121.286,,44.4857
1933,4.14746,,121.143,,44.1429
1934,4.15033,,121,,43.8
1935,4.15318,,121.125,,44.025
1936,4.15602,,121.25,,44.25
1937,4.15887,,121.375,,44.475
1938,4.16172,,121.5,,44.7
1939,4.16457,,121.625,,44.925
1940,4.16741,,121.75,,45.15
1941,4.17026,,121.875,,45.375
1942,4.17311,,122,,45.6
1943,4.17597,,122.143,,46.0857
1944,4.17883,,122.286,,46.5714
1945,4.18169,,122.429,,47.0571
1946,4.18456,,122.571,,47.5429
1947,4.18742,,122.714,,48.0286
1948,4.19028,,122.857,,48.5143
1949,4.19314,,123,,49
1950,4.19607,,123.5,,48.8667
1951,4.199,,124,,48.7333
1952,4.20192,,124.5,,48.6
1953,4.20485,,125,,48.4667
1954,4.20778,,125.5,,48.3333
1955,4.21071,,126,,48.2
1956,4.2137,,125.714,,48.1714
1957,4.21669,,125.429,,48.1429
1958,4.21968,,125.143,,48.1143
1959,4.22267,,124.857,,48.0857
1960,4.22566,,124.571,,48.0571
1961,4.22865,,124.286,,48.0286
1962,4.23164,,124,,48
1963,4.2345,,123.571,,47.8
1964,4.23736,,123.143,,47.6
1965,4.24022,,122.714,,47.4
1966,4.24307,,122.286,,47.2
1967,4.24593,,121.857,,47
1968,4.24879,,121.429,,46.8
1969,4.25165,,121,,46.6
1970,4.25423,,121.125,,46.425
1971,4.25681,,121.25,,46.25
1972,4.25939,,121.375,,46.075
1973,4.26197,,121.5,,45.9
1974,4.26454,,121.625,,45.725
1975,4.26712,,121.75,,45.55
1976,4.2697,,121.875,,45.375
1977,4.27228,,122,,45.2
1978,4.27527,,122.75,,45.4
1979,4.27825,,123.5,,45.6
1980,4.28124,,124.25,,45.8
1981,4.28423,,125,,46
1982,4.28722,,125,,46.2286
1983,4.29022,,125,,46.4571
1984,4.29321,,125,,46.6857
1985,4.2962,,125,,46.9143
1986,4.29919,,125,,47.1429
1987,4.30219,,125,,47.3714
1988,4.30518,,125,,47.6
1989,4.30844,,125.75,,47.65
1990,4.3117,,126.5,,47.7
1991,4.31495,,127.25,,47.75
1992,4.31821,,128,,47.8
1993,4.32112,,127,,47.8
1994,4.32404,,126,,47.8
1995,4.32695,,125,,47.8
1996,4.32997,,124.25,,47.6
1997,4.33298,,123.5,,47.4
1998,4.336,,122.75,,47.2
1999,4.33902,,122,,47
2000,4.34229,,122,,47
2001,4.34497,,122,,47.125
2002,4.34765,,122,,47.25
2003,4.35033,,122,,47.375
2004,4.35302,,122,,47.5
2005,4.3557,,122,,47.625
2006,4.35838,,122,,47.75
2007,4.36106,,122,,47.875
2008,4.36374,,122,,48
2009,4.36632,,122.143,,47.8571
2010,4.3689,,122.286,,47.7143
2011,4.37148,,122.429,,47.5714
2012,4.37405,,122.571,,47.4286
2013,4.37663,,122.714,,47.2857
2014,4.37921,,122.857,,47.1429
2015,4.38179,,123,,47
2016,4.38474,,123,,46.8
2017,4.38768,,123,,46.6
2018,4.39063,,123,,46.4
2019,4.39357,,123,,46.2
2020,4.39652,,123,,46
2021,4.39946,,123,,45.8
2022,4.40241,,123,,45.6
2023,4.40543,,123.143,,45.6286
2024,4.40844,,123.286,,45.6571
2025,4.41146,,123.429,,45.6857
2026,4.41448,,123.571,,45.7143
2027,4.4175,,123.714,,45.7429
2028,4.42051,,123.857,,45.7714
2029,4.42353,,124,,45.8
2030,4.42626,,123,,46.0667
2031,4.429,,122,,46.3333
2032,4.43173,,121,,46.6
2033,4.4346,,120.875,,46.4
2034,4.43746,,120.75,,46.2
2035,4.44033,,120.625,,46
2036,4.44319,,120.5,,45.8
2037,4.44606,,120.375,,45.6
2038,4.44893,,120.25,,45.4
2039,4.45179,,120.125,,45.2
2040,4.45466,,120,,45
2041,4.45776,,120.429,,44.8
2042,4.46085,,120.857,,44.6
2043,4.46395,,121.286,,44.4
2044,4.46704,,121.714,,44.2
2045,4.47014,,122.143,,44
2046,4.47323,,122.571,,43.8
2047,4.47633,,123,,43.6
2048,4.4793,,122.857,,43.3714
2049,4.48226,,122.714,,43.1429
2050,4.48523,,122.571,,42.9143
2051,4.4882,,122.429,,42.6857
2052,4.49117,,122.286,,42.4571
2053,4.49413,,122.143,,42.2286
2054,4.4971,,122,,42
2055,4.49969,,122.25,,42.075
2056,4.50228,,122.5,,42.15
2057,4.50487,,122.75,,42.225
2058,4.50746,,123,,42.3
2059,4.51005,,123.25,,42.375
2060,4.51264,,123.5,,42.45
2061,4.51523,,123.75,,42.525
2062,4.51782,,124,,42.6
2063,4.52071,,124,,42.8667
2064,4.5236,,124,,43.1333
2065,4.52649,,124,,43.4
2066,4.52923,,123.25,,43.65
2067,4.53197,,122.5,,43.9
2068,4.53472,,121.75,,44.15
2069,4.53746,,121,,44.4
2070,4.54032,,120.857,,44.4286
2071,4.54318,,120.714,,44.4571
2072,4.54604,,120.571,,44.4857
2073,4.54891,,120.429,,44.5143
2074,4.55177,,120.286,,44.5429
2075,4.55463,,120.143,,44.5714
2076,4.55749,,120,,44.6
2077,4.56034,,119,,44.5333
2078,4.5632,,118,,44.4667
2079,4.56605,,117,,44.4
2080,4.56907,,117,,44.4286
2081,4.57208,,117,,44.4571
2082,4.5751,,117,,44.4857
2083,4.57811,,117,,44.5143
2084,4.58113,,117,,44.5429
2085,4.58414,,117,,44.5714
2086,4.58716,,117,,44.6
2087,4.59019,,117,,44.6667
2088,4.59323,,117,,44.7333
2089,4.59626,,117,,44.8
2090,4.59953,,116.714,,44.9714
2091,4.60279,,116.429,,45.1429
2092,4.60606,,116.143,,45.3143
2093,4.60933,,115.857,,45.4857
2094,4.6126,,115.571,,45.6571
2095,4.61586,,115.286,,45.8286
2096,4.61913,,115,,46
2097,4.62182,,114.778,,46.2444
2098,4.6245,,114.556,,46.4889
2099,4.62719,,114.333,,46.7333
2100,4.62988,,114.111,,46.9778
2101,4.63256,,113.889,,47.2222
2102,4.63525,,113.667,,47.4667
2103,4.63794,,113.444,,47.7111
2104,4.64062,,113.222,,47.9556
2105,4.64331,,113,,48.2
2106,4.64588,,113.25,,48.5
2107,4.64846,,113.5,,48.8
2108,4.65103,,113.75,,49.1
2109,4.65361,,114,,49.4
2110,4.65616,,114,,49.725
2111,4.65872,,114,,50.05
2112,4.66127,,114,,50.375
2113,4.66383,,114,,50.7
2114,4.66638,,114,,51.025
2115,4.66894,,114,,51.35
2116,4.67149,,114,,51.675
2117,4.67405,,114,,52
2118,4.67685,,114.25,,52.4
2119,4.67964,,114.5,,52.8
2120,4.68244,,114.75,,53.2
2121,4.68523,,115,,53.6
2122,4.68803,,115.25,,54
2123,4.69083,,115.5,,54.4
2124,4.69362,,115.75,,54.8
2125,4.69642,,116,,55.2
2126,4.69918,,116.125,,55.825
2127,4.70194,,116.25,,56.45
2128,4.7047,,116.375,,57.075
2129,4.70746,,116.5,,57.7
2130,4.71022,,116.625,,58.325
2131,4.71298,,116.75,,58.95
2132,4.71574,,116.875,,59.575
2133,4.7185,,117,,60.2
2134,4.72134,,117,,60.525
2135,4.72418,,117,,60.85
2136,4.72702,,117,,61.175
2137,4.72986,,117,,61.5
2138,4.7327,,117,,61.825
2139,4.73554,,117,,62.15
2140,4.73838,,117,,62.475
2141,4.74122,,117,,62.8
2142,4.74414,,117.143,,62.4286
2143,4.74705,,117.286,,62.0571
2144,4.74997,,117.429,,61.6857
2145,4.75288,,117.571,,61.3143
2146,4.7558,,117.714,,60.9429
2147,4.75871,,117.857,,60.5714
2148,4.76163,,118,,60.2
2149,4.76464,,118.5,,59.9333
2150,4.76766,,119,,59.6667
2151,4.77067,,119.5,,59.4
2152,4.77368,,120,,59.1333
2153,4.7767,,120.5,,58.8667
2154,4.77971,,121,,58.6
2155,4.78264,,120.857,,57.8286
2156,4.78556,,120.714,,57.0571
2157,4.78849,,120.571,,56.2857
2158,4.79141,,120.429,,55.5143
2159,4.79434,,120.286,,54.7429
2160,4.79726,,120.143,,53.9714
2161,4.80019,,120,,53.2
2162,4.80297,,119.5,,53.1
2163,4.80576,,119,,53
2164,4.80854,,118.5,,52.9
2165,4.81133,,118,,52.8
2166,4.81411,,117.5,,52.7
2167,4.8169,,117,,52.6
2168,4.81983,,117.143,,52.5714
2169,4.82276,,117.286,,52.5429
2170,4.82569,,117.429,,52.5143
2171,4.82863,,117.571,,52.4857
2172,4.83156,,117.714,,52.4571
2173,4.83449,,117.857,,52.4286
2174,4.83742,,118,,52.4
2175,4.84025,,118,,52.425
2176,4.84309,,118,,52.45
2177,4.84592,,118,,52.475
2178,4.84875,,118,,52.5
2179,4.85158,,118,,52.525
2180,4.85441,,118,,52.55
2181,4.85725,,118,,52.575
2182,4.86008,,118,,52.6
2183,4.86275,,118.5,,51.8
2184,4.86541,,119,,51
2185,4.86802,,119.125,,50.25
2186,4.87064,,119.25,,49.5
2187,4.87325,,119.375,,48.75
2188,4.87586,,119.5,,48
2189,4.87848,,119.625,,47.25
2190,4.88109,,119.75,,46.5
2191,4.88371,,119.875,,45.75
2192,4.88632,,120,,45
2193,4.88932,,120.25,,44.85
2194,4.89232,,120.5,,44.7
2195,4.89533,,120.75,,44.55
2196,4.89833,,121,,44.4
2197,4.90126,,120.714,,44.4
2198,4.90418,,120.429,,44.4
2199,4.90711,,120.143,,44.4
2200,4.91003,,119.857,,44.4
2201,4.91296,,119.571,,44.4
2202,4.91588,,119.286,,44.4
2203,4.91881,,119,,44.4
2204,4.9216,,119.125,,44.5
2205,4.92439,,119.25,,44.6
2206,4.92719,,119.375,,44.7
2207,4.92998,,119.5,,44.8
2208,4.93277,,119.625,,44.9
2209,4.93556,,119.75,,45
2210,4.93836,,119.875,,45.1
2211,4.94115,,120,,45.2
2212,4.94428,,119.857,,45.5714
2213,4.9474,,119.714,,45.9429
2214,4.95053,,119.571,,46.3143
2215,4.95365,,119.429,,46.6857
2216,4.95678,,119.286,,47.0571
2217,4.9599,,119.143,,47.4286
2218,4.96303,,119,,47.8
2219,4.96593,,119,,47.8571
2220,4.96884,,119,,47.9143
2221,4.97174,,119,,47.9714
2222,4.97465,,119,,48.0286
2223,4.97755,,119,,48.0857
2224,4.98046,,119,,48.1429
2225,4.98336,,119,,48.2
2226,4.98627,,119,,48.2857
2227,4.98918,,119,,48.3714
2228,4.99209,,119,,48.4571
2229,4.99501,,119,,48.5429
2230,4.99792,,119,,48.6286
2231,5.00083,,119,,48.7143
2232,5.00374,,119,,48.8
2233,5.0067,,119.429,,48.9714
2234,5.00966,,119.857,,49.1429
2235,5.01262,,120.286,,49.3143
2236,5.01558,,120.714,,49.4857
2237,5.01854,,121.143,,49.6571
2238,5.0215,,121.571,,49.8286
2239,5.02446,,122,,50
2240,5.0275,,122,,50.7429
2241,5.03055,,122,,51.4857
2242,5.03359,,122,,52.2286
2243,5.03664,,122,,52.9714
2244,5.03968,,122,,53.7143
2245,5.04273,,122,,54.4571
2246,5.04577,,122,,55.2
2247,5.04861,,121.875,,55.55
2248,5.05146,,121.75,,55.9
2249,5.0543,,121.625,,56.25
2250,5.05715,,121.5,,56.6
2251,5.05999,,121.375,,56.95
2252,5.06283,,121.25,,57.3
2253,5.06568,,121.125,,57.65
2254,5.06852,,121,,58
2255,5.07133,,121.25,,58.2
2256,5.07414,,121.5,,58.4
2257,5.07695,,121.75,,58.6
2258,5.07976,,122,,58.8
2259,5.08257,,122.25,,59
2260,5.08538,,122.5,,59.2
2261,5.08819,,122.75,,59.4
2262,5.091,,123,,59.6
2263,5.09394,,123,,59.4571
2264,5.09689,,123,,59.3143
2265,5.09983,,123,,59.1714
2266,5.10277,,123,,59.0286
2267,5.10571,,123,,58.8857
2268,5.10866,,123,,58.7429
2269,5.1116,,123,,58.6
2270,5.11456,,123,,58.3143
2271,5.11752,,123,,58.0286
2272,5.12048,,123,,57.7429
2273,5.12345,,123,,57.4571
2274,5.12641,,123,,57.1714
2275,5.12937,,123,,56.8857
2276,5.13233,,123,,56.6
2277,5.13543,,123.286,,56.4571
2278,5.13853,,123.571,,56.3143
2279,5.14163,,123.857,,56.1714
2280,5.14474,,124.143,,56.0286
2281,5.14784,,124.429,,55.8857
2282,5.15094,,124.714,,55.7429
2283,5.15404,,125,,55.6
2284,5.15728,,125.143,,55.7429
2285,5.16051,,125.286,,55.8857
2286,5.16375,,125.429,,56.0286
2287,5.16699,,125.571,,56.1714
2288,5.17023,,125.714,,56.3143
2289,5.17346,,125.857,,56.4571
2290,5.1767,,126,,56.6
2291,5.17994,,126.6,,56.16
2292,5.18318,,127.2,,55.72
2293,5.18643,,127.8,,55.28
2294,5.18967,,128.4,,54.84
2295,5.19291,,129,,54.4
2296,5.19621,,128.4,,53.52
2297,5.19951,,127.8,,52.64
2298,5.20282,,127.2,,51.76
2299,5.20612,,126.6,,50.88
2300,5.20942,,126,,50
2301,5.21279,,125.714,,49.4286
2302,5.21615,,125.429,,48.8571
2303,5.21952,,125.143,,48.2857
2304,5.22289,,124.857,,47.7143
2305,5.22626,,124.571,,47.1429
2306,5.22962,,124.286,,46.5714
2307,5.23299,,124,,46
2308,5.23632,,124,,45.7143
2309,5.23965,,124,,45.4286
2310,5.24298,,124,,45.1429
2311,5.2463,,124,,44.8571
2312,5.24963,,124,,44.5714
2313,5.25296,,124,,44.2857
2314,5.25629,,124,,44
2315,5.25981,,123.833,,43.7
2316,5.26334,,123.667,,43.4
2317,5.26686,,123.5,,43.1
2318,5.27039,,123.333,,42.8
2319,5.27391,,123.167,,42.5
2320,5.27744,,123,,42.2
2321,5.28069,,123,,42.1143
2322,5.28394,,123,,42.0286
2323,5.28719,,123,,41.9429
2324,5.29044,,123,,41.8571
2325,5.29369,,123,,41.7714
2326,5.29694,,123,,41.6857
2327,5.30019,,123,,41.6
2328,5.3033,,122.5,,41.3
2329,5.30642,,122,,41
2330,5.30959,,122.143,,40.8
2331,5.31277,,122.286,,40.6
2332,5.31594,,122.429,,40.4
2333,5.31912,,122.571,,40.2
2334,5.32229,,122.714,,40
2335,5.32547,,122.857,,39.8
2336,5.32864,,123,,39.6
2337,5.33184,,123.143,,39.6286
2338,5.33504,,123.286,,39.6571
2339,5.33824,,123.429,,39.6857
2340,5.34143,,123.571,,39.7143
2341,5.34463,,123.714,,39.7429
2342,5.34783,,123.857,,39.7714
2343,5.35103,,124,,39.8
2344,5.3539,,123.75,,39.7
2345,5.35677,,123.5,,39.6
2346,5.35964,,123.25,,39.5
2347,5.3625,,123,,39.4
2348,5.36537,,122.75,,39.3
2349,5.36824,,122.5,,39.2
2350,5.37111,,122.25,,39.1
2351,5.37398,,122,,39
2352,5.37693,,122,,38.6571
2353,5.37989,,122,,38.3143
2354,5.38284,,122,,37.9714
2355,5.38579,,122,,37.6286
2356,5.38874,,122,,37.2857
2357,5.3917,,122,,36.9429
2358,5.39465,,122,,36.6
2359,5.39756,,122.75,,36.4
2360,5.40047,,123.5,,36.2
2361,5.40338,,124.25,,36
2362,5.40629,,125,,35.8
2363,5.40921,,125.143,,35.6286
2364,5.41212,,125.286,,35.4571
2365,5.41504,,125.429,,35.2857
2366,5.41796,,125.571,,35.1143
2367,5.42088,,125.714,,34.9429
2368,5.42379,,125.857,,34.7714
2369,5.42671,,126,,34.6
2370,5.42938,,125.6,,34.32
2371,5.43205,,125.2,,34.04
2372,5.43473,,124.8,,33.76
2373,5.4374,,124.4,,33.48
2374,5.44007,,124,,33.2
2642,5.44007,,89,,29.6
2643,5.44231,,90,,29.6
2644,5.44416,,92.5,,29.6
2645,5.44601,,95,,29.6
2646,5.44802,,96.5,,29.6
2647,5.45003,,98,,29.6
2648,5.45162,,101,,29.6
2649,5.45345,,105,,29.6
2650,5.45529,,105,,29.6
2651,5.45707,,106.5,,29.7
2652,5.45886,,108,,29.8
2653,5.46091,,109,,30
2654,5.46296,,110,,30.2
2655,5.46501,,111,,30.4
2656,5.46722,,112,,30.5333
2657,5.46942,,113,,30.6667
2658,5.47163,,114,,30.8
2659,5.4738,,114.75,,31
2660,5.47598,,115.5,,31.2
2661,5.47815,,116.25,,31.4
2662,5.48032,,117,,31.6
2663,5.48227,,117.182,,31.8
2664,5.48422,,117.364,,32
2665,5.48616,,117.545,,32.2
2666,5.48811,,117.727,,32.4
2667,5.49006,,117.909,,32.6
2668,5.49201,,118.091,,32.8
2669,5.49396,,118.273,,33
2670,5.49591,,118.455,,33.2
2671,5.49785,,118.636,,33.4
2672,5.4998,,118.818,,33.6
2673,5.50175,,119,,33.8
2674,5.504,,120.333,,34.0667
2675,5.50625,,121.667,,34.3333
2676,5.5085,,123,,34.6
2677,5.51057,,122.9,,34.9
2678,5.51264,,122.8,,35.2
2679,5.51472,,122.7,,35.5
2680,5.51679,,122.6,,35.8
2681,5.51886,,122.5,,36.1
2682,5.52093,,122.4,,36.4
2683,5.523,,122.3,,36.7
2684,5.52508,,122.2,,37
2685,5.52715,,122.1,,37.3
2686,5.52922,,122,,37.6
2687,5.5315,,122,,37.55
2688,5.53378,,122,,37.5
2689,5.53606,,122,,37.45
2690,5.53834,,122,,37.4
2691,5.54062,,122,,37.35
2692,5.5429,,122,,37.3
2693,5.54518,,122,,37.25
2694,5.54746,,122,,37.2
2695,5.54911,,121.8,,37.16
2696,5.55076,,121.6,,37.12
2697,5.5524,,121.4,,37.08
2698,5.55405,,121.2,,37.04
2699,5.5557,,121,,37
2700,5.55823,,121.125,,37.175
2701,5.56075,,121.25,,37.35
2702,5.56328,,121.375,,37.525
2703,5.5658,,121.5,,37.7
2704,5.56833,,121.625,,37.875
2705,5.57086,,121.75,,38.05
2706,5.57338,,121.875,,38.225
2707,5.57591,,122,,38.4
2708,5.57856,,122.375,,38.825
2709,5.5812,,122.75,,39.25
2710,5.58385,,123.125,,39.675
2711,5.5865,,123.5,,40.1
2712,5.58915,,123.875,,40.525
2713,5.59179,,124.25,,40.95
2714,5.59444,,124.625,,41.375
2715,5.59709,,125,,41.8
2716,5.60151,,126,,41.55
2717,5.60593,,127,,41.3
2718,5.61036,,128,,41.05
2719,5.61478,,129,,40.8
2720,5.61877,,130,,40.8667
2721,5.62277,,131,,40.9333
2722,5.62676,,132,,41
2723,5.62953,,131.875,,41.1
2724,5.63231,,131.75,,41.2
2725,5.63509,,131.625,,41.3
2726,5.63786,,131.5,,41.4
2727,5.64063,,131.375,,41.5
2728,5.64341,,131.25,,41.6
2729,5.64619,,131.125,,41.7
2730,5.64896,,131,,41.8
2731,5.65151,,130.875,,41.825
2732,5.65407,,130.75,,41.85
2733,5.65663,,130.625,,41.875
2734,5.65918,,130.5,,41.9
2735,5.66173,,130.375,,41.925
2736,5.66429,,130.25,,41.95
2737,5.66684,,130.125,,41.975
2738,5.6694,,130,,42
2739,5.67161,,129.4,,41.76
2740,5.67381,,128.8,,41.52
2741,5.67602,,128.2,,41.28
2742,5.67822,,127.6,,41.04
2743,5.68043,,127,,40.8
2744,5.68308,,127.125,,40.55
2745,5.68573,,127.25,,40.3
2746,5.68838,,127.375,,40.05
2747,5.69103,,127.5,,39.8
2748,5.69368,,127.625,,39.55
2749,5.69633,,127.75,,39.3
2750,5.69898,,127.875,,39.05
2751,5.70163,,128,,38.8
2752,5.70446,,127.75,,38.8
2753,5.7073,,127.5,,38.8
2754,5.71013,,127.25,,38.8
2755,5.71296,,127,,38.8
2756,5.7158,,126.75,,38.8
2757,5.71863,,126.5,,38.8
2758,5.72147,,126.25,,38.8
2759,5.7243,,126,,38.8
2760,5.7272,,125.714,,38.8571
2761,5.7301,,125.429,,38.9143
2762,5.733,,125.143,,38.9714
2763,5.73591,,124.857,,39.0286
2764,5.73881,,124.571,,39.0857
2765,5.74171,,124.286,,39.1429
2766,5.74461,,124,,39.2
2767,5.74733,,123.857,,39.4857
2768,5.75005,,123.714,,39.7714
2769,5.75277,,123.571,,40.0571
2770,5.7555,,123.429,,40.3429
2771,5.75822,,123.286,,40.6286
2772,5.76094,,123.143,,40.9143
2773,5.76366,,123,,41.2
2774,5.76624,,123.429,,41.2571
2775,5.76882,,123.857,,41.3143
2776,5.7714,,124.286,,41.3714
2777,5.77397,,124.714,,41.4286
2778,5.77655,,125.143,,41.4857
2779,5.77913,,125.571,,41.5429
2780,5.78171,,126,,41.6
2781,5.78395,,126.429,,41.6
2782,5.78619,,126.857,,41.6
2783,5.78843,,127.286,,41.6
2784,5.79067,,127.714,,41.6
2785,5.79291,,128.143,,41.6
2786,5.79515,,128.571,,41.6
2787,5.79739,,129,,41.6
2788,5.80006,,129,,41.825
2789,5.80272,,129,,42.05
2790,5.80539,,129,,42.275
2791,5.80805,,129,,42.5
2792,5.81072,,129,,42.725
2793,5.81339,,129,,42.95
2794,5.81605,,129,,43.175
2795,5.81872,,129,,43.4
2796,5.82118,,128.571,,43.4286
2797,5.82364,,128.143,,43.4571
2798,5.8261,,127.714,,43.4857
2799,5.82855,,127.286,,43.5143
2800,5.83101,,126.857,,43.5429
2801,5.83347,,126.429,,43.5714
2802,5.83593,,126,,43.6
2803,5.83839,,126.429,,43.7429
2804,5.84086,,126.857,,43.8857
2805,5.84332,,127.286,,44.0286
2806,5.84578,,127.714,,44.1714
2807,5.84824,,128.143,,44.3143
2808,5.85071,,128.571,,44.4571
2809,5.85317,,129,,44.6
2810,5.85686,,129.167,,44.5
2811,5.86055,,129.333,,44.4
2812,5.86424,,129.5,,44.3
2813,5.86794,,129.667,,44.2
2814,5.87163,,129.833,,44.1
2815,5.87532,,130,,44
2816,5.88034,,131.5,,44.3
2817,5.88536,,133,,44.6
2818,5.89087,,134,,45.2667
2819,5.89639,,135,,45.9333
2820,5.9019,,136,,46.6
2821,5.90784,,137.5,,46.8
2822,5.91378,,139,,47
2823,5.92012,,142,,46.8
2824,5.92549,,143,,47
2825,5.92986,,143.5,,46.3
2826,5.93423,,144,,45.6
2827,5.9377,,145,,45.5333
2828,5.94117,,146,,45.4667
2829,5.94464,,147,,45.4
2830,5.94774,,146.714,,45.5714
2831,5.95083,,146.429,,45.7429
2832,5.95393,,146.143,,45.9143
2833,5.95702,,145.857,,46.0857
2834,5.96012,,145.571,,46.2571
2835,5.96321,,145.286,,46.4286
2836,5.96631,,145,,46.6
2837,5.96935,,144.333,,46.7
2838,5.9724,,143.667,,46.8
2839,5.97544,,143,,46.9
2840,5.97848,,142.333,,47
2841,5.98153,,141.667,,47.1
2842,5.98457,,141,,47.2
2843,5.98888,,141,,47.52
2844,5.99319,,141,,47.84
2845,5.9975,,141,,48.16
2846,6.00181,,141,,48.48
2847,6.00612,,141,,48.8
2848,6.01168,,141.75,,48.9
2849,6.01723,,142.5,,49
2850,6.02278,,143.25,,49.1
2851,6.02834,,144,,49.2
2852,6.03471,,144.75,,49
2853,6.04108,,145.5,,48.8
2854,6.04745,,146.25,,48.6
2855,6.05382,,147,,48.4
2856,6.06029,,148,,48.05
2857,6.06677,,149,,47.7
2858,6.07324,,150,,47.35
2859,6.07971,,151,,47
2860,6.08438,,151.5,,46.65
2861,6.08905,,152,,46.3
2862,6.09372,,152.5,,45.95
2863,6.09839,,153,,45.6
2864,6.102,,153.25,,45.2
2865,6.10561,,153.5,,44.8
2866,6.10921,,153.75,,44.4
2867,6.11282,,154,,44
2868,6.11619,,153.5,,43.7667
2869,6.11956,,153,,43.5333
2870,6.12293,,152.5,,43.3
2871,6.1263,,152,,43.0667
2872,6.12967,,151.5,,42.8333
2873,6.13304,,151,,42.6
2874,6.13624,,150.5,,41.4
2875,6.13944,,150,,40.2
2876,6.14127,,149,,39.3333
2877,6.1431,,148,,38.4667
2878,6.14493,,147,,37.6
2879,6.14726,,146.333,,37.0667
2880,6.14958,,145.667,,36.5333
2881,6.15191,,145,,36
2882,6.15482,,144.5,,35.6333
2883,6.15774,,144,,35.2667
2884,6.16065,,143.5,,34.9
2885,6.16356,,143,,34.5333
2886,6.16648,,142.5,,34.1667
2887,6.16939,,142,,33.8
2888,6.17251,,141.5,,33.9333
2889,6.17564,,141,,34.0667
2890,6.17876,,140.5,,34.2
2891,6.18188,,140,,34.3333
2892,6.18501,,139.5,,34.4667
2893,6.18813,,139,,34.6
2894,6.19121,,138.5,,34.6667
2895,6.1943,,138,,34.7333
2896,6.19738,,137.5,,34.8
2897,6.20046,,137,,34.8667
2898,6.20355,,136.5,,34.9333
2899,6.20663,,136,,35
2900,6.20863,,136,,34.9333
2901,6.21062,,136,,34.8667
2902,6.21262,,136,,34.8
2903,6.2133,,133,,34.4
2904,6.21351,,132,,34.2
2905,6.2142,,130.5,,33.6
2906,6.21489,,129,,33
2907,6.21551,,128,,32.7333
2908,6.21614,,127,,32.4667
2909,6.21676,,126,,32.2
2910,6.21727,,124.667,,32.1333
2911,6.21779,,123.333,,32.0667
2912,6.2183,,122,,32
2913,6.21854,,120.5,,31.9
2914,6.21879,,119,,31.8
2915,6.2188,,121,,31.7
2916,6.21881,,123,,31.6
2917,6.21891,,122.25,,31.55
2918,6.21901,,121.5,,31.5
2919,6.21912,,120.75,,31.45
2920,6.21922,,120,,31.4
2921,6.21945,,118.333,,31.4667
2922,6.21968,,116.667,,31.5333
2923,6.21991,,115,,31.6
2924,6.22013,,114.556,,31.5333
2925,6.22035,,114.111,,31.4667
2926,6.22057,,113.667,,31.4
2927,6.22079,,113.222,,31.3333
2928,6.221,,112.778,,31.2667
2929,6.22122,,112.333,,31.2
2930,6.22144,,111.889,,31.1333
2931,6.22166,,111.444,,31.0667
2932,6.22188,,111,,31
2933,6.22237,,109.5,,31
2934,6.22287,,108,,31
2935,6.22304,,106,,30.8
2936,6.22322,,104,,30.6
2937,6.2235,,99,,30.4
2938,6.22401,,95,,30
2939,6.22435,,91,,29.8
2940,6.22456,,91.3333,,29.6444
2941,6.22476,,91.6667,,29.4889
2942,6.22497,,92,,29.3333
2943,6.22518,,92.3333,,29.1778
2944,6.22538,,92.6667,,29.0222
2945,6.22559,,93,,28.8667
2946,6.2258,,93.3333,,28.7111
2947,6.226,,93.6667,,28.5556
2948,6.22621,,94,,28.4
2949,6.2265,,95.3333,,28.2667
2950,6.22679,,96.6667,,28.1333
2951,6.22708,,98,,28
2952,6.22728,,98.4286,,27.8286
2953,6.22747,,98.8571,,27.6571
2954,6.22767,,99.2857,,27.4857
2955,6.22786,,99.7143,,27.3143
2956,6.22806,,100.143,,27.1429
2957,6.22825,,100.571,,26.9714
2958,6.22845,,101,,26.8
2959,6.22851,,100,,26.6667
2960,6.22857,,99,,26.5333
2961,6.22863,,98,,26.4
2962,6.229,,95,,26.2
2963,6.22929,,95,,26.2
2964,6.22942,,96,,26.0667
2965,6.22956,,97,,25.9333
2966,6.22969,,98,,25.8
2967,6.22979,,96.8,,25.84
2968,6.22989,,95.6,,25.88
2969,6.22999,,94.4,,25.92
2970,6.23009,,93.2,,25.96
2971,6.23019,,92,,26
2972,6.23033,,91.3333,,26.0333
2973,6.23047,,90.6667,,26.0667
2974,6.23062,,90,,26.1
2975,6.23076,,89.3333,,26.1333
2976,6.2309,,88.6667,,26.1667
2977,6.23104,,88,,26.2
2978,6.23142,,89,,26.2
2979,6.23181,,90,,26.2
2980,6.23219,,91,,26.2
2981,6.23229,,94,,26.2
2982,6.23253,,93.25,,26.2
2983,6.23277,,92.5,,26.2
2984,6.23301,,91.75,,26.2
2985,6.23325,,91,,26.2
2986,6.23344,,89.5,,26.1
2987,6.23363,,88,,26
2988,6.23382,,89,,25.95
2989,6.23401,,90,,25.9
2990,6.23421,,91,,25.85
2991,6.2344,,92,,25.8
2992,6.23446,,93,,25.7333
2993,6.23451,,94,,25.6667
2994,6.23457,,95,,25.6
2995,6.23462,,94.25,,25.65
2996,6.23468,,93.5,,25.7
2997,6.23473,,92.75,,25.75
2998,6.23479,,92,,25.8
2999,6.23479,,89,,25.6
3000,6.23493,,88.5,,25.5
3001,6.23508,,88,,25.4
3002,6.23522,,87.5,,25.3
3003,6.23536,,87,,25.2
3004,6.23551,,86.5,,25.1
3005,6.23565,,86,,25
3006,6.23603,,87.3333,,24.9333
3007,6.23642,,88.6667,,24.8667
3008,6.2368,,90,,24.8
3009,6.23747,,93,,24.8
3010,6.23791,,93,,24.8
3011,6.23794,,91.5,,24.9
3012,6.23797,,90,,25
3013,6.23818,,90.375,,25
3014,6.23839,,90.75,,25
3015,6.23861,,91.125,,25
3016,6.23882,,91.5,,25
3017,6.23903,,91.875,,25
3018,6.23924,,92.25,,25
3019,6.23946,,92.625,,25
3020,6.23967,,93,,25
3021,6.23995,,94.5,,25
3022,6.24023,,96,,25
3023,6.24053,,95.5,,25.0667
3024,6.24083,,95,,25.1333
3025,6.24113,,94.5,,25.2
3026,6.24142,,94,,25.2667
3027,6.24172,,93.5,,25.3333
3028,6.24202,,93,,25.4
3029,6.24286,,93,,25.6
3030,6.24461,,94.5,,25.7
3031,6.24636,,96,,25.8
3032,6.25078,,100,,26.2
3033,6.25593,,102.5,,26.5
3034,6.26109,,105,,26.8
3035,6.26634,,108,,27.2
3036,6.27146,,112,,27.6
3037,6.27632,,115,,27.9
3038,6.28119,,118,,28.2
3039,6.28639,,121,,28.2
3040,6.29125,,123.5,,28.8
3041,6.29611,,126,,29.4
3042,6.30077,,127.5,,29.5
3043,6.30543,,129,,29.6
3044,6.31006,,131,,29.8
3045,6.31468,,133,,30
3046,6.31923,,134.5,,30.6
3047,6.32378,,136,,31.2
3048,6.32809,,137.333,,31.5333
3049,6.3324,,138.667,,31.8667
3050,6.33671,,140,,32.2
3051,6.34133,,141,,32.45
3052,6.34596,,142,,32.7
3053,6.35058,,143,,32.95
3054,6.3552,,144,,33.2
3055,6.35952,,144,,33.6
3056,6.36421,,145,,33.5
3057,6.36889,,146,,33.4
3058,6.37339,,146.4,,33.48
3059,6.37789,,146.8,,33.56
3060,6.38239,,147.2,,33.64
3061,6.38689,,147.6,,33.72
3062,6.39139,,148,,33.8
3063,6.39566,,148.8,,33.96
3064,6.39994,,149.6,,34.12
3065,6.40421,,150.4,,34.28
3066,6.40849,,151.2,,34.44
3067,6.41276,,152,,34.6
3068,6.4177,,152.2,,34.84
3069,6.42264,,152.4,,35.08
3070,6.42757,,152.6,,35.32
3071,6.43251,,152.8,,35.56
3072,6.43745,,153,,35.8
3073,6.44233,,154,,36
3074,6.4472,,154.6,,36
3075,6.45207,,155.2,,36
3076,6.45693,,155.8,,36
3077,6.4618,,156.4,,36
3078,6.46667,,157,,36
3079,6.47171,,156.5,,36.35
3080,6.47676,,156,,36.7
3081,6.4818,,155.5,,37.05
3082,6.48685,,155,,37.4
3083,6.49161,,156,,37.7
3084,6.49638,,157,,38
3085,6.50079,,157.2,,37.92
3086,6.5052,,157.4,,37.84
3087,6.50962,,157.6,,37.76
3088,6.51403,,157.8,,37.68
3089,6.51844,,158,,37.6
3090,6.52306,,158.2,,37.6
3091,6.52769,,158.4,,37.6
3092,6.53231,,158.6,,37.6
3093,6.53694,,158.8,,37.6
3094,6.54156,,159,,37.6
3095,6.54618,,159,,37.6
3096,6.55081,,159,,37.6
3097,6.55543,,159,,37.6
3098,6.56006,,159,,37.6
3099,6.56468,,159,,37.6
3100,6.56949,,160,,37.6
3101,6.57423,,160.2,,37.84
3102,6.57897,,160.4,,38.08
3103,6.58372,,160.6,,38.32
3104,6.58846,,160.8,,38.56
3105,6.5932,,161,,38.8
3106,6.59792,,161,,38.92
3107,6.60264,,161,,39.04
3108,6.60735,,161,,39.16
3109,6.61207,,161,,39.28
3110,6.61679,,161,,39.4
3111,6.62107,,161.2,,39.76
3112,6.62534,,161.4,,40.12
3113,6.62962,,161.6,,40.48
3114,6.63389,,161.8,,40.84
3115,6.63817,,162,,41.2
3116,6.64254,,161.6,,41.48
3117,6.64691,,161.2,,41.76
3118,6.65129,,160.8,,42.04
3119,6.65566,,160.4,,42.32
3120,6.66003,,160,,42.6
3121,6.66466,,160.2,,42.24
3122,6.66928,,160.4,,41.88
3123,6.67391,,160.6,,41.52
3124,6.67853,,160.8,,41.16
3125,6.68316,,161,,40.8
3126,6.68803,,161,,40.2
3127,6.69261,,161,,40.16
3128,6.69718,,161,,40.12
3129,6.70176,,161,,40.08
3130,6.70633,,161,,40.04
3131,6.71091,,161,,40
3132,6.71573,,160.6,,40.04
3133,6.72055,,160.2,,40.08
3134,6.72536,,159.8,,40.12
3135,6.73018,,159.4,,40.16
3136,6.735,,159,,40.2
3137,6.73929,,159,,40.05
3138,6.74358,,159,,39.9
3139,6.74788,,159,,39.75
3140,6.75217,,159,,39.6
3141,6.75602,,160,,39
3142,6.76064,,160.2,,38.92
3143,6.76526,,160.4,,38.84
3144,6.76987,,160.6,,38.76
3145,6.77449,,160.8,,38.68
3146,6.77911,,161,,38.6
3147,6.78384,,160.8,,38.44
3148,6.78857,,160.6,,38.28
3149,6.79331,,160.4,,38.12
3150,6.79804,,160.2,,37.96
3151,6.80277,,160,,37.8
3152,6.80754,,160,,37.3
3153,6.81232,,160,,36.8
3154,6.81702,,160,,36.7
3155,6.82172,,160,,36.6
3156,6.82643,,160,,36.5
3157,6.83113,,160,,36.4
3158,6.83605,,160,,36.3
3159,6.84096,,160,,36.2
3160,6.84587,,160,,36.1
3161,6.85079,,160,,36
3162,6.85591,,160,,35.9
3163,6.86104,,160,,35.8
3164,6.86562,,160,,35.8
3165,6.8702,,160,,35.8
3166,6.87477,,160,,35.8
3167,6.87935,,160,,35.8
3168,6.88393,,160,,35.8
3169,6.88829,,160,,36.12
3170,6.89266,,160,,36.44
3171,6.89702,,160,,36.76
3172,6.90139,,160,,37.08
3173,6.90575,,160,,37.4
3174,6.91076,,160,,37.5
3175,6.91578,,160,,37.6
3176,6.92079,,160,,37.7
3177,6.92581,,160,,37.8
3178,6.93075,,160,,38
3179,6.9357,,160,,38.2
3180,6.94049,,160.333,,38.1333
3181,6.94527,,160.667,,38.0667
3182,6.95006,,161,,38
3183,6.95484,,161,,37.9
3184,6.95963,,161,,37.8
3185,6.96436,,160.667,,37.4667
3186,6.96909,,160.333,,37.1333
3187,6.97382,,160,,36.8
3188,6.97825,,160.5,,36.6
3189,6.98269,,161,,36.4
3190,6.98712,,161,,36.6
3191,6.99094,,160.833,,36.2
3192,6.99476,,160.667,,35.8
3193,6.99857,,160.5,,35.4
3194,7.00239,,160.333,,35
3195,7.00621,,160.167,,34.6
3196,7.01003,,160,,34.2
3197,7.01433,,160,,33.88
3198,7.01862,,160,,33.56
3199,7.02292,,160,,33.24
3200,7.02721,,160,,32.92
3201,7.03151,,160,,32.6
3202,7.03602,,160.4,,32.56
3203,7.04054,,160.8,,32.52
3204,7.04505,,161.2,,32.48
3205,7.04957,,161.6,,32.44
3206,7.05408,,162,,32.4
3207,7.05891,,162,,32.6
3208,7.06323,,162,,32.8
3209,7.06765,,161.8,,33.2
3210,7.07206,,161.6,,33.6
3211,7.07648,,161.4,,34
3212,7.08089,,161.2,,34.4
3213,7.08531,,161,,34.8
3214,7.08985,,160.8,,34.88
3215,7.09439,,160.6,,34.96
3216,7.09893,,160.4,,35.04
3217,7.10347,,160.2,,35.12
3218,7.10801,,160,,35.2
3219,7.11229,,160,,34.84
3220,7.11657,,160,,34.48
3221,7.12084,,160,,34.12
3222,7.12512,,160,,33.76
3223,7.1294,,160,,33.4
3224,7.13369,,159.8,,33.68
3225,7.13799,,159.6,,33.96
3226,7.14228,,159.4,,34.24
3227,7.14658,,159.2,,34.52
3228,7.15087,,159,,34.8
3229,7.15541,,159,,34.8
3230,7.15995,,159,,34.8
3231,7.16448,,159,,34.8
3232,7.16902,,159,,34.8
3233,7.17356,,159,,34.8
3234,7.17856,,160,,35.4
3235,7.18325,,159.8,,35.24
3236,7.18794,,159.6,,35.08
3237,7.19263,,159.4,,34.92
3238,7.19732,,159.2,,34.76
3239,7.20201,,159,,34.6
3240,7.20654,,158.667,,34.7333
3241,7.21107,,158.333,,34.8667
3242,7.2156,,158,,35
3243,7.21978,,158,,34.84
3244,7.22396,,158,,34.68
3245,7.22813,,158,,34.52
3246,7.23231,,158,,34.36
3247,7.23649,,158,,34.2
3248,7.24049,,158,,34.3
3249,7.24449,,158,,34.4
3250,7.24849,,158,,34.5
3251,7.25249,,158,,34.6
3252,7.25649,,158,,34.7
3253,7.26049,,158,,34.8
3254,7.26506,,158,,35
3255,7.26963,,158,,35.2
3256,7.27419,,158,,35.4
3257,7.27876,,158,,35.6
3258,7.28333,,158,,35.8
3259,7.28787,,158,,36.05
3260,7.2924,,158,,36.3
3261,7.29694,,158,,36.55
3262,7.30148,,158,,36.8
3263,7.30605,,158.2,,36.72
3264,7.31062,,158.4,,36.64
3265,7.31518,,158.6,,36.56
3266,7.31975,,158.8,,36.48
3267,7.32432,,159,,36.4
3268,7.32874,,159,,36.64
3269,7.33317,,159,,36.88
3270,7.33759,,159,,37.12
3271,7.34202,,159,,37.36
3272,7.34644,,159,,37.6
3273,7.35081,,158.4,,37.44
3274,7.35519,,157.8,,37.28
3275,7.35956,,157.2,,37.12
3276,7.36394,,156.6,,36.96
3277,7.36831,,156,,36.8
3278,7.37232,,156.333,,36.9333
3279,7.37633,,156.667,,37.0667
3280,7.38034,,157,,37.2
3281,7.38434,,157.333,,37.3333
3282,7.38835,,157.667,,37.4667
3283,7.39236,,158,,37.6
3284,7.39695,,158,,37.56
3285,7.40154,,158,,37.52
3286,7.40612,,158,,37.48
3287,7.41071,,158,,37.44
3288,7.4153,,158,,37.4
3289,7.41997,,158,,37.64
3290,7.42464,,158,,37.88
3291,7.42932,,158,,38.12
3292,7.43399,,158,,38.36
3293,7.43866,,158,,38.6
3294,7.44329,,158,,38.6
3295,7.44791,,158,,38.6
3296,7.45254,,158,,38.6
3297,7.45716,,158,,38.6
3298,7.46179,,158,,38.6
3299,7.46581,,157.8,,38.36
3300,7.46984,,157.6,,38.12
3301,7.47386,,157.4,,37.88
3302,7.47789,,157.2,,37.64
3303,7.48191,,157,,37.4
3304,7.48585,,157.6,,37.12
3305,7.48978,,158.2,,36.84
3306,7.49372,,158.8,,36.56
3307,7.49765,,159.4,,36.28
3308,7.50159,,160,,36
3309,7.50611,,159.8,,35.88
3310,7.51062,,159.6,,35.76
3311,7.51514,,159.4,,35.64
3312,7.51965,,159.2,,35.52
3313,7.52417,,159,,35.4
3314,7.52861,,159.2,,35.48
3315,7.53306,,159.4,,35.56
3316,7.5375,,159.6,,35.64
3317,7.54195,,159.8,,35.72
3318,7.54639,,160,,35.8
3319,7.551,,160,,36.12
3320,7.5556,,160,,36.44
3321,7.56021,,160,,36.76
3322,7.56481,,160,,37.08
3323,7.56942,,160,,37.4
3324,7.57395,,160.2,,37.52
3325,7.57847,,160.4,,37.64
3326,7.583,,160.6,,37.76
3327,7.58752,,160.8,,37.88
3328,7.59205,,161,,38
3329,7.59611,,160.8,,38.08
3330,7.60017,,160.6,,38.16
3331,7.60423,,160.4,,38.24
3332,7.60829,,160.2,,38.32
3333,7.61235,,160,,38.4
3334,7.61642,,160.333,,38.4667
3335,7.62049,,160.667,,38.5333
3336,7.62455,,161,,38.6
3337,7.62862,,161.333,,38.6667
3338,7.63269,,161.667,,38.7333
3339,7.63676,,162,,38.8
3340,7.64138,,161.6,,38.72
3341,7.646,,161.2,,38.64
3342,7.65063,,160.8,,38.56
3343,7.65525,,160.4,,38.48
3344,7.65987,,160,,38.4
3345,7.66454,,160,,38.76
3346,7.66921,,160,,39.12
3347,7.67388,,160,,39.48
3348,7.67855,,160,,39.84
3349,7.68322,,160,,40.2
3350,7.68796,,160,,40.45
3351,7.6927,,160,,40.7
3352,7.69744,,160,,40.95
3353,7.70218,,160,,41.2
3354,7.70497,,159.8,,40.56
3355,7.70777,,159.6,,39.92
3356,7.71056,,159.4,,39.28
3357,7.71336,,159.2,,38.64
3358,7.71615,,159,,38
3359,7.7177,,158.25,,37.7
3360,7.71926,,157.5,,37.4
3361,7.72081,,156.75,,37.1
3362,7.72237,,156,,36.8
3363,7.72369,,155,,36.7333
3364,7.72502,,154,,36.6667
3365,7.72634,,153,,36.6
3366,7.72786,,152,,36.4
3367,7.72937,,151,,36.2
3368,7.73089,,150,,36
3369,7.73318,,149.25,,35.85
3370,7.73548,,148.5,,35.7
3371,7.73777,,147.75,,35.55
3372,7.74007,,147,,35.4
3373,7.74266,,146,,35.6
3374,7.74528,,145,,35.5333
3375,7.74791,,144,,35.4667
3376,7.75053,,143,,35.4
3377,7.75314,,142.625,,35.375
3378,7.75575,,142.25,,35.35
3379,7.75836,,141.875,,35.325
3380,7.76098,,141.5,,35.3
3381,7.76359,,141.125,,35.275
3382,7.7662,,140.75,,35.25
3383,7.76881,,140.375,,35.225
3384,7.77142,,140,,35.2
3385,7.77187,,141,,34.8
3386,7.77432,,140.25,,34.6
3387,7.77677,,139.5,,34.4
3388,7.77923,,138.75,,34.2
3389,7.78168,,138,,34
3390,7.78465,,137.667,,34.1333
3391,7.78761,,137.333,,34.2667
3392,7.79058,,137,,34.4
3393,7.79363,,136.4,,34.56
3394,7.79669,,135.8,,34.72
3395,7.79974,,135.2,,34.88
3396,7.8028,,134.6,,35.04
3397,7.80585,,134,,35.2
3398,7.8084,,133.75,,35.325
3399,7.81096,,133.5,,35.45
3400,7.81351,,133.25,,35.575
3401,7.81607,,133,,35.7
3402,7.81862,,132.75,,35.825
3403,7.82117,,132.5,,35.95
3404,7.82373,,132.25,,36.075
3405,7.82628,,132,,36.2
3406,7.82767,,131,,36
3407,7.82982,,131,,35.7
3408,7.83198,,131,,35.4
3409,7.83413,,131,,35.1
3410,7.83629,,131,,34.8
3411,7.83844,,131,,34.5
3412,7.8406,,131,,34.2
3413,7.84329,,130.75,,34.075
3414,7.84598,,130.5,,33.95
3415,7.84867,,130.25,,33.825
3416,7.85136,,130,,33.7
3417,7.85405,,129.75,,33.575
3418,7.85674,,129.5,,33.45
3419,7.85943,,129.25,,33.325
3420,7.86212,,129,,33.2
3421,7.8648,,128.667,,33.2667
3422,7.86748,,128.333,,33.3333
3423,7.87016,,128,,33.4
3424,7.87251,,127.667,,33.1333
3425,7.87486,,127.333,,32.8667
3426,7.87721,,127,,32.6
3427,7.87956,,126.667,,32.3333
3428,7.88191,,126.333,,32.0667
3429,7.88426,,126,,31.8
3430,7.88677,,126,,31.8
3431,7.88928,,126,,31.8
3432,7.89179,,126,,31.8
3433,7.89429,,126,,31.8
3434,7.8968,,126,,31.8
3435,7.89931,,126,,31.8
3436,7.90182,,126,,31.8
3437,7.90433,,126,,31.8
3438,7.90475,,127,,31.6
3439,7.9049,,126.833,,31.3
3440,7.90506,,126.667,,31
3441,7.90522,,126.5,,30.7
3442,7.90537,,126.333,,30.4
3443,7.90552,,126.167,,30.1
3444,7.90568,,126,,29.8
3445,7.90915,,126.75,,29.7
3446,7.91262,,127.5,,29.6
3447,7.91609,,128.25,,29.5
3448,7.91956,,129,,29.4
3449,7.92451,,132,,29.4
3450,7.92925,,133,,29.6
3451,7.93399,,134,,29.8
3452,7.93873,,135,,30
3453,7.94347,,136,,30.2
3454,7.94807,,137.333,,30.6667
3455,7.95266,,138.667,,31.1333
3456,7.95726,,140,,31.6
3457,7.96214,,140.75,,32
3458,7.96702,,141.5,,32.4
3459,7.9719,,142.25,,32.8
3460,7.97678,,143,,33.2
3461,7.98195,,143,,32.8
3462,7.98732,,144,,33.2
3463,7.9923,,145,,33.1333
3464,7.99728,,146,,33.0667
3465,8.00226,,147,,33
3466,8.00692,,147.4,,33.16
3467,8.01159,,147.8,,33.32
3468,8.01625,,148.2,,33.48
3469,8.02092,,148.6,,33.64
3470,8.02558,,149,,33.8
3471,8.03004,,149,,34
3472,8.03451,,149,,34.2
3473,8.03908,,149.8,,34.28
3474,8.04364,,150.6,,34.36
3475,8.04821,,151.4,,34.44
3476,8.05277,,152.2,,34.52
3477,8.05734,,153,,34.6
3478,8.06152,,153.2,,34.28
3479,8.06569,,153.4,,33.96
3480,8.06987,,153.6,,33.64
3481,8.07404,,153.8,,33.32
3482,8.07822,,154,,33
3483,8.08321,,154.4,,33.04
3484,8.08819,,154.8,,33.08
3485,8.09318,,155.2,,33.12
3486,8.09816,,155.6,,33.16
3487,8.10315,,156,,33.2
3488,8.10818,,156,,33.6
3489,8.11293,,156.4,,33.84
3490,8.11768,,156.8,,34.08
3491,8.12242,,157.2,,34.32
3492,8.12717,,157.6,,34.56
3493,8.13192,,158,,34.8
3494,8.1366,,158.4,,34.88
3495,8.14128,,158.8,,34.96
3496,8.14595,,159.2,,35.04
3497,8.15063,,159.6,,35.12
3498,8.15531,,160,,35.2
3499,8.15936,,159,,35.4
3500,8.16352,,159.2,,35.36
3501,8.16767,,159.4,,35.32
3502,8.17183,,159.6,,35.28
3503,8.17598,,159.8,,35.24
3504,8.18014,,160,,35.2
3505,8.18455,,160.75,,35.25
3506,8.18895,,161.5,,35.3
3507,8.19336,,162.25,,35.35
3508,8.19777,,163,,35.4
3509,8.20239,,163.2,,35.2
3510,8.20701,,163.4,,35
3511,8.21163,,163.6,,34.8
3512,8.21625,,163.8,,34.6
3513,8.22087,,164,,34.4
3514,8.2259,,164.5,,34.4
3515,8.23094,,165,,34.4
3516,8.23597,,165.5,,34.4
3517,8.241,,166,,34.4
3518,8.24611,,165.5,,34.2
3519,8.25121,,165,,34
3520,8.25622,,165,,34
3521,8.26124,,165,,34
3522,8.26592,,165,,34.2
3523,8.2706,,165,,34.4
3524,8.27528,,165,,34.6
3525,8.27996,,165,,34.8
3526,8.28464,,165,,35
3527,8.28897,,165,,35.4
3528,8.2933,,165,,35.8
3529,8.29764,,165,,36.2
3530,8.30197,,165,,36.6
3531,8.3063,,165,,37
3532,8.31052,,165,,36.72
3533,8.31475,,165,,36.44
3534,8.31897,,165,,36.16
3535,8.3232,,165,,35.88
3536,8.32742,,165,,35.6
3537,8.33232,,165,,35.64
3538,8.33721,,165,,35.68
3539,8.34211,,165,,35.72
3540,8.347,,165,,35.76
3541,8.3519,,165,,35.8
3542,8.3571,,165,,35.8
3543,8.3623,,165,,35.8
3544,8.3675,,165,,35.8
3545,8.37262,,165.5,,35.6
3546,8.37774,,166,,35.4
3547,8.38286,,166.5,,35.2
3548,8.38798,,167,,35
3549,8.39283,,165,,34.8
3550,8.3975,,165,,34.44
3551,8.40217,,165,,34.08
3552,8.40684,,165,,33.72
3553,8.41151,,165,,33.36
3554,8.41618,,165,,33
3555,8.42063,,165.2,,32.96
3556,8.42508,,165.4,,32.92
3557,8.42952,,165.6,,32.88
3558,8.43397,,165.8,,32.84
3559,8.43842,,166,,32.8
3560,8.44333,,166.2,,32.88
3561,8.44824,,166.4,,32.96
3562,8.45315,,166.6,,33.04
3563,8.45806,,166.8,,33.12
3564,8.46297,,167,,33.2
3565,8.46796,,167,,33.2667
3566,8.47295,,167,,33.3333
3567,8.47794,,167,,33.4
3568,8.48315,,167.5,,33.95
3569,8.48836,,168,,34.5
3570,8.49358,,168.5,,35.05
3571,8.49879,,169,,35.6
3572,8.50391,,168.75,,35.65
3573,8.50904,,168.5,,35.7
3574,8.51417,,168.25,,35.75
3575,8.51929,,168,,35.8
3576,8.52419,,168.25,,35.95
3577,8.52909,,168.5,,36.1
3578,8.53399,,168.75,,36.25
3579,8.53889,,169,,36.4
3580,8.54354,,169,,36.24
3581,8.54818,,169,,36.08
3582,8.55283,,169,,35.92
3583,8.55747,,169,,35.76
3584,8.56212,,169,,35.6
3585,8.56713,,168.6,,35.04
3586,8.57214,,168.2,,34.48
3587,8.57716,,167.8,,33.92
3588,8.58217,,167.4,,33.36
3589,8.58718,,167,,32.8
3590,8.59231,,168,,32.6
3591,8.59745,,169,,32.4
3592,8.60258,,170,,32.2
3593,8.6076,,169,,32.6
3594,8.61284,,169,,32.75
3595,8.61807,,169,,32.9
3596,8.62331,,169,,33.05
3597,8.62855,,169,,33.2
3598,8.63367,,169,,33.15
3599,8.63878,,169,,33.1
3600,8.6439,,169,,33.05
3601,8.64901,,169,,33
3602,8.65388,,169,,33.2
3603,8.65875,,169,,33.4
3604,8.66297,,168.8,,33.36
3605,8.66718,,168.6,,33.32
3606,8.6714,,168.4,,33.28
3607,8.67561,,168.2,,33.24
3608,8.67983,,168,,33.2
3609,8.68399,,168,,32.92
3610,8.68815,,168,,32.64
3611,8.69231,,168,,32.36
3612,8.69647,,168,,32.08
3613,8.70063,,168,,31.8
3614,8.70531,,168,,31.6
3615,8.7101,,168.4,,31.56
3616,8.71489,,168.8,,31.52
3617,8.71967,,169.2,,31.48
3618,8.72446,,169.6,,31.44
3619,8.72925,,170,,31.4
3620,8.73394,,169.6,,31.48
3621,8.73863,,169.2,,31.56
3622,8.74333,,168.8,,31.64
3623,8.74802,,168.4,,31.72
3624,8.75271,,168,,31.8
3625,8.75743,,168,,32.32
3626,8.76215,,168,,32.84
3627,8.76686,,168,,33.36
3628,8.77158,,168,,33.88
3629,8.7763,,168,,34.4
3630,8.78078,,168,,34.56
3631,8.78525,,168,,34.72
3632,8.78973,,168,,34.88
3633,8.7942,,168,,35.04
3634,8.79868,,168,,35.2
3635,8.80275,,168.5,,35.1
3636,8.80682,,169,,35
3637,8.81092,,168.4,,34.72
3638,8.81502,,167.8,,34.44
3639,8.81913,,167.2,,34.16
3640,8.82323,,166.6,,33.88
3641,8.82733,,166,,33.6
3642,8.83214,,166,,33.45
3643,8.83695,,166,,33.3
3644,8.84175,,166,,33.15
3645,8.84656,,166,,33
3646,8.85127,,166,,32.92
3647,8.85598,,166,,32.84
3648,8.8607,,166,,32.76
3649,8.86541,,166,,32.68
3650,8.87012,,166,,32.6
3651,8.87489,,165.5,,32.4
3652,8.87966,,165,,32.2
3653,8.88417,,165,,32.16
3654,8.88868,,165,,32.12
3655,8.89319,,165,,32.08
3656,8.8977,,165,,32.04
3657,8.90221,,165,,32
3658,8.906,,164.667,,31.6667
3659,8.90979,,164.333,,31.3333
3660,8.91358,,164,,31
3661,8.91738,,163.667,,30.6667
3662,8.92117,,163.333,,30.3333
3663,8.92496,,163,,30
3664,8.9294,,163,,29.92
3665,8.93383,,163,,29.84
3666,8.93827,,163,,29.76
3667,8.9427,,163,,29.68
3668,8.94714,,163,,29.6
3669,8.95173,,163.2,,29.64
3670,8.95632,,163.4,,29.68
3671,8.96091,,163.6,,29.72
3672,8.9655,,163.8,,29.76
3673,8.97009,,164,,29.8
3674,8.97476,,164,,30.2
3675,8.97942,,164,,30.6
3676,8.98422,,164,,30.92
3677,8.98901,,164,,31.24
3678,8.99381,,164,,31.56
3679,8.9986,,164,,31.88
3680,9.0034,,164,,32.2
3681,9.0079,,164,,32.52
3682,9.01241,,164,,32.84
3683,9.01691,,164,,33.16
3684,9.02142,,164,,33.48
3685,9.02592,,164,,33.8
3686,9.03012,,164,,34
3687,9.03432,,164,,34.2
3688,9.03852,,164,,34.4
3689,9.04272,,164,,34.6
3690,9.04692,,164,,34.8
3691,9.05107,,164,,34.6
3692,9.05522,,164,,34.4
3693,9.05938,,164,,34.2
3694,9.06353,,164,,34
3695,9.06768,,164,,33.8
3696,9.07226,,163.8,,33.6
3697,9.07684,,163.6,,33.4
3698,9.08142,,163.4,,33.2
3699,9.086,,163.2,,33
3700,9.09058,,163,,32.8
3701,9.09534,,163.2,,32.8
3702,9.1001,,163.4,,32.8
3703,9.10486,,163.6,,32.8
3704,9.10962,,163.8,,32.8
3705,9.11438,,164,,32.8
3706,9.11917,,164,,33.2
3707,9.12379,,164,,33.04
3708,9.12841,,164,,32.88
3709,9.13303,,164,,32.72
3710,9.13765,,164,,32.56
3711,9.14227,,164,,32.4
3712,9.14658,,163.5,,32.2
3713,9.15088,,163,,32
3714,9.15494,,163.2,,31.68
3715,9.159,,163.4,,31.36
3716,9.16306,,163.6,,31.04
3717,9.16712,,163.8,,30.72
3718,9.17118,,164,,30.4
3719,9.17586,,164,,30.24
3720,9.18055,,164,,30.08
3721,9.18523,,164,,29.92
3722,9.18992,,164,,29.76
3723,9.1946,,164,,29.6
3724,9.19917,,164.2,,29.72
3725,9.20375,,164.4,,29.84
3726,9.20832,,164.6,,29.96
3727,9.2129,,164.8,,30.08
3728,9.21747,,165,,30.2
3729,9.22224,,165,,30.8
3730,9.22685,,165,,31.36
3731,9.23147,,165,,31.92
3732,9.23608,,165,,32.48
3733,9.2407,,165,,33.04
3734,9.24531,,165,,33.6
3735,9.25012,,164.8,,33.84
3736,9.25492,,164.6,,34.08
3737,9.25973,,164.4,,34.32
3738,9.26453,,164.2,,34.56
3739,9.26934,,164,,34.8
3740,9.2738,,164,,35.3
3741,9.27826,,164,,35.8
3742,9.28255,,164.2,,36.16
3743,9.28684,,164.4,,36.52
3744,9.29114,,164.6,,36.88
3745,9.29543,,164.8,,37.24
3746,9.29972,,165,,37.6
3747,9.30369,,165,,37.3
3748,9.30765,,165,,37
3749,9.31162,,165,,36.7
3750,9.31559,,165,,36.4
3751,9.31955,,165,,36.1
3752,9.32352,,165,,35.8
3753,9.32815,,165,,35.76
3754,9.33278,,165,,35.72
3755,9.3374,,165,,35.68
3756,9.34203,,165,,35.64
3757,9.34666,,165,,35.6
3758,9.35141,,164,,35.4
3759,9.35622,,164,,35.76
3760,9.36102,,164,,36.12
3761,9.36583,,164,,36.48
3762,9.37063,,164,,36.84
3763,9.37544,,164,,37.2
3764,9.38026,,164,,37.4667
3765,9.38508,,164,,37.7333
3766,9.3899,,164,,38
3767,9.39446,,164,,37.4
3768,9.39737,,164,,37.4
3769,9.40028,,164,,37.4
3770,9.40319,,164,,37.4
3771,9.40474,,163.4,,37.08
3772,9.40628,,162.8,,36.76
3773,9.40783,,162.2,,36.44
3774,9.40937,,161.6,,36.12
3775,9.41092,,161,,35.8
3776,9.41212,,160.333,,35.5333
3777,9.41333,,159.667,,35.2667
3778,9.41453,,159,,35
3779,9.41598,,158.25,,34.8
3780,9.41743,,157.5,,34.6
3781,9.41888,,156.75,,34.4
3782,9.42033,,156,,34.2
3783,9.42154,,154.5,,34.1
3784,9.42274,,153,,34
3785,9.42372,,152.5,,33.7
3786,9.4247,,152,,33.4
3787,9.42498,,151,,33.2
3788,9.42526,,150,,33
3789,9.42554,,149,,32.8
3790,9.42576,,148,,32.6667
3791,9.42598,,147,,32.5333
3792,9.4262,,146,,32.4
3793,9.42634,,145.25,,32.3
3794,9.42648,,144.5,,32.2
3795,9.42662,,143.75,,32.1
3796,9.42676,,143,,32
3797,9.42688,,141.5,,31.9
3798,9.427,,140,,31.8
3799,9.42735,,139,,31.6667
3800,9.4277,,138,,31.5333
3801,9.42805,,137,,31.4
3802,9.42826,,136.429,,31.2286
3803,9.42848,,135.857,,31.0571
3804,9.42869,,135.286,,30.8857
3805,9.4289,,134.714,,30.7143
3806,9.42911,,134.143,,30.5429
3807,9.42933,,133.571,,30.3714
3808,9.42954,,133,,30.2
3809,9.43018,,132,,30.3333
3810,9.43082,,131,,30.4667
3811,9.43146,,130,,30.6
3812,9.43159,,129.625,,30.55
3813,9.43172,,129.25,,30.5
3814,9.43185,,128.875,,30.45
3815,9.43198,,128.5,,30.4
3816,9.43212,,128.125,,30.35
3817,9.43225,,127.75,,30.3
3818,9.43238,,127.375,,30.25
3819,9.43251,,127,,30.2
3820,9.43295,,126.8,,29.9867
3821,9.4334,,126.6,,29.7733
3822,9.43384,,126.4,,29.56
3823,9.43429,,126.2,,29.3467
3824,9.43473,,126,,29.1333
3825,9.43518,,125.8,,28.92
3826,9.43562,,125.6,,28.7067
3827,9.43607,,125.4,,28.4933
3828,9.43651,,125.2,,28.28
3829,9.43696,,125,,28.0667
3830,9.4374,,124.8,,27.8533
3831,9.43785,,124.6,,27.64
3832,9.43829,,124.4,,27.4267
3833,9.43874,,124.2,,27.2133
3834,9.43918,,124,,27
3835,9.43944,,123.571,,26.8857
3836,9.43969,,123.143,,26.7714
3837,9.43995,,122.714,,26.6571
3838,9.44021,,122.286,,26.5429
3839,9.44047,,121.857,,26.4286
3840,9.44072,,121.429,,26.3143
3841,9.44098,,121,,26.2
3842,9.44135,,120.667,,26.0667
3843,9.44172,,120.333,,25.9333
3844,9.44208,,120,,25.8
3845,9.44245,,119.667,,25.6667
3846,9.44282,,119.333,,25.5333
3847,9.44319,,119,,25.4
3848,9.44355,,118.667,,25.2667
3849,9.44392,,118.333,,25.1333
3850,9.44429,,118,,25
3851,9.44562,,117.4,,24.92
3852,9.44694,,116.8,,24.84
3853,9.44827,,116.2,,24.76
3854,9.44959,,115.6,,24.68
3855,9.45092,,115,,24.6
3856,9.45201,,115,,24.6
3857,9.45482,,115.5,,24.55
3858,9.45763,,116,,24.5
3859,9.46044,,116.5,,24.45
3860,9.46325,,117,,24.4
3861,9.46857,,120,,24.6
3862,9.47403,,123,,24.6
3863,9.47928,,126,,25
3864,9.48448,,128,,24.9
3865,9.48968,,130,,24.8
3866,9.49476,,133,,24.4
3867,9.49981,,134.5,,24.1
3868,9.50487,,136,,23.8
3869,9.50963,,137.333,,24.0667
3870,9.5144,,138.667,,24.3333
3871,9.51916,,140,,24.6
3872,9.5241,,141.5,,25.1
3873,9.52903,,143,,25.6
3874,9.53411,,143,,25.8
3875,9.53914,,144.5,,26.7
3876,9.54418,,146,,27.6
3877,9.54907,,146.75,,27.85
3878,9.55396,,147.5,,28.1
3879,9.55886,,148.25,,28.35
3880,9.56375,,149,,28.6
3881,9.56844,,150.333,,28.9333
3882,9.57313,,151.667,,29.2667
3883,9.57782,,153,,29.6
3884,9.58243,,153,,30.2
3885,9.58704,,153,,30.8
3886,9.59145,,153.6,,31.12
3887,9.59586,,154.2,,31.44
3888,9.60028,,154.8,,31.76
3889,9.60469,,155.4,,32.08
3890,9.6091,,156,,32.4
3891,9.6136,,156.75,,32.75
3892,9.6181,,157.5,,33.1
3893,9.6226,,158.25,,33.45
3894,9.6271,,159,,33.8
3895,9.6321,,159.2,,34.08
3896,9.6371,,159.4,,34.36
3897,9.64209,,159.6,,34.64
3898,9.64709,,159.8,,34.92
3899,9.65209,,160,,35.2
3900,9.65732,,160.333,,35.4
3901,9.66255,,160.667,,35.6
3902,9.66778,,161,,35.8
3903,9.67271,,161.6,,36.04
3904,9.67764,,162.2,,36.28
3905,9.68258,,162.8,,36.52
3906,9.68751,,163.4,,36.76
3907,9.69244,,164,,37
3908,9.69671,,164.2,,36.64
3909,9.70097,,164.4,,36.28
3910,9.70524,,164.6,,35.92
3911,9.7095,,164.8,,35.56
3912,9.71377,,165,,35.2
3913,9.71717,,165,,34.6
3914,9.72159,,165,,34.44
3915,9.72601,,165,,34.28
3916,9.73042,,165,,34.12
3917,9.73484,,165,,33.96
3918,9.73926,,165,,33.8
3919,9.74376,,165.333,,33.9333
3920,9.74827,,165.667,,34.0667
3921,9.75277,,166,,34.2
3922,9.75743,,166,,34.4
3923,9.76182,,166.25,,34.85
3924,9.7662,,166.5,,35.3
3925,9.77058,,166.75,,35.75
3926,9.77497,,167,,36.2
3927,9.77943,,167,,36.2
3928,9.7839,,167,,36.2
3929,9.78836,,167,,36.2
3930,9.7929,,167,,36.28
3931,9.79745,,167,,36.36
3932,9.80199,,167,,36.44
3933,9.80654,,167,,36.52
3934,9.81108,,167,,36.6
3935,9.81569,,167,,36.7
3936,9.82029,,167,,36.8
3937,9.82478,,167,,37
3938,9.82926,,167,,37.2
3939,9.83375,,167,,37.4
3940,9.83823,,167,,37.6
3941,9.84272,,167,,37.8
3942,9.84664,,167.167,,37.5667
3943,9.85055,,167.333,,37.3333
3944,9.85446,,167.5,,37.1
3945,9.85838,,167.667,,36.8667
3946,9.8623,,167.833,,36.6333
3947,9.86621,,168,,36.4
3948,9.87084,,168,,36.56
3949,9.87547,,168,,36.72
3950,9.88009,,168,,36.88
3951,9.88472,,168,,37.04
3952,9.88935,,168,,37.2
3953,9.89461,,169,,37.4
3954,9.89951,,169,,37.56
3955,9.90442,,169,,37.72
3956,9.90932,,169,,37.88
3957,9.91423,,169,,38.04
3958,9.91913,,169,,38.2
3959,9.92391,,168.8,,38.2
3960,9.9287,,168.6,,38.2
3961,9.93348,,168.4,,38.2
3962,9.93827,,168.2,,38.2
3963,9.94305,,168,,38.2
3964,9.94701,,169,,37.8
3965,9.95122,,168.8,,37.56
3966,9.95543,,168.6,,37.32
3967,9.95963,,168.4,,37.08
3968,9.96384,,168.2,,36.84
3969,9.96805,,168,,36.6
3970,9.97207,,167.833,,36.4667
3971,9.97609,,167.667,,36.3333
3972,9.98011,,167.5,,36.2
3973,9.98414,,167.333,,36.0667
3974,9.98816,,167.167,,35.9333
3975,9.99218,,167,,35.8
3976,9.99671,,167,,35.76
3977,10.0012,,167,,35.72
3978,10.0058,,167,,35.68
3979,10.0103,,167,,35.64
3980,10.0148,,167,,35.6
3981,10.0194,,167,,35.2
3982,10.0239,,167,,35.4
3983,10.0284,,167,,35.6
3984,10.0329,,167,,35.8
3985,10.0374,,167,,36
3986,10.0419,,167,,36.2
3987,10.0466,,166.8,,36.16
3988,10.0512,,166.6,,36.12
3989,10.0558,,166.4,,36.08
3990,10.0605,,166.2,,36.04
3991,10.0651,,166,,36
3992,10.0697,,166,,36.15
3993,10.0743,,166,,36.3
3994,10.0789,,166,,36.45
3995,10.0834,,166,,36.6
3996,10.0878,,166,,36.68
3997,10.0922,,166,,36.76
3998,10.0966,,166,,36.84
3999,10.101,,166,,36.92
4000,10.1054,,166,,37
4001,10.1103,,166.2,,37.24
4002,10.1151,,166.4,,37.48
4003,10.12,,166.6,,37.72
4004,10.1249,,166.8,,37.96
4005,10.1298,,167,,38.2
4006,10.1346,,167,,38.3
4007,10.1394,,167,,38.4
4008,10.1443,,167,,38.28
4009,10.1492,,167,,38.16
4010,10.154,,167,,38.04
4011,10.1589,,167,,37.92
4012,10.1638,,167,,37.8
4013,10.1686,,167,,37.6667
4014,10.1734,,167,,37.5333
4015,10.1783,,167,,37.4
4016,10.1829,,167,,37.4667
4017,10.1876,,167,,37.5333
4018,10.1923,,167,,37.6
4019,10.1962,,166.833,,37.2
4020,10.2002,,166.667,,36.8
4021,10.2042,,166.5,,36.4
4022,10.2082,,166.333,,36
4023,10.2122,,166.167,,35.6
4024,10.2162,,166,,35.2
4025,10.2203,,166,,34.96
4026,10.2244,,166,,34.72
4027,10.2285,,166,,34.48
4028,10.2326,,166,,34.24
4029,10.2367,,166,,34
4030,10.2411,,166,,34.15
4031,10.2454,,166,,34.3
4032,10.2498,,166,,34.45
4033,10.2541,,166,,34.6
4034,10.2587,,166,,35.12
4035,10.2633,,166,,35.64
4036,10.2679,,166,,36.16
4037,10.2725,,166,,36.68
4038,10.277,,166,,37.2
4039,10.2816,,166,,37.12
4040,10.2862,,166,,37.04
4041,10.2908,,166,,36.96
4042,10.2954,,166,,36.88
4043,10.3,,166,,36.8
4044,10.3045,,166.2,,36.72
4045,10.3091,,166.4,,36.64
4046,10.3136,,166.6,,36.56
4047,10.3181,,166.8,,36.48
4048,10.3227,,167,,36.4
4049,10.3267,,167,,36.44
4050,10.3308,,167,,36.48
4051,10.3349,,167,,36.52
4052,10.339,,167,,36.56
4053,10.343,,167,,36.6
4054,10.3476,,167.2,,36.92
4055,10.3521,,167.4,,37.24
4056,10.3567,,167.6,,37.56
4057,10.3612,,167.8,,37.88
4058,10.3658,,168,,38.2
4059,10.3705,,167.8,,38.12
4060,10.3752,,167.6,,38.04
4061,10.38,,167.4,,37.96
4062,10.3847,,167.2,,37.88
4063,10.3895,,167,,37.8
4064,10.394,,166.8,,37.72
4065,10.3986,,166.6,,37.64
4066,10.4031,,166.4,,37.56
4067,10.4077,,166.2,,37.48
4068,10.4122,,166,,37.4
4069,10.4167,,165.8,,37.08
4070,10.4213,,165.6,,36.76
4071,10.4258,,165.4,,36.44
4072,10.4303,,165.2,,36.12
4073,10.4348,,165,,35.8
4074,10.4389,,165,,35.68
4075,10.4429,,165,,35.56
4076,10.4469,,165,,35.44
4077,10.451,,165,,35.32
4078,10.455,,165,,35.2
4079,10.4593,,165.2,,35.04
4080,10.4635,,165.4,,34.88
4081,10.4678,,165.6,,34.72
4082,10.472,,165.8,,34.56
4083,10.4763,,166,,34.4
4084,10.4809,,166.2,,34.16
4085,10.4855,,166.4,,33.92
4086,10.4901,,166.6,,33.68
4087,10.4947,,166.8,,33.44
4088,10.4994,,167,,33.2
4089,10.5042,,167,,32.8
4090,10.5089,,167,,32.56
4091,10.5136,,167,,32.32
4092,10.5183,,167,,32.08
4093,10.523,,167,,31.84
4094,10.5277,,167,,31.6
4095,10.5324,,167,,31.6
4096,10.537,,167,,31.6
4097,10.5416,,167,,31.6
4098,10.5462,,167,,31.6
4099,10.5509,,167,,31.6
4100,10.5556,,167,,32
4101,10.5602,,167,,32.4
4102,10.5645,,166.8,,32.8
4103,10.5688,,166.6,,33.2
4104,10.573,,166.4,,33.6
4105,10.5773,,166.2,,34
4106,10.5816,,166,,34.4
4107,10.586,,166,,34.88
4108,10.5904,,166,,35.36
4109,10.5948,,166,,35.84
4110,10.5992,,166,,36.32
4111,10.6036,,166,,36.8
4112,10.6083,,166,,36.92
4113,10.6129,,166,,37.04
4114,10.6176,,166,,37.16
4115,10.6222,,166,,37.28
4116,10.6269,,166,,37.4
4117,10.6318,,166,,37.6
4118,10.6368,,166,,38
4119,10.6418,,166,,38.4
4120,10.6468,,166,,38.8
4121,10.6518,,166,,39.2
4122,10.6564,,166,,38.4
4123,10.661,,166,,37.6
4124,10.6652,,167.5,,36.9
4125,10.6694,,169,,36.2
4126,10.6738,,166,,35.8
4127,10.6784,,166,,35.6
4128,10.6831,,166,,35.4
4129,10.6874,,166,,35
4130,10.6917,,166,,34.6
4131,10.6961,,166,,34.2
4132,10.7004,,166,,33.8
4133,10.7047,,166,,33.4
4134,10.709,,166,,32.72
4135,10.7133,,166,,32.04
4136,10.7177,,166,,31.36
4137,10.722,,166,,30.68
4138,10.7263,,166,,30
4139,10.731,,166.4,,29.92
4140,10.7356,,166.8,,29.84
4141,10.7403,,167.2,,29.76
4142,10.745,,167.6,,29.68
4143,10.7496,,168,,29.6
4144,10.7544,,167.667,,29.7333
4145,10.7591,,167.333,,29.8667
4146,10.7638,,167,,30
4147,10.7685,,167,,30.2
4148,10.7732,,167,,30.4
4149,10.7779,,167,,30.6
4150,10.7826,,167,,30.8
4151,10.7873,,167,,30.88
4152,10.792,,167,,30.96
4153,10.7967,,167,,31.04
4154,10.8014,,167,,31.12
4155,10.8061,,167,,31.2
4156,10.8106,,166.5,,31.4
4157,10.8151,,166,,31.6
4158,10.8195,,166,,31.72
4159,10.8239,,166,,31.84
4160,10.8284,,166,,31.96
4161,10.8328,,166,,32.08
4162,10.8372,,166,,32.2
4163,10.8417,,166,,32.08
4164,10.8461,,166,,31.96
4165,10.8505,,166,,31.84
4166,10.8549,,166,,31.72
4167,10.8593,,166,,31.6
4168,10.864,,166,,31.5
4169,10.8686,,166,,31.4
4170,10.8731,,166,,31.6
4171,10.8776,,165.6,,31.72
4172,10.8821,,165.2,,31.84
4173,10.8866,,164.8,,31.96
4174,10.8911,,164.4,,32.08
4175,10.8956,,164,,32.2
4176,10.8997,,163.8,,31.96
4177,10.9038,,163.6,,31.72
4178,10.908,,163.4,,31.48
4179,10.9121,,163.2,,31.24
4180,10.9162,,163,,31
4181,10.9204,,163,,31.2
4182,10.9237,,163,,31.0667
4183,10.927,,163,,30.9333
4184,10.9303,,163,,30.8
4185,10.9317,,162.4,,30.64
4186,10.9331,,161.8,,30.48
4187,10.9345,,161.2,,30.32
4188,10.9359,,160.6,,30.16
4189,10.9372,,160,,30
4190,10.9394,,159.2,,29.92
4191,10.9415,,158.4,,29.84
4192,10.9437,,157.6,,29.76
4193,10.9458,,156.8,,29.68
4194,10.948,,156,,29.6
4195,10.9508,,155.5,,29.6667
4196,10.9536,,155,,29.7333
4197,10.9564,,154.5,,29.8
4198,10.9592,,154,,29.8667
4199,10.9621,,153.5,,29.9333
4200,10.9649,,153,,30
4201,10.9676,,152,,30.0667
4202,10.9703,,151,,30.1333
4203,10.9731,,150,,30.2
4204,10.976,,149.5,,30.3333
4205,10.979,,149,,30.4667
4206,10.9819,,148.5,,30.6
4207,10.9849,,148,,30.7333
4208,10.9879,,147.5,,30.8667
4209,10.9908,,147,,31
4210,10.9936,,147,,31.0286
4211,10.9963,,147,,31.0571
4212,10.999,,147,,31.0857
4213,11.0017,,147,,31.1143
4214,11.0044,,147,,31.1429
4215,11.0072,,147,,31.1714
4216,11.0099,,147,,31.2
4217,11.0123,,146.4,,30.76
4218,11.0148,,145.8,,30.32
4219,11.0173,,145.2,,29.88
4220,11.0197,,144.6,,29.44
4221,11.0222,,144,,29
4222,11.0254,,143.714,,29.1429
4223,11.0285,,143.429,,29.2857
4224,11.0317,,143.143,,29.4286
4225,11.0348,,142.857,,29.5714
4226,11.038,,142.571,,29.7143
4227,11.0412,,142.286,,29.8571
4228,11.0443,,142,,30
4229,11.0475,,141.5,,29.9
4230,11.0506,,141,,29.8
4231,11.0538,,140.5,,29.7
4232,11.0569,,140,,29.6
4233,11.0601,,139.5,,29.5
4234,11.0632,,139,,29.4
4235,11.0662,,138.857,,29.3143
4236,11.0692,,138.714,,29.2286
4237,11.0722,,138.571,,29.1429
4238,11.0751,,138.429,,29.0571
4239,11.0781,,138.286,,28.9714
4240,11.0811,,138.143,,28.8857
4241,11.0841,,138,,28.8
4242,11.086,,138,,28.6
4243,11.0872,,137.727,,28.5455
4244,11.0884,,137.455,,28.4909
4245,11.0896,,137.182,,28.4364
4246,11.0907,,136.909,,28.3818
4247,11.0919,,136.636,,28.3273
4248,11.0931,,136.364,,28.2727
4249,11.0943,,136.091,,28.2182
4250,11.0955,,135.818,,28.1636
4251,11.0967,,135.545,,28.1091
4252,11.0978,,135.273,,28.0545
4253,11.099,,135,,28
4254,11.0992,,134.727,,27.8727
4255,11.0995,,134.455,,27.7455
4256,11.0997,,134.182,,27.6182
4257,11.0999,,133.909,,27.4909
4258,11.1001,,133.636,,27.3636
4259,11.1003,,133.364,,27.2364
4260,11.1005,,133.091,,27.1091
4261,11.1008,,132.818,,26.9818
4262,11.101,,132.545,,26.8545
4263,11.1012,,132.273,,26.7273
4264,11.1014,,132,,26.6
4265,11.1021,,131.5,,26.4
4266,11.1028,,131,,26.2
4267,11.1036,,130.5,,26
4268,11.1043,,130,,25.8
4269,11.105,,129.5,,25.6
4270,11.1057,,129,,25.4
4271,11.1066,,128,,25.2
4272,11.1089,,129,,25
4273,11.1112,,130,,24.8
4274,11.1135,,131,,24.6
4275,11.119,,132.333,,24.6667
4276,11.1245,,133.667,,24.7333
4277,11.1299,,135,,24.8
4278,11.1353,,136.333,,25
4279,11.1407,,137.667,,25.2
4280,11.146,,139,,25.4
4281,11.1508,,139.75,,25.45
4282,11.1556,,140.5,,25.5
4283,11.1604,,141.25,,25.55
4284,11.1651,,142,,25.6
4285,11.1704,,142.75,,26.05
4286,11.1756,,143.5,,26.5
4287,11.1808,,144.25,,26.95
4288,11.186,,145,,27.4
4289,11.1912,,146,,27.8
4290,11.1963,,146.5,,28.2
4291,11.2015,,147,,28.6
4292,11.2063,,148,,29.3333
4293,11.2112,,149,,30.0667
4294,11.216,,150,,30.8
4295,11.2213,,150,,30.8
4296,11.2263,,151,,31.4667
4297,11.2313,,152,,32.1333
4298,11.2362,,153,,32.8
4299,11.241,,153.6,,33.2
4300,11.2457,,154.2,,33.6
4301,11.2505,,154.8,,34
4302,11.2552,,155.4,,34.4
4303,11.26,,156,,34.8
4304,11.2648,,156.6,,35.08
4305,11.2697,,157.2,,35.36
4306,11.2746,,157.8,,35.64
4307,11.2795,,158.4,,35.92
4308,11.2843,,159,,36.2
4309,11.2893,,159.4,,35.84
4310,11.2943,,159.8,,35.48
4311,11.2992,,160.2,,35.12
4312,11.3042,,160.6,,34.76
4313,11.3092,,161,,34.4
4314,11.3145,,161.25,,34.7
4315,11.3198,,161.5,,35
4316,11.3251,,161.75,,35.3
4317,11.3304,,162,,35.6
4318,11.3355,,162.5,,35.3
4319,11.3407,,163,,35
4320,11.3458,,163.5,,34.7
4321,11.351,,164,,34.4
4322,11.356,,164,,34
4323,11.3606,,164.2,,33.64
4324,11.3651,,164.4,,33.28
4325,11.3696,,164.6,,32.92
4326,11.3741,,164.8,,32.56
4327,11.3787,,165,,32.2
4328,11.3832,,165,,31.72
4329,11.3878,,165,,31.24
4330,11.3924,,165,,30.76
4331,11.397,,165,,30.28
4332,11.4016,,165,,29.8
4333,11.4063,,165.4,,29.48
4334,11.411,,165.8,,29.16
4335,11.4157,,166.2,,28.84
4336,11.4204,,166.6,,28.52
4337,11.4252,,167,,28.2
4338,11.4297,,168,,28.8
4339,11.4345,,168,,29
4340,11.4395,,168.2,,29.4
4341,11.4445,,168.4,,29.8
4342,11.4495,,168.6,,30.2
4343,11.4545,,168.8,,30.6
4344,11.4595,,169,,31
4345,11.4646,,169.25,,31.5
4346,11.4697,,169.5,,32
4347,11.4748,,169.75,,32.5
4348,11.48,,170,,33
4349,11.4849,,170,,33.2667
4350,11.4898,,170,,33.5333
4351,11.4947,,170,,33.8
4352,11.4993,,170.2,,33.84
4353,11.5038,,170.4,,33.88
4354,11.5083,,170.6,,33.92
4355,11.5129,,170.8,,33.96
4356,11.5174,,171,,34
4357,11.5219,,170.8,,34.2
4358,11.5265,,170.6,,34.4
4359,11.531,,170.4,,34.6
4360,11.5355,,170.2,,34.8
4361,11.54,,170,,35
4362,11.5448,,170,,34.92
4363,11.5496,,170,,34.84
4364,11.5544,,170,,34.76
4365,11.5593,,170,,34.68
4366,11.5641,,170,,34.6
4367,11.5688,,171,,34.4
4368,11.5738,,170.75,,34.5
4369,11.5788,,170.5,,34.6
4370,11.5838,,170.25,,34.7
4371,11.5889,,170,,34.8
4372,11.5939,,170,,34.9
4373,11.5989,,170,,35
4374,11.6039,,170,,35.1
4375,11.6089,,170,,35.2
4376,11.6138,,170,,35.2
4377,11.6182,,169.8,,34.72
4378,11.6226,,169.6,,34.24
4379,11.627,,169.4,,33.76
4380,11.6314,,169.2,,33.28
4381,11.6358,,169,,32.8
4382,11.6403,,169,,32.24
4383,11.6447,,169,,31.68
4384,11.6492,,169,,31.12
4385,11.6537,,169,,30.56
4386,11.6581,,169,,30
4387,11.6629,,169.2,,30.08
4388,11.6677,,169.4,,30.16
4389,11.6725,,169.6,,30.24
4390,11.6773,,169.8,,30.32
4391,11.682,,170,,30.4
4392,11.6869,,170,,30.7
4393,11.6918,,170,,31
4394,11.6967,,170,,31.3333
4395,11.7015,,170,,31.6667
4396,11.7064,,170,,32
4397,11.7109,,170,,32.6667
4398,11.7154,,170,,33.3333
4399,11.7199,,170,,34
4400,11.7244,,171,,34.3
4401,11.729,,172,,34.6
4402,11.7337,,171,,34.5
4403,11.7384,,170,,34.4
4404,11.7429,,170.2,,34.68
4405,11.7475,,170.4,,34.96
4406,11.752,,170.6,,35.24
4407,11.7566,,170.8,,35.52
4408,11.7611,,171,,35.8
4409,11.7655,,171,,35.8
4410,11.7699,,171,,35.8
4411,11.7743,,171,,35.8
4412,11.7787,,171,,35.8
4413,11.7831,,171,,35.8
4414,11.7876,,171,,35.68
4415,11.7921,,171,,35.56
4416,11.7966,,171,,35.44
4417,11.8011,,171,,35.32
4418,11.8056,,171,,35.2
4419,11.8108,,171,,34.6
4420,11.8159,,171,,34
4421,11.8208,,170.8,,33.8
4422,11.8256,,170.6,,33.6
4423,11.8304,,170.4,,33.4
4424,11.8352,,170.2,,33.2
4425,11.84,,170,,33
4426,11.845,,170,,32.8
4427,11.85,,170,,32.6
4428,11.8551,,170,,32.4
4429,11.8597,,170,,32
4430,11.8644,,170,,31.6
4431,11.8686,,169.8,,31.12
4432,11.8727,,169.6,,30.64
4433,11.8769,,169.4,,30.16
4434,11.8811,,169.2,,29.68
4435,11.8853,,169,,29.2
4436,11.8895,,168.8,,29
4437,11.8938,,168.6,,28.8
4438,11.898,,168.4,,28.6
4439,11.9023,,168.2,,28.4
4440,11.9065,,168,,28.2
4441,11.911,,168,,28.32
4442,11.9154,,168,,28.44
4443,11.9198,,168,,28.56
4444,11.9243,,168,,28.68
4445,11.9287,,168,,28.8
4446,11.9333,,168,,29
4447,11.9378,,168,,29.2
4448,11.9423,,168,,29.2
4449,11.9467,,168,,29.2
4450,11.9512,,168,,29.2
4451,11.9556,,168,,29.2
4452,11.9601,,168,,29.56
4453,11.9646,,168,,29.92
4454,11.9691,,168,,30.28
4455,11.9735,,168,,30.64
4456,11.978,,168,,31
4457,11.9823,,168,,31.6
4458,11.9865,,168,,32.2
4459,11.9906,,167.8,,32.48
4460,11.9946,,167.6,,32.76
4461,11.9987,,167.4,,33.04
4462,12.0028,,167.2,,33.32
4463,12.0069,,167,,33.6
4464,12.011,,166.8,,33.64
4465,12.0151,,166.6,,33.68
4466,12.0192,,166.4,,33.72
4467,12.0233,,166.2,,33.76
4468,12.0274,,166,,33.8
4469,12.0317,,165.8,,33.76
4470,12.0359,,165.6,,33.72
4471,12.0402,,165.4,,33.68
4472,12.0444,,165.2,,33.64
4473,12.0487,,165,,33.6
4474,12.0533,,165,,33.4
4475,12.0578,,165,,33.2
4476,12.0626,,165,,33.04
4477,12.0674,,165,,32.88
4478,12.0722,,165,,32.72
4479,12.077,,165,,32.56
4480,12.0818,,165,,32.4
4481,12.0865,,165,,32.28
4482,12.0912,,165,,32.16
4483,12.096,,165,,32.04
4484,12.1007,,165,,31.92
4485,12.1054,,165,,31.8
4486,12.1099,,165,,31.88
4487,12.1144,,165,,31.96
4488,12.1188,,165,,32.04
4489,12.1233,,165,,32.12
4490,12.1278,,165,,32.2
4491,12.1324,,165,,32.2
4492,12.1369,,165.2,,32.08
4493,12.1415,,165.4,,31.96
4494,12.146,,165.6,,31.84
4495,12.1505,,165.8,,31.72
4496,12.155,,166,,31.6
4497,12.1595,,166,,31.6
4498,12.1639,,166,,31.6
4499,12.1683,,166,,31.6
4500,12.1727,,166,,31.6
4501,12.1771,,166,,31.6
4502,12.1813,,166,,31.8
4503,12.186,,166,,32
4504,12.1904,,166,,32.4
4505,12.1949,,166,,32.8
4506,12.1994,,166,,33.05
4507,12.204,,166,,33.3
4508,12.2086,,166,,33.55
4509,12.2131,,166,,33.8
4510,12.2173,,165,,34.4
4511,12.2219,,165,,34.7
4512,12.2264,,165,,35
4513,12.2308,,165,,35.1
4514,12.2353,,165,,35.2
4515,12.2395,,165,,35.36
4516,12.2438,,165,,35.52
4517,12.248,,165,,35.68
4518,12.2523,,165,,35.84
4519,12.2565,,165,,36
4520,12.2608,,165,,35.96
4521,12.2651,,165,,35.92
4522,12.2693,,165,,35.88
4523,12.2736,,165,,35.84
4524,12.2779,,165,,35.8
4525,12.2823,,165,,35.56
4526,12.2867,,165,,35.32
4527,12.2911,,165,,35.08
4528,12.2955,,165,,34.84
4529,12.2999,,165,,34.6
4530,12.3048,,165,,34.56
4531,12.3097,,165,,34.52
4532,12.3147,,165,,34.48
4533,12.3196,,165,,34.44
4534,12.3245,,165,,34.4
4535,12.3293,,165,,34.4
4536,12.3341,,165,,34.4
4537,12.339,,165,,34.4
4538,12.3438,,165,,34.4
4539,12.3486,,165,,34.4
4540,12.3532,,165,,34.3
4541,12.3578,,165,,34.2
4542,12.3619,,165,,33.8
4543,12.366,,165,,33.4
4544,12.3701,,165,,33
4545,12.3742,,165,,32.6
4546,12.3782,,165,,32.2
4547,12.3826,,165.2,,31.84
4548,12.3869,,165.4,,31.48
4549,12.3912,,165.6,,31.12
4550,12.3955,,165.8,,30.76
4551,12.3998,,166,,30.4
4552,12.4045,,166.2,,30.48
4553,12.4091,,166.4,,30.56
4554,12.4138,,166.6,,30.64
4555,12.4185,,166.8,,30.72
4556,12.4231,,167,,30.8
4557,12.4278,,167,,30.2
4558,12.4324,,167,,30.16
4559,12.4371,,167,,30.12
4560,12.4417,,167,,30.08
4561,12.4463,,167,,30.04
4562,12.4509,,167,,30
4563,12.4556,,167,,30.1
4564,12.4603,,167,,30.2
4565,12.4649,,167,,30.3
4566,12.4696,,167,,30.4
4567,12.474,,167,,30.8
4568,12.4785,,167,,31.2
4569,12.4829,,167,,31.6
4570,12.487,,167,,31.6
4571,12.491,,167,,31.6
4572,12.4951,,167,,31.6
4573,12.4991,,167,,31.6
4574,12.5032,,167,,31.6
4575,12.5075,,166.8,,31.4
4576,12.5118,,166.6,,31.2
4577,12.516,,166.4,,31
4578,12.5203,,166.2,,30.8
4579,12.5246,,166,,30.6
4580,12.5294,,166,,30.16
4581,12.5342,,166,,29.72
4582,12.539,,166,,29.28
4583,12.5438,,166,,28.84
4584,12.5486,,166,,28.4
4585,12.5537,,165,,27.4
4586,12.5584,,165,,27.6
4587,12.5631,,165,,27.8
4588,12.5678,,165,,28
4589,12.5724,,165,,28.2
4590,12.5771,,164.667,,28.4667
4591,12.5818,,164.333,,28.7333
4592,12.5865,,164,,29
4593,12.591,,164,,28.9333
4594,12.5954,,164,,28.8667
4595,12.5999,,164,,28.8
4596,12.6032,,164,,28.4
4597,12.6049,,163.4,,28.36
4598,12.6065,,162.8,,28.32
4599,12.6082,,162.2,,28.28
4600,12.6098,,161.6,,28.24
4601,12.6114,,161,,28.2
4602,12.6123,,160.5,,28.2333
4603,12.6132,,160,,28.2667
4604,12.6142,,159.5,,28.3
4605,12.6151,,159,,28.3333
4606,12.6159,,158.5,,28.3667
4607,12.6168,,158,,28.4
4608,12.6177,,157.667,,28.4667
4609,12.6185,,157.333,,28.5333
4610,12.6194,,157,,28.6
4611,12.6198,,156.4,,28.52
4612,12.6203,,155.8,,28.44
4613,12.6208,,155.2,,28.36
4614,12.6213,,154.6,,28.28
4615,12.6218,,154,,28.2
4616,12.6235,,153.25,,28.05
4617,12.6252,,152.5,,27.9
4618,12.627,,151.75,,27.75
4619,12.6287,,151,,27.6
4620,12.6312,,150,,27.65
4621,12.6337,,149,,27.7
4622,12.6361,,148,,27.75
4623,12.6386,,147,,27.8
4624,12.6413,,145.5,,28
4625,12.644,,144,,28.2
4626,12.6465,,143.5,,28.5
4627,12.649,,143,,28.8
4628,12.6515,,142.5,,29.1
4629,12.654,,142,,29.4
4630,12.6562,,141.8,,29.52
4631,12.6584,,141.6,,29.64
4632,12.6606,,141.4,,29.76
4633,12.6628,,141.2,,29.88
4634,12.665,,141,,30
4635,12.6677,,141,,29.95
4636,12.6704,,141,,29.9
4637,12.673,,141,,29.85
4638,12.6757,,141,,29.8
4639,12.6784,,141,,29.75
4640,12.681,,141,,29.7
4641,12.6837,,141,,29.65
4642,12.6864,,141,,29.6
4643,12.689,,140.25,,29.7
4644,12.6916,,139.5,,29.8
4645,12.6942,,138.75,,29.9
4646,12.6968,,138,,30
4647,12.6987,,138,,30
4648,12.701,,137.714,,29.9429
4649,12.7034,,137.429,,29.8857
4650,12.7058,,137.143,,29.8286
4651,12.7082,,136.857,,29.7714
4652,12.7105,,136.571,,29.7143
4653,12.7129,,136.286,,29.6571
4654,12.7153,,136,,29.6
4655,12.7177,,136,,29.5
4656,12.7201,,136,,29.4
4657,12.7222,,135.5,,29.2
4658,12.7243,,135,,29
4659,12.7264,,134.5,,28.8
4660,12.7285,,134,,28.6
4661,12.7306,,133.5,,28.4
4662,12.7327,,133,,28.2
4663,12.7347,,133,,28.3333
4664,12.7367,,133,,28.4667
4665,12.7388,,133,,28.6
4666,12.74,,132.8,,28.5
4667,12.7412,,132.6,,28.4
4668,12.7424,,132.4,,28.3
4669,12.7436,,132.2,,28.2
4670,12.7448,,132,,28.1
4671,12.746,,131.8,,28
4672,12.7472,,131.6,,27.9
4673,12.7484,,131.4,,27.8
4674,12.7496,,131.2,,27.7
4675,12.7508,,131,,27.6
4676,12.751,,130.889,,27.4889
4677,12.7513,,130.778,,27.3778
4678,12.7515,,130.667,,27.2667
4679,12.7518,,130.556,,27.1556
4680,12.752,,130.444,,27.0444
4681,12.7523,,130.333,,26.9333
4682,12.7526,,130.222,,26.8222
4683,12.7528,,130.111,,26.7111
4684,12.7531,,130,,26.6
4685,12.7561,,130.6,,26.48
4686,12.7591,,131.2,,26.36
4687,12.7622,,131.8,,26.24
4688,12.7652,,132.4,,26.12
4689,12.7682,,133,,26
4690,12.7733,,135,,26.2
4691,12.7782,,136,,26.1333
4692,12.7831,,137,,26.0667
4693,12.788,,138,,26
4694,12.7931,,139,,25.9333
4695,12.7982,,140,,25.8667
4696,12.8032,,141,,25.8
4697,12.8084,,142,,26
4698,12.8136,,143,,26.2
4699,12.8188,,144,,26.4
4700,12.8238,,144.333,,26.6
4701,12.8288,,144.667,,26.8
4702,12.8338,,145,,27
4703,12.8389,,146,,27.4
4704,12.8439,,146.667,,27.8667
4705,12.849,,147.333,,28.3333
4706,12.854,,148,,28.8
4707,12.8591,,148.75,,29.2
4708,12.8643,,149.5,,29.6
4709,12.8694,,150.25,,30
4710,12.8746,,151,,30.4
4711,12.8796,,151.333,,30.8
4712,12.8847,,151.667,,31.2
4713,12.8898,,152,,31.6
4714,12.8946,,153,,31.7333
4715,12.8994,,154,,31.8667
4716,12.9042,,155,,32
4717,12.9087,,155.2,,32.12
4718,12.9132,,155.4,,32.24
4719,12.9177,,155.6,,32.36
4720,12.9222,,155.8,,32.48
4721,12.9268,,156,,32.6
4722,12.9319,,156.5,,32.4
4723,12.937,,157,,32.2
4724,12.9422,,157.5,,32
4725,12.9473,,158,,31.8
4726,12.9527,,158.5,,31.4
4727,12.958,,159,,31
4728,12.9634,,159.5,,30.6
4729,12.9687,,160,,30.2
4730,12.9741,,160.5,,30.5
4731,12.9795,,161,,30.8
4732,12.9848,,161.5,,31.1
4733,12.9902,,162,,31.4
4734,12.9952,,162.2,,31.44
4735,13.0002,,162.4,,31.48
4736,13.0051,,162.6,,31.52
4737,13.0101,,162.8,,31.56
4738,13.0151,,163,,31.6
4739,13.0194,,163.4,,31.24
4740,13.0238,,163.8,,30.88
4741,13.0281,,164.2,,30.52
4742,13.0324,,164.6,,30.16
4743,13.0368,,165,,29.8
4744,13.0412,,165.2,,29.56
4745,13.0457,,165.4,,29.32
4746,13.0501,,165.6,,29.08
4747,13.0546,,165.8,,28.84
4748,13.059,,166,,28.6
4749,13.0636,,166.4,,28.6
4750,13.0683,,166.8,,28.6
4751,13.0729,,167.2,,28.6
4752,13.0775,,167.6,,28.6
4753,13.0821,,168,,28.6
4754,13.0871,,168,,28.9333
4755,13.0921,,168,,29.2667
4756,13.097,,168,,29.6
4757,13.1021,,168.25,,29.9
4758,13.1072,,168.5,,30.2
4759,13.1122,,168.75,,30.5
4760,13.1173,,169,,30.8
4761,13.1221,,169,,30.9333
4762,13.1269,,169,,31.0667
4763,13.1317,,169,,31.2
4764,13.1364,,169.333,,31.4667
4765,13.141,,169.667,,31.7333
4766,13.1457,,170,,32
4767,13.1502,,170,,32.08
4768,13.1546,,170,,32.16
4769,13.159,,170,,32.24
4770,13.1635,,170,,32.32
4771,13.1679,,170,,32.4
4772,13.1724,,170,,32.08
4773,13.1768,,170,,31.76
4774,13.1813,,170,,31.44
4775,13.1857,,170,,31.12
4776,13.1902,,170,,30.8
4777,13.1954,,170,,30.65
4778,13.2007,,170,,30.5
4779,13.2059,,170,,30.35
4780,13.2111,,170,,30.2
4781,13.2164,,170.25,,30.45
4782,13.2217,,170.5,,30.7
4783,13.2269,,170.75,,30.95
4784,13.2322,,171,,31.2
4785,13.2373,,170,,31.2
4786,13.2424,,170.25,,31.9
4787,13.2475,,170.5,,32.6
4788,13.2526,,170.75,,33.3
4789,13.2577,,171,,34
4790,13.2624,,171,,34.2
4791,13.2671,,171,,34.4
4792,13.2717,,170.8,,34.4
4793,13.2762,,170.6,,34.4
4794,13.2808,,170.4,,34.4
4795,13.2853,,170.2,,34.4
4796,13.2899,,170,,34.4
4797,13.2941,,170.2,,34.24
4798,13.2984,,170.4,,34.08
4799,13.3026,,170.6,,33.92
4800,13.3068,,170.8,,33.76
4801,13.3111,,171,,33.6
4802,13.3159,,170.8,,33.64
4803,13.3207,,170.6,,33.68
4804,13.3255,,170.4,,33.72
4805,13.3303,,170.2,,33.76
4806,13.3351,,170,,33.8
4807,13.3403,,170,,33.6
4808,13.3453,,169.75,,33.7
4809,13.3503,,169.5,,33.8
4810,13.3554,,169.25,,33.9
4811,13.3604,,169,,34
4812,13.3652,,169,,33.7
4813,13.3699,,169,,33.4
4814,13.3746,,169,,33.28
4815,13.3793,,169,,33.16
4816,13.384,,169,,33.04
4817,13.3887,,169,,32.92
4818,13.3934,,169,,32.8
4819,13.398,,169,,32.76
4820,13.4026,,169,,32.72
4821,13.4073,,169,,32.68
4822,13.4119,,169,,32.64
4823,13.4165,,169,,32.6
4824,13.4212,,169.2,,32.92
4825,13.4259,,169.4,,33.24
4826,13.4306,,169.6,,33.56
4827,13.4353,,169.8,,33.88
4828,13.4401,,170,,34.2
4829,13.4451,,170,,34.25
4830,13.4501,,170,,34.3
4831,13.4551,,170,,34.35
4832,13.4601,,170,,34.4
4833,13.4656,,170,,34.4
4834,13.4711,,170,,34.6
4835,13.4761,,170,,34.6
4836,13.4812,,170,,34.6
4837,13.4862,,170,,34.6
4838,13.4912,,170,,34.6
4839,13.4967,,170.333,,34.3333
4840,13.5022,,170.667,,34.0667
4841,13.5077,,171,,33.8
4842,13.5126,,170.5,,33.3
4843,13.5176,,170,,32.8
4844,13.522,,170,,32.52
4845,13.5264,,170,,32.24
4846,13.5308,,170,,31.96
4847,13.5352,,170,,31.68
4848,13.5396,,170,,31.4
4849,13.5437,,170,,30.96
4850,13.5479,,170,,30.52
4851,13.552,,170,,30.08
4852,13.5561,,170,,29.64
4853,13.5602,,170,,29.2
4854,13.5648,,170,,29
4855,13.5694,,170,,28.8
4856,13.574,,170,,28.6
4857,13.5786,,170,,28.4
4858,13.5831,,170,,28.2
4859,13.5878,,170,,28.4
4860,13.5925,,170,,28.6
4861,13.5974,,170.2,,28.88
4862,13.6023,,170.4,,29.16
4863,13.6071,,170.6,,29.44
4864,13.612,,170.8,,29.72
4865,13.6169,,171,,30
4866,13.6216,,170.8,,30.2
4867,13.6263,,170.6,,30.4
4868,13.6309,,170.4,,30.6
4869,13.6356,,170.2,,30.8
4870,13.6402,,170,,31
4871,13.6447,,170,,31.2
4872,13.6491,,170,,31.4
4873,13.6536,,170,,31.6
4874,13.6577,,169.8,,31.68
4875,13.6619,,169.6,,31.76
4876,13.6661,,169.4,,31.84
4877,13.6703,,169.2,,31.92
4878,13.6745,,169,,32
4879,13.679,,168.8,,31.56
4880,13.6834,,168.6,,31.12
4881,13.6879,,168.4,,30.68
4882,13.6924,,168.2,,30.24
4883,13.6969,,168,,29.8
4884,13.7018,,168,,29.72
4885,13.7067,,168,,29.64
4886,13.7116,,168,,29.56
4887,13.7165,,168,,29.48
4888,13.7214,,168,,29.4
4889,13.7263,,168,,29.8
4890,13.7311,,168,,30.2
4891,13.736,,168,,30.6
4892,13.7408,,168,,31
4893,13.7457,,168,,31.4
4894,13.7504,,167.667,,31.5333
4895,13.7551,,167.333,,31.6667
4896,13.7598,,167,,31.8
4897,13.7644,,167,,31.8
4898,13.769,,167,,31.8
4899,13.7736,,167,,31.8
4900,13.7779,,167,,31.8
4901,13.7822,,167,,31.8
4902,13.7864,,167,,31.8
4903,13.7907,,167,,31.8
4904,13.7949,,167,,31.8
4905,13.799,,167,,31.56
4906,13.8032,,167,,31.32
4907,13.8073,,167,,31.08
4908,13.8114,,167,,30.84
4909,13.8156,,167,,30.6
4910,13.8201,,167,,30.56
4911,13.8246,,167,,30.52
4912,13.8292,,167,,30.48
4913,13.8337,,167,,30.44
4914,13.8383,,167,,30.4
4915,13.8429,,167,,30.8
4916,13.8477,,167,,30.96
4917,13.8525,,167,,31.12
4918,13.8573,,167,,31.28
4919,13.8621,,167,,31.44
4920,13.8669,,167,,31.6
4921,13.8718,,167,,32
4922,13.8766,,167.25,,32.2
4923,13.8813,,167.5,,32.4
4924,13.8861,,167.75,,32.6
4925,13.8909,,168,,32.8
4926,13.8957,,168,,33
4927,13.8999,,168,,33.32
4928,13.9041,,168,,33.64
4929,13.9084,,168,,33.96
4930,13.9126,,168,,34.28
4931,13.9168,,168,,34.6
4932,13.9209,,167.8,,34.16
4933,13.925,,167.6,,33.72
4934,13.9291,,167.4,,33.28
4935,13.9332,,167.2,,32.84
4936,13.9373,,167,,32.4
4937,13.9424,,167,,32.45
4938,13.9476,,167,,32.5
4939,13.9528,,167,,32.55
4940,13.958,,167,,32.6
4941,13.9631,,167.25,,32.7
4942,13.9682,,167.5,,32.8
4943,13.9733,,167.75,,32.9
4944,13.9784,,168,,33
4945,13.9831,,167,,32.8
4946,13.9877,,167,,33.05
4947,13.9924,,167,,33.3
4948,13.9971,,167,,33.55
4949,14.0017,,167,,33.8
4950,14.0062,,167,,33.5
4951,14.0106,,167,,33.2
4952,14.0151,,167,,32.9
4953,14.0195,,167,,32.6
4954,14.0237,,166.8,,32.28
4955,14.0279,,166.6,,31.96
4956,14.0322,,166.4,,31.64
4957,14.0364,,166.2,,31.32
4958,14.0406,,166,,31
4959,14.0448,,166,,30.64
4960,14.0491,,166,,30.28
4961,14.0533,,166,,29.92
4962,14.0575,,166,,29.56
4963,14.0617,,166,,29.2
4964,14.0663,,166.2,,29.16
4965,14.071,,166.4,,29.12
4966,14.0756,,166.6,,29.08
4967,14.0802,,166.8,,29.04
4968,14.0848,,167,,29
4969,14.0893,,167.25,,29.25
4970,14.0937,,167.5,,29.5
4971,14.0981,,167.75,,29.75
4972,14.1026,,168,,30
4973,14.1071,,168,,30.4
4974,14.1118,,168,,31.1
4975,14.1166,,168,,31.8
4976,14.1213,,168,,32.5
4977,14.1261,,168,,33.2
4978,14.1307,,168,,33.6
4979,14.1352,,168,,34
4980,14.1398,,168,,34.4
4981,14.1444,,168,,34.8
4982,14.149,,168,,35.2
4983,14.1535,,168,,35.44
4984,14.158,,168,,35.68
4985,14.1625,,168,,35.92
4986,14.1671,,168,,36.16
4987,14.1716,,168,,36.4
4988,14.176,,167.8,,36.48
4989,14.1804,,167.6,,36.56
4990,14.1847,,167.4,,36.64
4991,14.1891,,167.2,,36.72
4992,14.1935,,167,,36.8
4993,14.1983,,167.25,,36.75
4994,14.2031,,167.5,,36.7
4995,14.2079,,167.75,,36.65
4996,14.2127,,168,,36.6
4997,14.2175,,168,,36.6
4998,14.2224,,168,,36.6
4999,14.2273,,168,,36.6
5000,14.2321,,168,,36.6
5001,14.237,,168,,36.6
5002,14.2417,,168,,36.24
5003,14.2464,,168,,35.88
5004,14.2511,,168,,35.52
5005,14.2558,,168,,35.16
5006,14.2605,,168,,34.8
5007,14.2647,,168,,34.8
5008,14.2689,,168,,34.8
5009,14.2706,,167.667,,34.2333
5010,14.2723,,167.333,,33.6667
5011,14.2741,,167,,33.1
5012,14.2758,,166.667,,32.5333
5013,14.2775,,166.333,,31.9667
5014,14.2792,,166,,31.4
5015,14.2803,,165.4,,31.08
5016,14.2815,,164.8,,30.76
5017,14.2826,,164.2,,30.44
5018,14.2837,,163.6,,30.12
5019,14.2849,,163,,29.8
5020,14.2868,,162.5,,29.5
5021,14.2887,,162,,29.2
5022,14.2911,,161.4,,29.12
5023,14.2936,,160.8,,29.04
5024,14.296,,160.2,,28.96
5025,14.2985,,159.6,,28.88
5026,14.301,,159,,28.8
5027,14.3036,,158,,29.15
5028,14.3064,,157,,29.5
5029,14.3091,,156,,29.85
5030,14.3117,,155,,30.2
5031,14.3143,,154.25,,30.25
5032,14.3168,,153.5,,30.3
5033,14.3193,,152.75,,30.35
5034,14.3218,,152,,30.4
5035,14.3236,,151.25,,30.2
5036,14.3255,,150.5,,30
5037,14.3273,,149.75,,29.8
5038,14.3292,,149,,29.6
5039,14.332,,148.571,,29.4571
5040,14.3348,,148.143,,29.3143
5041,14.3376,,147.714,,29.1714
5042,14.3404,,147.286,,29.0286
5043,14.3432,,146.857,,28.8857
5044,14.346,,146.429,,28.7429
5045,14.3488,,146,,28.6
5046,14.3513,,145.714,,28.5714
5047,14.3537,,145.429,,28.5429
5048,14.3562,,145.143,,28.5143
5049,14.3586,,144.857,,28.4857
5050,14.3611,,144.571,,28.4571
5051,14.3636,,144.286,,28.4286
5052,14.366,,144,,28.4
5053,14.3686,,143.75,,28.425
5054,14.3711,,143.5,,28.45
5055,14.3737,,143.25,,28.475
5056,14.3762,,143,,28.5
5057,14.3788,,142.75,,28.525
5058,14.3813,,142.5,,28.55
5059,14.3839,,142.25,,28.575
5060,14.3864,,142,,28.6
5061,14.3893,,141.5,,28.85
5062,14.3922,,141,,29.1
5063,14.3951,,140.5,,29.35
5064,14.398,,140,,29.6
5065,14.4001,,139.714,,29.6286
5066,14.4023,,139.429,,29.6571
5067,14.4044,,139.143,,29.6857
5068,14.4065,,138.857,,29.7143
5069,14.4087,,138.571,,29.7429
5070,14.4108,,138.286,,29.7714
5071,14.4129,,138,,29.8
5072,14.4156,,138,,29.7143
5073,14.4182,,138,,29.6286
5074,14.4209,,138,,29.5429
5075,14.4236,,138,,29.4571
5076,14.4262,,138,,29.3714
5077,14.4289,,138,,29.2857
5078,14.4316,,138,,29.2
5079,14.4339,,137.75,,29.05
5080,14.4363,,137.5,,28.9
5081,14.4387,,137.25,,28.75
5082,14.4411,,137,,28.6
5083,14.4433,,137,,28.3
5084,14.4455,,137,,28
5085,14.4466,,136.6,,27.92
5086,14.4477,,136.2,,27.84
5087,14.4488,,135.8,,27.76
5088,14.4499,,135.4,,27.68
5089,14.451,,135,,27.6
5090,14.4521,,135,,27.6
5091,14.4529,,135,,27.5
5092,14.4537,,135,,27.4
5093,14.4545,,135,,27.3
5094,14.4553,,135,,27.2
5095,14.4555,,135.5,,27.2
5096,14.4557,,136,,27.2
5097,14.4578,,136,,27.1
5098,14.46,,136,,27
5099,14.4621,,136,,26.9
5100,14.4643,,136,,26.8
5101,14.4692,,137.333,,26.6667
5102,14.4741,,138.667,,26.5333
5103,14.4791,,140,,26.4
5104,14.4843,,141.5,,26.2
5105,14.4895,,143,,26
5106,14.4943,,143.4,,25.8
5107,14.499,,143.8,,25.6
5108,14.5037,,144.2,,25.4
5109,14.5085,,144.6,,25.2
5110,14.5132,,145,,25
5111,14.5181,,145.4,,25.04
5112,14.523,,145.8,,25.08
5113,14.5278,,146.2,,25.12
5114,14.5327,,146.6,,25.16
5115,14.5375,,147,,25.2
5116,14.5425,,147,,25
5117,14.5474,,147.4,,25.32
5118,14.5523,,147.8,,25.64
5119,14.5572,,148.2,,25.96
5120,14.562,,148.6,,26.28
5121,14.5669,,149,,26.6
5122,14.5717,,149.5,,27.05
5123,14.5766,,150,,27.5
5124,14.5814,,150.5,,27.95
5125,14.5863,,151,,28.4
5126,14.5908,,152,,28.4667
5127,14.5954,,153,,28.5333
5128,14.6,,154,,28.6
5129,14.6047,,154.75,,28.65
5130,14.6095,,155.5,,28.7
5131,14.6142,,156.25,,28.75
5132,14.6189,,157,,28.8
5133,14.624,,157.5,,28.55
5134,14.6291,,158,,28.3
5135,14.6341,,158.5,,28.05
5136,14.6392,,159,,27.8
5137,14.6442,,159.75,,27.7
5138,14.6493,,160.5,,27.6
5139,14.6544,,161.25,,27.5
5140,14.6594,,162,,27.4
5141,14.6645,,162.5,,27.2
5142,14.6695,,163,,27
5143,14.6744,,163.2,,27.36
5144,14.6793,,163.4,,27.72
5145,14.6841,,163.6,,28.08
5146,14.689,,163.8,,28.44
5147,14.6939,,164,,28.8
5148,14.6988,,164.25,,28.95
5149,14.7037,,164.5,,29.1
5150,14.7086,,164.75,,29.25
5151,14.7135,,165,,29.4
5152,14.718,,165.2,,29.4
5153,14.7225,,165.4,,29.4
5154,14.7271,,165.6,,29.4
5155,14.7316,,165.8,,29.4
5156,14.7362,,166,,29.4
5157,14.7409,,166.2,,29.52
5158,14.7457,,166.4,,29.64
5159,14.7504,,166.6,,29.76
5160,14.7552,,166.8,,29.88
5161,14.7599,,167,,30
5162,14.7647,,167.4,,30.04
5163,14.7694,,167.8,,30.08
5164,14.7741,,168.2,,30.12
5165,14.7788,,168.6,,30.16
5166,14.7835,,169,,30.2
5167,14.7886,,169,,30.2
5168,14.7937,,169.25,,30.4
5169,14.7987,,169.5,,30.6
5170,14.8037,,169.75,,30.8
5171,14.8087,,170,,31
5172,14.8132,,170,,31.2
5173,14.8181,,170,,31.4
5174,14.823,,170,,31.6
5175,14.8278,,170,,31.8
5176,14.8327,,170,,32
5177,14.8376,,170,,32.2
5178,14.8418,,170,,32.4
5179,14.846,,170,,32.6
5180,14.8502,,170,,32.8
5181,14.8545,,170,,33
5182,14.8587,,170,,33.2
5183,14.8629,,170,,32.96
5184,14.8671,,170,,32.72
5185,14.8713,,170,,32.48
5186,14.8755,,170,,32.24
5187,14.8797,,170,,32
5188,14.8845,,170,,31.68
5189,14.8892,,170,,31.36
5190,14.894,,170,,31.04
5191,14.8987,,170,,30.72
5192,14.9035,,170,,30.4
5193,14.908,,170,,30.6
5194,14.9127,,170,,30.8
5195,14.9173,,170,,31
5196,14.9221,,170,,30.8
5197,14.9269,,170,,30.6
5198,14.9317,,170,,30.4
5199,14.9365,,170,,30.2
5200,14.9412,,170,,30
5201,14.9462,,170,,30
5202,14.9512,,170,,30
5203,14.9562,,170,,30
5204,14.9609,,170,,30.04
5205,14.9656,,170,,30.08
5206,14.9702,,170,,30.12
5207,14.9749,,170,,30.16
5208,14.9795,,170,,30.2
5209,14.984,,170,,30.04
5210,14.9886,,170,,29.88
5211,14.9931,,170,,29.72
5212,14.9976,,170,,29.56
5213,15.0021,,170,,29.4
5214,15.0067,,170,,29.44
5215,15.0113,,170,,29.48
5216,15.0159,,170,,29.52
5217,15.0205,,170,,29.56
5218,15.0251,,170,,29.6
5219,15.0301,,170,,30
5220,15.0354,,170,,30.2
5221,15.0403,,170,,30.2
5222,15.0451,,170,,30.2
5223,15.05,,170,,30.2
5224,15.0549,,170,,30.2
5225,15.0597,,170,,30.2
5226,15.0645,,170,,30.72
5227,15.0692,,170,,31.24
5228,15.074,,170,,31.76
5229,15.0787,,170,,32.28
5230,15.0835,,170,,32.8
5231,15.0881,,170,,33
5232,15.0928,,170,,33.2
5233,15.0974,,170,,33.4
5234,15.1021,,170,,33.6
5235,15.1067,,170,,33.8
5236,15.1113,,170.2,,33.6
5237,15.116,,170.4,,33.4
5238,15.1207,,170.6,,33.2
5239,15.1253,,170.8,,33
5240,15.13,,171,,32.8
5241,15.1349,,171,,32.72
5242,15.1399,,171,,32.64
5243,15.1449,,171,,32.56
5244,15.1499,,171,,32.48
5245,15.1549,,171,,32.4
5246,15.1601,,171,,32.4
5247,15.1652,,171,,32.4
5248,15.1704,,171,,32.4
5249,15.1755,,171,,32.4
5250,15.1805,,171,,32.6
5251,15.1855,,171,,32.8
5252,15.1905,,171,,33
5253,15.1955,,171,,33.2
5254,15.2005,,171,,33.4
5255,15.2051,,171,,33.3333
5256,15.2098,,171,,33.2667
5257,15.2145,,171,,33.2
5258,15.2188,,171,,33.08
5259,15.2231,,171,,32.96
5260,15.2274,,171,,32.84
5261,15.2317,,171,,32.72
5262,15.2359,,171,,32.6
5263,15.2405,,170.8,,32.36
5264,15.245,,170.6,,32.12
5265,15.2495,,170.4,,31.88
5266,15.254,,170.2,,31.64
5267,15.2585,,170,,31.4
5268,15.2631,,170,,31.2
5269,15.2676,,170,,31
5270,15.2722,,170,,30.8
5271,15.2767,,170,,30.6
5272,15.2812,,170,,30.4
5273,15.2858,,170,,30.4
5274,15.2904,,170,,30.4
5275,15.295,,170,,30.2
5276,15.2997,,170.25,,30.65
5277,15.3043,,170.5,,31.1
5278,15.309,,170.75,,31.55
5279,15.3137,,171,,32
5280,15.3182,,170.5,,32.35
5281,15.3226,,170,,32.7
5282,15.3271,,169.5,,33.05
5283,15.3316,,169,,33.4
5284,15.336,,169,,33.52
5285,15.3404,,169,,33.64
5286,15.3448,,169,,33.76
5287,15.3491,,169,,33.88
5288,15.3535,,169,,34
5289,15.3575,,169,,33.9333
5290,15.3615,,169,,33.8667
5291,15.3655,,169,,33.8
5292,15.3695,,169,,33.7333
5293,15.3735,,169,,33.6667
5294,15.3775,,169,,33.6
5295,15.3821,,169,,33.28
5296,15.3867,,169,,32.96
5297,15.3914,,169,,32.64
5298,15.396,,169,,32.32
5299,15.4006,,169,,32
5300,15.405,,168.5,,32.1
5301,15.4095,,168,,32.2
5302,15.4144,,168,,32.35
5303,15.4193,,168,,32.5
5304,15.4241,,168,,32.65
5305,15.429,,168,,32.8
5306,15.4335,,168,,32.8667
5307,15.4379,,168,,32.9333
5308,15.4423,,168,,33
5309,15.4467,,168,,32.7333
5310,15.4512,,168,,32.4667
5311,15.4556,,168,,32.2
5312,15.4598,,168,,32.45
5313,15.4639,,168,,32.7
5314,15.4681,,168,,32.95
5315,15.4723,,168,,33.2
5316,15.4765,,167,,33
5317,15.4807,,167.2,,32.68
5318,15.4849,,167.4,,32.36
5319,15.4891,,167.6,,32.04
5320,15.4933,,167.8,,31.72
5321,15.4975,,168,,31.4
5322,15.5018,,167.8,,31.48
5323,15.5062,,167.6,,31.56
5324,15.5106,,167.4,,31.64
5325,15.515,,167.2,,31.72
5326,15.5194,,167,,31.8
5327,15.5238,,167,,32.5
5328,15.5283,,167,,33.2
5329,15.5327,,167,,33.6
5330,15.5371,,167,,34
5331,15.5415,,167,,34.4
5332,15.5459,,167,,34.8
5333,15.5503,,167,,35.2
5334,15.5547,,167,,35.48
5335,15.5591,,167,,35.76
5336,15.5635,,167,,36.04
5337,15.5679,,167,,36.32
5338,15.5723,,167,,36.6
5339,15.5766,,167,,36.76
5340,15.5809,,167,,36.92
5341,15.5852,,167,,37.08
5342,15.5895,,167,,37.24
5343,15.5938,,167,,37.4
5344,15.5974,,166.5,,37.3
5345,15.601,,166,,37.2
5346,15.605,,166,,37.16
5347,15.6091,,166,,37.12
5348,15.6131,,166,,37.08
5349,15.6171,,166,,37.04
5350,15.6212,,166,,37
5351,15.6257,,166,,37.08
5352,15.6303,,166,,37.16
5353,15.6349,,166,,37.24
5354,15.6394,,166,,37.32
5355,15.644,,166,,37.4
5356,15.6489,,166,,36.5333
5357,15.6539,,166,,35.6667
5358,15.6589,,166,,34.8
5359,15.6636,,166,,34.36
5360,15.6682,,166,,33.92
5361,15.6728,,166,,33.48
5362,15.6775,,166,,33.04
5363,15.6821,,166,,32.6
5364,15.6864,,166,,32.52
5365,15.6908,,166,,32.44
5366,15.6951,,166,,32.36
5367,15.6994,,166,,32.28
5368,15.7038,,166,,32.2
5369,15.7079,,166,,32
5370,15.7119,,166,,31.8
5371,15.716,,166,,31.6
5372,15.7201,,166,,31.4
5373,15.7242,,166,,31.2
5374,15.7283,,166,,31
5375,15.7328,,166,,30.96
5376,15.7373,,166,,30.92
5377,15.7418,,166,,30.88
5378,15.7463,,166,,30.84
5379,15.7508,,166,,30.8
5380,15.7553,,166,,30.2
5381,15.7598,,166.25,,30.45
5382,15.7643,,166.5,,30.7
5383,15.7689,,166.75,,30.95
5384,15.7734,,167,,31.2
5385,15.7781,,167,,31.44
5386,15.7827,,167,,31.68
5387,15.7874,,167,,31.92
5388,15.792,,167,,32.16
5389,15.7966,,167,,32.4
5390,15.8013,,167,,32.92
5391,15.806,,167,,33.44
5392,15.8106,,167,,33.96
5393,15.8153,,167,,34.48
5394,15.82,,167,,35
5395,15.8245,,167,,34.96
5396,15.829,,167,,34.92
5397,15.8336,,167,,34.88
5398,15.8381,,167,,34.84
5399,15.8427,,167,,34.8
5400,15.8467,,167,,34.4667
5401,15.8507,,167,,34.1333
5402,15.8547,,167,,33.8
5403,15.8587,,167,,33.4667
5404,15.8627,,167,,33.1333
5405,15.8666,,167,,32.8
5406,15.8712,,167.4,,32.4
5407,15.8757,,167.8,,32
5408,15.8803,,168.2,,31.6
5409,15.8848,,168.6,,31.2
5410,15.8894,,169,,30.8
5411,15.8942,,168.8,,30.96
5412,15.8991,,168.6,,31.12
5413,15.9039,,168.4,,31.28
5414,15.9088,,168.2,,31.44
5415,15.9136,,168,,31.6
5416,15.9183,,168,,31.6
5417,15.923,,168,,31.6
5418,15.9276,,168,,31.6
5419,15.9323,,168,,31.6
5420,15.937,,168,,31.6
5421,15.9418,,168,,32
5422,15.9461,,168,,31.4
5423,15.9488,,168,,31.3
5424,15.9514,,168,,31.2
5425,15.953,,167.5,,31.1
5426,15.9546,,167,,31
5427,15.9561,,166.5,,30.9
5428,15.9577,,166,,30.8
5429,15.9595,,165,,30
5430,15.9607,,164.25,,30.1
5431,15.9619,,163.5,,30.2
5432,15.9631,,162.75,,30.3
5433,15.9643,,162,,30.4
5434,15.9654,,161.4,,30.44
5435,15.9664,,160.8,,30.48
5436,15.9675,,160.2,,30.52
5437,15.9685,,159.6,,30.56
5438,15.9695,,159,,30.6
5439,15.9708,,158,,30.8
5440,15.9721,,157.25,,30.95
5441,15.9734,,156.5,,31.1
5442,15.9747,,155.75,,31.25
5443,15.976,,155,,31.4
5444,15.9773,,153.5,,31.5
5445,15.9785,,152,,31.6
5446,15.9797,,151,,31.65
5447,15.9808,,150,,31.7
5448,15.982,,149,,31.75
5449,15.9831,,148,,31.8
5450,15.984,,147.333,,31.8667
5451,15.9848,,146.667,,31.9333
5452,15.9856,,146,,32
5453,15.986,,145.5,,31.9333
5454,15.9863,,145,,31.8667
5455,15.9867,,144.5,,31.8
5456,15.9871,,144,,31.7333
5457,15.9874,,143.5,,31.6667
5458,15.9878,,143,,31.6
5459,15.988,,142.571,,31.4571
5460,15.9883,,142.143,,31.3143
5461,15.9886,,141.714,,31.1714
5462,15.9889,,141.286,,31.0286
5463,15.9891,,140.857,,30.8857
5464,15.9894,,140.429,,30.7429
5465,15.9897,,140,,30.6
5466,15.9899,,139.5,,30.5333
5467,15.9902,,139,,30.4667
5468,15.9904,,138.5,,30.4
5469,15.9907,,138,,30.3333
5470,15.9909,,137.5,,30.2667
5471,15.9912,,137,,30.2
5472,15.9914,,136,,30.1333
5473,15.9916,,135,,30.0667
5474,15.9918,,134,,30
5475,15.9919,,133.571,,29.9429
5476,15.9921,,133.143,,29.8857
5477,15.9922,,132.714,,29.8286
5478,15.9924,,132.286,,29.7714
5479,15.9925,,131.857,,29.7143
5480,15.9926,,131.429,,29.6571
5481,15.9928,,131,,29.6
5482,15.993,,130.625,,29.525
5483,15.9932,,130.25,,29.45
5484,15.9934,,129.875,,29.375
5485,15.9936,,129.5,,29.3
5486,15.9939,,129.125,,29.225
5487,15.9941,,128.75,,29.15
5488,15.9943,,128.375,,29.075
5489,15.9945,,128,,29
5490,15.9947,,127,,28.8667
5491,15.9949,,126,,28.7333
5492,15.9952,,125,,28.6
5493,15.9954,,124.667,,28.5556
5494,15.9957,,124.333,,28.5111
5495,15.996,,124,,28.4667
5496,15.9963,,123.667,,28.4222
5497,15.9966,,123.333,,28.3778
5498,15.9968,,123,,28.3333
5499,15.9971,,122.667,,28.2889
5500,15.9974,,122.333,,28.2444
5501,15.9977,,122,,28.2
5502,15.998,,120.5,,28.2
5503,15.9982,,119,,28.2
5504,15.9984,,119.3,,28.1
5505,15.9987,,119.6,,28
5506,15.9989,,119.9,,27.9
5507,15.9991,,120.2,,27.8
5508,15.9994,,120.5,,27.7
5509,15.9996,,120.8,,27.6
5510,15.9998,,121.1,,27.5
5511,16.0001,,121.4,,27.4
5512,16.0003,,121.7,,27.3
5513,16.0005,,122,,27.2
5560,16.0084,,119,,26.2
5561,16.0086,,118.25,,26.25
5562,16.0087,,117.5,,26.3
5563,16.0089,,116.75,,26.35
5564,16.0091,,116,,26.4
5565,16.0094,,116.5,,26.4333
5566,16.0098,,117,,26.4667
5567,16.0102,,117.5,,26.5
5568,16.0106,,118,,26.5333
5569,16.011,,118.5,,26.5667
5570,16.0113,,119,,26.6
5571,16.0115,,118.786,,26.6429
5572,16.0117,,118.571,,26.6857
5573,16.0119,,118.357,,26.7286
5574,16.0121,,118.143,,26.7714
5575,16.0123,,117.929,,26.8143
5576,16.0125,,117.714,,26.8571
5577,16.0127,,117.5,,26.9
5578,16.0129,,117.286,,26.9429
5579,16.0131,,117.071,,26.9857
5580,16.0132,,116.857,,27.0286
5581,16.0134,,116.643,,27.0714
5582,16.0136,,116.429,,27.1143
5583,16.0138,,116.214,,27.1571
5584,16.014,,116,,27.2
5585,16.0141,,115.8,,27.16
5586,16.0141,,115.6,,27.12
5587,16.0142,,115.4,,27.08
5588,16.0143,,115.2,,27.04
5589,16.0144,,115,,27
5669,16.0144,,112,,26.4
5670,16.0153,,109,,26.4
5671,16.0165,,109,,26.4
5672,16.0179,,109.5,,26.3
5673,16.0193,,110,,26.2
5674,16.0217,,112,,26.2
5675,16.0242,,114,,26.2
5676,16.0269,,115.5,,26.4
5677,16.0297,,117,,26.6
5678,16.0329,,122,,26.9
5679,16.0362,,127,,27.2
5680,16.0396,,128,,27.6
5681,16.043,,127.833,,27.8667
5682,16.0464,,127.667,,28.1333
5683,16.0499,,127.5,,28.4
5684,16.0533,,127.333,,28.6667
5685,16.0567,,127.167,,28.9333
5686,16.0602,,127,,29.2
5687,16.0636,,126.833,,29.4333
5688,16.0669,,126.667,,29.6667
5689,16.0703,,126.5,,29.9
5690,16.0737,,126.333,,30.1333
5691,16.077,,126.167,,30.3667
5692,16.0804,,126,,30.6
5693,16.0837,,126.429,,30.6857
5694,16.087,,126.857,,30.7714
5695,16.0903,,127.286,,30.8571
5696,16.0936,,127.714,,30.9429
5697,16.0969,,128.143,,31.0286
5698,16.1002,,128.571,,31.1143
5699,16.1035,,129,,31.2
5700,16.1071,,129.75,,31.35
5701,16.1106,,130.5,,31.5
5702,16.1141,,131.25,,31.65
5703,16.1177,,132,,31.8
5704,16.121,,132.75,,31.65
5705,16.1244,,133.5,,31.5
5706,16.1278,,134.25,,31.35
5707,16.1312,,135,,31.2
5708,16.1346,,136,,32.1333
5709,16.138,,137,,33.0667
5710,16.1414,,138,,34
5711,16.1447,,139,,34.4667
5712,16.1481,,140,,34.9333
5713,16.1514,,141,,35.4
5714,16.1548,,141.75,,35.5
5715,16.1583,,142.5,,35.6
5716,16.1618,,143.25,,35.7
5717,16.1652,,144,,35.8
5718,16.1689,,144.167,,35.7667
5719,16.1726,,144.333,,35.7333
5720,16.1762,,144.5,,35.7
5721,16.1799,,144.667,,35.6667
5722,16.1836,,144.833,,35.6333
5723,16.1872,,145,,35.6
5724,16.1903,,144.857,,35.9143
5725,16.1935,,144.714,,36.2286
5726,16.1966,,144.571,,36.5429
5727,16.1997,,144.429,,36.8571
5728,16.2028,,144.286,,37.1714
5729,16.206,,144.143,,37.4857
5730,16.2091,,144,,37.8
5731,16.2128,,144.167,,38.0333
5732,16.2165,,144.333,,38.2667
5733,16.2202,,144.5,,38.5
5734,16.2239,,144.667,,38.7333
5735,16.2276,,144.833,,38.9667
5736,16.2313,,145,,39.2
5737,16.2351,,145,,39.7333
5738,16.239,,145,,40.2667
5739,16.2429,,145,,40.8
5740,16.2467,,145,,41.3333
5741,16.2506,,145,,41.8667
5742,16.2544,,145,,42.4
5743,16.2581,,145.167,,42.5667
5744,16.2618,,145.333,,42.7333
5745,16.2655,,145.5,,42.9
5746,16.2692,,145.667,,43.0667
5747,16.2729,,145.833,,43.2333
5748,16.2766,,146,,43.4
5749,16.2803,,146,,43.4667
5750,16.284,,146,,43.5333
5751,16.2876,,146,,43.6
5752,16.2913,,146,,43.6667
5753,16.295,,146,,43.7333
5754,16.2987,,146,,43.8
5755,16.3015,,146,,43.5143
5756,16.3044,,146,,43.2286
5757,16.3073,,146,,42.9429
5758,16.3101,,146,,42.6571
5759,16.313,,146,,42.3714
5760,16.3159,,146,,42.0857
5761,16.3188,,146,,41.8
5762,16.3217,,146.143,,41.6857
5763,16.3247,,146.286,,41.5714
5764,16.3276,,146.429,,41.4571
5765,16.3306,,146.571,,41.3429
5766,16.3335,,146.714,,41.2286
5767,16.3365,,146.857,,41.1143
5768,16.3394,,147,,41
5769,16.3423,,147.143,,41.0286
5770,16.3452,,147.286,,41.0571
5771,16.3481,,147.429,,41.0857
5772,16.3509,,147.571,,41.1143
5773,16.3538,,147.714,,41.1429
5774,16.3567,,147.857,,41.1714
5775,16.3596,,148,,41.2
5776,16.3631,,148.167,,41.5667
5777,16.3666,,148.333,,41.9333
5778,16.37,,148.5,,42.3
5779,16.3735,,148.667,,42.6667
5780,16.377,,148.833,,43.0333
5781,16.3805,,149,,43.4
5782,16.3841,,149,,43.4333
5783,16.3876,,149,,43.4667
5784,16.3912,,149,,43.5
5785,16.3947,,149,,43.5333
5786,16.3983,,149,,43.5667
5787,16.4018,,149,,43.6
5788,16.4052,,149,,43.8667
5789,16.4086,,149,,44.1333
5790,16.412,,149,,44.4
5791,16.4154,,149,,44.6667
5792,16.4188,,149,,44.9333
5793,16.4222,,149,,45.2
5794,16.4254,,149,,45.6571
5795,16.4287,,149,,46.1143
5796,16.4319,,149,,46.5714
5797,16.4351,,149,,47.0286
5798,16.4384,,149,,47.4857
5799,16.4416,,149,,47.9429
5800,16.4449,,149,,48.4
5801,16.4484,,149.167,,48.7333
5802,16.452,,149.333,,49.0667
5803,16.4556,,149.5,,49.4
5804,16.4591,,149.667,,49.7333
5805,16.4627,,149.833,,50.0667
5806,16.4662,,150,,50.4
5807,16.4697,,150,,51
5808,16.4732,,150,,51.6
5809,16.4768,,150,,52.2
5810,16.4803,,150,,52.8
5811,16.4838,,150,,53.4
5812,16.4873,,150,,54
5813,16.4916,,150,,53.92
5814,16.4958,,150,,53.84
5815,16.5001,,150,,53.76
5816,16.5043,,150,,53.68
5817,16.5086,,150,,53.6
5818,16.5138,,150,,53.7
5819,16.5189,,150,,53.8
5820,16.5241,,150,,53.9
5821,16.5292,,150,,54
5822,16.5335,,150.2,,54
5823,16.5378,,150.4,,54
5824,16.5422,,150.6,,54
5825,16.5465,,150.8,,54
5826,16.5508,,151,,54
5827,16.5545,,151.167,,53.7667
5828,16.5583,,151.333,,53.5333
5829,16.562,,151.5,,53.3
5830,16.5657,,151.667,,53.0667
5831,16.5695,,151.833,,52.8333
5832,16.5732,,152,,52.6
5833,16.5768,,152.167,,52.7
5834,16.5804,,152.333,,52.8
5835,16.5839,,152.5,,52.9
5836,16.5875,,152.667,,53
5837,16.5911,,152.833,,53.1
5838,16.5947,,153,,53.2
5839,16.6004,,153,,52.9
5840,16.6061,,153,,52.6
5841,16.6119,,153,,52.3
5842,16.6176,,153,,52
5843,16.6233,,153,,51.1
5844,16.6291,,153,,50.2
5845,16.6348,,153,,49.3
5846,16.6405,,153,,48.4
5847,16.645,,153.2,,48.32
5848,16.6495,,153.4,,48.24
5849,16.654,,153.6,,48.16
5850,16.6585,,153.8,,48.08
5851,16.663,,154,,48
5852,16.6672,,154,,47.64
5853,16.6715,,154,,47.28
5854,16.6757,,154,,46.92
5855,16.6799,,154,,46.56
5856,16.6842,,154,,46.2
5857,16.6883,,154,,46.2
5858,16.6925,,154,,46.2
5859,16.6966,,154,,46.2
5860,16.7008,,154,,46.2
5861,16.7049,,154,,46.2
5862,16.7089,,154,,45.8
5863,16.7128,,154,,45.4
5864,16.7167,,154,,45
5865,16.7206,,154,,44.6
5866,16.7246,,154,,44.2
5867,16.7285,,154,,43.8
5868,16.7325,,154,,43.56
5869,16.7366,,154,,43.32
5870,16.7406,,154,,43.08
5871,16.7446,,154,,42.84
5872,16.7486,,154,,42.6
5873,16.7528,,154,,42.8
5874,16.7571,,154,,43
5875,16.7621,,154,,42.55
5876,16.7671,,154,,42.1
5877,16.7722,,154,,41.65
5878,16.7772,,154,,41.2
5879,16.7825,,154,,40.2
5880,16.7878,,154,,39.2
5881,16.7931,,154,,38.2
5882,16.7984,,154,,37.2
5883,16.8032,,154.2,,36.88
5884,16.808,,154.4,,36.56
5885,16.8128,,154.6,,36.24
5886,16.8176,,154.8,,35.92
5887,16.8224,,155,,35.6
5888,16.826,,155.167,,35.4333
5889,16.8295,,155.333,,35.2667
5890,16.8331,,155.5,,35.1
5891,16.8366,,155.667,,34.9333
5892,16.8401,,155.833,,34.7667
5893,16.8437,,156,,34.6
5894,16.8464,,154,,34.8
5895,16.8499,,154.286,,34.8
5896,16.8533,,154.571,,34.8
5897,16.8568,,154.857,,34.8
5898,16.8602,,155.143,,34.8
5899,16.8637,,155.429,,34.8
5900,16.8671,,155.714,,34.8
5901,16.8706,,156,,34.8
5902,16.8753,,156,,35.16
5903,16.88,,156,,35.52
5904,16.8847,,156,,35.88
5905,16.8894,,156,,36.24
5906,16.8941,,156,,36.6
5907,16.8983,,155.8,,37.04
5908,16.9026,,155.6,,37.48
5909,16.9069,,155.4,,37.92
5910,16.9111,,155.2,,38.36
5911,16.9154,,155,,38.8
5912,16.9194,,155,,39.04
5913,16.9234,,155,,39.28
5914,16.9275,,155,,39.52
5915,16.9315,,155,,39.76
5916,16.9355,,155,,40
5917,16.9398,,155.4,,40.28
5918,16.9441,,155.8,,40.56
5919,16.9484,,156.2,,40.84
5920,16.9527,,156.6,,41.12
5921,16.957,,157,,41.4
5922,16.9612,,156.8,,41.4
5923,16.9653,,156.6,,41.4
5924,16.9695,,156.4,,41.4
5925,16.9736,,156.2,,41.4
5926,16.9778,,156,,41.4
5927,16.9818,,156.2,,41.52
5928,16.9858,,156.4,,41.64
5929,16.9898,,156.6,,41.76
5930,16.9938,,156.8,,41.88
5931,16.9978,,157,,42
5932,17.0018,,157.167,,41.9667
5933,17.0057,,157.333,,41.9333
5934,17.0097,,157.5,,41.9
5935,17.0136,,157.667,,41.8667
5936,17.0175,,157.833,,41.8333
5937,17.0215,,158,,41.8
5938,17.0246,,157.857,,41.4286
5939,17.0278,,157.714,,41.0571
5940,17.0309,,157.571,,40.6857
5941,17.034,,157.429,,40.3143
5942,17.0372,,157.286,,39.9429
5943,17.0403,,157.143,,39.5714
5944,17.0435,,157,,39.2
5945,17.0463,,156.714,,39.1143
5946,17.0492,,156.429,,39.0286
5947,17.0521,,156.143,,38.9429
5948,17.055,,155.857,,38.8571
5949,17.0579,,155.571,,38.7714
5950,17.0607,,155.286,,38.6857
5951,17.0636,,155,,38.6
5952,17.0666,,154.571,,38.5143
5953,17.0696,,154.143,,38.4286
5954,17.0725,,153.714,,38.3429
5955,17.0755,,153.286,,38.2571
5956,17.0785,,152.857,,38.1714
5957,17.0815,,152.429,,38.0857
5958,17.0844,,152,,38
5959,17.0887,,151.8,,38
5960,17.0929,,151.6,,38
5961,17.0971,,151.4,,38
5962,17.1014,,151.2,,38
5963,17.1056,,151,,38
5964,17.1103,,150.667,,38.1667
5965,17.1151,,150.333,,38.3333
5966,17.1198,,150,,38.5
5967,17.1245,,149.667,,38.6667
5968,17.1293,,149.333,,38.8333
5969,17.134,,149,,39
5970,17.1368,,149,,39.0667
5971,17.1395,,149,,39.1333
5972,17.1423,,149,,39.2
5973,17.1462,,149.5,,37.9667
5974,17.1501,,150,,36.7333
5975,17.154,,150.5,,35.5
5976,17.1578,,151,,34.2667
5977,17.1617,,151.5,,33.0333
5978,17.1656,,152,,31.8
5979,17.1694,,152.75,,30.95
5980,17.1732,,153.5,,30.1
5981,17.1769,,154.25,,29.25
5982,17.1807,,155,,28.4
5983,17.1832,,154.8,,28.32
5984,17.1857,,154.6,,28.24
5985,17.1882,,154.4,,28.16
5986,17.1908,,154.2,,28.08
5987,17.1933,,154,,28
5988,17.197,,154.167,,28.6667
5989,17.2007,,154.333,,29.3333
5990,17.2044,,154.5,,30
5991,17.2082,,154.667,,30.6667
5992,17.2119,,154.833,,31.3333
5993,17.2156,,155,,32
5994,17.2199,,155,,32.52
5995,17.2243,,155,,33.04
5996,17.2286,,155,,33.56
5997,17.2329,,155,,34.08
5998,17.2373,,155,,34.6
5999,17.2417,,155.2,,34.96
6000,17.2461,,155.4,,35.32
6001,17.2505,,155.6,,35.68
6002,17.2549,,155.8,,36.04
6003,17.2593,,156,,36.4
6004,17.2637,,156,,36.68
6005,17.268,,156,,36.96
6006,17.2724,,156,,37.24
6007,17.2768,,156,,37.52
6008,17.2812,,156,,37.8
6009,17.2854,,156,,38.28
6010,17.2896,,156,,38.76
6011,17.2938,,156,,39.24
6012,17.298,,156,,39.72
6013,17.3023,,156,,40.2
6014,17.3059,,156,,40.6333
6015,17.3095,,156,,41.0667
6016,17.3131,,156,,41.5
6017,17.3167,,156,,41.9333
6018,17.3203,,156,,42.3667
6019,17.324,,156,,42.8
6020,17.3263,,156.5,,42.3
6021,17.3286,,157,,41.8
6022,17.3323,,157.167,,42.3333
6023,17.336,,157.333,,42.8667
6024,17.3397,,157.5,,43.4
6025,17.3434,,157.667,,43.9333
6026,17.3471,,157.833,,44.4667
6027,17.3508,,158,,45
6028,17.3549,,158.2,,45.24
6029,17.359,,158.4,,45.48
6030,17.3632,,158.6,,45.72
6031,17.3673,,158.8,,45.96
6032,17.3714,,159,,46.2
6033,17.3755,,159.2,,46.76
6034,17.3796,,159.4,,47.32
6035,17.3837,,159.6,,47.88
6036,17.3878,,159.8,,48.44
6037,17.3919,,160,,49
6038,17.396,,160,,49.28
6039,17.4001,,160,,49.56
6040,17.4042,,160,,49.84
6041,17.4083,,160,,50.12
6042,17.4124,,160,,50.4
6043,17.4165,,160,,50.4
6044,17.4207,,160,,50.4
6045,17.4248,,160,,50.4
6046,17.429,,160,,50.4
6047,17.4332,,160,,50.4
6048,17.4376,,159.8,,50.24
6049,17.4421,,159.6,,50.08
6050,17.4465,,159.4,,49.92
6051,17.451,,159.2,,49.76
6052,17.4554,,159,,49.6
6053,17.4595,,159,,49.52
6054,17.4636,,159,,49.44
6055,17.4677,,159,,49.36
6056,17.4717,,159,,49.28
6057,17.4758,,159,,49.2
6058,17.4798,,159,,48.8667
6059,17.4838,,159,,48.5333
6060,17.4878,,159,,48.2
6061,17.4918,,159,,47.8667
6062,17.4957,,159,,47.5333
6063,17.4997,,159,,47.2
6064,17.5041,,158.8,,47
6065,17.5084,,158.6,,46.8
6066,17.5128,,158.4,,46.6
6067,17.5171,,158.2,,46.4
6068,17.5215,,158,,46.2
6069,17.5255,,158.2,,46.36
6070,17.5295,,158.4,,46.52
6071,17.5336,,158.6,,46.68
6072,17.5376,,158.8,,46.84
6073,17.5417,,159,,47
6074,17.5459,,158.8,,47.48
6075,17.5502,,158.6,,47.96
6076,17.5544,,158.4,,48.44
6077,17.5587,,158.2,,48.92
6078,17.5629,,158,,49.4
6079,17.5663,,158,,49.45
6080,17.5698,,158,,49.5
6081,17.5732,,158,,49.55
6082,17.5767,,158,,49.6
6083,17.5798,,158,,49.3143
6084,17.5829,,158,,49.0286
6085,17.586,,158,,48.7429
6086,17.5892,,158,,48.4571
6087,17.5923,,158,,48.1714
6088,17.5954,,158,,47.8857
6089,17.5986,,158,,47.6
6090,17.602,,157.833,,47.6333
6091,17.6055,,157.667,,47.6667
6092,17.6089,,157.5,,47.7
6093,17.6124,,157.333,,47.7333
6094,17.6159,,157.167,,47.7667
6095,17.6193,,157,,47.8
6096,17.6224,,156.75,,47.7
6097,17.6254,,156.5,,47.6
6098,17.6284,,156.25,,47.5
6099,17.6315,,156,,47.4
6100,17.6346,,155.857,,46.7429
6101,17.6377,,155.714,,46.0857
6102,17.6409,,155.571,,45.4286
6103,17.644,,155.429,,44.7714
6104,17.6471,,155.286,,44.1143
6105,17.6503,,155.143,,43.4571
6106,17.6534,,155,,42.8
6107,17.6563,,154.667,,42.4
6108,17.6592,,154.333,,42
6109,17.6621,,154,,41.6
6110,17.665,,153.667,,41.2
6111,17.6679,,153.333,,40.8
6112,17.6708,,153,,40.4
6113,17.6718,,152.5,,40.4
6114,17.6729,,152,,40.4
