secs,km,power,hr,cad,alt
0,0,,112,,51.8
1,0.003015,,112,,52
2,0.00603,,112,,52.2
3,0.009385,,112.5,,52.8
4,0.01274,,113,,53.4
5,0.01564,,114,,53.6
6,0.01854,,115,,53.8
7,0.02144,,116,,54
8,0.025194,,116.6,,53.96
9,0.028948,,117.2,,53.92
10,0.032702,,117.8,,53.88
11,0.036456,,118.4,,53.84
12,0.04021,,119,,53.8
13,0.04408,,119.333,,53.8
14,0.04795,,119.667,,53.8
15,0.05182,,120,,53.8
16,0.05569,,120.333,,53.8
17,0.05956,,120.667,,53.8
18,0.06343,,121,,53.8
19,0.067002,,122,,53.84
20,0.070574,,123,,53.88
21,0.074146,,124,,53.92
22,0.077718,,125,,53.96
23,0.08129,,126,,54
24,0.08463,,127,,54.0667
25,0.08797,,128,,54.1333
26,0.09131,,129,,54.2
27,0.09458,,129.25,,54.2
28,0.09785,,129.5,,54.2
29,0.10112,,129.75,,54.2
30,0.10439,,130,,54.2
31,0.107737,,130.333,,54.0333
32,0.111083,,130.667,,53.8667
33,0.11443,,131,,53.7
34,0.117777,,131.333,,53.5333
35,0.121123,,131.667,,53.3667
36,0.12447,,132,,53.2
37,0.12794,,132.667,,52.8
38,0.13141,,133.333,,52.4
39,0.13488,,134,,52
40,0.137456,,133.714,,51.8571
41,0.140031,,133.429,,51.7143
42,0.142607,,133.143,,51.5714
43,0.145183,,132.857,,51.4286
44,0.147759,,132.571,,51.2857
45,0.150334,,132.286,,51.1429
46,0.15291,,132,,51
47,0.156267,,132.143,,50.9143
48,0.159624,,132.286,,50.8286
49,0.162981,,132.429,,50.7429
50,0.166339,,132.571,,50.6571
51,0.169696,,132.714,,50.5714
52,0.173053,,132.857,,50.4857
53,0.17641,,133,,50.4
54,0.180705,,131,,50.3
55,0.185,,129,,50.2
56,0.18907,,129,,50.1
57,0.19314,,129,,50
58,0.196887,,128.667,,50.0333
59,0.200633,,128.333,,50.0667
60,0.20438,,128,,50.1
61,0.208127,,127.667,,50.1333
62,0.211873,,127.333,,50.1667
63,0.21562,,127,,50.2
64,0.218919,,126.857,,50.2
65,0.222217,,126.714,,50.2
66,0.225516,,126.571,,50.2
67,0.228814,,126.429,,50.2
68,0.232113,,126.286,,50.2
69,0.235411,,126.143,,50.2
70,0.23871,,126,,50.2
71,0.242298,,126.167,,50.2667
72,0.245887,,126.333,,50.3333
73,0.249475,,126.5,,50.4
74,0.253063,,126.667,,50.4667
75,0.256652,,126.833,,50.5333
76,0.26024,,127,,50.6
77,0.264095,,127.167,,50.6333
78,0.26795,,127.333,,50.6667
79,0.271805,,127.5,,50.7
80,0.27566,,127.667,,50.7333
81,0.279515,,127.833,,50.7667
82,0.28337,,128,,50.8
83,0.287228,,128.25,,50.85
84,0.291085,,128.5,,50.9
85,0.294942,,128.75,,50.95
86,0.2988,,129,,51
87,0.302627,,129.333,,51.0667
88,0.306453,,129.667,,51.1333
89,0.31028,,130,,51.2
90,0.314107,,130.333,,51.2667
91,0.317933,,130.667,,51.3333
92,0.32176,,131,,51.4
93,0.325493,,131.167,,51.5333
94,0.329227,,131.333,,51.6667
95,0.33296,,131.5,,51.8
96,0.336693,,131.667,,51.9333
97,0.340427,,131.833,,52.0667
98,0.34416,,132,,52.2
99,0.347548,,132,,52.2333
100,0.350937,,132,,52.2667
101,0.354325,,132,,52.3
102,0.357713,,132,,52.3333
103,0.361102,,132,,52.3667
104,0.36449,,132,,52.4
105,0.367659,,131.857,,52.5143
106,0.370827,,131.714,,52.6286
107,0.373996,,131.571,,52.7429
108,0.377164,,131.429,,52.8571
109,0.380333,,131.286,,52.9714
110,0.383501,,131.143,,53.0857
111,0.38667,,131,,53.2
112,0.390483,,131.167,,53.2667
113,0.394297,,131.333,,53.3333
114,0.39811,,131.5,,53.4
115,0.401923,,131.667,,53.4667
116,0.405737,,131.833,,53.5333
117,0.40955,,132,,53.6
118,0.413273,,132.25,,53.8
119,0.416995,,132.5,,54
120,0.420718,,132.75,,54.2
121,0.42444,,133,,54.4
122,0.428015,,133.333,,54.5
123,0.43159,,133.667,,54.6
124,0.435165,,134,,54.7
125,0.43874,,134.333,,54.8
126,0.442315,,134.667,,54.9
127,0.44589,,135,,55
128,0.44924,,135.667,,55.1333
129,0.45259,,136.333,,55.2667
130,0.45594,,137,,55.4
131,0.458553,,137.5,,55.45
132,0.461165,,138,,55.5
133,0.463778,,138.5,,55.55
134,0.46639,,139,,55.6
135,0.469075,,139,,55.7
136,0.47176,,139,,55.8
137,0.475287,,139,,55.8333
138,0.478813,,139,,55.8667
139,0.48234,,139,,55.9
140,0.485867,,139,,55.9333
141,0.489393,,139,,55.9667
142,0.49292,,139,,56
143,0.496,,139,,56.1
144,0.49908,,139,,56.2
145,0.50243,,139,,56.4
146,0.505764,,139,,56.4857
147,0.509099,,139,,56.5714
148,0.512433,,139,,56.6571
149,0.515767,,139,,56.7429
150,0.519101,,139,,56.8286
151,0.522436,,139,,56.9143
152,0.52577,,139,,57
153,0.52935,,139,,57.2
154,0.53293,,139,,57.4
155,0.536143,,139.143,,57.4857
156,0.539356,,139.286,,57.5714
157,0.542569,,139.429,,57.6571
158,0.545781,,139.571,,57.7429
159,0.548994,,139.714,,57.8286
160,0.552207,,139.857,,57.9143
161,0.55542,,140,,58
162,0.55898,,140.25,,58.1
163,0.56254,,140.5,,58.2
164,0.5661,,140.75,,58.3
165,0.56966,,141,,58.4
166,0.57322,,141,,58.5333
167,0.57678,,141,,58.6667
168,0.58034,,141,,58.8
169,0.5839,,141,,58.9333
170,0.58746,,141,,59.0667
171,0.59102,,141,,59.2
172,0.59444,,140.5,,59.4
173,0.59786,,140,,59.6
174,0.601423,,140.167,,59.7
175,0.604987,,140.333,,59.8
176,0.60855,,140.5,,59.9
177,0.612113,,140.667,,60
178,0.615677,,140.833,,60.1
179,0.61924,,141,,60.2
180,0.622475,,141,,60.35
181,0.62571,,141,,60.5
182,0.628945,,141,,60.65
183,0.63218,,141,,60.8
184,0.635419,,140.857,,60.8571
185,0.638657,,140.714,,60.9143
186,0.641896,,140.571,,60.9714
187,0.645134,,140.429,,61.0286
188,0.648373,,140.286,,61.0857
189,0.651611,,140.143,,61.1429
190,0.65485,,140,,61.2
191,0.65812,,140,,61.4
192,0.66164,,139.5,,61.6
193,0.66516,,139,,61.8
194,0.669192,,139,,62
195,0.673224,,139,,62.2
196,0.677256,,139,,62.4
197,0.681288,,139,,62.6
198,0.68532,,139,,62.8
199,0.68916,,139,,62.9333
200,0.693,,139,,63.0667
201,0.69684,,139,,63.2
202,0.70068,,139,,63.3333
203,0.70452,,139,,63.4667
204,0.70836,,139,,63.6
205,0.712446,,139.2,,63.6
206,0.716532,,139.4,,63.6
207,0.720618,,139.6,,63.6
208,0.724704,,139.8,,63.6
209,0.72879,,140,,63.6
210,0.73262,,140,,63.8
211,0.736982,,140.2,,63.72
212,0.741344,,140.4,,63.64
213,0.745706,,140.6,,63.56
214,0.750068,,140.8,,63.48
215,0.75443,,141,,63.4
216,0.758275,,140.833,,63.3333
217,0.76212,,140.667,,63.2667
218,0.765965,,140.5,,63.2
219,0.76981,,140.333,,63.1333
220,0.773655,,140.167,,63.0667
221,0.7775,,140,,63
222,0.78027,,139.333,,62.8667
223,0.78304,,138.667,,62.7333
224,0.78581,,138,,62.6
225,0.78834,,137,,62.5
226,0.79087,,136,,62.4
227,0.795035,,136,,62.6
228,0.7992,,136,,62.8
229,0.802628,,136,,63.1
230,0.806055,,136,,63.4
231,0.809482,,136,,63.7
232,0.81291,,136,,64
233,0.81576,,136,,64.25
234,0.81861,,136,,64.5
235,0.82146,,136,,64.75
236,0.82431,,136,,65
237,0.827717,,136.167,,65.2
238,0.831123,,136.333,,65.4
239,0.83453,,136.5,,65.6
240,0.837937,,136.667,,65.8
241,0.841343,,136.833,,66
242,0.84475,,137,,66.2
243,0.848183,,137.167,,66.4
244,0.851617,,137.333,,66.6
245,0.85505,,137.5,,66.8
246,0.858483,,137.667,,67
247,0.861917,,137.833,,67.2
248,0.86535,,138,,67.4
249,0.868725,,138.333,,67.6
250,0.8721,,138.667,,67.8
251,0.875475,,139,,68
252,0.87885,,139.333,,68.2
253,0.882225,,139.667,,68.4
254,0.8856,,140,,68.6
255,0.888893,,140.167,,68.8
256,0.892187,,140.333,,69
257,0.89548,,140.5,,69.2
258,0.898773,,140.667,,69.4
259,0.902067,,140.833,,69.6
260,0.90536,,141,,69.8
261,0.908388,,141.2,,70
262,0.911416,,141.4,,70.2
263,0.914444,,141.6,,70.4
264,0.917472,,141.8,,70.6
265,0.9205,,142,,70.8
266,0.923698,,142.167,,71
267,0.926897,,142.333,,71.2
268,0.930095,,142.5,,71.4
269,0.933293,,142.667,,71.6
270,0.936492,,142.833,,71.8
271,0.93969,,143,,72
272,0.942582,,143.2,,72.2
273,0.945474,,143.4,,72.4
274,0.948366,,143.6,,72.6
275,0.951258,,143.8,,72.8
276,0.95415,,144,,73
277,0.957092,,144.4,,73.28
278,0.960034,,144.8,,73.56
279,0.962976,,145.2,,73.84
280,0.965918,,145.6,,74.12
281,0.96886,,146,,74.4
282,0.97192,,146,,74.6
283,0.97498,,146,,74.8
284,0.97804,,146,,75
285,0.9811,,146,,75.2
286,0.98416,,146,,75.4
287,0.987155,,146,,75.7
288,0.99015,,146,,76
289,0.993145,,146,,76.3
290,0.99614,,146,,76.6
291,0.999375,,146,,76.8
292,1.00261,,146,,77
293,1.00584,,146,,77.2
294,1.00908,,146,,77.4
295,1.01232,,146,,77.6
296,1.01555,,146,,77.8
297,1.01852,,146.25,,78.05
298,1.02148,,146.5,,78.3
299,1.02445,,146.75,,78.55
300,1.02742,,147,,78.8
301,1.03079,,147.2,,79.04
302,1.03416,,147.4,,79.28
303,1.03754,,147.6,,79.52
304,1.04091,,147.8,,79.76
305,1.04428,,148,,80
306,1.04759,,148.2,,80.24
307,1.0509,,148.4,,80.48
308,1.05421,,148.6,,80.72
309,1.05752,,148.8,,80.96
310,1.06083,,149,,81.2
311,1.06424,,149.2,,81.4
312,1.06764,,149.4,,81.6
313,1.07105,,149.6,,81.8
314,1.07445,,149.8,,82
315,1.07786,,150,,82.2
316,1.08094,,150,,82.4
317,1.08402,,150,,82.6
318,1.0871,,150,,82.8
319,1.09019,,150,,83
320,1.09327,,150,,83.2
321,1.09635,,150,,83.4
322,1.09921,,150,,83.64
323,1.10207,,150,,83.88
324,1.10493,,150,,84.12
325,1.10779,,150,,84.36
326,1.11065,,150,,84.6
327,1.11365,,150,,84.84
328,1.11666,,150,,85.08
329,1.11966,,150,,85.32
330,1.12267,,150,,85.56
331,1.12567,,150,,85.8
332,1.12919,,150.25,,86.05
333,1.13271,,150.5,,86.3
334,1.13622,,150.75,,86.55
335,1.13974,,151,,86.8
336,1.14318,,151.25,,87.05
337,1.14662,,151.5,,87.3
338,1.15005,,151.75,,87.55
339,1.15349,,152,,87.8
340,1.15684,,152,,88
341,1.16019,,152,,88.2
342,1.16355,,152,,88.4
343,1.1669,,152,,88.6
344,1.17025,,152,,88.8
345,1.1736,,152,,89
346,1.177,,152,,89.24
347,1.1804,,152,,89.48
348,1.1838,,152,,89.72
349,1.1872,,152,,89.96
350,1.1906,,152,,90.2
351,1.19379,,152,,90.3429
352,1.19697,,152,,90.4857
353,1.20016,,152,,90.6286
354,1.20335,,152,,90.7714
355,1.20654,,152,,90.9143
356,1.20972,,152,,91.0571
357,1.21291,,152,,91.2
358,1.21622,,152,,91.2
359,1.21953,,152,,91.2
360,1.22304,,151.833,,91.2667
361,1.22654,,151.667,,91.3333
362,1.23005,,151.5,,91.4
363,1.23356,,151.333,,91.4667
364,1.23706,,151.167,,91.5333
365,1.24057,,151,,91.6
366,1.24442,,151,,91.76
367,1.24828,,151,,91.92
368,1.25213,,151,,92.08
369,1.25599,,151,,92.24
370,1.25984,,151,,92.4
371,1.26394,,151.75,,92.5
372,1.26803,,152.5,,92.6
373,1.27212,,153.25,,92.7
374,1.27622,,154,,92.8
375,1.27997,,153.2,,92.8
376,1.28372,,152.4,,92.8
377,1.28748,,151.6,,92.8
378,1.29123,,150.8,,92.8
379,1.29498,,150,,92.8
380,1.29869,,150,,92.8667
381,1.30239,,150,,92.9333
382,1.3061,,150,,93
383,1.30981,,150,,93.0667
384,1.31351,,150,,93.1333
385,1.31722,,150,,93.2
386,1.32069,,149,,93.4
387,1.32412,,149.167,,93.4333
388,1.32755,,149.333,,93.4667
389,1.33098,,149.5,,93.5
390,1.33441,,149.667,,93.5333
391,1.33784,,149.833,,93.5667
392,1.34127,,150,,93.6
393,1.34475,,150.2,,93.36
394,1.34823,,150.4,,93.12
395,1.3517,,150.6,,92.88
396,1.35518,,150.8,,92.64
397,1.35866,,151,,92.4
398,1.36221,,150.6,,92.2
399,1.36575,,150.2,,92
400,1.3693,,149.8,,91.8
401,1.37284,,149.4,,91.6
402,1.37639,,149,,91.4
403,1.38023,,148.667,,91.4
404,1.38406,,148.333,,91.4
405,1.3879,,148,,91.4
406,1.39174,,147.667,,91.4
407,1.39557,,147.333,,91.4
408,1.39941,,147,,91.4
409,1.40341,,146.667,,91.3333
410,1.40742,,146.333,,91.2667
411,1.41142,,146,,91.2
412,1.41542,,145.667,,91.1333
413,1.41943,,145.333,,91.0667
414,1.42343,,145,,91
415,1.42732,,144.833,,91
416,1.43121,,144.667,,91
417,1.43511,,144.5,,91
418,1.439,,144.333,,91
419,1.44289,,144.167,,91
420,1.44678,,144,,91
421,1.44994,,143.571,,91.0571
422,1.45309,,143.143,,91.1143
423,1.45625,,142.714,,91.1714
424,1.45941,,142.286,,91.2286
425,1.46257,,141.857,,91.2857
426,1.46572,,141.429,,91.3429
427,1.46888,,141,,91.4
428,1.47243,,140.833,,91.4667
429,1.47598,,140.667,,91.5333
430,1.47954,,140.5,,91.6
431,1.48309,,140.333,,91.6667
432,1.48664,,140.167,,91.7333
433,1.49019,,140,,91.8
434,1.49416,,140.167,,91.8667
435,1.49813,,140.333,,91.9333
436,1.5021,,140.5,,92
437,1.50606,,140.667,,92.0667
438,1.51003,,140.833,,92.1333
439,1.514,,141,,92.2
440,1.51745,,140.5,,92.3
441,1.52091,,140,,92.4
442,1.52459,,140.333,,92.5
443,1.52826,,140.667,,92.6
444,1.53194,,141,,92.7
445,1.53561,,141.333,,92.8
446,1.53929,,141.667,,92.9
447,1.54296,,142,,93
448,1.54661,,142.5,,93.2
449,1.55025,,143,,93.4
450,1.55402,,143,,93.5333
451,1.55779,,143,,93.6667
452,1.56157,,143,,93.8
453,1.56534,,143,,93.9333
454,1.56911,,143,,94.0667
455,1.57288,,143,,94.2
456,1.57634,,143.2,,94.28
457,1.5798,,143.4,,94.36
458,1.58325,,143.6,,94.44
459,1.58671,,143.8,,94.52
460,1.59017,,144,,94.6
461,1.59354,,144.4,,94.76
462,1.59692,,144.8,,94.92
463,1.60029,,145.2,,95.08
464,1.60367,,145.6,,95.24
465,1.60704,,146,,95.4
466,1.61005,,146,,95.8
467,1.61414,,146,,96.0667
468,1.61823,,146,,96.3333
469,1.62232,,146,,96.6
470,1.62573,,145.8,,96.68
471,1.62914,,145.6,,96.76
472,1.63256,,145.4,,96.84
473,1.63597,,145.2,,96.92
474,1.63938,,145,,97
475,1.64292,,145.167,,96.9667
476,1.64646,,145.333,,96.9333
477,1.65,,145.5,,96.9
478,1.65353,,145.667,,96.8667
479,1.65707,,145.833,,96.8333
480,1.66061,,146,,96.8
481,1.66393,,146,,96.88
482,1.66724,,146,,96.96
483,1.67056,,146,,97.04
484,1.67387,,146,,97.12
485,1.67719,,146,,97.2
486,1.68124,,145.833,,97.1667
487,1.68529,,145.667,,97.1333
488,1.68934,,145.5,,97.1
489,1.6934,,145.333,,97.0667
490,1.69745,,145.167,,97.0333
491,1.7015,,145,,97
492,1.70582,,145,,96.88
493,1.71014,,145,,96.76
494,1.71446,,145,,96.64
495,1.71878,,145,,96.52
496,1.7231,,145,,96.4
497,1.72698,,145.167,,96.3667
498,1.73086,,145.333,,96.3333
499,1.73474,,145.5,,96.3
500,1.73861,,145.667,,96.2667
501,1.74249,,145.833,,96.2333
502,1.74637,,146,,96.2
503,1.74994,,146.167,,96.2
504,1.75352,,146.333,,96.2
505,1.7571,,146.5,,96.2
506,1.76067,,146.667,,96.2
507,1.76424,,146.833,,96.2
508,1.76782,,147,,96.2
509,1.77144,,146.833,,96.1667
510,1.77506,,146.667,,96.1333
511,1.77868,,146.5,,96.1
512,1.78229,,146.333,,96.0667
513,1.78591,,146.167,,96.0333
514,1.78953,,146,,96
515,1.79351,,146,,95.95
516,1.7975,,146,,95.9
517,1.80149,,146,,95.85
518,1.80547,,146,,95.8
519,1.8094,,146,,95.8667
520,1.81332,,146,,95.9333
521,1.81725,,146,,96
522,1.82118,,146,,96.0667
523,1.8251,,146,,96.1333
524,1.82903,,146,,96.2
525,1.83311,,146,,96.16
526,1.83718,,146,,96.12
527,1.84126,,146,,96.08
528,1.84533,,146,,96.04
529,1.84941,,146,,96
530,1.85346,,146,,96
531,1.85751,,146,,96
532,1.86156,,146,,96
533,1.86561,,146,,96
534,1.86966,,146,,96
535,1.87351,,145.5,,96.0333
536,1.87736,,145,,96.0667
537,1.88121,,144.5,,96.1
538,1.88506,,144,,96.1333
539,1.88891,,143.5,,96.1667
540,1.89276,,143,,96.2
541,1.89671,,142.833,,96.2333
542,1.90067,,142.667,,96.2667
543,1.90463,,142.5,,96.3
544,1.90858,,142.333,,96.3333
545,1.91254,,142.167,,96.3667
546,1.91649,,142,,96.4
547,1.91994,,142,,96.4667
548,1.92338,,142,,96.5333
549,1.92683,,142,,96.6
550,1.93028,,142,,96.6667
551,1.93372,,142,,96.7333
552,1.93717,,142,,96.8
553,1.94036,,142.143,,96.7714
554,1.94355,,142.286,,96.7429
555,1.94674,,142.429,,96.7143
556,1.94993,,142.571,,96.6857
557,1.95312,,142.714,,96.6571
558,1.95631,,142.857,,96.6286
559,1.9595,,143,,96.6
560,1.96301,,143,,96.6667
561,1.96651,,143,,96.7333
562,1.97002,,143,,96.8
563,1.97355,,143,,96.9333
564,1.97708,,143,,97.0667
565,1.98061,,143,,97.2
566,1.98413,,143,,97.3333
567,1.98766,,143,,97.4667
568,1.99119,,143,,97.6
569,1.99471,,143.167,,97.6667
570,1.99823,,143.333,,97.7333
571,2.00175,,143.5,,97.8
572,2.00526,,143.667,,97.8667
573,2.00878,,143.833,,97.9333
574,2.0123,,144,,98
575,2.01621,,144.167,,98.1
576,2.02011,,144.333,,98.2
577,2.02402,,144.5,,98.3
578,2.02792,,144.667,,98.4
579,2.03182,,144.833,,98.5
580,2.03573,,145,,98.6
581,2.03961,,145,,98.8
582,2.0435,,145,,99
583,2.04738,,145,,99.2
584,2.0512,,144.833,,99.3333
585,2.05501,,144.667,,99.4667
586,2.05883,,144.5,,99.6
587,2.06265,,144.333,,99.7333
588,2.06646,,144.167,,99.8667
589,2.07028,,144,,100
590,2.07451,,144,,100.1
591,2.07875,,144,,100.2
592,2.0822,,144,,100.5
593,2.08564,,144,,100.8
594,2.08908,,144,,101.1
595,2.09253,,144,,101.4
596,2.09605,,144.2,,101.6
597,2.09958,,144.4,,101.8
598,2.1031,,144.6,,102
599,2.10663,,144.8,,102.2
600,2.11015,,145,,102.4
601,2.11323,,145.333,,102.733
602,2.11632,,145.667,,103.067
603,2.1194,,146,,103.4
604,2.1228,,146.2,,103.6
605,2.1262,,146.4,,103.8
606,2.1296,,146.6,,104
607,2.133,,146.8,,104.2
608,2.1364,,147,,104.4
609,2.1394,,147.167,,104.633
610,2.1424,,147.333,,104.867
611,2.14539,,147.5,,105.1
612,2.14839,,147.667,,105.333
613,2.15139,,147.833,,105.567
614,2.15439,,148,,105.8
615,2.15743,,148.286,,105.914
616,2.16048,,148.571,,106.029
617,2.16352,,148.857,,106.143
618,2.16656,,149.143,,106.257
619,2.1696,,149.429,,106.371
620,2.17265,,149.714,,106.486
621,2.17569,,150,,106.6
622,2.17846,,150.333,,106.633
623,2.18124,,150.667,,106.667
624,2.18401,,151,,106.7
625,2.18678,,151.333,,106.733
626,2.18956,,151.667,,106.767
627,2.19233,,152,,106.8
628,2.19597,,152.167,,106.867
629,2.19961,,152.333,,106.933
630,2.20325,,152.5,,107
631,2.20689,,152.667,,107.067
632,2.21053,,152.833,,107.133
633,2.21417,,153,,107.2
634,2.21793,,153,,107.2
635,2.2217,,153,,107.2
636,2.22546,,153,,107.2
637,2.22922,,153,,107.2
638,2.23299,,153,,107.2
639,2.23675,,153,,107.2
640,2.24012,,153,,107.267
641,2.24349,,153,,107.333
642,2.24686,,153,,107.4
643,2.25022,,153,,107.467
644,2.25359,,153,,107.533
645,2.25696,,153,,107.6
646,2.26042,,152.8,,107.68
647,2.26389,,152.6,,107.76
648,2.26735,,152.4,,107.84
649,2.27082,,152.2,,107.92
650,2.27428,,152,,108
651,2.27808,,152,,108.067
652,2.28189,,152,,108.133
653,2.28569,,152,,108.2
654,2.28949,,152,,108.267
655,2.2933,,152,,108.333
656,2.2971,,152,,108.4
657,2.30064,,152,,108.467
658,2.30419,,152,,108.533
659,2.30774,,152,,108.6
660,2.31128,,152,,108.667
661,2.31482,,152,,108.733
662,2.31837,,152,,108.8
663,2.32173,,151.8,,108.84
664,2.32509,,151.6,,108.88
665,2.32845,,151.4,,108.92
666,2.33181,,151.2,,108.96
667,2.33517,,151,,109
668,2.3387,,151,,109.1
669,2.34222,,151,,109.2
670,2.34574,,151,,109.3
671,2.34927,,151,,109.4
672,2.3528,,151,,109.5
673,2.35632,,151,,109.6
674,2.36019,,150.5,,109.8
675,2.36406,,150,,110
676,2.36816,,150.2,,110.08
677,2.37226,,150.4,,110.16
678,2.37636,,150.6,,110.24
679,2.38046,,150.8,,110.32
680,2.38456,,151,,110.4
681,2.38852,,150.833,,110.367
682,2.39248,,150.667,,110.333
683,2.39644,,150.5,,110.3
684,2.40041,,150.333,,110.267
685,2.40437,,150.167,,110.233
686,2.40833,,150,,110.2
687,2.41298,,150.2,,110.32
688,2.41763,,150.4,,110.44
689,2.42227,,150.6,,110.56
690,2.42692,,150.8,,110.68
691,2.43157,,151,,110.8
692,2.4362,,151,,110.933
693,2.44082,,151,,111.067
694,2.44545,,151,,111.2
695,2.4496,,150.8,,111.28
696,2.45374,,150.6,,111.36
697,2.45789,,150.4,,111.44
698,2.46203,,150.2,,111.52
699,2.46618,,150,,111.6
700,2.47029,,149.8,,111.72
701,2.47441,,149.6,,111.84
702,2.47852,,149.4,,111.96
703,2.48264,,149.2,,112.08
704,2.48675,,149,,112.2
705,2.49053,,149,,112.2
706,2.49457,,148.8,,112.32
707,2.49862,,148.6,,112.44
708,2.50266,,148.4,,112.56
709,2.50671,,148.2,,112.68
710,2.51075,,148,,112.8
711,2.51502,,147.8,,112.84
712,2.51929,,147.6,,112.88
713,2.52356,,147.4,,112.92
714,2.52783,,147.2,,112.96
715,2.5321,,147,,113
716,2.5362,,147,,113.2
717,2.54045,,147,,113.12
718,2.54469,,147,,113.04
719,2.54894,,147,,112.96
720,2.55318,,147,,112.88
721,2.55743,,147,,112.8
722,2.56156,,147,,112.84
723,2.56569,,147,,112.88
724,2.56981,,147,,112.92
725,2.57394,,147,,112.96
726,2.57807,,147,,113
727,2.58211,,147.2,,112.96
728,2.58615,,147.4,,112.92
729,2.5902,,147.6,,112.88
730,2.59424,,147.8,,112.84
731,2.59828,,148,,112.8
732,2.60215,,147.833,,112.8
733,2.60602,,147.667,,112.8
734,2.60989,,147.5,,112.8
735,2.61375,,147.333,,112.8
736,2.61762,,147.167,,112.8
737,2.62149,,147,,112.8
738,2.62521,,146.833,,112.767
739,2.62893,,146.667,,112.733
740,2.63265,,146.5,,112.7
741,2.63638,,146.333,,112.667
742,2.6401,,146.167,,112.633
743,2.64382,,146,,112.6
744,2.64738,,146,,112.4
745,2.65095,,146,,112.2
746,2.65454,,145.667,,112.033
747,2.65813,,145.333,,111.867
748,2.66172,,145,,111.7
749,2.6653,,144.667,,111.533
750,2.66889,,144.333,,111.367
751,2.67248,,144,,111.2
752,2.67586,,144,,111.1
753,2.67924,,144,,111
754,2.68242,,143.4,,110.76
755,2.6856,,142.8,,110.52
756,2.68879,,142.2,,110.28
757,2.69197,,141.6,,110.04
758,2.69515,,141,,109.8
759,2.69846,,140.8,,109.56
760,2.70177,,140.6,,109.32
761,2.70507,,140.4,,109.08
762,2.70838,,140.2,,108.84
763,2.71169,,140,,108.6
764,2.71551,,139.667,,108.5
765,2.71933,,139.333,,108.4
766,2.72316,,139,,108.3
767,2.72698,,138.667,,108.2
768,2.7308,,138.333,,108.1
769,2.73462,,138,,108
770,2.7389,,138,,107.8
771,2.74318,,138,,107.6
772,2.74707,,138,,107.2
773,2.75097,,138,,106.8
774,2.75486,,138,,106.4
775,2.75837,,138,,106.16
776,2.76187,,138,,105.92
777,2.76538,,138,,105.68
778,2.76888,,138,,105.44
779,2.77239,,138,,105.2
780,2.77558,,137.333,,104.867
781,2.77877,,136.667,,104.533
782,2.78196,,136,,104.2
783,2.7854,,136,,104
784,2.78884,,136,,103.8
785,2.79229,,136,,103.6
786,2.79573,,136,,103.4
787,2.79917,,136,,103.2
788,2.80261,,136,,103
789,2.80658,,135.8,,102.72
790,2.81054,,135.6,,102.44
791,2.81451,,135.4,,102.16
792,2.81847,,135.2,,101.88
793,2.82244,,135,,101.6
794,2.82629,,134.8,,101.36
795,2.83014,,134.6,,101.12
796,2.83398,,134.4,,100.88
797,2.83783,,134.2,,100.64
798,2.84168,,134,,100.4
799,2.84546,,133.667,,100.067
800,2.84925,,133.333,,99.7333
801,2.85303,,133,,99.4
802,2.85677,,132.667,,99.3
803,2.8605,,132.333,,99.2
804,2.86424,,132,,99.1
805,2.86798,,131.667,,99
806,2.87171,,131.333,,98.9
807,2.87545,,131,,98.8
808,2.87736,,131,,98.8
809,2.87968,,131,,98.6
810,2.882,,131,,98.4
811,2.88524,,131,,98.4
812,2.88847,,131,,98.4
813,2.89171,,131,,98.4
814,2.89495,,131,,98.4
815,2.89819,,131,,98.4
816,2.90142,,131,,98.4
817,2.90466,,131,,98.4
818,2.908,,131.167,,98.4
819,2.91135,,131.333,,98.4
820,2.91469,,131.5,,98.4
821,2.91803,,131.667,,98.4
822,2.92138,,131.833,,98.4
823,2.92472,,132,,98.4
824,2.92808,,132.167,,98.3667
825,2.93143,,132.333,,98.3333
826,2.93479,,132.5,,98.3
827,2.93814,,132.667,,98.2667
828,2.9415,,132.833,,98.2333
829,2.94485,,133,,98.2
830,2.94849,,133,,98.3
831,2.95212,,133,,98.4
832,2.95576,,133,,98.5
833,2.9594,,133,,98.6
834,2.96303,,133,,98.7
835,2.96667,,133,,98.8
836,2.97015,,133.333,,98.9
837,2.97362,,133.667,,99
838,2.9771,,134,,99.1
839,2.98058,,134.333,,99.2
840,2.98405,,134.667,,99.3
841,2.98753,,135,,99.4
842,2.99071,,135.286,,99.4
843,2.99388,,135.571,,99.4
844,2.99706,,135.857,,99.4
845,3.00023,,136.143,,99.4
846,3.00341,,136.429,,99.4
847,3.00658,,136.714,,99.4
848,3.00976,,137,,99.4
849,3.01361,,136.833,,99.3333
850,3.01746,,136.667,,99.2667
851,3.02131,,136.5,,99.2
852,3.02516,,136.333,,99.1333
853,3.02901,,136.167,,99.0667
854,3.03286,,136,,99
855,3.03682,,136.333,,99.0333
856,3.04078,,136.667,,99.0667
857,3.04474,,137,,99.1
858,3.04869,,137.333,,99.1333
859,3.05265,,137.667,,99.1667
860,3.05661,,138,,99.2
861,3.06039,,138,,99.1333
862,3.06417,,138,,99.0667
863,3.06795,,138,,99
864,3.07173,,138,,98.9333
865,3.07551,,138,,98.8667
866,3.07929,,138,,98.8
867,3.08327,,138,,98.6667
868,3.08725,,138,,98.5333
869,3.09123,,138,,98.4
870,3.09532,,138,,98.4
871,3.09942,,138,,98.4
872,3.10351,,138,,98.4
873,3.10761,,138,,98.4
874,3.1117,,138,,98.4
875,3.11614,,138,,98.44
876,3.12058,,138,,98.48
877,3.12503,,138,,98.52
878,3.12947,,138,,98.56
879,3.13391,,138,,98.6
880,3.13816,,138,,98.52
881,3.1424,,138,,98.44
882,3.14665,,138,,98.36
883,3.15089,,138,,98.28
884,3.15514,,138,,98.2
885,3.15891,,138,,98.1667
886,3.16269,,138,,98.1333
887,3.16646,,138,,98.1
888,3.17023,,138,,98.0667
889,3.17401,,138,,98.0333
890,3.17778,,138,,98
891,3.18109,,138.286,,98
892,3.1844,,138.571,,98
893,3.18771,,138.857,,98
894,3.19102,,139.143,,98
895,3.19433,,139.429,,98
896,3.19764,,139.714,,98
897,3.20095,,140,,98
898,3.20448,,140.2,,98.08
899,3.20801,,140.4,,98.16
900,3.21155,,140.6,,98.24
901,3.21508,,140.8,,98.32
902,3.21861,,141,,98.4
903,3.2221,,141.333,,98.4667
904,3.22559,,141.667,,98.5333
905,3.22908,,142,,98.6
906,3.23257,,142.333,,98.6667
907,3.23606,,142.667,,98.7333
908,3.23955,,143,,98.8
909,3.24258,,143.143,,98.8857
910,3.24561,,143.286,,98.9714
911,3.24864,,143.429,,99.0571
912,3.25168,,143.571,,99.1429
913,3.25471,,143.714,,99.2286
914,3.25774,,143.857,,99.3143
915,3.26077,,144,,99.4
916,3.264,,144,,99.4571
917,3.26723,,144,,99.5143
918,3.27046,,144,,99.5714
919,3.2737,,144,,99.6286
920,3.27693,,144,,99.6857
921,3.28016,,144,,99.7429
922,3.28339,,144,,99.8
923,3.28709,,144.25,,99.95
924,3.29078,,144.5,,100.1
925,3.29448,,144.75,,100.25
926,3.29818,,145,,100.4
927,3.30199,,145.333,,100.467
928,3.30581,,145.667,,100.533
929,3.30962,,146,,100.6
930,3.31343,,146.333,,100.667
931,3.31725,,146.667,,100.733
932,3.32106,,147,,100.8
933,3.32573,,147.2,,100.92
934,3.33041,,147.4,,101.04
935,3.33508,,147.6,,101.16
936,3.33976,,147.8,,101.28
937,3.34443,,148,,101.4
938,3.34819,,148,,101.6
939,3.3516,,148.167,,101.667
940,3.35501,,148.333,,101.733
941,3.35843,,148.5,,101.8
942,3.36184,,148.667,,101.867
943,3.36525,,148.833,,101.933
944,3.36866,,149,,102
945,3.37266,,149.167,,102.1
946,3.37666,,149.333,,102.2
947,3.38067,,149.5,,102.3
948,3.38467,,149.667,,102.4
949,3.38867,,149.833,,102.5
950,3.39267,,150,,102.6
951,3.39668,,150,,102.6
952,3.40023,,150.167,,102.7
953,3.40379,,150.333,,102.8
954,3.40734,,150.5,,102.9
955,3.41089,,150.667,,103
956,3.41445,,150.833,,103.1
957,3.418,,151,,103.2
958,3.4213,,151,,103.257
959,3.4246,,151,,103.314
960,3.4279,,151,,103.371
961,3.4312,,151,,103.429
962,3.4345,,151,,103.486
963,3.4378,,151,,103.543
964,3.4411,,151,,103.6
965,3.44383,,151,,103.7
966,3.44656,,151,,103.8
967,3.44887,,150.75,,103.65
968,3.45118,,150.5,,103.5
969,3.45349,,150.25,,103.35
970,3.4558,,150,,103.2
971,3.45795,,150,,103.1
972,3.4601,,150,,103
973,3.46273,,149.5,,102.9
974,3.46536,,149,,102.8
975,3.46859,,149,,102.6
976,3.47183,,149,,102.4
977,3.47506,,149,,102.2
978,3.47829,,149,,102
979,3.48153,,149,,101.8
980,3.48476,,149,,101.6
981,3.48849,,148.667,,101.067
982,3.49222,,148.333,,100.533
983,3.49595,,148,,100
984,3.49985,,147.333,,99.5333
985,3.50374,,146.667,,99.0667
986,3.50764,,146,,98.6
987,3.51137,,145.333,,98.2
988,3.51511,,144.667,,97.8
989,3.51884,,144,,97.4
990,3.5225,,143.5,,96.9
991,3.52615,,143,,96.4
992,3.52923,,142.5,,95.8
993,3.5323,,142,,95.2
994,3.53615,,141.333,,94.8
995,3.54001,,140.667,,94.4
996,3.54386,,140,,94
997,3.54809,,139.5,,93.4
998,3.55233,,139,,92.8
999,3.55639,,139,,92.2
1000,3.56045,,139,,91.6
1001,3.56432,,138.667,,91.2667
1002,3.56818,,138.333,,90.9333
1003,3.57205,,138,,90.6
1004,3.5762,,137.5,,89.9
1005,3.58036,,137,,89.2
1006,3.5845,,136.667,,88.8
1007,3.58864,,136.333,,88.4
1008,3.59278,,136,,88
1009,3.597,,135.667,,87.6
1010,3.60122,,135.333,,87.2
1011,3.60544,,135,,86.8
1012,3.60954,,134.333,,86.4667
1013,3.61365,,133.667,,86.1333
1014,3.61775,,133,,85.8
1015,3.62182,,133,,85.5
1016,3.62589,,133,,85.2
1017,3.62997,,133,,84.9
1018,3.63404,,133,,84.6
1019,3.63801,,132.6,,84.4
1020,3.64198,,132.2,,84.2
1021,3.64595,,131.8,,84
1022,3.64992,,131.4,,83.8
1023,3.65389,,131,,83.6
1024,3.658,,130.8,,83.36
1025,3.66211,,130.6,,83.12
1026,3.66621,,130.4,,82.88
1027,3.67032,,130.2,,82.64
1028,3.67443,,130,,82.4
1029,3.67818,,129.8,,82.16
1030,3.68193,,129.6,,81.92
1031,3.68568,,129.4,,81.68
1032,3.68943,,129.2,,81.44
1033,3.69318,,129,,81.2
1034,3.69699,,129,,80.8
1035,3.70079,,129,,80.4
1036,3.7046,,129,,80
1037,3.70856,,129,,79.6
1038,3.71251,,129,,79.2
1039,3.71647,,129,,78.8
1040,3.72013,,129,,78.4
1041,3.7238,,129,,78
1042,3.72746,,129,,77.6
1043,3.73093,,128.833,,77.4
1044,3.7344,,128.667,,77.2
1045,3.73787,,128.5,,77
1046,3.74134,,128.333,,76.8
1047,3.74481,,128.167,,76.6
1048,3.74828,,128,,76.4
1049,3.7515,,128,,76.15
1050,3.75472,,128,,75.9
1051,3.75795,,128,,75.65
1052,3.76117,,128,,75.4
1053,3.76495,,127.667,,75.0667
1054,3.76874,,127.333,,74.7333
1055,3.77252,,127,,74.4
1056,3.7755,,126.75,,74.15
1057,3.77848,,126.5,,73.9
1058,3.78146,,126.25,,73.65
1059,3.78444,,126,,73.4
1060,3.78717,,126,,73.2
1061,3.79163,,126,,72.9
1062,3.7961,,126,,72.6
1063,3.80056,,126,,72.3
1064,3.80502,,126,,72
1065,3.80971,,126.333,,71.6667
1066,3.81441,,126.667,,71.3333
1067,3.8191,,127,,71
1068,3.82375,,127,,70.84
1069,3.8284,,127,,70.68
1070,3.83306,,127,,70.52
1071,3.83771,,127,,70.36
1072,3.84236,,127,,70.2
1073,3.84668,,127.75,,70.15
1074,3.851,,128.5,,70.1
1075,3.85532,,129.25,,70.05
1076,3.85964,,130,,70
1077,3.86396,,130,,69.8
1078,3.8678,,130.333,,69.7667
1079,3.87164,,130.667,,69.7333
1080,3.87548,,131,,69.7
1081,3.87932,,131.333,,69.6667
1082,3.88316,,131.667,,69.6333
1083,3.887,,132,,69.6
1084,3.89079,,132.167,,69.6
1085,3.89457,,132.333,,69.6
1086,3.89836,,132.5,,69.6
1087,3.90214,,132.667,,69.6
1088,3.90592,,132.833,,69.6
1089,3.90971,,133,,69.6
1090,3.91339,,133.333,,69.7333
1091,3.91708,,133.667,,69.8667
1092,3.92076,,134,,70
1093,3.92444,,134.333,,70.1333
1094,3.92813,,134.667,,70.2667
1095,3.93181,,135,,70.4
1096,3.93529,,135,,70.8
1097,3.93802,,135.125,,70.775
1098,3.94076,,135.25,,70.75
1099,3.94349,,135.375,,70.725
1100,3.94623,,135.5,,70.7
1101,3.94896,,135.625,,70.675
1102,3.95169,,135.75,,70.65
1103,3.95443,,135.875,,70.625
1104,3.95716,,136,,70.6
1105,3.96018,,135.667,,70.2
1106,3.96319,,135.333,,69.8
1107,3.96621,,135,,69.4
1108,3.96933,,135.333,,68.8667
1109,3.97246,,135.667,,68.3333
1110,3.97558,,136,,67.8
1111,3.97984,,136,,67.2
1112,3.9841,,136,,66.6
1113,3.98766,,136.333,,66.1333
1114,3.99121,,136.667,,65.6667
1115,3.99477,,137,,65.2
1116,3.99811,,137.25,,64.95
1117,4.00145,,137.5,,64.7
1118,4.00479,,137.75,,64.45
1119,4.00813,,138,,64.2
1120,4.01111,,137.857,,64.1143
1121,4.01408,,137.714,,64.0286
1122,4.01706,,137.571,,63.9429
1123,4.02003,,137.429,,63.8571
1124,4.02301,,137.286,,63.7714
1125,4.02598,,137.143,,63.6857
1126,4.02896,,137,,63.6
1127,4.03187,,136.5,,63.3
1128,4.03478,,136,,63
1129,4.03644,,135.25,,62.65
1130,4.03809,,134.5,,62.3
1131,4.03975,,133.75,,61.95
1132,4.04141,,133,,61.6
1133,4.04249,,132.5,,60.9
1134,4.04356,,132,,60.2
1135,4.04454,,132,,59.4
1136,4.04551,,132,,58.6
1137,4.04731,,132,,58
1138,4.04945,,132,,57.4
1139,4.05349,,132,,56.7
1140,4.05753,,132,,56
1141,4.06094,,131.833,,55.9
1142,4.06435,,131.667,,55.8
1143,4.06776,,131.5,,55.7
1144,4.07116,,131.333,,55.6
1145,4.07457,,131.167,,55.5
1146,4.07798,,131,,55.4
1147,4.08037,,131,,55.6
1148,4.08276,,131,,55.8
1149,4.08504,,131.222,,55.9333
1150,4.08731,,131.444,,56.0667
1151,4.08959,,131.667,,56.2
1152,4.09187,,131.889,,56.3333
1153,4.09414,,132.111,,56.4667
1154,4.09642,,132.333,,56.6
1155,4.0987,,132.556,,56.7333
1156,4.10097,,132.778,,56.8667
1157,4.10325,,133,,57
1158,4.10579,,133,,57.2
1159,4.10888,,133.286,,57.2571
1160,4.11196,,133.571,,57.3143
1161,4.11505,,133.857,,57.3714
1162,4.11813,,134.143,,57.4286
1163,4.12122,,134.429,,57.4857
1164,4.1243,,134.714,,57.5429
1165,4.12739,,135,,57.6
1166,4.13087,,135.333,,57.8
1167,4.13436,,135.667,,58
1168,4.13784,,136,,58.2
1169,4.14129,,136.5,,58.55
1170,4.14474,,137,,58.9
1171,4.1482,,137.5,,59.25
1172,4.15165,,138,,59.6
1173,4.15489,,138.5,,59.9
1174,4.15814,,139,,60.2
1175,4.16139,,139.5,,60.5
1176,4.16463,,140,,60.8
1177,4.16787,,140.667,,61.2
1178,4.1711,,141.333,,61.6
1179,4.17434,,142,,62
1180,4.1772,,142.5,,62.35
1181,4.18005,,143,,62.7
1182,4.1829,,143.5,,63.05
1183,4.18576,,144,,63.4
1184,4.18903,,144.667,,63.7333
1185,4.19229,,145.333,,64.0667
1186,4.19556,,146,,64.4
1187,4.19872,,146.667,,64.7333
1188,4.20189,,147.333,,65.0667
1189,4.20505,,148,,65.4
1190,4.20822,,148.667,,65.8
1191,4.2114,,149.333,,66.2
1192,4.21457,,150,,66.6
1193,4.21786,,150.5,,66.85
1194,4.22115,,151,,67.1
1195,4.22444,,151.5,,67.35
1196,4.22773,,152,,67.6
1197,4.23116,,152.2,,67.84
1198,4.23459,,152.4,,68.08
1199,4.23801,,152.6,,68.32
1200,4.24144,,152.8,,68.56
1201,4.24487,,153,,68.8
1202,4.24824,,153.2,,69
1203,4.25161,,153.4,,69.2
1204,4.25497,,153.6,,69.4
1205,4.25834,,153.8,,69.6
1206,4.26171,,154,,69.8
1207,4.26522,,154.2,,70
1208,4.26874,,154.4,,70.2
1209,4.27225,,154.6,,70.4
1210,4.27577,,154.8,,70.6
1211,4.27928,,155,,70.8
1212,4.2829,,155.167,,70.9333
1213,4.28652,,155.333,,71.0667
1214,4.29014,,155.5,,71.2
1215,4.29376,,155.667,,71.3333
1216,4.29738,,155.833,,71.4667
1217,4.301,,156,,71.6
1218,4.30471,,156,,71.65
1219,4.30842,,156,,71.7
1220,4.31212,,156,,71.75
1221,4.31583,,156,,71.8
1222,4.31928,,156.167,,71.8667
1223,4.32272,,156.333,,71.9333
1224,4.32617,,156.5,,72
1225,4.32962,,156.667,,72.0667
1226,4.33306,,156.833,,72.1333
1227,4.33651,,157,,72.2
1228,4.34011,,156.833,,72.2667
1229,4.34371,,156.667,,72.3333
1230,4.34731,,156.5,,72.4
1231,4.35091,,156.333,,72.4667
1232,4.35451,,156.167,,72.5333
1233,4.35811,,156,,72.6
1234,4.36169,,156,,72.7
1235,4.36527,,156,,72.8
1236,4.36851,,155.857,,72.9429
1237,4.37175,,155.714,,73.0857
1238,4.37499,,155.571,,73.2286
1239,4.37824,,155.429,,73.3714
1240,4.38148,,155.286,,73.5143
1241,4.38472,,155.143,,73.6571
1242,4.38796,,155,,73.8
1243,4.39127,,155,,74
1244,4.39494,,154.833,,74.1
1245,4.39861,,154.667,,74.2
1246,4.40228,,154.5,,74.3
1247,4.40594,,154.333,,74.4
1248,4.40961,,154.167,,74.5
1249,4.41328,,154,,74.6
1250,4.41706,,153.667,,74.8
1251,4.42083,,153.333,,75
1252,4.42461,,153,,75.2
1253,4.42826,,153,,75.3
1254,4.43191,,153,,75.4
1255,4.43556,,153,,75.5
1256,4.43921,,153,,75.6
1257,4.44286,,153,,75.7
1258,4.44651,,153,,75.8
1259,4.45086,,153.2,,75.84
1260,4.45521,,153.4,,75.88
1261,4.45955,,153.6,,75.92
1262,4.4639,,153.8,,75.96
1263,4.46825,,154,,76
1264,4.4721,,154,,75.9333
1265,4.47596,,154,,75.8667
1266,4.47982,,154,,75.8
1267,4.48367,,154,,75.7333
1268,4.48753,,154,,75.6667
1269,4.49138,,154,,75.6
1270,4.4946,,153.714,,75.5143
1271,4.49782,,153.429,,75.4286
1272,4.50104,,153.143,,75.3429
1273,4.50426,,152.857,,75.2571
1274,4.50748,,152.571,,75.1714
1275,4.5107,,152.286,,75.0857
1276,4.51392,,152,,75
1277,4.51744,,151.833,,75.0333
1278,4.52097,,151.667,,75.0667
1279,4.52449,,151.5,,75.1
1280,4.52801,,151.333,,75.1333
1281,4.53154,,151.167,,75.1667
1282,4.53506,,151,,75.2
1283,4.53871,,150.667,,75.2
1284,4.54236,,150.333,,75.2
1285,4.54601,,150,,75.2
1286,4.54965,,149.667,,75.2
1287,4.5533,,149.333,,75.2
1288,4.55695,,149,,75.2
1289,4.56069,,148.833,,75.2667
1290,4.56442,,148.667,,75.3333
1291,4.56816,,148.5,,75.4
1292,4.5719,,148.333,,75.4667
1293,4.57563,,148.167,,75.5333
1294,4.57937,,148,,75.6
1295,4.58257,,148.167,,75.7
1296,4.58576,,148.333,,75.8
1297,4.58896,,148.5,,75.9
1298,4.59216,,148.667,,76
1299,4.59535,,148.833,,76.1
1300,4.59855,,149,,76.2
1301,4.60286,,148.8,,76.36
1302,4.60716,,148.6,,76.52
1303,4.61147,,148.4,,76.68
1304,4.61577,,148.2,,76.84
1305,4.62008,,148,,77
1306,4.62395,,149,,77.4
1307,4.62792,,149,,77.7
1308,4.63188,,149,,78
1309,4.63585,,149,,78.3
1310,4.63982,,149,,78.6
1311,4.64355,,149.25,,78.85
1312,4.64727,,149.5,,79.1
1313,4.65099,,149.75,,79.35
1314,4.65472,,150,,79.6
1315,4.65774,,150.2,,79.84
1316,4.66077,,150.4,,80.08
1317,4.66379,,150.6,,80.32
1318,4.66682,,150.8,,80.56
1319,4.66984,,151,,80.8
1320,4.67323,,151,,81.04
1321,4.67661,,151,,81.28
1322,4.68,,151,,81.52
1323,4.68338,,151,,81.76
1324,4.68677,,151,,82
1325,4.69026,,151,,82.35
1326,4.69375,,151,,82.7
1327,4.69724,,151,,83.05
1328,4.70073,,151,,83.4
1329,4.70392,,151,,83.65
1330,4.7071,,151,,83.9
1331,4.71028,,151,,84.15
1332,4.71347,,151,,84.4
1333,4.71662,,151.25,,84.65
1334,4.71976,,151.5,,84.9
1335,4.72291,,151.75,,85.15
1336,4.72606,,152,,85.4
1337,4.72846,,152.25,,85.75
1338,4.73087,,152.5,,86.1
1339,4.73327,,152.75,,86.45
1340,4.73567,,153,,86.8
1341,4.73854,,153.25,,87.05
1342,4.74141,,153.5,,87.3
1343,4.74429,,153.75,,87.55
1344,4.74716,,154,,87.8
1345,4.75008,,154.2,,88.04
1346,4.753,,154.4,,88.28
1347,4.75592,,154.6,,88.52
1348,4.75884,,154.8,,88.76
1349,4.76176,,155,,89
1350,4.7642,,155,,89.3
1351,4.76663,,155,,89.6
1352,4.76907,,155,,89.9
1353,4.77151,,155,,90.2
1354,4.77438,,155.167,,90.3667
1355,4.77724,,155.333,,90.5333
1356,4.78011,,155.5,,90.7
1357,4.78298,,155.667,,90.8667
1358,4.78584,,155.833,,91.0333
1359,4.78871,,156,,91.2
1360,4.7918,,156.143,,91.2571
1361,4.79489,,156.286,,91.3143
1362,4.79798,,156.429,,91.3714
1363,4.80106,,156.571,,91.4286
1364,4.80415,,156.714,,91.4857
1365,4.80724,,156.857,,91.5429
1366,4.81033,,157,,91.6
1367,4.81421,,157,,91.7
1368,4.81809,,157,,91.8
1369,4.82197,,157,,91.9
1370,4.82585,,157,,92
1371,4.8299,,157.5,,92.2
1372,4.83395,,158,,92.4
1373,4.83766,,158,,92.4333
1374,4.84137,,158,,92.4667
1375,4.84508,,158,,92.5
1376,4.84878,,158,,92.5333
1377,4.85249,,158,,92.5667
1378,4.8562,,158,,92.6
1379,4.85981,,157.667,,92.6333
1380,4.86341,,157.333,,92.6667
1381,4.86702,,157,,92.7
1382,4.87062,,156.667,,92.7333
1383,4.87423,,156.333,,92.7667
1384,4.87783,,156,,92.8
1385,4.88176,,156,,92.8333
1386,4.88568,,156,,92.8667
1387,4.88961,,156,,92.9
1388,4.89353,,156,,92.9333
1389,4.89745,,156,,92.9667
1390,4.90138,,156,,93
1391,4.90563,,155.8,,92.92
1392,4.90988,,155.6,,92.84
1393,4.91413,,155.4,,92.76
1394,4.91838,,155.2,,92.68
1395,4.92263,,155,,92.6
1396,4.9265,,154.833,,92.6667
1397,4.93036,,154.667,,92.7333
1398,4.93423,,154.5,,92.8
1399,4.9381,,154.333,,92.8667
1400,4.94196,,154.167,,92.9333
1401,4.94583,,154,,93
1402,4.94918,,154,,93.0333
1403,4.95254,,154,,93.0667
1404,4.95589,,154,,93.1
1405,4.95925,,154,,93.1333
1406,4.9626,,154,,93.1667
1407,4.96596,,154,,93.2
1408,4.96936,,153.833,,93.1333
1409,4.97276,,153.667,,93.0667
1410,4.97616,,153.5,,93
1411,4.97956,,153.333,,92.9333
1412,4.98296,,153.167,,92.8667
1413,4.98636,,153,,92.8
1414,4.98995,,152.667,,92.7333
1415,4.99354,,152.333,,92.6667
1416,4.99714,,152,,92.6
1417,5.00073,,151.667,,92.5333
1418,5.00432,,151.333,,92.4667
1419,5.00791,,151,,92.4
1420,5.01141,,150.667,,92.3333
1421,5.01491,,150.333,,92.2667
1422,5.01842,,150,,92.2
1423,5.02192,,149.667,,92.1333
1424,5.02542,,149.333,,92.0667
1425,5.02892,,149,,92
1426,5.03359,,149,,91.96
1427,5.03826,,149,,91.92
1428,5.04293,,149,,91.88
1429,5.0476,,149,,91.84
1430,5.05227,,149,,91.8
1431,5.05669,,148.8,,91.76
1432,5.06111,,148.6,,91.72
1433,5.06552,,148.4,,91.68
1434,5.06994,,148.2,,91.64
1435,5.07436,,148,,91.6
1436,5.07898,,148,,91.5
1437,5.08359,,148,,91.4
1438,5.08769,,147.8,,91.32
1439,5.0918,,147.6,,91.24
1440,5.0959,,147.4,,91.16
1441,5.10001,,147.2,,91.08
1442,5.10411,,147,,91
1443,5.10818,,146.8,,91
1444,5.11225,,146.6,,91
1445,5.11633,,146.4,,91
1446,5.1204,,146.2,,91
1447,5.12447,,146,,91
1448,5.12829,,145.833,,91.0667
1449,5.13212,,145.667,,91.1333
1450,5.13594,,145.5,,91.2
1451,5.13976,,145.333,,91.2667
1452,5.14359,,145.167,,91.3333
1453,5.14741,,145,,91.4
1454,5.15078,,144.714,,91.4857
1455,5.15415,,144.429,,91.5714
1456,5.15752,,144.143,,91.6571
1457,5.1609,,143.857,,91.7429
1458,5.16427,,143.571,,91.8286
1459,5.16764,,143.286,,91.9143
1460,5.17101,,143,,92
1461,5.17461,,143.25,,92.15
1462,5.17821,,143.5,,92.3
1463,5.1818,,143.75,,92.45
1464,5.1854,,144,,92.6
1465,5.18881,,144.333,,92.6333
1466,5.19221,,144.667,,92.6667
1467,5.19562,,145,,92.7
1468,5.19902,,145.333,,92.7333
1469,5.20242,,145.667,,92.7667
1470,5.20583,,146,,92.8
1471,5.20973,,146.167,,92.9
1472,5.21363,,146.333,,93
1473,5.21753,,146.5,,93.1
1474,5.22144,,146.667,,93.2
1475,5.22534,,146.833,,93.3
1476,5.22924,,147,,93.4
1477,5.23245,,147.333,,93.4667
1478,5.23566,,147.667,,93.5333
1479,5.23887,,148,,93.6
1480,5.24166,,148.167,,93.8
1481,5.24445,,148.333,,94
1482,5.24724,,148.5,,94.2
1483,5.25002,,148.667,,94.4
1484,5.25281,,148.833,,94.6
1485,5.2556,,149,,94.8
1486,5.25825,,149.125,,94.9
1487,5.26091,,149.25,,95
1488,5.26356,,149.375,,95.1
1489,5.26621,,149.5,,95.2
1490,5.26887,,149.625,,95.3
1491,5.27152,,149.75,,95.4
1492,5.27418,,149.875,,95.5
1493,5.27683,,150,,95.6
1494,5.2798,,150,,95.8
1495,5.28277,,150,,96
1496,5.28614,,150,,96.1667
1497,5.28952,,150,,96.3333
1498,5.29289,,150,,96.5
1499,5.29626,,150,,96.6667
1500,5.29964,,150,,96.8333
1501,5.30301,,150,,97
1502,5.3062,,150.167,,97.1667
1503,5.30938,,150.333,,97.3333
1504,5.31257,,150.5,,97.5
1505,5.31576,,150.667,,97.6667
1506,5.31894,,150.833,,97.8333
1507,5.32213,,151,,98
1508,5.32486,,151.333,,98.0667
1509,5.3276,,151.667,,98.1333
1510,5.33033,,152,,98.2
1511,5.33247,,151.5,,98.1
1512,5.33461,,151,,98
1513,5.33728,,150.833,,97.8333
1514,5.33995,,150.667,,97.6667
1515,5.34262,,150.5,,97.5
1516,5.34529,,150.333,,97.3333
1517,5.34796,,150.167,,97.1667
1518,5.35063,,150,,97
1519,5.35415,,149.833,,96.8333
1520,5.35767,,149.667,,96.6667
1521,5.36119,,149.5,,96.5
1522,5.36471,,149.333,,96.3333
1523,5.36823,,149.167,,96.1667
1524,5.37175,,149,,96
1525,5.37533,,148.833,,95.9
1526,5.37891,,148.667,,95.8
1527,5.38248,,148.5,,95.7
1528,5.38606,,148.333,,95.6
1529,5.38964,,148.167,,95.5
1530,5.39322,,148,,95.4
1531,5.39704,,148,,95.2667
1532,5.40085,,148,,95.1333
1533,5.40467,,148,,95
1534,5.40853,,147.833,,94.9
1535,5.41239,,147.667,,94.8
1536,5.41626,,147.5,,94.7
1537,5.42012,,147.333,,94.6
1538,5.42398,,147.167,,94.5
1539,5.42784,,147,,94.4
1540,5.43213,,146.5,,94.1
1541,5.43641,,146,,93.8
1542,5.44055,,146,,93.64
1543,5.44468,,146,,93.48
1544,5.44882,,146,,93.32
1545,5.45295,,146,,93.16
1546,5.45709,,146,,93
1547,5.46116,,145,,92.6
1548,5.46509,,144.8,,92.4
1549,5.46902,,144.6,,92.2
1550,5.47295,,144.4,,92
1551,5.47688,,144.2,,91.8
1552,5.48081,,144,,91.6
1553,5.48467,,143.5,,91.3
1554,5.48853,,143,,91
1555,5.49238,,142.5,,90.7
1556,5.49624,,142,,90.4
1557,5.50038,,141.8,,90.16
1558,5.50453,,141.6,,89.92
1559,5.50867,,141.4,,89.68
1560,5.51282,,141.2,,89.44
1561,5.51696,,141,,89.2
1562,5.52042,,140.75,,88.85
1563,5.52388,,140.5,,88.5
1564,5.52734,,140.25,,88.15
1565,5.5308,,140,,87.8
1566,5.53397,,140,,87.56
1567,5.53714,,140,,87.32
1568,5.54032,,140,,87.08
1569,5.54349,,140,,86.84
1570,5.54666,,140,,86.6
1571,5.55046,,139.833,,86.4667
1572,5.55426,,139.667,,86.3333
1573,5.55806,,139.5,,86.2
1574,5.56186,,139.333,,86.0667
1575,5.56566,,139.167,,85.9333
1576,5.56946,,139,,85.8
1577,5.57297,,138.75,,85.7
1578,5.57648,,138.5,,85.6
1579,5.57999,,138.25,,85.5
1580,5.5835,,138,,85.4
1581,5.58702,,138.167,,85.2667
1582,5.59054,,138.333,,85.1333
1583,5.59406,,138.5,,85
1584,5.59758,,138.667,,84.8667
1585,5.6011,,138.833,,84.7333
1586,5.60462,,139,,84.6
1587,5.60742,,139,,84.4
1588,5.61022,,139,,84.2
1589,5.6139,,138.833,,84.0333
1590,5.61759,,138.667,,83.8667
1591,5.62127,,138.5,,83.7
1592,5.62496,,138.333,,83.5333
1593,5.62864,,138.167,,83.3667
1594,5.63233,,138,,83.2
1595,5.63596,,137.333,,82.8
1596,5.63958,,136.667,,82.4
1597,5.64321,,136,,82
1598,5.6469,,135.75,,81.7
1599,5.6506,,135.5,,81.4
1600,5.65429,,135.25,,81.1
1601,5.65798,,135,,80.8
1602,5.66116,,135,,80.4
1603,5.66433,,135,,80
1604,5.66751,,135,,79.6
1605,5.67073,,135.2,,79.36
1606,5.67395,,135.4,,79.12
1607,5.67716,,135.6,,78.88
1608,5.68038,,135.8,,78.64
1609,5.6836,,136,,78.4
1610,5.68738,,135.8,,78.2
1611,5.69117,,135.6,,78
1612,5.69495,,135.4,,77.8
1613,5.69874,,135.2,,77.6
1614,5.70252,,135,,77.4
1615,5.7064,,134.75,,77.1
1616,5.71028,,134.5,,76.8
1617,5.71417,,134.25,,76.5
1618,5.71805,,134,,76.2
1619,5.72136,,133.333,,75.8
1620,5.72467,,132.667,,75.4
1621,5.72798,,132,,75
1622,5.73133,,131.667,,74.6667
1623,5.73467,,131.333,,74.3333
1624,5.73802,,131,,74
1625,5.7419,,130.6,,73.76
1626,5.74578,,130.2,,73.52
1627,5.74966,,129.8,,73.28
1628,5.75354,,129.4,,73.04
1629,5.75742,,129,,72.8
1630,5.76124,,128.25,,72.55
1631,5.76506,,127.5,,72.3
1632,5.76888,,126.75,,72.05
1633,5.7727,,126,,71.8
1634,5.77587,,126,,71.4
1635,5.77904,,126,,71
1636,5.78222,,126,,70.6
1637,5.78539,,126,,70.2
1638,5.78879,,125.667,,69.7333
1639,5.79219,,125.333,,69.2667
1640,5.79559,,125,,68.8
1641,5.79926,,125,,68.4667
1642,5.80294,,125,,68.1333
1643,5.80661,,125,,67.8
1644,5.81128,,124.667,,67.3333
1645,5.81596,,124.333,,66.8667
1646,5.82063,,124,,66.4
1647,5.82531,,123.667,,65.9333
1648,5.82998,,123.333,,65.4667
1649,5.83466,,123,,65
1650,5.8398,,123,,64.6
1651,5.84494,,123,,64.2
1652,5.85008,,123,,63.8
1653,5.85555,,123,,63.4
1654,5.86102,,123,,63
1655,5.86649,,123,,62.6
1656,5.87112,,123,,62.2667
1657,5.87574,,123,,61.9333
1658,5.88037,,123,,61.6
1659,5.88508,,122.667,,61.1333
1660,5.8898,,122.333,,60.6667
1661,5.89451,,122,,60.2
1662,5.89896,,121.8,,60.08
1663,5.90342,,121.6,,59.96
1664,5.90787,,121.4,,59.84
1665,5.91233,,121.2,,59.72
1666,5.91678,,121,,59.6
1667,5.92034,,121.25,,59.7
1668,5.92391,,121.5,,59.8
1669,5.92747,,121.75,,59.9
1670,5.93103,,122,,60
1671,5.93326,,122.6,,60.2
1672,5.93549,,123.2,,60.4
1673,5.93771,,123.8,,60.6
1674,5.93994,,124.4,,60.8
1675,5.94217,,125,,61
1676,5.94373,,125.5,,61.2
1677,5.9453,,126,,61.4
1678,5.94728,,126.6,,61.48
1679,5.94927,,127.2,,61.56
1680,5.95125,,127.8,,61.64
1681,5.95324,,128.4,,61.72
1682,5.95522,,129,,61.8
1683,5.95784,,129.5,,61.9
1684,5.96046,,130,,62
1685,5.96307,,130.5,,62.1
1686,5.96569,,131,,62.2
1687,5.96831,,131.5,,62.3
1688,5.97093,,132,,62.4
1689,5.97391,,132.5,,62.5
1690,5.9769,,133,,62.6
1691,5.97989,,133.5,,62.7
1692,5.98287,,134,,62.8
1693,5.98585,,134.5,,62.9
1694,5.98884,,135,,63
1695,5.9919,,135.333,,63.1333
1696,5.99496,,135.667,,63.2667
1697,5.99802,,136,,63.4
1698,6.00121,,136.333,,63.6
1699,6.00439,,136.667,,63.8
1700,6.00758,,137,,64
1701,6.01077,,137.333,,64.2
1702,6.01395,,137.667,,64.4
1703,6.01714,,138,,64.6
1704,6.02061,,138.333,,64.7333
1705,6.02408,,138.667,,64.8667
1706,6.02755,,139,,65
1707,6.03101,,139.333,,65.1333
1708,6.03448,,139.667,,65.2667
1709,6.03795,,140,,65.4
1710,6.04034,,141,,65.6
1711,6.04316,,141.6,,65.8
1712,6.04599,,142.2,,66
1713,6.04881,,142.8,,66.2
1714,6.05164,,143.4,,66.4
1715,6.05446,,144,,66.6
1716,6.05761,,145,,66.8
1717,6.06053,,145.25,,67.1
1718,6.06346,,145.5,,67.4
1719,6.06638,,145.75,,67.7
1720,6.0693,,146,,68
1721,6.07184,,146.4,,68.2
1722,6.07437,,146.8,,68.4
1723,6.07691,,147.2,,68.6
1724,6.07944,,147.6,,68.8
1725,6.08198,,148,,69
1726,6.08533,,148.167,,69.1
1727,6.08868,,148.333,,69.2
1728,6.09203,,148.5,,69.3
1729,6.09538,,148.667,,69.4
1730,6.09873,,148.833,,69.5
1731,6.10208,,149,,69.6
1732,6.10496,,149.167,,69.7333
1733,6.10784,,149.333,,69.8667
1734,6.11072,,149.5,,70
1735,6.11361,,149.667,,70.1333
1736,6.11649,,149.833,,70.2667
1737,6.11937,,150,,70.4
1738,6.12225,,150,,70.6
1739,6.12514,,150,,70.8
1740,6.12802,,150,,71
1741,6.13091,,150,,71.2
1742,6.13379,,150,,71.4
1743,6.13704,,150,,71.7333
1744,6.14028,,150,,72.0667
1745,6.14353,,150,,72.4
1746,6.14663,,150.25,,72.65
1747,6.14973,,150.5,,72.9
1748,6.15283,,150.75,,73.15
1749,6.15593,,151,,73.4
1750,6.16009,,151.2,,73.6
1751,6.16425,,151.4,,73.8
1752,6.16841,,151.6,,74
1753,6.17257,,151.8,,74.2
1754,6.17673,,152,,74.4
1755,6.18068,,152.167,,74.6
1756,6.18462,,152.333,,74.8
1757,6.18857,,152.5,,75
1758,6.19252,,152.667,,75.2
1759,6.19646,,152.833,,75.4
1760,6.20041,,153,,75.6
1761,6.20546,,153.25,,75.75
1762,6.21051,,153.5,,75.9
1763,6.21556,,153.75,,76.05
1764,6.22061,,154,,76.2
1765,6.2253,,154.333,,76.3333
1766,6.22998,,154.667,,76.4667
1767,6.23467,,155,,76.6
1768,6.23906,,155.4,,76.84
1769,6.24346,,155.8,,77.08
1770,6.24785,,156.2,,77.32
1771,6.25225,,156.6,,77.56
1772,6.25664,,157,,77.8
1773,6.2606,,157.167,,77.8667
1774,6.26455,,157.333,,77.9333
1775,6.26851,,157.5,,78
1776,6.27247,,157.667,,78.0667
1777,6.27642,,157.833,,78.1333
1778,6.28038,,158,,78.2
1779,6.28459,,158,,78.04
1780,6.28881,,158,,77.88
1781,6.29302,,158,,77.72
1782,6.29724,,158,,77.56
1783,6.30145,,158,,77.4
1784,6.30551,,158,,77.2
1785,6.30956,,158,,77
1786,6.31362,,158,,76.8
1787,6.31754,,157.5,,76.7
1788,6.32145,,157,,76.6
1789,6.32537,,156.5,,76.5
1790,6.32929,,156,,76.4
1791,6.3332,,155.5,,76.3
1792,6.33712,,155,,76.2
1793,6.34091,,154.667,,76
1794,6.34471,,154.333,,75.8
1795,6.3485,,154,,75.6
1796,6.35253,,153.25,,75.45
1797,6.35656,,152.5,,75.3
1798,6.36059,,151.75,,75.15
1799,6.36462,,151,,75
1800,6.36803,,151,,74.8
1801,6.37143,,151,,74.6
1802,6.37401,,150.75,,74.45
1803,6.37659,,150.5,,74.3
1804,6.37917,,150.25,,74.15
1805,6.38174,,150,,74
1806,6.38432,,149.75,,73.85
1807,6.3869,,149.5,,73.7
1808,6.38948,,149.25,,73.55
1809,6.39206,,149,,73.4
1810,6.3958,,148.667,,73.4667
1811,6.39954,,148.333,,73.5333
1812,6.40328,,148,,73.6
1813,6.40702,,147.667,,73.6667
1814,6.41076,,147.333,,73.7333
1815,6.4145,,147,,73.8
1816,6.41861,,147,,73.88
1817,6.42272,,147,,73.96
1818,6.42684,,147,,74.04
1819,6.43095,,147,,74.12
1820,6.43506,,147,,74.2
1821,6.43894,,147,,74.6
1822,6.44247,,147,,74.9
1823,6.44601,,147,,75.2
1824,6.44954,,147,,75.5
1825,6.45308,,147,,75.8
1826,6.4567,,147.4,,76
1827,6.46032,,147.8,,76.2
1828,6.46394,,148.2,,76.4
1829,6.46756,,148.6,,76.6
1830,6.47118,,149,,76.8
1831,6.47466,,149.2,,77
1832,6.47815,,149.4,,77.2
1833,6.48163,,149.6,,77.4
1834,6.48512,,149.8,,77.6
1835,6.4886,,150,,77.8
1836,6.49239,,150.167,,78
1837,6.49617,,150.333,,78.2
1838,6.49996,,150.5,,78.4
1839,6.50375,,150.667,,78.6
1840,6.50753,,150.833,,78.8
1841,6.51132,,151,,79
1842,6.51492,,151,,79.25
1843,6.51851,,151,,79.5
1844,6.52211,,151,,79.75
1845,6.52571,,151,,80
1846,6.5295,,151,,80.2
1847,6.5333,,151,,80.4
1848,6.53709,,151,,80.6
1849,6.54088,,151,,80.8
1850,6.54468,,151,,81
1851,6.54847,,151,,81.2
1852,6.55177,,151.25,,81.45
1853,6.55507,,151.5,,81.7
1854,6.55837,,151.75,,81.95
1855,6.56167,,152,,82.2
1856,6.56418,,152,,82.5
1857,6.56669,,152,,82.8
1858,6.5692,,152,,83.1
1859,6.57171,,152,,83.4
1860,6.57406,,152.5,,83.7
1861,6.5764,,153,,84
1862,6.57874,,153.5,,84.3
1863,6.58109,,154,,84.6
1864,6.58391,,154.2,,84.88
1865,6.58673,,154.4,,85.16
1866,6.58956,,154.6,,85.44
1867,6.59238,,154.8,,85.72
1868,6.5952,,155,,86
1869,6.59807,,155.5,,86.3
1870,6.60093,,156,,86.6
1871,6.60379,,156.5,,86.9
1872,6.60666,,157,,87.2
1873,6.61001,,157,,87.5
1874,6.61336,,157,,87.8
1875,6.61671,,157,,88.1
1876,6.62006,,157,,88.4
1877,6.62385,,157.4,,88.6
1878,6.62764,,157.8,,88.8
1879,6.63143,,158.2,,89
1880,6.63522,,158.6,,89.2
1881,6.63901,,159,,89.4
1882,6.64305,,159,,89.7
1883,6.64708,,159,,90
1884,6.65112,,159,,90.3
1885,6.65516,,159,,90.6
1886,6.65839,,159.2,,90.84
1887,6.66162,,159.4,,91.08
1888,6.66484,,159.6,,91.32
1889,6.66807,,159.8,,91.56
1890,6.6713,,160,,91.8
1891,6.67442,,160,,92.1
1892,6.67754,,160,,92.4
1893,6.68066,,160,,92.7
1894,6.68378,,160,,93
1895,6.6872,,160,,93.24
1896,6.69062,,160,,93.48
1897,6.69404,,160,,93.72
1898,6.69746,,160,,93.96
1899,6.70088,,160,,94.2
1900,6.70476,,160.167,,94.3333
1901,6.70865,,160.333,,94.4667
1902,6.71253,,160.5,,94.6
1903,6.71641,,160.667,,94.7333
1904,6.7203,,160.833,,94.8667
1905,6.72418,,161,,95
1906,6.7289,,161,,95.2
1907,6.73326,,161,,95.6
1908,6.73761,,161,,96
1909,6.74197,,161,,96.4
1910,6.7459,,161,,96.5667
1911,6.74984,,161,,96.7333
1912,6.75377,,161,,96.9
1913,6.7577,,161,,97.0667
1914,6.76164,,161,,97.2333
1915,6.76557,,161,,97.4
1916,6.76938,,161.167,,97.5
1917,6.7732,,161.333,,97.6
1918,6.77701,,161.5,,97.7
1919,6.78082,,161.667,,97.8
1920,6.78464,,161.833,,97.9
1921,6.78845,,162,,98
1922,6.79215,,162,,98.1
1923,6.79584,,162,,98.2
1924,6.79953,,162,,98.3
1925,6.80323,,162,,98.4
1926,6.80693,,162,,98.5
1927,6.81062,,162,,98.6
1928,6.81442,,162.167,,98.6
1929,6.81823,,162.333,,98.6
1930,6.82203,,162.5,,98.6
1931,6.82583,,162.667,,98.6
1932,6.82964,,162.833,,98.6
1933,6.83344,,163,,98.6
1934,6.83634,,162.714,,98.6286
1935,6.83924,,162.429,,98.6571
1936,6.84214,,162.143,,98.6857
1937,6.84503,,161.857,,98.7143
1938,6.84793,,161.571,,98.7429
1939,6.85083,,161.286,,98.7714
1940,6.85373,,161,,98.8
1941,6.85721,,160.833,,98.7333
1942,6.86068,,160.667,,98.6667
1943,6.86416,,160.5,,98.6
1944,6.86764,,160.333,,98.5333
1945,6.87111,,160.167,,98.4667
1946,6.87459,,160,,98.4
1947,6.87852,,159.833,,98.4333
1948,6.88244,,159.667,,98.4667
1949,6.88637,,159.5,,98.5
1950,6.89029,,159.333,,98.5333
1951,6.89421,,159.167,,98.5667
1952,6.89814,,159,,98.6
1953,6.9016,,159,,98.4667
1954,6.90507,,159,,98.3333
1955,6.90853,,159,,98.2
1956,6.91167,,158.5,,98
1957,6.9148,,158,,97.8
1958,6.91767,,158,,97.4
1959,6.92178,,157.8,,97.36
1960,6.92589,,157.6,,97.32
1961,6.93001,,157.4,,97.28
1962,6.93412,,157.2,,97.24
1963,6.93823,,157,,97.2
1964,6.942,,157,,96.9333
1965,6.94578,,157,,96.6667
1966,6.94955,,157,,96.4
1967,6.95333,,156.6,,96.16
1968,6.95712,,156.2,,95.92
1969,6.9609,,155.8,,95.68
1970,6.96469,,155.4,,95.44
1971,6.96847,,155,,95.2
1972,6.9724,,154.8,,94.96
1973,6.97632,,154.6,,94.72
1974,6.98025,,154.4,,94.48
1975,6.98417,,154.2,,94.24
1976,6.9881,,154,,94
1977,6.99168,,153.667,,93.9
1978,6.99526,,153.333,,93.8
1979,6.99884,,153,,93.7
1980,7.00241,,152.667,,93.6
1981,7.00599,,152.333,,93.5
1982,7.00957,,152,,93.4
1983,7.01309,,151.333,,93.2
1984,7.01661,,150.667,,93
1985,7.02013,,150,,92.8
1986,7.02377,,149.8,,92.56
1987,7.02742,,149.6,,92.32
1988,7.03106,,149.4,,92.08
1989,7.03471,,149.2,,91.84
1990,7.03835,,149,,91.6
1991,7.04192,,148.4,,91.4
1992,7.04549,,147.8,,91.2
1993,7.04907,,147.2,,91
1994,7.05264,,146.6,,90.8
1995,7.05621,,146,,90.6
1996,7.05999,,145,,90.4
1997,7.06379,,144.833,,90.3
1998,7.06759,,144.667,,90.2
1999,7.07139,,144.5,,90.1
2000,7.07519,,144.333,,90
2001,7.07899,,144.167,,89.9
2002,7.08279,,144,,89.8
2003,7.08645,,144,,89.8
2004,7.09012,,144,,89.8
2005,7.09378,,144,,89.8
2006,7.09744,,144,,89.8
2007,7.10111,,144,,89.8
2008,7.10477,,144,,89.8
2009,7.10729,,143.667,,89.6667
2010,7.10981,,143.333,,89.5333
2011,7.11233,,143,,89.4
2012,7.11605,,142.667,,89.3333
2013,7.11977,,142.333,,89.2667
2014,7.12348,,142,,89.2
2015,7.1272,,141.667,,89.1333
2016,7.13092,,141.333,,89.0667
2017,7.13464,,141,,89
2018,7.13897,,141,,89
2019,7.14331,,141,,89
2020,7.14764,,141,,89
2021,7.15198,,141,,89
2022,7.15631,,141,,89
2023,7.16021,,141.167,,89
2024,7.16412,,141.333,,89
2025,7.16803,,141.5,,89
2026,7.17193,,141.667,,89
2027,7.17584,,141.833,,89
2028,7.17974,,142,,89
2029,7.18335,,142.333,,89.0667
2030,7.18695,,142.667,,89.1333
2031,7.19056,,143,,89.2
2032,7.19399,,143,,89.44
2033,7.19742,,143,,89.68
2034,7.20084,,143,,89.92
2035,7.20427,,143,,90.16
2036,7.2077,,143,,90.4
2037,7.21131,,143,,90.7
2038,7.21492,,143,,91
2039,7.21853,,143,,91.3
2040,7.22214,,143,,91.6
2041,7.22557,,143.4,,91.84
2042,7.229,,143.8,,92.08
2043,7.23242,,144.2,,92.32
2044,7.23585,,144.6,,92.56
2045,7.23928,,145,,92.8
2046,7.2428,,145.2,,93
2047,7.24632,,145.4,,93.2
2048,7.24985,,145.6,,93.4
2049,7.25337,,145.8,,93.6
2050,7.25689,,146,,93.8
2051,7.26073,,146.6,,94
2052,7.26458,,147.2,,94.2
2053,7.26842,,147.8,,94.4
2054,7.27227,,148.4,,94.6
2055,7.27611,,149,,94.8
2056,7.27991,,149.333,,94.9667
2057,7.28371,,149.667,,95.1333
2058,7.28751,,150,,95.3
2059,7.29132,,150.333,,95.4667
2060,7.29512,,150.667,,95.6333
2061,7.29892,,151,,95.8
2062,7.30238,,151,,95.9667
2063,7.30584,,151,,96.1333
2064,7.3093,,151,,96.3
2065,7.31277,,151,,96.4667
2066,7.31623,,151,,96.6333
2067,7.31969,,151,,96.8
2068,7.3233,,151,,97.2
2069,7.32687,,151.167,,97.3
2070,7.33044,,151.333,,97.4
2071,7.33401,,151.5,,97.5
2072,7.33758,,151.667,,97.6
2073,7.34115,,151.833,,97.7
2074,7.34472,,152,,97.8
2075,7.34786,,152,,98
2076,7.35101,,152,,98.2
2077,7.35444,,152.333,,98.3667
2078,7.35788,,152.667,,98.5333
2079,7.36132,,153,,98.7
2080,7.36475,,153.333,,98.8667
2081,7.36818,,153.667,,99.0333
2082,7.37162,,154,,99.2
2083,7.37455,,154,,99.6
2084,7.37839,,154,,99.6
2085,7.38222,,154,,99.6
2086,7.38605,,154,,99.6
2087,7.38989,,154,,99.6
2088,7.39373,,154,,99.6
2089,7.39756,,154,,99.6
2090,7.40141,,154.333,,99.5667
2091,7.40527,,154.667,,99.5333
2092,7.40912,,155,,99.5
2093,7.41297,,155.333,,99.4667
2094,7.41683,,155.667,,99.4333
2095,7.42068,,156,,99.4
2096,7.42448,,155.833,,99.4667
2097,7.42829,,155.667,,99.5333
2098,7.43209,,155.5,,99.6
2099,7.43589,,155.333,,99.6667
2100,7.4397,,155.167,,99.7333
2101,7.4435,,155,,99.8
2102,7.44718,,155.167,,99.7667
2103,7.45085,,155.333,,99.7333
2104,7.45453,,155.5,,99.7
2105,7.45821,,155.667,,99.6667
2106,7.46188,,155.833,,99.6333
2107,7.46556,,156,,99.6
2108,7.46914,,156,,99.5333
2109,7.47272,,156,,99.4667
2110,7.4763,,156,,99.4
2111,7.47989,,156,,99.3333
2112,7.48347,,156,,99.2667
2113,7.48705,,156,,99.2
2114,7.49083,,155.667,,99.1667
2115,7.4946,,155.333,,99.1333
2116,7.49838,,155,,99.1
2117,7.50216,,154.667,,99.0667
2118,7.50593,,154.333,,99.0333
2119,7.50971,,154,,99
2120,7.51356,,153.75,,98.8
2121,7.51742,,153.5,,98.6
2122,7.52128,,153.25,,98.4
2123,7.52513,,153,,98.2
2124,7.52899,,152.833,,98.1
2125,7.53285,,152.667,,98
2126,7.53671,,152.5,,97.9
2127,7.54056,,152.333,,97.8
2128,7.54442,,152.167,,97.7
2129,7.54828,,152,,97.6
2130,7.55207,,151.667,,97.5333
2131,7.55586,,151.333,,97.4667
2132,7.55965,,151,,97.4
2133,7.56343,,150.667,,97.3333
2134,7.56722,,150.333,,97.2667
2135,7.57101,,150,,97.2
2136,7.57451,,149.5,,97.1
2137,7.57801,,149,,97
2138,7.58181,,148.833,,96.8
2139,7.58562,,148.667,,96.6
2140,7.58942,,148.5,,96.4
2141,7.59322,,148.333,,96.2
2142,7.59703,,148.167,,96
2143,7.60083,,148,,95.8
2144,7.60468,,147.833,,95.7333
2145,7.60853,,147.667,,95.6667
2146,7.61238,,147.5,,95.6
2147,7.61622,,147.333,,95.5333
2148,7.62007,,147.167,,95.4667
2149,7.62392,,147,,95.4
2150,7.62771,,146.75,,95.25
2151,7.6315,,146.5,,95.1
2152,7.63528,,146.25,,94.95
2153,7.63907,,146,,94.8
2154,7.64315,,145.8,,94.64
2155,7.64723,,145.6,,94.48
2156,7.65131,,145.4,,94.32
2157,7.65539,,145.2,,94.16
2158,7.65947,,145,,94
2159,7.66363,,145,,93.8667
2160,7.66778,,145,,93.7333
2161,7.67194,,145,,93.6
2162,7.67615,,144.8,,93.44
2163,7.68036,,144.6,,93.28
2164,7.68456,,144.4,,93.12
2165,7.68877,,144.2,,92.96
2166,7.69298,,144,,92.8
2167,7.69706,,145,,92.6
2168,7.70102,,144.8,,92.36
2169,7.70499,,144.6,,92.12
2170,7.70895,,144.4,,91.88
2171,7.71292,,144.2,,91.64
2172,7.71688,,144,,91.4
2173,7.71984,,143.5,,91.2
2174,7.72281,,143,,91
2175,7.72577,,142.5,,90.8
2176,7.72873,,142,,90.6
2177,7.73259,,142,,90.2
2178,7.73675,,142,,90.2
2179,7.74091,,142,,90.2
2180,7.74506,,142,,90.2
2181,7.74922,,142,,90.2
2182,7.75338,,142,,90.2
2183,7.7576,,142.2,,90.12
2184,7.76182,,142.4,,90.04
2185,7.76603,,142.6,,89.96
2186,7.77025,,142.8,,89.88
2187,7.77447,,143,,89.8
2188,7.77865,,143.2,,89.76
2189,7.78284,,143.4,,89.72
2190,7.78702,,143.6,,89.68
2191,7.79121,,143.8,,89.64
2192,7.79539,,144,,89.6
2193,7.7994,,144,,89.4667
2194,7.80341,,144,,89.3333
2195,7.80742,,144,,89.2
2196,7.8111,,144,,89.0667
2197,7.81479,,144,,88.9333
2198,7.81847,,144,,88.8
2199,7.82215,,144,,88.6667
2200,7.82584,,144,,88.5333
2201,7.82952,,144,,88.4
2202,7.83337,,144,,88.4
2203,7.83763,,144,,88.2
2204,7.84194,,143.667,,87.6667
2205,7.84625,,143.333,,87.1333
2206,7.85056,,143,,86.6
2207,7.85473,,143,,86.3
2208,7.85891,,143,,86
2209,7.86308,,143,,85.7
2210,7.86726,,143,,85.4
2211,7.8712,,142.833,,85.2333
2212,7.87515,,142.667,,85.0667
2213,7.8791,,142.5,,84.9
2214,7.88304,,142.333,,84.7333
2215,7.88699,,142.167,,84.5667
2216,7.89093,,142,,84.4
2217,7.89497,,142.2,,84.56
2218,7.89901,,142.4,,84.72
2219,7.90305,,142.6,,84.88
2220,7.90709,,142.8,,85.04
2221,7.91113,,143,,85.2
2222,7.91496,,143.167,,85.4
2223,7.91878,,143.333,,85.6
2224,7.92261,,143.5,,85.8
2225,7.92644,,143.667,,86
2226,7.93026,,143.833,,86.2
2227,7.93409,,144,,86.4
2228,7.93801,,145,,86.6
2229,7.94167,,145.333,,86.7667
2230,7.94533,,145.667,,86.9333
2231,7.949,,146,,87.1
2232,7.95266,,146.333,,87.2667
2233,7.95632,,146.667,,87.4333
2234,7.95998,,147,,87.6
2235,7.96345,,147.333,,87.6667
2236,7.96692,,147.667,,87.7333
2237,7.97039,,148,,87.8
2238,7.97394,,148,,87.9
2239,7.97749,,148,,88
2240,7.98104,,148,,88.1
2241,7.9846,,148,,88.2
2242,7.98815,,148,,88.3
2243,7.9917,,148,,88.4
2244,7.9954,,148.5,,88.6
2245,7.9991,,149,,88.8
2246,8.00266,,149.167,,88.9333
2247,8.00622,,149.333,,89.0667
2248,8.00978,,149.5,,89.2
2249,8.01334,,149.667,,89.3333
2250,8.0169,,149.833,,89.4667
2251,8.02046,,150,,89.6
2252,8.02415,,150,,89.7333
2253,8.02785,,150,,89.8667
2254,8.03154,,150,,90
2255,8.03513,,150,,90.05
2256,8.03871,,150,,90.1
2257,8.0423,,150,,90.15
2258,8.04589,,150,,90.2
2259,8.04784,,149.75,,90.3
2260,8.04979,,149.5,,90.4
2261,8.05175,,149.25,,90.5
2262,8.0537,,149,,90.6
2263,8.05604,,148.778,,90.5333
2264,8.05839,,148.556,,90.4667
2265,8.06073,,148.333,,90.4
2266,8.06307,,148.111,,90.3333
2267,8.06542,,147.889,,90.2667
2268,8.06776,,147.667,,90.2
2269,8.0701,,147.444,,90.1333
2270,8.07245,,147.222,,90.0667
2271,8.07479,,147,,90
2272,8.07786,,147,,90.2
2273,8.08093,,147,,90.4
2274,8.08401,,147,,90.6
2275,8.08708,,147,,90.8
2276,8.09015,,147,,91
2277,8.09373,,147.167,,91.1667
2278,8.09731,,147.333,,91.3333
2279,8.10089,,147.5,,91.5
2280,8.10448,,147.667,,91.6667
2281,8.10806,,147.833,,91.8333
2282,8.11164,,148,,92
2283,8.11488,,148.5,,92
2284,8.11811,,149,,92
2285,8.12135,,149.5,,92
2286,8.12459,,150,,92
2287,8.1277,,150.143,,92.0857
2288,8.13081,,150.286,,92.1714
2289,8.13392,,150.429,,92.2571
2290,8.13702,,150.571,,92.3429
2291,8.14013,,150.714,,92.4286
2292,8.14324,,150.857,,92.5143
2293,8.14635,,151,,92.6
2294,8.14998,,151.25,,92.7
2295,8.15362,,151.5,,92.8
2296,8.15725,,151.75,,92.9
2297,8.16089,,152,,93
2298,8.16483,,152.167,,93.0333
2299,8.16877,,152.333,,93.0667
2300,8.17271,,152.5,,93.1
2301,8.17665,,152.667,,93.1333
2302,8.18059,,152.833,,93.1667
2303,8.18453,,153,,93.2
2304,8.18838,,153.167,,93.2333
2305,8.19223,,153.333,,93.2667
2306,8.19609,,153.5,,93.3
2307,8.19994,,153.667,,93.3333
2308,8.20379,,153.833,,93.3667
2309,8.20764,,154,,93.4
2310,8.21051,,153.857,,93.4857
2311,8.21338,,153.714,,93.5714
2312,8.21625,,153.571,,93.6571
2313,8.21911,,153.429,,93.7429
2314,8.22198,,153.286,,93.8286
2315,8.22485,,153.143,,93.9143
2316,8.22772,,153,,94
2317,8.23043,,153,,94.2
2318,8.23412,,153.2,,94.4
2319,8.23781,,153.4,,94.6
2320,8.24149,,153.6,,94.8
2321,8.24518,,153.8,,95
2322,8.24887,,154,,95.2
2323,8.25266,,154.2,,95.4
2324,8.25645,,154.4,,95.6
2325,8.26024,,154.6,,95.8
2326,8.26403,,154.8,,96
2327,8.26782,,155,,96.2
2328,8.2709,,155.25,,96.45
2329,8.27398,,155.5,,96.7
2330,8.27707,,155.75,,96.95
2331,8.28015,,156,,97.2
2332,8.2828,,156,,97.3
2333,8.28545,,156,,97.4
2334,8.28826,,156,,97.4
2335,8.29108,,156,,97.4
2336,8.29387,,156,,97.2
2337,8.29387,,155.875,,96.925
2338,8.29387,,155.75,,96.65
2339,8.29387,,155.625,,96.375
2340,8.29387,,155.5,,96.1
2341,8.29387,,155.375,,95.825
2342,8.29387,,155.25,,95.55
2343,8.29387,,155.125,,95.275
2344,8.29387,,155,,95
2345,8.29486,,154,,96.6
2346,8.29789,,153.857,,96.6286
2347,8.30093,,153.714,,96.6571
2348,8.30396,,153.571,,96.6857
2349,8.30699,,153.429,,96.7143
2350,8.31002,,153.286,,96.7429
2351,8.31306,,153.143,,96.7714
2352,8.31609,,153,,96.8
2353,8.31999,,152.833,,96.7
2354,8.32389,,152.667,,96.6
2355,8.32779,,152.5,,96.5
2356,8.33169,,152.333,,96.4
2357,8.33559,,152.167,,96.3
2358,8.33949,,152,,96.2
2359,8.34326,,151.833,,96.2
2360,8.34704,,151.667,,96.2
2361,8.35081,,151.5,,96.2
2362,8.35458,,151.333,,96.2
2363,8.35836,,151.167,,96.2
2364,8.36213,,151,,96.2
2365,8.36582,,150.833,,96.1667
2366,8.36952,,150.667,,96.1333
2367,8.37321,,150.5,,96.1
2368,8.3769,,150.333,,96.0667
2369,8.3806,,150.167,,96.0333
2370,8.38429,,150,,96
2371,8.38803,,150.167,,95.9667
2372,8.39176,,150.333,,95.9333
2373,8.3955,,150.5,,95.9
2374,8.39924,,150.667,,95.8667
2375,8.40297,,150.833,,95.8333
2376,8.40671,,151,,95.8
2377,8.40987,,151,,95.8286
2378,8.41302,,151,,95.8571
2379,8.41618,,151,,95.8857
2380,8.41934,,151,,95.9143
2381,8.4225,,151,,95.9429
2382,8.42565,,151,,95.9714
2383,8.42881,,151,,96
2384,8.43268,,151,,95.9667
2385,8.43654,,151,,95.9333
2386,8.44041,,151,,95.9
2387,8.44428,,151,,95.8667
2388,8.44814,,151,,95.8333
2389,8.45201,,151,,95.8
2390,8.45583,,150.833,,95.8333
2391,8.45964,,150.667,,95.8667
2392,8.46346,,150.5,,95.9
2393,8.46728,,150.333,,95.9333
2394,8.47109,,150.167,,95.9667
2395,8.47491,,150,,96
2396,8.48043,,149.75,,96
2397,8.48594,,149.5,,96
2398,8.49145,,149.25,,96
2399,8.49697,,149,,96
2400,8.50164,,149,,95.96
2401,8.50631,,149,,95.92
2402,8.51099,,149,,95.88
2403,8.51566,,149,,95.84
2404,8.52033,,149,,95.8
2405,8.52473,,149.2,,95.8
2406,8.52912,,149.4,,95.8
2407,8.53352,,149.6,,95.8
2408,8.53791,,149.8,,95.8
2409,8.54231,,150,,95.8
2410,8.54668,,150,,95.88
2411,8.55104,,150,,95.96
2412,8.55541,,150,,96.04
2413,8.55977,,150,,96.12
2414,8.56414,,150,,96.2
2415,8.56801,,150,,96.2
2416,8.57188,,150,,96.2
2417,8.57574,,150,,96.2
2418,8.57961,,150,,96.2
2419,8.58348,,150,,96.2
2420,8.58735,,150,,96.2
2421,8.59162,,150,,96.16
2422,8.5959,,150,,96.12
2423,8.60017,,150,,96.08
2424,8.60445,,150,,96.04
2425,8.60872,,150,,96
2426,8.61267,,150,,96
2427,8.61661,,150,,96
2428,8.62056,,150,,96
2429,8.62451,,150,,96
2430,8.62845,,150,,96
2431,8.6324,,150,,96
2432,8.63631,,149.833,,96.0333
2433,8.64021,,149.667,,96.0667
2434,8.64412,,149.5,,96.1
2435,8.64803,,149.333,,96.1333
2436,8.65193,,149.167,,96.1667
2437,8.65584,,149,,96.2
2438,8.65947,,149.167,,96.2667
2439,8.6631,,149.333,,96.3333
2440,8.66673,,149.5,,96.4
2441,8.67036,,149.667,,96.4667
2442,8.67399,,149.833,,96.5333
2443,8.67762,,150,,96.6
2444,8.68114,,150,,96.6333
2445,8.68467,,150,,96.6667
2446,8.68819,,150,,96.7
2447,8.69171,,150,,96.7333
2448,8.69524,,150,,96.7667
2449,8.69876,,150,,96.8
2450,8.70244,,149.833,,96.8
2451,8.70611,,149.667,,96.8
2452,8.70979,,149.5,,96.8
2453,8.71347,,149.333,,96.8
2454,8.71714,,149.167,,96.8
2455,8.72082,,149,,96.8
2456,8.72452,,149.167,,96.8333
2457,8.72823,,149.333,,96.8667
2458,8.73194,,149.5,,96.9
2459,8.73564,,149.667,,96.9333
2460,8.73934,,149.833,,96.9667
2461,8.74305,,150,,97
2462,8.74644,,150,,97.0667
2463,8.74984,,150,,97.1333
2464,8.75323,,150,,97.2
2465,8.75662,,150,,97.2667
2466,8.76002,,150,,97.3333
2467,8.76341,,150,,97.4
2468,8.76667,,150,,97.5
2469,8.76994,,150,,97.6
2470,8.76994,,149.455,,97.4545
2471,8.76994,,148.909,,97.3091
2472,8.76994,,148.364,,97.1636
2473,8.76994,,147.818,,97.0182
2474,8.76994,,147.273,,96.8727
2475,8.76994,,146.727,,96.7273
2476,8.76994,,146.182,,96.5818
2477,8.76994,,145.636,,96.4364
2478,8.76994,,145.091,,96.2909
2479,8.76994,,144.545,,96.1455
2480,8.76994,,144,,96
2481,8.77126,,144,,96.8
2482,8.77258,,144,,97.6
2483,8.77656,,144.167,,97.8
2484,8.78054,,144.333,,98
2485,8.78452,,144.5,,98.2
2486,8.7885,,144.667,,98.4
2487,8.79248,,144.833,,98.6
2488,8.79646,,145,,98.8
2489,8.80002,,145,,98.7667
2490,8.80357,,145,,98.7333
2491,8.80713,,145,,98.7
2492,8.81069,,145,,98.6667
2493,8.81424,,145,,98.6333
2494,8.8178,,145,,98.6
2495,8.82126,,145.167,,98.6667
2496,8.82471,,145.333,,98.7333
2497,8.82817,,145.5,,98.8
2498,8.83163,,145.667,,98.8667
2499,8.83508,,145.833,,98.9333
2500,8.83854,,146,,99
2501,8.84235,,146,,99.2
2502,8.84616,,146,,99.4
2503,8.84997,,146,,99.6
2504,8.85378,,146,,99.8
2505,8.8579,,146.2,,99.8
2506,8.86202,,146.4,,99.8
2507,8.86613,,146.6,,99.8
2508,8.87025,,146.8,,99.8
2509,8.87437,,147,,99.8
2510,8.87838,,147.4,,99.88
2511,8.88238,,147.8,,99.96
2512,8.88639,,148.2,,100.04
2513,8.89039,,148.6,,100.12
2514,8.8944,,149,,100.2
2515,8.89826,,149,,100.233
2516,8.90213,,149,,100.267
2517,8.90599,,149,,100.3
2518,8.90986,,149,,100.333
2519,8.91372,,149,,100.367
2520,8.91759,,149,,100.4
2521,8.9212,,149.167,,100.433
2522,8.92482,,149.333,,100.467
2523,8.92843,,149.5,,100.5
2524,8.93204,,149.667,,100.533
2525,8.93566,,149.833,,100.567
2526,8.93927,,150,,100.6
2527,8.94257,,150,,100.8
2528,8.94588,,150,,101
2529,8.94924,,149.833,,101.033
2530,8.9526,,149.667,,101.067
2531,8.95596,,149.5,,101.1
2532,8.95932,,149.333,,101.133
2533,8.96268,,149.167,,101.167
2534,8.96604,,149,,101.2
2535,8.9698,,149.333,,101.267
2536,8.97355,,149.667,,101.333
2537,8.97731,,150,,101.4
2538,8.98107,,150.333,,101.467
2539,8.98482,,150.667,,101.533
2540,8.98858,,151,,101.6
2541,8.9923,,151.333,,101.667
2542,8.99601,,151.667,,101.733
2543,8.99973,,152,,101.8
2544,9.00345,,152.333,,101.867
2545,9.00716,,152.667,,101.933
2546,9.01088,,153,,102
2547,9.01459,,153,,102
2548,9.0183,,153,,102
2549,9.02201,,153,,102
2550,9.02571,,153,,102
2551,9.02942,,153,,102
2552,9.03313,,153,,102
2553,9.03679,,153,,102
2554,9.04045,,153,,102
2555,9.04411,,153,,102
2556,9.04777,,153,,102
2557,9.05143,,153,,102
2558,9.05509,,153,,102
2559,9.05834,,152.857,,102.029
2560,9.06159,,152.714,,102.057
2561,9.06484,,152.571,,102.086
2562,9.0681,,152.429,,102.114
2563,9.07135,,152.286,,102.143
2564,9.0746,,152.143,,102.171
2565,9.07785,,152,,102.2
2566,9.08215,,152,,102.24
2567,9.08645,,152,,102.28
2568,9.09074,,152,,102.32
2569,9.09504,,152,,102.36
2570,9.09934,,152,,102.4
2571,9.1036,,152,,102.44
2572,9.10786,,152,,102.48
2573,9.11212,,152,,102.52
2574,9.11638,,152,,102.56
2575,9.12064,,152,,102.6
2576,9.12462,,152.167,,102.633
2577,9.12859,,152.333,,102.667
2578,9.13256,,152.5,,102.7
2579,9.13654,,152.667,,102.733
2580,9.14051,,152.833,,102.767
2581,9.14449,,153,,102.8
2582,9.14822,,153,,102.933
2583,9.15195,,153,,103.067
2584,9.15568,,153,,103.2
2585,9.15933,,153,,103.233
2586,9.16299,,153,,103.267
2587,9.16664,,153,,103.3
2588,9.17029,,153,,103.333
2589,9.17395,,153,,103.367
2590,9.1776,,153,,103.4
2591,9.18154,,153.167,,103.5
2592,9.18549,,153.333,,103.6
2593,9.18943,,153.5,,103.7
2594,9.19338,,153.667,,103.8
2595,9.19732,,153.833,,103.9
2596,9.20127,,154,,104
2597,9.20498,,154.167,,104.033
2598,9.2087,,154.333,,104.067
2599,9.21242,,154.5,,104.1
2600,9.21613,,154.667,,104.133
2601,9.21984,,154.833,,104.167
2602,9.22356,,155,,104.2
2603,9.22723,,154,,104.2
2604,9.23107,,154.167,,104.267
2605,9.2349,,154.333,,104.333
2606,9.23874,,154.5,,104.4
2607,9.24258,,154.667,,104.467
2608,9.24641,,154.833,,104.533
2609,9.25025,,155,,104.6
2610,9.25411,,154.833,,104.667
2611,9.25798,,154.667,,104.733
2612,9.26184,,154.5,,104.8
2613,9.26571,,154.333,,104.867
2614,9.26957,,154.167,,104.933
2615,9.27344,,154,,105
2616,9.27748,,154,,105
2617,9.28152,,154,,105
2618,9.28555,,154,,105
2619,9.28959,,154,,105
2620,9.29363,,154,,105
2621,9.29769,,154,,105.1
2622,9.30175,,154,,105.2
2623,9.30566,,154,,105.267
2624,9.30957,,154,,105.333
2625,9.31348,,154,,105.4
2626,9.31739,,154,,105.467
2627,9.3213,,154,,105.533
2628,9.32521,,154,,105.6
2629,9.32908,,153.833,,105.7
2630,9.33295,,153.667,,105.8
2631,9.33682,,153.5,,105.9
2632,9.3407,,153.333,,106
2633,9.34457,,153.167,,106.1
2634,9.34844,,153,,106.2
2635,9.35211,,153,,106.2
2636,9.35589,,153.167,,106.267
2637,9.35967,,153.333,,106.333
2638,9.36345,,153.5,,106.4
2639,9.36723,,153.667,,106.467
2640,9.37101,,153.833,,106.533
2641,9.37479,,154,,106.6
2642,9.37846,,153.833,,106.667
2643,9.38213,,153.667,,106.733
2644,9.3858,,153.5,,106.8
2645,9.38947,,153.333,,106.867
2646,9.39314,,153.167,,106.933
2647,9.39681,,153,,107
2648,9.40078,,153,,107.033
2649,9.40475,,153,,107.067
2650,9.40872,,153,,107.1
2651,9.4127,,153,,107.133
2652,9.41667,,153,,107.167
2653,9.42064,,153,,107.2
2654,9.42441,,152.5,,107.3
2655,9.42819,,152,,107.4
2656,9.43211,,152,,107.467
2657,9.43603,,152,,107.533
2658,9.43995,,152,,107.6
2659,9.44387,,152,,107.667
2660,9.44779,,152,,107.733
2661,9.45171,,152,,107.8
2662,9.45583,,152,,107.84
2663,9.45995,,152,,107.88
2664,9.46408,,152,,107.92
2665,9.4682,,152,,107.96
2666,9.47232,,152,,108
2667,9.47638,,152.2,,108.04
2668,9.48043,,152.4,,108.08
2669,9.48449,,152.6,,108.12
2670,9.48854,,152.8,,108.16
2671,9.4926,,153,,108.2
2672,9.4965,,153,,108.233
2673,9.50041,,153,,108.267
2674,9.50431,,153,,108.3
2675,9.50821,,153,,108.333
2676,9.51212,,153,,108.367
2677,9.51602,,153,,108.4
2678,9.51967,,153,,108.4
2679,9.52345,,153,,108.433
2680,9.52724,,153,,108.467
2681,9.53102,,153,,108.5
2682,9.5348,,153,,108.533
2683,9.53859,,153,,108.567
2684,9.54237,,153,,108.6
2685,9.54636,,153,,108.667
2686,9.55034,,153,,108.733
2687,9.55433,,153,,108.8
2688,9.55832,,153,,108.867
2689,9.5623,,153,,108.933
2690,9.56629,,153,,109
2691,9.56971,,153,,109
2692,9.57313,,153,,109
2693,9.57655,,153,,109
2694,9.57998,,153,,109
2695,9.5834,,153,,109
2696,9.58682,,153,,109
2697,9.5904,,153,,109.1
2698,9.59399,,153,,109.2
2699,9.59757,,153,,109.3
2700,9.60116,,153,,109.4
2701,9.60503,,153.167,,109.4
2702,9.60891,,153.333,,109.4
2703,9.61278,,153.5,,109.4
2704,9.61666,,153.667,,109.4
2705,9.62053,,153.833,,109.4
2706,9.62441,,154,,109.4
2707,9.62817,,153.833,,109.433
2708,9.63193,,153.667,,109.467
2709,9.63569,,153.5,,109.5
2710,9.63946,,153.333,,109.533
2711,9.64322,,153.167,,109.567
2712,9.64698,,153,,109.6
2713,9.65109,,153.5,,109.8
2714,9.6552,,154,,110
2715,9.65886,,154,,110
2716,9.66252,,154,,110
2717,9.66618,,154,,110
2718,9.66985,,154,,110
2719,9.67351,,154,,110
2720,9.67717,,154,,110
2721,9.68072,,153.833,,110.067
2722,9.68427,,153.667,,110.133
2723,9.68781,,153.5,,110.2
2724,9.69136,,153.333,,110.267
2725,9.69491,,153.167,,110.333
2726,9.69846,,153,,110.4
2727,9.70224,,153,,110.4
2728,9.70603,,153,,110.4
2729,9.70979,,153,,110.4
2730,9.71356,,153,,110.4
2731,9.71732,,153,,110.4
2732,9.72109,,153,,110.4
2733,9.72485,,153,,110.4
2734,9.72862,,153,,110.4
2735,9.73257,,153,,110.3
2736,9.73653,,153,,110.2
2737,9.74048,,153,,110.1
2738,9.74444,,153,,110
2739,9.7484,,153,,109.9
2740,9.75235,,153,,109.8
2741,9.75627,,153,,109.6
2742,9.76019,,153,,109.4
2743,9.76411,,153,,109.2
2744,9.76794,,152.6,,108.96
2745,9.77177,,152.2,,108.72
2746,9.77561,,151.8,,108.48
2747,9.77944,,151.4,,108.24
2748,9.78327,,151,,108
2749,9.78717,,150.8,,107.76
2750,9.79107,,150.6,,107.52
2751,9.79497,,150.4,,107.28
2752,9.79887,,150.2,,107.04
2753,9.80277,,150,,106.8
2754,9.80673,,149.75,,106.5
2755,9.81068,,149.5,,106.2
2756,9.81464,,149.25,,105.9
2757,9.8186,,149,,105.6
2758,9.82246,,148.75,,105.35
2759,9.82631,,148.5,,105.1
2760,9.83017,,148.25,,104.85
2761,9.83403,,148,,104.6
2762,9.83781,,147.5,,104.3
2763,9.84159,,147,,104
2764,9.84537,,146.5,,103.7
2765,9.84915,,146,,103.4
2766,9.85306,,145.667,,103.067
2767,9.85697,,145.333,,102.733
2768,9.86088,,145,,102.4
2769,9.86488,,144.6,,102.12
2770,9.86889,,144.2,,101.84
2771,9.87289,,143.8,,101.56
2772,9.8769,,143.4,,101.28
2773,9.8809,,143,,101
2774,9.88475,,142.8,,100.8
2775,9.88859,,142.6,,100.6
2776,9.89244,,142.4,,100.4
2777,9.89628,,142.2,,100.2
2778,9.90013,,142,,100
2779,9.90418,,141.667,,99.9667
2780,9.90822,,141.333,,99.9333
2781,9.91227,,141,,99.9
2782,9.91632,,140.667,,99.8667
2783,9.92036,,140.333,,99.8333
2784,9.92441,,140,,99.8
2785,9.92798,,139.833,,99.8333
2786,9.93155,,139.667,,99.8667
2787,9.93512,,139.5,,99.9
2788,9.9387,,139.333,,99.9333
2789,9.94227,,139.167,,99.9667
2790,9.94584,,139,,100
2791,9.94986,,139.333,,100
2792,9.95388,,139.667,,100
2793,9.9579,,140,,100
2794,9.96192,,140.333,,100
2795,9.96594,,140.667,,100
2796,9.96996,,141,,100
2797,9.9739,,141.333,,100.033
2798,9.97785,,141.667,,100.067
2799,9.98179,,142,,100.1
2800,9.98574,,142.333,,100.133
2801,9.98968,,142.667,,100.167
2802,9.99363,,143,,100.2
2803,9.99755,,143.333,,100.167
2804,10.0015,,143.667,,100.133
2805,10.0054,,144,,100.1
2806,10.0093,,144.333,,100.067
2807,10.0132,,144.667,,100.033
2808,10.0171,,145,,100
2809,10.021,,145.167,,99.9333
2810,10.0248,,145.333,,99.8667
2811,10.0287,,145.5,,99.8
2812,10.0325,,145.667,,99.7333
2813,10.0363,,145.833,,99.6667
2814,10.0402,,146,,99.6
2815,10.0439,,146.333,,99.7
2816,10.0477,,146.667,,99.8
2817,10.0514,,147,,99.9
2818,10.0552,,147.333,,100
2819,10.059,,147.667,,100.1
2820,10.0627,,148,,100.2
2821,10.0667,,148.167,,100.267
2822,10.0707,,148.333,,100.333
2823,10.0747,,148.5,,100.4
2824,10.0787,,148.667,,100.467
2825,10.0827,,148.833,,100.533
2826,10.0867,,149,,100.6
2827,10.0905,,149.333,,100.633
2828,10.0944,,149.667,,100.667
2829,10.0983,,150,,100.7
2830,10.1022,,150.333,,100.733
2831,10.1061,,150.667,,100.767
2832,10.1099,,151,,100.8
2833,10.114,,151.2,,100.8
2834,10.118,,151.4,,100.8
2835,10.1221,,151.6,,100.8
2836,10.1261,,151.8,,100.8
2837,10.1301,,152,,100.8
2838,10.1339,,152,,101.2
2839,10.1377,,152,,101.133
2840,10.1415,,152,,101.067
2841,10.1453,,152,,101
2842,10.1491,,152,,100.933
2843,10.1529,,152,,100.867
2844,10.1567,,152,,100.8
2845,10.1601,,152,,100.84
2846,10.1635,,152,,100.88
2847,10.167,,152,,100.92
2848,10.1704,,152,,100.96
2849,10.1738,,152,,101
2850,10.1769,,152,,100.8
2851,10.1799,,152,,100.6
2852,10.183,,152,,100.4
2853,10.186,,152,,100.2
2854,10.1891,,152,,100
2855,10.1925,,151.6,,99.72
2856,10.1959,,151.2,,99.44
2857,10.1993,,150.8,,99.16
2858,10.2027,,150.4,,98.88
2859,10.2061,,150,,98.6
2860,10.2093,,149.75,,98.35
2861,10.2126,,149.5,,98.1
2862,10.2158,,149.25,,97.85
2863,10.219,,149,,97.6
2864,10.2224,,148.6,,97.36
2865,10.2258,,148.2,,97.12
2866,10.2292,,147.8,,96.88
2867,10.2326,,147.4,,96.64
2868,10.236,,147,,96.4
2869,10.2396,,146.6,,96.16
2870,10.2432,,146.2,,95.92
2871,10.2468,,145.8,,95.68
2872,10.2504,,145.4,,95.44
2873,10.2541,,145,,95.2
2874,10.258,,144.75,,94.9
2875,10.2619,,144.5,,94.6
2876,10.2658,,144.25,,94.3
2877,10.2696,,144,,94
2878,10.2734,,143.75,,93.65
2879,10.2771,,143.5,,93.3
2880,10.2808,,143.25,,92.95
2881,10.2845,,143,,92.6
2882,10.2883,,142.8,,92.28
2883,10.2921,,142.6,,91.96
2884,10.2959,,142.4,,91.64
2885,10.2997,,142.2,,91.32
2886,10.3035,,142,,91
2887,10.3072,,141.667,,90.6
2888,10.3108,,141.333,,90.2
2889,10.3144,,141,,89.8
2890,10.3185,,140.667,,89.4667
2891,10.3226,,140.333,,89.1333
2892,10.3267,,140,,88.8
2893,10.3307,,140,,88.4
2894,10.3348,,140,,88
2895,10.3388,,140,,87.6
2896,10.3427,,139.667,,87.2
2897,10.3466,,139.333,,86.8
2898,10.3505,,139,,86.4
2899,10.3542,,139,,85.9333
2900,10.3578,,139,,85.4667
2901,10.3615,,139,,85
2902,10.3655,,138.667,,84.6667
2903,10.3695,,138.333,,84.3333
2904,10.3735,,138,,84
2905,10.3773,,137.667,,83.6
2906,10.3812,,137.333,,83.2
2907,10.385,,137,,82.8
2908,10.3884,,137,,82.56
2909,10.3918,,137,,82.32
2910,10.3951,,137,,82.08
2911,10.3985,,137,,81.84
2912,10.4019,,137,,81.6
2913,10.406,,137,,81.48
2914,10.4101,,137,,81.36
2915,10.4142,,137,,81.24
2916,10.4183,,137,,81.12
2917,10.4224,,137,,81
2918,10.4265,,137.2,,80.96
2919,10.4307,,137.4,,80.92
2920,10.4349,,137.6,,80.88
2921,10.4391,,137.8,,80.84
2922,10.4432,,138,,80.8
2923,10.4475,,138.5,,80.7
2924,10.4518,,139,,80.6
2925,10.456,,138.8,,80.52
2926,10.4602,,138.6,,80.44
2927,10.4644,,138.4,,80.36
2928,10.4686,,138.2,,80.28
2929,10.4728,,138,,80.2
2930,10.4768,,137.667,,80.2333
2931,10.4808,,137.333,,80.2667
2932,10.4848,,137,,80.3
2933,10.4888,,136.667,,80.3333
2934,10.4928,,136.333,,80.3667
2935,10.4968,,136,,80.4
2936,10.5004,,136.333,,80.4667
2937,10.504,,136.667,,80.5333
2938,10.5076,,137,,80.6
2939,10.5112,,137.333,,80.6667
2940,10.5148,,137.667,,80.7333
2941,10.5184,,138,,80.8
2942,10.5216,,138.333,,80.9667
2943,10.5247,,138.667,,81.1333
2944,10.5279,,139,,81.3
2945,10.531,,139.333,,81.4667
2946,10.5342,,139.667,,81.6333
2947,10.5374,,140,,81.8
2948,10.5401,,140.5,,81.9333
2949,10.5429,,141,,82.0667
2950,10.5457,,141.5,,82.2
2951,10.5485,,142,,82.3333
2952,10.5513,,142.5,,82.4667
2953,10.5541,,143,,82.6
2954,10.5576,,143,,82.8
2955,10.5608,,143.143,,82.9714
2956,10.5641,,143.286,,83.1429
2957,10.5673,,143.429,,83.3143
2958,10.5705,,143.571,,83.4857
2959,10.5738,,143.714,,83.6571
2960,10.577,,143.857,,83.8286
2961,10.5802,,144,,84
2962,10.5837,,144.25,,84.3
2963,10.5873,,144.5,,84.6
2964,10.5908,,144.75,,84.9
2965,10.5943,,145,,85.2
2966,10.5976,,145.667,,85.6
2967,10.6009,,146.333,,86
2968,10.6043,,147,,86.4
2969,10.6075,,147.5,,87
2970,10.6107,,148,,87.6
2971,10.6138,,148.333,,88
2972,10.6168,,148.667,,88.4
2973,10.6199,,149,,88.8
2974,10.6233,,149.4,,89.04
2975,10.6266,,149.8,,89.28
2976,10.63,,150.2,,89.52
2977,10.6334,,150.6,,89.76
2978,10.6367,,151,,90
2979,10.6398,,151.6,,90.12
2980,10.6428,,152.2,,90.24
2981,10.6459,,152.8,,90.36
2982,10.6489,,153.4,,90.48
2983,10.652,,154,,90.6
2984,10.6553,,154,,90.7
2985,10.6586,,154,,90.8
2986,10.6616,,154,,91
2987,10.6649,,154.5,,91
2988,10.6682,,155,,91
2989,10.6723,,155.2,,91.08
2990,10.6765,,155.4,,91.16
2991,10.6807,,155.6,,91.24
2992,10.6849,,155.8,,91.32
2993,10.689,,156,,91.4
2994,10.6926,,156.25,,91.5
2995,10.6961,,156.5,,91.6
2996,10.6996,,156.75,,91.7
2997,10.7032,,157,,91.8
2998,10.7065,,157.25,,91.85
2999,10.7099,,157.5,,91.9
3000,10.7132,,157.75,,91.95
3001,10.7166,,158,,92
3002,10.7204,,158,,92.3
3003,10.7242,,158,,92.6
3004,10.728,,158,,92.9
3005,10.7317,,158,,93.2
3006,10.7354,,158.167,,93.3333
3007,10.7389,,158.333,,93.4667
3008,10.7425,,158.5,,93.6
3009,10.7462,,158.667,,93.7333
3010,10.7497,,158.833,,93.8667
3011,10.7533,,159,,94
3012,10.7569,,159.25,,94.1
3013,10.7604,,159.5,,94.2
3014,10.764,,159.75,,94.3
3015,10.7675,,160,,94.4
3016,10.7714,,160,,94.4333
3017,10.7752,,160,,94.4667
3018,10.7791,,160,,94.5
3019,10.783,,160,,94.5333
3020,10.7868,,160,,94.5667
3021,10.7907,,160,,94.6
3022,10.7945,,159.833,,94.6667
3023,10.7983,,159.667,,94.7333
3024,10.802,,159.5,,94.8
3025,10.8058,,159.333,,94.8667
3026,10.8096,,159.167,,94.9333
3027,10.8134,,159,,95
3028,10.8168,,159,,95
3029,10.8203,,159,,95
3030,10.8238,,159,,95
3031,10.8272,,159,,95
3032,10.8307,,159,,95
3033,10.8341,,159,,95
3034,10.8379,,159,,94.9333
3035,10.8416,,159,,94.8667
3036,10.8454,,159,,94.8
3037,10.8491,,159,,94.7333
3038,10.8528,,159,,94.6667
3039,10.8566,,159,,94.6
3040,10.8604,,158.833,,94.6
3041,10.8642,,158.667,,94.6
3042,10.8681,,158.5,,94.6
3043,10.8719,,158.333,,94.6
3044,10.8757,,158.167,,94.6
3045,10.8796,,158,,94.6
3046,10.8832,,158,,94.7333
3047,10.8869,,158,,94.8667
3048,10.8906,,158,,95
3049,10.8942,,158,,95.1333
3050,10.8979,,158,,95.2667
3051,10.9015,,158,,95.4
3052,10.905,,157.5,,95.5
3053,10.9085,,157,,95.6
3054,10.912,,156.75,,95.9
3055,10.9156,,156.5,,96.2
3056,10.9192,,156.25,,96.5
3057,10.9227,,156,,96.8
3058,10.9261,,156,,96.9667
3059,10.9295,,156,,97.1333
3060,10.9328,,156,,97.3
3061,10.9362,,156,,97.4667
3062,10.9396,,156,,97.6333
3063,10.9429,,156,,97.8
3064,10.9465,,156,,98.04
3065,10.95,,156,,98.28
3066,10.9535,,156,,98.52
3067,10.957,,156,,98.76
3068,10.9605,,156,,99
3069,10.9637,,156.5,,99.2
3070,10.9668,,157,,99.4
3071,10.9706,,157,,99.4667
3072,10.9743,,157,,99.5333
3073,10.978,,157,,99.6
3074,10.9817,,157,,99.6667
3075,10.9855,,157,,99.7333
3076,10.9892,,157,,99.8
3077,10.9931,,157.167,,99.7333
3078,10.997,,157.333,,99.6667
3079,11.0009,,157.5,,99.6
3080,11.0048,,157.667,,99.5333
3081,11.0087,,157.833,,99.4667
3082,11.0126,,158,,99.4
3083,11.0164,,157.833,,99.4
3084,11.0202,,157.667,,99.4
3085,11.0239,,157.5,,99.4
3086,11.0277,,157.333,,99.4
3087,11.0315,,157.167,,99.4
3088,11.0353,,157,,99.4
3089,11.0393,,157.2,,99.32
3090,11.0433,,157.4,,99.24
3091,11.0473,,157.6,,99.16
3092,11.0513,,157.8,,99.08
3093,11.0553,,158,,99
3094,11.059,,157.667,,98.9667
3095,11.0627,,157.333,,98.9333
3096,11.0664,,157,,98.9
3097,11.0701,,156.667,,98.8667
3098,11.0738,,156.333,,98.8333
3099,11.0774,,156,,98.8
3100,11.0809,,155.833,,98.6667
3101,11.0844,,155.667,,98.5333
3102,11.0878,,155.5,,98.4
3103,11.0913,,155.333,,98.2667
3104,11.0948,,155.167,,98.1333
3105,11.0983,,155,,98
3106,11.1007,,155,,97.9
3107,11.103,,155,,97.8
3108,11.1065,,154.833,,97.9333
3109,11.11,,154.667,,98.0667
3110,11.1135,,154.5,,98.2
3111,11.1169,,154.333,,98.3333
3112,11.1204,,154.167,,98.4667
3113,11.1239,,154,,98.6
3114,11.1279,,153.667,,98.5667
3115,11.1319,,153.333,,98.5333
3116,11.1359,,153,,98.5
3117,11.14,,152.667,,98.4667
3118,11.144,,152.333,,98.4333
3119,11.148,,152,,98.4
3120,11.1521,,151.6,,98.36
3121,11.1561,,151.2,,98.32
3122,11.1602,,150.8,,98.28
3123,11.1643,,150.4,,98.24
3124,11.1684,,150,,98.2
3125,11.1724,,149.8,,98.12
3126,11.1764,,149.6,,98.04
3127,11.1805,,149.4,,97.96
3128,11.1845,,149.2,,97.88
3129,11.1885,,149,,97.8
3130,11.1924,,149,,97.7333
3131,11.1962,,149,,97.6667
3132,11.2,,149,,97.6
3133,11.2038,,149,,97.5333
3134,11.2076,,149,,97.4667
3135,11.2114,,149,,97.4
3136,11.2153,,148.833,,97.3667
3137,11.2191,,148.667,,97.3333
3138,11.2229,,148.5,,97.3
3139,11.2267,,148.333,,97.2667
3140,11.2305,,148.167,,97.2333
3141,11.2343,,148,,97.2
3142,11.2379,,148,,97.2
3143,11.2418,,148,,97.1667
3144,11.2456,,148,,97.1333
3145,11.2494,,148,,97.1
3146,11.2532,,148,,97.0667
3147,11.257,,148,,97.0333
3148,11.2609,,148,,97
3149,11.2649,,148,,97
3150,11.2688,,147.833,,96.9
3151,11.2727,,147.667,,96.8
3152,11.2767,,147.5,,96.7
3153,11.2806,,147.333,,96.6
3154,11.2845,,147.167,,96.5
3155,11.2885,,147,,96.4
3156,11.2925,,146.75,,96.3
3157,11.2964,,146.5,,96.2
3158,11.3004,,146.25,,96.1
3159,11.3044,,146,,96
3160,11.3085,,145.6,,95.84
3161,11.3127,,145.2,,95.68
3162,11.3169,,144.8,,95.52
3163,11.321,,144.4,,95.36
3164,11.3252,,144,,95.2
3165,11.3292,,144,,95.1
3166,11.3332,,144,,95
3167,11.3367,,143.833,,94.8
3168,11.3402,,143.667,,94.6
3169,11.3437,,143.5,,94.4
3170,11.3472,,143.333,,94.2
3171,11.3508,,143.167,,94
3172,11.3543,,143,,93.8
3173,11.358,,143.167,,93.7333
3174,11.3618,,143.333,,93.6667
3175,11.3656,,143.5,,93.6
3176,11.3694,,143.667,,93.5333
3177,11.3731,,143.833,,93.4667
3178,11.3769,,144,,93.4
3179,11.3808,,143.833,,93.3
3180,11.3847,,143.667,,93.2
3181,11.3886,,143.5,,93.1
3182,11.3925,,143.333,,93
3183,11.3964,,143.167,,92.9
3184,11.4004,,143,,92.8
3185,11.4042,,142.667,,92.6667
3186,11.408,,142.333,,92.5333
3187,11.4117,,142,,92.4
3188,11.4155,,141.667,,92.2667
3189,11.4193,,141.333,,92.1333
3190,11.4231,,141,,92
3191,11.427,,141,,91.9333
3192,11.4309,,141,,91.8667
3193,11.4348,,141,,91.8
3194,11.4386,,141.167,,91.7
3195,11.4423,,141.333,,91.6
3196,11.4461,,141.5,,91.5
3197,11.4498,,141.667,,91.4
3198,11.4535,,141.833,,91.3
3199,11.4573,,142,,91.2
3200,11.4612,,141.75,,91.05
3201,11.4651,,141.5,,90.9
3202,11.469,,141.25,,90.75
3203,11.4729,,141,,90.6
3204,11.4769,,141.167,,90.5
3205,11.4809,,141.333,,90.4
3206,11.4849,,141.5,,90.3
3207,11.4888,,141.667,,90.2
3208,11.4928,,141.833,,90.1
3209,11.4968,,142,,90
3210,11.5008,,142,,89.8
3211,11.5049,,142,,89.6
3212,11.5081,,142.143,,89.4571
3213,11.5113,,142.286,,89.3143
3214,11.5145,,142.429,,89.1714
3215,11.5177,,142.571,,89.0286
3216,11.5209,,142.714,,88.8857
3217,11.5242,,142.857,,88.7429
3218,11.5274,,143,,88.6
3219,11.5306,,142.4,,88.4
3220,11.5339,,141.8,,88.2
3221,11.5371,,141.2,,88
3222,11.5404,,140.6,,87.8
3223,11.5437,,140,,87.6
3224,11.5466,,139.8,,87.36
3225,11.5496,,139.6,,87.12
3226,11.5526,,139.4,,86.88
3227,11.5556,,139.2,,86.64
3228,11.5586,,139,,86.4
3229,11.561,,139,,86.1
3230,11.5634,,139,,85.8
3231,11.5666,,138.5,,85.5
3232,11.5699,,138,,85.2
3233,11.5737,,138,,84.8
3234,11.5775,,138,,84.4
3235,11.5813,,138,,84
3236,11.5847,,138,,83.5333
3237,11.588,,138,,83.0667
3238,11.5914,,138,,82.6
3239,11.595,,138,,82.1333
3240,11.5987,,138,,81.6667
3241,11.6023,,138,,81.2
3242,11.6059,,137.667,,80.8
3243,11.6095,,137.333,,80.4
3244,11.613,,137,,80
3245,11.6165,,137,,79.5333
3246,11.62,,137,,79.0667
3247,11.6235,,137,,78.6
3248,11.6271,,137.333,,78.2
3249,11.6307,,137.667,,77.8
3250,11.6342,,138,,77.4
3251,11.6377,,138,,76.8667
3252,11.6412,,138,,76.3333
3253,11.6447,,138,,75.8
3254,11.6477,,137.667,,75.4667
3255,11.6506,,137.333,,75.1333
3256,11.6535,,137,,74.8
3257,11.6565,,136.667,,74.2667
3258,11.6594,,136.333,,73.7333
3259,11.6623,,136,,73.2
3260,11.6655,,136,,72.8
3261,11.6686,,136,,72.4
3262,11.6717,,136,,72
3263,11.6747,,136,,71.5333
3264,11.6777,,136,,71.0667
3265,11.6807,,136,,70.6
3266,11.6831,,136.5,,70.2
3267,11.6855,,137,,69.8
3268,11.6896,,136.75,,69.75
3269,11.6938,,136.5,,69.7
3270,11.6979,,136.25,,69.65
3271,11.702,,136,,69.6
3272,11.7064,,136.2,,69.72
3273,11.7107,,136.4,,69.84
3274,11.715,,136.6,,69.96
3275,11.7194,,136.8,,70.08
3276,11.7237,,137,,70.2
3277,11.7278,,137.4,,70.28
3278,11.732,,137.8,,70.36
3279,11.7361,,138.2,,70.44
3280,11.7402,,138.6,,70.52
3281,11.7444,,139,,70.6
3282,11.7482,,139.4,,70.8
3283,11.752,,139.8,,71
3284,11.7558,,140.2,,71.2
3285,11.7597,,140.6,,71.4
3286,11.7635,,141,,71.6
3287,11.7672,,141.5,,71.9
3288,11.771,,142,,72.2
3289,11.7747,,142.5,,72.5
3290,11.7784,,143,,72.8
3291,11.7818,,143,,73.2
3292,11.7852,,143,,73.6
3293,11.7885,,143,,74
3294,11.7921,,143.667,,74.4667
3295,11.7956,,144.333,,74.9333
3296,11.7991,,145,,75.4
3297,11.8029,,145.667,,75.8
3298,11.8066,,146.333,,76.2
3299,11.8104,,147,,76.6
3300,11.8144,,147.333,,76.9333
3301,11.8184,,147.667,,77.2667
3302,11.8223,,148,,77.6
3303,11.8259,,148.4,,77.84
3304,11.8296,,148.8,,78.08
3305,11.8332,,149.2,,78.32
3306,11.8368,,149.6,,78.56
3307,11.8404,,150,,78.8
3308,11.8441,,150.667,,79.2
3309,11.8479,,151.333,,79.6
3310,11.8516,,152,,80
3311,11.8554,,152.333,,80.3333
3312,11.8593,,152.667,,80.6667
3313,11.8631,,153,,81
3314,11.8669,,153.4,,81.24
3315,11.8706,,153.8,,81.48
3316,11.8744,,154.2,,81.72
3317,11.8782,,154.6,,81.96
3318,11.8819,,155,,82.2
3319,11.8855,,155.333,,82.6
3320,11.8891,,155.667,,83
3321,11.8927,,156,,83.4
3322,11.8963,,156.5,,83.65
3323,11.9,,157,,83.9
3324,11.9036,,157.5,,84.15
3325,11.9072,,158,,84.4
3326,11.9096,,158,,84.4667
3327,11.9119,,158,,84.5333
3328,11.9143,,158,,84.6
3329,11.9164,,158.333,,84.1333
3330,11.9185,,158.667,,83.6667
3331,11.9207,,159,,83.2
3332,11.9236,,159,,82.85
3333,11.9266,,159,,82.5
3334,11.9296,,159,,82.15
3335,11.9326,,159,,81.8
3336,11.9357,,159,,81.4
3337,11.9388,,159,,81
3338,11.9419,,159,,80.6
3339,11.945,,159,,80.2
3340,11.948,,159,,79.8
3341,11.9511,,159,,79.4
3342,11.9544,,158.333,,78.9333
3343,11.9578,,157.667,,78.4667
3344,11.9612,,157,,78
3345,11.9646,,156.667,,77.6
3346,11.9679,,156.333,,77.2
3347,11.9713,,156,,76.8
3348,11.9744,,155.667,,76.3333
3349,11.9776,,155.333,,75.8667
3350,11.9807,,155,,75.4
3351,11.9838,,154.333,,75.0667
3352,11.9869,,153.667,,74.7333
3353,11.9901,,153,,74.4
3354,11.9933,,152.333,,73.9333
3355,11.9965,,151.667,,73.4667
3356,11.9997,,151,,73
3357,12.0028,,150.333,,72.6
3358,12.0059,,149.667,,72.2
3359,12.009,,149,,71.8
3360,12.0118,,148,,71.3333
3361,12.0145,,147,,70.8667
3362,12.0173,,146,,70.4
3363,12.0205,,145.5,,69.9
3364,12.0236,,145,,69.4
3365,12.0278,,144.5,,69.15
3366,12.0319,,144,,68.9
3367,12.0361,,143.5,,68.65
3368,12.0403,,143,,68.4
3369,12.0442,,142.75,,68.1
3370,12.0481,,142.5,,67.8
3371,12.052,,142.25,,67.5
3372,12.0558,,142,,67.2
3373,12.0596,,141.75,,66.95
3374,12.0634,,141.5,,66.7
3375,12.0671,,141.25,,66.45
3376,12.0709,,141,,66.2
3377,12.0738,,140.75,,65.9
3378,12.0766,,140.5,,65.6
3379,12.0795,,140.25,,65.3
3380,12.0824,,140,,65
3381,12.0865,,139.6,,64.76
3382,12.0906,,139.2,,64.52
3383,12.0947,,138.8,,64.28
3384,12.0988,,138.4,,64.04
3385,12.1029,,138,,63.8
3386,12.1066,,137.5,,63.6333
3387,12.1104,,137,,63.4667
3388,12.1141,,136.5,,63.3
3389,12.1178,,136,,63.1333
3390,12.1215,,135.5,,62.9667
3391,12.1252,,135,,62.8
3392,12.1292,,135.25,,62.8
3393,12.1331,,135.5,,62.8
3394,12.137,,135.75,,62.8
3395,12.1409,,136,,62.8
3396,12.145,,136.2,,62.68
3397,12.1491,,136.4,,62.56
3398,12.1532,,136.6,,62.44
3399,12.1572,,136.8,,62.32
3400,12.1613,,137,,62.2
3401,12.1653,,137,,62.08
3402,12.1692,,137,,61.96
3403,12.1732,,137,,61.84
3404,12.1771,,137,,61.72
3405,12.1811,,137,,61.6
3406,12.1854,,137,,61.64
3407,12.1897,,137,,61.68
3408,12.1941,,137,,61.72
3409,12.1984,,137,,61.76
3410,12.2027,,137,,61.8
3411,12.2066,,137.167,,61.7333
3412,12.2104,,137.333,,61.6667
3413,12.2142,,137.5,,61.6
3414,12.218,,137.667,,61.5333
3415,12.2219,,137.833,,61.4667
3416,12.2257,,138,,61.4
3417,12.2296,,138.333,,61.3
3418,12.2334,,138.667,,61.2
3419,12.2373,,139,,61.1
3420,12.2412,,139.333,,61
3421,12.245,,139.667,,60.9
3422,12.2489,,140,,60.8
3423,12.253,,140,,60.4
3424,12.2568,,140,,60.2333
3425,12.2605,,140,,60.0667
3426,12.2643,,140,,59.9
3427,12.268,,140,,59.7333
3428,12.2718,,140,,59.5667
3429,12.2756,,140,,59.4
3430,12.2794,,140,,59.2333
3431,12.2833,,140,,59.0667
3432,12.2871,,140,,58.9
3433,12.291,,140,,58.7333
3434,12.2948,,140,,58.5667
3435,12.2987,,140,,58.4
3436,12.3028,,140,,58.2
3437,12.3067,,140,,57.96
3438,12.3106,,140,,57.72
3439,12.3145,,140,,57.48
3440,12.3184,,140,,57.24
3441,12.3223,,140,,57
3442,12.3264,,140.2,,56.88
3443,12.3305,,140.4,,56.76
3444,12.3346,,140.6,,56.64
3445,12.3387,,140.8,,56.52
3446,12.3428,,141,,56.4
3447,12.3469,,141,,56.2
3448,12.3509,,141,,56
3449,12.3549,,140.8,,55.84
3450,12.3589,,140.6,,55.68
3451,12.363,,140.4,,55.52
3452,12.367,,140.2,,55.36
3453,12.371,,140,,55.2
3454,12.3749,,140,,55.0667
3455,12.3789,,140,,54.9333
3456,12.3828,,140,,54.8
3457,12.3865,,140,,54.7667
3458,12.3903,,140,,54.7333
3459,12.394,,140,,54.7
3460,12.3978,,140,,54.6667
3461,12.4015,,140,,54.6333
3462,12.4052,,140,,54.6
3463,12.409,,140,,54.6
3464,12.4128,,140,,54.6
3465,12.4166,,140,,54.6
3466,12.4203,,140,,54.6
3467,12.4241,,140,,54.6
3468,12.4279,,140,,54.6
3469,12.4315,,140.167,,54.6667
3470,12.4351,,140.333,,54.7333
3471,12.4387,,140.5,,54.8
3472,12.4424,,140.667,,54.8667
3473,12.446,,140.833,,54.9333
3474,12.4496,,141,,55
3475,12.4529,,141.2,,55.2
3476,12.4561,,141.4,,55.4
3477,12.4594,,141.6,,55.6
3478,12.4627,,141.8,,55.8
3479,12.4659,,142,,56
3480,12.4691,,142.333,,56.2333
3481,12.4724,,142.667,,56.4667
3482,12.4756,,143,,56.7
3483,12.4788,,143.333,,56.9333
3484,12.482,,143.667,,57.1667
3485,12.4852,,144,,57.4
3486,12.4886,,144.4,,57.6
3487,12.492,,144.8,,57.8
3488,12.4954,,145.2,,58
3489,12.4988,,145.6,,58.2
3490,12.5022,,146,,58.4
3491,12.5057,,146.4,,58.6
3492,12.5092,,146.8,,58.8
3493,12.5127,,147.2,,59
3494,12.5163,,147.6,,59.2
3495,12.5198,,148,,59.4
3496,12.5233,,148.333,,59.8
3497,12.5268,,148.667,,60.2
3498,12.5303,,149,,60.6
3499,12.5339,,149.5,,60.85
3500,12.5374,,150,,61.1
3501,12.5409,,150.5,,61.35
3502,12.5444,,151,,61.6
3503,12.548,,151.2,,61.84
3504,12.5516,,151.4,,62.08
3505,12.5551,,151.6,,62.32
3506,12.5587,,151.8,,62.56
3507,12.5623,,152,,62.8
3508,12.5659,,152.333,,63
3509,12.5695,,152.667,,63.2
3510,12.5731,,153,,63.4
3511,12.5767,,153.333,,63.6
3512,12.5803,,153.667,,63.8
3513,12.5839,,154,,64
3514,12.5873,,154.333,,64.2
3515,12.5907,,154.667,,64.4
3516,12.5941,,155,,64.6
3517,12.5974,,155.333,,64.8
3518,12.6008,,155.667,,65
3519,12.6042,,156,,65.2
3520,12.6075,,156,,65.4
3521,12.6107,,156,,65.6
3522,12.614,,156,,65.8
3523,12.6173,,156,,66
3524,12.6206,,156,,66.2
3525,12.6239,,156.2,,66.4
3526,12.6273,,156.4,,66.6
3527,12.6306,,156.6,,66.8
3528,12.634,,156.8,,67
3529,12.6373,,157,,67.2
3530,12.6404,,157.2,,67.44
3531,12.6435,,157.4,,67.68
3532,12.6466,,157.6,,67.92
3533,12.6497,,157.8,,68.16
3534,12.6528,,158,,68.4
3535,12.656,,158,,68.6
3536,12.6592,,158,,68.8
3537,12.6624,,158,,69
3538,12.6657,,158,,69.2
3539,12.6689,,158,,69.4
3540,12.6724,,158.167,,69.5333
3541,12.6759,,158.333,,69.6667
3542,12.6794,,158.5,,69.8
3543,12.6829,,158.667,,69.9333
3544,12.6864,,158.833,,70.0667
3545,12.6899,,159,,70.2
3546,12.6934,,159,,70.28
3547,12.6969,,159,,70.36
3548,12.7004,,159,,70.44
3549,12.7038,,159,,70.52
3550,12.7073,,159,,70.6
3551,12.7108,,159.167,,70.6667
3552,12.7142,,159.333,,70.7333
3553,12.7176,,159.5,,70.8
3554,12.7211,,159.667,,70.8667
3555,12.7245,,159.833,,70.9333
3556,12.7279,,160,,71
3557,12.7314,,160,,71
3558,12.735,,160,,71
3559,12.7385,,160,,71
3560,12.742,,160,,71
3561,12.7455,,160,,71
3562,12.749,,160,,71
3563,12.7524,,160,,71.0667
3564,12.7559,,160,,71.1333
3565,12.7593,,160,,71.2
3566,12.7627,,160,,71.2667
3567,12.7661,,160,,71.3333
3568,12.7695,,160,,71.4
3569,12.7731,,160,,71.4
3570,12.7767,,160,,71.4
3571,12.7803,,160,,71.4
3572,12.7838,,160,,71.4
3573,12.7874,,160,,71.4
3574,12.791,,160,,71.4
3575,12.7944,,159.833,,71.4
3576,12.7979,,159.667,,71.4
3577,12.8013,,159.5,,71.4
3578,12.8048,,159.333,,71.4
3579,12.8082,,159.167,,71.4
3580,12.8117,,159,,71.4
3581,12.8153,,158.833,,71.4
3582,12.8189,,158.667,,71.4
3583,12.8225,,158.5,,71.4
3584,12.8261,,158.333,,71.4
3585,12.8297,,158.167,,71.4
3586,12.8333,,158,,71.4
3587,12.837,,157.667,,71.4
3588,12.8407,,157.333,,71.4
3589,12.8443,,157,,71.4
3590,12.848,,156.667,,71.4
3591,12.8516,,156.333,,71.4
3592,12.8553,,156,,71.4
3593,12.8593,,156,,71.28
3594,12.8632,,156,,71.16
3595,12.8672,,156,,71.04
3596,12.8712,,156,,70.92
3597,12.8752,,156,,70.8
3598,12.879,,156,,70.8333
3599,12.8828,,156,,70.8667
3600,12.8866,,156,,70.9
3601,12.8904,,156,,70.9333
3602,12.8942,,156,,70.9667
3603,12.8981,,156,,71
3604,12.9013,,155.5,,70.9667
3605,12.9045,,155,,70.9333
3606,12.9077,,154.5,,70.9
3607,12.9109,,154,,70.8667
3608,12.9141,,153.5,,70.8333
3609,12.9173,,153,,70.8
3610,12.921,,152.667,,70.8
3611,12.9247,,152.333,,70.8
3612,12.9285,,152,,70.8
3613,12.9322,,151.667,,70.8
3614,12.9359,,151.333,,70.8
3615,12.9396,,151,,70.8
3616,12.9434,,151,,70.9333
3617,12.9472,,151,,71.0667
3618,12.951,,151,,71.2
3619,12.9548,,151,,71.3333
3620,12.9586,,151,,71.4667
3621,12.9624,,151,,71.6
3622,12.9663,,151.167,,71.5667
3623,12.9701,,151.333,,71.5333
3624,12.974,,151.5,,71.5
3625,12.9778,,151.667,,71.4667
3626,12.9817,,151.833,,71.4333
3627,12.9856,,152,,71.4
3628,12.9894,,151.833,,71.5
3629,12.9932,,151.667,,71.6
3630,12.9971,,151.5,,71.7
3631,13.0009,,151.333,,71.8
3632,13.0048,,151.167,,71.9
3633,13.0086,,151,,72
3634,13.0125,,151.167,,72.0667
3635,13.0163,,151.333,,72.1333
3636,13.0202,,151.5,,72.2
3637,13.0241,,151.667,,72.2667
3638,13.0279,,151.833,,72.3333
3639,13.0318,,152,,72.4
3640,13.0355,,152,,72.6
3641,13.0393,,152,,72.6667
3642,13.0431,,152,,72.7333
3643,13.047,,152,,72.8
3644,13.0508,,152,,72.8667
3645,13.0546,,152,,72.9333
3646,13.0584,,152,,73
3647,13.0622,,152,,73.1
3648,13.066,,152,,73.2
3649,13.0697,,152,,73.3
3650,13.0735,,152,,73.4
3651,13.0773,,152,,73.5
3652,13.081,,152,,73.6
3653,13.0847,,152,,73.7333
3654,13.0884,,152,,73.8667
3655,13.0921,,152,,74
3656,13.0958,,152,,74.1333
3657,13.0995,,152,,74.2667
3658,13.1031,,152,,74.4
3659,13.1068,,151.8,,74.44
3660,13.1104,,151.6,,74.48
3661,13.114,,151.4,,74.52
3662,13.1176,,151.2,,74.56
3663,13.1212,,151,,74.6
3664,13.1248,,151.167,,74.6667
3665,13.1283,,151.333,,74.7333
3666,13.1318,,151.5,,74.8
3667,13.1353,,151.667,,74.8667
3668,13.1388,,151.833,,74.9333
3669,13.1424,,152,,75
3670,13.1459,,152,,75.0667
3671,13.1495,,152,,75.1333
3672,13.1531,,152,,75.2
3673,13.1567,,152,,75.2667
3674,13.1602,,152,,75.3333
3675,13.1638,,152,,75.4
3676,13.1674,,151.75,,75.45
3677,13.171,,151.5,,75.5
3678,13.1746,,151.25,,75.55
3679,13.1782,,151,,75.6
3680,13.1811,,151,,75.6
3681,13.184,,151,,75.6
3682,13.1869,,151,,75.6
3683,13.1893,,150.667,,75.5333
3684,13.1917,,150.333,,75.4667
3685,13.1941,,150,,75.4
3686,13.1978,,150,,75.3
3687,13.2014,,150,,75.2
3688,13.205,,150,,75.1
3689,13.2087,,150,,75
3690,13.2123,,150,,74.9
3691,13.2159,,150,,74.8
3692,13.2198,,150,,74.75
3693,13.2237,,150,,74.7
3694,13.2275,,150,,74.65
3695,13.2314,,150,,74.6
3696,13.2357,,150,,74.64
3697,13.2401,,150,,74.68
3698,13.2444,,150,,74.72
3699,13.2487,,150,,74.76
3700,13.2531,,150,,74.8
3701,13.2574,,150,,74.8
3702,13.2617,,150,,74.8
3703,13.266,,150,,74.8
3704,13.2703,,150,,74.8
3705,13.2746,,150,,74.8
3706,13.2785,,149.833,,74.7667
3707,13.2823,,149.667,,74.7333
3708,13.2861,,149.5,,74.7
3709,13.29,,149.333,,74.6667
3710,13.2938,,149.167,,74.6333
3711,13.2976,,149,,74.6
3712,13.3015,,148.667,,74.5667
3713,13.3053,,148.333,,74.5333
3714,13.3091,,148,,74.5
3715,13.3129,,147.667,,74.4667
3716,13.3167,,147.333,,74.4333
3717,13.3206,,147,,74.4
3718,13.3244,,146.833,,74.3333
3719,13.3283,,146.667,,74.2667
3720,13.3322,,146.5,,74.2
3721,13.3361,,146.333,,74.1333
3722,13.34,,146.167,,74.0667
3723,13.3439,,146,,74
3724,13.3478,,146,,73.85
3725,13.3518,,146,,73.7
3726,13.3557,,146,,73.55
3727,13.3596,,146,,73.4
3728,13.363,,146,,73.4
3729,13.3664,,146,,73.4
3730,13.3697,,146,,73.4
3731,13.3731,,146,,73.4
3732,13.3765,,146,,73.4
3733,13.3799,,146,,73.4
3734,13.3832,,146.286,,73.5429
3735,13.3866,,146.571,,73.6857
3736,13.3899,,146.857,,73.8286
3737,13.3933,,147.143,,73.9714
3738,13.3966,,147.429,,74.1143
3739,13.4,,147.714,,74.2571
3740,13.4034,,148,,74.4
3741,13.4069,,148,,74.5333
3742,13.4104,,148,,74.6667
3743,13.414,,148,,74.8
3744,13.4175,,148,,74.9333
3745,13.421,,148,,75.0667
3746,13.4246,,148,,75.2
3747,13.4281,,148.333,,75.3333
3748,13.4316,,148.667,,75.4667
3749,13.4352,,149,,75.6
3750,13.4385,,149,,75.7
3751,13.4419,,149,,75.8
3752,13.4453,,149,,75.9
3753,13.4486,,149,,76
3754,13.452,,149,,76.1
3755,13.4553,,149,,76.2
3756,13.4587,,149.333,,76.3333
3757,13.462,,149.667,,76.4667
3758,13.4654,,150,,76.6
3759,13.4689,,150.167,,76.7667
3760,13.4724,,150.333,,76.9333
3761,13.4759,,150.5,,77.1
3762,13.4795,,150.667,,77.2667
3763,13.483,,150.833,,77.4333
3764,13.4865,,151,,77.6
3765,13.4901,,151.333,,77.7667
3766,13.4938,,151.667,,77.9333
3767,13.4974,,152,,78.1
3768,13.501,,152.333,,78.2667
3769,13.5046,,152.667,,78.4333
3770,13.5082,,153,,78.6
3771,13.5116,,153,,78.8
3772,13.515,,153.2,,79
3773,13.5184,,153.4,,79.2
3774,13.5218,,153.6,,79.4
3775,13.5252,,153.8,,79.6
3776,13.5286,,154,,79.8
3777,13.5319,,154.143,,79.9429
3778,13.5352,,154.286,,80.0857
3779,13.5386,,154.429,,80.2286
3780,13.5419,,154.571,,80.3714
3781,13.5452,,154.714,,80.5143
3782,13.5486,,154.857,,80.6571
3783,13.5519,,155,,80.8
3784,13.5553,,155,,81
3785,13.5588,,155.167,,81.1667
3786,13.5623,,155.333,,81.3333
3787,13.5657,,155.5,,81.5
3788,13.5692,,155.667,,81.6667
3789,13.5727,,155.833,,81.8333
3790,13.5762,,156,,82
3791,13.5796,,156.5,,82.1
3792,13.5829,,157,,82.2
3793,13.5865,,157,,82.5
3794,13.5901,,157,,82.8
3795,13.5937,,157,,83.1
3796,13.5973,,157,,83.4
3797,13.6006,,157,,83.6
3798,13.6038,,157,,83.8
3799,13.6071,,157,,84
3800,13.6103,,157,,84.2
3801,13.6136,,157,,84.4
3802,13.6168,,157,,84.6
3803,13.6201,,157,,84.8
3804,13.6228,,156.8,,84.88
3805,13.6256,,156.6,,84.96
3806,13.6283,,156.4,,85.04
3807,13.631,,156.2,,85.12
3808,13.6337,,156,,85.2
3809,13.6369,,156,,85.35
3810,13.6401,,156,,85.5
3811,13.6433,,156,,85.65
3812,13.6465,,156,,85.8
3813,13.6502,,156,,85.9333
3814,13.6538,,156,,86.0667
3815,13.6575,,156,,86.2
3816,13.6612,,156,,86.3333
3817,13.6649,,156,,86.4667
3818,13.6686,,156,,86.6
3819,13.672,,156,,86.64
3820,13.6755,,156,,86.68
3821,13.679,,156,,86.72
3822,13.6824,,156,,86.76
3823,13.6859,,156,,86.8
3824,13.6894,,156,,86.9333
3825,13.6929,,156,,87.0667
3826,13.6964,,156,,87.2
3827,13.6999,,156,,87.3333
3828,13.7034,,156,,87.4667
3829,13.7069,,156,,87.6
3830,13.7105,,156.333,,87.7333
3831,13.7141,,156.667,,87.8667
3832,13.7176,,157,,88
3833,13.7212,,157,,88.1
3834,13.7247,,157,,88.2
3835,13.7283,,157,,88.3
3836,13.7319,,157,,88.4
3837,13.7354,,157,,88.5
3838,13.739,,157,,88.6
3839,13.7424,,156.833,,88.7
3840,13.7459,,156.667,,88.8
3841,13.7494,,156.5,,88.9
3842,13.7529,,156.333,,89
3843,13.7564,,156.167,,89.1
3844,13.7598,,156,,89.2
3845,13.7635,,156,,89.2667
3846,13.7671,,156,,89.3333
3847,13.7707,,156,,89.4
3848,13.7743,,156,,89.4667
3849,13.7779,,156,,89.5333
3850,13.7815,,156,,89.6
3851,13.7852,,156,,89.6333
3852,13.7889,,156,,89.6667
3853,13.7926,,156,,89.7
3854,13.7963,,156,,89.7333
3855,13.8,,156,,89.7667
3856,13.8037,,156,,89.8
3857,13.8074,,156,,89.8333
3858,13.8111,,156,,89.8667
3859,13.8148,,156,,89.9
3860,13.8185,,156,,89.9333
3861,13.8222,,156,,89.9667
3862,13.826,,156,,90
3863,13.8296,,155.833,,90
3864,13.8333,,155.667,,90
3865,13.837,,155.5,,90
3866,13.8407,,155.333,,90
3867,13.8443,,155.167,,90
3868,13.848,,155,,90
3869,13.8518,,155,,89.9
3870,13.8556,,155,,89.8
3871,13.8593,,155,,89.7
3872,13.8631,,155,,89.6
3873,13.8669,,155,,89.5
3874,13.8706,,155,,89.4
3875,13.8743,,154.833,,89.3667
3876,13.8779,,154.667,,89.3333
3877,13.8816,,154.5,,89.3
3878,13.8852,,154.333,,89.2667
3879,13.8889,,154.167,,89.2333
3880,13.8925,,154,,89.2
3881,13.8964,,153.833,,89.2333
3882,13.9004,,153.667,,89.2667
3883,13.9043,,153.5,,89.3
3884,13.9083,,153.333,,89.3333
3885,13.9122,,153.167,,89.3667
3886,13.9162,,153,,89.4
3887,13.92,,153,,89.4
3888,13.9238,,153,,89.4
3889,13.9276,,153,,89.4
3890,13.9314,,153,,89.4
3891,13.9352,,153,,89.4
3892,13.939,,153,,89.4
3893,13.9423,,153,,89.4
3894,13.9456,,153,,89.4
3895,13.9489,,153,,89.4
3896,13.9522,,153,,89.4
3897,13.9555,,153,,89.4
3898,13.9588,,153,,89.4
3899,13.9615,,152.667,,89.4
3900,13.9641,,152.333,,89.4
3901,13.9667,,152,,89.4
3902,13.9693,,151.857,,89.5429
3903,13.9719,,151.714,,89.6857
3904,13.9745,,151.571,,89.8286
3905,13.9771,,151.429,,89.9714
3906,13.9796,,151.286,,90.1143
3907,13.9822,,151.143,,90.2571
3908,13.9848,,151,,90.4
3909,13.9885,,151.167,,90.5333
3910,13.9922,,151.333,,90.6667
3911,13.996,,151.5,,90.8
3912,13.9997,,151.667,,90.9333
3913,14.0034,,151.833,,91.0667
3914,14.0072,,152,,91.2
3915,14.0107,,153,,91.4
3916,14.0138,,152.857,,91.4
3917,14.0169,,152.714,,91.4
3918,14.02,,152.571,,91.4
3919,14.0231,,152.429,,91.4
3920,14.0263,,152.286,,91.4
3921,14.0294,,152.143,,91.4
3922,14.0325,,152,,91.4
3923,14.0363,,152,,91.5333
3924,14.04,,152,,91.6667
3925,14.0438,,152,,91.8
3926,14.0476,,152,,91.9333
3927,14.0514,,152,,92.0667
3928,14.0552,,152,,92.2
3929,14.0588,,152.2,,92.24
3930,14.0623,,152.4,,92.28
3931,14.0659,,152.6,,92.32
3932,14.0695,,152.8,,92.36
3933,14.0731,,153,,92.4
3934,14.0769,,153.167,,92.5
3935,14.0806,,153.333,,92.6
3936,14.0844,,153.5,,92.7
3937,14.0882,,153.667,,92.8
3938,14.0919,,153.833,,92.9
3939,14.0957,,154,,93
3940,14.0994,,154,,93
3941,14.103,,154,,93
3942,14.1067,,154,,93
3943,14.1103,,154,,93
3944,14.114,,154,,93
3945,14.1176,,154,,93
3946,14.1201,,153.889,,93
3947,14.1225,,153.778,,93
3948,14.125,,153.667,,93
3949,14.1274,,153.556,,93
3950,14.1299,,153.444,,93
3951,14.1323,,153.333,,93
3952,14.1348,,153.222,,93
3953,14.1372,,153.111,,93
3954,14.1397,,153,,93
3955,14.1431,,153,,93.0667
3956,14.1465,,153,,93.1333
3957,14.1499,,153,,93.2
3958,14.1533,,153,,93.2667
3959,14.1567,,153,,93.3333
3960,14.1601,,153,,93.4
3961,14.163,,153.2,,93.52
3962,14.166,,153.4,,93.64
3963,14.169,,153.6,,93.76
3964,14.172,,153.8,,93.88
3965,14.175,,154,,94
3966,14.1777,,153.667,,94.1333
3967,14.1804,,153.333,,94.2667
3968,14.1832,,153,,94.4
3969,14.1862,,153,,94.4
3970,14.1902,,153,,94.4667
3971,14.1942,,153,,94.5333
3972,14.1981,,153,,94.6
3973,14.2021,,153,,94.6667
3974,14.2061,,153,,94.7333
3975,14.21,,153,,94.8
3976,14.2139,,153.167,,94.8667
3977,14.2177,,153.333,,94.9333
3978,14.2216,,153.5,,95
3979,14.2255,,153.667,,95.0667
3980,14.2293,,153.833,,95.1333
3981,14.2332,,154,,95.2
3982,14.2365,,154,,95.3
3983,14.2399,,154,,95.4
3984,14.2433,,154,,95.5
3985,14.2466,,154,,95.6
3986,14.25,,154,,95.7333
3987,14.2534,,154,,95.8667
3988,14.2569,,154,,96
3989,14.2603,,154,,96.1333
3990,14.2637,,154,,96.2667
3991,14.2671,,154,,96.4
3992,14.2707,,154.333,,96.5333
3993,14.2744,,154.667,,96.6667
3994,14.2781,,155,,96.8
3995,14.2818,,155,,96.9
3996,14.2854,,155,,97
3997,14.2891,,155,,97.1
3998,14.2927,,155,,97.2
3999,14.2964,,155,,97.3
4000,14.3001,,155,,97.4
4001,14.3031,,155.25,,97.5
4002,14.3061,,155.5,,97.6
4003,14.3092,,155.75,,97.7
4004,14.3122,,156,,97.8
4005,14.3156,,156,,97.9
4006,14.3189,,156,,98
4007,14.3223,,156,,98.1
4008,14.3257,,156,,98.2
4009,14.329,,156,,98.3
4010,14.3324,,156,,98.4
4011,14.3362,,156.5,,98.6
4012,14.34,,157,,98.8
4013,14.343,,157,,98.9
4014,14.346,,157,,99
4015,14.346,,156.667,,98.7
4016,14.346,,156.333,,98.4
4017,14.346,,156,,98.1
4018,14.346,,155.667,,97.8
4019,14.346,,155.333,,97.5
4020,14.346,,155,,97.2
4021,14.3463,,154,,98.2
4022,14.347,,153,,99
4023,14.3481,,153,,99.6
4024,14.3515,,152.667,,99.6667
4025,14.3549,,152.333,,99.7333
4026,14.3583,,152,,99.8
4027,14.3617,,151.667,,99.8667
4028,14.3652,,151.333,,99.9333
4029,14.3686,,151,,100
4030,14.3728,,151,,100.04
4031,14.3771,,151,,100.08
4032,14.3814,,151,,100.12
4033,14.3857,,151,,100.16
4034,14.3899,,151,,100.2
4035,14.3921,,151,,100.1
4036,14.3943,,151,,100
4037,14.3965,,151,,99.9
4038,14.3987,,151,,99.8
4039,14.4021,,150.857,,99.8286
4040,14.4054,,150.714,,99.8571
4041,14.4088,,150.571,,99.8857
4042,14.4121,,150.429,,99.9143
4043,14.4155,,150.286,,99.9429
4044,14.4189,,150.143,,99.9714
4045,14.4222,,150,,100
4046,14.4264,,150.2,,99.96
4047,14.4306,,150.4,,99.92
4048,14.4348,,150.6,,99.88
4049,14.439,,150.8,,99.84
4050,14.4432,,151,,99.8
4051,14.4473,,150.8,,99.8
4052,14.4514,,150.6,,99.8
4053,14.4555,,150.4,,99.8
4054,14.4596,,150.2,,99.8
4055,14.4636,,150,,99.8
4056,14.4676,,149.4,,99.6
4057,14.4716,,148.8,,99.4
4058,14.4756,,148.2,,99.2
4059,14.4796,,147.6,,99
4060,14.4836,,147,,98.8
4061,14.4876,,147,,98.8333
4062,14.4916,,147,,98.8667
4063,14.4956,,147,,98.9
4064,14.4996,,147,,98.9333
4065,14.5036,,147,,98.9667
4066,14.5075,,147,,99
4067,14.5102,,147.25,,98.85
4068,14.5128,,147.5,,98.7
4069,14.5154,,147.75,,98.55
4070,14.5181,,148,,98.4
4071,14.5202,,148,,98.6
4072,14.5235,,148.333,,98.7
4073,14.5269,,148.667,,98.8
4074,14.5302,,149,,98.9
4075,14.5336,,149.333,,99
4076,14.537,,149.667,,99.1
4077,14.5403,,150,,99.2
4078,14.5442,,150,,99.4
4079,14.5495,,150.5,,99.5
4080,14.5548,,151,,99.6
4081,14.5601,,151.5,,99.7
4082,14.5654,,152,,99.8
4083,14.5701,,152.2,,99.84
4084,14.5749,,152.4,,99.88
4085,14.5796,,152.6,,99.92
4086,14.5844,,152.8,,99.96
4087,14.5891,,153,,100
4088,14.5934,,153,,100.04
4089,14.5976,,153,,100.08
4090,14.6019,,153,,100.12
4091,14.6062,,153,,100.16
4092,14.6105,,153,,100.2
4093,14.6146,,154,,100.4
4094,14.6187,,154,,100.4
4095,14.6228,,154,,100.4
4096,14.6269,,154,,100.4
4097,14.631,,154,,100.4
4098,14.6351,,154,,100.4
4099,14.6389,,154,,100.367
4100,14.6428,,154,,100.333
4101,14.6467,,154,,100.3
4102,14.6505,,154,,100.267
4103,14.6544,,154,,100.233
4104,14.6583,,154,,100.2
4105,14.6621,,154,,100.04
4106,14.666,,154,,99.88
4107,14.6699,,154,,99.72
4108,14.6738,,154,,99.56
4109,14.6776,,154,,99.4
4110,14.6817,,153.833,,99.2
4111,14.6857,,153.667,,99
4112,14.6897,,153.5,,98.8
4113,14.6938,,153.333,,98.6
4114,14.6978,,153.167,,98.4
4115,14.7019,,153,,98.2
4116,14.7064,,153,,98.04
4117,14.7109,,153,,97.88
4118,14.7154,,153,,97.72
4119,14.7199,,153,,97.56
4120,14.7244,,153,,97.4
4121,14.7289,,153,,97
4122,14.7329,,153,,96.96
4123,14.737,,153,,96.92
4124,14.741,,153,,96.88
4125,14.745,,153,,96.84
4126,14.7491,,153,,96.8
4127,14.7534,,153.2,,96.68
4128,14.7578,,153.4,,96.56
4129,14.7621,,153.6,,96.44
4130,14.7665,,153.8,,96.32
4131,14.7708,,154,,96.2
4132,14.7753,,154,,96
4133,14.7799,,154,,95.88
4134,14.7844,,154,,95.76
4135,14.7889,,154,,95.64
4136,14.7935,,154,,95.52
4137,14.798,,154,,95.4
4138,14.8027,,154,,95.25
4139,14.8074,,154,,95.1
4140,14.812,,154,,94.95
4141,14.8167,,154,,94.8
4142,14.8211,,154.2,,94.72
4143,14.8256,,154.4,,94.64
4144,14.83,,154.6,,94.56
4145,14.8345,,154.8,,94.48
4146,14.8389,,155,,94.4
4147,14.8434,,155,,94.36
4148,14.8478,,155,,94.32
4149,14.8522,,155,,94.28
4150,14.8567,,155,,94.24
4151,14.8611,,155,,94.2
4152,14.8652,,155.2,,94.4
4153,14.8694,,155.4,,94.6
4154,14.8735,,155.6,,94.8
4155,14.8777,,155.8,,95
4156,14.8818,,156,,95.2
4157,14.8861,,156.2,,95.28
4158,14.8904,,156.4,,95.36
4159,14.8946,,156.6,,95.44
4160,14.8989,,156.8,,95.52
4161,14.9032,,157,,95.6
4162,14.9075,,157,,95.64
4163,14.9118,,157,,95.68
4164,14.9161,,157,,95.72
4165,14.9204,,157,,95.76
4166,14.9247,,157,,95.8
4167,14.9285,,157,,95.8
4168,14.9325,,157,,95.8333
4169,14.9364,,157,,95.8667
4170,14.9404,,157,,95.9
4171,14.9444,,157,,95.9333
4172,14.9483,,157,,95.9667
4173,14.9523,,157,,96
4174,14.9567,,157.2,,96
4175,14.9611,,157.4,,96
4176,14.9655,,157.6,,96
4177,14.9698,,157.8,,96
4178,14.9742,,158,,96
4179,14.9785,,158,,96.04
4180,14.9827,,158,,96.08
4181,14.987,,158,,96.12
4182,14.9912,,158,,96.16
4183,14.9954,,158,,96.2
4184,14.998,,158,,96.1667
4185,15.0006,,158,,96.1333
4186,15.0032,,158,,96.1
4187,15.0057,,158,,96.0667
4188,15.0083,,158,,96.0333
4189,15.0109,,158,,96
4190,15.0136,,157.875,,95.925
4191,15.0162,,157.75,,95.85
4192,15.0189,,157.625,,95.775
4193,15.0216,,157.5,,95.7
4194,15.0242,,157.375,,95.625
4195,15.0269,,157.25,,95.55
4196,15.0296,,157.125,,95.475
4197,15.0322,,157,,95.4
4198,15.0352,,157,,94.6
4199,15.0381,,156.667,,94.2667
4200,15.041,,156.333,,93.9333
4201,15.0439,,156,,93.6
4202,15.0481,,155.8,,93.44
4203,15.0523,,155.6,,93.28
4204,15.0566,,155.4,,93.12
4205,15.0608,,155.2,,92.96
4206,15.0651,,155,,92.8
4207,15.0691,,154.5,,92.5
4208,15.0732,,154,,92.2
4209,15.077,,153.75,,91.95
4210,15.0809,,153.5,,91.7
4211,15.0848,,153.25,,91.45
4212,15.0886,,153,,91.2
4213,15.0924,,152.75,,90.9
4214,15.0962,,152.5,,90.6
4215,15.0999,,152.25,,90.3
4216,15.1037,,152,,90
4217,15.1072,,151.5,,89.75
4218,15.1107,,151,,89.5
4219,15.1142,,150.5,,89.25
4220,15.1177,,150,,89
4221,15.1216,,149.833,,88.8
4222,15.1255,,149.667,,88.6
4223,15.1293,,149.5,,88.4
4224,15.1332,,149.333,,88.2
4225,15.1371,,149.167,,88
4226,15.141,,149,,87.8
4227,15.1448,,148.75,,87.4
4228,15.1485,,148.5,,87
4229,15.1523,,148.25,,86.6
4230,15.1561,,148,,86.2
4231,15.1599,,147.667,,85.8
4232,15.1636,,147.333,,85.4
4233,15.1674,,147,,85
4234,15.1711,,146.833,,84.9
4235,15.1749,,146.667,,84.8
4236,15.1786,,146.5,,84.7
4237,15.1824,,146.333,,84.6
4238,15.1861,,146.167,,84.5
4239,15.1899,,146,,84.4
4240,15.1934,,146,,84.2
4241,15.197,,146,,84
4242,15.2019,,145.75,,83.75
4243,15.2068,,145.5,,83.5
4244,15.2117,,145.25,,83.25
4245,15.2166,,145,,83
4246,15.2205,,145,,82.75
4247,15.2244,,145,,82.5
4248,15.2283,,145,,82.25
4249,15.2322,,145,,82
4250,15.236,,144.75,,81.7
4251,15.2398,,144.5,,81.4
4252,15.2436,,144.25,,81.1
4253,15.2474,,144,,80.8
4254,15.2515,,143.8,,80.52
4255,15.2556,,143.6,,80.24
4256,15.2598,,143.4,,79.96
4257,15.2639,,143.2,,79.68
4258,15.268,,143,,79.4
4259,15.2716,,142.75,,79.15
4260,15.2752,,142.5,,78.9
4261,15.2788,,142.25,,78.65
4262,15.2823,,142,,78.4
4263,15.2869,,141.75,,78.15
4264,15.2915,,141.5,,77.9
4265,15.2961,,141.25,,77.65
4266,15.3007,,141,,77.4
4267,15.305,,140.6,,77.12
4268,15.3092,,140.2,,76.84
4269,15.3134,,139.8,,76.56
4270,15.3177,,139.4,,76.28
4271,15.3219,,139,,76
4272,15.3261,,139.2,,75.76
4273,15.3302,,139.4,,75.52
4274,15.3344,,139.6,,75.28
4275,15.3385,,139.8,,75.04
4276,15.3427,,140,,74.8
4277,15.3469,,140,,74.4667
4278,15.3511,,140,,74.1333
4279,15.3553,,140,,73.8
4280,15.3599,,140.5,,73.5
4281,15.3644,,141,,73.2
4282,15.3689,,141.5,,72.9
4283,15.3734,,142,,72.6
4284,15.3775,,142,,72.4
4285,15.3817,,142,,72.2
4286,15.3858,,142,,72
4287,15.3899,,142,,71.8
4288,15.394,,142,,71.6
4289,15.3979,,142,,71.6
4290,15.4015,,142,,71.6333
4291,15.4051,,142,,71.6667
4292,15.4087,,142,,71.7
4293,15.4123,,142,,71.7333
4294,15.416,,142,,71.7667
4295,15.4196,,142,,71.8
4296,15.4241,,142.2,,71.72
4297,15.4285,,142.4,,71.64
4298,15.433,,142.6,,71.56
4299,15.4375,,142.8,,71.48
4300,15.442,,143,,71.4
4301,15.4452,,142.667,,71.0667
4302,15.4485,,142.333,,70.7333
4303,15.4518,,142,,70.4
4304,15.4557,,141.833,,70.2333
4305,15.4596,,141.667,,70.0667
4306,15.4636,,141.5,,69.9
4307,15.4675,,141.333,,69.7333
4308,15.4714,,141.167,,69.5667
4309,15.4753,,141,,69.4
4310,15.4795,,141.2,,69.24
4311,15.4837,,141.4,,69.08
4312,15.4879,,141.6,,68.92
4313,15.4921,,141.8,,68.76
4314,15.4963,,142,,68.6
4315,15.4994,,142.333,,68.5333
4316,15.5025,,142.667,,68.4667
4317,15.5056,,143,,68.4
4318,15.509,,143.143,,68.3429
4319,15.5123,,143.286,,68.2857
4320,15.5156,,143.429,,68.2286
4321,15.519,,143.571,,68.1714
4322,15.5223,,143.714,,68.1143
4323,15.5256,,143.857,,68.0571
4324,15.529,,144,,68
4325,15.5325,,144.333,,68
4326,15.536,,144.667,,68
4327,15.5396,,145,,68
4328,15.5431,,145.333,,68
4329,15.5466,,145.667,,68
4330,15.5502,,146,,68
4331,15.5536,,146.143,,67.9429
4332,15.5571,,146.286,,67.8857
4333,15.5605,,146.429,,67.8286
4334,15.564,,146.571,,67.7714
4335,15.5674,,146.714,,67.7143
4336,15.5709,,146.857,,67.6571
4337,15.5743,,147,,67.6
4338,15.5791,,147,,67.5
4339,15.5839,,147,,67.4
4340,15.5887,,147.2,,67.28
4341,15.5934,,147.4,,67.16
4342,15.5982,,147.6,,67.04
4343,15.6029,,147.8,,66.92
4344,15.6077,,148,,66.8
4345,15.6127,,148,,66.6
4346,15.6177,,148,,66.4
4347,15.6227,,148,,66.2
4348,15.6278,,148,,66
4349,15.6328,,148,,65.8
4350,15.6378,,148,,65.6
4351,15.6428,,148,,65.4
4352,15.6471,,148,,65.2
4353,15.6515,,147.8,,64.96
4354,15.6559,,147.6,,64.72
4355,15.6603,,147.4,,64.48
4356,15.6647,,147.2,,64.24
4357,15.6692,,147,,64
4358,15.6736,,147.2,,63.88
4359,15.678,,147.4,,63.76
4360,15.6823,,147.6,,63.64
4361,15.6867,,147.8,,63.52
4362,15.6911,,148,,63.4
4363,15.6956,,147.5,,63.1
4364,15.7,,147,,62.8
4365,15.704,,147,,62.76
4366,15.708,,147,,62.72
4367,15.7121,,147,,62.68
4368,15.7161,,147,,62.64
4369,15.7201,,147,,62.6
4370,15.7238,,147,,62.4667
4371,15.7275,,147,,62.3333
4372,15.7311,,147,,62.2
4373,15.7348,,147,,62.0667
4374,15.7385,,147,,61.9333
4375,15.7421,,147,,61.8
4376,15.7457,,146.667,,61.6333
4377,15.7492,,146.333,,61.4667
4378,15.7527,,146,,61.3
4379,15.7562,,145.667,,61.1333
4380,15.7597,,145.333,,60.9667
4381,15.7633,,145,,60.8
4382,15.7675,,145,,60.6
4383,15.772,,144.8,,60.36
4384,15.7764,,144.6,,60.12
4385,15.7809,,144.4,,59.88
4386,15.7853,,144.2,,59.64
4387,15.7898,,144,,59.4
4388,15.7944,,144.333,,59.0667
4389,15.7991,,144.667,,58.7333
4390,15.8037,,145,,58.4
4391,15.8078,,144.8,,58.32
4392,15.8118,,144.6,,58.24
4393,15.8159,,144.4,,58.16
4394,15.8199,,144.2,,58.08
4395,15.824,,144,,58
4396,15.8263,,144,,57.7333
4397,15.8287,,144,,57.4667
4398,15.8311,,144,,57.2
4399,15.8341,,144,,56.8
4400,15.837,,144,,56.4
4401,15.84,,144,,56
4402,15.8422,,143.667,,55.8
4403,15.8443,,143.333,,55.6
4404,15.8464,,143,,55.4
4405,15.8479,,142.75,,55.45
4406,15.8493,,142.5,,55.5
4407,15.8508,,142.25,,55.55
4408,15.8522,,142,,55.6
4409,15.8522,,141.667,,55.2667
4410,15.8522,,141.333,,54.9333
4411,15.8522,,141,,54.6
4412,15.8522,,140.667,,54.2667
4413,15.8522,,140.333,,53.9333
4414,15.8522,,140,,53.6
4415,15.8522,,140,,54.8
4416,15.8525,,140,,55.2
4417,15.8527,,140,,55.6
4418,15.8541,,140,,55.6
4419,15.8554,,140,,55.6
4420,15.8567,,140,,55.6
4421,15.8591,,140,,55.5333
4422,15.8614,,140,,55.4667
4423,15.8638,,140,,55.4
4424,15.8685,,140.2,,55.36
4425,15.8733,,140.4,,55.32
4426,15.878,,140.6,,55.28
4427,15.8827,,140.8,,55.24
4428,15.8875,,141,,55.2
4429,15.8918,,141.2,,55.32
4430,15.8961,,141.4,,55.44
4431,15.9004,,141.6,,55.56
4432,15.9047,,141.8,,55.68
4433,15.909,,142,,55.8
4434,15.9129,,143,,56
4435,15.9159,,143.143,,56.1143
4436,15.9189,,143.286,,56.2286
4437,15.9218,,143.429,,56.3429
4438,15.9248,,143.571,,56.4571
4439,15.9278,,143.714,,56.5714
4440,15.9308,,143.857,,56.6857
4441,15.9338,,144,,56.8
4442,15.9353,,144,,57
4443,15.9393,,144.2,,56.96
4444,15.9433,,144.4,,56.92
4445,15.9473,,144.6,,56.88
4446,15.9514,,144.8,,56.84
4447,15.9554,,145,,56.8
4448,15.9584,,145.286,,56.8571
4449,15.9614,,145.571,,56.9143
4450,15.9643,,145.857,,56.9714
4451,15.9673,,146.143,,57.0286
4452,15.9703,,146.429,,57.0857
4453,15.9733,,146.714,,57.1429
4454,15.9763,,147,,57.2
4455,15.9806,,147.333,,57.4667
4456,15.985,,147.667,,57.7333
4457,15.9893,,148,,58
4458,15.9938,,148.4,,58.08
4459,15.9982,,148.8,,58.16
4460,16.0027,,149.2,,58.24
4461,16.0072,,149.6,,58.32
4462,16.0116,,150,,58.4
4463,16.0157,,150.4,,58.36
4464,16.0198,,150.8,,58.32
4465,16.0239,,151.2,,58.28
4466,16.028,,151.6,,58.24
4467,16.0321,,152,,58.2
4468,16.0356,,152.167,,58.1333
4469,16.0391,,152.333,,58.0667
4470,16.0426,,152.5,,58
4471,16.0461,,152.667,,57.9333
4472,16.0496,,152.833,,57.8667
4473,16.0531,,153,,57.8
4474,16.0556,,153,,58
4475,16.0596,,153.167,,58.0667
4476,16.0636,,153.333,,58.1333
4477,16.0676,,153.5,,58.2
4478,16.0717,,153.667,,58.2667
4479,16.0757,,153.833,,58.3333
4480,16.0797,,154,,58.4
4481,16.084,,153.667,,58.4
4482,16.0883,,153.333,,58.4
4483,16.0926,,153,,58.4
4484,16.0961,,153.167,,58.2667
4485,16.0995,,153.333,,58.1333
4486,16.103,,153.5,,58
4487,16.1064,,153.667,,57.8667
4488,16.1099,,153.833,,57.7333
4489,16.1133,,154,,57.6
4490,16.1164,,153.75,,57.45
4491,16.1194,,153.5,,57.3
4492,16.1224,,153.25,,57.15
4493,16.1254,,153,,57
4494,16.1298,,152.8,,56.96
4495,16.1341,,152.6,,56.92
4496,16.1385,,152.4,,56.88
4497,16.1428,,152.2,,56.84
4498,16.1471,,152,,56.8
4499,16.1516,,152,,56.68
4500,16.156,,152,,56.56
4501,16.1604,,152,,56.44
4502,16.1648,,152,,56.32
4503,16.1693,,152,,56.2
4504,16.1731,,152,,56
4505,16.1769,,152,,55.8
4506,16.181,,151.8,,55.68
4507,16.1852,,151.6,,55.56
4508,16.1893,,151.4,,55.44
4509,16.1934,,151.2,,55.32
4510,16.1975,,151,,55.2
4511,16.2018,,151,,55.0667
4512,16.206,,151,,54.9333
4513,16.2103,,151,,54.8
4514,16.2144,,150.8,,54.72
4515,16.2185,,150.6,,54.64
4516,16.2226,,150.4,,54.56
4517,16.2267,,150.2,,54.48
4518,16.2308,,150,,54.4
4519,16.2342,,150,,54.1
4520,16.2377,,150,,53.8
4521,16.2405,,149.5,,54
4522,16.2433,,149,,54.2
4523,16.2466,,148.833,,54.1333
4524,16.25,,148.667,,54.0667
4525,16.2533,,148.5,,54
4526,16.2567,,148.333,,53.9333
4527,16.26,,148.167,,53.8667
4528,16.2634,,148,,53.8
4529,16.2675,,147.8,,53.6
4530,16.2717,,147.6,,53.4
4531,16.2758,,147.4,,53.2
4532,16.2799,,147.2,,53
4533,16.2841,,147,,52.8
4534,16.2886,,147,,52.8
4535,16.2932,,147,,52.8
4536,16.2976,,147,,52.6
4537,16.3021,,147,,52.4
4538,16.3066,,147,,52.2
4539,16.3111,,147,,52
4540,16.3156,,147,,51.8
4541,16.3199,,146.5,,51.7
4542,16.3242,,146,,51.6
4543,16.3283,,146,,51.52
4544,16.3323,,146,,51.44
4545,16.3363,,146,,51.36
4546,16.3404,,146,,51.28
4547,16.3444,,146,,51.2
4548,16.3477,,146,,51.1
4549,16.3509,,146,,51
4550,16.3542,,146,,50.9
4551,16.3574,,146,,50.8
4552,16.3607,,146,,50.7
4553,16.3639,,146,,50.6
4554,16.3683,,146.2,,50.52
4555,16.3726,,146.4,,50.44
4556,16.377,,146.6,,50.36
4557,16.3813,,146.8,,50.28
4558,16.3857,,147,,50.2
4559,16.3899,,147.2,,50.24
4560,16.3941,,147.4,,50.28
4561,16.3983,,147.6,,50.32
4562,16.4025,,147.8,,50.36
4563,16.4067,,148,,50.4
4564,16.4109,,148.2,,50.28
4565,16.4151,,148.4,,50.16
4566,16.4192,,148.6,,50.04
4567,16.4234,,148.8,,49.92
4568,16.4276,,149,,49.8
4569,16.4317,,149,,49.8
4570,16.4359,,149,,49.8
4571,16.44,,149,,49.8
4572,16.4441,,149,,49.8
4573,16.4482,,149,,49.8
4574,16.4526,,149,,49.72
4575,16.457,,149,,49.64
4576,16.4614,,149,,49.56
4577,16.4658,,149,,49.48
4578,16.4702,,149,,49.4
4579,16.4744,,149,,49.32
4580,16.4786,,149,,49.24
4581,16.4828,,149,,49.16
4582,16.487,,149,,49.08
4583,16.4912,,149,,49
4584,16.4954,,149,,48.92
4585,16.4997,,149,,48.84
4586,16.5039,,149,,48.76
4587,16.5082,,149,,48.68
4588,16.5124,,149,,48.6
4589,16.5165,,149,,48.5
4590,16.5207,,149,,48.4
4591,16.5244,,149,,48.5
4592,16.5282,,149,,48.6
4593,16.532,,149,,48.7
4594,16.5357,,149,,48.8
4595,16.5395,,149,,48.9
4596,16.5433,,149,,49
4597,16.5462,,149,,49.2
4598,16.5498,,148.833,,49.2333
4599,16.5533,,148.667,,49.2667
4600,16.5568,,148.5,,49.3
4601,16.5604,,148.333,,49.3333
4602,16.5639,,148.167,,49.3667
4603,16.5675,,148,,49.4
4604,16.5708,,148.143,,49.5429
4605,16.5741,,148.286,,49.6857
4606,16.5774,,148.429,,49.8286
4607,16.5808,,148.571,,49.9714
4608,16.5841,,148.714,,50.1143
4609,16.5874,,148.857,,50.2571
4610,16.5907,,149,,50.4
4611,16.5937,,150,,50.4
4612,16.597,,150.167,,50.6
4613,16.6003,,150.333,,50.8
4614,16.6037,,150.5,,51
4615,16.607,,150.667,,51.2
4616,16.6104,,150.833,,51.4
4617,16.6137,,151,,51.6
4618,16.6176,,151.2,,51.8
4619,16.6215,,151.4,,52
4620,16.6255,,151.6,,52.2
4621,16.6294,,151.8,,52.4
4622,16.6333,,152,,52.6
4623,16.6374,,152.2,,52.48
4624,16.6415,,152.4,,52.36
4625,16.6456,,152.6,,52.24
4626,16.6498,,152.8,,52.12
4627,16.6539,,153,,52
4628,16.658,,153,,51.8
4629,16.6622,,153,,51.6
4630,16.6664,,153.4,,51.6
4631,16.6706,,153.8,,51.6
4632,16.6748,,154.2,,51.6
4633,16.679,,154.6,,51.6
4634,16.6832,,155,,51.6
4635,16.6874,,155.2,,51.56
4636,16.6916,,155.4,,51.52
4637,16.6958,,155.6,,51.48
4638,16.6999,,155.8,,51.44
4639,16.7041,,156,,51.4
4640,16.7083,,156,,51.5333
4641,16.7124,,156,,51.6667
4642,16.7166,,156,,51.8
