secs,km,power,hr,cad,alt
0,0,,137,,143.8
1,0.003635,,138,,144.8
2,0.00727,,139,,145.8
3,0.00982,,140,,145.4
4,0.012012,,140.6,,145.56
5,0.014204,,141.2,,145.72
6,0.016396,,141.8,,145.88
7,0.018588,,142.4,,146.04
8,0.02078,,143,,146.2
9,0.02333,,147,,146.4
10,0.02618,,146,,146.8
11,0.02986,,146.5,,147.3
12,0.03354,,147,,147.8
13,0.03645,,148,,148
14,0.0387333,,148,,148.133
15,0.0410167,,148,,148.267
16,0.0433,,148,,148.4
17,0.04502,,148,,148.6
18,0.047095,,148.5,,148.9
19,0.04917,,149,,149.2
20,0.05101,,149,,149.2
21,0.053625,,149.5,,149.5
22,0.05624,,150,,149.8
23,0.05889,,150,,150.2
24,0.06154,,150,,150.6
25,0.06371,,150.4,,150.56
26,0.06588,,150.8,,150.52
27,0.06805,,151.2,,150.48
28,0.07022,,151.6,,150.44
29,0.07239,,152,,150.4
30,0.07533,,151,,150.4
31,0.0785133,,153.667,,150.333
32,0.0816967,,156.333,,150.267
33,0.08488,,159,,150.2
34,0.08794,,159,,150.2
35,0.09142,,156,,150.2
36,0.0952367,,155,,150.533
37,0.0990533,,154,,150.867
38,0.10287,,153,,151.2
39,0.10692,,150,,151.8
40,0.11116,,155,,152.4
41,0.11533,,153,,152.6
42,0.11912,,158,,152.8
43,0.12233,,157,,152.667
44,0.12554,,156,,152.533
45,0.12875,,155,,152.4
46,0.13209,,154,,152
47,0.13482,,154,,151.8
48,0.137177,,153.333,,151.667
49,0.139533,,152.667,,151.533
50,0.14189,,152,,151.4
51,0.144787,,153.75,,151.5
52,0.147685,,155.5,,151.6
53,0.150583,,157.25,,151.7
54,0.15348,,159,,151.8
55,0.15672,,157,,152.2
56,0.15976,,156,,152.6
57,0.1628,,155,,153
58,0.165647,,154.667,,153.133
59,0.168493,,154.333,,153.267
60,0.17134,,154,,153.4
61,0.17454,,153.667,,153.267
62,0.17774,,153.333,,153.133
63,0.18094,,153,,153
64,0.18414,,152.667,,152.867
65,0.18734,,152.333,,152.733
66,0.19054,,152,,152.6
67,0.19367,,152,,152.55
68,0.1968,,152,,152.5
69,0.19993,,152,,152.45
70,0.20306,,152,,152.4
71,0.206375,,154,,152.4
72,0.20969,,156,,152.4
73,0.213257,,155.667,,152.667
74,0.216823,,155.333,,152.933
75,0.22039,,155,,153.2
76,0.222775,,153.5,,153.3
77,0.22516,,152,,153.4
78,0.22836,,154,,153.4
79,0.23156,,156,,153.4
80,0.23528,,156,,153.4
81,0.238345,,156,,153.6
82,0.24141,,156,,153.8
83,0.24456,,156,,153.8
84,0.248475,,156.25,,153.85
85,0.25239,,156.5,,153.9
86,0.256305,,156.75,,153.95
87,0.26022,,157,,154
88,0.26326,,157,,154.2
89,0.26755,,155,,154.2
90,0.26755,,153,,154.4
91,0.269753,,153.667,,154.667
92,0.271957,,154.333,,154.933
93,0.27416,,155,,155.2
94,0.276635,,155,,155.5
95,0.27911,,155,,155.8
96,0.28137,,158,,155.9
97,0.28363,,161,,156
98,0.28605,,158,,155.6
99,0.28865,,157,,155.2
100,0.291455,,158.5,,155.3
101,0.29426,,160,,155.4
286,0.29471,,100,,156.4
287,0.29646,,102,,156.4
288,0.299275,,103.5,,156.4
289,0.30209,,105,,156.4
290,0.305565,,107,,156.4
291,0.30904,,109,,156.4
292,0.31294,,111.5,,156.4
293,0.31684,,114,,156.4
294,0.32048,,116.5,,156.5
295,0.32412,,119,,156.6
296,0.32772,,121,,156.6
297,0.33117,,124,,156.6
298,0.33474,,124,,156.8
299,0.33848,,124,,157.2
300,0.34219,,123,,157.4
301,0.34603,,127,,157.4
302,0.34895,,130,,157.6
303,0.35205,,134,,157.8
304,0.35544,,138,,157.8
305,0.35945,,140,,157.8
306,0.36231,,141.5,,157.8
307,0.36517,,143,,157.8
308,0.368343,,144,,157.8
309,0.371517,,145,,157.8
310,0.37469,,146,,157.8
311,0.378465,,150,,158.1
312,0.38224,,154,,158.4
313,0.386,,153,,158.8
314,0.38917,,149,,159
315,0.39232,,149,,159.2
316,0.39587,,153,,159.6
317,0.39988,,153,,160.4
318,0.403747,,153,,160.8
319,0.407613,,153,,161.2
320,0.41148,,153,,161.6
321,0.414992,,153.2,,161.68
322,0.418504,,153.4,,161.76
323,0.422016,,153.6,,161.84
324,0.425528,,153.8,,161.92
325,0.42904,,154,,162
326,0.43207,,153.5,,162.3
327,0.4351,,153,,162.6
328,0.438505,,153,,163.4
329,0.44191,,153,,164.2
330,0.44505,,154,,164.6
331,0.448233,,155.5,,164.75
332,0.451415,,157,,164.9
333,0.454598,,158.5,,165.05
334,0.45778,,160,,165.2
335,0.46054,,159,,165.2
336,0.46372,,160,,165.4
337,0.46684,,160,,166.1
338,0.46996,,160,,166.8
339,0.47325,,163,,167.2
340,0.47668,,162,,167.4
341,0.48158,,159,,167.6
342,0.485108,,159.25,,167.65
343,0.488635,,159.5,,167.7
344,0.492163,,159.75,,167.75
345,0.49569,,160,,167.8
346,0.49984,,164,,168
347,0.50295,,161,,168.2
348,0.50658,,165,,168.6
349,0.5098,,164,,169
350,0.51332,,162,,169.2
351,0.516569,,162.143,,169.314
352,0.519817,,162.286,,169.429
353,0.523066,,162.429,,169.543
354,0.526314,,162.571,,169.657
355,0.529563,,162.714,,169.771
356,0.532811,,162.857,,169.886
357,0.53606,,163,,170
358,0.53948,,163.333,,170.333
359,0.5429,,163.667,,170.667
360,0.54632,,164,,171
361,0.549297,,163.667,,171.067
362,0.552273,,163.333,,171.133
363,0.55525,,163,,171.2
364,0.557905,,163,,171.3
365,0.56056,,163,,171.4
366,0.563485,,166,,171.7
367,0.56641,,169,,172
368,0.57019,,168,,172.2
369,0.57394,,166,,172.6
370,0.57769,,164,,173
371,0.5813,,165,,173.2
372,0.584755,,164.5,,173.3
373,0.58821,,164,,173.4
374,0.591263,,163,,173.267
375,0.594317,,162,,173.133
376,0.59737,,161,,173
377,0.60033,,166,,173
378,0.60342,,163,,173
379,0.60655,,162,,173.4
380,0.6096,,166,,174.2
381,0.61261,,164,,175
382,0.61532,,164,,175.333
383,0.61803,,164,,175.667
384,0.62074,,164,,176
385,0.62311,,160,,176.2
386,0.625585,,160.25,,176.55
387,0.62806,,160.5,,176.9
388,0.630535,,160.75,,177.25
389,0.63301,,161,,177.6
390,0.63667,,162,,177.6
391,0.639547,,162,,177.667
392,0.642423,,162,,177.733
393,0.6453,,162,,177.8
394,0.648385,,162,,177.8
395,0.65147,,162,,177.8
396,0.654415,,161.833,,177.967
397,0.65736,,161.667,,178.133
398,0.660305,,161.5,,178.3
399,0.66325,,161.333,,178.467
400,0.666195,,161.167,,178.633
401,0.66914,,161,,178.8
402,0.67194,,162,,179.2
403,0.6751,,160.5,,179.5
404,0.67826,,159,,179.8
405,0.68124,,158,,180
406,0.68424,,158.5,,180.2
407,0.68724,,159,,180.4
408,0.689608,,159.75,,180.55
409,0.691975,,160.5,,180.7
410,0.694342,,161.25,,180.85
411,0.69671,,162,,181
412,0.6994,,162,,181
413,0.70205,,163,,181.2
414,0.70444,,163.25,,181.5
415,0.70683,,163.5,,181.8
416,0.70922,,163.75,,182.1
417,0.71161,,164,,182.4
418,0.71432,,164,,182.6
419,0.716807,,164,,183
420,0.719293,,164,,183.4
421,0.72178,,164,,183.8
422,0.724065,,164,,184.3
423,0.72635,,164,,184.8
424,0.72889,,164,,185.2
425,0.733095,,165.5,,185.5
426,0.7373,,167,,185.8
427,0.74124,,167,,186
428,0.74556,,166,,186
429,0.74887,,162,,186
430,0.75259,,162,,186
431,0.755505,,164,,186.1
432,0.75842,,166,,186.2
433,0.76126,,165,,186.2
434,0.7641,,164,,186.2
435,0.766835,,165.5,,186.4
436,0.76957,,167,,186.6
437,0.772675,,165.5,,186.7
438,0.77578,,164,,186.8
439,0.7787,,167,,186.9
440,0.78162,,170,,187
441,0.78424,,167,,187.2
442,0.78714,,165.5,,187.5
443,0.79004,,164,,187.8
444,0.793243,,163.333,,187.867
445,0.796447,,162.667,,187.933
446,0.79965,,162,,188
447,0.803085,,163,,188.05
448,0.80652,,164,,188.1
449,0.809955,,165,,188.15
450,0.81339,,166,,188.2
451,0.81703,,168,,188.2
452,0.820687,,167,,187.8
453,0.824343,,166,,187.4
454,0.828,,165,,187
455,0.83087,,169,,186.8
456,0.833415,,167.5,,186.8
457,0.83596,,166,,186.8
458,0.83892,,165.5,,187.4
459,0.84188,,165,,188
460,0.84495,,164.5,,188.6
461,0.84802,,164,,189.2
462,0.850303,,165,,189.4
463,0.852587,,166,,189.6
464,0.85487,,167,,189.8
465,0.85769,,166,,189.8
466,0.860033,,166,,189.9
467,0.862375,,166,,190
468,0.864718,,166,,190.1
469,0.86706,,166,,190.2
470,0.869185,,166,,190.6
471,0.87131,,166,,191
472,0.87446,,167,,191.4
473,0.876853,,168,,191.667
474,0.879247,,169,,191.933
475,0.88164,,170,,192.2
476,0.88366,,168,,192.2
477,0.8868,,167,,192.4
478,0.890127,,167.333,,192.533
479,0.893453,,167.667,,192.667
480,0.89678,,168,,192.8
481,0.899305,,168,,193.2
482,0.90183,,168,,193.6
483,0.904175,,167.5,,194.5
484,0.90652,,167,,195.4
485,0.90956,,167,,195.8
486,0.9126,,167,,196.2
487,0.91564,,167,,196.6
488,0.919,,166.667,,196.733
489,0.92236,,166.333,,196.867
490,0.92572,,166,,197
491,0.928867,,167,,197.067
492,0.932013,,168,,197.133
493,0.93516,,169,,197.2
494,0.938303,,168.333,,197.333
495,0.941447,,167.667,,197.467
496,0.94459,,167,,197.6
497,0.947498,,166.8,,197.72
498,0.950406,,166.6,,197.84
499,0.953314,,166.4,,197.96
500,0.956222,,166.2,,198.08
501,0.95913,,166,,198.2
502,0.96179,,166,,198.6
503,0.964073,,166,,198.95
504,0.966355,,166,,199.3
505,0.968638,,166,,199.65
506,0.97092,,166,,200
507,0.97375,,166,,200.4
508,0.976743,,166,,200.733
509,0.979737,,166,,201.067
510,0.98273,,166,,201.4
511,0.9852,,166,,201.6
512,0.98767,,166,,201.8
513,0.990315,,166,,202.3
514,0.99296,,166,,202.8
515,0.995505,,166,,203.5
516,0.99805,,166,,204.2
517,1.00042,,166,,204.4
518,1.00278,,166,,204.6
519,1.00541,,166,,204.9
520,1.00804,,166,,205.2
521,1.01076,,166,,205.45
522,1.01348,,166,,205.7
523,1.0162,,166,,205.95
524,1.01892,,166,,206.2
525,1.02163,,166,,206.3
526,1.02433,,166,,206.4
527,1.02786,,165.75,,206.5
528,1.0314,,165.5,,206.6
529,1.03493,,165.25,,206.7
530,1.03846,,165,,206.8
531,1.04198,,165,,206.8
532,1.04506,,165,,206.8
533,1.04814,,165,,206.8
534,1.05121,,165,,206.8
535,1.05429,,165,,206.8
536,1.05737,,165,,206.8
537,1.06103,,165,,206.6
538,1.06469,,165,,206.4
539,1.06836,,165,,206.2
540,1.07202,,165,,206
541,1.07568,,165,,205.8
542,1.0789,,165,,205.65
543,1.08212,,165,,205.5
544,1.08534,,165,,205.35
545,1.08856,,165,,205.2
546,1.09169,,165,,204.8
547,1.09525,,165,,204.733
548,1.09881,,165,,204.667
549,1.10237,,165,,204.6
550,1.10593,,165,,204.533
551,1.10949,,165,,204.467
552,1.11305,,165,,204.4
553,1.11573,,165,,204.4
554,1.1184,,165,,204.4
555,1.12107,,165,,204.4
556,1.12375,,165,,204.4
557,1.12531,,165,,204.6
558,1.12716,,165,,204.9
559,1.12901,,165,,205.2
560,1.13096,,164.667,,205.6
561,1.1329,,164.333,,206
562,1.13485,,164,,206.4
563,1.13623,,164,,206.6
564,1.13844,,164,,206.933
565,1.14065,,164,,207.267
566,1.14286,,164,,207.6
567,1.14614,,164,,207.933
568,1.14941,,164,,208.267
569,1.15269,,164,,208.6
570,1.15594,,164.167,,208.8
571,1.15919,,164.333,,209
572,1.16244,,164.5,,209.2
573,1.16569,,164.667,,209.4
574,1.16894,,164.833,,209.6
575,1.17219,,165,,209.8
576,1.17481,,164,,210
577,1.17685,,164.333,,210.4
578,1.1789,,164.667,,210.8
579,1.18094,,165,,211.2
580,1.18264,,165,,211.4
581,1.18534,,164.5,,211.7
582,1.18804,,164,,212
583,1.19055,,164,,212.2
584,1.19307,,164.25,,212.4
585,1.19559,,164.5,,212.6
586,1.19811,,164.75,,212.8
587,1.20063,,165,,213
588,1.20321,,165,,213.4
589,1.2059,,165,,213.8
590,1.20859,,165,,214.2
591,1.21128,,165,,214.6
592,1.21363,,165,,214.8
593,1.21598,,165,,215
594,1.21874,,165,,215.4
595,1.2215,,165,,215.8
596,1.22421,,165,,215.933
597,1.22693,,165,,216.067
598,1.22964,,165,,216.2
599,1.23248,,165,,216.2
600,1.23532,,165,,216.2
601,1.23815,,165,,216.2
602,1.24099,,165,,216.2
603,1.24383,,165,,216.2
604,1.24667,,165,,216.2
605,1.24884,,165,,216.35
606,1.251,,165,,216.5
607,1.25317,,165,,216.65
608,1.25533,,165,,216.8
609,1.25725,,165,,217
610,1.25986,,164.75,,217.3
611,1.26248,,164.5,,217.6
612,1.26509,,164.25,,217.9
613,1.2677,,164,,218.2
614,1.27035,,164,,218.6
615,1.27299,,164,,219
616,1.27564,,164,,219.4
617,1.27823,,164,,219.6
618,1.28082,,164,,219.8
619,1.28333,,164,,219.933
620,1.28584,,164,,220.067
621,1.28835,,164,,220.2
622,1.29086,,164,,220.333
623,1.29337,,164,,220.467
624,1.29588,,164,,220.6
625,1.29807,,164,,220.933
626,1.30026,,164,,221.267
627,1.30245,,164,,221.6
628,1.30504,,164,,222
629,1.30762,,164,,222.4
630,1.31034,,164.5,,222.6
631,1.31306,,165,,222.8
632,1.31525,,164.667,,222.733
633,1.31745,,164.333,,222.667
634,1.31964,,164,,222.6
635,1.3222,,164.2,,222.92
636,1.32476,,164.4,,223.24
637,1.32733,,164.6,,223.56
638,1.32989,,164.8,,223.88
639,1.33245,,165,,224.2
640,1.33513,,165,,224.6
641,1.33795,,165,,225
642,1.34077,,165,,225.4
643,1.34333,,165,,225.533
644,1.3459,,165,,225.667
645,1.34846,,165,,225.8
646,1.35144,,165,,226
647,1.35438,,165,,226.04
648,1.35732,,165,,226.08
649,1.36026,,165,,226.12
650,1.3632,,165,,226.16
651,1.36614,,165,,226.2
652,1.36953,,165,,226.267
653,1.37293,,165,,226.333
654,1.37632,,165,,226.4
655,1.37854,,165,,226.6
656,1.38077,,165,,226.8
657,1.38299,,165,,227
658,1.38551,,165,,227.2
659,1.38804,,165,,227.4
660,1.39056,,165,,227.6
661,1.39364,,165,,227.8
662,1.39671,,165,,228
663,1.39979,,165,,228.2
664,1.40287,,165,,228.4
665,1.40574,,165,,228.5
666,1.40861,,165,,228.6
667,1.41148,,165,,228.7
668,1.41435,,165,,228.8
669,1.41665,,165,,229.1
670,1.41895,,165,,229.4
671,1.42169,,165,,229.7
672,1.42442,,165,,230
673,1.42685,,165,,230.267
674,1.42929,,165,,230.533
675,1.43172,,165,,230.8
676,1.43338,,165,,231
677,1.43504,,165,,231.2
678,1.43692,,165,,231.4
679,1.43881,,165,,231.6
680,1.44069,,165,,231.8
681,1.44328,,165,,231.88
682,1.44587,,165,,231.96
683,1.44846,,165,,232.04
684,1.45105,,165,,232.12
685,1.45364,,165,,232.2
686,1.45607,,164.8,,232.28
687,1.45851,,164.6,,232.36
688,1.46094,,164.4,,232.44
689,1.46338,,164.2,,232.52
690,1.46581,,164,,232.6
691,1.4697,,163.8,,232.44
692,1.4736,,163.6,,232.28
693,1.47749,,163.4,,232.12
694,1.48139,,163.2,,231.96
695,1.48528,,163,,231.8
696,1.48818,,163,,231.8
697,1.49107,,163,,231.8
698,1.49397,,163,,231.9
699,1.49687,,163,,232
700,1.49968,,163,,232
701,1.50249,,163,,232
702,1.50448,,162.667,,232.067
703,1.50647,,162.333,,232.133
704,1.50846,,162,,232.2
705,1.51055,,162,,232.44
706,1.51264,,162,,232.68
707,1.51472,,162,,232.92
708,1.51681,,162,,233.16
709,1.5189,,162,,233.4
710,1.52085,,161.8,,233.6
711,1.52279,,161.6,,233.8
712,1.52474,,161.4,,234
713,1.52668,,161.2,,234.2
714,1.52863,,161,,234.4
715,1.53109,,160.5,,234.5
716,1.53355,,160,,234.6
717,1.53525,,159.8,,234.8
718,1.53695,,159.6,,235
719,1.53866,,159.4,,235.2
720,1.54036,,159.2,,235.4
721,1.54206,,159,,235.6
722,1.54332,,159,,236
723,1.54458,,159,,236.4
724,1.54673,,159,,236.6
725,1.54887,,159,,236.8
726,1.55082,,159.25,,236.95
727,1.55278,,159.5,,237.1
728,1.55474,,159.75,,237.25
729,1.55669,,160,,237.4
730,1.55923,,160,,237.6
731,1.5616,,160.5,,237.8
732,1.56398,,161,,238
733,1.56661,,161,,238.4
734,1.56925,,161,,238.8
735,1.57187,,162,,239.4
736,1.57433,,162,,240.1
737,1.57679,,162,,240.8
738,1.57947,,162.5,,241.3
739,1.58215,,163,,241.8
740,1.58496,,163.5,,242.2
741,1.58777,,164,,242.6
742,1.59078,,164.5,,242.8
743,1.59379,,165,,243
744,1.59757,,165.5,,243.4
745,1.60135,,166,,243.8
746,1.60431,,167,,244.4
747,1.60701,,167.333,,244.733
748,1.6097,,167.667,,245.067
749,1.6124,,168,,245.4
750,1.61479,,168.5,,245.7
751,1.61718,,169,,246
752,1.61954,,169,,246.4
753,1.62198,,169,,246.6
754,1.62442,,169,,246.8
755,1.62686,,169,,247
756,1.6293,,169,,247.2
757,1.63202,,169,,247.4
758,1.63475,,169,,247.6
759,1.63741,,169,,248.067
760,1.64006,,169,,248.533
761,1.64272,,169,,249
762,1.64487,,169,,249.25
763,1.64702,,169,,249.5
764,1.64916,,169,,249.75
765,1.65131,,169,,250
766,1.65371,,168.5,,250.1
767,1.65612,,168,,250.2
768,1.65889,,168,,250.5
769,1.66167,,168,,250.8
770,1.66445,,168,,251.1
771,1.66722,,168,,251.4
772,1.67027,,168,,252
773,1.67332,,168,,252.6
774,1.67569,,168,,252.76
775,1.67805,,168,,252.92
776,1.68042,,168,,253.08
777,1.68278,,168,,253.24
778,1.68515,,168,,253.4
779,1.68732,,167.5,,253.5
780,1.68949,,167,,253.6
781,1.6917,,167.2,,253.64
782,1.69391,,167.4,,253.68
783,1.69612,,167.6,,253.72
784,1.69833,,167.8,,253.76
785,1.70054,,168,,253.8
786,1.70286,,168,,253.933
787,1.70519,,168,,254.067
788,1.70751,,168,,254.2
789,1.70983,,168,,254.333
790,1.71216,,168,,254.467
791,1.71448,,168,,254.6
792,1.71607,,168,,254.933
793,1.71765,,168,,255.267
794,1.71924,,168,,255.6
795,1.7214,,168,,255.8
796,1.72357,,168,,256
797,1.72573,,168,,256.2
798,1.72848,,168,,256.32
799,1.73123,,168,,256.44
800,1.73398,,168,,256.56
801,1.73673,,168,,256.68
802,1.73948,,168,,256.8
803,1.74199,,167.833,,257
804,1.7445,,167.667,,257.2
805,1.74701,,167.5,,257.4
806,1.74952,,167.333,,257.6
807,1.75203,,167.167,,257.8
808,1.75454,,167,,258
809,1.75717,,167,,258.4
810,1.75979,,167,,258.8
811,1.76242,,167,,259.2
812,1.76471,,166.667,,259.533
813,1.76701,,166.333,,259.867
814,1.7693,,166,,260.2
815,1.77157,,166,,260.2
816,1.77376,,166,,260.24
817,1.77595,,166,,260.28
818,1.77814,,166,,260.32
819,1.78033,,166,,260.36
820,1.78252,,166,,260.4
821,1.78527,,166.333,,260.733
822,1.78803,,166.667,,261.067
823,1.79078,,167,,261.4
824,1.79371,,167,,261.6
825,1.79665,,167,,261.8
826,1.7994,,167,,262.067
827,1.80216,,167,,262.333
828,1.80491,,167,,262.6
829,1.80714,,167,,263.2
830,1.80937,,167,,263.8
831,1.81141,,167,,264.2
832,1.81345,,167,,264.6
833,1.81557,,167,,264.7
834,1.81768,,167,,264.8
835,1.81947,,167,,264.85
836,1.82126,,167,,264.9
837,1.82304,,167,,264.95
838,1.82483,,167,,265
839,1.82748,,166.75,,265.25
840,1.83013,,166.5,,265.5
841,1.83277,,166.25,,265.75
842,1.83542,,166,,266
843,1.83767,,166,,266.2
844,1.84003,,166,,266.36
845,1.84239,,166,,266.52
846,1.84476,,166,,266.68
847,1.84712,,166,,266.84
848,1.84948,,166,,267
849,1.85208,,166,,267.133
850,1.85467,,166,,267.267
851,1.85727,,166,,267.4
852,1.85922,,166,,267.733
853,1.86117,,166,,268.067
854,1.86312,,166,,268.4
855,1.86506,,166,,268.8
856,1.867,,166,,269.2
857,1.86887,,166,,269.6
858,1.87095,,166,,269.72
859,1.87303,,166,,269.84
860,1.87511,,166,,269.96
861,1.87719,,166,,270.08
862,1.87927,,166,,270.2
863,1.88134,,166.333,,270.333
864,1.88341,,166.667,,270.467
865,1.88548,,167,,270.6
866,1.88755,,167,,270.733
867,1.88962,,167,,270.867
868,1.89169,,167,,271
869,1.89409,,167,,271.4
870,1.89649,,167,,271.8
871,1.89863,,167,,272
872,1.90077,,167,,272.2
873,1.9029,,167,,272.4
874,1.90504,,167,,272.6
875,1.90718,,167,,272.8
876,1.90946,,167,,272.8
877,1.91177,,167,,273.04
878,1.91408,,167,,273.28
879,1.9164,,167,,273.52
880,1.91871,,167,,273.76
881,1.92102,,167,,274
882,1.92317,,166.75,,274.25
883,1.92532,,166.5,,274.5
884,1.92748,,166.25,,274.75
885,1.92963,,166,,275
886,1.93156,,166.25,,275.2
887,1.93349,,166.5,,275.4
888,1.93543,,166.75,,275.6
889,1.93736,,167,,275.8
890,1.93939,,167,,276.2
891,1.9417,,167,,276.36
892,1.94401,,167,,276.52
893,1.94633,,167,,276.68
894,1.94864,,167,,276.84
895,1.95095,,167,,277
896,1.95343,,167,,277.05
897,1.9559,,167,,277.1
898,1.95838,,167,,277.15
899,1.96086,,167,,277.2
900,1.96355,,167,,277.5
901,1.96624,,167,,277.8
902,1.96891,,167,,278
903,1.97159,,167,,278.2
904,1.97426,,167,,278.4
905,1.97705,,167,,278.7
906,1.97983,,167,,279
907,1.98266,,167,,279.5
908,1.98549,,167,,280
909,1.98822,,167,,280.3
910,1.99096,,167,,280.6
911,1.9937,,167,,280.9
912,1.99643,,167,,281.2
913,1.99926,,167,,281.5
914,2.0021,,167,,281.8
915,2.00445,,167,,281.833
916,2.0068,,167,,281.867
917,2.00915,,167,,281.9
918,2.01151,,167,,281.933
919,2.01386,,167,,281.967
920,2.01621,,167,,282
921,2.01817,,167,,282.2
922,2.01992,,167,,282.667
923,2.02167,,167,,283.133
924,2.02342,,167,,283.6
925,2.02518,,167,,284
926,2.02694,,167,,284.4
927,2.02915,,167,,284.6
928,2.03161,,167,,284.7
929,2.03407,,167,,284.8
930,2.03653,,167,,284.9
931,2.03899,,167,,285
932,2.04199,,167.25,,285.15
933,2.045,,167.5,,285.3
934,2.048,,167.75,,285.45
935,2.051,,168,,285.6
936,2.05358,,168,,285.8
937,2.05645,,168.25,,286
938,2.05932,,168.5,,286.2
939,2.06219,,168.75,,286.4
940,2.06506,,169,,286.6
941,2.06749,,169,,287
942,2.06992,,169,,287.4
943,2.07224,,169,,288
944,2.07466,,169,,288.4
945,2.07708,,169,,288.8
946,2.0795,,169,,289.2
947,2.08176,,169,,289.533
948,2.08401,,169,,289.867
949,2.08627,,169,,290.2
950,2.08918,,169,,290.2
951,2.09233,,169,,290.4
952,2.09548,,169,,290.6
953,2.09862,,169,,290.8
954,2.10177,,169,,291
955,2.10492,,169,,291.2
956,2.10916,,169.2,,291.44
957,2.11339,,169.4,,291.68
958,2.11763,,169.6,,291.92
959,2.12186,,169.8,,292.16
960,2.1261,,170,,292.4
961,2.12953,,170,,293.2
962,2.13227,,170.333,,293.4
963,2.135,,170.667,,293.6
964,2.13774,,171,,293.8
965,2.14024,,171,,293.6
966,2.1436,,171.333,,293.2
967,2.14696,,171.667,,292.8
968,2.15032,,172,,292.4
969,2.15387,,171.5,,291.9
970,2.15743,,171,,291.4
971,2.16063,,171,,291
972,2.16386,,170.5,,290.4
973,2.1671,,170,,289.8
974,2.17058,,170,,289.6
975,2.17391,,170,,289.267
976,2.17723,,170,,288.933
977,2.18056,,170,,288.6
978,2.18445,,169.667,,288.2
979,2.18833,,169.333,,287.8
980,2.19222,,169,,287.4
981,2.19619,,168.75,,287.05
982,2.20015,,168.5,,286.7
983,2.20411,,168.25,,286.35
984,2.20808,,168,,286
985,2.21239,,168,,285.533
986,2.21671,,168,,285.067
987,2.22102,,168,,284.6
988,2.22535,,168,,284.4
989,2.22967,,168,,284.2
990,2.23377,,168,,283.933
991,2.23788,,168,,283.667
992,2.24198,,168,,283.4
993,2.24551,,167.667,,283.133
994,2.24905,,167.333,,282.867
995,2.25258,,167,,282.6
996,2.25613,,167,,282.2
997,2.25956,,166.6,,282.08
998,2.263,,166.2,,281.96
999,2.26643,,165.8,,281.84
1000,2.26987,,165.4,,281.72
1001,2.2733,,165,,281.6
1002,2.27663,,164.6,,281.56
1003,2.27997,,164.2,,281.52
1004,2.2833,,163.8,,281.48
1005,2.28664,,163.4,,281.44
1006,2.28997,,163,,281.4
1007,2.29367,,163,,281.2
1008,2.29711,,162.667,,280.733
1009,2.30054,,162.333,,280.267
1010,2.30398,,162,,279.8
1011,2.30727,,161,,279.4
1012,2.31131,,161,,279.2
1013,2.31535,,161,,279
1014,2.31939,,161,,278.8
1015,2.32408,,161,,278.6
1016,2.32929,,161,,278.2
1017,2.3345,,161,,277.8
1018,2.33971,,161,,277.4
1019,2.3445,,162,,276.8
1020,2.34992,,162,,276.2
1021,2.35527,,162.333,,275.8
1022,2.36063,,162.667,,275.4
1023,2.36598,,163,,275
1024,2.37163,,163,,274.6
1025,2.37677,,163.5,,274.3
1026,2.38191,,164,,274
1027,2.38624,,164,,273.8
1028,2.39023,,164,,273.8
1029,2.39421,,164,,273.8
1030,2.39803,,163,,272.8
1031,2.40138,,164,,271.8
1032,2.40516,,165,,270.4
1033,2.41165,,165,,269.4
1034,2.41744,,167,,269
1035,2.42324,,169,,268.6
1036,2.42903,,171,,268.2
1037,2.43402,,170,,268.2
1038,2.43884,,169.5,,267.6
1039,2.44365,,169,,267
1040,2.44898,,168.5,,266.4
1041,2.45432,,168,,265.8
1042,2.45866,,168,,265.4
1043,2.46376,,170,,264.7
1044,2.46886,,172,,264
1045,2.47474,,171,,263.3
1046,2.48062,,170,,262.6
1047,2.48655,,170,,262
1048,2.49247,,170,,261.4
1049,2.49826,,166,,260.8
1050,2.50302,,167,,260.6
1051,2.50777,,168,,260.4
1052,2.51276,,169,,260.2
1053,2.51722,,169,,260
1054,2.52177,,169,,259.6
1055,2.52631,,169,,259.2
1056,2.53086,,169,,258.8
1057,2.53675,,169.5,,258.2
1058,2.54265,,170,,257.6
1059,2.547,,170,,257.2
1060,2.55067,,170,,256.2
1061,2.55418,,170,,255.4
1062,2.55769,,170,,254.6
1063,2.56169,,169.5,,254
1064,2.56569,,169,,253.4
1065,2.56961,,168.5,,253.1
1066,2.57352,,168,,252.8
1067,2.57743,,167.5,,252.5
1068,2.58135,,167,,252.2
1069,2.58444,,166.5,,251.7
1070,2.58754,,166,,251.2
1071,2.591,,165.5,,250.9
1072,2.59447,,165,,250.6
1073,2.59798,,165,,250.3
1074,2.60149,,165,,250
1075,2.60481,,164.667,,249.867
1076,2.60813,,164.333,,249.733
1077,2.61145,,164,,249.6
1078,2.61516,,163.4,,249.56
1079,2.61887,,162.8,,249.52
1080,2.62258,,162.2,,249.48
1081,2.62629,,161.6,,249.44
1082,2.63,,161,,249.4
1083,2.63226,,160.75,,249.25
1084,2.63452,,160.5,,249.1
1085,2.63679,,160.25,,248.95
1086,2.63905,,160,,248.8
1087,2.64124,,161,,248.6
1088,2.64379,,160.8,,248.52
1089,2.64634,,160.6,,248.44
1090,2.6489,,160.4,,248.36
1091,2.65145,,160.2,,248.28
1092,2.654,,160,,248.2
1093,2.65767,,160,,248
1094,2.66134,,160,,247.8
1095,2.66501,,160,,247.6
1096,2.66683,,160,,247.333
1097,2.66865,,160,,247.067
1098,2.67047,,160,,246.8
1099,2.67228,,160,,246.2
1100,2.67404,,160,,245.8
1101,2.67579,,160,,245.4
1102,2.677,,159,,245
1103,2.67897,,159.5,,244.4
1104,2.68093,,160,,243.8
1105,2.68351,,159,,243.4
1106,2.68698,,160,,242.6
1107,2.69079,,160,,241.6
1108,2.6937,,160,,240.4
1109,2.69588,,160,,239.6
1110,2.69787,,160,,239
1111,2.70111,,160,,238.667
1112,2.70436,,160,,238.333
1113,2.7076,,160,,238
1114,2.71163,,160,,237.8
1115,2.7153,,159.667,,237.267
1116,2.71897,,159.333,,236.733
1117,2.72264,,159,,236.2
1118,2.72698,,159,,235.8
1119,2.73082,,158.8,,235.68
1120,2.73465,,158.6,,235.56
1121,2.73849,,158.4,,235.44
1122,2.74232,,158.2,,235.32
1123,2.74616,,158,,235.2
1124,2.74946,,157,,235.2
1125,2.75343,,156.667,,235.2
1126,2.7574,,156.333,,235.2
1127,2.76137,,156,,235.2
1128,2.76403,,155.8,,235.08
1129,2.76669,,155.6,,234.96
1130,2.76934,,155.4,,234.84
1131,2.772,,155.2,,234.72
1132,2.77466,,155,,234.6
1133,2.77784,,155,,234.5
1134,2.78101,,155,,234.4
1135,2.78419,,155,,234.3
1136,2.78737,,155,,234.2
1137,2.78972,,155.4,,234.32
1138,2.79208,,155.8,,234.44
1139,2.79443,,156.2,,234.56
1140,2.79679,,156.6,,234.68
1141,2.79914,,157,,234.8
1142,2.80188,,157,,235
1143,2.80507,,157,,235.2
1144,2.80815,,157.5,,235.2
1145,2.81123,,158,,235.2
1146,2.81383,,158.5,,234.85
1147,2.81642,,159,,234.5
1148,2.81901,,159.5,,234.15
1149,2.82161,,160,,233.8
1150,2.82386,,159,,233.6
1151,2.82684,,159.2,,233.4
1152,2.82982,,159.4,,233.2
1153,2.8328,,159.6,,233
1154,2.83578,,159.8,,232.8
1155,2.83876,,160,,232.6
1156,2.84293,,161,,232.4
1157,2.84646,,161,,232.1
1158,2.84998,,161,,231.8
1159,2.85359,,161,,231.4
1160,2.85699,,161,,231.2
1161,2.85997,,161,,231
1162,2.86282,,161,,231.08
1163,2.86567,,161,,231.16
1164,2.86851,,161,,231.24
1165,2.87136,,161,,231.32
1166,2.87421,,161,,231.4
1167,2.87654,,160.5,,231.5
1168,2.87887,,160,,231.6
1169,2.88117,,160,,231.8
1170,2.88348,,160,,232
1171,2.88578,,160,,232.2
1172,2.88949,,160,,232.1
1173,2.8932,,160,,232
1174,2.89691,,160,,231.9
1175,2.90062,,160,,231.8
1176,2.90349,,160,,231.56
1177,2.90636,,160,,231.32
1178,2.90924,,160,,231.08
1179,2.91211,,160,,230.84
1180,2.91498,,160,,230.6
1181,2.9182,,160,,230.4
1182,2.92167,,159.667,,230.333
1183,2.92514,,159.333,,230.267
1184,2.92861,,159,,230.2
1185,2.93169,,159,,230.333
1186,2.93478,,159,,230.467
1187,2.93786,,159,,230.6
1188,2.94094,,159,,230.733
1189,2.94403,,159,,230.867
1190,2.94711,,159,,231
1191,2.95022,,158.833,,231.067
1192,2.95333,,158.667,,231.133
1193,2.95644,,158.5,,231.2
1194,2.95955,,158.333,,231.267
1195,2.96266,,158.167,,231.333
1196,2.96577,,158,,231.4
1197,2.96907,,158,,231.6
1198,2.97239,,158.5,,231.7
1199,2.97571,,159,,231.8
1200,2.97795,,159,,231.9
1201,2.98019,,159,,232
1202,2.98212,,159.2,,232.12
1203,2.98405,,159.4,,232.24
1204,2.98597,,159.6,,232.36
1205,2.9879,,159.8,,232.48
1206,2.98983,,160,,232.6
1207,2.99164,,160,,233
1208,2.99345,,160,,233.4
1209,2.99526,,160,,233.8
1210,2.99786,,160.5,,234.1
1211,3.00045,,161,,234.4
1212,3.00216,,161,,234.8
1213,3.00457,,161,,235.133
1214,3.00699,,161,,235.467
1215,3.0094,,161,,235.8
1216,3.01122,,161.5,,236.1
1217,3.01305,,162,,236.4
1218,3.01585,,162.5,,236.7
1219,3.01865,,163,,237
1220,3.02134,,163.333,,237.467
1221,3.02404,,163.667,,237.933
1222,3.02673,,164,,238.4
1223,3.02933,,164,,238.8
1224,3.03186,,164,,239.6
1225,3.03525,,164.5,,240.4
1226,3.03864,,165,,241.2
1227,3.04117,,165,,242
1228,3.04428,,165,,242.4
1229,3.04706,,165.25,,242.55
1230,3.04984,,165.5,,242.7
1231,3.05261,,165.75,,242.85
1232,3.05539,,166,,243
1233,3.05721,,166.333,,243.2
1234,3.05902,,166.667,,243.4
1235,3.06084,,167,,243.6
1236,3.06306,,167.333,,244.067
1237,3.06527,,167.667,,244.533
1238,3.06749,,168,,245
1239,3.06956,,168,,245.35
1240,3.07162,,168,,245.7
1241,3.07369,,168,,246.05
1242,3.07575,,168,,246.4
1243,3.07747,,168,,246.8
1244,3.07976,,169,,247.4
1245,3.08286,,168.667,,247.8
1246,3.08595,,168.333,,248.2
1247,3.08905,,168,,248.6
1248,3.09301,,169,,248.6
1249,3.09562,,169,,248.667
1250,3.09824,,169,,248.733
1251,3.10085,,169,,248.8
1252,3.10374,,169,,249.2
1253,3.10612,,169,,249.4
1254,3.10838,,169,,249.6
1255,3.11093,,169,,250.2
1256,3.11381,,170,,251
1257,3.11555,,170,,251.6
1258,3.11715,,170,,251.9
1259,3.11875,,170,,252.2
1260,3.12016,,170,,252.4
1261,3.12145,,170,,253
1262,3.12274,,170,,253.6
1263,3.12357,,170,,254
1264,3.12421,,170,,254.4
1265,3.12469,,169,,254.6
1266,3.12538,,169,,255
1267,3.12607,,169,,255.4
1268,3.12676,,169,,255.8
1269,3.12889,,168.5,,255.9
1270,3.13102,,168,,256
1271,3.13424,,168,,255.8
1272,3.13746,,168,,255.6
1273,3.14067,,168,,255.4
1274,3.14389,,168,,255.2
1275,3.14683,,167.667,,255
1276,3.14976,,167.333,,254.8
1277,3.1527,,167,,254.6
1278,3.15577,,167,,254.2
1279,3.15885,,167,,253.8
1280,3.16213,,166,,253.4
1281,3.16543,,166,,253.067
1282,3.16874,,166,,252.733
1283,3.17204,,166,,252.4
1284,3.17516,,166,,252.2
1285,3.17807,,166,,252
1286,3.18098,,166,,251.8
1287,3.18389,,166,,251.6
1288,3.1868,,166,,251.4
1289,3.19059,,166,,251.2
1290,3.19405,,165.75,,250.9
1291,3.1975,,165.5,,250.6
1292,3.20096,,165.25,,250.3
1293,3.20442,,165,,250
1294,3.20705,,166,,250
1295,3.20997,,165.667,,249.533
1296,3.2129,,165.333,,249.067
1297,3.21582,,165,,248.6
1298,3.21911,,165,,248.467
1299,3.22241,,165,,248.333
1300,3.2257,,165,,248.2
1301,3.22979,,165,,248
1302,3.23387,,165,,247.8
1303,3.23796,,165,,247.6
1304,3.24256,,165,,247.4
1305,3.24715,,165,,247.2
1306,3.25135,,165,,246.8
1307,3.25555,,165,,246.4
1308,3.2598,,165.5,,245.5
1309,3.26405,,166,,244.6
1310,3.2686,,166,,243.8
1311,3.27316,,166,,243
1312,3.27735,,166,,242.3
1313,3.28155,,166,,241.6
1314,3.28559,,166.5,,241
1315,3.28964,,167,,240.4
1316,3.29325,,167,,239.8
1317,3.29687,,167,,239.2
1318,3.30055,,167,,238.867
1319,3.30422,,167,,238.533
1320,3.3079,,167,,238.2
1321,3.3117,,167,,238
1322,3.31598,,167.5,,237.3
1323,3.32025,,168,,236.6
1324,3.32445,,168,,236.1
1325,3.32864,,168,,235.6
1326,3.33285,,169,,235
1327,3.33656,,168.667,,234.8
1328,3.34027,,168.333,,234.6
1329,3.34398,,168,,234.4
1330,3.34697,,168,,233.8
1331,3.3507,,168,,232.8
1332,3.35408,,167.667,,232.4
1333,3.35747,,167.333,,232
1334,3.36085,,167,,231.6
1335,3.36328,,166.6,,231.68
1336,3.3657,,166.2,,231.76
1337,3.36813,,165.8,,231.84
1338,3.37055,,165.4,,231.92
1339,3.37298,,165,,232
1340,3.37554,,164.5,,232
1341,3.37809,,164,,232
1342,3.38064,,163.5,,232
1343,3.3832,,163,,232
1344,3.38575,,162.5,,232
1345,3.38831,,162,,232
1346,3.39157,,161.8,,231.72
1347,3.39483,,161.6,,231.44
1348,3.39809,,161.4,,231.16
1349,3.40135,,161.2,,230.88
1350,3.40461,,161,,230.6
1351,3.40792,,160.833,,230.567
1352,3.41124,,160.667,,230.533
1353,3.41455,,160.5,,230.5
1354,3.41786,,160.333,,230.467
1355,3.42118,,160.167,,230.433
1356,3.42449,,160,,230.4
1357,3.42873,,160.25,,230.25
1358,3.43297,,160.5,,230.1
1359,3.4372,,160.75,,229.95
1360,3.44144,,161,,229.8
1361,3.44579,,161.5,,229.6
1362,3.45013,,162,,229.4
1363,3.45396,,162,,228.9
1364,3.4578,,162,,228.4
1365,3.46179,,163,,228
1366,3.4664,,163,,227.85
1367,3.47101,,163,,227.7
1368,3.47563,,163,,227.55
1369,3.48024,,163,,227.4
1370,3.48483,,163,,227.25
1371,3.48942,,163,,227.1
1372,3.494,,163,,226.95
1373,3.49859,,163,,226.8
1374,3.50336,,163.25,,226.5
1375,3.50812,,163.5,,226.2
1376,3.51289,,163.75,,225.9
1377,3.51766,,164,,225.6
1378,3.52277,,164.5,,225
1379,3.52788,,165,,224.4
1380,3.53262,,165.333,,223.933
1381,3.53736,,165.667,,223.467
1382,3.5421,,166,,223
1383,3.54648,,166,,222.3
1384,3.55086,,166,,221.6
1385,3.55508,,166,,221.333
1386,3.5593,,166,,221.067
1387,3.56352,,166,,220.8
1388,3.56784,,166,,220.4
1389,3.57169,,166.333,,220
1390,3.57555,,166.667,,219.6
1391,3.5794,,167,,219.2
1392,3.58261,,167,,218.867
1393,3.58581,,167,,218.533
1394,3.58902,,167,,218.2
1395,3.59258,,166.667,,218
1396,3.59613,,166.333,,217.8
1397,3.59969,,166,,217.6
1398,3.60379,,166,,217.1
1399,3.60788,,166,,216.6
1400,3.61116,,165.667,,216.333
1401,3.61444,,165.333,,216.067
1402,3.61772,,165,,215.8
1403,3.62063,,164.5,,215.5
1404,3.62354,,164,,215.2
1405,3.6271,,163.333,,214.867
1406,3.63065,,162.667,,214.533
1407,3.63421,,162,,214.2
1408,3.63801,,162,,214.2
1409,3.6407,,162,,214.08
1410,3.64339,,162,,213.96
1411,3.64609,,162,,213.84
1412,3.64878,,162,,213.72
1413,3.65147,,162,,213.6
1414,3.65462,,161,,213.2
1415,3.6579,,161,,212.6
1416,3.66069,,161,,212.2
1417,3.66454,,161,,211.933
1418,3.66839,,161,,211.667
1419,3.67224,,161,,211.4
1420,3.67659,,160,,210.8
1421,3.68242,,161,,210.4
1422,3.68703,,161,,210
1423,3.69165,,161,,209.6
1424,3.69626,,161,,209.2
1425,3.70204,,161,,208.8
1426,3.70726,,162,,208.2
1427,3.71373,,163,,207.5
1428,3.7202,,164,,206.8
1429,3.72658,,164.5,,206.4
1430,3.73295,,165,,206
1431,3.73793,,166,,205.4
1432,3.74146,,166,,205
1433,3.74498,,166,,204.6
1434,3.74795,,167,,204
1435,3.75061,,167,,203.4
1436,3.75326,,167,,202.8
1437,3.75589,,167,,202.8
1438,3.75853,,167,,202.8
1439,3.76116,,167,,202.8
1440,3.76422,,166.714,,202.914
1441,3.76727,,166.429,,203.029
1442,3.77033,,166.143,,203.143
1443,3.77338,,165.857,,203.257
1444,3.77644,,165.571,,203.371
1445,3.77949,,165.286,,203.486
1446,3.78255,,165,,203.6
1447,3.78553,,164.667,,203.533
1448,3.78851,,164.333,,203.467
1449,3.79149,,164,,203.4
1450,3.79448,,163.667,,203.333
1451,3.79746,,163.333,,203.267
1452,3.80044,,163,,203.2
1453,3.80383,,162.8,,203.16
1454,3.80722,,162.6,,203.12
1455,3.81061,,162.4,,203.08
1456,3.814,,162.2,,203.04
1457,3.81739,,162,,203
1458,3.82133,,161.833,,202.833
1459,3.82527,,161.667,,202.667
1460,3.82921,,161.5,,202.5
1461,3.83316,,161.333,,202.333
1462,3.8371,,161.167,,202.167
1463,3.84104,,161,,202
1464,3.8445,,160,,202
1465,3.84788,,160,,202.067
1466,3.85126,,160,,202.133
1467,3.85464,,160,,202.2
1468,3.85801,,160,,202.267
1469,3.86139,,160,,202.333
1470,3.86477,,160,,202.4
1471,3.86837,,159,,201.8
1472,3.87149,,159.5,,201.2
1473,3.87462,,160,,200.6
1474,3.87709,,160,,200.133
1475,3.87955,,160,,199.667
1476,3.88202,,160,,199.2
1477,3.88494,,160,,198.867
1478,3.88787,,160,,198.533
1479,3.89079,,160,,198.2
1480,3.89356,,160,,197.7
1481,3.89634,,160,,197.2
1482,3.89852,,160,,196.8
1483,3.90116,,159.75,,196.55
1484,3.90379,,159.5,,196.3
1485,3.90642,,159.25,,196.05
1486,3.90906,,159,,195.8
1487,3.91191,,159,,195.6
1488,3.91461,,158.5,,195.35
1489,3.9173,,158,,195.1
1490,3.92,,157.5,,194.85
1491,3.92269,,157,,194.6
1492,3.9265,,157,,194.3
1493,3.93031,,157,,194
1494,3.93411,,157,,193.7
1495,3.93792,,157,,193.4
1496,3.94189,,156.5,,192.7
1497,3.94587,,156,,192
1498,3.94913,,155.667,,191.6
1499,3.9524,,155.333,,191.2
1500,3.95566,,155,,190.8
1501,3.96036,,155.5,,190.6
1502,3.96506,,156,,190.4
1503,3.96917,,156,,190.2
1504,3.97321,,157,,189.8
1505,3.97762,,157,,189.8
1506,3.98114,,157.333,,189.467
1507,3.98465,,157.667,,189.133
1508,3.98817,,158,,188.8
1509,3.9905,,159,,188
1510,3.99297,,158,,187.2
1511,3.99472,,158,,186.867
1512,3.99647,,158,,186.533
1513,3.99822,,158,,186.2
1514,4.00004,,157,,186
1515,4.00252,,157,,185.8
1516,4.00569,,156.667,,185.667
1517,4.00886,,156.333,,185.533
1518,4.01203,,156,,185.4
1519,4.01433,,155.667,,185.333
1520,4.01663,,155.333,,185.267
1521,4.01893,,155,,185.2
1522,4.02183,,155,,185.2
1523,4.02443,,155,,185
1524,4.02683,,154.8,,185.04
1525,4.02924,,154.6,,185.08
1526,4.03164,,154.4,,185.12
1527,4.03405,,154.2,,185.16
1528,4.03645,,154,,185.2
1529,4.03925,,154,,185.08
1530,4.04206,,154,,184.96
1531,4.04486,,154,,184.84
1532,4.04767,,154,,184.72
1533,4.05047,,154,,184.6
1534,4.05399,,154,,184.4
1535,4.0575,,154,,184.2
1536,4.06102,,154,,184
1537,4.06427,,154.5,,184
1538,4.06751,,155,,184
1539,4.07114,,155.2,,183.84
1540,4.07477,,155.4,,183.68
1541,4.07839,,155.6,,183.52
1542,4.08202,,155.8,,183.36
1543,4.08565,,156,,183.2
1544,4.08921,,156,,183
1545,4.09198,,156,,182.95
1546,4.09475,,156,,182.9
1547,4.09751,,156,,182.85
1548,4.10028,,156,,182.8
1549,4.10345,,156.25,,182.7
1550,4.10662,,156.5,,182.6
1551,4.10979,,156.75,,182.5
1552,4.11296,,157,,182.4
1553,4.11898,,157.5,,182
1554,4.12501,,158,,181.6
1555,4.13057,,158,,181.3
1556,4.13613,,158,,181
1557,4.14084,,158,,180.6
1558,4.14532,,158.667,,180.2
1559,4.14979,,159.333,,179.8
1560,4.15427,,160,,179.4
1561,4.15844,,160,,178.8
1562,4.162,,160,,178.5
1563,4.16556,,160,,178.2
1564,4.16867,,160.333,,177.867
1565,4.17178,,160.667,,177.533
1566,4.17489,,161,,177.2
1567,4.1788,,161,,177.2
1568,4.18231,,161,,176.95
1569,4.18581,,161,,176.7
1570,4.18932,,161,,176.45
1571,4.19282,,161,,176.2
1572,4.19561,,160,,176
1573,4.19954,,159.667,,175.867
1574,4.20348,,159.333,,175.733
1575,4.20741,,159,,175.6
1576,4.21136,,159,,175
1577,4.21531,,159,,174.4
1578,4.21954,,158.5,,173.8
1579,4.22376,,158,,173.2
1580,4.22868,,159,,172.8
1581,4.2323,,159,,172.2
1582,4.23591,,159,,171.6
1583,4.23892,,158.667,,171.333
1584,4.24194,,158.333,,171.067
1585,4.24495,,158,,170.8
1586,4.24744,,158,,170.7
1587,4.24994,,158,,170.6
1588,4.25241,,157.667,,170.533
1589,4.25487,,157.333,,170.467
1590,4.25734,,157,,170.4
1591,4.25999,,156.8,,170.28
1592,4.26264,,156.6,,170.16
1593,4.2653,,156.4,,170.04
1594,4.26795,,156.2,,169.92
1595,4.2706,,156,,169.8
1596,4.27438,,156,,169.6
1597,4.27815,,156,,169.4
1598,4.28209,,156,,169
1599,4.28603,,156,,168.6
1600,4.2896,,156,,168.2
1601,4.2925,,155.75,,168.1
1602,4.29539,,155.5,,168
1603,4.29829,,155.25,,167.9
1604,4.30119,,155,,167.8
1605,4.30524,,154.6,,167.68
1606,4.30929,,154.2,,167.56
1607,4.31334,,153.8,,167.44
1608,4.31739,,153.4,,167.32
1609,4.32144,,153,,167.2
1610,4.32618,,153,,167
1611,4.33014,,153,,166.8
1612,4.33409,,153,,166.6
1613,4.33805,,153,,166.4
1614,4.342,,153,,166.2
1615,4.34596,,153,,166
1616,4.34971,,152,,165.8
1617,4.35359,,152.333,,165.6
1618,4.35748,,152.667,,165.4
1619,4.36136,,153,,165.2
1620,4.365,,153.25,,165.05
1621,4.36864,,153.5,,164.9
1622,4.37227,,153.75,,164.75
1623,4.37591,,154,,164.6
1624,4.38004,,154,,164
1625,4.38398,,154,,163.4
1626,4.38813,,154.333,,162.933
1627,4.39228,,154.667,,162.467
1628,4.39643,,155,,162
1629,4.40116,,155.5,,161.5
1630,4.40589,,156,,161
1631,4.41155,,156,,160.8
1632,4.41561,,156.25,,160.55
1633,4.41967,,156.5,,160.3
1634,4.42372,,156.75,,160.05
1635,4.42778,,157,,159.8
1636,4.432,,157.333,,159.4
1637,4.43623,,157.667,,159
1638,4.44045,,158,,158.6
1639,4.4435,,158,,158.2
1640,4.44655,,158,,157.8
1641,4.44733,,159,,157.4
1642,4.44827,,159,,157.2
1643,4.45024,,159,,156.8
1644,4.45241,,159,,156.4
1645,4.45487,,159,,156
1646,4.45712,,158.5,,155.8
1647,4.45936,,158,,155.6
1648,4.46125,,158,,156
1649,4.46314,,158,,156.4
1650,4.46314,,157.4,,156.36
1651,4.46314,,156.8,,156.32
1652,4.46314,,156.2,,156.28
1653,4.46314,,155.6,,156.24
1654,4.46314,,155,,156.2
1655,4.46366,,154.5,,156.3
1656,4.46419,,154,,156.4
1657,4.46609,,154,,156.45
1658,4.46798,,154,,156.5
1659,4.46988,,154,,156.55
1660,4.47178,,154,,156.6
1661,4.47329,,154,,156.8
1662,4.4757,,154,,157.1
1663,4.47811,,154,,157.4
1664,4.48012,,154.333,,157.6
1665,4.48214,,154.667,,157.8
1666,4.48415,,155,,158
1667,4.48648,,156,,158.1
1668,4.4888,,157,,158.2
1669,4.4903,,157.5,,158.5
1670,4.49179,,158,,158.8
1671,4.49357,,159,,159.4
1672,4.49534,,160,,160
1673,4.49735,,160,,160.8
1674,4.49913,,161,,161
1675,4.50127,,162,,161.6
1676,4.50364,,162.5,,161.9
1677,4.50601,,163,,162.2
1678,4.50847,,163.75,,162.5
1679,4.51093,,164.5,,162.8
1680,4.51338,,165.25,,163.1
1681,4.51584,,166,,163.4
1682,4.51896,,167,,164
1683,4.5219,,167,,164.4
1684,4.52458,,167.5,,164.7
1685,4.52726,,168,,165
1686,4.53172,,168,,165.4
1687,4.53458,,168.333,,165.867
1688,4.53743,,168.667,,166.333
1689,4.54029,,169,,166.8
1690,4.54387,,169.5,,167.1
1691,4.54745,,170,,167.4
1692,4.55025,,170,,167.533
1693,4.55306,,170,,167.667
1694,4.55586,,170,,167.8
1695,4.55901,,170,,167.9
1696,4.56217,,170,,168
1697,4.56533,,170,,168
1698,4.5685,,170,,168
1699,4.57201,,170,,168.133
1700,4.57551,,170,,168.267
1701,4.57902,,170,,168.4
1702,4.58213,,170,,168.7
1703,4.58524,,170,,169
1704,4.58841,,170,,169.6
1705,4.59158,,170,,170.2
1706,4.59553,,170,,170.5
1707,4.59948,,170,,170.8
1708,4.60296,,170,,171.133
1709,4.60643,,170,,171.467
1710,4.60991,,170,,171.8
1711,4.61269,,170,,172
1712,4.61547,,170,,172.2
1713,4.61817,,170,,172.6
1714,4.62087,,170,,173
1715,4.62376,,170.333,,173.4
1716,4.62665,,170.667,,173.8
1717,4.62954,,171,,174.2
1718,4.63286,,171,,174.4
1719,4.63605,,171.167,,174.6
1720,4.63924,,171.333,,174.8
1721,4.64243,,171.5,,175
1722,4.64561,,171.667,,175.2
1723,4.6488,,171.833,,175.4
1724,4.65199,,172,,175.6
1725,4.6555,,172,,176.067
1726,4.65901,,172,,176.533
1727,4.66252,,172,,177
1728,4.66609,,172,,177.4
1729,4.66966,,172,,177.8
1730,4.67307,,172,,178.6
1731,4.67688,,172,,178.933
1732,4.68068,,172,,179.267
1733,4.68449,,172,,179.6
1734,4.68868,,173,,179.6
1735,4.69185,,173,,179.92
1736,4.69501,,173,,180.24
1737,4.69818,,173,,180.56
1738,4.70134,,173,,180.88
1739,4.70451,,173,,181.2
1740,4.70754,,173,,181.6
1741,4.71103,,173,,181.8
1742,4.71453,,173,,182
1743,4.71802,,173,,182.2
1744,4.7214,,173,,182.2
1745,4.72478,,173,,182.2
1746,4.72732,,173.333,,182.6
1747,4.72986,,173.667,,183
1748,4.7324,,174,,183.4
1749,4.73496,,173.5,,183.6
1750,4.73752,,173,,183.8
1751,4.74038,,173.333,,184
1752,4.74323,,173.667,,184.2
1753,4.74609,,174,,184.4
1754,4.74854,,174,,185.1
1755,4.75098,,174,,185.8
1756,4.75359,,174,,185.88
1757,4.7562,,174,,185.96
1758,4.7588,,174,,186.04
1759,4.76141,,174,,186.12
1760,4.76402,,174,,186.2
1761,4.76695,,174.5,,186.6
1762,4.76988,,175,,187
1763,4.77271,,175,,187.5
1764,4.77554,,175,,188
1765,4.77764,,176,,188.4
1766,4.78016,,176,,188.55
1767,4.78268,,176,,188.7
1768,4.78521,,176,,188.85
1769,4.78773,,176,,189
1770,4.79109,,176,,189.2
1771,4.79445,,176,,189.4
1772,4.79715,,176,,189.9
1773,4.79984,,176,,190.4
1774,4.802,,176,,191.2
1775,4.80451,,176,,192
1776,4.8074,,176,,192.4
1777,4.8103,,176,,192.8
1778,4.81319,,176,,193.2
1779,4.81592,,176,,193.133
1780,4.81864,,176,,193.067
1781,4.82137,,176,,193
1782,4.82388,,176,,192.933
1783,4.82638,,176,,192.867
1784,4.82889,,176,,192.8
1785,4.83177,,176,,193
1786,4.83466,,176,,193.2
1787,4.83754,,176,,193.4
1788,4.84024,,175.75,,193.6
1789,4.84294,,175.5,,193.8
1790,4.84565,,175.25,,194
1791,4.84835,,175,,194.2
1792,4.85117,,175,,194.8
1793,4.85301,,175,,195.067
1794,4.85484,,175,,195.333
1795,4.85668,,175,,195.6
1796,4.8588,,176,,196
1797,4.8607,,176,,196.267
1798,4.8626,,176,,196.533
1799,4.8645,,176,,196.8
1800,4.86683,,176,,197
1801,4.86893,,175.5,,197.1
1802,4.87104,,175,,197.2
1803,4.87302,,175,,197.6
1804,4.87501,,175,,198
1805,4.87737,,175,,198.5
1806,4.87972,,175,,199
1807,4.88179,,175,,199.4
1808,4.88381,,175,,199.8
1809,4.88582,,175,,200.2
1810,4.88861,,175,,200.8
1811,4.89139,,175,,201.4
1812,4.89399,,175,,201.8
1813,4.89659,,175,,202.2
1814,4.89974,,175,,202.4
1815,4.9025,,174.8,,202.36
1816,4.90525,,174.6,,202.32
1817,4.90801,,174.4,,202.28
1818,4.91076,,174.2,,202.24
1819,4.91352,,174,,202.2
1820,4.91664,,174,,202.433
1821,4.91977,,174,,202.667
1822,4.92289,,174,,202.9
1823,4.92602,,174,,203.133
1824,4.92914,,174,,203.367
1825,4.93227,,174,,203.6
1826,4.93507,,174,,203.8
1827,4.93727,,173.8,,203.92
1828,4.93947,,173.6,,204.04
1829,4.94166,,173.4,,204.16
1830,4.94386,,173.2,,204.28
1831,4.94606,,173,,204.4
1832,4.94803,,173,,204.4
1833,4.95015,,173,,204.5
1834,4.95226,,173,,204.6
1835,4.95519,,173,,204.75
1836,4.95811,,173,,204.9
1837,4.96103,,173,,205.05
1838,4.96396,,173,,205.2
1839,4.96714,,173,,205.4
1840,4.97033,,173,,205.6
1841,4.97316,,173,,205.8
1842,4.976,,173,,206
1843,4.97883,,173,,206.2
1844,4.98093,,172,,206.4
1845,4.983,,172,,206.7
1846,4.98508,,172,,207
1847,4.98777,,172.5,,207.3
1848,4.99046,,173,,207.6
1849,4.99299,,172.5,,207.9
1850,4.99552,,172,,208.2
1851,4.99747,,172,,208.333
1852,4.99943,,172,,208.467
1853,5.00138,,172,,208.6
1854,5.00346,,172.25,,208.8
1855,5.00554,,172.5,,209
1856,5.00761,,172.75,,209.2
1857,5.00969,,173,,209.4
1858,5.01214,,172.667,,209.8
1859,5.01459,,172.333,,210.2
1860,5.01704,,172,,210.6
1861,5.01969,,172.5,,211.2
1862,5.02234,,173,,211.8
1863,5.02418,,173,,212.067
1864,5.02603,,173,,212.333
1865,5.02787,,173,,212.6
1866,5.02995,,173,,212.8
1867,5.03237,,173,,213.1
1868,5.03479,,173,,213.4
1869,5.0372,,173,,213.7
1870,5.03962,,173,,214
1871,5.042,,173,,214.6
1872,5.04454,,173,,214.733
1873,5.04708,,173,,214.867
1874,5.04962,,173,,215
1875,5.05172,,173.333,,215.267
1876,5.05383,,173.667,,215.533
1877,5.05593,,174,,215.8
1878,5.05779,,174,,216.4
1879,5.05984,,174.5,,217.1
1880,5.06189,,175,,217.8
1881,5.06383,,175,,218.2
1882,5.06576,,175,,218.6
1883,5.06706,,175,,219
1884,5.0691,,175.333,,219.333
1885,5.07113,,175.667,,219.667
1886,5.07317,,176,,220
1887,5.07547,,176,,220.6
1888,5.07815,,176,,221.6
1889,5.08065,,176,,222.2
1890,5.08315,,176,,222.8
1891,5.0852,,176.5,,223.2
1892,5.08724,,177,,223.6
1893,5.08907,,177,,224
1894,5.09066,,177,,224.3
1895,5.09225,,177,,224.6
1896,5.09225,,176.75,,224.6
1897,5.09225,,176.5,,224.6
1898,5.09225,,176.25,,224.6
1899,5.09225,,176,,224.6
1900,5.09249,,175,,224.4
1901,5.09277,,175,,224.6
1902,5.09379,,174.4,,224.68
1903,5.0948,,173.8,,224.76
1904,5.09582,,173.2,,224.84
1905,5.09683,,172.6,,224.92
1906,5.09785,,172,,225
1907,5.09861,,172,,225.2
1908,5.09971,,172,,225.4
1909,5.10052,,171.5,,225.65
1910,5.10134,,171,,225.9
1911,5.10215,,170.5,,226.15
1912,5.10297,,170,,226.4
1913,5.10396,,170,,226.4
1914,5.10472,,169.8,,226.64
1915,5.10547,,169.6,,226.88
1916,5.10623,,169.4,,227.12
1917,5.10698,,169.2,,227.36
1918,5.10774,,169,,227.6
1919,5.10893,,169,,227.6
1920,5.11029,,168.5,,227.9
1921,5.11164,,168,,228.2
1922,5.11248,,168,,228.3
1923,5.11332,,168,,228.4
1924,5.11433,,167.75,,228.4
1925,5.11535,,167.5,,228.4
1926,5.11636,,167.25,,228.4
1927,5.11737,,167,,228.4
1928,5.11856,,166.333,,228.4
1929,5.11974,,165.667,,228.4
1930,5.12093,,165,,228.4
1931,5.12211,,165,,228.6
1932,5.12392,,164.5,,228.7
1933,5.12573,,164,,228.8
1934,5.12753,,163.5,,228.9
1935,5.12934,,163,,229
1936,5.13109,,162.714,,229.029
1937,5.13283,,162.429,,229.057
1938,5.13458,,162.143,,229.086
1939,5.13633,,161.857,,229.114
1940,5.13808,,161.571,,229.143
1941,5.13982,,161.286,,229.171
1942,5.14157,,161,,229.2
1943,5.14288,,160.6,,229.28
1944,5.14419,,160.2,,229.36
1945,5.14551,,159.8,,229.44
1946,5.14682,,159.4,,229.52
1947,5.14813,,159,,229.6
1948,5.14944,,158.5,,229.8
1949,5.15074,,158,,230
1950,5.15218,,157.5,,230.067
1951,5.15362,,157,,230.133
1952,5.15507,,156.5,,230.2
1953,5.15651,,156,,230.267
1954,5.15795,,155.5,,230.333
1955,5.15939,,155,,230.4
1956,5.16063,,155,,230.4
1957,5.16253,,154,,230.4
1958,5.16401,,154,,230.6
1959,5.16549,,154,,230.8
1960,5.1667,,153.6,,230.88
1961,5.16791,,153.2,,230.96
1962,5.16912,,152.8,,231.04
1963,5.17033,,152.4,,231.12
1964,5.17154,,152,,231.2
1965,5.17283,,151.6,,231.36
1966,5.17412,,151.2,,231.52
1967,5.1754,,150.8,,231.68
1968,5.17669,,150.4,,231.84
1969,5.17798,,150,,232
1970,5.17964,,150,,232
1971,5.18109,,149.5,,232.1
1972,5.18254,,149,,232.2
1973,5.18414,,149,,232.35
1974,5.18575,,149,,232.5
1975,5.18735,,149,,232.65
1976,5.18896,,149,,232.8
1977,5.19035,,149,,232.9
1978,5.19175,,149,,233
1979,5.19307,,148.5,,233.1
1980,5.19439,,148,,233.2
1981,5.19558,,147.5,,233.3
1982,5.19678,,147,,233.4
1983,5.19797,,146.5,,233.5
1984,5.19917,,146,,233.6
1985,5.20047,,145.667,,233.733
1986,5.20178,,145.333,,233.867
1987,5.20308,,145,,234
1988,5.20465,,145,,234.2
1989,5.20602,,145,,234.467
1990,5.2074,,145,,234.733
1991,5.20877,,145,,235
1992,5.21001,,145,,235.2
1993,5.21125,,145,,235.4
1994,5.21244,,145,,235.55
1995,5.21364,,145,,235.7
1996,5.21484,,145,,235.85
1997,5.21603,,145,,236
1998,5.21747,,145,,236.2
1999,5.21892,,145,,236.4
2000,5.22036,,145,,236.6
2001,5.22136,,144.8,,236.72
2002,5.22235,,144.6,,236.84
2003,5.22335,,144.4,,236.96
2004,5.22434,,144.2,,237.08
2005,5.22534,,144,,237.2
2006,5.22647,,144,,237.6
2007,5.22764,,144,,237.733
2008,5.22881,,144,,237.867
2009,5.22998,,144,,238
2010,5.23116,,144,,238.133
2011,5.23233,,144,,238.267
2012,5.2335,,144,,238.4
2013,5.23502,,144,,238.4
2014,5.2364,,143.5,,238.5
2015,5.23778,,143,,238.6
2016,5.23901,,143,,238.85
2017,5.24023,,143,,239.1
2018,5.24146,,143,,239.35
2019,5.24269,,143,,239.6
2020,5.24368,,143,,239.8
2021,5.24485,,143,,239.933
2022,5.24602,,143,,240.067
2023,5.24719,,143,,240.2
2024,5.24836,,143,,240.333
2025,5.24953,,143,,240.467
2026,5.2507,,143,,240.6
2027,5.25167,,143,,240.7
2028,5.25264,,143,,240.8
2029,5.25384,,142.75,,241
2030,5.25504,,142.5,,241.2
2031,5.25624,,142.25,,241.4
2032,5.25744,,142,,241.6
2033,5.25874,,142,,241.8
2034,5.25999,,142,,242
2035,5.26138,,142.25,,242.3
2036,5.26277,,142.5,,242.6
2037,5.26416,,142.75,,242.9
2038,5.26555,,143,,243.2
2039,5.26688,,143.333,,243.267
2040,5.26822,,143.667,,243.333
2041,5.26955,,144,,243.4
2042,5.27129,,143.75,,243.65
2043,5.27302,,143.5,,243.9
2044,5.27476,,143.25,,244.15
2045,5.2765,,143,,244.4
2046,5.27805,,143,,244.6
2047,5.27858,,143,,244.7
2048,5.27911,,143,,244.8
2049,5.27975,,143,,245
2050,5.281,,143,,245.2
2051,5.28226,,143,,245.4
2052,5.28347,,143,,245.4
2053,5.28489,,143,,245.4
2054,5.28624,,142.75,,245.55
2055,5.28759,,142.5,,245.7
2056,5.28894,,142.25,,245.85
2057,5.29029,,142,,246
2058,5.29135,,142,,246.2
2059,5.2924,,142,,246.4
2060,5.29359,,141.8,,246.6
2061,5.29478,,141.6,,246.8
2062,5.29597,,141.4,,247
2063,5.29716,,141.2,,247.2
2064,5.29835,,141,,247.4
2065,5.29995,,140.5,,247.5
2066,5.30155,,140,,247.6
2067,5.3035,,140.167,,247.767
2068,5.30544,,140.333,,247.933
2069,5.30739,,140.5,,248.1
2070,5.30933,,140.667,,248.267
2071,5.31128,,140.833,,248.433
2072,5.31322,,141,,248.6
2073,5.31452,,140.857,,248.743
2074,5.31582,,140.714,,248.886
2075,5.31712,,140.571,,249.029
2076,5.31841,,140.429,,249.171
2077,5.31971,,140.286,,249.314
2078,5.32101,,140.143,,249.457
2079,5.32231,,140,,249.6
2080,5.32369,,139.833,,249.667
2081,5.32508,,139.667,,249.733
2082,5.32646,,139.5,,249.8
2083,5.32785,,139.333,,249.867
2084,5.32923,,139.167,,249.933
2085,5.33062,,139,,250
2086,5.33111,,139,,250.2
2087,5.33203,,139,,250.4
2088,5.33295,,139,,250.6
2089,5.33416,,139,,250.8
2090,5.33549,,139,,251
2091,5.33681,,139,,251.2
2092,5.33814,,139,,251.4
2093,5.33925,,139.333,,251.533
2094,5.34036,,139.667,,251.667
2095,5.34147,,140,,251.8
2096,5.34238,,140,,252.133
2097,5.34328,,140,,252.467
2098,5.34419,,140,,252.8
2099,5.34566,,140,,253
2100,5.34705,,140.2,,253.16
2101,5.34844,,140.4,,253.32
2102,5.34983,,140.6,,253.48
2103,5.35122,,140.8,,253.64
2104,5.35261,,141,,253.8
2105,5.35434,,141,,253.9
2106,5.35606,,141,,254
2107,5.357,,141,,254.15
2108,5.35794,,141,,254.3
2109,5.35888,,141,,254.45
2110,5.35982,,141,,254.6
2111,5.36074,,141,,254.8
2112,5.36193,,141,,255
2113,5.36311,,141,,255.2
2114,5.36434,,141.25,,255.4
2115,5.36557,,141.5,,255.6
2116,5.3668,,141.75,,255.8
2117,5.36803,,142,,256
2118,5.36938,,142,,256.067
2119,5.37073,,142,,256.133
2120,5.37208,,142,,256.2
2121,5.37333,,142.2,,256.4
2122,5.37458,,142.4,,256.6
2123,5.37582,,142.6,,256.8
2124,5.37707,,142.8,,257
2125,5.37832,,143,,257.2
2126,5.37914,,143,,257.4
2127,5.38046,,143,,257.7
2128,5.38179,,143,,258
2129,5.38311,,143,,258.3
2130,5.38443,,143,,258.6
2131,5.38581,,142.5,,258.8
2132,5.38718,,142,,259
2133,5.38814,,142,,259.067
2134,5.38911,,142,,259.133
2135,5.39007,,142,,259.2
2136,5.39108,,141.5,,259.3
2137,5.39208,,141,,259.4
2138,5.39288,,141,,259.6
2139,5.39398,,141.25,,259.8
2140,5.39508,,141.5,,260
2141,5.39617,,141.75,,260.2
2142,5.39727,,142,,260.4
2143,5.39878,,142,,260.8
2144,5.40089,,143,,261.133
2145,5.40301,,144,,261.467
2146,5.40512,,145,,261.8
2147,5.4069,,146,,262
2148,5.40914,,147,,262.4
2149,5.41117,,148,,262.6
2150,5.4132,,149,,262.8
2151,5.41641,,149.5,,263
2152,5.41962,,150,,263.2
2153,5.4228,,151,,263.4
2154,5.42595,,154,,263.6
2155,5.42889,,154,,263.9
2156,5.43183,,154,,264.2
2157,5.43438,,154.5,,264.45
2158,5.43694,,155,,264.7
2159,5.4395,,155.5,,264.95
2160,5.44205,,156,,265.2
2161,5.44372,,157,,265.6
2162,5.44619,,157,,266.4
2163,5.44893,,158,,267.4
2164,5.45191,,158.5,,268.2
2165,5.45488,,159,,269
2166,5.45728,,159,,269.6
2167,5.46025,,159,,270
2168,5.46287,,159.25,,269.95
2169,5.4655,,159.5,,269.9
2170,5.46812,,159.75,,269.85
2171,5.47075,,160,,269.8
2172,5.47321,,160.333,,269.933
2173,5.47567,,160.667,,270.067
2174,5.47813,,161,,270.2
2175,5.48059,,161.333,,270.333
2176,5.48305,,161.667,,270.467
2177,5.48551,,162,,270.6
2178,5.48814,,162.333,,270.933
2179,5.49077,,162.667,,271.267
2180,5.4934,,163,,271.6
2181,5.49667,,163,,272.3
2182,5.49993,,163,,273
2183,5.50303,,163.5,,273.6
2184,5.50613,,164,,274.2
2185,5.50912,,164,,274.467
2186,5.5121,,164,,274.733
2187,5.51509,,164,,275
2188,5.51755,,164,,275.2
2189,5.52001,,164,,275.4
2190,5.52293,,164.333,,275.733
2191,5.52585,,164.667,,276.067
2192,5.52877,,165,,276.4
2193,5.5312,,165,,276.6
2194,5.53323,,165,,276.8
2195,5.53591,,165.25,,276.95
2196,5.53858,,165.5,,277.1
2197,5.54126,,165.75,,277.25
2198,5.54394,,166,,277.4
2199,5.5465,,166,,277.6
2200,5.54862,,166,,277.75
2201,5.55074,,166,,277.9
2202,5.55286,,166,,278.05
2203,5.55498,,166,,278.2
2204,5.5574,,166.333,,278.333
2205,5.55983,,166.667,,278.467
2206,5.56225,,167,,278.6
2207,5.5651,,167,,278.867
2208,5.56796,,167,,279.133
2209,5.57081,,167,,279.4
2210,5.57446,,167,,279.6
2211,5.57694,,167,,280
2212,5.57967,,167.333,,280.2
2213,5.58241,,167.667,,280.4
2214,5.58514,,168,,280.6
2215,5.58819,,168,,280.85
2216,5.59123,,168,,281.1
2217,5.59428,,168,,281.35
2218,5.59732,,168,,281.6
2219,5.5996,,169,,282
2220,5.60225,,169,,282.267
2221,5.60491,,169,,282.533
2222,5.60756,,169,,282.8
2223,5.61064,,169,,283.2
2224,5.61258,,169,,283.2
2225,5.61441,,169.5,,283.5
2226,5.61624,,170,,283.8
2227,5.61858,,170,,284.8
2228,5.62043,,170,,285.4
2229,5.62229,,170,,286
2230,5.62339,,170,,286.4
2231,5.62509,,170,,286.667
2232,5.62679,,170,,286.933
2233,5.62849,,170,,287.2
2234,5.63181,,170,,287.2
2235,5.63376,,170,,287.4
2236,5.63571,,170,,287.6
2237,5.63766,,170,,287.8
2238,5.63961,,170,,288
2239,5.64156,,170,,288.2
2240,5.64343,,170,,288.4
2241,5.64487,,170.333,,288.8
2242,5.64632,,170.667,,289.2
2243,5.64776,,171,,289.6
2244,5.64928,,171,,290.2
2245,5.65068,,171,,290.6
2246,5.65208,,171,,291
2247,5.65393,,171,,291.2
2248,5.65579,,171,,291.4
2249,5.65764,,171,,291.6
2250,5.65949,,171,,291.8
2251,5.66206,,171,,292
2252,5.66462,,171,,292.2
2253,5.66645,,171,,292.5
2254,5.66829,,171,,292.8
2255,5.67048,,171,,293.1
2256,5.67268,,171,,293.4
2257,5.67456,,171,,293.8
2258,5.67648,,171,,294.3
2259,5.67841,,171,,294.8
2260,5.68088,,171.333,,295
2261,5.68336,,171.667,,295.2
2262,5.68583,,172,,295.4
2263,5.68739,,172,,295.8
2264,5.68952,,172,,296.2
2265,5.69164,,172,,296.6
2266,5.69377,,172,,297
2267,5.69492,,172.5,,297.6
2268,5.69607,,173,,298.2
2269,5.69797,,173,,298.333
2270,5.69988,,173,,298.467
2271,5.70178,,173,,298.6
2272,5.70364,,173,,298.533
2273,5.7055,,173,,298.467
2274,5.70737,,173,,298.4
2275,5.70923,,173,,298.333
2276,5.71109,,173,,298.267
2277,5.71295,,173,,298.2
2278,5.71489,,173,,298.7
2279,5.71682,,173,,299.2
2280,5.71953,,173,,299.8
2281,5.72224,,173,,300.4
2282,5.72488,,173,,300.7
2283,5.72752,,173,,301
2284,5.73002,,173,,301.133
2285,5.73251,,173,,301.267
2286,5.73501,,173,,301.4
2287,5.73749,,173.333,,301.533
2288,5.73996,,173.667,,301.667
2289,5.74244,,174,,301.8
2290,5.7449,,173.667,,302.133
2291,5.74736,,173.333,,302.467
2292,5.74982,,173,,302.8
2293,5.75238,,173,,303.267
2294,5.75494,,173,,303.733
2295,5.7575,,173,,304.2
2296,5.75973,,173,,304.5
2297,5.76196,,173,,304.8
2298,5.76419,,173,,305.1
2299,5.76642,,173,,305.4
2300,5.76816,,173,,305.6
2301,5.77068,,173.5,,305.85
2302,5.77319,,174,,306.1
2303,5.77571,,174.5,,306.35
2304,5.77823,,175,,306.6
2305,5.78055,,174,,307.6
2306,5.78297,,173,,308.2
2307,5.78509,,173,,309
2308,5.78667,,174,,309.4
2309,5.7885,,174,,309.5
2310,5.79034,,174,,309.6
2311,5.79265,,174,,309.6
2312,5.79496,,174,,309.6
2313,5.79727,,174,,309.6
2314,5.79958,,174,,309.6
2315,5.80189,,174,,309.6
2316,5.80394,,174,,309.767
2317,5.806,,174,,309.933
2318,5.80805,,174,,310.1
2319,5.8101,,174,,310.267
2320,5.81216,,174,,310.433
2321,5.81421,,174,,310.6
2322,5.81599,,174,,311
2323,5.81826,,174,,311.333
2324,5.82054,,174,,311.667
2325,5.82281,,174,,312
2326,5.82467,,174,,313
2327,5.82654,,174,,314
2328,5.8296,,174,,315
2329,5.83197,,174.5,,315.8
2330,5.83435,,175,,316.6
2331,5.83686,,175,,317.2
2332,5.8388,,175,,317.8
2333,5.84099,,175.2,,317.84
2334,5.84318,,175.4,,317.88
2335,5.84538,,175.6,,317.92
2336,5.84757,,175.8,,317.96
2337,5.84976,,176,,318
2338,5.85153,,176,,318
2339,5.85329,,176,,318
2340,5.85506,,176,,318
2341,5.85683,,176,,318
2342,5.85859,,176,,318
2343,5.86036,,176,,318
2344,5.86105,,176,,318.6
2345,5.86278,,176,,319.4
2346,5.86447,,176,,320
2347,5.86616,,176,,320.6
2348,5.86739,,176,,321.067
2349,5.86863,,176,,321.533
2350,5.86986,,176,,322
2351,5.87131,,176,,322.25
2352,5.87276,,176,,322.5
2353,5.87422,,176,,322.75
2354,5.87567,,176,,323
2355,5.8778,,176,,323.3
2356,5.87993,,176,,323.6
2357,5.88138,,176,,323.933
2358,5.88284,,176,,324.267
2359,5.88429,,176,,324.6
2360,5.88527,,176,,325.1
2361,5.88626,,176,,325.6
2362,5.88847,,176,,325.8
2363,5.89114,,176,,326.2
2364,5.89312,,176,,327
2365,5.89566,,176,,327.467
2366,5.89819,,176,,327.933
2367,5.90073,,176,,328.4
2368,5.90421,,176,,328.4
2369,5.90769,,176,,328.4
2370,5.91002,,175.667,,328.867
2371,5.91235,,175.333,,329.333
2372,5.91468,,175,,329.8
2373,5.91637,,175,,329.96
2374,5.91806,,175,,330.12
2375,5.91975,,175,,330.28
2376,5.92144,,175,,330.44
2377,5.92313,,175,,330.6
2378,5.92447,,174.5,,330.6
2379,5.9258,,174,,330.6
2380,5.92711,,173.571,,330.6
2381,5.92841,,173.143,,330.6
2382,5.92972,,172.714,,330.6
2383,5.93102,,172.286,,330.6
2384,5.93233,,171.857,,330.6
2385,5.93363,,171.429,,330.6
2386,5.93494,,171,,330.6
2387,5.93634,,171,,330.6
2388,5.93771,,170.6,,330.64
2389,5.93908,,170.2,,330.68
2390,5.94045,,169.8,,330.72
2391,5.94182,,169.4,,330.76
2392,5.94319,,169,,330.8
2393,5.94477,,168,,331.2
2394,5.94636,,167,,331.6
2395,5.94772,,166.571,,331.543
2396,5.94908,,166.143,,331.486
2397,5.95044,,165.714,,331.429
2398,5.9518,,165.286,,331.371
2399,5.95316,,164.857,,331.314
2400,5.95452,,164.429,,331.257
2401,5.95588,,164,,331.2
2402,5.95757,,163.8,,331.36
2403,5.95927,,163.6,,331.52
2404,5.96096,,163.4,,331.68
2405,5.96266,,163.2,,331.84
2406,5.96435,,163,,332
2407,5.96596,,163,,332.1
2408,5.96757,,163,,332.2
2409,5.96905,,163,,332.067
2410,5.97053,,163,,331.933
2411,5.97201,,163,,331.8
2412,5.9738,,163,,331.733
2413,5.97559,,163,,331.667
2414,5.97738,,163,,331.6
2415,5.97958,,162.833,,331.733
2416,5.98177,,162.667,,331.867
2417,5.98397,,162.5,,332
2418,5.98616,,162.333,,332.133
2419,5.98836,,162.167,,332.267
2420,5.99055,,162,,332.4
2421,5.9927,,162,,332.55
2422,5.99485,,162,,332.7
2423,5.997,,162,,332.85
2424,5.99915,,162,,333
2425,6.00112,,161.5,,333
2426,6.00308,,161,,333
2427,6.00593,,161,,333
2428,6.00879,,161,,333
2429,6.01164,,161,,333
2430,6.01449,,161,,333
2431,6.01735,,161,,333
2432,6.0202,,161,,333
2433,6.02306,,160.833,,333.1
2434,6.02592,,160.667,,333.2
2435,6.02877,,160.5,,333.3
2436,6.03163,,160.333,,333.4
2437,6.03449,,160.167,,333.5
2438,6.03735,,160,,333.6
2439,6.04011,,159.75,,333.75
2440,6.04288,,159.5,,333.9
2441,6.04564,,159.25,,334.05
2442,6.0484,,159,,334.2
2443,6.05091,,159,,334.4
2444,6.05341,,159,,334.6
2445,6.05596,,159,,334.567
2446,6.0585,,159,,334.533
2447,6.06105,,159,,334.5
2448,6.0636,,159,,334.467
2449,6.06614,,159,,334.433
2450,6.06869,,159,,334.4
2451,6.07111,,158.857,,334.429
2452,6.07354,,158.714,,334.457
2453,6.07596,,158.571,,334.486
2454,6.07839,,158.429,,334.514
2455,6.08081,,158.286,,334.543
2456,6.08324,,158.143,,334.571
2457,6.08566,,158,,334.6
2458,6.08819,,158,,334.76
2459,6.09072,,158,,334.92
2460,6.09324,,158,,335.08
2461,6.09577,,158,,335.24
2462,6.0983,,158,,335.4
2463,6.10091,,158,,335.5
2464,6.10351,,158,,335.6
2465,6.10609,,157.857,,335.714
2466,6.10867,,157.714,,335.829
2467,6.11125,,157.571,,335.943
2468,6.11384,,157.429,,336.057
2469,6.11642,,157.286,,336.171
2470,6.119,,157.143,,336.286
2471,6.12158,,157,,336.4
2472,6.12409,,157,,336.5
2473,6.12661,,157,,336.6
2474,6.12912,,157,,336.7
2475,6.13164,,157,,336.8
2476,6.13415,,157,,336.9
2477,6.13667,,157,,337
2478,6.13847,,157,,337.2
2479,6.14037,,156.5,,337.5
2480,6.14227,,156,,337.8
2481,6.14392,,155.667,,338.067
2482,6.14558,,155.333,,338.333
2483,6.14723,,155,,338.6
2484,6.14878,,155,,338.733
2485,6.15033,,155,,338.867
2486,6.15188,,155,,339
2487,6.15345,,154,,339
2488,6.15466,,153.667,,339.133
2489,6.15586,,153.333,,339.267
2490,6.15707,,153,,339.4
2491,6.1584,,153,,339.7
2492,6.15973,,153,,340
2493,6.16095,,152.8,,340.2
2494,6.16216,,152.6,,340.4
2495,6.16338,,152.4,,340.6
2496,6.16459,,152.2,,340.8
2497,6.16581,,152,,341
2498,6.16734,,152,,341
2499,6.16836,,152,,341.2
2500,6.16937,,152,,341.4
2501,6.17039,,152,,341.6
2502,6.17097,,151.5,,341.7
2503,6.17155,,151,,341.8
2504,6.17253,,151,,341.933
2505,6.17351,,151,,342.067
2506,6.17449,,151,,342.2
2507,6.17595,,150.75,,342.4
2508,6.17742,,150.5,,342.6
2509,6.17888,,150.25,,342.8
2510,6.18034,,150,,343
2511,6.18053,,150,,343.2
2512,6.18177,,149.75,,343.35
2513,6.18301,,149.5,,343.5
2514,6.18426,,149.25,,343.65
2515,6.1855,,149,,343.8
2516,6.18685,,148.333,,344.067
2517,6.18821,,147.667,,344.333
2518,6.18956,,147,,344.6
2519,6.19018,,147,,344.8
2520,6.19051,,147,,345
2521,6.19091,,147,,345.2
2522,6.1921,,147.333,,345.333
2523,6.1933,,147.667,,345.467
2524,6.19449,,148,,345.6
2525,6.19636,,147.5,,345.8
2526,6.19823,,147,,346
2527,6.19965,,147,,346.1
2528,6.20107,,147,,346.2
2529,6.20241,,147,,346.3
2530,6.20375,,147,,346.4
2531,6.20494,,147,,346.8
2532,6.20607,,147,,347
2533,6.2071,,147,,347.15
2534,6.20813,,147,,347.3
2535,6.20916,,147,,347.45
2536,6.21019,,147,,347.6
2537,6.21102,,146,,348
2538,6.21227,,146,,348.2
2539,6.21353,,146,,348.4
2540,6.21485,,145.8,,348.52
2541,6.21616,,145.6,,348.64
2542,6.21748,,145.4,,348.76
2543,6.21879,,145.2,,348.88
2544,6.22011,,145,,349
2545,6.22068,,145,,349.2
2546,6.22194,,144.8,,349.4
2547,6.22319,,144.6,,349.6
2548,6.22445,,144.4,,349.8
2549,6.2257,,144.2,,350
2550,6.22696,,144,,350.2
2551,6.2283,,143.5,,350.3
2552,6.22963,,143,,350.4
2553,6.23107,,143,,350.5
2554,6.23251,,143,,350.6
2555,6.23428,,143,,350.9
2556,6.23605,,143,,351.2
2557,6.2375,,143,,351.4
2558,6.23925,,143,,351.6
2559,6.24056,,142.833,,351.767
2560,6.24187,,142.667,,351.933
2561,6.24318,,142.5,,352.1
2562,6.2445,,142.333,,352.267
2563,6.24581,,142.167,,352.433
2564,6.24712,,142,,352.6
2565,6.24818,,142,,352.8
2566,6.24928,,141.833,,352.967
2567,6.25037,,141.667,,353.133
2568,6.25147,,141.5,,353.3
2569,6.25257,,141.333,,353.467
2570,6.25366,,141.167,,353.633
2571,6.25476,,141,,353.8
2572,6.25544,,141,,354.2
2573,6.25615,,141,,354.4
2574,6.25686,,141,,354.6
2575,6.2579,,141,,354.7
2576,6.25893,,141,,354.8
2577,6.26028,,141.5,,354.9
2578,6.26163,,142,,355
2579,6.26275,,142,,355.2
2580,6.26386,,142,,355.4
2581,6.26498,,142,,355.6
2582,6.26609,,142,,355.8
2583,6.26711,,142,,356.05
2584,6.26813,,142,,356.3
2585,6.26915,,142,,356.55
2586,6.27017,,142,,356.8
2587,6.27136,,142,,357
2588,6.27247,,141.75,,357.1
2589,6.27358,,141.5,,357.2
2590,6.27469,,141.25,,357.3
2591,6.2758,,141,,357.4
2592,6.27697,,141,,357.6
2593,6.27813,,141,,357.8
2594,6.27885,,141,,357.9
2595,6.27956,,141,,358
2596,6.28066,,140.75,,358.15
2597,6.28176,,140.5,,358.3
2598,6.28286,,140.25,,358.45
2599,6.28396,,140,,358.6
2600,6.28526,,140,,358.733
2601,6.28657,,140,,358.867
2602,6.28787,,140,,359
2603,6.28894,,140.25,,359.25
2604,6.29002,,140.5,,359.5
2605,6.29109,,140.75,,359.75
2606,6.29217,,141,,360
2607,6.29308,,142,,360
2608,6.29414,,142,,360.1
2609,6.2952,,142,,360.2
2610,6.29696,,142.25,,360.45
2611,6.29872,,142.5,,360.7
2612,6.30049,,142.75,,360.95
2613,6.30225,,143,,361.2
2614,6.30384,,143.5,,361.6
2615,6.30544,,144,,362
2616,6.30723,,145,,362.4
2617,6.3092,,146,,363
2618,6.31118,,147,,363.6
2619,6.31289,,147.667,,364.067
2620,6.31459,,148.333,,364.533
2621,6.3163,,149,,365
2622,6.31887,,149.75,,365.25
2623,6.32145,,150.5,,365.5
2624,6.32402,,151.25,,365.75
2625,6.32659,,152,,366
2626,6.32929,,152.5,,366.1
2627,6.33198,,153,,366.2
2628,6.33442,,153.667,,366.6
2629,6.33685,,154.333,,367
2630,6.33929,,155,,367.4
2631,6.34167,,155.5,,368.3
2632,6.34405,,156,,369.2
2633,6.34681,,157,,369.8
2634,6.34957,,158,,370.4
2635,6.35262,,158.5,,370.7
2636,6.35566,,159,,371
2637,6.35897,,160,,371
2638,6.36306,,160.5,,371
2639,6.36715,,161,,371
2640,6.37123,,161.5,,371
2641,6.37532,,162,,371
2642,6.37927,,162.667,,371.067
2643,6.38323,,163.333,,371.133
2644,6.38718,,164,,371.2
2645,6.39175,,164,,371.2
2646,6.39637,,165,,371.4
2647,6.39982,,165.333,,371.733
2648,6.40328,,165.667,,372.067
2649,6.40673,,166,,372.4
2650,6.41032,,166.5,,372.6
2651,6.41391,,167,,372.8
2652,6.41775,,167,,372.8
2653,6.4216,,167,,372.8
2654,6.42473,,167.333,,373.267
2655,6.42787,,167.667,,373.733
2656,6.431,,168,,374.2
2657,6.43396,,168.5,,374.9
2658,6.43692,,169,,375.6
2659,6.43921,,169,,375.933
2660,6.44149,,169,,376.267
2661,6.44378,,169,,376.6
2662,6.44583,,169,,376.8
2663,6.44787,,169,,377
2664,6.44991,,169,,377.2
2665,6.45196,,169,,377.4
2666,6.4537,,169,,377.8
2667,6.45617,,169,,378
2668,6.45864,,169,,378.2
2669,6.46111,,169,,378.4
2670,6.46337,,169,,378.4
2671,6.46548,,169,,378.6
2672,6.46759,,169,,378.8
2673,6.46962,,169.333,,379.2
2674,6.47164,,169.667,,379.6
2675,6.47367,,170,,380
2676,6.47558,,169,,380.4
2677,6.47816,,169,,380.6
2678,6.48134,,169,,380.9
2679,6.48451,,169,,381.2
2680,6.48746,,170,,381.4
2681,6.48931,,170,,381.8
2682,6.49116,,170,,382.2
2683,6.49267,,169,,382.8
2684,6.49463,,170,,383.4
2685,6.49632,,170,,383.6
2686,6.49801,,170,,383.8
2687,6.4997,,170,,384
2688,6.50139,,170,,384.2
2689,6.50347,,170,,384.6
2690,6.50469,,170,,384.8
2691,6.50653,,170,,385.067
2692,6.50836,,170,,385.333
2693,6.5102,,170,,385.6
2694,6.51225,,170.25,,385.85
2695,6.51429,,170.5,,386.1
2696,6.51634,,170.75,,386.35
2697,6.51838,,171,,386.6
2698,6.52021,,171,,386.8
2699,6.5226,,171.2,,386.88
2700,6.52499,,171.4,,386.96
2701,6.52739,,171.6,,387.04
2702,6.52978,,171.8,,387.12
2703,6.53217,,172,,387.2
2704,6.53391,,171,,387.4
2705,6.53592,,171,,387.6
2706,6.53793,,171,,387.8
2707,6.53994,,171,,388
2708,6.54169,,172,,388.4
2709,6.54318,,171.5,,388.7
2710,6.54468,,171,,389
2711,6.54624,,171,,389.24
2712,6.5478,,171,,389.48
2713,6.54935,,171,,389.72
2714,6.55091,,171,,389.96
2715,6.55247,,171,,390.2
2716,6.55411,,171,,390.5
2717,6.55574,,171,,390.8
2718,6.55738,,171,,391.1
2719,6.55901,,171,,391.4
2720,6.56107,,170.5,,391.5
2721,6.56312,,170,,391.6
2722,6.56513,,170,,391.867
2723,6.56713,,170,,392.133
2724,6.56914,,170,,392.4
2725,6.57053,,170,,392.9
2726,6.57192,,170,,393.4
2727,6.57331,,170,,394.2
2728,6.57497,,170,,394.4
2729,6.57663,,170,,394.6
2730,6.57789,,170,,394.6
2731,6.57956,,170,,394.9
2732,6.58123,,170,,395.2
2733,6.58313,,170,,395.3
2734,6.58503,,170,,395.4
2735,6.58676,,171,,395.8
2736,6.58839,,171,,396.4
2737,6.58995,,171,,397
2738,6.59148,,171,,397.28
2739,6.59301,,171,,397.56
2740,6.59453,,171,,397.84
2741,6.59606,,171,,398.12
2742,6.59759,,171,,398.4
2743,6.59904,,171,,398.6
2744,6.60049,,171,,398.8
2745,6.60195,,171,,399
2746,6.6034,,171,,399.2
2747,6.60485,,171,,399.4
2748,6.60643,,171,,399.6
2749,6.60806,,171,,399.933
2750,6.60969,,171,,400.267
2751,6.61132,,171,,400.6
2752,6.61297,,171,,400.9
2753,6.61461,,171,,401.2
2754,6.61626,,171,,401.5
2755,6.6179,,171,,401.8
2756,6.6197,,171,,402
2757,6.62193,,171,,402.2
2758,6.62415,,171,,402.4
2759,6.62637,,171,,402.6
2760,6.6286,,171,,402.8
2761,6.63079,,171,,403.2
2762,6.63266,,171,,403.35
2763,6.63454,,171,,403.5
2764,6.63641,,171,,403.65
2765,6.63828,,171,,403.8
2766,6.64073,,171,,404
2767,6.64319,,171,,404.2
2768,6.64527,,171,,404.4
2769,6.64735,,171,,404.6
2770,6.64899,,171,,404.8
2771,6.65064,,171,,405
2772,6.65331,,170.8,,405.12
2773,6.65598,,170.6,,405.24
2774,6.65864,,170.4,,405.36
2775,6.66131,,170.2,,405.48
2776,6.66398,,170,,405.6
2777,6.6658,,170,,405.64
2778,6.66762,,170,,405.68
2779,6.66943,,170,,405.72
2780,6.67125,,170,,405.76
2781,6.67307,,170,,405.8
2782,6.67543,,170,,405.9
2783,6.67778,,170,,406
2784,6.68014,,170,,406.1
2785,6.68249,,170,,406.2
2786,6.68519,,169.667,,406.267
2787,6.68789,,169.333,,406.333
2788,6.69059,,169,,406.4
2789,6.69324,,169,,406.65
2790,6.6959,,169,,406.9
2791,6.69855,,169,,407.15
2792,6.7012,,169,,407.4
2793,6.70398,,169,,407.6
2794,6.70655,,169,,407.75
2795,6.70913,,169,,407.9
2796,6.71171,,169,,408.05
2797,6.71428,,169,,408.2
2798,6.71635,,168,,408.2
2799,6.71842,,168,,408.4
2800,6.72043,,168,,408.4
2801,6.72249,,168,,408.4
2802,6.72491,,168,,408.72
2803,6.72732,,168,,409.04
2804,6.72974,,168,,409.36
2805,6.73215,,168,,409.68
2806,6.73457,,168,,410
2807,6.73727,,168,,410.25
2808,6.73998,,168,,410.5
2809,6.74268,,168,,410.75
2810,6.74538,,168,,411
2811,6.74843,,168,,410.8
2812,6.75137,,168.5,,410.8
2813,6.75431,,169,,410.8
2814,6.75786,,169,,411
2815,6.76138,,169,,411.4
2816,6.76444,,168.5,,411.9
2817,6.76749,,168,,412.4
2818,6.77034,,168.5,,412.6
2819,6.77319,,169,,412.8
2820,6.77612,,168,,412.8
2821,6.77927,,168.25,,412.8
2822,6.78243,,168.5,,412.8
2823,6.78559,,168.75,,412.8
2824,6.78874,,169,,412.8
2825,6.79139,,169,,413
2826,6.79382,,169,,413.6
2827,6.79625,,169,,414.2
2828,6.7983,,169,,414.5
2829,6.80035,,169,,414.8
2830,6.80281,,169,,415
2831,6.80527,,169,,415.2
2832,6.80725,,169,,415.44
2833,6.80923,,169,,415.68
2834,6.81121,,169,,415.92
2835,6.81319,,169,,416.16
2836,6.81517,,169,,416.4
2837,6.81723,,169,,417.1
2838,6.8193,,169,,417.8
2839,6.82243,,169.333,,418.2
2840,6.82555,,169.667,,418.6
2841,6.82868,,170,,419
2842,6.83098,,170,,419.24
2843,6.83329,,170,,419.48
2844,6.83559,,170,,419.72
2845,6.8379,,170,,419.96
2846,6.8402,,170,,420.2
2847,6.84198,,170,,420.8
2848,6.84316,,171,,421
2849,6.84415,,171,,421.1
2850,6.84514,,171,,421.2
2851,6.84666,,170,,421.2
2852,6.84778,,170,,421.2
2853,6.8489,,170,,421.2
2854,6.84999,,169.667,,421.267
2855,6.85108,,169.333,,421.333
2856,6.85217,,169,,421.4
2857,6.85324,,168.667,,421.533
2858,6.85432,,168.333,,421.667
2859,6.85539,,168,,421.8
2860,6.85646,,167.667,,421.933
2861,6.85754,,167.333,,422.067
2862,6.85861,,167,,422.2
2863,6.85973,,166.6,,422.36
2864,6.86086,,166.2,,422.52
2865,6.86198,,165.8,,422.68
2866,6.86311,,165.4,,422.84
2867,6.86423,,165,,423
2868,6.86556,,164.5,,423.1
2869,6.86689,,164,,423.2
2870,6.86817,,164,,423.2
2871,6.86915,,163.667,,423.333
2872,6.87012,,163.333,,423.467
2873,6.8711,,163,,423.6
2874,6.87158,,163,,423.8
2875,6.87206,,163,,424
2876,6.87298,,162.5,,424.2
2877,6.87391,,162,,424.4
2878,6.87482,,161.75,,424.45
2879,6.87572,,161.5,,424.5
2880,6.87663,,161.25,,424.55
2881,6.87754,,161,,424.6
2882,6.87825,,161,,424.6
2883,6.87929,,161,,424.7
2884,6.88033,,161,,424.8
2885,6.88135,,160.75,,424.85
2886,6.88237,,160.5,,424.9
2887,6.88338,,160.25,,424.95
2888,6.8844,,160,,425
2889,6.88554,,159.333,,425.133
2890,6.88667,,158.667,,425.267
2891,6.88781,,158,,425.4
2892,6.88926,,158,,425.4
2893,6.89056,,157.6,,425.56
2894,6.89185,,157.2,,425.72
2895,6.89315,,156.8,,425.88
2896,6.89444,,156.4,,426.04
2897,6.89574,,156,,426.2
2898,6.89679,,155.333,,426.333
2899,6.89784,,154.667,,426.467
2900,6.89889,,154,,426.6
2901,6.89963,,154,,426.6
2902,6.90038,,153.5,,426.7
2903,6.90113,,153,,426.8
2904,6.90202,,153,,426.8
2905,6.9028,,152.5,,426.9
2906,6.90358,,152,,427
2907,6.90436,,151.5,,427.1
2908,6.90514,,151,,427.2
2909,6.90596,,150.5,,427.2
2910,6.90678,,150,,427.2
2911,6.90723,,150,,427.2
2912,6.90808,,149.333,,427.333
2913,6.90893,,148.667,,427.467
2914,6.90978,,148,,427.6
2915,6.91108,,148,,427.8
2916,6.91238,,148,,428
2917,6.91363,,148,,428.133
2918,6.91488,,148,,428.267
2919,6.91613,,148,,428.4
2920,6.91723,,147.4,,428.44
2921,6.91832,,146.8,,428.48
2922,6.91942,,146.2,,428.52
2923,6.92051,,145.6,,428.56
2924,6.92161,,145,,428.6
2925,6.92222,,144.667,,428.6
2926,6.92284,,144.333,,428.6
2927,6.92345,,144,,428.6
2928,6.92392,,144,,428.7
2929,6.92439,,144,,428.8
2930,6.92515,,143.5,,428.9
2931,6.9259,,143,,429
2932,6.9273,,143,,429.2
2933,6.92869,,143,,429.4
2934,6.92973,,143,,429.6
2935,6.93087,,142.5,,429.7
2936,6.93202,,142,,429.8
2937,6.93326,,141,,429.8
2938,6.9348,,141,,429.9
2939,6.93633,,141,,430
2940,6.93763,,140,,430
2941,6.93902,,140,,430
2942,6.94054,,139.667,,430.2
2943,6.94207,,139.333,,430.4
2944,6.94359,,139,,430.6
2945,6.94512,,139,,430.8
2946,6.94663,,139,,431
2947,6.9479,,139.25,,431.1
2948,6.94918,,139.5,,431.2
2949,6.95045,,139.75,,431.3
2950,6.95172,,140,,431.4
2951,6.95298,,140.5,,431.6
2952,6.95425,,141,,431.8
2953,6.95545,,141,,431.9
2954,6.95666,,141,,432
2955,6.95781,,141,,432.2
2956,6.95897,,141,,432.4
2957,6.96012,,141,,432.6
2958,6.96104,,141,,432.8
2959,6.96197,,141,,433
2960,6.96289,,141,,433.2
2961,6.96289,,141,,433.4
2962,6.96404,,141,,433.6
2963,6.96519,,141,,433.8
2964,6.96639,,141,,433.9
2965,6.9676,,141,,434
2966,6.96864,,140.667,,434.067
2967,6.96967,,140.333,,434.133
2968,6.97071,,140,,434.2
2969,6.97185,,140,,434.333
2970,6.97299,,140,,434.467
2971,6.97413,,140,,434.6
2972,6.97489,,140,,434.8
2973,6.97564,,140,,435
2974,6.97583,,139.667,,435.133
2975,6.97603,,139.333,,435.267
2976,6.97622,,139,,435.4
2977,6.97655,,139,,435.4
2978,6.97741,,138.667,,435.667
2979,6.97826,,138.333,,435.933
2980,6.97912,,138,,436.2
2981,6.9807,,138,,436.3
2982,6.98229,,138,,436.4
2983,6.9833,,138,,436.4
2984,6.98391,,138,,436.4
2985,6.98467,,138,,436.5
2986,6.98543,,138,,436.6
2987,6.98619,,138,,436.7
2988,6.98695,,138,,436.8
2989,6.98756,,138,,437
2990,6.9888,,138,,437.2
2991,6.98971,,138,,437.4
2992,6.99096,,138,,437.7
2993,6.99222,,138,,438
2994,6.99379,,138,,438.2
2995,6.99535,,138,,438.4
2996,6.99616,,137,,438.8
2997,6.9976,,136.857,,438.886
2998,6.99904,,136.714,,438.971
2999,7.00048,,136.571,,439.057
3000,7.00192,,136.429,,439.143
3001,7.00336,,136.286,,439.229
3002,7.0048,,136.143,,439.314
3003,7.00624,,136,,439.4
3004,7.00744,,136,,439.6
3005,7.00837,,136,,439.9
3006,7.0093,,136,,440.2
3007,7.01021,,136.333,,440.333
3008,7.01113,,136.667,,440.467
3009,7.01204,,137,,440.6
3010,7.01372,,138,,440.8
3011,7.01499,,138,,440.8
3012,7.01625,,138.4,,440.96
3013,7.01751,,138.8,,441.12
3014,7.01877,,139.2,,441.28
3015,7.02003,,139.6,,441.44
3016,7.02129,,140,,441.6
3017,7.0227,,141,,441.8
3018,7.0238,,141,,441.8
3019,7.02458,,141,,442
3020,7.02549,,141,,442
3021,7.02639,,141,,442
3022,7.0273,,141,,442
3023,7.02739,,141,,442.1
3024,7.02747,,141,,442.2
3025,7.02872,,140.5,,442.2
3026,7.02998,,140,,442.2
3027,7.03133,,140,,442.4
3028,7.03268,,140,,442.6
3029,7.03403,,140,,442.8
3030,7.03484,,140,,443
3031,7.03532,,139.5,,443.15
3032,7.0358,,139,,443.3
3033,7.03628,,138.5,,443.45
3034,7.03676,,138,,443.6
3035,7.03697,,138,,443.6
3036,7.03801,,137.5,,443.9
3037,7.03906,,137,,444.2
3038,7.04008,,137,,444.367
3039,7.04111,,137,,444.533
3040,7.04213,,137,,444.7
3041,7.04315,,137,,444.867
3042,7.04418,,137,,445.033
3043,7.0452,,137,,445.2
3044,7.04665,,137,,445.4
3045,7.04783,,137.5,,445.55
3046,7.049,,138,,445.7
3047,7.05018,,138.5,,445.85
3048,7.05135,,139,,446
3049,7.05235,,139,,446.1
3050,7.05334,,139,,446.2
3051,7.0543,,138,,446.4
3052,7.05549,,138,,446.6
3053,7.0565,,138,,446.76
3054,7.05751,,138,,446.92
3055,7.05853,,138,,447.08
3056,7.05954,,138,,447.24
3057,7.06055,,138,,447.4
3058,7.06078,,138,,447.8
3059,7.06078,,138,,448
3060,7.06142,,138,,448.2
3061,7.06206,,138,,448.4
3062,7.06315,,138,,448.6
3063,7.0642,,138,,448.8
3064,7.06496,,138.25,,449
3065,7.06571,,138.5,,449.2
3066,7.06647,,138.75,,449.4
3067,7.06722,,139,,449.6
3068,7.06834,,138,,450
3069,7.06958,,139,,450.2
3070,7.07085,,138.5,,450.4
3071,7.07211,,138,,450.6
3072,7.07309,,138,,450.7
3073,7.07406,,138,,450.8
3074,7.07504,,138,,450.9
3075,7.07601,,138,,451
3076,7.07702,,137.833,,451.067
3077,7.07803,,137.667,,451.133
3078,7.07905,,137.5,,451.2
3079,7.08006,,137.333,,451.267
3080,7.08107,,137.167,,451.333
3081,7.08208,,137,,451.4
3082,7.08337,,137,,451.4
3083,7.08448,,137,,451.6
3084,7.08558,,137,,451.8
3085,7.08669,,137,,452
3086,7.08788,,137,,452.1
3087,7.08907,,137,,452.2
3144,7.09308,,170,,466.4
3145,7.09707,,170,,466.2
3146,7.10142,,170,,466.2
3147,7.10578,,170,,466.2
3148,7.11013,,170,,466.2
3149,7.11405,,170,,466.28
3150,7.11796,,170,,466.36
3151,7.12188,,170,,466.44
3152,7.12579,,170,,466.52
3153,7.12971,,170,,466.6
3154,7.13362,,170,,466.6
3155,7.13754,,170,,466.6
3156,7.14145,,170,,466.6
3157,7.14537,,170,,466.6
3158,7.14928,,170,,466.6
3159,7.15291,,170,,466.64
3160,7.15654,,170,,466.68
3161,7.16018,,170,,466.72
3162,7.16381,,170,,466.76
3163,7.16744,,170,,466.8
3164,7.17169,,170,,466.6
3165,7.17594,,170,,466.4
3166,7.18019,,170,,466.2
3167,7.18444,,170,,466
3168,7.18869,,170,,465.8
3169,7.1916,,170,,465.733
3170,7.19452,,170,,465.667
3171,7.19743,,170,,465.6
3172,7.20059,,170,,465.7
3173,7.20375,,170,,465.8
3174,7.20713,,170,,465.867
3175,7.21052,,170,,465.933
3176,7.2139,,170,,466
3177,7.21728,,170,,466.067
3178,7.22067,,170,,466.133
3179,7.22405,,170,,466.2
3180,7.22723,,169.833,,466.333
3181,7.23042,,169.667,,466.467
3182,7.2336,,169.5,,466.6
3183,7.23678,,169.333,,466.733
3184,7.23997,,169.167,,466.867
3185,7.24315,,169,,467
3186,7.24662,,169,,467.16
3187,7.25009,,169,,467.32
3188,7.25355,,169,,467.48
3189,7.25702,,169,,467.64
3190,7.26049,,169,,467.8
3191,7.2638,,169,,468
3192,7.267,,169,,468.08
3193,7.2702,,169,,468.16
3194,7.2734,,169,,468.24
3195,7.2766,,169,,468.32
3196,7.2798,,169,,468.4
3197,7.28295,,169,,468.48
3198,7.2861,,169,,468.56
3199,7.28926,,169,,468.64
3200,7.29241,,169,,468.72
3201,7.29556,,169,,468.8
3202,7.2986,,169,,469
3203,7.30164,,169,,469.2
3204,7.30499,,169,,469.467
3205,7.30835,,169,,469.733
3206,7.3117,,169,,470
3207,7.31467,,169,,469.95
3208,7.31764,,169,,469.9
3209,7.3206,,169,,469.85
3210,7.32357,,169,,469.8
3211,7.32686,,169,,469.9
3212,7.33014,,169,,470
3213,7.33395,,169,,470.4
3214,7.33777,,169,,470.6
3215,7.34159,,169,,470.8
3216,7.34493,,169,,470.9
3217,7.34826,,169,,471
3218,7.3516,,169,,471.1
3219,7.35493,,169,,471.2
3220,7.35806,,169.167,,471.133
3221,7.36118,,169.333,,471.067
3222,7.36431,,169.5,,471
3223,7.36743,,169.667,,470.933
3224,7.37056,,169.833,,470.867
3225,7.37368,,170,,470.8
3226,7.37684,,170,,470.76
3227,7.38,,170,,470.72
3228,7.38315,,170,,470.68
3229,7.38631,,170,,470.64
3230,7.38947,,170,,470.6
3231,7.39268,,169.833,,470.7
3232,7.39589,,169.667,,470.8
3233,7.39911,,169.5,,470.9
3234,7.40232,,169.333,,471
3235,7.40553,,169.167,,471.1
3236,7.40874,,169,,471.2
3237,7.41219,,169,,471.25
3238,7.41564,,169,,471.3
3239,7.41908,,169,,471.35
3240,7.42253,,169,,471.4
3241,7.42599,,169,,471.4
3242,7.42939,,169,,471.48
3243,7.43279,,169,,471.56
3244,7.43618,,169,,471.64
3245,7.43958,,169,,471.72
3246,7.44298,,169,,471.8
3247,7.44616,,168.8,,471.84
3248,7.44933,,168.6,,471.88
3249,7.45251,,168.4,,471.92
3250,7.45568,,168.2,,471.96
3251,7.45886,,168,,472
3252,7.46162,,168,,472.4
3253,7.46468,,168,,472.45
3254,7.46774,,168,,472.5
3255,7.4708,,168,,472.55
3256,7.47386,,168,,472.6
3257,7.47691,,168.167,,472.7
3258,7.47996,,168.333,,472.8
3259,7.48301,,168.5,,472.9
3260,7.48606,,168.667,,473
3261,7.48911,,168.833,,473.1
3262,7.49216,,169,,473.2
3263,7.4945,,169,,473.6
3264,7.49655,,168.75,,473.65
3265,7.4986,,168.5,,473.7
3266,7.50066,,168.25,,473.75
3267,7.50271,,168,,473.8
3268,7.50517,,168,,474.1
3269,7.50763,,168,,474.4
3270,7.5101,,168,,474.7
3271,7.51256,,168,,475
3272,7.51509,,168,,475.4
3273,7.51761,,168,,475.8
3274,7.51955,,168,,476.2
3275,7.52153,,168,,476.25
3276,7.5235,,168,,476.3
3277,7.52548,,168,,476.35
3278,7.52745,,168,,476.4
3279,7.52981,,168,,476.65
3280,7.53218,,168,,476.9
3281,7.53454,,168,,477.15
3282,7.5369,,168,,477.4
3283,7.53913,,168,,477.8
3284,7.54282,,168.333,,478.2
3285,7.5465,,168.667,,478.6
3286,7.55019,,169,,479
3287,7.55375,,169,,479.7
3288,7.55732,,169,,480.4
3289,7.56042,,169.25,,480.65
3290,7.56351,,169.5,,480.9
3291,7.56661,,169.75,,481.15
3292,7.56971,,170,,481.4
3293,7.57266,,170,,481.6
3294,7.57483,,171,,481.6
3295,7.57619,,171,,481.85
3296,7.57756,,171,,482.1
3297,7.57892,,171,,482.35
3298,7.58028,,171,,482.6
3299,7.58082,,170.6,,482.6
3300,7.58137,,170.2,,482.6
3301,7.58191,,169.8,,482.6
3302,7.58246,,169.4,,482.6
3303,7.583,,169,,482.6
3304,7.58411,,168.4,,482.6
3305,7.58523,,167.8,,482.6
3306,7.58634,,167.2,,482.6
3307,7.58746,,166.6,,482.6
3308,7.58857,,166,,482.6
3309,7.59004,,165.5,,482.3
3310,7.5915,,165,,482
3311,7.59329,,164.667,,481.8
3312,7.59507,,164.333,,481.6
3313,7.59686,,164,,481.4
3314,7.59861,,163.5,,481
3315,7.60035,,163,,480.6
3316,7.60244,,163,,479.8
3317,7.60481,,162.75,,479.55
3318,7.60719,,162.5,,479.3
3319,7.60956,,162.25,,479.05
3320,7.61194,,162,,478.8
3321,7.61432,,162,,478.8
3322,7.61679,,161.6,,478.8
3323,7.61926,,161.2,,478.8
3324,7.62174,,160.8,,478.8
3325,7.62421,,160.4,,478.8
3326,7.62668,,160,,478.8
3327,7.62945,,159.5,,478.5
3328,7.63221,,159,,478.2
3329,7.63498,,158.5,,477.9
3330,7.63775,,158,,477.6
3331,7.6409,,157,,476.8
3332,7.64396,,157,,476.5
3333,7.64701,,157,,476.2
3334,7.64994,,156.5,,475.95
3335,7.65287,,156,,475.7
3336,7.65579,,155.5,,475.45
3337,7.65872,,155,,475.2
3338,7.66182,,155,,475
3339,7.66495,,155,,474.8
3340,7.66808,,155,,474.6
3341,7.67121,,155,,474.4
3342,7.67434,,155,,474.2
3343,7.67684,,155.5,,474.3
3344,7.67934,,156,,474.4
3345,7.68165,,156,,474.3
3346,7.68395,,156,,474.2
3347,7.68656,,156,,474
3348,7.68936,,155.8,,473.76
3349,7.69216,,155.6,,473.52
3350,7.69497,,155.4,,473.28
3351,7.69777,,155.2,,473.04
3352,7.70057,,155,,472.8
3353,7.70305,,154.667,,472.6
3354,7.70554,,154.333,,472.4
3355,7.70802,,154,,472.2
3356,7.7107,,154,,471.6
3357,7.7132,,154,,471.6
3358,7.71554,,154,,471.2
3359,7.71814,,154,,471.25
3360,7.72075,,154,,471.3
3361,7.72335,,154,,471.35
3362,7.72596,,154,,471.4
3363,7.72945,,154,,471.4
3364,7.73294,,154,,471.4
3365,7.73643,,154,,471.4
3366,7.73992,,154,,471.4
3367,7.74341,,154,,471.4
3368,7.7469,,154,,471.4
3369,7.74987,,154,,471.267
3370,7.75284,,154,,471.133
3371,7.75581,,154,,471
3372,7.75877,,154,,470.867
3373,7.76174,,154,,470.733
3374,7.76471,,154,,470.6
3375,7.76948,,153,,470.4
3376,7.77293,,153.25,,470.7
3377,7.77638,,153.5,,471
3378,7.77983,,153.75,,471.3
3379,7.78328,,154,,471.6
3380,7.78673,,154,,471.533
3381,7.79018,,154,,471.467
3382,7.79363,,154,,471.4
3383,7.79708,,154,,471.333
3384,7.80053,,154,,471.267
3385,7.80398,,154,,471.2
3386,7.80759,,154.167,,471.167
3387,7.8112,,154.333,,471.133
3388,7.81481,,154.5,,471.1
3389,7.81842,,154.667,,471.067
3390,7.82203,,154.833,,471.033
3391,7.82564,,155,,471
3392,7.82915,,155,,470.96
3393,7.83266,,155,,470.92
3394,7.83618,,155,,470.88
3395,7.83969,,155,,470.84
3396,7.8432,,155,,470.8
3397,7.84744,,155,,470.6
3398,7.85168,,155,,470.4
3399,7.8557,,155.25,,470.2
3400,7.85972,,155.5,,470
3401,7.86375,,155.75,,469.8
3402,7.86777,,156,,469.6
3403,7.87176,,156,,469.4
3404,7.87576,,156,,469.2
3405,7.87975,,156,,469.1
3406,7.88374,,156,,469
3407,7.88774,,156,,468.9
3408,7.89173,,156,,468.8
3409,7.89545,,156.25,,468.65
3410,7.89916,,156.5,,468.5
3411,7.90288,,156.75,,468.35
3412,7.9066,,157,,468.2
3413,7.91013,,157,,468.067
3414,7.91365,,157,,467.933
3415,7.91718,,157,,467.8
3416,7.92054,,157,,467.667
3417,7.9239,,157,,467.533
3418,7.92725,,157,,467.4
3419,7.93061,,157,,467.267
3420,7.93397,,157,,467.133
3421,7.93733,,157,,467
3422,7.94101,,157,,466.9
3423,7.9447,,157,,466.8
3424,7.94838,,157,,466.7
3425,7.95206,,157,,466.6
3426,7.95575,,157,,466.5
3427,7.95943,,157,,466.4
3428,7.96296,,157,,466.2
3429,7.9665,,157,,466
3430,7.97003,,157,,465.8
3431,7.97325,,156.75,,465.65
3432,7.97647,,156.5,,465.5
3433,7.9797,,156.25,,465.35
3434,7.98292,,156,,465.2
3435,7.9858,,156,,465.24
3436,7.98868,,156,,465.28
3437,7.99157,,156,,465.32
3438,7.99445,,156,,465.36
3439,7.99733,,156,,465.4
3440,8.00028,,156,,465.52
3441,8.00323,,156,,465.64
3442,8.00619,,156,,465.76
3443,8.00914,,156,,465.88
3444,8.01209,,156,,466
3445,8.01562,,156,,466.12
3446,8.01915,,156,,466.24
3447,8.02267,,156,,466.36
3448,8.0262,,156,,466.48
3449,8.02973,,156,,466.6
3450,8.03308,,156.25,,466.65
3451,8.03643,,156.5,,466.7
3452,8.03979,,156.75,,466.75
3453,8.04314,,157,,466.8
3454,8.04665,,157,,466.72
3455,8.05016,,157,,466.64
3456,8.05366,,157,,466.56
3457,8.05717,,157,,466.48
3458,8.06068,,157,,466.4
3459,8.06443,,157.2,,466.44
3460,8.06818,,157.4,,466.48
3461,8.07193,,157.6,,466.52
3462,8.07568,,157.8,,466.56
3463,8.07943,,158,,466.6
3464,8.08301,,158.2,,466.6
3465,8.08658,,158.4,,466.6
3466,8.09016,,158.6,,466.6
3467,8.09373,,158.8,,466.6
3468,8.09731,,159,,466.6
3469,8.1007,,159,,466.6
3470,8.10408,,159,,466.6
3471,8.10747,,159,,466.6
3472,8.11085,,159,,466.6
3473,8.11424,,159,,466.6
3474,8.11822,,159.25,,466.45
3475,8.12219,,159.5,,466.3
3476,8.12617,,159.75,,466.15
3477,8.13014,,160,,466
3478,8.13452,,160,,465.65
3479,8.1389,,160,,465.3
3480,8.14329,,160,,464.95
3481,8.14767,,160,,464.6
3482,8.15313,,160.333,,464.2
3483,8.15859,,160.667,,463.8
3484,8.16405,,161,,463.4
3485,8.1689,,161,,463
3486,8.17341,,162,,462.4
3487,8.17771,,162,,461.933
3488,8.18201,,162,,461.467
3489,8.18631,,162,,461
3490,8.18992,,162,,460.5
3491,8.19354,,162,,460
3492,8.19708,,162,,459.5
3493,8.20063,,162,,459
3494,8.20415,,162,,458.733
3495,8.20768,,162,,458.467
3496,8.2112,,162,,458.2
3497,8.21466,,161.5,,458
3498,8.21813,,161,,457.8
3499,8.22168,,161,,457.4
3500,8.22524,,161,,457
3501,8.22879,,161,,456.6
3502,8.23234,,160.75,,456.3
3503,8.23589,,160.5,,456
3504,8.23945,,160.25,,455.7
3505,8.243,,160,,455.4
3506,8.24558,,161,,455
3507,8.24672,,160.5,,454.6
3508,8.24787,,160,,454.2
3509,8.2497,,160,,454.1
3510,8.25152,,160,,454
3511,8.25439,,159.571,,453.886
3512,8.25726,,159.143,,453.771
3513,8.26013,,158.714,,453.657
3514,8.263,,158.286,,453.543
3515,8.26587,,157.857,,453.429
3516,8.26874,,157.429,,453.314
3517,8.27161,,157,,453.2
3518,8.27493,,157,,452.85
3519,8.27825,,157,,452.5
3520,8.28157,,157,,452.15
3521,8.28489,,157,,451.8
3522,8.28853,,156,,451.6
3523,8.29169,,156,,451.333
3524,8.29486,,156,,451.067
3525,8.29802,,156,,450.8
3526,8.30101,,156,,450.2
3527,8.30399,,156,,449.9
3528,8.30697,,156,,449.6
3529,8.30892,,156,,449.4
3530,8.31088,,156,,449.2
3531,8.31235,,156,,448.8
3532,8.31453,,156,,448.6
3533,8.3167,,156,,448.4
3534,8.32018,,156.5,,447.9
3535,8.32366,,157,,447.4
3536,8.32762,,157,,446.6
3537,8.33158,,157,,445.8
3538,8.33619,,155,,445.4
3539,8.3408,,153,,445
3540,8.34575,,158,,444.6
3541,8.35035,,158.5,,444
3542,8.35495,,159,,443.4
3543,8.35845,,160,,442.8
3544,8.35986,,161,,442
3545,8.36192,,162,,441.4
3546,8.36515,,162,,441
3547,8.36872,,162.5,,440.4
3548,8.37229,,163,,439.8
3549,8.37562,,163,,439.4
3550,8.37908,,163,,438.8
3551,8.38305,,162.75,,438.6
3552,8.38702,,162.5,,438.4
3553,8.39099,,162.25,,438.2
3554,8.39496,,162,,438
3555,8.39867,,162,,437.6
3556,8.4022,,162,,437.133
3557,8.40574,,162,,436.667
3558,8.40927,,162,,436.2
3559,8.41131,,162.5,,435.6
3560,8.41335,,163,,435
3561,8.41684,,163,,434.533
3562,8.42032,,163,,434.067
3563,8.42381,,163,,433.6
3564,8.4278,,163,,433
3565,8.43178,,163,,432.4
3566,8.43592,,163,,432
3567,8.44005,,163,,431.6
3568,8.44419,,163,,431.2
3569,8.44858,,163.5,,430.7
3570,8.45297,,164,,430.2
3571,8.4574,,164,,429.8
3572,8.46183,,164,,429.4
3573,8.46579,,163,,429.2
3574,8.46966,,163,,428.75
3575,8.47354,,163,,428.3
3576,8.47741,,163,,427.85
3577,8.48128,,163,,427.4
3578,8.48507,,162.75,,427.1
3579,8.48885,,162.5,,426.8
3580,8.49263,,162.25,,426.5
3581,8.49642,,162,,426.2
3582,8.50038,,162,,425.6
3583,8.50467,,162,,425
3584,8.50904,,162.333,,424.6
3585,8.5134,,162.667,,424.2
3586,8.51777,,163,,423.8
3587,8.52231,,163,,423.2
3588,8.52703,,164,,421.2
3589,8.53155,,164,,420.2
3590,8.53607,,164,,419.2
3591,8.53973,,164.5,,419.1
3592,8.54339,,165,,419
3593,8.54701,,165.5,,418.2
3594,8.55063,,166,,417.4
3595,8.55451,,166,,417.667
3596,8.55838,,166,,417.933
3597,8.56226,,166,,418.2
3598,8.56593,,166,,417.8
3599,8.56961,,166,,417.4
3600,8.57328,,166,,417
3601,8.57696,,166,,416.6
3602,8.58063,,166,,416.2
3603,8.58448,,166,,415.4
3604,8.58809,,166,,414.6
3605,8.59156,,165.5,,413.9
3606,8.59504,,165,,413.2
3607,8.59839,,165,,412.8
3608,8.60186,,164.667,,412.533
3609,8.60532,,164.333,,412.267
3610,8.60879,,164,,412
3611,8.61212,,163.5,,411.7
3612,8.61545,,163,,411.4
3613,8.61877,,163,,411
3614,8.62188,,162.667,,410.867
3615,8.62498,,162.333,,410.733
3616,8.62809,,162,,410.6
3617,8.63143,,161.5,,410.2
3618,8.63477,,161,,409.8
3619,8.63833,,161,,409.6
3620,8.64188,,161,,409.4
3621,8.64563,,161,,409.2
3622,8.64939,,161,,409
3623,8.65314,,161,,408.8
3624,8.65677,,160.667,,408.6
3625,8.66039,,160.333,,408.4
3626,8.66402,,160,,408.2
3627,8.66628,,160,,407.8
3628,8.6686,,159,,407.8
3629,8.67101,,159,,407.6
3630,8.67413,,159,,407.5
3631,8.67724,,159,,407.4
3632,8.68036,,159,,407.3
3633,8.68348,,159,,407.2
3634,8.68687,,159,,406.95
3635,8.69025,,159,,406.7
3636,8.69364,,159,,406.45
3637,8.69702,,159,,406.2
3638,8.70058,,158.8,,406
3639,8.70413,,158.6,,405.8
3640,8.70769,,158.4,,405.6
3641,8.71124,,158.2,,405.4
3642,8.7148,,158,,405.2
3643,8.71854,,157.75,,404.9
3644,8.72227,,157.5,,404.6
3645,8.72601,,157.25,,404.3
3646,8.72975,,157,,404
3647,8.73088,,157,,403.8
3648,8.73435,,157,,403.667
3649,8.73782,,157,,403.533
3650,8.74129,,157,,403.4
3651,8.7454,,157.333,,403.2
3652,8.74952,,157.667,,403
3653,8.75363,,158,,402.8
3654,8.75763,,158,,402.6
3655,8.76122,,158.5,,402.2
3656,8.76482,,159,,401.8
3657,8.76889,,159.5,,401.4
3658,8.77296,,160,,401
3659,8.77769,,160.5,,400.7
3660,8.78242,,161,,400.4
3661,8.78697,,161,,400
3662,8.79152,,161,,399.6
3663,8.79526,,162,,399
3664,8.7979,,162.5,,398.5
3665,8.80054,,163,,398
3666,8.80364,,163,,396.8
3667,8.80802,,163,,395.6
3668,8.81217,,164,,394.4
3669,8.81611,,164,,394.067
3670,8.82006,,164,,393.733
3671,8.824,,164,,393.4
3672,8.82762,,164,,392.867
3673,8.83125,,164,,392.333
3674,8.83487,,164,,391.8
3675,8.83836,,165,,390.8
3676,8.84163,,164,,389.6
3677,8.84506,,164,,388.8
3678,8.84848,,164,,388
3679,8.85221,,164,,387.533
3680,8.85593,,164,,387.067
3681,8.85966,,164,,386.6
3682,8.86307,,163.6,,386.52
3683,8.86648,,163.2,,386.44
3684,8.8699,,162.8,,386.36
3685,8.87331,,162.4,,386.28
3686,8.87672,,162,,386.2
3687,8.87906,,162,,386
3688,8.88141,,162,,385.8
3689,8.88375,,162,,385.6
3690,8.88664,,162,,384.6
3691,8.88953,,162,,383.6
3692,8.89284,,162,,382.9
3693,8.89614,,162,,382.2
3694,8.89832,,162,,381.5
3695,8.90049,,162,,380.8
3696,8.90352,,162,,380.4
3697,8.90655,,162,,380
3698,8.90958,,162,,379.6
3699,8.91237,,161.667,,379.4
3700,8.91517,,161.333,,379.2
3701,8.91796,,161,,379
3702,8.92063,,160,,378.8
3703,8.92326,,160,,378.4
3704,8.9263,,159.5,,377.6
3705,8.92934,,159,,376.8
3706,8.93225,,159,,376.4
3707,8.93469,,158.6,,376.32
3708,8.93712,,158.2,,376.24
3709,8.93956,,157.8,,376.16
3710,8.94199,,157.4,,376.08
3711,8.94443,,157,,376
3712,8.94729,,157,,375.7
3713,8.95014,,157,,375.4
3714,8.9536,,156.5,,374.8
3715,8.95706,,156,,374.2
3716,8.96005,,156,,373.6
3717,8.96303,,156,,373
3718,8.96587,,156,,372.4
3719,8.96854,,156,,372.1
3720,8.97122,,156,,371.8
3721,8.9741,,155,,371.6
3722,8.97689,,154.8,,371.48
3723,8.97968,,154.6,,371.36
3724,8.98248,,154.4,,371.24
3725,8.98527,,154.2,,371.12
3726,8.98806,,154,,371
3727,8.99085,,154,,370.8
3728,8.99446,,153.8,,370.6
3729,8.99807,,153.6,,370.4
3730,9.00168,,153.4,,370.2
3731,9.00529,,153.2,,370
3732,9.0089,,153,,369.8
3733,9.013,,153,,369.6
3734,9.01711,,153,,369.4
3735,9.02121,,153,,369.2
3736,9.02531,,153,,369
3737,9.02938,,153,,368.867
3738,9.03345,,153,,368.733
3739,9.03752,,153,,368.6
3740,9.04126,,153,,368.2
3741,9.04567,,153.25,,368.1
3742,9.05008,,153.5,,368
3743,9.05449,,153.75,,367.9
3744,9.0589,,154,,367.8
3745,9.06437,,159,,367.4
3746,9.06977,,159,,367.2
3747,9.07457,,159,,366.2
3748,9.07964,,157,,365.2
3749,9.08481,,159,,364.2
3750,9.09,,156,,363.8
3751,9.09485,,157.5,,363.1
3752,9.0997,,159,,362.4
3753,9.10486,,161,,361.5
3754,9.11002,,163,,360.6
3755,9.11498,,164,,360
3756,9.11929,,168,,359.4
3757,9.12337,,168,,358.4
3758,9.12757,,168,,357.2
3759,9.13185,,167,,356
3760,9.13606,,168,,355.3
3761,9.14026,,169,,354.6
3762,9.14417,,171,,354
3763,9.1482,,172,,353.4
3764,9.15238,,172,,352.6
3765,9.15646,,172,,351.8
3766,9.16039,,172.5,,351.2
3767,9.16431,,173,,350.6
3768,9.16785,,173,,350.4
3769,9.17221,,172.667,,350
3770,9.17658,,172.333,,349.6
3771,9.18094,,172,,349.2
3772,9.18576,,172,,348.7
3773,9.19058,,172,,348.2
3774,9.19578,,172,,347.4
3775,9.20064,,172.5,,346.6
3776,9.20549,,173,,345.8
3777,9.21043,,173,,344.9
3778,9.21537,,173,,344
3779,9.22027,,173,,343.5
3780,9.22517,,173,,343
3781,9.22991,,173,,342
3782,9.23501,,173,,341.2
3783,9.24046,,173,,340
3784,9.24602,,173,,339
3785,9.25184,,173.5,,338.4
3786,9.25765,,174,,337.8
3787,9.26282,,174,,337.2
3788,9.26703,,173.5,,336.9
3789,9.27123,,173,,336.6
3790,9.27476,,173,,336.2
3791,9.27828,,172.667,,335.933
3792,9.28181,,172.333,,335.667
3793,9.28533,,172,,335.4
3794,9.28873,,171.667,,335.333
3795,9.29214,,171.333,,335.267
3796,9.29554,,171,,335.2
3797,9.29896,,170.5,,334.8
3798,9.30238,,170,,334.4
3799,9.30606,,169.75,,334.25
3800,9.30974,,169.5,,334.1
3801,9.31342,,169.25,,333.95
3802,9.3171,,169,,333.8
3803,9.32105,,168.6,,333.72
3804,9.325,,168.2,,333.64
3805,9.32894,,167.8,,333.56
3806,9.33289,,167.4,,333.48
3807,9.33684,,167,,333.4
3808,9.34094,,167,,333.2
3809,9.3443,,166.833,,333.1
3810,9.34766,,166.667,,333
3811,9.35101,,166.5,,332.9
3812,9.35437,,166.333,,332.8
3813,9.35773,,166.167,,332.7
3814,9.36109,,166,,332.6
3815,9.36441,,166,,332.4
3816,9.36773,,166,,332.2
3817,9.37142,,165.6,,332.08
3818,9.3751,,165.2,,331.96
3819,9.37879,,164.8,,331.84
3820,9.38247,,164.4,,331.72
3821,9.38616,,164,,331.6
3822,9.39018,,164.2,,331.56
3823,9.39419,,164.4,,331.52
3824,9.39821,,164.6,,331.48
3825,9.40222,,164.8,,331.44
3826,9.40624,,165,,331.4
3827,9.41022,,165,,331.28
3828,9.4142,,165,,331.16
3829,9.41819,,165,,331.04
3830,9.42217,,165,,330.92
3831,9.42615,,165,,330.8
3832,9.43101,,165,,330.4
3833,9.43495,,165,,330.32
3834,9.43888,,165,,330.24
3835,9.44282,,165,,330.16
3836,9.44675,,165,,330.08
3837,9.45069,,165,,330
3838,9.45423,,165,,329.8
3839,9.45802,,165,,329.72
3840,9.46181,,165,,329.64
3841,9.4656,,165,,329.56
3842,9.46939,,165,,329.48
3843,9.47318,,165,,329.4
3844,9.47696,,165,,329.15
3845,9.48074,,165,,328.9
3846,9.48453,,165,,328.65
3847,9.48831,,165,,328.4
3848,9.4924,,165.5,,327.7
3849,9.49648,,166,,327
3850,9.50075,,166,,326.5
3851,9.50502,,166,,326
3852,9.50937,,166.5,,325.3
3853,9.51372,,167,,324.6
3854,9.51816,,167,,323.9
3855,9.5226,,167,,323.2
3856,9.52713,,167.667,,322.867
3857,9.53166,,168.333,,322.533
3858,9.53619,,169,,322.2
3859,9.54025,,169,,321.6
3860,9.54443,,169.5,,320.5
3861,9.54862,,170,,319.4
3862,9.55231,,171,,317.6
3863,9.55484,,171,,316
3864,9.55712,,171,,314.8
3865,9.55991,,171,,314
3866,9.56269,,171,,313.2
3867,9.56645,,170.667,,312.8
3868,9.57021,,170.333,,312.4
3869,9.57397,,170,,312
3870,9.5786,,170,,311.1
3871,9.58323,,170,,310.2
3872,9.58773,,170,,309.2
3873,9.59126,,170,,308.6
3874,9.59479,,170,,308
3875,9.59804,,169,,307.4
3876,9.6012,,168.5,,307.1
3877,9.60436,,168,,306.8
3878,9.60726,,168,,306.8
3879,9.60943,,167,,306.8
3880,9.6117,,166.6,,306.64
3881,9.61396,,166.2,,306.48
3882,9.61623,,165.8,,306.32
3883,9.61849,,165.4,,306.16
3884,9.62076,,165,,306
3885,9.62392,,165,,305.6
3886,9.62753,,164.5,,304.8
3887,9.63114,,164,,304
3888,9.63517,,164,,303.6
3889,9.63892,,163.5,,303.1
3890,9.64268,,163,,302.6
3891,9.64662,,163,,302.1
3892,9.65057,,163,,301.6
3893,9.65454,,163,,301.1
3894,9.6585,,163,,300.6
3895,9.66245,,164,,300.2
3896,9.66634,,164,,299.6
3897,9.67023,,164,,299
3898,9.67424,,164,,298.6
3899,9.67824,,164,,298.2
3900,9.68202,,164,,297.8
3901,9.6857,,164,,297.2
3902,9.68938,,164,,296.6
3903,9.69304,,164,,296.333
3904,9.69669,,164,,296.067
3905,9.70035,,164,,295.8
3906,9.70227,,163,,295.2
3907,9.70425,,163,,294.6
3908,9.70623,,163,,294
3909,9.71,,163,,293.6
3910,9.71376,,163,,293.2
3911,9.71753,,163,,292.8
3912,9.7213,,163,,292.4
3913,9.72552,,163,,291.7
3914,9.72974,,163,,291
3915,9.7337,,162.5,,290.5
3916,9.73765,,162,,290
3917,9.74178,,162.5,,289.6
3918,9.74591,,163,,289.2
3919,9.7495,,163,,288.9
3920,9.75309,,163,,288.6
3921,9.75614,,163,,288.2
3922,9.76135,,163,,287.4
3923,9.76495,,163,,286.7
3924,9.76854,,163,,286
3925,9.77082,,164,,285.6
3926,9.77502,,164,,285
3927,9.77687,,163,,284.6
3928,9.77796,,163,,284.2
3929,9.78079,,162.667,,283.933
3930,9.78362,,162.333,,283.667
3931,9.78645,,162,,283.4
3932,9.78945,,162,,283
3933,9.79326,,161.5,,282.6
3934,9.79706,,161,,282.2
3935,9.8016,,161,,281.6
3936,9.80613,,161,,281
3937,9.81027,,161,,280.4
3938,9.81441,,161,,279.8
3939,9.81767,,161,,279.6
3940,9.82093,,161,,279.4
3941,9.82501,,161,,278.9
3942,9.8291,,161,,278.4
3943,9.83331,,160.75,,278.15
3944,9.83752,,160.5,,277.9
3945,9.84173,,160.25,,277.65
3946,9.84594,,160,,277.4
3947,9.84956,,160,,277.4
3948,9.853,,159.75,,277.3
3949,9.85643,,159.5,,277.2
3950,9.85986,,159.25,,277.1
3951,9.8633,,159,,277
3952,9.86622,,159,,276.5
3953,9.86915,,159,,276
3954,9.87154,,159,,275.3
3955,9.87393,,159,,274.6
3956,9.87688,,158.667,,274.2
3957,9.87983,,158.333,,273.8
3958,9.88278,,158,,273.4
3959,9.88612,,158,,272.9
3960,9.88946,,158,,272.4
3961,9.89229,,158,,271.8
3962,9.89584,,158,,271.4
3963,9.89938,,158,,271
3964,9.90293,,158,,270.6
3965,9.90666,,158.5,,270.3
3966,9.91039,,159,,270
3967,9.91367,,159,,269.7
3968,9.91695,,159,,269.4
3969,9.92084,,159,,269
3970,9.92472,,159,,268.6
3971,9.92861,,159,,268.2
3972,9.93309,,159,,267.6
3973,9.9373,,159.333,,267.333
3974,9.9415,,159.667,,267.067
3975,9.94571,,160,,266.8
3976,9.95019,,160,,266.4
3977,9.95452,,160,,265.4
3978,9.9583,,160,,265
3979,9.96209,,160,,264.6
3980,9.96587,,160,,264.2
3981,9.96854,,160,,263.8
3982,9.97156,,160,,263.3
3983,9.97458,,160,,262.8
3984,9.97765,,159.667,,262.467
3985,9.98073,,159.333,,262.133
3986,9.9838,,159,,261.8
3987,9.98734,,159,,261.8
3988,9.99121,,159,,261.5
3989,9.99508,,159,,261.2
3990,9.99894,,159,,260.9
3991,10.0028,,159,,260.6
3992,10.0066,,160,,260.2
3993,10.0103,,160,,259.4
3994,10.014,,160,,258.6
3995,10.0177,,160,,257.8
3996,10.0217,,160.5,,257.2
3997,10.0257,,161,,256.6
3998,10.0294,,161,,256
3999,10.0324,,161,,255.2
4000,10.035,,161,,254
4001,10.0376,,161,,253.2
4002,10.0399,,161,,252.6
4003,10.043,,160.75,,252.3
4004,10.046,,160.5,,252
4005,10.049,,160.25,,251.7
4006,10.0521,,160,,251.4
4007,10.0549,,159.667,,251.133
4008,10.0577,,159.333,,250.867
4009,10.0605,,159,,250.6
4010,10.0618,,159,,250.4
4011,10.0632,,158,,250
4012,10.0658,,157.5,,249.6
4013,10.0684,,157,,249.2
4014,10.0716,,157,,248.8
4015,10.0748,,157,,248.4
4016,10.0779,,156,,247.8
4017,10.0812,,155.667,,247.4
4018,10.0844,,155.333,,247
4019,10.0877,,155,,246.6
4020,10.0908,,154.5,,246.5
4021,10.0939,,154,,246.4
4022,10.0967,,153.8,,246.32
4023,10.0995,,153.6,,246.24
4024,10.1023,,153.4,,246.16
4025,10.105,,153.2,,246.08
4026,10.1078,,153,,246
4027,10.1101,,153,,245.6
4028,10.1115,,153,,245.2
4029,10.114,,153,,244.6
4030,10.1172,,153,,244.2
4031,10.1203,,153,,243.867
4032,10.1234,,153,,243.533
4033,10.1265,,153,,243.2
4034,10.1296,,155,,243
4035,10.1328,,155,,242.65
4036,10.1359,,155,,242.3
4037,10.1391,,155,,241.95
4038,10.1422,,155,,241.6
4039,10.1447,,155,,241
4040,10.1473,,155,,240.4
4041,10.1501,,155,,240.067
4042,10.1529,,155,,239.733
4043,10.1557,,155,,239.4
4044,10.1586,,155.333,,238.867
4045,10.1615,,155.667,,238.333
4046,10.1644,,156,,237.8
4047,10.1674,,156,,237.467
4048,10.1705,,156,,237.133
4049,10.1736,,156,,236.8
4050,10.1774,,156,,236.4
4051,10.1809,,156,,235.8
4052,10.1848,,156.333,,235.333
4053,10.1886,,156.667,,234.867
4054,10.1924,,157,,234.4
4055,10.1957,,157,,233.9
4056,10.199,,157,,233.4
4057,10.2023,,156.667,,232.933
4058,10.2056,,156.333,,232.467
4059,10.2089,,156,,232
4060,10.2121,,156,,231.4
4061,10.2153,,156,,230.8
4062,10.2183,,156,,230.4
4063,10.2213,,156,,230
4064,10.2243,,155,,229.6
4065,10.2271,,154.5,,229.5
4066,10.23,,154,,229.4
4067,10.2328,,153.5,,229.3
4068,10.2356,,153,,229.2
4069,10.239,,152.8,,229.04
4070,10.2423,,152.6,,228.88
4071,10.2457,,152.4,,228.72
4072,10.249,,152.2,,228.56
4073,10.2524,,152,,228.4
4074,10.2555,,151.5,,228.3
4075,10.2586,,151,,228.2
4076,10.2614,,151,,228.067
4077,10.2642,,151,,227.933
4078,10.267,,151,,227.8
4079,10.2698,,151,,227.667
4080,10.2726,,151,,227.533
4081,10.2754,,151,,227.4
4082,10.2784,,151,,227.4
4083,10.2811,,151,,226.9
4084,10.2838,,151,,226.4
4085,10.2861,,151,,226.2
4086,10.2891,,151,,226.2
4087,10.2925,,151.333,,225.667
4088,10.2959,,151.667,,225.133
4089,10.2994,,152,,224.6
4090,10.3028,,153,,223.8
4091,10.3063,,154,,223
4092,10.3103,,154.5,,222.4
4093,10.3143,,155,,221.8
4094,10.3186,,155,,221.4
4095,10.3228,,155,,221
4096,10.3271,,155,,220.6
4097,10.3319,,156,,219.8
4098,10.3368,,160,,218.8
4099,10.3412,,160,,218.2
4100,10.3453,,160,,217.4
4101,10.3497,,164,,216.2
4102,10.3545,,163,,214.8
4103,10.3587,,163,,214.1
4104,10.3629,,163,,213.4
4105,10.3679,,163,,212.8
4106,10.3728,,163,,212.2
4107,10.3776,,163,,211.6
4108,10.3823,,163,,211
4109,10.3864,,163.5,,210.2
4110,10.3905,,164,,209.4
4111,10.3942,,164,,208.9
4112,10.398,,164,,208.4
4113,10.4014,,163.667,,208.067
4114,10.4048,,163.333,,207.733
4115,10.4082,,163,,207.4
4116,10.4098,,162,,206.8
4117,10.412,,162,,206.4
4118,10.4151,,162,,205.8
4119,10.4182,,162,,205.2
4120,10.4216,,161,,205
4121,10.4247,,160.5,,204.4
4122,10.4277,,160,,203.8
4123,10.4312,,159.667,,203.4
4124,10.4346,,159.333,,203
4125,10.438,,159,,202.6
4126,10.4411,,158.6,,202.36
4127,10.4441,,158.2,,202.12
4128,10.4472,,157.8,,201.88
4129,10.4502,,157.4,,201.64
4130,10.4533,,157,,201.4
4131,10.4566,,157,,201.233
4132,10.4599,,157,,201.067
4133,10.4632,,157,,200.9
4134,10.4665,,157,,200.733
4135,10.4698,,157,,200.567
4136,10.4731,,157,,200.4
4137,10.4763,,157.333,,200
4138,10.4795,,157.667,,199.6
4139,10.4827,,158,,199.2
4140,10.4865,,158,,199
4141,10.4902,,158,,198.8
4142,10.4939,,158,,198.6
4143,10.4976,,158,,198.4
4144,10.5012,,158,,198.2
4145,10.5051,,158.25,,198.05
4146,10.509,,158.5,,197.9
4147,10.513,,158.75,,197.75
4148,10.5169,,159,,197.6
4149,10.5207,,159.5,,197.1
4150,10.5246,,160,,196.6
4151,10.5273,,160,,196
4152,10.5302,,160,,195.6
4153,10.534,,160.5,,195.1
4154,10.5378,,161,,194.6
4155,10.5418,,161.5,,194
4156,10.5459,,162,,193.4
4157,10.5505,,162.333,,193.067
4158,10.5551,,162.667,,192.733
4159,10.5597,,163,,192.4
4160,10.5651,,163,,192
4161,10.5696,,163.25,,191.6
4162,10.5741,,163.5,,191.2
4163,10.5786,,163.75,,190.8
4164,10.5831,,164,,190.4
4165,10.5873,,164,,190
4166,10.5922,,165,,189.2
4167,10.597,,165,,188.6
4168,10.6012,,165,,188.3
4169,10.6053,,165,,188
4170,10.609,,165,,187.6
4171,10.6127,,165,,187.2
4172,10.6164,,165,,186.8
4173,10.6206,,165,,186.533
4174,10.6249,,165,,186.267
4175,10.6291,,165,,186
4176,10.6331,,165,,185.4
4177,10.6366,,165,,184.933
4178,10.6402,,165,,184.467
4179,10.6438,,165,,184
4180,10.6467,,164.5,,183.8
4181,10.6497,,164,,183.6
4182,10.6525,,164,,183.5
4183,10.6554,,164,,183.4
