secs,km,power,hr,cad,alt
0,0,,65,,322
1,0.00091,,64,,321.6
2,0.00211,,65,,322
3,0.00334,,68,,322.2
4,0.00535,,72,,322
5,0.00844,,72,,322
6,0.01113,,72,,322.2
7,0.01419,,73,,322.2
8,0.01784,,73,,322.2
9,0.02109,,78,,322.2
10,0.02476,,81,,322
11,0.02791,,82,,322
12,0.03101,,82,,322
13,0.03389,,82,,322
14,0.03735,,83,,322
15,0.04089,,83,,322
16,0.04362,,84,,322
17,0.04649,,86,,322.2
18,0.04894,,88,,322
19,0.0513,,89,,322
20,0.05365,,90,,322
21,0.05579,,92,,322.2
22,0.05836,,94,,322.2
23,0.0617,,99,,322.2
24,0.06502,,101,,322.2
25,0.06808,,105,,322.4
26,0.07083,,104,,322.4
27,0.07416,,105,,322.4
28,0.0767,,105,,322.4
29,0.07933,,108,,322.4
30,0.08245,,108,,322.6
31,0.08483,,108,,322.6
32,0.08717,,107,,322.6
33,0.09,,107,,322.8
34,0.09236,,106,,322.8
35,0.09443,,106,,322.8
36,0.09649,,106,,322.8
37,0.09964,,106,,322.8
38,0.10255,,107,,322.8
39,0.10523,,108,,322.8
40,0.10866,,108,,322.8
41,0.11168,,109,,322.8
42,0.11461,,109,,323
43,0.11772,,110,,323
44,0.12059,,111,,323
45,0.12316,,112,,323.2
46,0.12627,,114,,323
47,0.12931,,114,,323
48,0.13223,,114,,323
49,0.13526,,115,,323
50,0.13812,,116,,323.2
51,0.14101,,115,,323.2
52,0.14417,,116,,323.2
53,0.14735,,116,,323.4
54,0.15035,,117,,323.4
55,0.15348,,117,,323.6
56,0.15667,,118,,323.6
57,0.15974,,118,,323.8
58,0.16306,,118,,323.8
59,0.16613,,118,,323.8
60,0.16897,,118,,323.8
61,0.17205,,119,,323.8
62,0.17519,,119,,324
63,0.17818,,119,,324
64,0.18117,,119,,324
65,0.18426,,119,,324
66,0.18722,,119,,324
67,0.19012,,120,,324.2
68,0.19314,,120,,324
69,0.19609,,120,,324
70,0.19902,,120,,324
71,0.20194,,121,,324
72,0.20494,,121,,324
73,0.20798,,122,,324
74,0.21091,,122,,324.2
75,0.21363,,122,,324.2
76,0.21641,,123,,324.4
77,0.21912,,123,,324.4
78,0.22207,,123,,324.4
79,0.22493,,124,,324.6
80,0.22759,,124,,324.4
81,0.23007,,124,,324.6
82,0.23276,,124,,324.6
83,0.23553,,124,,324.6
84,0.2386,,124,,324.6
85,0.24153,,124,,324.6
86,0.24433,,124,,324.6
87,0.24752,,125,,324.8
88,0.25069,,125,,324.6
89,0.25364,,125,,324.6
90,0.25682,,125,,324.6
91,0.26001,,125,,324.4
92,0.26301,,125,,324.4
93,0.26613,,125,,324.4
94,0.26925,,126,,324.4
95,0.27222,,126,,324.2
96,0.27505,,126,,324.2
97,0.27794,,126,,324.2
98,0.2809,,126,,324.2
99,0.28407,,126,,324.2
100,0.28714,,125,,324.2
101,0.29015,,125,,324.2
102,0.29314,,125,,324.4
103,0.29583,,125,,324.4
104,0.29851,,125,,324.4
105,0.30138,,125,,324.4
106,0.30408,,126,,324.4
107,0.3068,,126,,324.4
108,0.30962,,126,,324.4
109,0.31222,,127,,324.6
110,0.31436,,127,,324.8
111,0.31681,,127,,324.8
112,0.31934,,127,,325
113,0.32212,,127,,325
114,0.32503,,127,,325
115,0.32797,,127,,325
116,0.33102,,128,,325
117,0.33412,,128,,325
118,0.33707,,129,,324.8
119,0.34005,,129,,324.8
120,0.34315,,129,,324.8
121,0.34637,,128,,324.8
122,0.34954,,128,,324.6
123,0.35254,,128,,324.6
124,0.35518,,128,,324.6
125,0.35804,,128,,324.6
126,0.36093,,128,,324.6
127,0.36362,,128,,324.6
128,0.36644,,128,,324.6
129,0.36819,,128,,324.6
130,0.37,,128,,324.6
131,0.37227,,128,,324.6
132,0.37457,,127,,324.6
133,0.37702,,127,,324.6
134,0.37981,,127,,324.6
135,0.38235,,126,,324.6
136,0.38501,,126,,324.8
137,0.38802,,126,,324.8
138,0.39093,,125,,324.8
139,0.39381,,125,,324.8
140,0.3968,,125,,324.8
141,0.39975,,125,,324.8
142,0.40228,,125,,324.8
143,0.40509,,125,,324.8
144,0.40786,,125,,324.8
145,0.41079,,125,,324.8
146,0.41391,,125,,324.8
147,0.41674,,125,,325
148,0.41988,,125,,325
149,0.42274,,125,,325
150,0.4255,,125,,325
151,0.4289,,125,,325
152,0.43215,,126,,325.2
153,0.4348,,126,,325.2
154,0.43755,,126,,325.4
155,0.44047,,126,,325.6
156,0.44332,,126,,325.8
157,0.44627,,126,,326
158,0.44923,,127,,326.2
159,0.45183,,127,,326.6
160,0.45439,,127,,327
161,0.45697,,127,,327.4
162,0.45949,,128,,327.6
163,0.46216,,128,,327.8
164,0.46499,,128,,327.8
165,0.46763,,129,,328.2
166,0.47075,,130,,328.6
167,0.47394,,131,,328.8
168,0.47671,,131,,329.2
169,0.47927,,131,,329.4
170,0.48159,,132,,329.6
171,0.48406,,133,,329.8
172,0.48635,,134,,330
173,0.48903,,134,,330.2
174,0.49196,,135,,330.4
175,0.49489,,136,,330.6
176,0.49789,,136,,330.8
177,0.50079,,137,,331
178,0.50372,,137,,331.2
179,0.50635,,137,,331.4
180,0.50898,,137,,331.4
181,0.51158,,138,,331.4
182,0.51422,,138,,331.6
183,0.51668,,138,,331.6
184,0.5196,,139,,331.8
185,0.52225,,139,,332
186,0.52513,,139,,332
187,0.52799,,139,,332
188,0.53067,,139,,332
189,0.5332,,140,,332.2
190,0.53564,,140,,332
191,0.53787,,140,,332
192,0.54043,,140,,331.8
193,0.54339,,140,,331.6
194,0.54583,,139,,331.4
195,0.54827,,139,,331.4
196,0.55041,,139,,331.4
197,0.55238,,139,,331.4
198,0.55452,,139,,331.2
199,0.55677,,139,,331.2
200,0.55922,,138,,331
201,0.56173,,138,,331
202,0.56445,,138,,330.8
203,0.56709,,137,,330.8
204,0.56985,,137,,330.6
205,0.57282,,137,,330.6
206,0.57571,,136,,330.2
207,0.57851,,136,,330.2
208,0.5811,,137,,329.8
209,0.58379,,137,,329.6
210,0.58659,,137,,329.4
211,0.58945,,137,,329.2
212,0.59266,,137,,329
213,0.59563,,136,,328.6
214,0.59822,,136,,328.4
215,0.60088,,135,,328.2
216,0.60369,,135,,328
217,0.60621,,134,,328
218,0.60867,,134,,327.6
219,0.61142,,133,,327.4
220,0.61379,,132,,327
221,0.61624,,132,,326.8
222,0.61879,,131,,326.4
223,0.62126,,130,,326.2
224,0.62347,,130,,326
225,0.62599,,129,,325.8
226,0.62888,,129,,325.6
227,0.63164,,128,,325.6
228,0.63442,,128,,325.4
229,0.63727,,127,,325.2
230,0.64,,127,,325
231,0.64264,,127,,324.6
232,0.64556,,127,,324.2
233,0.64827,,128,,324
234,0.65112,,128,,323.6
235,0.65413,,129,,323.2
236,0.65714,,130,,323
237,0.65989,,130,,322.8
238,0.66279,,130,,322.6
239,0.66565,,130,,322.4
240,0.66805,,129,,322.2
241,0.6706,,131,,322.2
242,0.6729,,131,,322
243,0.67532,,131,,321.8
244,0.67781,,131,,321.6
245,0.68004,,131,,321.6
246,0.68221,,130,,321.4
247,0.68437,,130,,321.2
248,0.68657,,131,,320.8
249,0.68912,,130,,320.6
250,0.69197,,131,,320.4
251,0.69518,,131,,320.2
252,0.69822,,130,,319.8
253,0.70142,,130,,319.4
254,0.70525,,131,,319.4
255,0.7089,,131,,319.2
256,0.71196,,130,,318.8
257,0.71473,,130,,318.6
258,0.71754,,130,,318.4
259,0.72045,,129,,318.2
260,0.72349,,129,,318.2
261,0.72592,,129,,318
262,0.72811,,128,,318
263,0.73017,,128,,317.8
264,0.73222,,128,,317.6
265,0.73532,,127,,317.6
266,0.73749,,126,,317.6
267,0.73832,,126,,317.6
268,0.74145,,125,,317.6
269,0.7435,,125,,317.6
270,0.74616,,124,,317.6
271,0.74826,,124,,317.4
272,0.7495,,124,,317.4
273,0.75225,,124,,317.2
274,0.75558,,123,,317
275,0.7581,,123,,317
276,0.76069,,123,,317
277,0.76365,,123,,317
278,0.76697,,123,,317
279,0.76928,,123,,316.8
280,0.77199,,123,,316.8
281,0.7744,,123,,316.8
282,0.77695,,122,,316.8
283,0.77982,,122,,316.6
284,0.78181,,122,,316.6
285,0.78429,,122,,316.6
286,0.78772,,123,,316.6
287,0.79041,,123,,316.6
288,0.79307,,123,,316.6
289,0.79704,,123,,316.6
290,0.80071,,123,,316.6
291,0.80367,,123,,316.6
292,0.80728,,123,,316.6
293,0.81061,,123,,316.8
294,0.81355,,123,,316.8
295,0.81801,,124,,316.8
296,0.82172,,124,,316.8
297,0.82466,,124,,316.6
298,0.82816,,124,,316.6
299,0.83095,,124,,316.6
300,0.8331,,124,,316.6
301,0.83474,,125,,316.6
302,0.83607,,125,,316.6
303,0.83699,,125,,316.6
304,0.83816,,125,,316.6
305,0.84007,,125,,316.6
306,0.84209,,125,,316.6
307,0.8444,,125,,316.6
308,0.84618,,126,,316.6
309,0.84839,,126,,316.8
310,0.85085,,126,,317
311,0.85299,,126,,317.2
312,0.85602,,126,,316.8
313,0.8579,,126,,316.8
314,0.85946,,126,,316.8
315,0.86151,,127,,316.8
316,0.86311,,127,,316.8
317,0.8648,,127,,316.8
318,0.86696,,128,,316.6
319,0.86899,,128,,316.8
320,0.87114,,128,,316.8
321,0.87306,,128,,316.8
322,0.87524,,128,,317
323,0.87764,,129,,316.8
324,0.88019,,129,,317
325,0.88249,,129,,317
326,0.88475,,129,,317
327,0.88699,,129,,317
328,0.88894,,129,,317
329,0.8911,,129,,317
330,0.89371,,130,,317.2
331,0.89565,,130,,317.2
332,0.89794,,130,,317.2
333,0.89985,,130,,317.4
334,0.90271,,130,,317.4
335,0.90657,,130,,317.4
336,0.90927,,130,,317.4
337,0.9119,,130,,317.4
338,0.91421,,130,,317.6
339,0.91624,,130,,317.6
340,0.9184,,130,,317.6
341,0.92312,,130,,317.6
342,0.92733,,130,,317.6
343,0.93222,,130,,317.6
344,0.93755,,130,,317.8
345,0.94239,,130,,317.8
346,0.94552,,130,,317.8
347,0.94891,,130,,318
348,0.95109,,130,,318.2
349,0.9544,,130,,318.2
350,0.9565,,130,,318.4
351,0.95867,,131,,318.6
352,0.96184,,131,,318.8
353,0.9651,,131,,319.2
354,0.96772,,131,,319.2
355,0.9714,,131,,319.4
356,0.97454,,132,,319.8
357,0.9781,,132,,320.4
358,0.98178,,133,,320.6
359,0.98418,,133,,319.4
360,0.98684,,134,,319.6
361,0.98993,,134,,319.8
362,0.99249,,135,,320
363,0.99467,,135,,320.4
364,0.99691,,135,,320.8
365,0.99948,,136,,320.6
366,1.0019,,136,,320.6
367,1.00461,,137,,320.8
368,1.00689,,138,,321
369,1.00892,,138,,321.2
370,1.01119,,138,,321.4
371,1.01354,,139,,321.6
372,1.0159,,139,,322
373,1.0184,,139,,322.2
374,1.02092,,140,,322.4
375,1.02332,,140,,322.6
376,1.02581,,140,,322.8
377,1.02826,,140,,323.2
378,1.03077,,141,,323.4
379,1.03301,,141,,323.6
380,1.03509,,141,,323.8
381,1.03735,,142,,324.2
382,1.04018,,143,,324.6
383,1.04259,,144,,324.8
384,1.04482,,144,,325
385,1.047,,144,,325.2
386,1.04905,,144,,325.6
387,1.05115,,145,,325.8
388,1.05346,,145,,326
389,1.05593,,146,,326
390,1.05852,,146,,326.4
391,1.06132,,147,,326.6
392,1.06403,,147,,327
393,1.06626,,148,,327.4
394,1.06854,,148,,327.4
395,1.07094,,148,,327.6
396,1.07401,,149,,328
397,1.07682,,149,,328.2
398,1.07912,,149,,328.4
399,1.08134,,149,,328.6
400,1.08356,,150,,329
401,1.0857,,150,,329.2
402,1.0878,,150,,329.4
403,1.08994,,150,,329.6
404,1.09217,,150,,329.6
405,1.09475,,150,,329.8
406,1.0977,,150,,329.8
407,1.10038,,150,,330
408,1.10322,,150,,330.2
409,1.106,,150,,330.2
410,1.10876,,150,,330.4
411,1.11124,,150,,330.6
412,1.11323,,150,,330.6
413,1.11572,,150,,330.8
414,1.11819,,150,,330.8
415,1.12103,,150,,331
416,1.12358,,150,,331
417,1.12628,,149,,331.2
418,1.12886,,149,,331.4
419,1.13192,,149,,331.4
420,1.13522,,149,,331.6
421,1.13911,,149,,331.6
422,1.14205,,149,,331.8
423,1.14488,,149,,331.8
424,1.14757,,149,,331.8
425,1.15044,,148,,331.8
426,1.15326,,148,,331.6
427,1.15584,,148,,331.6
428,1.15855,,148,,331.6
429,1.16112,,148,,331.4
430,1.1638,,147,,331.4
431,1.16646,,147,,331.4
432,1.16923,,147,,331.4
433,1.17175,,146,,331.2
434,1.17449,,146,,331.2
435,1.17723,,145,,331
436,1.17994,,145,,331
437,1.18279,,145,,330.6
438,1.18558,,144,,330.2
439,1.18832,,144,,329.8
440,1.1912,,143,,329.4
441,1.19397,,143,,329.2
442,1.19655,,142,,328.8
443,1.19922,,142,,328.6
444,1.20188,,142,,328.4
445,1.20446,,141,,328.2
446,1.20729,,140,,328
447,1.21022,,140,,327.8
448,1.21329,,139,,327.6
449,1.21622,,139,,327.4
450,1.21927,,138,,327.2
451,1.22241,,138,,326.8
452,1.22557,,138,,326.6
453,1.22859,,137,,326.2
454,1.23169,,137,,326
455,1.23463,,136,,326
456,1.23755,,136,,325.8
457,1.24055,,135,,325.6
458,1.24385,,135,,325.4
459,1.24692,,134,,325.2
460,1.2502,,134,,325.2
461,1.25316,,133,,325.2
462,1.2561,,133,,325
463,1.25918,,132,,325.2
464,1.26204,,132,,325.4
465,1.26511,,132,,325.4
466,1.26797,,132,,325.6
467,1.27092,,132,,325.6
468,1.27371,,131,,325.6
469,1.27618,,131,,325.8
470,1.27878,,131,,325.8
471,1.28144,,131,,325.8
472,1.28404,,131,,325.8
473,1.28673,,131,,325.6
474,1.28933,,131,,325.4
475,1.29227,,131,,325.2
476,1.29525,,131,,325.2
477,1.29791,,131,,325.2
478,1.30054,,131,,325.2
479,1.30318,,130,,325.2
480,1.30592,,130,,325.2
481,1.3088,,130,,325.4
482,1.31182,,130,,325.4
483,1.31485,,130,,325.2
484,1.31822,,130,,325.4
485,1.32125,,130,,325.2
486,1.32417,,130,,325
487,1.32703,,130,,325.4
488,1.32988,,130,,325.2
489,1.33276,,130,,325.2
490,1.33567,,130,,325.4
491,1.33851,,130,,325.4
492,1.34135,,130,,325.6
493,1.34404,,131,,325.6
494,1.3473,,131,,325.6
495,1.35009,,131,,325.6
496,1.35295,,131,,325.6
497,1.35594,,131,,325.6
498,1.35897,,131,,325.6
499,1.36178,,131,,325.6
500,1.36466,,131,,325.6
501,1.36742,,131,,325.6
502,1.37067,,131,,325.6
503,1.37368,,131,,325.6
504,1.37668,,131,,325.6
505,1.37981,,131,,325.4
506,1.38295,,131,,325.4
507,1.38599,,131,,325.6
508,1.389,,131,,325.4
509,1.39207,,131,,325.6
510,1.39519,,131,,326
511,1.39843,,131,,325.8
512,1.40167,,131,,326
513,1.40475,,131,,326.2
514,1.40778,,131,,326.2
515,1.41066,,131,,326.2
516,1.41359,,131,,326
517,1.41625,,131,,325.8
518,1.41917,,131,,325.8
519,1.42329,,131,,325.8
520,1.42688,,131,,325.6
521,1.42975,,131,,325.6
522,1.43319,,131,,325.6
523,1.43634,,131,,325.6
524,1.43935,,131,,325.8
525,1.44261,,131,,325.8
526,1.44583,,131,,325.8
527,1.44903,,131,,325.8
528,1.45234,,131,,326
529,1.45569,,131,,325.8
530,1.45894,,132,,326
531,1.46195,,132,,326
532,1.46511,,132,,326
533,1.46829,,132,,326.2
534,1.47107,,132,,326
535,1.47435,,132,,325.8
536,1.47741,,132,,325.8
537,1.48015,,132,,325.8
538,1.4825,,132,,325.8
539,1.4825,,131.391,,325.774
540,1.4825,,130.783,,325.748
541,1.4825,,130.174,,325.722
542,1.4825,,129.565,,325.696
543,1.4825,,128.957,,325.67
544,1.4825,,128.348,,325.643
545,1.4825,,127.739,,325.617
546,1.4825,,127.13,,325.591
547,1.4825,,126.522,,325.565
548,1.4825,,125.913,,325.539
549,1.4825,,125.304,,325.513
550,1.4825,,124.696,,325.487
551,1.4825,,124.087,,325.461
552,1.4825,,123.478,,325.435
553,1.4825,,122.87,,325.409
554,1.4825,,122.261,,325.383
555,1.4825,,121.652,,325.357
556,1.4825,,121.043,,325.33
557,1.4825,,120.435,,325.304
558,1.4825,,119.826,,325.278
559,1.4825,,119.217,,325.252
560,1.4825,,118.609,,325.226
561,1.4825,,118,,325.2
562,1.48426,,119,,325.2
563,1.48673,,120,,325.2
564,1.49005,,120,,325.2
565,1.49283,,120,,325
566,1.4959,,120,,325
567,1.4994,,120,,324.8
568,1.5029,,120,,324.6
569,1.50588,,119,,324.8
570,1.50903,,119,,324.8
571,1.51217,,119,,324.8
572,1.51547,,119,,325.2
573,1.51843,,119,,325
574,1.52165,,119,,325.2
575,1.52479,,119,,325.4
576,1.52763,,119,,325.4
577,1.53065,,120,,325.6
578,1.5336,,120,,325.8
579,1.53609,,121,,325.6
580,1.53932,,122,,325.8
581,1.54201,,122,,325.8
582,1.5444,,123,,325.6
583,1.54712,,125,,325.6
584,1.5497,,126,,325.6
585,1.55215,,127,,325.4
586,1.55477,,127,,325.4
587,1.5568,,127,,325.6
588,1.55901,,126,,325.4
589,1.56121,,126,,325.4
590,1.56369,,124,,325.6
591,1.56601,,125,,325.4
592,1.56829,,125,,325.6
593,1.57089,,126,,325.6
594,1.57367,,126,,325.4
595,1.57695,,126,,325.6
596,1.57983,,126,,325.4
597,1.58277,,127,,325.4
598,1.58558,,127,,325.4
599,1.58789,,128,,325.2
600,1.59038,,128,,325.2
601,1.59305,,129,,325.2
602,1.59538,,129,,325.2
603,1.59775,,130,,325.2
604,1.60047,,130,,325.4
605,1.60289,,130,,325.6
606,1.60523,,131,,325.8
607,1.60791,,131,,325.6
608,1.61075,,131,,325.6
609,1.61414,,132,,325.6
610,1.61767,,133,,325.4
611,1.62096,,132,,325.4
612,1.62446,,132,,325.2
613,1.62757,,133,,325
614,1.63117,,133,,324.6
615,1.63468,,133,,324.6
616,1.63837,,133,,324.2
617,1.64164,,133,,324.2
618,1.64518,,133,,324.2
619,1.64859,,133,,324.2
620,1.65178,,134,,324.4
621,1.65501,,134,,324.8
622,1.65822,,135,,324.8
623,1.66096,,135,,325
624,1.66467,,136,,325
625,1.66816,,136,,325
626,1.67132,,136,,325.2
627,1.67489,,137,,325.4
628,1.67822,,137,,325.2
629,1.68143,,137,,325.4
630,1.6845,,137,,325.6
631,1.68744,,138,,325.8
632,1.69025,,138,,326
633,1.69325,,138,,326
634,1.69637,,139,,325.8
635,1.6996,,139,,326
636,1.7027,,139,,325.8
637,1.70572,,139,,325.6
638,1.70883,,139,,325.6
639,1.71179,,140,,325.6
640,1.71473,,139,,325.6
641,1.7178,,138,,325.6
642,1.72088,,138,,325.4
643,1.72407,,137,,325.4
644,1.7272,,138,,325.6
645,1.72993,,138,,325.4
646,1.73281,,139,,325.4
647,1.73574,,139,,325.6
648,1.73847,,139,,325.4
649,1.74133,,139,,325.6
650,1.74433,,139,,325.6
651,1.74677,,139,,325.4
652,1.74954,,139,,325.4
653,1.75254,,138,,325.4
654,1.7549,,139,,325.4
655,1.75787,,138,,325.4
656,1.76069,,138,,325.4
657,1.76351,,138,,325.2
658,1.76576,,138,,325.2
659,1.76794,,139,,325.2
660,1.77002,,139,,325.2
661,1.77261,,139,,325.4
662,1.77521,,138,,325.4
663,1.77841,,138,,325.4
664,1.78221,,139,,325.4
665,1.78568,,138,,325.4
666,1.79007,,139,,325.6
667,1.7935,,139,,325.8
668,1.79677,,138,,325.8
669,1.79983,,139,,325.8
670,1.80326,,138,,326
671,1.80624,,138,,325.8
672,1.80929,,138,,326
673,1.81227,,138,,326.2
674,1.81474,,138,,326.2
675,1.8179,,137,,326.2
676,1.82158,,137,,326.2
677,1.82479,,138,,326.2
678,1.82725,,137,,326.2
679,1.8302,,136,,326.2
680,1.83338,,136,,326.2
681,1.83675,,136,,326
682,1.83963,,136,,326
683,1.84277,,137,,326
684,1.84589,,137,,326
685,1.85005,,138,,326
686,1.85295,,138,,326
687,1.85624,,138,,326.2
688,1.85968,,138,,326.2
689,1.86323,,138,,326.2
690,1.8662,,138,,326
691,1.86884,,138,,325.6
692,1.87138,,138,,325.6
693,1.87475,,139,,325.4
694,1.8781,,139,,325.4
695,1.88201,,138,,325.2
696,1.88555,,138,,325.4
697,1.88849,,138,,325.4
698,1.89147,,137,,325.4
699,1.894,,136,,325.2
700,1.89723,,136,,325.2
701,1.89983,,136,,325.2
702,1.9028,,136,,325
703,1.90556,,136,,325
704,1.90868,,136,,325
705,1.91172,,137,,325
706,1.9149,,137,,324.8
707,1.91779,,137,,324.6
708,1.92033,,137,,324.4
709,1.92318,,137,,324
710,1.92589,,137,,323.8
711,1.92836,,136,,323.8
712,1.93044,,136,,323.6
713,1.93244,,136,,323.6
714,1.93433,,136,,323.4
715,1.93637,,136,,323.6
716,1.93891,,136,,323.6
717,1.94133,,136,,323.6
718,1.94381,,137,,323.6
719,1.94654,,136,,323.8
720,1.94929,,135,,323.6
721,1.95155,,134,,323.6
722,1.95394,,134,,323.6
723,1.95662,,134,,323.4
724,1.95913,,133,,323.2
725,1.96153,,133,,323.2
726,1.96378,,133,,323.2
727,1.96706,,133,,323.2
728,1.96916,,133,,323.2
729,1.97098,,133,,323.2
730,1.97348,,134,,323.2
731,1.97586,,134,,323.2
732,1.97873,,135,,323.2
733,1.98152,,135,,323.4
734,1.9838,,135,,323.4
735,1.98679,,135,,323.4
736,1.98944,,135,,323.2
737,1.99241,,135,,323.2
738,1.99516,,134,,323.2
739,1.99823,,134,,323
740,2.00069,,134,,323
741,2.00375,,134,,322.8
742,2.00713,,134,,322.8
743,2.01004,,135,,323
744,2.0139,,135,,322.8
745,2.01722,,136,,322.6
746,2.02104,,136,,322.8
747,2.02492,,136,,323
748,2.02891,,136,,323
749,2.03238,,138,,323
750,2.036,,138,,323.2
751,2.03845,,140,,323.4
752,2.04092,,140,,323.6
753,2.04328,,142,,323.8
754,2.04657,,142,,323.8
755,2.04974,,143,,323.8
756,2.05291,,143,,324
757,2.05649,,144,,324
758,2.05905,,144,,324
759,2.06225,,144,,323.8
760,2.06607,,145,,323.8
761,2.06988,,145,,324
762,2.07424,,146,,324
763,2.079,,146,,324
764,2.08398,,146,,324
765,2.08894,,147,,324
766,2.09341,,147,,324
767,2.09778,,148,,324
768,2.10227,,148,,324
769,2.1067,,148,,324
770,2.11119,,148,,324
771,2.11593,,148,,324
772,2.11978,,149,,324.2
773,2.12443,,149,,324.4
774,2.1286,,150,,324.4
775,2.13292,,150,,324.6
776,2.13794,,150,,324.6
777,2.14245,,151,,324.8
778,2.14644,,151,,325
779,2.1507,,152,,325
780,2.15476,,152,,325
781,2.15932,,153,,325
782,2.16324,,153,,325
783,2.16759,,154,,325
784,2.17195,,154,,325
785,2.17715,,155,,325.2
786,2.18138,,154,,325.2
787,2.18678,,156,,325.2
788,2.19217,,156,,325.2
789,2.19665,,156,,325.2
790,2.20222,,157,,325.2
791,2.20747,,157,,325
792,2.21323,,156,,325
793,2.21812,,157,,325
794,2.22224,,157,,325
795,2.22669,,157,,325
796,2.23137,,155,,325
797,2.23628,,156,,325
798,2.24237,,156,,325
799,2.24677,,157,,325
800,2.25082,,155,,324.8
801,2.25524,,156,,324.8
802,2.25958,,155,,324.6
803,2.26335,,156,,324.6
804,2.26697,,156,,324.4
805,2.27071,,157,,324.4
806,2.27471,,156,,324.4
807,2.27807,,157,,324.4
808,2.28127,,158,,324.6
809,2.28454,,158,,324.8
810,2.28782,,157,,325
811,2.29147,,157,,325
812,2.29554,,157,,325.2
813,2.29943,,158,,325.2
814,2.30347,,156,,325.2
815,2.30743,,157,,325.2
816,2.31087,,157,,325.4
817,2.31565,,157,,325.4
818,2.32042,,157,,325.4
819,2.32488,,157,,325.4
820,2.3294,,157,,325.4
821,2.33347,,157,,325.4
822,2.33748,,157,,325.4
823,2.34136,,158,,325.2
824,2.34498,,157,,325.2
825,2.34844,,157,,325.4
826,2.35184,,157,,325.4
827,2.35501,,158,,325.4
828,2.35889,,158,,325.4
829,2.36317,,158,,325.4
830,2.36814,,159,,325.4
831,2.37257,,159,,325.4
832,2.37649,,158,,325.4
833,2.38044,,159,,325.4
834,2.38482,,158,,325.4
835,2.3895,,158,,325.4
836,2.39334,,158,,325.4
837,2.39696,,159,,325.4
838,2.40059,,158,,325.2
839,2.40489,,158,,325
840,2.40925,,158,,325
841,2.41342,,158,,325
842,2.41785,,158,,325
843,2.42268,,158,,324.8
844,2.42733,,157,,324.8
845,2.4322,,158,,324.8
846,2.43726,,157,,324.8
847,2.44132,,158,,324.8
848,2.4454,,159,,324.8
849,2.44918,,158,,324.8
850,2.45357,,158,,325
851,2.45783,,158,,325
852,2.46196,,158,,325
853,2.46644,,158,,325
854,2.47036,,159,,324.8
855,2.47382,,159,,325
856,2.47671,,159,,324.8
857,2.48067,,158,,324.8
858,2.48529,,159,,324.8
859,2.48902,,159,,324.8
860,2.49267,,159,,325
861,2.49654,,159,,325.2
862,2.49983,,160,,325.2
863,2.50363,,159,,325.4
864,2.50708,,159,,325.6
865,2.5103,,159,,325.8
866,2.51256,,160,,326
867,2.51466,,160,,326
868,2.51631,,160,,326.2
869,2.51894,,160,,326.6
870,2.5219,,160,,326.8
871,2.52488,,161,,327
872,2.52804,,162,,327
873,2.53137,,161,,327
874,2.535,,161,,327
875,2.5386,,161,,327
876,2.54218,,160,,327
877,2.54568,,161,,326.8
878,2.54929,,161,,327
879,2.5528,,161,,327
880,2.55611,,161,,327
881,2.55933,,161,,327
882,2.56251,,161,,327
883,2.5659,,161,,327.2
884,2.56936,,161,,327
885,2.57238,,161,,327
886,2.57558,,161,,327
887,2.57858,,161,,327
888,2.58161,,161,,327
889,2.58473,,160,,327
890,2.58754,,160,,327.4
891,2.59026,,161,,327.6
892,2.59322,,160,,327.8
893,2.59581,,161,,327.8
894,2.59796,,161,,327.8
895,2.60034,,162,,328
896,2.60293,,162,,328
897,2.60511,,162,,328.4
898,2.60744,,163,,328.6
899,2.60981,,161,,329
900,2.61259,,162,,329.2
901,2.61516,,162,,329.4
902,2.61785,,162,,329.8
903,2.62044,,162,,330
904,2.62316,,163,,330.2
905,2.62614,,163,,330.4
906,2.62916,,163,,330.4
907,2.63228,,164,,330.6
908,2.63533,,164,,330.6
909,2.63824,,164,,330.8
910,2.64097,,165,,331
911,2.64347,,164,,331.2
912,2.64612,,163,,331.4
913,2.64826,,163,,331.4
914,2.65073,,163,,331.4
915,2.65319,,163,,331.6
916,2.65611,,164,,331.6
917,2.65914,,164,,331.6
918,2.66199,,164,,331.8
919,2.66457,,164,,331.6
920,2.66678,,164,,331.6
921,2.66989,,164,,331.4
922,2.6729,,164,,331.2
923,2.67546,,165,,331.2
924,2.67806,,164,,331.2
925,2.6837,,163,,331.4
926,2.68785,,164,,331.4
927,2.69148,,164,,331.4
928,2.69532,,163,,331.6
929,2.69972,,163,,331.8
930,2.70419,,164,,331.8
931,2.70656,,164,,331.8
932,2.71044,,164,,331.6
933,2.71445,,163,,331.8
934,2.71802,,164,,331.6
935,2.72245,,163,,331.6
936,2.72574,,163,,331.4
937,2.72956,,163,,331.4
938,2.73372,,163,,331.4
939,2.73756,,163,,331.4
940,2.74099,,163,,331.4
941,2.74456,,162,,331.4
942,2.74818,,163,,331.4
943,2.75144,,161,,331.4
944,2.75447,,161,,331.6
945,2.75734,,161,,331.6
946,2.76106,,162,,331.8
947,2.76357,,162,,331.8
948,2.76554,,162,,331.8
949,2.76748,,163,,331.8
950,2.76975,,162,,331.8
951,2.77201,,162,,331.8
952,2.77467,,162,,331.6
953,2.77801,,162,,331.6
954,2.78102,,162,,331.2
955,2.78389,,163,,331
956,2.78676,,162,,331.2
957,2.78936,,160,,331.2
958,2.79272,,161,,331.2
959,2.79623,,161,,331.6
960,2.79926,,161,,331.6
961,2.80549,,161,,331.8
962,2.81005,,162,,331.8
963,2.81421,,161,,332
964,2.81814,,161,,332
965,2.82229,,162,,332
966,2.82655,,162,,332
967,2.83097,,162,,332
968,2.8346,,162,,331.8
969,2.83817,,162,,332
970,2.84097,,162,,331.8
971,2.84354,,161,,331.8
972,2.84659,,161,,331.8
973,2.84992,,161,,331.8
974,2.85325,,161,,331.8
975,2.85661,,161,,331.8
976,2.86043,,161,,331.8
977,2.86373,,161,,331.8
978,2.86688,,162,,331.8
979,2.87005,,162,,332
980,2.87376,,161,,332
981,2.8776,,162,,331.8
982,2.8813,,160,,331.8
983,2.88578,,161,,331.8
984,2.89024,,161,,331.6
985,2.8939,,161,,331.6
986,2.89746,,161,,331.6
987,2.90186,,161,,331.8
988,2.90541,,161,,331.8
989,2.90893,,161,,332
990,2.91223,,161,,332
991,2.91569,,160,,332
992,2.91982,,160,,332.2
993,2.92348,,159,,332.2
994,2.92656,,159,,332
995,2.92978,,160,,332.2
996,2.93307,,160,,332.2
997,2.93657,,160,,332.2
998,2.94022,,160,,332.2
999,2.94392,,160,,332.2
1000,2.94744,,160,,332.2
1001,2.951,,160,,332.2
1002,2.95568,,160,,332.2
1003,2.9603,,159,,332
1004,2.96517,,160,,332
1005,2.96926,,160,,332
1006,2.97349,,160,,332
1007,2.97766,,160,,332
1008,2.98209,,160,,332
1009,2.98607,,160,,332
1010,2.98988,,160,,332
1011,2.99377,,159,,332
1012,2.99784,,160,,332.2
1013,3.0023,,160,,332.2
1014,3.00615,,159,,332.2
1015,3.0098,,159,,332.2
1016,3.01338,,159,,332.4
1017,3.01683,,160,,332.4
1018,3.02058,,160,,332.6
1019,3.02444,,160,,332.6
1020,3.02804,,159,,332.6
1021,3.03187,,160,,332.8
1022,3.0357,,158,,332.8
1023,3.0397,,159,,332.8
1024,3.04361,,159,,332.8
1025,3.04718,,158,,332.8
1026,3.05081,,158,,332.6
1027,3.05434,,159,,332.6
1028,3.0581,,158,,332.6
1029,3.0623,,158,,332.6
1030,3.06613,,158,,332.6
1031,3.07034,,159,,332.6
1032,3.07477,,158,,332.6
1033,3.07908,,159,,332.6
1034,3.0835,,160,,332.6
1035,3.08771,,160,,332.8
1036,3.09176,,159,,332.8
1037,3.09581,,160,,332.8
1038,3.0997,,159,,332.8
1039,3.10375,,160,,333
1040,3.10751,,159,,332.8
1041,3.11111,,160,,332.6
1042,3.1147,,160,,332.4
1043,3.11803,,160,,332.2
1044,3.12155,,160,,332.4
1045,3.12517,,160,,332.2
1046,3.12868,,160,,332.2
1047,3.13236,,160,,332
1048,3.13585,,160,,331.8
1049,3.13942,,160,,331.8
1050,3.14296,,160,,331.8
1051,3.14653,,161,,331.8
1052,3.15019,,161,,331.8
1053,3.15365,,160,,331.6
1054,3.15712,,160,,331.6
1055,3.16068,,161,,331.6
1056,3.16434,,161,,331.6
1057,3.16782,,161,,331.8
1058,3.17135,,161,,332
1059,3.17431,,161,,332.4
1060,3.17693,,161,,332.6
1061,3.17889,,160,,333
1062,3.18132,,161,,333.2
1063,3.18384,,161,,333.2
1064,3.18691,,161,,333.4
1065,3.18961,,161,,333.4
1066,3.19251,,161,,333.2
1067,3.19576,,162,,333.4
1068,3.199,,161,,333.6
1069,3.2023,,163,,333.8
1070,3.20566,,162,,333.8
1071,3.20901,,162,,333.8
1072,3.21242,,162,,333.8
1073,3.21572,,162,,334
1074,3.21913,,164,,333.8
1075,3.22217,,163,,333.8
1076,3.22501,,162,,333.6
1077,3.22791,,162,,333.6
1078,3.23115,,163,,333.6
1079,3.23441,,162,,333.8
1080,3.23755,,162,,333.8
1081,3.24063,,162,,333.6
1082,3.24354,,162,,333.6
1083,3.24638,,162,,333.8
1084,3.24906,,162,,333.6
1085,3.25194,,161,,333.6
1086,3.25538,,161,,333.6
1087,3.25851,,162,,333.6
1088,3.2613,,161,,333.6
1089,3.26383,,161,,333.8
1090,3.26658,,161,,333.8
1091,3.26939,,161,,333.8
1092,3.27255,,162,,333.6
1093,3.27558,,162,,333.6
1094,3.2789,,161,,333.6
1095,3.2821,,161,,333.4
1096,3.28553,,161,,333.6
1097,3.28966,,161,,333.4
1098,3.29361,,161,,333.4
1099,3.29688,,162,,333.4
1100,3.29996,,162,,333.4
1101,3.30302,,162,,333.4
1102,3.30626,,162,,333.4
1103,3.31037,,162,,333.4
1104,3.31414,,162,,333.4
1105,3.31797,,162,,333.4
1106,3.32182,,162,,333.4
1107,3.32563,,162,,333.4
1108,3.3296,,162,,333.2
1109,3.33371,,162,,333.2
1110,3.33828,,162,,333.2
1111,3.34261,,161,,333.2
1112,3.34623,,162,,333.2
1113,3.34959,,162,,333.2
1114,3.35306,,162,,333.2
1115,3.35619,,162,,333.2
1116,3.35914,,161,,333.2
1117,3.36228,,161,,333.2
1118,3.36521,,161,,333.2
1119,3.36997,,161,,333.4
1120,3.37421,,162,,333.4
1121,3.37718,,161,,333.6
1122,3.38005,,161,,333.4
1123,3.38416,,161,,333.2
1124,3.3887,,161,,333.4
1125,3.39349,,161,,333.2
1126,3.3977,,161,,333
1127,3.40189,,161,,333
1128,3.40558,,161,,333
1129,3.40926,,161,,333.2
1130,3.41304,,161,,333.2
1131,3.41631,,162,,333
1132,3.42025,,163,,333
1133,3.42313,,162,,333
1134,3.4258,,162,,333
1135,3.42908,,162,,332.8
1136,3.43313,,163,,332.8
1137,3.43747,,163,,333
1138,3.44132,,163,,333
1139,3.44443,,163,,333.2
1140,3.44732,,162,,333.2
1141,3.45032,,163,,333.2
1142,3.45351,,163,,333.2
1143,3.45666,,163,,333
1144,3.4594,,163,,333
1145,3.46313,,163,,333
1146,3.46653,,163,,332.8
1147,3.47032,,163,,332.8
1148,3.47361,,163,,332.8
1149,3.47662,,163,,332.8
1150,3.48043,,163,,333
1151,3.48335,,163,,332.8
1152,3.48632,,163,,333
1153,3.48891,,164,,333
1154,3.49128,,164,,333
1155,3.49412,,163,,333.2
1156,3.49642,,163,,333.2
1157,3.49864,,164,,333.2
1158,3.50062,,163,,333.4
1159,3.50232,,163,,333.2
1160,3.50432,,163,,333.4
1161,3.50621,,163,,333.4
1162,3.50874,,162,,333.2
1163,3.51204,,162,,333.2
1164,3.51602,,162,,333.2
1165,3.52018,,162,,333.2
1166,3.52399,,162,,333.2
1167,3.52717,,162,,333.2
1168,3.53058,,162,,333.6
1169,3.53334,,162,,333.6
1170,3.53738,,162,,333.8
1171,3.54029,,161,,333.8
1172,3.54363,,161,,333.6
1173,3.54681,,162,,333.8
1174,3.55007,,161,,333.6
1175,3.55332,,161,,333.6
1176,3.55637,,161,,333.6
1177,3.55928,,162,,333.2
1178,3.56329,,162,,333.4
1179,3.56654,,162,,333.2
1180,3.57018,,163,,333
1181,3.57378,,162,,332.8
1182,3.57759,,163,,332.8
1183,3.58098,,163,,332.8
1184,3.58411,,162,,332.8
1185,3.58754,,162,,332.8
1186,3.5914,,162,,332.8
1187,3.59468,,162,,332.6
1188,3.59859,,163,,332.8
1189,3.60243,,163,,332.8
1190,3.60582,,162,,332.8
1191,3.60889,,162,,333.2
1192,3.61133,,162,,333.2
1193,3.6146,,162,,333.6
1194,3.61778,,163,,333.8
1195,3.62128,,162,,333.8
1196,3.62482,,163,,333.8
1197,3.62927,,163,,333.8
1198,3.63309,,163,,333.8
1199,3.63695,,163,,333.8
1200,3.64111,,163,,333.6
1201,3.64557,,163,,333.8
1202,3.64915,,163,,333.8
1203,3.65247,,162,,333.8
1204,3.65691,,162,,334
1205,3.66139,,162,,334.2
1206,3.66591,,162,,334.2
1207,3.67021,,162,,334.6
1208,3.67458,,162,,334.6
1209,3.67861,,162,,334.8
1210,3.68271,,163,,335
1211,3.68716,,164,,335.2
1212,3.69074,,163,,335.2
1213,3.69415,,163,,335.4
1214,3.69769,,164,,335.4
1215,3.70166,,163,,335.4
1216,3.7048,,164,,335.4
1217,3.70795,,164,,335.6
1218,3.71108,,164,,336
1219,3.71412,,165,,336
1220,3.71736,,164,,336.2
1221,3.72077,,165,,336.2
1222,3.72352,,165,,336
1223,3.72734,,165,,336.2
1224,3.7314,,165,,336
1225,3.73497,,164,,335.6
1226,3.73954,,165,,335.4
1227,3.74389,,164,,335.2
1228,3.74849,,164,,335.2
1229,3.75323,,164,,335
1230,3.75794,,164,,335
1231,3.76221,,164,,335
1232,3.76641,,164,,334.8
1233,3.77076,,164,,335
1234,3.77569,,163,,335
1235,3.78024,,164,,334.8
1236,3.78498,,164,,335
1237,3.78973,,164,,335
1238,3.79453,,164,,335
1239,3.79907,,164,,335
1240,3.80365,,165,,334.8
1241,3.80821,,165,,335
1242,3.81217,,166,,335
1243,3.81613,,165,,335
1244,3.81983,,166,,335
1245,3.82343,,165,,335
1246,3.82719,,165,,335
1247,3.8313,,165,,335.2
1248,3.83482,,166,,335.2
1249,3.8386,,165,,335.4
1250,3.84235,,165,,335.6
1251,3.84588,,166,,335.8
1252,3.84901,,165,,335.8
1253,3.85225,,166,,336
1254,3.85519,,165,,336.2
1255,3.8582,,165,,336.4
1256,3.86069,,165,,336.4
1257,3.86305,,165,,336.6
1258,3.86551,,165,,336.6
1259,3.86853,,166,,336.8
1260,3.87148,,166,,337.2
1261,3.87407,,166,,337.4
1262,3.87686,,165,,337.6
1263,3.87934,,166,,337.6
1264,3.8819,,167,,338
1265,3.88484,,165,,338.2
1266,3.88736,,166,,338.4
1267,3.88992,,166,,338.8
1268,3.89279,,167,,339.2
1269,3.89591,,168,,339.4
1270,3.89868,,167,,339.8
1271,3.9014,,168,,340.2
1272,3.90404,,167,,340.6
1273,3.90688,,167,,341
1274,3.90972,,167,,341.4
1275,3.91265,,168,,341.6
1276,3.91555,,168,,341.8
1277,3.9186,,168,,342.2
1278,3.9215,,168,,342.4
1279,3.92466,,169,,342.6
1280,3.92777,,169,,342.8
1281,3.93069,,168,,343
1282,3.93374,,168,,343.2
1283,3.93655,,169,,343.4
1284,3.93934,,168,,343.6
1285,3.94232,,169,,343.6
1286,3.94509,,168,,343.8
1287,3.94772,,169,,344
1288,3.95074,,168,,344
1289,3.95362,,168,,344.2
1290,3.95641,,169,,344.2
1291,3.95928,,168,,344.4
1292,3.96242,,169,,344.6
1293,3.96551,,168,,345
1294,3.96831,,169,,345.2
1295,3.97082,,169,,345.6
1296,3.97348,,169,,345.8
1297,3.97557,,169,,346
1298,3.9776,,168,,346.2
1299,3.97981,,169,,346.4
1300,3.98186,,168,,346.6
1301,3.98423,,169,,346.6
1302,3.98693,,169,,346.8
1303,3.98945,,169,,346.8
1304,3.99236,,169,,346.8
1305,3.9956,,168,,346.8
1306,3.99846,,169,,346.8
1307,4.00189,,168,,347
1308,4.0056,,168,,346.8
1309,4.0093,,168,,346.8
1310,4.013,,168,,346.4
1311,4.01667,,167,,346
1312,4.02055,,167,,346
1313,4.02437,,167,,345.8
1314,4.02794,,167,,345.6
1315,4.0315,,167,,345.6
1316,4.03516,,168,,345.4
1317,4.03857,,167,,345.2
1318,4.04225,,168,,345.2
1319,4.04584,,168,,345
1320,4.04937,,167,,344.8
1321,4.05278,,167,,344.6
1322,4.0559,,167,,344.6
1323,4.05932,,167,,344.4
1324,4.06267,,166,,344.4
1325,4.06608,,166,,344.4
1326,4.06923,,165,,344.2
1327,4.07251,,166,,344
1328,4.07607,,165,,343.4
1329,4.07956,,165,,343.2
1330,4.08267,,164,,342.8
1331,4.08598,,164,,342.6
1332,4.08946,,164,,342.2
1333,4.09294,,163,,342
1334,4.09666,,164,,341.6
1335,4.10054,,163,,341.2
1336,4.10422,,163,,341
1337,4.1079,,164,,341
1338,4.11154,,163,,340.8
1339,4.11529,,163,,340.8
1340,4.11888,,163,,340.6
1341,4.1226,,163,,340.6
1342,4.12614,,163,,340.4
1343,4.12976,,161,,340.4
1344,4.13334,,161,,340.2
1345,4.13684,,161,,340.4
1346,4.1404,,161,,340.2
1347,4.14382,,161,,340
1348,4.14728,,160,,340
1349,4.15084,,160,,340
1350,4.15436,,160,,339.8
1351,4.15796,,160,,339.6
1352,4.16141,,160,,339.2
1353,4.16489,,161,,339.2
1354,4.16852,,160,,339.2
1355,4.17217,,160,,339
1356,4.17591,,159,,339.2
1357,4.1794,,159,,339.4
1358,4.18278,,159,,339.6
1359,4.18641,,159,,339.8
1360,4.19007,,158,,339.8
1361,4.19346,,158,,339.8
1362,4.19684,,158,,339.6
1363,4.2006,,158,,339.4
1364,4.20451,,157,,339.4
1365,4.20802,,158,,339.2
1366,4.21133,,157,,339.2
1367,4.21461,,158,,339.2
1368,4.21772,,158,,339.4
1369,4.2214,,158,,339.8
1370,4.22527,,159,,339.8
1371,4.22903,,159,,339.8
1372,4.23263,,159,,339.8
1373,4.23605,,159,,339.4
1374,4.23976,,158,,339.6
1375,4.2436,,159,,339.2
1376,4.24746,,159,,338.8
1377,4.25132,,159,,338.6
1378,4.25502,,159,,338.2
1379,4.25874,,160,,338.2
1380,4.26251,,160,,338.2
1381,4.26619,,160,,338
1382,4.27,,160,,338.2
1383,4.27387,,160,,338.2
1384,4.27768,,160,,338.6
1385,4.28153,,161,,338.8
1386,4.28546,,160,,338.8
1387,4.28944,,160,,338.8
1388,4.29324,,160,,339
1389,4.29717,,160,,339.2
1390,4.30108,,160,,339.4
1391,4.30497,,161,,339.4
1392,4.3088,,161,,339.6
1393,4.31249,,161,,339.6
1394,4.31633,,161,,339.6
1395,4.32023,,161,,339.6
1396,4.32398,,161,,339.6
1397,4.32779,,161,,339.4
1398,4.33151,,161,,339.4
1399,4.33527,,161,,339.2
1400,4.33895,,161,,339.2
1401,4.34255,,162,,339.2
1402,4.34641,,161,,339.2
1403,4.35022,,161,,339.2
1404,4.35397,,160,,339.4
1405,4.35785,,162,,339.4
1406,4.36174,,161,,339.6
1407,4.36562,,161,,339.8
1408,4.36955,,161,,339.8
1409,4.3736,,162,,339.8
1410,4.37748,,162,,339.8
1411,4.38136,,162,,339.8
1412,4.38538,,162,,339.8
1413,4.38919,,163,,339.8
1414,4.39299,,162,,339.8
1415,4.39682,,163,,339.8
1416,4.40056,,163,,339.8
1417,4.40435,,162,,340
1418,4.40802,,162,,340
1419,4.41163,,162,,340
1420,4.41532,,162,,340
1421,4.41888,,162,,339.8
1422,4.42264,,163,,340
1423,4.42637,,163,,340
1424,4.43003,,163,,339.8
1425,4.43383,,163,,339.8
1426,4.43752,,164,,339.8
1427,4.44118,,164,,340
1428,4.44509,,163,,340.2
1429,4.44859,,163,,340
1430,4.45238,,164,,340.2
1431,4.45596,,164,,340.4
1432,4.45966,,164,,340.6
1433,4.46366,,163,,340.6
1434,4.46728,,164,,340.6
1435,4.47091,,164,,340.8
1436,4.47447,,164,,340.8
1437,4.47792,,165,,341
1438,4.48141,,165,,341.2
1439,4.48479,,165,,341.6
1440,4.48832,,165,,341.8
1441,4.49187,,165,,342
1442,4.49509,,165,,342
1443,4.49816,,167,,342
1444,4.50128,,169,,342
1445,4.50463,,169,,342
1446,4.50864,,167,,341.8
1447,4.51293,,166,,341.8
1448,4.51732,,167,,341.8
1449,4.52088,,167,,342
1450,4.52403,,167,,341.8
1451,4.52761,,167,,342
1452,4.53102,,167,,342
1453,4.53404,,167,,341.8
1454,4.53772,,168,,342
1455,4.54136,,168,,342
1456,4.54497,,168,,341.8
1457,4.54879,,168,,341.8
1458,4.55248,,168,,341.8
1459,4.55597,,168,,342
1460,4.55955,,167,,342
1461,4.5629,,168,,342
1462,4.56629,,167,,342.2
1463,4.56983,,167,,342.2
1464,4.57341,,167,,342.4
1465,4.57707,,168,,342.4
1466,4.58065,,168,,342.4
1467,4.58456,,167,,342.4
1468,4.58848,,166,,342.6
1469,4.59206,,166,,342.6
1470,4.59589,,166,,342.8
1471,4.59962,,167,,342.6
1472,4.60331,,166,,342.8
1473,4.60678,,166,,342.8
1474,4.61026,,166,,342.6
1475,4.61388,,166,,342.6
1476,4.6173,,167,,342.6
1477,4.62081,,166,,342.6
1478,4.62464,,166,,342.6
1479,4.6282,,166,,342.6
1480,4.63171,,167,,342.6
1481,4.63518,,167,,342.8
1482,4.63875,,167,,343
1483,4.64224,,166,,343.2
1484,4.64568,,166,,343.2
1485,4.64909,,167,,343.4
1486,4.65245,,166,,343.4
1487,4.65555,,167,,343.4
1488,4.65883,,166,,343.4
1489,4.66229,,167,,343.6
1490,4.66548,,166,,343.4
1491,4.66876,,166,,343.6
1492,4.67223,,167,,343.8
1493,4.67546,,168,,344
1494,4.67854,,168,,344
1495,4.68153,,169,,344.2
1496,4.68485,,169,,344.2
1497,4.68834,,169,,344.2
1498,4.69163,,170,,344.2
1499,4.69521,,170,,344.6
1500,4.69881,,170,,344.4
1501,4.70229,,170,,344.2
1502,4.70563,,170,,344.2
1503,4.70898,,170,,344.2
1504,4.71243,,170,,344.6
1505,4.71604,,170,,344.6
1506,4.71958,,170,,344.8
1507,4.72271,,170,,345
1508,4.72598,,170,,345
1509,4.72961,,170,,345
1510,4.73337,,171,,345
1511,4.73704,,171,,344.8
1512,4.74069,,170,,344.8
1513,4.74444,,169,,344.6
1514,4.74803,,169,,344.4
1515,4.75152,,170,,344.4
1516,4.75498,,169,,344.4
1517,4.75856,,168,,344.2
1518,4.76221,,169,,344.2
1519,4.76575,,168,,343.8
1520,4.76933,,168,,343.4
1521,4.77285,,167,,343
1522,4.77617,,168,,342.8
1523,4.77928,,168,,342.8
1524,4.78265,,168,,342.8
1525,4.78604,,168,,342.6
1526,4.78944,,167,,342.8
1527,4.79295,,168,,342.8
1528,4.79662,,168,,342.8
1529,4.80048,,169,,342.8
1530,4.80415,,169,,342.8
1531,4.80756,,168,,343
1532,4.8109,,168,,342.8
1533,4.81382,,168,,342.8
1534,4.81738,,167,,342.8
1535,4.82088,,167,,342.8
1536,4.82447,,166,,342.8
1537,4.82824,,166,,342.8
1538,4.83202,,167,,342.8
1539,4.83585,,166,,343
1540,4.83927,,166,,343
1541,4.84296,,167,,343
1542,4.84653,,166,,343
1543,4.85034,,166,,343
1544,4.8543,,166,,343.2
1545,4.85796,,166,,343
1546,4.86163,,166,,343
1547,4.86524,,166,,342.8
1548,4.86896,,166,,342.6
1549,4.87179,,165,,342.6
1550,4.87536,,165,,342.4
1551,4.87882,,165,,342.2
1552,4.88217,,164,,342.2
1553,4.88567,,164,,342
1554,4.88917,,164,,342
1555,4.89211,,164,,342
1556,4.89521,,164,,342
1557,4.89867,,164,,342
1558,4.9018,,164,,342
1559,4.90476,,164,,342
1560,4.9079,,164,,342.2
1561,4.91065,,165,,342
1562,4.9128,,165,,342.2
1563,4.91564,,165,,342.2
1564,4.91841,,165,,342
1565,4.92114,,166,,342
1566,4.92333,,166,,341.8
1567,4.92513,,166,,341.8
1568,4.92745,,166,,341.8
1569,4.93039,,166,,341.6
1570,4.93128,,166,,341.6
1571,4.93281,,165,,341.6
1572,4.93376,,165,,341.8
1573,4.93606,,165,,342
1574,4.93616,,165,,342
1575,4.939,,165,,342.2
1576,4.9415,,165,,342.2
1577,4.94373,,165,,342.2
1578,4.94562,,164,,342.4
1579,4.94768,,164,,342.2
1580,4.95012,,164,,342.4
1581,4.95257,,164,,342.4
1582,4.95543,,163,,342
1583,4.95849,,164,,342.2
1584,4.962,,163,,341.8
1585,4.96465,,163,,341.6
1586,4.96747,,163,,341.8
1587,4.96991,,164,,341.8
1588,4.97255,,163,,341.8
1589,4.97616,,163,,341.8
1590,4.97928,,163,,341.8
1591,4.98206,,163,,342
1592,4.98499,,163,,342
1593,4.98795,,164,,342
1594,4.99092,,164,,342
1595,4.99424,,164,,342.2
1596,4.99766,,164,,342.2
1597,5.00113,,164,,342.4
1598,5.00415,,164,,342.4
1599,5.00745,,164,,342.6
1600,5.01055,,164,,342.4
1601,5.01374,,165,,342.4
1602,5.01721,,165,,342.4
1603,5.0207,,164,,342.4
1604,5.02363,,165,,342.4
1605,5.02704,,165,,342.4
1606,5.03018,,165,,342.6
1607,5.03361,,165,,342.6
1608,5.03687,,165,,342.8
1609,5.04021,,166,,342.6
1610,5.04395,,165,,342.6
1611,5.04764,,165,,342.6
1612,5.05095,,165,,342.4
1613,5.05444,,165,,342.4
1614,5.05763,,165,,342.4
1615,5.06098,,165,,342.4
1616,5.06435,,165,,342.6
1617,5.06785,,165,,342.6
1618,5.07033,,165,,342.8
1619,5.07328,,165,,342.8
1620,5.07634,,165,,342.8
1621,5.07902,,164,,342.8
1622,5.08243,,164,,342.6
1623,5.08516,,164,,342.6
1624,5.08836,,165,,342.4
1625,5.09191,,165,,342.4
1626,5.09575,,165,,342.2
1627,5.09976,,166,,342.2
1628,5.1037,,165,,342.2
1629,5.10741,,166,,342.4
1630,5.11114,,166,,342.4
1631,5.11373,,166,,342.4
1632,5.11647,,166,,342.4
1633,5.11953,,166,,342.6
1634,5.12297,,166,,342.8
1635,5.12606,,167,,342.8
1636,5.12977,,166,,343
1637,5.13289,,166,,343
1638,5.1362,,166,,343
1639,5.13895,,166,,343
1640,5.14201,,166,,343
1641,5.14614,,167,,343
1642,5.15002,,166,,343
1643,5.15397,,166,,343
1644,5.15772,,166,,343
1645,5.16155,,167,,343.2
1646,5.1652,,167,,343.2
1647,5.16843,,168,,343.2
1648,5.17148,,167,,343.2
1649,5.17465,,167,,343.6
1650,5.17787,,168,,343.6
1651,5.18089,,168,,343.8
1652,5.18455,,167,,344
1653,5.18829,,168,,343.8
1654,5.19265,,168,,344
1655,5.19725,,168,,343.8
1656,5.20075,,168,,343.8
1657,5.20476,,168,,343.8
1658,5.20912,,168,,343.8
1659,5.21352,,168,,344
1660,5.21831,,168,,344
1661,5.22269,,168,,344.2
1662,5.22643,,167,,344.4
1663,5.23046,,167,,344.4
1664,5.23413,,166,,344.4
1665,5.23742,,167,,344.4
1666,5.2409,,166,,344.2
1667,5.24457,,166,,344
1668,5.24811,,165,,344
1669,5.25128,,165,,343.8
1670,5.25536,,166,,343.8
1671,5.2589,,165,,343.6
1672,5.2624,,166,,343.6
1673,5.26609,,165,,343.4
1674,5.2695,,165,,343.2
1675,5.2732,,166,,343.2
1676,5.2768,,166,,343.2
1677,5.27985,,166,,343.2
1678,5.28313,,165,,343.2
1679,5.28674,,165,,343.2
1680,5.29072,,166,,343.2
1681,5.29398,,165,,343.2
1682,5.29695,,165,,343.2
1683,5.30011,,165,,343.2
1684,5.30329,,165,,343.4
1685,5.30623,,165,,343.4
1686,5.30903,,166,,343.4
1687,5.31207,,165,,343.4
1688,5.31529,,166,,343.4
1689,5.31821,,166,,343.6
1690,5.32113,,166,,343.6
1691,5.32414,,166,,343.6
1692,5.32695,,166,,343.8
1693,5.32966,,166,,343.8
1694,5.33288,,166,,343.8
1695,5.33599,,166,,344
1696,5.33947,,166,,344
1697,5.34286,,165,,344
1698,5.34605,,166,,344
1699,5.34956,,166,,344
1700,5.35269,,165,,344.2
1701,5.35442,,166,,344.6
1702,5.35466,,166,,344.6
1703,5.35673,,166,,344.8
1704,5.35988,,166,,344.8
1705,5.3633,,166,,344.6
1706,5.36693,,166,,344.6
1707,5.37029,,166,,344.4
1708,5.37364,,166,,344.2
1709,5.37689,,166,,344.2
1710,5.37959,,167,,344
1711,5.38287,,166,,344.2
1712,5.38638,,166,,344.2
1713,5.3896,,166,,344
1714,5.3929,,167,,344
1715,5.39601,,167,,343.8
1716,5.39921,,167,,343.6
1717,5.40251,,167,,343.6
1718,5.40589,,167,,343.6
1719,5.40919,,167,,343.6
1720,5.41248,,167,,343.6
1721,5.4158,,167,,343.4
1722,5.41922,,166,,343.4
1723,5.42259,,166,,343.2
1724,5.42559,,166,,343.2
1725,5.42884,,166,,343.2
1726,5.43236,,167,,343
1727,5.43586,,166,,343
1728,5.43912,,166,,342.8
1729,5.44255,,166,,342.6
1730,5.4456,,166,,342.8
1731,5.44856,,167,,342.8
1732,5.4518,,166,,342.8
1733,5.45484,,166,,342.8
1734,5.45762,,166,,342.8
1735,5.46082,,167,,343
1736,5.46392,,167,,343
1737,5.46739,,166,,343
1738,5.47061,,167,,343
1739,5.47432,,167,,343
1740,5.47746,,166,,343.2
1741,5.48128,,167,,343
1742,5.48478,,167,,343.2
1743,5.4883,,167,,343.2
1744,5.49189,,166,,343.2
1745,5.4953,,167,,343.2
1746,5.499,,166,,343.2
1747,5.50287,,167,,343
1748,5.50677,,166,,343
1749,5.51001,,166,,343
1750,5.51333,,166,,342.8
1751,5.51628,,167,,343
1752,5.51964,,166,,342.8
1753,5.5229,,167,,343
1754,5.52657,,167,,343
1755,5.52995,,167,,343
1756,5.5334,,167,,343.2
1757,5.53685,,167,,343
1758,5.54019,,167,,342.8
1759,5.5437,,167,,342.8
1760,5.54697,,168,,342.6
1761,5.55014,,166,,342.8
1762,5.55326,,166,,342.8
1763,5.55635,,167,,342.8
1764,5.55974,,167,,342.8
1765,5.56306,,167,,342.8
1766,5.56632,,167,,342.8
1767,5.56976,,167,,342.8
1768,5.57306,,167,,342.8
1769,5.57626,,166,,342.8
1770,5.57947,,166,,342.6
1771,5.58276,,166,,343
1772,5.58648,,166,,342.6
1773,5.59008,,166,,342.6
1774,5.59396,,166,,343
1775,5.59771,,166,,342.6
1776,5.60121,,165,,343
1777,5.60514,,165,,343
1778,5.60841,,166,,342.8
1779,5.61131,,166,,342.8
1780,5.61389,,165,,342.6
1781,5.61693,,166,,342.6
1782,5.61981,,166,,342.4
1783,5.62294,,166,,342.4
1784,5.62605,,166,,342.4
1785,5.62919,,165,,342.4
1786,5.6328,,165,,342.2
1787,5.63574,,165,,342.4
1788,5.63912,,166,,342.2
1789,5.64278,,165,,342.2
1790,5.64649,,166,,342.4
1791,5.65036,,166,,342.4
1792,5.65447,,166,,342.4
1793,5.65827,,166,,342.6
1794,5.66182,,166,,342.6
1795,5.66534,,166,,342.6
1796,5.66871,,166,,342.6
1797,5.67179,,166,,342.4
1798,5.67492,,166,,342.4
1799,5.67818,,166,,342.4
1800,5.68169,,166,,342.4
1801,5.68526,,166,,342.4
1802,5.6886,,166,,342.4
1803,5.69186,,166,,342.4
1804,5.69519,,166,,342.4
1805,5.69861,,166,,342.4
1806,5.7018,,166,,342.4
1807,5.70526,,166,,342.4
1808,5.70871,,166,,342.4
1809,5.71221,,165,,342.4
1810,5.71584,,165,,342.4
1811,5.71958,,165,,342.4
1812,5.72328,,165,,342.2
1813,5.72689,,165,,342.2
1814,5.73056,,165,,342.2
1815,5.73427,,165,,342
1816,5.73797,,165,,342
1817,5.74168,,164,,342
1818,5.74531,,165,,342
1819,5.74889,,164,,341.8
1820,5.75231,,164,,341.8
1821,5.75561,,164,,341.6
1822,5.75888,,164,,341.6
1823,5.76162,,163,,341.4
1824,5.76428,,163,,341.4
1825,5.76714,,163,,341.4
1826,5.77005,,164,,341.2
1827,5.77335,,163,,341
1828,5.77606,,163,,341
1829,5.77894,,163,,341
1830,5.78207,,163,,341
1831,5.78502,,163,,341
1832,5.78757,,163,,341
1833,5.78946,,163,,341
1834,5.79181,,163,,341.2
1835,5.79423,,164,,341.2
1836,5.79717,,164,,341.2
1837,5.80055,,164,,341.2
1838,5.8036,,164,,341.2
1839,5.80637,,165,,341.2
1840,5.80909,,165,,341.2
1841,5.81231,,165,,341
1842,5.81593,,165,,341
1843,5.8197,,165,,341
1844,5.82348,,165,,341
1845,5.82746,,165,,341
1846,5.83097,,165,,340.8
1847,5.8347,,165,,341
1848,5.8387,,165,,341
1849,5.84237,,164,,341
1850,5.8461,,165,,341.2
1851,5.84967,,164,,341.4
1852,5.85291,,165,,341.4
1853,5.85644,,165,,341.4
1854,5.86009,,165,,341.4
1855,5.86374,,164,,341.6
1856,5.86771,,164,,341.6
1857,5.87126,,164,,341.6
1858,5.87495,,164,,341.6
1859,5.87862,,164,,341.8
1860,5.88212,,164,,341.8
1861,5.88586,,164,,341.8
1862,5.8896,,165,,341.8
1863,5.89341,,164,,341.8
1864,5.89723,,164,,341.8
1865,5.90069,,164,,341.6
1866,5.90391,,164,,341.6
1867,5.90694,,164,,341.6
1868,5.91053,,165,,341.6
1869,5.91412,,165,,341.6
1870,5.91769,,165,,341.6
1871,5.9212,,165,,341.6
1872,5.9247,,165,,341.8
1873,5.92836,,165,,341.8
1874,5.93217,,166,,341.8
1875,5.93564,,166,,341.8
1876,5.93956,,166,,342
1877,5.94285,,166,,342
1878,5.94612,,166,,342.2
1879,5.94953,,166,,342
1880,5.95315,,166,,342
1881,5.95713,,166,,341.8
1882,5.96141,,167,,341.6
1883,5.96514,,167,,341.6
1884,5.96863,,166,,341.6
1885,5.97223,,166,,341.6
1886,5.97595,,166,,341.8
1887,5.97978,,166,,341.8
1888,5.98379,,166,,342
1889,5.9879,,166,,342.2
1890,5.9919,,167,,342.2
1891,5.99554,,167,,342.2
1892,5.99918,,167,,342.4
1893,6.00302,,167,,342.6
1894,6.00678,,167,,342.8
1895,6.01064,,166,,343.2
1896,6.0143,,166,,343.4
1897,6.0178,,166,,343.4
1898,6.02146,,166,,343.6
1899,6.02493,,166,,343.4
1900,6.02829,,166,,343.4
1901,6.03154,,167,,343.4
1902,6.03464,,166,,343.4
1903,6.03818,,168,,343.2
1904,6.04158,,167,,343.2
1905,6.04483,,167,,343.2
1906,6.04809,,167,,343.2
1907,6.05117,,168,,343.2
1908,6.05447,,167,,343.2
1909,6.05791,,168,,343.2
1910,6.06115,,168,,343.4
1911,6.06435,,168,,343.2
1912,6.06761,,168,,343
1913,6.07117,,168,,342.6
1914,6.07468,,167,,342.6
1915,6.07761,,167,,342.6
1916,6.08089,,167,,342.4
1917,6.08501,,167,,342.4
1918,6.08885,,167,,342.2
1919,6.09271,,167,,342
1920,6.09672,,167,,342
1921,6.10047,,167,,341.8
1922,6.10409,,167,,341.6
1923,6.10749,,167,,341.2
1924,6.11123,,167,,341.2
1925,6.11507,,167,,341.2
1926,6.11887,,166,,341.4
1927,6.12256,,167,,341.4
1928,6.12599,,167,,341.2
1929,6.12957,,167,,341
1930,6.13354,,167,,341
1931,6.13752,,167,,341
1932,6.14144,,167,,340.8
1933,6.1452,,167,,340.8
1934,6.14896,,166,,340.6
1935,6.15275,,166,,340.6
1936,6.15645,,167,,340.6
1937,6.16008,,166,,340.4
1938,6.16345,,166,,340.4
1939,6.16709,,166,,340.4
1940,6.17069,,166,,340.4
1941,6.17427,,165,,340.4
1942,6.17802,,165,,340.4
1943,6.18171,,165,,340.2
1944,6.18558,,165,,340.2
1945,6.1891,,165,,340
1946,6.19261,,165,,340
1947,6.19644,,165,,339.8
1948,6.19986,,165,,339.8
1949,6.20349,,165,,339.8
1950,6.207,,165,,339.8
1951,6.21067,,165,,339.8
1952,6.21441,,165,,339.8
1953,6.21785,,165,,339.8
1954,6.22129,,165,,340
1955,6.2245,,164,,340.2
1956,6.22748,,164,,340.4
1957,6.2306,,164,,340.6
1958,6.23375,,165,,340.6
1959,6.23714,,164,,340.6
1960,6.24063,,165,,340.6
1961,6.24394,,165,,340.6
1962,6.24741,,164,,340.6
1963,6.25111,,165,,340.4
1964,6.25464,,165,,340.4
1965,6.25822,,165,,340.4
1966,6.26187,,165,,340.2
1967,6.2658,,165,,340.2
1968,6.26976,,166,,340
1969,6.27347,,166,,339.8
1970,6.27729,,166,,339.8
1971,6.28112,,167,,339.6
1972,6.28483,,166,,339.6
1973,6.28858,,166,,339.6
1974,6.29243,,167,,339.4
1975,6.29624,,166,,339.4
1976,6.30002,,166,,339.2
1977,6.3036,,166,,339
1978,6.30725,,166,,338.8
1979,6.31105,,166,,338.8
1980,6.31468,,166,,338.8
1981,6.31829,,166,,338.6
1982,6.32195,,165,,338.6
1983,6.32573,,166,,338.4
1984,6.32943,,165,,338.2
1985,6.33316,,165,,338.2
1986,6.33698,,165,,338.2
1987,6.34076,,165,,338
1988,6.3445,,165,,337.8
1989,6.34803,,164,,337.8
1990,6.35161,,164,,337.6
1991,6.35512,,164,,337.6
1992,6.35866,,164,,337.6
1993,6.36218,,164,,337.6
1994,6.36588,,163,,337.6
1995,6.36953,,164,,337.8
1996,6.37313,,164,,337.8
1997,6.37643,,163,,338
1998,6.37994,,164,,338
1999,6.38354,,163,,338.2
2000,6.38689,,163,,338.2
2001,6.39041,,163,,338.2
2002,6.39398,,164,,338.2
2003,6.39773,,164,,338.4
2004,6.40149,,165,,338.2
2005,6.40523,,165,,338
2006,6.409,,165,,337.8
2007,6.41254,,165,,337.8
2008,6.41624,,165,,338
2009,6.41986,,165,,338
2010,6.42334,,165,,338
2011,6.4269,,164,,338
2012,6.4302,,164,,338
2013,6.43363,,164,,338.2
2014,6.43708,,164,,338
2015,6.44026,,164,,337.8
2016,6.44365,,163,,337.8
2017,6.4469,,164,,337.8
2018,6.45026,,163,,337.6
2019,6.45371,,163,,337.6
2020,6.45702,,163,,337.6
2021,6.46053,,162,,337.8
2022,6.46389,,163,,338
2023,6.46707,,163,,338
2024,6.47054,,163,,338
2025,6.474,,164,,338
2026,6.4773,,163,,338
2027,6.48076,,164,,338
2028,6.48407,,164,,337.8
2029,6.48757,,164,,337.8
2030,6.49093,,164,,337.8
2031,6.49427,,165,,337.8
2032,6.49762,,164,,337.8
2033,6.50104,,164,,337.6
2034,6.50456,,164,,337.6
2035,6.50803,,164,,337.6
2036,6.51154,,164,,337.6
2037,6.5151,,164,,337.8
2038,6.51861,,164,,337.6
2039,6.523,,164,,337.6
2040,6.52655,,165,,337.8
2041,6.52955,,165,,337.8
2042,6.53287,,164,,337.8
2043,6.53613,,164,,337.8
2044,6.53971,,164,,337.8
2045,6.54283,,164,,337.6
2046,6.54565,,164,,337.6
2047,6.54886,,164,,337.6
2048,6.55215,,164,,337.6
2049,6.5552,,163,,337.6
2050,6.55851,,163,,337.8
2051,6.56197,,164,,337.8
2052,6.56536,,164,,338
2053,6.56882,,164,,338
2054,6.57216,,165,,338
2055,6.57538,,164,,338
2056,6.5784,,164,,338
2057,6.5814,,164,,338
2058,6.58457,,164,,338
2059,6.58794,,165,,338
2060,6.5913,,165,,338.2
2061,6.59436,,165,,338.2
2062,6.59787,,166,,338
2063,6.60125,,165,,338
2064,6.6044,,165,,338.2
2065,6.60769,,166,,338.2
2066,6.61078,,166,,338.2
2067,6.6139,,166,,338
2068,6.61703,,166,,338.2
2069,6.61989,,166,,338.2
2070,6.62261,,166,,338.2
2071,6.62548,,166,,338.2
2072,6.62825,,167,,338.2
2073,6.63168,,167,,338.4
2074,6.63481,,167,,338.8
2075,6.6377,,166,,338.8
2076,6.64065,,166,,339
2077,6.64367,,166,,339.4
2078,6.64664,,167,,339.6
2079,6.64961,,167,,339.8
2080,6.65268,,167,,340.2
2081,6.65574,,167,,340.4
2082,6.6594,,168,,340.6
2083,6.66269,,168,,340.8
2084,6.66596,,168,,341
2085,6.66904,,167,,341.4
2086,6.67244,,168,,341.6
2087,6.6761,,168,,341.8
2088,6.68009,,168,,342.2
2089,6.68362,,168,,342.4
2090,6.68737,,168,,342.8
2091,6.69095,,169,,342.8
2092,6.69438,,169,,343
2093,6.6981,,169,,343
2094,6.70168,,169,,343.2
2095,6.70507,,169,,343.2
2096,6.70844,,170,,343.2
2097,6.71166,,170,,343.4
2098,6.71508,,170,,343.6
2099,6.71867,,170,,343.8
2100,6.72236,,170,,343.8
2101,6.72553,,170,,343.8
2102,6.72893,,170,,344
2103,6.73223,,170,,344
2104,6.7352,,170,,344
2105,6.73826,,170,,344.2
2106,6.74105,,171,,344.4
2107,6.74373,,170,,344.8
2108,6.7466,,170,,345
2109,6.74989,,170,,345
2110,6.75273,,170,,345
2111,6.75604,,170,,345
2112,6.75925,,171,,344.8
2113,6.76279,,171,,344.6
2114,6.76669,,170,,344.6
2115,6.7707,,170,,344.4
2116,6.77475,,171,,344.2
2117,6.7791,,171,,344
2118,6.7828,,170,,343.6
2119,6.78651,,170,,343.6
2120,6.7904,,170,,343.4
2121,6.794,,171,,343.2
2122,6.79753,,170,,343
2123,6.80116,,170,,342.8
2124,6.80456,,170,,342.4
2125,6.80812,,170,,342.2
2126,6.81167,,170,,342
2127,6.81561,,168,,341.8
2128,6.81951,,169,,341.6
2129,6.8232,,168,,341.2
2130,6.82675,,168,,341
2131,6.83019,,169,,340.8
2132,6.83361,,168,,340.6
2133,6.83726,,168,,340.4
2134,6.84084,,168,,340.2
2135,6.84455,,167,,340
2136,6.84839,,167,,339.8
2137,6.85215,,167,,339.6
2138,6.85622,,166,,339.2
2139,6.85994,,166,,339
2140,6.86392,,167,,338.6
2141,6.86804,,166,,338.4
2142,6.87233,,166,,338
2143,6.87611,,166,,337.4
2144,6.87919,,166,,337
2145,6.88271,,166,,336.8
2146,6.88622,,166,,336.6
2147,6.88958,,166,,336.6
2148,6.89345,,166,,336.4
2149,6.89729,,166,,336
2150,6.90118,,166,,335.6
2151,6.90527,,165,,335.4
2152,6.90881,,165,,335.2
2153,6.9124,,165,,335
2154,6.9162,,165,,334.8
2155,6.91975,,164,,334.8
2156,6.92302,,164,,334.6
2157,6.92661,,164,,334.4
2158,6.93002,,164,,334.2
2159,6.93352,,164,,334
2160,6.93706,,163,,333.8
2161,6.94076,,164,,333.6
2162,6.9446,,163,,333.4
2163,6.94805,,163,,333.2
2164,6.95116,,163,,333.2
2165,6.95379,,162,,333
2166,6.95681,,163,,332.8
2167,6.96003,,162,,332.8
2168,6.96343,,162,,332.8
2169,6.96746,,162,,332.8
2170,6.97133,,162,,332.8
2171,6.9745,,162,,332.8
2172,6.97812,,163,,332.8
2173,6.9811,,163,,332.8
2174,6.98433,,162,,332.8
2175,6.98772,,163,,332.8
2176,6.99102,,163,,332.8
2177,6.99514,,163,,332.8
2178,6.99885,,163,,332.8
2179,7.00216,,163,,332.8
2180,7.00538,,163,,332.8
2181,7.00827,,163,,332.8
2182,7.01214,,163,,333
2183,7.01543,,163,,333.2
2184,7.01853,,163,,333.2
2185,7.02145,,163,,333.4
2186,7.02588,,164,,333.4
2187,7.02972,,164,,333.4
2188,7.03287,,164,,333.4
2189,7.03594,,164,,333.4
2190,7.03942,,164,,333.4
2191,7.04346,,164,,333.2
2192,7.04755,,164,,333
2193,7.05142,,164,,333
2194,7.05535,,164,,332.8
2195,7.05907,,164,,332.8
2196,7.06269,,164,,332.6
2197,7.06633,,164,,332.6
2198,7.07062,,164,,332.4
2199,7.07529,,165,,332.2
2200,7.07934,,164,,332
2201,7.08316,,165,,331.8
2202,7.08703,,164,,331.6
2203,7.09037,,164,,331.4
2204,7.09361,,165,,331.4
2205,7.0977,,165,,331.2
2206,7.10113,,164,,331.2
2207,7.10402,,164,,331.2
2208,7.10681,,164,,331.2
2209,7.10978,,164,,331.2
2210,7.11295,,164,,331
2211,7.11534,,164,,331
2212,7.11812,,164,,331
2213,7.12133,,165,,331.2
2214,7.1253,,165,,331.2
2215,7.12866,,165,,331.2
2216,7.13155,,165,,331.2
2217,7.13461,,165,,331.2
2218,7.1376,,164,,331.2
2219,7.14018,,164,,331.2
2220,7.14264,,164,,331
2221,7.14475,,164,,331
2222,7.14714,,164,,331
2223,7.14992,,164,,331
2224,7.15233,,164,,331
2225,7.15447,,165,,331
2226,7.15674,,164,,331
2227,7.15937,,164,,331
2228,7.16204,,165,,331
2229,7.16551,,164,,331
2230,7.16874,,165,,331
2231,7.17253,,165,,331
2232,7.17565,,165,,331.2
2233,7.17772,,165,,331.2
2234,7.18004,,165,,331.2
2235,7.1819,,164,,331.4
2236,7.18388,,164,,331.2
2237,7.18553,,165,,331.2
2238,7.18762,,164,,331.2
2239,7.19061,,164,,331.2
2240,7.19336,,164,,331.2
2241,7.19615,,164,,331.2
2242,7.19934,,164,,331.2
2243,7.20251,,164,,331.2
2244,7.20566,,165,,331.2
2245,7.20983,,165,,331.2
2246,7.21416,,165,,331.2
2247,7.21829,,165,,331.2
2248,7.22115,,166,,331.2
2249,7.22669,,166,,331.4
2250,7.23006,,166,,331.4
2251,7.23331,,166,,331.2
2252,7.23693,,166,,331
2253,7.24046,,166,,331
2254,7.24471,,166,,330.8
2255,7.24868,,165,,330.8
2256,7.25336,,165,,330.8
2257,7.25785,,165,,330.8
2258,7.26175,,165,,330.8
2259,7.26563,,165,,330.8
2260,7.26928,,165,,331
2261,7.27343,,165,,331
2262,7.27706,,165,,331
2263,7.27995,,165,,331.2
2264,7.28411,,166,,331.2
2265,7.28828,,166,,331.4
2266,7.29255,,166,,331.2
2267,7.2958,,166,,331.2
2268,7.29961,,166,,331.2
2269,7.30312,,166,,331.2
2270,7.30648,,166,,331.2
2271,7.31005,,165,,331.2
2272,7.31297,,165,,331
2273,7.31652,,165,,330.8
2274,7.3204,,165,,331
2275,7.32416,,165,,331
2276,7.32833,,166,,331
2277,7.3325,,165,,330.8
2278,7.33617,,166,,330.8
2279,7.34012,,165,,330.8
2280,7.34352,,166,,330.8
2281,7.34725,,165,,330.8
2282,7.35113,,166,,331
2283,7.3544,,166,,331
2284,7.35773,,166,,331
2285,7.36091,,166,,331.2
2286,7.36397,,166,,331.2
2287,7.36798,,166,,331.4
2288,7.37189,,167,,331.4
2289,7.37564,,167,,331.4
2290,7.37932,,166,,331.6
2291,7.38301,,167,,331.4
2292,7.38684,,167,,331.4
2293,7.39034,,166,,331.4
2294,7.39399,,166,,331.2
2295,7.39774,,166,,331.4
2296,7.40139,,166,,331.4
2297,7.40516,,166,,331.4
2298,7.40872,,166,,331.4
2299,7.41238,,166,,331.4
2300,7.41629,,165,,331.4
2301,7.42041,,166,,331.4
2302,7.42414,,166,,331.4
2303,7.42757,,166,,331.2
2304,7.43124,,165,,331.2
2305,7.43506,,165,,331.2
2306,7.43881,,166,,331.2
2307,7.44244,,166,,331.2
2308,7.44603,,166,,331.2
2309,7.44973,,166,,331.2
2310,7.45337,,166,,331.2
2311,7.45712,,167,,331.2
2312,7.46087,,167,,331
2313,7.4644,,167,,330.8
2314,7.46798,,167,,330.8
2315,7.47133,,167,,330.6
2316,7.47461,,167,,330.6
2317,7.47779,,167,,330.6
2318,7.48053,,167,,330.4
2319,7.48343,,167,,330.4
2320,7.48682,,167,,330.6
2321,7.49035,,167,,330.4
2322,7.49399,,167,,330.4
2323,7.4977,,167,,330.4
2324,7.50123,,167,,330.4
2325,7.50444,,167,,330.4
2326,7.5078,,167,,330.4
2327,7.51136,,167,,330.4
2328,7.51507,,167,,330.4
2329,7.51862,,167,,330.4
2330,7.52228,,167,,330.4
2331,7.52572,,167,,330.4
2332,7.52932,,167,,330.6
2333,7.53315,,167,,330.8
2334,7.53688,,167,,330.8
2335,7.54036,,167,,330.6
2336,7.54393,,167,,330.8
2337,7.54741,,167,,330.8
2338,7.55069,,167,,331
2339,7.55393,,167,,330.8
2340,7.55701,,166,,330.8
2341,7.56062,,166,,331
2342,7.56376,,166,,331.2
2343,7.56716,,167,,331
2344,7.5707,,166,,331
2345,7.57431,,167,,330.8
2346,7.57765,,167,,330.8
2347,7.58087,,167,,330.6
2348,7.58458,,166,,330.6
2349,7.58787,,166,,330.6
2350,7.59128,,166,,330.6
2351,7.59472,,165,,330.4
2352,7.59842,,165,,330.2
2353,7.60176,,165,,330
2354,7.60531,,164,,330
2355,7.60901,,164,,330
2356,7.61257,,163,,329.8
2357,7.61603,,164,,330
2358,7.61952,,163,,330
2359,7.62275,,164,,330
2360,7.62628,,164,,330
2361,7.63007,,165,,330
2362,7.63386,,165,,330.2
2363,7.6376,,164,,330.4
2364,7.64081,,165,,330.4
2365,7.64398,,165,,330.2
2366,7.64734,,165,,330.2
2367,7.65099,,165,,330.2
2368,7.65459,,165,,330
2369,7.65789,,165,,329.8
2370,7.66152,,165,,329.8
2371,7.6651,,165,,329.8
2372,7.66814,,165,,329.8
2373,7.67128,,165,,329.8
2374,7.67401,,165,,329.8
2375,7.67694,,165,,329.8
2376,7.67949,,165,,329.8
2377,7.68216,,165,,329.8
2378,7.68526,,165,,329.8
2379,7.68809,,165,,329.6
2380,7.6908,,165,,329.6
2381,7.69383,,165,,329.4
2382,7.69695,,165,,329.4
2383,7.70036,,165,,329.4
2384,7.70391,,166,,329.4
2385,7.70726,,165,,329.4
2386,7.71074,,165,,329.2
2387,7.714,,164,,329.2
2388,7.71679,,164,,329.2
2389,7.71937,,165,,329.2
2390,7.72228,,164,,329.2
2391,7.72546,,164,,329
2392,7.72867,,164,,329
2393,7.73214,,164,,329
2394,7.73528,,164,,329
2395,7.73746,,164,,328.8
2396,7.7398,,164,,328.6
2397,7.74227,,164,,328.4
2398,7.74531,,164,,328.4
2399,7.74892,,164,,328.2
2400,7.75301,,164,,328.2
2401,7.75668,,164,,328
2402,7.76058,,164,,328
2403,7.76458,,164,,328
2404,7.76868,,164,,328
2405,7.77275,,164,,328
2406,7.77547,,164,,327.8
2407,7.77871,,164,,327.8
2408,7.78152,,164,,328
2409,7.78422,,163,,328
2410,7.78724,,163,,328.2
2411,7.7907,,163,,328.2
2412,7.79468,,164,,328.2
2413,7.7988,,163,,328.2
2414,7.80291,,163,,328.2
2415,7.80656,,163,,328.4
2416,7.81075,,163,,328.6
2417,7.81468,,163,,328.4
2418,7.81831,,163,,328.4
2419,7.82205,,163,,328.2
2420,7.82518,,164,,328
2421,7.82848,,164,,328
2422,7.83206,,164,,328
2423,7.83538,,164,,328
2424,7.8383,,163,,328
2425,7.84121,,164,,328
2426,7.8434,,164,,328
2427,7.84617,,164,,328.2
2428,7.84889,,164,,328.2
2429,7.85064,,163,,328.2
2430,7.85319,,164,,328.2
2431,7.85697,,163,,328.4
2432,7.86021,,163,,328.4
2433,7.86354,,163,,328.4
2434,7.86698,,164,,328.4
2435,7.87076,,164,,328.4
2436,7.87492,,164,,328.2
2437,7.87724,,163,,328.2
2438,7.87936,,164,,328.2
2439,7.88201,,164,,328.2
2440,7.88496,,164,,328.2
2441,7.88859,,164,,328.2
2442,7.89187,,164,,328.2
2443,7.89522,,164,,328.4
2444,7.89754,,163,,328.4
2445,7.90013,,163,,328.4
2446,7.90396,,163,,328.4
2447,7.90784,,163,,328.6
2448,7.91221,,163,,328.6
2449,7.91628,,163,,328.6
2450,7.92026,,163,,328.4
2451,7.92499,,163,,328.6
2452,7.92908,,163,,328.6
2453,7.93274,,164,,328.6
2454,7.93651,,164,,328.4
2455,7.9404,,164,,328.4
2456,7.9448,,164,,328.4
2457,7.94919,,164,,328.4
2458,7.95334,,164,,328.2
2459,7.95729,,164,,328.2
2460,7.96081,,164,,328.2
2461,7.96448,,164,,328.2
2462,7.9683,,164,,328.2
2463,7.97206,,164,,328.2
2464,7.97581,,164,,328.2
2465,7.97887,,164,,328.2
2466,7.98101,,164,,328.2
2467,7.98502,,163,,328.2
2468,7.98858,,163,,328.2
2469,7.99205,,164,,328.2
2470,7.99603,,164,,328.2
2471,7.99928,,165,,328.2
2472,8.00268,,164,,328.2
2473,8.00568,,165,,328.2
2474,8.00968,,165,,328.2
2475,8.01309,,165,,328.2
2476,8.01681,,165,,328
2477,8.0211,,166,,328.2
2478,8.02415,,166,,328.2
2479,8.02728,,166,,328.2
2480,8.03097,,166,,328.4
2481,8.03445,,166,,328.4
2482,8.03793,,166,,328.4
2483,8.04155,,166,,328.4
2484,8.04534,,166,,328.6
2485,8.04882,,166,,328.6
2486,8.05316,,166,,328.6
2487,8.05703,,166,,328.6
2488,8.05998,,166,,328.4
2489,8.06321,,165,,328.6
2490,8.06686,,166,,328.6
2491,8.07032,,166,,328.6
2492,8.07447,,166,,328.6
2493,8.07758,,166,,328.6
2494,8.08121,,166,,328.6
2495,8.0853,,166,,328.6
2496,8.08945,,165,,328.4
2497,8.09314,,165,,328.2
2498,8.09745,,165,,328.2
2499,8.10162,,165,,328
2500,8.10495,,164,,328
2501,8.10862,,165,,328
2502,8.11264,,165,,328
2503,8.11639,,164,,328.2
2504,8.12019,,164,,328.2
2505,8.12427,,164,,328
2506,8.12775,,165,,328
2507,8.13035,,164,,328
2508,8.13233,,164,,327.8
2509,8.13446,,164,,327.4
2510,8.1358,,164,,327.2
2511,8.13831,,164,,327.2
2512,8.14262,,163,,327
2513,8.14518,,164,,326.8
2514,8.14858,,163,,326.6
2515,8.15168,,163,,326.4
2516,8.15539,,164,,326.4
2517,8.15994,,163,,326.2
2518,8.16331,,164,,326
2519,8.16678,,163,,325.8
2520,8.1705,,163,,325.6
2521,8.17354,,163,,325.2
2522,8.17685,,163,,325
2523,8.18048,,163,,324.8
2524,8.18373,,164,,324.6
2525,8.18764,,164,,324.6
2526,8.19179,,164,,324.4
2527,8.1956,,164,,324.4
2528,8.19953,,164,,324.4
2529,8.20326,,164,,324.4
2530,8.20705,,163,,324.4
2531,8.2111,,164,,324.4
2532,8.21514,,164,,324.4
2533,8.21909,,164,,324.6
2534,8.22314,,164,,324.6
2535,8.2269,,164,,324.4
2536,8.2307,,164,,324.4
2537,8.23435,,164,,324.2
2538,8.23793,,164,,324.2
2539,8.24161,,164,,324.2
2540,8.24525,,165,,324.2
2541,8.24906,,165,,325.6
2542,8.25312,,164,,325.2
2543,8.25739,,164,,324.4
2544,8.26137,,164,,324
2545,8.26473,,164,,324.4
2546,8.26809,,164,,324.2
2547,8.27251,,164,,324
2548,8.27629,,164,,324
2549,8.27986,,164,,323.8
2550,8.28284,,164,,323.6
2551,8.28629,,163,,323.6
2552,8.29032,,164,,323.4
2553,8.29429,,163,,323.4
2554,8.29796,,162,,323.4
2555,8.30149,,162,,323.4
2556,8.30491,,161,,323.4
2557,8.30886,,162,,323.2
2558,8.31306,,162,,323.2
2559,8.31726,,162,,323.2
2560,8.32136,,162,,323.2
2561,8.32539,,162,,322.8
2562,8.32909,,162,,322.6
2563,8.33283,,162,,322.6
2564,8.33662,,162,,322.8
2565,8.3404,,162,,323
2566,8.34449,,161,,323
2567,8.34835,,161,,323
2568,8.35235,,163,,323.2
2569,8.35617,,163,,323.4
2570,8.35974,,163,,323.4
2571,8.36348,,163,,323.4
2572,8.36713,,163,,323.2
2573,8.37087,,163,,323.2
2574,8.37467,,163,,323.2
2575,8.37814,,163,,323.2
2576,8.38154,,163,,323.2
2577,8.38502,,163,,323.2
2578,8.38835,,163,,323.2
2579,8.3917,,163,,323.4
2580,8.39492,,164,,323.4
2581,8.39824,,164,,323.4
2582,8.40117,,164,,323.4
2583,8.40411,,164,,323.6
2584,8.40796,,164,,323.6
2585,8.41159,,164,,323.6
2586,8.41516,,164,,323.6
2587,8.41895,,165,,323.4
2588,8.42244,,164,,323.2
2589,8.42581,,165,,323.2
2590,8.42901,,164,,323.2
2591,8.43218,,164,,323.2
2592,8.43531,,164,,323.2
2593,8.43834,,165,,323.2
2594,8.44158,,164,,323.2
2595,8.44444,,164,,323.2
2596,8.44666,,164,,323.2
2597,8.4487,,164,,323
2598,8.45076,,164,,323
2599,8.45342,,164,,322.8
2600,8.45608,,165,,322.8
2601,8.45909,,164,,322.8
2602,8.46284,,164,,322.8
2603,8.46579,,164,,322.8
2604,8.46881,,164,,322.8
2605,8.47117,,164,,322.8
2606,8.47373,,164,,322.8
2607,8.47644,,164,,322.8
2608,8.47871,,164,,322.8
2609,8.48166,,164,,322.8
2610,8.4839,,165,,322.6
2611,8.48704,,165,,322.8
2612,8.49021,,165,,322.8
2613,8.49303,,165,,322.8
2614,8.49541,,165,,322.8
2615,8.49769,,166,,322.8
2616,8.50028,,166,,322.8
2617,8.50227,,165,,323
2618,8.50431,,166,,323
2619,8.50639,,166,,323
2620,8.50953,,166,,323
2621,8.51173,,166,,323
2622,8.51374,,166,,323
2623,8.51643,,167,,323
2624,8.5197,,167,,323.2
2625,8.52203,,166,,323.2
2626,8.52469,,166,,323.4
2627,8.52677,,166,,323.4
2628,8.52836,,166,,323.4
2629,8.53036,,166,,323.4
2630,8.53283,,166,,323.6
2631,8.53593,,165,,323.6
2632,8.53926,,166,,323.6
2633,8.54228,,166,,323.6
2634,8.54583,,165,,323.8
2635,8.54888,,166,,323.8
2636,8.55248,,166,,323.8
2637,8.55541,,166,,323.8
2638,8.55807,,166,,323.8
2639,8.56145,,166,,323.8
2640,8.56416,,167,,323.6
2641,8.56703,,167,,323.6
2642,8.5697,,167,,323.4
2643,8.57344,,167,,323.4
2644,8.57702,,167,,323.4
2645,8.58078,,167,,323.2
2646,8.58464,,167,,323.2
2647,8.58823,,167,,323
2648,8.59133,,167,,323
2649,8.59494,,167,,323
2650,8.59885,,167,,323
2651,8.60227,,167,,322.8
2652,8.60666,,168,,322.6
2653,8.61042,,167,,322.6
2654,8.61423,,167,,322.6
2655,8.61769,,168,,322.4
2656,8.62243,,167,,322.4
2657,8.62708,,167,,322.4
2658,8.63141,,167,,322.4
2659,8.63548,,167,,322.6
2660,8.63876,,166,,322.6
2661,8.64234,,167,,322.6
2662,8.6459,,167,,322.6
2663,8.64996,,167,,322.6
2664,8.6536,,167,,322.6
2665,8.65679,,166,,322.4
2666,8.6605,,166,,322.4
2667,8.66375,,167,,322.4
2668,8.66731,,166,,322.4
2669,8.67103,,167,,322.4
2670,8.6747,,166,,322.4
2671,8.67775,,166,,322.4
2672,8.67987,,166,,322.4
2673,8.68227,,166,,322.4
2674,8.68409,,166,,322.4
2675,8.68606,,166,,322.4
2676,8.6877,,166,,322.2
2677,8.6898,,166,,322.2
2678,8.69301,,165,,322.2
2679,8.69301,,165,,322.2
2680,8.69476,,165,,322.2
2681,8.6969,,166,,322.2
2682,8.70021,,166,,322.2
2683,8.70325,,165,,322
2684,8.70483,,165,,322
2685,8.7091,,164,,322
2686,8.71258,,164,,321.8
2687,8.71643,,164,,321.8
2688,8.71956,,164,,321.8
2689,8.72299,,163,,322
2690,8.7268,,163,,322
2691,8.72959,,163,,322
2692,8.7327,,163,,322
2693,8.73585,,163,,322
2694,8.73785,,163,,322
2695,8.74083,,163,,322
2696,8.74315,,163,,322.2
2697,8.74585,,163,,322.2
2698,8.74888,,163,,322.4
2699,8.75385,,163,,322.4
2700,8.75852,,163,,322.4
2701,8.76336,,163,,322.8
2702,8.76867,,163,,323
2703,8.77492,,163,,323
2704,8.78025,,164,,323
2705,8.78575,,164,,323
2706,8.79089,,164,,323.2
2707,8.79529,,164,,323
2708,8.79985,,164,,323
2709,8.80347,,164,,323.2
2710,8.80764,,164,,323.2
2711,8.81275,,165,,323.6
2712,8.81743,,165,,323.8
2713,8.82178,,165,,323.8
2714,8.82619,,165,,324
2715,8.83079,,165,,324
2716,8.83505,,165,,324.2
2717,8.83972,,165,,324.2
2718,8.84385,,165,,324.4
2719,8.8483,,166,,324.6
2720,8.85293,,165,,324.8
2721,8.85764,,166,,324.8
2722,8.86222,,166,,325
2723,8.8667,,166,,325
2724,8.87083,,165,,325
2725,8.87083,,164.818,,324.927
2726,8.87083,,164.636,,324.855
2727,8.87083,,164.455,,324.782
2728,8.87083,,164.273,,324.709
2729,8.87083,,164.091,,324.636
2730,8.87083,,163.909,,324.564
2731,8.87083,,163.727,,324.491
2732,8.87083,,163.545,,324.418
2733,8.87083,,163.364,,324.345
2734,8.87083,,163.182,,324.273
2735,8.87083,,163,,324.2
2736,8.87337,,162,,324.2
2737,8.87575,,163,,324.2
2738,8.87961,,163,,324.2
2739,8.88403,,163,,324.2
2740,8.88824,,163,,324.2
2741,8.89236,,163,,324
2742,8.89641,,162,,323.8
2743,8.90066,,162,,323.8
2744,8.90493,,163,,324
2745,8.90884,,163,,324
2746,8.9128,,162,,324.2
2747,8.91653,,162,,324.2
2748,8.9208,,163,,324.2
2749,8.92488,,163,,324.4
2750,8.92856,,163,,324.2
2751,8.9323,,163,,324.4
2752,8.9363,,163,,324.2
2753,8.94043,,163,,324.2
2754,8.94439,,163,,324.2
2755,8.94848,,163,,324
2756,8.95236,,163,,324.2
2757,8.95643,,163,,324
2758,8.96057,,164,,324
2759,8.96473,,164,,324.2
2760,8.96842,,164,,324.2
2761,8.97201,,163,,324.2
2762,8.97553,,164,,324.2
2763,8.97893,,164,,324.2
2764,8.98252,,163,,324.2
2765,8.98563,,164,,324.2
2766,8.98879,,164,,324.2
2767,8.99215,,163,,324
2768,8.99514,,164,,324
2769,8.99814,,164,,324.2
2770,9.00134,,165,,324.2
2771,9.00436,,164,,324.2
2772,9.00741,,165,,324.2
2773,9.01106,,165,,324.4
2774,9.01492,,165,,324.4
2775,9.01855,,165,,324.4
2776,9.02247,,165,,324.2
2777,9.02577,,166,,324.2
2778,9.02898,,166,,324.2
2779,9.032,,166,,324.2
2780,9.03545,,166,,324.2
2781,9.03943,,165,,324.2
2782,9.04319,,166,,324
2783,9.04711,,165,,324
2784,9.05082,,165,,324.2
2785,9.05483,,165,,324.2
2786,9.05834,,165,,324.2
2787,9.0624,,165,,324.2
2788,9.06632,,165,,324.2
2789,9.06997,,165,,324.2
2790,9.07368,,165,,324.2
2791,9.07739,,164,,324.2
2792,9.08148,,164,,324
2793,9.085,,165,,324
2794,9.08868,,164,,324
2795,9.09236,,165,,323.8
2796,9.0958,,165,,323.8
2797,9.09921,,165,,324
2798,9.10264,,165,,324
2799,9.10633,,165,,324
2800,9.11013,,165,,324.2
2801,9.11359,,166,,324.2
2802,9.11739,,166,,324.2
2803,9.12097,,166,,324
2804,9.12431,,166,,324
2805,9.12784,,166,,324
2806,9.13057,,166,,324
2807,9.13391,,166,,324
2808,9.1376,,166,,323.8
2809,9.1416,,166,,323.8
2810,9.14514,,166,,323.8
2811,9.14833,,166,,323.8
2812,9.15136,,166,,323.8
2813,9.15441,,165,,323.8
2814,9.15764,,166,,323.8
2815,9.16085,,166,,323.8
2816,9.16383,,165,,323.8
2817,9.16685,,165,,324
2818,9.16972,,165,,324
2819,9.17258,,165,,324
2820,9.17541,,165,,324
2821,9.17873,,165,,324
2822,9.18233,,165,,324
2823,9.18522,,164,,323.8
2824,9.18819,,164,,323.8
2825,9.19181,,164,,323.8
2826,9.19523,,164,,323.6
2827,9.19871,,163,,323.6
2828,9.2019,,164,,323.6
2829,9.20574,,164,,323.6
2830,9.20993,,164,,323.6
2831,9.21324,,164,,323.6
2832,9.21757,,165,,323.6
2833,9.22132,,165,,323.6
2834,9.2246,,165,,323.8
2835,9.22931,,166,,324
2836,9.23335,,166,,324
2837,9.23765,,165,,324
2838,9.24207,,165,,324
2839,9.24636,,165,,324
2840,9.25028,,166,,324
2841,9.25394,,166,,323.8
2842,9.25727,,166,,323.6
2843,9.26168,,166,,323.6
2844,9.26588,,166,,323.6
2845,9.27093,,167,,323.6
2846,9.27501,,167,,323.6
2847,9.27889,,167,,323.6
2848,9.28247,,167,,323.8
2849,9.2862,,167,,323.8
2850,9.29092,,167,,324
2851,9.29544,,167,,324
2852,9.29938,,167,,324
2853,9.30381,,167,,324
2854,9.30718,,167,,324
2855,9.31054,,167,,324
2856,9.31416,,167,,324
2857,9.31776,,167,,324
2858,9.32161,,167,,323.8
2859,9.32556,,167,,323.8
2860,9.32919,,167,,323.8
2861,9.33269,,166,,323.8
2862,9.33589,,166,,323.8
2863,9.33944,,166,,323.8
2864,9.34292,,166,,323.8
2865,9.34654,,166,,323.8
2866,9.34922,,165,,323.8
2867,9.35204,,166,,323.8
2868,9.35529,,166,,323.8
2869,9.35811,,165,,323.8
2870,9.36122,,166,,324
2871,9.36384,,165,,324
2872,9.3671,,165,,324.2
2873,9.37032,,165,,324.2
2874,9.37322,,165,,324.2
2875,9.37652,,165,,324.4
2876,9.37994,,165,,324.4
2877,9.38331,,165,,324.4
2878,9.38666,,165,,324.2
2879,9.3901,,165,,324.2
2880,9.39347,,165,,324.2
2881,9.397,,164,,324
2882,9.40051,,165,,324
2883,9.404,,165,,324
2884,9.40757,,164,,324
2885,9.41095,,164,,323.8
2886,9.41431,,164,,323.8
2887,9.41778,,164,,323.6
2888,9.42103,,164,,323.6
2889,9.42456,,163,,323.6
2890,9.42819,,164,,323.6
2891,9.4317,,164,,323.4
2892,9.43497,,163,,323.4
2893,9.43878,,164,,323.4
2894,9.44287,,163,,323.4
2895,9.44669,,163,,323.4
2896,9.45059,,163,,323.4
2897,9.45449,,163,,323.4
2898,9.45846,,163,,323.4
2899,9.46192,,163,,323.6
2900,9.46576,,164,,323.6
2901,9.46946,,164,,323.8
2902,9.47316,,164,,323.8
2903,9.47659,,164,,323.8
2904,9.48016,,164,,323.8
2905,9.48424,,165,,323.8
2906,9.48762,,165,,323.8
2907,9.49055,,165,,323.8
2908,9.49355,,165,,323.8
2909,9.49721,,165,,323.8
2910,9.50093,,165,,323.6
2911,9.50402,,165,,323.8
2912,9.50747,,165,,323.8
2913,9.51147,,165,,323.8
2914,9.51479,,165,,324
2915,9.51808,,165,,324.2
2916,9.52208,,165,,324.6
2917,9.52627,,165,,324.8
2918,9.53011,,166,,325
2919,9.53353,,165,,325.4
2920,9.53681,,166,,325.6
2921,9.53917,,166,,326
2922,9.54177,,166,,326.4
2923,9.54438,,167,,326.8
2924,9.54715,,167,,327.2
2925,9.55011,,167,,327.6
2926,9.55266,,168,,328
2927,9.55529,,168,,328.2
2928,9.55778,,168,,328.6
2929,9.56043,,168,,329
2930,9.56334,,169,,329.2
2931,9.56645,,169,,329.4
2932,9.57072,,169,,329.6
2933,9.57451,,169,,329.8
2934,9.57854,,169,,329.8
2935,9.58275,,170,,329.8
2936,9.58709,,170,,329.8
2937,9.59148,,170,,329.8
2938,9.5955,,171,,329.8
2939,9.59939,,171,,330
2940,9.60364,,172,,330
2941,9.60731,,171,,329.8
2942,9.61031,,171,,330
2943,9.61464,,170,,330
2944,9.61869,,170,,329.8
2945,9.62224,,171,,329.6
2946,9.62546,,170,,329.6
2947,9.62814,,170,,329.4
2948,9.63163,,170,,329.4
2949,9.63434,,170,,329.4
2950,9.63746,,171,,329.4
2951,9.64148,,170,,329.4
2952,9.64507,,171,,329
2953,9.64947,,170,,328.8
2954,9.65326,,170,,328.6
2955,9.6567,,170,,328.4
2956,9.66027,,170,,328.2
2957,9.66374,,169,,327.8
2958,9.66704,,169,,327.6
2959,9.67009,,169,,327.4
2960,9.67362,,170,,327.2
2961,9.67656,,170,,327
2962,9.67925,,169,,326.8
2963,9.68181,,169,,326.4
2964,9.68475,,168,,325.8
2965,9.68782,,168,,325.4
2966,9.69117,,169,,325
2967,9.69502,,169,,324.8
2968,9.6986,,168,,324.6
2969,9.70195,,168,,324.4
2970,9.70526,,167,,324
2971,9.70892,,167,,323.6
2972,9.71255,,166,,323.4
2973,9.71589,,166,,323.2
2974,9.71921,,166,,323
2975,9.72202,,165,,322.6
2976,9.7246,,165,,322.4
2977,9.72779,,165,,322.2
2978,9.73121,,164,,321.8
2979,9.7381,,164,,321.4
2980,9.7381,,164,,321
2981,9.74138,,164,,320.8
2982,9.74469,,163,,320.6
2983,9.74742,,163,,320.2
2984,9.75089,,163,,319.8
2985,9.75412,,162,,319.4
2986,9.757,,162,,319
2987,9.75972,,162,,318.6
2988,9.76223,,162,,318.4
2989,9.76495,,162,,318.2
2990,9.76771,,161,,318
2991,9.77038,,160,,317.8
2992,9.77312,,160,,317.4
2993,9.77612,,159,,317.2
2994,9.77906,,159,,316.8
2995,9.78211,,160,,316.4
2996,9.78574,,160,,316
2997,9.78935,,159,,315.6
2998,9.79228,,159,,315.2
2999,9.79483,,159,,315
3000,9.79718,,160,,315
3001,9.79951,,159,,315
3002,9.80361,,158,,315
3003,9.80759,,158,,315
3004,9.81015,,159,,315
3005,9.81296,,159,,315
3006,9.81649,,159,,315
3007,9.82049,,158,,315
3008,9.82427,,158,,315
3009,9.82777,,158,,315
3010,9.83313,,158,,315
3011,9.83665,,158,,314.8
3012,9.84022,,159,,315
3013,9.84401,,158,,315
3014,9.84747,,159,,314.8
3015,9.85064,,159,,314.8
3016,9.85364,,159,,314.6
3017,9.85706,,159,,314.6
3018,9.8607,,159,,314.4
3019,9.8649,,159,,314.4
3020,9.86753,,159,,314.2
3021,9.87044,,159,,314.4
3022,9.87333,,160,,314.4
3023,9.8768,,160,,314.2
3024,9.88042,,159,,314.4
3025,9.88352,,159,,314.4
3026,9.88666,,159,,314.6
3027,9.88979,,159,,314.6
3028,9.89296,,159,,314.4
3029,9.89634,,159,,314.6
3030,9.8996,,159,,314.6
3031,9.90296,,159,,314.8
3032,9.9064,,159,,314.8
3033,9.90993,,160,,314.8
3034,9.91332,,160,,314.8
3035,9.91701,,161,,314.8
3036,9.92072,,160,,314.8
3037,9.92451,,160,,314.8
3038,9.92816,,160,,314.8
3039,9.93216,,161,,314.8
3040,9.93645,,160,,314.8
3041,9.94061,,161,,314.8
3042,9.94464,,161,,314.8
3043,9.94867,,161,,314.8
3044,9.95275,,160,,314.8
3045,9.9569,,160,,314.8
3046,9.96085,,162,,314.6
3047,9.96482,,162,,314.6
3048,9.96832,,162,,314.6
3049,9.97196,,162,,314.6
3050,9.97508,,162,,314.6
3051,9.97895,,162,,314.6
3052,9.98286,,162,,314.6
3053,9.9868,,162,,314.6
3054,9.99105,,163,,314.6
3055,9.99587,,163,,314.6
3056,10.0003,,163,,314.6
3057,10.0045,,163,,314.6
3058,10.0082,,164,,314.6
3059,10.0121,,164,,314.6
3060,10.0158,,164,,314.6
3061,10.0194,,164,,314.6
3062,10.023,,164,,314.4
3063,10.0268,,163,,314.4
3064,10.0306,,163,,314.6
3065,10.0342,,163,,314.6
3066,10.0376,,163,,314.4
3067,10.041,,163,,314.4
3068,10.0445,,163,,314.2
3069,10.048,,164,,314.4
3070,10.0515,,164,,314.2
3071,10.0546,,163,,314.2
3072,10.058,,164,,314.2
3073,10.0613,,164,,314.4
3074,10.0648,,164,,314.4
3075,10.0682,,164,,314.4
3076,10.0716,,164,,314.4
3077,10.0751,,164,,314.4
3078,10.0786,,164,,314.4
3079,10.082,,164,,314.6
3080,10.0855,,164,,314.6
3081,10.089,,165,,314.6
3082,10.0927,,164,,314.6
3083,10.0962,,165,,314.6
3084,10.0998,,165,,314.6
3085,10.1035,,165,,314.6
3086,10.1065,,165,,314.6
3087,10.11,,165,,314.4
3088,10.1137,,164,,314.6
3089,10.1175,,164,,314.6
3090,10.1207,,164,,314.6
3091,10.1235,,164,,314.4
3092,10.1263,,164,,314.2
3093,10.1289,,164,,314.2
3094,10.132,,164,,314
3095,10.1349,,163,,314
3096,10.1379,,163,,314
3097,10.1408,,163,,313.8
3098,10.1438,,163,,313.8
3099,10.1473,,163,,313.8
3100,10.1511,,163,,313.8
3101,10.1541,,163,,313.8
3102,10.1578,,164,,313.8
3103,10.1613,,164,,313.8
3104,10.1647,,164,,313.8
3105,10.1678,,164,,314
3106,10.1706,,163,,314
3107,10.1737,,164,,314.2
3108,10.1768,,164,,314.2
3109,10.1802,,164,,314.4
3110,10.1839,,164,,314.4
3111,10.1873,,164,,314.4
3112,10.1911,,165,,314.6
3113,10.195,,165,,314.6
3114,10.1989,,165,,314.4
3115,10.202,,165,,314.4
3116,10.2051,,165,,314.2
3117,10.2083,,164,,314.6
3118,10.2113,,165,,314.4
3119,10.2145,,164,,314.2
3120,10.2178,,164,,314.4
3121,10.2209,,165,,314.4
3122,10.2238,,165,,314.6
3123,10.2269,,164,,314.6
3124,10.2302,,165,,314.6
3125,10.2338,,165,,314.6
3126,10.2371,,165,,314.4
3127,10.24,,166,,314.4
3128,10.2434,,165,,314.2
3129,10.2468,,166,,314
3130,10.2502,,166,,314.2
3131,10.2537,,165,,314
3132,10.2566,,166,,314.2
3133,10.2598,,165,,314.4
3134,10.263,,165,,314.4
3135,10.2663,,165,,314.4
3136,10.2694,,166,,314.6
3137,10.2719,,166,,314.6
3138,10.2744,,165,,314.8
3139,10.277,,165,,314.6
3140,10.2805,,165,,314.8
3141,10.2835,,165,,315
3142,10.2868,,165,,315
3143,10.2903,,165,,315.2
3144,10.2938,,165,,315
3145,10.2963,,164,,315
3146,10.299,,165,,315
3147,10.3013,,165,,314.8
3148,10.3042,,164,,314.8
3149,10.3078,,165,,314.8
3150,10.3114,,165,,314.6
3151,10.3149,,165,,314.6
3152,10.3182,,165,,314.8
3153,10.3213,,165,,314.8
3154,10.3255,,164,,314.8
3155,10.329,,164,,314.8
3156,10.3334,,164,,314.8
3157,10.3371,,164,,314.8
3158,10.3413,,164,,314.8
3159,10.3458,,165,,314.8
3160,10.3495,,165,,314.6
3161,10.3532,,165,,314.6
3162,10.3576,,165,,314.4
3163,10.3614,,165,,314.4
3164,10.3659,,165,,314.2
3165,10.3701,,165,,314.2
3166,10.3739,,165,,314.2
3167,10.3779,,166,,314.2
3168,10.3826,,166,,314
3169,10.3873,,166,,314
3170,10.392,,166,,314
3171,10.3968,,166,,313.8
3172,10.4018,,165,,313.8
3173,10.4076,,165,,313.8
3174,10.4121,,166,,313.8
3175,10.4165,,165,,313.8
3176,10.4207,,165,,313.8
3177,10.4245,,165,,313.6
3178,10.4289,,164,,313.6
3179,10.4332,,164,,313.6
3180,10.4374,,164,,313.6
3181,10.4407,,164,,313.4
3182,10.4447,,165,,313.4
3183,10.4488,,165,,313.2
3184,10.4526,,165,,313.2
3185,10.4567,,165,,313
3186,10.4612,,165,,313
3187,10.466,,165,,313
3188,10.4702,,165,,313
3189,10.4741,,165,,313
3190,10.4785,,165,,313
3191,10.4826,,165,,313
3192,10.4861,,165,,313
3193,10.4895,,165,,313
3194,10.4929,,165,,313
3195,10.4966,,165,,313
3196,10.5007,,164,,313
3197,10.5048,,165,,313
3198,10.5085,,165,,312.8
3199,10.5119,,165,,312.8
3200,10.5153,,166,,313
3201,10.5182,,166,,313
3202,10.5217,,166,,313.2
3203,10.5256,,167,,313.4
3204,10.5292,,167,,313.4
3205,10.5336,,167,,313.4
3206,10.5375,,167,,313.4
3207,10.541,,167,,313.6
3208,10.5439,,168,,313.6
3209,10.5474,,168,,313.6
3210,10.5509,,168,,313.6
3211,10.5548,,168,,314
3212,10.5585,,168,,314
3213,10.5621,,168,,314
3214,10.5658,,167,,314.2
3215,10.5693,,168,,314.2
3216,10.5726,,167,,314.4
3217,10.5761,,167,,314.2
3218,10.5794,,166,,314
3219,10.5828,,166,,314
3220,10.5866,,166,,313.8
3221,10.5902,,166,,313.8
3222,10.5934,,166,,313.6
3223,10.5972,,167,,313.6
3224,10.6012,,167,,313.6
3225,10.6053,,167,,313.6
3226,10.609,,167,,313.4
3227,10.6124,,166,,313.2
3228,10.6158,,167,,313
3229,10.6187,,167,,313
3230,10.6221,,166,,312.8
3231,10.625,,166,,312.6
3232,10.6276,,165,,312.6
3233,10.6306,,165,,312.4
3234,10.6337,,164,,312.4
3235,10.6369,,165,,312.4
3236,10.6403,,164,,312.4
3237,10.6438,,164,,312.4
3238,10.6472,,164,,312.2
3239,10.6503,,165,,312.2
3240,10.6534,,164,,312
3241,10.6566,,164,,312
3242,10.6601,,165,,312
3243,10.6635,,165,,312
3244,10.6657,,165,,312
3245,10.668,,165,,311.8
3246,10.6704,,166,,311.8
3247,10.6739,,166,,311.6
3248,10.6789,,165,,311.6
3249,10.6832,,165,,311.4
3250,10.6868,,165,,311.4
3251,10.6904,,164,,311.4
3252,10.6944,,164,,311.2
3253,10.6992,,165,,311.2
3254,10.7039,,165,,311
3255,10.709,,166,,311
3256,10.7136,,166,,310.8
3257,10.7179,,165,,310.6
3258,10.722,,166,,310.4
3259,10.7264,,165,,310.4
3260,10.7305,,165,,310.4
3261,10.734,,165,,310.2
3262,10.7374,,166,,310
3263,10.7404,,166,,310
3264,10.7438,,166,,310
3265,10.7471,,167,,310
3266,10.7502,,167,,310
3267,10.7534,,167,,309.8
3268,10.7558,,167,,309.8
3269,10.7585,,166,,309.6
3270,10.7606,,167,,309.6
3271,10.7624,,167,,309.4
3272,10.7645,,167,,309.4
3273,10.7667,,166,,309.4
3274,10.7685,,166,,309.2
3275,10.771,,167,,309.2
3276,10.7738,,167,,309.2
3277,10.7776,,167,,309.2
3278,10.7802,,167,,309.4
3279,10.783,,166,,309.4
3280,10.7855,,166,,309.6
3281,10.7886,,166,,309.6
3282,10.7923,,166,,309.4
3283,10.8056,,166,,309.6
3284,10.8098,,166,,309.6
3285,10.8142,,165,,309.4
3286,10.8187,,165,,309.2
3287,10.8244,,165,,309.2
3288,10.8274,,165,,309.2
3289,10.8324,,165,,309.2
3290,10.8354,,165,,309.2
3291,10.84,,165,,309.4
3292,10.8447,,166,,309.6
3293,10.8484,,166,,309.8
3294,10.85,,166,,310
3295,10.8505,,167,,310.2
3296,10.853,,167,,310.2
3297,10.8542,,167,,310.2
3298,10.8586,,168,,310
3299,10.8619,,168,,310
3300,10.8653,,167,,309.8
3301,10.8672,,167,,309.6
3302,10.8686,,168,,309.6
3303,10.8705,,168,,309.6
3304,10.8724,,168,,309.6
3305,10.8739,,168,,309.6
3306,10.8751,,168,,309.6
3307,10.8768,,168,,309.6
3308,10.8799,,169,,309.6
3309,10.8834,,168,,309.6
3310,10.8881,,168,,309.6
3311,10.892,,168,,309.6
3312,10.8958,,168,,309.6
3313,10.8999,,168,,309.4
3314,10.9035,,168,,309.4
3315,10.9078,,169,,309.2
3316,10.912,,168,,309.2
3317,10.9163,,169,,309.2
3318,10.9212,,168,,309.2
3319,10.9262,,168,,309.2
3320,10.9314,,168,,309.2
3321,10.9358,,167,,309.2
3322,10.9405,,168,,309.2
3323,10.9449,,167,,309.2
3324,10.9495,,168,,309.2
3325,10.954,,167,,309.2
3326,10.9586,,167,,309.4
3327,10.9634,,167,,309.4
3328,10.9685,,167,,309.4
3329,10.9727,,167,,309.6
3330,10.9768,,167,,309.6
3331,10.9803,,166,,309.6
3332,10.9837,,167,,309.6
3333,10.9873,,166,,309.6
3334,10.9909,,166,,309.6
3335,10.9947,,166,,309.6
3336,10.9982,,166,,309.6
3337,11.0017,,166,,309.6
3338,11.0054,,166,,309.6
3339,11.0085,,166,,309.6
3340,11.0123,,165,,309.4
3341,11.0165,,166,,309.4
3342,11.0207,,166,,309.4
3343,11.0246,,166,,309.2
3344,11.0281,,165,,309.2
3345,11.0317,,165,,309.2
3346,11.0355,,165,,309.2
3347,11.0395,,165,,309.2
3348,11.0427,,165,,309
3349,11.0458,,165,,309
3350,11.0491,,165,,309
3351,11.0524,,166,,308.8
3352,11.0556,,166,,308.8
3353,11.0589,,166,,308.8
3354,11.0618,,166,,308.6
3355,11.0651,,166,,308.6
3356,11.0685,,167,,308.4
3357,11.072,,167,,308.6
3358,11.075,,167,,308.4
3359,11.0777,,167,,308.4
3360,11.0802,,167,,308.4
3361,11.0829,,167,,308.6
3362,11.0864,,167,,308.6
3363,11.0902,,167,,308.6
3364,11.0938,,168,,308.4
3365,11.097,,167,,308.4
3366,11.1005,,166,,308.4
3367,11.1034,,167,,308.4
3368,11.1065,,167,,308.4
3369,11.1098,,167,,308.4
3370,11.1128,,167,,308.4
3371,11.1161,,166,,308.4
3372,11.119,,167,,308.4
3373,11.1219,,167,,308.4
3374,11.1247,,167,,308.2
3375,11.1279,,167,,308.4
3376,11.1313,,167,,308.2
3377,11.1347,,167,,308.2
3378,11.138,,167,,308.2
3379,11.1407,,167,,308.4
3380,11.1435,,167,,308.4
3381,11.146,,166,,308.6
3382,11.1486,,166,,308.4
3383,11.1512,,166,,308.6
3384,11.1533,,166,,308.6
3385,11.1553,,166,,308.4
3386,11.1569,,165,,308.4
3387,11.1584,,166,,308.6
3388,11.1603,,166,,308.6
3389,11.1629,,166,,308.6
3390,11.1652,,166,,308.6
3391,11.1677,,166,,308.6
3392,11.17,,166,,308.6
3393,11.1725,,166,,308.6
3394,11.1748,,166,,308.6
3395,11.1771,,166,,308.6
3396,11.18,,166,,308.6
3397,11.1833,,166,,308.6
3398,11.187,,166,,308.6
3399,11.1895,,166,,308.4
3400,11.1919,,167,,308.4
3401,11.1941,,166,,308.4
3402,11.1967,,166,,308.4
3403,11.2002,,167,,308.4
3404,11.2053,,167,,308.4
3405,11.2103,,167,,308.4
3406,11.2143,,167,,308.6
3407,11.2197,,167,,308.6
3408,11.2238,,167,,308.4
3409,11.2275,,167,,308.4
3410,11.2312,,167,,308.4
3411,11.2354,,166,,308.2
3412,11.2393,,166,,308
3413,11.2432,,167,,308
3414,11.2461,,166,,307.8
3415,11.2505,,167,,307.8
3416,11.2557,,166,,307.8
3417,11.26,,167,,307.6
3418,11.265,,167,,307.6
3419,11.2692,,167,,307.8
3420,11.2732,,166,,307.8
3421,11.2766,,167,,307.8
3422,11.2806,,166,,307.8
3423,11.2848,,166,,307.8
3424,11.2887,,167,,307.8
3425,11.2927,,166,,307.6
3426,11.2959,,167,,307.6
3427,11.2982,,166,,307.6
3428,11.3001,,166,,307.6
3429,11.3029,,166,,307.6
3430,11.3057,,166,,307.4
3431,11.3087,,166,,307.2
3432,11.3125,,166,,307.4
3433,11.317,,166,,307.2
3434,11.3215,,166,,307.2
3435,11.3262,,166,,307
3436,11.3309,,166,,306.8
3437,11.3353,,166,,306.8
3438,11.3386,,165,,306.8
3439,11.3415,,166,,306.6
3440,11.3456,,166,,306.6
3441,11.35,,166,,306.6
3442,11.3533,,166,,306.4
3443,11.3568,,166,,306.4
3444,11.361,,165,,306.2
3445,11.3654,,166,,306.4
3446,11.3701,,166,,306.2
3447,11.3742,,165,,306
3448,11.3784,,165,,306
3449,11.3825,,165,,306
3450,11.3864,,165,,306
3451,11.3907,,165,,306
3452,11.3948,,165,,306
3453,11.3993,,164,,305.8
3454,11.4042,,164,,305.8
3455,11.4081,,165,,305.8
3456,11.4121,,164,,305.8
3457,11.416,,164,,305.8
3458,11.4197,,164,,305.8
3459,11.4226,,164,,305.8
3460,11.4265,,164,,305.8
3461,11.4301,,165,,305.6
3462,11.4336,,164,,305.6
3463,11.438,,165,,305.6
3464,11.4421,,164,,305.6
3465,11.4467,,164,,305.6
3466,11.4507,,165,,305.4
3467,11.4549,,165,,305.4
3468,11.4591,,165,,305.6
3469,11.4633,,165,,305.6
3470,11.4674,,165,,305.4
3471,11.471,,165,,305.4
3472,11.4757,,165,,305.4
3473,11.4795,,165,,305.4
3474,11.4827,,165,,305.4
3475,11.4853,,165,,305.2
3476,11.4889,,164,,305.2
3477,11.4924,,164,,305
3478,11.4953,,164,,304.8
3479,11.4986,,165,,304.8
3480,11.5022,,165,,305
3481,11.5055,,165,,304.8
3482,11.5093,,165,,304.8
3483,11.5135,,165,,304.6
3484,11.5166,,165,,304.6
3485,11.5209,,165,,304.6
3486,11.524,,165,,304.6
3487,11.5278,,165,,304.6
3488,11.5315,,164,,304.6
3489,11.5353,,164,,304.6
3490,11.5389,,163,,304.6
3491,11.542,,163,,304.6
3492,11.5455,,163,,304.6
3493,11.5497,,164,,304.6
3494,11.5538,,163,,304.4
3495,11.5572,,163,,304.4
3496,11.5612,,163,,304.4
3497,11.5652,,163,,304.4
3498,11.5691,,163,,304.4
3499,11.5729,,163,,304.4
3500,11.577,,163,,304.4
3501,11.581,,164,,304.4
3502,11.585,,163,,304.4
3503,11.5889,,164,,304.4
3504,11.5926,,164,,304.4
3505,11.5964,,164,,304.4
3506,11.6004,,165,,304.4
3507,11.6042,,165,,304.2
3508,11.6077,,165,,304.2
3509,11.611,,165,,304
3510,11.6137,,166,,303.8
3511,11.6172,,166,,303.8
3512,11.6213,,166,,303.8
3513,11.6244,,166,,303.6
3514,11.6274,,166,,303.6
3515,11.6306,,166,,303.6
3516,11.6347,,166,,303.6
3517,11.6384,,165,,303.6
3518,11.6422,,165,,303.8
3519,11.6459,,165,,303.8
3520,11.6503,,165,,303.8
3521,11.6541,,166,,303.8
3522,11.6586,,166,,303.8
3523,11.662,,166,,303.8
3524,11.6658,,166,,303.8
3525,11.6693,,166,,303.8
3526,11.6721,,166,,303.8
3527,11.6751,,166,,303.6
3528,11.6778,,166,,303.6
3529,11.6809,,166,,303.6
3530,11.6843,,166,,303.4
3531,11.6873,,166,,303.4
3532,11.6899,,166,,303.6
3533,11.6927,,166,,303.6
3534,11.6955,,166,,303.6
3535,11.6991,,166,,303.6
3536,11.7019,,167,,303.6
3537,11.7049,,167,,303.8
3538,11.7081,,166,,303.6
3539,11.7109,,167,,303.8
3540,11.7144,,167,,303.8
3541,11.7179,,167,,303.6
3542,11.7215,,167,,303.4
3543,11.7254,,168,,303.2
3544,11.7292,,168,,303.2
3545,11.7323,,167,,303.2
3546,11.7353,,167,,303.2
3547,11.7382,,168,,303
3548,11.7418,,168,,303
3549,11.7455,,168,,303
3550,11.7493,,167,,302.8
3551,11.7521,,167,,302.8
3552,11.7547,,167,,302.8
3553,11.7578,,167,,302.8
3554,11.761,,167,,302.8
3555,11.7641,,166,,302.8
3556,11.7672,,166,,302.8
3557,11.7703,,167,,302.8
3558,11.773,,167,,302.8
3559,11.7757,,167,,302.8
3560,11.779,,167,,302.6
3561,11.7821,,167,,302.6
3562,11.7861,,167,,302.4
3563,11.7897,,167,,302.2
3564,11.7936,,167,,302
3565,11.797,,167,,302
3566,11.8008,,167,,301.8
3567,11.8047,,167,,301.8
3568,11.808,,167,,301.8
3569,11.8117,,166,,301.6
3570,11.8154,,166,,301.6
3571,11.8188,,167,,301.6
3572,11.8227,,166,,301.6
3573,11.8264,,166,,301.6
3574,11.8298,,166,,301.6
3575,11.8333,,166,,301.6
3576,11.8371,,166,,301.6
3577,11.8406,,166,,301.6
3578,11.844,,166,,301.6
3579,11.8473,,165,,301.6
3580,11.8503,,166,,301.6
3581,11.8542,,165,,301.6
3582,11.8571,,167,,301.4
3583,11.8608,,166,,301.4
3584,11.8648,,166,,301.2
3585,11.8687,,166,,301.2
3586,11.8731,,166,,301.2
3587,11.8774,,166,,301.2
3588,11.8815,,166,,301.2
3589,11.885,,166,,301.2
3590,11.8886,,166,,301.2
3591,11.8922,,166,,301.2
3592,11.8957,,166,,301.2
3593,11.8989,,166,,301.4
3594,11.9025,,166,,301.4
3595,11.9065,,165,,301.2
3596,11.9097,,166,,301.2
3597,11.9132,,166,,301
3598,11.9163,,166,,301
3599,11.9197,,166,,300.8
3600,11.9228,,166,,300.8
3601,11.9262,,166,,300.8
3602,11.9301,,166,,300.8
3603,11.9337,,166,,300.6
3604,11.9373,,166,,300.4
3605,11.941,,166,,300.4
3606,11.9444,,166,,300.4
3607,11.948,,166,,300.4
3608,11.951,,165,,300.2
3609,11.9539,,165,,300.2
3610,11.9573,,165,,300.2
3611,11.9612,,165,,300.2
3612,11.9648,,165,,300
3613,11.9684,,165,,300
3614,11.9721,,165,,299.8
3615,11.9754,,164,,300
3616,11.9791,,164,,300
3617,11.9823,,163,,299.8
3618,11.9853,,163,,299.8
3619,11.9888,,163,,299.8
3620,11.9922,,163,,299.8
3621,11.9958,,163,,299.6
3622,11.9985,,162,,299.6
3623,12.0011,,163,,299.6
3624,12.0045,,163,,299.6
3625,12.0085,,163,,299.6
3626,12.0123,,163,,299.8
3627,12.0153,,163,,299.8
3628,12.0172,,163,,299.8
3629,12.0172,,164,,299.8
3630,12.0183,,163,,299.8
3631,12.0206,,163,,299.8
3632,12.0227,,163,,299.8
3633,12.0245,,162,,299.8
3634,12.0267,,162,,300
3635,12.0287,,162,,300.2
3636,12.0306,,161,,300.4
3637,12.0327,,161,,300.4
3638,12.0348,,161,,300.4
3639,12.0368,,161,,300.2
3640,12.039,,161,,300.4
3641,12.041,,161,,300.4
3642,12.0433,,160,,300.2
3643,12.0456,,160,,300.4
3644,12.0479,,161,,300.6
3645,12.0507,,160,,300.6
3646,12.0531,,160,,300.6
3647,12.0555,,159,,300.8
3648,12.0577,,159,,300.8
3649,12.0599,,159,,301
3650,12.0623,,159,,301
3651,12.0642,,159,,301
3652,12.0665,,159,,301.2
3653,12.0684,,159,,301.4
3654,12.0701,,159,,301.4
3655,12.0718,,159,,301.4
3656,12.0734,,159,,301.6
3657,12.0763,,159,,301.4
3658,12.0792,,159,,301.6
3659,12.0821,,158,,301.4
3660,12.0843,,158,,301.4
3661,12.0864,,159,,301.4
3662,12.0884,,158,,301.2
3663,12.0912,,158,,301.2
3664,12.094,,158,,301.4
3665,12.0966,,157,,301.4
3666,12.0988,,157,,301.4
3667,12.1013,,156,,301.4
3668,12.1038,,156,,301.4
3669,12.1062,,156,,301.4
3670,12.1088,,156,,301.6
3671,12.1115,,156,,301.4
3672,12.1138,,156,,301.4
3673,12.1157,,156,,301.4
3674,12.1177,,156,,301.4
3675,12.1198,,156,,301.6
3676,12.1218,,156,,301.6
3677,12.1244,,156,,301.6
3678,12.1266,,156,,301.8
3679,12.1284,,156,,301.8
3680,12.1307,,155,,301.8
3681,12.1332,,155,,302
3682,12.1354,,155,,302
3683,12.1394,,156,,302
3684,12.1424,,155,,302.2
3685,12.1451,,156,,302
3686,12.148,,155,,302
3687,12.151,,156,,302
3688,12.1543,,155,,302
3689,12.157,,156,,302
3690,12.1599,,155,,302
3691,12.1627,,155,,302.2
3692,12.1653,,155,,302.2
3693,12.1682,,155,,302.4
3694,12.1711,,154,,302.4
3695,12.1743,,154,,302.4
3696,12.1788,,154,,302.6
3697,12.1818,,154,,302.6
3698,12.1855,,153,,302.6
3699,12.1892,,153,,302.6
3700,12.1914,,153,,302.6
3701,12.1941,,153,,302.6
3702,12.1971,,153,,302.8
3703,12.1998,,153,,303
3704,12.2029,,153,,303.2
3705,12.2061,,152,,303.2
3706,12.2092,,152,,303.2
3707,12.2118,,151,,303.2
3708,12.2151,,151,,303.4
3709,12.2179,,150,,303.4
3710,12.2201,,150,,303.4
3711,12.2219,,149,,303.4
3712,12.2239,,149,,303.4
3713,12.2262,,149,,303.4
3714,12.2282,,149,,303.4
3715,12.2306,,149,,303.4
3716,12.2329,,148,,303.2
3717,12.235,,148,,303.2
3718,12.2375,,149,,303.2
3719,12.2395,,149,,303.2
3720,12.2411,,150,,303.4
3721,12.2431,,151,,303.4
3722,12.2456,,150,,303.4
3723,12.2478,,151,,303.6
3724,12.2503,,151,,303.6
3725,12.2529,,151,,303.8
3726,12.2555,,152,,304
3727,12.2579,,152,,304
3728,12.2604,,151,,304.2
3729,12.2631,,151,,304.2
3730,12.2663,,151,,304.2
3731,12.2696,,151,,304.2
3732,12.2718,,151,,304.2
3733,12.2749,,151,,304
3734,12.2772,,150,,304
3735,12.28,,150,,304
3736,12.2828,,150,,303.8
3737,12.287,,149,,303.8
3738,12.291,,150,,303.8
3739,12.2947,,150,,303.8
3740,12.2975,,150,,303.8
3741,12.2999,,150,,304
3742,12.3023,,150,,304
3743,12.305,,151,,304.2
3744,12.3074,,150,,304.4
3745,12.3101,,150,,304.4
3746,12.3127,,150,,304.4
3747,12.3159,,151,,304.4
3748,12.3187,,150,,304.2
3749,12.3214,,151,,304
3750,12.3237,,151,,304
3751,12.3255,,150,,304
3752,12.3275,,150,,303.8
3753,12.3292,,150,,303.8
3754,12.3311,,151,,303.8
3755,12.333,,151,,303.8
3756,12.3351,,151,,303.8
3757,12.3383,,151,,303.8
3758,12.3409,,151,,303.8
3759,12.3433,,151,,304
3760,12.3459,,151,,304
3761,12.348,,152,,304
3762,12.3503,,152,,304.2
3763,12.3532,,152,,304.2
3764,12.3561,,152,,304.2
3765,12.359,,151,,304.2
3766,12.3627,,152,,304
3767,12.3655,,152,,304.2
3768,12.369,,152,,304.2
3769,12.3721,,152,,304
3770,12.3749,,151,,304.4
3771,12.3775,,151,,304.4
3772,12.3801,,152,,304.8
3773,12.3828,,152,,305
3774,12.3857,,152,,305
3775,12.3878,,152,,305
3776,12.3903,,152,,305
3777,12.3928,,152,,305
3778,12.396,,152,,304.8
3779,12.3989,,153,,304.8
3780,12.4012,,152,,304.6
3781,12.4034,,151,,304.6
3782,12.406,,152,,304.4
3783,12.4081,,152,,304.4
3784,12.4107,,152,,304.4
3785,12.4136,,152,,304.4
3786,12.4169,,152,,304.4
3787,12.4198,,152,,304.2
3788,12.4233,,152,,304.2
3789,12.4258,,152,,304.2
3790,12.4281,,151,,304.2
3791,12.4309,,151,,304.2
3792,12.4334,,151,,304.2
3793,12.4357,,151,,304
3794,12.4406,,151,,304
3795,12.443,,151,,304
3796,12.4456,,151,,304
3797,12.4486,,151,,303.8
3798,12.4523,,151,,303.8
3799,12.456,,151,,304
3800,12.459,,151,,304
3801,12.4616,,151,,304
3802,12.464,,151,,304.2
3803,12.4674,,151,,304.2
3804,12.4693,,151,,304
3805,12.4717,,151,,304
3806,12.4747,,150,,303.8
3807,12.4779,,150,,303.6
3808,12.4815,,150,,303.4
3809,12.4848,,150,,303.4
3810,12.4873,,150,,303.4
3811,12.4897,,149,,303.4
3812,12.4919,,148,,303.4
3813,12.4942,,148,,303.4
3814,12.4967,,148,,303.6
3815,12.499,,148,,303.6
3816,12.5028,,147,,303.8
3817,12.5058,,148,,304
3818,12.5093,,148,,304.2
3819,12.5139,,148,,304.2
3820,12.5167,,147,,304.4
3821,12.5206,,147,,304.6
3822,12.5242,,147,,304.6
3823,12.5273,,147,,304.6
3824,12.5306,,148,,304.6
3825,12.5342,,147,,304.6
3826,12.5373,,148,,304.6
3827,12.5409,,148,,304.6
3828,12.5442,,148,,304.6
3829,12.5474,,148,,304.8
3830,12.5499,,148,,304.8
3831,12.5518,,149,,305
3832,12.5538,,149,,305
3833,12.5555,,149,,305
3834,12.5578,,150,,305
3835,12.5603,,150,,305
3836,12.562,,150,,305
3837,12.5639,,150,,305
3838,12.5655,,150,,305
3839,12.568,,150,,305.2
3840,12.5705,,150,,305.4
3841,12.5733,,150,,305.6
3842,12.5763,,150,,305.8
3843,12.5789,,150,,305.8
3844,12.582,,150,,305.6
3845,12.5857,,150,,305.4
3846,12.5885,,150,,305.4
3847,12.591,,151,,305.4
3848,12.5938,,151,,305.4
3849,12.5969,,150,,305.4
3850,12.6003,,150,,305.4
3851,12.604,,151,,305.6
3852,12.6072,,151,,305.6
3853,12.6106,,151,,305.6
3854,12.614,,152,,305.6
3855,12.6168,,152,,305.8
3856,12.6199,,152,,305.8
3857,12.6237,,152,,305.8
3858,12.6261,,153,,306
3859,12.6283,,153,,306
3860,12.631,,154,,306.2
3861,12.6334,,154,,306.2
3862,12.6357,,154,,306.4
3863,12.6378,,154,,306.4
3864,12.6395,,154,,306.4
3865,12.6418,,154,,306.4
3866,12.6444,,154,,306.4
3867,12.6469,,154,,306.4
3868,12.6492,,154,,306.4
3869,12.6519,,154,,306.6
3870,12.6551,,154,,306.6
3871,12.6588,,154,,306.6
3872,12.6622,,154,,306.8
3873,12.6642,,154,,306.8
3874,12.6674,,153,,306.8
3875,12.6705,,154,,307
3876,12.673,,153,,307
3877,12.6764,,153,,307.2
3878,12.6793,,154,,307.2
3879,12.6821,,154,,307.4
3880,12.685,,154,,307.4
3881,12.6878,,154,,307.6
3882,12.6909,,154,,307.6
3883,12.6937,,153,,307.6
3884,12.6968,,153,,307.6
3885,12.6995,,153,,307.8
3886,12.7026,,153,,307.8
3887,12.7056,,153,,307.8
3888,12.7082,,153,,307.8
3889,12.7104,,153,,307.8
3890,12.7136,,153,,307.8
3891,12.717,,153,,308
3892,12.72,,152,,308
3893,12.7236,,152,,308
3894,12.7269,,152,,308.2
3895,12.7308,,152,,308.2
3896,12.7355,,153,,308.2
3897,12.7387,,153,,308.4
3898,12.7432,,152,,308.4
3899,12.7477,,152,,308.4
3900,12.752,,153,,308.6
3901,12.7554,,153,,308.6
3902,12.7593,,153,,308.6
3903,12.7628,,154,,308.6
3904,12.7659,,154,,308.8
3905,12.7693,,153,,309
3906,12.7729,,154,,309.2
3907,12.7767,,154,,309.2
3908,12.7812,,154,,309.2
3909,12.785,,153,,309.4
3910,12.7888,,153,,309.4
3911,12.7917,,153,,309.4
3912,12.795,,153,,309.4
3913,12.7982,,153,,309.6
3914,12.8013,,153,,309.6
3915,12.804,,153,,309.6
3916,12.8065,,153,,309.4
3917,12.8082,,152,,309.4
3918,12.8106,,152,,309.4
3919,12.8151,,152,,309.4
3920,12.819,,153,,309.4
3921,12.823,,153,,309.4
3922,12.8264,,153,,309.4
3923,12.8298,,153,,309.2
3924,12.8327,,153,,309.2
3925,12.8358,,153,,309
3926,12.8387,,153,,309.2
3927,12.8416,,153,,309.2
3928,12.8443,,153,,309
3929,12.8471,,153,,309
3930,12.8503,,152,,309.2
3931,12.8535,,152,,309.4
3932,12.8566,,152,,309.4
3933,12.8597,,152,,309.6
3934,12.8628,,152,,309.6
3935,12.8658,,152,,309.4
3936,12.8687,,152,,309.6
3937,12.8715,,152,,309.4
3938,12.8745,,151,,309.4
3939,12.8775,,151,,309.6
3940,12.8802,,152,,309.6
3941,12.8831,,152,,309.6
3942,12.8863,,152,,309.6
3943,12.8891,,152,,309.6
3944,12.8918,,152,,309.6
3945,12.8945,,152,,309.6
3946,12.8976,,153,,309.6
3947,12.9003,,153,,309.6
3948,12.9033,,153,,309.6
3949,12.9062,,152,,309.4
3950,12.9091,,152,,309.4
3951,12.9118,,152,,309.4
3952,12.9147,,153,,309.4
3953,12.9178,,153,,309.4
3954,12.9211,,153,,309.4
3955,12.924,,152,,309.4
3956,12.9272,,151,,309.2
3957,12.9303,,151,,309.2
3958,12.933,,151,,309.2
3959,12.9357,,151,,309.2
3960,12.9383,,151,,309
3961,12.9398,,151,,309
3962,12.9422,,150,,309
3963,12.9445,,150,,309
3964,12.9473,,150,,308.8
3965,12.9497,,150,,308.8
3966,12.952,,149,,308.8
3967,12.9539,,149,,309
3968,12.9564,,149,,309
3969,12.9585,,149,,309
3970,12.9606,,149,,309.2
3971,12.9627,,148,,309.2
3972,12.965,,148,,309.2
3973,12.9673,,148,,309
3974,12.9697,,148,,309
3975,12.972,,148,,309.2
3976,12.9746,,148,,309.2
3977,12.9771,,148,,309
3978,12.9794,,148,,309.2
3979,12.9819,,148,,309.2
3980,12.9843,,147,,309.2
3981,12.9867,,146,,309.4
3982,12.9896,,146,,309.4
3983,12.9923,,146,,309.6
3984,12.9955,,146,,309.8
3985,12.9987,,146,,309.8
3986,13.0019,,146,,309.8
3987,13.0052,,146,,309.6
3988,13.0086,,147,,309.4
3989,13.0117,,146,,309.4
3990,13.0148,,146,,309.4
3991,13.0182,,147,,309.4
3992,13.0216,,147,,309.4
3993,13.0249,,147,,309.4
3994,13.028,,147,,309.6
3995,13.0312,,147,,309.8
3996,13.0342,,147,,309.8
3997,13.0373,,147,,310
3998,13.0404,,147,,310
3999,13.0432,,147,,310
4000,13.0459,,146,,310.2
4001,13.049,,147,,310.2
4002,13.0522,,147,,310
4003,13.0552,,147,,310
4004,13.0581,,147,,310
4005,13.061,,146,,310
4006,13.063,,147,,310
4007,13.0664,,147,,310
4008,13.0696,,147,,310
4009,13.0728,,147,,310
4010,13.0762,,147,,310
4011,13.0793,,147,,310
4012,13.0817,,146,,310.2
4013,13.0846,,146,,310.2
4014,13.087,,147,,310.2
4015,13.0893,,146,,310.2
4016,13.092,,146,,310.2
4017,13.0946,,146,,310.2
4018,13.0975,,146,,310
4019,13.1009,,146,,310
4020,13.1042,,146,,309.8
4021,13.1069,,146,,309.8
4022,13.1098,,146,,309.6
4023,13.112,,146,,309.6
4024,13.115,,146,,309.6
4025,13.1181,,146,,309.6
4026,13.1213,,146,,309.6
4027,13.1244,,146,,309.6
4028,13.1275,,146,,309.6
4029,13.1304,,146,,309.6
4030,13.1333,,145,,309.6
4031,13.1359,,146,,309.6
4032,13.1382,,146,,309.6
4033,13.1406,,146,,309.4
4034,13.1431,,146,,309.4
4035,13.1448,,146,,309.4
4036,13.1465,,146,,309.4
4037,13.1482,,146,,309.4
4038,13.1503,,146,,309.4
4039,13.1523,,146,,309.4
4040,13.1547,,146,,309.4
4041,13.1574,,145,,309.4
4042,13.1597,,146,,309.6
4043,13.1625,,146,,309.6
4044,13.165,,145,,309.6
4045,13.1676,,146,,309.8
4046,13.1702,,146,,310
4047,13.1729,,147,,310.2
4048,13.1756,,147,,310.2
4049,13.1782,,147,,310.2
4050,13.1807,,147,,310
4051,13.1832,,148,,310
4052,13.1857,,148,,310
4053,13.1882,,148,,310
4054,13.191,,148,,310
4055,13.1939,,149,,310
4056,13.1968,,149,,310
4057,13.1996,,149,,310
4058,13.2022,,149,,309.8
4059,13.2045,,149,,309.8
4060,13.2068,,149,,309.8
4061,13.2093,,149,,309.8
4062,13.2123,,148,,309.8
4063,13.2147,,148,,309.8
4064,13.2167,,148,,309.8
4065,13.22,,148,,309.8
4066,13.2232,,148,,309.8
4067,13.2258,,148,,309.6
4068,13.2296,,149,,309.8
4069,13.233,,148,,309.8
4070,13.2358,,149,,309.6
4071,13.2385,,148,,309.6
4072,13.2419,,148,,309.6
4073,13.2444,,148,,309.6
4074,13.2468,,148,,309.6
4075,13.2501,,148,,309.6
4076,13.2532,,147,,309.6
4077,13.2557,,147,,309.6
4078,13.2583,,147,,309.6
4079,13.2603,,147,,309.6
4080,13.2623,,147,,309.6
4081,13.2648,,147,,309.6
4082,13.2672,,146,,309.8
4083,13.2698,,146,,309.8
4084,13.2715,,146,,309.8
4085,13.2739,,146,,309.8
4086,13.2753,,146,,309.8
4087,13.2769,,146,,309.8
4088,13.2783,,146,,309.8
4089,13.2798,,146,,309.8
4090,13.2822,,147,,309.8
4091,13.2836,,146,,310
4092,13.2853,,146,,310
4093,13.2864,,146,,310
4094,13.2879,,146,,310.2
4095,13.2913,,146,,310.4
4096,13.2941,,146,,310.4
4097,13.2963,,146,,310.4
4098,13.2983,,147,,310.4
4099,13.3006,,147,,310.6
4100,13.3029,,146,,310.8
4101,13.3068,,146,,310.8
4102,13.3104,,147,,311
4103,13.3138,,148,,311.2
4104,13.3169,,147,,311.2
4105,13.3198,,147,,311.2
4106,13.3223,,148,,311.2
4107,13.3248,,148,,311.2
4108,13.3275,,148,,311.2
4109,13.33,,148,,311.2
4110,13.3326,,148,,311.2
4111,13.3357,,148,,311.2
4112,13.3382,,148,,311.2
4113,13.3406,,148,,311.4
4114,13.343,,148,,311.6
4115,13.3457,,148,,311.8
4116,13.349,,148,,312
4117,13.3522,,148,,312
4118,13.3549,,149,,312
4119,13.3577,,149,,312
4120,13.3606,,149,,312
4121,13.3635,,149,,312
4122,13.3665,,149,,312
4123,13.37,,150,,312
4124,13.3727,,151,,312
4125,13.3755,,151,,312.2
4126,13.3789,,151,,312.2
4127,13.3828,,151,,312.2
4128,13.3878,,151,,312.4
4129,13.3926,,152,,312.4
4130,13.3954,,152,,312.4
4131,13.3981,,152,,312.8
4132,13.4006,,153,,312.8
4133,13.4027,,152,,313
4134,13.4046,,152,,313.2
4135,13.4147,,152,,313.2
4136,13.4203,,152,,313.4
4137,13.4231,,151,,313.4
4138,13.4279,,151,,313.4
4139,13.4319,,151,,313.6
4140,13.4344,,152,,313.6
4141,13.4366,,152,,313.8
4142,13.4389,,152,,314
4143,13.4413,,151,,314
4144,13.4437,,151,,314.2
4145,13.4463,,151,,314.2
4146,13.4491,,152,,314.2
4147,13.4518,,152,,314.2
4148,13.4548,,152,,314
4149,13.4586,,152,,314
4150,13.4619,,151,,314
4151,13.4648,,151,,313.8
4152,13.4676,,152,,313.8
4153,13.4704,,152,,313.8
4154,13.4734,,152,,313.8
4155,13.4765,,152,,313.8
4156,13.4795,,152,,313.8
4157,13.4822,,152,,313.8
4158,13.4847,,152,,314
4159,13.4869,,152,,314
4160,13.489,,151,,314
4161,13.4911,,152,,314
4162,13.4936,,152,,314
4163,13.497,,152,,314
4164,13.5001,,151,,314
4165,13.5043,,150,,313.8
4166,13.5074,,150,,313.8
4167,13.5098,,150,,313.8
4168,13.5129,,150,,313.8
4169,13.5159,,150,,313.8
4170,13.5187,,150,,313.8
4171,13.5213,,149,,313.8
4172,13.5249,,149,,313.8
4173,13.5284,,150,,313.6
4174,13.531,,150,,313.6
4175,13.5339,,149,,313.6
4176,13.5368,,150,,313.6
4177,13.5397,,149,,313.6
4178,13.5427,,149,,313.6
4179,13.5452,,149,,313.6
4180,13.5476,,149,,313.6
4181,13.5508,,149,,313.6
4182,13.5548,,149,,313.6
4183,13.5582,,148,,313.4
4184,13.5606,,147,,313.6
4185,13.5629,,147,,313.8
4186,13.5658,,147,,313.8
4187,13.5686,,148,,314
4188,13.5715,,148,,312.8
4189,13.5745,,148,,312.2
4190,13.577,,147,,312
4191,13.5797,,148,,312
4192,13.5825,,148,,312
4193,13.585,,148,,312.2
4194,13.5879,,147,,312.2
4195,13.5906,,147,,312
4196,13.5931,,148,,312
4197,13.5955,,148,,312.2
4198,13.5982,,147,,312.2
4199,13.6008,,147,,312.2
4200,13.6029,,147,,312
4201,13.605,,147,,311.8
4202,13.6068,,147,,311.6
4203,13.6082,,146,,311.6
4204,13.6102,,146,,311.4
4205,13.6126,,146,,311.4
4206,13.6149,,146,,311.4
4207,13.6171,,146,,311.4
4208,13.6193,,146,,311.4
4209,13.6212,,146,,311.6
4210,13.6249,,146,,311.8
4211,13.6285,,146,,311.8
4212,13.6314,,146,,311.8
4213,13.6349,,146,,312
4214,13.6374,,146,,312
4215,13.6399,,146,,312.2
4216,13.6425,,146,,312.2
4217,13.6457,,147,,312.2
4218,13.6486,,147,,312.2
4219,13.6521,,147,,312.2
4220,13.6553,,147,,312.4
4221,13.6587,,147,,312.4
4222,13.6625,,147,,312.4
4223,13.6655,,146,,312.4
4224,13.6689,,146,,312.4
4225,13.672,,147,,312.4
4226,13.6751,,146,,312.6
4227,13.6793,,146,,312.6
4228,13.6831,,146,,312.6
4229,13.6864,,146,,312.6
4230,13.6897,,146,,312.4
4231,13.6931,,145,,312.6
4232,13.6962,,146,,312.4
4233,13.699,,145,,312.4
4234,13.7018,,145,,312.4
4235,13.7045,,145,,312.4
4236,13.7075,,145,,312.4
4237,13.7108,,145,,312.4
4238,13.714,,144,,312.2
4239,13.7166,,144,,312.4
4240,13.7193,,144,,312.2
4241,13.7224,,144,,312.2
4242,13.7258,,144,,312.2
4243,13.729,,144,,312.2
4244,13.7314,,144,,312.2
4245,13.7338,,144,,312.2
4246,13.7364,,145,,311.8
4247,13.7394,,145,,311.4
4248,13.7427,,145,,311.2
4249,13.7458,,145,,311
4250,13.749,,145,,310.6
4251,13.7518,,145,,310.6
4252,13.7547,,145,,310.4
4253,13.7576,,144,,310.4
4254,13.7604,,144,,310.2
4255,13.7632,,145,,310.2
4256,13.7666,,145,,310
4257,13.7698,,145,,310
4258,13.7728,,145,,309.8
4259,13.7756,,145,,309.8
4260,13.7784,,145,,309.6
4261,13.7812,,145,,309.4
4262,13.7838,,145,,309.4
4263,13.7861,,145,,309.4
4264,13.7887,,146,,309.2
4265,13.7909,,146,,309.2
4266,13.7935,,145,,309.2
4267,13.7964,,145,,309
4268,13.7997,,146,,309.2
4269,13.8085,,146,,309.2
4270,13.8149,,146,,309
4271,13.8198,,146,,309
4272,13.8246,,146,,308.8
4273,13.828,,145,,308.8
4274,13.8314,,145,,308.8
4275,13.8346,,145,,308.6
4276,13.8376,,145,,308.6
4277,13.8402,,145,,308.6
4278,13.8431,,144,,308.4
4279,13.8461,,145,,308.2
4280,13.8489,,145,,308.2
4281,13.8517,,144,,308.2
4282,13.8539,,145,,308.2
4283,13.8565,,145,,308.2
4284,13.8594,,145,,308
4285,13.8623,,145,,308
4286,13.865,,145,,308
4287,13.8678,,145,,307.8
4288,13.8706,,146,,307.6
4289,13.8734,,145,,307.6
4290,13.8762,,146,,307.6
4291,13.879,,146,,307.4
4292,13.882,,145,,307.4
4293,13.8846,,145,,307.4
4294,13.8869,,146,,307.2
4295,13.8896,,146,,307.2
4296,13.8921,,146,,307
4297,13.8947,,146,,307
4298,13.8974,,146,,307.2
4299,13.9,,146,,307
4300,13.9031,,146,,307
4301,13.9057,,146,,307.4
4302,13.9085,,146,,307.2
4303,13.9114,,146,,307.4
4304,13.9143,,146,,307.6
4305,13.9173,,146,,307.4
4306,13.9203,,146,,307.4
4307,13.9234,,146,,307.4
4308,13.9266,,146,,307.2
4309,13.9297,,146,,307.2
4310,13.9327,,146,,307
4311,13.9358,,146,,306.6
4312,13.939,,145,,306.6
4313,13.9422,,145,,306.4
4314,13.9452,,145,,306.2
4315,13.948,,145,,306.4
4316,13.9507,,145,,306.4
4317,13.9533,,145,,306.6
4318,13.9561,,145,,306.6
4319,13.9585,,145,,306.8
4320,13.9608,,145,,306.8
4321,13.9635,,145,,306.8
4322,13.966,,144,,306.8
4323,13.9686,,144,,306.8
4324,13.9711,,144,,306.8
4325,13.9736,,144,,306.8
4326,13.9764,,144,,306.8
4327,13.9793,,144,,306.8
4328,13.9824,,143,,306.8
4329,13.9854,,143,,306.8
4330,13.9884,,144,,306.8
4331,13.9915,,143,,306.8
4332,13.9949,,143,,306.8
4333,13.998,,143,,306.8
4334,14.0007,,143,,306.8
4335,14.0036,,143,,307
4336,14.0066,,143,,307
4337,14.0095,,143,,307.2
4338,14.0123,,143,,307.4
4339,14.0156,,143,,307.4
4340,14.019,,143,,307.6
4341,14.0222,,143,,307.6
4342,14.0253,,143,,307.6
4343,14.0287,,144,,307.6
4344,14.0319,,144,,307.6
4345,14.0352,,144,,307.6
4346,14.0385,,144,,307.6
4347,14.0419,,145,,307.6
4348,14.0452,,145,,307.4
4349,14.0485,,144,,307.4
4350,14.0519,,144,,307.4
4351,14.0554,,144,,307.2
4352,14.059,,144,,307.4
4353,14.0627,,144,,307.2
4354,14.0658,,144,,307.2
4355,14.069,,144,,307.2
4356,14.0722,,144,,307
4357,14.0758,,144,,307
4358,14.0791,,143,,307.2
4359,14.0828,,143,,307.2
4360,14.0867,,144,,307.2
4361,14.0903,,144,,307.2
4362,14.0938,,143,,307.2
4363,14.098,,143,,307.2
4364,14.1019,,144,,307.4
4365,14.1055,,143,,307.4
4366,14.1092,,143,,307.4
4367,14.1128,,143,,307.4
4368,14.1162,,143,,307.4
4369,14.1195,,143,,307.4
4370,14.1225,,143,,307.4
4371,14.1259,,143,,307.2
4372,14.1293,,142,,307.2
4373,14.1326,,142,,307.2
4374,14.136,,142,,307
4375,14.1394,,143,,307
4376,14.1428,,142,,307
4377,14.146,,142,,307
4378,14.1483,,142,,307.2
4379,14.15,,142,,307.2
4380,14.1527,,142,,307.2
4381,14.155,,142,,307.2
4382,14.155,,142,,307.4
4383,14.1553,,142,,307.4
4384,14.1573,,142,,307.6
4385,14.1579,,141,,307.6
4386,14.1583,,142,,307.8
4387,14.1608,,142,,307.8
4388,14.1632,,142,,307.8
4389,14.1655,,141,,308
4390,14.1678,,141,,308
4391,14.1701,,141,,308.4
4392,14.1701,,141,,308.4
4393,14.1721,,141,,308.4
4394,14.1746,,141,,308.4
4395,14.1774,,141,,308.4
4396,14.1801,,140,,308.6
4397,14.1829,,141,,308.4
4398,14.1854,,140,,308.4
4399,14.188,,140,,308.6
4400,14.1907,,140,,308.8
4401,14.1932,,141,,309
4402,14.1954,,140,,309.2
4403,14.1975,,141,,309.2
4404,14.2001,,141,,309.2
4405,14.2023,,140,,309.2
4406,14.2048,,140,,309.2
4407,14.2072,,141,,309.2
4408,14.2095,,141,,309.4
4409,14.2108,,141,,309.2
4410,14.2123,,141,,309.4
4411,14.2144,,141,,309.4
4412,14.2174,,141,,309.6
4413,14.2202,,141,,309.8
4414,14.2223,,142,,309.8
4415,14.2249,,141,,310
4416,14.2273,,141,,310.2
4417,14.2301,,141,,310.4
4418,14.2313,,141,,310.4
4419,14.2342,,141,,310.4
4420,14.2371,,141,,310.6
4421,14.2395,,141,,310.6
4422,14.2417,,141,,310.6
4423,14.2437,,141,,310.6
4424,14.2459,,142,,310.6
4425,14.2483,,142,,310.6
4426,14.2546,,142,,310.6
4427,14.2596,,142,,310.6
4428,14.2628,,142,,310.6
4429,14.2672,,142,,310.6
4430,14.2711,,142,,310.6
4431,14.2748,,142,,310.8
4432,14.2782,,142,,310.8
4433,14.2809,,142,,310.8
4434,14.2836,,142,,310.8
4435,14.2863,,142,,311
4436,14.2889,,142,,311.2
4437,14.2915,,143,,311.6
4438,14.2942,,143,,312
4439,14.2972,,142,,312.4
4440,14.3001,,143,,312.6
4441,14.3025,,144,,312.8
4442,14.3061,,144,,313
4443,14.3094,,145,,313.4
4444,14.3129,,144,,313.6
4445,14.3167,,144,,313.6
4446,14.3195,,145,,313.6
4447,14.3218,,146,,313.8
4448,14.3248,,146,,313.8
4449,14.3284,,146,,314
4450,14.3312,,146,,314.2
4451,14.3342,,146,,314.4
4452,14.3379,,146,,314.6
4453,14.3411,,146,,314.8
4454,14.3438,,146,,315
4455,14.3466,,147,,315.2
4456,14.3495,,147,,315.4
4457,14.3518,,147,,315.6
4458,14.3543,,147,,315.8
4459,14.358,,147,,316
4460,14.3606,,147,,316.2
4461,14.363,,147,,316.6
4462,14.3649,,148,,316.8
4463,14.3666,,148,,317.2
4464,14.3682,,149,,317.4
4465,14.3698,,149,,317.6
4466,14.3713,,149,,318
4467,14.3731,,149,,318.4
4468,14.375,,150,,318.6
4469,14.3771,,151,,318.8
4470,14.3787,,151,,319
4471,14.3805,,152,,319.4
4472,14.3825,,152,,319.8
4473,14.3845,,152,,320
4474,14.3865,,152,,320.2
4475,14.3885,,152,,320.4
4476,14.3903,,152,,320.6
4477,14.3919,,152,,321
4478,14.394,,152,,321.4
4479,14.3955,,152,,321.8
4480,14.3966,,153,,322
4481,14.3987,,153,,322
4482,14.401,,154,,322.2
4483,14.4029,,154,,322.4
4484,14.4055,,154,,322.6
4485,14.4086,,155,,322.8
4486,14.4112,,155,,323.2
4487,14.4135,,155,,323.4
4488,14.4168,,155,,323.8
4489,14.4195,,155,,324
4490,14.423,,155,,324.2
4491,14.4255,,156,,324.2
4492,14.4276,,156,,324.6
4493,14.4293,,156,,324.8
4494,14.4313,,157,,325
4495,14.4332,,156,,325.2
4496,14.4356,,157,,325.4
4497,14.4386,,157,,325.6
4498,14.4413,,157,,325.8
4499,14.4439,,157,,325.8
4500,14.4461,,157,,326
4501,14.4481,,157,,326
4502,14.4501,,157,,326
4503,14.4518,,157,,326.2
4504,14.4535,,157,,326.2
4505,14.4553,,157,,326.2
4506,14.457,,157,,326.2
4507,14.4598,,157,,326.4
4508,14.4625,,157,,326.4
4509,14.4652,,157,,326.4
4510,14.4686,,157,,326.4
4511,14.4709,,157,,326.4
4512,14.4734,,157,,326.4
4513,14.4761,,157,,326.4
4514,14.4786,,157,,326.6
4515,14.4811,,157,,326.6
4516,14.4837,,156,,326.8
4517,14.4861,,157,,326.8
4518,14.4893,,156,,326.8
4519,14.4933,,156,,326.8
4520,14.4967,,156,,326.8
4521,14.4998,,156,,326.8
4522,14.503,,155,,326.8
4523,14.5055,,155,,326.8
4524,14.5077,,154,,326.8
4525,14.5098,,154,,326.8
4526,14.512,,154,,326.6
4527,14.5148,,154,,326.2
4528,14.5173,,154,,326
4529,14.5202,,153,,325.6
4530,14.5232,,153,,325.2
4531,14.5253,,152,,325
4532,14.5276,,153,,324.8
4533,14.53,,152,,324.6
4534,14.532,,151,,324.4
4535,14.5343,,151,,324.2
4536,14.5368,,150,,323.8
4537,14.539,,150,,323.6
4538,14.5415,,150,,323.4
4539,14.5442,,149,,323.2
4540,14.5476,,149,,323
4541,14.551,,147,,322.8
4542,14.5544,,147,,322.6
4543,14.5577,,146,,322.6
4544,14.562,,145,,322.4
4545,14.5655,,145,,322.4
4546,14.5691,,144,,322.4
4547,14.5727,,143,,322.2
4548,14.575,,143,,322.2
4549,14.5783,,142,,322
4550,14.5823,,142,,322
4551,14.5861,,142,,321.8
4552,14.5895,,141,,321.6
4553,14.5922,,140,,321.6
4554,14.5955,,139,,321.6
4555,14.5987,,138,,321.4
4556,14.6018,,138,,321.4
4557,14.6055,,137,,321.2
4558,14.6087,,138,,321
4559,14.6119,,137,,320.8
4560,14.6146,,137,,320.8
4561,14.6171,,137,,320.6
4562,14.6194,,136,,320.6
4563,14.622,,136,,320.6
4564,14.6251,,136,,320.6
4565,14.6273,,136,,320.4
4566,14.6297,,137,,320.4
4567,14.632,,138,,320.2
4568,14.6342,,139,,320.2
4569,14.6371,,139,,320.2
4570,14.6398,,138,,320
4571,14.6424,,138,,320
4572,14.6449,,138,,319.8
4573,14.6476,,137,,319.8
4574,14.65,,137,,319.8
4575,14.6529,,138,,319.8
4576,14.6553,,138,,319.6
4577,14.6578,,138,,319.8
4578,14.6603,,138,,319.6
4579,14.6624,,137,,319.6
4580,14.6651,,137,,319.6
4581,14.6684,,137,,319.6
4582,14.6708,,137,,319.6
4583,14.6735,,136,,319.8
4584,14.6761,,137,,319.8
4585,14.6785,,136,,319.8
4586,14.6819,,136,,319.8
4587,14.6839,,136,,319.8
4588,14.6865,,136,,319.8
4589,14.6891,,136,,319.8
4590,14.6914,,136,,319.8
4591,14.6937,,136,,319.8
4592,14.6961,,135,,319.8
4593,14.6982,,135,,319.8
4594,14.7004,,135,,320
4595,14.7022,,135,,319.8
4596,14.7042,,135,,320
4597,14.7065,,135,,319.8
4598,14.7089,,136,,320
4599,14.7111,,135,,320
4600,14.7131,,136,,320
4601,14.7154,,135,,320
4602,14.7178,,135,,320.2
4603,14.7205,,135,,320.2
4604,14.7233,,136,,320.4
4605,14.7267,,136,,320.4
4606,14.7296,,136,,320.4
4607,14.7327,,136,,320.6
4608,14.7356,,136,,320.8
4609,14.7384,,136,,320.8
4610,14.7415,,136,,321
4611,14.7444,,136,,321
4612,14.7471,,136,,321
4613,14.7501,,136,,321
4614,14.753,,136,,320.8
4615,14.7558,,136,,320.6
4616,14.7583,,136,,320.6
4617,14.761,,136,,320.6
4618,14.7635,,136,,320.6
4619,14.7658,,135,,320.6
4620,14.7688,,135,,320.6
4621,14.7714,,135,,320.6
4622,14.7741,,134,,320.6
4623,14.7767,,134,,320.6
4624,14.7791,,135,,320.4
4625,14.7815,,135,,320.6
4626,14.7851,,134,,320.4
4627,14.7895,,134,,320.4
4628,14.7933,,134,,320.6
4629,14.7964,,135,,320.4
4630,14.7993,,135,,320.4
4631,14.8033,,135,,320.4
4632,14.8059,,135,,320.4
4633,14.8084,,135,,320.4
4634,14.8119,,136,,320.4
4635,14.8145,,135,,320.4
4636,14.8175,,135,,320.6
4637,14.8214,,135,,320.8
4638,14.824,,136,,320.6
4639,14.8271,,136,,320.8
4640,14.8309,,136,,320.8
4641,14.8341,,136,,320.8
4642,14.8372,,136,,321
4643,14.841,,137,,321
4644,14.8445,,137,,320.8
4645,14.8472,,137,,320.8
4646,14.8505,,137,,320.8
4647,14.8541,,136,,320.6
4648,14.8574,,137,,320.6
4649,14.8593,,136,,320.4
4650,14.8626,,136,,320.4
4651,14.867,,136,,320.4
4652,14.8688,,136,,320.2
4653,14.872,,135,,320.2
4654,14.8773,,135,,320.4
4655,14.8802,,136,,320.2
4656,14.8833,,136,,320.2
4657,14.8877,,136,,320.4
4658,14.8913,,135,,320.4
4659,14.8947,,134,,320.4
4660,14.8979,,134,,320.4
4661,14.901,,134,,320.4
4662,14.9034,,135,,320.4
4663,14.9061,,135,,320.2
4664,14.9088,,135,,320.2
4665,14.9112,,134,,320.2
4666,14.9138,,135,,320.2
4667,14.9168,,134,,320.2
4668,14.9195,,135,,320.2
4669,14.9227,,135,,320
4670,14.9256,,134,,320
4671,14.9286,,134,,320
4672,14.9319,,134,,320
4673,14.9353,,133,,319.8
4674,14.938,,133,,319.8
4675,14.9409,,134,,319.6
4676,14.9443,,134,,319.6
4677,14.9474,,134,,319.6
4678,14.9506,,135,,319.4
4679,14.954,,135,,319.4
4680,14.9572,,136,,319.6
4681,14.9602,,136,,319.6
4682,14.9633,,136,,319.6
4683,14.9663,,136,,319.6
4684,14.9693,,137,,320.2
