secs,km,power,hr,cad,alt
0,0,,116,,37
1,0.00055,,116,,37
2,0.00114,,116,,36.8
3,0.00193,,116,,36.8
4,0.00278,,116,,36.8
5,0.00405,,116,,36.6
6,0.00517,,115,,36.6
7,0.00668,,115,,36.6
8,0.00848,,114,,36.6
9,0.01036,,112,,36.8
10,0.01231,,111,,36.8
11,0.01429,,109,,37
12,0.01633,,109,,37
13,0.01803,,109,,37.2
14,0.01955,,109,,37.2
15,0.02128,,109,,37.4
16,0.02284,,110,,37.6
17,0.0243,,111,,37.8
18,0.02587,,111,,38
19,0.02741,,112,,37.6
20,0.02922,,113,,37.4
21,0.03099,,113,,37.2
22,0.03246,,114,,37.4
23,0.03405,,114,,37.2
24,0.03543,,114,,37.4
25,0.03669,,115,,37.6
26,0.03806,,115,,37.8
27,0.03976,,114,,38
28,0.04129,,114,,38.4
29,0.04287,,114,,38.4
30,0.04457,,114,,38.6
31,0.0461,,114,,39.2
32,0.04753,,114,,39.4
33,0.04921,,114,,39.8
34,0.05088,,114,,39.8
35,0.05275,,114,,40
36,0.05446,,114,,40
37,0.05605,,114,,40
38,0.05782,,113,,40.2
39,0.05978,,113,,40.2
40,0.06163,,113,,40.2
41,0.06341,,113,,40.4
42,0.06525,,114,,40.4
43,0.06697,,114,,40.4
44,0.06882,,114,,40.4
45,0.07029,,114,,40.6
46,0.07191,,113,,40.6
47,0.07344,,113,,40.8
48,0.07508,,113,,40.8
49,0.0768,,113,,40.8
50,0.07844,,112,,40.8
51,0.08008,,112,,40.8
52,0.08159,,113,,40.8
53,0.08304,,113,,40.8
54,0.08419,,113,,40.8
55,0.08547,,113,,40.8
56,0.08657,,112,,40.8
57,0.08796,,112,,40.8
58,0.08925,,112,,40.8
59,0.09054,,113,,40.8
60,0.09163,,113,,40.8
61,0.09272,,113,,41
62,0.09388,,113,,41
63,0.09505,,113,,41.2
64,0.09616,,112,,41.4
65,0.09725,,112,,41.6
66,0.09841,,111,,41.6
67,0.09972,,110,,41.8
68,0.10152,,110,,41.8
69,0.10323,,111,,41.8
70,0.10469,,111,,41.8
71,0.10603,,112,,41.8
72,0.10603,,112,,41.8
73,0.10623,,112,,41.8
74,0.10648,,112,,42
75,0.10648,,112,,41.8
76,0.10666,,111,,41.8
77,0.10666,,111,,41.8
78,0.10676,,110,,41.4
79,0.10684,,110,,41.6
80,0.10722,,110,,41.6
81,0.10724,,111,,41.6
82,0.10779,,112,,41.4
83,0.10824,,113,,41.6
84,0.10824,,112,,41.6
85,0.10833,,111,,41.6
86,0.10859,,111,,41.4
87,0.10934,,108,,41.4
88,0.11087,,106,,41.6
89,0.11255,,105,,42
90,0.11447,,104,,42.4
91,0.11639,,105,,42.6
92,0.11807,,106,,42.8
93,0.11947,,107,,42.8
94,0.12111,,109,,43
95,0.12267,,110,,43
96,0.12467,,111,,43
97,0.12589,,111,,43.2
98,0.12743,,111,,43.2
99,0.12904,,111,,43.2
100,0.13053,,111,,43.4
101,0.13176,,111,,43.6
102,0.13296,,111,,43.4
103,0.13452,,110,,43.6
104,0.13592,,110,,43.8
105,0.13712,,110,,43.8
106,0.13824,,110,,43.8
107,0.13916,,110,,43.8
108,0.14015,,110,,44
109,0.14133,,110,,44
110,0.14299,,111,,43.8
111,0.14448,,111,,44
112,0.14607,,111,,44
113,0.14802,,111,,44
114,0.14934,,111,,44.2
115,0.15106,,112,,44.4
116,0.15322,,112,,44.2
117,0.15513,,112,,44.4
118,0.1569,,112,,44.8
119,0.1584,,112,,44.8
120,0.16004,,112,,45.2
121,0.16175,,112,,45.2
122,0.16348,,112,,45.4
123,0.16525,,113,,45.6
124,0.16712,,113,,45.6
125,0.16891,,113,,45.8
126,0.17066,,113,,46
127,0.17221,,114,,46
128,0.17393,,114,,46.2
129,0.17567,,115,,46.8
130,0.17763,,114,,47
131,0.1796,,114,,47.4
132,0.18152,,113,,47.4
133,0.1831,,112,,47.8
134,0.1846,,111,,47.8
135,0.18619,,110,,48
136,0.188,,110,,48.2
137,0.18971,,111,,48.4
138,0.19127,,111,,48.4
139,0.19319,,112,,48.4
140,0.19492,,113,,48.4
141,0.19692,,114,,48.6
142,0.19881,,114,,48.6
143,0.2005,,115,,48.8
144,0.20256,,115,,48.8
145,0.20517,,115,,48.8
146,0.20784,,115,,48.8
147,0.21021,,115,,48.8
148,0.21242,,115,,48.8
149,0.21447,,116,,48.8
150,0.21656,,116,,49
151,0.21896,,116,,49
152,0.22196,,116,,49
153,0.22496,,116,,49.2
154,0.22766,,115,,49.2
155,0.23011,,115,,49.2
156,0.23274,,115,,49.4
157,0.23543,,116,,49.6
158,0.23799,,116,,49.6
159,0.24094,,117,,49.8
160,0.24401,,118,,50
161,0.24684,,119,,50.4
162,0.24968,,120,,50.8
163,0.25205,,120,,51
164,0.25511,,121,,51.4
165,0.25763,,121,,51.6
166,0.26034,,122,,51.8
167,0.26302,,122,,52.2
168,0.2658,,123,,52.6
169,0.26854,,123,,53
170,0.27036,,123,,53.4
171,0.27173,,124,,53.8
172,0.27279,,125,,54.2
173,0.27397,,125,,54.2
174,0.27562,,126,,54.2
175,0.27706,,126,,54.6
176,0.27848,,126,,54.8
177,0.28008,,127,,54.8
178,0.28165,,128,,54.8
179,0.28334,,128,,55
180,0.28507,,128,,55.2
181,0.28679,,128,,55.2
182,0.28839,,129,,55.6
183,0.28991,,129,,55.8
184,0.29187,,130,,56.2
185,0.29376,,130,,56.2
186,0.29552,,131,,56.4
187,0.29693,,131,,56.4
188,0.29874,,131,,56.6
189,0.30048,,132,,56.8
190,0.30238,,132,,57
191,0.30429,,132,,57
192,0.30599,,132,,57.2
193,0.30779,,132,,57.2
194,0.31004,,132,,57.2
195,0.31204,,132,,57.2
196,0.31415,,132,,57.2
197,0.31596,,132,,57.4
198,0.31779,,132,,57.2
199,0.31939,,132,,57.4
200,0.3209,,132,,57.4
201,0.32338,,133,,57.4
202,0.32628,,132,,57.6
203,0.32875,,132,,57.4
204,0.33166,,132,,57.6
205,0.33492,,132,,57.6
206,0.33816,,132,,57.6
207,0.34124,,132,,57.6
208,0.34395,,132,,57.6
209,0.34648,,132,,57.6
210,0.34911,,132,,57.6
211,0.35195,,133,,57.8
212,0.35464,,133,,57.6
213,0.35731,,133,,57.8
214,0.35998,,132,,57.8
215,0.36266,,132,,57.8
216,0.36531,,132,,57.8
217,0.36795,,133,,57.8
218,0.37041,,133,,57.8
219,0.37287,,133,,58
220,0.37539,,133,,58
221,0.3779,,133,,58.2
222,0.38047,,133,,58.6
223,0.38279,,133,,58.6
224,0.38542,,133,,59
225,0.38798,,132,,59
226,0.39027,,132,,59.2
227,0.39264,,131,,59.2
228,0.39526,,131,,59.2
229,0.39765,,130,,59.4
230,0.39984,,130,,59.6
231,0.40233,,130,,59.6
232,0.40485,,131,,60
233,0.40751,,131,,60.2
234,0.40993,,132,,60.2
235,0.41214,,133,,60.4
236,0.41442,,134,,60.4
237,0.41697,,134,,60.6
238,0.41954,,135,,61
239,0.42183,,135,,61.2
240,0.42431,,135,,61.2
241,0.42655,,136,,61.2
242,0.4287,,136,,61.6
243,0.43096,,136,,61.6
244,0.43344,,136,,61.8
245,0.43583,,137,,61.8
246,0.43837,,137,,62
247,0.44081,,137,,62
248,0.44315,,138,,62.2
249,0.44632,,138,,62.2
250,0.4491,,138,,62.2
251,0.4516,,139,,62.8
252,0.45425,,139,,63.2
253,0.45658,,139,,63.2
254,0.45889,,140,,63.2
255,0.46126,,140,,63.4
256,0.46415,,140,,63.2
257,0.4663,,140,,63.4
258,0.46852,,140,,63.4
259,0.47108,,141,,63.4
260,0.47337,,141,,63.4
261,0.47575,,141,,63.4
262,0.47855,,141,,63.4
263,0.48112,,142,,63.2
264,0.48347,,142,,63.2
265,0.48584,,142,,63.2
266,0.48789,,142,,63.4
267,0.4901,,143,,63.4
268,0.49263,,143,,63.4
269,0.49521,,143,,63.4
270,0.49738,,144,,63.4
271,0.4996,,144,,63.4
272,0.50194,,144,,63.4
273,0.50425,,144,,63.4
274,0.50674,,144,,63.4
275,0.50921,,144,,63.6
276,0.5115,,143,,63.6
277,0.5139,,143,,63.4
278,0.51661,,143,,63.6
279,0.51926,,143,,63.6
280,0.52166,,143,,63.6
281,0.52415,,143,,63.8
282,0.52677,,144,,63.8
283,0.52919,,144,,64
284,0.53166,,144,,64
285,0.53415,,144,,63.8
286,0.53689,,144,,64.2
287,0.53939,,144,,64.2
288,0.54207,,144,,64.2
289,0.54497,,145,,64.2
290,0.54767,,145,,64.2
291,0.55006,,145,,64.4
292,0.55265,,146,,64.4
293,0.55547,,146,,64.6
294,0.5579,,146,,64.6
295,0.56042,,146,,64.4
296,0.56307,,146,,64.4
297,0.56595,,146,,64.6
298,0.56852,,145,,64.6
299,0.5711,,145,,64.6
300,0.57354,,146,,64.4
301,0.57604,,147,,64.4
302,0.57861,,148,,64.4
303,0.58082,,148,,64.4
304,0.58312,,148,,64.4
305,0.58537,,148,,64.6
306,0.58769,,147,,64.4
307,0.59002,,147,,64.4
308,0.59249,,146,,64.4
309,0.59504,,146,,64.4
310,0.59744,,146,,64.4
311,0.6,,146,,64.2
312,0.60278,,146,,64
313,0.60559,,145,,64
314,0.60821,,145,,63.6
315,0.61038,,144,,63.6
316,0.61253,,144,,63.4
317,0.61483,,143,,63.4
318,0.6172,,143,,63.4
319,0.61952,,143,,63.4
320,0.62194,,143,,63.4
321,0.62437,,142,,63.2
322,0.62667,,142,,63.4
323,0.62913,,143,,63.4
324,0.63162,,143,,63
325,0.63413,,143,,63.2
326,0.63652,,144,,63.2
327,0.63893,,144,,63.2
328,0.64164,,145,,63
329,0.64429,,145,,63
330,0.64677,,146,,63
331,0.64931,,145,,63
332,0.65234,,145,,63
333,0.6551,,145,,63
334,0.65787,,145,,63
335,0.66059,,146,,63
336,0.66309,,146,,63
337,0.66552,,146,,63
338,0.66814,,147,,62.8
339,0.67084,,147,,62.8
340,0.67351,,147,,62.8
341,0.67633,,147,,63
342,0.67922,,146,,62.8
343,0.68204,,146,,62.8
344,0.68485,,146,,62.6
345,0.68742,,146,,62.4
346,0.68979,,146,,62.2
347,0.69222,,147,,62.2
348,0.69449,,147,,62.2
349,0.69662,,148,,62.2
350,0.69879,,148,,62
351,0.70091,,148,,62
352,0.70306,,148,,62
353,0.70528,,148,,62
354,0.70766,,148,,62
355,0.70995,,148,,62
356,0.71254,,149,,62
357,0.71537,,149,,62
358,0.71745,,149,,62
359,0.71967,,149,,62
360,0.72239,,150,,62
361,0.72503,,150,,62
362,0.7281,,150,,62
363,0.73111,,150,,61.8
364,0.73416,,150,,61.8
365,0.73829,,151,,61.8
366,0.74138,,151,,61.8
367,0.74412,,152,,61.8
368,0.74698,,151,,61.6
369,0.74973,,151,,61.6
370,0.75233,,152,,61.6
371,0.75518,,151,,61.6
372,0.75778,,152,,61.2
373,0.76009,,152,,61.2
374,0.76254,,152,,61.2
375,0.76506,,152,,61.2
376,0.76741,,152,,61.2
377,0.76964,,152,,61.2
378,0.77207,,152,,61.2
379,0.77436,,152,,61
380,0.77644,,152,,61
381,0.77895,,152,,61
382,0.78137,,152,,61
383,0.78353,,152,,61
384,0.78574,,152,,61
385,0.78802,,152,,61
386,0.79053,,151,,61
387,0.79305,,151,,61
388,0.79573,,151,,60.8
389,0.79807,,151,,60.8
390,0.80017,,151,,60.8
391,0.80231,,150,,60.8
392,0.80438,,150,,60.8
393,0.8062,,150,,60.8
394,0.80809,,150,,60.8
395,0.80999,,150,,60.8
396,0.8122,,150,,60.8
397,0.81454,,150,,60.6
398,0.81682,,150,,60.8
399,0.8191,,150,,60.8
400,0.82134,,150,,60.8
401,0.82353,,151,,60.8
402,0.82609,,151,,60.8
403,0.82864,,151,,60.8
404,0.83089,,151,,60.8
405,0.83315,,152,,60.8
406,0.83557,,152,,60.8
407,0.83774,,152,,60.8
408,0.83959,,151,,60.8
409,0.84134,,151,,61
410,0.84294,,150,,60.8
411,0.84462,,150,,61
412,0.84633,,150,,61
413,0.84802,,150,,61.2
414,0.84969,,150,,61.2
415,0.85114,,150,,61
416,0.85269,,150,,61.2
417,0.85418,,150,,61.2
418,0.85512,,150,,61
419,0.85681,,149,,61
420,0.8583,,149,,61.2
421,0.85963,,149,,61
422,0.86135,,149,,61.2
423,0.86315,,148,,61.2
424,0.86454,,148,,61.2
425,0.86599,,148,,61.2
426,0.86729,,147,,61
427,0.86879,,147,,61
428,0.87032,,147,,60.8
429,0.87173,,147,,60.8
430,0.8733,,146,,60.8
431,0.8748,,146,,60.8
432,0.87641,,145,,60.4
433,0.87796,,145,,60.6
434,0.87945,,145,,60.6
435,0.88102,,144,,60.4
436,0.8824,,144,,60.4
437,0.88382,,144,,60.4
438,0.88517,,144,,60.2
439,0.88644,,144,,60.4
440,0.88756,,144,,60.4
441,0.88899,,144,,60.2
442,0.89032,,144,,60.2
443,0.89157,,143,,60.2
444,0.8926,,143,,60
445,0.89349,,143,,60
446,0.89459,,143,,59.8
447,0.89566,,142,,59.8
448,0.89672,,142,,59.8
449,0.8976,,142,,59.8
450,0.89879,,142,,59.8
451,0.90012,,142,,59.8
452,0.90153,,141,,59.8
453,0.90296,,141,,59.8
454,0.90458,,140,,59.6
455,0.90644,,139,,59.6
456,0.90801,,139,,59.6
457,0.9098,,139,,59.6
458,0.91163,,138,,59.8
459,0.91408,,138,,59.8
460,0.91593,,138,,59.8
461,0.91738,,138,,59.4
462,0.91864,,138,,59.4
463,0.92027,,138,,59.4
464,0.92183,,138,,59.4
465,0.92338,,138,,59.6
466,0.92515,,138,,59.6
467,0.92665,,138,,59.6
468,0.92808,,138,,59.6
469,0.92987,,138,,59.4
470,0.93177,,137,,59.6
471,0.93286,,137,,59.6
472,0.93536,,137,,59.6
473,0.9379,,136,,59.6
474,0.93968,,136,,59.6
475,0.94134,,136,,59.6
476,0.94286,,136,,59.6
477,0.94444,,136,,59.6
478,0.94608,,136,,59.8
479,0.94802,,136,,59.8
480,0.94988,,136,,59.8
481,0.95162,,136,,59.8
482,0.95347,,136,,60
483,0.95544,,136,,60
484,0.9576,,136,,60
485,0.95953,,136,,60
486,0.96152,,136,,60
487,0.96349,,136,,60
488,0.96522,,136,,60
489,0.96702,,136,,60
490,0.96874,,136,,59.8
491,0.97038,,135,,60
492,0.97207,,135,,60
493,0.97363,,135,,60
494,0.97518,,135,,60
495,0.97654,,135,,59.8
496,0.97782,,135,,59.8
497,0.97923,,135,,59.6
498,0.9807,,135,,59.6
499,0.98228,,135,,59.4
500,0.98375,,135,,59.4
501,0.98544,,135,,59.2
502,0.98708,,134,,59.2
503,0.98863,,134,,59
504,0.99021,,134,,59
505,0.99195,,135,,58.8
506,0.99334,,135,,58.8
507,0.99468,,135,,58.8
508,0.99642,,135,,58.8
509,0.99831,,135,,58.8
510,1.00051,,136,,58.8
511,1.00334,,136,,58.8
512,1.00651,,136,,58.6
513,1.00975,,136,,58.6
514,1.01257,,137,,58.8
515,1.01538,,137,,58.8
516,1.01789,,137,,58.8
517,1.02076,,137,,58.8
518,1.02341,,137,,58.8
519,1.02599,,136,,58.8
520,1.02875,,135,,58.8
521,1.03161,,135,,58.8
522,1.0342,,135,,58.8
523,1.03667,,134,,58.8
524,1.03911,,134,,58.8
525,1.04163,,135,,58.8
526,1.04449,,135,,58.6
527,1.04724,,136,,58.8
528,1.0499,,137,,58.6
529,1.05217,,138,,58.8
530,1.05442,,138,,58.8
531,1.05684,,139,,59
532,1.05867,,139,,58.8
533,1.06098,,140,,59
534,1.0632,,140,,59.2
535,1.06541,,141,,59.2
536,1.06783,,142,,59
537,1.07031,,143,,59.2
538,1.07283,,143,,59.4
539,1.07546,,144,,59.4
540,1.07822,,144,,59.6
541,1.0809,,145,,59.6
542,1.08356,,145,,59.8
543,1.08602,,146,,60
544,1.0885,,146,,60.2
545,1.09072,,146,,60.4
546,1.0931,,147,,60.4
547,1.09507,,147,,60.4
548,1.09699,,148,,60.6
549,1.09924,,148,,60.8
550,1.10157,,148,,61
551,1.10421,,148,,61.2
552,1.10688,,149,,61.4
553,1.10931,,149,,61.4
554,1.11173,,150,,61.6
555,1.11434,,150,,61.8
556,1.11672,,150,,61.8
557,1.11926,,150,,62
558,1.12154,,150,,62.2
559,1.12382,,150,,62.2
560,1.1263,,151,,62.4
561,1.12868,,151,,62.4
562,1.13126,,152,,62.4
563,1.13341,,152,,62.6
564,1.13557,,152,,63.4
565,1.13819,,153,,63.8
566,1.1405,,153,,64
567,1.14293,,154,,64
568,1.14507,,154,,64
569,1.1473,,154,,64.4
570,1.14984,,155,,64.4
571,1.15199,,155,,64.6
572,1.15419,,155,,64.8
573,1.15662,,155,,65
574,1.15903,,156,,65.4
575,1.16123,,157,,65.6
576,1.16329,,158,,65.8
577,1.16559,,158,,65.8
578,1.16791,,159,,65.8
579,1.17024,,159,,66
580,1.17201,,159,,66.4
581,1.17423,,159,,66.6
582,1.17659,,160,,66.8
583,1.17904,,160,,67
584,1.18138,,160,,67
585,1.18378,,160,,67.4
586,1.18657,,161,,67.8
587,1.18912,,161,,68
588,1.19163,,161,,68.2
589,1.1942,,161,,68.4
590,1.1967,,162,,68.6
591,1.19932,,162,,68.6
592,1.2018,,162,,68.8
593,1.20406,,162,,68.8
594,1.20655,,162,,69
595,1.20929,,162,,69.2
596,1.21175,,162,,69.4
597,1.21438,,162,,69.4
598,1.2169,,162,,69.6
599,1.21952,,162,,69.6
600,1.22208,,162,,69.8
601,1.22446,,162,,70
602,1.22696,,162,,70.4
603,1.22944,,162,,70.4
604,1.2317,,162,,70.6
605,1.23412,,162,,70.8
606,1.23642,,163,,70.8
607,1.23878,,163,,71
608,1.24101,,163,,71.2
609,1.24326,,163,,71.2
610,1.2456,,164,,71.4
611,1.248,,164,,71.8
612,1.25021,,164,,71.8
613,1.25262,,164,,71.8
614,1.25441,,164,,71.8
615,1.25568,,164,,72
616,1.25728,,163,,72
617,1.25921,,163,,72
618,1.26103,,163,,72
619,1.26277,,162,,72
620,1.26411,,161,,72.2
621,1.26568,,161,,72.2
622,1.26728,,161,,72.2
623,1.2686,,161,,72.2
624,1.27007,,161,,72.2
625,1.27148,,160,,72.2
626,1.27281,,160,,72.4
627,1.27434,,160,,72.2
628,1.27591,,160,,72.2
629,1.27746,,160,,72.2
630,1.27892,,159,,72.2
631,1.28048,,159,,72.2
632,1.28211,,159,,72.2
633,1.28384,,159,,72.2
634,1.28546,,159,,72.2
635,1.28708,,159,,72.2
636,1.28872,,159,,72
637,1.29056,,158,,72
638,1.29225,,158,,72.2
639,1.29372,,158,,72.2
640,1.29499,,158,,72.2
641,1.29649,,158,,72.2
642,1.29833,,159,,72.2
643,1.30005,,158,,72.2
644,1.30161,,158,,72.2
645,1.30332,,158,,72
646,1.30505,,157,,72
647,1.3068,,157,,72
648,1.30854,,156,,72
649,1.31016,,156,,72
650,1.31175,,155,,72
651,1.31345,,155,,72
652,1.31494,,154,,72
653,1.31629,,154,,71.8
654,1.31751,,154,,71.6
655,1.31889,,153,,71.4
656,1.32079,,152,,71.2
657,1.32311,,152,,71
658,1.32559,,152,,70.6
659,1.32821,,152,,70.4
660,1.33079,,152,,70.6
661,1.33357,,152,,70.2
662,1.33636,,152,,70.2
663,1.33912,,152,,70.2
664,1.34185,,151,,70
665,1.34455,,151,,70
666,1.34705,,151,,69.8
667,1.34952,,150,,70
668,1.35215,,150,,70
669,1.35469,,150,,69.8
670,1.35722,,150,,69.8
671,1.35962,,150,,69.8
672,1.36196,,150,,69.8
673,1.36412,,150,,69.8
674,1.36649,,150,,69.8
675,1.36913,,151,,69.8
676,1.37191,,151,,69.8
677,1.37445,,152,,70
678,1.37705,,152,,69.8
679,1.37979,,152,,69.8
680,1.38255,,152,,70
681,1.38554,,152,,70
682,1.38798,,152,,70
683,1.38995,,152,,70
684,1.39264,,152,,70.2
685,1.39552,,152,,70.2
686,1.39798,,151,,70.2
687,1.39996,,151,,70.4
688,1.4015,,151,,70.2
689,1.40303,,151,,70.2
690,1.40475,,152,,70.2
691,1.40652,,152,,70.4
692,1.40791,,152,,70.2
693,1.40959,,152,,70.2
694,1.41112,,152,,70.2
695,1.4125,,153,,70
696,1.41399,,153,,70
697,1.41537,,153,,70.2
698,1.4168,,154,,70
699,1.41827,,154,,70
700,1.41955,,154,,69.8
701,1.42073,,154,,69.8
702,1.42203,,154,,70
703,1.42362,,153,,70
704,1.42493,,154,,70
705,1.42657,,153,,70
706,1.42847,,153,,70
707,1.43049,,153,,69.8
708,1.43226,,153,,70
709,1.43388,,153,,70
710,1.43553,,153,,70
711,1.43728,,153,,69.8
712,1.43926,,153,,70
713,1.44113,,153,,69.8
714,1.44276,,153,,69.8
715,1.44482,,153,,69.8
716,1.44732,,153,,69.6
717,1.44984,,152,,69.4
718,1.45222,,152,,69.4
719,1.4547,,152,,69.2
720,1.45722,,152,,69.2
721,1.45966,,151,,69.2
722,1.46181,,151,,69
723,1.46391,,151,,68.6
724,1.46616,,151,,68.6
725,1.46878,,150,,68.4
726,1.47155,,150,,68.4
727,1.4742,,150,,68.4
728,1.47682,,149,,68.2
729,1.47942,,149,,68.2
730,1.48214,,149,,68.2
731,1.4846,,149,,68.2
732,1.4872,,149,,68
733,1.48986,,149,,68
734,1.49234,,149,,68
735,1.49504,,149,,67.4
736,1.49752,,150,,67.2
737,1.49976,,150,,67.2
738,1.50231,,150,,67
739,1.50475,,150,,67
740,1.50717,,151,,66.8
741,1.50959,,151,,66.8
742,1.51195,,151,,66.8
743,1.51435,,152,,66.8
744,1.51656,,152,,66.6
745,1.51896,,152,,66.4
746,1.52164,,152,,66.6
747,1.52401,,152,,66.4
748,1.52663,,152,,66.4
749,1.52905,,153,,66.2
750,1.53137,,153,,66.2
751,1.53381,,153,,66.2
752,1.53616,,154,,66
753,1.53877,,154,,65.8
754,1.54154,,154,,65.8
755,1.54384,,154,,65.6
756,1.54627,,154,,65.4
757,1.54888,,154,,65.4
758,1.55137,,154,,65.4
759,1.55422,,154,,65.4
760,1.5567,,154,,65.4
761,1.55928,,154,,65.4
762,1.56184,,154,,65.4
763,1.56428,,155,,65.4
764,1.56682,,155,,65.2
765,1.56922,,155,,65.2
766,1.57155,,155,,65.2
767,1.5741,,155,,65.2
768,1.57626,,155,,65.2
769,1.57886,,155,,65
770,1.58134,,155,,65
771,1.58382,,155,,65
772,1.58649,,156,,65.2
773,1.58875,,156,,65.2
774,1.59125,,156,,65
775,1.59379,,156,,65
776,1.59654,,156,,65
777,1.59971,,156,,65
778,1.60201,,156,,65
779,1.60507,,156,,65
780,1.60788,,156,,64.8
781,1.6104,,155,,64.8
782,1.61349,,155,,64.8
783,1.61594,,155,,64.8
784,1.61724,,155,,65
785,1.61944,,155,,65
786,1.62172,,155,,65
787,1.62432,,155,,64.8
788,1.62676,,156,,64.8
789,1.62898,,156,,64.8
790,1.63152,,157,,64.8
791,1.63364,,157,,64.8
792,1.63593,,157,,65
793,1.63844,,157,,65
794,1.64087,,157,,65.2
795,1.64335,,157,,65.2
796,1.64588,,157,,65.2
797,1.64809,,158,,65.2
798,1.6505,,158,,65.2
799,1.65306,,158,,65.2
800,1.65549,,159,,65.4
801,1.65799,,159,,65.4
802,1.66048,,160,,65.4
803,1.66297,,159,,65.4
804,1.66542,,159,,65.6
805,1.66766,,159,,65.4
806,1.67012,,158,,65.6
807,1.67257,,158,,65.4
808,1.67498,,158,,65.6
809,1.67761,,159,,65.8
810,1.67993,,159,,66
811,1.68237,,159,,66
812,1.68515,,158,,66.2
813,1.6875,,158,,66.2
814,1.69011,,158,,66.2
815,1.69271,,159,,66.4
816,1.69506,,159,,66.4
817,1.69772,,158,,66.2
818,1.7003,,158,,66.2
819,1.70291,,158,,66.2
820,1.70576,,158,,66.4
821,1.70823,,158,,66.4
822,1.71123,,157,,66.4
823,1.71404,,157,,66.4
824,1.71673,,157,,66.4
825,1.71941,,157,,66.4
826,1.72218,,158,,66.4
827,1.72506,,158,,66.2
828,1.72799,,158,,66.2
829,1.73059,,157,,66.2
830,1.73275,,157,,66.2
831,1.73465,,157,,66.2
832,1.73615,,157,,66.2
833,1.73809,,156,,66.2
834,1.73984,,157,,66.2
835,1.74197,,157,,66.2
836,1.74423,,157,,66.2
837,1.74678,,157,,66.2
838,1.74938,,157,,66.2
839,1.75171,,158,,66.2
840,1.75408,,159,,66.4
841,1.75651,,159,,66.2
842,1.7591,,159,,66.2
843,1.76186,,159,,66.4
844,1.76444,,159,,66.4
845,1.76693,,158,,66.4
846,1.76952,,158,,66.4
847,1.77175,,158,,66.4
848,1.77421,,159,,66.4
849,1.7766,,159,,66.4
850,1.77905,,159,,66.4
851,1.78125,,158,,66.4
852,1.78283,,158,,66.6
853,1.7852,,158,,66.6
854,1.78764,,159,,66.6
855,1.79002,,160,,66.6
856,1.79243,,160,,66.6
857,1.79463,,161,,66.6
858,1.79731,,161,,66.4
859,1.79977,,161,,66.4
860,1.8021,,162,,66.4
861,1.80465,,162,,66.4
862,1.80696,,162,,66.4
863,1.80938,,163,,66.4
864,1.81187,,162,,66.4
865,1.81409,,162,,66.4
866,1.8165,,162,,66.4
867,1.81884,,161,,66.4
868,1.82112,,161,,66.2
869,1.82369,,161,,66.2
870,1.82587,,161,,66.2
871,1.82827,,161,,66.2
872,1.83071,,161,,66.2
873,1.8331,,161,,66
874,1.83557,,162,,66
875,1.83783,,163,,66
876,1.84021,,163,,66
877,1.84247,,163,,66
878,1.84436,,163,,66
879,1.84689,,163,,66
880,1.84941,,163,,66
881,1.85203,,163,,66
882,1.85449,,163,,65.8
883,1.85695,,163,,65.8
884,1.85966,,163,,65.8
885,1.8622,,163,,65.8
886,1.86479,,162,,65.8
887,1.86766,,162,,65.8
888,1.86995,,162,,65.8
889,1.87238,,162,,65.8
890,1.8749,,162,,66
891,1.87736,,162,,66.2
892,1.88003,,162,,66.2
893,1.88264,,162,,66.4
894,1.88514,,162,,66.4
895,1.88746,,162,,66.8
896,1.88992,,162,,66.8
897,1.89221,,163,,67
898,1.89425,,163,,67
899,1.89619,,163,,67.2
900,1.89834,,163,,67.2
901,1.90033,,164,,67.2
902,1.90258,,164,,67.4
903,1.90466,,164,,67.6
904,1.90667,,164,,67.6
905,1.90869,,164,,67.8
906,1.91084,,163,,67.8
907,1.91311,,164,,67.8
908,1.91556,,164,,68
909,1.91795,,164,,68.2
910,1.92047,,163,,68.2
911,1.92295,,163,,68.2
912,1.92547,,163,,68.2
913,1.92786,,163,,68.4
914,1.93023,,164,,68.4
915,1.93243,,164,,68.4
916,1.93464,,164,,68.4
917,1.93722,,164,,68.6
918,1.9393,,164,,68.6
919,1.94143,,164,,68.6
920,1.94341,,164,,68.6
921,1.94523,,164,,68.6
922,1.94688,,164,,68.6
923,1.94846,,164,,68.8
924,1.94998,,164,,68.8
925,1.95155,,163,,69
926,1.95312,,163,,68.8
927,1.95465,,163,,69
928,1.95625,,163,,69
929,1.95797,,163,,69
930,1.95965,,163,,69.2
931,1.96135,,163,,69.2
932,1.96303,,163,,69.2
933,1.96482,,162,,69
934,1.96664,,162,,69.2
935,1.96848,,161,,69.4
936,1.97045,,161,,69.2
937,1.9724,,161,,69.4
938,1.97424,,161,,69.2
939,1.97597,,161,,69.2
940,1.97762,,161,,69.2
941,1.97934,,161,,69.2
942,1.98121,,162,,69.2
943,1.983,,161,,69
944,1.98478,,161,,68.8
945,1.98666,,161,,68.6
946,1.98836,,161,,68.4
947,1.98995,,161,,68
948,1.99158,,161,,68
949,1.99331,,161,,67.6
950,1.99514,,161,,67.4
951,1.99697,,160,,67.4
952,1.99873,,160,,67.4
953,2.00059,,160,,67.2
954,2.00284,,159,,67.2
955,2.00453,,159,,67.2
956,2.00628,,159,,67.2
957,2.00798,,159,,67
958,2.00969,,158,,67
959,2.0113,,158,,67
960,2.01301,,157,,67
961,2.01473,,157,,67.2
962,2.01658,,157,,67
963,2.01835,,156,,67.2
964,2.01979,,156,,67
965,2.02127,,156,,67
966,2.02287,,156,,67
967,2.0246,,155,,67.2
968,2.02651,,155,,67.4
969,2.02829,,154,,67.2
970,2.03057,,154,,67.4
971,2.03278,,154,,67.4
972,2.03509,,154,,67.6
973,2.03731,,154,,67.4
974,2.03954,,154,,67.4
975,2.04187,,154,,67.4
976,2.04397,,154,,67.6
977,2.04603,,154,,67.6
978,2.0482,,154,,67.4
979,2.05047,,154,,67.6
980,2.05278,,154,,67.8
981,2.05512,,154,,67.8
982,2.05739,,154,,68
983,2.05972,,153,,68
984,2.06196,,154,,68.4
985,2.0644,,154,,68.6
986,2.06686,,154,,69
987,2.069,,154,,69.2
988,2.07128,,154,,69.2
989,2.07334,,154,,69.6
990,2.07548,,154,,69.8
991,2.0776,,154,,69.8
992,2.07979,,155,,70.2
993,2.08218,,155,,70.2
994,2.08463,,155,,70.2
995,2.08706,,155,,70.2
996,2.08944,,155,,70.6
997,2.09167,,155,,70.6
998,2.09401,,156,,70.8
999,2.09633,,156,,70.8
1000,2.09885,,157,,71
1001,2.10126,,157,,70.8
1002,2.10297,,157,,71
1003,2.10515,,157,,71
1004,2.1073,,157,,71.2
1005,2.10974,,158,,71.4
1006,2.11222,,158,,71.6
1007,2.11451,,159,,71.8
1008,2.11716,,159,,71.6
1009,2.11942,,159,,71.8
1010,2.12163,,159,,72
1011,2.1238,,159,,72.2
1012,2.12594,,159,,72.4
1013,2.1282,,160,,72.6
1014,2.13074,,160,,72.6
1015,2.13304,,161,,72.8
1016,2.13522,,161,,73.2
1017,2.13718,,161,,73.2
1018,2.13915,,161,,73.2
1019,2.14113,,161,,73.2
1020,2.14314,,161,,73.4
1021,2.14513,,161,,73.4
1022,2.14746,,161,,73.4
1023,2.14993,,162,,73.4
1024,2.15212,,162,,73.6
1025,2.15413,,162,,73.6
1026,2.15633,,162,,73.6
1027,2.15849,,162,,73.8
1028,2.16048,,162,,73.8
1029,2.16272,,162,,73.8
1030,2.16511,,162,,73.8
1031,2.1673,,162,,73.8
1032,2.16949,,162,,73.8
1033,2.1717,,163,,74
1034,2.17389,,163,,74
1035,2.17618,,164,,73.8
1036,2.17876,,164,,74
1037,2.18084,,164,,74
1038,2.18294,,164,,74.2
1039,2.18513,,164,,74.2
1040,2.1874,,165,,74.2
1041,2.18983,,165,,74.2
1042,2.19206,,165,,74.4
1043,2.19454,,165,,74.4
1044,2.19703,,166,,74.4
1045,2.199,,166,,74.6
1046,2.20116,,165,,74.6
1047,2.20312,,165,,74.6
1048,2.20523,,165,,74.6
1049,2.2076,,164,,74.8
1050,2.2099,,165,,74.8
1051,2.21218,,165,,75
1052,2.21444,,164,,75
1053,2.21662,,164,,75
1054,2.21884,,164,,75
1055,2.22094,,164,,75.2
1056,2.22307,,164,,75.2
1057,2.22545,,164,,75.4
1058,2.22761,,165,,75.4
1059,2.22985,,165,,75.6
1060,2.2322,,165,,75.8
1061,2.23464,,165,,76
1062,2.23717,,165,,76
1063,2.23977,,165,,76.2
1064,2.24212,,166,,76.2
1065,2.24446,,167,,76.2
1066,2.24684,,167,,76.2
1067,2.24911,,167,,76.4
1068,2.25119,,166,,76.4
1069,2.25341,,167,,76.4
1070,2.25601,,167,,76.4
1071,2.25811,,168,,76.6
1072,2.26047,,168,,76.6
1073,2.26298,,168,,76.6
1074,2.26516,,168,,76.6
1075,2.2676,,168,,76.6
1076,2.27007,,168,,76.8
1077,2.27207,,169,,77
1078,2.27423,,169,,77.2
1079,2.27634,,169,,77.4
1080,2.27838,,169,,77.4
1081,2.28074,,169,,77.4
1082,2.28299,,169,,77.8
1083,2.28514,,168,,77.8
1084,2.28763,,168,,78
1085,2.28985,,169,,78.2
1086,2.2921,,169,,78.2
1087,2.29436,,169,,78.4
1088,2.29647,,169,,78.6
1089,2.29873,,169,,78.8
1090,2.30083,,169,,79
1091,2.30281,,169,,79.2
1092,2.30474,,169,,79.2
1093,2.30664,,170,,79.2
1094,2.30871,,170,,79.4
1095,2.31079,,171,,79.6
1096,2.31286,,171,,79.6
1097,2.31492,,171,,79.6
1098,2.31695,,170,,79.8
1099,2.31876,,170,,79.6
1100,2.32109,,171,,79.6
1101,2.32337,,171,,79.6
1102,2.32564,,171,,79.6
1103,2.32787,,172,,79.8
1104,2.33004,,172,,79.6
1105,2.33245,,172,,79.6
1106,2.33489,,172,,79.6
1107,2.33704,,171,,79.4
1108,2.33939,,171,,79.4
1109,2.34184,,171,,79.4
1110,2.34428,,171,,79.4
1111,2.34661,,171,,79.2
1112,2.34863,,171,,79.2
1113,2.35039,,171,,79.2
1114,2.35191,,171,,79.2
1115,2.35351,,171,,79.4
1116,2.35517,,170,,79.2
1117,2.35697,,169,,79.4
1118,2.35872,,169,,79.4
1119,2.3604,,169,,79.4
1120,2.36218,,168,,79.2
1121,2.36382,,168,,79.2
1122,2.36544,,168,,79.2
1123,2.3671,,168,,79
1124,2.36877,,168,,79.2
1125,2.37053,,168,,79
1126,2.37227,,168,,79
1127,2.37457,,168,,79
1128,2.37606,,168,,78.8
1129,2.37744,,167,,78.8
1130,2.37907,,167,,78.6
1131,2.38063,,167,,78.4
1132,2.38204,,166,,78.4
1133,2.38357,,166,,78.2
1134,2.38523,,166,,77.8
1135,2.38687,,165,,77.6
1136,2.38834,,165,,77.2
1137,2.3899,,165,,76.8
1138,2.39152,,165,,76.4
1139,2.39315,,164,,76.2
1140,2.39473,,164,,76
1141,2.39636,,163,,75.8
1142,2.39802,,162,,75.6
1143,2.39978,,162,,75.6
1144,2.40161,,161,,75.6
1145,2.40369,,161,,75.4
1146,2.40565,,160,,75
1147,2.40754,,160,,74.8
1148,2.40937,,160,,74.6
1149,2.41119,,159,,74.6
1150,2.41301,,158,,74.4
1151,2.41444,,158,,74.4
1152,2.4161,,158,,74.2
1153,2.41772,,157,,73.6
1154,2.41918,,157,,73.2
1155,2.42066,,157,,72.8
1156,2.42246,,157,,72.6
1157,2.42403,,157,,72.4
1158,2.42581,,157,,72
1159,2.4275,,156,,72
1160,2.42918,,155,,71.8
1161,2.43103,,154,,71.6
1162,2.43291,,153,,71
1163,2.4347,,152,,70.8
1164,2.43668,,151,,70.6
1165,2.4385,,151,,70
1166,2.44028,,150,,69.6
1167,2.44221,,149,,69.2
1168,2.44385,,148,,69
1169,2.44561,,148,,69
1170,2.44719,,148,,68.8
1171,2.4488,,148,,68.4
1172,2.45045,,148,,68.4
1173,2.45197,,148,,68
1174,2.45363,,148,,68
1175,2.45531,,147,,67.8
1176,2.45708,,147,,67.6
1177,2.45885,,147,,67.4
1178,2.46033,,147,,67.2
1179,2.46203,,148,,67.4
1180,2.46373,,148,,67.2
1181,2.46536,,147,,67.2
1182,2.467,,146,,67
1183,2.46866,,146,,67.2
1184,2.47034,,145,,67
1185,2.4719,,145,,66.8
1186,2.47346,,145,,66.8
1187,2.47513,,145,,66.6
1188,2.47687,,145,,66.4
1189,2.47859,,145,,66.4
1190,2.48037,,145,,66.2
1191,2.48206,,145,,66.2
1192,2.48359,,144,,66.2
1193,2.4849,,144,,66
1194,2.48636,,144,,65.8
1195,2.48782,,144,,65.8
1196,2.48934,,144,,65.6
1197,2.49083,,144,,65.6
1198,2.49249,,143,,65.4
1199,2.49402,,143,,65.2
1200,2.49551,,143,,65.4
1201,2.49696,,143,,65.2
1202,2.49856,,143,,65.2
1203,2.50006,,143,,65.2
1204,2.50208,,143,,65
1205,2.50369,,143,,64.8
1206,2.50509,,142,,64.8
1207,2.50659,,142,,64.6
1208,2.50822,,142,,64.8
1209,2.51005,,142,,64.6
1210,2.5117,,142,,64.6
1211,2.51331,,142,,64.6
1212,2.51488,,142,,64.8
1213,2.51655,,142,,64.6
1214,2.5182,,142,,64.6
1215,2.51986,,141,,64.6
1216,2.52135,,141,,64.6
1217,2.52288,,141,,64.6
1218,2.52456,,141,,64.6
1219,2.52619,,141,,64.6
1220,2.52783,,141,,64.8
1221,2.52956,,141,,64.8
1222,2.5311,,141,,64.6
1223,2.53257,,141,,64.6
1224,2.53397,,142,,64.6
1225,2.53551,,142,,64.8
1226,2.53709,,142,,64.6
1227,2.53876,,142,,64.8
1228,2.54025,,141,,64.6
1229,2.54186,,141,,64.6
1230,2.54386,,140,,64.4
1231,2.54582,,140,,64.4
1232,2.548,,139,,64.2
1233,2.55046,,138,,64
1234,2.55301,,138,,64
1235,2.55584,,138,,64
1236,2.55877,,138,,63.8
1237,2.56155,,138,,63.8
1238,2.56442,,139,,63.8
1239,2.56736,,139,,63.6
1240,2.57034,,139,,63.4
1241,2.5734,,139,,63.6
1242,2.57626,,139,,63.4
1243,2.57898,,139,,63.4
1244,2.58166,,139,,63
1245,2.5843,,140,,62.8
1246,2.58706,,140,,62.8
1247,2.58965,,140,,62.6
1248,2.59218,,140,,62.6
1249,2.59465,,140,,62.4
1250,2.59697,,141,,62.4
1251,2.59937,,141,,62.4
1252,2.60214,,142,,62.2
1253,2.60483,,142,,62
1254,2.60763,,142,,62
1255,2.61051,,143,,62
1256,2.61335,,143,,62
1257,2.61586,,143,,62
1258,2.61819,,143,,62
1259,2.62052,,144,,62
1260,2.62324,,144,,62
1261,2.62579,,144,,62
1262,2.628,,145,,62
1263,2.63047,,145,,62
1264,2.63312,,145,,62
1265,2.6356,,146,,62
1266,2.63807,,146,,62
1267,2.64066,,146,,62
1268,2.64305,,146,,62
1269,2.6458,,146,,62
1270,2.64839,,147,,62
1271,2.65081,,147,,62
1272,2.65371,,148,,62
1273,2.65635,,148,,62
1274,2.65937,,148,,62
1275,2.66219,,148,,61.8
1276,2.66474,,148,,61.8
1277,2.66748,,149,,61.8
1278,2.67008,,149,,61.8
1279,2.6725,,149,,61.6
1280,2.67476,,150,,61.6
1281,2.67742,,150,,61.6
1282,2.67991,,150,,61.8
1283,2.68236,,150,,61.6
1284,2.68468,,150,,61.4
1285,2.68709,,150,,61.4
1286,2.68967,,149,,61.4
1287,2.69221,,149,,61.4
1288,2.69471,,149,,61.6
1289,2.69717,,149,,61.6
1290,2.69975,,149,,61.4
1291,2.70216,,149,,61.4
1292,2.7045,,149,,61.2
1293,2.70695,,149,,61.2
1294,2.70919,,150,,61.2
1295,2.71148,,150,,61.2
1296,2.71383,,151,,61.2
1297,2.71613,,152,,61
1298,2.71855,,153,,61
1299,2.721,,153,,60.8
1300,2.72338,,153,,60.8
1301,2.72595,,153,,60.8
1302,2.72852,,153,,60.8
1303,2.73128,,153,,60.4
1304,2.73395,,153,,60.2
1305,2.73648,,153,,60.2
1306,2.73929,,153,,60
1307,2.74213,,153,,60
1308,2.74476,,153,,60.2
1309,2.74737,,153,,60
1310,2.75005,,153,,60
1311,2.75282,,153,,60
1312,2.75562,,153,,60
1313,2.75831,,153,,60
1314,2.76087,,153,,59.8
1315,2.76357,,153,,59.8
1316,2.76631,,154,,59.8
1317,2.76888,,154,,59.6
1318,2.77165,,154,,59.6
1319,2.77446,,154,,59.6
1320,2.77718,,154,,59.6
1321,2.77998,,154,,59.4
1322,2.78276,,155,,59.4
1323,2.78544,,155,,59.2
1324,2.78817,,155,,59.2
1325,2.7908,,155,,59.2
1326,2.79332,,156,,59
1327,2.79621,,156,,58.6
1328,2.79913,,156,,58.4
1329,2.80182,,155,,58.4
1330,2.80443,,155,,58.2
1331,2.80702,,155,,58.2
1332,2.80966,,155,,58.2
1333,2.81242,,155,,58
1334,2.81496,,155,,57.8
1335,2.81748,,155,,57.6
1336,2.82014,,155,,57.4
1337,2.8227,,156,,57.4
1338,2.82536,,156,,57.2
1339,2.8281,,156,,57.2
1340,2.83072,,156,,57
1341,2.83335,,156,,56.8
1342,2.83591,,157,,56.8
1343,2.83839,,157,,56.4
1344,2.841,,158,,56.2
1345,2.8437,,158,,56
1346,2.84649,,159,,55.8
1347,2.84917,,159,,55.8
1348,2.85169,,160,,55.8
1349,2.85443,,160,,55.6
1350,2.85709,,160,,55.8
1351,2.85958,,160,,55.6
1352,2.86214,,160,,55.6
1353,2.86464,,160,,55.4
1354,2.8672,,160,,55.4
1355,2.86978,,160,,55.2
1356,2.87228,,160,,55.2
1357,2.87472,,160,,55
1358,2.8772,,159,,55
1359,2.87982,,159,,55
1360,2.88251,,160,,54.8
1361,2.8852,,160,,54.8
1362,2.88787,,161,,54.8
1363,2.89063,,161,,54.6
1364,2.89349,,162,,54.6
1365,2.89628,,162,,54.4
1366,2.89905,,162,,54.4
1367,2.90176,,162,,54.4
1368,2.90432,,162,,54.2
1369,2.90701,,162,,54.2
1370,2.90927,,163,,54.2
1371,2.91175,,163,,53.8
1372,2.91435,,164,,53.8
1373,2.91693,,164,,53.8
1374,2.91956,,164,,53.8
1375,2.92208,,164,,53.8
1376,2.92448,,164,,53.8
1377,2.92672,,164,,54
1378,2.92895,,165,,54
1379,2.9311,,165,,53.8
1380,2.93349,,165,,53.8
1381,2.93589,,165,,53.8
1382,2.93852,,164,,53.8
1383,2.94113,,165,,53.8
1384,2.9438,,164,,53.8
1385,2.94659,,165,,53.8
1386,2.94944,,165,,53.8
1387,2.95222,,164,,53.8
1388,2.95558,,164,,53.6
1389,2.95823,,164,,53.6
1390,2.96098,,163,,53.8
1391,2.96391,,163,,53.6
1392,2.96569,,163,,53.6
1393,2.96569,,163,,53.6
1394,2.96611,,163,,53.6
1395,2.96611,,162,,53.6
1396,2.96611,,162,,53.6
1397,2.96709,,162,,53.6
1398,2.96817,,161,,53.6
1399,2.96903,,161,,53.6
1400,2.97005,,161,,53.6
1401,2.97096,,161,,53.4
1402,2.97196,,160,,52.8
1403,2.97307,,160,,52.6
1404,2.97411,,160,,52.4
1405,2.9751,,160,,52.2
1406,2.97596,,160,,52.2
1407,2.97635,,159,,52.2
1408,2.97648,,159,,52.2
1409,2.97648,,159,,52
1410,2.97652,,160,,52
1411,2.97726,,160,,52
1412,2.97726,,160,,52
1413,2.97726,,159,,52
1414,2.97731,,159,,52
1415,2.97731,,159,,52
1416,2.97731,,159,,51.8
1417,2.97733,,159,,51.8
1418,2.97733,,159,,51.6
1419,2.97753,,159,,51.6
1420,2.97758,,159,,51.6
1421,2.97758,,158,,51.4
1422,2.97762,,158,,51.4
1423,2.97782,,156,,51.2
1424,2.97838,,155,,51
1425,2.97844,,153,,50.8
1426,2.97883,,153,,50.8
1427,2.97912,,152,,50.8
1428,2.97915,,152,,50.6
1429,2.97955,,152,,50.8
1430,2.97992,,151,,50.6
1431,2.97992,,151,,50.4
1432,2.97992,,150,,50.4
1433,2.97992,,150,,50.2
1434,2.97992,,150,,50
1435,2.97993,,150,,50
1436,2.98003,,150,,50
1437,2.98025,,150,,50
1438,2.98025,,149,,49.8
1439,2.98037,,149,,49.8
1440,2.98052,,148,,49.8
1441,2.98065,,147,,49.8
1442,2.98065,,146,,50
1443,2.98065,,146,,50
1444,2.98065,,146,,50
1445,2.98072,,146,,50
1446,2.98081,,146,,50
1447,2.98094,,146,,50
1448,2.98117,,146,,50
1449,2.9813,,145,,49.8
1450,2.98133,,144,,50
1451,2.98149,,144,,50
1452,2.98158,,144,,50
1453,2.98158,,143,,50
1454,2.98159,,143,,49.8
1455,2.98162,,143,,49.8
1456,2.98269,,142,,49.8
1457,2.98269,,142,,49.8
1458,2.98281,,142,,49.8
1459,2.98281,,142,,50
1460,2.98297,,142,,50
1461,2.98297,,141,,50
1462,2.98306,,141,,50
1463,2.98317,,140,,50
1464,2.98333,,140,,50
1465,2.98361,,139,,50
1466,2.98361,,139,,50.2
1467,2.98362,,140,,50.2
1468,2.98378,,140,,50
1469,2.98382,,140,,50
1470,2.98396,,141,,50.2
1471,2.98415,,141,,50.2
1472,2.98432,,142,,50.2
1473,2.98455,,142,,50.4
1474,2.98489,,142,,50.4
1475,2.98489,,142,,50.2
1476,2.985,,141,,50.4
1477,2.98549,,141,,50.4
1478,2.98574,,140,,50.2
1479,2.98589,,139,,50.4
1480,2.98589,,138,,50.4
1481,2.98595,,138,,50.4
1482,2.98597,,136,,50.4
1483,2.98602,,136,,50.4
1484,2.98613,,135,,50.6
1485,2.98625,,134,,50.6
1486,2.98632,,133,,50.6
1487,2.98638,,132,,50.6
1488,2.98639,,132,,50.8
1489,2.98641,,132,,50.8
1490,2.98649,,132,,50.8
1491,2.98657,,132,,50.8
1492,2.98688,,132,,51
1493,2.98688,,132,,51
1494,2.98697,,132,,50.8
1495,2.98706,,132,,51
1496,2.9873,,132,,51
1497,2.98748,,132,,51
1498,2.98759,,132,,51.2
1499,2.98759,,131,,51.2
1500,2.98765,,130,,51.2
1501,2.98771,,129,,51.2
1502,2.98774,,128,,51.4
1503,2.98783,,127,,51.6
1504,2.98786,,127,,51.6
1505,2.98786,,127,,51.6
1506,2.98788,,127,,51.6
1507,2.98792,,128,,51.6
1508,2.98798,,128,,51.6
1509,2.98804,,129,,51.8
1510,2.98815,,129,,51.8
1511,2.98832,,129,,51.8
1512,2.98857,,128,,51.8
1513,2.98879,,127,,51.8
1514,2.98919,,126,,51.8
1515,2.98931,,124,,51.8
1516,2.98936,,124,,52
1517,2.98944,,123,,52
1518,2.98945,,124,,52
1519,2.98945,,125,,52
1520,2.98956,,126,,52
1521,2.98966,,127,,52
1522,2.9898,,128,,52
1523,2.98994,,127,,52
1524,2.99005,,127,,52
1525,2.99015,,126,,52
1526,2.99028,,124,,52
1527,2.99028,,123,,52
1528,2.99035,,123,,52
1529,2.99053,,122,,52
1530,2.99064,,122,,52
1531,2.99064,,122,,52
1532,2.99068,,122,,52
1533,2.99081,,122,,52
1534,2.99081,,123,,52
1535,2.99083,,122,,52
1536,2.99086,,122,,52
1537,2.99092,,122,,52
1538,2.99092,,122,,52
1539,2.99108,,123,,52
1540,2.99132,,123,,52
1541,2.99142,,123,,52
1542,2.99149,,123,,52
1543,2.99158,,122,,52
1544,2.99167,,122,,52
1545,2.99167,,122,,52
1546,2.9917,,122,,51.8
1547,2.99173,,122,,51.8
1548,2.99179,,122,,51.8
1549,2.99185,,122,,51.8
1550,2.99189,,122,,51.8
1551,2.99192,,122,,52
1552,2.99192,,122,,52
1553,2.99192,,122,,51.8
1554,2.99195,,122,,51.6
1555,2.99205,,122,,51.6
1556,2.99215,,122,,51.6
1557,2.99215,,122,,51.6
1558,2.99215,,122,,51.6
1559,2.99215,,122,,51.6
1560,2.99217,,122,,51.6
1561,2.99223,,122,,51.6
1562,2.99249,,123,,51.6
1563,2.99249,,123,,51.6
1564,2.99315,,124,,51.6
1565,2.99327,,125,,51.6
1566,2.99377,,125,,51.6
1567,2.99386,,126,,51.6
1568,2.99386,,126,,51.6
1569,2.99394,,126,,51.4
1570,2.99394,,126,,51.4
1571,2.99399,,125,,51.6
1572,2.99399,,125,,51.6
1573,2.99399,,125,,51.6
1574,2.994,,125,,51.6
1575,2.994,,125,,51.6
1576,2.99402,,125,,51.6
1577,2.99403,,124,,51.6
1578,2.99426,,124,,51.6
1579,2.9946,,124,,51.6
1580,2.9949,,124,,51.6
1581,2.99543,,123,,51.6
1582,2.99583,,122,,51.6
1583,2.99583,,122,,51.4
1584,2.99806,,122,,51.8
1585,2.999,,122,,51.8
1586,2.99914,,123,,51.6
1587,2.99925,,123,,51.6
1588,2.99956,,123,,51.6
1589,2.99976,,123,,51.6
1590,3.00025,,123,,51.6
1591,3.00157,,123,,51.6
1592,3.00393,,123,,51.6
1593,3.00535,,123,,51.6
1594,3.00703,,124,,51.6
1595,3.00866,,124,,51.6
1596,3.0103,,125,,51.6
1597,3.01172,,125,,51.6
1598,3.01317,,125,,51.6
1599,3.01449,,126,,51.8
1600,3.01559,,126,,52
1601,3.01648,,128,,51.8
1602,3.01782,,128,,51.8
1603,3.01943,,129,,52
1604,3.02129,,129,,51.8
1605,3.02329,,129,,52
1606,3.02503,,128,,52
1607,3.02646,,128,,52
1608,3.02792,,127,,52
1609,3.02939,,127,,52
1610,3.03092,,127,,52
1611,3.03242,,127,,52
1612,3.03395,,127,,52
1613,3.03522,,127,,51.8
1614,3.03595,,128,,52
1615,3.0364,,128,,51.8
1616,3.03656,,128,,52
1617,3.03723,,127,,51.8
1618,3.0386,,127,,51.8
1619,3.03999,,126,,51.8
1620,3.04139,,126,,51.8
1621,3.04276,,126,,51.8
1622,3.04394,,126,,51.6
1623,3.04528,,126,,51.8
1624,3.04644,,127,,51.4
1625,3.04759,,128,,51.4
1626,3.04863,,128,,51.4
1627,3.04938,,128,,51.4
1628,3.05033,,128,,51.4
1629,3.05146,,128,,51.4
1630,3.05265,,127,,51.4
1631,3.05396,,127,,51.6
1632,3.05494,,127,,51.6
1633,3.056,,127,,51.6
1634,3.05745,,127,,51.6
1635,3.05847,,127,,51.4
1636,3.05967,,127,,51.4
1637,3.06103,,127,,51.6
1638,3.06255,,127,,51.6
1639,3.06406,,126,,51.6
1640,3.06557,,125,,51.6
1641,3.06684,,125,,51.6
1642,3.06807,,125,,51.8
1643,3.06989,,125,,51.8
1644,3.07145,,125,,51.8
1645,3.07288,,126,,51.6
1646,3.07437,,126,,51.6
1647,3.07579,,126,,51.6
1648,3.07728,,126,,51.6
1649,3.07877,,126,,51.6
1650,3.07993,,126,,51.6
1651,3.08111,,126,,51.6
1652,3.08232,,126,,51.6
1653,3.08343,,126,,51.6
1654,3.08478,,126,,51.6
1655,3.08625,,126,,51.6
1656,3.08777,,126,,51.6
1657,3.08938,,126,,51.6
1658,3.09149,,126,,51.6
1659,3.09343,,126,,51.6
1660,3.09499,,126,,51.6
1661,3.09626,,126,,51.6
1662,3.09736,,126,,51.6
1663,3.09917,,127,,51.6
1664,3.10056,,127,,51.6
1665,3.10206,,127,,51.6
1666,3.10375,,127,,51.6
1667,3.10554,,127,,51.6
1668,3.10709,,127,,51.6
1669,3.10852,,127,,51.6
1670,3.1101,,127,,51.8
1671,3.11167,,128,,51.8
1672,3.11316,,128,,51.6
1673,3.11469,,129,,51.8
1674,3.11615,,129,,51.6
1675,3.11762,,130,,51.6
1676,3.11919,,130,,51.6
1677,3.12126,,130,,51.6
1678,3.12375,,131,,51.6
1679,3.12673,,131,,51.6
1680,3.12933,,131,,51.6
1681,3.13207,,131,,51.6
1682,3.13471,,131,,51.8
1683,3.1369,,132,,51.8
1684,3.13915,,132,,51.6
1685,3.14167,,134,,51.4
1686,3.1441,,135,,51.4
1687,3.14661,,136,,51.4
1688,3.14929,,136,,51.4
1689,3.15195,,136,,51.4
1690,3.15469,,137,,51.4
1691,3.15753,,137,,51.4
1692,3.15998,,138,,51.2
1693,3.16272,,139,,51.4
1694,3.16536,,139,,51.2
1695,3.1682,,140,,51.4
1696,3.17093,,140,,51.2
1697,3.17359,,141,,51.2
1698,3.17658,,142,,51.2
1699,3.17934,,142,,51.2
1700,3.18178,,143,,51.2
1701,3.18431,,143,,51.2
1702,3.18683,,144,,51.2
1703,3.18927,,145,,51.2
1704,3.1918,,145,,51
1705,3.19422,,145,,51
1706,3.19685,,146,,51
1707,3.1991,,146,,51.2
1708,3.20157,,146,,51.2
1709,3.20432,,147,,51
1710,3.20665,,147,,51.2
1711,3.20916,,147,,51
1712,3.21162,,147,,51
1713,3.21404,,147,,51
1714,3.21647,,147,,51.2
1715,3.21895,,147,,51
1716,3.22199,,147,,51.2
1717,3.22466,,147,,51.2
1718,3.22742,,148,,51.2
1719,3.23018,,148,,51.2
1720,3.23288,,148,,51.2
1721,3.23562,,148,,51.2
1722,3.23808,,148,,51.2
1723,3.24089,,149,,51.2
1724,3.24349,,149,,51.2
1725,3.24619,,149,,51.2
1726,3.24864,,149,,51.2
1727,3.25072,,149,,51.2
1728,3.25319,,150,,51.2
1729,3.25557,,150,,51.2
1730,3.25797,,150,,51.2
1731,3.26035,,151,,51.2
1732,3.26271,,151,,51.2
1733,3.26514,,151,,51.2
1734,3.26762,,151,,51.2
1735,3.2702,,152,,51.2
1736,3.27272,,152,,51.2
1737,3.27492,,153,,51.2
1738,3.27773,,152,,51
1739,3.28053,,151,,51.2
1740,3.28359,,152,,51.2
1741,3.28633,,152,,51.2
1742,3.2888,,153,,51.2
1743,3.29153,,153,,51.2
1744,3.29419,,153,,51.4
1745,3.2969,,153,,51.4
1746,3.29954,,154,,51.4
1747,3.30228,,154,,51.4
1748,3.30504,,154,,51.4
1749,3.30746,,154,,51.4
1750,3.31003,,154,,51.4
1751,3.31245,,154,,51.4
1752,3.31492,,154,,51.4
1753,3.31743,,154,,51.4
1754,3.31942,,155,,51.4
1755,3.3219,,155,,51.4
1756,3.32445,,156,,51.4
1757,3.32672,,156,,51.4
1758,3.32918,,156,,51.4
1759,3.33158,,157,,51.4
1760,3.3341,,157,,51.6
1761,3.33678,,157,,51.6
1762,3.33934,,157,,51.4
1763,3.34204,,157,,51.4
1764,3.34415,,157,,51.4
1765,3.34652,,157,,51.4
1766,3.34895,,158,,51.4
1767,3.35131,,158,,51.6
1768,3.35391,,158,,51.4
1769,3.35645,,158,,51.2
1770,3.35927,,158,,51.4
1771,3.36194,,158,,51.4
1772,3.36437,,158,,51.4
1773,3.36672,,158,,51.4
1774,3.36905,,158,,51.4
1775,3.3713,,158,,51.4
1776,3.3735,,158,,51.4
1777,3.37583,,158,,51.4
1778,3.37835,,159,,51.6
1779,3.38076,,159,,51.4
1780,3.38336,,159,,51.4
1781,3.38586,,159,,51.4
1782,3.38815,,159,,51.4
1783,3.39062,,159,,51.4
1784,3.39285,,159,,51.4
1785,3.39539,,159,,51.4
1786,3.39796,,160,,51.2
1787,3.40042,,159,,51.4
1788,3.40265,,159,,51.4
1789,3.40465,,159,,51.4
1790,3.40661,,159,,51.4
1791,3.40825,,160,,51.4
1792,3.41027,,160,,51.4
1793,3.41248,,160,,51.6
1794,3.41521,,161,,51.6
1795,3.41799,,161,,51.4
1796,3.42066,,161,,51.4
1797,3.42342,,161,,51.4
1798,3.42583,,162,,51.4
1799,3.42823,,162,,51.6
1800,3.43059,,163,,51.6
1801,3.43287,,163,,51.6
1802,3.43506,,163,,51.4
1803,3.43763,,162,,51.6
1804,3.44002,,162,,51.6
1805,3.44221,,162,,51.6
1806,3.44452,,162,,51.6
1807,3.44688,,161,,51.6
1808,3.44906,,161,,51.6
1809,3.45128,,161,,51.6
1810,3.45365,,161,,51.6
1811,3.45608,,161,,51.4
1812,3.45845,,162,,51.4
1813,3.46055,,162,,51.6
1814,3.46262,,162,,51.6
1815,3.46442,,162,,51.6
1816,3.4665,,162,,51.6
1817,3.4687,,162,,51.6
1818,3.47149,,162,,51.6
1819,3.47418,,161,,51.6
1820,3.47719,,161,,51.6
1821,3.47988,,161,,51.6
1822,3.48246,,161,,51.6
1823,3.48484,,161,,51.6
1824,3.48715,,162,,51.6
1825,3.48951,,162,,51.8
1826,3.49176,,163,,51.8
1827,3.49415,,163,,51.8
1828,3.49639,,164,,51.8
1829,3.49928,,164,,51.8
1830,3.50206,,165,,51.8
1831,3.50467,,165,,51.8
1832,3.5075,,165,,51.8
1833,3.51038,,165,,51.8
1834,3.51323,,165,,51.6
1835,3.51594,,164,,51.6
1836,3.51893,,164,,51.8
1837,3.52185,,164,,51.6
1838,3.52493,,164,,51.8
1839,3.52793,,163,,51.8
1840,3.53036,,163,,51.8
1841,3.5327,,163,,51.8
1842,3.53477,,163,,51.8
1843,3.5362,,163,,52
1844,3.5383,,163,,52
1845,3.54046,,163,,52.2
1846,3.54281,,163,,52
1847,3.54538,,163,,52.2
1848,3.54784,,163,,52.2
1849,3.55045,,162,,52.2
1850,3.55302,,162,,52.2
1851,3.55576,,162,,52.4
1852,3.55853,,162,,52.6
1853,3.56113,,162,,52.6
1854,3.5638,,161,,52.6
1855,3.56638,,161,,52.6
1856,3.56889,,161,,52.6
1857,3.57143,,161,,52.8
1858,3.574,,161,,52.6
1859,3.57646,,161,,52.6
1860,3.57894,,161,,52.6
1861,3.58097,,161,,52.6
1862,3.58326,,162,,52.8
1863,3.58566,,162,,52.8
1864,3.58796,,162,,53
1865,3.5905,,162,,52.8
1866,3.59309,,162,,52.8
1867,3.59569,,162,,52.8
1868,3.59824,,162,,52.8
1869,3.60099,,162,,52.8
1870,3.60363,,161,,52.8
1871,3.60619,,162,,52.8
1872,3.60849,,162,,52.8
1873,3.61091,,162,,52.8
1874,3.61349,,162,,52.8
1875,3.61604,,162,,52.8
1876,3.61853,,162,,52.8
1877,3.61893,,162,,52.8
1878,3.62141,,162,,53
1879,3.62412,,162,,52.8
1880,3.62682,,162,,52.8
1881,3.62915,,161,,52.8
1882,3.63111,,161,,52.8
1883,3.63326,,161,,52.8
1884,3.63525,,162,,52.8
1885,3.63677,,162,,52.8
1886,3.63919,,162,,52.8
1887,3.64196,,163,,52.8
1888,3.64471,,164,,52.8
1889,3.6473,,164,,52.8
1890,3.64993,,165,,53
1891,3.65255,,165,,52.8
1892,3.65513,,165,,52.8
1893,3.65787,,165,,53
1894,3.6604,,165,,52.8
1895,3.66286,,164,,52.8
1896,3.66548,,164,,53
1897,3.66807,,164,,53
1898,3.67082,,163,,52.8
1899,3.67354,,163,,52.8
1900,3.67614,,163,,52.8
1901,3.67862,,163,,52.8
1902,3.68076,,163,,53
1903,3.68319,,163,,53
1904,3.68572,,163,,53
1905,3.68848,,163,,53
1906,3.69125,,163,,53
1907,3.69398,,163,,53
1908,3.69656,,164,,53
1909,3.6992,,164,,53
1910,3.70163,,165,,53
1911,3.70437,,165,,53
1912,3.7071,,165,,53
1913,3.70943,,165,,52.8
1914,3.71168,,165,,52.8
1915,3.71411,,165,,53
1916,3.71612,,166,,53
1917,3.71799,,166,,52.8
1918,3.72012,,166,,53
1919,3.72208,,167,,53
1920,3.72454,,167,,53
1921,3.72698,,167,,53
1922,3.72957,,167,,53
1923,3.73221,,167,,52.8
1924,3.73427,,167,,52.8
1925,3.73654,,167,,52.8
1926,3.73879,,167,,52.8
1927,3.74129,,167,,53
1928,3.74392,,167,,53.2
1929,3.74606,,167,,53.2
1930,3.74763,,167,,53.2
1931,3.7498,,167,,53.2
1932,3.75232,,168,,53.2
1933,3.75499,,168,,53.2
1934,3.75774,,168,,53.2
1935,3.76042,,168,,53.4
1936,3.76295,,168,,53.2
1937,3.76545,,168,,53.2
1938,3.76783,,168,,53.2
1939,3.7703,,168,,53.2
1940,3.77316,,167,,53.2
1941,3.77615,,167,,53.2
1942,3.7785,,167,,53
1943,3.78131,,167,,53
1944,3.78374,,166,,53
1945,3.7863,,166,,53
1946,3.78885,,166,,53
1947,3.79172,,166,,53
1948,3.79432,,166,,53
1949,3.79651,,166,,53.2
1950,3.79857,,167,,53
1951,3.80102,,167,,53
1952,3.80317,,167,,53
1953,3.80545,,167,,53
1954,3.80744,,166,,53
1955,3.80963,,167,,53
1956,3.81258,,167,,53.2
1957,3.81537,,167,,53.2
1958,3.81764,,167,,53.2
1959,3.8188,,168,,53
1960,3.82122,,168,,53.2
1961,3.82382,,168,,53.2
1962,3.82623,,168,,53.2
1963,3.82837,,168,,53.2
1964,3.83032,,168,,53.2
1965,3.83291,,168,,53.4
1966,3.83571,,168,,53.4
1967,3.83843,,168,,53.2
1968,3.84097,,168,,53.2
1969,3.84398,,168,,53
1970,3.84627,,168,,53
1971,3.84869,,168,,53
1972,3.85065,,168,,53
1973,3.85251,,168,,53
1974,3.85429,,168,,53
1975,3.85597,,168,,53
1976,3.85762,,167,,53.2
1977,3.85938,,167,,53.2
1978,3.86075,,167,,53.4
1979,3.86205,,167,,53.6
1980,3.86403,,167,,53.4
1981,3.86579,,166,,53.4
1982,3.86773,,166,,53.4
1983,3.8693,,166,,53.6
1984,3.87123,,166,,53.6
1985,3.87342,,166,,53.6
1986,3.87546,,166,,53.6
1987,3.87758,,166,,53.8
1988,3.8797,,166,,53.6
1989,3.88188,,166,,53.6
1990,3.88371,,166,,53.6
1991,3.88565,,166,,53.6
1992,3.88725,,167,,53.4
1993,3.88897,,167,,53.4
1994,3.89085,,167,,53.4
1995,3.89257,,167,,53.6
1996,3.89441,,166,,53.4
1997,3.89598,,166,,53.2
1998,3.89793,,166,,53
1999,3.89986,,165,,53.2
2000,3.90149,,164,,53
2001,3.90309,,164,,53
2002,3.90478,,164,,52.8
2003,3.90612,,164,,52.8
2004,3.90765,,163,,52.4
2005,3.90937,,163,,52.2
2006,3.91127,,162,,52.2
2007,3.91322,,161,,52
2008,3.91518,,161,,51.8
2009,3.91663,,160,,51.8
2010,3.91828,,160,,51.4
2011,3.92038,,159,,51.4
2012,3.92221,,159,,51.4
2013,3.92391,,158,,51.4
2014,3.9257,,158,,51.4
2015,3.92753,,157,,51.4
2016,3.9294,,157,,51.2
2017,3.9312,,157,,51.2
2018,3.93309,,156,,51
2019,3.93483,,156,,51
2020,3.93655,,156,,51
2021,3.93834,,156,,51
2022,3.94015,,156,,51
2023,3.94204,,155,,51.2
2024,3.944,,155,,51
2025,3.94572,,155,,51
2026,3.94743,,154,,51
2027,3.94949,,154,,51.2
2028,3.95171,,154,,51.4
2029,3.95411,,154,,51.2
2030,3.95682,,155,,51.2
2031,3.95955,,155,,51.2
2032,3.96238,,155,,51.2
2033,3.96523,,155,,51.2
2034,3.9681,,155,,51.2
2035,3.97096,,155,,51
2036,3.97356,,155,,51.2
2037,3.97587,,155,,51.2
2038,3.97837,,155,,51.2
2039,3.98113,,155,,51.2
2040,3.98401,,155,,51.2
2041,3.9869,,156,,51
2042,3.99019,,156,,51.2
2043,3.99324,,156,,51.2
2044,3.99629,,157,,51.2
2045,3.99993,,157,,51.2
2046,4.00255,,158,,51
2047,4.00535,,158,,51.2
2048,4.00764,,159,,51.2
2049,4.00977,,159,,51
2050,4.01208,,159,,51.2
2051,4.0145,,160,,51.2
2052,4.01673,,160,,51
2053,4.01891,,160,,51.2
2054,4.0212,,161,,51.2
2055,4.02288,,161,,51.2
2056,4.0254,,161,,51.2
2057,4.02767,,161,,51.2
2058,4.0302,,161,,51.4
2059,4.03273,,161,,51.2
2060,4.03522,,161,,51.2
2061,4.03783,,161,,50.8
2062,4.04005,,161,,50.8
2063,4.04247,,161,,50.8
2064,4.04437,,161,,50.8
2065,4.04674,,160,,50.6
2066,4.04911,,161,,50.8
2067,4.05123,,161,,50.6
2068,4.05359,,161,,50.6
2069,4.05598,,161,,50.4
2070,4.0587,,161,,50.4
2071,4.06107,,161,,50.4
2072,4.06385,,161,,50.6
2073,4.06629,,161,,50.4
2074,4.06859,,162,,50.4
2075,4.07076,,162,,50.4
2076,4.07307,,163,,50.6
2077,4.07543,,163,,50.6
2078,4.07766,,163,,50.4
2079,4.07987,,163,,50.4
2080,4.08275,,162,,50.4
2081,4.08551,,163,,50.4
2082,4.08797,,163,,50.4
2083,4.09069,,164,,50.4
2084,4.09359,,164,,50.6
2085,4.09615,,164,,50.4
2086,4.09872,,164,,50.4
2087,4.10152,,164,,50.6
2088,4.1043,,164,,50.6
2089,4.10702,,164,,50.8
2090,4.1097,,164,,50.6
2091,4.11239,,164,,50.6
2092,4.11492,,164,,50.6
2093,4.11758,,165,,50.4
2094,4.1198,,165,,50.6
2095,4.12192,,165,,50.6
2096,4.1242,,165,,50.6
2097,4.12636,,165,,50.6
2098,4.12863,,165,,50.6
2099,4.131,,166,,50.6
2100,4.13327,,166,,50.6
2101,4.13521,,166,,50.6
2102,4.13673,,166,,50.4
2103,4.13809,,166,,50.4
2104,4.13866,,165,,50.4
2105,4.13896,,165,,50.4
2106,4.13896,,164,,50.4
2107,4.13896,,164,,50.4
2108,4.1391,,164,,50.4
2109,4.13957,,164,,50.6
2110,4.13957,,164,,50.6
2111,4.13957,,164,,50.6
2112,4.13957,,164,,50.6
2113,4.13957,,164,,50.6
2114,4.13957,,163,,50.4
2115,4.14031,,163,,50.4
2116,4.14149,,162,,50.4
2117,4.14288,,162,,50.4
2118,4.14466,,162,,50.4
2119,4.14644,,162,,50.6
2120,4.1482,,162,,50.6
2121,4.14993,,162,,50.6
2122,4.1516,,162,,50.6
2123,4.1535,,162,,50.6
2124,4.15524,,162,,50.6
2125,4.15702,,162,,51
2126,4.15907,,162,,51.2
2127,4.16084,,163,,51.2
2128,4.16265,,162,,51.4
2129,4.16452,,162,,51.2
2130,4.16622,,163,,51.2
2131,4.16794,,163,,51.2
2132,4.16976,,163,,51.4
2133,4.1715,,162,,51.6
2134,4.17313,,162,,51.4
2135,4.17495,,162,,51.6
2136,4.17674,,162,,51.6
2137,4.17846,,162,,51.6
2138,4.18037,,162,,51.6
2139,4.18233,,161,,51.4
2140,4.18423,,161,,51.4
2141,4.18615,,161,,51.4
2142,4.18815,,160,,51
2143,4.19011,,160,,51
2144,4.19176,,159,,50.4
2145,4.19328,,159,,50.4
2146,4.19501,,158,,50.4
2147,4.1968,,158,,50.2
2148,4.19863,,157,,50.2
2149,4.20033,,157,,50.2
2150,4.20184,,156,,50.2
2151,4.20345,,156,,50.2
2152,4.20501,,156,,50
2153,4.20675,,156,,50
2154,4.20872,,155,,50.2
2155,4.2107,,155,,50.2
2156,4.21249,,155,,50.2
2157,4.21444,,155,,50.2
2158,4.21631,,155,,50.2
2159,4.21801,,155,,50.2
2160,4.21963,,155,,50.2
2161,4.22127,,154,,50.2
2162,4.22296,,154,,50.2
2163,4.22472,,154,,50.4
2164,4.22638,,153,,50
2165,4.22794,,153,,49.6
2166,4.22957,,153,,49.8
2167,4.23123,,152,,49.6
2168,4.23279,,152,,49.6
2169,4.23438,,152,,49.4
2170,4.23605,,152,,49.4
2171,4.23779,,151,,49.4
2172,4.23967,,151,,49.4
2173,4.24155,,151,,49.4
2174,4.24336,,151,,49.2
2175,4.2451,,150,,49.2
2176,4.24674,,150,,49.2
2177,4.24878,,150,,48.8
2178,4.25056,,149,,48.8
2179,4.25216,,149,,48.8
2180,4.25394,,150,,49
2181,4.25588,,150,,49
2182,4.25781,,150,,48.8
2183,4.25988,,151,,48.8
2184,4.26211,,151,,48.8
2185,4.26459,,151,,48.6
2186,4.26714,,152,,48.6
2187,4.26967,,152,,48.6
2188,4.27235,,152,,48.6
2189,4.27506,,151,,48.6
2190,4.27777,,151,,48.8
2191,4.28043,,150,,48.8
2192,4.28302,,150,,48.6
2193,4.28555,,150,,48.6
2194,4.28796,,150,,48.6
2195,4.2902,,150,,48.6
2196,4.2925,,149,,48.8
2197,4.295,,149,,48.6
2198,4.2976,,149,,48.6
2199,4.30022,,150,,48.6
2200,4.30291,,150,,48.6
2201,4.30558,,150,,48.6
2202,4.30812,,150,,48.6
2203,4.31072,,150,,48.6
2204,4.31333,,150,,48.6
2205,4.31527,,150,,48.8
2206,4.31788,,150,,48.6
2207,4.32027,,150,,48.8
2208,4.32275,,151,,48.6
2209,4.32546,,151,,48.6
2210,4.32792,,152,,48.6
2211,4.33052,,152,,48.6
2212,4.33311,,153,,48.8
2213,4.33578,,153,,48.8
2214,4.33865,,154,,48.8
2215,4.34136,,154,,48.8
2216,4.34407,,155,,48.8
2217,4.34677,,156,,49
2218,4.34943,,156,,49
2219,4.35187,,157,,48.8
2220,4.35445,,157,,48.8
2221,4.35722,,158,,48.8
2222,4.35983,,159,,48.8
2223,4.36239,,159,,48.8
2224,4.3648,,159,,48.8
2225,4.36725,,159,,48.8
2226,4.36948,,160,,48.8
2227,4.37186,,160,,48.8
2228,4.37432,,160,,48.8
2229,4.37677,,160,,48.8
2230,4.3793,,160,,48.8
2231,4.38164,,160,,48.8
2232,4.38415,,160,,48.8
2233,4.38666,,161,,48.8
2234,4.38915,,161,,48.8
2235,4.39154,,161,,48.8
2236,4.39408,,161,,48.8
2237,4.3968,,161,,48.8
2238,4.39935,,161,,48.8
2239,4.40182,,162,,48.8
2240,4.4042,,162,,48.8
2241,4.40647,,163,,48.8
2242,4.40886,,163,,48.8
2243,4.41116,,164,,48.8
2244,4.41341,,164,,48.8
2245,4.41567,,163,,48.8
2246,4.41795,,163,,49
2247,4.42015,,163,,49
2248,4.42257,,163,,48.8
2249,4.42496,,163,,48.8
2250,4.42734,,164,,48.8
2251,4.42971,,164,,48.8
2252,4.43202,,165,,48.8
2253,4.43426,,165,,48.8
2254,4.43648,,164,,48.8
2255,4.43852,,164,,48.8
2256,4.44087,,164,,48.8
2257,4.44305,,164,,48.8
2258,4.44528,,164,,48.8
2259,4.44764,,164,,48.8
2260,4.44987,,164,,48.6
2261,4.45214,,165,,48.6
2262,4.45449,,165,,48.6
2263,4.45699,,165,,48.4
2264,4.45931,,165,,48.6
2265,4.46156,,165,,48.4
2266,4.464,,164,,48.4
2267,4.46622,,164,,48.6
2268,4.46866,,164,,48.6
2269,4.47097,,163,,48.8
2270,4.47322,,163,,48.8
2271,4.47566,,163,,48.6
2272,4.47787,,163,,48.6
2273,4.48011,,163,,48.8
2274,4.48218,,164,,48.8
2275,4.48424,,164,,48.8
2276,4.48662,,165,,48.6
2277,4.48877,,165,,48.6
2278,4.49103,,166,,48.6
2279,4.49332,,166,,48.6
2280,4.49552,,166,,48.6
2281,4.49787,,167,,48.6
2282,4.5,,167,,48.8
2283,4.5023,,168,,48.6
2284,4.50465,,168,,48.8
2285,4.50699,,168,,48.8
2286,4.50945,,167,,48.8
2287,4.51216,,167,,48.8
2288,4.51446,,167,,48.8
2289,4.51651,,167,,49
2290,4.51866,,167,,49
2291,4.52089,,166,,49
2292,4.52293,,166,,49
2293,4.52519,,167,,49
2294,4.52737,,167,,49.2
2295,4.52967,,167,,49.2
2296,4.53212,,168,,49.2
2297,4.53455,,168,,49.4
2298,4.53726,,168,,49.4
2299,4.53981,,168,,49.4
2300,4.54235,,169,,49.2
2301,4.54483,,169,,49.2
2302,4.54711,,169,,49.2
2303,4.54954,,169,,49.2
2304,4.55193,,170,,49
2305,4.55425,,169,,49
2306,4.5565,,169,,49
2307,4.55873,,170,,49.2
2308,4.56104,,169,,49.2
2309,4.56331,,169,,49.2
2310,4.56561,,169,,49.2
2311,4.56779,,169,,49
2312,4.57006,,169,,49.2
2313,4.57244,,168,,49
2314,4.57469,,168,,49
2315,4.57709,,168,,48.8
2316,4.57845,,168,,48.8
2317,4.58067,,168,,48.8
2318,4.58331,,167,,48.6
2319,4.58578,,168,,48.8
2320,4.58821,,167,,48.8
2321,4.59072,,168,,48.8
2322,4.59304,,168,,48.8
2323,4.59536,,168,,48.8
2324,4.59784,,168,,48.6
2325,4.60011,,168,,48.6
2326,4.60204,,167,,48.6
2327,4.6039,,167,,48.6
2328,4.60608,,167,,48.6
2329,4.60819,,168,,48.6
2330,4.61021,,168,,48.6
2331,4.6124,,168,,48.6
2332,4.61458,,167,,48.6
2333,4.61698,,167,,48.6
2334,4.61921,,167,,48.6
2335,4.62153,,167,,48.6
2336,4.62406,,168,,48.6
2337,4.62629,,168,,48.6
2338,4.62864,,167,,48.6
2339,4.63095,,168,,48.6
2340,4.63291,,168,,48.6
2341,4.63487,,168,,48.6
2342,4.63714,,167,,48.6
2343,4.6395,,167,,48.6
2344,4.64186,,167,,48.6
2345,4.64425,,168,,48.6
2346,4.64661,,168,,48.6
2347,4.64907,,168,,48.6
2348,4.65155,,169,,48.4
2349,4.65404,,169,,48.6
2350,4.65634,,169,,48.6
2351,4.65865,,170,,48.4
2352,4.66071,,170,,48.4
2353,4.66285,,171,,48.4
2354,4.66515,,171,,48.2
2355,4.66722,,170,,48.2
2356,4.66937,,170,,48.2
2357,4.67166,,170,,48.4
2358,4.67405,,170,,48.2
2359,4.6765,,170,,48.2
2360,4.67876,,171,,48.2
2361,4.68108,,171,,48.2
2362,4.68334,,171,,48.2
2363,4.68555,,171,,48.2
2364,4.6878,,171,,48.2
2365,4.69002,,171,,48.2
2366,4.69224,,171,,48.2
2367,4.69443,,171,,48.2
2368,4.69671,,171,,48.2
2369,4.69884,,170,,48.2
2370,4.70106,,170,,48.2
2371,4.70324,,170,,48.2
2372,4.70544,,170,,48.2
2373,4.70746,,170,,48.2
2374,4.70951,,170,,48.4
2375,4.71171,,171,,48.2
2376,4.71397,,171,,48.4
2377,4.71633,,171,,48.6
2378,4.71866,,171,,48.4
2379,4.721,,171,,48.6
2380,4.72322,,171,,48.8
2381,4.72501,,171,,48.8
2382,4.72637,,171,,48.8
2383,4.72844,,171,,49
2384,4.73015,,171,,49
2385,4.73231,,171,,48.8
2386,4.73451,,172,,49
2387,4.73666,,171,,49
2388,4.73908,,171,,49
2389,4.74156,,171,,49
2390,4.74412,,170,,49
2391,4.74612,,170,,49
2392,4.74813,,170,,49
2393,4.75033,,171,,49
2394,4.75255,,170,,49
2395,4.75465,,170,,49
2396,4.75673,,170,,49
2397,4.75908,,170,,49
2398,4.76157,,170,,49
2399,4.76404,,171,,49
2400,4.7663,,171,,49
2401,4.76842,,172,,49
2402,4.77065,,172,,49
2403,4.77279,,172,,49.2
2404,4.77474,,171,,49
2405,4.77679,,171,,49
2406,4.77895,,171,,49
2407,4.78098,,171,,49
2408,4.78304,,170,,49.2
2409,4.78515,,170,,49.2
2410,4.78733,,170,,49.2
2411,4.78959,,170,,49.2
2412,4.79193,,170,,49.4
2413,4.79419,,171,,49.4
2414,4.79611,,171,,49.4
2415,4.79789,,172,,49.6
2416,4.79974,,172,,49.6
2417,4.80174,,171,,49.6
2418,4.80362,,171,,49.4
2419,4.80534,,171,,49.4
2420,4.80716,,171,,49.4
2421,4.809,,170,,49.4
2422,4.81085,,170,,49.4
2423,4.81266,,169,,49.4
2424,4.81445,,169,,49.2
2425,4.81627,,169,,49.2
2426,4.81794,,169,,49
2427,4.81956,,168,,48.8
2428,4.82109,,168,,48.4
2429,4.82304,,168,,48.2
2430,4.82474,,168,,48
2431,4.82627,,167,,48
2432,4.8279,,167,,47.8
2433,4.82955,,167,,47.8
2434,4.8312,,167,,47.6
2435,4.83286,,167,,47.6
2436,4.8348,,167,,47.4
2437,4.83664,,166,,47.4
2438,4.83845,,166,,47.2
2439,4.84011,,165,,47.4
2440,4.84183,,165,,47.2
2441,4.84348,,165,,47
2442,4.84508,,165,,47
2443,4.84666,,165,,46.8
2444,4.84811,,164,,46.8
2445,4.84964,,164,,46.6
2446,4.85132,,164,,46.4
2447,4.85314,,163,,46.4
2448,4.85522,,163,,46.4
2449,4.85673,,163,,46.4
2450,4.85822,,163,,46.2
2451,4.86005,,162,,46.2
2452,4.86193,,163,,46.2
2453,4.86367,,163,,46.4
2454,4.86537,,163,,46.2
2455,4.86705,,162,,46.4
2456,4.86877,,162,,46.2
2457,4.87052,,162,,46.4
2458,4.8721,,161,,46.4
2459,4.87375,,161,,46.2
2460,4.87552,,161,,46.2
2461,4.87716,,160,,46.4
2462,4.87868,,160,,46.4
2463,4.88028,,160,,46.8
2464,4.88196,,160,,46.8
2465,4.88356,,160,,46.8
2466,4.88496,,160,,46.8
2467,4.88639,,159,,46.8
2468,4.88778,,159,,47
2469,4.8892,,159,,47
2470,4.89069,,159,,47
2471,4.89236,,159,,47
2472,4.89391,,159,,47
2473,4.89568,,159,,47
2474,4.89751,,160,,47
2475,4.89913,,160,,47
2476,4.90087,,161,,46.8
2477,4.90268,,161,,46.8
2478,4.90432,,161,,46.8
2479,4.90595,,161,,46.8
2480,4.90768,,161,,46.8
2481,4.90926,,160,,46.8
2482,4.91069,,160,,46.8
2483,4.91206,,159,,46.6
2484,4.91354,,159,,46.6
2485,4.91491,,159,,46.6
2486,4.91642,,159,,46.2
2487,4.91809,,158,,46.2
2488,4.91967,,158,,46.2
2489,4.92132,,158,,46.2
2490,4.92302,,157,,46.2
2491,4.92479,,157,,46
2492,4.92656,,157,,46
2493,4.92817,,156,,46
2494,4.92991,,156,,45.8
2495,4.93174,,156,,45.8
2496,4.93356,,156,,45.6
2497,4.93556,,156,,45.6
2498,4.93754,,156,,45.6
2499,4.93945,,156,,45.4
2500,4.94103,,156,,45.4
2501,4.94242,,156,,45.4
2502,4.94371,,156,,45.4
2503,4.94547,,156,,45.4
2504,4.94721,,156,,45.4
2505,4.94885,,156,,45.4
2506,4.95052,,156,,45.4
2507,4.95236,,156,,45.4
2508,4.95413,,156,,45.6
2509,4.95571,,155,,45.4
2510,4.95734,,155,,45.6
2511,4.95925,,155,,45.6
2512,4.96128,,155,,45.8
2513,4.96333,,155,,45.6
2514,4.96514,,155,,45.8
2515,4.96674,,155,,45.6
2516,4.96849,,155,,45.8
2517,4.97003,,155,,45.8
2518,4.97169,,155,,45.8
2519,4.97334,,155,,45.8
2520,4.97485,,155,,46
2521,4.97648,,155,,45.8
2522,4.97795,,155,,45.8
2523,4.97986,,154,,45.6
2524,4.98172,,154,,45.6
2525,4.98347,,154,,45.6
2526,4.98519,,154,,45.6
2527,4.98669,,154,,45.8
2528,4.98848,,154,,45.8
2529,4.99014,,153,,45.6
2530,4.99167,,153,,45.8
2531,4.99325,,153,,45.6
2532,4.99489,,153,,45.8
2533,4.99656,,153,,45.8
2534,4.99822,,153,,45.8
2535,4.99983,,153,,45.8
2536,5.0015,,154,,45.8
2537,5.00292,,153,,45.8
2538,5.00453,,153,,45.6
2539,5.00627,,153,,45.8
2540,5.00806,,153,,45.8
2541,5.00978,,152,,45.8
2542,5.01133,,152,,46
2543,5.01322,,152,,46
2544,5.01498,,152,,46.2
2545,5.01682,,152,,46.4
2546,5.01873,,152,,46.6
2547,5.02056,,152,,46.4
2548,5.02249,,152,,46.2
2549,5.02416,,152,,46.2
2550,5.02581,,152,,46.4
2551,5.02769,,152,,46.2
2552,5.02935,,152,,46
2553,5.03115,,152,,46.2
2554,5.03281,,152,,46
2555,5.0345,,152,,46.2
2556,5.03622,,151,,46.2
2557,5.03782,,151,,46.2
2558,5.03957,,151,,46
2559,5.0413,,151,,46
2560,5.04301,,151,,46
2561,5.04495,,152,,46
2562,5.04626,,152,,46
2563,5.04739,,152,,45.8
2564,5.04868,,152,,45.8
2565,5.05007,,151,,45.8
2566,5.05151,,151,,45.6
2567,5.05291,,151,,45.8
2568,5.05454,,151,,46
2569,5.05629,,151,,46
2570,5.05806,,151,,46
2571,5.05978,,151,,46
2572,5.06162,,150,,45.8
2573,5.06326,,150,,46
2574,5.065,,150,,46
2575,5.06669,,149,,46.2
2576,5.06862,,149,,46.2
2577,5.0705,,149,,46.2
2578,5.07239,,149,,46.2
2579,5.07465,,149,,46.4
2580,5.07618,,149,,46.6
2581,5.07778,,148,,46.6
2582,5.07949,,148,,46.4
2583,5.08097,,148,,46.6
2584,5.08234,,148,,46.4
2585,5.08396,,147,,46.2
2586,5.08555,,147,,46
2587,5.08715,,147,,46
2588,5.08922,,147,,46
2589,5.09078,,147,,46
2590,5.09249,,147,,46.4
2591,5.09414,,147,,46.4
2592,5.09581,,147,,46.6
2593,5.09741,,147,,46.8
2594,5.09919,,148,,46.8
2595,5.10097,,148,,47
2596,5.10306,,148,,47
2597,5.10486,,148,,47
2598,5.10638,,149,,46.8
2599,5.10815,,148,,47
2600,5.11009,,148,,47
2601,5.11217,,148,,47
2602,5.11444,,148,,47.2
2603,5.11674,,148,,47.2
2604,5.11901,,149,,47.2
2605,5.12089,,149,,47.4
2606,5.12296,,149,,47.8
2607,5.12571,,150,,48
2608,5.12797,,150,,48
2609,5.13035,,150,,48
2610,5.13273,,150,,48.2
2611,5.1351,,150,,48
2612,5.13712,,150,,48.2
2613,5.13923,,151,,48.4
2614,5.14116,,151,,48.4
2615,5.14343,,151,,48.6
2616,5.14582,,151,,48.6
2617,5.14822,,152,,48.4
2618,5.15073,,152,,48.4
2619,5.15319,,153,,48.4
2620,5.1562,,153,,48.2
2621,5.1585,,154,,48.4
2622,5.16079,,154,,48.4
2623,5.16294,,154,,48.6
2624,5.16548,,155,,48.6
2625,5.16824,,155,,48.6
2626,5.17089,,156,,48.6
2627,5.17355,,156,,48.6
2628,5.17612,,157,,48.4
2629,5.17841,,157,,48.4
2630,5.18072,,158,,48.4
2631,5.18328,,158,,48.4
2632,5.18568,,159,,48.4
2633,5.18802,,159,,48.2
2634,5.19043,,160,,48.2
2635,5.1928,,160,,48.4
2636,5.19542,,161,,48.6
2637,5.19783,,161,,48.6
2638,5.20055,,161,,48.6
2639,5.20301,,161,,48.4
2640,5.20555,,162,,48.4
2641,5.20811,,162,,48.4
2642,5.21096,,162,,48.2
2643,5.21361,,163,,48.2
2644,5.21614,,163,,48.2
2645,5.2186,,163,,48.2
2646,5.22112,,163,,48.2
2647,5.22364,,163,,48.2
2648,5.22607,,163,,48.2
2649,5.22862,,163,,48.2
2650,5.2308,,164,,48.2
2651,5.23311,,165,,48.4
2652,5.23577,,165,,48.4
2653,5.23798,,166,,48.2
2654,5.24026,,166,,48.2
2655,5.24253,,166,,48.2
2656,5.24474,,166,,48.4
2657,5.24689,,166,,48.2
2658,5.24927,,166,,48.2
2659,5.25167,,166,,48.4
2660,5.25403,,166,,48.2
2661,5.25643,,165,,48.2
2662,5.25877,,166,,48
2663,5.26114,,166,,48.2
2664,5.26361,,166,,48.2
2665,5.26602,,167,,48.2
2666,5.26861,,168,,48.2
2667,5.27117,,168,,48.2
2668,5.27438,,169,,48.2
2669,5.27681,,169,,48
2670,5.27926,,169,,48
2671,5.28183,,169,,48
2672,5.28436,,169,,48.2
2673,5.28697,,169,,48
2674,5.28971,,169,,48.2
2675,5.29234,,170,,48.2
2676,5.29493,,170,,48.2
2677,5.29739,,170,,48.2
2678,5.30008,,170,,48.6
2679,5.30242,,170,,48.8
2680,5.30485,,169,,48.8
2681,5.30726,,169,,48.8
2682,5.30974,,169,,49
2683,5.3125,,169,,49
2684,5.31495,,169,,49
2685,5.31752,,169,,49.2
2686,5.32004,,169,,49.4
2687,5.32281,,169,,49.2
2688,5.32559,,168,,49.2
2689,5.32817,,169,,49.2
2690,5.33077,,169,,49.2
2691,5.33331,,169,,49.2
2692,5.336,,170,,49.2
2693,5.33856,,170,,49.4
2694,5.34099,,170,,49.2
2695,5.34358,,170,,49.4
2696,5.346,,170,,49.2
2697,5.34806,,171,,49.4
2698,5.34977,,170,,49.4
2699,5.3514,,170,,49.4
2700,5.35307,,170,,49.4
2701,5.35482,,170,,49.4
2702,5.3566,,170,,49.4
2703,5.35833,,169,,49.4
2704,5.35996,,170,,49.2
2705,5.3617,,170,,49.2
2706,5.36335,,170,,49.2
2707,5.36475,,169,,49.2
2708,5.36615,,170,,49.2
2709,5.36743,,170,,49.2
2710,5.36874,,170,,49.2
2711,5.37021,,169,,49.2
2712,5.37163,,169,,49.2
2713,5.37329,,169,,49.2
2714,5.37512,,169,,49.2
2715,5.3768,,169,,49.2
2716,5.37851,,169,,49.4
2717,5.38024,,169,,49.4
2718,5.38216,,169,,49.4
2719,5.38411,,168,,49.4
2720,5.38593,,169,,49.4
2721,5.38769,,168,,49.4
2722,5.38946,,168,,49.4
2723,5.3912,,168,,49.4
2724,5.39279,,167,,49.2
2725,5.39419,,167,,49.2
2726,5.39537,,166,,49.2
2727,5.39699,,166,,49.2
2728,5.39862,,165,,49.2
2729,5.40024,,164,,49.2
2730,5.4018,,164,,49.2
2731,5.40359,,163,,49.2
2732,5.40555,,163,,49
2733,5.40722,,162,,49
2734,5.40911,,162,,49
2735,5.41117,,161,,49
2736,5.41334,,161,,49
2737,5.41504,,161,,49
2738,5.41661,,161,,49
2739,5.41814,,161,,49
2740,5.41983,,162,,49
2741,5.42164,,162,,49
2742,5.42333,,162,,49
2743,5.42481,,161,,49
2744,5.42622,,161,,49
2745,5.42833,,161,,49
2746,5.43025,,160,,49
2747,5.43184,,160,,49
2748,5.43346,,160,,49
2749,5.43501,,160,,48.8
2750,5.43654,,160,,48.8
2751,5.43815,,160,,49
2752,5.43954,,160,,48.8
2753,5.44116,,160,,48.8
2754,5.44286,,160,,48.8
2755,5.44462,,160,,48.8
2756,5.44636,,160,,48.8
2757,5.44786,,159,,48.8
2758,5.44958,,159,,49
2759,5.45133,,159,,48.8
2760,5.45308,,158,,49
2761,5.45462,,158,,48.8
2762,5.45619,,158,,48.8
2763,5.4579,,158,,48.8
2764,5.45965,,158,,48.8
2765,5.46127,,158,,48.6
2766,5.46274,,157,,48.6
2767,5.46453,,157,,48.4
2768,5.46632,,157,,48.6
2769,5.46814,,157,,48.6
2770,5.47,,157,,48.6
2771,5.47184,,157,,48.6
2772,5.47368,,157,,48.6
2773,5.4757,,156,,48.4
2774,5.47753,,156,,48.4
2775,5.47938,,156,,48.4
2776,5.48138,,156,,48.4
2777,5.48322,,156,,48.4
2778,5.48506,,156,,48.4
2779,5.48681,,156,,48.4
2780,5.48835,,156,,48.4
2781,5.49005,,156,,48.4
2782,5.49169,,156,,48.4
2783,5.49331,,156,,48.4
2784,5.49485,,156,,48.4
2785,5.49647,,156,,48.4
2786,5.4983,,155,,48.4
2787,5.50002,,155,,48.4
2788,5.50153,,154,,48.4
2789,5.50341,,154,,48.4
2790,5.5054,,154,,48.4
2791,5.50725,,154,,48.4
2792,5.50911,,154,,48.4
2793,5.5107,,154,,48.4
2794,5.51226,,154,,48.4
2795,5.51386,,154,,48.4
2796,5.51584,,154,,48.4
2797,5.51765,,154,,48.4
2798,5.51944,,153,,48.4
2799,5.52099,,154,,48.4
2800,5.52272,,154,,48.4
2801,5.52447,,154,,48.4
2802,5.52637,,154,,48.4
2803,5.52821,,154,,48.4
2804,5.52996,,154,,48.4
2805,5.53175,,153,,48.4
2806,5.53345,,153,,48.4
2807,5.53505,,153,,48.4
2808,5.53666,,153,,48.4
2809,5.53813,,153,,48.4
2810,5.5399,,153,,48.4
2811,5.54165,,153,,48.4
2812,5.54336,,153,,48.4
2813,5.54503,,153,,48.4
2814,5.54671,,153,,48.4
2815,5.54853,,153,,48.4
2816,5.55057,,153,,48.4
2817,5.55248,,153,,48.4
2818,5.55422,,153,,48.4
2819,5.55584,,153,,48.4
2820,5.55773,,153,,48.4
2821,5.56005,,152,,48.4
2822,5.56156,,152,,48.4
2823,5.56303,,152,,48.6
2824,5.56453,,153,,48.6
2825,5.56616,,153,,48.4
2826,5.5679,,153,,48.4
2827,5.56961,,153,,48.4
2828,5.57136,,153,,48.4
2829,5.57321,,153,,48.6
2830,5.57492,,153,,48.6
2831,5.57673,,153,,48.6
2832,5.57863,,153,,48.6
2833,5.58024,,153,,48.6
2834,5.58179,,153,,48.6
2835,5.58329,,153,,48.6
2836,5.58489,,153,,48.6
2837,5.58658,,153,,48.6
2838,5.5882,,153,,48.6
2839,5.58968,,153,,48.4
2840,5.59119,,153,,48.6
2841,5.59289,,154,,48.6
2842,5.59462,,154,,48.6
2843,5.59634,,154,,48.6
2844,5.59791,,154,,48.8
2845,5.59951,,154,,48.8
2846,5.6012,,153,,48.8
2847,5.6032,,153,,48.8
2848,5.60519,,154,,48.8
2849,5.60692,,154,,48.6
2850,5.6088,,154,,48.6
2851,5.61077,,154,,48.6
2852,5.61229,,155,,48.8
2853,5.61381,,155,,48.8
2854,5.61526,,155,,48.8
2855,5.61658,,155,,48.8
2856,5.61808,,155,,48.8
2857,5.61949,,154,,48.6
2858,5.62095,,154,,48.8
2859,5.62239,,154,,48.8
2860,5.62379,,154,,48.8
2861,5.62534,,154,,48.8
2862,5.62701,,153,,48.8
2863,5.62867,,153,,48.8
2864,5.63037,,152,,48.8
2865,5.6318,,152,,49
2866,5.63347,,152,,49
2867,5.63497,,152,,49
2868,5.63608,,152,,49.2
2869,5.63717,,152,,49
2870,5.63844,,152,,49
2871,5.63994,,152,,49
2872,5.64165,,152,,49
2873,5.6438,,152,,49.2
2874,5.64628,,151,,49
2875,5.64837,,151,,49
2876,5.65028,,150,,49
2877,5.65234,,150,,49
2878,5.65433,,150,,49
2879,5.65621,,150,,49
2880,5.65795,,150,,49
2881,5.65948,,151,,49
2882,5.66105,,151,,49
2883,5.66273,,151,,49
2884,5.66439,,151,,49
2885,5.66661,,152,,49
2886,5.66825,,151,,49
2887,5.66974,,151,,49
2888,5.67115,,151,,49
2889,5.67293,,150,,49
2890,5.67452,,150,,49.2
2891,5.67605,,150,,49.2
2892,5.67761,,150,,49.2
2893,5.67913,,150,,49.4
2894,5.68049,,149,,49.2
2895,5.68173,,149,,49.2
2896,5.68277,,149,,49.4
2897,5.68422,,148,,49.2
2898,5.68584,,148,,49.4
2899,5.68781,,148,,49.4
2900,5.68953,,149,,49.6
2901,5.69112,,149,,49.6
2902,5.69333,,149,,49.6
2903,5.69537,,149,,49.8
2904,5.69778,,149,,50
2905,5.70008,,149,,50
2906,5.70187,,149,,50.2
2907,5.70334,,149,,50
2908,5.70451,,149,,50
2909,5.70585,,149,,50
2910,5.7076,,149,,50
2911,5.70962,,150,,50
2912,5.71183,,150,,50
2913,5.71391,,150,,50
2914,5.71597,,150,,50
2915,5.71806,,149,,49.8
2916,5.71993,,149,,49.8
2917,5.72198,,149,,49.8
2918,5.7243,,149,,49.8
2919,5.7268,,149,,49.8
2920,5.7296,,149,,49.8
2921,5.73232,,150,,49.8
2922,5.73502,,150,,49.8
2923,5.73781,,151,,49.8
2924,5.74047,,151,,49.8
2925,5.74349,,151,,49.8
2926,5.74614,,151,,49.8
2927,5.74824,,151,,49.8
2928,5.74976,,151,,49.8
2929,5.75098,,151,,49.8
2930,5.75238,,152,,49.8
2931,5.75345,,152,,49.8
2932,5.75407,,152,,49.8
2933,5.75436,,152,,49.8
2934,5.75498,,152,,49.8
2935,5.75573,,152,,49.8
2936,5.75704,,152,,50
2937,5.75851,,152,,50.2
2938,5.76015,,152,,50.2
2939,5.76165,,152,,50.2
2940,5.7632,,152,,50.4
2941,5.76477,,152,,50.4
2942,5.76623,,152,,50.4
2943,5.76744,,152,,50.6
2944,5.76845,,152,,50.8
2945,5.76961,,152,,51.4
2946,5.77103,,152,,51.8
2947,5.77239,,152,,51.8
2948,5.77406,,152,,52
2949,5.77601,,152,,52
2950,5.77784,,152,,52.2
2951,5.77962,,152,,52.2
2952,5.78136,,152,,52.2
2953,5.78325,,152,,52.2
2954,5.78532,,152,,52.2
2955,5.78746,,151,,52.2
2956,5.78929,,151,,52.2
2957,5.79086,,151,,52.2
2958,5.79262,,150,,52.2
2959,5.79445,,151,,52.2
2960,5.79617,,151,,52.2
2961,5.79798,,151,,52
2962,5.79946,,151,,52
2963,5.80094,,152,,52
2964,5.80234,,152,,52
2965,5.80385,,152,,52
2966,5.80535,,152,,52
2967,5.80689,,151,,52
2968,5.80838,,151,,52
2969,5.80988,,150,,52
2970,5.81143,,150,,52
2971,5.81317,,150,,52
2972,5.81466,,150,,51.8
2973,5.81605,,150,,51.8
2974,5.81762,,149,,51.8
2975,5.81946,,149,,51.8
2976,5.82115,,149,,51.8
2977,5.82268,,149,,51.8
2978,5.82403,,148,,51.8
2979,5.82504,,148,,51.8
2980,5.82578,,148,,51.8
2981,5.82662,,148,,51.8
2982,5.82794,,148,,51.8
2983,5.82914,,147,,51.8
2984,5.83074,,147,,51.8
2985,5.83262,,147,,51.6
2986,5.83402,,147,,51.6
2987,5.83596,,146,,51.6
2988,5.83766,,146,,51.4
2989,5.84008,,147,,51.2
2990,5.84219,,147,,51
2991,5.8441,,148,,50.8
2992,5.84554,,148,,50.8
2993,5.84732,,148,,50.8
2994,5.84956,,148,,50.8
2995,5.8517,,148,,50.8
2996,5.85388,,148,,50.8
2997,5.85581,,148,,50.8
2998,5.85744,,148,,50.6
2999,5.85928,,148,,50.6
3000,5.86119,,148,,50.8
3001,5.86311,,148,,50.8
3002,5.86522,,148,,50.8
3003,5.86667,,148,,50.8
3004,5.86829,,147,,50.6
3005,5.87005,,147,,50.8
3006,5.87179,,147,,50.6
3007,5.87345,,146,,50.8
3008,5.87523,,146,,50.8
3009,5.87703,,146,,50.8
3010,5.87874,,146,,50.6
3011,5.88049,,147,,50.6
3012,5.88217,,146,,50.6
3013,5.88372,,146,,50.6
3014,5.88544,,146,,50.6
3015,5.88695,,146,,50.6
3016,5.88829,,147,,50.8
3017,5.88964,,147,,50.6
3018,5.89125,,147,,50.6
3019,5.89273,,146,,50.6
3020,5.8944,,146,,50.8
3021,5.89597,,145,,50.8
3022,5.89767,,145,,51
3023,5.89933,,145,,51
3024,5.90107,,145,,51
3025,5.90301,,145,,50.8
3026,5.90503,,145,,51
3027,5.90693,,145,,51
3028,5.90884,,144,,51
3029,5.91117,,144,,50.8
3030,5.91289,,144,,51
3031,5.91494,,144,,51
3032,5.9174,,144,,50.8
3033,5.92001,,143,,50.8
3034,5.92279,,143,,50.6
3035,5.92544,,143,,50.6
3036,5.9284,,144,,50.4
3037,5.93122,,144,,50.4
3038,5.93453,,145,,50.4
3039,5.93684,,145,,50.4
3040,5.93921,,146,,50.2
3041,5.94212,,146,,50.2
3042,5.94491,,147,,50.2
3043,5.94782,,147,,50.2
3044,5.95088,,148,,50
3045,5.95385,,148,,49.8
3046,5.95595,,149,,50
3047,5.95822,,149,,50
3048,5.96037,,150,,50
3049,5.96269,,150,,50.2
3050,5.9652,,151,,50.2
3051,5.96728,,152,,50.2
3052,5.96928,,152,,50.4
3053,5.97126,,153,,50.2
3054,5.97344,,153,,50.2
3055,5.97575,,153,,50
3056,5.97801,,153,,50
3057,5.97963,,153,,50.2
3058,5.98214,,153,,50
3059,5.98438,,153,,50
3060,5.98692,,154,,50
3061,5.98935,,154,,50
3062,5.99193,,154,,50
3063,5.99439,,154,,50
3064,5.99677,,154,,50
3065,5.99979,,155,,50
3066,6.00213,,155,,50
3067,6.00446,,156,,50
3068,6.00741,,156,,50
3069,6.01049,,157,,50
3070,6.01347,,157,,50
3071,6.01598,,157,,49.8
3072,6.01831,,158,,50
3073,6.02183,,159,,49.8
3074,6.02436,,159,,49.8
3075,6.02691,,159,,49.8
3076,6.03026,,159,,50
3077,6.03313,,159,,50
3078,6.0358,,159,,50
3079,6.03834,,160,,50
3080,6.04061,,160,,50.2
3081,6.04292,,160,,50.2
3082,6.04491,,160,,50.4
3083,6.0466,,160,,50.6
3084,6.04811,,160,,50.6
3085,6.04975,,160,,50.6
3086,6.05141,,160,,50.8
3087,6.05321,,161,,50.8
3088,6.05469,,161,,50.6
3089,6.05619,,161,,50.8
3090,6.05787,,161,,50.6
3091,6.0598,,162,,50.8
3092,6.06217,,162,,50.8
3093,6.06444,,163,,50.8
3094,6.06675,,163,,50.6
3095,6.06878,,164,,50.6
3096,6.07115,,164,,50.4
3097,6.07363,,163,,50.4
3098,6.07642,,163,,50.2
3099,6.0792,,163,,50.2
3100,6.08158,,163,,50
3101,6.08377,,164,,50
3102,6.08544,,164,,50
3103,6.08783,,164,,49.8
3104,6.09004,,164,,49.6
3105,6.09224,,164,,49.6
3106,6.09457,,164,,49.4
3107,6.09686,,164,,49.6
3108,6.09944,,164,,49.4
3109,6.10149,,165,,49.4
3110,6.10465,,165,,49.4
3111,6.10688,,165,,49.4
3112,6.10907,,165,,49.4
3113,6.11139,,165,,49.4
3114,6.11377,,166,,49.4
3115,6.11582,,165,,49.4
3116,6.11806,,165,,49.4
3117,6.12048,,165,,49.6
3118,6.12251,,165,,49.4
3119,6.12463,,165,,49.4
3120,6.12667,,165,,49.4
3121,6.12873,,165,,49.6
3122,6.13184,,166,,49.6
3123,6.13426,,166,,49.6
3124,6.13691,,166,,49.6
3125,6.13933,,166,,49.6
3126,6.1421,,166,,49.6
3127,6.14504,,166,,49.6
3128,6.14779,,165,,49.6
3129,6.15071,,165,,49.6
3130,6.15329,,165,,49.6
3131,6.15574,,164,,49.6
3132,6.1582,,164,,49.8
3133,6.16031,,164,,49.6
3134,6.16209,,164,,49.6
3135,6.16414,,165,,49.6
3136,6.16708,,165,,49.6
3137,6.16966,,165,,49.4
3138,6.17231,,165,,49.6
3139,6.17484,,166,,49.6
3140,6.17708,,165,,49.6
3141,6.18026,,165,,49.6
3142,6.18305,,165,,49.4
3143,6.18575,,165,,49.6
3144,6.18852,,165,,49.2
3145,6.19142,,166,,49.4
3146,6.19461,,166,,49.2
3147,6.19735,,166,,49.2
3148,6.20008,,167,,49
3149,6.20267,,166,,48.8
3150,6.20532,,166,,48.6
3151,6.20828,,166,,48.6
3152,6.21111,,167,,48.6
3153,6.21392,,167,,48.6
3154,6.21653,,166,,48.6
3155,6.21908,,166,,48.6
3156,6.22149,,166,,48.6
3157,6.22405,,166,,48.8
3158,6.22662,,166,,48.8
3159,6.22879,,167,,48.8
3160,6.23089,,167,,49
3161,6.23332,,168,,49
3162,6.23479,,168,,48.8
3163,6.23645,,168,,49
3164,6.2382,,169,,48.6
3165,6.24031,,169,,48.6
3166,6.24267,,169,,48.6
3167,6.24496,,169,,48.6
3168,6.24709,,169,,48.6
3169,6.24927,,169,,48.6
3170,6.25113,,169,,48.4
3171,6.25328,,170,,48.4
3172,6.2558,,170,,48.6
3173,6.25812,,170,,48.6
3174,6.26085,,170,,48.4
3175,6.26347,,170,,48.4
3176,6.2658,,170,,48.4
3177,6.26868,,170,,48.4
3178,6.2712,,170,,48.4
3179,6.27375,,169,,48.6
3180,6.27595,,169,,48.6
3181,6.27843,,169,,48.4
3182,6.28128,,169,,48.4
3183,6.28368,,169,,48.4
3184,6.286,,169,,48.2
3185,6.28842,,169,,48.2
3186,6.29145,,169,,48.2
3187,6.29378,,170,,48.2
3188,6.2957,,170,,48.2
3189,6.29804,,170,,48.2
3190,6.30021,,170,,48.2
3191,6.30276,,170,,48.4
3192,6.30532,,170,,48.4
3193,6.30701,,170,,48.4
3194,6.30923,,170,,48.4
3195,6.31183,,170,,48.4
3196,6.31458,,170,,48.4
3197,6.31744,,170,,48.4
3198,6.31991,,170,,48.2
3199,6.32286,,170,,48.2
3200,6.32507,,170,,48.4
3201,6.32698,,170,,48.4
3202,6.32887,,170,,48.4
3203,6.33124,,169,,48.4
3204,6.3337,,169,,48.4
3205,6.33678,,170,,48.6
3206,6.33967,,170,,48.4
3207,6.34291,,170,,48.2
3208,6.34582,,170,,48.4
3209,6.34819,,170,,48.4
3210,6.35082,,170,,48.2
3211,6.35339,,170,,48
3212,6.35534,,169,,48
3213,6.35719,,169,,48
3214,6.35905,,169,,48
3215,6.36262,,169,,48
3216,6.36563,,170,,47.8
3217,6.36823,,171,,47.8
3218,6.37145,,171,,47.6
3219,6.37413,,171,,47.6
3220,6.37629,,171,,47.6
3221,6.37856,,171,,47.6
3222,6.38087,,170,,47.6
3223,6.38311,,170,,47.4
3224,6.38466,,170,,47.4
3225,6.38629,,171,,47.6
3226,6.38804,,171,,47.4
3227,6.3899,,171,,47.4
3228,6.39195,,171,,47.4
3229,6.39381,,172,,47.2
3230,6.39554,,172,,47.4
3231,6.39733,,172,,47.4
3232,6.40098,,173,,47.4
3233,6.40409,,173,,47.4
3234,6.4062,,173,,47.4
3235,6.40798,,172,,47.4
3236,6.41002,,172,,47.6
3237,6.41176,,172,,47.8
3238,6.41349,,172,,48
3239,6.41573,,171,,48.2
3240,6.41732,,171,,48.2
3241,6.41897,,171,,48.2
3242,6.42066,,171,,48.2
3243,6.42217,,171,,48.2
3244,6.42339,,170,,48.4
3245,6.42497,,170,,48.2
3246,6.42633,,170,,48.2
3247,6.42749,,170,,48.4
3248,6.42784,,169,,48.4
3249,6.42828,,169,,48.6
3250,6.4291,,169,,48.8
3251,6.43013,,169,,48.8
3252,6.43162,,169,,48.8
3253,6.43307,,169,,48.8
3254,6.43435,,168,,49
3255,6.43526,,168,,49
3256,6.43663,,168,,49.2
3257,6.43816,,167,,49.4
3258,6.44061,,167,,49.4
3259,6.44291,,167,,49.6
3260,6.44545,,166,,49.6
3261,6.44799,,166,,49.6
3262,6.45024,,166,,49.6
3263,6.45273,,166,,49.6
3264,6.45534,,166,,49.6
3265,6.45752,,165,,49.6
3266,6.45969,,165,,49.4
3267,6.46158,,165,,49.6
3268,6.46343,,164,,49.6
3269,6.46547,,164,,49.6
3270,6.46739,,164,,49.6
3271,6.4689,,164,,49.4
3272,6.47024,,163,,49.4
3273,6.47161,,163,,49.4
3274,6.47342,,163,,49.4
3275,6.47545,,162,,49.4
3276,6.47665,,162,,49.4
3277,6.4784,,161,,49.4
3278,6.47999,,161,,49.4
3279,6.48111,,161,,49.4
3280,6.48222,,160,,49.4
3281,6.48359,,160,,49.4
3282,6.48466,,160,,49.4
3283,6.48574,,160,,49.6
3284,6.48694,,159,,49.4
3285,6.48797,,159,,49.4
3286,6.48886,,159,,49.6
3287,6.49014,,158,,49.4
3288,6.49156,,158,,49.4
3289,6.49314,,158,,49.4
3290,6.49479,,158,,49.4
3291,6.4969,,158,,49.6
3292,6.4985,,158,,49.6
3293,6.50064,,158,,49.6
3294,6.50282,,159,,49.4
3295,6.50516,,160,,49.6
3296,6.50757,,160,,49.6
3297,6.50979,,160,,49.6
3298,6.51171,,160,,49.2
3299,6.51427,,160,,49.4
3300,6.51632,,160,,49
3301,6.51967,,160,,49
3302,6.52172,,160,,49
3303,6.52342,,159,,48.8
3304,6.52524,,159,,48.8
3305,6.528,,159,,48.8
3306,6.53019,,160,,49
3307,6.53234,,160,,48.8
3308,6.53424,,160,,49
3309,6.53594,,160,,48.8
3310,6.53891,,160,,49
3311,6.54101,,160,,49
3312,6.54321,,160,,49.2
3313,6.54543,,160,,49.2
3314,6.54858,,161,,49.2
3315,6.55154,,161,,49.2
3316,6.55462,,162,,49.2
3317,6.55823,,162,,49.4
3318,6.56115,,162,,49.4
3319,6.56431,,162,,49.2
3320,6.56786,,163,,49.4
3321,6.57009,,163,,49.6
3322,6.57207,,163,,49.4
3323,6.57424,,163,,49.6
3324,6.5765,,163,,49.6
3325,6.57918,,163,,49.4
3326,6.5815,,163,,49.6
3327,6.58382,,163,,49.6
3328,6.58629,,163,,49.8
3329,6.58824,,163,,49.8
3330,6.59013,,164,,49.8
3331,6.59224,,164,,49.8
3332,6.59472,,164,,49.6
3333,6.59646,,164,,49.8
3334,6.59888,,164,,49.8
3335,6.60117,,164,,50
3336,6.60374,,164,,50
3337,6.60636,,164,,50
3338,6.60869,,164,,50
3339,6.61063,,164,,50
3340,6.61263,,165,,50
3341,6.61552,,165,,50
3342,6.61795,,165,,50
3343,6.62038,,165,,50
3344,6.62312,,166,,50
3345,6.62598,,166,,50
3346,6.62854,,166,,50
3347,6.63126,,166,,50
3348,6.63405,,166,,50
3349,6.63633,,166,,50
3350,6.63883,,167,,50
3351,6.64065,,167,,50
3352,6.64325,,167,,50
3353,6.64581,,167,,50
3354,6.64902,,167,,50
3355,6.65093,,167,,49.8
3356,6.65241,,168,,50
3357,6.65395,,168,,50
3358,6.6562,,169,,49.8
3359,6.65796,,170,,49.8
3360,6.65981,,170,,49.8
3361,6.66185,,169,,49.8
3362,6.66438,,169,,49.8
3363,6.66684,,169,,50
3364,6.66875,,169,,50
3365,6.67164,,169,,49.8
3366,6.67403,,169,,50
3367,6.67723,,169,,49.8
3368,6.68006,,169,,49.8
3369,6.68339,,170,,50
3370,6.68568,,170,,49.8
3371,6.68825,,171,,49.8
3372,6.69083,,171,,49.8
3373,6.69408,,171,,49.8
3374,6.69698,,172,,49.8
3375,6.69984,,172,,50
3376,6.70268,,172,,50
3377,6.70587,,172,,50.2
3378,6.70924,,172,,50.2
3379,6.71204,,172,,50.2
3380,6.71439,,172,,50
3381,6.71697,,172,,50
3382,6.71936,,172,,50
3383,6.72148,,173,,50
3384,6.72375,,173,,50
3385,6.72625,,174,,50
3386,6.72849,,174,,50
3387,6.73106,,174,,49.8
3388,6.73315,,175,,50
3389,6.73547,,175,,50
3390,6.73756,,175,,50
3391,6.73967,,175,,49.8
3392,6.74135,,175,,49.8
3393,6.74307,,175,,50
3394,6.74525,,175,,50
3395,6.74709,,175,,50
3396,6.74958,,175,,50
3397,6.75289,,175,,50
3398,6.75573,,174,,49.8
3399,6.75848,,174,,50
3400,6.76085,,174,,50.2
3401,6.76331,,174,,50
3402,6.76589,,174,,50
3403,6.76857,,174,,50
3404,6.77137,,174,,50
3405,6.77408,,175,,50.2
3406,6.7774,,175,,50.2
3407,6.78007,,175,,50.2
3408,6.78275,,175,,50
3409,6.78514,,174,,50.2
3410,6.78753,,174,,50.2
3411,6.78973,,175,,50.2
3412,6.79229,,175,,50
3413,6.79511,,175,,50
3414,6.79803,,175,,50
3415,6.80042,,175,,50
3416,6.8024,,175,,50.2
3417,6.80428,,175,,50.2
3418,6.80608,,174,,50.2
3419,6.80797,,174,,50.2
3420,6.8097,,174,,50.2
3421,6.81134,,173,,50.2
3422,6.81294,,173,,50.2
3423,6.81487,,173,,50.4
3424,6.81682,,173,,50.4
3425,6.81874,,173,,50.6
3426,6.8207,,173,,50.6
3427,6.82234,,172,,50.8
3428,6.824,,173,,50.6
3429,6.82568,,173,,50.6
3430,6.82735,,173,,50.6
3431,6.82896,,172,,50.8
3432,6.83037,,172,,50.6
3433,6.8319,,171,,50.6
3434,6.83364,,171,,50.6
3435,6.83545,,171,,50.6
3436,6.83747,,170,,50.6
3437,6.83947,,170,,50.4
3438,6.84127,,169,,50.4
3439,6.84264,,169,,50.4
3440,6.84378,,169,,50
3441,6.84492,,169,,49.8
3442,6.84594,,169,,49.8
3443,6.84728,,168,,49.8
3444,6.84869,,168,,49.8
3445,6.84988,,167,,49.8
3446,6.85155,,167,,49.8
3447,6.85355,,167,,49.6
3448,6.85521,,166,,49.6
3449,6.8572,,166,,49.4
3450,6.85922,,165,,49.4
3451,6.86129,,165,,49.4
3452,6.86311,,164,,49.4
3453,6.865,,164,,49.4
3454,6.86669,,164,,49.2
3455,6.86851,,164,,49.2
3456,6.87018,,164,,49.2
3457,6.87147,,164,,49.2
3458,6.8729,,164,,49.2
3459,6.87449,,164,,49.2
3460,6.87596,,163,,49.2
3461,6.87726,,163,,49
3462,6.87866,,163,,48.8
3463,6.88032,,163,,48.8
3464,6.88192,,163,,48.8
3465,6.88342,,163,,49
3466,6.88505,,163,,48.8
3467,6.88704,,163,,48.8
3468,6.88913,,162,,48.8
3469,6.89086,,162,,48.6
3470,6.89242,,161,,48.8
3471,6.89408,,161,,48.8
3472,6.89561,,160,,48.6
3473,6.89714,,160,,48.6
3474,6.899,,160,,48.6
3475,6.90092,,160,,48.6
3476,6.90295,,159,,48.8
3477,6.90487,,159,,48.6
3478,6.9067,,159,,48.6
3479,6.90897,,158,,48.6
3480,6.91118,,158,,48.6
3481,6.91363,,158,,48.6
3482,6.91564,,158,,48.6
3483,6.91767,,158,,48.6
3484,6.91939,,158,,48.4
3485,6.92112,,158,,48.6
3486,6.92269,,158,,48.6
3487,6.92423,,159,,48.6
3488,6.92623,,159,,48.4
3489,6.92804,,159,,48.4
3490,6.93005,,158,,48.4
3491,6.9328,,158,,48.4
3492,6.93529,,158,,48.4
3493,6.93792,,158,,48.4
3494,6.94034,,158,,48.6
3495,6.94234,,159,,48.4
3496,6.94415,,158,,48.4
3497,6.94647,,158,,48.4
3498,6.94901,,158,,48.4
3499,6.9518,,158,,48.4
3500,6.9543,,158,,48.4
3501,6.9568,,158,,48.4
3502,6.95949,,157,,48.4
3503,6.96244,,158,,48.6
3504,6.96554,,158,,48.4
3505,6.96913,,158,,48.4
3506,6.97315,,159,,48.4
3507,6.97606,,160,,48.6
3508,6.97866,,160,,48.6
3509,6.98084,,161,,48.6
3510,6.98295,,161,,48.6
3511,6.98492,,161,,48.6
3512,6.98674,,161,,48.8
3513,6.98854,,161,,48.8
3514,6.99036,,161,,49.2
3515,6.99238,,162,,49.4
3516,6.99406,,162,,49.8
3517,6.99551,,162,,50
3518,6.99678,,163,,50.2
3519,6.99819,,163,,50.4
3520,6.99955,,164,,50.2
3521,7.00102,,164,,50.4
3522,7.00256,,163,,50.4
3523,7.00406,,163,,50.8
3524,7.0055,,164,,50.6
3525,7.00699,,164,,50.8
3526,7.00852,,164,,51
3527,7.00993,,164,,51
3528,7.01137,,164,,51
3529,7.01288,,164,,51
3530,7.01432,,164,,51.2
3531,7.01601,,164,,51.2
3532,7.01772,,164,,51.2
3533,7.01898,,163,,51.2
3534,7.02026,,162,,51.4
3535,7.02119,,162,,51.4
3536,7.02241,,162,,51.2
3537,7.0237,,162,,51.2
3538,7.02504,,162,,51.4
3539,7.02624,,162,,51.4
3540,7.02749,,162,,51.2
3541,7.02887,,162,,51.4
3542,7.03034,,162,,51.4
3543,7.03197,,162,,51.8
3544,7.03378,,162,,51.8
3545,7.03546,,162,,52
3546,7.03769,,162,,52
3547,7.0396,,162,,52
3548,7.04116,,162,,52
3549,7.04268,,162,,52.2
3550,7.0442,,162,,52
3551,7.0458,,162,,52
3552,7.04731,,162,,52.2
3553,7.04869,,161,,52.4
3554,7.05014,,161,,52.4
3555,7.05175,,161,,52.6
3556,7.05325,,161,,52.6
3557,7.05524,,161,,53
3558,7.05684,,161,,53
3559,7.05857,,161,,53
3560,7.06029,,160,,53.2
3561,7.06214,,161,,53.2
3562,7.06394,,160,,53.6
3563,7.06572,,160,,53.8
3564,7.06757,,160,,53.8
3565,7.06956,,160,,53.8
3566,7.0715,,160,,54
3567,7.07292,,160,,54
3568,7.07468,,160,,54
3569,7.07687,,160,,54
3570,7.07882,,161,,54
3571,7.08116,,161,,54
3572,7.08313,,161,,54.2
3573,7.08473,,162,,54.2
3574,7.08691,,162,,54.2
3575,7.0887,,162,,54.4
3576,7.09057,,162,,54.4
3577,7.09286,,162,,54.4
3578,7.0951,,162,,54.6
3579,7.09707,,162,,54.6
3580,7.09876,,162,,54.6
3581,7.10043,,162,,54.6
3582,7.10202,,162,,54.6
3583,7.10378,,162,,54.6
3584,7.1058,,162,,54.8
3585,7.10796,,161,,54.8
3586,7.1097,,161,,54.6
3587,7.11136,,161,,54.8
3588,7.11311,,161,,54.8
3589,7.11507,,161,,54.8
3590,7.11663,,160,,54.8
3591,7.11831,,160,,54.8
3592,7.12047,,160,,55
3593,7.12266,,159,,55
3594,7.12473,,159,,55
3595,7.12684,,159,,55
3596,7.12925,,158,,55
3597,7.13145,,158,,54.8
3598,7.1338,,158,,55
3599,7.13613,,158,,55
3600,7.13824,,158,,55
3601,7.14033,,158,,54.8
3602,7.14227,,158,,55
3603,7.14408,,158,,55
3604,7.14574,,158,,55.2
3605,7.14741,,158,,55.2
3606,7.14928,,158,,55.2
3607,7.15085,,158,,55.2
3608,7.15239,,158,,55.4
3609,7.15383,,158,,55.4
3610,7.15541,,158,,55.2
3611,7.1571,,158,,55.4
3612,7.15879,,157,,55.4
3613,7.16056,,157,,55.2
3614,7.16232,,157,,55.2
3615,7.16399,,157,,55.2
3616,7.16545,,157,,55.2
3617,7.16686,,158,,55.2
3618,7.16821,,158,,55.2
3619,7.16964,,158,,55.2
3620,7.17111,,158,,55.2
3621,7.17279,,157,,55.2
3622,7.17469,,157,,54.8
3623,7.17686,,157,,54.8
3624,7.17907,,156,,54.8
3625,7.18104,,156,,54.8
3626,7.18282,,156,,54.6
3627,7.18473,,156,,54.6
3628,7.18671,,156,,54.6
3629,7.1887,,156,,54.8
3630,7.19054,,155,,54.8
3631,7.1925,,155,,54.8
3632,7.19464,,155,,54.6
3633,7.19676,,155,,54.6
3634,7.19879,,155,,54.6
3635,7.20096,,155,,54.8
3636,7.20312,,155,,54.8
3637,7.20511,,155,,54.8
3638,7.20714,,155,,54.8
3639,7.20916,,155,,54.6
3640,7.21097,,154,,54.8
3641,7.21267,,154,,54.8
3642,7.21444,,154,,54.8
3643,7.21627,,154,,54.8
3644,7.21821,,153,,54.8
3645,7.22012,,153,,54.6
3646,7.2221,,153,,54.6
3647,7.22412,,152,,54.6
3648,7.22602,,152,,54.4
3649,7.22758,,152,,54.4
3650,7.22944,,152,,54.4
3651,7.2315,,152,,54.6
3652,7.23311,,152,,54.4
3653,7.23442,,152,,54.4
3654,7.23583,,152,,54.4
3655,7.23743,,152,,54.4
3656,7.23916,,152,,54.4
3657,7.24093,,152,,54.4
3658,7.24321,,152,,54.2
3659,7.24505,,152,,54.2
3660,7.24737,,152,,54
3661,7.24906,,152,,54.2
3662,7.25067,,152,,54.2
3663,7.25279,,151,,54
3664,7.25416,,151,,54
3665,7.25572,,151,,54
3666,7.25756,,150,,54
3667,7.2593,,150,,54
3668,7.26112,,150,,54
3669,7.26272,,149,,54
3670,7.26433,,149,,54
3671,7.2661,,150,,53.8
3672,7.26777,,150,,53.8
3673,7.26963,,150,,53.6
3674,7.27126,,150,,53.8
3675,7.27296,,151,,53.8
3676,7.27482,,152,,53.8
3677,7.27636,,152,,54
3678,7.2778,,152,,54
3679,7.27899,,152,,54
3680,7.28038,,152,,53.8
3681,7.28198,,152,,53.8
3682,7.28386,,152,,53.6
3683,7.28575,,152,,53.6
3684,7.2879,,152,,53.8
3685,7.28985,,151,,53.6
3686,7.29156,,151,,53.8
3687,7.29295,,151,,53.6
3688,7.29465,,151,,53.8
3689,7.29656,,151,,53.8
3690,7.29852,,150,,53.6
3691,7.30056,,150,,53.8
3692,7.3022,,150,,53.6
3693,7.30406,,150,,53.4
3694,7.30601,,150,,53.2
3695,7.30812,,150,,53.2
3696,7.31008,,150,,53
3697,7.31196,,150,,53
3698,7.31403,,150,,52.8
3699,7.31596,,150,,52.8
3700,7.31788,,150,,52.8
3701,7.31961,,150,,52.6
3702,7.32129,,150,,52.4
3703,7.32287,,150,,52.2
3704,7.32443,,150,,52.2
3705,7.32602,,149,,52
3706,7.32761,,149,,52
3707,7.32901,,149,,51.8
3708,7.33075,,149,,51.6
3709,7.33256,,149,,51.6
3710,7.33436,,149,,51.6
3711,7.33636,,150,,51.6
3712,7.33839,,150,,51.6
3713,7.34033,,150,,51.4
3714,7.34308,,150,,51.4
3715,7.34494,,150,,51.2
3716,7.3472,,150,,51.2
3717,7.34959,,150,,51.2
3718,7.35115,,149,,51.2
3719,7.35321,,149,,51.2
3720,7.35626,,149,,51.2
3721,7.35803,,149,,51.2
3722,7.35973,,149,,51.2
3723,7.36204,,149,,51.2
3724,7.36469,,149,,51.2
3725,7.36871,,149,,51.2
3726,7.37264,,150,,51.2
3727,7.37609,,150,,51.2
3728,7.37898,,150,,51.2
3729,7.38138,,149,,51.2
3730,7.38384,,149,,51.2
3731,7.38641,,149,,51.4
3732,7.38898,,148,,51.2
3733,7.39149,,148,,51.2
3734,7.39426,,148,,51.2
3735,7.39705,,149,,51.4
3736,7.39992,,149,,51.2
3737,7.40269,,149,,51.2
3738,7.40552,,149,,51.2
3739,7.40824,,150,,51.4
3740,7.41104,,150,,51.4
3741,7.41383,,150,,51.4
3742,7.41633,,150,,51.4
3743,7.41883,,150,,51.4
3744,7.42126,,150,,51.4
3745,7.42374,,150,,51.4
3746,7.42634,,150,,51.4
3747,7.42899,,151,,51.6
3748,7.43136,,151,,51.8
3749,7.43369,,152,,51.8
3750,7.43592,,152,,51.6
3751,7.4383,,153,,51.8
3752,7.44063,,154,,51.8
3753,7.4431,,155,,52
3754,7.44577,,155,,52
3755,7.44828,,156,,52.4
3756,7.4509,,156,,52.4
3757,7.45352,,156,,52.6
3758,7.4561,,156,,52.4
3759,7.45863,,156,,52.6
3760,7.46117,,156,,52.8
3761,7.46353,,157,,52.8
3762,7.46593,,158,,52.8
3763,7.46824,,158,,52.6
3764,7.47064,,159,,52.8
3765,7.47305,,160,,53
3766,7.47526,,160,,53
3767,7.47773,,160,,53.2
3768,7.48009,,161,,53.2
3769,7.48234,,161,,53.6
3770,7.48464,,161,,53.6
3771,7.48699,,161,,53.6
3772,7.48882,,162,,53.8
3773,7.49114,,162,,54
3774,7.49344,,162,,54
3775,7.49574,,163,,54.2
3776,7.49828,,163,,54.4
3777,7.50084,,163,,54.4
3778,7.50351,,163,,54.4
3779,7.50592,,163,,54.4
3780,7.50847,,163,,54.4
3781,7.51111,,164,,54.4
3782,7.51341,,164,,54.6
3783,7.51581,,165,,54.6
3784,7.51822,,165,,54.8
3785,7.52056,,165,,54.8
3786,7.52304,,165,,55
3787,7.52552,,165,,55
3788,7.52804,,164,,55
3789,7.53047,,165,,55.2
3790,7.53252,,165,,55.2
3791,7.53488,,165,,55.2
3792,7.53733,,165,,55.2
3793,7.53984,,166,,55.4
3794,7.54233,,166,,55.4
3795,7.54468,,166,,55.4
3796,7.54733,,166,,55.6
3797,7.54984,,167,,55.6
3798,7.55242,,167,,55.6
3799,7.55501,,167,,56
3800,7.55767,,168,,56
3801,7.56032,,168,,56
3802,7.56273,,168,,56.2
3803,7.56518,,169,,56.4
3804,7.56753,,168,,56.4
3805,7.56996,,168,,56.6
3806,7.57235,,168,,56.6
3807,7.57468,,168,,56.6
3808,7.57696,,168,,56.6
3809,7.5796,,168,,56.6
3810,7.58232,,168,,56.6
3811,7.58518,,168,,56.6
3812,7.58762,,168,,56.6
3813,7.59023,,169,,56.8
3814,7.59279,,169,,56.6
3815,7.59525,,169,,56.8
3816,7.59774,,169,,56.8
3817,7.60025,,169,,56.8
3818,7.60267,,169,,56.8
3819,7.60498,,170,,56.8
3820,7.60732,,170,,57
3821,7.60964,,170,,57.2
3822,7.61201,,170,,57
3823,7.61447,,170,,57.2
3824,7.61666,,171,,57.4
3825,7.61906,,171,,57.4
3826,7.62163,,171,,57.6
3827,7.62421,,172,,57.6
3828,7.62691,,172,,57.6
3829,7.62931,,173,,57.8
3830,7.63182,,173,,57.8
3831,7.63424,,174,,57.8
3832,7.6365,,174,,57.8
3833,7.63886,,174,,57.8
3834,7.6411,,174,,58
3835,7.64349,,173,,57.8
3836,7.64575,,173,,58
3837,7.64808,,173,,58
3838,7.65061,,174,,58
3839,7.65286,,174,,58.2
3840,7.6554,,175,,58.2
3841,7.65774,,175,,58.4
3842,7.65998,,175,,58.6
3843,7.66246,,175,,58.8
3844,7.66476,,174,,58.8
3845,7.66703,,174,,58.8
3846,7.6692,,174,,59
3847,7.67151,,174,,58.8
3848,7.67386,,175,,59
3849,7.67609,,176,,59
3850,7.67861,,176,,59.2
3851,7.68104,,177,,59.4
3852,7.68365,,177,,59.2
3853,7.68623,,176,,59.2
3854,7.68887,,175,,59.4
3855,7.6914,,175,,59.4
3856,7.69388,,176,,59.4
3857,7.69628,,176,,59.4
3858,7.69864,,177,,59.6
3859,7.7009,,177,,59.6
3860,7.70348,,177,,59.8
3861,7.70529,,176,,59.8
3862,7.70696,,176,,59.8
3863,7.70855,,176,,60
3864,7.71016,,175,,60
3865,7.71186,,175,,60
3866,7.71348,,175,,60
3867,7.71511,,175,,60.2
3868,7.71679,,175,,60.4
3869,7.71838,,175,,60.4
3870,7.71996,,174,,60.4
3871,7.72167,,174,,60.6
3872,7.72336,,174,,60.6
3873,7.72512,,174,,60.6
3874,7.72685,,174,,60.6
3875,7.7285,,173,,60.8
3876,7.73003,,173,,60.8
3877,7.7316,,173,,60.8
3878,7.73317,,173,,60.8
3879,7.73453,,173,,60.8
3880,7.73589,,173,,60.8
3881,7.73718,,173,,60.8
3882,7.73876,,173,,60.8
3883,7.74051,,173,,60.8
3884,7.74222,,173,,60.8
3885,7.74402,,173,,61
3886,7.74585,,173,,61
3887,7.74761,,173,,60.8
3888,7.74933,,173,,61
3889,7.75099,,173,,61
3890,7.75257,,173,,61
3891,7.75419,,173,,61
3892,7.75592,,172,,61.2
3893,7.7577,,172,,61.2
3894,7.75956,,172,,61.2
3895,7.76134,,171,,61.2
3896,7.76308,,171,,61.2
3897,7.76491,,171,,61.2
3898,7.76672,,171,,61.4
3899,7.76851,,171,,61.4
3900,7.77026,,171,,61.6
3901,7.77212,,170,,61.6
3902,7.77411,,170,,61.4
3903,7.77596,,169,,61.4
3904,7.77784,,169,,61.6
3905,7.7797,,169,,61.6
3906,7.78136,,169,,61.6
3907,7.7829,,168,,61.6
3908,7.78453,,168,,61.4
3909,7.78621,,168,,61.4
3910,7.78791,,168,,61.6
3911,7.78954,,167,,61.6
3912,7.79132,,167,,61.6
3913,7.7933,,166,,61.6
3914,7.79533,,166,,61.6
3915,7.79731,,166,,61.8
3916,7.79925,,166,,61.6
3917,7.80089,,166,,61.8
3918,7.80237,,165,,61.8
3919,7.80388,,165,,61.8
3920,7.80559,,165,,62
3921,7.80734,,165,,62
3922,7.80907,,165,,62
3923,7.81091,,165,,62.2
3924,7.81271,,164,,62
3925,7.81449,,164,,62.2
3926,7.81623,,164,,62.2
3927,7.818,,163,,62.4
3928,7.81987,,163,,62.4
3929,7.82174,,162,,62.4
3930,7.8233,,162,,62.4
3931,7.82469,,162,,62.4
3932,7.8264,,161,,62.4
3933,7.82817,,161,,62.4
3934,7.82988,,161,,62.4
3935,7.83148,,161,,62.6
3936,7.83301,,161,,62.6
3937,7.83468,,161,,62.6
3938,7.83652,,161,,62.6
3939,7.83834,,161,,62.6
3940,7.8402,,161,,62.8
3941,7.84213,,161,,62.6
3942,7.8439,,161,,62.6
3943,7.84569,,161,,62.6
3944,7.84752,,161,,62.6
3945,7.84944,,161,,62.8
3946,7.85136,,161,,62.8
3947,7.85328,,160,,63
3948,7.85511,,161,,63
3949,7.85688,,161,,63
3950,7.85861,,161,,63
3951,7.86028,,161,,63
3952,7.86206,,161,,63
3953,7.86384,,161,,63
3954,7.86563,,161,,63
3955,7.86753,,161,,63
3956,7.86942,,160,,63.2
3957,7.87133,,160,,63.4
3958,7.87308,,160,,63.4
3959,7.87474,,160,,63.2
3960,7.87648,,160,,63.2
3961,7.87823,,160,,63.2
3962,7.87994,,160,,63.4
3963,7.88163,,159,,63.4
3964,7.88322,,159,,63.4
3965,7.88476,,159,,63.4
3966,7.88635,,159,,63.6
3967,7.88801,,159,,63.6
3968,7.88987,,159,,63.4
3969,7.89172,,159,,63.4
3970,7.89358,,159,,63.6
3971,7.8954,,159,,63.4
3972,7.89718,,159,,63.6
3973,7.89887,,159,,63.6
3974,7.90051,,159,,63.6
3975,7.90216,,159,,63.6
3976,7.90387,,159,,63.4
3977,7.90566,,159,,63.4
3978,7.90745,,158,,63.6
3979,7.9091,,158,,63.6
3980,7.91069,,157,,63.6
3981,7.91235,,157,,63.6
3982,7.91413,,157,,63.6
3983,7.91607,,157,,63.6
3984,7.91801,,157,,63.6
3985,7.91996,,157,,63.6
3986,7.92175,,156,,63.6
3987,7.92353,,156,,63.6
3988,7.92523,,156,,63.6
3989,7.92697,,156,,63.6
3990,7.92881,,156,,63.6
3991,7.93066,,156,,63.6
3992,7.93232,,156,,63.6
3993,7.93387,,156,,63.6
3994,7.93533,,156,,63.6
3995,7.93684,,156,,63.4
3996,7.93845,,156,,63.6
3997,7.94026,,155,,63.4
3998,7.94195,,155,,63.4
3999,7.94359,,154,,63.6
4000,7.94536,,154,,63.6
4001,7.94699,,154,,63.6
4002,7.94877,,154,,63.4
4003,7.95069,,154,,63.6
4004,7.95252,,153,,63.6
4005,7.9543,,153,,63.6
4006,7.95592,,153,,63.4
4007,7.95748,,153,,63.4
4008,7.95901,,153,,63.6
4009,7.96063,,153,,63.4
4010,7.96231,,153,,63.4
4011,7.96405,,153,,63.4
4012,7.96584,,153,,63.6
4013,7.9677,,153,,63.6
4014,7.96939,,153,,63.6
4015,7.97104,,153,,63.6
4016,7.97278,,154,,63.6
4017,7.97469,,154,,63.8
4018,7.97653,,154,,63.6
4019,7.9782,,154,,63.6
4020,7.9799,,154,,63.6
4021,7.98164,,154,,63.8
4022,7.98354,,154,,63.6
4023,7.98541,,154,,63.6
4024,7.98732,,154,,63.6
4025,7.98921,,154,,63.8
4026,7.99101,,154,,63.6
4027,7.99278,,154,,63.6
4028,7.99463,,153,,63.6
4029,7.99645,,154,,63.6
4030,7.99842,,154,,63.6
4031,8.0004,,154,,63.8
4032,8.00216,,154,,63.8
4033,8.00375,,154,,63.8
4034,8.00539,,154,,63.6
4035,8.00717,,154,,63.8
4036,8.00887,,154,,63.6
4037,8.01049,,153,,63.6
4038,8.01206,,153,,63.6
4039,8.0138,,153,,63.6
4040,8.01556,,152,,63.8
4041,8.01742,,152,,63.6
4042,8.01932,,152,,63.8
4043,8.02108,,152,,63.8
4044,8.02283,,152,,63.6
4045,8.02436,,152,,63.6
4046,8.02618,,152,,63.6
4047,8.02802,,151,,63.6
4048,8.02999,,151,,63.6
4049,8.032,,151,,63.6
4050,8.03373,,151,,63.6
4051,8.0356,,151,,63.6
4052,8.03769,,151,,63.6
4053,8.03975,,151,,63.6
4054,8.04189,,151,,63.6
4055,8.04411,,150,,63.6
4056,8.04594,,150,,63.8
4057,8.04783,,150,,63.6
4058,8.0501,,149,,63.6
4059,8.05272,,149,,63.6
4060,8.05523,,150,,63.6
4061,8.05789,,150,,63.4
4062,8.06042,,150,,63.6
4063,8.06274,,151,,63.6
4064,8.06533,,151,,63.4
4065,8.06791,,151,,63.4
4066,8.0706,,151,,63.2
4067,8.07325,,151,,63.2
4068,8.07587,,151,,63
4069,8.07836,,151,,63
4070,8.08073,,152,,63
4071,8.08314,,152,,62.8
4072,8.0854,,153,,62.6
4073,8.08785,,154,,62.6
4074,8.09012,,155,,62.6
4075,8.09248,,155,,62.6
4076,8.09477,,155,,62.4
4077,8.0974,,154,,62.4
4078,8.09993,,154,,62.4
4079,8.10231,,154,,62.4
4080,8.1048,,155,,62.2
4081,8.10721,,155,,62.2
4082,8.10974,,155,,62.4
4083,8.11211,,155,,62.2
4084,8.11465,,155,,62.2
4085,8.11699,,156,,62.2
4086,8.11947,,156,,62.2
4087,8.12214,,157,,62.2
4088,8.12483,,157,,62
4089,8.12762,,157,,62
4090,8.13011,,158,,62
4091,8.13298,,158,,62
4092,8.1359,,159,,62
4093,8.13872,,159,,62
4094,8.14151,,159,,62
4095,8.14388,,159,,62
4096,8.14586,,160,,62
4097,8.14723,,160,,62
4098,8.1487,,160,,61.8
4099,8.14997,,160,,62
4100,8.15138,,160,,62
4101,8.15289,,160,,62
4102,8.15467,,160,,62
4103,8.15631,,160,,62.2
4104,8.15803,,160,,62.2
4105,8.15971,,161,,62.6
4106,8.16148,,160,,62.6
4107,8.16315,,161,,62.8
4108,8.1648,,161,,62.8
4109,8.16633,,161,,63
4110,8.1678,,161,,63
4111,8.16943,,162,,63
4112,8.1713,,162,,63
4113,8.17327,,162,,63.2
4114,8.17517,,162,,63.2
4115,8.177,,162,,63
4116,8.17871,,161,,63.2
4117,8.18043,,161,,63
4118,8.18222,,161,,63
4119,8.18383,,161,,63
4120,8.18558,,161,,63
4121,8.18738,,161,,63
4122,8.189,,160,,62.8
4123,8.19071,,160,,62.8
4124,8.19237,,160,,62.6
4125,8.19404,,160,,62.6
4126,8.19522,,160,,62.6
4127,8.19629,,159,,62.4
4128,8.19766,,159,,62.4
4129,8.19937,,159,,62.6
4130,8.20122,,158,,62.4
4131,8.20295,,158,,62.4
4132,8.20478,,158,,62.2
4133,8.20661,,157,,62.4
4134,8.20865,,157,,62.2
4135,8.21057,,157,,62.2
4136,8.21256,,156,,62.2
4137,8.21465,,156,,62
4138,8.21652,,156,,62
4139,8.21832,,156,,62
4140,8.21997,,156,,61.8
4141,8.22175,,156,,61.8
4142,8.22371,,156,,61.8
4143,8.22546,,156,,61.6
4144,8.22726,,155,,61.6
4145,8.22919,,155,,61.6
4146,8.23119,,155,,61.6
4147,8.23303,,155,,61.6
4148,8.23478,,155,,61.4
4149,8.23656,,155,,61.4
4150,8.23834,,154,,61.2
4151,8.23996,,154,,61.2
4152,8.24155,,154,,61.2
4153,8.24318,,154,,61.2
4154,8.24476,,154,,61
4155,8.24643,,154,,61
4156,8.24826,,154,,61
4157,8.25005,,154,,60.8
4158,8.25191,,154,,60.8
4159,8.25375,,154,,60.8
4160,8.25563,,153,,61
4161,8.25744,,153,,61
4162,8.25941,,152,,61
4163,8.26123,,152,,60.8
4164,8.263,,152,,60.8
4165,8.26461,,152,,60.8
4166,8.26634,,152,,60.8
4167,8.26789,,152,,60.6
4168,8.26938,,152,,60.6
4169,8.27096,,152,,60.6
4170,8.27282,,152,,60.4
4171,8.27503,,152,,60.4
4172,8.27688,,151,,60.4
4173,8.27863,,151,,60.4
4174,8.28046,,151,,60.4
4175,8.28231,,151,,60.4
4176,8.28408,,150,,60.6
4177,8.28565,,150,,60.6
4178,8.2875,,150,,60.4
4179,8.28952,,150,,60.6
4180,8.29156,,150,,60.4
4181,8.29358,,150,,60.4
4182,8.29568,,150,,60.2
4183,8.29758,,150,,60.2
4184,8.29928,,150,,60.2
4185,8.30115,,150,,60
4186,8.30321,,151,,60
4187,8.3053,,151,,60
4188,8.30729,,151,,59.8
4189,8.30926,,151,,59.8
4190,8.311,,152,,59.8
4191,8.31292,,152,,59.8
4192,8.3147,,152,,59.6
4193,8.31637,,152,,59.8
4194,8.31848,,152,,59.8
4195,8.32046,,152,,59.6
4196,8.3225,,152,,59.6
4197,8.32459,,152,,59.4
4198,8.3267,,152,,59.4
4199,8.32858,,152,,59.4
4200,8.33036,,151,,59.4
4201,8.332,,151,,59.4
4202,8.33407,,151,,59.4
4203,8.3359,,151,,59.2
4204,8.33739,,151,,59.2
4205,8.33888,,151,,59.4
4206,8.34045,,151,,59.4
4207,8.34207,,151,,59.4
4208,8.34368,,151,,59.2
4209,8.34565,,150,,59.2
4210,8.3477,,150,,59.2
4211,8.34999,,150,,59.2
4212,8.35221,,150,,59.2
4213,8.35433,,150,,59
4214,8.35604,,150,,59
4215,8.35775,,150,,58.8
4216,8.35913,,150,,58.8
4217,8.36021,,150,,59
4218,8.36185,,150,,59
4219,8.36358,,150,,59
4220,8.36527,,150,,58.8
4221,8.36731,,150,,58.8
4222,8.36933,,150,,58.8
4223,8.37118,,150,,58.8
4224,8.37307,,150,,58.8
4225,8.37442,,150,,58.8
4226,8.37629,,150,,58.8
4227,8.37754,,150,,58.8
4228,8.38001,,150,,58.8
4229,8.38217,,150,,58.8
4230,8.38424,,150,,58.8
4231,8.38632,,150,,58.8
4232,8.38798,,150,,58.6
4233,8.39011,,150,,58.6
4234,8.39169,,150,,58.6
4235,8.39311,,150,,58.6
4236,8.39504,,150,,58.6
4237,8.39724,,150,,58.4
4238,8.39942,,150,,58.4
4239,8.4019,,150,,58.4
4240,8.40411,,150,,58.2
4241,8.40599,,150,,58.2
4242,8.40772,,150,,58.2
4243,8.40941,,150,,58.4
4244,8.411,,150,,58.4
4245,8.41315,,150,,58.2
4246,8.41511,,150,,58.2
4247,8.41711,,150,,58.2
4248,8.41941,,150,,58.2
4249,8.42124,,150,,58.2
4250,8.4229,,150,,58.2
4251,8.42458,,150,,58.2
4252,8.42661,,149,,58.2
4253,8.42836,,149,,58.2
4254,8.4301,,149,,58.2
4255,8.4319,,149,,58.2
4256,8.43358,,149,,58.4
4257,8.43511,,148,,58.2
4258,8.43689,,148,,58.2
4259,8.43881,,148,,58
4260,8.44055,,148,,58
4261,8.44228,,148,,58
4262,8.44392,,148,,58
4263,8.44539,,148,,57.8
4264,8.44676,,148,,57.8
4265,8.44816,,148,,57.8
4266,8.44989,,148,,57.8
4267,8.45261,,148,,57.8
4268,8.45431,,148,,57.8
4269,8.45553,,148,,57.8
4270,8.45604,,148,,57.8
4271,8.45639,,147,,57.8
4272,8.45728,,147,,57.8
4273,8.45851,,147,,57.8
4274,8.46017,,146,,57.8
4275,8.46216,,147,,57.8
4276,8.46404,,147,,57.6
4277,8.46573,,148,,57.8
4278,8.46737,,148,,57.6
4279,8.46874,,148,,57.6
4280,8.47,,148,,57.8
4281,8.47156,,148,,57.8
4282,8.47348,,148,,57.8
4283,8.47529,,148,,57.8
4284,8.47688,,148,,57.6
4285,8.47864,,148,,57.4
4286,8.48065,,148,,57.4
4287,8.48253,,149,,57.4
4288,8.48456,,149,,57.4
4289,8.48663,,149,,57.4
4290,8.48858,,149,,57.4
4291,8.49032,,149,,57.4
4292,8.49198,,149,,57.2
4293,8.49369,,149,,57.2
4294,8.4952,,148,,57.4
4295,8.49674,,148,,57.4
4296,8.49828,,147,,57.4
4297,8.49988,,147,,57.4
4298,8.50139,,146,,57.4
4299,8.50246,,146,,57.4
4300,8.50356,,145,,57.4
4301,8.50476,,145,,57.4
4302,8.50622,,146,,57.4
4303,8.50775,,146,,57.4
4304,8.50944,,146,,57.4
4305,8.51076,,146,,57.2
4306,8.51207,,146,,57.2
4307,8.51316,,146,,57.2
4308,8.51401,,146,,57.4
4309,8.51544,,146,,57.4
4310,8.51711,,146,,57.4
4311,8.51869,,146,,57.2
4312,8.52045,,146,,57.4
4313,8.52191,,146,,57.2
4314,8.52388,,146,,57.4
4315,8.52519,,146,,57.2
4316,8.5265,,146,,57.2
4317,8.52894,,146,,57.2
4318,8.53142,,146,,57.2
4319,8.53399,,146,,57
4320,8.53638,,146,,56.8
4321,8.53882,,146,,56.8
4322,8.54118,,146,,56.8
4323,8.54355,,146,,56.8
4324,8.546,,146,,56.8
4325,8.54848,,146,,56.6
4326,8.55045,,146,,56.6
4327,8.55228,,146,,56.6
4328,8.55412,,147,,56.6
4329,8.55573,,147,,56.6
4330,8.55783,,147,,56.6
4331,8.55945,,147,,56.6
4332,8.56119,,147,,56.6
4333,8.56323,,147,,56.6
4334,8.5652,,147,,56.6
4335,8.56739,,147,,56.6
4336,8.56969,,147,,56.6
4337,8.57141,,147,,56.6
4338,8.57319,,147,,56.6
4339,8.57486,,147,,56.6
4340,8.57615,,147,,56.6
4341,8.57753,,147,,56.4
4342,8.57943,,146,,56.6
4343,8.5811,,146,,56.6
4344,8.58268,,146,,56.6
4345,8.58451,,146,,56.6
4346,8.58628,,146,,56.6
4347,8.58807,,146,,56.6
4348,8.58991,,146,,56.6
4349,8.59185,,145,,56.6
4350,8.59346,,145,,56.6
4351,8.59512,,145,,56.6
4352,8.59666,,145,,56.6
4353,8.5982,,145,,56.8
4354,8.59975,,145,,56.8
4355,8.60126,,145,,56.8
4356,8.60288,,145,,56.8
4357,8.60465,,146,,56.8
4358,8.60634,,145,,56.8
4359,8.60832,,145,,56.8
4360,8.61041,,145,,56.8
4361,8.61279,,145,,56.6
4362,8.61478,,145,,56.6
4363,8.61681,,145,,56.6
4364,8.61865,,145,,56.6
4365,8.62037,,145,,56.6
4366,8.62192,,144,,56.6
4367,8.62351,,144,,56.8
4368,8.62497,,144,,56.6
4369,8.62663,,144,,56.6
4370,8.62864,,144,,56.8
4371,8.63056,,145,,56.8
4372,8.63267,,145,,56.8
4373,8.63433,,145,,56.8
4374,8.63641,,145,,56.6
4375,8.63826,,145,,56.6
4376,8.63991,,145,,56.6
4377,8.64255,,145,,56.6
4378,8.64468,,145,,56.6
4379,8.64641,,145,,56.6
4380,8.64819,,145,,56.6
4381,8.65021,,144,,56.6
4382,8.65221,,144,,56.4
4383,8.65371,,144,,56.4
4384,8.65534,,144,,56.6
4385,8.65669,,144,,56.6
4386,8.65814,,144,,56.6
4387,8.65962,,143,,56.6
4388,8.66119,,143,,56.6
4389,8.6628,,142,,56.4
4390,8.66462,,142,,56.6
4391,8.66621,,142,,56.6
4392,8.66782,,143,,56.6
4393,8.66928,,143,,56.6
4394,8.67105,,143,,56.6
4395,8.67276,,143,,56.6
4396,8.67429,,143,,56.4
4397,8.67567,,143,,56.4
4398,8.67761,,143,,56.4
4399,8.67941,,143,,56.4
4400,8.68153,,144,,56.6
4401,8.68348,,144,,56.6
4402,8.68544,,144,,56.6
4403,8.68742,,144,,56.6
4404,8.68931,,144,,56.6
4405,8.69109,,144,,56.6
4406,8.69281,,144,,56.8
4407,8.69452,,144,,56.6
4408,8.69625,,144,,56.8
4409,8.69838,,144,,56.8
4410,8.70041,,145,,56.6
4411,8.70254,,145,,56.6
4412,8.70417,,145,,56.6
4413,8.70586,,144,,56.6
4414,8.70774,,144,,56.6
4415,8.70934,,144,,56.6
4416,8.71093,,144,,56.6
4417,8.71236,,144,,56.6
4418,8.71376,,144,,56.8
4419,8.71515,,144,,56.6
4420,8.71636,,144,,56.6
4421,8.71805,,144,,56.6
4422,8.71995,,145,,56.6
4423,8.72155,,145,,56.8
4424,8.72297,,145,,56.6
4425,8.72446,,145,,56.6
4426,8.72583,,145,,56.4
4427,8.72682,,145,,56.6
4428,8.72812,,145,,56.6
4429,8.73003,,144,,56.4
4430,8.73146,,144,,56.6
4431,8.73325,,144,,56.4
4432,8.73499,,144,,56.4
4433,8.73603,,144,,56.2
4434,8.73731,,143,,56.2
4435,8.739,,143,,56.2
4436,8.739,,143,,56
4437,8.739,,143,,55.8
4438,8.73909,,142,,55.4
4439,8.73933,,142,,54.8
4440,8.73994,,142,,54.6
4441,8.74041,,142,,54.6
4442,8.74041,,142,,54.4
4443,8.74041,,143,,54.4
4444,8.74043,,143,,54.2
4445,8.74056,,143,,54.2
4446,8.74096,,144,,54.2
4447,8.74181,,144,,54.2
4448,8.7429,,144,,54.2
4449,8.74323,,145,,54
4450,8.74365,,145,,54
4451,8.74537,,146,,54
4452,8.74761,,146,,54.2
4453,8.74915,,146,,54
4454,8.75082,,146,,54.2
4455,8.75245,,146,,54
4456,8.75403,,146,,54
4457,8.75563,,146,,54
4458,8.75744,,146,,54.2
4459,8.75924,,146,,54.4
4460,8.76094,,147,,54.8
4461,8.76276,,147,,55.4
4462,8.76462,,147,,55.6
4463,8.76614,,146,,55.8
4464,8.76783,,146,,56
4465,8.7695,,146,,56
4466,8.77131,,146,,56
4467,8.77347,,146,,56.2
4468,8.77544,,146,,56.2
4469,8.77746,,146,,56.4
4470,8.77941,,146,,56.4
4471,8.78145,,147,,56.6
4472,8.78336,,147,,56.8
4473,8.785,,147,,57.2
4474,8.78642,,147,,57.4
4475,8.788,,147,,57.4
4476,8.78893,,147,,57.4
4477,8.78988,,146,,57.6
4478,8.79094,,146,,57.8
4479,8.79195,,146,,57.8
4480,8.79275,,146,,57.8
4481,8.79376,,147,,57.8
4482,8.79499,,147,,57.8
4483,8.79669,,147,,58
4484,8.7986,,147,,58
4485,8.80058,,147,,58
4486,8.80256,,147,,58.2
4487,8.80432,,147,,58
4488,8.80623,,147,,58.2
4489,8.80783,,147,,58.2
4490,8.80941,,147,,58.2
4491,8.81095,,147,,58.2
4492,8.81258,,147,,58.4
4493,8.81422,,147,,58.4
4494,8.81571,,148,,58.2
4495,8.8172,,148,,58.4
4496,8.8189,,148,,58.4
4497,8.82045,,148,,58.4
4498,8.8223,,148,,58.4
4499,8.82428,,148,,58.4
4500,8.82614,,148,,58.6
4501,8.82822,,148,,58.6
4502,8.83018,,148,,58.8
4503,8.83202,,148,,58.6
4504,8.83374,,148,,58.6
4505,8.83544,,148,,58.8
4506,8.83679,,148,,58.8
4507,8.83815,,148,,58.8
4508,8.83961,,148,,58.8
4509,8.8414,,148,,59
4510,8.8431,,148,,59
4511,8.84504,,148,,59
4512,8.84676,,148,,59
4513,8.84891,,149,,59.2
4514,8.85077,,149,,59.2
4515,8.85261,,149,,59.2
4516,8.8542,,149,,59.2
4517,8.85599,,149,,59.4
4518,8.85776,,150,,59.6
4519,8.85967,,150,,59.4
4520,8.86154,,150,,59.4
4521,8.86333,,150,,59.6
4522,8.86539,,150,,59.6
4523,8.86721,,150,,59.8
4524,8.86898,,150,,59.8
4525,8.87093,,150,,60
4526,8.87283,,150,,60
4527,8.87452,,150,,60
4528,8.87638,,150,,60
4529,8.87813,,150,,60.2
4530,8.88001,,150,,60.2
4531,8.88188,,150,,60.2
4532,8.88365,,150,,60.2
4533,8.8854,,150,,60.4
4534,8.88714,,150,,60.6
4535,8.88872,,151,,60.4
4536,8.89047,,151,,60.6
4537,8.89204,,151,,60.6
4538,8.89356,,151,,60.8
4539,8.8952,,151,,60.8
4540,8.89685,,151,,60.8
4541,8.89856,,151,,60.8
4542,8.90012,,151,,60.8
4543,8.90167,,151,,61.2
4544,8.90333,,151,,61
4545,8.90517,,151,,61
4546,8.90677,,152,,61.2
4547,8.90868,,152,,61.2
4548,8.91028,,152,,61.2
4549,8.91169,,152,,61.4
4550,8.91329,,152,,61.4
4551,8.91536,,152,,61.4
4552,8.91759,,152,,61.6
4553,8.91959,,152,,61.8
4554,8.92085,,152,,61.8
4555,8.9226,,152,,62
4556,8.9243,,152,,62
4557,8.92609,,152,,62.2
4558,8.92806,,152,,62
4559,8.93003,,152,,62.2
4560,8.93186,,152,,62.2
4561,8.93359,,152,,62.2
4562,8.93516,,151,,62.2
4563,8.9367,,151,,62.4
4564,8.93824,,151,,62.4
4565,8.93982,,151,,62.6
4566,8.94119,,151,,62.4
4567,8.94278,,152,,62.6
4568,8.94426,,151,,62.6
4569,8.94572,,151,,62.8
4570,8.94737,,151,,62.8
4571,8.94908,,151,,62.8
4572,8.95079,,151,,62.8
4573,8.95258,,151,,62.8
4574,8.9545,,151,,63
4575,8.95631,,151,,63.2
4576,8.95796,,151,,63.2
4577,8.9598,,151,,63.4
4578,8.96157,,151,,63.4
4579,8.96339,,151,,63.4
4580,8.96526,,151,,63.6
4581,8.96703,,151,,63.8
4582,8.96874,,150,,63.8
4583,8.97025,,150,,63.8
4584,8.97207,,150,,63.8
4585,8.97411,,150,,63.8
4586,8.97598,,150,,64
4587,8.978,,149,,64
4588,8.9801,,149,,64
4589,8.98206,,149,,64
4590,8.98415,,149,,64.2
4591,8.98586,,149,,64
4592,8.98757,,149,,64
4593,8.98948,,149,,64.4
4594,8.99152,,149,,64.2
4595,8.99343,,149,,64.2
4596,8.99537,,149,,64.2
4597,8.99735,,149,,64.4
4598,8.99952,,149,,64.4
4599,9.00124,,149,,64.4
4600,9.00314,,150,,64.4
4601,9.00538,,150,,64.4
4602,9.00742,,149,,64.2
4603,9.00935,,149,,64.4
4604,9.01126,,149,,64.2
4605,9.01314,,149,,63.8
4606,9.01488,,149,,63.6
4607,9.0169,,149,,63.4
4608,9.01897,,149,,63.2
4609,9.0208,,149,,63.2
4610,9.02264,,149,,63
4611,9.02456,,149,,63
4612,9.02628,,149,,63
4613,9.02812,,148,,62.8
4614,9.02983,,148,,62.8
4615,9.03168,,148,,62.8
4616,9.03324,,148,,62.8
4617,9.03474,,148,,62.6
4618,9.03621,,148,,62.6
4619,9.03821,,148,,62.6
4620,9.04,,148,,62.8
4621,9.04173,,148,,62.6
4622,9.0432,,147,,62.6
4623,9.04501,,147,,62.6
4624,9.04685,,147,,62.8
4625,9.0488,,147,,62.6
4626,9.05058,,148,,62.8
4627,9.05222,,148,,63
4628,9.05387,,148,,63
4629,9.05566,,148,,63
4630,9.05743,,148,,62.8
4631,9.05912,,148,,63
4632,9.06083,,147,,62.8
4633,9.06265,,147,,62.8
4634,9.06429,,147,,63
4635,9.06595,,147,,63
4636,9.06768,,147,,63.2
4637,9.06945,,147,,63.2
4638,9.07107,,147,,63.2
4639,9.07262,,147,,63.2
4640,9.07448,,146,,63
4641,9.07632,,146,,63.2
4642,9.07821,,146,,63.2
4643,9.08012,,146,,63.2
4644,9.08176,,146,,63
4645,9.08334,,146,,63
4646,9.08498,,146,,63
4647,9.0866,,145,,63
4648,9.08834,,145,,63
4649,9.09008,,145,,63
4650,9.09183,,144,,63
4651,9.0935,,145,,63
4652,9.09513,,145,,63
4653,9.09655,,145,,63
4654,9.09827,,144,,63
4655,9.10004,,144,,62.8
4656,9.10175,,144,,62.6
4657,9.10347,,144,,62.6
4658,9.10525,,144,,62.6
4659,9.107,,144,,62.6
4660,9.10879,,144,,62.6
4661,9.11051,,144,,62.6
4662,9.11224,,144,,62.6
4663,9.11397,,144,,62.6
4664,9.11573,,144,,62.4
4665,9.11745,,145,,62.4
4666,9.11916,,145,,62.2
4667,9.12071,,146,,62.2
4668,9.12228,,146,,62.4
4669,9.12393,,146,,62.2
4670,9.12557,,146,,62.2
4671,9.12726,,145,,62
4672,9.1289,,145,,62
4673,9.13063,,144,,61.8
4674,9.13251,,144,,61.6
4675,9.13446,,144,,61.6
4676,9.1363,,144,,61.6
4677,9.13816,,144,,61.6
4678,9.13998,,144,,61.6
4679,9.14183,,144,,61.6
4680,9.14367,,143,,61.6
4681,9.14546,,143,,61.4
4682,9.14732,,143,,61.2
4683,9.14922,,143,,61.4
4684,9.15096,,143,,61.2
4685,9.15253,,142,,61.2
4686,9.15411,,142,,61.2
4687,9.15561,,142,,61.2
4688,9.1571,,142,,61.2
4689,9.15869,,142,,61.2
4690,9.16016,,142,,61.2
4691,9.16167,,142,,61
4692,9.16319,,142,,61
4693,9.16475,,141,,61
4694,9.16634,,141,,61
4695,9.16796,,141,,61
4696,9.16972,,141,,61
4697,9.1715,,142,,60.8
4698,9.17345,,142,,60.8
4699,9.17531,,142,,60.8
4700,9.17704,,141,,60.6
4701,9.17864,,141,,60.4
4702,9.17998,,141,,60.2
4703,9.18155,,141,,60.2
4704,9.18308,,141,,60.2
4705,9.18472,,141,,60.2
4706,9.18648,,141,,60
4707,9.18823,,141,,60
4708,9.1899,,141,,60
4709,9.1916,,141,,60
4710,9.19335,,141,,59.6
4711,9.19503,,141,,59.6
4712,9.19669,,141,,59.4
4713,9.1986,,141,,59.2
4714,9.20047,,141,,59.2
4715,9.20248,,141,,59.2
4716,9.20454,,141,,59
4717,9.20632,,141,,58.8
4718,9.20817,,141,,58.6
4719,9.20982,,141,,58.4
4720,9.21116,,141,,58.4
4721,9.21249,,141,,58.2
4722,9.21374,,140,,58.2
4723,9.21534,,140,,58
4724,9.21719,,140,,57.8
4725,9.21895,,140,,57.8
4726,9.22068,,140,,57.8
4727,9.22206,,140,,57.6
4728,9.22353,,139,,57.4
4729,9.22515,,139,,57.6
4730,9.22696,,139,,57.4
4731,9.22874,,139,,57.2
4732,9.2304,,139,,57.2
4733,9.23209,,138,,57
4734,9.23376,,138,,57
4735,9.23567,,138,,56.6
4736,9.23756,,138,,56.6
4737,9.23926,,138,,56.4
4738,9.24088,,138,,56.4
4739,9.24252,,139,,56.4
4740,9.2442,,138,,56.2
4741,9.24578,,138,,56.2
4742,9.24742,,138,,56.2
4743,9.24932,,138,,56.2
4744,9.25108,,138,,55.8
4745,9.25289,,138,,55.6
4746,9.25469,,138,,55.6
4747,9.25639,,138,,55.6
4748,9.25806,,138,,55.6
4749,9.25958,,138,,55.6
4750,9.26125,,138,,55.4
4751,9.26296,,138,,55.4
4752,9.26464,,138,,55.4
4753,9.26611,,138,,55.4
4754,9.2677,,138,,55.2
4755,9.26945,,138,,55
4756,9.27131,,138,,54.8
4757,9.27307,,137,,54.6
4758,9.2749,,137,,54.6
4759,9.27674,,136,,54.4
4760,9.27858,,136,,54.6
4761,9.28044,,136,,54.4
4762,9.28233,,136,,54.4
4763,9.28416,,136,,54.4
4764,9.28586,,135,,54.2
4765,9.28739,,135,,54.2
4766,9.28893,,135,,54
4767,9.29029,,135,,54
4768,9.29172,,135,,54
4769,9.29328,,135,,54
4770,9.29487,,136,,54
4771,9.29647,,137,,54
4772,9.29799,,138,,53.8
4773,9.29963,,138,,53.8
4774,9.30118,,138,,53.8
4775,9.3026,,138,,53.8
4776,9.30406,,137,,53.6
4777,9.30555,,137,,53.6
4778,9.30699,,137,,53.6
4779,9.30811,,137,,53.4
4780,9.30928,,137,,53.4
4781,9.31058,,137,,53.4
4782,9.31224,,138,,53.4
4783,9.31414,,138,,53.2
4784,9.3161,,138,,53.2
4785,9.31814,,138,,53.2
4786,9.32016,,138,,53.2
4787,9.32217,,138,,53.2
4788,9.32417,,138,,53.2
4789,9.32611,,138,,53
4790,9.32788,,138,,53
4791,9.32973,,138,,53
4792,9.33147,,139,,52.8
4793,9.33325,,139,,52.8
4794,9.33486,,138,,52.6
4795,9.33647,,138,,52.4
4796,9.338,,138,,52.4
4797,9.33983,,138,,52.2
4798,9.34173,,139,,52.2
4799,9.34322,,139,,52.2
4800,9.34479,,139,,52.2
4801,9.3465,,139,,52.2
4802,9.34809,,139,,52.2
4803,9.34985,,140,,52.2
4804,9.35178,,140,,52
4805,9.3536,,140,,52.2
4806,9.3554,,140,,52.2
4807,9.35731,,140,,52
4808,9.35912,,139,,52
4809,9.3606,,139,,52
4810,9.36208,,139,,52
4811,9.36363,,139,,52
4812,9.36529,,139,,52
4813,9.36702,,139,,52
4814,9.36875,,139,,51.8
4815,9.37052,,139,,52
4816,9.37207,,139,,52
4817,9.37349,,139,,52
4818,9.37508,,139,,51.8
4819,9.37688,,139,,51.8
4820,9.37887,,138,,51.8
4821,9.38069,,138,,51.8
4822,9.38241,,138,,51.8
4823,9.3839,,138,,51.6
4824,9.38557,,138,,51.6
4825,9.38717,,138,,51.6
4826,9.38909,,138,,51.6
4827,9.39088,,138,,51.6
4828,9.39275,,138,,51.6
4829,9.39448,,138,,51.6
4830,9.39627,,138,,51.6
4831,9.39805,,139,,51.6
4832,9.39988,,139,,51.6
4833,9.4015,,139,,51.6
4834,9.40315,,139,,51.6
4835,9.40495,,139,,51.6
4836,9.40669,,139,,51.6
4837,9.40843,,139,,51.6
4838,9.41014,,140,,51.6
4839,9.41193,,141,,51.6
4840,9.41396,,141,,51.6
4841,9.41579,,141,,51.4
4842,9.41752,,141,,51.4
4843,9.41924,,141,,51.4
4844,9.42093,,140,,51.4
4845,9.42264,,140,,51.4
4846,9.42442,,140,,51.4
4847,9.42596,,140,,51.4
4848,9.42748,,141,,51.4
4849,9.42912,,141,,51.4
4850,9.43056,,141,,51.4
4851,9.43215,,141,,51.4
4852,9.43379,,140,,51.4
4853,9.4354,,140,,51.4
4854,9.43714,,140,,51.4
4855,9.43882,,140,,51.4
4856,9.4408,,140,,51.2
4857,9.44254,,140,,51.4
4858,9.4443,,140,,51.2
4859,9.44597,,140,,51.4
4860,9.44773,,140,,51.4
4861,9.4495,,140,,51.2
4862,9.45104,,140,,51.2
4863,9.4527,,140,,51.2
4864,9.45428,,140,,51.2
4865,9.45626,,140,,51.2
4866,9.45788,,140,,51.2
4867,9.45907,,140,,51.2
4868,9.46074,,141,,51.2
4869,9.46219,,141,,51
4870,9.46353,,141,,51
4871,9.4651,,141,,51
4872,9.46702,,140,,51
4873,9.46927,,140,,51
4874,9.47141,,139,,51
4875,9.47352,,139,,51.2
4876,9.47537,,139,,51.2
4877,9.47691,,140,,51
4878,9.47836,,140,,51
4879,9.47948,,140,,51
4880,9.48037,,140,,51
4881,9.4814,,140,,51.2
4882,9.48258,,140,,51
4883,9.48348,,140,,51.2
4884,9.48476,,140,,51
4885,9.48627,,139,,51
4886,9.48739,,139,,51.2
4887,9.48874,,139,,51.2
4888,9.49014,,139,,51
4889,9.49162,,139,,51
4890,9.49301,,139,,51
4891,9.49448,,140,,51
4892,9.49592,,140,,50.8
4893,9.49759,,140,,50.8
4894,9.4993,,141,,50.8
4895,9.501,,141,,50.6
4896,9.50275,,141,,50.6
4897,9.50422,,140,,50.6
4898,9.50551,,140,,50.6
4899,9.50684,,140,,50.6
4900,9.50812,,140,,50.6
4901,9.50939,,141,,50.6
4902,9.51066,,141,,50.6
4903,9.51226,,141,,50.6
4904,9.51377,,141,,50.6
4905,9.51541,,142,,50.6
4906,9.5171,,143,,50.6
4907,9.51891,,144,,50.6
4908,9.52054,,144,,50.6
4909,9.52195,,144,,50.6
4910,9.5233,,144,,50.6
4911,9.52487,,144,,50.6
4912,9.52643,,144,,50.6
4913,9.52824,,143,,50.6
4914,9.53013,,143,,50.6
4915,9.53167,,143,,50.6
4916,9.53311,,142,,50.4
4917,9.53478,,142,,50.4
4918,9.53608,,143,,50.4
4919,9.53777,,143,,50.4
4920,9.53946,,143,,50.6
4921,9.54096,,143,,50.6
4922,9.54297,,142,,50.4
4923,9.54508,,142,,50.4
4924,9.54711,,142,,50.6
4925,9.54868,,142,,50.6
4926,9.54985,,142,,50.6
4927,9.55179,,142,,50.4
4928,9.55388,,142,,50.4
4929,9.55547,,143,,50.6
4930,9.55699,,143,,50.4
4931,9.55871,,143,,50.4
4932,9.56031,,143,,50.4
4933,9.56189,,143,,50.4
4934,9.56362,,143,,50.4
4935,9.56524,,143,,50.6
4936,9.56685,,143,,50.4
4937,9.56875,,143,,50.6
4938,9.57061,,142,,50.6
4939,9.57296,,142,,50.6
4940,9.57536,,142,,50.8
4941,9.57769,,141,,50.8
4942,9.57938,,141,,50.6
4943,9.58082,,140,,50.6
4944,9.58268,,139,,50.6
4945,9.58444,,139,,50.6
4946,9.58595,,139,,50.6
4947,9.58782,,139,,50.8
4948,9.58969,,139,,50.6
4949,9.59152,,139,,50.6
4950,9.59367,,140,,50.6
4951,9.59594,,140,,50.8
4952,9.59791,,140,,51
4953,9.6,,140,,51
4954,9.60182,,141,,51
4955,9.60364,,141,,51
4956,9.60536,,141,,51
4957,9.60676,,141,,51
4958,9.60822,,141,,51.2
4959,9.60968,,142,,51
4960,9.61135,,142,,51.2
4961,9.61253,,142,,51.2
4962,9.61394,,141,,51.2
4963,9.61561,,142,,51.2
4964,9.61702,,142,,51.2
4965,9.61837,,142,,51.4
4966,9.61983,,142,,51.4
4967,9.62112,,142,,51.4
4968,9.62256,,142,,51.6
4969,9.62419,,142,,51.6
4970,9.62571,,143,,51.4
4971,9.62724,,143,,51.6
4972,9.62882,,143,,51.6
4973,9.63046,,143,,51.6
4974,9.63196,,143,,51.6
4975,9.63337,,143,,51.8
4976,9.63524,,143,,51.8
4977,9.63683,,143,,51.8
4978,9.63857,,144,,51.8
4979,9.6402,,144,,51.8
4980,9.64162,,144,,52
4981,9.64297,,144,,52
4982,9.64462,,144,,52
4983,9.6463,,144,,52
4984,9.64817,,144,,52
4985,9.65036,,144,,52.2
4986,9.6524,,144,,52.2
4987,9.65418,,144,,52.2
4988,9.65597,,144,,52.2
4989,9.65755,,144,,52.4
4990,9.65928,,144,,52.4
4991,9.66127,,144,,52.4
4992,9.6629,,144,,52.6
4993,9.66471,,144,,52.6
4994,9.6668,,144,,52.6
4995,9.66903,,144,,52.6
4996,9.67108,,144,,52.6
4997,9.67313,,144,,52.8
4998,9.67516,,144,,53
4999,9.67711,,144,,53
5000,9.67906,,144,,53
5001,9.68098,,144,,53
5002,9.68269,,144,,53
5003,9.68487,,143,,53.2
5004,9.68679,,143,,53.2
5005,9.68847,,143,,53.2
5006,9.69002,,143,,53.2
5007,9.69189,,143,,53.2
5008,9.69374,,143,,53.2
5009,9.69559,,143,,53.2
5010,9.69781,,143,,53.2
5011,9.69993,,143,,53.4
5012,9.70227,,143,,53.4
5013,9.70446,,143,,53.4
5014,9.70664,,143,,53.6
5015,9.7087,,143,,53.4
5016,9.71069,,144,,53.6
5017,9.71255,,144,,53.6
5018,9.71439,,144,,53.6
5019,9.71617,,144,,53.8
5020,9.71768,,144,,54
5021,9.71923,,145,,54
5022,9.72053,,145,,54
5023,9.72201,,145,,54
5024,9.72346,,144,,54.2
5025,9.72511,,144,,54.2
5026,9.72696,,144,,54.4
5027,9.72886,,144,,54.4
5028,9.73104,,145,,54.4
5029,9.73322,,145,,54.4
5030,9.73526,,145,,54.6
5031,9.7372,,145,,54.6
5032,9.73905,,145,,54.8
5033,9.74091,,145,,54.8
5034,9.74256,,145,,54.8
5035,9.74417,,145,,54.8
5036,9.74583,,144,,55
5037,9.74748,,144,,55
5038,9.74923,,144,,55
5039,9.75098,,145,,55.2
5040,9.75288,,145,,55.2
5041,9.75469,,146,,55.2
5042,9.75655,,146,,55.2
5043,9.75844,,146,,55.4
5044,9.76041,,146,,55.6
5045,9.76227,,147,,55.4
5046,9.76395,,147,,55.6
5047,9.76567,,147,,55.6
5048,9.76743,,147,,55.6
5049,9.76913,,147,,55.8
5050,9.77075,,147,,55.8
5051,9.77255,,148,,55.8
5052,9.77432,,148,,55.8
5053,9.77611,,148,,56
5054,9.77796,,148,,56
5055,9.77997,,148,,56.2
5056,9.78184,,148,,56.2
5057,9.78345,,148,,56.2
5058,9.78486,,148,,56.2
5059,9.78631,,149,,56.4
5060,9.78776,,149,,56.4
5061,9.78919,,149,,56.4
5062,9.79065,,149,,56.4
5063,9.79192,,149,,56.6
5064,9.79313,,149,,56.6
5065,9.79395,,148,,56.6
5066,9.79491,,148,,56.6
5067,9.79599,,148,,56.6
5068,9.79714,,147,,56.8
5069,9.79865,,147,,56.8
5070,9.80009,,147,,57
5071,9.80144,,147,,57
5072,9.80238,,147,,57
5073,9.80371,,146,,57
5074,9.80507,,146,,57
5075,9.80637,,146,,57
5076,9.80782,,147,,57.2
5077,9.80935,,147,,57.2
5078,9.81081,,147,,57.2
5079,9.81251,,147,,57.2
5080,9.81464,,147,,57.2
5081,9.81655,,146,,57.2
5082,9.81825,,146,,57.2
5083,9.81993,,146,,57
5084,9.82146,,146,,57
5085,9.82267,,146,,57
5086,9.8239,,146,,57.2
5087,9.82529,,145,,57.2
5088,9.82689,,145,,57.2
5089,9.82844,,145,,57.2
5090,9.82999,,145,,57.2
5091,9.83145,,146,,57.2
5092,9.83328,,146,,57.2
5093,9.83479,,146,,57.2
5094,9.83609,,147,,57.2
5095,9.83752,,146,,57.2
5096,9.83932,,146,,57.2
5097,9.84074,,145,,57.2
5098,9.84231,,145,,57.2
5099,9.84412,,145,,57.2
5100,9.84581,,145,,57.2
5101,9.84723,,146,,57.2
5102,9.84882,,146,,57.2
5103,9.85045,,146,,57
5104,9.85172,,146,,57.2
5105,9.85289,,146,,57.2
5106,9.85407,,146,,57.4
5107,9.85518,,146,,57.2
5108,9.85638,,146,,57.2
5109,9.85771,,146,,57.4
5110,9.85926,,146,,57.2
5111,9.8606,,146,,57.2
5112,9.86209,,145,,57.2
5113,9.86268,,145,,57.4
5114,9.86379,,145,,57.2
5115,9.86498,,145,,57.2
5116,9.86637,,144,,57.4
5117,9.86765,,144,,57.2
5118,9.86924,,144,,57.2
5119,9.87109,,143,,57
5120,9.87272,,143,,57
5121,9.87405,,143,,57
5122,9.87545,,142,,56.8
5123,9.87735,,142,,56.6
5124,9.87864,,142,,56.6
5125,9.87979,,142,,56.4
5126,9.88133,,142,,56.4
5127,9.88287,,142,,56.4
5128,9.88482,,142,,56.4
5129,9.88636,,142,,56.4
5130,9.88774,,142,,56.2
5131,9.88925,,142,,56.2
5132,9.89106,,142,,56.2
5133,9.89263,,142,,56.2
5134,9.89448,,142,,56.2
5135,9.89632,,142,,56.2
5136,9.89785,,142,,56.2
5137,9.89923,,141,,56.2
5138,9.90066,,141,,56.2
5139,9.9018,,141,,56.2
5140,9.90289,,141,,56.2
5141,9.9045,,141,,56.2
5142,9.90597,,141,,56.2
5143,9.90728,,141,,56.4
5144,9.90864,,141,,56.4
5145,9.91048,,141,,56.4
5146,9.91231,,141,,56.2
5147,9.91481,,142,,56.2
5148,9.91637,,142,,56.2
5149,9.91769,,143,,56
5150,9.91948,,143,,56.2
5151,9.92184,,143,,56
5152,9.92373,,142,,56
5153,9.92539,,142,,56
5154,9.92732,,142,,56
5155,9.92917,,142,,56
5156,9.9311,,142,,56.2
5157,9.9327,,141,,56
5158,9.93433,,141,,56
5159,9.93679,,141,,56
5160,9.93885,,141,,56.2
5161,9.94068,,141,,56.2
5162,9.94261,,141,,56.2
5163,9.94449,,141,,56.2
5164,9.94705,,141,,56.2
5165,9.94824,,141,,56.4
5166,9.95081,,141,,56.4
5167,9.95321,,141,,56.6
5168,9.95545,,141,,56.6
5169,9.95729,,141,,56.6
5170,9.95921,,141,,56.8
5171,9.96118,,141,,56.8
5172,9.96309,,142,,57
5173,9.9649,,142,,56.8
5174,9.96635,,142,,56.8
5175,9.96805,,142,,57
5176,9.96962,,142,,57
5177,9.97146,,141,,57
5178,9.97352,,141,,57
5179,9.97541,,142,,57
5180,9.97717,,141,,57
5181,9.97884,,141,,56.8
5182,9.98049,,141,,57
5183,9.98218,,141,,57
5184,9.98378,,140,,56.6
5185,9.98544,,140,,56.4
5186,9.98728,,139,,56.2
5187,9.98906,,139,,55.8
5188,9.9906,,140,,55.8
5189,9.99206,,140,,55.4
5190,9.9934,,140,,55.4
5191,9.99467,,140,,55.4
5192,9.99621,,140,,55.4
5193,9.99764,,140,,55.4
5194,9.9992,,140,,55.2
5195,10.0005,,140,,55.2
5196,10.0019,,140,,55.4
5197,10.0032,,140,,55.4
5198,10.0045,,140,,55.4
5199,10.0063,,140,,55.4
5200,10.0079,,140,,55.6
5201,10.0093,,140,,55.6
5202,10.0107,,140,,55.6
5203,10.0122,,140,,55.6
5204,10.0136,,140,,55.6
5205,10.0151,,140,,55.6
5206,10.0167,,140,,55.6
5207,10.0185,,140,,55.6
5208,10.0204,,140,,55.6
5209,10.0222,,140,,55.6
5210,10.024,,140,,55.8
5211,10.0254,,140,,55.8
5212,10.0268,,139,,55.8
5213,10.0281,,139,,55.8
5214,10.0298,,139,,55.8
