secs,km,power,hr,cad,alt
0,0,,91,,261.4
1,0.00043,,91,,261.4
2,0.00288,,91.5,,261.367
3,0.00533,,92,,261.333
4,0.00778,,92.5,,261.3
5,0.01023,,93,,261.267
6,0.01268,,93.5,,261.233
7,0.01513,,94,,261.2
8,0.018155,,95.5,,261.2
9,0.02118,,97,,261.2
10,0.0242533,,98,,261.067
11,0.0273267,,99,,260.933
12,0.0304,,100,,260.8
13,0.03326,,101.5,,260.6
14,0.03612,,103,,260.4
15,0.03892,,106,,260.4
16,0.04215,,109,,260.2
17,0.04526,,110.5,,260
18,0.04837,,112,,259.8
19,0.05165,,114,,259.6
20,0.05493,,116,,259.4
21,0.058365,,117.5,,259.3
22,0.0618,,119,,259.2
23,0.06538,,120,,259
24,0.06896,,121,,258.8
25,0.07254,,122,,258.6
26,0.0756017,,122.5,,258.267
27,0.0786633,,123,,257.933
28,0.081725,,123.5,,257.6
29,0.0847867,,124,,257.267
30,0.0878483,,124.5,,256.933
31,0.09091,,125,,256.6
32,0.0940717,,125.333,,256.2
33,0.0972333,,125.667,,255.8
34,0.100395,,126,,255.4
35,0.103557,,126.333,,255
36,0.106718,,126.667,,254.6
37,0.10988,,127,,254.2
38,0.11301,,127,,253.8
39,0.11614,,127,,253.4
40,0.11927,,127,,253
41,0.1224,,127,,252.6
42,0.12553,,127,,252.2
43,0.12866,,127,,251.8
44,0.132168,,127.333,,251.367
45,0.135677,,127.667,,250.933
46,0.139185,,128,,250.5
47,0.142693,,128.333,,250.067
48,0.146202,,128.667,,249.633
49,0.14971,,129,,249.2
50,0.153028,,129.167,,248.833
51,0.156347,,129.333,,248.467
52,0.159665,,129.5,,248.1
53,0.162983,,129.667,,247.733
54,0.166302,,129.833,,247.367
55,0.16962,,130,,247
56,0.172466,,130.6,,246.6
57,0.175312,,131.2,,246.2
58,0.178158,,131.8,,245.8
59,0.181004,,132.4,,245.4
60,0.18385,,133,,245
61,0.187258,,133.167,,244.767
62,0.190667,,133.333,,244.533
63,0.194075,,133.5,,244.3
64,0.197483,,133.667,,244.067
65,0.200892,,133.833,,243.833
66,0.2043,,134,,243.6
67,0.207628,,134.167,,243.467
68,0.210957,,134.333,,243.333
69,0.214285,,134.5,,243.2
70,0.217613,,134.667,,243.067
71,0.220942,,134.833,,242.933
72,0.22427,,135,,242.8
73,0.227497,,135,,242.567
74,0.230723,,135,,242.333
75,0.23395,,135,,242.1
76,0.237177,,135,,241.867
77,0.240403,,135,,241.633
78,0.24363,,135,,241.4
79,0.247227,,135.333,,241.133
80,0.250823,,135.667,,240.867
81,0.25442,,136,,240.6
82,0.258017,,136.333,,240.333
83,0.261613,,136.667,,240.067
84,0.26521,,137,,239.8
85,0.268608,,136.667,,239.633
86,0.272007,,136.333,,239.467
87,0.275405,,136,,239.3
88,0.278803,,135.667,,239.133
89,0.282202,,135.333,,238.967
90,0.2856,,135,,238.8
91,0.289293,,135.167,,238.733
92,0.292987,,135.333,,238.667
93,0.29668,,135.5,,238.6
94,0.300373,,135.667,,238.533
95,0.304067,,135.833,,238.467
96,0.30776,,136,,238.4
97,0.311272,,136.167,,238.367
98,0.314783,,136.333,,238.333
99,0.318295,,136.5,,238.3
100,0.321807,,136.667,,238.267
101,0.325318,,136.833,,238.233
102,0.32883,,137,,238.2
103,0.332303,,137,,238.2
104,0.335777,,137,,238.2
105,0.33925,,137,,238.2
106,0.342723,,137,,238.2
107,0.346197,,137,,238.2
108,0.34967,,137,,238.2
109,0.353172,,137,,238.3
110,0.356673,,137,,238.4
111,0.360175,,137,,238.5
112,0.363677,,137,,238.6
113,0.367178,,137,,238.7
114,0.37068,,137,,238.8
115,0.374028,,137,,238.867
116,0.377377,,137,,238.933
117,0.380725,,137,,239
118,0.384073,,137,,239.067
119,0.387422,,137,,239.133
120,0.39077,,137,,239.2
121,0.394322,,137.167,,239.333
122,0.397873,,137.333,,239.467
123,0.401425,,137.5,,239.6
124,0.404977,,137.667,,239.733
125,0.408528,,137.833,,239.867
126,0.41208,,138,,240
127,0.41529,,138,,240
128,0.4185,,138,,240
129,0.42171,,138,,240
130,0.42492,,138,,240
131,0.42813,,138,,240
132,0.43134,,138,,240
133,0.43433,,137.833,,239.933
134,0.43732,,137.667,,239.867
135,0.44031,,137.5,,239.8
136,0.4433,,137.333,,239.733
137,0.44629,,137.167,,239.667
138,0.44928,,137,,239.6
139,0.452582,,137,,239.567
140,0.455883,,137,,239.533
141,0.459185,,137,,239.5
142,0.462487,,137,,239.467
143,0.465788,,137,,239.433
144,0.46909,,137,,239.4
145,0.472312,,137,,239.467
146,0.475533,,137,,239.533
147,0.478755,,137,,239.6
148,0.481977,,137,,239.667
149,0.485198,,137,,239.733
150,0.48842,,137,,239.8
151,0.4916,,136.833,,239.567
152,0.49478,,136.667,,239.333
153,0.49796,,136.5,,239.1
154,0.50114,,136.333,,238.867
155,0.50432,,136.167,,238.633
156,0.5075,,136,,238.4
157,0.510988,,136,,238.333
158,0.514477,,136,,238.267
159,0.517965,,136,,238.2
160,0.521453,,136,,238.133
161,0.524942,,136,,238.067
162,0.52843,,136,,238
163,0.531827,,136.167,,237.7
164,0.535223,,136.333,,237.4
165,0.53862,,136.5,,237.1
166,0.542017,,136.667,,236.8
167,0.545413,,136.833,,236.5
168,0.54881,,137,,236.2
169,0.55214,,137,,236.367
170,0.55547,,137,,236.533
171,0.5588,,137,,236.7
172,0.56213,,137,,236.867
173,0.56546,,137,,237.033
174,0.56879,,137,,237.2
175,0.571975,,137.333,,237.7
176,0.57516,,137.667,,238.2
177,0.578345,,138,,238.7
178,0.58153,,138.333,,239.2
179,0.584715,,138.667,,239.7
180,0.5879,,139,,240.2
181,0.591335,,138.667,,240.3
182,0.59477,,138.333,,240.4
183,0.598205,,138,,240.5
184,0.60164,,137.667,,240.6
185,0.605075,,137.333,,240.7
186,0.60851,,137,,240.8
187,0.6117,,136.833,,241.267
188,0.61489,,136.667,,241.733
189,0.61808,,136.5,,242.2
190,0.62127,,136.333,,242.667
191,0.62446,,136.167,,243.133
192,0.62765,,136,,243.6
193,0.630818,,136.167,,244.367
194,0.633987,,136.333,,245.133
195,0.637155,,136.5,,245.9
196,0.640323,,136.667,,246.667
197,0.643492,,136.833,,247.433
198,0.64666,,137,,248.2
199,0.649768,,137,,248.6
200,0.652877,,137,,249
201,0.655985,,137,,249.4
202,0.659093,,137,,249.8
203,0.662202,,137,,250.2
204,0.66531,,137,,250.6
205,0.668697,,136.833,,250.6
206,0.672083,,136.667,,250.6
207,0.67547,,136.5,,250.6
208,0.678857,,136.333,,250.6
209,0.682243,,136.167,,250.6
210,0.68563,,136,,250.6
211,0.689062,,136,,250.767
212,0.692493,,136,,250.933
213,0.695925,,136,,251.1
214,0.699357,,136,,251.267
215,0.702788,,136,,251.433
216,0.70622,,136,,251.6
217,0.70961,,136.333,,251.267
218,0.713,,136.667,,250.933
219,0.71639,,137,,250.6
220,0.71978,,137.333,,250.267
221,0.72317,,137.667,,249.933
222,0.72656,,138,,249.6
223,0.72985,,138,,249.867
224,0.73314,,138,,250.133
225,0.73643,,138,,250.4
226,0.73972,,138,,250.667
227,0.74301,,138,,250.933
228,0.7463,,138,,251.2
229,0.749845,,139.5,,251
230,0.75339,,141,,250.8
231,0.75662,,139.5,,250.7
232,0.75985,,138,,250.6
233,0.76324,,137.833,,250.4
234,0.76663,,137.667,,250.2
235,0.77002,,137.5,,250
236,0.77341,,137.333,,249.8
237,0.7768,,137.167,,249.6
238,0.78019,,137,,249.4
239,0.783728,,137,,249.433
240,0.787267,,137,,249.467
241,0.790805,,137,,249.5
242,0.794343,,137,,249.533
243,0.797882,,137,,249.567
244,0.80142,,137,,249.6
245,0.804767,,137,,249.667
246,0.808113,,137,,249.733
247,0.81146,,137,,249.8
248,0.814807,,137,,249.867
249,0.818153,,137,,249.933
250,0.8215,,137,,250
251,0.824987,,136.833,,250.1
252,0.828473,,136.667,,250.2
253,0.83196,,136.5,,250.3
254,0.835447,,136.333,,250.4
255,0.838933,,136.167,,250.5
256,0.84242,,136,,250.6
257,0.845838,,136,,250.5
258,0.849257,,136,,250.4
259,0.852675,,136,,250.3
260,0.856093,,136,,250.2
261,0.859512,,136,,250.1
262,0.86293,,136,,250
263,0.866263,,136.167,,249.667
264,0.869597,,136.333,,249.333
265,0.87293,,136.5,,249
266,0.876263,,136.667,,248.667
267,0.879597,,136.833,,248.333
268,0.88293,,137,,248
269,0.886227,,137.167,,247.833
270,0.889523,,137.333,,247.667
271,0.89282,,137.5,,247.5
272,0.896117,,137.667,,247.333
273,0.899413,,137.833,,247.167
274,0.90271,,138,,247
275,0.90593,,138.167,,247.033
276,0.90915,,138.333,,247.067
277,0.91237,,138.5,,247.1
278,0.91559,,138.667,,247.133
279,0.91881,,138.833,,247.167
280,0.92203,,139,,247.2
281,0.925292,,139,,247.233
282,0.928553,,139,,247.267
283,0.931815,,139,,247.3
284,0.935077,,139,,247.333
285,0.938338,,139,,247.367
286,0.9416,,139,,247.4
287,0.944978,,139,,247.467
288,0.948357,,139,,247.533
289,0.951735,,139,,247.6
290,0.955113,,139,,247.667
291,0.958492,,139,,247.733
292,0.96187,,139,,247.8
293,0.965195,,138.833,,247.833
294,0.96852,,138.667,,247.867
295,0.971845,,138.5,,247.9
296,0.97517,,138.333,,247.933
297,0.978495,,138.167,,247.967
298,0.98182,,138,,248
299,0.985067,,138,,247.9
300,0.988313,,138,,247.8
301,0.99156,,138,,247.7
302,0.994807,,138,,247.6
303,0.998053,,138,,247.5
304,1.0013,,138,,247.4
305,1.00456,,137.667,,247.533
306,1.00782,,137.333,,247.667
307,1.01108,,137,,247.8
308,1.01434,,136.667,,247.933
309,1.0176,,136.333,,248.067
310,1.02086,,136,,248.2
311,1.02431,,135.667,,248.1
312,1.02776,,135.333,,248
313,1.03121,,135,,247.9
314,1.03466,,134.667,,247.8
315,1.03811,,134.333,,247.7
316,1.04156,,134,,247.6
317,1.04502,,134.167,,247.433
318,1.04848,,134.333,,247.267
319,1.05195,,134.5,,247.1
320,1.05541,,134.667,,246.933
321,1.05887,,134.833,,246.767
322,1.06233,,135,,246.6
323,1.0657,,135.333,,246.5
324,1.06907,,135.667,,246.4
325,1.07244,,136,,246.3
326,1.07582,,136.333,,246.2
327,1.07919,,136.667,,246.1
328,1.08256,,137,,246
329,1.08581,,137.167,,245.6
330,1.08906,,137.333,,245.2
331,1.09231,,137.5,,244.8
332,1.09556,,137.667,,244.4
333,1.09881,,137.833,,244
334,1.10206,,138,,243.6
335,1.1055,,138.333,,243.3
336,1.10894,,138.667,,243
337,1.11238,,139,,242.7
338,1.11582,,139.333,,242.4
339,1.11926,,139.667,,242.1
340,1.1227,,140,,241.8
341,1.12596,,140.167,,242.1
342,1.12922,,140.333,,242.4
343,1.13248,,140.5,,242.7
344,1.13575,,140.667,,243
345,1.13901,,140.833,,243.3
346,1.14227,,141,,243.6
347,1.14547,,141,,243.567
348,1.14866,,141,,243.533
349,1.15186,,141,,243.5
350,1.15506,,141,,243.467
351,1.15825,,141,,243.433
352,1.16145,,141,,243.4
353,1.16478,,140.833,,243.133
354,1.1681,,140.667,,242.867
355,1.17143,,140.5,,242.6
356,1.17476,,140.333,,242.333
357,1.17808,,140.167,,242.067
358,1.18141,,140,,241.8
359,1.18467,,140,,241.733
360,1.18793,,140,,241.667
361,1.1912,,140,,241.6
362,1.19446,,140,,241.533
363,1.19772,,140,,241.467
364,1.20098,,140,,241.4
365,1.2042,,140.167,,241.767
366,1.20742,,140.333,,242.133
367,1.21064,,140.5,,242.5
368,1.21386,,140.667,,242.867
369,1.21708,,140.833,,243.233
370,1.2203,,141,,243.6
371,1.2235,,140.833,,243.633
372,1.22671,,140.667,,243.667
373,1.22991,,140.5,,243.7
374,1.23311,,140.333,,243.733
375,1.23632,,140.167,,243.767
376,1.23952,,140,,243.8
377,1.24264,,140,,244.167
378,1.24577,,140,,244.533
379,1.24889,,140,,244.9
380,1.25201,,140,,245.267
381,1.25514,,140,,245.633
382,1.25826,,140,,246
383,1.26162,,139.833,,246.167
384,1.26498,,139.667,,246.333
385,1.26833,,139.5,,246.5
386,1.27169,,139.333,,246.667
387,1.27505,,139.167,,246.833
388,1.27841,,139,,247
389,1.28183,,139.167,,246.933
390,1.28525,,139.333,,246.867
391,1.28867,,139.5,,246.8
392,1.29209,,139.667,,246.733
393,1.29551,,139.833,,246.667
394,1.29893,,140,,246.6
395,1.30235,,139.833,,246.6
396,1.30577,,139.667,,246.6
397,1.30919,,139.5,,246.6
398,1.3126,,139.333,,246.6
399,1.31602,,139.167,,246.6
400,1.31944,,139,,246.6
401,1.32259,,138.833,,246.467
402,1.32575,,138.667,,246.333
403,1.3289,,138.5,,246.2
404,1.33205,,138.333,,246.067
405,1.33521,,138.167,,245.933
406,1.33836,,138,,245.8
407,1.34164,,138.167,,245.767
408,1.34492,,138.333,,245.733
409,1.3482,,138.5,,245.7
410,1.35147,,138.667,,245.667
411,1.35475,,138.833,,245.633
412,1.35803,,139,,245.6
413,1.36157,,139.333,,245.533
414,1.36511,,139.667,,245.467
415,1.36865,,140,,245.4
416,1.37219,,140.333,,245.333
417,1.37573,,140.667,,245.267
418,1.37927,,141,,245.2
419,1.38243,,141.167,,245.3
420,1.38559,,141.333,,245.4
421,1.38875,,141.5,,245.5
422,1.39191,,141.667,,245.6
423,1.39507,,141.833,,245.7
424,1.39823,,142,,245.8
425,1.40158,,142.167,,245.6
426,1.40493,,142.333,,245.4
427,1.40829,,142.5,,245.2
428,1.41164,,142.667,,245
429,1.41499,,142.833,,244.8
430,1.41834,,143,,244.6
431,1.42168,,143,,244.4
432,1.42501,,143,,244.2
433,1.42835,,143,,244
434,1.43169,,143,,243.8
435,1.43502,,143,,243.6
436,1.43836,,143,,243.4
437,1.44163,,143,,243.4
438,1.44489,,143,,243.4
439,1.44816,,143,,243.4
440,1.45142,,143,,243.4
441,1.45469,,143,,243.4
442,1.45795,,143,,243.4
443,1.4613,,142.833,,243.433
444,1.46466,,142.667,,243.467
445,1.46801,,142.5,,243.5
446,1.47136,,142.333,,243.533
447,1.47472,,142.167,,243.567
448,1.47807,,142,,243.6
449,1.4813,,142,,243.5
450,1.48453,,142,,243.4
451,1.48776,,142,,243.3
452,1.49099,,142,,243.2
453,1.49422,,142,,243.1
454,1.49745,,142,,243
455,1.50079,,142,,242.833
456,1.50414,,142,,242.667
457,1.50748,,142,,242.5
458,1.51083,,142,,242.333
459,1.51418,,142,,242.167
460,1.51752,,142,,242
461,1.521,,142.167,,242
462,1.52447,,142.333,,242
463,1.52795,,142.5,,242
464,1.53143,,142.667,,242
465,1.5349,,142.833,,242
466,1.53838,,143,,242
467,1.54171,,143,,242.4
468,1.54503,,143,,242.8
469,1.54836,,143,,243.2
470,1.55168,,143,,243.6
471,1.555,,143,,244
472,1.55833,,143,,244.4
473,1.56172,,142.667,,244.267
474,1.56511,,142.333,,244.133
475,1.56849,,142,,244
476,1.57188,,141.667,,243.867
477,1.57527,,141.333,,243.733
478,1.57866,,141,,243.6
479,1.58203,,141,,244.033
480,1.5854,,141,,244.467
481,1.58876,,141,,244.9
482,1.59213,,141,,245.333
483,1.5955,,141,,245.767
484,1.59887,,141,,246.2
485,1.60209,,140.667,,246.2
486,1.60531,,140.333,,246.2
487,1.60853,,140,,246.2
488,1.61179,,140,,246.033
489,1.61505,,140,,245.867
490,1.61831,,140,,245.7
491,1.62157,,140,,245.533
492,1.62483,,140,,245.367
493,1.62809,,140,,245.2
494,1.63144,,140.167,,245.133
495,1.63479,,140.333,,245.067
496,1.63814,,140.5,,245
497,1.64149,,140.667,,244.933
498,1.64484,,140.833,,244.867
499,1.64819,,141,,244.8
500,1.65151,,141.167,,244.6
501,1.65483,,141.333,,244.4
502,1.65816,,141.5,,244.2
503,1.66148,,141.667,,244
504,1.6648,,141.833,,243.8
505,1.66812,,142,,243.6
506,1.67139,,142.167,,243.467
507,1.67466,,142.333,,243.333
508,1.67792,,142.5,,243.2
509,1.68119,,142.667,,243.067
510,1.68446,,142.833,,242.933
511,1.68773,,143,,242.8
512,1.69095,,143,,242.767
513,1.69418,,143,,242.733
514,1.69741,,143,,242.7
515,1.70063,,143,,242.667
516,1.70385,,143,,242.633
517,1.70708,,143,,242.6
518,1.71044,,143,,242.433
519,1.71381,,143,,242.267
520,1.71717,,143,,242.1
521,1.72053,,143,,241.933
522,1.7239,,143,,241.767
523,1.72726,,143,,241.6
524,1.73059,,143,,241.833
525,1.73393,,143,,242.067
526,1.73727,,143,,242.3
527,1.7406,,143,,242.533
528,1.74393,,143,,242.767
529,1.74727,,143,,243
530,1.75048,,143,,243.133
531,1.75369,,143,,243.267
532,1.75689,,143,,243.4
533,1.7601,,143,,243.533
534,1.76331,,143,,243.667
535,1.76652,,143,,243.8
536,1.76978,,143,,244.133
537,1.77303,,143,,244.467
538,1.77628,,143,,244.8
539,1.77954,,143,,245.133
540,1.78279,,143,,245.467
541,1.78605,,143,,245.8
542,1.78948,,143,,245.7
543,1.79291,,143,,245.6
544,1.79633,,143,,245.5
545,1.79976,,143,,245.4
546,1.80319,,143,,245.3
547,1.80662,,143,,245.2
548,1.8101,,143.167,,245.067
549,1.81359,,143.333,,244.933
550,1.81707,,143.5,,244.8
551,1.82056,,143.667,,244.667
552,1.82404,,143.833,,244.533
553,1.82753,,144,,244.4
554,1.8307,,144.167,,244.633
555,1.83387,,144.333,,244.867
556,1.83704,,144.5,,245.1
557,1.84021,,144.667,,245.333
558,1.84338,,144.833,,245.567
559,1.84655,,145,,245.8
560,1.84981,,144.667,,245.767
561,1.85307,,144.333,,245.733
562,1.85633,,144,,245.7
563,1.8596,,143.667,,245.667
564,1.86286,,143.333,,245.633
565,1.86612,,143,,245.6
566,1.8696,,143,,245.167
567,1.87307,,143,,244.733
568,1.87654,,143,,244.3
569,1.88002,,143,,243.867
570,1.8835,,143,,243.433
571,1.88697,,143,,243
572,1.89053,,143,,242.767
573,1.89408,,143,,242.533
574,1.89764,,143,,242.3
575,1.9012,,143,,242.067
576,1.90475,,143,,241.833
577,1.90831,,143,,241.6
578,1.91167,,143,,241.667
579,1.91502,,143,,241.733
580,1.91838,,143,,241.8
581,1.92174,,143,,241.867
582,1.92509,,143,,241.933
583,1.92845,,143,,242
584,1.9317,,143.167,,242.167
585,1.93495,,143.333,,242.333
586,1.9382,,143.5,,242.5
587,1.94145,,143.667,,242.667
588,1.9447,,143.833,,242.833
589,1.94795,,144,,243
590,1.95122,,144,,243.233
591,1.95449,,144,,243.467
592,1.95776,,144,,243.7
593,1.96103,,144,,243.933
594,1.9643,,144,,244.167
595,1.96757,,144,,244.4
596,1.97085,,144.167,,244.2
597,1.97412,,144.333,,244
598,1.9774,,144.5,,243.8
599,1.98068,,144.667,,243.6
600,1.98395,,144.833,,243.4
601,1.98723,,145,,243.2
602,1.99062,,145,,242.933
603,1.99401,,145,,242.667
604,1.99741,,145,,242.4
605,2.0008,,145,,242.133
606,2.00419,,145,,241.867
607,2.00758,,145,,241.6
608,2.01108,,144.833,,241.233
609,2.01459,,144.667,,240.867
610,2.01809,,144.5,,240.5
611,2.02159,,144.333,,240.133
612,2.0251,,144.167,,239.767
613,2.0286,,144,,239.4
614,2.03183,,143.833,,239.633
615,2.03507,,143.667,,239.867
616,2.0383,,143.5,,240.1
617,2.04153,,143.333,,240.333
618,2.04477,,143.167,,240.567
619,2.048,,143,,240.8
620,2.05118,,142.833,,240.967
621,2.05435,,142.667,,241.133
622,2.05753,,142.5,,241.3
623,2.06071,,142.333,,241.467
624,2.06388,,142.167,,241.633
625,2.06706,,142,,241.8
626,2.07043,,142.167,,242.1
627,2.07379,,142.333,,242.4
628,2.07716,,142.5,,242.7
629,2.08052,,142.667,,243
630,2.08388,,142.833,,243.3
631,2.08725,,143,,243.6
632,2.09062,,142.833,,243.867
633,2.09399,,142.667,,244.133
634,2.09736,,142.5,,244.4
635,2.10073,,142.333,,244.667
636,2.1041,,142.167,,244.933
637,2.10747,,142,,245.2
638,2.11089,,141.833,,244.8
639,2.1143,,141.667,,244.4
640,2.11772,,141.5,,244
641,2.12113,,141.333,,243.6
642,2.12455,,141.167,,243.2
643,2.12796,,141,,242.8
644,2.13133,,141.333,,242.6
645,2.1347,,141.667,,242.4
646,2.13807,,142,,242.2
647,2.14144,,142.333,,242
648,2.14481,,142.667,,241.8
649,2.14818,,143,,241.6
650,2.15158,,143.333,,241.567
651,2.15497,,143.667,,241.533
652,2.15837,,144,,241.5
653,2.16176,,144.333,,241.467
654,2.16516,,144.667,,241.433
655,2.16855,,145,,241.4
718,2.16855,,94,,258.2
719,2.1708,,94.3333,,258.267
720,2.17305,,94.6667,,258.333
721,2.1753,,95,,258.4
722,2.17755,,95.3333,,258.467
723,2.1798,,95.6667,,258.533
724,2.18205,,96,,258.6
725,2.18546,,100,,258.4
726,2.18894,,100,,258.2
727,2.19245,,104,,258
728,2.19595,,108,,257.8
729,2.19953,,112,,257.8
730,2.20324,,113.5,,257.6
731,2.20696,,115,,257.4
732,2.21042,,118,,256.2
733,2.21392,,118.8,,255.68
734,2.21743,,119.6,,255.16
735,2.22093,,120.4,,254.64
736,2.22444,,121.2,,254.12
737,2.22794,,122,,253.6
738,2.23168,,123,,253.133
739,2.23543,,124,,252.667
740,2.23917,,125,,252.2
741,2.24286,,125.75,,251.8
742,2.24655,,126.5,,251.4
743,2.25024,,127.25,,251
744,2.25393,,128,,250.6
745,2.25736,,128.5,,250
746,2.2608,,129,,249.4
747,2.26423,,129.5,,248.8
748,2.26766,,130,,248.2
749,2.2711,,130.5,,247.6
750,2.27453,,131,,247
751,2.27788,,131.333,,246.533
752,2.28122,,131.667,,246.067
753,2.28457,,132,,245.6
754,2.28792,,132.333,,245.133
755,2.29126,,132.667,,244.667
756,2.29461,,133,,244.2
757,2.2979,,133.333,,243.867
758,2.30119,,133.667,,243.533
759,2.30448,,134,,243.2
760,2.30776,,134.333,,242.867
761,2.31105,,134.667,,242.533
762,2.31434,,135,,242.2
763,2.31755,,135,,242.467
764,2.32076,,135,,242.733
765,2.32397,,135,,243
766,2.32717,,135,,243.267
767,2.33038,,135,,243.533
768,2.33359,,135,,243.8
769,2.33718,,135.167,,243.833
770,2.34078,,135.333,,243.867
771,2.34438,,135.5,,243.9
772,2.34797,,135.667,,243.933
773,2.35156,,135.833,,243.967
774,2.35516,,136,,244
775,2.35855,,136.333,,244
776,2.36194,,136.667,,244
777,2.36533,,137,,244
778,2.36873,,137.333,,244
779,2.37212,,137.667,,244
780,2.37551,,138,,244
781,2.37908,,138,,244.067
782,2.38265,,138,,244.133
783,2.38623,,138,,244.2
784,2.3898,,138,,244.267
785,2.39337,,138,,244.333
786,2.39694,,138,,244.4
787,2.40045,,138.333,,244.067
788,2.40396,,138.667,,243.733
789,2.40748,,139,,243.4
790,2.41099,,139.333,,243.067
791,2.4145,,139.667,,242.733
792,2.41801,,140,,242.4
793,2.42148,,140,,242.167
794,2.42494,,140,,241.933
795,2.42841,,140,,241.7
796,2.43188,,140,,241.467
797,2.43534,,140,,241.233
798,2.43881,,140,,241
799,2.44232,,140.6,,240.8
800,2.44583,,141.2,,240.6
801,2.44933,,141.8,,240.4
802,2.45284,,142.4,,240.2
803,2.45635,,143,,240
804,2.45941,,141.5,,241.4
805,2.46247,,140,,242.8
806,2.46606,,140.167,,242.933
807,2.46966,,140.333,,243.067
808,2.47325,,140.5,,243.2
809,2.47684,,140.667,,243.333
810,2.48044,,140.833,,243.467
811,2.48403,,141,,243.6
812,2.48726,,141,,243.867
813,2.49049,,141,,244.133
814,2.49371,,141,,244.4
815,2.49694,,141,,244.667
816,2.50017,,141,,244.933
817,2.5034,,141,,245.2
818,2.5064,,141,,245.667
819,2.50941,,141,,246.133
820,2.51241,,141,,246.6
821,2.51542,,141,,247.067
822,2.51843,,141,,247.533
823,2.52143,,141,,248
824,2.52492,,141,,248.133
825,2.52841,,141,,248.267
826,2.5319,,141,,248.4
827,2.53538,,141,,248.533
828,2.53887,,141,,248.667
829,2.54236,,141,,248.8
830,2.5458,,141.167,,249.367
831,2.54925,,141.333,,249.933
832,2.55269,,141.5,,250.5
833,2.55613,,141.667,,251.067
834,2.55958,,141.833,,251.633
835,2.56302,,142,,252.2
836,2.56648,,142,,252.267
837,2.56995,,142,,252.333
838,2.57341,,142,,252.4
839,2.57687,,142,,252.467
840,2.58034,,142,,252.533
841,2.5838,,142,,252.6
842,2.58726,,142,,252.7
843,2.59072,,142,,252.8
844,2.59417,,142,,252.9
845,2.59763,,142,,253
846,2.60109,,142,,253.1
847,2.60455,,142,,253.2
848,2.60791,,142.167,,253.2
849,2.61128,,142.333,,253.2
850,2.61464,,142.5,,253.2
851,2.618,,142.667,,253.2
852,2.62137,,142.833,,253.2
853,2.62473,,143,,253.2
854,2.62785,,143,,253.333
855,2.63097,,143,,253.467
856,2.63409,,143,,253.6
857,2.63721,,143,,253.733
858,2.64033,,143,,253.867
859,2.64345,,143,,254
860,2.64696,,142.833,,254.033
861,2.65046,,142.667,,254.067
862,2.65397,,142.5,,254.1
863,2.65748,,142.333,,254.133
864,2.66098,,142.167,,254.167
865,2.66449,,142,,254.2
866,2.66798,,142,,254.233
867,2.67147,,142,,254.267
868,2.67497,,142,,254.3
869,2.67846,,142,,254.333
870,2.68195,,142,,254.367
871,2.68544,,142,,254.4
872,2.68854,,142.167,,254.667
873,2.69163,,142.333,,254.933
874,2.69473,,142.5,,255.2
875,2.69783,,142.667,,255.467
876,2.70092,,142.833,,255.733
877,2.70402,,143,,256
878,2.70731,,142.833,,256.067
879,2.71059,,142.667,,256.133
880,2.71388,,142.5,,256.2
881,2.71717,,142.333,,256.267
882,2.72045,,142.167,,256.333
883,2.72374,,142,,256.4
884,2.72726,,142,,256.033
885,2.73078,,142,,255.667
886,2.7343,,142,,255.3
887,2.73782,,142,,254.933
888,2.74134,,142,,254.567
889,2.74486,,142,,254.2
890,2.74843,,142,,253.733
891,2.75199,,142,,253.267
892,2.75556,,142,,252.8
893,2.75913,,142,,252.333
894,2.76269,,142,,251.867
895,2.76626,,142,,251.4
896,2.76995,,142,,251.333
897,2.77363,,142,,251.267
898,2.77732,,142,,251.2
899,2.781,,142,,251.133
900,2.78469,,142,,251.067
901,2.78837,,142,,251
902,2.79192,,142.167,,250.833
903,2.79547,,142.333,,250.667
904,2.79902,,142.5,,250.5
905,2.80257,,142.667,,250.333
906,2.80612,,142.833,,250.167
907,2.80967,,143,,250
908,2.81324,,143,,249.833
909,2.8168,,143,,249.667
910,2.82037,,143,,249.5
911,2.82394,,143,,249.333
912,2.8275,,143,,249.167
913,2.83107,,143,,249
914,2.83462,,143,,249.033
915,2.83817,,143,,249.067
916,2.84172,,143,,249.1
917,2.84527,,143,,249.133
918,2.84882,,143,,249.167
919,2.85237,,143,,249.2
920,2.85574,,143.167,,249.2
921,2.85912,,143.333,,249.2
922,2.86249,,143.5,,249.2
923,2.86586,,143.667,,249.2
924,2.86924,,143.833,,249.2
925,2.87261,,144,,249.2
926,2.87573,,143.833,,249.7
927,2.87885,,143.667,,250.2
928,2.88197,,143.5,,250.7
929,2.88508,,143.333,,251.2
930,2.8882,,143.167,,251.7
931,2.89132,,143,,252.2
932,2.89448,,143,,252.933
933,2.89764,,143,,253.667
934,2.9008,,143,,254.4
935,2.90395,,143,,255.133
936,2.90711,,143,,255.867
937,2.91027,,143,,256.6
938,2.91348,,143.167,,256.733
939,2.91669,,143.333,,256.867
940,2.9199,,143.5,,257
941,2.92312,,143.667,,257.133
942,2.92633,,143.833,,257.267
943,2.92954,,144,,257.4
944,2.93289,,144,,257.633
945,2.93624,,144,,257.867
946,2.93959,,144,,258.1
947,2.94294,,144,,258.333
948,2.94629,,144,,258.567
949,2.94964,,144,,258.8
950,2.95317,,143.833,,258.767
951,2.9567,,143.667,,258.733
952,2.96023,,143.5,,258.7
953,2.96376,,143.333,,258.667
954,2.96729,,143.167,,258.633
955,2.97082,,143,,258.6
956,2.97418,,143,,258.367
957,2.97753,,143,,258.133
958,2.98089,,143,,257.9
959,2.98425,,143,,257.667
960,2.9876,,143,,257.433
961,2.99096,,143,,257.2
962,2.9943,,143,,257.267
963,2.99764,,143,,257.333
964,3.00098,,143,,257.4
965,3.00431,,143,,257.467
966,3.00765,,143,,257.533
967,3.01099,,143,,257.6
968,3.01436,,143,,257.4
969,3.01773,,143,,257.2
970,3.02111,,143,,257
971,3.02448,,143,,256.8
972,3.02785,,143,,256.6
973,3.03122,,143,,256.4
974,3.03452,,143,,256.633
975,3.03782,,143,,256.867
976,3.04112,,143,,257.1
977,3.04441,,143,,257.333
978,3.04771,,143,,257.567
979,3.05101,,143,,257.8
980,3.05459,,143,,257.433
981,3.05816,,143,,257.067
982,3.06174,,143,,256.7
983,3.06532,,143,,256.333
984,3.06889,,143,,255.967
985,3.07247,,143,,255.6
986,3.07597,,143,,255.167
987,3.07947,,143,,254.733
988,3.08297,,143,,254.3
989,3.08647,,143,,253.867
990,3.08997,,143,,253.433
991,3.09347,,143,,253
992,3.09687,,143,,252.8
993,3.10027,,143,,252.6
994,3.10367,,143,,252.4
995,3.10707,,143,,252.2
996,3.11047,,143,,252
997,3.11387,,143,,251.8
998,3.11708,,143,,252.033
999,3.12028,,143,,252.267
1000,3.12349,,143,,252.5
1001,3.12669,,143,,252.733
1002,3.1299,,143,,252.967
1003,3.1331,,143,,253.2
1004,3.13657,,143,,253.167
1005,3.14004,,143,,253.133
1006,3.14351,,143,,253.1
1007,3.14697,,143,,253.067
1008,3.15044,,143,,253.033
1009,3.15391,,143,,253
1010,3.15737,,142.833,,253
1011,3.16083,,142.667,,253
1012,3.1643,,142.5,,253
1013,3.16776,,142.333,,253
1014,3.17122,,142.167,,253
1015,3.17468,,142,,253
1016,3.17802,,142,,252.967
1017,3.18137,,142,,252.933
1018,3.18471,,142,,252.9
1019,3.18805,,142,,252.867
1020,3.1914,,142,,252.833
1021,3.19474,,142,,252.8
1022,3.19806,,142.333,,252.567
1023,3.20137,,142.667,,252.333
1024,3.20469,,143,,252.1
1025,3.20801,,143.333,,251.867
1026,3.21132,,143.667,,251.633
1027,3.21464,,144,,251.4
1028,3.21813,,144,,251.2
1029,3.22145,,144.167,,251.1
1030,3.22478,,144.333,,251
1031,3.2281,,144.5,,250.9
1032,3.23142,,144.667,,250.8
1033,3.23475,,144.833,,250.7
1034,3.23807,,145,,250.6
1035,3.24133,,145,,250.467
1036,3.24459,,145,,250.333
1037,3.24784,,145,,250.2
1038,3.2511,,145,,250.067
1039,3.25436,,145,,249.933
1040,3.25762,,145,,249.8
1041,3.261,,145.167,,249.867
1042,3.26439,,145.333,,249.933
1043,3.26778,,145.5,,250
1044,3.27116,,145.667,,250.067
1045,3.27454,,145.833,,250.133
1046,3.27793,,146,,250.2
1047,3.28129,,145.833,,250.567
1048,3.28465,,145.667,,250.933
1049,3.28801,,145.5,,251.3
1050,3.29136,,145.333,,251.667
1051,3.29472,,145.167,,252.033
1052,3.29808,,145,,252.4
1053,3.30136,,144.667,,252.533
1054,3.30463,,144.333,,252.667
1055,3.3079,,144,,252.8
1056,3.31118,,143.667,,252.933
1057,3.31446,,143.333,,253.067
1058,3.31773,,143,,253.2
1059,3.32114,,143.167,,253.2
1060,3.32456,,143.333,,253.2
1061,3.32797,,143.5,,253.2
1062,3.33138,,143.667,,253.2
1063,3.3348,,143.833,,253.2
1064,3.33821,,144,,253.2
1065,3.34139,,144,,253.533
1066,3.34458,,144,,253.867
1067,3.34776,,144,,254.2
1068,3.35094,,144,,254.533
1069,3.35413,,144,,254.867
1070,3.35731,,144,,255.2
1071,3.36045,,144,,255.4
1072,3.36359,,144,,255.6
1073,3.36673,,144,,255.8
1074,3.36987,,144,,256
1075,3.37301,,144,,256.2
1076,3.37615,,144,,256.4
1077,3.37944,,144,,256.367
1078,3.38273,,144,,256.333
1079,3.38602,,144,,256.3
1080,3.38931,,144,,256.267
1081,3.3926,,144,,256.233
1082,3.39589,,144,,256.2
1083,3.3994,,144.167,,256.2
1084,3.40291,,144.333,,256.2
1085,3.40642,,144.5,,256.2
1086,3.40993,,144.667,,256.2
1087,3.41344,,144.833,,256.2
1088,3.41695,,145,,256.2
1089,3.42041,,145.167,,256.1
1090,3.42386,,145.333,,256
1091,3.42732,,145.5,,255.9
1092,3.43078,,145.667,,255.8
1093,3.43423,,145.833,,255.7
1094,3.43769,,146,,255.6
1095,3.44103,,146,,255.4
1096,3.44437,,146,,255.2
1097,3.44772,,146,,255
1098,3.45106,,146,,254.8
1099,3.4544,,146,,254.6
1100,3.45774,,146,,254.4
1101,3.46109,,146,,254.133
1102,3.46443,,146,,253.867
1103,3.46778,,146,,253.6
1104,3.47112,,146,,253.333
1105,3.47447,,146,,253.067
1106,3.47781,,146,,252.8
1107,3.48095,,146,,252.4
1108,3.48408,,146,,252
1109,3.48722,,146,,251.6
1110,3.49036,,146,,251.2
1111,3.49349,,146,,250.8
1112,3.49663,,146,,250.4
1113,3.50002,,145.833,,250.033
1114,3.5034,,145.667,,249.667
1115,3.50679,,145.5,,249.3
1116,3.51018,,145.333,,248.933
1117,3.51356,,145.167,,248.567
1118,3.51695,,145,,248.2
1119,3.52031,,145,,247.9
1120,3.52366,,145,,247.6
1121,3.52702,,145,,247.3
1122,3.53038,,145,,247
1123,3.53373,,145,,246.7
1124,3.53709,,145,,246.4
1125,3.54044,,145,,246.167
1126,3.54379,,145,,245.933
1127,3.54714,,145,,245.7
1128,3.55049,,145,,245.467
1129,3.55384,,145,,245.233
1130,3.55719,,145,,245
1131,3.56039,,144.833,,245.2
1132,3.56359,,144.667,,245.4
1133,3.56679,,144.5,,245.6
1134,3.56999,,144.333,,245.8
1135,3.57319,,144.167,,246
1136,3.57639,,144,,246.2
1137,3.57949,,144,,246.533
1138,3.58258,,144,,246.867
1139,3.58568,,144,,247.2
1140,3.58877,,144,,247.533
1141,3.59187,,144,,247.867
1142,3.59496,,144,,248.2
1143,3.59825,,143.833,,248.333
1144,3.60154,,143.667,,248.467
1145,3.60484,,143.5,,248.6
1146,3.60813,,143.333,,248.733
1147,3.61142,,143.167,,248.867
1148,3.61471,,143,,249
1149,3.61796,,143,,248.933
1150,3.6212,,143,,248.867
1151,3.62445,,143,,248.8
1152,3.62769,,143,,248.733
1153,3.63094,,143,,248.667
1154,3.63418,,143,,248.6
1155,3.63752,,143,,248.5
1156,3.64086,,143,,248.4
1157,3.64421,,143,,248.3
1158,3.64755,,143,,248.2
1159,3.65089,,143,,248.1
1160,3.65423,,143,,248
1161,3.65751,,143.167,,247.933
1162,3.66079,,143.333,,247.867
1163,3.66408,,143.5,,247.8
1164,3.66736,,143.667,,247.733
1165,3.67064,,143.833,,247.667
1166,3.67392,,144,,247.6
1167,3.67722,,144.167,,247.6
1168,3.68052,,144.333,,247.6
1169,3.68382,,144.5,,247.6
1170,3.68712,,144.667,,247.6
1171,3.69042,,144.833,,247.6
1172,3.69372,,145,,247.6
1173,3.69685,,144.833,,247.933
1174,3.69998,,144.667,,248.267
1175,3.70312,,144.5,,248.6
1176,3.70625,,144.333,,248.933
1177,3.70938,,144.167,,249.267
1178,3.71251,,144,,249.6
1179,3.71556,,144,,250.167
1180,3.71862,,144,,250.733
1181,3.72167,,144,,251.3
1182,3.72472,,144,,251.867
1183,3.72778,,144,,252.433
1184,3.73083,,144,,253
1185,3.73399,,144.167,,253.233
1186,3.73714,,144.333,,253.467
1187,3.7403,,144.5,,253.7
1188,3.74346,,144.667,,253.933
1189,3.74661,,144.833,,254.167
1190,3.74977,,145,,254.4
1191,3.75293,,145.167,,254.567
1192,3.75608,,145.333,,254.733
1193,3.75924,,145.5,,254.9
1194,3.76239,,145.667,,255.067
1195,3.76555,,145.833,,255.233
1196,3.7687,,146,,255.4
1197,3.77194,,145.833,,255.367
1198,3.77517,,145.667,,255.333
1199,3.77841,,145.5,,255.3
1200,3.78164,,145.333,,255.267
1201,3.78487,,145.167,,255.233
1202,3.78811,,145,,255.2
1203,3.79152,,144.667,,254.967
1204,3.79494,,144.333,,254.733
1205,3.79835,,144,,254.5
1206,3.80176,,143.667,,254.267
1207,3.80518,,143.333,,254.033
1208,3.80859,,143,,253.8
1209,3.81187,,143,,253.733
1210,3.81515,,143,,253.667
1211,3.81843,,143,,253.6
1212,3.82171,,143,,253.533
1213,3.82499,,143,,253.467
1214,3.82827,,143,,253.4
1215,3.83155,,142.833,,253.5
1216,3.83482,,142.667,,253.6
1217,3.8381,,142.5,,253.7
1218,3.84138,,142.333,,253.8
1219,3.84465,,142.167,,253.9
1220,3.84793,,142,,254
1221,3.85119,,142.167,,254.1
1222,3.85445,,142.333,,254.2
1223,3.85771,,142.5,,254.3
1224,3.86097,,142.667,,254.4
1225,3.86423,,142.833,,254.5
1226,3.86749,,143,,254.6
1227,3.87061,,142.833,,254.667
1228,3.87374,,142.667,,254.733
1229,3.87687,,142.5,,254.8
1230,3.87999,,142.333,,254.867
1231,3.88312,,142.167,,254.933
1232,3.88624,,142,,255
1233,3.88952,,142.167,,255.033
1234,3.89279,,142.333,,255.067
1235,3.89607,,142.5,,255.1
1236,3.89935,,142.667,,255.133
1237,3.90262,,142.833,,255.167
1238,3.9059,,143,,255.2
1239,3.90921,,143.167,,255.167
1240,3.91252,,143.333,,255.133
1241,3.91584,,143.5,,255.1
1242,3.91915,,143.667,,255.067
1243,3.92246,,143.833,,255.033
1244,3.92577,,144,,255
1245,3.92915,,143.833,,254.833
1246,3.93254,,143.667,,254.667
1247,3.93592,,143.5,,254.5
1248,3.9393,,143.333,,254.333
1249,3.94269,,143.167,,254.167
1250,3.94607,,143,,254
1251,3.94931,,143.167,,254.1
1252,3.95255,,143.333,,254.2
1253,3.9558,,143.5,,254.3
1254,3.95904,,143.667,,254.4
1255,3.96228,,143.833,,254.5
1256,3.96552,,144,,254.6
1257,3.96868,,143,,254.533
1258,3.97183,,142,,254.467
1259,3.97499,,141,,254.4
1260,3.97826,,142,,254.333
1261,3.98154,,143,,254.267
1262,3.98481,,144,,254.2
1263,3.98803,,144.167,,254.2
1264,3.99124,,144.333,,254.2
1265,3.99446,,144.5,,254.2
1266,3.99768,,144.667,,254.2
1267,4.00089,,144.833,,254.2
1268,4.00411,,145,,254.2
1269,4.00723,,145,,254.367
1270,4.01035,,145,,254.533
1271,4.01347,,145,,254.7
1272,4.01658,,145,,254.867
1273,4.0197,,145,,255.033
1274,4.02282,,145,,255.2
1275,4.02601,,145,,255.2
1276,4.0292,,145,,255.2
1277,4.03238,,145,,255.2
1278,4.03557,,145,,255.2
1279,4.03876,,145,,255.2
1280,4.04195,,145,,255.2
1281,4.04544,,144.5,,255.233
1282,4.04893,,144,,255.267
1283,4.05242,,143.5,,255.3
1284,4.05591,,143,,255.333
1285,4.0594,,142.5,,255.367
1286,4.06289,,142,,255.4
1287,4.06616,,142,,255.333
1288,4.06943,,142,,255.267
1289,4.0727,,142,,255.2
1290,4.07596,,142,,255.133
1291,4.07923,,142,,255.067
1292,4.0825,,142,,255
1293,4.08555,,142,,255.033
1294,4.0886,,142,,255.067
1295,4.09164,,142,,255.1
1296,4.09469,,142,,255.133
1297,4.09774,,142,,255.167
1298,4.10079,,142,,255.2
1299,4.10397,,142.167,,255.1
1300,4.10715,,142.333,,255
1301,4.11033,,142.5,,254.9
1302,4.11351,,142.667,,254.8
1303,4.11669,,142.833,,254.7
1304,4.11987,,143,,254.6
1305,4.12291,,143.167,,254.533
1306,4.12596,,143.333,,254.467
1307,4.129,,143.5,,254.4
1308,4.13204,,143.667,,254.333
1309,4.13509,,143.833,,254.267
1310,4.13813,,144,,254.2
1311,4.14118,,144,,254.4
1312,4.14422,,144,,254.6
1313,4.14727,,144,,254.8
1314,4.15032,,144,,255
1315,4.15336,,144,,255.2
1316,4.15641,,144,,255.4
1317,4.15944,,144,,255.3
1318,4.16247,,144,,255.2
1319,4.1655,,144,,255.1
1320,4.16854,,144,,255
1321,4.17157,,144,,254.9
1322,4.1746,,144,,254.8
1323,4.178,,144.167,,254.533
1324,4.18141,,144.333,,254.267
1325,4.18482,,144.5,,254
1326,4.18822,,144.667,,253.733
1327,4.19163,,144.833,,253.467
1328,4.19503,,145,,253.2
1329,4.19823,,144.833,,253.3
1330,4.20143,,144.667,,253.4
1331,4.20463,,144.5,,253.5
1332,4.20784,,144.333,,253.6
1333,4.21104,,144.167,,253.7
1334,4.21424,,144,,253.8
1335,4.21729,,143.25,,253.8
1336,4.22034,,142.5,,253.8
1337,4.22338,,141.75,,253.8
1338,4.22643,,141,,253.8
1339,4.2296,,141,,253.7
1340,4.23277,,141,,253.6
1341,4.23594,,141,,253.5
1342,4.23911,,141,,253.4
1343,4.24228,,141,,253.3
1344,4.24545,,141,,253.2
1345,4.24875,,141,,253.067
1346,4.25205,,141,,252.933
1347,4.25535,,141,,252.8
1348,4.25866,,141,,252.667
1349,4.26196,,141,,252.533
1350,4.26526,,141,,252.4
1351,4.26843,,141,,252.567
1352,4.27159,,141,,252.733
1353,4.27476,,141,,252.9
1354,4.27793,,141,,253.067
1355,4.28109,,141,,253.233
1356,4.28426,,141,,253.4
1357,4.28758,,141,,253.467
1358,4.29089,,141,,253.533
1359,4.2942,,141,,253.6
1360,4.29752,,141,,253.667
1361,4.30084,,141,,253.733
1362,4.30415,,141,,253.8
1363,4.30762,,141.167,,253.6
1364,4.31108,,141.333,,253.4
1365,4.31454,,141.5,,253.2
1366,4.31801,,141.667,,253
1367,4.32147,,141.833,,252.8
1368,4.32494,,142,,252.6
1369,4.32821,,142.333,,252.667
1370,4.33147,,142.667,,252.733
1371,4.33474,,143,,252.8
1372,4.33801,,143.333,,252.867
1373,4.34127,,143.667,,252.933
1374,4.34454,,144,,253
1375,4.34792,,144,,252.667
1376,4.3513,,144,,252.333
1377,4.35468,,144,,252
1378,4.35805,,144,,251.667
1379,4.36143,,144,,251.333
1380,4.36481,,144,,251
1381,4.36829,,144,,250.6
1382,4.37176,,144,,250.2
1383,4.37524,,144,,249.8
1384,4.37872,,144,,249.4
1385,4.38219,,144,,249
1386,4.38567,,144,,248.6
1387,4.38893,,144.167,,248.667
1388,4.3922,,144.333,,248.733
1389,4.39546,,144.5,,248.8
1390,4.39872,,144.667,,248.867
1391,4.40199,,144.833,,248.933
1392,4.40525,,145,,249
1393,4.40854,,145,,249.067
1394,4.41184,,145,,249.133
1395,4.41513,,145,,249.2
1396,4.41842,,145,,249.267
1397,4.42172,,145,,249.333
1398,4.42501,,145,,249.4
1399,4.42833,,144.833,,249.433
1400,4.43165,,144.667,,249.467
1401,4.43497,,144.5,,249.5
1402,4.4383,,144.333,,249.533
1403,4.44162,,144.167,,249.567
1404,4.44494,,144,,249.6
1405,4.44827,,143.833,,249.433
1406,4.4516,,143.667,,249.267
1407,4.45493,,143.5,,249.1
1408,4.45826,,143.333,,248.933
1409,4.46159,,143.167,,248.767
1410,4.46492,,143,,248.6
1411,4.46845,,143,,248.433
1412,4.47199,,143,,248.267
1413,4.47552,,143,,248.1
1414,4.47905,,143,,247.933
1415,4.48259,,143,,247.767
1416,4.48612,,143,,247.6
1417,4.48939,,143.167,,247.567
1418,4.49266,,143.333,,247.533
1419,4.49593,,143.5,,247.5
1420,4.4992,,143.667,,247.467
1421,4.50247,,143.833,,247.433
1422,4.50574,,144,,247.4
1423,4.50911,,144,,247.333
1424,4.51248,,144,,247.267
1425,4.51585,,144,,247.2
1426,4.51922,,144,,247.133
1427,4.52259,,144,,247.067
1428,4.52596,,144,,247
1429,4.52909,,144,,247.167
1430,4.53223,,144,,247.333
1431,4.53536,,144,,247.5
1432,4.53849,,144,,247.667
1433,4.54163,,144,,247.833
1434,4.54476,,144,,248
1435,4.54801,,143.833,,247.933
1436,4.55125,,143.667,,247.867
1437,4.5545,,143.5,,247.8
1438,4.55775,,143.333,,247.733
1439,4.56099,,143.167,,247.667
1440,4.56424,,143,,247.6
1441,4.56749,,143,,247.567
1442,4.57075,,143,,247.533
1443,4.574,,143,,247.5
1444,4.57725,,143,,247.467
1445,4.58051,,143,,247.433
1446,4.58376,,143,,247.4
1447,4.58708,,143,,247.667
1448,4.5904,,143,,247.933
1449,4.59372,,143,,248.2
1450,4.59704,,143,,248.467
1451,4.60036,,143,,248.733
1452,4.60368,,143,,249
1453,4.6071,,143,,249.267
1454,4.61052,,143,,249.533
1455,4.61394,,143,,249.8
1456,4.61736,,143,,250.067
1457,4.62078,,143,,250.333
1458,4.6242,,143,,250.6
1459,4.62732,,143.167,,251.233
1460,4.63044,,143.333,,251.867
1461,4.63356,,143.5,,252.5
1462,4.63667,,143.667,,253.133
1463,4.63979,,143.833,,253.767
1464,4.64291,,144,,254.4
1465,4.64615,,144.167,,254.667
1466,4.64939,,144.333,,254.933
1467,4.65263,,144.5,,255.2
1468,4.65586,,144.667,,255.467
1469,4.6591,,144.833,,255.733
1470,4.66234,,145,,256
1471,4.66546,,145.167,,256.567
1472,4.66858,,145.333,,257.133
1473,4.6717,,145.5,,257.7
1474,4.67482,,145.667,,258.267
1475,4.67794,,145.833,,258.833
1476,4.68106,,146,,259.4
1477,4.68421,,146,,259.8
1478,4.68735,,146,,260.2
1479,4.6905,,146,,260.6
1480,4.69364,,146,,261
1481,4.69679,,146,,261.4
1482,4.69993,,146,,261.8
1483,4.70312,,146,,262.033
1484,4.70632,,146,,262.267
1485,4.70951,,146,,262.5
1486,4.71271,,146,,262.733
1487,4.71591,,146,,262.967
1488,4.7191,,146,,263.2
1489,4.72252,,146,,263
1490,4.72593,,146,,262.8
1491,4.72935,,146,,262.6
1492,4.73277,,146,,262.4
1493,4.73618,,146,,262.2
1494,4.7396,,146,,262
1495,4.743,,146,,261.6
1496,4.7464,,146,,261.2
1497,4.7498,,146,,260.8
1498,4.75319,,146,,260.4
1499,4.75659,,146,,260
1500,4.75999,,146,,259.6
1501,4.76325,,145.833,,259.7
1502,4.76652,,145.667,,259.8
1503,4.76978,,145.5,,259.9
1504,4.77304,,145.333,,260
1505,4.77631,,145.167,,260.1
1506,4.77957,,145,,260.2
1507,4.7831,,144.833,,259.933
1508,4.78662,,144.667,,259.667
1509,4.79015,,144.5,,259.4
1510,4.79368,,144.333,,259.133
1511,4.7972,,144.167,,258.867
1512,4.80073,,144,,258.6
1513,4.80426,,144.167,,258.133
1514,4.80779,,144.333,,257.667
1515,4.81132,,144.5,,257.2
1516,4.81485,,144.667,,256.733
1517,4.81838,,144.833,,256.267
1518,4.82191,,145,,255.8
1519,4.82534,,145,,255.3
1520,4.82877,,145,,254.8
1521,4.83216,,145,,254.4
1522,4.83555,,145,,254
1523,4.83894,,145,,253.6
1524,4.84233,,145,,253.2
1525,4.84572,,145,,252.8
1526,4.84911,,145,,252.4
1527,4.85246,,144.833,,252.267
1528,4.85582,,144.667,,252.133
1529,4.85917,,144.5,,252
1530,4.86252,,144.333,,251.867
1531,4.86588,,144.167,,251.733
1532,4.86923,,144,,251.6
1533,4.87243,,144.167,,251.467
1534,4.87562,,144.333,,251.333
1535,4.87882,,144.5,,251.2
1536,4.88202,,144.667,,251.067
1537,4.88521,,144.833,,250.933
1538,4.88841,,145,,250.8
1539,4.8913,,144.833,,250.667
1540,4.89418,,144.667,,250.533
1541,4.89707,,144.5,,250.4
1542,4.89996,,144.333,,250.267
1543,4.90284,,144.167,,250.133
1544,4.90573,,144,,250
1545,4.90876,,144,,249.867
1546,4.91178,,144,,249.733
1547,4.91481,,144,,249.6
1548,4.91784,,144,,249.467
1549,4.92086,,144,,249.333
1550,4.92389,,144,,249.2
1551,4.92675,,144,,249.8
1552,4.9296,,144,,250.4
1553,4.93246,,144,,251
1554,4.93531,,144,,251.6
1555,4.93816,,144,,252.2
1556,4.94102,,144,,252.8
1557,4.94377,,144.167,,253.5
1558,4.94652,,144.333,,254.2
1559,4.94927,,144.5,,254.9
1560,4.95202,,144.667,,255.6
1561,4.95477,,144.833,,256.3
1562,4.95752,,145,,257
1563,4.96103,,145,,257.167
1564,4.96454,,145,,257.333
1565,4.96805,,145,,257.5
1566,4.97155,,145,,257.667
1567,4.97506,,145,,257.833
1568,4.97857,,145,,258
1569,4.98189,,145,,258.067
1570,4.98521,,145,,258.133
1571,4.98853,,145,,258.2
1572,4.99184,,145,,258.267
1573,4.99516,,145,,258.333
1574,4.99848,,145,,258.4
1575,5.00116,,145,,258.9
1576,5.00385,,145,,259.4
1577,5.00653,,145,,259.9
1578,5.00921,,145,,260.4
1579,5.0119,,145,,260.9
1580,5.01458,,145,,261.4
1581,5.01783,,144.833,,261.4
1582,5.02107,,144.667,,261.4
1583,5.02432,,144.5,,261.4
1584,5.02756,,144.333,,261.4
1585,5.03081,,144.167,,261.4
1586,5.03405,,144,,261.4
1587,5.03726,,144,,261.133
1588,5.04046,,144,,260.867
1589,5.04367,,144,,260.6
1590,5.04688,,144,,260.333
1591,5.05008,,144,,260.067
1592,5.05329,,144,,259.8
1593,5.05635,,144,,259.767
1594,5.05941,,144,,259.733
1595,5.06247,,144,,259.7
1596,5.06553,,144,,259.667
1597,5.06859,,144,,259.633
1598,5.07165,,144,,259.6
1599,5.07488,,144,,259.767
1600,5.07811,,144,,259.933
1601,5.08134,,144,,260.1
1602,5.08457,,144,,260.267
1603,5.0878,,144,,260.433
1604,5.09103,,144,,260.6
1605,5.09403,,143.833,,260.933
1606,5.09703,,143.667,,261.267
1607,5.10004,,143.5,,261.6
1608,5.10304,,143.333,,261.933
1609,5.10604,,143.167,,262.267
1610,5.10904,,143,,262.6
1611,5.11249,,143,,262.233
1612,5.11593,,143,,261.867
1613,5.11938,,143,,261.5
1614,5.12283,,143,,261.133
1615,5.12627,,143,,260.767
1616,5.12972,,143,,260.4
1617,5.13311,,142.833,,259.767
1618,5.13649,,142.667,,259.133
1619,5.13988,,142.5,,258.5
1620,5.14327,,142.333,,257.867
1621,5.14665,,142.167,,257.233
1622,5.15004,,142,,256.6
1623,5.15356,,142.167,,256.633
1624,5.15707,,142.333,,256.667
1625,5.16059,,142.5,,256.7
1626,5.1641,,142.667,,256.733
1627,5.16761,,142.833,,256.767
1628,5.17113,,143,,256.8
1629,5.1743,,143,,256.933
1630,5.17747,,143,,257.067
1631,5.18064,,143,,257.2
1632,5.1838,,143,,257.333
1633,5.18697,,143,,257.467
1634,5.19014,,143,,257.6
1635,5.19318,,143,,257.733
1636,5.19621,,143,,257.867
1637,5.19925,,143,,258
1638,5.20228,,143,,258.133
1639,5.20532,,143,,258.267
1640,5.20835,,143,,258.4
1641,5.2116,,143.333,,258.133
1642,5.21485,,143.667,,257.867
1643,5.2181,,144,,257.6
1644,5.22135,,144.333,,257.333
1645,5.2246,,144.667,,257.067
1646,5.22785,,145,,256.8
1647,5.23085,,145,,256.733
1648,5.23385,,145,,256.667
1649,5.23685,,145,,256.6
1650,5.23985,,145,,256.533
1651,5.24285,,145,,256.467
1652,5.24585,,145,,256.4
1653,5.24916,,145,,256.2
1654,5.25247,,145,,256
1655,5.25577,,145,,255.8
1656,5.25908,,145,,255.6
1657,5.26239,,145,,255.4
1658,5.2657,,145,,255.2
1659,5.26867,,144.833,,255.367
1660,5.27165,,144.667,,255.533
1661,5.27462,,144.5,,255.7
1662,5.27759,,144.333,,255.867
1663,5.28057,,144.167,,256.033
1664,5.28354,,144,,256.2
1665,5.28667,,143.667,,255.767
1666,5.28979,,143.333,,255.333
1667,5.29292,,143,,254.9
1668,5.29605,,142.667,,254.467
1669,5.29917,,142.333,,254.033
1670,5.3023,,142,,253.6
1671,5.30539,,141.833,,253.3
1672,5.30849,,141.667,,253
1673,5.31159,,141.5,,252.7
1674,5.31468,,141.333,,252.4
1675,5.31778,,141.167,,252.1
1676,5.32087,,141,,251.8
1677,5.32394,,141,,251.867
1678,5.327,,141,,251.933
1679,5.33007,,141,,252
1680,5.33313,,141,,252.067
1681,5.3362,,141,,252.133
1682,5.33926,,141,,252.2
1683,5.34205,,141,,252.5
1684,5.34483,,141,,252.8
1685,5.34762,,141,,253.1
1686,5.3504,,141,,253.4
1687,5.35318,,141,,253.7
1688,5.35597,,141,,254
1689,5.35945,,141,,254.033
1690,5.36293,,141,,254.067
1691,5.36641,,141,,254.1
1692,5.3699,,141,,254.133
1693,5.37338,,141,,254.167
1694,5.37686,,141,,254.2
1695,5.38002,,141,,254.5
1696,5.38317,,141,,254.8
1697,5.38633,,141,,255.1
1698,5.38948,,141,,255.4
1699,5.39264,,141,,255.7
1700,5.39579,,141,,256
1701,5.399,,141.167,,256.233
1702,5.40221,,141.333,,256.467
1703,5.40543,,141.5,,256.7
1704,5.40864,,141.667,,256.933
1705,5.41185,,141.833,,257.167
1706,5.41506,,142,,257.4
1707,5.41847,,142.333,,257
1708,5.42188,,142.667,,256.6
1709,5.4253,,143,,256.2
1710,5.42871,,143.333,,255.8
1711,5.43212,,143.667,,255.4
1712,5.43553,,144,,255
1713,5.439,,144,,254.533
1714,5.44248,,144,,254.067
1715,5.44595,,144,,253.6
1716,5.44943,,144,,253.133
1717,5.45291,,144,,252.667
1718,5.45638,,144,,252.2
1719,5.45942,,144,,252.133
1720,5.46247,,144,,252.067
1721,5.46551,,144,,252
1722,5.46855,,144,,251.933
1723,5.4716,,144,,251.867
1724,5.47464,,144,,251.8
1725,5.47798,,144.167,,251.533
1726,5.48133,,144.333,,251.267
1727,5.48467,,144.5,,251
1728,5.48801,,144.667,,250.733
1729,5.49136,,144.833,,250.467
1730,5.4947,,145,,250.2
1731,5.49767,,145.167,,250.033
1732,5.50063,,145.333,,249.867
1733,5.5036,,145.5,,249.7
1734,5.50657,,145.667,,249.533
1735,5.50953,,145.833,,249.367
1736,5.5125,,146,,249.2
1737,5.5157,,146,,248.433
1738,5.5189,,146,,247.667
1739,5.5221,,146,,246.9
1740,5.52531,,146,,246.133
1741,5.52851,,146,,245.367
1742,5.53171,,146,,244.6
1743,5.53529,,146.167,,243.933
1744,5.53887,,146.333,,243.267
1745,5.54245,,146.5,,242.6
1746,5.54603,,146.667,,241.933
1747,5.54961,,146.833,,241.267
1748,5.55319,,147,,240.6
1749,5.55702,,147,,241.2
1750,5.56085,,147,,241.8
1751,5.56467,,147,,242.4
1752,5.5685,,147,,243
1753,5.57233,,147,,243.6
1754,5.57616,,147,,244.2
1755,5.57935,,146.833,,244.533
1756,5.58254,,146.667,,244.867
1757,5.58573,,146.5,,245.2
1758,5.58892,,146.333,,245.533
1759,5.59211,,146.167,,245.867
1760,5.5953,,146,,246.2
1761,5.59853,,146,,245.967
1762,5.60175,,146,,245.733
1763,5.60497,,146,,245.5
1764,5.6082,,146,,245.267
1765,5.61143,,146,,245.033
1766,5.61465,,146,,244.8
1767,5.61777,,146,,244.433
1768,5.62089,,146,,244.067
1769,5.62401,,146,,243.7
1770,5.62713,,146,,243.333
1771,5.63025,,146,,242.967
1772,5.63337,,146,,242.6
1773,5.63654,,146,,242.067
1774,5.63971,,146,,241.533
1775,5.64288,,146,,241
1776,5.64604,,146,,240.467
1777,5.64921,,146,,239.933
1778,5.65238,,146,,239.4
1779,5.65552,,146,,239.267
1780,5.65865,,146,,239.133
1781,5.66179,,146,,239
1782,5.66493,,146,,238.867
1783,5.66806,,146,,238.733
1784,5.6712,,146,,238.6
1785,5.67426,,146,,238.533
1786,5.67732,,146,,238.467
1787,5.68038,,146,,238.4
1788,5.68345,,146,,238.333
1789,5.68651,,146,,238.267
1790,5.68957,,146,,238.2
1791,5.69289,,145.833,,237.8
1792,5.69621,,145.667,,237.4
1793,5.69952,,145.5,,237
1794,5.70284,,145.333,,236.6
1795,5.70616,,145.167,,236.2
1796,5.70948,,145,,235.8
1797,5.71267,,145.167,,235.9
1798,5.71587,,145.333,,236
1799,5.71907,,145.5,,236.1
1800,5.72226,,145.667,,236.2
1801,5.72546,,145.833,,236.3
1802,5.72865,,146,,236.4
1803,5.73195,,146,,235.533
1804,5.73526,,146,,234.667
1805,5.73856,,146,,233.8
1806,5.74186,,146,,232.933
1807,5.74517,,146,,232.067
1808,5.74847,,146,,231.2
1809,5.75103,,145.667,,233.067
1810,5.7536,,145.333,,234.933
1811,5.75617,,145,,236.8
1812,5.75873,,144.667,,238.667
1813,5.7613,,144.333,,240.533
1814,5.76386,,144,,242.4
1815,5.76717,,144,,243.167
1816,5.77049,,144,,243.933
1817,5.7738,,144,,244.7
1818,5.77711,,144,,245.467
1819,5.78043,,144,,246.233
1820,5.78374,,144,,247
1821,5.78707,,144,,246.533
1822,5.79039,,144,,246.067
1823,5.79372,,144,,245.6
1824,5.79704,,144,,245.133
1825,5.80037,,144,,244.667
1826,5.80369,,144,,244.2
1827,5.80726,,144,,243.2
1828,5.81084,,144,,242.2
1829,5.81441,,144,,241.2
1830,5.81798,,144,,240.2
1831,5.82156,,144,,239.2
1832,5.82513,,144,,238.2
1833,5.82868,,143.833,,237.467
1834,5.83224,,143.667,,236.733
1835,5.83579,,143.5,,236
1836,5.83934,,143.333,,235.267
1837,5.8429,,143.167,,234.533
1838,5.84645,,143,,233.8
1839,5.84954,,143.167,,232.633
1840,5.85264,,143.333,,231.467
1841,5.85574,,143.5,,230.3
1842,5.85883,,143.667,,229.133
1843,5.86193,,143.833,,227.967
1844,5.86502,,144,,226.8
1845,5.86807,,144.333,,226.2
1846,5.87111,,144.667,,225.6
1847,5.87416,,145,,225
1848,5.8772,,145.333,,224.4
1849,5.88025,,145.667,,223.8
1850,5.88329,,146,,223.2
1851,5.88633,,145.833,,222.667
1852,5.88937,,145.667,,222.133
1853,5.89241,,145.5,,221.6
1854,5.89546,,145.333,,221.067
1855,5.8985,,145.167,,220.533
1856,5.90154,,145,,220
1857,5.90467,,145,,219.933
1858,5.90781,,145,,219.867
1859,5.91094,,145,,219.8
1860,5.91407,,145,,219.733
1861,5.91721,,145,,219.667
1862,5.92034,,145,,219.6
1863,5.92318,,145,,219.2
1864,5.92601,,145,,218.8
1865,5.92885,,145,,218.4
1866,5.93169,,145,,218
1867,5.93452,,145,,217.6
1868,5.93736,,145,,217.2
1869,5.94054,,145,,216.667
1870,5.94373,,145,,216.133
1871,5.94691,,145,,215.6
1872,5.95009,,145,,215.067
1873,5.95328,,145,,214.533
1874,5.95646,,145,,214
1875,5.95983,,145.167,,216.633
1876,5.9632,,145.333,,219.267
1877,5.96657,,145.5,,221.9
1878,5.96993,,145.667,,224.533
1879,5.9733,,145.833,,227.167
1880,5.97667,,146,,229.8
1881,5.97985,,146.167,,230.3
1882,5.98303,,146.333,,230.8
1883,5.98622,,146.5,,231.3
1884,5.9894,,146.667,,231.8
1885,5.99258,,146.833,,232.3
1886,5.99576,,147,,232.8
1887,5.99876,,147,,232.367
1888,6.00177,,147,,231.933
1889,6.00477,,147,,231.5
1890,6.00777,,147,,231.067
1891,6.01078,,147,,230.633
1892,6.01378,,147,,230.2
1893,6.01697,,146.833,,228.933
1894,6.02015,,146.667,,227.667
1895,6.02334,,146.5,,226.4
1896,6.02652,,146.333,,225.133
1897,6.0297,,146.167,,223.867
1898,6.03289,,146,,222.6
1899,6.03608,,146,,223.1
1900,6.03927,,146,,223.6
1901,6.04246,,146,,224.1
1902,6.04566,,146,,224.6
1903,6.04885,,146,,225.1
1904,6.05204,,146,,225.6
1905,6.05515,,146,,225.633
1906,6.05826,,146,,225.667
1907,6.06137,,146,,225.7
1908,6.06447,,146,,225.733
1909,6.06758,,146,,225.767
1910,6.07069,,146,,225.8
1911,6.07385,,145.833,,225.867
1912,6.07701,,145.667,,225.933
1913,6.08018,,145.5,,226
1914,6.08334,,145.333,,226.067
1915,6.0865,,145.167,,226.133
1916,6.08966,,145,,226.2
1917,6.09312,,145,,224.033
1918,6.09659,,145,,221.867
1919,6.10005,,145,,219.7
1920,6.10351,,145,,217.533
1921,6.10698,,145,,215.367
1922,6.11044,,145,,213.2
1923,6.11372,,145,,211.367
1924,6.11701,,145,,209.533
1925,6.12029,,145,,207.7
1926,6.12357,,145,,205.867
1927,6.12686,,145,,204.033
1928,6.13014,,145,,202.2
1929,6.13331,,144.833,,200.733
1930,6.13647,,144.667,,199.267
1931,6.13964,,144.5,,197.8
1932,6.14281,,144.333,,196.333
1933,6.14597,,144.167,,194.867
1934,6.14914,,144,,193.4
1935,6.1522,,144,,194.3
1936,6.15527,,144,,195.2
1937,6.15833,,144,,196.1
1938,6.16139,,144,,197
1939,6.16446,,144,,197.9
1940,6.16752,,144,,198.8
1941,6.1704,,144,,202.1
1942,6.17329,,144,,205.4
1943,6.17617,,144,,208.7
1944,6.17905,,144,,212
1945,6.18194,,144,,215.3
1946,6.18482,,144,,218.6
1947,6.18783,,144.167,,219.9
1948,6.19084,,144.333,,221.2
1949,6.19386,,144.5,,222.5
1950,6.19687,,144.667,,223.8
1951,6.19988,,144.833,,225.1
1952,6.20289,,145,,226.4
1953,6.20617,,145,,227.167
1954,6.20946,,145,,227.933
1955,6.21274,,145,,228.7
1956,6.21603,,145,,229.467
1957,6.21931,,145,,230.233
1958,6.2226,,145,,231
1959,6.22565,,145,,232.733
1960,6.22869,,145,,234.467
1961,6.23174,,145,,236.2
1962,6.23479,,145,,237.933
1963,6.23783,,145,,239.667
1964,6.24088,,145,,241.4
1965,6.24416,,145,,241.7
1966,6.24744,,145,,242
1967,6.25071,,145,,242.3
1968,6.25399,,145,,242.6
1969,6.25727,,145,,242.9
1970,6.26055,,145,,243.2
1971,6.26364,,145.167,,243.1
1972,6.26672,,145.333,,243
1973,6.26981,,145.5,,242.9
1974,6.2729,,145.667,,242.8
1975,6.27598,,145.833,,242.7
1976,6.27907,,146,,242.6
1977,6.28221,,146,,242.033
1978,6.28535,,146,,241.467
1979,6.28848,,146,,240.9
1980,6.29162,,146,,240.333
1981,6.29476,,146,,239.767
1982,6.2979,,146,,239.2
1983,6.30119,,146.167,,238.033
1984,6.30447,,146.333,,236.867
1985,6.30776,,146.5,,235.7
1986,6.31105,,146.667,,234.533
1987,6.31433,,146.833,,233.367
1988,6.31762,,147,,232.2
1989,6.32065,,146.833,,231.6
1990,6.32368,,146.667,,231
1991,6.32672,,146.5,,230.4
1992,6.32975,,146.333,,229.8
1993,6.33278,,146.167,,229.2
1994,6.33581,,146,,228.6
1995,6.33896,,145.833,,229.433
1996,6.3421,,145.667,,230.267
1997,6.34525,,145.5,,231.1
1998,6.3484,,145.333,,231.933
1999,6.35154,,145.167,,232.767
2000,6.35469,,145,,233.6
2001,6.35792,,145.167,,233.467
2002,6.36115,,145.333,,233.333
2003,6.36439,,145.5,,233.2
2004,6.36762,,145.667,,233.067
2005,6.37085,,145.833,,232.933
2006,6.37408,,146,,232.8
2007,6.37712,,145.833,,232.4
2008,6.38017,,145.667,,232
2009,6.38321,,145.5,,231.6
2010,6.38625,,145.333,,231.2
2011,6.3893,,145.167,,230.8
2012,6.39234,,145,,230.4
2013,6.39525,,145,,229.933
2014,6.39817,,145,,229.467
2015,6.40109,,145,,229
2016,6.404,,145,,228.533
2017,6.40692,,145,,228.067
2018,6.40983,,145,,227.6
2019,6.41282,,145,,227.833
2020,6.41581,,145,,228.067
2021,6.4188,,145,,228.3
2022,6.42178,,145,,228.533
2023,6.42477,,145,,228.767
2024,6.42776,,145,,229
2025,6.43109,,145,,230.267
2026,6.43441,,145,,231.533
2027,6.43774,,145,,232.8
2028,6.44048,,145,,234
2029,6.44323,,145,,235.2
2030,6.44597,,145,,236.4
2031,6.44871,,145,,237.6
2032,6.45146,,145,,238.8
2033,6.4542,,145,,240
2034,6.45606,,145,,241.8
2035,6.45869,,145,,242.467
2036,6.46132,,145,,243.133
2037,6.46395,,145,,243.8
2038,6.46657,,145,,244.467
2039,6.4692,,145,,245.133
2040,6.47183,,145,,245.8
2041,6.47387,,145,,246.233
2042,6.47592,,145,,246.667
2043,6.47796,,145,,247.1
2044,6.48,,145,,247.533
2045,6.48205,,145,,247.967
2046,6.48409,,145,,248.4
2047,6.48672,,145.167,,248.733
2048,6.48936,,145.333,,249.067
2049,6.492,,145.5,,249.4
2050,6.49463,,145.667,,249.733
2051,6.49727,,145.833,,250.067
2052,6.4999,,146,,250.4
2053,6.50288,,146,,251.2
2054,6.50585,,146,,252
2055,6.50882,,146,,252.8
2056,6.5118,,146,,253.6
2057,6.51478,,146,,254.4
2058,6.51775,,146,,255.2
2059,6.52115,,146,,255.467
2060,6.52454,,146,,255.733
2061,6.52794,,146,,256
2062,6.53133,,146,,256.267
2063,6.53472,,146,,256.533
2064,6.53812,,146,,256.8
2065,6.5413,,146,,257.067
2066,6.54447,,146,,257.333
2067,6.54765,,146,,257.6
2068,6.55083,,146,,257.867
2069,6.554,,146,,258.133
2070,6.55718,,146,,258.4
2071,6.56079,,145.833,,258.867
2072,6.5644,,145.667,,259.333
2073,6.568,,145.5,,259.8
2074,6.57161,,145.333,,260.267
2075,6.57522,,145.167,,260.733
2076,6.57883,,145,,261.2
2077,6.58209,,145.167,,261.467
2078,6.58534,,145.333,,261.733
2079,6.5886,,145.5,,262
2080,6.59186,,145.667,,262.267
2081,6.59511,,145.833,,262.533
2082,6.59837,,146,,262.8
2083,6.60151,,146.167,,262.667
2084,6.60466,,146.333,,262.533
2085,6.6078,,146.5,,262.4
2086,6.61094,,146.667,,262.267
2087,6.61409,,146.833,,262.133
2088,6.61723,,147,,262
2089,6.62026,,147.333,,261.933
2090,6.62329,,147.667,,261.867
2091,6.62632,,148,,261.8
2092,6.62936,,148.333,,261.733
2093,6.63239,,148.667,,261.667
2094,6.63542,,149,,261.6
2095,6.63847,,149,,261.333
2096,6.64153,,149,,261.067
2097,6.64459,,149,,260.8
2098,6.64764,,149,,260.533
2099,6.6507,,149,,260.267
2100,6.65375,,149,,260
2101,6.65678,,149,,259.6
2102,6.6598,,149,,259.2
2103,6.66282,,149,,258.8
2104,6.66585,,149,,258.4
2105,6.66887,,149,,258
2106,6.6719,,149,,257.6
2107,6.67471,,149,,257.767
2108,6.67751,,149,,257.933
2109,6.68032,,149,,258.1
2110,6.68312,,149,,258.267
2111,6.68593,,149,,258.433
2112,6.68873,,149,,258.6
2113,6.69203,,149,,258.733
2114,6.69533,,149,,258.867
2115,6.69862,,149,,259
2116,6.70192,,149,,259.133
2117,6.70522,,149,,259.267
2118,6.70852,,149,,259.4
2119,6.71135,,148.667,,259.467
2120,6.71418,,148.333,,259.533
2121,6.71701,,148,,259.6
2122,6.71985,,147.667,,259.667
2123,6.72268,,147.333,,259.733
2124,6.72551,,147,,259.8
2125,6.72889,,146.833,,259.267
2126,6.73226,,146.667,,258.733
2127,6.73564,,146.5,,258.2
2128,6.73902,,146.333,,257.667
2129,6.74239,,146.167,,257.133
2130,6.74577,,146,,256.6
2131,6.74893,,145.667,,256.5
2132,6.75209,,145.333,,256.4
2133,6.75525,,145,,256.3
2134,6.7584,,144.667,,256.2
2135,6.76156,,144.333,,256.1
2136,6.76472,,144,,256
2137,6.76786,,144,,256.3
2138,6.771,,144,,256.6
2139,6.77415,,144,,256.9
2140,6.77729,,144,,257.2
2141,6.78043,,144,,257.5
2142,6.78357,,144,,257.8
2143,6.78659,,144,,257.9
2144,6.78961,,144,,258
2145,6.79264,,144,,258.1
2146,6.79566,,144,,258.2
2147,6.79868,,144,,258.3
2148,6.8017,,144,,258.4
2149,6.80486,,144,,258.6
2150,6.80802,,144,,258.8
2151,6.81118,,144,,259
2152,6.81433,,144,,259.2
2153,6.81749,,144,,259.4
2154,6.82065,,144,,259.6
2155,6.82381,,143.833,,259.533
2156,6.82696,,143.667,,259.467
2157,6.83012,,143.5,,259.4
2158,6.83327,,143.333,,259.333
2159,6.83643,,143.167,,259.267
2160,6.83958,,143,,259.2
2161,6.84248,,143,,259.067
2162,6.84539,,143,,258.933
2163,6.84829,,143,,258.8
2164,6.85119,,143,,258.667
2165,6.8541,,143,,258.533
2166,6.857,,143,,258.4
2167,6.8603,,143,,258.1
2168,6.8636,,143,,257.8
2169,6.8669,,143,,257.5
2170,6.8702,,143,,257.2
2171,6.8735,,143,,256.9
2172,6.8768,,143,,256.6
2173,6.87945,,143.167,,256.533
2174,6.8821,,143.333,,256.467
2175,6.88476,,143.5,,256.4
2176,6.88741,,143.667,,256.333
2177,6.89006,,143.833,,256.267
2178,6.89271,,144,,256.2
2179,6.89569,,143.833,,256.167
2180,6.89868,,143.667,,256.133
2181,6.90166,,143.5,,256.1
2182,6.90464,,143.333,,256.067
2183,6.90763,,143.167,,256.033
2184,6.91061,,143,,256
2185,6.9138,,143,,255.867
2186,6.917,,143,,255.733
2187,6.92019,,143,,255.6
2188,6.92338,,143,,255.467
2189,6.92658,,143,,255.333
2190,6.92977,,143,,255.2
2191,6.93282,,143,,255.333
2192,6.93587,,143,,255.467
2193,6.93891,,143,,255.6
2194,6.94196,,143,,255.733
2195,6.94501,,143,,255.867
2196,6.94806,,143,,256
2197,6.95112,,143,,256.2
2198,6.95418,,143,,256.4
2199,6.95725,,143,,256.6
2200,6.96031,,143,,256.8
2201,6.96337,,143,,257
2202,6.96643,,143,,257.2
2203,6.96925,,143,,257.433
2204,6.97207,,143,,257.667
2205,6.97489,,143,,257.9
2206,6.9777,,143,,258.133
2207,6.98052,,143,,258.367
2208,6.98334,,143,,258.6
2209,6.98607,,143,,259.133
2210,6.9888,,143,,259.667
2211,6.99154,,143,,260.2
2212,6.99427,,143,,260.733
2213,6.997,,143,,261.267
2214,6.99973,,143,,261.8
2215,7.00295,,143,,262.067
2216,7.00617,,143,,262.333
2217,7.00938,,143,,262.6
2218,7.0126,,143,,262.867
2219,7.01582,,143,,263.133
2220,7.01904,,143,,263.4
2221,7.02227,,142.833,,263.733
2222,7.02551,,142.667,,264.067
2223,7.02874,,142.5,,264.4
2224,7.03197,,142.333,,264.733
2225,7.03521,,142.167,,265.067
2226,7.03844,,142,,265.4
2227,7.0416,,142,,265.5
2228,7.04476,,142,,265.6
2229,7.04792,,142,,265.7
2230,7.05108,,142,,265.8
2231,7.05424,,142,,265.9
2232,7.0574,,142,,266
2233,7.06044,,142.167,,266.333
2234,7.06348,,142.333,,266.667
2235,7.06652,,142.5,,267
2236,7.06956,,142.667,,267.333
2237,7.0726,,142.833,,267.667
2238,7.07564,,143,,268
2239,7.07904,,142.833,,268.3
2240,7.08245,,142.667,,268.6
2241,7.08586,,142.5,,268.9
2242,7.08926,,142.333,,269.2
2243,7.09267,,142.167,,269.5
2244,7.09607,,142,,269.8
2245,7.09921,,142,,270.033
2246,7.10234,,142,,270.267
2247,7.10548,,142,,270.5
2248,7.10861,,142,,270.733
2249,7.11174,,142,,270.967
2250,7.11488,,142,,271.2
2251,7.11744,,142.167,,271.033
2252,7.11999,,142.333,,270.867
2253,7.12255,,142.5,,270.7
2254,7.12511,,142.667,,270.533
2255,7.12766,,142.833,,270.367
2256,7.13022,,143,,270.2
2257,7.13315,,143.167,,270.033
2258,7.13608,,143.333,,269.867
2259,7.13901,,143.5,,269.7
2260,7.14194,,143.667,,269.533
2261,7.14487,,143.833,,269.367
2262,7.1478,,144,,269.2
2263,7.15103,,144.167,,269.3
2264,7.15426,,144.333,,269.4
2265,7.15749,,144.5,,269.5
2266,7.16072,,144.667,,269.6
2267,7.16395,,144.833,,269.7
2268,7.16718,,145,,269.8
2269,7.17032,,145,,269.9
2270,7.17345,,145,,270
2271,7.17659,,145,,270.1
2272,7.17973,,145,,270.2
2273,7.18286,,145,,270.3
2274,7.186,,145,,270.4
2275,7.18911,,145,,270.3
2276,7.19222,,145,,270.2
2277,7.19533,,145,,270.1
2278,7.19844,,145,,270
2279,7.20155,,145,,269.9
2280,7.20466,,145,,269.8
2281,7.20769,,145,,269.733
2282,7.21072,,145,,269.667
2283,7.21375,,145,,269.6
2284,7.21677,,145,,269.533
2285,7.2198,,145,,269.467
2286,7.22283,,145,,269.4
2287,7.22551,,144.833,,268.933
2288,7.22819,,144.667,,268.467
2289,7.23088,,144.5,,268
2290,7.23356,,144.333,,267.533
2291,7.23624,,144.167,,267.067
2292,7.23892,,144,,266.6
2293,7.24229,,144,,265.8
2294,7.24565,,144,,265
2295,7.24902,,144,,264.2
2296,7.25239,,144,,263.4
2297,7.25575,,144,,262.6
2298,7.25912,,144,,261.8
2299,7.26243,,144.167,,261.267
2300,7.26574,,144.333,,260.733
2301,7.26905,,144.5,,260.2
2302,7.27237,,144.667,,259.667
2303,7.27568,,144.833,,259.133
2304,7.27899,,145,,258.6
2305,7.28191,,144.833,,258.567
2306,7.28482,,144.667,,258.533
2307,7.28774,,144.5,,258.5
2308,7.29066,,144.333,,258.467
2309,7.29357,,144.167,,258.433
2310,7.29649,,144,,258.4
2311,7.2995,,143.667,,258.167
2312,7.30252,,143.333,,257.933
2313,7.30553,,143,,257.7
2314,7.30854,,142.667,,257.467
2315,7.31156,,142.333,,257.233
2316,7.31457,,142,,257
2317,7.31765,,142,,256.533
2318,7.32073,,142,,256.067
2319,7.32381,,142,,255.6
2320,7.3269,,142,,255.133
2321,7.32998,,142,,254.667
2322,7.33306,,142,,254.2
2323,7.33614,,142,,254
2324,7.33921,,142,,253.8
2325,7.34229,,142,,253.6
2326,7.34537,,142,,253.4
2327,7.34844,,142,,253.2
2328,7.35152,,142,,253
2329,7.35431,,141.833,,252.9
2330,7.3571,,141.667,,252.8
2331,7.35989,,141.5,,252.7
2332,7.36267,,141.333,,252.6
2333,7.36546,,141.167,,252.5
2334,7.36825,,141,,252.4
2335,7.37034,,141.333,,252.1
2336,7.37243,,141.667,,251.8
2337,7.37452,,142,,251.5
2338,7.3766,,142.333,,251.2
2339,7.37869,,142.667,,250.9
2340,7.38078,,143,,250.6
2341,7.38326,,143,,250.533
2342,7.38573,,143,,250.467
2343,7.38821,,143,,250.4
2344,7.39068,,143,,250.333
2345,7.39316,,143,,250.267
2346,7.39563,,143,,250.2
2347,7.39917,,143.167,,250.167
2348,7.4027,,143.333,,250.133
2349,7.40624,,143.5,,250.1
2350,7.40977,,143.667,,250.067
2351,7.41331,,143.833,,250.033
2352,7.41684,,144,,250
2353,7.42041,,144,,250.067
2354,7.42398,,144,,250.133
2355,7.42755,,144,,250.2
2356,7.43113,,144,,250.267
2357,7.4347,,144,,250.333
2358,7.43827,,144,,250.4
2359,7.4412,,144,,250.133
2360,7.44412,,144,,249.867
2361,7.44705,,144,,249.6
2362,7.44998,,144,,249.333
2363,7.4529,,144,,249.067
2364,7.45583,,144,,248.8
2365,7.4591,,144,,248.5
2366,7.46236,,144,,248.2
2367,7.46563,,144,,247.9
2368,7.4689,,144,,247.6
2369,7.47216,,144,,247.3
2370,7.47543,,144,,247
2371,7.47832,,143.833,,247.067
2372,7.4812,,143.667,,247.133
2373,7.48409,,143.5,,247.2
2374,7.48697,,143.333,,247.267
2375,7.48986,,143.167,,247.333
2376,7.49274,,143,,247.4
2377,7.49596,,143,,247.833
2378,7.49918,,143,,248.267
2379,7.5024,,143,,248.7
2380,7.50562,,143,,249.133
2381,7.50884,,143,,249.567
2382,7.51206,,143,,250
2383,7.51572,,143,,250.5
2384,7.51939,,143,,251
2385,7.52306,,143,,251.5
2386,7.52672,,143,,252
2387,7.53039,,143,,252.5
2388,7.53405,,143,,253
2389,7.53747,,143.333,,253.033
2390,7.54089,,143.667,,253.067
2391,7.54431,,144,,253.1
2392,7.54773,,144.333,,253.133
2393,7.55115,,144.667,,253.167
2394,7.55457,,145,,253.2
2395,7.55785,,145,,253.333
2396,7.56114,,145,,253.467
2397,7.56442,,145,,253.6
2398,7.56771,,145,,253.733
2399,7.57099,,145,,253.867
2400,7.57428,,145,,254
2401,7.57693,,145,,254.2
2402,7.57959,,145,,254.4
2403,7.58225,,145,,254.6
2404,7.5849,,145,,254.8
2405,7.58756,,145,,255
2406,7.59021,,145,,255.2
2407,7.59324,,144.833,,255.367
2408,7.59627,,144.667,,255.533
2409,7.59929,,144.5,,255.7
2410,7.60232,,144.333,,255.867
2411,7.60535,,144.167,,256.033
2412,7.60838,,144,,256.2
2413,7.61127,,144.167,,256.567
2414,7.61416,,144.333,,256.933
2415,7.61705,,144.5,,257.3
2416,7.61994,,144.667,,257.667
2417,7.62283,,144.833,,258.033
2418,7.62572,,145,,258.4
2419,7.62877,,144.833,,258.5
2420,7.63181,,144.667,,258.6
2421,7.63485,,144.5,,258.7
2422,7.6379,,144.333,,258.8
2423,7.64095,,144.167,,258.9
2424,7.64399,,144,,259
2425,7.6471,,144.333,,258.9
2426,7.6502,,144.667,,258.8
2427,7.65331,,145,,258.7
2428,7.65642,,145.333,,258.6
2429,7.65952,,145.667,,258.5
2430,7.66263,,146,,258.4
2431,7.66562,,146,,258.367
2432,7.66861,,146,,258.333
2433,7.6716,,146,,258.3
2434,7.6746,,146,,258.267
2435,7.67759,,146,,258.233
2436,7.68058,,146,,258.2
2437,7.68386,,145.833,,258.133
2438,7.68715,,145.667,,258.067
2439,7.69043,,145.5,,258
2440,7.69371,,145.333,,257.933
2441,7.697,,145.167,,257.867
2442,7.70028,,145,,257.8
2443,7.70377,,145.167,,257.6
2444,7.70725,,145.333,,257.4
2445,7.71074,,145.5,,257.2
2446,7.71423,,145.667,,257
2447,7.71771,,145.833,,256.8
2448,7.7212,,146,,256.6
2449,7.72461,,146,,256.533
2450,7.72802,,146,,256.467
2451,7.73142,,146,,256.4
2452,7.73483,,146,,256.333
2453,7.73824,,146,,256.267
2454,7.74165,,146,,256.2
2455,7.74489,,146,,256.067
2456,7.74813,,146,,255.933
2457,7.75136,,146,,255.8
2458,7.7546,,146,,255.667
2459,7.75784,,146,,255.533
2460,7.76108,,146,,255.4
2461,7.76418,,146,,255.5
2462,7.76728,,146,,255.6
2463,7.77038,,146,,255.7
2464,7.77348,,146,,255.8
2465,7.77658,,146,,255.9
2466,7.77968,,146,,256
2467,7.78297,,145.833,,256.3
2468,7.78625,,145.667,,256.6
2469,7.78954,,145.5,,256.9
2470,7.79283,,145.333,,257.2
2471,7.79611,,145.167,,257.5
2472,7.7994,,145,,257.8
2473,7.80216,,145,,257.8
2474,7.80492,,145,,257.8
2475,7.80768,,145,,257.8
2476,7.81044,,145,,257.8
2477,7.8132,,145,,257.8
2478,7.81596,,145,,257.8
2479,7.81909,,144.833,,257.567
2480,7.82222,,144.667,,257.333
2481,7.82536,,144.5,,257.1
2482,7.82849,,144.333,,256.867
2483,7.83162,,144.167,,256.633
2484,7.83475,,144,,256.4
2485,7.83768,,144,,256.133
2486,7.84062,,144,,255.867
2487,7.84355,,144,,255.6
2488,7.84648,,144,,255.333
2489,7.84942,,144,,255.067
2490,7.85235,,144,,254.8
2491,7.85534,,144.167,,255.033
2492,7.85832,,144.333,,255.267
2493,7.86131,,144.5,,255.5
2494,7.8643,,144.667,,255.733
2495,7.86728,,144.833,,255.967
2496,7.87027,,145,,256.2
2497,7.87349,,145.167,,256.467
2498,7.87671,,145.333,,256.733
2499,7.87993,,145.5,,257
2500,7.88315,,145.667,,257.267
2501,7.88637,,145.833,,257.533
2502,7.88959,,146,,257.8
2503,7.89271,,146,,257.633
2504,7.89583,,146,,257.467
2505,7.89895,,146,,257.3
2506,7.90206,,146,,257.133
2507,7.90518,,146,,256.967
2508,7.9083,,146,,256.8
2509,7.91139,,146.167,,257.033
2510,7.91448,,146.333,,257.267
2511,7.91758,,146.5,,257.5
2512,7.92067,,146.667,,257.733
2513,7.92376,,146.833,,257.967
2514,7.92685,,147,,258.2
2515,7.92998,,147.167,,258.333
2516,7.93312,,147.333,,258.467
2517,7.93625,,147.5,,258.6
2518,7.93938,,147.667,,258.733
2519,7.94252,,147.833,,258.867
2520,7.94565,,148,,259
2521,7.94906,,148,,258.933
2522,7.95246,,148,,258.867
2523,7.95587,,148,,258.8
2524,7.95927,,148,,258.733
2525,7.96267,,148,,258.667
2526,7.96608,,148,,258.6
2527,7.96919,,147.833,,258.467
2528,7.9723,,147.667,,258.333
2529,7.97541,,147.5,,258.2
2530,7.97852,,147.333,,258.067
2531,7.98163,,147.167,,257.933
2532,7.98474,,147,,257.8
2533,7.98759,,146.667,,257.967
2534,7.99043,,146.333,,258.133
2535,7.99328,,146,,258.3
2536,7.99613,,145.667,,258.467
2537,7.99897,,145.333,,258.633
2538,8.00182,,145,,258.8
2539,8.00486,,144.833,,258.9
2540,8.00789,,144.667,,259
2541,8.01093,,144.5,,259.1
2542,8.01396,,144.333,,259.2
2543,8.01699,,144.167,,259.3
2544,8.02003,,144,,259.4
2545,8.02379,,144,,259.433
2546,8.02755,,144,,259.467
2547,8.03131,,144,,259.5
2548,8.03507,,144,,259.533
2549,8.03883,,144,,259.567
2550,8.04259,,144,,259.6
2551,8.04629,,144,,259
2552,8.05002,,143.833,,258.767
2553,8.05375,,143.667,,258.533
2554,8.05748,,143.5,,258.3
2555,8.06121,,143.333,,258.067
2556,8.06494,,143.167,,257.833
2557,8.06867,,143,,257.6
2558,8.07207,,142.833,,257.167
2559,8.07547,,142.667,,256.733
2560,8.07888,,142.5,,256.3
2561,8.08228,,142.333,,255.867
2562,8.08568,,142.167,,255.433
2563,8.08908,,142,,255
2564,8.09226,,142,,254.767
2565,8.09545,,142,,254.533
2566,8.09863,,142,,254.3
2567,8.10181,,142,,254.067
2568,8.105,,142,,253.833
2569,8.10818,,142,,253.6
2570,8.11148,,142.333,,253.767
2571,8.11478,,142.667,,253.933
2572,8.11808,,143,,254.1
2573,8.12137,,143.333,,254.267
2574,8.12467,,143.667,,254.433
2575,8.12797,,144,,254.6
2576,8.13084,,144.167,,254.5
2577,8.1337,,144.333,,254.4
2578,8.13657,,144.5,,254.3
2579,8.13944,,144.667,,254.2
2580,8.1423,,144.833,,254.1
2581,8.14517,,145,,254
2582,8.14842,,145,,254.033
2583,8.15167,,145,,254.067
2584,8.15492,,145,,254.1
2585,8.15817,,145,,254.133
2586,8.16142,,145,,254.167
2587,8.16467,,145,,254.2
2588,8.16802,,145,,254.067
2589,8.17137,,145,,253.933
2590,8.17473,,145,,253.8
2591,8.17808,,145,,253.667
2592,8.18143,,145,,253.533
2593,8.18478,,145,,253.4
2594,8.18775,,144.833,,253.367
2595,8.19073,,144.667,,253.333
2596,8.19371,,144.5,,253.3
2597,8.19668,,144.333,,253.267
2598,8.19965,,144.167,,253.233
2599,8.20263,,144,,253.2
2600,8.20548,,143.833,,253.233
2601,8.20832,,143.667,,253.267
2602,8.21117,,143.5,,253.3
2603,8.21402,,143.333,,253.333
2604,8.21686,,143.167,,253.367
2605,8.21971,,143,,253.4
2606,8.22274,,143.167,,253.267
2607,8.22577,,143.333,,253.133
2608,8.22881,,143.5,,253
2609,8.23184,,143.667,,252.867
2610,8.23487,,143.833,,252.733
2611,8.2379,,144,,252.6
2612,8.241,,143.833,,252.567
2613,8.2441,,143.667,,252.533
2614,8.2472,,143.5,,252.5
2615,8.2503,,143.333,,252.467
2616,8.2534,,143.167,,252.433
2617,8.2565,,143,,252.4
2618,8.25966,,143.167,,252.2
2619,8.26282,,143.333,,252
2620,8.26598,,143.5,,251.8
2621,8.26914,,143.667,,251.6
2622,8.2723,,143.833,,251.4
2623,8.27546,,144,,251.2
2624,8.27839,,144.167,,251
2625,8.28133,,144.333,,250.8
2626,8.28427,,144.5,,250.6
2627,8.2872,,144.667,,250.4
2628,8.29013,,144.833,,250.2
2629,8.29307,,145,,250
2630,8.29618,,145.167,,250.233
2631,8.2993,,145.333,,250.467
2632,8.30241,,145.5,,250.7
2633,8.30553,,145.667,,250.933
2634,8.30865,,145.833,,251.167
2635,8.31176,,146,,251.4
2636,8.31517,,146.333,,251.933
2637,8.31858,,146.667,,252.467
2638,8.322,,147,,253
2639,8.32541,,147.333,,253.533
2640,8.32882,,147.667,,254.067
2641,8.33223,,148,,254.6
2642,8.33538,,148.167,,255.133
2643,8.33854,,148.333,,255.667
2644,8.34169,,148.5,,256.2
2645,8.34484,,148.667,,256.733
2646,8.348,,148.833,,257.267
2647,8.35115,,149,,257.8
2648,8.35413,,149,,258.167
2649,8.35711,,149,,258.533
2650,8.36009,,149,,258.9
2651,8.36306,,149,,259.267
2652,8.36604,,149,,259.633
2653,8.36902,,149,,260
2654,8.37193,,149,,260.133
2655,8.37485,,149,,260.267
2656,8.37776,,149,,260.4
2657,8.38067,,149,,260.533
2658,8.38359,,149,,260.667
2659,8.3865,,149,,260.8
2660,8.38961,,148.833,,260.8
2661,8.39273,,148.667,,260.8
2662,8.39585,,148.5,,260.8
2663,8.39896,,148.333,,260.8
2664,8.40207,,148.167,,260.8
2665,8.40519,,148,,260.8
2666,8.40813,,147.833,,260.7
2667,8.41107,,147.667,,260.6
2668,8.41402,,147.5,,260.5
2669,8.41696,,147.333,,260.4
2670,8.4199,,147.167,,260.3
2671,8.42284,,147,,260.2
2672,8.42594,,146.833,,260.2
2673,8.42904,,146.667,,260.2
2674,8.43214,,146.5,,260.2
2675,8.43524,,146.333,,260.2
2676,8.43834,,146.167,,260.2
2677,8.44144,,146,,260.2
2678,8.44441,,145.833,,260.433
2679,8.44738,,145.667,,260.667
2680,8.45036,,145.5,,260.9
2681,8.45333,,145.333,,261.133
2682,8.4563,,145.167,,261.367
2683,8.45927,,145,,261.6
2684,8.46221,,144.833,,261.7
2685,8.46516,,144.667,,261.8
2686,8.4681,,144.5,,261.9
2687,8.47104,,144.333,,262
2688,8.47399,,144.167,,262.1
2689,8.47693,,144,,262.2
2690,8.48008,,143.833,,262.133
2691,8.48322,,143.667,,262.067
2692,8.48637,,143.5,,262
2693,8.48952,,143.333,,261.933
2694,8.49266,,143.167,,261.867
2695,8.49581,,143,,261.8
2696,8.49878,,142.833,,261.6
2697,8.50176,,142.667,,261.4
2698,8.50473,,142.5,,261.2
2699,8.5077,,142.333,,261
2700,8.51068,,142.167,,260.8
2701,8.51365,,142,,260.6
2702,8.51659,,142.167,,260.2
2703,8.51953,,142.333,,259.8
2704,8.52248,,142.5,,259.4
2705,8.52542,,142.667,,259
2706,8.52836,,142.833,,258.6
2707,8.5313,,143,,258.2
2708,8.53437,,142.833,,258.1
2709,8.53744,,142.667,,258
2710,8.54051,,142.5,,257.9
2711,8.54358,,142.333,,257.8
2712,8.54665,,142.167,,257.7
2713,8.54972,,142,,257.6
2714,8.55251,,142.167,,257.267
2715,8.55529,,142.333,,256.933
2716,8.55808,,142.5,,256.6
2717,8.56087,,142.667,,256.267
2718,8.56365,,142.833,,255.933
2719,8.56644,,143,,255.6
2720,8.56937,,143.167,,255.633
2721,8.57229,,143.333,,255.667
2722,8.57522,,143.5,,255.7
2723,8.57815,,143.667,,255.733
2724,8.58107,,143.833,,255.767
2725,8.584,,144,,255.8
2726,8.58696,,144.167,,255.633
2727,8.58991,,144.333,,255.467
2728,8.59287,,144.5,,255.3
2729,8.59583,,144.667,,255.133
2730,8.59878,,144.833,,254.967
2731,8.60174,,145,,254.8
2732,8.60477,,145,,254.7
2733,8.60779,,145,,254.6
2734,8.61081,,145,,254.5
2735,8.61384,,145,,254.4
2736,8.61687,,145,,254.3
2737,8.61989,,145,,254.2
2738,8.62283,,145,,254.167
2739,8.62577,,145,,254.133
2740,8.62871,,145,,254.1
2741,8.63165,,145,,254.067
2742,8.63459,,145,,254.033
2743,8.63753,,145,,254
2744,8.64053,,144.833,,253.833
2745,8.64353,,144.667,,253.667
2746,8.64653,,144.5,,253.5
2747,8.64953,,144.333,,253.333
2748,8.65253,,144.167,,253.167
2749,8.65553,,144,,253
2750,8.65854,,144,,252.967
2751,8.66155,,144,,252.933
2752,8.66456,,144,,252.9
2753,8.66758,,144,,252.867
2754,8.67059,,144,,252.833
2755,8.6736,,144,,252.8
2756,8.67684,,143.833,,252.567
2757,8.68008,,143.667,,252.333
2758,8.68332,,143.5,,252.1
2759,8.68657,,143.333,,251.867
2760,8.68981,,143.167,,251.633
2761,8.69305,,143,,251.4
2762,8.69606,,142.833,,251.4
2763,8.69908,,142.667,,251.4
2764,8.70209,,142.5,,251.4
2765,8.7051,,142.333,,251.4
2766,8.70812,,142.167,,251.4
2767,8.71113,,142,,251.4
2768,8.71418,,142.167,,251.367
2769,8.71723,,142.333,,251.333
2770,8.72029,,142.5,,251.3
2771,8.72334,,142.667,,251.267
2772,8.72639,,142.833,,251.233
2773,8.72944,,143,,251.2
2774,8.73245,,142.833,,251.3
2775,8.73546,,142.667,,251.4
2776,8.73847,,142.5,,251.5
2777,8.74148,,142.333,,251.6
2778,8.74449,,142.167,,251.7
2779,8.7475,,142,,251.8
2780,8.75034,,142.167,,251.967
2781,8.75319,,142.333,,252.133
2782,8.75603,,142.5,,252.3
2783,8.75887,,142.667,,252.467
2784,8.76172,,142.833,,252.633
2785,8.76456,,143,,252.8
2786,8.7674,,142.833,,252.767
2787,8.77025,,142.667,,252.733
2788,8.77309,,142.5,,252.7
2789,8.77593,,142.333,,252.667
2790,8.77878,,142.167,,252.633
2791,8.78162,,142,,252.6
2792,8.78454,,142,,252.5
2793,8.78747,,142,,252.4
2794,8.79039,,142,,252.3
2795,8.79331,,142,,252.2
2796,8.79624,,142,,252.1
2797,8.79916,,142,,252
2798,8.80233,,142,,251.9
2799,8.8055,,142,,251.8
2800,8.80867,,142,,251.7
2801,8.81183,,142,,251.6
2802,8.815,,142,,251.5
2803,8.81817,,142,,251.4
2804,8.82133,,142,,251.333
2805,8.8245,,142,,251.267
2806,8.82766,,142,,251.2
2807,8.83082,,142,,251.133
2808,8.83399,,142,,251.067
2809,8.83715,,142,,251
2810,8.84028,,142.167,,250.933
2811,8.8434,,142.333,,250.867
2812,8.84653,,142.5,,250.8
2813,8.84966,,142.667,,250.733
2814,8.85278,,142.833,,250.667
2815,8.85591,,143,,250.6
2816,8.85902,,143,,250.6
2817,8.86214,,143,,250.6
2818,8.86526,,143,,250.6
2819,8.86837,,143,,250.6
2820,8.87148,,143,,250.6
2821,8.8746,,143,,250.6
2822,8.87774,,143,,250.667
2823,8.88087,,143,,250.733
2824,8.88401,,143,,250.8
2825,8.88715,,143,,250.867
2826,8.89028,,143,,250.933
2827,8.89342,,143,,251
2828,8.89647,,143,,251.067
2829,8.89951,,143,,251.133
2830,8.90256,,143,,251.2
2831,8.90561,,143,,251.267
2832,8.90865,,143,,251.333
2833,8.9117,,143,,251.4
2834,8.91498,,143,,251.467
2835,8.91827,,143,,251.533
2836,8.92155,,143,,251.6
2837,8.92483,,143,,251.667
2838,8.92812,,143,,251.733
2839,8.9314,,143,,251.8
2840,8.93453,,143.167,,251.867
2841,8.93766,,143.333,,251.933
2842,8.94078,,143.5,,252
2843,8.94391,,143.667,,252.067
2844,8.94704,,143.833,,252.133
2845,8.95017,,144,,252.2
2846,8.95328,,144.167,,252.067
2847,8.9564,,144.333,,251.933
2848,8.95951,,144.5,,251.8
2849,8.96263,,144.667,,251.667
2850,8.96575,,144.833,,251.533
2851,8.96886,,145,,251.4
2852,8.97199,,145,,251.433
2853,8.97512,,145,,251.467
2854,8.97825,,145,,251.5
2855,8.98138,,145,,251.533
2856,8.98451,,145,,251.567
2857,8.98764,,145,,251.6
2858,8.99072,,145.167,,251.667
2859,8.99379,,145.333,,251.733
2860,8.99687,,145.5,,251.8
2861,8.99995,,145.667,,251.867
2862,9.00302,,145.833,,251.933
2863,9.0061,,146,,252
2864,9.00914,,146,,252
2865,9.01218,,146,,252
2866,9.01522,,146,,252
2867,9.01826,,146,,252
2868,9.0213,,146,,252
2869,9.02434,,146,,252
2870,9.0275,,145.833,,252
2871,9.03065,,145.667,,252
2872,9.03381,,145.5,,252
2873,9.03697,,145.333,,252
2874,9.04012,,145.167,,252
2875,9.04328,,145,,252
2876,9.04628,,145,,251.967
2877,9.04928,,145,,251.933
2878,9.05228,,145,,251.9
2879,9.05528,,145,,251.867
2880,9.05828,,145,,251.833
2881,9.06128,,145,,251.8
2882,9.06423,,145,,251.733
2883,9.06718,,145,,251.667
2884,9.07013,,145,,251.6
2885,9.07307,,145,,251.533
2886,9.07602,,145,,251.467
2887,9.07897,,145,,251.4
2888,9.08199,,144.833,,251.4
2889,9.08501,,144.667,,251.4
2890,9.08804,,144.5,,251.4
2891,9.09106,,144.333,,251.4
2892,9.09408,,144.167,,251.4
2893,9.0971,,144,,251.4
2894,9.10011,,143.833,,251.367
2895,9.10312,,143.667,,251.333
2896,9.10613,,143.5,,251.3
2897,9.10913,,143.333,,251.267
2898,9.11214,,143.167,,251.233
2899,9.11515,,143,,251.2
2900,9.11814,,143,,251.167
2901,9.12113,,143,,251.133
2902,9.12412,,143,,251.1
2903,9.12712,,143,,251.067
2904,9.13011,,143,,251.033
2905,9.1331,,143,,251
2906,9.13611,,143,,251.033
2907,9.13912,,143,,251.067
2908,9.14213,,143,,251.1
2909,9.14513,,143,,251.133
2910,9.14814,,143,,251.167
2911,9.15115,,143,,251.2
2912,9.15412,,142.833,,251.1
2913,9.15709,,142.667,,251
2914,9.16006,,142.5,,250.9
2915,9.16303,,142.333,,250.8
2916,9.166,,142.167,,250.7
2917,9.16897,,142,,250.6
2918,9.17193,,142,,250.667
2919,9.17489,,142,,250.733
2920,9.17786,,142,,250.8
2921,9.18082,,142,,250.867
2922,9.18378,,142,,250.933
2923,9.18674,,142,,251
2924,9.18973,,142,,251
2925,9.19272,,142,,251
2926,9.19571,,142,,251
2927,9.19869,,142,,251
2928,9.20168,,142,,251
2929,9.20467,,142,,251
2930,9.20762,,142.167,,251.1
2931,9.21057,,142.333,,251.2
2932,9.21352,,142.5,,251.3
2933,9.21647,,142.667,,251.4
2934,9.21942,,142.833,,251.5
2935,9.22237,,143,,251.6
2936,9.2254,,143,,251.833
2937,9.22843,,143,,252.067
2938,9.23146,,143,,252.3
2939,9.23448,,143,,252.533
2940,9.23751,,143,,252.767
2941,9.24054,,143,,253
2942,9.24352,,142.833,,253.133
2943,9.24649,,142.667,,253.267
2944,9.24947,,142.5,,253.4
2945,9.25245,,142.333,,253.533
2946,9.25542,,142.167,,253.667
2947,9.2584,,142,,253.8
2948,9.2614,,141.833,,253.7
2949,9.26439,,141.667,,253.6
2950,9.26739,,141.5,,253.5
2951,9.27039,,141.333,,253.4
2952,9.27338,,141.167,,253.3
2953,9.27638,,141,,253.2
2954,9.2792,,141.167,,253.133
2955,9.28202,,141.333,,253.067
2956,9.28484,,141.5,,253
2957,9.28766,,141.667,,252.933
2958,9.29048,,141.833,,252.867
2959,9.2933,,142,,252.8
2960,9.29606,,142,,252.7
2961,9.29882,,142,,252.6
2962,9.30158,,142,,252.5
2963,9.30434,,142,,252.4
2964,9.3071,,142,,252.3
2965,9.30986,,142,,252.2
2966,9.3128,,142,,251.967
2967,9.31573,,142,,251.733
2968,9.31866,,142,,251.5
2969,9.3216,,142,,251.267
2970,9.32454,,142,,251.033
2971,9.32747,,142,,250.8
2972,9.33021,,142,,250.767
2973,9.33296,,142,,250.733
2974,9.3357,,142,,250.7
2975,9.33844,,142,,250.667
2976,9.34119,,142,,250.633
2977,9.34393,,142,,250.6
2978,9.34702,,141.833,,250.4
2979,9.35011,,141.667,,250.2
2980,9.3532,,141.5,,250
2981,9.3563,,141.333,,249.8
2982,9.35939,,141.167,,249.6
2983,9.36248,,141,,249.4
2984,9.36562,,141,,249.533
2985,9.36876,,141,,249.667
2986,9.3719,,141,,249.8
2987,9.37505,,141,,249.933
2988,9.37819,,141,,250.067
2989,9.38133,,141,,250.2
2990,9.38414,,141,,250.233
2991,9.38696,,141,,250.267
2992,9.38977,,141,,250.3
2993,9.39258,,141,,250.333
2994,9.3954,,141,,250.367
2995,9.39821,,141,,250.4
2996,9.40118,,141,,250.233
2997,9.40415,,141,,250.067
2998,9.40712,,141,,249.9
2999,9.41009,,141,,249.733
3000,9.41306,,141,,249.567
3001,9.41603,,141,,249.4
3002,9.41907,,141.333,,249.333
3003,9.42211,,141.667,,249.267
3004,9.42516,,142,,249.2
3005,9.4282,,142.333,,249.133
3006,9.43124,,142.667,,249.067
3007,9.43428,,143,,249
3008,9.43709,,143,,249.033
3009,9.43989,,143,,249.067
3010,9.4427,,143,,249.1
3011,9.44551,,143,,249.133
3012,9.44831,,143,,249.167
3013,9.45112,,143,,249.2
3014,9.4544,,143,,249.167
3015,9.45767,,143,,249.133
3016,9.46095,,143,,249.1
3017,9.46423,,143,,249.067
3018,9.4675,,143,,249.033
3019,9.47078,,143,,249
3020,9.47423,,142.833,,249.2
3021,9.47768,,142.667,,249.4
3022,9.48112,,142.5,,249.6
3023,9.48457,,142.333,,249.8
3024,9.48802,,142.167,,250
3025,9.49147,,142,,250.2
3026,9.49476,,141.833,,250.467
3027,9.49804,,141.667,,250.733
3028,9.50133,,141.5,,251
3029,9.50462,,141.333,,251.267
3030,9.5079,,141.167,,251.533
3031,9.51119,,141,,251.8
3032,9.51425,,141,,251.833
3033,9.51731,,141,,251.867
3034,9.52038,,141,,251.9
3035,9.52344,,141,,251.933
3036,9.5265,,141,,251.967
3037,9.52956,,141,,252
3038,9.53276,,141.167,,251.9
3039,9.53597,,141.333,,251.8
3040,9.53917,,141.5,,251.7
3041,9.54237,,141.667,,251.6
3042,9.54558,,141.833,,251.5
3043,9.54878,,142,,251.4
3044,9.55199,,142,,251.267
3045,9.55519,,142,,251.133
3046,9.5584,,142,,251
3047,9.5616,,142,,250.867
3048,9.56481,,142,,250.733
3049,9.56801,,142,,250.6
3050,9.57108,,142.167,,250.433
3051,9.57414,,142.333,,250.267
3052,9.5772,,142.5,,250.1
3053,9.58027,,142.667,,249.933
3054,9.58333,,142.833,,249.767
3055,9.5864,,143,,249.6
3056,9.58944,,143,,249.567
3057,9.59248,,143,,249.533
3058,9.59551,,143,,249.5
3059,9.59855,,143,,249.467
3060,9.60159,,143,,249.433
3061,9.60463,,143,,249.4
3062,9.60771,,143.167,,249.333
3063,9.61079,,143.333,,249.267
3064,9.61388,,143.5,,249.2
3065,9.61696,,143.667,,249.133
3066,9.62004,,143.833,,249.067
3067,9.62312,,144,,249
3068,9.62608,,143.833,,249.133
3069,9.62903,,143.667,,249.267
3070,9.63199,,143.5,,249.4
3071,9.63495,,143.333,,249.533
3072,9.6379,,143.167,,249.667
3073,9.64086,,143,,249.8
3074,9.64405,,143,,249.92
3075,9.64723,,143,,250.04
3076,9.65042,,143,,250.16
3077,9.6536,,143,,250.28
3078,9.65679,,143,,250.4
3079,9.65994,,143.167,,250.4
3080,9.66308,,143.333,,250.4
3081,9.66623,,143.5,,250.4
3082,9.66937,,143.667,,250.4
3083,9.67252,,143.833,,250.4
3084,9.67566,,144,,250.4
3085,9.67865,,143.833,,250.3
3086,9.68164,,143.667,,250.2
3087,9.68463,,143.5,,250.1
3088,9.68762,,143.333,,250
3089,9.69061,,143.167,,249.9
3090,9.6936,,143,,249.8
3091,9.69631,,143,,249.733
3092,9.69901,,143,,249.667
3093,9.70172,,143,,249.6
3094,9.70442,,143,,249.533
3095,9.70712,,143,,249.467
3096,9.70983,,143,,249.4
3097,9.71275,,143.167,,249.433
3098,9.71567,,143.333,,249.467
3099,9.71859,,143.5,,249.5
3100,9.7215,,143.667,,249.533
3101,9.72442,,143.833,,249.567
3102,9.72734,,144,,249.6
3103,9.73029,,144,,249.833
3104,9.73325,,144,,250.067
3105,9.7362,,144,,250.3
3106,9.73915,,144,,250.533
3107,9.74211,,144,,250.767
3108,9.74506,,144,,251
3109,9.74823,,144,,251.067
3110,9.75141,,144,,251.133
3111,9.75458,,144,,251.2
3112,9.75775,,144,,251.267
3113,9.76093,,144,,251.333
3114,9.7641,,144,,251.4
3115,9.76715,,144,,251.667
3116,9.77019,,144,,251.933
3117,9.77323,,144,,252.2
3118,9.77628,,144,,252.467
3119,9.77933,,144,,252.733
3120,9.78237,,144,,253
3121,9.78515,,144,,252.967
3122,9.78792,,144,,252.933
3123,9.7907,,144,,252.9
3124,9.79348,,144,,252.867
3125,9.79625,,144,,252.833
3126,9.79903,,144,,252.8
3127,9.80192,,144,,252.767
3128,9.8048,,144,,252.733
3129,9.80768,,144,,252.7
3130,9.81057,,144,,252.667
3131,9.81346,,144,,252.633
3132,9.81634,,144,,252.6
3133,9.81908,,143.833,,252.433
3134,9.82182,,143.667,,252.267
3135,9.82456,,143.5,,252.1
3136,9.82729,,143.333,,251.933
3137,9.83003,,143.167,,251.767
3138,9.83277,,143,,251.6
3139,9.83555,,143,,251.433
3140,9.83833,,143,,251.267
3141,9.8411,,143,,251.1
3142,9.84388,,143,,250.933
3143,9.84666,,143,,250.767
3144,9.84944,,143,,250.6
3145,9.85248,,142.833,,250.7
3146,9.85553,,142.667,,250.8
3147,9.85857,,142.5,,250.9
3148,9.86161,,142.333,,251
3149,9.86466,,142.167,,251.1
3150,9.8677,,142,,251.2
3151,9.8708,,142,,251.133
3152,9.87389,,142,,251.067
3153,9.87699,,142,,251
3154,9.88008,,142,,250.933
3155,9.88317,,142,,250.867
3156,9.88627,,142,,250.8
3157,9.88935,,142,,250.9
3158,9.89242,,142,,251
3159,9.8955,,142,,251.1
3160,9.89858,,142,,251.2
3161,9.90165,,142,,251.3
3162,9.90473,,142,,251.4
3163,9.90806,,142.167,,251.367
3164,9.91139,,142.333,,251.333
3165,9.91473,,142.5,,251.3
3166,9.91806,,142.667,,251.267
3167,9.92139,,142.833,,251.233
3168,9.92472,,143,,251.2
3169,9.92771,,143.167,,251.167
3170,9.9307,,143.333,,251.133
3171,9.9337,,143.5,,251.1
3172,9.93669,,143.667,,251.067
3173,9.93968,,143.833,,251.033
3174,9.94267,,144,,251
3175,9.94581,,143.833,,251.1
3176,9.94895,,143.667,,251.2
3177,9.95209,,143.5,,251.3
3178,9.95524,,143.333,,251.4
3179,9.95838,,143.167,,251.5
3180,9.96152,,143,,251.6
3181,9.96452,,143,,251.667
3182,9.96752,,143,,251.733
3183,9.97052,,143,,251.8
3184,9.97352,,143,,251.867
3185,9.97652,,143,,251.933
3186,9.97952,,143,,252
3187,9.9824,,143.167,,252.033
3188,9.98528,,143.333,,252.067
3189,9.98816,,143.5,,252.1
3190,9.99103,,143.667,,252.133
3191,9.99391,,143.833,,252.167
3192,9.99679,,144,,252.2
3193,9.99988,,144,,252.233
3194,10.003,,144,,252.267
3195,10.0061,,144,,252.3
3196,10.0092,,144,,252.333
3197,10.0123,,144,,252.367
3198,10.0153,,144,,252.4
3199,10.0183,,144,,252.233
3200,10.0213,,144,,252.067
3201,10.0243,,144,,251.9
3202,10.0273,,144,,251.733
3203,10.0302,,144,,251.567
3204,10.0332,,144,,251.4
3205,10.0363,,143.833,,251.5
3206,10.0394,,143.667,,251.6
3207,10.0425,,143.5,,251.7
3208,10.0456,,143.333,,251.8
3209,10.0487,,143.167,,251.9
3210,10.0518,,143,,252
3211,10.0549,,143,,252.1
3212,10.0581,,143,,252.2
3213,10.0613,,143,,252.3
3214,10.0644,,143,,252.4
3215,10.0676,,143,,252.5
3216,10.0707,,143,,252.6
3217,10.0738,,143,,252.567
3218,10.0769,,143,,252.533
3219,10.0799,,143,,252.5
3220,10.083,,143,,252.467
3221,10.086,,143,,252.433
3222,10.0891,,143,,252.4
3223,10.0921,,142.833,,252.333
3224,10.0951,,142.667,,252.267
3225,10.0981,,142.5,,252.2
3226,10.1011,,142.333,,252.133
3227,10.1041,,142.167,,252.067
3228,10.1071,,142,,252
3229,10.11,,141.833,,252.167
3230,10.1129,,141.667,,252.333
3231,10.1158,,141.5,,252.5
3232,10.1188,,141.333,,252.667
3233,10.1217,,141.167,,252.833
3234,10.1246,,141,,253
3235,10.1276,,141.167,,253.2
3236,10.1305,,141.333,,253.4
3237,10.1335,,141.5,,253.6
3238,10.1364,,141.667,,253.8
3239,10.1394,,141.833,,254
3240,10.1424,,142,,254.2
3241,10.1454,,142.167,,254.067
3242,10.1485,,142.333,,253.933
3243,10.1515,,142.5,,253.8
3244,10.1546,,142.667,,253.667
3245,10.1577,,142.833,,253.533
3246,10.1607,,143,,253.4
3247,10.1638,,143,,253.333
3248,10.1669,,143,,253.267
3249,10.17,,143,,253.2
3250,10.1731,,143,,253.133
3251,10.1762,,143,,253.067
3252,10.1793,,143,,253
3253,10.1823,,143.167,,253.167
3254,10.1853,,143.333,,253.333
3255,10.1883,,143.5,,253.5
3256,10.1913,,143.667,,253.667
3257,10.1943,,143.833,,253.833
3258,10.1973,,144,,254
3259,10.2005,,144,,253.8
3260,10.2037,,144,,253.6
3261,10.2068,,144,,253.4
3262,10.21,,144,,253.2
3263,10.2131,,144,,253
3264,10.2163,,144,,252.8
3265,10.2193,,144,,252.8
3266,10.2222,,144,,252.8
3267,10.2252,,144,,252.8
3268,10.2281,,144,,252.8
3269,10.2311,,144,,252.8
3270,10.234,,144,,252.8
3271,10.2373,,144,,253
3272,10.2405,,144,,253.2
3273,10.2437,,144,,253.4
3274,10.2469,,144,,253.6
3275,10.2501,,144,,253.8
3276,10.2534,,144,,254
3277,10.2564,,144,,254.133
3278,10.2595,,144,,254.267
3279,10.2625,,144,,254.4
3280,10.2656,,144,,254.533
3281,10.2686,,144,,254.667
3282,10.2717,,144,,254.8
3283,10.2748,,144,,254.733
3284,10.2779,,144,,254.667
3285,10.281,,144,,254.6
3286,10.284,,144,,254.533
3287,10.2871,,144,,254.467
3288,10.2902,,144,,254.4
3289,10.2932,,144,,254.367
3290,10.2961,,144,,254.333
3291,10.2991,,144,,254.3
3292,10.3021,,144,,254.267
3293,10.305,,144,,254.233
3294,10.308,,144,,254.2
3295,10.3109,,144.167,,254.133
3296,10.3138,,144.333,,254.067
3297,10.3167,,144.5,,254
3298,10.3197,,144.667,,253.933
3299,10.3226,,144.833,,253.867
3300,10.3255,,145,,253.8
3301,10.3282,,145.167,,253.733
3302,10.331,,145.333,,253.667
3303,10.3337,,145.5,,253.6
3304,10.3364,,145.667,,253.533
3305,10.3392,,145.833,,253.467
3306,10.3419,,146,,253.4
3307,10.3446,,145.833,,253.333
3308,10.3474,,145.667,,253.267
3309,10.3501,,145.5,,253.2
3310,10.3528,,145.333,,253.133
3311,10.3556,,145.167,,253.067
3312,10.3583,,145,,253
3313,10.3612,,145,,253.067
3314,10.3642,,145,,253.133
3315,10.3671,,145,,253.2
3316,10.3701,,145,,253.267
3317,10.373,,145,,253.333
3318,10.3759,,145,,253.4
3319,10.379,,144.667,,253.533
3320,10.382,,144.333,,253.667
3321,10.385,,144,,253.8
3322,10.3881,,143.667,,253.933
3323,10.3911,,143.333,,254.067
3324,10.3941,,143,,254.2
3325,10.3972,,142.833,,254.2
3326,10.4003,,142.667,,254.2
3327,10.4034,,142.5,,254.2
3328,10.4064,,142.333,,254.2
3329,10.4095,,142.167,,254.2
3330,10.4126,,142,,254.2
3331,10.4157,,142,,254.3
3332,10.4187,,142,,254.4
3333,10.4218,,142,,254.5
3334,10.4248,,142,,254.6
3335,10.4279,,142,,254.7
3336,10.431,,142,,254.8
3337,10.4342,,142,,254.6
3338,10.4374,,142,,254.4
3339,10.4407,,142,,254.2
3340,10.4439,,142,,254
3341,10.4471,,142,,253.8
3342,10.4504,,142,,253.6
3343,10.4535,,142,,253.567
3344,10.4566,,142,,253.533
3345,10.4598,,142,,253.5
3346,10.4629,,142,,253.467
3347,10.466,,142,,253.433
3348,10.4691,,142,,253.4
3349,10.4722,,142,,253.3
3350,10.4753,,142,,253.2
3351,10.4784,,142,,253.1
3352,10.4815,,142,,253
3353,10.4846,,142,,252.9
3354,10.4877,,142,,252.8
3355,10.4907,,141.833,,252.733
3356,10.4937,,141.667,,252.667
3357,10.4967,,141.5,,252.6
3358,10.4998,,141.333,,252.533
3359,10.5028,,141.167,,252.467
3360,10.5058,,141,,252.4
3361,10.5089,,141.167,,252.633
3362,10.512,,141.333,,252.867
3363,10.5152,,141.5,,253.1
3364,10.5183,,141.667,,253.333
3365,10.5214,,141.833,,253.567
3366,10.5246,,142,,253.8
3367,10.5278,,141.833,,253.933
3368,10.5311,,141.667,,254.067
3369,10.5343,,141.5,,254.2
3370,10.5376,,141.333,,254.333
3371,10.5408,,141.167,,254.467
3372,10.5441,,141,,254.6
3373,10.5471,,141,,254.6
3374,10.5502,,141,,254.6
3375,10.5532,,141,,254.6
3376,10.5563,,141,,254.6
3377,10.5593,,141,,254.6
3378,10.5624,,141,,254.6
3379,10.5653,,141,,254.733
3380,10.5682,,141,,254.867
3381,10.5711,,141,,255
3382,10.574,,141,,255.133
3383,10.5769,,141,,255.267
3384,10.5798,,141,,255.4
3385,10.583,,141.167,,255.233
3386,10.5861,,141.333,,255.067
3387,10.5893,,141.5,,254.9
3388,10.5925,,141.667,,254.733
3389,10.5957,,141.833,,254.567
3390,10.5988,,142,,254.4
3391,10.6018,,142,,254.533
3392,10.6048,,142,,254.667
3393,10.6078,,142,,254.8
3394,10.6108,,142,,254.933
3395,10.6138,,142,,255.067
3396,10.6168,,142,,255.2
3397,10.6197,,142.167,,255.3
3398,10.6226,,142.333,,255.4
3399,10.6255,,142.5,,255.5
3400,10.6284,,142.667,,255.6
3401,10.6314,,142.833,,255.7
3402,10.6343,,143,,255.8
3403,10.6372,,143.167,,255.967
3404,10.6402,,143.333,,256.133
3405,10.6431,,143.5,,256.3
3406,10.646,,143.667,,256.467
3407,10.649,,143.833,,256.633
3408,10.6519,,144,,256.8
3409,10.655,,144.167,,256.767
3410,10.658,,144.333,,256.733
3411,10.661,,144.5,,256.7
3412,10.664,,144.667,,256.667
3413,10.667,,144.833,,256.633
3414,10.6701,,145,,256.6
3415,10.6731,,145,,256.633
3416,10.6762,,145,,256.667
3417,10.6792,,145,,256.7
3418,10.6823,,145,,256.733
3419,10.6854,,145,,256.767
3420,10.6884,,145,,256.8
3421,10.6915,,144.833,,256.433
3422,10.6945,,144.667,,256.067
3423,10.6976,,144.5,,255.7
3424,10.7007,,144.333,,255.333
3425,10.7037,,144.167,,254.967
3426,10.7068,,144,,254.6
3427,10.7098,,144.167,,254.667
3428,10.7129,,144.333,,254.733
3429,10.7159,,144.5,,254.8
3430,10.719,,144.667,,254.867
3431,10.722,,144.833,,254.933
3432,10.725,,145,,255
3433,10.7281,,145,,255.167
3434,10.7311,,145,,255.333
3435,10.7342,,145,,255.5
3436,10.7372,,145,,255.667
3437,10.7402,,145,,255.833
3438,10.7433,,145,,256
3439,10.7463,,145,,255.9
3440,10.7494,,145,,255.8
3441,10.7524,,145,,255.7
3442,10.7554,,145,,255.6
3443,10.7585,,145,,255.5
3444,10.7615,,145,,255.4
3445,10.7647,,144.667,,255.167
3446,10.7678,,144.333,,254.933
3447,10.7709,,144,,254.7
3448,10.7741,,143.667,,254.467
3449,10.7772,,143.333,,254.233
3450,10.7804,,143,,254
3451,10.7836,,142.833,,253.5
3452,10.7867,,142.667,,253
3453,10.7899,,142.5,,252.5
3454,10.7931,,142.333,,252
3455,10.7963,,142.167,,251.5
3456,10.7995,,142,,251
3457,10.8026,,141.833,,250.867
3458,10.8056,,141.667,,250.733
3459,10.8087,,141.5,,250.6
3460,10.8117,,141.333,,250.467
3461,10.8148,,141.167,,250.333
3462,10.8178,,141,,250.2
3463,10.8207,,141,,250.167
3464,10.8236,,141,,250.133
3465,10.8264,,141,,250.1
3466,10.8293,,141,,250.067
3467,10.8322,,141,,250.033
3468,10.835,,141,,250
3469,10.8379,,141.167,,250.267
3470,10.8408,,141.333,,250.533
3471,10.8436,,141.5,,250.8
3472,10.8465,,141.667,,251.067
3473,10.8493,,141.833,,251.333
3474,10.8522,,142,,251.6
3475,10.8551,,142,,251.8
3476,10.8581,,142,,252
3477,10.861,,142,,252.2
3478,10.8639,,142,,252.4
3479,10.8668,,142,,252.6
3480,10.8697,,142,,252.8
3481,10.8728,,141.833,,252.8
3482,10.8759,,141.667,,252.8
3483,10.879,,141.5,,252.8
3484,10.8821,,141.333,,252.8
3485,10.8852,,141.167,,252.8
3486,10.8883,,141,,252.8
3487,10.8913,,140.833,,253.133
3488,10.8943,,140.667,,253.467
3489,10.8972,,140.5,,253.8
3490,10.9002,,140.333,,254.133
3491,10.9032,,140.167,,254.467
3492,10.9061,,140,,254.8
3493,10.909,,140,,255.033
3494,10.9119,,140,,255.267
3495,10.9147,,140,,255.5
3496,10.9176,,140,,255.733
3497,10.9205,,140,,255.967
3498,10.9233,,140,,256.2
3499,10.9263,,140,,256.067
3500,10.9292,,140,,255.933
3501,10.9322,,140,,255.8
3502,10.9351,,140,,255.667
3503,10.9381,,140,,255.533
3504,10.941,,140,,255.4
3505,10.9435,,140,,255.567
3506,10.946,,140,,255.733
3507,10.9486,,140,,255.9
3508,10.9511,,140,,256.067
3509,10.9536,,140,,256.233
3510,10.9561,,140,,256.4
3511,10.9593,,140.333,,256.467
3512,10.9626,,140.667,,256.533
3513,10.9658,,141,,256.6
3514,10.969,,141.333,,256.667
3515,10.9722,,141.667,,256.733
3516,10.9754,,142,,256.8
3517,10.9787,,142,,256.6
3518,10.9819,,142,,256.4
3519,10.9852,,142,,256.2
3520,10.9885,,142,,256
3521,10.9917,,142,,255.8
3522,10.995,,142,,255.6
3523,10.9981,,142.167,,255.5
3524,11.0012,,142.333,,255.4
3525,11.0043,,142.5,,255.3
3526,11.0074,,142.667,,255.2
3527,11.0104,,142.833,,255.1
3528,11.0135,,143,,255
3529,11.0165,,142.833,,254.733
3530,11.0195,,142.667,,254.467
3531,11.0224,,142.5,,254.2
3532,11.0254,,142.333,,253.933
3533,11.0284,,142.167,,253.667
3534,11.0314,,142,,253.4
3535,11.0346,,141.833,,253.267
3536,11.0378,,141.667,,253.133
3537,11.0411,,141.5,,253
3538,11.0443,,141.333,,252.867
3539,11.0475,,141.167,,252.733
3540,11.0508,,141,,252.6
3541,11.0538,,141.167,,252.633
3542,11.0569,,141.333,,252.667
3543,11.0599,,141.5,,252.7
3544,11.063,,141.667,,252.733
3545,11.0661,,141.833,,252.767
3546,11.0691,,142,,252.8
3547,11.0723,,141.833,,252.8
3548,11.0754,,141.667,,252.8
3549,11.0786,,141.5,,252.8
3550,11.0817,,141.333,,252.8
3551,11.0849,,141.167,,252.8
3552,11.0881,,141,,252.8
3553,11.0913,,141.167,,252.7
3554,11.0945,,141.333,,252.6
3555,11.0977,,141.5,,252.5
3556,11.1009,,141.667,,252.4
3557,11.1041,,141.833,,252.3
3558,11.1073,,142,,252.2
3559,11.1105,,142,,251.967
3560,11.1138,,142,,251.733
3561,11.1171,,142,,251.5
3562,11.1203,,142,,251.267
3563,11.1236,,142,,251.033
3564,11.1269,,142,,250.8
3565,11.13,,142,,250.433
3566,11.1332,,142,,250.067
3567,11.1363,,142,,249.7
3568,11.1395,,142,,249.333
3569,11.1426,,142,,248.967
3570,11.1458,,142,,248.6
3571,11.149,,142.167,,248.633
3572,11.1522,,142.333,,248.667
3573,11.1554,,142.5,,248.7
3574,11.1586,,142.667,,248.733
3575,11.1618,,142.833,,248.767
3576,11.165,,143,,248.8
3577,11.168,,142.833,,248.833
3578,11.1711,,142.667,,248.867
3579,11.1741,,142.5,,248.9
3580,11.1771,,142.333,,248.933
3581,11.1802,,142.167,,248.967
3582,11.1832,,142,,249
3583,11.1861,,142.167,,249.1
3584,11.1891,,142.333,,249.2
3585,11.192,,142.5,,249.3
3586,11.195,,142.667,,249.4
3587,11.1979,,142.833,,249.5
3588,11.2009,,143,,249.6
3589,11.2038,,143,,249.6
3590,11.2067,,143,,249.6
3591,11.2096,,143,,249.6
3592,11.2125,,143,,249.6
3593,11.2154,,143,,249.6
3594,11.2184,,143,,249.6
3595,11.2215,,143,,249.767
3596,11.2247,,143,,249.933
3597,11.2278,,143,,250.1
3598,11.2309,,143,,250.267
3599,11.2341,,143,,250.433
3600,11.2372,,143,,250.6
3601,11.2401,,143,,250.9
3602,11.243,,143,,251.2
3603,11.2459,,143,,251.5
3604,11.2488,,143,,251.8
3605,11.2517,,143,,252.1
3606,11.2546,,143,,252.4
3607,11.2577,,143.25,,252.45
3608,11.2608,,143.5,,252.5
3609,11.2639,,143.75,,252.55
3610,11.2671,,144,,252.6
3611,11.2702,,143.833,,252.433
3612,11.2732,,143.667,,252.267
3613,11.2763,,143.5,,252.1
3614,11.2794,,143.333,,251.933
3615,11.2825,,143.167,,251.767
3616,11.2856,,143,,251.6
3617,11.2886,,143.167,,251.8
3618,11.2916,,143.333,,252
3619,11.2946,,143.5,,252.2
3620,11.2977,,143.667,,252.4
3621,11.3007,,143.833,,252.6
3622,11.3037,,144,,252.8
3623,11.3066,,144,,253
3624,11.3094,,144,,253.2
3625,11.3123,,144,,253.4
3626,11.3152,,144,,253.6
3627,11.3181,,144,,253.8
3628,11.3209,,144,,254
3629,11.3238,,144,,254.167
3630,11.3267,,144,,254.333
3631,11.3296,,144,,254.5
3632,11.3325,,144,,254.667
3633,11.3354,,144,,254.833
3634,11.3383,,144,,255
3635,11.3416,,144,,255.3
3636,11.3448,,144,,255.6
3637,11.3481,,144,,255.9
3638,11.3514,,144,,256.2
3639,11.3547,,144,,256.5
3640,11.3579,,144,,256.8
3641,11.3609,,143.667,,256.867
3642,11.3639,,143.333,,256.933
3643,11.3669,,143,,257
3644,11.3699,,142.667,,257.067
3645,11.3729,,142.333,,257.133
3646,11.3759,,142,,257.2
3647,11.3789,,142,,256.933
3648,11.3819,,142,,256.667
3649,11.3849,,142,,256.4
3650,11.3879,,142,,256.133
3651,11.3909,,142,,255.867
3652,11.3939,,142,,255.6
3653,11.3971,,142,,255.467
3654,11.4002,,142,,255.333
3655,11.4033,,142,,255.2
3656,11.4065,,142,,255.067
3657,11.4096,,142,,254.933
3658,11.4127,,142,,254.8
3659,11.416,,142,,254.6
3660,11.4193,,142,,254.4
3661,11.4226,,142,,254.2
3662,11.4259,,142,,254
3663,11.4292,,142,,253.8
3664,11.4325,,142,,253.6
3665,11.4357,,141.667,,253.367
3666,11.4389,,141.333,,253.133
3667,11.442,,141,,252.9
3668,11.4452,,140.667,,252.667
3669,11.4483,,140.333,,252.433
3670,11.4515,,140,,252.2
3671,11.4546,,140.167,,252.333
3672,11.4576,,140.333,,252.467
3673,11.4607,,140.5,,252.6
3674,11.4637,,140.667,,252.733
3675,11.4668,,140.833,,252.867
3676,11.4699,,141,,253
3677,11.4731,,140.833,,252.9
3678,11.4762,,140.667,,252.8
3679,11.4794,,140.5,,252.7
3680,11.4826,,140.333,,252.6
3681,11.4858,,140.167,,252.5
3682,11.489,,140,,252.4
3683,11.492,,140.167,,252.5
3684,11.495,,140.333,,252.6
3685,11.498,,140.5,,252.7
3686,11.501,,140.667,,252.8
3687,11.5041,,140.833,,252.9
3688,11.5071,,141,,253
3689,11.5102,,141.167,,252.833
3690,11.5134,,141.333,,252.667
3691,11.5166,,141.5,,252.5
3692,11.5197,,141.667,,252.333
3693,11.5229,,141.833,,252.167
3694,11.526,,142,,252
3695,11.529,,142.167,,252.033
3696,11.532,,142.333,,252.067
3697,11.535,,142.5,,252.1
3698,11.5379,,142.667,,252.133
3699,11.5409,,142.833,,252.167
3700,11.5439,,143,,252.2
3701,11.5468,,143.167,,252.3
3702,11.5497,,143.333,,252.4
3703,11.5526,,143.5,,252.5
3704,11.5555,,143.667,,252.6
3705,11.5585,,143.833,,252.7
3706,11.5614,,144,,252.8
3707,11.5643,,144,,253.033
3708,11.5673,,144,,253.267
3709,11.5702,,144,,253.5
3710,11.5731,,144,,253.733
3711,11.5761,,144,,253.967
3712,11.579,,144,,254.2
3713,11.582,,143.833,,254.233
3714,11.5849,,143.667,,254.267
3715,11.5879,,143.5,,254.3
3716,11.5908,,143.333,,254.333
3717,11.5938,,143.167,,254.367
3718,11.5968,,143,,254.4
3719,11.5998,,143,,254.467
3720,11.6028,,143,,254.533
3721,11.6058,,143,,254.6
3722,11.6088,,143,,254.667
3723,11.6118,,143,,254.733
3724,11.6148,,143,,254.8
3725,11.618,,142.833,,254.867
3726,11.6211,,142.667,,254.933
3727,11.6242,,142.5,,255
3728,11.6273,,142.333,,255.067
3729,11.6305,,142.167,,255.133
3730,11.6336,,142,,255.2
3731,11.6367,,142,,255.1
3732,11.6399,,142,,255
3733,11.643,,142,,254.9
3734,11.6461,,142,,254.8
3735,11.6493,,142,,254.7
3736,11.6524,,142,,254.6
3737,11.6553,,141.833,,254.567
3738,11.6582,,141.667,,254.533
3739,11.6611,,141.5,,254.5
3740,11.664,,141.333,,254.467
3741,11.6669,,141.167,,254.433
3742,11.6698,,141,,254.4
3743,11.673,,141,,254.2
3744,11.6763,,141,,254
3745,11.6795,,141,,253.8
3746,11.6827,,141,,253.6
3747,11.6859,,141,,253.4
3748,11.6892,,141,,253.2
3749,11.6924,,140.833,,253.267
3750,11.6956,,140.667,,253.333
3751,11.6988,,140.5,,253.4
3752,11.702,,140.333,,253.467
3753,11.7052,,140.167,,253.533
3754,11.7084,,140,,253.6
3755,11.7115,,140.167,,253.733
3756,11.7146,,140.333,,253.867
3757,11.7176,,140.5,,254
3758,11.7207,,140.667,,254.133
3759,11.7237,,140.833,,254.267
3760,11.7268,,141,,254.4
3761,11.7299,,141.167,,254.433
3762,11.733,,141.333,,254.467
3763,11.736,,141.5,,254.5
3764,11.7391,,141.667,,254.533
3765,11.7422,,141.833,,254.567
3766,11.7453,,142,,254.6
3767,11.7484,,142,,254.667
3768,11.7515,,142,,254.733
3769,11.7545,,142,,254.8
3770,11.7576,,142,,254.867
3771,11.7607,,142,,254.933
3772,11.7637,,142,,255
3773,11.7669,,142.167,,255.067
3774,11.7701,,142.333,,255.133
3775,11.7733,,142.5,,255.2
3776,11.7765,,142.667,,255.267
3777,11.7797,,142.833,,255.333
3778,11.7829,,143,,255.4
3779,11.7862,,143,,255.167
3780,11.7894,,143,,254.933
3781,11.7926,,143,,254.7
3782,11.7958,,143,,254.467
3783,11.7991,,143,,254.233
3784,11.8023,,143,,254
3785,11.8053,,143,,253.833
3786,11.8083,,143,,253.667
3787,11.8113,,143,,253.5
3788,11.8143,,143,,253.333
3789,11.8173,,143,,253.167
3790,11.8203,,143,,253
3791,11.8235,,142.833,,253.3
3792,11.8267,,142.667,,253.6
3793,11.8299,,142.5,,253.9
3794,11.8331,,142.333,,254.2
3795,11.8362,,142.167,,254.5
3796,11.8394,,142,,254.8
3797,11.8427,,142.333,,254.667
3798,11.8459,,142.667,,254.533
3799,11.8492,,143,,254.4
3800,11.8524,,143.333,,254.267
3801,11.8557,,143.667,,254.133
3802,11.859,,144,,254
3803,11.8622,,144,,253.9
3804,11.8654,,144,,253.8
3805,11.8686,,144,,253.7
3806,11.8718,,144,,253.6
3807,11.875,,144,,253.5
3808,11.8782,,144,,253.4
3809,11.8815,,144,,253.433
3810,11.8848,,144,,253.467
3811,11.8881,,144,,253.5
3812,11.8914,,144,,253.533
3813,11.8946,,144,,253.567
3814,11.8979,,144,,253.6
3815,11.9008,,144,,253.6
3816,11.9038,,144,,253.6
3817,11.9067,,144,,253.6
3818,11.9096,,144,,253.6
3819,11.9125,,144,,253.6
3820,11.9154,,144,,253.6
3821,11.9186,,144,,253.733
3822,11.9218,,144,,253.867
3823,11.9249,,144,,254
3824,11.9281,,144,,254.133
3825,11.9312,,144,,254.267
3826,11.9344,,144,,254.4
3827,11.9373,,144.167,,254.4
3828,11.9402,,144.333,,254.4
3829,11.9431,,144.5,,254.4
3830,11.946,,144.667,,254.4
3831,11.9489,,144.833,,254.4
3832,11.9518,,145,,254.4
3833,11.9549,,144.833,,254.133
3834,11.9581,,144.667,,253.867
3835,11.9612,,144.5,,253.6
3836,11.9643,,144.333,,253.333
3837,11.9675,,144.167,,253.067
3838,11.9706,,144,,252.8
3839,11.9738,,144,,252.5
3840,11.9769,,144,,252.2
3841,11.98,,144,,251.9
3842,11.9831,,144,,251.6
3843,11.9862,,144,,251.3
3844,11.9893,,144,,251
3845,11.9926,,144.167,,250.767
3846,11.9958,,144.333,,250.533
3847,11.9991,,144.5,,250.3
3848,12.0024,,144.667,,250.067
3849,12.0056,,144.833,,249.833
3850,12.0089,,145,,249.6
3851,12.0121,,145,,249.567
3852,12.0153,,145,,249.533
3853,12.0185,,145,,249.5
3854,12.0217,,145,,249.467
3855,12.0249,,145,,249.433
3856,12.0281,,145,,249.4
3857,12.0313,,144.833,,249.333
3858,12.0344,,144.667,,249.267
3859,12.0376,,144.5,,249.2
3860,12.0408,,144.333,,249.133
3861,12.0439,,144.167,,249.067
3862,12.0471,,144,,249
3863,12.0503,,143.833,,248.933
3864,12.0534,,143.667,,248.867
3865,12.0566,,143.5,,248.8
3866,12.0598,,143.333,,248.733
3867,12.063,,143.167,,248.667
3868,12.0662,,143,,248.6
3869,12.069,,142.833,,248.567
3870,12.0719,,142.667,,248.533
3871,12.0748,,142.5,,248.5
3872,12.0777,,142.333,,248.467
3873,12.0806,,142.167,,248.433
3874,12.0835,,142,,248.4
3875,12.0863,,141.833,,248.6
3876,12.0891,,141.667,,248.8
3877,12.0919,,141.5,,249
3878,12.0946,,141.333,,249.2
3879,12.0974,,141.167,,249.4
3880,12.1002,,141,,249.6
3881,12.1032,,141.167,,249.8
3882,12.1061,,141.333,,250
3883,12.1091,,141.5,,250.2
3884,12.112,,141.667,,250.4
3885,12.115,,141.833,,250.6
3886,12.118,,142,,250.8
3887,12.1212,,142.167,,250.733
3888,12.1244,,142.333,,250.667
3889,12.1276,,142.5,,250.6
3890,12.1308,,142.667,,250.533
3891,12.1341,,142.833,,250.467
3892,12.1373,,143,,250.4
3893,12.1403,,143.167,,250.567
3894,12.1433,,143.333,,250.733
3895,12.1464,,143.5,,250.9
3896,12.1494,,143.667,,251.067
3897,12.1524,,143.833,,251.233
3898,12.1555,,144,,251.4
3899,12.1584,,143.833,,251.7
3900,12.1614,,143.667,,252
3901,12.1643,,143.5,,252.3
3902,12.1673,,143.333,,252.6
3903,12.1702,,143.167,,252.9
3904,12.1732,,143,,253.2
3905,12.1763,,142.833,,253.033
3906,12.1795,,142.667,,252.867
3907,12.1826,,142.5,,252.7
3908,12.1857,,142.333,,252.533
3909,12.1888,,142.167,,252.367
3910,12.192,,142,,252.2
3911,12.1951,,142,,252.033
3912,12.1982,,142,,251.867
3913,12.2014,,142,,251.7
3914,12.2045,,142,,251.533
3915,12.2076,,142,,251.367
3916,12.2108,,142,,251.2
3917,12.2136,,142,,251.133
3918,12.2164,,142,,251.067
3919,12.2192,,142,,251
3920,12.2221,,142,,250.933
3921,12.2249,,142,,250.867
3922,12.2277,,142,,250.8
3923,12.2307,,142,,250.867
3924,12.2337,,142,,250.933
3925,12.2366,,142,,251
3926,12.2396,,142,,251.067
3927,12.2426,,142,,251.133
3928,12.2456,,142,,251.2
3929,12.2488,,142.167,,251.267
3930,12.2519,,142.333,,251.333
3931,12.2551,,142.5,,251.4
3932,12.2583,,142.667,,251.467
3933,12.2615,,142.833,,251.533
3934,12.2647,,143,,251.6
3935,12.2676,,143,,251.7
3936,12.2706,,143,,251.8
3937,12.2735,,143,,251.9
3938,12.2765,,143,,252
3939,12.2795,,143,,252.1
3940,12.2824,,143,,252.2
3941,12.2855,,142.833,,252.1
3942,12.2887,,142.667,,252
3943,12.2918,,142.5,,251.9
3944,12.2949,,142.333,,251.8
3945,12.2981,,142.167,,251.7
3946,12.3012,,142,,251.6
3947,12.3042,,142.167,,251.567
3948,12.3072,,142.333,,251.533
3949,12.3102,,142.5,,251.5
3950,12.3132,,142.667,,251.467
3951,12.3162,,142.833,,251.433
3952,12.3193,,143,,251.4
3953,12.3222,,142.833,,251.667
3954,12.3252,,142.667,,251.933
3955,12.3282,,142.5,,252.2
3956,12.3311,,142.333,,252.467
3957,12.3341,,142.167,,252.733
3958,12.337,,142,,253
3959,12.3401,,141.667,,253
3960,12.3431,,141.333,,253
3961,12.3462,,141,,253
3962,12.3492,,140.667,,253
3963,12.3523,,140.333,,253
3964,12.3553,,140,,253
3965,12.3582,,139.833,,252.9
3966,12.3611,,139.667,,252.8
3967,12.364,,139.5,,252.7
3968,12.3669,,139.333,,252.6
3969,12.3698,,139.167,,252.5
3970,12.3727,,139,,252.4
3971,12.3753,,138.833,,252.567
3972,12.3779,,138.667,,252.733
3973,12.3805,,138.5,,252.9
3974,12.3831,,138.333,,253.067
3975,12.3857,,138.167,,253.233
3976,12.3883,,138,,253.4
3977,12.3915,,138,,253.4
3978,12.3947,,138,,253.4
3979,12.3978,,138,,253.4
3980,12.401,,138,,253.4
3981,12.4041,,138,,253.4
3982,12.4073,,138,,253.4
3983,12.4102,,138,,253.3
3984,12.4131,,138,,253.2
3985,12.416,,138,,253.1
3986,12.4188,,138,,253
3987,12.4217,,138,,252.9
3988,12.4246,,138,,252.8
3989,12.4275,,138.167,,252.967
3990,12.4304,,138.333,,253.133
3991,12.4332,,138.5,,253.3
3992,12.4361,,138.667,,253.467
3993,12.439,,138.833,,253.633
3994,12.4419,,139,,253.8
3995,12.4447,,139.167,,253.867
3996,12.4475,,139.333,,253.933
3997,12.4504,,139.5,,254
3998,12.4532,,139.667,,254.067
3999,12.456,,139.833,,254.133
4000,12.4588,,140,,254.2
4001,12.4617,,140,,254.367
4002,12.4646,,140,,254.533
4003,12.4675,,140,,254.7
4004,12.4704,,140,,254.867
4005,12.4733,,140,,255.033
4006,12.4762,,140,,255.2
4007,12.4791,,140,,255.4
4008,12.482,,140,,255.6
4009,12.4849,,140,,255.8
4010,12.4878,,140,,256
4011,12.4907,,140,,256.2
4012,12.4936,,140,,256.4
4013,12.4966,,140.167,,256.667
4014,12.4996,,140.333,,256.933
4015,12.5026,,140.5,,257.2
4016,12.5056,,140.667,,257.467
4017,12.5086,,140.833,,257.733
4018,12.5116,,141,,258
4019,12.5146,,140.833,,258.133
4020,12.5176,,140.667,,258.267
4021,12.5206,,140.5,,258.4
4022,12.5237,,140.333,,258.533
4023,12.5267,,140.167,,258.667
4024,12.5297,,140,,258.8
4025,12.5326,,140,,259.067
4026,12.5356,,140,,259.333
4027,12.5385,,140,,259.6
4028,12.5415,,140,,259.867
4029,12.5444,,140,,260.133
4030,12.5474,,140,,260.4
4031,12.5504,,140.167,,260.167
4032,12.5535,,140.333,,259.933
4033,12.5565,,140.5,,259.7
4034,12.5596,,140.667,,259.467
4035,12.5626,,140.833,,259.233
4036,12.5656,,141,,259
4037,12.5688,,141.167,,258.967
4038,12.572,,141.333,,258.933
4039,12.5752,,141.5,,258.9
4040,12.5783,,141.667,,258.867
4041,12.5815,,141.833,,258.833
4042,12.5847,,142,,258.8
4043,12.5877,,142,,258.633
4044,12.5908,,142,,258.467
4045,12.5938,,142,,258.3
4046,12.5968,,142,,258.133
4047,12.5999,,142,,257.967
4048,12.6029,,142,,257.8
4049,12.6064,,142.167,,257.6
4050,12.6098,,142.333,,257.4
4051,12.6133,,142.5,,257.2
4052,12.6167,,142.667,,257
4053,12.6202,,142.833,,256.8
4054,12.6236,,143,,256.6
4055,12.6266,,143.167,,256.367
4056,12.6295,,143.333,,256.133
4057,12.6324,,143.5,,255.9
4058,12.6354,,143.667,,255.667
4059,12.6383,,143.833,,255.433
4060,12.6412,,144,,255.2
4061,12.6446,,144,,255.067
4062,12.648,,144,,254.933
4063,12.6515,,144,,254.8
4064,12.6549,,144,,254.667
4065,12.6583,,144,,254.533
4066,12.6617,,144,,254.4
4067,12.6649,,144,,254.233
4068,12.668,,144,,254.067
4069,12.6712,,144,,253.9
4070,12.6744,,144,,253.733
4071,12.6776,,144,,253.567
4072,12.6807,,144,,253.4
4073,12.6837,,143.833,,253.333
4074,12.6867,,143.667,,253.267
4075,12.6896,,143.5,,253.2
4076,12.6926,,143.333,,253.133
4077,12.6955,,143.167,,253.067
4078,12.6985,,143,,253
4079,12.7016,,143.167,,253.167
4080,12.7047,,143.333,,253.333
4081,12.7078,,143.5,,253.5
4082,12.711,,143.667,,253.667
4083,12.7141,,143.833,,253.833
4084,12.7172,,144,,254
4085,12.7203,,144,,253.9
4086,12.7234,,144,,253.8
4087,12.7265,,144,,253.7
4088,12.7297,,144,,253.6
4089,12.7328,,144,,253.5
4090,12.7359,,144,,253.4
4091,12.7387,,143.833,,253.367
4092,12.7416,,143.667,,253.333
4093,12.7444,,143.5,,253.3
4094,12.7473,,143.333,,253.267
4095,12.7501,,143.167,,253.233
4096,12.753,,143,,253.2
4097,12.7559,,143,,253.333
4098,12.7588,,143,,253.467
4099,12.7617,,143,,253.6
4100,12.7646,,143,,253.733
4101,12.7676,,143,,253.867
4102,12.7705,,143,,254
4103,12.7734,,143,,254.1
4104,12.7764,,143,,254.2
4105,12.7793,,143,,254.3
4106,12.7823,,143,,254.4
4107,12.7852,,143,,254.5
4108,12.7882,,143,,254.6
4109,12.7913,,143,,254.667
4110,12.7944,,143,,254.733
4111,12.7975,,143,,254.8
4112,12.8006,,143,,254.867
4113,12.8038,,143,,254.933
4114,12.8069,,143,,255
4115,12.8097,,143,,254.867
4116,12.8125,,143,,254.733
4117,12.8153,,143,,254.6
4118,12.8181,,143,,254.467
4119,12.8209,,143,,254.333
4120,12.8237,,143,,254.2
4121,12.8266,,143,,254.267
4122,12.8294,,143,,254.333
4123,12.8323,,143,,254.4
4124,12.8351,,143,,254.467
4125,12.838,,143,,254.533
4126,12.8408,,143,,254.6
4127,12.8439,,143,,254.7
4128,12.8469,,143,,254.8
4129,12.85,,143,,254.9
4130,12.853,,143,,255
4131,12.8561,,143,,255.1
4132,12.8591,,143,,255.2
4133,12.8621,,143,,255.433
4134,12.865,,143,,255.667
4135,12.8679,,143,,255.9
4136,12.8709,,143,,256.133
4137,12.8738,,143,,256.367
4138,12.8767,,143,,256.6
4139,12.8797,,143,,256.567
4140,12.8827,,143,,256.533
4141,12.8856,,143,,256.5
4142,12.8886,,143,,256.467
4143,12.8915,,143,,256.433
4144,12.8945,,143,,256.4
4145,12.8975,,143.167,,256.4
4146,12.9006,,143.333,,256.4
4147,12.9036,,143.5,,256.4
4148,12.9067,,143.667,,256.4
4149,12.9097,,143.833,,256.4
4150,12.9128,,144,,256.4
4151,12.9154,,143.833,,256.433
4152,12.918,,143.667,,256.467
4153,12.9206,,143.5,,256.5
4154,12.9232,,143.333,,256.533
4155,12.9259,,143.167,,256.567
4156,12.9285,,143,,256.6
4157,12.9314,,143.333,,257.033
4158,12.9343,,143.667,,257.467
4159,12.9372,,144,,257.9
4160,12.9401,,144.333,,258.333
4161,12.943,,144.667,,258.767
4162,12.9459,,145,,259.2
4163,12.949,,144.833,,259.1
4164,12.9521,,144.667,,259
4165,12.9552,,144.5,,258.9
4166,12.9583,,144.333,,258.8
4167,12.9614,,144.167,,258.7
4168,12.9645,,144,,258.6
4169,12.9673,,144.167,,258.633
4170,12.9702,,144.333,,258.667
4171,12.973,,144.5,,258.7
4172,12.9758,,144.667,,258.733
4173,12.9787,,144.833,,258.767
4174,12.9815,,145,,258.8
4175,12.9844,,145.167,,258.933
4176,12.9873,,145.333,,259.067
4177,12.9902,,145.5,,259.2
4178,12.9931,,145.667,,259.333
4179,12.996,,145.833,,259.467
4180,12.9989,,146,,259.6
4181,13.0018,,145.833,,260.033
4182,13.0048,,145.667,,260.467
4183,13.0077,,145.5,,260.9
4184,13.0106,,145.333,,261.333
4185,13.0136,,145.167,,261.767
4186,13.0165,,145,,262.2
4187,13.0193,,144.833,,262.7
4188,13.0221,,144.667,,263.2
4189,13.0249,,144.5,,263.7
4190,13.0277,,144.333,,264.2
4191,13.0305,,144.167,,264.7
4192,13.0333,,144,,265.2
4193,13.0364,,144,,265.367
4194,13.0395,,144,,265.533
4195,13.0426,,144,,265.7
4196,13.0456,,144,,265.867
4197,13.0487,,144,,266.033
4198,13.0518,,144,,266.2
4199,13.0547,,144,,266.2
4200,13.0575,,144,,266.2
4201,13.0603,,144,,266.2
4202,13.0632,,144,,266.2
4203,13.066,,144,,266.2
4204,13.0689,,144,,266.2
4205,13.0714,,143.667,,266.067
4206,13.0739,,143.333,,265.933
4207,13.0763,,143,,265.8
4208,13.0774,,143,,265.3
4209,13.0785,,143,,264.8
4210,13.0806,,143,,264.367
4211,13.0827,,143,,263.933
4212,13.0849,,143,,263.5
4213,13.087,,143,,263.067
4214,13.0891,,143,,262.633
4215,13.0913,,143,,262.2
4216,13.0939,,142.833,,261.8
4217,13.0965,,142.667,,261.4
4218,13.0991,,142.5,,261
4219,13.1017,,142.333,,260.6
4220,13.1044,,142.167,,260.2
4221,13.107,,142,,259.8
4222,13.1097,,142,,259.6
4223,13.1125,,142,,259.4
4224,13.1153,,142,,259.2
4225,13.118,,142,,259
4226,13.1208,,142,,258.8
4227,13.1236,,142,,258.6
4228,13.1265,,142,,258.667
4229,13.1295,,142,,258.733
4230,13.1324,,142,,258.8
4231,13.1354,,142,,258.867
4232,13.1383,,142,,258.933
4233,13.1413,,142,,259
4234,13.1443,,142,,258.7
4235,13.1474,,142,,258.4
4236,13.1505,,142,,258.1
4237,13.1535,,142,,257.8
4238,13.1566,,142,,257.5
4239,13.1597,,142,,257.2
4240,13.1629,,141.833,,256.967
4241,13.1662,,141.667,,256.733
4242,13.1694,,141.5,,256.5
4243,13.1727,,141.333,,256.267
4244,13.176,,141.167,,256.033
4245,13.1792,,141,,255.8
4246,13.1823,,141,,255.6
4247,13.1853,,141,,255.4
4248,13.1884,,141,,255.2
4249,13.1914,,141,,255
4250,13.1945,,141,,254.8
4251,13.1975,,141,,254.6
4252,13.201,,141,,253.6
4253,13.2045,,141,,252.6
4254,13.208,,141,,251.6
4255,13.212,,141,,250.933
4256,13.216,,141,,250.267
4257,13.22,,141,,249.6
4258,13.224,,141,,248.933
4259,13.228,,141,,248.267
4260,13.2321,,141,,247.6
4261,13.2357,,141,,247.5
4262,13.2393,,141,,247.4
4263,13.2429,,141,,247.3
4264,13.2466,,141,,247.2
4265,13.2502,,141,,247.1
4266,13.2538,,141,,247
