secs,km,power,hr,cad,alt
0,0,,98,,47.2
1,0.00181,,99,,46.8
2,0.00429,,101,,46.5
3,0.00677,,103,,46.2
4,0.01019,,105,,46
5,0.01361,,107,,45.8
6,0.017675,,109.5,,45.6
7,0.02174,,112,,45.4
8,0.02582,,113.5,,45.2
9,0.0299,,115,,45
10,0.03395,,117,,44.6
11,0.0379,,118.5,,44.5
12,0.04185,,120,,44.4
13,0.0453133,,121,,44.4
14,0.0487767,,122,,44.4
15,0.05224,,123,,44.4
16,0.0557933,,123.667,,43.9333
17,0.0593467,,124.333,,43.4667
18,0.0629,,125,,43
19,0.06658,,125.5,,43.6
20,0.07026,,126,,44.2
21,0.073972,,126.6,,44.16
22,0.077684,,127.2,,44.12
23,0.081396,,127.8,,44.08
24,0.085108,,128.4,,44.04
25,0.08882,,129,,44
26,0.0923175,,129.75,,43.85
27,0.095815,,130.5,,43.7
28,0.0993125,,131.25,,43.55
29,0.10281,,132,,43.4
30,0.106525,,132.5,,43.2
31,0.11024,,133,,43
32,0.113622,,133.333,,42.8
33,0.117003,,133.667,,42.6
34,0.120385,,134,,42.4
35,0.123767,,134.333,,42.2
36,0.127148,,134.667,,42
37,0.13053,,135,,41.8
38,0.133697,,135,,41.6667
39,0.136863,,135,,41.5333
40,0.14003,,135,,41.4
41,0.143415,,135.5,,41.25
42,0.1468,,136,,41.1
43,0.150185,,136.5,,40.95
44,0.15357,,137,,40.8
45,0.157497,,137.333,,40.7333
46,0.161423,,137.667,,40.6667
47,0.16535,,138,,40.6
48,0.169277,,138.333,,40.5333
49,0.173203,,138.667,,40.4667
50,0.17713,,139,,40.4
51,0.180963,,139,,40.1333
52,0.184797,,139,,39.8667
53,0.18863,,139,,39.6
54,0.19212,,139,,39.4667
55,0.19561,,139,,39.3333
56,0.1991,,139,,39.2
57,0.20259,,139,,39.0667
58,0.20608,,139,,38.9333
59,0.20957,,139,,38.8
60,0.213175,,139.5,,38.7
61,0.21678,,140,,38.6
62,0.220392,,139.833,,38.4667
63,0.224003,,139.667,,38.3333
64,0.227615,,139.5,,38.2
65,0.231227,,139.333,,38.0667
66,0.234838,,139.167,,37.9333
67,0.23845,,139,,37.8
68,0.241972,,139.167,,37.7667
69,0.245493,,139.333,,37.7333
70,0.249015,,139.5,,37.7
71,0.252537,,139.667,,37.6667
72,0.256058,,139.833,,37.6333
73,0.25958,,140,,37.6
74,0.262895,,140,,37.55
75,0.26621,,140,,37.5
76,0.269525,,140,,37.45
77,0.27284,,140,,37.4
78,0.276212,,139.833,,37.3
79,0.279583,,139.667,,37.2
80,0.282955,,139.5,,37.1
81,0.286327,,139.333,,37
82,0.289698,,139.167,,36.9
83,0.29307,,139,,36.8
84,0.296341,,138.857,,36.7429
85,0.299613,,138.714,,36.6857
86,0.302884,,138.571,,36.6286
87,0.306156,,138.429,,36.5714
88,0.309427,,138.286,,36.5143
89,0.312699,,138.143,,36.4571
90,0.31597,,138,,36.4
91,0.319498,,138,,36.2667
92,0.323027,,138,,36.1333
93,0.326555,,138,,36
94,0.330083,,138,,35.8667
95,0.333612,,138,,35.7333
96,0.33714,,138,,35.6
97,0.34065,,138,,35.5
98,0.34416,,138,,35.4
99,0.347333,,138,,35.2571
100,0.350506,,138,,35.1143
101,0.353679,,138,,34.9714
102,0.356851,,138,,34.8286
103,0.360024,,138,,34.6857
104,0.363197,,138,,34.5429
105,0.36637,,138,,34.4
106,0.36877,,137,,34.2
107,0.369726,,136.2,,34.16
108,0.370682,,135.4,,34.12
109,0.371638,,134.6,,34.08
110,0.372594,,133.8,,34.04
111,0.37355,,133,,34
112,0.37355,,132.333,,34
113,0.37355,,131.667,,34
114,0.37355,,131,,34
115,0.376793,,131.143,,33.9429
116,0.380036,,131.286,,33.8857
117,0.383279,,131.429,,33.8286
118,0.386521,,131.571,,33.7714
119,0.389764,,131.714,,33.7143
120,0.393007,,131.857,,33.6571
121,0.39625,,132,,33.6
122,0.399127,,132.5,,33.5
123,0.402005,,133,,33.4
124,0.404883,,133.5,,33.3
125,0.40776,,134,,33.2
126,0.410899,,134.429,,33.1429
127,0.414037,,134.857,,33.0857
128,0.417176,,135.286,,33.0286
129,0.420314,,135.714,,32.9714
130,0.423453,,136.143,,32.9143
131,0.426591,,136.571,,32.8571
132,0.42973,,137,,32.8
133,0.432763,,137.143,,32.8
134,0.435796,,137.286,,32.8
135,0.438829,,137.429,,32.8
136,0.441861,,137.571,,32.8
137,0.444894,,137.714,,32.8
138,0.447927,,137.857,,32.8
139,0.45096,,138,,32.8
140,0.454054,,138.286,,32.8286
141,0.457149,,138.571,,32.8571
142,0.460243,,138.857,,32.8857
143,0.463337,,139.143,,32.9143
144,0.466431,,139.429,,32.9429
145,0.469526,,139.714,,32.9714
146,0.47262,,140,,33
147,0.47582,,140.286,,33
148,0.47902,,140.571,,33
149,0.48222,,140.857,,33
150,0.48542,,141.143,,33
151,0.48862,,141.429,,33
152,0.49182,,141.714,,33
153,0.49502,,142,,33
154,0.498483,,142.167,,33.0333
155,0.501947,,142.333,,33.0667
156,0.50541,,142.5,,33.1
157,0.508873,,142.667,,33.1333
158,0.512337,,142.833,,33.1667
159,0.5158,,143,,33.2
160,0.519393,,143,,33.2
161,0.522987,,143,,33.2
162,0.52658,,143,,33.2
163,0.530173,,143,,33.2
164,0.533767,,143,,33.2
165,0.53736,,143,,33.2
166,0.540693,,143,,33.2
167,0.544026,,143,,33.2
168,0.547359,,143,,33.2
169,0.550691,,143,,33.2
170,0.554024,,143,,33.2
171,0.557357,,143,,33.2
172,0.56069,,143,,33.2
173,0.564037,,143.333,,33.2
174,0.567383,,143.667,,33.2
175,0.57073,,144,,33.2
176,0.574077,,144.333,,33.2
177,0.577423,,144.667,,33.2
178,0.58077,,145,,33.2
179,0.583973,,145,,33.2286
180,0.587176,,145,,33.2571
181,0.590379,,145,,33.2857
182,0.593581,,145,,33.3143
183,0.596784,,145,,33.3429
184,0.599987,,145,,33.3714
185,0.60319,,145,,33.4
186,0.606383,,145,,33.4
187,0.609576,,145,,33.4
188,0.612769,,145,,33.4
189,0.615961,,145,,33.4
190,0.619154,,145,,33.4
191,0.622347,,145,,33.4
192,0.62554,,145,,33.4
193,0.628681,,144.857,,33.4286
194,0.631823,,144.714,,33.4571
195,0.634964,,144.571,,33.4857
196,0.638106,,144.429,,33.5143
197,0.641247,,144.286,,33.5429
198,0.644389,,144.143,,33.5714
199,0.64753,,144,,33.6
200,0.650965,,144,,33.6667
201,0.6544,,144,,33.7333
202,0.657835,,144,,33.8
203,0.66127,,144,,33.8667
204,0.664705,,144,,33.9333
205,0.66814,,144,,34
206,0.671306,,143.714,,34
207,0.674471,,143.429,,34
208,0.677637,,143.143,,34
209,0.680803,,142.857,,34
210,0.683969,,142.571,,34
211,0.687134,,142.286,,34
212,0.6903,,142,,34
213,0.693086,,141.875,,34
214,0.695873,,141.75,,34
215,0.698659,,141.625,,34
216,0.701445,,141.5,,34
217,0.704231,,141.375,,34
218,0.707017,,141.25,,34
219,0.709804,,141.125,,34
220,0.71259,,141,,34
221,0.71584,,141,,33.9143
222,0.71909,,141,,33.8286
223,0.72234,,141,,33.7429
224,0.72559,,141,,33.6571
225,0.72884,,141,,33.5714
226,0.73209,,141,,33.4857
227,0.73534,,141,,33.4
228,0.738873,,141,,33.4
229,0.742407,,141,,33.4
230,0.74594,,141,,33.4
231,0.749473,,141,,33.4
232,0.753007,,141,,33.4
233,0.75654,,141,,33.4
234,0.760223,,141,,33.4
235,0.763907,,141,,33.4
236,0.76759,,141,,33.4
237,0.771273,,141,,33.4
238,0.774957,,141,,33.4
239,0.77864,,141,,33.4
240,0.782368,,140.833,,33.4
241,0.786097,,140.667,,33.4
242,0.789825,,140.5,,33.4
243,0.793553,,140.333,,33.4
244,0.797282,,140.167,,33.4
245,0.80101,,140,,33.4
246,0.804473,,140.167,,33.3333
247,0.807937,,140.333,,33.2667
248,0.8114,,140.5,,33.2
249,0.814863,,140.667,,33.1333
250,0.818327,,140.833,,33.0667
251,0.82179,,141,,33
252,0.82506,,140.4,,32.96
253,0.82833,,139.8,,32.92
254,0.8316,,139.2,,32.88
255,0.83487,,138.6,,32.84
256,0.83814,,138,,32.8
257,0.841835,,138,,32.65
258,0.84553,,138,,32.5
259,0.849225,,138,,32.35
260,0.85292,,138,,32.2
261,0.856562,,138,,32.0667
262,0.860203,,138,,31.9333
263,0.863845,,138,,31.8
264,0.867487,,138,,31.6667
265,0.871128,,138,,31.5333
266,0.87477,,138,,31.4
267,0.878275,,138.5,,31.2
268,0.88178,,139,,31
269,0.885232,,138.8,,30.72
270,0.888684,,138.6,,30.44
271,0.892136,,138.4,,30.16
272,0.895588,,138.2,,29.88
273,0.89904,,138,,29.6
274,0.902597,,137.667,,29.2
275,0.906153,,137.333,,28.8
276,0.90971,,137,,28.4
277,0.913015,,137.25,,28.1
278,0.91632,,137.5,,27.8
279,0.919625,,137.75,,27.5
280,0.92293,,138,,27.2
281,0.926224,,137.8,,27
282,0.929518,,137.6,,26.8
283,0.932812,,137.4,,26.6
284,0.936106,,137.2,,26.4
285,0.9394,,137,,26.2
286,0.94284,,136.833,,26.0333
287,0.94628,,136.667,,25.8667
288,0.94972,,136.5,,25.7
289,0.95316,,136.333,,25.5333
290,0.9566,,136.167,,25.3667
291,0.96004,,136,,25.2
292,0.96356,,135,,25
293,0.966673,,134.833,,24.8333
294,0.969787,,134.667,,24.6667
295,0.9729,,134.5,,24.5
296,0.976013,,134.333,,24.3333
297,0.979127,,134.167,,24.1667
298,0.98224,,134,,24
299,0.985476,,134.286,,23.8286
300,0.988711,,134.571,,23.6571
301,0.991947,,134.857,,23.4857
302,0.995183,,135.143,,23.3143
303,0.998419,,135.429,,23.1429
304,1.00165,,135.714,,22.9714
305,1.00489,,136,,22.8
306,1.00821,,135.857,,22.6857
307,1.01153,,135.714,,22.5714
308,1.01485,,135.571,,22.4571
309,1.01816,,135.429,,22.3429
310,1.02148,,135.286,,22.2286
311,1.0248,,135.143,,22.1143
312,1.02812,,135,,22
313,1.03149,,134,,21.8
314,1.03461,,133.25,,21.7
315,1.03773,,132.5,,21.6
316,1.04084,,131.75,,21.5
317,1.04396,,131,,21.4
318,1.04703,,131,,21.25
319,1.05009,,131,,21.1
320,1.05315,,131,,20.95
321,1.05622,,131,,20.8
322,1.05968,,131.167,,20.7333
323,1.06314,,131.333,,20.6667
324,1.06661,,131.5,,20.6
325,1.07007,,131.667,,20.5333
326,1.07353,,131.833,,20.4667
327,1.07699,,132,,20.4
328,1.08031,,132.167,,20.2667
329,1.08363,,132.333,,20.1333
330,1.08695,,132.5,,20
331,1.09026,,132.667,,19.8667
332,1.09358,,132.833,,19.7333
333,1.0969,,133,,19.6
334,1.09983,,133.167,,19.4333
335,1.10277,,133.333,,19.2667
336,1.1057,,133.5,,19.1
337,1.10863,,133.667,,18.9333
338,1.11157,,133.833,,18.7667
339,1.1145,,134,,18.6
340,1.11794,,133.833,,18.5333
341,1.12138,,133.667,,18.4667
342,1.12482,,133.5,,18.4
343,1.12827,,133.333,,18.3333
344,1.13171,,133.167,,18.2667
345,1.13515,,133,,18.2
346,1.13843,,133.25,,18.05
347,1.1417,,133.5,,17.9
348,1.14498,,133.75,,17.75
349,1.14825,,134,,17.6
350,1.15163,,134,,17.5
351,1.15501,,134,,17.4
352,1.1584,,134,,17.3
353,1.16178,,134,,17.2
354,1.16516,,134,,17.1
355,1.16854,,134,,17
356,1.17189,,134,,16.9
357,1.17523,,134,,16.8
358,1.17858,,134,,16.7
359,1.18193,,134,,16.6
360,1.1852,,134.143,,16.4857
361,1.18846,,134.286,,16.3714
362,1.19173,,134.429,,16.2571
363,1.195,,134.571,,16.1429
364,1.19827,,134.714,,16.0286
365,1.20153,,134.857,,15.9143
366,1.2048,,135,,15.8
367,1.20788,,135,,15.6
368,1.21095,,135,,15.4
369,1.21377,,135.167,,15.3667
370,1.21659,,135.333,,15.3333
371,1.21941,,135.5,,15.3
372,1.22223,,135.667,,15.2667
373,1.22505,,135.833,,15.2333
374,1.22787,,136,,15.2
375,1.23089,,136.143,,15.1143
376,1.23392,,136.286,,15.0286
377,1.23694,,136.429,,14.9429
378,1.23996,,136.571,,14.8571
379,1.24298,,136.714,,14.7714
380,1.24601,,136.857,,14.6857
381,1.24903,,137,,14.6
382,1.25157,,137.25,,14.6
383,1.25412,,137.5,,14.6
384,1.25666,,137.75,,14.6
385,1.25921,,138,,14.6
386,1.26175,,138.25,,14.6
387,1.26429,,138.5,,14.6
388,1.26684,,138.75,,14.6
389,1.26938,,139,,14.6
390,1.27166,,139.222,,14.6222
391,1.27395,,139.444,,14.6444
392,1.27623,,139.667,,14.6667
393,1.27851,,139.889,,14.6889
394,1.2808,,140.111,,14.7111
395,1.28308,,140.333,,14.7333
396,1.28536,,140.556,,14.7556
397,1.28765,,140.778,,14.7778
398,1.28993,,141,,14.8
399,1.29236,,141.222,,14.9111
400,1.29478,,141.444,,15.0222
401,1.29721,,141.667,,15.1333
402,1.29963,,141.889,,15.2444
403,1.30206,,142.111,,15.3556
404,1.30448,,142.333,,15.4667
405,1.30691,,142.556,,15.5778
406,1.30933,,142.778,,15.6889
407,1.31176,,143,,15.8
408,1.31307,,143.5,,15.9333
409,1.31439,,144,,16.0667
410,1.3157,,144.5,,16.2
411,1.31701,,145,,16.3333
412,1.31833,,145.5,,16.4667
413,1.31964,,146,,16.6
414,1.32192,,146.333,,16.7667
415,1.32421,,146.667,,16.9333
416,1.32649,,147,,17.1
417,1.32877,,147.333,,17.2667
418,1.33106,,147.667,,17.4333
419,1.33334,,148,,17.6
420,1.33617,,148.333,,17.7667
421,1.339,,148.667,,17.9333
422,1.34184,,149,,18.1
423,1.34467,,149.333,,18.2667
424,1.3475,,149.667,,18.4333
425,1.35033,,150,,18.6
426,1.35237,,150.286,,18.7714
427,1.35441,,150.571,,18.9429
428,1.35645,,150.857,,19.1143
429,1.35848,,151.143,,19.2857
430,1.36052,,151.429,,19.4571
431,1.36256,,151.714,,19.6286
432,1.3646,,152,,19.8
433,1.36742,,152,,20
434,1.37025,,152,,20.2
435,1.37241,,152.25,,20.4
436,1.37457,,152.5,,20.6
437,1.37673,,152.75,,20.8
438,1.37889,,153,,21
439,1.38175,,153,,21.1
440,1.3846,,153,,21.2
441,1.38745,,153,,21.3
442,1.39031,,153,,21.4
443,1.39316,,153,,21.5
444,1.39602,,153,,21.6
445,1.39887,,153,,21.7
446,1.40173,,153,,21.8
447,1.40545,,152,,22
448,1.40781,,151.889,,22.0889
449,1.41017,,151.778,,22.1778
450,1.41253,,151.667,,22.2667
451,1.41489,,151.556,,22.3556
452,1.41725,,151.444,,22.4444
453,1.41961,,151.333,,22.5333
454,1.42197,,151.222,,22.6222
455,1.42433,,151.111,,22.7111
456,1.42669,,151,,22.8
457,1.42945,,151,,22.9
458,1.43221,,151,,23
459,1.43496,,151,,23.1
460,1.43772,,151,,23.2
461,1.44046,,150.875,,23.3
462,1.44319,,150.75,,23.4
463,1.44593,,150.625,,23.5
464,1.44866,,150.5,,23.6
465,1.45139,,150.375,,23.7
466,1.45413,,150.25,,23.8
467,1.45687,,150.125,,23.9
468,1.4596,,150,,24
469,1.46334,,151,,24.2
470,1.46669,,151.167,,24.3333
471,1.47004,,151.333,,24.4667
472,1.4734,,151.5,,24.6
473,1.47675,,151.667,,24.7333
474,1.4801,,151.833,,24.8667
475,1.48345,,152,,25
476,1.48586,,152,,25.4
477,1.48799,,152.2,,25.48
478,1.49012,,152.4,,25.56
479,1.49224,,152.6,,25.64
480,1.49437,,152.8,,25.72
481,1.4965,,153,,25.8
482,1.49863,,153.2,,25.88
483,1.50076,,153.4,,25.96
484,1.50288,,153.6,,26.04
485,1.50501,,153.8,,26.12
486,1.50714,,154,,26.2
487,1.51007,,154,,26.2667
488,1.51299,,154,,26.3333
489,1.51592,,154,,26.4
490,1.51839,,154.25,,26.7
491,1.52087,,154.5,,27
492,1.52334,,154.75,,27.3
493,1.52582,,155,,27.6
494,1.52865,,155.2,,27.84
495,1.53148,,155.4,,28.08
496,1.53431,,155.6,,28.32
497,1.53714,,155.8,,28.56
498,1.53997,,156,,28.8
499,1.54391,,156,,29.1
500,1.54785,,156,,29.4
501,1.55179,,156,,29.7
502,1.55573,,156,,30
503,1.55873,,156.167,,30.1667
504,1.56174,,156.333,,30.3333
505,1.56475,,156.5,,30.5
506,1.56775,,156.667,,30.6667
507,1.57076,,156.833,,30.8333
508,1.57376,,157,,31
509,1.57583,,157,,31.175
510,1.5779,,157,,31.35
511,1.57997,,157,,31.525
512,1.58204,,157,,31.7
513,1.58412,,157,,31.875
514,1.58619,,157,,32.05
515,1.58826,,157,,32.225
516,1.59033,,157,,32.4
517,1.59276,,157,,32.7333
518,1.5952,,157,,33.0667
519,1.59763,,157,,33.4
520,1.59974,,156.889,,33.5111
521,1.60186,,156.778,,33.6222
522,1.60397,,156.667,,33.7333
523,1.60608,,156.556,,33.8444
524,1.6082,,156.444,,33.9556
525,1.61031,,156.333,,34.0667
526,1.61242,,156.222,,34.1778
527,1.61454,,156.111,,34.2889
528,1.61665,,156,,34.4
529,1.61883,,156,,34.575
530,1.62101,,156,,34.75
531,1.6232,,156,,34.925
532,1.62538,,156,,35.1
533,1.62756,,156,,35.275
534,1.62974,,156,,35.45
535,1.63193,,156,,35.625
536,1.63411,,156,,35.8
537,1.63533,,156,,36.2
538,1.63656,,156,,36.6
539,1.63778,,156,,37
540,1.63974,,156.167,,37.1667
541,1.6417,,156.333,,37.3333
542,1.64365,,156.5,,37.5
543,1.64561,,156.667,,37.6667
544,1.64757,,156.833,,37.8333
545,1.64953,,157,,38
546,1.65365,,157,,38.12
547,1.65777,,157,,38.24
548,1.66188,,157,,38.36
549,1.666,,157,,38.48
550,1.67012,,157,,38.6
551,1.67331,,157,,38.68
552,1.67649,,157,,38.76
553,1.67968,,157,,38.84
554,1.68286,,157,,38.92
555,1.68605,,157,,39
556,1.68896,,157,,39.0571
557,1.69186,,157,,39.1143
558,1.69477,,157,,39.1714
559,1.69768,,157,,39.2286
560,1.70059,,157,,39.2857
561,1.70349,,157,,39.3429
562,1.7064,,157,,39.4
563,1.7092,,156.5,,39.4
564,1.71201,,156,,39.4
565,1.71481,,155.5,,39.4
566,1.71761,,155,,39.4
567,1.72042,,154.5,,39.4
568,1.72322,,154,,39.4
569,1.72565,,153.25,,39.3
570,1.72808,,152.5,,39.2
571,1.7305,,151.75,,39.1
572,1.73293,,151,,39
573,1.73538,,150.5,,38.9667
574,1.73784,,150,,38.9333
575,1.7403,,149.5,,38.9
576,1.74275,,149,,38.8667
577,1.7452,,148.5,,38.8333
578,1.74766,,148,,38.8
579,1.75062,,147.714,,38.7714
580,1.75357,,147.429,,38.7429
581,1.75653,,147.143,,38.7143
582,1.75948,,146.857,,38.6857
583,1.76244,,146.571,,38.6571
584,1.76539,,146.286,,38.6286
585,1.76835,,146,,38.6
586,1.77141,,145.857,,38.6
587,1.77448,,145.714,,38.6
588,1.77754,,145.571,,38.6
589,1.78061,,145.429,,38.6
590,1.78367,,145.286,,38.6
591,1.78674,,145.143,,38.6
592,1.7898,,145,,38.6
593,1.79226,,145,,38.6222
594,1.79472,,145,,38.6444
595,1.79717,,145,,38.6667
596,1.79963,,145,,38.6889
597,1.80209,,145,,38.7111
598,1.80455,,145,,38.7333
599,1.807,,145,,38.7556
600,1.80946,,145,,38.7778
601,1.81192,,145,,38.8
602,1.81498,,144.714,,38.8
603,1.81804,,144.429,,38.8
604,1.8211,,144.143,,38.8
605,1.82417,,143.857,,38.8
606,1.82723,,143.571,,38.8
607,1.83029,,143.286,,38.8
608,1.83335,,143,,38.8
609,1.83572,,142.778,,38.8444
610,1.83808,,142.556,,38.8889
611,1.84045,,142.333,,38.9333
612,1.84281,,142.111,,38.9778
613,1.84518,,141.889,,39.0222
614,1.84754,,141.667,,39.0667
615,1.84991,,141.444,,39.1111
616,1.85227,,141.222,,39.1556
617,1.85464,,141,,39.2
618,1.85747,,141,,39.225
619,1.86029,,141,,39.25
620,1.86312,,141,,39.275
621,1.86594,,141,,39.3
622,1.86877,,141,,39.325
623,1.8716,,141,,39.35
624,1.87442,,141,,39.375
625,1.87725,,141,,39.4
626,1.87984,,141,,39.375
627,1.88242,,141,,39.35
628,1.88501,,141,,39.325
629,1.88759,,141,,39.3
630,1.89017,,141,,39.275
631,1.89276,,141,,39.25
632,1.89534,,141,,39.225
633,1.89793,,141,,39.2
634,1.90042,,140.5,,39.1667
635,1.90291,,140,,39.1333
636,1.9054,,139.5,,39.1
637,1.90789,,139,,39.0667
638,1.91038,,138.5,,39.0333
639,1.91287,,138,,39
640,1.91563,,137.875,,38.925
641,1.91839,,137.75,,38.85
642,1.92115,,137.625,,38.775
643,1.92392,,137.5,,38.7
644,1.92668,,137.375,,38.625
645,1.92944,,137.25,,38.55
646,1.9322,,137.125,,38.475
647,1.93496,,137,,38.4
648,1.93771,,137,,38.32
649,1.94046,,137,,38.24
650,1.94322,,137,,38.16
651,1.94597,,137,,38.08
652,1.94872,,137,,38
653,1.95168,,137.2,,37.76
654,1.95465,,137.4,,37.52
655,1.95761,,137.6,,37.28
656,1.96058,,137.8,,37.04
657,1.96354,,138,,36.8
658,1.96635,,137.75,,36.75
659,1.96915,,137.5,,36.7
660,1.97196,,137.25,,36.65
661,1.97476,,137,,36.6
662,1.97757,,136.75,,36.55
663,1.98037,,136.5,,36.5
664,1.98318,,136.25,,36.45
665,1.98598,,136,,36.4
666,1.98968,,136.167,,36.3333
667,1.99338,,136.333,,36.2667
668,1.99708,,136.5,,36.2
669,2.00078,,136.667,,36.1333
670,2.00448,,136.833,,36.0667
671,2.00818,,137,,36
672,2.01151,,137,,35.8
673,2.0141,,136.75,,35.7
674,2.01669,,136.5,,35.6
675,2.01928,,136.25,,35.5
676,2.02187,,136,,35.4
677,2.02445,,135.75,,35.3
678,2.02704,,135.5,,35.2
679,2.02963,,135.25,,35.1
680,2.03222,,135,,35
681,2.0349,,135,,34.95
682,2.03758,,135,,34.9
683,2.04027,,135,,34.85
684,2.04295,,135,,34.8
685,2.04511,,134.667,,34.7556
686,2.04726,,134.333,,34.7111
687,2.04942,,134,,34.6667
688,2.05157,,133.667,,34.6222
689,2.05373,,133.333,,34.5778
690,2.05588,,133,,34.5333
691,2.05804,,132.667,,34.4889
692,2.06019,,132.333,,34.4444
693,2.06235,,132,,34.4
694,2.06384,,131,,34.3333
695,2.06534,,130,,34.2667
696,2.06683,,129,,34.2
697,2.06942,,128.889,,34.1778
698,2.07202,,128.778,,34.1556
699,2.07461,,128.667,,34.1333
700,2.07721,,128.556,,34.1111
701,2.0798,,128.444,,34.0889
702,2.0824,,128.333,,34.0667
703,2.08499,,128.222,,34.0444
704,2.08759,,128.111,,34.0222
705,2.09018,,128,,34
706,2.09307,,128.286,,33.9714
707,2.09597,,128.571,,33.9429
708,2.09886,,128.857,,33.9143
709,2.10175,,129.143,,33.8857
710,2.10464,,129.429,,33.8571
711,2.10754,,129.714,,33.8286
712,2.11043,,130,,33.8
713,2.11342,,130,,33.8
714,2.11572,,130,,33.76
715,2.11802,,130,,33.72
716,2.12031,,130,,33.68
717,2.12261,,130,,33.64
718,2.12491,,130,,33.6
719,2.12679,,129.667,,33.2667
720,2.12866,,129.333,,32.9333
721,2.13054,,129,,32.6
722,2.1326,,129,,32.35
723,2.13467,,129,,32.1
724,2.13673,,129,,31.85
725,2.1388,,129,,31.6
726,2.14029,,128.8,,31.52
727,2.14178,,128.6,,31.44
728,2.14326,,128.4,,31.36
729,2.14475,,128.2,,31.28
730,2.14624,,128,,31.2
731,2.14819,,127.4,,31
732,2.15014,,126.8,,30.8
733,2.1521,,126.2,,30.6
734,2.15405,,125.6,,30.4
735,2.156,,125,,30.2
736,2.15775,,124.6,,29.96
737,2.1595,,124.2,,29.72
738,2.16126,,123.8,,29.48
739,2.16301,,123.4,,29.24
740,2.16476,,123,,29
741,2.1672,,123.25,,28.7
742,2.16964,,123.5,,28.4
743,2.17208,,123.75,,28.1
744,2.17452,,124,,27.8
745,2.17682,,124.222,,27.7111
746,2.17913,,124.444,,27.6222
747,2.18143,,124.667,,27.5333
748,2.18374,,124.889,,27.4444
749,2.18604,,125.111,,27.3556
750,2.18835,,125.333,,27.2667
751,2.19065,,125.556,,27.1778
752,2.19296,,125.778,,27.0889
753,2.19526,,126,,27
754,2.19707,,126.75,,27
755,2.19889,,127.5,,27
756,2.2007,,128.25,,27
757,2.20251,,129,,27
758,2.2048,,129.25,,26.95
759,2.20709,,129.5,,26.9
760,2.20937,,129.75,,26.85
761,2.21166,,130,,26.8
762,2.21583,,130,,26.8
763,2.22,,130,,26.8
764,2.22416,,130,,26.8
765,2.22833,,130,,26.8
766,2.2325,,130,,26.8
767,2.23503,,130.125,,26.725
768,2.23755,,130.25,,26.65
769,2.24008,,130.375,,26.575
770,2.24261,,130.5,,26.5
771,2.24514,,130.625,,26.425
772,2.24767,,130.75,,26.35
773,2.25019,,130.875,,26.275
774,2.25272,,131,,26.2
775,2.2556,,131.286,,26.1714
776,2.25847,,131.571,,26.1429
777,2.26135,,131.857,,26.1143
778,2.26423,,132.143,,26.0857
779,2.26711,,132.429,,26.0571
780,2.26998,,132.714,,26.0286
781,2.27286,,133,,26
782,2.27478,,133.091,,26.0364
783,2.27669,,133.182,,26.0727
784,2.27861,,133.273,,26.1091
785,2.28053,,133.364,,26.1455
786,2.28244,,133.455,,26.1818
787,2.28436,,133.545,,26.2182
788,2.28627,,133.636,,26.2545
789,2.28819,,133.727,,26.2909
790,2.29011,,133.818,,26.3273
791,2.29202,,133.909,,26.3636
792,2.29394,,134,,26.4
793,2.29599,,134.167,,26.4667
794,2.29804,,134.333,,26.5333
795,2.30009,,134.5,,26.6
796,2.30214,,134.667,,26.6667
797,2.30419,,134.833,,26.7333
798,2.30624,,135,,26.8
799,2.31019,,135.667,,26.9667
800,2.31415,,136.333,,27.1333
801,2.3181,,137,,27.3
802,2.32205,,137.667,,27.4667
803,2.32601,,138.333,,27.6333
804,2.32996,,139,,27.8
805,2.33213,,139.286,,27.9714
806,2.33429,,139.571,,28.1429
807,2.33646,,139.857,,28.3143
808,2.33862,,140.143,,28.4857
809,2.34079,,140.429,,28.6571
810,2.34295,,140.714,,28.8286
811,2.34512,,141,,29
812,2.34716,,141,,29.2
813,2.3492,,141,,29.4
814,2.35124,,141,,29.6
815,2.35297,,141.286,,29.6571
816,2.3547,,141.571,,29.7143
817,2.35643,,141.857,,29.7714
818,2.35815,,142.143,,29.8286
819,2.35988,,142.429,,29.8857
820,2.36161,,142.714,,29.9429
821,2.36334,,143,,30
822,2.36815,,143,,30
823,2.37295,,143,,30
824,2.37603,,143.125,,30.15
825,2.37911,,143.25,,30.3
826,2.3822,,143.375,,30.45
827,2.38528,,143.5,,30.6
828,2.38836,,143.625,,30.75
829,2.39145,,143.75,,30.9
830,2.39453,,143.875,,31.05
831,2.39761,,144,,31.2
832,2.40013,,144.125,,31.275
833,2.40264,,144.25,,31.35
834,2.40516,,144.375,,31.425
835,2.40768,,144.5,,31.5
836,2.4102,,144.625,,31.575
837,2.41271,,144.75,,31.65
838,2.41523,,144.875,,31.725
839,2.41775,,145,,31.8
840,2.41957,,144.5,,31.8333
841,2.4214,,144,,31.8667
842,2.42322,,143.5,,31.9
843,2.42504,,143,,31.9333
844,2.42687,,142.5,,31.9667
845,2.42869,,142,,32
846,2.43075,,141.818,,32.0182
847,2.43282,,141.636,,32.0364
848,2.43488,,141.455,,32.0545
849,2.43695,,141.273,,32.0727
850,2.43901,,141.091,,32.0909
851,2.44108,,140.909,,32.1091
852,2.44314,,140.727,,32.1273
853,2.44521,,140.545,,32.1455
854,2.44727,,140.364,,32.1636
855,2.44934,,140.182,,32.1818
856,2.4514,,140,,32.2
857,2.45479,,140,,32.3
858,2.45817,,140,,32.4
859,2.46156,,140,,32.5
860,2.46495,,140,,32.6
861,2.46833,,140,,32.7
862,2.47172,,140,,32.8
863,2.47478,,140,,32.825
864,2.47783,,140,,32.85
865,2.48089,,140,,32.875
866,2.48395,,140,,32.9
867,2.487,,140,,32.925
868,2.49006,,140,,32.95
869,2.49311,,140,,32.975
870,2.49617,,140,,33
871,2.50023,,140.2,,33.04
872,2.50428,,140.4,,33.08
873,2.50834,,140.6,,33.12
874,2.51239,,140.8,,33.16
875,2.51645,,141,,33.2
876,2.5193,,141,,33.2
877,2.52184,,141.25,,33.325
878,2.52439,,141.5,,33.45
879,2.52693,,141.75,,33.575
880,2.52947,,142,,33.7
881,2.53202,,142.25,,33.825
882,2.53456,,142.5,,33.95
883,2.53711,,142.75,,34.075
884,2.53965,,143,,34.2
885,2.54251,,143,,34.2667
886,2.54537,,143,,34.3333
887,2.54823,,143,,34.4
888,2.55118,,143.25,,34.5
889,2.55412,,143.5,,34.6
890,2.55707,,143.75,,34.7
891,2.56001,,144,,34.8
892,2.56296,,144.25,,34.9
893,2.56591,,144.5,,35
894,2.56885,,144.75,,35.1
895,2.5718,,145,,35.2
896,2.5756,,145.167,,35.2
897,2.5794,,145.333,,35.2
898,2.5832,,145.5,,35.2
899,2.58701,,145.667,,35.2
900,2.59081,,145.833,,35.2
901,2.59461,,146,,35.2
902,2.5976,,146,,35.4
903,2.60098,,145.833,,35.3667
904,2.60435,,145.667,,35.3333
905,2.60773,,145.5,,35.3
906,2.61111,,145.333,,35.2667
907,2.61448,,145.167,,35.2333
908,2.61786,,145,,35.2
909,2.62031,,144.4,,35.16
910,2.62276,,143.8,,35.12
911,2.62521,,143.2,,35.08
912,2.62766,,142.6,,35.04
913,2.63011,,142,,35
914,2.63265,,141.875,,35.025
915,2.63519,,141.75,,35.05
916,2.63773,,141.625,,35.075
917,2.64027,,141.5,,35.1
918,2.64281,,141.375,,35.125
919,2.64535,,141.25,,35.15
920,2.64789,,141.125,,35.175
921,2.65043,,141,,35.2
922,2.65316,,141.125,,35.2
923,2.65589,,141.25,,35.2
924,2.65862,,141.375,,35.2
925,2.66136,,141.5,,35.2
926,2.66409,,141.625,,35.2
927,2.66682,,141.75,,35.2
928,2.66955,,141.875,,35.2
929,2.67228,,142,,35.2
930,2.67465,,141.778,,35.2222
931,2.67703,,141.556,,35.2444
932,2.6794,,141.333,,35.2667
933,2.68178,,141.111,,35.2889
934,2.68415,,140.889,,35.3111
935,2.68653,,140.667,,35.3333
936,2.6889,,140.444,,35.3556
937,2.69128,,140.222,,35.3778
938,2.69365,,140,,35.4
939,2.69713,,139.667,,35.4667
940,2.70061,,139.333,,35.5333
941,2.70409,,139,,35.6
942,2.70756,,138.667,,35.6667
943,2.71104,,138.333,,35.7333
944,2.71452,,138,,35.8
945,2.71709,,137.875,,35.8
946,2.71966,,137.75,,35.8
947,2.72223,,137.625,,35.8
948,2.7248,,137.5,,35.8
949,2.72738,,137.375,,35.8
950,2.72995,,137.25,,35.8
951,2.73252,,137.125,,35.8
952,2.73509,,137,,35.8
953,2.73719,,137.375,,35.85
954,2.73929,,137.75,,35.9
955,2.74139,,138.125,,35.95
956,2.7435,,138.5,,36
957,2.7456,,138.875,,36.05
958,2.7477,,139.25,,36.1
959,2.7498,,139.625,,36.15
960,2.7519,,140,,36.2
961,2.75543,,139.667,,36.2667
962,2.75895,,139.333,,36.3333
963,2.76248,,139,,36.4
964,2.76508,,139,,36.4
965,2.76731,,139.25,,36.45
966,2.76955,,139.5,,36.5
967,2.77179,,139.75,,36.55
968,2.77402,,140,,36.6
969,2.77639,,140.25,,36.8
970,2.77875,,140.5,,37
971,2.78111,,140.75,,37.2
972,2.78348,,141,,37.4
973,2.786,,141.375,,37.5
974,2.78851,,141.75,,37.6
975,2.79103,,142.125,,37.7
976,2.79354,,142.5,,37.8
977,2.79606,,142.875,,37.9
978,2.79858,,143.25,,38
979,2.80109,,143.625,,38.1
980,2.80361,,144,,38.2
981,2.80625,,144,,38.6
982,2.80873,,144.286,,38.7429
983,2.81121,,144.571,,38.8857
984,2.81369,,144.857,,39.0286
985,2.81616,,145.143,,39.1714
986,2.81864,,145.429,,39.3143
987,2.82112,,145.714,,39.4571
988,2.8236,,146,,39.6
989,2.82652,,146.286,,39.7429
990,2.82943,,146.571,,39.8857
991,2.83235,,146.857,,40.0286
992,2.83527,,147.143,,40.1714
993,2.83819,,147.429,,40.3143
994,2.8411,,147.714,,40.4571
995,2.84402,,148,,40.6
996,2.84619,,148,,40.6
997,2.84868,,148.25,,40.75
998,2.85116,,148.5,,40.9
999,2.85365,,148.75,,41.05
1000,2.85614,,149,,41.2
1001,2.85863,,149.25,,41.35
1002,2.86111,,149.5,,41.5
1003,2.8636,,149.75,,41.65
1004,2.86609,,150,,41.8
1005,2.86882,,150,,42.04
1006,2.87155,,150,,42.28
1007,2.87427,,150,,42.52
1008,2.877,,150,,42.76
1009,2.87973,,150,,43
1010,2.88253,,150,,43.24
1011,2.88534,,150,,43.48
1012,2.88814,,150,,43.72
1013,2.89095,,150,,43.96
1014,2.89375,,150,,44.2
1015,2.89664,,150.143,,44.2857
1016,2.89954,,150.286,,44.3714
1017,2.90243,,150.429,,44.4571
1018,2.90532,,150.571,,44.5429
1019,2.90821,,150.714,,44.6286
1020,2.91111,,150.857,,44.7143
1021,2.914,,151,,44.8
1022,2.91703,,151,,45.1
1023,2.92006,,151,,45.4
1024,2.92271,,151.125,,45.525
1025,2.92537,,151.25,,45.65
1026,2.92802,,151.375,,45.775
1027,2.93068,,151.5,,45.9
1028,2.93334,,151.625,,46.025
1029,2.93599,,151.75,,46.15
1030,2.93865,,151.875,,46.275
1031,2.9413,,152,,46.4
1032,2.94416,,152.333,,46.7333
1033,2.94702,,152.667,,47.0667
1034,2.94988,,153,,47.4
1035,2.95253,,153.2,,47.6
1036,2.95519,,153.4,,47.8
1037,2.95784,,153.6,,48
1038,2.9605,,153.8,,48.2
1039,2.96315,,154,,48.4
1040,2.96566,,154.143,,48.6
1041,2.96817,,154.286,,48.8
1042,2.97068,,154.429,,49
1043,2.97319,,154.571,,49.2
1044,2.9757,,154.714,,49.4
1045,2.97821,,154.857,,49.6
1046,2.98072,,155,,49.8
1047,2.98315,,155,,49.9714
1048,2.98557,,155,,50.1429
1049,2.988,,155,,50.3143
1050,2.99042,,155,,50.4857
1051,2.99285,,155,,50.6571
1052,2.99527,,155,,50.8286
1053,2.9977,,155,,51
1054,3.00051,,155,,51.1667
1055,3.00332,,155,,51.3333
1056,3.00613,,155,,51.5
1057,3.00894,,155,,51.6667
1058,3.01175,,155,,51.8333
1059,3.01456,,155,,52
1060,3.01714,,155,,52.25
1061,3.01971,,155,,52.5
1062,3.02229,,155,,52.75
1063,3.02487,,155,,53
1064,3.02687,,154.9,,53.14
1065,3.02887,,154.8,,53.28
1066,3.03087,,154.7,,53.42
1067,3.03287,,154.6,,53.56
1068,3.03487,,154.5,,53.7
1069,3.03687,,154.4,,53.84
1070,3.03887,,154.3,,53.98
1071,3.04087,,154.2,,54.12
1072,3.04287,,154.1,,54.26
1073,3.04487,,154,,54.4
1074,3.04744,,154,,54.5714
1075,3.05002,,154,,54.7429
1076,3.05259,,154,,54.9143
1077,3.05517,,154,,55.0857
1078,3.05774,,154,,55.2571
1079,3.06032,,154,,55.4286
1080,3.06289,,154,,55.6
1081,3.06575,,154.143,,55.7143
1082,3.06861,,154.286,,55.8286
1083,3.07147,,154.429,,55.9429
1084,3.07434,,154.571,,56.0571
1085,3.0772,,154.714,,56.1714
1086,3.08006,,154.857,,56.2857
1087,3.08292,,155,,56.4
1088,3.08608,,155,,56.6
1089,3.08914,,154.857,,56.7429
1090,3.0922,,154.714,,56.8857
1091,3.09526,,154.571,,57.0286
1092,3.09831,,154.429,,57.1714
1093,3.10137,,154.286,,57.3143
1094,3.10443,,154.143,,57.4571
1095,3.10749,,154,,57.6
1096,3.11037,,154,,57.8
1097,3.11298,,154,,57.9
1098,3.1156,,154,,58
1099,3.11821,,154,,58.1
1100,3.12082,,154,,58.2
1101,3.12344,,154,,58.3
1102,3.12605,,154,,58.4
1103,3.12867,,154,,58.5
1104,3.13128,,154,,58.6
1105,3.13394,,154,,58.7
1106,3.1366,,154,,58.8
1107,3.13976,,153.714,,58.9714
1108,3.14292,,153.429,,59.1429
1109,3.14608,,153.143,,59.3143
1110,3.14925,,152.857,,59.4857
1111,3.15241,,152.571,,59.6571
1112,3.15557,,152.286,,59.8286
1113,3.15873,,152,,60
1114,3.16172,,151.857,,60.1429
1115,3.1647,,151.714,,60.2857
1116,3.16769,,151.571,,60.4286
1117,3.17068,,151.429,,60.5714
1118,3.17367,,151.286,,60.7143
1119,3.17665,,151.143,,60.8571
1120,3.17964,,151,,61
1121,3.18266,,151.143,,61.0571
1122,3.18569,,151.286,,61.1143
1123,3.18871,,151.429,,61.1714
1124,3.19174,,151.571,,61.2286
1125,3.19476,,151.714,,61.2857
1126,3.19779,,151.857,,61.3429
1127,3.20081,,152,,61.4
1128,3.20344,,151,,61.4
1129,3.20608,,150,,61.4
1130,3.20871,,149,,61.4
1131,3.21171,,148.857,,61.3429
1132,3.2147,,148.714,,61.2857
1133,3.2177,,148.571,,61.2286
1134,3.22069,,148.429,,61.1714
1135,3.22369,,148.286,,61.1143
1136,3.22668,,148.143,,61.0571
1137,3.22968,,148,,61
1138,3.23275,,147.857,,61
1139,3.23582,,147.714,,61
1140,3.23889,,147.571,,61
1141,3.24197,,147.429,,61
1142,3.24504,,147.286,,61
1143,3.24811,,147.143,,61
1144,3.25118,,147,,61
1145,3.25378,,146.571,,61
1146,3.25639,,146.143,,61
1147,3.25899,,145.714,,61
1148,3.2616,,145.286,,61
1149,3.2642,,144.857,,61
1150,3.26681,,144.429,,61
1151,3.26941,,144,,61
1152,3.27228,,144,,61.0857
1153,3.27514,,144,,61.1714
1154,3.27801,,144,,61.2571
1155,3.28087,,144,,61.3429
1156,3.28374,,144,,61.4286
1157,3.2866,,144,,61.5143
1158,3.28947,,144,,61.6
1159,3.29218,,144,,61.65
1160,3.2949,,144,,61.7
1161,3.29761,,144,,61.75
1162,3.30033,,144,,61.8
1163,3.30305,,144,,61.85
1164,3.30576,,144,,61.9
1165,3.30848,,144,,61.95
1166,3.31119,,144,,62
1167,3.31365,,144,,62.2
1168,3.31483,,144,,62.2
1169,3.31602,,144,,62.2
1170,3.3172,,144,,62.2
1171,3.31838,,144,,62.2
1172,3.32042,,144,,62.28
1173,3.32245,,144,,62.36
1174,3.32449,,144,,62.44
1175,3.32653,,144,,62.52
1176,3.32857,,144,,62.6
1177,3.3306,,144,,62.68
1178,3.33264,,144,,62.76
1179,3.33468,,144,,62.84
1180,3.33671,,144,,62.92
1181,3.33875,,144,,63
1182,3.34098,,144,,63.0667
1183,3.3432,,144,,63.1333
1184,3.34543,,144,,63.2
1185,3.34734,,144.222,,63.2222
1186,3.34925,,144.444,,63.2444
1187,3.35117,,144.667,,63.2667
1188,3.35308,,144.889,,63.2889
1189,3.35499,,145.111,,63.3111
1190,3.3569,,145.333,,63.3333
1191,3.35882,,145.556,,63.3556
1192,3.36073,,145.778,,63.3778
1193,3.36264,,146,,63.4
1194,3.36464,,145.818,,63.4364
1195,3.36664,,145.636,,63.4727
1196,3.36864,,145.455,,63.5091
1197,3.37064,,145.273,,63.5455
1198,3.37264,,145.091,,63.5818
1199,3.37464,,144.909,,63.6182
1200,3.37664,,144.727,,63.6545
1201,3.37864,,144.545,,63.6909
1202,3.38064,,144.364,,63.7273
1203,3.38264,,144.182,,63.7636
1204,3.38464,,144,,63.8
1205,3.38739,,144,,63.88
1206,3.39014,,144,,63.96
1207,3.3929,,144,,64.04
1208,3.39565,,144,,64.12
1209,3.3984,,144,,64.2
1210,3.40074,,144,,64.3111
1211,3.40307,,144,,64.4222
1212,3.40541,,144,,64.5333
1213,3.40775,,144,,64.6444
1214,3.41008,,144,,64.7556
1215,3.41242,,144,,64.8667
1216,3.41476,,144,,64.9778
1217,3.41709,,144,,65.0889
1218,3.41943,,144,,65.2
1219,3.42236,,144,,65.2
1220,3.42448,,143.667,,65.2667
1221,3.42661,,143.333,,65.3333
1222,3.42873,,143,,65.4
1223,3.43085,,142.667,,65.4667
1224,3.43298,,142.333,,65.5333
1225,3.4351,,142,,65.6
1226,3.43722,,141.667,,65.6667
1227,3.43935,,141.333,,65.7333
1228,3.44147,,141,,65.8
1229,3.4441,,140.889,,65.8
1230,3.44673,,140.778,,65.8
1231,3.44935,,140.667,,65.8
1232,3.45198,,140.556,,65.8
1233,3.45461,,140.444,,65.8
1234,3.45724,,140.333,,65.8
1235,3.45986,,140.222,,65.8
1236,3.46249,,140.111,,65.8
1237,3.46512,,140,,65.8
1238,3.46733,,140.125,,65.875
1239,3.46953,,140.25,,65.95
1240,3.47174,,140.375,,66.025
1241,3.47395,,140.5,,66.1
1242,3.47615,,140.625,,66.175
1243,3.47836,,140.75,,66.25
1244,3.48056,,140.875,,66.325
1245,3.48277,,141,,66.4
1246,3.48514,,141,,66.4222
1247,3.48751,,141,,66.4444
1248,3.48987,,141,,66.4667
1249,3.49224,,141,,66.4889
1250,3.49461,,141,,66.5111
1251,3.49698,,141,,66.5333
1252,3.49934,,141,,66.5556
1253,3.50171,,141,,66.5778
1254,3.50408,,141,,66.6
1255,3.50771,,141.167,,66.6333
1256,3.51135,,141.333,,66.6667
1257,3.51498,,141.5,,66.7
1258,3.51861,,141.667,,66.7333
1259,3.52225,,141.833,,66.7667
1260,3.52588,,142,,66.8
1261,3.52912,,141.714,,66.8286
1262,3.53236,,141.429,,66.8571
1263,3.5356,,141.143,,66.8857
1264,3.53884,,140.857,,66.9143
1265,3.54208,,140.571,,66.9429
1266,3.54532,,140.286,,66.9714
1267,3.54856,,140,,67
1268,3.55144,,140.286,,67
1269,3.55432,,140.571,,67
1270,3.5572,,140.857,,67
1271,3.56007,,141.143,,67
1272,3.56295,,141.429,,67
1273,3.56583,,141.714,,67
1274,3.56871,,142,,67
1275,3.57164,,142.143,,67
1276,3.57456,,142.286,,67
1277,3.57749,,142.429,,67
1278,3.58042,,142.571,,67
1279,3.58335,,142.714,,67
1280,3.58627,,142.857,,67
1281,3.5892,,143,,67
1282,3.59237,,143,,67
1283,3.59555,,143,,67
1284,3.59872,,143,,67
1285,3.6019,,143,,67
1286,3.60507,,143,,67
1287,3.60825,,143,,67
1288,3.61142,,143,,67
1289,3.61421,,143,,67.1
1290,3.61699,,143,,67.2
1291,3.61977,,143,,67.3
1292,3.62256,,143,,67.4
1293,3.62483,,142.889,,67.4667
1294,3.62711,,142.778,,67.5333
1295,3.62938,,142.667,,67.6
1296,3.63165,,142.556,,67.6667
1297,3.63393,,142.444,,67.7333
1298,3.6362,,142.333,,67.8
1299,3.63847,,142.222,,67.8667
1300,3.64075,,142.111,,67.9333
1301,3.64302,,142,,68
1302,3.64463,,142,,68.0667
1303,3.64624,,142,,68.1333
1304,3.64785,,142,,68.2
1305,3.64947,,142,,68.2667
1306,3.65108,,142,,68.3333
1307,3.65269,,142,,68.4
1308,3.65317,,142.111,,68.4444
1309,3.65365,,142.222,,68.4889
1310,3.65413,,142.333,,68.5333
1311,3.65461,,142.444,,68.5778
1312,3.6551,,142.556,,68.6222
1313,3.65558,,142.667,,68.6667
1314,3.65606,,142.778,,68.7111
1315,3.65654,,142.889,,68.7556
1316,3.65702,,143,,68.8
1350,3.65702,,117,,68.8
1351,3.65925,,117,,68.8
1352,3.66187,,118,,68.8
1353,3.6645,,119,,68.8
1354,3.66712,,120,,68.8
1355,3.66974,,121,,68.8
1356,3.67439,,121.6,,68.84
1357,3.67905,,122.2,,68.88
1358,3.6837,,122.8,,68.92
1359,3.68836,,123.4,,68.96
1360,3.69301,,124,,69
1361,3.69651,,125.5,,69.1
1362,3.70001,,127,,69.2
1363,3.70313,,127,,69.4
1364,3.70603,,127.75,,69.5
1365,3.70894,,128.5,,69.6
1366,3.71184,,129.25,,69.7
1367,3.71475,,130,,69.8
1368,3.71741,,130.6,,69.84
1369,3.72007,,131.2,,69.88
1370,3.72273,,131.8,,69.92
1371,3.72539,,132.4,,69.96
1372,3.72805,,133,,70
1373,3.73151,,133,,70.0333
1374,3.73496,,133,,70.0667
1375,3.73842,,133,,70.1
1376,3.74188,,133,,70.1333
1377,3.74533,,133,,70.1667
1378,3.74879,,133,,70.2
1379,3.75138,,133.75,,70.2
1380,3.75396,,134.5,,70.2
1381,3.75655,,135.25,,70.2
1382,3.75914,,136,,70.2
1383,3.76201,,136.333,,70.2667
1384,3.76488,,136.667,,70.3333
1385,3.76775,,137,,70.4
1386,3.77096,,137.6,,70.52
1387,3.77417,,138.2,,70.64
1388,3.77737,,138.8,,70.76
1389,3.78058,,139.4,,70.88
1390,3.78379,,140,,71
1391,3.78616,,140.286,,71.0857
1392,3.78852,,140.571,,71.1714
1393,3.79089,,140.857,,71.2571
1394,3.79325,,141.143,,71.3429
1395,3.79562,,141.429,,71.4286
1396,3.79798,,141.714,,71.5143
1397,3.80035,,142,,71.6
1398,3.8023,,142,,71.6
1399,3.80558,,142.286,,71.6571
1400,3.80887,,142.571,,71.7143
1401,3.81215,,142.857,,71.7714
1402,3.81543,,143.143,,71.8286
1403,3.81871,,143.429,,71.8857
1404,3.822,,143.714,,71.9429
1405,3.82528,,144,,72
1406,3.82876,,144,,72.0333
1407,3.83225,,144,,72.0667
1408,3.83573,,144,,72.1
1409,3.83922,,144,,72.1333
1410,3.84271,,144,,72.1667
1411,3.84619,,144,,72.2
1412,3.84958,,144.167,,72.2
1413,3.85297,,144.333,,72.2
1414,3.85637,,144.5,,72.2
1415,3.85976,,144.667,,72.2
1416,3.86315,,144.833,,72.2
1417,3.86654,,145,,72.2
1418,3.8688,,145,,72.2667
1419,3.87106,,145,,72.3333
1420,3.87333,,145,,72.4
1421,3.87559,,145,,72.4667
1422,3.87785,,145,,72.5333
1423,3.88011,,145,,72.6
1424,3.88179,,144.909,,72.6909
1425,3.88347,,144.818,,72.7818
1426,3.88515,,144.727,,72.8727
1427,3.88683,,144.636,,72.9636
1428,3.88851,,144.545,,73.0545
1429,3.8902,,144.455,,73.1455
1430,3.89188,,144.364,,73.2364
1431,3.89356,,144.273,,73.3273
1432,3.89524,,144.182,,73.4182
1433,3.89692,,144.091,,73.5091
1434,3.8986,,144,,73.6
1435,3.89999,,144.2,,73.64
1436,3.90138,,144.4,,73.68
1437,3.90278,,144.6,,73.72
1438,3.90417,,144.8,,73.76
1439,3.90556,,145,,73.8
1440,3.90859,,144.857,,73.8571
1441,3.91163,,144.714,,73.9143
1442,3.91466,,144.571,,73.9714
1443,3.9177,,144.429,,74.0286
1444,3.92073,,144.286,,74.0857
1445,3.92377,,144.143,,74.1429
1446,3.9268,,144,,74.2
1447,3.93067,,144,,74.2667
1448,3.93453,,144,,74.3333
1449,3.93839,,144,,74.4
1450,3.94226,,144,,74.4667
1451,3.94613,,144,,74.5333
1452,3.94999,,144,,74.6
1453,3.95281,,144,,74.6
1454,3.95537,,144.125,,74.675
1455,3.95794,,144.25,,74.75
1456,3.9605,,144.375,,74.825
1457,3.96307,,144.5,,74.9
1458,3.96563,,144.625,,74.975
1459,3.96819,,144.75,,75.05
1460,3.97076,,144.875,,75.125
1461,3.97332,,145,,75.2
1462,3.97607,,145,,75.225
1463,3.97882,,145,,75.25
1464,3.98157,,145,,75.275
1465,3.98432,,145,,75.3
1466,3.98706,,145,,75.325
1467,3.98981,,145,,75.35
1468,3.99256,,145,,75.375
1469,3.99531,,145,,75.4
1470,3.99809,,145.333,,75.5333
1471,4.00088,,145.667,,75.6667
1472,4.00366,,146,,75.8
1473,4.00744,,146,,75.8333
1474,4.01121,,146,,75.8667
1475,4.01499,,146,,75.9
1476,4.01877,,146,,75.9333
1477,4.02254,,146,,75.9667
1478,4.02632,,146,,76
1479,4.03107,,145.8,,76
1480,4.03582,,145.6,,76
1481,4.04058,,145.4,,76
1482,4.04533,,145.2,,76
1483,4.05008,,145,,76
1484,4.05346,,144.667,,76
1485,4.05685,,144.333,,76
1486,4.06023,,144,,76
1487,4.06361,,143.667,,76
1488,4.067,,143.333,,76
1489,4.07038,,143,,76
1490,4.07341,,143,,75.9714
1491,4.07644,,143,,75.9429
1492,4.07947,,143,,75.9143
1493,4.0825,,143,,75.8857
1494,4.08553,,143,,75.8571
1495,4.08856,,143,,75.8286
1496,4.09159,,143,,75.8
1497,4.09454,,142.875,,75.8
1498,4.09748,,142.75,,75.8
1499,4.10042,,142.625,,75.8
1500,4.10337,,142.5,,75.8
1501,4.10632,,142.375,,75.8
1502,4.10926,,142.25,,75.8
1503,4.1122,,142.125,,75.8
1504,4.11515,,142,,75.8
1505,4.11813,,142.143,,75.8286
1506,4.12111,,142.286,,75.8571
1507,4.12409,,142.429,,75.8857
1508,4.12706,,142.571,,75.9143
1509,4.13004,,142.714,,75.9429
1510,4.13302,,142.857,,75.9714
1511,4.136,,143,,76
1512,4.13823,,143.111,,76
1513,4.14046,,143.222,,76
1514,4.14269,,143.333,,76
1515,4.14492,,143.444,,76
1516,4.14716,,143.556,,76
1517,4.14939,,143.667,,76
1518,4.15162,,143.778,,76
1519,4.15385,,143.889,,76
1520,4.15608,,144,,76
1521,4.15855,,144,,76
1522,4.16102,,144,,76
1523,4.16349,,144,,76
1524,4.16596,,144,,76
1525,4.16843,,144,,76
1526,4.1709,,144,,76
1527,4.17337,,144,,76
1528,4.17584,,144,,76
1529,4.17831,,144,,76
1530,4.18075,,143.778,,76
1531,4.18318,,143.556,,76
1532,4.18562,,143.333,,76
1533,4.18805,,143.111,,76
1534,4.19049,,142.889,,76
1535,4.19292,,142.667,,76
1536,4.19536,,142.444,,76
1537,4.19779,,142.222,,76
1538,4.20023,,142,,76
1539,4.20334,,141.714,,75.9143
1540,4.20645,,141.429,,75.8286
1541,4.20956,,141.143,,75.7429
1542,4.21266,,140.857,,75.6571
1543,4.21577,,140.571,,75.5714
1544,4.21888,,140.286,,75.4857
1545,4.22199,,140,,75.4
1546,4.22472,,139.875,,75.375
1547,4.22746,,139.75,,75.35
1548,4.23019,,139.625,,75.325
1549,4.23292,,139.5,,75.3
1550,4.23566,,139.375,,75.275
1551,4.23839,,139.25,,75.25
1552,4.24113,,139.125,,75.225
1553,4.24386,,139,,75.2
1554,4.24497,,139,,75.2667
1555,4.24608,,139,,75.3333
1556,4.24719,,139,,75.4
1557,4.24831,,139,,75.4667
1558,4.24942,,139,,75.5333
1559,4.25053,,139,,75.6
1560,4.25314,,139,,75.65
1561,4.25574,,139,,75.7
1562,4.25835,,139,,75.75
1563,4.26095,,139,,75.8
1564,4.26356,,139,,75.85
1565,4.26616,,139,,75.9
1566,4.26877,,139,,75.95
1567,4.27137,,139,,76
1568,4.27506,,139.333,,76.1
1569,4.27874,,139.667,,76.2
1570,4.28242,,140,,76.3
1571,4.28611,,140.333,,76.4
1572,4.28979,,140.667,,76.5
1573,4.29348,,141,,76.6
1574,4.29542,,141,,76.8
1575,4.2972,,140.917,,76.8
1576,4.29898,,140.833,,76.8
1577,4.30076,,140.75,,76.8
1578,4.30253,,140.667,,76.8
1579,4.30431,,140.583,,76.8
1580,4.30609,,140.5,,76.8
1581,4.30787,,140.417,,76.8
1582,4.30965,,140.333,,76.8
1583,4.31142,,140.25,,76.8
1584,4.3132,,140.167,,76.8
1585,4.31498,,140.083,,76.8
1586,4.31676,,140,,76.8
1587,4.32,,139.714,,76.6857
1588,4.32323,,139.429,,76.5714
1589,4.32647,,139.143,,76.4571
1590,4.3297,,138.857,,76.3429
1591,4.33294,,138.571,,76.2286
1592,4.33617,,138.286,,76.1143
1593,4.33941,,138,,76
1594,4.34231,,137.667,,75.8667
1595,4.34522,,137.333,,75.7333
1596,4.34812,,137,,75.6
1597,4.35097,,137.125,,75.55
1598,4.35382,,137.25,,75.5
1599,4.35667,,137.375,,75.45
1600,4.35952,,137.5,,75.4
1601,4.36237,,137.625,,75.35
1602,4.36522,,137.75,,75.3
1603,4.36807,,137.875,,75.25
1604,4.37092,,138,,75.2
1605,4.37456,,138.333,,75.2
1606,4.37819,,138.667,,75.2
1607,4.38183,,139,,75.2
1608,4.38547,,139.333,,75.2
1609,4.3891,,139.667,,75.2
1610,4.39274,,140,,75.2
1611,4.3958,,140,,75.2
1612,4.39886,,140,,75.2
1613,4.40192,,140,,75.2
1614,4.40497,,140,,75.2
1615,4.40803,,140,,75.2
1616,4.41109,,140,,75.2
1617,4.41415,,140,,75.2
1618,4.4169,,139.75,,75.25
1619,4.41966,,139.5,,75.3
1620,4.42241,,139.25,,75.35
1621,4.42517,,139,,75.4
1622,4.42793,,138.75,,75.45
1623,4.43068,,138.5,,75.5
1624,4.43344,,138.25,,75.55
1625,4.43619,,138,,75.6
1626,4.43892,,138.125,,75.575
1627,4.44165,,138.25,,75.55
1628,4.44438,,138.375,,75.525
1629,4.44712,,138.5,,75.5
1630,4.44985,,138.625,,75.475
1631,4.45258,,138.75,,75.45
1632,4.45531,,138.875,,75.425
1633,4.45804,,139,,75.4
1634,4.46055,,138.75,,75.3
1635,4.46306,,138.5,,75.2
1636,4.46557,,138.25,,75.1
1637,4.46809,,138,,75
1638,4.4706,,137.75,,74.9
1639,4.47311,,137.5,,74.8
1640,4.47562,,137.25,,74.7
1641,4.47813,,137,,74.6
1642,4.4816,,137.167,,74.5
1643,4.48506,,137.333,,74.4
1644,4.48853,,137.5,,74.3
1645,4.492,,137.667,,74.2
1646,4.49546,,137.833,,74.1
1647,4.49893,,138,,74
1648,4.50214,,138.2,,73.92
1649,4.50535,,138.4,,73.84
1650,4.50855,,138.6,,73.76
1651,4.51176,,138.8,,73.68
1652,4.51497,,139,,73.6
1653,4.51729,,138.778,,73.4889
1654,4.51961,,138.556,,73.3778
1655,4.52193,,138.333,,73.2667
1656,4.52425,,138.111,,73.1556
1657,4.52656,,137.889,,73.0444
1658,4.52888,,137.667,,72.9333
1659,4.5312,,137.444,,72.8222
1660,4.53352,,137.222,,72.7111
1661,4.53584,,137,,72.6
1662,4.53866,,137,,72.6
1663,4.54098,,136.25,,72.55
1664,4.54329,,135.5,,72.5
1665,4.54561,,134.75,,72.45
1666,4.54792,,134,,72.4
1667,4.54928,,134.1,,72.4
1668,4.55063,,134.2,,72.4
1669,4.55199,,134.3,,72.4
1670,4.55335,,134.4,,72.4
1671,4.55471,,134.5,,72.4
1672,4.55606,,134.6,,72.4
1673,4.55742,,134.7,,72.4
1674,4.55878,,134.8,,72.4
1675,4.56013,,134.9,,72.4
1676,4.56149,,135,,72.4
1677,4.56149,,134.333,,72.3333
1678,4.56149,,133.667,,72.2667
1679,4.56149,,133,,72.2
1680,4.56314,,132.25,,72.1
1681,4.56479,,131.5,,72
1682,4.56644,,130.75,,71.9
1683,4.56809,,130,,71.8
1684,4.57037,,129.75,,71.775
1685,4.57266,,129.5,,71.75
1686,4.57494,,129.25,,71.725
1687,4.57723,,129,,71.7
1688,4.57951,,128.75,,71.675
1689,4.5818,,128.5,,71.65
1690,4.58408,,128.25,,71.625
1691,4.58637,,128,,71.6
1692,4.58948,,128,,71.5667
1693,4.59258,,128,,71.5333
1694,4.59569,,128,,71.5
1695,4.5988,,128,,71.4667
1696,4.6019,,128,,71.4333
1697,4.60501,,128,,71.4
1698,4.60819,,128.143,,71.3714
1699,4.61138,,128.286,,71.3429
1700,4.61456,,128.429,,71.3143
1701,4.61775,,128.571,,71.2857
1702,4.62093,,128.714,,71.2571
1703,4.62412,,128.857,,71.2286
1704,4.6273,,129,,71.2
1705,4.63042,,129.286,,71.1143
1706,4.63355,,129.571,,71.0286
1707,4.63667,,129.857,,70.9429
1708,4.6398,,130.143,,70.8571
1709,4.64292,,130.429,,70.7714
1710,4.64605,,130.714,,70.6857
1711,4.64917,,131,,70.6
1712,4.65208,,131,,70.5
1713,4.65499,,131,,70.4
1714,4.65817,,131.143,,70.3714
1715,4.66136,,131.286,,70.3429
1716,4.66454,,131.429,,70.3143
1717,4.66773,,131.571,,70.2857
1718,4.67091,,131.714,,70.2571
1719,4.6741,,131.857,,70.2286
1720,4.67728,,132,,70.2
1721,4.68044,,132.5,,70.1667
1722,4.68359,,133,,70.1333
1723,4.68675,,133.5,,70.1
1724,4.68991,,134,,70.0667
1725,4.69306,,134.5,,70.0333
1726,4.69622,,135,,70
1727,4.69934,,135.167,,69.9
1728,4.70246,,135.333,,69.8
1729,4.70558,,135.5,,69.7
1730,4.7087,,135.667,,69.6
1731,4.71182,,135.833,,69.5
1732,4.71494,,136,,69.4
1733,4.71855,,136.167,,69.3667
1734,4.72216,,136.333,,69.3333
1735,4.72578,,136.5,,69.3
1736,4.72939,,136.667,,69.2667
1737,4.733,,136.833,,69.2333
1738,4.73661,,137,,69.2
1739,4.74002,,137.333,,69.1667
1740,4.74342,,137.667,,69.1333
1741,4.74683,,138,,69.1
1742,4.75024,,138.333,,69.0667
1743,4.75364,,138.667,,69.0333
1744,4.75705,,139,,69
1745,4.75885,,138.833,,69.0333
1746,4.76065,,138.667,,69.0667
1747,4.76244,,138.5,,69.1
1748,4.76424,,138.333,,69.1333
1749,4.76604,,138.167,,69.1667
1750,4.76784,,138,,69.2
1751,4.77044,,137.5,,69.1667
1752,4.77304,,137,,69.1333
1753,4.77563,,136.5,,69.1
1754,4.77823,,136,,69.0667
1755,4.78083,,135.5,,69.0333
1756,4.78343,,135,,69
1757,4.78655,,134.25,,69.05
1758,4.78966,,133.5,,69.1
1759,4.79278,,132.75,,69.15
1760,4.7959,,132,,69.2
1761,4.79878,,132,,69.2
1762,4.80167,,132,,69.2
1763,4.80455,,132,,69.2
1764,4.80743,,132,,69.2
1765,4.81031,,132,,69.2
1766,4.8132,,132,,69.2
1767,4.81608,,132,,69.2
1768,4.81909,,132.5,,69.2333
1769,4.8221,,133,,69.2667
1770,4.82511,,133.5,,69.3
1771,4.82811,,134,,69.3333
1772,4.83112,,134.5,,69.3667
1773,4.83413,,135,,69.4
1774,4.83669,,135.25,,69.4
1775,4.83925,,135.5,,69.4
1776,4.84182,,135.75,,69.4
1777,4.84438,,136,,69.4
1778,4.84694,,136.25,,69.4
1779,4.84951,,136.5,,69.4
1780,4.85207,,136.75,,69.4
1781,4.85463,,137,,69.4
1782,4.8577,,137,,69.3714
1783,4.86077,,137,,69.3429
1784,4.86384,,137,,69.3143
1785,4.86692,,137,,69.2857
1786,4.86999,,137,,69.2571
1787,4.87306,,137,,69.2286
1788,4.87613,,137,,69.2
1789,4.87899,,137.286,,69.2
1790,4.88185,,137.571,,69.2
1791,4.88471,,137.857,,69.2
1792,4.88756,,138.143,,69.2
1793,4.89042,,138.429,,69.2
1794,4.89328,,138.714,,69.2
1795,4.89614,,139,,69.2
1796,4.89881,,139.25,,69.2
1797,4.90148,,139.5,,69.2
1798,4.90415,,139.75,,69.2
1799,4.90682,,140,,69.2
1800,4.9095,,140.25,,69.2
1801,4.91217,,140.5,,69.2
1802,4.91484,,140.75,,69.2
1803,4.91751,,141,,69.2
1804,4.91979,,140.778,,69.1556
1805,4.92208,,140.556,,69.1111
1806,4.92436,,140.333,,69.0667
1807,4.92665,,140.111,,69.0222
1808,4.92893,,139.889,,68.9778
1809,4.93122,,139.667,,68.9333
1810,4.9335,,139.444,,68.8889
1811,4.93579,,139.222,,68.8444
1812,4.93807,,139,,68.8
1813,4.94036,,139,,68.7556
1814,4.94265,,139,,68.7111
1815,4.94493,,139,,68.6667
1816,4.94722,,139,,68.6222
1817,4.94951,,139,,68.5778
1818,4.9518,,139,,68.5333
1819,4.95408,,139,,68.4889
1820,4.95637,,139,,68.4444
1821,4.95866,,139,,68.4
1822,4.96093,,139,,68.4
1823,4.9627,,138.833,,68.35
1824,4.96447,,138.667,,68.3
1825,4.96624,,138.5,,68.25
1826,4.96801,,138.333,,68.2
1827,4.96978,,138.167,,68.15
1828,4.97155,,138,,68.1
1829,4.97332,,137.833,,68.05
1830,4.97509,,137.667,,68
1831,4.97686,,137.5,,67.95
1832,4.97863,,137.333,,67.9
1833,4.9804,,137.167,,67.85
1834,4.98217,,137,,67.8
1835,4.98542,,136.857,,67.7429
1836,4.98866,,136.714,,67.6857
1837,4.99191,,136.571,,67.6286
1838,4.99516,,136.429,,67.5714
1839,4.99841,,136.286,,67.5143
1840,5.00165,,136.143,,67.4571
1841,5.0049,,136,,67.4
1842,5.00743,,137,,67.4
1843,5.01115,,137,,67.3333
1844,5.01488,,137,,67.2667
1845,5.0186,,137,,67.2
1846,5.02232,,137,,67.1333
1847,5.02605,,137,,67.0667
1848,5.02977,,137,,67
1849,5.03193,,137.25,,66.95
1850,5.0341,,137.5,,66.9
1851,5.03627,,137.75,,66.85
1852,5.03843,,138,,66.8
1853,5.04032,,138.182,,66.8364
1854,5.04222,,138.364,,66.8727
1855,5.04411,,138.545,,66.9091
1856,5.046,,138.727,,66.9455
1857,5.0479,,138.909,,66.9818
1858,5.04979,,139.091,,67.0182
1859,5.05169,,139.273,,67.0545
1860,5.05358,,139.455,,67.0909
1861,5.05547,,139.636,,67.1273
1862,5.05737,,139.818,,67.1636
1863,5.05926,,140,,67.2
1864,5.06195,,139.833,,67.2333
1865,5.06464,,139.667,,67.2667
1866,5.06733,,139.5,,67.3
1867,5.07002,,139.333,,67.3333
1868,5.07271,,139.167,,67.3667
1869,5.0754,,139,,67.4
1870,5.07774,,139,,67.4222
1871,5.08008,,139,,67.4444
1872,5.08242,,139,,67.4667
1873,5.08476,,139,,67.4889
1874,5.0871,,139,,67.5111
1875,5.08944,,139,,67.5333
1876,5.09178,,139,,67.5556
1877,5.09412,,139,,67.5778
1878,5.09646,,139,,67.6
1879,5.09847,,139,,67.6182
1880,5.10047,,139,,67.6364
1881,5.10248,,139,,67.6545
1882,5.10448,,139,,67.6727
1883,5.10649,,139,,67.6909
1884,5.10849,,139,,67.7091
1885,5.1105,,139,,67.7273
1886,5.1125,,139,,67.7455
1887,5.11451,,139,,67.7636
1888,5.11651,,139,,67.7818
1889,5.11852,,139,,67.8
1890,5.12034,,138.714,,67.8
1891,5.12216,,138.429,,67.8
1892,5.12398,,138.143,,67.8
1893,5.1258,,137.857,,67.8
1894,5.12762,,137.571,,67.8
1895,5.12944,,137.286,,67.8
1896,5.13126,,137,,67.8
1897,5.13394,,136.5,,67.8
1898,5.13661,,136,,67.8
1899,5.13793,,136,,67.8222
1900,5.13925,,136,,67.8444
1901,5.14057,,136,,67.8667
1902,5.14189,,136,,67.8889
1903,5.14322,,136,,67.9111
1904,5.14454,,136,,67.9333
1905,5.14586,,136,,67.9556
1906,5.14718,,136,,67.9778
1907,5.1485,,136,,68
1908,5.1485,,136,,68.0667
1909,5.1485,,136,,68.1333
1910,5.1485,,136,,68.2
1911,5.1485,,136,,68.2667
1912,5.1485,,136,,68.3333
1913,5.1485,,136,,68.4
1914,5.1514,,135.857,,68.4571
1915,5.15431,,135.714,,68.5143
1916,5.15721,,135.571,,68.5714
1917,5.16012,,135.429,,68.6286
1918,5.16302,,135.286,,68.6857
1919,5.16593,,135.143,,68.7429
1920,5.16883,,135,,68.8
1921,5.17172,,135.143,,68.8
1922,5.17461,,135.286,,68.8
1923,5.1775,,135.429,,68.8
1924,5.1804,,135.571,,68.8
1925,5.18329,,135.714,,68.8
1926,5.18618,,135.857,,68.8
1927,5.18907,,136,,68.8
1928,5.19153,,136.125,,68.875
1929,5.19398,,136.25,,68.95
1930,5.19644,,136.375,,69.025
1931,5.1989,,136.5,,69.1
1932,5.20135,,136.625,,69.175
1933,5.20381,,136.75,,69.25
1934,5.20626,,136.875,,69.325
1935,5.20872,,137,,69.4
1936,5.21118,,137,,69.6
1937,5.21364,,137,,69.8
1938,5.21609,,137,,70
1939,5.21855,,137,,70.2
1940,5.22101,,137,,70.4
1941,5.22347,,137,,70.6
1942,5.22598,,137.5,,70.7
1943,5.22848,,138,,70.8
1944,5.23099,,138.5,,70.9
1945,5.2335,,139,,71
1946,5.236,,139.5,,71.1
1947,5.23851,,140,,71.2
1948,5.24137,,140.5,,71.3
1949,5.24424,,141,,71.4
1950,5.24711,,141.5,,71.5
1951,5.24997,,142,,71.6
1952,5.2525,,142.25,,71.675
1953,5.25504,,142.5,,71.75
1954,5.25757,,142.75,,71.825
1955,5.26011,,143,,71.9
1956,5.26264,,143.25,,71.975
1957,5.26517,,143.5,,72.05
1958,5.26771,,143.75,,72.125
1959,5.27024,,144,,72.2
1960,5.27265,,144,,72.28
1961,5.27506,,144,,72.36
1962,5.27746,,144,,72.44
1963,5.27987,,144,,72.52
1964,5.28228,,144,,72.6
1965,5.28447,,144,,72.58
1966,5.28667,,144,,72.56
1967,5.28886,,144,,72.54
1968,5.29105,,144,,72.52
1969,5.29325,,144,,72.5
1970,5.29544,,144,,72.48
1971,5.29763,,144,,72.46
1972,5.29982,,144,,72.44
1973,5.30202,,144,,72.42
1974,5.30421,,144,,72.4
1975,5.30592,,144,,72.4
1976,5.30762,,144,,72.4
1977,5.30983,,143.8,,72.34
1978,5.31204,,143.6,,72.28
1979,5.31425,,143.4,,72.22
1980,5.31646,,143.2,,72.16
1981,5.31867,,143,,72.1
1982,5.32089,,142.8,,72.04
1983,5.3231,,142.6,,71.98
1984,5.32531,,142.4,,71.92
1985,5.32752,,142.2,,71.86
1986,5.32973,,142,,71.8
1987,5.33222,,141.625,,71.8
1988,5.33472,,141.25,,71.8
1989,5.33721,,140.875,,71.8
1990,5.33971,,140.5,,71.8
1991,5.3422,,140.125,,71.8
1992,5.34469,,139.75,,71.8
1993,5.34719,,139.375,,71.8
1994,5.34968,,139,,71.8
1995,5.35168,,139,,71.75
1996,5.35369,,139,,71.7
1997,5.3557,,139,,71.65
1998,5.3577,,139,,71.6
1999,5.36047,,138.4,,71.56
2000,5.36325,,137.8,,71.52
2001,5.36602,,137.2,,71.48
2002,5.3688,,136.6,,71.44
2003,5.37157,,136,,71.4
2004,5.37409,,135.875,,71.375
2005,5.3766,,135.75,,71.35
2006,5.37911,,135.625,,71.325
2007,5.38163,,135.5,,71.3
2008,5.38415,,135.375,,71.275
2009,5.38666,,135.25,,71.25
2010,5.38917,,135.125,,71.225
2011,5.39169,,135,,71.2
2012,5.39434,,134.875,,71.15
2013,5.39699,,134.75,,71.1
2014,5.39964,,134.625,,71.05
2015,5.40229,,134.5,,71
2016,5.40495,,134.375,,70.95
2017,5.4076,,134.25,,70.9
2018,5.41025,,134.125,,70.85
2019,5.4129,,134,,70.8
2020,5.41581,,134,,70.8
2021,5.41871,,134,,70.8
2022,5.42162,,134,,70.8
2023,5.42453,,134,,70.8
2024,5.42744,,134,,70.8
2025,5.43034,,134,,70.8
2026,5.43325,,134,,70.8
2027,5.43616,,134,,70.8
2028,5.43869,,134,,70.825
2029,5.44121,,134,,70.85
2030,5.44374,,134,,70.875
2031,5.44626,,134,,70.9
2032,5.44878,,134,,70.925
2033,5.45131,,134,,70.95
2034,5.45383,,134,,70.975
2035,5.45636,,134,,71
2036,5.45887,,134.25,,71.025
2037,5.46138,,134.5,,71.05
2038,5.46389,,134.75,,71.075
2039,5.4664,,135,,71.1
2040,5.46892,,135.25,,71.125
2041,5.47143,,135.5,,71.15
2042,5.47394,,135.75,,71.175
2043,5.47645,,136,,71.2
2044,5.47833,,136.2,,71.2
2045,5.48022,,136.4,,71.2
2046,5.4821,,136.6,,71.2
2047,5.48399,,136.8,,71.2
2048,5.48587,,137,,71.2
2049,5.48796,,136.9,,71.18
2050,5.49004,,136.8,,71.16
2051,5.49213,,136.7,,71.14
2052,5.49421,,136.6,,71.12
2053,5.4963,,136.5,,71.1
2054,5.49839,,136.4,,71.08
2055,5.50047,,136.3,,71.06
2056,5.50256,,136.2,,71.04
2057,5.50464,,136.1,,71.02
2058,5.50673,,136,,71
2059,5.50941,,136.25,,70.975
2060,5.51208,,136.5,,70.95
2061,5.51476,,136.75,,70.925
2062,5.51743,,137,,70.9
2063,5.52011,,137.25,,70.875
2064,5.52279,,137.5,,70.85
2065,5.52546,,137.75,,70.825
2066,5.52814,,138,,70.8
2067,5.53104,,138.286,,70.8286
2068,5.53395,,138.571,,70.8571
2069,5.53685,,138.857,,70.8857
2070,5.53976,,139.143,,70.9143
2071,5.54266,,139.429,,70.9429
2072,5.54557,,139.714,,70.9714
2073,5.54847,,140,,71
2074,5.55281,,139.5,,71
2075,5.55715,,139,,71
2076,5.56043,,139,,71.0571
2077,5.56371,,139,,71.1143
2078,5.56699,,139,,71.1714
2079,5.57026,,139,,71.2286
2080,5.57354,,139,,71.2857
2081,5.57682,,139,,71.3429
2082,5.5801,,139,,71.4
2083,5.58257,,138.875,,71.4
2084,5.58504,,138.75,,71.4
2085,5.58751,,138.625,,71.4
2086,5.58998,,138.5,,71.4
2087,5.59245,,138.375,,71.4
2088,5.59492,,138.25,,71.4
2089,5.59739,,138.125,,71.4
2090,5.59986,,138,,71.4
2091,5.60249,,138.25,,71.4
2092,5.60512,,138.5,,71.4
2093,5.60775,,138.75,,71.4
2094,5.61037,,139,,71.4
2095,5.613,,139.25,,71.4
2096,5.61563,,139.5,,71.4
2097,5.61826,,139.75,,71.4
2098,5.62089,,140,,71.4
2099,5.62414,,139.714,,71.4857
2100,5.6274,,139.429,,71.5714
2101,5.63065,,139.143,,71.6571
2102,5.6339,,138.857,,71.7429
2103,5.63715,,138.571,,71.8286
2104,5.64041,,138.286,,71.9143
2105,5.64366,,138,,72
2106,5.6464,,138.125,,72.025
2107,5.64915,,138.25,,72.05
2108,5.65189,,138.375,,72.075
2109,5.65463,,138.5,,72.1
2110,5.65738,,138.625,,72.125
2111,5.66012,,138.75,,72.15
2112,5.66287,,138.875,,72.175
2113,5.66561,,139,,72.2
2114,5.6683,,139,,72.2
2115,5.67067,,138.875,,72.125
2116,5.67304,,138.75,,72.05
2117,5.67541,,138.625,,71.975
2118,5.67778,,138.5,,71.9
2119,5.68014,,138.375,,71.825
2120,5.68251,,138.25,,71.75
2121,5.68488,,138.125,,71.675
2122,5.68725,,138,,71.6
2123,5.68847,,137.571,,71.5714
2124,5.68969,,137.143,,71.5429
2125,5.69091,,136.714,,71.5143
2126,5.69213,,136.286,,71.4857
2127,5.69335,,135.857,,71.4571
2128,5.69457,,135.429,,71.4286
2129,5.69579,,135,,71.4
2130,5.69689,,134,,71.4
2131,5.69799,,133,,71.4
2132,5.69909,,132,,71.4
2133,5.70125,,132,,71.4
2134,5.70385,,131.571,,71.3714
2135,5.70645,,131.143,,71.3429
2136,5.70905,,130.714,,71.3143
2137,5.71166,,130.286,,71.2857
2138,5.71426,,129.857,,71.2571
2139,5.71686,,129.429,,71.2286
2140,5.71946,,129,,71.2
2141,5.72206,,128.875,,71.2
2142,5.72466,,128.75,,71.2
2143,5.72726,,128.625,,71.2
2144,5.72986,,128.5,,71.2
2145,5.73246,,128.375,,71.2
2146,5.73506,,128.25,,71.2
2147,5.73766,,128.125,,71.2
2148,5.74026,,128,,71.2
2149,5.74283,,128.25,,71.15
2150,5.74539,,128.5,,71.1
2151,5.74796,,128.75,,71.05
2152,5.75052,,129,,71
2153,5.75309,,129.25,,70.95
2154,5.75566,,129.5,,70.9
2155,5.75822,,129.75,,70.85
2156,5.76079,,130,,70.8
2157,5.7631,,130.222,,70.8444
2158,5.7654,,130.444,,70.8889
2159,5.76771,,130.667,,70.9333
2160,5.77002,,130.889,,70.9778
2161,5.77232,,131.111,,71.0222
2162,5.77463,,131.333,,71.0667
2163,5.77694,,131.556,,71.1111
2164,5.77924,,131.778,,71.1556
2165,5.78155,,132,,71.2
2166,5.78312,,132.25,,71.25
2167,5.78469,,132.5,,71.3
2168,5.78626,,132.75,,71.35
2169,5.78783,,133,,71.4
2170,5.78936,,132.857,,71.4
2171,5.79089,,132.714,,71.4
2172,5.79242,,132.571,,71.4
2173,5.79395,,132.429,,71.4
2174,5.79548,,132.286,,71.4
2175,5.79701,,132.143,,71.4
2176,5.79854,,132,,71.4
2177,5.80008,,131.857,,71.4
2178,5.80161,,131.714,,71.4
2179,5.80314,,131.571,,71.4
2180,5.80467,,131.429,,71.4
2181,5.8062,,131.286,,71.4
2182,5.80773,,131.143,,71.4
2183,5.80926,,131,,71.4
2184,5.8104,,131,,71.4
2185,5.81155,,131,,71.4
2186,5.81269,,131,,71.4
2187,5.81426,,131.75,,71.35
2188,5.81583,,132.5,,71.3
2189,5.81741,,133.25,,71.25
2190,5.81898,,134,,71.2
2191,5.82065,,134.429,,71.2286
2192,5.82233,,134.857,,71.2571
2193,5.824,,135.286,,71.2857
2194,5.82568,,135.714,,71.3143
2195,5.82735,,136.143,,71.3429
2196,5.82903,,136.571,,71.3714
2197,5.8307,,137,,71.4
2198,5.83326,,137,,71.4
2199,5.83536,,137.333,,71.4667
2200,5.83746,,137.667,,71.5333
2201,5.83956,,138,,71.6
2202,5.84166,,138.333,,71.6667
2203,5.84376,,138.667,,71.7333
2204,5.84586,,139,,71.8
2205,5.84853,,139.125,,71.875
2206,5.8512,,139.25,,71.95
2207,5.85386,,139.375,,72.025
2208,5.85653,,139.5,,72.1
2209,5.8592,,139.625,,72.175
2210,5.86186,,139.75,,72.25
2211,5.86453,,139.875,,72.325
2212,5.8672,,140,,72.4
2213,5.8701,,140.167,,72.4667
2214,5.87299,,140.333,,72.5333
2215,5.87589,,140.5,,72.6
2216,5.87879,,140.667,,72.6667
2217,5.88168,,140.833,,72.7333
2218,5.88458,,141,,72.8
2219,5.88699,,141.2,,72.88
2220,5.88939,,141.4,,72.96
2221,5.8918,,141.6,,73.04
2222,5.8942,,141.8,,73.12
2223,5.89661,,142,,73.2
2224,5.89957,,142,,73.2
2225,5.90253,,142,,73.2
2226,5.90549,,142,,73.2
2227,5.90846,,142,,73.2
2228,5.91142,,142,,73.2
2229,5.91438,,142,,73.2
2230,5.91734,,142,,73.2
2231,5.91951,,142,,73.26
2232,5.92167,,142,,73.32
2233,5.92384,,142,,73.38
2234,5.92601,,142,,73.44
2235,5.92817,,142,,73.5
2236,5.93034,,142,,73.56
2237,5.93251,,142,,73.62
2238,5.93468,,142,,73.68
2239,5.93684,,142,,73.74
2240,5.93901,,142,,73.8
2241,5.94106,,142,,73.8
2242,5.94278,,141.875,,73.825
2243,5.94451,,141.75,,73.85
2244,5.94623,,141.625,,73.875
2245,5.94796,,141.5,,73.9
2246,5.94968,,141.375,,73.925
2247,5.9514,,141.25,,73.95
2248,5.95313,,141.125,,73.975
2249,5.95485,,141,,74
2250,5.95749,,140.5,,74.0333
2251,5.96012,,140,,74.0667
2252,5.96276,,139.5,,74.1
2253,5.9654,,139,,74.1333
2254,5.96803,,138.5,,74.1667
2255,5.97067,,138,,74.2
2256,5.97262,,137.909,,74.1455
2257,5.97458,,137.818,,74.0909
2258,5.97653,,137.727,,74.0364
2259,5.97849,,137.636,,73.9818
2260,5.98044,,137.545,,73.9273
2261,5.9824,,137.455,,73.8727
2262,5.98435,,137.364,,73.8182
2263,5.98631,,137.273,,73.7636
2264,5.98826,,137.182,,73.7091
2265,5.99022,,137.091,,73.6545
2266,5.99217,,137,,73.6
2267,5.99378,,137.2,,73.52
2268,5.99539,,137.4,,73.44
2269,5.997,,137.6,,73.36
2270,5.99861,,137.8,,73.28
2271,6.00022,,138,,73.2
2272,6.00274,,138,,73.1333
2273,6.00526,,138,,73.0667
2274,6.00779,,138,,73
2275,6.01031,,138,,72.9333
2276,6.01283,,138,,72.8667
2277,6.01535,,138,,72.8
2278,6.01872,,138,,72.8
2279,6.02209,,138,,72.8
2280,6.02546,,138,,72.8
2281,6.02883,,138,,72.8
2282,6.0322,,138,,72.8
2283,6.03557,,138,,72.8
2284,6.03827,,138.125,,72.85
2285,6.04097,,138.25,,72.9
2286,6.04368,,138.375,,72.95
2287,6.04638,,138.5,,73
2288,6.04908,,138.625,,73.05
2289,6.05179,,138.75,,73.1
2290,6.05449,,138.875,,73.15
2291,6.05719,,139,,73.2
2292,6.06012,,138.857,,73.2
2293,6.06304,,138.714,,73.2
2294,6.06597,,138.571,,73.2
2295,6.06889,,138.429,,73.2
2296,6.07182,,138.286,,73.2
2297,6.07474,,138.143,,73.2
2298,6.07767,,138,,73.2
2299,6.08121,,138.167,,73.2667
2300,6.08474,,138.333,,73.3333
2301,6.08828,,138.5,,73.4
2302,6.09182,,138.667,,73.4667
2303,6.09535,,138.833,,73.5333
2304,6.09889,,139,,73.6
2305,6.10187,,139,,73.7
2306,6.10485,,139,,73.8
2307,6.10763,,139.429,,73.8286
2308,6.11041,,139.857,,73.8571
2309,6.11319,,140.286,,73.8857
2310,6.11597,,140.714,,73.9143
2311,6.11875,,141.143,,73.9429
2312,6.12153,,141.571,,73.9714
2313,6.12431,,142,,74
2314,6.1274,,142,,74.0286
2315,6.13048,,142,,74.0571
2316,6.13357,,142,,74.0857
2317,6.13665,,142,,74.1143
2318,6.13974,,142,,74.1429
2319,6.14282,,142,,74.1714
2320,6.14591,,142,,74.2
2321,6.14999,,142,,74.2
2322,6.15407,,142,,74.2
2323,6.15815,,142,,74.2
2324,6.16223,,142,,74.2
2325,6.16631,,142,,74.2
2326,6.16981,,141.833,,74.2
2327,6.17331,,141.667,,74.2
2328,6.17681,,141.5,,74.2
2329,6.18031,,141.333,,74.2
2330,6.18381,,141.167,,74.2
2331,6.18731,,141,,74.2
2332,6.19046,,141,,74.1143
2333,6.19361,,141,,74.0286
2334,6.19676,,141,,73.9429
2335,6.19992,,141,,73.8571
2336,6.20307,,141,,73.7714
2337,6.20622,,141,,73.6857
2338,6.20937,,141,,73.6
2339,6.21287,,140.833,,73.5667
2340,6.21638,,140.667,,73.5333
2341,6.21988,,140.5,,73.5
2342,6.22338,,140.333,,73.4667
2343,6.22689,,140.167,,73.4333
2344,6.23039,,140,,73.4
2345,6.23352,,140.167,,73.3
2346,6.23665,,140.333,,73.2
2347,6.23977,,140.5,,73.1
2348,6.2429,,140.667,,73
2349,6.24603,,140.833,,72.9
2350,6.24916,,141,,72.8
2351,6.25245,,140.8,,72.6
2352,6.25574,,140.6,,72.4
2353,6.25904,,140.4,,72.2
2354,6.26233,,140.2,,72
2355,6.26562,,140,,71.8
2356,6.26884,,140,,71.6857
2357,6.27206,,140,,71.5714
2358,6.27528,,140,,71.4571
2359,6.27849,,140,,71.3429
2360,6.28171,,140,,71.2286
2361,6.28493,,140,,71.1143
2362,6.28815,,140,,71
2363,6.29033,,140,,70.9
2364,6.29252,,140,,70.8
2365,6.29517,,140,,70.6333
2366,6.29782,,140,,70.4667
2367,6.30047,,140,,70.3
2368,6.30312,,140,,70.1333
2369,6.30577,,140,,69.9667
2370,6.30842,,140,,69.8
2371,6.31152,,139.857,,69.7143
2372,6.31463,,139.714,,69.6286
2373,6.31773,,139.571,,69.5429
2374,6.32084,,139.429,,69.4571
2375,6.32394,,139.286,,69.3714
2376,6.32705,,139.143,,69.2857
2377,6.33015,,139,,69.2
2378,6.33436,,138.6,,69.08
2379,6.33858,,138.2,,68.96
2380,6.34279,,137.8,,68.84
2381,6.34701,,137.4,,68.72
2382,6.35122,,137,,68.6
2383,6.35493,,136,,68.3333
2384,6.35863,,135,,68.0667
2385,6.36234,,134,,67.8
2386,6.36539,,133.5,,67.7
2387,6.36845,,133,,67.6
2388,6.37074,,133.375,,67.525
2389,6.37303,,133.75,,67.45
2390,6.37533,,134.125,,67.375
2391,6.37762,,134.5,,67.3
2392,6.37991,,134.875,,67.225
2393,6.38221,,135.25,,67.15
2394,6.3845,,135.625,,67.075
2395,6.38679,,136,,67
2396,6.38898,,136.5,,67
2397,6.39118,,137,,67
2398,6.39381,,137.167,,67.0667
2399,6.39644,,137.333,,67.1333
2400,6.39907,,137.5,,67.2
2401,6.4017,,137.667,,67.2667
2402,6.40433,,137.833,,67.3333
2403,6.40696,,138,,67.4
2404,6.40985,,138,,67.4286
2405,6.41275,,138,,67.4571
2406,6.41564,,138,,67.4857
2407,6.41854,,138,,67.5143
2408,6.42143,,138,,67.5429
2409,6.42433,,138,,67.5714
2410,6.42722,,138,,67.6
2411,6.42999,,138.125,,67.575
2412,6.43276,,138.25,,67.55
2413,6.43552,,138.375,,67.525
2414,6.43829,,138.5,,67.5
2415,6.44106,,138.625,,67.475
2416,6.44383,,138.75,,67.45
2417,6.44659,,138.875,,67.425
2418,6.44936,,139,,67.4
2419,6.45226,,139,,67.3429
2420,6.45517,,139,,67.2857
2421,6.45807,,139,,67.2286
2422,6.46097,,139,,67.1714
2423,6.46387,,139,,67.1143
2424,6.46678,,139,,67.0571
2425,6.46968,,139,,67
2426,6.47225,,139,,66.95
2427,6.47482,,139,,66.9
2428,6.47738,,139,,66.85
2429,6.47995,,139,,66.8
2430,6.48252,,139,,66.75
2431,6.48508,,139,,66.7
2432,6.48765,,139,,66.65
2433,6.49022,,139,,66.6
2434,6.49306,,139.5,,66.6
2435,6.4959,,140,,66.6
2436,6.49876,,140,,66.5429
2437,6.50163,,140,,66.4857
2438,6.50449,,140,,66.4286
2439,6.50735,,140,,66.3714
2440,6.51021,,140,,66.3143
2441,6.51308,,140,,66.2571
2442,6.51594,,140,,66.2
2443,6.51887,,139.75,,66.15
2444,6.5218,,139.5,,66.1
2445,6.52474,,139.25,,66.05
2446,6.52767,,139,,66
2447,6.53079,,138.5,,65.9667
2448,6.53392,,138,,65.9333
2449,6.53704,,137.5,,65.9
2450,6.54017,,137,,65.8667
2451,6.5433,,136.5,,65.8333
2452,6.54642,,136,,65.8
2453,6.54951,,136,,65.7
2454,6.5526,,136,,65.6
2455,6.55568,,136,,65.5
2456,6.55877,,136,,65.4
2457,6.56178,,135.857,,65.2857
2458,6.56479,,135.714,,65.1714
2459,6.5678,,135.571,,65.0571
2460,6.5708,,135.429,,64.9429
2461,6.57381,,135.286,,64.8286
2462,6.57682,,135.143,,64.7143
2463,6.57983,,135,,64.6
2464,6.58227,,134.75,,64.5
2465,6.5847,,134.5,,64.4
2466,6.58714,,134.25,,64.3
2467,6.58958,,134,,64.2
2468,6.59217,,134,,64.2
2469,6.59465,,133.778,,64.1556
2470,6.59713,,133.556,,64.1111
2471,6.59961,,133.333,,64.0667
2472,6.60209,,133.111,,64.0222
2473,6.60457,,132.889,,63.9778
2474,6.60705,,132.667,,63.9333
2475,6.60953,,132.444,,63.8889
2476,6.61201,,132.222,,63.8444
2477,6.61449,,132,,63.8
2478,6.61752,,132.143,,63.7143
2479,6.62055,,132.286,,63.6286
2480,6.62358,,132.429,,63.5429
2481,6.62662,,132.571,,63.4571
2482,6.62965,,132.714,,63.3714
2483,6.63268,,132.857,,63.2857
2484,6.63571,,133,,63.2
2485,6.63821,,133,,63
2486,6.64072,,133,,62.8
2487,6.64322,,133,,62.6
2488,6.64572,,133,,62.4
2489,6.64895,,133,,62.2
2490,6.65218,,133,,62
2491,6.65495,,133.125,,61.875
2492,6.65772,,133.25,,61.75
2493,6.66049,,133.375,,61.625
2494,6.66326,,133.5,,61.5
2495,6.66603,,133.625,,61.375
2496,6.6688,,133.75,,61.25
2497,6.67157,,133.875,,61.125
2498,6.67434,,134,,61
2499,6.67825,,134,,60.8667
2500,6.68216,,134,,60.7333
2501,6.68607,,134,,60.6
2502,6.68998,,134,,60.4667
2503,6.69389,,134,,60.3333
2504,6.6978,,134,,60.2
2505,6.70133,,133.75,,60.1
2506,6.70486,,133.5,,60
2507,6.70839,,133.25,,59.9
2508,6.71192,,133,,59.8
2509,6.71461,,133,,59.75
2510,6.7173,,133,,59.7
2511,6.72,,133,,59.65
2512,6.72269,,133,,59.6
2513,6.72538,,133,,59.55
2514,6.72808,,133,,59.5
2515,6.73077,,133,,59.45
2516,6.73346,,133,,59.4
2517,6.73687,,133.167,,59.3333
2518,6.74029,,133.333,,59.2667
2519,6.7437,,133.5,,59.2
2520,6.74711,,133.667,,59.1333
2521,6.75053,,133.833,,59.0667
2522,6.75394,,134,,59
2523,6.75709,,134,,58.9714
2524,6.76023,,134,,58.9429
2525,6.76338,,134,,58.9143
2526,6.76653,,134,,58.8857
2527,6.76968,,134,,58.8571
2528,6.77282,,134,,58.8286
2529,6.77597,,134,,58.8
2530,6.77933,,134,,58.8
2531,6.78268,,134,,58.8
2532,6.78604,,134,,58.8
2533,6.78939,,134,,58.8
2534,6.79275,,134,,58.8
2535,6.7961,,134,,58.8
2536,6.79893,,134.6,,58.8
2537,6.80176,,135.2,,58.8
2538,6.8046,,135.8,,58.8
2539,6.80743,,136.4,,58.8
2540,6.81026,,137,,58.8
2541,6.81347,,137,,58.8
2542,6.81668,,137,,58.8
2543,6.81989,,137,,58.8
2544,6.82309,,137,,58.8
2545,6.8263,,137,,58.8
2546,6.82951,,137,,58.8
2547,6.83272,,137,,58.8
2548,6.83575,,136.857,,58.8286
2549,6.83877,,136.714,,58.8571
2550,6.8418,,136.571,,58.8857
2551,6.84483,,136.429,,58.9143
2552,6.84786,,136.286,,58.9429
2553,6.85088,,136.143,,58.9714
2554,6.85391,,136,,59
2555,6.85714,,136.143,,58.9429
2556,6.86037,,136.286,,58.8857
2557,6.8636,,136.429,,58.8286
2558,6.86684,,136.571,,58.7714
2559,6.87007,,136.714,,58.7143
2560,6.8733,,136.857,,58.6571
2561,6.87653,,137,,58.6
2562,6.87995,,137.167,,58.5333
2563,6.88336,,137.333,,58.4667
2564,6.88678,,137.5,,58.4
2565,6.89019,,137.667,,58.3333
2566,6.8936,,137.833,,58.2667
2567,6.89702,,138,,58.2
2568,6.90068,,138.333,,58.1667
2569,6.90434,,138.667,,58.1333
2570,6.90801,,139,,58.1
2571,6.91167,,139.333,,58.0667
2572,6.91533,,139.667,,58.0333
2573,6.91899,,140,,58
2574,6.92263,,140.333,,57.8667
2575,6.92627,,140.667,,57.7333
2576,6.92991,,141,,57.6
2577,6.93273,,141.25,,57.55
2578,6.93555,,141.5,,57.5
2579,6.93837,,141.75,,57.45
2580,6.9412,,142,,57.4
2581,6.94402,,142.25,,57.35
2582,6.94684,,142.5,,57.3
2583,6.94966,,142.75,,57.25
2584,6.95248,,143,,57.2
2585,6.9554,,142.625,,57.15
2586,6.95832,,142.25,,57.1
2587,6.96123,,141.875,,57.05
2588,6.96415,,141.5,,57
2589,6.96707,,141.125,,56.95
2590,6.96998,,140.75,,56.9
2591,6.9729,,140.375,,56.85
2592,6.97582,,140,,56.8
2593,6.97862,,140,,56.7
2594,6.98143,,140,,56.6
2595,6.98441,,139.4,,56.56
2596,6.98738,,138.8,,56.52
2597,6.99036,,138.2,,56.48
2598,6.99333,,137.6,,56.44
2599,6.99631,,137,,56.4
2600,6.99932,,136.714,,56.3143
2601,7.00234,,136.429,,56.2286
2602,7.00535,,136.143,,56.1429
2603,7.00837,,135.857,,56.0571
2604,7.01138,,135.571,,55.9714
2605,7.0144,,135.286,,55.8857
2606,7.01741,,135,,55.8
2607,7.02043,,135,,55.7333
2608,7.02344,,135,,55.6667
2609,7.02646,,135,,55.6
2610,7.02926,,135,,55.4
2611,7.03206,,135,,55.2
2612,7.03486,,135,,55
2613,7.03767,,135,,54.8
2614,7.04047,,135,,54.6
2615,7.04327,,135,,54.4
2616,7.04583,,134.889,,54.2889
2617,7.04839,,134.778,,54.1778
2618,7.05096,,134.667,,54.0667
2619,7.05352,,134.556,,53.9556
2620,7.05608,,134.444,,53.8444
2621,7.05864,,134.333,,53.7333
2622,7.06121,,134.222,,53.6222
2623,7.06377,,134.111,,53.5111
2624,7.06633,,134,,53.4
2625,7.06844,,133.9,,53.32
2626,7.07056,,133.8,,53.24
2627,7.07267,,133.7,,53.16
2628,7.07479,,133.6,,53.08
2629,7.0769,,133.5,,53
2630,7.07901,,133.4,,52.92
2631,7.08113,,133.3,,52.84
2632,7.08324,,133.2,,52.76
2633,7.08536,,133.1,,52.68
2634,7.08747,,133,,52.6
2635,7.09066,,133.286,,52.5714
2636,7.09385,,133.571,,52.5429
2637,7.09704,,133.857,,52.5143
2638,7.10023,,134.143,,52.4857
2639,7.10342,,134.429,,52.4571
2640,7.10661,,134.714,,52.4286
2641,7.1098,,135,,52.4
2642,7.11196,,135,,52.3
2643,7.11413,,135,,52.2
2644,7.11753,,135.167,,52.1667
2645,7.12092,,135.333,,52.1333
2646,7.12432,,135.5,,52.1
2647,7.12772,,135.667,,52.0667
2648,7.13111,,135.833,,52.0333
2649,7.13451,,136,,52
2650,7.13809,,135.833,,51.9667
2651,7.14167,,135.667,,51.9333
2652,7.14525,,135.5,,51.9
2653,7.14883,,135.333,,51.8667
2654,7.15241,,135.167,,51.8333
2655,7.15599,,135,,51.8
2656,7.15915,,135,,51.68
2657,7.16231,,135,,51.56
2658,7.16546,,135,,51.44
2659,7.16862,,135,,51.32
2660,7.17178,,135,,51.2
2661,7.17448,,135.25,,51.175
2662,7.17717,,135.5,,51.15
2663,7.17987,,135.75,,51.125
2664,7.18256,,136,,51.1
2665,7.18525,,136.25,,51.075
2666,7.18795,,136.5,,51.05
2667,7.19064,,136.75,,51.025
2668,7.19334,,137,,51
2669,7.19591,,136.875,,50.9
2670,7.19848,,136.75,,50.8
2671,7.20105,,136.625,,50.7
2672,7.20362,,136.5,,50.6
2673,7.20618,,136.375,,50.5
2674,7.20875,,136.25,,50.4
2675,7.21132,,136.125,,50.3
2676,7.21389,,136,,50.2
2677,7.21682,,136,,50.0571
2678,7.21974,,136,,49.9143
2679,7.22267,,136,,49.7714
2680,7.2256,,136,,49.6286
2681,7.22853,,136,,49.4857
2682,7.23145,,136,,49.3429
2683,7.23438,,136,,49.2
2684,7.23623,,135.6,,49.2
2685,7.23808,,135.2,,49.2
2686,7.23994,,134.8,,49.2
2687,7.24179,,134.4,,49.2
2688,7.24364,,134,,49.2
2689,7.24601,,134,,49
2690,7.24916,,133.857,,49.0286
2691,7.25232,,133.714,,49.0571
2692,7.25547,,133.571,,49.0857
2693,7.25862,,133.429,,49.1143
2694,7.26177,,133.286,,49.1429
2695,7.26493,,133.143,,49.1714
2696,7.26808,,133,,49.2
2697,7.27096,,133.143,,49.2
2698,7.27383,,133.286,,49.2
2699,7.27671,,133.429,,49.2
2700,7.27958,,133.571,,49.2
2701,7.28246,,133.714,,49.2
2702,7.28533,,133.857,,49.2
2703,7.28821,,134,,49.2
2704,7.29107,,134.286,,49.2286
2705,7.29393,,134.571,,49.2571
2706,7.29679,,134.857,,49.2857
2707,7.29965,,135.143,,49.3143
2708,7.30251,,135.429,,49.3429
2709,7.30537,,135.714,,49.3714
2710,7.30823,,136,,49.4
2711,7.3111,,136.143,,49.4571
2712,7.31397,,136.286,,49.5143
2713,7.31684,,136.429,,49.5714
2714,7.3197,,136.571,,49.6286
2715,7.32257,,136.714,,49.6857
2716,7.32544,,136.857,,49.7429
2717,7.32831,,137,,49.8
2718,7.33122,,137.5,,49.8333
2719,7.33413,,138,,49.8667
2720,7.33704,,138.5,,49.9
2721,7.33996,,139,,49.9333
2722,7.34287,,139.5,,49.9667
2723,7.34578,,140,,50
2724,7.34826,,140,,50.0667
2725,7.35074,,140,,50.1333
2726,7.35322,,140,,50.2
2727,7.3558,,140.111,,50.2667
2728,7.35838,,140.222,,50.3333
2729,7.36096,,140.333,,50.4
2730,7.36354,,140.444,,50.4667
2731,7.36611,,140.556,,50.5333
2732,7.36869,,140.667,,50.6
2733,7.37127,,140.778,,50.6667
2734,7.37385,,140.889,,50.7333
2735,7.37643,,141,,50.8
2736,7.37908,,141,,51
2737,7.38172,,141,,51.2
2738,7.38454,,141.125,,51.35
2739,7.38736,,141.25,,51.5
2740,7.39018,,141.375,,51.65
2741,7.393,,141.5,,51.8
2742,7.39582,,141.625,,51.95
2743,7.39864,,141.75,,52.1
2744,7.40146,,141.875,,52.25
2745,7.40428,,142,,52.4
2746,7.40647,,142.4,,52.64
2747,7.40866,,142.8,,52.88
2748,7.41084,,143.2,,53.12
2749,7.41303,,143.6,,53.36
2750,7.41522,,144,,53.6
2751,7.41793,,144.5,,53.85
2752,7.42063,,145,,54.1
2753,7.42334,,145.5,,54.35
2754,7.42605,,146,,54.6
2755,7.42901,,146.6,,54.88
2756,7.43197,,147.2,,55.16
2757,7.43492,,147.8,,55.44
2758,7.43788,,148.4,,55.72
2759,7.44084,,149,,56
2760,7.44383,,149.5,,56.25
2761,7.44683,,150,,56.5
2762,7.44982,,150.5,,56.75
2763,7.45282,,151,,57
2764,7.45549,,151.5,,57.6
2765,7.45816,,152,,58.2
2766,7.46058,,152.6,,58.36
2767,7.46299,,153.2,,58.52
2768,7.46541,,153.8,,58.68
2769,7.46782,,154.4,,58.84
2770,7.47024,,155,,59
2771,7.47331,,155.5,,59.2
2772,7.47638,,156,,59.4
2773,7.47903,,156.25,,59.7
2774,7.48167,,156.5,,60
2775,7.48431,,156.75,,60.3
2776,7.48696,,157,,60.6
2777,7.49026,,157.333,,61
2778,7.49357,,157.667,,61.4
2779,7.49687,,158,,61.8
2780,7.4998,,158,,62.1333
2781,7.50272,,158,,62.4667
2782,7.50565,,158,,62.8
2783,7.50913,,158.167,,62.9
2784,7.5126,,158.333,,63
2785,7.51608,,158.5,,63.1
2786,7.51956,,158.667,,63.2
2787,7.52303,,158.833,,63.3
2788,7.52651,,159,,63.4
2789,7.52942,,159,,63.48
2790,7.53234,,159,,63.56
2791,7.53525,,159,,63.64
2792,7.53817,,159,,63.72
2793,7.54108,,159,,63.8
2794,7.54475,,158.833,,63.8667
2795,7.54842,,158.667,,63.9333
2796,7.55209,,158.5,,64
2797,7.55576,,158.333,,64.0667
2798,7.55943,,158.167,,64.1333
2799,7.5631,,158,,64.2
2800,7.56679,,157.667,,64.1333
2801,7.57047,,157.333,,64.0667
2802,7.57416,,157,,64
2803,7.57784,,156.667,,63.9333
2804,7.58153,,156.333,,63.8667
2805,7.58521,,156,,63.8
2806,7.58839,,155.25,,63.75
2807,7.59157,,154.5,,63.7
2808,7.59475,,153.75,,63.65
2809,7.59793,,153,,63.6
2810,7.60018,,152.4,,63.36
2811,7.60243,,151.8,,63.12
2812,7.60467,,151.2,,62.88
2813,7.60692,,150.6,,62.64
2814,7.60917,,150,,62.4
2815,7.61215,,149.4,,62.2
2816,7.61514,,148.8,,62
2817,7.61812,,148.2,,61.8
2818,7.62111,,147.6,,61.6
2819,7.62409,,147,,61.4
2820,7.62689,,146.857,,61.2571
2821,7.62969,,146.714,,61.1143
2822,7.63249,,146.571,,60.9714
2823,7.6353,,146.429,,60.8286
2824,7.6381,,146.286,,60.6857
2825,7.6409,,146.143,,60.5429
2826,7.6437,,146,,60.4
2827,7.64682,,145.4,,60.2
2828,7.64994,,144.8,,60
2829,7.65306,,144.2,,59.8
2830,7.65618,,143.6,,59.6
2831,7.6593,,143,,59.4
2832,7.66299,,142.5,,59.3
2833,7.66668,,142,,59.2
2834,7.67037,,141.5,,59.1333
2835,7.67406,,141,,59.0667
2836,7.67774,,140.5,,59
2837,7.68143,,140,,58.9333
2838,7.68512,,139.5,,58.8667
2839,7.68881,,139,,58.8
2840,7.6918,,138.8,,58.68
2841,7.69478,,138.6,,58.56
2842,7.69777,,138.4,,58.44
2843,7.70075,,138.2,,58.32
2844,7.70374,,138,,58.2
2845,7.70649,,137.875,,58.125
2846,7.70924,,137.75,,58.05
2847,7.71199,,137.625,,57.975
2848,7.71474,,137.5,,57.9
2849,7.71749,,137.375,,57.825
2850,7.72024,,137.25,,57.75
2851,7.72299,,137.125,,57.675
2852,7.72574,,137,,57.6
2853,7.72906,,137.25,,57.5
2854,7.73238,,137.5,,57.4
2855,7.73569,,137.75,,57.3
2856,7.73901,,138,,57.2
2857,7.74177,,137.875,,57.15
2858,7.74453,,137.75,,57.1
2859,7.74728,,137.625,,57.05
2860,7.75004,,137.5,,57
2861,7.7528,,137.375,,56.95
2862,7.75556,,137.25,,56.9
2863,7.75831,,137.125,,56.85
2864,7.76107,,137,,56.8
2865,7.76419,,137,,56.7
2866,7.76732,,137,,56.6
2867,7.77044,,137,,56.5
2868,7.77356,,137,,56.4
2869,7.77669,,137,,56.3
2870,7.77981,,137,,56.2
2871,7.78319,,137.167,,56.1333
2872,7.78657,,137.333,,56.0667
2873,7.78995,,137.5,,56
2874,7.79332,,137.667,,55.9333
2875,7.7967,,137.833,,55.8667
2876,7.80008,,138,,55.8
2877,7.80302,,137.857,,55.7429
2878,7.80596,,137.714,,55.6857
2879,7.8089,,137.571,,55.6286
2880,7.81185,,137.429,,55.5714
2881,7.81479,,137.286,,55.5143
2882,7.81773,,137.143,,55.4571
2883,7.82067,,137,,55.4
2884,7.82356,,136.714,,55.3714
2885,7.82645,,136.429,,55.3429
2886,7.82934,,136.143,,55.3143
2887,7.83223,,135.857,,55.2857
2888,7.83512,,135.571,,55.2571
2889,7.83801,,135.286,,55.2286
2890,7.8409,,135,,55.2
2891,7.84497,,135,,55.2
2892,7.84905,,135,,55.2
2893,7.85244,,135,,55.1333
2894,7.85582,,135,,55.0667
2895,7.85921,,135,,55
2896,7.8626,,135,,54.9333
2897,7.86598,,135,,54.8667
2898,7.86937,,135,,54.8
2899,7.87321,,135.333,,54.7667
2900,7.87706,,135.667,,54.7333
2901,7.8809,,136,,54.7
2902,7.88474,,136.333,,54.6667
2903,7.88859,,136.667,,54.6333
2904,7.89243,,137,,54.6
2905,7.89562,,137.143,,54.5714
2906,7.89882,,137.286,,54.5429
2907,7.90201,,137.429,,54.5143
2908,7.90521,,137.571,,54.4857
2909,7.9084,,137.714,,54.4571
2910,7.9116,,137.857,,54.4286
2911,7.91479,,138,,54.4
2912,7.91786,,138.2,,54.36
2913,7.92094,,138.4,,54.32
2914,7.92401,,138.6,,54.28
2915,7.92709,,138.8,,54.24
2916,7.93016,,139,,54.2
2917,7.93317,,139,,54.1429
2918,7.93619,,139,,54.0857
2919,7.9392,,139,,54.0286
2920,7.94221,,139,,53.9714
2921,7.94522,,139,,53.9143
2922,7.94824,,139,,53.8571
2923,7.95125,,139,,53.8
2924,7.95404,,138.75,,53.725
2925,7.95682,,138.5,,53.65
2926,7.9596,,138.25,,53.575
2927,7.96239,,138,,53.5
2928,7.96518,,137.75,,53.425
2929,7.96796,,137.5,,53.35
2930,7.97074,,137.25,,53.275
2931,7.97353,,137,,53.2
2932,7.97649,,137,,53
2933,7.97925,,136.25,,52.95
2934,7.98201,,135.5,,52.9
2935,7.98476,,134.75,,52.85
2936,7.98752,,134,,52.8
2937,7.99034,,133.75,,52.75
2938,7.99315,,133.5,,52.7
2939,7.99597,,133.25,,52.65
2940,7.99878,,133,,52.6
2941,8.0016,,132.75,,52.55
2942,8.00442,,132.5,,52.5
2943,8.00723,,132.25,,52.45
2944,8.01005,,132,,52.4
2945,8.01268,,131.8,,52.32
2946,8.0153,,131.6,,52.24
2947,8.01793,,131.4,,52.16
2948,8.02055,,131.2,,52.08
2949,8.02318,,131,,52
2950,8.02623,,131.286,,51.9143
2951,8.02928,,131.571,,51.8286
2952,8.03233,,131.857,,51.7429
2953,8.03537,,132.143,,51.6571
2954,8.03842,,132.429,,51.5714
2955,8.04147,,132.714,,51.4857
2956,8.04452,,133,,51.4
2957,8.04749,,133.2,,51.36
2958,8.05047,,133.4,,51.32
2959,8.05344,,133.6,,51.28
2960,8.05642,,133.8,,51.24
2961,8.05939,,134,,51.2
2962,8.06265,,134,,51.1
2963,8.06592,,134,,51
2964,8.06904,,134,,50.9143
2965,8.07215,,134,,50.8286
2966,8.07527,,134,,50.7429
2967,8.07838,,134,,50.6571
2968,8.0815,,134,,50.5714
2969,8.08461,,134,,50.4857
2970,8.08773,,134,,50.4
2971,8.09122,,133.833,,50.3333
2972,8.09471,,133.667,,50.2667
2973,8.09821,,133.5,,50.2
2974,8.1017,,133.333,,50.1333
2975,8.10519,,133.167,,50.0667
2976,8.10868,,133,,50
2977,8.11162,,133,,50
2978,8.11455,,133,,50
2979,8.11712,,132.875,,49.9
2980,8.11969,,132.75,,49.8
2981,8.12225,,132.625,,49.7
2982,8.12482,,132.5,,49.6
2983,8.12739,,132.375,,49.5
2984,8.12995,,132.25,,49.4
2985,8.13252,,132.125,,49.3
2986,8.13509,,132,,49.2
2987,8.13802,,131.5,,49
2988,8.14095,,131,,48.8
2989,8.14464,,130.667,,48.6333
2990,8.14834,,130.333,,48.4667
2991,8.15203,,130,,48.3
2992,8.15572,,129.667,,48.1333
2993,8.15942,,129.333,,47.9667
2994,8.16311,,129,,47.8
2995,8.16614,,129.143,,47.6857
2996,8.16916,,129.286,,47.5714
2997,8.17219,,129.429,,47.4571
2998,8.17522,,129.571,,47.3429
2999,8.17825,,129.714,,47.2286
3000,8.18127,,129.857,,47.1143
3001,8.1843,,130,,47
3002,8.18713,,130.333,,46.8667
3003,8.18995,,130.667,,46.7333
3004,8.19278,,131,,46.6
3005,8.19471,,131,,46.4
3006,8.19664,,131,,46.2
3007,8.19858,,131,,46
3008,8.20051,,131,,45.8
3009,8.20244,,131,,45.6
3010,8.206,,131,,45.5
3011,8.20957,,131,,45.4
3012,8.21313,,131,,45.3
3013,8.2167,,131,,45.2
3014,8.22026,,131,,45.1
3015,8.22383,,131,,45
3016,8.22645,,130.8,,44.84
3017,8.22906,,130.6,,44.68
3018,8.23168,,130.4,,44.52
3019,8.23429,,130.2,,44.36
3020,8.23691,,130,,44.2
3021,8.23922,,130.125,,44.05
3022,8.24152,,130.25,,43.9
3023,8.24383,,130.375,,43.75
3024,8.24614,,130.5,,43.6
3025,8.24845,,130.625,,43.45
3026,8.25075,,130.75,,43.3
3027,8.25306,,130.875,,43.15
3028,8.25537,,131,,43
3029,8.2584,,131,,42.9143
3030,8.26144,,131,,42.8286
3031,8.26447,,131,,42.7429
3032,8.2675,,131,,42.6571
3033,8.27053,,131,,42.5714
3034,8.27357,,131,,42.4857
3035,8.2766,,131,,42.4
3036,8.27915,,131,,42.25
3037,8.28169,,131,,42.1
3038,8.28424,,131,,41.95
3039,8.28679,,131,,41.8
3040,8.28937,,130.857,,41.6571
3041,8.29196,,130.714,,41.5143
3042,8.29454,,130.571,,41.3714
3043,8.29712,,130.429,,41.2286
3044,8.2997,,130.286,,41.0857
3045,8.30229,,130.143,,40.9429
3046,8.30487,,130,,40.8
3047,8.3079,,130.143,,40.6857
3048,8.31094,,130.286,,40.5714
3049,8.31397,,130.429,,40.4571
3050,8.31701,,130.571,,40.3429
3051,8.32004,,130.714,,40.2286
3052,8.32308,,130.857,,40.1143
3053,8.32611,,131,,40
3054,8.32895,,131,,39.8
3055,8.33212,,131,,39.6857
3056,8.33529,,131,,39.5714
3057,8.33846,,131,,39.4571
3058,8.34164,,131,,39.3429
3059,8.34481,,131,,39.2286
3060,8.34798,,131,,39.1143
3061,8.35115,,131,,39
3062,8.35435,,131.5,,38.9
3063,8.35756,,132,,38.8
3064,8.3602,,131.6,,38.68
3065,8.36284,,131.2,,38.56
3066,8.36549,,130.8,,38.44
3067,8.36813,,130.4,,38.32
3068,8.37077,,130,,38.2
3069,8.37238,,130,,38
3070,8.37399,,130,,37.8
3071,8.37635,,131,,37.6
3072,8.37904,,131.125,,37.525
3073,8.38173,,131.25,,37.45
3074,8.38442,,131.375,,37.375
3075,8.38711,,131.5,,37.3
3076,8.38979,,131.625,,37.225
3077,8.39248,,131.75,,37.15
3078,8.39517,,131.875,,37.075
3079,8.39786,,132,,37
3080,8.40047,,132.25,,36.975
3081,8.40309,,132.5,,36.95
3082,8.4057,,132.75,,36.925
3083,8.40831,,133,,36.9
3084,8.41092,,133.25,,36.875
3085,8.41353,,133.5,,36.85
3086,8.41615,,133.75,,36.825
3087,8.41876,,134,,36.8
3088,8.42182,,133.75,,36.75
3089,8.42488,,133.5,,36.7
3090,8.42795,,133.25,,36.65
3091,8.43101,,133,,36.6
3092,8.43392,,133,,36.5714
3093,8.43682,,133,,36.5429
3094,8.43973,,133,,36.5143
3095,8.44263,,133,,36.4857
3096,8.44554,,133,,36.4571
3097,8.44844,,133,,36.4286
3098,8.45135,,133,,36.4
3099,8.4542,,133.429,,36.3714
3100,8.45704,,133.857,,36.3429
3101,8.45989,,134.286,,36.3143
3102,8.46273,,134.714,,36.2857
3103,8.46558,,135.143,,36.2571
3104,8.46842,,135.571,,36.2286
3105,8.47127,,136,,36.2
3106,8.47429,,136.143,,36.2
3107,8.47731,,136.286,,36.2
3108,8.48033,,136.429,,36.2
3109,8.48334,,136.571,,36.2
3110,8.48636,,136.714,,36.2
3111,8.48938,,136.857,,36.2
3112,8.4924,,137,,36.2
3113,8.49542,,137.143,,36.2286
3114,8.49845,,137.286,,36.2571
3115,8.50147,,137.429,,36.2857
3116,8.50449,,137.571,,36.3143
3117,8.50751,,137.714,,36.3429
3118,8.51054,,137.857,,36.3714
3119,8.51356,,138,,36.4
3120,8.51642,,138.143,,36.4571
3121,8.51929,,138.286,,36.5143
3122,8.52215,,138.429,,36.5714
3123,8.52502,,138.571,,36.6286
3124,8.52788,,138.714,,36.6857
3125,8.53075,,138.857,,36.7429
3126,8.53361,,139,,36.8
3127,8.53614,,139,,36.9
3128,8.53868,,139,,37
3129,8.54121,,139,,37.1
3130,8.54374,,139,,37.2
3131,8.54628,,139,,37.3
3132,8.54881,,139,,37.4
3133,8.55135,,139,,37.5
3134,8.55388,,139,,37.6
3135,8.55652,,139,,37.75
3136,8.55917,,139,,37.9
3137,8.56181,,139,,38.05
3138,8.56446,,139,,38.2
3139,8.5671,,139,,38.35
3140,8.56975,,139,,38.5
3141,8.5724,,139,,38.65
3142,8.57504,,139,,38.8
3143,8.57792,,139.143,,38.9429
3144,8.5808,,139.286,,39.0857
3145,8.58368,,139.429,,39.2286
3146,8.58657,,139.571,,39.3714
3147,8.58945,,139.714,,39.5143
3148,8.59233,,139.857,,39.6571
3149,8.59521,,140,,39.8
3150,8.59767,,140.222,,39.9111
3151,8.60013,,140.444,,40.0222
3152,8.60259,,140.667,,40.1333
3153,8.60505,,140.889,,40.2444
3154,8.60751,,141.111,,40.3556
3155,8.60997,,141.333,,40.4667
3156,8.61243,,141.556,,40.5778
3157,8.61489,,141.778,,40.6889
3158,8.61735,,142,,40.8
3159,8.61983,,142,,40.9333
3160,8.6223,,142,,41.0667
3161,8.62478,,142,,41.2
3162,8.62741,,142.125,,41.325
3163,8.63003,,142.25,,41.45
3164,8.63266,,142.375,,41.575
3165,8.63529,,142.5,,41.7
3166,8.63792,,142.625,,41.825
3167,8.64054,,142.75,,41.95
3168,8.64317,,142.875,,42.075
3169,8.6458,,143,,42.2
3170,8.64843,,143.143,,42.3714
3171,8.65106,,143.286,,42.5429
3172,8.65369,,143.429,,42.7143
3173,8.65632,,143.571,,42.8857
3174,8.65895,,143.714,,43.0571
3175,8.66158,,143.857,,43.2286
3176,8.66421,,144,,43.4
3177,8.66631,,144.5,,43.65
3178,8.66841,,145,,43.9
3179,8.67052,,145.5,,44.15
3180,8.67262,,146,,44.4
3181,8.67517,,146.167,,44.5667
3182,8.67771,,146.333,,44.7333
3183,8.68026,,146.5,,44.9
3184,8.68281,,146.667,,45.0667
3185,8.68535,,146.833,,45.2333
3186,8.6879,,147,,45.4
3187,8.69063,,147.286,,45.5714
3188,8.69335,,147.571,,45.7429
3189,8.69608,,147.857,,45.9143
3190,8.69881,,148.143,,46.0857
3191,8.70154,,148.429,,46.2571
3192,8.70426,,148.714,,46.4286
3193,8.70699,,149,,46.6
3194,8.70955,,149.333,,46.7667
3195,8.71212,,149.667,,46.9333
3196,8.71468,,150,,47.1
3197,8.71725,,150.333,,47.2667
3198,8.71981,,150.667,,47.4333
3199,8.72238,,151,,47.6
3200,8.72461,,151.4,,47.84
3201,8.72683,,151.8,,48.08
3202,8.72906,,152.2,,48.32
3203,8.73128,,152.6,,48.56
3204,8.73351,,153,,48.8
3205,8.73552,,153,,49
3206,8.73753,,153,,49.2
3207,8.73953,,153,,49.4
3208,8.74154,,153,,49.6
3209,8.74355,,153,,49.8
3210,8.74597,,153,,50.0333
3211,8.74838,,153,,50.2667
3212,8.7508,,153,,50.5
3213,8.75322,,153,,50.7333
3214,8.75563,,153,,50.9667
3215,8.75805,,153,,51.2
3216,8.76049,,152.8,,51.4
3217,8.76293,,152.6,,51.6
3218,8.76536,,152.4,,51.8
3219,8.7678,,152.2,,52
3220,8.77024,,152,,52.2
3221,8.77327,,152,,52.3429
3222,8.7763,,152,,52.4857
3223,8.77933,,152,,52.6286
3224,8.78235,,152,,52.7714
3225,8.78538,,152,,52.9143
3226,8.78841,,152,,53.0571
3227,8.79144,,152,,53.2
3228,8.79379,,151,,53.4
3229,8.79601,,151,,53.5429
3230,8.79823,,151,,53.6857
3231,8.80045,,151,,53.8286
3232,8.80266,,151,,53.9714
3233,8.80488,,151,,54.1143
3234,8.8071,,151,,54.2571
3235,8.80932,,151,,54.4
3236,8.81195,,151.167,,54.5667
3237,8.81458,,151.333,,54.7333
3238,8.81721,,151.5,,54.9
3239,8.81984,,151.667,,55.0667
3240,8.82247,,151.833,,55.2333
3241,8.8251,,152,,55.4
3242,8.82795,,151.875,,55.5
3243,8.8308,,151.75,,55.6
3244,8.83364,,151.625,,55.7
3245,8.83649,,151.5,,55.8
3246,8.83934,,151.375,,55.9
3247,8.84219,,151.25,,56
3248,8.84503,,151.125,,56.1
3249,8.84788,,151,,56.2
3250,8.85081,,151,,56.3
3251,8.85373,,151,,56.4
3252,8.85677,,151,,56.5143
3253,8.85982,,151,,56.6286
3254,8.86286,,151,,56.7429
3255,8.8659,,151,,56.8571
3256,8.86894,,151,,56.9714
3257,8.87199,,151,,57.0857
3258,8.87503,,151,,57.2
3259,8.87817,,151,,57.2667
3260,8.88132,,151,,57.3333
3261,8.88446,,151,,57.4
3262,8.88787,,150.833,,57.4667
3263,8.89127,,150.667,,57.5333
3264,8.89467,,150.5,,57.6
3265,8.89808,,150.333,,57.6667
3266,8.90149,,150.167,,57.7333
3267,8.90489,,150,,57.8
3268,8.90795,,149.857,,57.8286
3269,8.91102,,149.714,,57.8571
3270,8.91408,,149.571,,57.8857
3271,8.91714,,149.429,,57.9143
3272,8.9202,,149.286,,57.9429
3273,8.92327,,149.143,,57.9714
3274,8.92633,,149,,58
3275,8.92922,,148.4,,57.96
3276,8.9321,,147.8,,57.92
3277,8.93499,,147.2,,57.88
3278,8.93787,,146.6,,57.84
3279,8.94076,,146,,57.8
3280,8.94386,,145.4,,57.8
3281,8.94696,,144.8,,57.8
3282,8.95006,,144.2,,57.8
3283,8.95316,,143.6,,57.8
3284,8.95626,,143,,57.8
3285,8.95932,,142.714,,57.8
3286,8.96237,,142.429,,57.8
3287,8.96543,,142.143,,57.8
3288,8.96849,,141.857,,57.8
3289,8.97155,,141.571,,57.8
3290,8.9746,,141.286,,57.8
3291,8.97766,,141,,57.8
3292,8.98074,,140.857,,57.8
3293,8.98383,,140.714,,57.8
3294,8.98691,,140.571,,57.8
3295,8.98999,,140.429,,57.8
3296,8.99307,,140.286,,57.8
3297,8.99616,,140.143,,57.8
3298,8.99924,,140,,57.8
3299,9.00218,,139.714,,57.8
3300,9.00512,,139.429,,57.8
3301,9.00806,,139.143,,57.8
3302,9.01101,,138.857,,57.8
3303,9.01395,,138.571,,57.8
3304,9.01689,,138.286,,57.8
3305,9.01983,,138,,57.8
3306,9.02291,,137.857,,57.8571
3307,9.026,,137.714,,57.9143
3308,9.02908,,137.571,,57.9714
3309,9.03216,,137.429,,58.0286
3310,9.03524,,137.286,,58.0857
3311,9.03833,,137.143,,58.1429
3312,9.04141,,137,,58.2
3313,9.04462,,137,,58.2286
3314,9.04784,,137,,58.2571
3315,9.05105,,137,,58.2857
3316,9.05427,,137,,58.3143
3317,9.05748,,137,,58.3429
3318,9.0607,,137,,58.3714
3319,9.06391,,137,,58.4
3320,9.06694,,136.857,,58.3714
3321,9.06996,,136.714,,58.3429
3322,9.07299,,136.571,,58.3143
3323,9.07602,,136.429,,58.2857
3324,9.07905,,136.286,,58.2571
3325,9.08207,,136.143,,58.2286
3326,9.0851,,136,,58.2
3327,9.08802,,135.857,,58.1714
3328,9.09094,,135.714,,58.1429
3329,9.09386,,135.571,,58.1143
3330,9.09679,,135.429,,58.0857
3331,9.09971,,135.286,,58.0571
3332,9.10263,,135.143,,58.0286
3333,9.10555,,135,,58
3334,9.10848,,135,,57.9714
3335,9.11141,,135,,57.9429
3336,9.11434,,135,,57.9143
3337,9.11728,,135,,57.8857
3338,9.12021,,135,,57.8571
3339,9.12314,,135,,57.8286
3340,9.12607,,135,,57.8
3341,9.12904,,135,,57.8
3342,9.13201,,135,,57.8
3343,9.13498,,135,,57.8
3344,9.13794,,135,,57.8
3345,9.14091,,135,,57.8
3346,9.14388,,135,,57.8
3347,9.14685,,135,,57.8
3348,9.15005,,135,,57.8
3349,9.15324,,135,,57.8
3350,9.15644,,135,,57.8
3351,9.15963,,135,,57.8
3352,9.16283,,135,,57.8
3353,9.16602,,135,,57.8
3354,9.16922,,135,,57.8
3355,9.17237,,135.143,,57.8
3356,9.17553,,135.286,,57.8
3357,9.17868,,135.429,,57.8
3358,9.18184,,135.571,,57.8
3359,9.18499,,135.714,,57.8
3360,9.18815,,135.857,,57.8
3361,9.1913,,136,,57.8
3362,9.19456,,136,,57.7714
3363,9.19783,,136,,57.7429
3364,9.20109,,136,,57.7143
3365,9.20435,,136,,57.6857
3366,9.20761,,136,,57.6571
3367,9.21088,,136,,57.6286
3368,9.21414,,136,,57.6
3369,9.21766,,136.167,,57.5667
3370,9.22117,,136.333,,57.5333
3371,9.22469,,136.5,,57.5
3372,9.22821,,136.667,,57.4667
3373,9.23172,,136.833,,57.4333
3374,9.23524,,137,,57.4
3375,9.23836,,136.857,,57.3714
3376,9.24147,,136.714,,57.3429
3377,9.24459,,136.571,,57.3143
3378,9.2477,,136.429,,57.2857
3379,9.25082,,136.286,,57.2571
3380,9.25393,,136.143,,57.2286
3381,9.25705,,136,,57.2
3382,9.26019,,136,,57.1714
3383,9.26332,,136,,57.1429
3384,9.26646,,136,,57.1143
3385,9.26959,,136,,57.0857
3386,9.27273,,136,,57.0571
3387,9.27586,,136,,57.0286
3388,9.279,,136,,57
3389,9.28188,,136,,56.9429
3390,9.28477,,136,,56.8857
3391,9.28765,,136,,56.8286
3392,9.29053,,136,,56.7714
3393,9.29341,,136,,56.7143
3394,9.2963,,136,,56.6571
3395,9.29918,,136,,56.6
3396,9.30183,,136.125,,56.6
3397,9.30448,,136.25,,56.6
3398,9.30712,,136.375,,56.6
3399,9.30977,,136.5,,56.6
3400,9.31242,,136.625,,56.6
3401,9.31507,,136.75,,56.6
3402,9.31771,,136.875,,56.6
3403,9.32036,,137,,56.6
3404,9.32295,,137.125,,56.625
3405,9.32554,,137.25,,56.65
3406,9.32812,,137.375,,56.675
3407,9.33071,,137.5,,56.7
3408,9.3333,,137.625,,56.725
3409,9.33589,,137.75,,56.75
3410,9.33847,,137.875,,56.775
3411,9.34106,,138,,56.8
3412,9.34395,,138,,56.825
3413,9.34685,,138,,56.85
3414,9.34974,,138,,56.875
3415,9.35263,,138,,56.9
3416,9.35553,,138,,56.925
3417,9.35842,,138,,56.95
3418,9.36132,,138,,56.975
3419,9.36421,,138,,57
3420,9.36722,,138.143,,56.9714
3421,9.37023,,138.286,,56.9429
3422,9.37324,,138.429,,56.9143
3423,9.37626,,138.571,,56.8857
3424,9.37927,,138.714,,56.8571
3425,9.38228,,138.857,,56.8286
3426,9.38529,,139,,56.8
3427,9.3882,,139,,56.8
3428,9.39112,,139,,56.8
3429,9.39403,,139,,56.8
3430,9.39694,,139,,56.8
3431,9.39985,,139,,56.8
3432,9.40277,,139,,56.8
3433,9.40568,,139,,56.8
3434,9.40836,,139,,56.825
3435,9.41103,,139,,56.85
3436,9.41371,,139,,56.875
3437,9.41638,,139,,56.9
3438,9.41906,,139,,56.925
3439,9.42173,,139,,56.95
3440,9.42441,,139,,56.975
3441,9.42708,,139,,57
3442,9.43061,,139.167,,57.0333
3443,9.43413,,139.333,,57.0667
3444,9.43766,,139.5,,57.1
3445,9.44119,,139.667,,57.1333
3446,9.44471,,139.833,,57.1667
3447,9.44824,,140,,57.2
3448,9.45107,,140,,57.225
3449,9.4539,,140,,57.25
3450,9.45673,,140,,57.275
3451,9.45957,,140,,57.3
3452,9.4624,,140,,57.325
3453,9.46523,,140,,57.35
3454,9.46806,,140,,57.375
3455,9.47089,,140,,57.4
3456,9.47369,,140.125,,57.425
3457,9.47649,,140.25,,57.45
3458,9.47929,,140.375,,57.475
3459,9.4821,,140.5,,57.5
3460,9.4849,,140.625,,57.525
3461,9.4877,,140.75,,57.55
3462,9.4905,,140.875,,57.575
3463,9.4933,,141,,57.6
3464,9.49618,,140.857,,57.6571
3465,9.49905,,140.714,,57.7143
3466,9.50193,,140.571,,57.7714
3467,9.5048,,140.429,,57.8286
3468,9.50768,,140.286,,57.8857
3469,9.51055,,140.143,,57.9429
3470,9.51343,,140,,58
3471,9.5166,,140.143,,58
3472,9.51976,,140.286,,58
3473,9.52293,,140.429,,58
3474,9.52609,,140.571,,58
3475,9.52926,,140.714,,58
3476,9.53242,,140.857,,58
3477,9.53559,,141,,58
3478,9.53858,,140.714,,58.0286
3479,9.54158,,140.429,,58.0571
3480,9.54457,,140.143,,58.0857
3481,9.54757,,139.857,,58.1143
3482,9.55056,,139.571,,58.1429
3483,9.55356,,139.286,,58.1714
3484,9.55655,,139,,58.2
3485,9.56017,,138.4,,58.2
3486,9.56378,,137.8,,58.2
3487,9.5674,,137.2,,58.2
3488,9.57101,,136.6,,58.2
3489,9.57463,,136,,58.2
3490,9.57803,,136,,58.1667
3491,9.58143,,136,,58.1333
3492,9.58483,,136,,58.1
3493,9.58824,,136,,58.0667
3494,9.59164,,136,,58.0333
3495,9.59504,,136,,58
3496,9.59863,,136,,57.8667
3497,9.60222,,136,,57.7333
3498,9.60581,,136,,57.6
3499,9.6094,,136,,57.4667
3500,9.61299,,136,,57.3333
3501,9.61658,,136,,57.2
3502,9.61995,,135.833,,57.0667
3503,9.62331,,135.667,,56.9333
3504,9.62668,,135.5,,56.8
3505,9.63005,,135.333,,56.6667
3506,9.63341,,135.167,,56.5333
3507,9.63678,,135,,56.4
3508,9.63996,,134.857,,56.2857
3509,9.64313,,134.714,,56.1714
3510,9.64631,,134.571,,56.0571
3511,9.64948,,134.429,,55.9429
3512,9.65266,,134.286,,55.8286
3513,9.65583,,134.143,,55.7143
3514,9.65901,,134,,55.6
3515,9.66225,,134,,55.4
3516,9.66542,,133.714,,55.3429
3517,9.6686,,133.429,,55.2857
3518,9.67177,,133.143,,55.2286
3519,9.67495,,132.857,,55.1714
3520,9.67812,,132.571,,55.1143
3521,9.6813,,132.286,,55.0571
3522,9.68447,,132,,55
3523,9.68776,,132,,54.85
3524,9.69104,,132,,54.7
3525,9.69433,,132,,54.55
3526,9.69762,,132,,54.4
3527,9.70069,,132,,54.2571
3528,9.70377,,132,,54.1143
3529,9.70684,,132,,53.9714
3530,9.70991,,132,,53.8286
3531,9.71298,,132,,53.6857
3532,9.71606,,132,,53.5429
3533,9.71913,,132,,53.4
3534,9.72238,,132,,53.4
3535,9.72536,,132.143,,53.3429
3536,9.72833,,132.286,,53.2857
3537,9.73131,,132.429,,53.2286
3538,9.73428,,132.571,,53.1714
3539,9.73726,,132.714,,53.1143
3540,9.74023,,132.857,,53.0571
3541,9.74321,,133,,53
3542,9.74641,,133.143,,52.9429
3543,9.7496,,133.286,,52.8857
3544,9.7528,,133.429,,52.8286
3545,9.75599,,133.571,,52.7714
3546,9.75919,,133.714,,52.7143
3547,9.76238,,133.857,,52.6571
3548,9.76558,,134,,52.6
3549,9.76894,,134.333,,52.5333
3550,9.77231,,134.667,,52.4667
3551,9.77567,,135,,52.4
3552,9.77903,,135.333,,52.3333
3553,9.7824,,135.667,,52.2667
3554,9.78576,,136,,52.2
3555,9.78891,,136,,52.1429
3556,9.79205,,136,,52.0857
3557,9.7952,,136,,52.0286
3558,9.79835,,136,,51.9714
3559,9.8015,,136,,51.9143
3560,9.80464,,136,,51.8571
3561,9.80779,,136,,51.8
3562,9.81116,,136,,51.7
3563,9.81452,,136,,51.6
3564,9.81789,,136,,51.5
3565,9.82125,,136,,51.4
3566,9.82461,,136,,51.3
3567,9.82798,,136,,51.2
3568,9.83161,,136,,51.2
3569,9.83479,,135.857,,51.0857
3570,9.83797,,135.714,,50.9714
3571,9.84115,,135.571,,50.8571
3572,9.84434,,135.429,,50.7429
3573,9.84752,,135.286,,50.6286
3574,9.8507,,135.143,,50.5143
3575,9.85388,,135,,50.4
3576,9.85714,,135,,50.3
3577,9.86041,,135,,50.2
3578,9.86361,,135,,50.0857
3579,9.8668,,135,,49.9714
3580,9.87,,135,,49.8571
3581,9.87319,,135,,49.7429
3582,9.87639,,135,,49.6286
3583,9.87958,,135,,49.5143
3584,9.88278,,135,,49.4
3585,9.8859,,135,,49
3586,9.88904,,134.714,,48.9143
3587,9.89217,,134.429,,48.8286
3588,9.89531,,134.143,,48.7429
3589,9.89845,,133.857,,48.6571
3590,9.90159,,133.571,,48.5714
3591,9.90472,,133.286,,48.4857
3592,9.90786,,133,,48.4
3593,9.91133,,133,,48.2667
3594,9.91479,,133,,48.1333
3595,9.91826,,133,,48
3596,9.92123,,132.857,,47.8286
3597,9.9242,,132.714,,47.6571
3598,9.92717,,132.571,,47.4857
3599,9.93015,,132.429,,47.3143
3600,9.93312,,132.286,,47.1429
3601,9.93609,,132.143,,46.9714
3602,9.93906,,132,,46.8
3603,9.94242,,131.5,,46.55
3604,9.94579,,131,,46.3
3605,9.94915,,130.5,,46.05
3606,9.95251,,130,,45.8
3607,9.95582,,130,,45.55
3608,9.95913,,130,,45.3
3609,9.96245,,130,,45.05
3610,9.96576,,130,,44.8
3611,9.96915,,129.8,,44.52
3612,9.97254,,129.6,,44.24
3613,9.97593,,129.4,,43.96
3614,9.97932,,129.2,,43.68
3615,9.98271,,129,,43.4
3616,9.98547,,128.714,,43.2571
3617,9.98824,,128.429,,43.1143
3618,9.991,,128.143,,42.9714
3619,9.99377,,127.857,,42.8286
3620,9.99653,,127.571,,42.6857
3621,9.9993,,127.286,,42.5429
3622,10.0021,,127,,42.4
3623,10.0042,,127.5,,42.2667
3624,10.0064,,128,,42.1333
3625,10.0086,,128.5,,42
3626,10.0108,,129,,41.8667
3627,10.013,,129.5,,41.7333
3628,10.0152,,130,,41.6
3629,10.0179,,130.333,,41.5333
3630,10.0206,,130.667,,41.4667
3631,10.0234,,131,,41.4
3632,10.0265,,131.286,,41.3714
3633,10.0295,,131.571,,41.3429
3634,10.0326,,131.857,,41.3143
3635,10.0357,,132.143,,41.2857
3636,10.0388,,132.429,,41.2571
3637,10.0419,,132.714,,41.2286
3638,10.045,,133,,41.2
3639,10.0478,,133.125,,41.325
3640,10.0506,,133.25,,41.45
3641,10.0534,,133.375,,41.575
3642,10.0562,,133.5,,41.7
3643,10.059,,133.625,,41.825
3644,10.0618,,133.75,,41.95
3645,10.0646,,133.875,,42.075
3646,10.0674,,134,,42.2
3647,10.0704,,134.5,,42.3
3648,10.0735,,135,,42.4
3649,10.0764,,135.429,,42.5429
3650,10.0794,,135.857,,42.6857
3651,10.0823,,136.286,,42.8286
3652,10.0852,,136.714,,42.9714
3653,10.0882,,137.143,,43.1143
3654,10.0911,,137.571,,43.2571
3655,10.0941,,138,,43.4
3656,10.0969,,138,,43.6
3657,10.0997,,138.375,,43.7
3658,10.1025,,138.75,,43.8
3659,10.1054,,139.125,,43.9
3660,10.1082,,139.5,,44
3661,10.111,,139.875,,44.1
3662,10.1138,,140.25,,44.2
3663,10.1167,,140.625,,44.3
3664,10.1195,,141,,44.4
3665,10.1223,,141.25,,44.45
3666,10.1252,,141.5,,44.5
3667,10.128,,141.75,,44.55
3668,10.1309,,142,,44.6
3669,10.1338,,142.143,,44.6571
3670,10.1368,,142.286,,44.7143
3671,10.1398,,142.429,,44.7714
3672,10.1427,,142.571,,44.8286
3673,10.1457,,142.714,,44.8857
3674,10.1487,,142.857,,44.9429
3675,10.1516,,143,,45
3676,10.1546,,143.125,,45
3677,10.1575,,143.25,,45
3678,10.1604,,143.375,,45
3679,10.1633,,143.5,,45
3680,10.1663,,143.625,,45
3681,10.1692,,143.75,,45
3682,10.1721,,143.875,,45
3683,10.175,,144,,45
3684,10.1783,,144,,45.0286
3685,10.1816,,144,,45.0571
3686,10.1848,,144,,45.0857
3687,10.1881,,144,,45.1143
3688,10.1914,,144,,45.1429
3689,10.1947,,144,,45.1714
3690,10.198,,144,,45.2
3691,10.2011,,143.714,,45.2286
3692,10.2042,,143.429,,45.2571
3693,10.2073,,143.143,,45.2857
3694,10.2104,,142.857,,45.3143
3695,10.2135,,142.571,,45.3429
3696,10.2166,,142.286,,45.3714
3697,10.2197,,142,,45.4
3698,10.2234,,141.833,,45.4
3699,10.2271,,141.667,,45.4
3700,10.2308,,141.5,,45.4
3701,10.2345,,141.333,,45.4
3702,10.2382,,141.167,,45.4
3703,10.2418,,141,,45.4
3704,10.2451,,140.714,,45.3429
3705,10.2484,,140.429,,45.2857
3706,10.2517,,140.143,,45.2286
3707,10.255,,139.857,,45.1714
3708,10.2583,,139.571,,45.1143
3709,10.2616,,139.286,,45.0571
3710,10.2649,,139,,45
3711,10.2682,,139,,44.8857
3712,10.2715,,139,,44.7714
3713,10.2748,,139,,44.6571
3714,10.2781,,139,,44.5429
3715,10.2814,,139,,44.4286
3716,10.2847,,139,,44.3143
3717,10.288,,139,,44.2
3718,10.291,,138.857,,44.1143
3719,10.2941,,138.714,,44.0286
3720,10.2972,,138.571,,43.9429
3721,10.3003,,138.429,,43.8571
3722,10.3034,,138.286,,43.7714
3723,10.3064,,138.143,,43.6857
3724,10.3095,,138,,43.6
3725,10.3117,,137.5,,43.5
3726,10.314,,137,,43.4
3727,10.3155,,136.8,,43.4
3728,10.3171,,136.6,,43.4
3729,10.3186,,136.4,,43.4
3730,10.3202,,136.2,,43.4
3731,10.3217,,136,,43.4
3732,10.3247,,136.143,,43.4
3733,10.3276,,136.286,,43.4
3734,10.3305,,136.429,,43.4
3735,10.3335,,136.571,,43.4
3736,10.3364,,136.714,,43.4
3737,10.3393,,136.857,,43.4
3738,10.3423,,137,,43.4
3739,10.3452,,137.143,,43.4
3740,10.3481,,137.286,,43.4
3741,10.351,,137.429,,43.4
3742,10.3539,,137.571,,43.4
3743,10.3569,,137.714,,43.4
3744,10.3598,,137.857,,43.4
3745,10.3627,,138,,43.4
3746,10.3658,,138,,43.3714
3747,10.3689,,138,,43.3429
3748,10.372,,138,,43.3143
3749,10.3752,,138,,43.2857
3750,10.3783,,138,,43.2571
3751,10.3814,,138,,43.2286
3752,10.3845,,138,,43.2
3753,10.3874,,137.667,,43.0667
3754,10.3904,,137.333,,42.9333
3755,10.3933,,137,,42.8
3756,10.3962,,136.667,,42.6667
3757,10.3992,,136.333,,42.5333
3758,10.4021,,136,,42.4
3759,10.4052,,135.833,,42.2
3760,10.4083,,135.667,,42
3761,10.4115,,135.5,,41.8
3762,10.4146,,135.333,,41.6
3763,10.4177,,135.167,,41.4
3764,10.4209,,135,,41.2
3765,10.4236,,134.5,,40.9
3766,10.4263,,134,,40.6
3767,10.429,,134.5,,40.4
3768,10.4318,,135,,40.2
3769,10.4347,,135,,40.0857
3770,10.4377,,135,,39.9714
3771,10.4406,,135,,39.8571
3772,10.4436,,135,,39.7429
3773,10.4465,,135,,39.6286
3774,10.4494,,135,,39.5143
3775,10.4524,,135,,39.4
3776,10.4553,,135,,39.5429
3777,10.4582,,135,,39.6857
3778,10.4611,,135,,39.8286
3779,10.464,,135,,39.9714
3780,10.4669,,135,,40.1143
3781,10.4698,,135,,40.2571
3782,10.4727,,135,,40.4
3783,10.4758,,135.143,,40.4571
3784,10.4789,,135.286,,40.5143
3785,10.482,,135.429,,40.5714
3786,10.4851,,135.571,,40.6286
3787,10.4882,,135.714,,40.6857
3788,10.4913,,135.857,,40.7429
3789,10.4943,,136,,40.8
3790,10.4973,,136.286,,40.8286
3791,10.5002,,136.571,,40.8571
3792,10.5032,,136.857,,40.8857
3793,10.5061,,137.143,,40.9143
3794,10.5091,,137.429,,40.9429
3795,10.512,,137.714,,40.9714
3796,10.515,,138,,41
3797,10.5176,,138.125,,41
3798,10.5201,,138.25,,41
3799,10.5227,,138.375,,41
3800,10.5253,,138.5,,41
3801,10.5279,,138.625,,41
3802,10.5305,,138.75,,41
3803,10.5331,,138.875,,41
3804,10.5357,,139,,41
3805,10.5385,,138.75,,41
3806,10.5414,,138.5,,41
3807,10.5443,,138.25,,41
3808,10.5471,,138,,41
3809,10.55,,137.75,,41
3810,10.5529,,137.5,,41
3811,10.5557,,137.25,,41
3812,10.5586,,137,,41
3813,10.5617,,136.857,,40.9429
3814,10.5648,,136.714,,40.8857
3815,10.5679,,136.571,,40.8286
3816,10.571,,136.429,,40.7714
3817,10.5742,,136.286,,40.7143
3818,10.5773,,136.143,,40.6571
3819,10.5804,,136,,40.6
3820,10.5835,,136,,40.5714
3821,10.5865,,136,,40.5429
3822,10.5896,,136,,40.5143
3823,10.5927,,136,,40.4857
3824,10.5958,,136,,40.4571
3825,10.5988,,136,,40.4286
3826,10.6019,,136,,40.4
3827,10.6052,,136,,40.4286
3828,10.6085,,136,,40.4571
3829,10.6117,,136,,40.4857
3830,10.615,,136,,40.5143
3831,10.6182,,136,,40.5429
3832,10.6215,,136,,40.5714
3833,10.6248,,136,,40.6
3834,10.6282,,136,,40.5333
3835,10.6317,,136,,40.4667
3836,10.6352,,136,,40.4
3837,10.6386,,136,,40.3333
3838,10.6421,,136,,40.2667
3839,10.6456,,136,,40.2
3840,10.649,,136,,40.1
3841,10.6525,,136,,40
3842,10.6559,,136,,39.9
3843,10.6594,,136,,39.8
3844,10.6628,,136,,39.7
3845,10.6663,,136,,39.6
3846,10.6696,,136.25,,39.5
3847,10.673,,136.5,,39.4
3848,10.6764,,136.75,,39.3
3849,10.6797,,137,,39.2
3850,10.683,,137,,39.1429
3851,10.6862,,137,,39.0857
3852,10.6895,,137,,39.0286
3853,10.6927,,137,,38.9714
3854,10.6959,,137,,38.9143
3855,10.6992,,137,,38.8571
3856,10.7024,,137,,38.8
3857,10.7055,,137,,38.7429
3858,10.7085,,137,,38.6857
3859,10.7116,,137,,38.6286
3860,10.7146,,137,,38.5714
3861,10.7177,,137,,38.5143
3862,10.7207,,137,,38.4571
3863,10.7238,,137,,38.4
3864,10.727,,136.75,,38.3
3865,10.7302,,136.5,,38.2
3866,10.7334,,136.25,,38.1
3867,10.7366,,136,,38
3868,10.7397,,135.857,,37.9429
3869,10.7427,,135.714,,37.8857
3870,10.7457,,135.571,,37.8286
3871,10.7488,,135.429,,37.7714
3872,10.7518,,135.286,,37.7143
3873,10.7549,,135.143,,37.6571
3874,10.7579,,135,,37.6
3875,10.761,,135,,37.5143
3876,10.764,,135,,37.4286
3877,10.7671,,135,,37.3429
3878,10.7701,,135,,37.2571
3879,10.7732,,135,,37.1714
3880,10.7763,,135,,37.0857
3881,10.7793,,135,,37
3882,10.7824,,136,,37
3883,10.7855,,136,,36.9714
3884,10.7886,,136,,36.9429
3885,10.7917,,136,,36.9143
3886,10.7948,,136,,36.8857
3887,10.7978,,136,,36.8571
3888,10.8009,,136,,36.8286
3889,10.804,,136,,36.8
3890,10.8069,,136.125,,36.775
3891,10.8098,,136.25,,36.75
3892,10.8126,,136.375,,36.725
3893,10.8155,,136.5,,36.7
3894,10.8184,,136.625,,36.675
3895,10.8213,,136.75,,36.65
3896,10.8241,,136.875,,36.625
3897,10.827,,137,,36.6
3898,10.8303,,137.143,,36.6
3899,10.8336,,137.286,,36.6
3900,10.8369,,137.429,,36.6
3901,10.8402,,137.571,,36.6
3902,10.8435,,137.714,,36.6
3903,10.8467,,137.857,,36.6
3904,10.85,,138,,36.6
3905,10.8534,,137.857,,36.6286
3906,10.8567,,137.714,,36.6571
3907,10.86,,137.571,,36.6857
3908,10.8634,,137.429,,36.7143
3909,10.8667,,137.286,,36.7429
3910,10.87,,137.143,,36.7714
3911,10.8733,,137,,36.8
3912,10.8766,,137.143,,36.8
3913,10.8799,,137.286,,36.8
3914,10.8833,,137.429,,36.8
3915,10.8866,,137.571,,36.8
3916,10.8899,,137.714,,36.8
3917,10.8932,,137.857,,36.8
3918,10.8965,,138,,36.8
3919,10.8995,,138,,36.8286
3920,10.9025,,138,,36.8571
3921,10.9056,,138,,36.8857
3922,10.9086,,138,,36.9143
3923,10.9116,,138,,36.9429
3924,10.9146,,138,,36.9714
3925,10.9177,,138,,37
3926,10.9209,,138.286,,37.0286
3927,10.9241,,138.571,,37.0571
3928,10.9273,,138.857,,37.0857
3929,10.9305,,139.143,,37.1143
3930,10.9337,,139.429,,37.1429
3931,10.9369,,139.714,,37.1714
3932,10.9401,,140,,37.2
3933,10.9432,,139.714,,37.2571
3934,10.9464,,139.429,,37.3143
3935,10.9495,,139.143,,37.3714
3936,10.9526,,138.857,,37.4286
3937,10.9557,,138.571,,37.4857
3938,10.9589,,138.286,,37.5429
3939,10.962,,138,,37.6
3940,10.9651,,138.143,,37.5429
3941,10.9681,,138.286,,37.4857
3942,10.9712,,138.429,,37.4286
3943,10.9743,,138.571,,37.3714
3944,10.9773,,138.714,,37.3143
3945,10.9804,,138.857,,37.2571
3946,10.9835,,139,,37.2
3947,10.9864,,139,,37.2
3948,10.9894,,139,,37.2
3949,10.9923,,139,,37.2
3950,10.9953,,139,,37.2
3951,10.9983,,139,,37.2
3952,11.0012,,139,,37.2
3953,11.0042,,139,,37.2
3954,11.0072,,139,,37.1429
3955,11.0102,,139,,37.0857
3956,11.0132,,139,,37.0286
3957,11.0162,,139,,36.9714
3958,11.0192,,139,,36.9143
3959,11.0223,,139,,36.8571
3960,11.0253,,139,,36.8
3961,11.0282,,139.143,,36.7714
3962,11.0311,,139.286,,36.7429
3963,11.034,,139.429,,36.7143
3964,11.0369,,139.571,,36.6857
3965,11.0399,,139.714,,36.6571
3966,11.0428,,139.857,,36.6286
3967,11.0457,,140,,36.6
3968,11.0487,,139.857,,36.6
3969,11.0517,,139.714,,36.6
3970,11.0548,,139.571,,36.6
3971,11.0578,,139.429,,36.6
3972,11.0608,,139.286,,36.6
3973,11.0638,,139.143,,36.6
3974,11.0669,,139,,36.6
3975,11.0699,,138.714,,36.6286
3976,11.073,,138.429,,36.6571
3977,11.0761,,138.143,,36.6857
3978,11.0792,,137.857,,36.7143
3979,11.0823,,137.571,,36.7429
3980,11.0854,,137.286,,36.7714
3981,11.0884,,137,,36.8
3982,11.0914,,136.857,,36.8857
3983,11.0943,,136.714,,36.9714
3984,11.0973,,136.571,,37.0571
3985,11.1002,,136.429,,37.1429
3986,11.1031,,136.286,,37.2286
3987,11.1061,,136.143,,37.3143
3988,11.109,,136,,37.4
3989,11.1105,,136.2,,37.46
3990,11.1121,,136.4,,37.52
3991,11.1136,,136.6,,37.58
3992,11.1151,,136.8,,37.64
3993,11.1167,,137,,37.7
3994,11.1182,,137.2,,37.76
3995,11.1197,,137.4,,37.82
3996,11.1213,,137.6,,37.88
3997,11.1228,,137.8,,37.94
3998,11.1243,,138,,38
3999,11.1243,,137.7,,38.04
4000,11.1243,,137.4,,38.08
4001,11.1243,,137.1,,38.12
4002,11.1243,,136.8,,38.16
4003,11.1243,,136.5,,38.2
4004,11.1243,,136.2,,38.24
4005,11.1243,,135.9,,38.28
4006,11.1243,,135.6,,38.32
4007,11.1243,,135.3,,38.36
4008,11.1243,,135,,38.4
4009,11.128,,135.6,,38.44
4010,11.1316,,136.2,,38.48
4011,11.1352,,136.8,,38.52
4012,11.1388,,137.4,,38.56
4013,11.1424,,138,,38.6
4014,11.1457,,138.167,,38.7
4015,11.149,,138.333,,38.8
4016,11.1524,,138.5,,38.9
4017,11.1557,,138.667,,39
4018,11.159,,138.833,,39.1
4019,11.1623,,139,,39.2
4020,11.1653,,138.857,,39.3143
4021,11.1684,,138.714,,39.4286
4022,11.1714,,138.571,,39.5429
4023,11.1744,,138.429,,39.6571
4024,11.1775,,138.286,,39.7714
4025,11.1805,,138.143,,39.8857
4026,11.1835,,138,,40
4027,11.1867,,138,,40.05
4028,11.1899,,138,,40.1
4029,11.193,,138,,40.15
4030,11.1962,,138,,40.2
4031,11.1991,,138,,40.3143
4032,11.2021,,138,,40.4286
4033,11.205,,138,,40.5429
4034,11.2079,,138,,40.6571
4035,11.2108,,138,,40.7714
4036,11.2138,,138,,40.8857
4037,11.2167,,138,,41
4038,11.2196,,138.5,,41.2
4039,11.2225,,139,,41.4
4040,11.2253,,139.286,,41.5429
4041,11.2282,,139.571,,41.6857
4042,11.231,,139.857,,41.8286
4043,11.2339,,140.143,,41.9714
4044,11.2367,,140.429,,42.1143
4045,11.2396,,140.714,,42.2571
4046,11.2425,,141,,42.4
4047,11.2453,,141.143,,42.5143
4048,11.2482,,141.286,,42.6286
4049,11.2511,,141.429,,42.7429
4050,11.254,,141.571,,42.8571
4051,11.2569,,141.714,,42.9714
4052,11.2597,,141.857,,43.0857
4053,11.2626,,142,,43.2
4054,11.2655,,142.167,,43.2667
4055,11.2684,,142.333,,43.3333
4056,11.2714,,142.5,,43.4
4057,11.2743,,142.667,,43.4667
4058,11.2772,,142.833,,43.5333
4059,11.2801,,143,,43.6
4060,11.283,,143.143,,43.6286
4061,11.286,,143.286,,43.6571
4062,11.2889,,143.429,,43.6857
4063,11.2918,,143.571,,43.7143
4064,11.2948,,143.714,,43.7429
4065,11.2977,,143.857,,43.7714
4066,11.3006,,144,,43.8
4067,11.3035,,144,,43.8286
4068,11.3064,,144,,43.8571
4069,11.3092,,144,,43.8857
4070,11.3121,,144,,43.9143
4071,11.315,,144,,43.9429
4072,11.3179,,144,,43.9714
4073,11.3207,,144,,44
4074,11.3237,,143.714,,44
4075,11.3267,,143.429,,44
4076,11.3297,,143.143,,44
4077,11.3327,,142.857,,44
4078,11.3357,,142.571,,44
4079,11.3387,,142.286,,44
4080,11.3417,,142,,44
4081,11.3441,,141.778,,44
4082,11.3464,,141.556,,44
4083,11.3488,,141.333,,44
4084,11.3511,,141.111,,44
4085,11.3535,,140.889,,44
4086,11.3558,,140.667,,44
4087,11.3582,,140.444,,44
4088,11.3606,,140.222,,44
4089,11.3629,,140,,44
4090,11.3644,,139.5,,44.0333
4091,11.3659,,139,,44.0667
4092,11.3674,,138.5,,44.1
4093,11.3688,,138,,44.1333
4094,11.3703,,137.5,,44.1667
4095,11.3718,,137,,44.2
4096,11.3729,,136.5,,44.3
4097,11.3739,,136,,44.4
