secs,km,power,hr,cad,alt
0,0,,68,37,66.8
1,0.00099,,71,44,67
2,0.00191,,72,68,67.2
3,0.00324,,74,77,67.4
4,0.00529,,76,85,67.2
5,0.00714,,79,87,67.4
6,0.00888,,81,88,67.2
7,0.01091,,83,87,67.2
8,0.01353,,84,87,67
9,0.0159,,87,87,67
10,0.01805,,88,87,67
11,0.02,,90,88,67.2
12,0.02184,,92,88,67.2
13,0.02381,,93,88,67
14,0.02578,,93,88,66.8
15,0.02864,,95,87,66.8
16,0.03151,,96,88,66.8
17,0.0346,,97,88,66.8
18,0.03761,,98,88,66.8
19,0.04051,,98,87,66.6
20,0.04337,,99,87,66.6
21,0.04621,,100,87,66.8
22,0.04893,,101,88,66.6
23,0.05131,,103,88,66.4
24,0.05397,,103,87,66.4
25,0.05601,,104,87,66.4
26,0.05789,,105,88,66.2
27,0.06016,,106,88,66.2
28,0.06264,,106,88,66
29,0.06506,,107,88,65.8
30,0.06768,,108,89,65.8
31,0.07038,,109,89,65.8
32,0.07332,,109,89,65.8
33,0.07606,,110,89,65.6
34,0.07889,,111,89,65.6
35,0.08205,,111,88,65.6
36,0.08502,,112,88,65.8
37,0.08814,,113,88,65.6
38,0.09134,,113,88,65.6
39,0.09483,,113,88,65.8
40,0.0977,,114,87,66
41,0.1008,,115,86,66
42,0.10385,,115,86,66
43,0.10683,,116,86,66
44,0.11008,,117,87,66.2
45,0.11326,,118,87,66
46,0.11605,,119,88,66
47,0.11878,,119,88,66.2
48,0.12129,,120,88,66.4
49,0.12431,,121,88,66.4
50,0.12709,,121,88,66
51,0.13039,,122,88,66.2
52,0.13361,,122,87,66.4
53,0.13735,,123,88,66.4
54,0.14099,,123,88,66.2
55,0.14462,,124,89,66.4
56,0.14807,,125,88,66.4
57,0.15175,,125,89,66.6
58,0.15544,,125,90,66.4
59,0.1591,,126,90,66.6
60,0.16262,,126,90,66.8
61,0.1658,,127,90,66.8
62,0.1692,,127,90,66.8
63,0.17274,,128,89,67
64,0.17591,,128,87,67
65,0.17911,,129,90,67.2
66,0.18211,,129,90,67.4
67,0.18509,,129,90,67.4
68,0.18807,,130,90,67.4
69,0.1911,,130,90,67.4
70,0.19427,,130,90,67.6
71,0.19752,,130,90,67.6
72,0.2008,,130,90,67.6
73,0.2038,,131,89,67.6
74,0.20694,,131,89,67.6
75,0.21,,131,89,67.4
76,0.21352,,131,89,67.6
77,0.21686,,131,89,67.6
78,0.22038,,131,88,67.4
79,0.22333,,131,87,67.4
80,0.22602,,132,87,67.6
81,0.22863,,132,86,67.6
82,0.23109,,132,85,67.6
83,0.23292,,133,64,67.6
84,0.23495,,133,55,67.8
85,0.23644,,133,55,67.8
86,0.23731,,132,55,67.8
87,0.23784,,132,55,67.8
88,0.23842,,132,0,67.8
89,0.23877,,131,61,67.6
90,0.23877,,130,61,67.6
91,0.23883,,128,0,67.6
92,0.23883,,127,0,67.6
93,0.23883,,125,0,67.6
94,0.23883,,124,0,67.6
95,0.23883,,123,0,67.6
96,0.23883,,122,0,67.8
97,0.23883,,122,0,67.6
98,0.23946,,121,61,67.6
99,0.24099,,120,50,67.6
100,0.24275,,119,46,67.8
101,0.24396,,119,50,68
102,0.2461,,118,76,68.2
103,0.24832,,118,92,68.6
104,0.2507,,118,87,68.6
105,0.25351,,118,88,68.8
106,0.25667,,119,89,68.8
107,0.26,,119,91,69
108,0.263,,120,91,69
109,0.26568,,120,91,69.2
110,0.26913,,121,91,69.2
111,0.27269,,122,90,69.4
112,0.27638,,123,90,69.6
113,0.28021,,124,90,69.8
114,0.28377,,124,89,69.8
115,0.28694,,125,88,70
116,0.28991,,125,88,70.2
117,0.29263,,126,88,70
118,0.29526,,126,88,69.8
119,0.29789,,126,88,70
120,0.30046,,127,88,70.2
121,0.30298,,127,88,70.4
122,0.30494,,128,88,70.6
123,0.30677,,128,87,70.8
124,0.30799,,128,86,70.8
125,0.30921,,128,74,70.8
126,0.31034,,127,73,70.6
127,0.31144,,128,75,70.6
128,0.31299,,128,78,70.8
129,0.3147,,128,87,70.8
130,0.3174,,128,93,71
131,0.32007,,129,91,71.4
132,0.32293,,129,91,71.6
133,0.32561,,130,90,71.8
134,0.32851,,130,91,72.2
135,0.33147,,130,91,72.6
136,0.3346,,131,91,73
137,0.33737,,131,92,73.2
138,0.34001,,132,91,73.4
139,0.34265,,132,89,73.6
140,0.3447,,132,88,73.6
141,0.34723,,133,88,73.8
142,0.3499,,133,86,74
143,0.35185,,134,86,74.4
144,0.35366,,134,84,74.2
145,0.35541,,135,81,74
146,0.35781,,135,80,74
147,0.36053,,135,80,74
148,0.363,,135,79,74
149,0.36585,,136,79,74
150,0.36809,,136,80,73.8
151,0.37032,,136,82,73.8
152,0.37271,,136,82,74
153,0.37449,,136,83,73.6
154,0.37666,,137,82,73.6
155,0.37893,,137,82,73.4
156,0.38114,,137,82,73.2
157,0.38281,,136,82,73.2
158,0.3849,,137,82,73.2
159,0.38717,,136,83,73
160,0.38941,,136,83,72.8
161,0.39173,,136,83,72.6
162,0.39536,,136,82,72.4
163,0.39755,,136,82,72
164,0.4004,,136,83,72
165,0.40334,,136,83,71.6
166,0.40708,,136,83,71.6
167,0.4108,,136,96,71.2
168,0.41339,,136,85,71.2
169,0.41538,,135,81,70.8
170,0.41792,,135,82,70.6
171,0.42008,,135,80,70.2
172,0.42222,,135,81,70
173,0.42502,,134,86,70
174,0.42799,,134,86,70
175,0.43109,,134,85,70.2
176,0.43362,,134,86,70.4
177,0.43609,,134,86,70.6
178,0.43802,,134,86,70.8
179,0.43996,,134,86,71
180,0.44235,,134,86,71
181,0.44587,,133,86,71.4
182,0.44908,,133,86,71.4
183,0.45213,,133,86,71.2
184,0.45488,,133,84,71.2
185,0.45703,,133,84,71
186,0.459,,132,84,70.8
187,0.46115,,132,84,70.4
188,0.46381,,132,84,70.4
189,0.46676,,131,84,70.4
190,0.46936,,131,84,70.4
191,0.47149,,131,84,70.2
192,0.47407,,131,85,70.2
193,0.47657,,131,85,69.8
194,0.47841,,131,86,69.8
195,0.48031,,131,92,69.8
196,0.48207,,130,86,69.6
197,0.48411,,130,83,69.6
198,0.48671,,130,84,69.4
199,0.48948,,130,85,69.4
200,0.49218,,129,85,69.6
201,0.49524,,129,86,69.8
202,0.49853,,129,86,70
203,0.50156,,128,86,70
204,0.50405,,128,87,69.8
205,0.50661,,129,87,70
206,0.50996,,128,87,70
207,0.51301,,128,86,69.8
208,0.51523,,129,86,69.8
209,0.51755,,128,90,69.8
210,0.52021,,129,86,69.8
211,0.52293,,128,85,70
212,0.52518,,129,85,70.2
213,0.52817,,129,85,70.2
214,0.53101,,129,85,70.4
215,0.53424,,129,85,70.4
216,0.53709,,129,85,70.4
217,0.53974,,129,85,70.4
218,0.54227,,130,83,70.4
219,0.54452,,129,74,70.4
220,0.54637,,129,81,70.4
221,0.54885,,129,85,70.4
222,0.55137,,129,88,70.2
223,0.55341,,129,97,70.6
224,0.55506,,129,88,70.8
225,0.55712,,129,81,70.6
226,0.55935,,129,83,70.2
227,0.56157,,130,84,70
228,0.56409,,130,89,70
229,0.56665,,130,91,69.8
230,0.56861,,130,89,69.8
231,0.57097,,130,82,69.8
232,0.57329,,130,83,69.8
233,0.57516,,130,84,70
234,0.57695,,130,84,70
235,0.57881,,130,84,69.8
236,0.5815,,130,84,69.8
237,0.58374,,130,84,69.6
238,0.58683,,130,84,69.6
239,0.58964,,129,84,69.6
240,0.59233,,129,84,69.6
241,0.59496,,129,84,69.6
242,0.59731,,129,85,69.6
243,0.59959,,129,84,69.4
244,0.60202,,129,85,69.6
245,0.60447,,128,86,69.4
246,0.60686,,128,85,69.6
247,0.60955,,128,84,70
248,0.6129,,128,84,70.4
249,0.61615,,128,84,70.6
250,0.61947,,128,84,70.8
251,0.62218,,128,84,71
252,0.62402,,128,85,71.2
253,0.62613,,129,85,71.2
254,0.62846,,129,85,71.2
255,0.63121,,130,86,71.2
256,0.63388,,130,87,71
257,0.63588,,130,87,71.2
258,0.63853,,130,85,71.4
259,0.64209,,131,84,71.6
260,0.64481,,131,86,71.6
261,0.64743,,131,85,71.8
262,0.65006,,131,85,71.6
263,0.65271,,131,85,71.8
264,0.65438,,131,85,71.8
265,0.65666,,131,84,71.6
266,0.6594,,130,83,71
267,0.66277,,130,83,71.2
268,0.66647,,130,83,71.2
269,0.66961,,129,83,71
270,0.67292,,130,86,71
271,0.67544,,130,87,71
272,0.67811,,130,85,71.2
273,0.68041,,130,84,71
274,0.68243,,131,84,71.2
275,0.68546,,131,83,71.6
276,0.68816,,131,79,72
277,0.69048,,131,81,72
278,0.69405,,132,82,72.2
279,0.69659,,132,87,72.2
280,0.69929,,132,87,72
281,0.7022,,132,87,72
282,0.70552,,132,88,72.2
283,0.70829,,132,88,72.2
284,0.7114,,132,89,72.2
285,0.71439,,132,89,72.2
286,0.71717,,132,89,72.4
287,0.71952,,132,89,72.6
288,0.72164,,132,89,72.4
289,0.7245,,133,89,72.6
290,0.72742,,133,89,73
291,0.73054,,133,89,73
292,0.73434,,132,89,73.4
293,0.7371,,133,89,73.6
294,0.74027,,133,88,73.4
295,0.74418,,133,87,73.2
296,0.74795,,133,87,73.2
297,0.75203,,134,87,73.4
298,0.75567,,134,87,73.4
299,0.75907,,134,87,73
300,0.76213,,134,87,73
301,0.76541,,134,86,72.6
302,0.76859,,134,86,72.6
303,0.77137,,134,86,72.4
304,0.77436,,134,86,72
305,0.77775,,135,97,71.6
306,0.78106,,135,93,71.6
307,0.78433,,135,91,71.4
308,0.78906,,136,88,71.2
309,0.79311,,136,88,71
310,0.797,,137,89,71.2
311,0.80088,,137,89,71.2
312,0.80455,,138,89,71.2
313,0.80771,,138,88,71
314,0.81174,,138,87,71
315,0.81543,,138,87,71.2
316,0.81925,,138,87,71
317,0.82249,,138,87,71
318,0.82589,,138,87,71
319,0.82897,,138,87,70.8
320,0.83208,,138,88,70.8
321,0.83542,,137,89,70.6
322,0.83829,,137,89,70.6
323,0.84129,,136,88,70.4
324,0.84414,,136,88,70.6
325,0.84777,,136,89,70.6
326,0.85128,,136,89,70.6
327,0.85437,,135,90,70.6
328,0.85766,,135,90,70.8
329,0.86096,,135,90,70.8
330,0.86422,,136,90,70.8
331,0.86753,,135,89,70.8
332,0.87084,,135,88,71.2
333,0.8743,,135,89,71.2
334,0.8774,,135,89,71.2
335,0.88026,,135,88,71
336,0.88316,,135,88,71.2
337,0.88627,,135,88,71.2
338,0.88918,,135,89,71.2
339,0.89267,,136,89,71.2
340,0.89613,,135,88,71.2
341,0.89959,,135,88,71
342,0.90275,,136,88,71.2
343,0.9059,,135,89,71.2
344,0.90885,,135,89,71
345,0.91197,,135,88,71
346,0.91476,,135,87,71
347,0.91753,,135,87,71
348,0.92016,,135,87,71
349,0.92255,,136,86,71
350,0.92502,,136,86,70.8
351,0.92776,,136,86,70.6
352,0.93055,,136,86,70.4
353,0.93315,,136,86,70.2
354,0.93612,,136,86,69.8
355,0.93931,,137,86,69.6
356,0.94271,,137,86,69.4
357,0.9461,,137,87,69.2
358,0.94984,,137,88,69
359,0.95347,,137,89,68.8
360,0.95675,,137,89,68.8
361,0.95988,,137,90,69
362,0.96314,,137,90,69
363,0.96626,,137,91,69
364,0.96955,,137,90,69
365,0.97243,,138,90,68.8
366,0.97548,,138,89,68.8
367,0.97917,,138,88,68.6
368,0.98262,,138,88,68.6
369,0.98661,,139,89,68.8
370,0.99011,,139,89,68.6
371,0.99363,,139,89,68.6
372,0.99719,,139,89,68.8
373,1.00014,,139,90,68.8
374,1.00331,,139,90,68.8
375,1.00618,,140,90,69
376,1.00956,,140,89,69.2
377,1.01271,,140,89,69.4
378,1.01641,,140,90,69.6
379,1.01969,,140,90,70
380,1.02286,,140,91,70
381,1.02613,,140,90,70.4
382,1.029,,141,90,70.4
383,1.03209,,141,89,70.4
384,1.03484,,141,88,70.8
385,1.03751,,141,88,70.8
386,1.03994,,142,88,71
387,1.04308,,142,88,70.8
388,1.04587,,142,87,70.8
389,1.04882,,142,87,70.6
390,1.05253,,142,87,70.6
391,1.05647,,142,88,70.8
392,1.06033,,141,88,70.6
393,1.06394,,142,88,70.4
394,1.06789,,142,88,70.4
395,1.07097,,141,88,70.6
396,1.07421,,142,88,70.6
397,1.07724,,141,88,70.4
398,1.08034,,141,88,70.2
399,1.08465,,141,89,70.2
400,1.08856,,141,89,70.4
401,1.09243,,141,88,70.4
402,1.09586,,141,89,70.4
403,1.09982,,141,90,70.4
404,1.10379,,141,90,70.4
405,1.10778,,141,90,70.4
406,1.11106,,141,90,70.4
407,1.11427,,141,90,70.6
408,1.11773,,141,90,70.6
409,1.12034,,141,90,70.8
410,1.12348,,141,91,71
411,1.1268,,141,91,71.2
412,1.13013,,142,91,71.2
413,1.13387,,142,91,71
414,1.13741,,142,91,71
415,1.14122,,142,90,71.2
416,1.1446,,143,90,71
417,1.14746,,143,90,71.2
418,1.15015,,143,90,71.4
419,1.1525,,144,90,71.6
420,1.15492,,144,90,71.8
421,1.15737,,144,90,72
422,1.15952,,144,90,72.2
423,1.16177,,144,85,72.6
424,1.1634,,145,85,72.8
425,1.16454,,145,83,73
426,1.16644,,146,74,73
427,1.16796,,146,78,73
428,1.16973,,146,82,73
429,1.17191,,147,86,72.6
430,1.17465,,147,85,72.6
431,1.17738,,147,85,72.8
432,1.17999,,147,86,73
433,1.18234,,147,86,73.2
434,1.18465,,147,87,73
435,1.18697,,147,87,73
436,1.18894,,147,87,73
437,1.19092,,147,87,73
438,1.19325,,147,90,73.2
439,1.19543,,147,83,73.2
440,1.19811,,147,86,73.2
441,1.20032,,147,88,73
442,1.20231,,147,87,72.6
443,1.20415,,147,79,72.4
444,1.20679,,146,80,72.2
445,1.20899,,146,80,72
446,1.21072,,146,92,71.8
447,1.21278,,146,97,71.2
448,1.21515,,145,92,71.2
449,1.21837,,145,88,71
450,1.22048,,144,88,70.8
451,1.22426,,144,83,70.6
452,1.22785,,144,85,70.6
453,1.23072,,143,87,70.6
454,1.23318,,143,92,70.6
455,1.23514,,143,82,70.6
456,1.23704,,143,83,71
457,1.23953,,142,88,71.2
458,1.24205,,142,88,71.4
459,1.24415,,142,88,71.6
460,1.24639,,142,84,72.2
461,1.24984,,143,84,73
462,1.2522,,143,84,73.4
463,1.25374,,143,82,73.8
464,1.25588,,143,82,73.8
465,1.25815,,143,80,74.4
466,1.26016,,144,80,74.6
467,1.2627,,144,82,74.8
468,1.26508,,145,85,75
469,1.26809,,145,87,75.2
470,1.27053,,146,88,75.6
471,1.27239,,146,86,75.8
472,1.27473,,147,79,76
473,1.27688,,147,82,76.4
474,1.27913,,148,83,76.8
475,1.28128,,148,85,77
476,1.28409,,148,85,77.4
477,1.28667,,148,85,77.4
478,1.28988,,148,84,77.8
479,1.29318,,149,86,78
480,1.29577,,149,86,78.4
481,1.29831,,149,86,78.4
482,1.30072,,150,86,79.2
483,1.30315,,150,86,79.4
484,1.30523,,150,92,79.6
485,1.30727,,150,90,79.6
486,1.30973,,151,74,79.8
487,1.31227,,151,70,79.6
488,1.3142,,151,80,79.6
489,1.31589,,151,85,79.6
490,1.31756,,152,92,79.8
491,1.31944,,152,81,79.8
492,1.32101,,152,82,80
493,1.32346,,152,83,80.2
494,1.32527,,152,82,80.2
495,1.32696,,151,82,80.4
496,1.32841,,151,82,80.4
497,1.33005,,151,73,80.2
498,1.33177,,151,68,80.6
499,1.33406,,151,62,81.2
500,1.33597,,152,67,81.4
501,1.33805,,152,72,81.8
502,1.34044,,152,81,82
503,1.34259,,152,82,82.2
504,1.34464,,151,83,82.2
505,1.34589,,152,83,82.2
506,1.34774,,152,84,82
507,1.34988,,152,85,82
508,1.35123,,152,85,82.4
509,1.35449,,152,84,82.4
510,1.35732,,153,84,82.4
511,1.35996,,152,84,82.2
512,1.36237,,153,85,82.4
513,1.36451,,153,84,82.4
514,1.3668,,153,81,82.4
515,1.36946,,153,84,82.6
516,1.37226,,152,85,82.6
517,1.37478,,153,85,82.6
518,1.37731,,152,84,83
519,1.38117,,152,83,82.6
520,1.38515,,152,83,82.6
521,1.3883,,152,84,82.8
522,1.39116,,152,83,83
523,1.39354,,152,82,83
524,1.39598,,152,84,83.2
525,1.39861,,152,83,83.2
526,1.40124,,152,77,83.4
527,1.40448,,152,86,83.4
528,1.4066,,152,89,83.4
529,1.40976,,151,84,83.6
530,1.41284,,151,82,83.6
531,1.41541,,151,82,83.6
532,1.41884,,151,83,83.8
533,1.42203,,151,84,83.8
534,1.42476,,151,86,83.8
535,1.42773,,150,84,84
536,1.43003,,150,84,84
537,1.43319,,150,85,83.8
538,1.43692,,150,86,83.6
539,1.44052,,150,86,83.6
540,1.444,,149,86,83.8
541,1.44721,,149,87,83.8
542,1.4501,,148,94,83.8
543,1.4532,,149,90,83.8
544,1.456,,148,80,83.8
545,1.4585,,148,78,84
546,1.46093,,147,78,84.2
547,1.46383,,147,84,84.2
548,1.46606,,147,85,84.2
549,1.46856,,147,85,84
550,1.4714,,146,85,84
551,1.47402,,146,86,84
552,1.47751,,146,86,84
553,1.47971,,145,93,83.8
554,1.48268,,145,90,83.8
555,1.48557,,145,87,83.6
556,1.48785,,145,64,83.6
557,1.48955,,145,45,83.8
558,1.4923,,145,51,83.8
559,1.49524,,145,87,83.8
560,1.49818,,146,91,84.2
561,1.5012,,146,89,83.8
562,1.50493,,146,85,84
563,1.50766,,146,87,83.8
564,1.5104,,146,90,83.8
565,1.51317,,146,85,84.2
566,1.51576,,146,86,84.2
567,1.51883,,146,87,84.2
568,1.52159,,146,87,84.4
569,1.52439,,146,88,84.4
570,1.52658,,146,87,84.4
571,1.52939,,146,84,84.6
572,1.53268,,146,84,84.4
573,1.53483,,145,86,84.6
574,1.53773,,145,85,84.6
575,1.54095,,145,80,84.8
576,1.54371,,144,81,85
577,1.54631,,145,83,85.2
578,1.54866,,145,83,85.2
579,1.55043,,144,80,85.2
580,1.55214,,144,81,85.4
581,1.55401,,145,87,85.4
582,1.55687,,145,87,85.4
583,1.55981,,145,87,85.6
584,1.56297,,144,88,85.8
585,1.56549,,144,87,85.8
586,1.56755,,144,84,86
587,1.57051,,144,86,86
588,1.57326,,144,86,86.2
589,1.57612,,145,86,86.2
590,1.57859,,144,85,86.2
591,1.5809,,145,85,86.2
592,1.58267,,145,86,86.2
593,1.58418,,144,89,86.2
594,1.58592,,145,83,86
595,1.58875,,144,86,86
596,1.59144,,144,88,86.2
597,1.59351,,144,86,86
598,1.59631,,143,80,86.2
599,1.59882,,144,81,85.8
600,1.60138,,144,83,85.6
601,1.60365,,144,84,85.8
602,1.60642,,143,83,85.8
603,1.60972,,144,84,85.8
604,1.61249,,143,84,86
605,1.61506,,143,74,85.8
606,1.61777,,143,81,86.2
607,1.62051,,144,83,86.2
608,1.62302,,143,84,86.4
609,1.6256,,143,81,86.6
610,1.62766,,144,80,86.6
611,1.63017,,144,80,86.8
612,1.63274,,143,80,86.8
613,1.63592,,143,79,86.8
614,1.63855,,144,80,86.6
615,1.64138,,144,82,86.6
616,1.64463,,143,82,86.2
617,1.64702,,144,82,85.8
618,1.64959,,144,82,85.4
619,1.652,,144,83,85.4
620,1.6551,,144,85,85.4
621,1.65802,,144,87,85
622,1.66119,,144,89,85.2
623,1.66435,,144,89,85.4
624,1.66795,,144,89,85.6
625,1.67097,,144,89,85.8
626,1.67237,,144,90,86
627,1.67321,,144,0,86.2
628,1.6737,,144,0,86.2
629,1.6738,,144,0,86
630,1.67557,,143,0,86.2
631,1.6757,,143,47,86.2
632,1.6757,,142,53,86.2
633,1.6757,,142,53,86.2
634,1.6757,,142,0,86.2
635,1.6757,,141,0,86.2
636,1.6757,,141,0,86.2
637,1.6757,,140,0,86.2
638,1.6757,,140,0,86.2
639,1.6757,,139,0,86
640,1.6757,,138,0,86.2
641,1.6757,,137,72,86.2
642,1.6757,,136,72,86.2
643,1.6757,,136,72,86.2
644,1.6757,,134,72,86.2
645,1.6757,,134,0,86.2
646,1.6757,,133,72,86.2
647,1.6757,,132,0,86.2
648,1.6757,,132,0,86.2
649,1.6757,,131,0,86.2
650,1.6757,,131,0,86.2
651,1.6757,,130,0,86
652,1.6757,,129,0,86.2
653,1.6757,,128,0,86.2
654,1.6757,,127,0,86.2
655,1.6757,,127,0,86.4
656,1.6757,,126,50,86.4
657,1.6757,,125,56,86.4
658,1.67604,,125,71,86.6
659,1.677,,125,79,86.8
660,1.67885,,126,84,87.4
661,1.68021,,126,73,87.8
662,1.68117,,126,59,88.2
663,1.68233,,126,66,88.4
664,1.68372,,127,72,88.8
665,1.68537,,128,82,89
666,1.68742,,129,84,89.2
667,1.68964,,129,85,89.4
668,1.69178,,130,85,89.4
669,1.6935,,130,94,89.6
670,1.6954,,131,83,89.8
671,1.69756,,131,90,89.8
672,1.70012,,132,89,89.8
673,1.70254,,132,88,90
674,1.7045,,133,87,90.4
675,1.70688,,134,82,90.8
676,1.70921,,135,82,91.2
677,1.71132,,135,82,91.4
678,1.71333,,136,83,91.4
679,1.71562,,137,84,91.4
680,1.71778,,137,85,91.4
681,1.71995,,138,88,91.4
682,1.72143,,138,78,91.6
683,1.7232,,138,66,91.8
684,1.72572,,138,76,91.8
685,1.72848,,139,86,91.8
686,1.732,,139,85,91.4
687,1.73509,,139,85,91.4
688,1.73873,,140,84,91.2
689,1.74237,,140,84,91.2
690,1.74604,,141,84,91.2
691,1.74914,,141,85,91.2
692,1.75218,,141,85,91
693,1.75492,,142,85,90.8
694,1.75722,,142,86,90.8
695,1.75952,,142,87,90.6
696,1.76217,,143,88,90.2
697,1.76498,,143,88,89.8
698,1.76842,,143,88,89.6
699,1.77091,,143,88,89.2
700,1.77313,,143,73,88.8
701,1.77583,,144,99,88.4
702,1.77918,,143,88,88.2
703,1.78239,,143,71,88.2
704,1.78559,,144,77,88.2
705,1.78826,,144,78,88.2
706,1.79103,,143,83,88.4
707,1.79411,,144,88,88.6
708,1.79707,,144,89,88.6
709,1.79984,,144,88,88.6
710,1.80285,,144,88,88.8
711,1.80652,,144,88,88.8
712,1.81022,,143,89,88.8
713,1.81333,,143,88,88.6
714,1.81667,,143,85,89
715,1.81993,,143,87,88.8
716,1.82319,,142,88,89.2
717,1.82625,,142,87,89.6
718,1.8292,,142,87,90.2
719,1.83122,,142,86,90.4
720,1.83356,,142,85,90.8
721,1.83549,,143,84,91.2
722,1.83777,,143,78,91.4
723,1.84055,,143,83,91.4
724,1.84374,,144,85,91.2
725,1.84681,,145,83,91.2
726,1.84955,,146,85,91.2
727,1.85162,,146,87,91.2
728,1.85412,,147,86,91.2
729,1.85599,,147,86,91.4
730,1.85753,,148,85,91.6
731,1.85896,,148,71,91.6
732,1.85986,,148,0,91.6
733,1.86049,,149,50,91.8
734,1.8608,,148,58,91.8
735,1.86115,,148,62,92
736,1.86224,,148,67,92
737,1.8637,,148,71,92.4
738,1.86561,,148,86,92.6
739,1.8675,,148,91,92.6
740,1.86877,,148,90,93
741,1.87027,,148,89,93.2
742,1.87182,,148,87,93.6
743,1.87395,,148,86,93.8
744,1.87639,,148,83,94.2
745,1.87854,,149,84,94.6
746,1.88064,,149,84,94.8
747,1.88287,,149,84,95.2
748,1.88477,,149,84,95.6
749,1.88692,,149,84,95.8
750,1.88875,,149,85,95.8
751,1.89144,,150,85,96.2
752,1.89402,,150,85,96.2
753,1.89717,,150,85,96.4
754,1.89989,,150,85,96.6
755,1.9024,,151,86,96.8
756,1.9044,,151,86,97
757,1.90712,,151,86,97.2
758,1.90941,,152,86,97.6
759,1.91273,,152,86,97.8
760,1.91476,,152,86,98.2
761,1.917,,153,86,98.6
762,1.91922,,153,86,98.8
763,1.92145,,153,86,99
764,1.92386,,154,85,99.4
765,1.92721,,154,84,99.8
766,1.93024,,154,84,100.2
767,1.93333,,155,84,100.6
768,1.93573,,155,84,100.8
769,1.93839,,156,84,100.8
770,1.94152,,156,85,101.2
771,1.94436,,156,85,101.8
772,1.94671,,157,85,102
773,1.94874,,157,85,102.2
774,1.95145,,157,86,102.4
775,1.95356,,157,86,102.4
776,1.95568,,158,87,102.6
777,1.95785,,158,86,102.6
778,1.96089,,158,87,102.6
779,1.96449,,158,87,102.8
780,1.9682,,159,88,102.8
781,1.97221,,159,88,102.8
782,1.97575,,159,89,102.8
783,1.97882,,159,89,103
784,1.98219,,158,88,103.2
785,1.98504,,159,89,103.4
786,1.9881,,159,89,103.8
787,1.991,,158,89,104.2
788,1.99371,,159,88,104.6
789,1.99614,,159,88,104.8
790,1.99895,,159,87,105.2
791,2.00201,,159,87,105.4
792,2.00439,,159,87,105.6
793,2.00745,,159,87,105.6
794,2.01007,,160,87,105.8
795,2.01293,,160,87,105.8
796,2.01533,,160,87,106.2
797,2.01776,,160,86,106.4
798,2.02019,,160,86,106.6
799,2.02299,,160,86,106.8
800,2.02561,,160,86,107
801,2.02811,,161,86,107
802,2.03083,,161,85,107
803,2.03348,,161,85,107
804,2.03661,,161,85,106.8
805,2.04099,,161,84,106.8
806,2.045,,161,84,106.6
807,2.04821,,161,83,106.6
808,2.0519,,160,84,106.2
809,2.05532,,160,84,106.2
810,2.05843,,160,84,106.2
811,2.06115,,160,84,106.4
812,2.06479,,160,86,106.4
813,2.06844,,160,86,106.2
814,2.0715,,160,86,106.6
815,2.07406,,160,86,106.6
816,2.07708,,159,86,106.6
817,2.07973,,159,86,106.8
818,2.08241,,159,87,106.8
819,2.08559,,159,86,107
820,2.08853,,158,86,107.2
821,2.09155,,158,86,107.4
822,2.09429,,158,86,107.4
823,2.09695,,158,86,107.4
824,2.09961,,158,86,107.6
825,2.10178,,158,85,107.8
826,2.10378,,158,85,107.6
827,2.10629,,157,86,107.4
828,2.10924,,157,86,107.6
829,2.11196,,157,86,107.4
830,2.11411,,157,86,107.4
831,2.11653,,157,86,107.4
832,2.1193,,156,86,107.4
833,2.12164,,157,86,107.4
834,2.12428,,157,86,107.4
835,2.12748,,156,87,107.6
836,2.13006,,156,87,107.6
837,2.13262,,156,87,107.6
838,2.13505,,156,87,107.8
839,2.13706,,156,87,108
840,2.14015,,156,87,108
841,2.14318,,155,87,108
842,2.14762,,155,87,108.2
843,2.15145,,155,87,108.4
844,2.15471,,155,87,108.4
845,2.15699,,155,89,108.4
846,2.16,,155,88,108.6
847,2.16297,,155,88,108.4
848,2.1659,,155,87,108.4
849,2.16858,,155,87,108.6
850,2.17207,,155,87,108.8
851,2.17485,,154,86,108.4
852,2.17732,,154,86,108.4
853,2.18038,,154,86,108.8
854,2.18244,,154,86,109
855,2.18457,,154,86,109
856,2.18705,,154,86,109.2
857,2.18922,,154,86,109.2
858,2.19173,,154,86,109.4
859,2.19446,,153,86,109.4
860,2.19692,,153,86,109.6
861,2.1995,,153,85,109.6
862,2.2026,,153,86,109.6
863,2.20547,,154,85,109.6
864,2.20826,,153,85,109.6
865,2.21164,,153,86,109.6
866,2.21463,,153,83,109.8
867,2.21777,,154,86,110
868,2.22057,,154,86,110
869,2.22337,,154,86,110.2
870,2.22617,,154,87,110.2
871,2.22894,,154,88,110.4
872,2.23181,,154,88,110.2
873,2.2345,,155,88,110.2
874,2.23767,,155,88,110.4
875,2.24105,,154,88,110.6
876,2.24416,,155,88,110.8
877,2.2469,,155,89,111
878,2.24966,,155,88,111.2
879,2.25209,,156,89,111.4
880,2.25558,,156,88,111.8
881,2.25837,,156,87,112.2
882,2.26097,,156,84,112.6
883,2.26352,,157,81,113
884,2.26569,,157,80,113.4
885,2.26827,,157,77,113.8
886,2.27035,,157,78,114
887,2.27256,,158,78,114.4
888,2.27479,,158,78,115
889,2.277,,158,79,115
890,2.27934,,158,79,115.4
891,2.28256,,158,85,115.6
892,2.28553,,159,84,115.6
893,2.28798,,159,84,115.6
894,2.2913,,159,85,115.8
895,2.2939,,160,86,116.2
896,2.29676,,160,86,116.2
897,2.29949,,160,86,116.4
898,2.30251,,160,85,116.6
899,2.30586,,161,84,116.8
900,2.30872,,161,84,116.8
901,2.31224,,161,84,117
902,2.31587,,161,84,117.2
903,2.31949,,160,84,117.2
904,2.32276,,160,84,116.8
905,2.32604,,160,83,116.8
906,2.32982,,160,83,116.6
907,2.33312,,160,83,116.4
908,2.33581,,160,82,116.2
909,2.33867,,160,83,116
910,2.34152,,160,83,115.8
911,2.34456,,160,84,115.4
912,2.3475,,159,84,115.2
913,2.3504,,159,84,115
914,2.35291,,159,84,115
915,2.35596,,159,84,115
916,2.35925,,158,83,114.8
917,2.36257,,158,83,114.6
918,2.36548,,158,84,114.6
919,2.36815,,158,84,114.2
920,2.37094,,157,84,114.4
921,2.37383,,157,85,114.6
922,2.37757,,156,92,114.6
923,2.38078,,156,90,114.8
924,2.38349,,156,89,115.2
925,2.38636,,155,88,115.4
926,2.39021,,154,87,115.8
927,2.39342,,154,85,116.2
928,2.39676,,155,84,116.6
929,2.39928,,154,84,116.8
930,2.40191,,154,84,116.8
931,2.4056,,154,84,116.8
932,2.40843,,155,84,116.8
933,2.41125,,155,83,116.8
934,2.41508,,155,84,116.6
935,2.41872,,155,83,116.2
936,2.42136,,154,84,116
937,2.42395,,154,85,115.6
938,2.42642,,154,83,115.4
939,2.42885,,153,83,115.2
940,2.43215,,153,82,115.2
941,2.4356,,153,82,114.8
942,2.43859,,153,84,114.8
943,2.44148,,152,86,114.8
944,2.44447,,152,86,115
945,2.44722,,152,87,115.2
946,2.4497,,152,87,115.4
947,2.45163,,152,87,115.6
948,2.45347,,152,85,115.8
949,2.45595,,152,84,116.2
950,2.45803,,152,84,116.6
951,2.45965,,151,82,116.6
952,2.46135,,151,78,117.2
953,2.46179,,150,58,117
954,2.46194,,150,39,117
955,2.46221,,150,53,117
956,2.46272,,149,62,116.6
957,2.46383,,149,60,116.6
958,2.46497,,149,61,116.6
959,2.46613,,149,61,116.4
960,2.46715,,149,76,116.4
961,2.46994,,149,94,116.6
962,2.47207,,149,89,117
963,2.47387,,149,85,117.2
964,2.47553,,149,83,117.4
965,2.47731,,148,82,117.4
966,2.47908,,148,82,117.6
967,2.48097,,148,83,117.8
968,2.48265,,147,83,117.8
969,2.48413,,147,84,117.8
970,2.48586,,147,81,118
971,2.48768,,146,74,118
972,2.4894,,146,70,118
973,2.4905,,145,69,118
974,2.49264,,145,68,118.2
975,2.49441,,144,57,118.2
976,2.49607,,144,57,118
977,2.49788,,143,66,118
978,2.49921,,143,65,118
979,2.50082,,142,63,118
980,2.50247,,142,60,118.2
981,2.50436,,141,47,118.2
982,2.5062,,141,48,118
983,2.50743,,140,55,117.8
984,2.5087,,140,70,118
985,2.50992,,139,70,117.8
986,2.51165,,139,70,117.8
987,2.51272,,138,68,117.6
988,2.514,,138,66,117.6
989,2.51574,,138,49,117.8
990,2.51766,,137,45,117.8
991,2.51941,,137,48,117.8
992,2.52103,,137,55,118
993,2.52246,,137,70,118.2
994,2.52359,,137,63,118.4
995,2.52559,,136,49,118.6
996,2.52766,,137,40,118.4
997,2.529,,137,67,118.2
998,2.53086,,136,78,118.2
999,2.5332,,136,82,118
1000,2.53576,,136,81,118
1001,2.53767,,136,79,118.2
1002,2.53973,,135,70,118
1003,2.54165,,136,71,118
1004,2.54331,,135,69,118.2
1005,2.54477,,136,65,118
1006,2.54635,,136,70,118
1007,2.54774,,136,71,117.8
1008,2.54952,,136,71,117.8
1009,2.55118,,136,69,118
1010,2.55287,,135,72,118
1011,2.55465,,135,74,118
1012,2.55702,,135,80,118
1013,2.55892,,135,78,118
1014,2.56034,,135,79,118.2
1015,2.562,,136,79,118.6
1016,2.56459,,136,79,118.6
1017,2.56631,,136,78,118.6
1018,2.56808,,136,79,118.4
1019,2.57016,,136,79,118.4
1020,2.57204,,137,81,118.6
1021,2.57324,,137,88,118.6
1022,2.57529,,137,88,118.4
1023,2.57765,,137,84,118.4
1024,2.57941,,137,82,118.4
1025,2.58083,,138,61,118.4
1026,2.5827,,138,67,118.4
1027,2.58459,,139,72,118.8
1028,2.58629,,138,77,118.8
1029,2.58902,,138,75,119.2
1030,2.59192,,139,75,119.4
1031,2.5943,,139,74,119.4
1032,2.59582,,138,74,119.4
1033,2.59689,,139,73,119.4
1034,2.59794,,139,72,119.4
1035,2.59887,,138,70,119.6
1036,2.60036,,139,57,119.4
1037,2.6021,,139,53,119.4
1038,2.60361,,139,80,119.4
1039,2.60508,,139,83,119.2
1040,2.6073,,139,84,119.2
1041,2.60967,,139,83,119
1042,2.61274,,139,83,119
1043,2.61588,,138,83,118.8
1044,2.61907,,138,84,118.8
1045,2.62221,,138,85,118.8
1046,2.62559,,138,85,119
1047,2.62837,,138,86,119
1048,2.6311,,137,86,119
1049,2.63345,,137,85,119
1050,2.63599,,137,84,119
1051,2.63883,,137,84,119.2
1052,2.6417,,137,77,119.2
1053,2.64408,,137,79,119.4
1054,2.64627,,136,83,119.4
1055,2.6489,,136,83,119.6
1056,2.65126,,137,83,119.6
1057,2.65364,,136,83,119.8
1058,2.6564,,136,83,119.8
1059,2.65903,,136,84,119.8
1060,2.66165,,136,82,119.8
1061,2.6634,,136,81,119.8
1062,2.66493,,137,82,120
1063,2.66659,,137,81,120.2
1064,2.66866,,137,83,120.2
1065,2.67102,,137,89,120.4
1066,2.67354,,137,83,120.4
1067,2.67694,,137,81,120.6
1068,2.67937,,138,81,120.8
1069,2.68225,,138,81,120.8
1070,2.68451,,139,80,120.8
1071,2.68669,,139,81,120.8
1072,2.68908,,139,82,121.2
1073,2.69141,,140,83,121.4
1074,2.69365,,140,83,121.6
1075,2.69616,,141,82,121.6
1076,2.69844,,141,84,121.8
1077,2.70036,,142,82,121.8
1078,2.70266,,142,79,122
1079,2.70551,,142,80,122.2
1080,2.70845,,143,84,122.2
1081,2.71156,,143,84,122.4
1082,2.71432,,144,85,122.8
1083,2.71658,,144,85,123
1084,2.71867,,144,85,123.4
1085,2.72101,,144,83,123.6
1086,2.72296,,145,82,124.2
1087,2.72474,,145,81,124.4
1088,2.72667,,145,81,124.8
1089,2.72829,,146,81,125
1090,2.73032,,146,82,125.2
1091,2.73205,,146,82,125.2
1092,2.73361,,147,82,125.4
1093,2.73532,,147,82,125.4
1094,2.73736,,147,80,125.6
1095,2.73927,,148,80,125.8
1096,2.74338,,148,88,125.8
1097,2.74549,,149,85,126
1098,2.74789,,149,82,126.2
1099,2.7505,,150,81,126.4
1100,2.7526,,150,81,126.6
1101,2.75461,,151,81,126.6
1102,2.75681,,151,83,126.8
1103,2.75926,,152,83,127.2
1104,2.7615,,152,83,127.4
1105,2.76346,,153,83,127.4
1106,2.76645,,153,83,127.6
1107,2.76894,,154,83,127.8
1108,2.77077,,154,75,128
1109,2.77303,,155,73,128.2
1110,2.77541,,155,74,128.2
1111,2.77762,,155,76,128.4
1112,2.77947,,156,82,128.4
1113,2.78153,,156,81,128.6
1114,2.78376,,156,80,128.8
1115,2.78622,,156,80,129
1116,2.78834,,156,80,129.2
1117,2.79026,,156,81,129.4
1118,2.79328,,157,81,129.4
1119,2.79626,,156,80,129.6
1120,2.79875,,157,75,129.8
1121,2.80074,,157,76,129.8
1122,2.80463,,157,82,130
1123,2.80759,,157,82,130.2
1124,2.81004,,157,82,130.4
1125,2.81252,,157,82,130.4
1126,2.81515,,157,81,130.6
1127,2.81735,,157,82,130.8
1128,2.81946,,157,81,130.8
1129,2.8212,,157,80,131.2
1130,2.82338,,157,77,131.2
1131,2.82502,,156,80,131.4
1132,2.82635,,156,83,131.8
1133,2.82749,,156,82,132
1134,2.82976,,156,83,132.4
1135,2.8317,,156,83,132.6
1136,2.83386,,155,81,132.8
1137,2.83587,,156,80,133
1138,2.83799,,155,79,133.2
1139,2.83979,,155,77,133.8
1140,2.84228,,156,76,134.2
1141,2.84432,,156,77,134.6
1142,2.84677,,155,78,134.8
1143,2.84871,,156,69,135.2
1144,2.85049,,156,74,135.6
1145,2.85307,,155,74,136
1146,2.85573,,155,75,136.2
1147,2.85818,,156,76,136.6
1148,2.86019,,156,78,137
1149,2.86167,,155,78,137.4
1150,2.86373,,156,78,137.8
1151,2.86581,,156,78,138.2
1152,2.86775,,156,78,138.4
1153,2.86969,,156,77,138.8
1154,2.8711,,156,69,139
1155,2.8721,,157,73,139.2
1156,2.8737,,157,79,139.4
1157,2.87486,,157,74,139.6
1158,2.87588,,158,75,140
1159,2.87705,,158,74,140.6
1160,2.87945,,158,74,141.2
1161,2.88142,,159,73,141.6
1162,2.88335,,159,65,142.4
1163,2.88495,,160,72,142.8
1164,2.8866,,160,76,143
1165,2.88891,,160,77,143.2
1166,2.8909,,161,77,143.6
1167,2.89301,,161,81,143.6
1168,2.89521,,162,81,143.6
1169,2.89773,,162,82,143.6
1170,2.90047,,162,82,143.8
1171,2.90304,,163,74,143.8
1172,2.90557,,163,77,143.8
1173,2.90795,,163,80,144
1174,2.9103,,164,81,144.2
1175,2.91237,,164,81,144.6
1176,2.91467,,165,81,144.8
1177,2.91683,,165,81,144.8
1178,2.91913,,165,81,145
1179,2.92143,,166,81,145.2
1180,2.9242,,166,81,145.4
1181,2.92656,,166,81,145.4
1182,2.92997,,166,78,145.4
1183,2.93129,,166,49,145.6
1184,2.93363,,166,64,145.8
1185,2.93576,,166,79,145.8
1186,2.9378,,167,83,146
1187,2.93912,,167,82,146.2
1188,2.94187,,166,82,146.4
1189,2.94439,,167,80,146.4
1190,2.94658,,167,77,146.6
1191,2.94875,,167,79,147
1192,2.95084,,167,79,147.2
1193,2.95283,,167,80,147
1194,2.9547,,167,80,147.4
1195,2.95715,,167,79,147.6
1196,2.9592,,167,74,147.6
1197,2.96117,,167,76,147.8
1198,2.96323,,167,76,148
1199,2.96489,,166,78,148.2
1200,2.96664,,166,80,148.4
1201,2.96905,,166,82,148.4
1202,2.97107,,166,82,148.6
1203,2.97285,,166,82,149
1204,2.97478,,166,75,149
1205,2.97703,,165,78,149
1206,2.97938,,165,80,149
1207,2.98139,,165,81,149.2
1208,2.98384,,165,81,149.2
1209,2.98625,,165,81,149.2
1210,2.98864,,165,81,149
1211,2.99084,,165,81,149.2
1212,2.99294,,164,81,149.2
1213,2.99566,,164,81,149.2
1214,2.99837,,164,81,149.2
1215,3.00151,,163,89,149.2
1216,3.00446,,163,87,149.2
1217,3.00692,,162,85,149.4
1218,3.00979,,162,85,149.4
1219,3.01237,,162,85,149.6
1220,3.01493,,161,85,149.4
1221,3.01743,,161,84,149.8
1222,3.01973,,160,84,149.8
1223,3.02323,,160,85,150
1224,3.02605,,160,85,150
1225,3.02877,,160,84,150.2
1226,3.03165,,159,85,150.2
1227,3.03431,,159,84,150.4
1228,3.03702,,158,83,151
1229,3.03923,,158,83,151
1230,3.04193,,158,83,151.2
1231,3.04489,,158,83,151.4
1232,3.04768,,158,83,151.6
1233,3.05023,,158,82,151.8
1234,3.05354,,158,80,152
1235,3.05606,,159,80,152.2
1236,3.05841,,158,80,152.4
1237,3.0615,,158,81,152.6
1238,3.06436,,158,81,152.6
1239,3.06681,,158,80,153
1240,3.06947,,158,81,152.8
1241,3.07195,,157,81,153
1242,3.0746,,157,81,153.2
1243,3.07691,,158,81,153.2
1244,3.07873,,157,81,153.2
1245,3.08097,,157,82,153.4
1246,3.08329,,157,82,153.4
1247,3.08559,,157,82,153.4
1248,3.08819,,157,82,153.4
1249,3.09129,,157,82,153.4
1250,3.09422,,157,82,153.2
1251,3.09673,,156,82,153.4
1252,3.0991,,156,81,153.2
1253,3.10139,,156,81,153.2
1254,3.10408,,156,81,153.2
1255,3.10701,,155,81,153.4
1256,3.10952,,155,81,153.2
1257,3.11252,,154,81,153
1258,3.11475,,154,81,153.2
1259,3.11664,,154,82,153.2
1260,3.11918,,153,84,153.2
1261,3.12063,,153,84,153.2
1262,3.12216,,153,82,153.2
1263,3.12339,,152,71,153.4
1264,3.12474,,152,71,153.2
1265,3.12643,,152,80,153.4
1266,3.12763,,151,91,153.2
1267,3.12888,,152,91,153.2
1268,3.13084,,151,86,153.2
1269,3.13275,,151,82,153.2
1270,3.13443,,151,73,152.8
1271,3.13609,,151,79,152.8
1272,3.13772,,150,78,153
1273,3.1397,,150,74,152.8
1274,3.14191,,149,59,153
1275,3.1438,,149,38,153
1276,3.1452,,148,38,153
1277,3.14691,,148,62,152.8
1278,3.14858,,148,76,153
1279,3.15025,,148,90,153.2
1280,3.15201,,148,82,153.4
1281,3.15397,,148,82,153.4
1282,3.15544,,148,82,153.6
1283,3.1564,,148,82,153.8
1284,3.15722,,149,82,153.8
1285,3.15831,,148,80,153.8
1286,3.1594,,148,80,153.8
1287,3.16076,,149,80,153.6
1288,3.16185,,148,80,153.6
1289,3.16295,,148,80,153.4
1290,3.16435,,148,80,153.2
1291,3.16567,,149,80,153
1292,3.16772,,149,80,153
1293,3.17002,,148,79,152.8
1294,3.17222,,148,78,152.8
1295,3.17426,,149,79,152.8
1296,3.17655,,149,80,153
1297,3.17924,,148,82,153.2
1298,3.18151,,148,83,153.2
1299,3.18436,,148,83,153.4
1300,3.18699,,148,84,153.4
1301,3.18977,,148,84,153.4
1302,3.19278,,148,83,153.6
1303,3.19545,,148,83,153.6
1304,3.19822,,148,83,153.6
1305,3.20151,,148,83,153.6
1306,3.20445,,148,83,153.4
1307,3.20772,,148,83,153.6
1308,3.21017,,148,83,153.4
1309,3.21227,,149,83,153.2
1310,3.21442,,148,83,153.2
1311,3.21662,,148,81,153.2
1312,3.21875,,148,81,153.2
1313,3.22211,,148,81,153.2
1314,3.22414,,148,81,152.8
1315,3.22637,,148,81,152.8
1316,3.22843,,148,81,152.4
1317,3.23054,,148,81,152.2
1318,3.2325,,147,81,152.2
1319,3.23422,,147,81,152
1320,3.2361,,147,81,151.8
1321,3.23845,,147,81,151.8
1322,3.24103,,147,81,151.6
1323,3.24381,,146,81,151.8
1324,3.24704,,147,81,151.6
1325,3.24973,,146,81,151.4
1326,3.25194,,146,74,151.4
1327,3.25453,,146,75,151.2
1328,3.25591,,146,101,151.2
1329,3.25779,,146,101,151
1330,3.25952,,145,101,151
1331,3.262,,146,78,151.2
1332,3.26409,,146,59,151
1333,3.26663,,145,53,151.2
1334,3.26927,,145,50,151.2
1335,3.27146,,145,54,151.2
1336,3.27447,,145,69,151.2
1337,3.27682,,144,75,151.2
1338,3.27882,,144,73,151.2
1339,3.28018,,144,71,151.2
1340,3.28188,,143,60,151.2
1341,3.2834,,143,71,151.2
1342,3.2851,,143,81,151
1343,3.28678,,142,80,151
1344,3.28832,,143,80,151
1345,3.29145,,143,80,150.8
1346,3.29357,,142,81,150.6
1347,3.29562,,143,80,150.4
1348,3.29771,,142,79,150.2
1349,3.30005,,143,80,150
1350,3.30197,,142,79,149.8
1351,3.30392,,143,80,149.6
1352,3.30627,,142,80,149.4
1353,3.30807,,142,80,149.4
1354,3.30978,,142,80,149
1355,3.31158,,142,84,148.8
1356,3.31351,,141,83,148.4
1357,3.31524,,140,78,148.4
1358,3.31723,,140,76,148
1359,3.31904,,140,76,148.2
1360,3.32075,,139,75,148
1361,3.32193,,139,75,148
1362,3.32361,,139,76,147.6
1363,3.32537,,139,76,147.6
1364,3.32746,,139,78,147.2
1365,3.32917,,139,81,146.8
1366,3.33054,,139,79,146.6
1367,3.33225,,139,81,145.8
1368,3.33403,,139,87,145.2
1369,3.33679,,139,87,144.6
1370,3.33932,,139,97,143.6
1371,3.34324,,140,96,143.6
1372,3.34686,,140,83,143.2
1373,3.3501,,140,80,142.6
1374,3.35359,,141,82,141.8
1375,3.35681,,141,83,141.6
1376,3.36011,,141,84,141.4
1377,3.36292,,141,84,141.4
1378,3.36524,,140,83,141.4
1379,3.36758,,140,82,141.6
1380,3.37043,,139,82,141.4
1381,3.37345,,140,83,141.2
1382,3.37663,,140,82,141.2
1383,3.37912,,139,83,141
1384,3.38228,,139,83,141
1385,3.38505,,139,83,141
1386,3.38862,,139,82,141
1387,3.39198,,139,82,141
1388,3.39416,,139,83,140.8
1389,3.3963,,139,83,140.6
1390,3.3988,,139,83,140.6
1391,3.40121,,139,83,140.4
1392,3.4046,,138,83,140.2
1393,3.40739,,138,83,140.2
1394,3.41008,,138,84,140
1395,3.41251,,139,87,139.8
1396,3.41473,,138,86,139.6
1397,3.41692,,138,58,139.6
1398,3.41863,,138,59,139.6
1399,3.42013,,138,56,139.4
1400,3.42153,,138,55,139.8
1401,3.42255,,138,56,139.6
1402,3.42374,,138,58,139.6
1403,3.42472,,138,59,139.6
1404,3.42544,,138,54,139.6
1405,3.42623,,137,51,139.4
1406,3.42711,,137,44,139.6
1407,3.4285,,137,44,139.8
1408,3.42991,,136,44,139.8
1409,3.43148,,136,60,140
1410,3.43263,,136,60,140
1411,3.43387,,136,60,140
1412,3.43483,,135,77,140
1413,3.43577,,135,77,140.2
1414,3.43716,,135,71,140
1415,3.43833,,134,46,140
1416,3.43912,,134,43,140.4
1417,3.43996,,134,43,140.4
1418,3.44106,,134,43,140.4
1419,3.44224,,135,43,140.6
1420,3.44391,,135,47,140.6
1421,3.445,,135,64,140.6
1422,3.44685,,135,67,140.6
1423,3.44882,,135,63,140.8
1424,3.45053,,135,60,140.8
1425,3.45157,,135,59,140.8
1426,3.45301,,135,58,141
1427,3.45462,,135,56,141
1428,3.45606,,135,83,141.2
1429,3.4579,,135,75,141.2
1430,3.45987,,135,75,141.4
1431,3.46213,,136,76,141.8
1432,3.46436,,136,83,142
1433,3.46671,,136,81,142
1434,3.46869,,136,80,142.4
1435,3.47077,,137,79,142.6
1436,3.47284,,137,80,142.8
1437,3.4751,,138,82,142.8
1438,3.47723,,138,82,143
1439,3.47906,,139,83,143
1440,3.48182,,139,82,143
1441,3.48386,,140,83,143.2
1442,3.48667,,141,84,143.4
1443,3.48886,,141,85,143.6
1444,3.49089,,142,85,144
1445,3.49275,,142,83,144.4
1446,3.49434,,143,78,144.6
1447,3.49535,,144,78,145
1448,3.49698,,144,77,145.2
1449,3.49911,,144,78,145.4
1450,3.50104,,145,80,145.4
1451,3.50293,,145,82,145.6
1452,3.50473,,146,83,145.6
1453,3.50643,,146,83,145.8
1454,3.50816,,147,82,146
1455,3.51012,,147,82,146.2
1456,3.5124,,147,82,146.2
1457,3.51419,,148,83,146.6
1458,3.51616,,148,83,146.6
1459,3.51817,,148,83,146.4
1460,3.5195,,149,76,146.4
1461,3.52159,,149,82,146
1462,3.52345,,150,83,145.8
1463,3.52617,,150,81,145.8
1464,3.52965,,150,81,145.6
1465,3.53329,,150,82,145.2
1466,3.53594,,151,83,145
1467,3.53864,,151,83,144.8
1468,3.54087,,150,83,144.6
1469,3.54292,,150,83,144.4
1470,3.54532,,151,89,144
1471,3.54801,,151,87,143.4
1472,3.55009,,150,83,143.2
1473,3.55214,,150,80,143
1474,3.55419,,150,88,142.2
1475,3.55623,,149,87,142
1476,3.55813,,148,87,141.8
1477,3.56013,,147,90,141.4
1478,3.56253,,146,83,141.4
1479,3.56422,,145,80,141.2
1480,3.56602,,144,79,141.4
1481,3.56759,,143,74,141.2
1482,3.56884,,142,78,141.2
1483,3.56981,,142,79,141.4
1484,3.57068,,142,79,141.2
1485,3.57177,,141,80,141.2
1486,3.57254,,141,80,141.2
1487,3.57354,,141,81,141
1488,3.57459,,141,80,141
1489,3.57649,,141,80,141.4
1490,3.57806,,141,80,141.4
1491,3.58,,141,80,141.4
1492,3.5818,,142,82,141.6
1493,3.58439,,141,82,141.6
1494,3.58676,,141,82,141.8
1495,3.58926,,141,81,141.8
1496,3.59167,,141,75,142
1497,3.59381,,141,78,142
1498,3.59605,,141,80,142.2
1499,3.59772,,142,80,142.2
1500,3.59947,,142,79,142.2
1501,3.60088,,141,75,142.2
1502,3.6025,,141,75,142.2
1503,3.60393,,142,70,142.4
1504,3.60522,,141,59,142.2
1505,3.60663,,141,68,142.2
1506,3.60824,,141,68,142.2
1507,3.6095,,142,84,142.4
1508,3.61121,,142,77,142.2
1509,3.61305,,142,79,142.6
1510,3.61489,,142,87,142.6
1511,3.6167,,141,84,142.8
1512,3.61882,,141,84,142.8
1513,3.62025,,141,85,142.8
1514,3.62139,,141,85,143.2
1515,3.62313,,141,85,143.2
1516,3.62496,,142,85,143.2
1517,3.62653,,142,84,143.6
1518,3.62823,,143,84,143.8
1519,3.6297,,143,84,144.2
1520,3.63156,,144,83,144.2
1521,3.63383,,144,83,144.4
1522,3.63593,,144,83,144.6
1523,3.63825,,145,84,144.6
1524,3.6398,,145,84,144.8
1525,3.64187,,145,84,144.8
1526,3.6443,,146,82,145
1527,3.64658,,146,82,145.4
1528,3.64878,,146,82,145.4
1529,3.65078,,146,83,145.8
1530,3.65255,,147,84,146
1531,3.6559,,147,86,146
1532,3.65847,,147,87,146.2
1533,3.66073,,148,86,146.2
1534,3.66269,,148,85,146.6
1535,3.66432,,148,85,147
1536,3.66606,,148,76,147.4
1537,3.66774,,148,75,147.8
1538,3.67036,,149,76,148.2
1539,3.67349,,149,78,148.4
1540,3.67568,,150,77,148.6
1541,3.67729,,150,77,148.8
1542,3.67897,,151,79,149
1543,3.68131,,152,80,149.2
1544,3.68328,,152,81,149.4
1545,3.68549,,152,82,149.4
1546,3.68728,,153,82,149.6
1547,3.6889,,153,82,149.6
1548,3.69103,,154,81,149.8
1549,3.69299,,155,76,150
1550,3.69453,,155,71,150
1551,3.69614,,155,71,150
1552,3.69799,,155,59,150.2
1553,3.69929,,155,73,150.4
1554,3.70088,,155,87,150.6
1555,3.70336,,156,85,150.6
1556,3.70551,,156,85,150.6
1557,3.70754,,156,84,150.8
1558,3.71042,,156,84,151
1559,3.71272,,155,84,151.4
1560,3.71452,,155,83,151.4
1561,3.71627,,155,82,151.4
1562,3.71774,,155,83,151.6
1563,3.71939,,155,83,151.6
1564,3.72136,,154,84,151.6
1565,3.72316,,154,83,151.4
1566,3.72461,,154,82,151.4
1567,3.72677,,154,81,151.2
1568,3.72898,,154,81,151.2
1569,3.73082,,154,81,150.8
1570,3.73329,,154,83,150.8
1571,3.73624,,153,86,150.6
1572,3.73937,,153,86,150.4
1573,3.7421,,153,87,150.4
1574,3.74456,,153,86,150.6
1575,3.74677,,153,67,150.8
1576,3.74884,,153,76,151
1577,3.75074,,152,83,151
1578,3.75312,,152,82,151.2
1579,3.75522,,153,78,151.2
1580,3.75729,,152,69,151.4
1581,3.75902,,153,74,151.4
1582,3.7607,,153,72,151.2
1583,3.76177,,153,66,151.2
1584,3.76282,,153,52,151.2
1585,3.7638,,153,45,150.8
1586,3.76508,,153,38,150.6
1587,3.76623,,153,64,150.4
1588,3.76808,,153,71,150.2
1589,3.76983,,153,79,149.8
1590,3.77182,,153,73,149.6
1591,3.77322,,153,74,149.2
1592,3.77466,,153,75,148.6
1593,3.77668,,152,96,148.2
1594,3.77929,,153,87,148
1595,3.78165,,153,72,148
1596,3.78364,,152,51,148.4
1597,3.78571,,152,43,148.8
1598,3.78786,,152,39,149
1599,3.78933,,151,57,148.8
1600,3.79116,,151,66,148.8
1601,3.79278,,151,63,148.8
1602,3.7948,,150,64,148.8
1603,3.79651,,150,73,148.2
1604,3.79777,,150,96,147.8
1605,3.79887,,150,99,147.6
1606,3.8001,,150,95,147
1607,3.80169,,150,83,146.6
1608,3.80335,,150,84,146.6
1609,3.80525,,150,84,146.6
1610,3.80705,,150,84,146.8
1611,3.80892,,150,66,147
1612,3.81112,,150,55,147.4
1613,3.81321,,150,59,147.6
1614,3.81494,,150,60,148
1615,3.81693,,149,58,148.2
1616,3.81855,,149,47,148.6
1617,3.82019,,149,45,148.8
1618,3.82185,,149,45,148.8
1619,3.8232,,149,46,149
1620,3.82412,,149,76,149
1621,3.82522,,149,74,149
1622,3.8264,,150,61,149.4
1623,3.82781,,150,82,149.6
1624,3.82994,,150,79,150
1625,3.83164,,150,78,150.4
1626,3.8336,,151,78,150.8
1627,3.83531,,150,78,151.2
1628,3.83679,,151,80,151.6
1629,3.83853,,151,93,151.8
1630,3.84051,,151,66,152
1631,3.84218,,152,56,151.8
1632,3.84414,,152,63,151.8
1633,3.84643,,152,73,151.6
1634,3.8484,,152,83,151.6
1635,3.8502,,153,84,151.6
1636,3.85241,,153,83,151.6
1637,3.85453,,153,84,151.6
1638,3.85709,,153,86,151.6
1639,3.85963,,153,87,151.6
1640,3.86196,,153,87,151.6
1641,3.865,,153,87,151.8
1642,3.86758,,153,86,151.8
1643,3.86996,,153,86,151.8
1644,3.87231,,153,86,152.2
1645,3.87412,,153,75,152.4
1646,3.8766,,153,84,152.8
1647,3.87906,,153,86,153
1648,3.88235,,153,83,152.8
1649,3.88518,,154,83,153
1650,3.8872,,154,84,153
1651,3.88926,,154,85,152.8
1652,3.89121,,154,84,153
1653,3.89336,,154,71,153
1654,3.89535,,154,76,153
1655,3.89749,,154,79,153
1656,3.89931,,154,82,153.2
1657,3.90119,,154,87,153
1658,3.9035,,154,86,152.6
1659,3.90578,,154,87,152.6
1660,3.90814,,155,81,152.6
1661,3.91047,,155,84,152.4
1662,3.91282,,155,83,152.4
1663,3.91488,,155,86,152.6
1664,3.91703,,155,89,152.8
1665,3.91931,,155,87,153
1666,3.92166,,155,83,153.4
1667,3.92433,,155,82,153.6
1668,3.92641,,156,81,153.8
1669,3.92867,,156,63,153.8
1670,3.93094,,156,61,154
1671,3.93224,,156,63,154
1672,3.93413,,156,85,153.8
1673,3.93596,,156,89,153.6
1674,3.93771,,156,86,153.2
1675,3.94001,,156,87,153.2
1676,3.94157,,155,84,153
1677,3.94368,,155,71,152.6
1678,3.94564,,155,77,152.4
1679,3.94746,,155,78,152.2
1680,3.94937,,155,84,151.8
1681,3.95197,,155,85,151.6
1682,3.95499,,154,85,151.4
1683,3.95758,,155,86,151.4
1684,3.96026,,154,87,151.4
1685,3.96257,,154,67,150.8
1686,3.96442,,154,75,150.6
1687,3.9666,,154,87,150.6
1688,3.96858,,154,83,150.2
1689,3.97102,,154,82,150
1690,3.97332,,153,83,149.8
1691,3.97554,,153,83,149.6
1692,3.97791,,152,83,149.4
1693,3.98,,152,83,149.2
1694,3.98199,,151,87,148.8
1695,3.98439,,151,86,148.6
1696,3.98619,,150,63,148.8
1697,3.98746,,150,70,148.6
1698,3.98911,,149,79,148.6
1699,3.99142,,149,73,148.8
1700,3.99333,,149,80,149
1701,3.99545,,149,81,149
1702,3.99769,,149,81,149.2
1703,3.9996,,149,79,149.4
1704,4.00208,,149,78,149.8
1705,4.00437,,148,77,150
1706,4.00617,,149,77,150.4
1707,4.00814,,149,62,150.6
1708,4.00956,,149,55,150.8
1709,4.01111,,149,72,151.2
1710,4.01256,,149,74,151.6
1711,4.01372,,149,68,152
1712,4.01489,,150,62,152.4
1713,4.01625,,150,73,152.8
1714,4.01748,,150,73,153.2
1715,4.01874,,151,73,153.6
1716,4.02012,,151,71,154.2
1717,4.02158,,152,75,154.6
1718,4.02272,,152,71,154.8
1719,4.02437,,153,61,155
1720,4.02544,,153,65,155.2
1721,4.02722,,154,65,155.2
1722,4.0293,,154,78,155.6
1723,4.03145,,155,75,155.8
1724,4.03376,,155,64,156
1725,4.03513,,155,64,156.2
1726,4.03695,,156,44,156.4
1727,4.03884,,156,49,156.4
1728,4.04055,,156,61,156.6
1729,4.04196,,156,75,156.8
1730,4.0437,,157,84,157
1731,4.04554,,157,90,157
1732,4.04785,,157,88,157.2
1733,4.04997,,157,80,157.2
1734,4.05153,,157,65,157.2
1735,4.05321,,157,66,157
1736,4.05504,,157,66,156.8
1737,4.05727,,157,85,157
1738,4.05968,,156,85,157
1739,4.06216,,156,86,157.2
1740,4.0647,,156,84,157
1741,4.06737,,156,84,157.2
1742,4.07013,,155,85,157.6
1743,4.0721,,155,84,157.4
1744,4.0752,,154,85,157.8
1745,4.07814,,154,86,158
1746,4.08062,,154,85,158.2
1747,4.08241,,153,83,158.8
1748,4.08371,,153,85,159
1749,4.08505,,153,79,159.4
1750,4.08628,,153,77,159.6
1751,4.08682,,152,75,160
1752,4.08774,,153,76,160.4
1753,4.08871,,152,76,160.8
1754,4.09011,,152,75,161
1755,4.09119,,153,76,161.2
1756,4.09254,,153,77,161.8
1757,4.09434,,153,79,162
1758,4.09627,,153,80,162
1759,4.0974,,154,80,162.4
1760,4.10016,,154,80,162.8
1761,4.10211,,154,79,162.8
1762,4.10369,,155,81,162.8
1763,4.10541,,155,87,162.8
1764,4.10724,,155,86,162.8
1765,4.1098,,156,85,162.8
1766,4.1123,,157,84,162.8
1767,4.11461,,157,85,162.8
1768,4.11733,,157,85,162.8
1769,4.11945,,157,85,163
1770,4.1215,,158,83,163.4
1771,4.1238,,159,81,163.8
1772,4.1254,,159,92,164.2
1773,4.12634,,159,74,164.6
1774,4.12787,,159,78,165
1775,4.12997,,160,85,165.2
1776,4.13152,,160,79,165.4
1777,4.13343,,160,71,165.4
1778,4.13518,,161,54,165.2
1779,4.13697,,161,81,165.2
1780,4.13887,,161,77,165.2
1781,4.14148,,162,79,164.8
1782,4.14418,,162,81,164.8
1783,4.14692,,162,80,164.4
1784,4.14956,,162,80,164.2
1785,4.15219,,162,82,163.8
1786,4.15525,,162,83,163.6
1787,4.1575,,162,84,163.4
1788,4.15976,,162,84,163.4
1789,4.16232,,162,84,162.8
1790,4.16492,,162,84,162.8
1791,4.16789,,162,83,162.8
1792,4.17175,,162,82,162.6
1793,4.17464,,162,82,162.4
1794,4.17729,,162,84,162.2
1795,4.17958,,162,84,162
1796,4.1815,,162,83,161.8
1797,4.18375,,161,83,161.8
1798,4.18628,,162,82,161.8
1799,4.18891,,162,83,161.6
1800,4.19256,,162,83,161.6
1801,4.19562,,162,83,161.2
1802,4.19806,,162,83,161.2
1803,4.20039,,162,82,161.4
1804,4.20288,,161,78,161.6
1805,4.20572,,162,77,162
1806,4.20888,,161,83,162.4
1807,4.21152,,161,82,162.6
1808,4.21422,,161,83,162.6
1809,4.21665,,162,83,162.8
1810,4.21932,,161,84,163
1811,4.22128,,162,63,163
1812,4.22288,,162,73,162.8
1813,4.2241,,162,89,162.6
1814,4.2254,,162,86,162.2
1815,4.22685,,162,87,161.8
1816,4.22811,,162,88,161.6
1817,4.2298,,162,88,161.2
1818,4.23167,,162,86,160.8
1819,4.23399,,162,67,160.6
1820,4.23568,,162,69,160.2
1821,4.23743,,162,79,159.8
1822,4.23937,,162,79,159.8
1823,4.24181,,162,87,159.8
1824,4.24483,,162,86,159.8
1825,4.2477,,162,87,159.8
1826,4.2497,,162,102,159.8
1827,4.25216,,162,94,159.6
1828,4.25464,,161,88,159.6
1829,4.257,,161,88,159.8
1830,4.25961,,161,84,160.2
1831,4.2617,,161,83,160.4
1832,4.26339,,161,84,160.8
1833,4.26526,,161,84,160.8
1834,4.26673,,161,84,161
1835,4.26905,,161,84,161.2
1836,4.2714,,161,85,161.4
1837,4.27373,,161,86,161.4
1838,4.27594,,161,85,161.6
1839,4.27729,,161,81,162
1840,4.2791,,161,78,162.4
1841,4.28102,,161,81,162.8
1842,4.28316,,161,81,162.8
1843,4.28574,,161,81,163
1844,4.28768,,161,80,163
1845,4.29059,,162,72,162.8
1846,4.29209,,161,72,163
1847,4.29314,,162,74,162.8
1848,4.29503,,161,83,162.6
1849,4.29714,,161,96,162.2
1850,4.29904,,161,89,162
1851,4.30066,,162,84,161.6
1852,4.30254,,161,83,161.2
1853,4.30448,,161,83,161.2
1854,4.30773,,161,85,160.6
1855,4.31077,,162,80,160.8
1856,4.31411,,161,83,160.8
1857,4.31767,,161,88,160.8
1858,4.32145,,161,89,160.4
1859,4.3246,,160,89,160.6
1860,4.32717,,160,88,161.2
1861,4.3299,,160,81,161.6
1862,4.33185,,160,79,161.8
1863,4.33424,,160,79,162.4
1864,4.33676,,159,79,163.2
1865,4.33962,,159,77,163.8
1866,4.34181,,159,73,164.2
1867,4.3441,,159,88,164.6
1868,4.34632,,160,84,165.2
1869,4.34786,,160,77,165.8
1870,4.34881,,160,69,166.2
1871,4.35018,,161,63,166.4
1872,4.35141,,161,82,166.8
1873,4.35311,,162,87,167.2
1874,4.35487,,162,89,167.4
1875,4.35643,,163,98,167.6
1876,4.35756,,163,98,167.6
1877,4.35915,,163,102,167.6
1878,4.36105,,163,85,167.2
1879,4.36329,,163,83,166.8
1880,4.36631,,164,70,166.8
1881,4.36887,,164,73,166.4
1882,4.37119,,164,79,166.2
1883,4.37356,,164,79,166
1884,4.37625,,164,80,165.8
1885,4.38001,,164,85,165.8
1886,4.38305,,164,87,165.4
1887,4.38505,,164,96,165
1888,4.38693,,164,93,164.4
1889,4.38949,,164,90,163.8
1890,4.39205,,164,85,163.4
1891,4.395,,164,86,163.2
1892,4.39806,,164,86,162.8
1893,4.40046,,164,85,162.8
1894,4.40288,,164,87,162.4
1895,4.4053,,164,91,162.2
1896,4.40702,,164,92,162
1897,4.40875,,164,90,161.6
1898,4.41052,,164,84,161.4
1899,4.41218,,164,84,161.2
1900,4.41376,,164,84,160.8
1901,4.41538,,164,108,160.2
1902,4.41666,,163,128,159.6
1903,4.41796,,163,121,159.6
1904,4.41905,,162,97,159.4
1905,4.42066,,162,86,159.2
1906,4.42239,,162,85,158.6
1907,4.42392,,162,86,158.6
1908,4.42682,,161,86,158.4
1909,4.42919,,161,85,158.2
1910,4.43172,,160,85,158
1911,4.4339,,160,86,157.8
1912,4.43566,,160,113,157.4
1913,4.43806,,160,89,156.8
1914,4.44061,,159,108,156.2
1915,4.44283,,159,98,155.6
1916,4.44478,,159,85,155.2
1917,4.44686,,159,45,154.6
1918,4.44903,,159,67,154.2
1919,4.45095,,159,91,153.6
1920,4.4529,,159,84,153.6
1921,4.45459,,159,81,153.8
1922,4.45637,,159,99,153.4
1923,4.4581,,158,110,152.8
1924,4.46035,,158,91,152.6
1925,4.46338,,158,83,152.2
1926,4.4663,,157,83,152
1927,4.4689,,157,88,151.6
1928,4.47144,,157,103,151.2
1929,4.4744,,156,100,151
1930,4.47621,,156,84,150.6
1931,4.47793,,156,77,150.2
1932,4.47959,,156,74,150
1933,4.48109,,156,72,149.8
1934,4.48266,,156,59,149.8
1935,4.48452,,155,73,149.6
1936,4.48698,,155,78,149.6
1937,4.48944,,155,81,149.6
1938,4.4918,,155,82,149.6
1939,4.49461,,155,84,149.8
1940,4.49718,,155,85,150.2
1941,4.49877,,155,79,150.4
1942,4.49959,,155,62,150.8
1943,4.5,,155,63,151.6
1944,4.50058,,155,69,152
1945,4.50145,,155,69,152.8
1946,4.50323,,155,72,153.2
1947,4.50454,,155,80,153.8
1948,4.50573,,155,85,154.2
1949,4.50642,,155,85,154.6
1950,4.50818,,155,85,155
1951,4.51025,,156,84,155
1952,4.51209,,156,76,155.4
1953,4.51394,,157,79,155.2
1954,4.51539,,157,81,155.4
1955,4.51721,,158,81,155.4
1956,4.52023,,158,80,155.2
1957,4.52286,,159,82,154.8
1958,4.5259,,159,85,154.6
1959,4.52918,,160,81,154
1960,4.53128,,160,80,153.8
1961,4.53449,,160,85,153.4
1962,4.53772,,160,85,153.2
1963,4.5408,,160,84,153.2
1964,4.54379,,161,84,153.2
1965,4.54689,,161,84,153
1966,4.54964,,161,84,153
1967,4.553,,161,83,153
1968,4.55618,,161,84,153
1969,4.55903,,162,85,153
1970,4.56139,,162,86,152.8
1971,4.56428,,162,86,153.2
1972,4.56669,,162,85,153.2
1973,4.56898,,162,85,153.6
1974,4.571,,162,84,154
1975,4.57343,,162,84,154.2
1976,4.57631,,163,84,154.6
1977,4.57861,,162,83,155
1978,4.58044,,162,83,155.4
1979,4.58248,,163,83,155.6
1980,4.58455,,162,82,155.8
1981,4.58685,,163,82,156.2
1982,4.58999,,163,82,156.4
1983,4.59379,,163,82,156.4
1984,4.59683,,163,82,156.4
1985,4.60026,,163,87,156.8
1986,4.60378,,163,84,157
1987,4.60638,,163,83,157.4
1988,4.60928,,163,83,157.6
1989,4.61178,,164,83,157.6
1990,4.61533,,164,83,157.8
1991,4.61785,,164,83,157.6
1992,4.61997,,164,83,157.4
1993,4.62276,,164,83,157.2
1994,4.62602,,164,81,157.2
1995,4.62914,,164,80,157
1996,4.63219,,164,80,156.6
1997,4.63489,,164,81,156.4
1998,4.63755,,164,82,156
1999,4.64026,,164,85,155.6
2000,4.64281,,164,85,155.4
2001,4.64439,,164,85,155.4
2002,4.64693,,164,85,155.4
2003,4.64849,,163,86,155
2004,4.65104,,163,110,154.8
2005,4.65298,,163,101,154.4
2006,4.65554,,163,84,154.4
2007,4.65843,,163,85,154.4
2008,4.66116,,163,84,154.4
2009,4.66385,,163,84,154.4
2010,4.66683,,163,86,154.6
2011,4.66933,,162,86,154.8
2012,4.67147,,162,86,155.2
2013,4.67305,,162,83,155.6
2014,4.67473,,162,80,155.8
2015,4.67684,,161,74,156.4
2016,4.67893,,161,73,156.6
2017,4.68028,,161,74,157
2018,4.68183,,161,85,157.6
2019,4.68347,,161,79,158
2020,4.68493,,161,76,158.4
2021,4.68624,,161,53,158.8
2022,4.68747,,161,46,159
2023,4.68879,,161,41,159.4
2024,4.69093,,162,64,160
2025,4.69238,,162,73,160.4
2026,4.69361,,162,60,160.6
2027,4.69437,,163,52,160.8
2028,4.69527,,162,45,161
2029,4.69635,,162,54,161.2
2030,4.69747,,162,61,160.8
2031,4.69864,,163,75,160.8
2032,4.69988,,162,72,160.6
2033,4.70142,,163,71,160.6
2034,4.70326,,162,69,160.6
2035,4.70483,,162,60,160.6
2036,4.70659,,163,61,160.4
2037,4.70829,,163,67,160.4
2038,4.70981,,162,85,160.6
2039,4.71152,,162,84,160.6
2040,4.71304,,162,83,160.8
2041,4.71447,,162,83,161
2042,4.71615,,163,81,161.2
2043,4.71807,,162,80,161.6
2044,4.72004,,162,79,161.6
2045,4.72229,,162,78,161.8
2046,4.72411,,161,76,162
2047,4.72668,,161,77,162.2
2048,4.72888,,161,77,162.4
2049,4.73069,,161,83,162.4
2050,4.73263,,161,82,162.6
2051,4.73407,,161,82,162.6
2052,4.73576,,161,81,162.6
2053,4.73725,,161,82,162.8
2054,4.73874,,161,82,162.8
2055,4.74076,,161,82,162.8
2056,4.74228,,161,82,162.8
2057,4.74345,,161,81,163
2058,4.74432,,161,81,163
2059,4.74524,,161,55,163
2060,4.74598,,161,49,163
2061,4.74678,,161,49,163.2
2062,4.74739,,160,50,163.2
2063,4.74843,,160,51,163.2
2064,4.74911,,160,51,163.2
2065,4.75018,,160,51,163
2066,4.75146,,160,51,162.8
2067,4.75264,,159,0,163.2
2068,4.75365,,158,0,163.6
2069,4.75487,,157,0,163.6
2070,4.75604,,156,50,163.8
2071,4.75751,,155,50,163.8
2072,4.75867,,155,50,163.8
2073,4.75986,,154,50,163.8
2074,4.76065,,153,50,164
2075,4.76171,,153,50,164.4
2076,4.76293,,152,64,164.4
2077,4.76335,,152,76,164.4
2078,4.76416,,152,80,164.6
2079,4.76531,,151,64,164.4
2080,4.76661,,151,64,164.2
2081,4.76812,,152,63,164.2
2082,4.76971,,152,62,163.8
2083,4.77112,,152,62,163.8
2084,4.77222,,152,61,163.8
2085,4.77322,,152,55,163.8
2086,4.77481,,152,65,163.6
2087,4.77652,,151,88,163.4
2088,4.77867,,151,87,163.4
2089,4.78034,,151,87,163.4
2090,4.78251,,150,86,163.2
2091,4.7844,,150,86,163.2
2092,4.78651,,150,84,163
2093,4.78907,,149,84,162.8
2094,4.79125,,150,84,162.6
2095,4.79294,,149,83,163
2096,4.79422,,149,76,163.4
2097,4.79542,,150,77,163.8
2098,4.79685,,149,78,164
2099,4.79815,,150,79,164.2
2100,4.79976,,150,76,164.2
2101,4.80133,,150,77,164.4
2102,4.80293,,150,78,164.4
2103,4.80534,,151,77,164.8
2104,4.80748,,151,78,164.8
2105,4.80939,,151,84,165
2106,4.81169,,151,80,165.4
2107,4.81388,,152,81,165.4
2108,4.81569,,152,82,165.4
2109,4.8175,,153,81,165.4
2110,4.81943,,153,82,165.4
2111,4.82169,,153,84,165.4
2112,4.82417,,153,85,165.4
2113,4.82653,,153,91,165.6
2114,4.82892,,154,85,165.6
2115,4.83068,,154,84,165.8
2116,4.83264,,154,75,165.8
2117,4.8345,,154,79,166.2
2118,4.83686,,154,83,166.2
2119,4.839,,155,90,166.4
2120,4.84143,,155,85,166.8
2121,4.84357,,155,83,167
2122,4.84593,,155,83,167
2123,4.84859,,155,83,167.2
2124,4.85122,,155,84,167.2
2125,4.85379,,155,84,167.4
2126,4.85658,,155,84,167.4
2127,4.85889,,156,85,167.6
2128,4.8607,,156,85,167.8
2129,4.86255,,156,85,168
2130,4.86515,,157,85,168.2
2131,4.86744,,156,86,168.4
2132,4.86938,,157,86,168.6
2133,4.87157,,157,86,168.8
2134,4.87377,,157,86,169
2135,4.87622,,157,86,169.4
2136,4.8783,,157,85,169.6
2137,4.88073,,157,83,169.8
2138,4.88296,,157,76,169.8
2139,4.88521,,157,59,170
2140,4.88788,,158,58,170.2
2141,4.88951,,157,59,170.2
2142,4.89082,,158,58,170.2
2143,4.89141,,158,55,170.4
2144,4.89269,,158,54,170.4
2145,4.89372,,157,54,170.4
2146,4.89492,,158,53,170.4
2147,4.89629,,158,49,170.4
2148,4.89758,,158,51,170.4
2149,4.89874,,158,57,170.6
2150,4.89966,,157,61,170.6
2151,4.90116,,157,59,170.8
2152,4.90287,,158,75,170.8
2153,4.90456,,157,74,171.2
2154,4.90593,,157,74,171.6
2155,4.90696,,157,66,171.8
2156,4.90825,,157,50,171.6
2157,4.9099,,157,52,171.6
2158,4.9117,,156,57,171.4
2159,4.91378,,156,75,171.2
2160,4.91612,,156,85,171.4
2161,4.9182,,156,84,171.2
2162,4.92044,,156,84,171
2163,4.92287,,155,85,171.2
2164,4.92543,,155,85,171.2
2165,4.92781,,156,85,171
2166,4.92981,,156,93,171
2167,4.93194,,155,92,170.6
2168,4.93485,,155,90,170.2
2169,4.93721,,155,87,170.4
2170,4.93997,,155,87,170.2
2171,4.94282,,154,87,170.4
2172,4.94568,,154,87,170.2
2173,4.94865,,154,88,170.4
2174,4.9508,,154,87,170.8
2175,4.95344,,154,82,171.2
2176,4.95588,,153,82,171.2
2177,4.95819,,153,84,171.6
2178,4.96067,,153,86,172
2179,4.96285,,153,86,172.4
2180,4.96523,,152,84,172.6
2181,4.96735,,152,77,172.8
2182,4.96973,,152,78,173
2183,4.97268,,152,79,173.6
2184,4.97549,,153,81,174
2185,4.97859,,152,83,174.4
2186,4.98144,,152,86,174.6
2187,4.98354,,152,83,175.2
2188,4.98561,,153,81,175.6
2189,4.98716,,153,81,175.8
2190,4.98902,,154,81,176.2
2191,4.99082,,154,84,176.6
2192,4.99301,,154,84,176.8
2193,4.99579,,155,85,177
2194,4.99878,,156,84,178
2195,5.00106,,156,83,178.2
2196,5.00293,,157,76,178.8
2197,5.00494,,157,77,179.2
2198,5.00695,,158,78,179.8
2199,5.00986,,159,78,180
2200,5.01221,,159,84,180.2
2201,5.01446,,160,85,180.4
2202,5.01713,,160,85,180.6
2203,5.01894,,161,84,180.8
2204,5.02064,,161,81,181
2205,5.02305,,161,81,181.2
2206,5.02545,,161,81,181.6
2207,5.02783,,161,88,182.2
2208,5.03037,,162,86,182.4
2209,5.03313,,162,86,182.8
2210,5.03547,,163,86,183.4
2211,5.03803,,164,86,183.8
2212,5.04011,,164,86,184.4
2213,5.04248,,165,86,184.6
2214,5.04501,,165,85,184.8
2215,5.04713,,165,85,185.2
2216,5.04918,,165,85,185.4
2217,5.05099,,166,0,185.6
2218,5.05287,,167,50,185.6
2219,5.05448,,167,54,185.6
2220,5.05629,,168,68,185.6
2221,5.05834,,167,84,186
2222,5.06052,,167,88,186.2
2223,5.06284,,167,84,186.6
2224,5.06493,,167,85,186.8
2225,5.067,,168,85,187
2226,5.06957,,168,84,187.4
2227,5.0722,,168,84,187.8
2228,5.07457,,168,84,187.8
2229,5.0773,,168,84,188
2230,5.07885,,168,83,188.2
2231,5.08061,,168,84,188
2232,5.08284,,168,84,188.2
2233,5.08492,,168,83,188.2
2234,5.08704,,168,83,188.2
2235,5.08938,,169,83,188
2236,5.09212,,169,83,188.2
2237,5.09444,,169,83,188.2
2238,5.09679,,169,83,188
2239,5.09931,,169,83,188
2240,5.10203,,169,83,188.2
2241,5.10517,,169,83,187.8
2242,5.10836,,169,83,188
2243,5.11141,,169,82,187.8
2244,5.11441,,169,82,187.6
2245,5.11735,,169,82,187.8
2246,5.11946,,169,82,187.4
2247,5.12257,,169,82,187.4
2248,5.12548,,168,83,187.4
2249,5.12816,,168,83,187.4
2250,5.13062,,168,83,187.2
2251,5.133,,168,83,187.2
2252,5.13537,,167,83,187.2
2253,5.13774,,168,83,187.2
2254,5.13979,,167,83,187.4
2255,5.1424,,167,83,187.4
2256,5.14441,,167,83,187.2
2257,5.14651,,167,83,187
2258,5.14857,,167,83,187
2259,5.15095,,167,83,186.8
2260,5.15366,,167,83,186.6
2261,5.15648,,166,83,186.6
2262,5.15897,,166,83,186.4
2263,5.16213,,166,82,186.4
2264,5.1652,,166,81,186.2
2265,5.16876,,166,82,186
2266,5.1721,,166,82,185.8
2267,5.17621,,165,82,185.6
2268,5.17933,,165,82,185.4
2269,5.18221,,164,82,185.2
2270,5.18492,,164,82,185
2271,5.18743,,164,82,184.6
2272,5.18954,,164,83,184.6
2273,5.19215,,163,83,184.4
2274,5.19523,,163,83,184.6
2275,5.19785,,163,84,184.4
2276,5.20092,,162,85,184.6
2277,5.20353,,162,85,184.2
2278,5.2063,,161,84,184.2
2279,5.20875,,161,85,184.2
2280,5.21249,,160,84,184.2
2281,5.21526,,160,83,184.4
2282,5.21869,,159,84,184.4
2283,5.22201,,159,84,184.2
2284,5.22554,,158,86,184.2
2285,5.22996,,158,86,184.4
2286,5.23411,,158,86,184.4
2287,5.23799,,157,86,184.4
2288,5.24143,,157,86,184.4
2289,5.24461,,157,86,184.6
2290,5.24815,,157,86,184.4
2291,5.25089,,157,86,184.4
2292,5.25495,,157,86,184.4
2293,5.2589,,157,87,184.6
2294,5.26364,,157,87,184.6
2295,5.26684,,156,86,184.6
2296,5.2697,,156,85,184.6
2297,5.27263,,156,85,184.6
2298,5.27575,,156,85,184.8
2299,5.27891,,156,85,184.8
2300,5.28191,,156,85,184.8
2301,5.28537,,156,85,184.8
2302,5.28814,,156,85,184.6
2303,5.29072,,156,85,184.8
2304,5.29326,,155,81,184.8
2305,5.29613,,155,83,185
2306,5.29915,,156,83,185.2
2307,5.30195,,156,83,185
2308,5.30464,,156,83,185
2309,5.30812,,155,83,185
2310,5.31112,,155,84,184.6
2311,5.31437,,155,83,184.6
2312,5.31758,,156,83,184.6
2313,5.32115,,156,83,184.6
2314,5.32441,,155,84,184.4
2315,5.3274,,155,84,184.4
2316,5.33025,,154,86,184
2317,5.33241,,154,106,183.8
2318,5.3358,,154,93,183.8
2319,5.33902,,154,72,183.8
2320,5.34207,,153,80,183.6
2321,5.3455,,153,81,183.6
2322,5.34905,,154,83,183.6
2323,5.35232,,153,85,183.4
2324,5.35547,,153,84,183.2
2325,5.35858,,154,84,183.2
2326,5.36191,,154,84,183
2327,5.3651,,154,83,182.8
2328,5.36794,,153,84,182.6
2329,5.37135,,154,84,182.8
2330,5.37439,,154,84,182.4
2331,5.37795,,154,83,182.4
2332,5.38137,,153,83,182.2
2333,5.38447,,153,83,182
2334,5.38732,,154,83,181.6
2335,5.39092,,154,83,181.4
2336,5.39409,,153,83,181.2
2337,5.39735,,153,83,181
2338,5.40058,,153,83,180.8
2339,5.40325,,152,83,180.6
2340,5.40651,,152,82,180.4
2341,5.40919,,152,81,180
2342,5.41242,,152,79,179.8
2343,5.41544,,152,79,179.8
2344,5.4189,,151,81,179.6
2345,5.4221,,151,82,179.8
2346,5.42538,,151,83,179.4
2347,5.42849,,151,83,179.4
2348,5.43191,,150,83,179.2
2349,5.43519,,150,83,179.2
2350,5.43807,,149,83,178.8
2351,5.44137,,149,83,178.6
2352,5.44471,,149,83,178.6
2353,5.44798,,148,83,178.2
2354,5.45041,,148,83,178
2355,5.45409,,148,85,177.8
2356,5.45792,,147,84,177.8
2357,5.46061,,147,83,177.4
2358,5.46432,,147,83,177.2
2359,5.46737,,147,86,177
2360,5.47009,,147,85,176.6
2361,5.47379,,147,82,176.4
2362,5.47716,,147,81,176.2
2363,5.48037,,147,83,176
2364,5.4841,,147,86,176
2365,5.48767,,148,86,175.8
2366,5.49067,,148,86,175.8
2367,5.49377,,148,88,175.6
2368,5.49733,,148,87,175.8
2369,5.50002,,148,76,176
2370,5.50248,,148,76,176.2
2371,5.5051,,148,79,176.2
2372,5.50746,,147,81,176.2
2373,5.51,,147,86,176.2
2374,5.5125,,147,85,176
2375,5.51477,,147,85,176
2376,5.51779,,148,85,176
2377,5.52093,,148,84,176
2378,5.52432,,148,83,175.8
2379,5.52702,,148,79,175.4
2380,5.52978,,148,80,175.2
2381,5.53228,,149,82,175.2
2382,5.53484,,149,83,175
2383,5.5375,,149,84,175
2384,5.54037,,150,86,174.8
2385,5.54305,,150,86,175
2386,5.54659,,150,86,175.2
2387,5.54948,,151,85,175.2
2388,5.55199,,151,84,175.2
2389,5.55471,,151,84,175.2
2390,5.55784,,151,84,174.8
2391,5.56021,,151,84,174.6
2392,5.56339,,152,90,174.2
2393,5.56617,,151,88,174
2394,5.56915,,152,91,173.8
2395,5.57195,,152,95,173.4
2396,5.57449,,152,83,173.2
2397,5.57697,,152,83,172.8
2398,5.57943,,152,83,172.6
2399,5.58213,,152,83,172.6
2400,5.58569,,152,82,172.2
2401,5.58853,,152,83,172.2
2402,5.59157,,152,84,172.4
2403,5.59522,,152,84,172.4
2404,5.59821,,152,85,172.6
2405,5.60136,,152,84,172.8
2406,5.60397,,152,85,172.8
2407,5.6066,,152,84,172.8
2408,5.6097,,152,82,173
2409,5.61223,,152,79,173.2
2410,5.61451,,152,84,173.2
2411,5.61595,,152,92,173.4
2412,5.61778,,151,92,173.2
2413,5.62001,,151,84,173
2414,5.6218,,151,85,173.2
2415,5.62404,,151,86,173
2416,5.62644,,151,79,172.8
2417,5.62974,,151,81,173
2418,5.63241,,151,83,173
2419,5.63475,,151,84,173
2420,5.63685,,152,85,173
2421,5.63918,,152,85,173
2422,5.64209,,152,85,173
2423,5.64514,,151,85,172.8
2424,5.64779,,152,85,172.6
2425,5.65086,,152,85,172.6
2426,5.65388,,151,85,172.4
2427,5.65689,,151,84,172.6
2428,5.65934,,151,84,172.4
2429,5.66186,,151,84,172.6
2430,5.66462,,151,84,172.6
2431,5.66714,,151,84,172.4
2432,5.67008,,151,86,172.2
2433,5.6723,,152,85,172.2
2434,5.67472,,152,81,172
2435,5.67737,,152,79,171.6
2436,5.6802,,152,80,171.4
2437,5.68254,,152,85,171
2438,5.68544,,153,93,170.6
2439,5.6876,,153,84,170.2
2440,5.6902,,152,81,170
2441,5.69238,,153,83,170
2442,5.69446,,153,88,169.8
2443,5.69693,,152,90,169.2
2444,5.69951,,152,85,168.8
2445,5.7016,,152,84,168.6
2446,5.70364,,151,84,168.2
2447,5.70555,,151,89,168
2448,5.70835,,150,84,167.6
2449,5.71077,,150,73,167.2
2450,5.71271,,150,70,167
2451,5.71445,,150,91,166.8
2452,5.71559,,149,96,166.8
2453,5.71673,,149,97,166.8
2454,5.7182,,149,104,166.4
2455,5.7202,,149,83,165.8
2456,5.72223,,149,81,165.4
2457,5.72457,,149,82,165.4
2458,5.72727,,149,83,165.4
2459,5.72996,,149,84,165.2
2460,5.73254,,149,86,165.2
2461,5.73527,,149,88,165.2
2462,5.73801,,149,87,165.4
2463,5.74019,,149,86,165.6
2464,5.74202,,148,86,165.6
2465,5.74409,,148,86,165.4
2466,5.74573,,148,84,165.6
2467,5.74722,,148,85,165.4
2468,5.74992,,147,82,165.4
2469,5.75209,,147,82,165
2470,5.75412,,147,85,165
2471,5.75709,,147,85,164.8
2472,5.75957,,146,83,164.4
2473,5.76186,,147,83,164.6
2474,5.76443,,146,83,164.4
2475,5.76687,,146,83,164.4
2476,5.76917,,146,84,164.2
2477,5.77149,,146,84,164
2478,5.77359,,145,84,164
2479,5.77608,,146,84,164
2480,5.77854,,146,84,164
2481,5.78126,,146,84,164
2482,5.78357,,146,84,163.8
2483,5.78577,,146,84,163.6
2484,5.78804,,147,81,163.4
2485,5.79054,,147,92,163
2486,5.79321,,147,87,162.8
2487,5.79557,,147,86,162.6
2488,5.7976,,148,102,162.4
2489,5.79994,,148,88,162
2490,5.80142,,148,83,162
2491,5.80336,,148,83,161.6
2492,5.8053,,147,73,161.4
2493,5.80703,,147,76,161.4
2494,5.80829,,147,76,161.2
2495,5.80988,,147,90,160.8
2496,5.81156,,147,79,160.6
2497,5.81338,,147,74,160.4
2498,5.81499,,147,67,160
2499,5.81581,,147,67,160
2500,5.81662,,148,65,159.8
2501,5.8172,,148,63,159.6
2502,5.81757,,148,51,159.6
2503,5.81804,,148,50,159.8
2504,5.81893,,148,47,159.8
2505,5.8192,,147,43,159.6
2506,5.81983,,147,42,159.6
2507,5.8203,,146,43,159.6
2508,5.821,,146,43,159.4
2509,5.82117,,145,53,159.2
2510,5.82117,,145,53,159.2
2511,5.82117,,144,61,159.2
2512,5.82117,,144,66,159.2
2513,5.8218,,143,66,159.6
2514,5.8218,,142,66,159.6
2515,5.8218,,141,66,159.8
2516,5.8218,,141,66,159.8
2517,5.8218,,140,69,159.8
2518,5.8218,,139,69,159.8
2519,5.8218,,139,0,159.8
2520,5.8218,,139,0,159.8
2521,5.8218,,138,76,159.8
2522,5.8218,,138,52,160
2523,5.8223,,138,53,160.2
2524,5.8223,,138,45,160.2
2525,5.82319,,137,42,160.4
2526,5.82319,,137,47,160.6
2527,5.82337,,136,51,160.8
2528,5.82337,,135,52,160.8
2529,5.82337,,134,53,161
2530,5.82337,,133,68,161.2
2531,5.82337,,133,77,161.6
2532,5.82337,,132,65,161.8
2533,5.82337,,133,61,161.8
2534,5.82337,,133,57,162.2
2535,5.82337,,133,55,162.2
2536,5.82337,,133,83,162
2537,5.82337,,133,84,162.2
2538,5.82337,,134,63,162.4
2539,5.82337,,134,64,162.4
2540,5.82337,,134,64,162.2
2541,5.82484,,134,61,162.2
2542,5.82693,,134,62,162.2
2543,5.82782,,134,89,162.2
2544,5.82908,,134,78,162.4
2545,5.83069,,134,65,162.2
2546,5.83206,,134,56,162.2
2547,5.83476,,134,72,162.2
2548,5.83717,,133,84,162.2
2549,5.83915,,133,80,162.2
2550,5.84126,,133,81,162.2
2551,5.84331,,133,81,162.2
2552,5.84535,,133,82,162
2553,5.84757,,133,92,162
2554,5.84995,,133,85,162
2555,5.85236,,133,83,161.8
2556,5.8547,,133,81,161.8
2557,5.8569,,133,83,161.8
2558,5.85883,,134,83,161.6
2559,5.86128,,134,89,161.6
2560,5.86328,,135,86,161.8
2561,5.86565,,135,85,162
2562,5.86797,,136,85,162.2
2563,5.87011,,137,85,162.6
2564,5.87228,,137,85,162.8
2565,5.8749,,138,85,163
2566,5.87667,,139,85,163.2
2567,5.87856,,139,84,163.4
2568,5.88006,,140,82,163.4
2569,5.88261,,141,83,163.2
2570,5.88513,,141,85,163.2
2571,5.88759,,142,85,163
2572,5.89085,,142,85,163
2573,5.89297,,143,85,162.8
2574,5.89495,,144,83,163
2575,5.89857,,144,83,162.8
2576,5.90158,,145,84,163
2577,5.90409,,145,84,163
2578,5.90596,,146,83,163.2
2579,5.90779,,146,76,163.2
2580,5.90963,,147,79,163.4
2581,5.91192,,147,84,163.4
2582,5.91416,,147,84,163.6
2583,5.91611,,148,86,163.6
2584,5.91791,,149,83,164
2585,5.91922,,149,69,164.6
2586,5.92074,,149,89,164.8
2587,5.92176,,150,89,165
2588,5.92285,,151,83,165.4
2589,5.92408,,151,82,165.8
2590,5.92505,,152,62,166
2591,5.92547,,153,61,166
2592,5.92609,,153,61,166.2
2593,5.92678,,154,83,166.2
2594,5.92819,,154,79,166.2
2595,5.93001,,154,75,166.4
2596,5.93192,,155,74,166.4
2597,5.93413,,155,76,166.4
2598,5.93651,,155,86,166.2
2599,5.93868,,155,85,166.4
2600,5.94063,,156,75,166.2
2601,5.9424,,156,75,166
2602,5.94391,,156,58,165.8
2603,5.94492,,156,50,166
2604,5.9463,,156,50,165.8
2605,5.94744,,157,50,165.6
2606,5.949,,156,51,165.6
2607,5.95031,,157,52,165.8
2608,5.95224,,156,54,165.6
2609,5.95439,,156,74,165.8
2610,5.95607,,156,78,166.2
2611,5.95823,,157,74,166.4
2612,5.96106,,157,73,166.8
2613,5.96339,,156,75,166.8
2614,5.96563,,156,78,166.6
2615,5.96799,,156,79,166.4
2616,5.97011,,156,81,166.4
2617,5.97181,,156,82,166.4
2618,5.97383,,156,83,166.4
2619,5.97575,,156,83,166.4
2620,5.97743,,155,83,166.2
2621,5.98046,,155,83,166
2622,5.98271,,155,85,165.8
2623,5.98508,,155,84,166
2624,5.98777,,155,80,166
2625,5.98991,,155,80,166.2
2626,5.99261,,155,81,166.4
2627,5.99475,,155,83,166.4
2628,5.99739,,155,83,166.4
2629,5.99976,,155,82,166.4
2630,6.00203,,155,82,166.4
2631,6.00401,,155,82,166.4
2632,6.00601,,155,82,166.4
2633,6.00775,,155,83,166.2
2634,6.00932,,155,63,166.2
2635,6.01086,,155,56,166
2636,6.01238,,155,63,166
2637,6.01413,,155,66,165.8
2638,6.01602,,154,65,165.8
2639,6.01736,,154,64,165.6
2640,6.01875,,154,68,165.6
2641,6.02113,,153,87,165.6
2642,6.02376,,154,87,165.8
2643,6.02592,,153,87,165.8
2644,6.02725,,153,86,165.8
2645,6.02863,,153,86,166
2646,6.02951,,152,84,165.8
2647,6.03026,,152,75,165.8
2648,6.0311,,151,62,165.8
2649,6.03338,,150,71,166
2650,6.03527,,150,86,166.4
2651,6.03741,,150,84,166.4
2652,6.03934,,149,84,166.4
2653,6.04128,,148,84,166.6
2654,6.04352,,148,84,166.6
2655,6.04558,,148,84,166.6
2656,6.04769,,147,78,166.6
2657,6.04995,,147,80,166.2
2658,6.05252,,147,80,166.2
2659,6.05525,,146,80,166
2660,6.05816,,146,81,166.2
2661,6.06184,,146,85,165.8
2662,6.06506,,146,86,165.6
2663,6.06765,,146,86,165.6
2664,6.07019,,146,88,165.6
2665,6.07196,,147,90,165.8
2666,6.07453,,147,89,166.2
2667,6.07669,,147,79,166.4
2668,6.07899,,147,82,166.4
2669,6.08135,,147,82,166.6
2670,6.08361,,147,83,166.8
2671,6.08657,,147,86,166.8
2672,6.08895,,147,84,166.8
2673,6.09137,,147,84,166.8
2674,6.09361,,147,85,166.6
2675,6.09622,,147,85,166.4
2676,6.09912,,147,85,166.4
2677,6.10243,,147,85,166.4
2678,6.10584,,147,84,166.2
2679,6.1084,,147,84,166
2680,6.11109,,148,84,166
2681,6.11442,,148,86,166
2682,6.11715,,148,86,166
2683,6.11959,,148,88,166.2
2684,6.12183,,149,88,166.6
2685,6.12451,,150,87,166.8
2686,6.1266,,149,85,167
2687,6.12845,,150,85,167
2688,6.13032,,150,92,167.6
2689,6.13237,,150,84,168
2690,6.13469,,150,80,168.4
2691,6.13678,,151,82,168.6
2692,6.13875,,151,80,168.6
2693,6.14049,,151,57,168.6
2694,6.14278,,151,89,168.4
2695,6.14539,,151,90,168.4
2696,6.14747,,151,88,168.4
2697,6.14979,,152,86,168.2
2698,6.15172,,152,83,168.4
2699,6.15435,,152,84,168.2
2700,6.15775,,152,84,168.2
2701,6.16048,,153,85,168.2
2702,6.16324,,153,85,168.4
2703,6.1659,,153,85,168.4
2704,6.16821,,154,85,168.4
2705,6.17061,,154,85,168.4
2706,6.17254,,154,86,168.4
2707,6.1746,,155,90,168.6
2708,6.17812,,155,85,168.8
2709,6.18078,,155,78,169.2
2710,6.18292,,155,76,169.4
2711,6.18528,,156,77,169.4
2712,6.188,,156,82,170
2713,6.19087,,156,80,170.2
2714,6.19355,,157,81,170.6
2715,6.19636,,157,82,170.8
2716,6.19883,,157,82,170.8
2717,6.20134,,158,83,170.8
2718,6.2031,,158,83,171.2
2719,6.20461,,158,93,171
2720,6.20596,,159,84,171.2
2721,6.20707,,159,61,171
2722,6.20774,,159,47,171
2723,6.20841,,160,85,170.4
2724,6.20864,,160,79,170.2
2725,6.20953,,160,56,170.2
2726,6.21058,,160,61,170
2727,6.21221,,160,78,169.6
2728,6.21376,,160,88,169.6
2729,6.21496,,160,76,169.6
2730,6.2161,,160,65,169.6
2731,6.21667,,160,56,169.6
2732,6.21744,,160,54,169.6
2733,6.21838,,160,60,169.6
2734,6.21949,,160,60,169.4
2735,6.22037,,159,61,169.4
2736,6.22204,,158,73,169.4
2737,6.22407,,157,84,169.2
2738,6.22573,,156,85,169
2739,6.22774,,156,84,168.8
2740,6.22969,,154,83,168.6
2741,6.23164,,153,83,168.2
2742,6.23388,,152,84,168.2
2743,6.23639,,151,84,168
2744,6.23897,,149,84,167.8
2745,6.24134,,148,84,167.6
2746,6.24378,,147,85,167.4
2747,6.2464,,146,85,167
2748,6.24886,,145,85,167
2749,6.25166,,145,86,166.8
2750,6.25452,,144,86,166.6
2751,6.25763,,144,85,166.6
2752,6.26051,,143,91,166.2
2753,6.26281,,143,94,166.4
2754,6.26499,,142,97,165.8
2755,6.26641,,142,94,165.8
2756,6.26814,,142,58,165.6
2757,6.26994,,141,79,165.6
2758,6.27217,,141,86,165.4
2759,6.27497,,141,74,165.4
2760,6.27766,,141,70,165.2
2761,6.28025,,141,70,165.2
2762,6.28296,,141,86,165
2763,6.28545,,141,86,165
2764,6.28741,,140,86,165.2
2765,6.28971,,141,85,165.4
2766,6.29191,,140,85,165.4
2767,6.29399,,141,86,165.4
2768,6.29597,,141,82,164.8
2769,6.29843,,140,79,164.8
2770,6.30073,,141,89,164.4
2771,6.30329,,141,83,164.2
2772,6.30582,,141,82,164
2773,6.30833,,142,83,164
2774,6.31059,,142,83,163.8
2775,6.31354,,142,83,163.8
2776,6.31561,,143,84,163.6
2777,6.31748,,143,87,163.2
2778,6.3192,,143,84,163
2779,6.32052,,143,71,162.8
2780,6.32212,,143,71,162.4
2781,6.32441,,143,71,162.4
2782,6.32611,,143,90,162.4
2783,6.3282,,144,88,162.4
2784,6.33043,,144,87,162.6
2785,6.33302,,144,86,162.8
2786,6.33516,,144,87,162.8
2787,6.33806,,145,79,163
2788,6.34065,,145,80,163.2
2789,6.3429,,145,80,163.2
2790,6.34502,,145,83,163.4
2791,6.34674,,146,75,163.6
2792,6.34824,,146,75,163.8
2793,6.34922,,146,57,163.8
2794,6.34994,,146,52,163.8
2795,6.35063,,146,52,163.8
2796,6.35138,,146,47,163.6
2797,6.35162,,146,42,163.4
2798,6.35215,,146,48,163.4
2799,6.35294,,147,56,163.2
2800,6.35364,,147,66,163
2801,6.35424,,148,61,163
2802,6.35471,,148,47,163
2803,6.35555,,148,47,162.4
2804,6.35646,,149,0,162.4
2805,6.35724,,149,0,162.6
2806,6.3586,,149,0,162.8
2807,6.35917,,149,47,162.8
2808,6.36023,,149,51,162.6
2809,6.36164,,149,53,162.6
2810,6.36284,,148,59,162.6
2811,6.36467,,148,61,162.4
2812,6.36622,,148,60,162.4
2813,6.36796,,148,58,162.2
2814,6.36901,,148,62,162.2
2815,6.3701,,148,61,162.4
2816,6.37148,,148,54,162.4
2817,6.37282,,149,50,162.2
2818,6.37438,,149,64,162
2819,6.37574,,149,63,162
2820,6.37786,,150,67,162
2821,6.38056,,149,85,162.2
2822,6.38323,,150,86,161.8
2823,6.38624,,150,87,161.8
2824,6.38975,,149,87,161.8
2825,6.39271,,150,78,161.6
2826,6.39513,,149,71,161.4
2827,6.39765,,150,71,161
2828,6.4005,,149,74,160.8
2829,6.40281,,148,78,160.2
2830,6.40443,,148,75,160.2
2831,6.40573,,148,88,160.2
2832,6.40739,,148,82,160.2
2833,6.40906,,148,80,160.2
2834,6.41145,,148,77,160.2
2835,6.41289,,147,82,160.4
2836,6.41431,,146,83,160.4
2837,6.41586,,145,81,160.6
2838,6.4168,,145,78,160.6
2839,6.41813,,144,87,160.6
2840,6.41945,,144,93,160.2
2841,6.42032,,144,94,159.8
2842,6.42182,,143,89,159.2
2843,6.4227,,143,81,158.8
2844,6.42349,,143,87,158.4
2845,6.42467,,144,113,157.8
2846,6.42602,,144,99,157.4
2847,6.42787,,144,80,157.2
2848,6.42986,,145,82,156.8
2849,6.43216,,145,95,156.4
2850,6.4345,,145,86,156
2851,6.43709,,146,71,155.6
2852,6.43932,,146,77,155
2853,6.44153,,146,82,154.4
2854,6.4439,,146,84,154
2855,6.44596,,147,84,153.8
2856,6.44861,,146,84,153.8
2857,6.45123,,147,85,153.8
2858,6.4542,,146,85,154
2859,6.4567,,146,86,154.2
2860,6.45879,,146,74,154.4
2861,6.46131,,146,79,154.4
2862,6.46368,,145,82,154.8
2863,6.46649,,145,84,154.8
2864,6.46925,,145,90,155
2865,6.47155,,145,88,155
2866,6.47415,,145,88,155.2
2867,6.47691,,145,88,155.4
2868,6.47966,,145,88,155.4
2869,6.48168,,145,88,156
2870,6.48376,,145,87,156.2
2871,6.4857,,146,86,156.4
2872,6.48769,,146,86,156.6
2873,6.48979,,146,86,156.6
2874,6.49225,,146,86,156.6
2875,6.49449,,146,86,156.6
2876,6.49674,,146,86,156.6
2877,6.49878,,147,84,156.4
2878,6.50042,,147,85,156.2
2879,6.50277,,147,84,155.8
2880,6.50538,,148,80,155.6
2881,6.50864,,148,80,155.4
2882,6.5114,,148,84,155.4
2883,6.51454,,148,84,155.4
2884,6.5179,,148,84,155.2
2885,6.52123,,149,85,155
2886,6.52403,,149,86,154.6
2887,6.52656,,150,86,154.4
2888,6.52923,,150,86,153.8
2889,6.53194,,150,86,153.4
2890,6.53406,,150,86,153
2891,6.53656,,150,87,152.6
2892,6.53945,,151,86,152.2
2893,6.54245,,151,85,151.8
2894,6.54514,,151,85,151.8
2895,6.54776,,152,86,151.6
2896,6.55042,,152,86,151.8
2897,6.55335,,152,86,151.8
2898,6.55607,,152,86,152
2899,6.55863,,153,86,152
2900,6.56199,,152,87,152.2
2901,6.56476,,153,88,152.4
2902,6.56725,,153,86,152.6
2903,6.56974,,153,86,152.8
2904,6.57178,,152,85,153.2
2905,6.57486,,153,86,153.6
2906,6.57755,,153,86,153.8
2907,6.58078,,153,78,154.2
2908,6.58296,,153,79,154.4
2909,6.58479,,153,80,154.6
2910,6.58733,,154,81,154.6
2911,6.58958,,154,100,154.2
2912,6.59205,,154,99,154
2913,6.59433,,154,92,153.8
2914,6.59639,,154,88,153.6
2915,6.59816,,155,87,153.6
2916,6.59989,,155,85,153.2
2917,6.60124,,155,77,152.8
2918,6.60277,,155,80,152.2
2919,6.60373,,156,115,152
2920,6.60513,,156,97,151.4
2921,6.60612,,156,47,150.6
2922,6.60786,,157,86,150.4
2923,6.60931,,157,95,149.8
2924,6.61126,,157,68,149.4
2925,6.61272,,157,82,149.2
2926,6.61461,,157,85,149
2927,6.61632,,157,86,149
2928,6.61796,,157,85,149.2
2929,6.61939,,157,86,149.2
2930,6.62033,,157,106,149.2
2931,6.62155,,157,106,149.2
2932,6.62303,,158,106,149.2
2933,6.62423,,158,104,149.4
2934,6.62534,,157,75,149.2
2935,6.62653,,157,71,149.6
2936,6.62784,,157,74,149.8
2937,6.62937,,157,76,150.2
2938,6.63085,,157,81,150.4
2939,6.63278,,157,83,150.8
2940,6.63525,,156,84,151
2941,6.63717,,156,84,151.4
2942,6.63884,,156,84,151.6
2943,6.64004,,156,85,151.8
2944,6.64167,,155,94,152.2
2945,6.64353,,156,89,152.2
2946,6.64526,,155,87,152.6
2947,6.64657,,155,75,152.6
2948,6.64771,,156,79,152.8
2949,6.64883,,156,79,153
2950,6.6501,,156,78,153
2951,6.65166,,155,86,153
2952,6.65348,,156,85,153.2
2953,6.65494,,156,84,153.6
2954,6.65624,,156,76,153.8
2955,6.658,,156,77,154.2
2956,6.66004,,156,82,154.8
2957,6.66156,,157,79,155.4
2958,6.66294,,157,79,156
2959,6.66451,,157,76,156.6
2960,6.66642,,157,72,157
2961,6.66831,,158,72,157.2
2962,6.67001,,158,82,157.6
2963,6.6716,,159,83,157.8
2964,6.67326,,159,75,157.8
2965,6.67486,,159,66,157.8
2966,6.67764,,159,72,157.8
2967,6.68021,,159,85,158
2968,6.68346,,160,84,158.2
2969,6.6861,,160,82,158.4
2970,6.68796,,161,83,158.6
2971,6.68987,,161,85,159
2972,6.69199,,162,85,159.2
2973,6.69448,,162,85,159.2
2974,6.69635,,162,83,159.4
2975,6.69808,,162,75,159.6
2976,6.69975,,163,77,160
2977,6.70116,,164,79,160.4
2978,6.70208,,164,76,160.6
2979,6.70285,,164,76,161
2980,6.70427,,165,76,161
2981,6.70573,,165,80,161.4
2982,6.70736,,165,89,161.8
2983,6.70913,,166,85,162
2984,6.71109,,166,85,162.2
2985,6.71338,,166,86,162.2
2986,6.71559,,166,85,162.2
2987,6.71772,,166,78,162.8
2988,6.71958,,166,80,163.2
2989,6.72166,,166,81,163.6
2990,6.72383,,166,79,164.2
2991,6.72542,,166,76,164.6
2992,6.7274,,166,77,164.8
2993,6.72953,,166,79,165
2994,6.73191,,166,79,165.2
2995,6.73422,,167,80,165.6
2996,6.73632,,167,81,165.6
2997,6.73822,,167,83,165.8
2998,6.74024,,167,81,166
2999,6.74217,,167,65,166.6
3000,6.74399,,167,80,166.8
3001,6.74631,,167,88,167
3002,6.74834,,168,95,167.4
3003,6.7499,,168,90,167.4
3004,6.75141,,168,86,167.4
3005,6.75322,,169,93,167
3006,6.75501,,169,93,166.8
3007,6.75713,,168,87,166.6
3008,6.75852,,169,86,166.2
3009,6.76087,,169,83,165.6
3010,6.76304,,169,70,165
3011,6.76589,,169,72,164.2
3012,6.76894,,169,73,163.6
3013,6.77212,,169,128,163
3014,6.77586,,169,128,162.4
3015,6.7787,,169,128,162
3016,6.78258,,169,99,161.4
3017,6.78585,,169,87,161
3018,6.7892,,169,85,160.6
3019,6.79282,,169,85,160.4
3020,6.79701,,169,93,160.4
3021,6.80092,,169,93,160.2
3022,6.80373,,169,92,160.2
3023,6.80642,,169,91,160.6
3024,6.80858,,168,77,161
3025,6.81093,,168,68,161.4
3026,6.81384,,167,67,161.6
3027,6.81635,,167,76,162
3028,6.8191,,166,72,162.2
3029,6.8216,,166,73,162.4
3030,6.82404,,166,73,162.4
3031,6.82644,,166,75,162.8
3032,6.82868,,166,84,163
3033,6.83124,,166,85,163
3034,6.83296,,166,86,162.8
3035,6.83495,,166,85,162.4
3036,6.83763,,166,96,162
3037,6.83981,,166,95,162
3038,6.84194,,166,93,161.8
3039,6.84412,,167,90,161.8
3040,6.84579,,166,74,161.6
3041,6.84803,,167,87,161.4
3042,6.85073,,167,92,161.2
3043,6.85334,,167,85,161.2
3044,6.85563,,167,86,161
3045,6.85764,,167,84,161
3046,6.85949,,167,75,160.8
3047,6.86113,,166,68,160.6
3048,6.86305,,166,93,160
3049,6.86476,,166,92,160
3050,6.86625,,166,84,160
3051,6.86844,,165,85,160
3052,6.87036,,164,84,160
3053,6.87196,,163,83,160
3054,6.87388,,162,83,159.8
3055,6.8764,,162,85,160
3056,6.87965,,161,87,160
3057,6.88197,,160,88,160.2
3058,6.88375,,160,76,160.4
3059,6.88575,,159,79,160.4
3060,6.88811,,159,78,160.8
3061,6.89079,,159,76,161.2
3062,6.89278,,159,78,161.6
3063,6.89472,,159,77,161.8
3064,6.89659,,159,76,162.4
3065,6.89822,,159,76,162.4
3066,6.89994,,159,77,163
3067,6.90161,,159,95,163.4
3068,6.9027,,159,89,163.4
3069,6.90433,,159,63,163.6
3070,6.90541,,159,49,163.6
3071,6.90685,,160,76,163.6
3072,6.90852,,160,88,163.6
3073,6.91065,,160,85,163.2
3074,6.91271,,160,83,163.2
3075,6.91514,,160,73,163
3076,6.91693,,161,81,162.8
3077,6.9187,,161,92,162.4
3078,6.9202,,160,98,162
3079,6.92205,,161,94,162
3080,6.92415,,161,88,161.8
3081,6.92594,,160,86,161.8
3082,6.92842,,161,87,161.8
3083,6.93053,,161,85,161.8
3084,6.93206,,161,74,162.2
3085,6.93419,,161,79,162.4
3086,6.93646,,161,81,162.4
3087,6.93882,,161,83,162.6
3088,6.94161,,161,85,162.8
3089,6.9441,,160,87,162.8
3090,6.94708,,160,85,163
3091,6.94916,,160,84,163.2
3092,6.95136,,160,85,163
3093,6.95354,,159,84,163.4
3094,6.95603,,160,85,163.6
3095,6.95815,,159,85,163.6
3096,6.96051,,159,86,163.8
3097,6.963,,159,86,163.8
3098,6.96567,,160,86,164.2
3099,6.96841,,159,81,164.4
3100,6.9708,,160,82,164.4
3101,6.97281,,159,82,164.8
3102,6.97552,,159,82,165.2
3103,6.97841,,160,80,165.4
3104,6.98106,,160,80,165.8
3105,6.98378,,160,80,166
3106,6.9863,,160,85,166.2
3107,6.989,,160,84,166
3108,6.99091,,161,81,165.8
3109,6.99268,,161,86,165.6
3110,6.99518,,161,86,165.6
3111,6.99708,,161,77,165
3112,6.99906,,161,72,164.8
3113,7.00072,,162,71,164.2
3114,7.00179,,162,69,164
3115,7.00344,,162,55,163.6
3116,7.00501,,162,85,163.6
3117,7.00742,,162,84,163.2
3118,7.00991,,162,87,163.4
3119,7.01267,,162,87,163.4
3120,7.01518,,163,87,163.6
3121,7.01733,,163,87,163.6
3122,7.01976,,163,86,163.6
3123,7.0217,,163,85,163.6
3124,7.02354,,163,83,163.4
3125,7.02521,,163,84,163.2
3126,7.02737,,163,84,162.8
3127,7.02944,,163,83,162.4
3128,7.03132,,163,97,162.2
3129,7.03376,,163,104,161.6
3130,7.03565,,163,106,161.4
3131,7.03794,,163,88,160.8
3132,7.04013,,163,85,160.6
3133,7.04214,,162,93,160.2
3134,7.04421,,162,90,159.8
3135,7.04583,,162,87,159.4
3136,7.04795,,161,86,159.2
3137,7.0502,,161,86,158.8
3138,7.05224,,161,85,158.6
3139,7.05395,,161,85,158.4
3140,7.05549,,160,81,158.2
3141,7.057,,160,82,158.4
3142,7.05912,,159,83,158
3143,7.06163,,159,84,158.2
3144,7.06363,,158,85,158.2
3145,7.06617,,157,85,158.2
3146,7.06827,,157,84,158.2
3147,7.07097,,157,84,158.2
3148,7.0732,,157,85,158.2
3149,7.07581,,156,96,157.8
3150,7.07823,,156,92,157.6
3151,7.08063,,156,93,157.2
3152,7.08334,,156,89,157
3153,7.0855,,156,89,156.8
3154,7.08828,,156,93,156.4
3155,7.09053,,156,97,156.4
3156,7.09254,,156,59,155.8
3157,7.09435,,156,75,155.4
3158,7.09634,,156,83,155
3159,7.0985,,157,104,154.4
3160,7.10038,,157,90,154
3161,7.10209,,156,90,153.4
3162,7.10341,,157,88,153.2
3163,7.10522,,157,103,152.8
3164,7.10729,,157,91,152.4
3165,7.10898,,157,77,152
3166,7.11107,,157,76,151.6
3167,7.1126,,157,72,151
3168,7.11475,,157,75,150.8
3169,7.11693,,157,80,150.8
3170,7.11934,,157,86,150.2
3171,7.12127,,157,85,150.2
3172,7.1238,,156,86,150
3173,7.12589,,156,85,150
3174,7.12807,,156,85,150
3175,7.131,,156,77,150.2
3176,7.13362,,155,83,150.4
3177,7.13579,,155,83,150.6
3178,7.13822,,155,83,150.8
3179,7.14036,,155,84,151
3180,7.14266,,155,83,151
3181,7.14478,,155,82,151.4
3182,7.1473,,155,85,151.6
3183,7.15016,,154,86,151.8
3184,7.15285,,155,86,152.2
3185,7.15497,,155,68,152.4
3186,7.15698,,155,71,152.8
3187,7.15887,,155,84,152.8
3188,7.16126,,155,96,152.8
3189,7.16377,,155,89,152.8
3190,7.16595,,155,78,153.4
3191,7.16785,,156,77,153.8
3192,7.16983,,156,77,154
3193,7.17137,,156,79,154.2
3194,7.17309,,156,79,154.4
3195,7.17462,,156,69,154.6
3196,7.17616,,156,71,155
3197,7.17779,,157,82,155.2
3198,7.17937,,157,91,155
3199,7.18069,,157,92,155
3200,7.18207,,158,78,154.6
3201,7.18414,,158,76,154.4
3202,7.18653,,158,77,154
3203,7.18887,,159,85,154
3204,7.19151,,159,87,153.6
3205,7.19432,,159,85,153.8
3206,7.19715,,160,81,154
3207,7.19921,,160,82,154.2
3208,7.2021,,161,76,154
3209,7.20505,,161,79,154.2
3210,7.20753,,161,81,154.2
3211,7.20971,,161,82,154.2
3212,7.21217,,161,83,154.2
3213,7.21468,,161,89,154
3214,7.21672,,162,72,154
3215,7.21834,,162,42,154
3216,7.2205,,162,57,154
3217,7.22317,,162,72,154.2
3218,7.22631,,162,69,153.8
3219,7.22906,,162,69,153.6
3220,7.23214,,162,71,153.4
3221,7.23569,,162,83,153.2
3222,7.23923,,162,82,153
3223,7.24252,,162,84,153
3224,7.24591,,162,87,153
3225,7.24947,,162,88,152.8
3226,7.25242,,162,86,152.8
3227,7.25529,,162,87,153
3228,7.25766,,162,87,153
3229,7.26039,,162,87,153
3230,7.26319,,162,80,152.4
3231,7.26565,,162,125,152
3232,7.26769,,162,100,151.2
3233,7.26939,,162,87,150.8
3234,7.27178,,162,94,150
3235,7.27338,,162,96,149.4
3236,7.27444,,161,95,149.4
3237,7.27552,,161,96,149.2
3238,7.27805,,162,91,148.6
3239,7.28,,162,88,148.4
3240,7.28169,,161,85,147.8
3241,7.28343,,161,74,147.8
3242,7.28508,,161,81,148
3243,7.28696,,161,82,148.2
3244,7.28909,,161,80,148.6
3245,7.2911,,161,70,149
3246,7.29264,,161,68,149.2
3247,7.29426,,162,74,149
3248,7.29646,,161,113,148.6
3249,7.2986,,162,113,148.4
3250,7.30062,,162,80,148.4
3251,7.30303,,162,86,148.2
3252,7.30538,,162,86,148.4
3253,7.30767,,162,84,148.6
3254,7.31038,,162,75,149.2
3255,7.31263,,163,76,149.4
3256,7.31439,,163,75,149.8
3257,7.31607,,163,89,150.4
3258,7.31826,,164,87,151.2
3259,7.32076,,164,81,151.6
3260,7.32263,,165,75,152
3261,7.32461,,165,74,152.6
3262,7.32659,,165,71,153
3263,7.32878,,166,71,153.2
3264,7.33107,,166,80,153.6
3265,7.33362,,166,78,153.8
3266,7.33552,,167,79,154.2
3267,7.33739,,167,79,154.4
3268,7.33995,,167,80,154.4
3269,7.3423,,168,81,155
3270,7.34483,,169,80,155.2
3271,7.34715,,169,80,155.2
3272,7.3493,,169,82,155.4
3273,7.3518,,170,82,155.4
3274,7.35466,,170,81,155.6
3275,7.35782,,170,82,155.6
3276,7.36038,,171,82,155.6
3277,7.36282,,171,83,155.6
3278,7.36578,,172,83,155.6
3279,7.3686,,171,83,155.4
3280,7.37169,,172,83,155.4
3281,7.3744,,172,84,155.4
3282,7.37711,,172,85,155.4
3283,7.37997,,172,85,155.6
3284,7.38295,,171,86,155.6
3285,7.38619,,171,87,155.8
3286,7.38918,,171,87,156.2
3287,7.39197,,171,78,156.8
3288,7.39505,,171,76,157.2
3289,7.39705,,171,82,157.6
3290,7.39948,,171,81,158
3291,7.40233,,171,77,158.4
3292,7.40631,,171,79,158.6
3293,7.41026,,171,79,159
3294,7.41361,,171,78,159.2
3295,7.41587,,171,79,159.2
3296,7.4186,,171,83,159.4
3297,7.421,,171,84,159.2
3298,7.42346,,171,83,159.4
3299,7.426,,171,83,159.2
3300,7.42834,,171,84,159.4
3301,7.43032,,171,87,159.4
3302,7.43244,,171,84,159.6
3303,7.43461,,171,85,159.8
3304,7.4373,,171,85,160
3305,7.43972,,171,85,160.4
3306,7.44229,,171,85,160.8
3307,7.44459,,172,85,160.8
3308,7.44689,,172,86,161.2
3309,7.44885,,172,86,161.6
3310,7.45101,,171,85,162
3311,7.45318,,172,86,162.2
3312,7.45536,,172,86,162.4
3313,7.45805,,172,86,162.8
3314,7.46032,,172,86,163.2
3315,7.46189,,173,81,163.2
3316,7.46331,,173,81,163.8
3317,7.46463,,173,64,164
3318,7.46637,,173,85,164.4
3319,7.46814,,173,84,164.6
3320,7.46977,,173,85,165.2
3321,7.47079,,173,84,165.4
3322,7.47203,,173,83,165.6
3323,7.47353,,173,74,166
3324,7.47518,,173,73,166.2
3325,7.4769,,174,99,166.2
3326,7.47829,,173,87,166.2
3327,7.48003,,173,65,166.2
3328,7.48203,,174,84,166.2
3329,7.48463,,174,82,166.4
3330,7.48703,,174,82,166.2
3331,7.48938,,174,83,166
3332,7.49209,,174,81,166
3333,7.49449,,174,78,165.6
3334,7.49768,,174,85,165.4
3335,7.50014,,174,80,165
3336,7.5028,,174,78,164.6
3337,7.50596,,174,78,164.6
3338,7.5095,,174,79,164.2
3339,7.51257,,174,88,163.8
3340,7.51584,,173,85,163.8
3341,7.51891,,173,96,163.6
3342,7.52177,,174,92,163
3343,7.52492,,174,92,162.8
3344,7.52768,,173,81,162.8
3345,7.5304,,173,82,163
3346,7.53294,,173,82,162.8
3347,7.53503,,173,81,163.2
3348,7.53692,,173,77,163.4
3349,7.53844,,173,75,164
3350,7.54074,,172,79,164
3351,7.543,,172,89,164.2
3352,7.54531,,173,91,164.4
3353,7.54855,,172,89,164.4
3354,7.55117,,172,87,164.4
3355,7.55432,,172,81,164.4
3356,7.55732,,172,79,164.4
3357,7.56033,,171,80,164.4
3358,7.56307,,171,68,164.2
3359,7.56517,,171,90,164
3360,7.56743,,171,89,164.2
3361,7.56998,,170,88,164.4
3362,7.57235,,170,88,164.6
3363,7.57449,,170,88,164.6
3364,7.57704,,170,88,164.6
3365,7.57929,,170,88,164.4
3366,7.58167,,169,87,164.6
3367,7.58435,,169,87,165
3368,7.58699,,169,86,164.8
3369,7.58941,,168,86,165.2
3370,7.59199,,168,87,165.6
3371,7.59484,,168,86,166
3372,7.59688,,168,85,166.2
3373,7.59891,,168,70,166.4
3374,7.60151,,168,76,167
3375,7.60398,,168,79,167
3376,7.60726,,168,80,167.2
3377,7.61049,,168,85,167.2
3378,7.6141,,169,84,167
3379,7.61586,,169,85,167
3380,7.61796,,169,84,167.2
3381,7.61965,,169,84,167.2
3382,7.62194,,169,84,167.4
3383,7.62447,,169,87,167
3384,7.62663,,170,92,167
3385,7.62947,,170,85,166.6
3386,7.63264,,170,79,166.4
3387,7.63598,,170,82,166.4
3388,7.63928,,170,82,166.6
3389,7.64196,,170,83,167
3390,7.64458,,170,84,167.2
3391,7.6474,,170,85,167.6
3392,7.64998,,171,85,167.6
3393,7.65237,,171,77,167.4
3394,7.65459,,171,79,167.4
3395,7.65694,,171,79,167.2
3396,7.65953,,172,88,167.2
3397,7.66156,,172,88,166.8
3398,7.66366,,171,90,166.8
3399,7.66549,,172,91,166.4
3400,7.66799,,171,90,166.6
3401,7.67002,,172,95,166.4
3402,7.67244,,172,84,166.2
3403,7.6746,,171,83,166
3404,7.6758,,171,80,165.8
3405,7.67761,,172,65,165.6
3406,7.67981,,171,60,165.4
3407,7.68273,,171,69,165
3408,7.68588,,171,85,165.2
3409,7.6889,,172,76,164.8
3410,7.69159,,171,69,164.6
3411,7.69366,,171,98,164.4
3412,7.69582,,172,102,164
3413,7.69838,,171,94,163.8
3414,7.70096,,171,85,163.4
3415,7.70457,,171,85,163.2
3416,7.7073,,172,86,163.2
3417,7.71025,,171,86,162.8
3418,7.71282,,171,84,163
3419,7.71556,,172,84,162.8
3420,7.71799,,172,92,163
3421,7.72087,,171,87,163
3422,7.72426,,171,85,163
3423,7.72781,,171,85,163
3424,7.73088,,171,84,162.8
3425,7.73408,,170,74,162.4
3426,7.73689,,170,94,161.8
3427,7.73941,,170,91,161.8
3428,7.74191,,169,85,161.6
3429,7.74445,,169,86,161.4
3430,7.7472,,168,105,161.6
3431,7.74945,,168,100,161.2
3432,7.75214,,168,98,160.8
3433,7.75566,,168,104,160.4
3434,7.75859,,167,104,160
3435,7.76168,,167,89,159.8
3436,7.765,,167,80,159.6
3437,7.76796,,166,85,159.4
3438,7.77043,,166,101,159.2
3439,7.77303,,165,92,158.8
3440,7.77553,,165,85,159
3441,7.7782,,165,85,158.8
3442,7.78081,,165,86,159
3443,7.78444,,165,88,158.8
3444,7.78773,,165,97,159
3445,7.79074,,165,92,159.2
3446,7.79327,,164,86,159.4
3447,7.79619,,164,84,159.8
3448,7.79816,,164,82,160.6
3449,7.80045,,164,79,161
3450,7.80235,,164,75,161.6
3451,7.80443,,164,74,162
3452,7.80678,,164,75,162.4
3453,7.80899,,164,76,162.6
3454,7.81129,,165,76,163
3455,7.8137,,165,91,163
3456,7.81661,,165,87,163.4
3457,7.819,,166,85,163.4
3458,7.82203,,166,86,163.4
3459,7.82427,,166,86,163.2
3460,7.82435,,167,86,163.2
3461,7.82435,,166,86,163.4
3462,7.82435,,167,88,163.4
3463,7.82435,,167,76,163.4
3464,7.82435,,166,66,163.2
3465,7.82435,,166,66,163.2
3466,7.82435,,166,0,163.2
3467,7.82435,,166,0,163.2
3468,7.82435,,165,0,163.2
3469,7.82435,,165,0,163.2
3470,7.82435,,165,0,163.2
3471,7.82435,,165,0,163.2
3472,7.82435,,164,0,163.4
3473,7.82435,,165,38,163.4
3474,7.82435,,164,38,163.4
3475,7.82435,,164,38,163.2
3476,7.82435,,164,46,163.2
3477,7.82435,,163,74,163
3478,7.82435,,163,89,163
3479,7.82435,,162,105,163
3480,7.82435,,161,120,163
3481,7.82435,,160,120,163.2
3482,7.82479,,160,0,163.6
3483,7.82479,,160,0,163.2
3484,7.82479,,159,0,163.2
3485,7.82479,,159,0,163
3486,7.82479,,158,120,163.2
3487,7.82479,,158,98,163.2
3488,7.82479,,157,98,163.2
3489,7.82479,,157,77,163.2
3490,7.82479,,156,50,163.2
3491,7.82479,,156,50,163
3492,7.82479,,156,41,163
3493,7.82479,,155,41,163
3494,7.82479,,155,43,163
3495,7.82479,,154,45,163.2
3496,7.82479,,153,45,163
3497,7.82479,,153,57,163
3498,7.82479,,151,62,163
3499,7.82479,,150,62,163.2
3500,7.82479,,148,62,163.2
3501,7.82479,,147,0,163.2
3502,7.82479,,146,62,163
3503,7.82479,,144,54,163.2
3504,7.82551,,143,48,163.2
3505,7.82551,,143,46,163.2
3506,7.82551,,141,47,163.2
3507,7.8259,,140,49,163.4
3508,7.8259,,139,49,163.4
3509,7.8259,,138,49,163.4
3510,7.8259,,136,48,163.4
3511,7.8259,,135,48,163.4
3512,7.82612,,135,46,163.6
3513,7.82612,,134,49,163.6
3514,7.82669,,134,49,163.6
3515,7.82669,,133,46,163.6
3516,7.82751,,132,42,163.6
3517,7.82751,,132,51,163.4
3518,7.82831,,131,51,163.4
3519,7.82831,,131,51,163.4
3520,7.82831,,130,0,163.4
3521,7.82831,,129,0,163.4
3522,7.82831,,129,50,163.4
3523,7.82831,,128,50,163.2
3524,7.82831,,128,60,163.2
3525,7.82886,,129,60,163
3526,7.82886,,128,55,162.8
3527,7.8294,,128,56,162.6
3528,7.8294,,128,58,162.6
3529,7.8294,,128,57,162.8
3530,7.8294,,128,53,162.6
3531,7.8294,,127,53,162.8
3532,7.83,,127,52,162.8
3533,7.83,,127,46,162.8
3534,7.83,,127,46,162.8
3535,7.83,,126,46,162.8
3536,7.83,,125,46,162.8
3537,7.83,,125,0,162.8
3538,7.83,,125,0,162.8
3539,7.83057,,125,46,162.8
3540,7.83057,,125,46,162.4
3541,7.83106,,125,46,162.4
3542,7.83106,,125,49,162.4
3543,7.83181,,126,62,162.2
3544,7.83278,,125,62,162.2
3545,7.83408,,124,62,162.2
3546,7.83577,,123,61,162.2
3547,7.8371,,123,51,162.2
3548,7.83872,,122,47,162.4
3549,7.8407,,121,48,162.6
3550,7.84225,,121,51,162.6
3551,7.84398,,121,52,162.6
3552,7.84503,,121,51,162.6
3553,7.84571,,121,50,162.6
3554,7.84662,,120,50,162.4
3555,7.84743,,119,0,162.4
3556,7.84887,,119,0,162.4
3557,7.85002,,119,48,162.4
3558,7.85112,,120,48,162.6
3559,7.85215,,120,44,162.6
3560,7.85325,,120,38,162.8
3561,7.85421,,120,38,162.8
3562,7.85562,,120,40,163.2
3563,7.8568,,119,47,163.4
3564,7.8579,,120,47,163.4
3565,7.85852,,120,45,163.6
3566,7.85914,,120,45,163.8
3567,7.86001,,120,0,163.8
3568,7.86057,,120,38,164
3569,7.86143,,120,40,164.4
3570,7.86215,,120,40,164.4
3571,7.86276,,121,41,164.6
3572,7.86353,,122,42,164.6
3573,7.86439,,122,43,164.8
3574,7.86517,,122,43,164.8
3575,7.86611,,123,43,165
3576,7.86755,,123,42,165
3577,7.86856,,123,42,165.2
3578,7.86949,,123,41,165.4
3579,7.87025,,123,40,165.4
3580,7.87107,,124,35,165.4
3581,7.87172,,124,39,165.4
3582,7.87227,,125,41,165.4
3583,7.87289,,125,50,165.2
3584,7.87399,,125,50,165.2
3585,7.87521,,126,49,165.2
3586,7.87618,,126,49,165.2
3587,7.87738,,126,49,165
3588,7.87849,,127,71,165
3589,7.8791,,127,71,165
3590,7.87927,,127,71,165
3591,7.87928,,127,71,165
3592,7.87928,,127,71,165
3593,7.87931,,128,71,165
3594,7.87949,,128,71,165
3595,7.87949,,128,63,164.8
3596,7.87949,,128,55,164.8
3597,7.87966,,128,49,164.4
3598,7.87984,,127,61,164.2
3599,7.88033,,127,61,164.2
3600,7.88041,,126,61,164.2
3601,7.88139,,126,63,163.8
3602,7.88236,,125,64,163.8
3603,7.88338,,125,64,163.6
3604,7.88448,,125,63,163.4
3605,7.88519,,124,45,163.2
3606,7.88566,,123,52,163
3607,7.88663,,123,60,162.6
3608,7.88725,,123,62,162.4
3609,7.88825,,123,59,162.4
3610,7.88925,,122,58,162.4
3611,7.89054,,121,56,162.4
3612,7.89151,,120,56,162.4
3613,7.89234,,118,49,162.6
3614,7.89288,,117,49,162.4
3615,7.89352,,116,48,162.6
3616,7.89435,,116,49,162.4
3617,7.89526,,115,48,162.4
3618,7.89653,,115,47,162.4
3619,7.89717,,112,47,162.4
3620,7.89799,,112,47,162.2
3621,7.89816,,111,47,162.2
3622,7.89838,,109,48,162.2
3623,7.89938,,109,49,162.2
3624,7.90084,,109,58,162
3625,7.90225,,108,64,162.2
3626,7.90369,,108,63,161.8
3627,7.90426,,108,62,161.8
3628,7.9052,,108,62,161.6
3629,7.90592,,109,53,161.6
3630,7.90649,,109,48,161.6
3631,7.90693,,109,48,161.6
3632,7.90802,,109,47,161.6
3633,7.90873,,109,57,161.6
3634,7.90946,,108,59,161.4
3635,7.91068,,108,59,161.4
3636,7.91146,,108,60,161.2
3637,7.91191,,108,62,161
3638,7.91295,,109,62,161.2
3639,7.91377,,109,61,160.8
3640,7.91503,,109,58,160.6
3641,7.91605,,108,59,160.6
3642,7.91671,,108,59,160.4
3643,7.91755,,109,59,160.6
3644,7.91869,,108,52,160.6
3645,7.92009,,108,52,160.6
3646,7.92096,,108,51,160.8
3647,7.92198,,107,50,160.8
3648,7.92325,,107,52,160.8
3649,7.92497,,107,53,161
3650,7.92683,,107,52,161
3651,7.92994,,107,52,161
3652,7.93174,,107,51,161.2
3653,7.9334,,107,50,161.2
3654,7.93459,,108,50,161.4
3655,7.93511,,108,48,161.4
3656,7.93561,,109,43,161.4
3657,7.93672,,109,56,161.4
3658,7.93775,,110,62,161.2
3659,7.93865,,109,63,161.2
3660,7.93971,,110,65,161.2
3661,7.94062,,110,65,161
3662,7.94147,,110,61,161
3663,7.9421,,111,61,161
3664,7.94304,,112,64,160.8
3665,7.9444,,112,64,160.4
3666,7.94541,,113,60,160
3667,7.94696,,113,63,160
3668,7.94818,,113,63,159.6
3669,7.94976,,113,63,159.4
3670,7.95137,,113,63,159.2
3671,7.95249,,114,63,159
3672,7.95408,,114,56,159
3673,7.95568,,114,59,158.8
3674,7.95689,,114,60,158.8
3675,7.95766,,114,60,159
3676,7.95875,,113,59,158.8
3677,7.95929,,113,60,158.8
3678,7.95953,,113,67,158.4
3679,7.96025,,113,66,158.2
3680,7.96074,,113,65,158
3681,7.96088,,113,65,158
3682,7.96112,,113,50,157.8
3683,7.96174,,113,36,157.4
3684,7.96242,,113,36,157
3685,7.96349,,114,38,156.8
3686,7.96424,,114,52,156.6
3687,7.96517,,115,59,156.6
3688,7.96587,,115,59,156.2
3689,7.96658,,115,59,156
3690,7.96725,,116,59,156
3691,7.96803,,116,61,155.8
3692,7.96865,,116,61,155.8
3693,7.97007,,116,61,155.6
3694,7.9708,,116,59,155.4
3695,7.97161,,116,59,155.2
3696,7.9726,,115,59,155.2
3697,7.97286,,115,0,155.2
3698,7.97286,,115,0,155.2
3699,7.97286,,116,0,155.2
3700,7.97286,,116,0,155.2
3701,7.97286,,116,0,155.2
3702,7.9731,,116,0,155.2
3703,7.97351,,117,0,155.2
3704,7.97415,,118,0,155.2
3705,7.97463,,118,0,155.2
3706,7.97483,,119,0,155.2
3707,7.97501,,120,0,155.2
3708,7.97502,,121,0,155.2
3709,7.97515,,122,0,155.2
3710,7.97515,,122,0,155.2
3711,7.97515,,123,0,155.2
3712,7.97515,,124,0,155.4
3713,7.97517,,124,54,155.2
3714,7.97542,,124,54,155
3715,7.97601,,125,52,155
3716,7.97663,,124,54,154.8
3717,7.97725,,124,68,154.6
3718,7.97807,,124,65,154.4
3719,7.97929,,123,62,154.2
3720,7.98086,,122,63,153.8
3721,7.98258,,121,65,154
3722,7.98405,,120,64,153.8
3723,7.98541,,120,63,153.8
3724,7.98681,,119,61,154
3725,7.98859,,118,61,154
3726,7.98981,,116,61,154
3727,7.99081,,115,60,154
3728,7.99225,,113,60,154
3729,7.99364,,112,60,154
3730,7.99497,,110,59,154
3731,7.9969,,110,59,154
3732,7.99847,,109,60,154
3733,8.00011,,109,59,154
3734,8.00151,,109,59,153.8
3735,8.00311,,109,60,153.8
3736,8.00456,,108,60,153.6
3737,8.00597,,108,59,153.6
3738,8.00752,,107,59,153.6
3739,8.00924,,107,59,153.6
3740,8.01058,,107,58,153.4
3741,8.01182,,106,58,153.4
3742,8.01261,,106,58,153.4
3743,8.01321,,106,58,153.4
3744,8.0146,,106,58,153.4
3745,8.01574,,106,58,153.4
3746,8.01719,,106,57,153.2
3747,8.01854,,105,57,153.2
3748,8.01889,,105,56,153.2
3749,8.01925,,105,36,153.2
3750,8.01989,,104,41,153.2
3751,8.02091,,104,47,153.2
3752,8.02223,,104,58,153.2
3753,8.02337,,105,56,153
3754,8.02411,,105,58,153
3755,8.0248,,105,57,152.8
3756,8.02594,,105,46,152.8
3757,8.02702,,104,53,152.8
3758,8.02852,,104,57,153
3759,8.03037,,104,57,152.8
3760,8.03206,,104,57,152.8
3761,8.03359,,104,57,152.8
3762,8.03479,,104,57,152.8
3763,8.03593,,105,57,152.8
3764,8.03732,,105,56,152.8
3765,8.03911,,105,56,152.8
3766,8.04056,,106,58,152.8
3767,8.04188,,106,59,152.8
3768,8.04338,,106,59,152.8
3769,8.04438,,105,59,152.8
3770,8.04557,,105,59,152.8
3771,8.04664,,105,58,153.2
3772,8.0468,,104,58,153.2
3773,8.04725,,103,0,153.2
3774,8.04775,,102,0,153.2
3775,8.04855,,101,54,153
3776,8.04966,,102,61,153.2
3777,8.05121,,102,59,153.2
3778,8.05237,,104,56,153.2
3779,8.05304,,105,56,153.8
3780,8.05431,,105,56,154
3781,8.05548,,107,56,154.2
3782,8.05657,,108,55,154.6
3783,8.05762,,109,54,154.8
3784,8.05884,,110,52,155
3785,8.06005,,111,52,155.2
3786,8.06125,,112,52,155.2
3787,8.06248,,112,52,155.4
3788,8.06346,,113,53,155.6
3789,8.06475,,114,61,155.8
3790,8.0663,,114,61,155.8
3791,8.06704,,115,59,155.8
3792,8.06751,,115,0,155.6
3793,8.0679,,115,0,155.6
3794,8.068,,116,59,155.6
3795,8.06837,,116,59,155.6
3796,8.06842,,117,59,155.6
3797,8.06842,,118,59,155.8
3798,8.0687,,118,59,155.6
3799,8.06892,,119,59,155.6
3800,8.06892,,120,59,155.8
3801,8.06892,,121,0,155.8
3802,8.06958,,122,59,155.8
3803,8.07069,,123,57,155.6
3804,8.07206,,125,58,155.6
3805,8.07306,,126,58,155.6
3806,8.07401,,127,58,155.6
3807,8.07556,,127,54,155.4
3808,8.07664,,128,66,155
3809,8.07822,,128,86,155
3810,8.08031,,128,88,154.4
3811,8.08266,,129,92,154.4
3812,8.08476,,129,91,154.2
3813,8.0868,,129,88,153.8
3814,8.08882,,129,90,153.6
3815,8.0904,,129,90,153.4
3816,8.09251,,129,90,153.2
3817,8.09487,,128,92,153
3818,8.09727,,127,91,152.8
3819,8.09938,,127,89,152.8
3820,8.10182,,126,87,152.6
3821,8.10448,,126,86,152.6
3822,8.10649,,125,86,152.6
3823,8.10819,,125,84,152.6
3824,8.10992,,125,84,152.6
3825,8.11122,,124,84,152.6
3826,8.11245,,124,85,152.6
3827,8.11466,,124,85,152.4
3828,8.1181,,124,85,152.6
3829,8.12182,,124,86,153
3830,8.12436,,124,86,152.8
3831,8.12631,,124,86,152.6
3832,8.12911,,124,86,152.4
3833,8.1316,,125,86,152.4
3834,8.13394,,124,86,152.4
3835,8.1362,,124,80,152.6
3836,8.13795,,125,79,152.6
3837,8.14011,,125,81,152.6
3838,8.1425,,125,82,152.6
3839,8.14519,,125,83,152.4
3840,8.14798,,125,84,152.6
3841,8.15012,,126,83,152.6
3842,8.15268,,126,80,152.6
3843,8.15508,,126,80,152.8
3844,8.15756,,126,81,152.8
3845,8.15964,,126,82,153
3846,8.16187,,126,81,153
3847,8.16386,,127,81,153
3848,8.16613,,127,80,153
3849,8.1696,,128,78,153
3850,8.17242,,128,82,153
3851,8.17525,,128,82,153.2
3852,8.1784,,129,83,153.4
3853,8.1808,,130,83,153.4
3854,8.18318,,131,82,153.6
3855,8.1857,,131,78,153.6
3856,8.18748,,131,76,153.8
3857,8.18899,,132,77,153.8
3858,8.1914,,133,77,153.8
3859,8.19339,,133,78,153.6
3860,8.19574,,133,80,153.6
3861,8.1982,,134,80,153.4
3862,8.20087,,135,81,153.6
3863,8.2038,,135,81,153.6
3864,8.20631,,136,81,153.4
3865,8.20812,,136,82,153.6
3866,8.21011,,137,82,153.4
3867,8.21241,,137,82,153.4
3868,8.21469,,137,82,153.2
3869,8.21713,,138,82,153.2
3870,8.21932,,138,82,153.2
3871,8.22138,,138,83,153
3872,8.2235,,138,83,152.8
3873,8.22552,,138,97,152.2
3874,8.22715,,138,98,152.2
3875,8.22894,,138,102,151.8
3876,8.23144,,138,97,151.4
3877,8.23421,,138,88,151
3878,8.23662,,137,81,150.6
3879,8.23849,,137,83,150.4
3880,8.2407,,137,83,150.4
3881,8.24279,,136,84,150
3882,8.24562,,136,84,150
3883,8.24774,,136,81,150
3884,8.25009,,135,81,149.4
3885,8.25221,,135,80,149.6
3886,8.25417,,134,94,149.2
3887,8.25607,,134,92,148.6
3888,8.25898,,133,91,148.2
3889,8.26097,,133,88,148
3890,8.26381,,132,68,147.8
3891,8.26672,,132,88,147.4
3892,8.26915,,131,84,147.2
3893,8.27076,,131,82,147.2
3894,8.27281,,131,83,147
3895,8.27461,,131,81,147
3896,8.27685,,131,81,146.8
3897,8.27916,,130,81,147.2
3898,8.28095,,130,82,147
3899,8.28189,,130,69,146.8
3900,8.28264,,130,71,146.8
3901,8.28395,,130,75,146.6
3902,8.28551,,130,76,146.6
3903,8.28755,,130,78,146.6
3904,8.29081,,131,86,146.6
3905,8.29342,,131,86,146.8
3906,8.29581,,131,84,146.8
3907,8.29773,,131,81,147
3908,8.29969,,131,80,147.2
3909,8.30182,,132,80,147.2
3910,8.30374,,132,82,147.2
3911,8.30569,,132,82,147.2
3912,8.30769,,132,82,147
3913,8.30996,,132,83,147.2
3914,8.31229,,132,83,147
3915,8.31398,,131,83,146.6
3916,8.31636,,131,87,146.2
3917,8.31853,,131,86,146
3918,8.32113,,130,85,146
3919,8.32332,,130,84,146
3920,8.3255,,130,77,146
3921,8.32771,,130,84,145.8
3922,8.32987,,129,85,145.6
3923,8.3322,,129,84,145.4
3924,8.33439,,129,84,145.4
3925,8.3363,,129,84,145.6
3926,8.33762,,129,80,145.6
3927,8.33924,,129,83,145.4
3928,8.34146,,129,94,145
3929,8.34373,,129,87,144.8
3930,8.34552,,130,85,144.6
3931,8.34765,,130,83,144.2
3932,8.34989,,130,84,144.4
3933,8.35178,,130,84,144.4
3934,8.35333,,130,84,144.4
3935,8.35488,,130,82,144.4
3936,8.3563,,131,80,144.6
3937,8.35794,,131,71,144.6
3938,8.36008,,131,65,145
3939,8.36255,,130,68,145.4
3940,8.36457,,131,69,145.6
3941,8.36626,,131,70,145.8
3942,8.36871,,131,80,145.8
3943,8.37126,,131,64,145.8
3944,8.37359,,132,72,145.8
3945,8.3762,,132,78,146.2
3946,8.37849,,133,80,146
3947,8.38057,,133,84,146
3948,8.38257,,134,89,145.8
3949,8.38406,,134,91,145.8
3950,8.3855,,135,76,145.8
3951,8.38737,,135,77,145.6
3952,8.39014,,135,78,145.4
3953,8.39316,,135,82,145.4
3954,8.39598,,136,85,145.4
3955,8.39924,,136,85,145
3956,8.40194,,136,87,144.8
3957,8.40439,,136,109,144.6
3958,8.40663,,137,94,144.6
3959,8.40897,,137,80,144.6
3960,8.4114,,137,82,144.4
3961,8.41399,,137,81,144.2
3962,8.4171,,137,81,144
3963,8.42,,137,82,144
3964,8.42215,,137,82,143.8
3965,8.42454,,137,84,143.6
3966,8.42692,,137,84,143.4
3967,8.42919,,137,84,143.4
3968,8.43138,,137,83,143.6
3969,8.43338,,137,75,143.8
3970,8.43543,,136,75,144
3971,8.43733,,137,75,144.4
3972,8.43898,,136,75,144.6
3973,8.4409,,137,75,145
3974,8.44241,,137,62,145.2
3975,8.44392,,137,59,145.2
3976,8.44629,,137,78,145.2
3977,8.44839,,137,86,145
3978,8.44981,,137,86,145
3979,8.45133,,137,73,145
3980,8.4526,,138,73,145.2
3981,8.45381,,137,66,145.4
3982,8.45572,,138,63,145.4
3983,8.45722,,138,58,145.2
3984,8.45851,,138,59,145
3985,8.45992,,138,59,144.8
3986,8.46145,,138,82,144.8
3987,8.46349,,138,78,144.6
3988,8.46573,,138,75,144.4
3989,8.46751,,138,62,144.4
3990,8.46899,,137,60,144.4
3991,8.47018,,137,59,144.4
3992,8.47146,,137,46,144
3993,8.47311,,136,74,144
3994,8.47527,,136,72,143.4
3995,8.47797,,136,74,143.4
3996,8.48012,,136,81,143
3997,8.48262,,135,74,143
3998,8.48477,,135,72,142.8
3999,8.48665,,135,75,142.8
4000,8.48841,,135,87,142.8
4001,8.48996,,134,87,143.2
4002,8.49125,,134,87,143
4003,8.49224,,134,86,143
4004,8.49293,,134,83,143.2
4005,8.4938,,134,64,143.4
4006,8.49438,,133,42,143.6
4007,8.49518,,133,41,143.8
4008,8.4972,,132,43,143.6
4009,8.49894,,132,43,144
4010,8.5002,,132,43,144.4
4011,8.50165,,132,42,144.4
4012,8.50312,,133,66,144.6
4013,8.50444,,133,66,144.8
4014,8.50544,,133,91,144.8
4015,8.5065,,134,91,144.6
4016,8.50785,,134,77,144.4
4017,8.50916,,135,67,144.4
4018,8.51051,,135,50,144.4
4019,8.51203,,134,74,144.2
4020,8.51391,,135,86,143.8
4021,8.51619,,135,77,143.8
4022,8.51846,,134,82,143.6
4023,8.52057,,134,86,143.4
4024,8.52263,,134,90,143.2
4025,8.52439,,134,109,143
4026,8.52674,,134,95,142.8
4027,8.52944,,135,83,142.6
4028,8.53214,,135,89,142.4
4029,8.53466,,135,89,142
4030,8.53687,,135,84,142
4031,8.53924,,135,80,141.8
4032,8.54164,,135,82,141.8
4033,8.54445,,135,83,141.6
4034,8.54716,,134,84,141.4
4035,8.5496,,134,84,141.4
4036,8.55145,,133,81,141.4
4037,8.5533,,132,75,141.2
4038,8.55533,,132,71,141.2
4039,8.55805,,131,72,141
4040,8.56055,,130,80,140.6
4041,8.56271,,130,87,140.2
4042,8.56467,,130,90,139.8
4043,8.56695,,131,93,139.4
4044,8.56989,,131,85,139.2
4045,8.57284,,131,81,139.2
4046,8.57587,,131,81,138.6
4047,8.57885,,131,79,138.6
4048,8.58122,,132,73,138.4
4049,8.58354,,131,77,138.4
4050,8.58588,,132,81,138.6
4051,8.58801,,132,79,138.6
4052,8.58988,,132,79,138.6
4053,8.59128,,131,77,138.8
4054,8.59272,,131,77,138.6
4055,8.59391,,131,78,138.4
4056,8.59553,,131,106,138
4057,8.59752,,130,99,137.6
4058,8.59983,,130,86,137.4
4059,8.60227,,129,88,137.2
4060,8.60471,,129,87,137
4061,8.60701,,129,56,136.8
4062,8.60901,,129,56,136.6
4063,8.61105,,129,59,136.6
4064,8.61294,,130,60,136.4
4065,8.61509,,129,58,136.2
4066,8.61751,,130,85,136.2
4067,8.61977,,130,86,136.4
4068,8.6223,,130,87,136.4
4069,8.62466,,130,88,136.4
4070,8.62684,,130,89,136
4071,8.62854,,131,112,136.2
4072,8.63044,,131,114,136.4
4073,8.63239,,131,100,136.4
4074,8.63451,,131,91,136.6
4075,8.63633,,131,98,136.6
4076,8.63863,,132,95,136.8
4077,8.64141,,132,69,136.6
4078,8.64412,,133,78,136.8
4079,8.64621,,133,76,136.8
4080,8.64777,,134,76,137
4081,8.65023,,134,78,137
4082,8.65209,,135,78,137
4083,8.65364,,135,77,137
4084,8.65583,,135,78,137.4
4085,8.65779,,136,78,137.8
4086,8.65995,,136,79,138
4087,8.66105,,137,78,138
4088,8.66187,,137,65,138.2
4089,8.66341,,137,74,138.4
4090,8.66502,,137,87,138.4
4091,8.66693,,137,82,138.2
4092,8.66892,,138,83,138
4093,8.67111,,138,84,138
4094,8.67346,,138,83,138
4095,8.67517,,138,76,138.4
4096,8.67664,,138,73,138.8
4097,8.6778,,139,72,139.2
4098,8.67892,,139,71,139.4
4099,8.67988,,139,69,139.8
4100,8.68102,,139,58,139.8
4101,8.68282,,139,58,139.6
4102,8.68532,,140,80,139.4
4103,8.68796,,140,83,139.4
4104,8.69078,,140,76,139
4105,8.6939,,141,81,138.8
4106,8.69645,,142,80,138.8
4107,8.69887,,142,88,138.6
4108,8.70104,,143,85,138.4
4109,8.70331,,144,86,138.4
4110,8.70514,,144,85,138.4
4111,8.70637,,144,65,138
4112,8.7079,,145,63,138
4113,8.70977,,146,61,138
4114,8.71239,,146,65,137.6
4115,8.7149,,147,85,137.6
4116,8.71742,,147,84,137.4
4117,8.71926,,147,81,137
4118,8.72051,,147,80,137
4119,8.72146,,147,80,137.2
4120,8.72215,,147,68,137.2
4121,8.72294,,147,55,137.2
4122,8.7238,,146,55,136.8
4123,8.72487,,146,55,136.8
4124,8.72638,,145,55,136.4
4125,8.72787,,145,55,136.2
4126,8.7293,,145,54,136.2
4127,8.73015,,144,47,136.2
4128,8.73121,,144,47,136.6
4129,8.73308,,143,44,136.6
4130,8.73423,,142,44,136.8
4131,8.73496,,141,44,136.8
4132,8.73537,,141,44,137
4133,8.73638,,140,44,136.8
4134,8.73729,,139,46,136.8
4135,8.73859,,138,79,136.6
4136,8.74023,,138,80,136.2
4137,8.74208,,137,75,135.8
4138,8.74396,,136,75,135.8
4139,8.74557,,136,72,135.4
4140,8.74729,,136,87,135
4141,8.74917,,136,88,134.6
4142,8.75147,,136,79,134
4143,8.754,,135,81,133.6
4144,8.7565,,135,81,133.6
4145,8.75867,,135,88,133.2
4146,8.7608,,134,83,132.8
4147,8.7635,,134,84,132.4
4148,8.76648,,134,84,132
4149,8.76954,,133,84,131.8
4150,8.77207,,132,69,131.6
4151,8.7744,,132,64,131.4
4152,8.77684,,132,82,131.2
4153,8.77929,,132,90,130.8
4154,8.78156,,132,72,130.8
4155,8.78376,,132,85,130.8
4156,8.78645,,131,85,130.6
4157,8.7884,,131,86,130.6
4158,8.79015,,131,68,130.6
4159,8.79241,,131,80,130.2
4160,8.79464,,131,84,130.2
4161,8.79713,,131,85,130.2
4162,8.79924,,131,86,130
4163,8.80123,,131,89,130
4164,8.80324,,131,89,130
4165,8.80528,,131,79,129.8
4166,8.80681,,131,77,130
4167,8.80853,,131,77,130.2
4168,8.81078,,131,77,130.2
4169,8.81317,,131,75,130
4170,8.81588,,131,71,130.2
4171,8.81794,,131,77,130
4172,8.81981,,131,87,129.6
4173,8.82181,,131,88,129.4
4174,8.82351,,130,91,129.2
4175,8.82495,,130,95,128.8
4176,8.82681,,130,93,128.2
4177,8.82882,,131,79,128
4178,8.83098,,130,92,127.8
4179,8.83282,,131,87,127.8
4180,8.83494,,131,84,128
4181,8.83672,,131,75,128.2
4182,8.83805,,132,77,128.4
4183,8.83983,,132,79,128.2
4184,8.84213,,132,80,128.2
4185,8.84446,,133,83,128.4
4186,8.84674,,133,78,128.2
4187,8.84896,,134,79,128.6
4188,8.85068,,134,81,128.6
4189,8.85219,,135,81,128.8
4190,8.85437,,136,81,129
4191,8.85615,,137,81,129
4192,8.85814,,137,80,129.4
4193,8.86065,,137,77,129.4
4194,8.8628,,138,80,129.4
4195,8.8654,,138,84,129.2
4196,8.86817,,139,85,129
4197,8.87041,,139,85,129.2
4198,8.87256,,139,83,129.4
4199,8.87482,,139,83,129.6
4200,8.87671,,140,86,129.6
4201,8.87863,,140,86,129.8
4202,8.88103,,140,86,130
4203,8.88345,,140,86,130
4204,8.88582,,141,77,129.4
4205,8.88759,,141,81,129.2
4206,8.88956,,141,82,129
4207,8.89224,,142,83,128.8
4208,8.89488,,142,82,128.4
4209,8.89775,,142,82,128.2
4210,8.90035,,142,82,127.8
4211,8.90253,,143,81,127.8
4212,8.90508,,143,80,127.4
4213,8.90768,,143,82,127.4
4214,8.91014,,143,82,127.4
4215,8.91235,,144,83,127
4216,8.91468,,144,85,126.8
4217,8.91674,,143,83,126.8
4218,8.91885,,144,83,126.8
4219,8.92103,,143,82,126.8
4220,8.92307,,143,81,127
4221,8.92501,,143,72,127.4
4222,8.92635,,143,71,127.6
4223,8.92709,,143,48,127.8
4224,8.928,,142,40,128
4225,8.92934,,142,40,128.2
4226,8.93068,,142,43,128.4
4227,8.93171,,142,43,128.8
4228,8.9326,,141,44,129
4229,8.93381,,141,45,129.2
4230,8.93481,,141,45,129.6
4231,8.93653,,141,58,130.2
4232,8.93897,,141,75,130.4
4233,8.94113,,140,83,131
4234,8.94364,,140,82,131
4235,8.9459,,140,82,131.4
4236,8.9482,,140,82,131.6
4237,8.95107,,141,82,132
4238,8.95424,,141,81,132
4239,8.95676,,141,78,132.2
4240,8.95912,,141,84,132.4
4241,8.9609,,142,75,132.4
4242,8.96279,,142,62,132.6
4243,8.96431,,142,67,132.4
4244,8.96607,,143,66,132.2
4245,8.96757,,143,64,132.2
4246,8.96867,,143,65,131.8
4247,8.96985,,143,71,131.4
4248,8.97161,,144,87,131
4249,8.97343,,144,78,130.8
4250,8.97568,,144,78,130
4251,8.97803,,144,86,129.8
4252,8.98044,,145,84,129.4
4253,8.98263,,145,84,128.8
4254,8.98486,,145,86,128.2
4255,8.98692,,145,91,127.8
4256,8.98901,,145,86,127.6
4257,8.99095,,145,85,127.2
4258,8.9932,,145,85,126.8
4259,8.99524,,145,73,126.6
4260,8.99708,,145,85,126
4261,8.99869,,144,84,125.6
4262,9.00028,,144,86,125.2
4263,9.00158,,144,87,124.6
4264,9.00299,,143,87,124.2
4265,9.00436,,143,87,124
4266,9.00544,,142,76,123.4
4267,9.0067,,142,73,123.2
4268,9.00807,,142,84,122.6
4269,9.0101,,141,82,122.4
4270,9.01208,,141,75,122
4271,9.01376,,140,82,121.6
4272,9.01525,,140,81,121.4
4273,9.01673,,139,76,121.2
4274,9.01804,,138,81,120.8
4275,9.0193,,138,95,120.4
4276,9.02101,,137,94,119.6
4277,9.02266,,137,95,119.4
4278,9.02368,,136,95,119
4279,9.02516,,135,96,118.2
4280,9.0269,,134,97,118
4281,9.02933,,133,96,117.6
4282,9.0317,,132,83,117.4
4283,9.03379,,132,89,117.2
4284,9.03588,,132,89,117.2
4285,9.0375,,131,89,117.2
4286,9.03867,,131,88,116.8
4287,9.04063,,130,84,116.6
4288,9.04299,,130,86,116.8
4289,9.04569,,130,84,116.8
4290,9.04772,,129,84,116.6
4291,9.04962,,129,85,116.4
4292,9.05224,,129,83,116.6
4293,9.05461,,128,85,116.4
4294,9.05734,,128,85,116.2
4295,9.05991,,128,84,116
4296,9.06224,,127,85,116
4297,9.06433,,127,84,116.2
4298,9.06587,,127,85,116
4299,9.06706,,127,63,116
4300,9.06867,,126,74,115.8
4301,9.07028,,126,90,115.6
4302,9.07253,,126,77,115
4303,9.07463,,126,64,114.6
4304,9.07681,,127,67,114.6
4305,9.07895,,127,74,114.2
4306,9.08207,,127,85,114
4307,9.08526,,128,89,114.2
4308,9.08798,,128,89,114.2
4309,9.09024,,129,88,114.2
4310,9.09224,,129,88,114.4
4311,9.09405,,130,96,114.6
4312,9.09612,,130,89,114.6
4313,9.09732,,130,89,114.8
4314,9.09894,,131,84,114.8
4315,9.10062,,131,83,115
4316,9.10233,,132,84,115
4317,9.10388,,132,84,114.8
4318,9.10589,,132,84,114.6
4319,9.10777,,133,82,114.2
4320,9.11008,,133,80,114.2
4321,9.11202,,133,80,113.8
4322,9.11471,,133,80,113.8
4323,9.11678,,133,80,113.4
4324,9.11903,,134,80,113.2
4325,9.12126,,134,81,113
4326,9.12347,,134,82,112.6
4327,9.12595,,134,89,112
4328,9.12775,,134,85,111.6
4329,9.12947,,134,86,111.2
4330,9.13113,,133,86,110.8
4331,9.13313,,133,86,110.6
4332,9.13532,,133,86,110.2
4333,9.13674,,133,86,109.8
4334,9.13828,,133,85,109.6
4335,9.14042,,133,86,109
4336,9.14277,,132,98,108.8
4337,9.14462,,132,93,108
4338,9.14679,,131,93,107.8
4339,9.14867,,131,90,107.6
4340,9.15038,,131,85,107.4
4341,9.15192,,130,85,107
4342,9.1532,,130,85,106.8
4343,9.15452,,130,85,106.6
4344,9.15592,,129,85,106.6
4345,9.1572,,129,85,106.6
4346,9.15858,,128,85,106.6
4347,9.16014,,128,85,106.4
4348,9.16221,,128,85,106.2
4349,9.16436,,127,85,106
4350,9.16656,,127,85,105.8
4351,9.16875,,127,85,105.6
4352,9.17112,,127,80,105.6
4353,9.17305,,127,81,105.6
4354,9.17523,,127,81,105.8
4355,9.17776,,126,81,105.8
4356,9.18072,,127,82,105.6
4357,9.18362,,127,83,105.4
4358,9.18656,,127,83,105.4
4359,9.18874,,126,83,105.4
4360,9.19163,,126,83,105.2
4361,9.19412,,126,83,105.2
4362,9.19613,,126,82,105.2
4363,9.19911,,126,81,105.2
4364,9.20227,,127,81,105.2
4365,9.20484,,127,83,105
4366,9.20824,,128,83,105
4367,9.21098,,128,82,105
4368,9.21294,,129,82,105.2
4369,9.21541,,129,82,104.8
4370,9.21769,,130,84,104.8
4371,9.22028,,130,90,104.8
4372,9.22271,,130,90,104.6
4373,9.22504,,131,90,104.4
4374,9.22699,,131,90,104.4
4375,9.22961,,131,91,104.4
4376,9.23169,,130,90,104
4377,9.2337,,130,89,104
4378,9.23566,,130,83,104.2
4379,9.23849,,130,82,104.6
4380,9.24019,,130,81,105
4381,9.24156,,130,80,105.4
4382,9.24292,,131,54,105.6
4383,9.24448,,131,62,106
4384,9.24656,,131,67,106.6
4385,9.24886,,131,81,106.8
4386,9.25076,,132,80,106.8
4387,9.25219,,132,81,107
4388,9.2544,,133,82,107.4
4389,9.25752,,134,85,107.8
4390,9.25922,,134,77,108
4391,9.26122,,135,63,108
4392,9.26305,,135,61,108
4393,9.26455,,136,62,107.8
4394,9.2678,,136,86,107.6
4395,9.27078,,136,86,107.6
4396,9.27346,,137,86,107.4
4397,9.27689,,138,84,107.4
4398,9.27893,,138,84,107.8
4399,9.2816,,139,83,108
4400,9.28378,,140,77,108.2
4401,9.28594,,140,75,108.4
4402,9.28772,,140,78,108.6
4403,9.28924,,141,89,109
4404,9.29069,,141,86,109.2
4405,9.29183,,142,82,109.2
4406,9.29238,,142,81,109.4
4407,9.2927,,143,73,109.4
4408,9.29326,,143,51,109.4
4409,9.29406,,143,51,109.4
4410,9.29524,,144,56,109.4
4411,9.29649,,144,57,109.6
4412,9.29754,,145,56,109.4
4413,9.29805,,145,47,109.4
4414,9.29946,,145,50,109.4
4415,9.30105,,146,55,109
4416,9.30324,,145,73,109
4417,9.30524,,146,83,108.6
4418,9.3076,,146,85,108.4
4419,9.30974,,146,86,107.8
4420,9.31233,,147,93,107.4
4421,9.31443,,146,90,107
4422,9.31613,,146,88,106.8
4423,9.31861,,146,82,106.8
4424,9.32111,,146,85,106.4
4425,9.32357,,145,85,106.2
4426,9.32625,,145,84,106
4427,9.32837,,145,84,106
4428,9.33099,,144,84,105.8
4429,9.33338,,143,84,105.8
4430,9.33608,,143,84,105.6
4431,9.33865,,142,84,105.4
4432,9.34071,,141,84,105.2
4433,9.34295,,140,84,105.2
4434,9.34544,,139,84,104.8
4435,9.34825,,138,84,104.6
4436,9.35098,,137,90,104.4
4437,9.35362,,137,90,104.2
4438,9.35602,,136,80,103.6
4439,9.35845,,135,80,103.2
4440,9.36134,,134,99,102.6
4441,9.36388,,134,98,102.2
4442,9.36647,,134,97,101.8
4443,9.3689,,133,97,101.2
4444,9.371,,133,91,100.8
4445,9.37345,,133,91,100.4
4446,9.37565,,133,84,99.6
4447,9.37905,,133,80,99.4
4448,9.38161,,134,80,98.8
4449,9.38398,,134,89,98.4
4450,9.38659,,135,89,98
4451,9.3895,,136,118,97.4
4452,9.39277,,136,104,97
4453,9.39626,,138,117,96.2
4454,9.39957,,138,98,95.4
4455,9.40291,,138,95,94.4
4456,9.4062,,138,99,94
4457,9.40875,,138,100,93.2
4458,9.40937,,138,100,93
4459,9.41135,,138,100,92.6
4460,9.41278,,137,73,92.6
4461,9.41408,,137,64,92.4
4462,9.41537,,137,68,92.2
4463,9.41641,,136,64,92.2
4464,9.41769,,136,64,92
4465,9.41862,,136,64,91.6
4466,9.42009,,136,86,91.4
4467,9.42212,,136,88,91.2
4468,9.42394,,136,88,91
4469,9.42599,,136,89,90.6
4470,9.42776,,136,91,90.6
4471,9.43013,,135,100,90.2
4472,9.43199,,135,94,89.6
4473,9.43395,,135,100,89
4474,9.43603,,135,97,88.4
4475,9.43822,,134,92,88
4476,9.44066,,133,92,87.8
4477,9.44333,,133,92,87.4
4478,9.44603,,132,86,86.8
4479,9.44823,,131,86,86.6
4480,9.45089,,131,85,86.2
4481,9.45376,,130,86,85.8
4482,9.45683,,130,87,85.4
4483,9.45926,,129,99,85.2
4484,9.46104,,128,93,85.4
4485,9.46277,,128,61,85.6
4486,9.46437,,127,61,85.4
4487,9.46596,,127,98,85.4
4488,9.46793,,126,101,85
4489,9.46961,,126,90,84.8
4490,9.47129,,127,78,84.8
4491,9.47319,,126,55,84.8
4492,9.4749,,126,60,84.8
4493,9.4768,,127,60,84.8
4494,9.47782,,126,63,84.8
4495,9.47878,,126,64,84.8
4496,9.47982,,126,65,84.6
4497,9.48129,,126,64,84.6
4498,9.48305,,126,100,84.4
4499,9.48533,,125,86,84.2
4500,9.48702,,125,82,84
4501,9.48849,,123,80,83.6
4502,9.4897,,122,60,83.6
4503,9.49131,,121,54,83.6
4504,9.49229,,120,59,83.6
4505,9.4926,,120,59,83.4
4506,9.49363,,119,59,83.2
4507,9.49462,,119,59,83
4508,9.49627,,119,65,82.8
4509,9.49778,,118,62,82.8
4510,9.4995,,118,61,82.6
4511,9.50154,,117,62,82.6
4512,9.50315,,117,62,82.4
4513,9.50498,,117,62,82.6
4514,9.50778,,117,84,82.6
4515,9.51081,,118,82,82.6
4516,9.51342,,118,83,82.6
4517,9.51633,,118,84,82.4
4518,9.51948,,118,85,82.4
4519,9.52277,,118,85,82.8
4520,9.52555,,119,85,82.6
4521,9.52835,,119,86,82.6
4522,9.53115,,119,86,82.6
4523,9.53433,,120,87,82.8
4524,9.53739,,120,88,83
4525,9.54006,,121,88,83
4526,9.54222,,122,87,83.2
4527,9.5439,,123,87,83.4
4528,9.54536,,124,87,83.8
4529,9.54749,,125,86,84
4530,9.55058,,126,85,84.4
4531,9.55335,,127,84,84.4
4532,9.55605,,128,83,84.8
4533,9.55875,,129,84,85.2
4534,9.56055,,130,84,85.4
4535,9.56249,,131,84,85.8
4536,9.56443,,132,84,86
4537,9.56553,,132,84,86.4
4538,9.56701,,133,84,86.8
4539,9.56853,,134,84,87.2
4540,9.57055,,135,83,87.6
4541,9.57266,,136,78,87.8
4542,9.57492,,137,80,88.2
4543,9.57712,,138,82,88.4
4544,9.58021,,138,84,88.6
4545,9.58245,,139,83,88.8
4546,9.58434,,140,82,88.8
4547,9.5861,,140,57,88.8
4548,9.58817,,141,64,89.2
4549,9.58966,,141,70,89.4
4550,9.59151,,142,89,89.4
4551,9.5935,,143,88,89.6
4552,9.59575,,143,85,89.8
4553,9.59803,,144,83,90
4554,9.60033,,144,78,90.4
4555,9.60199,,145,80,90.8
4556,9.60368,,145,79,91
4557,9.60619,,146,79,91.4
4558,9.60798,,147,79,91.8
4559,9.61026,,147,80,92
4560,9.61252,,148,81,92.4
4561,9.61447,,149,81,92.8
4562,9.61655,,149,81,93
4563,9.61911,,150,81,93.4
4564,9.62114,,151,82,93.4
4565,9.6227,,151,79,93.4
4566,9.62411,,152,66,93.2
4567,9.62578,,153,69,93.2
4568,9.62751,,153,75,93.6
4569,9.62905,,153,78,93.6
4570,9.63025,,154,70,93.4
4571,9.63177,,154,54,93.4
4572,9.63284,,154,69,93.4
4573,9.63433,,154,78,93.2
4574,9.63599,,154,85,93.2
4575,9.63811,,154,84,93
4576,9.6403,,154,84,93
4577,9.64276,,154,84,92.8
4578,9.64542,,154,84,92.8
4579,9.64801,,155,84,92.6
4580,9.65055,,155,85,92.6
4581,9.65303,,154,86,92.6
4582,9.65535,,155,86,92.4
4583,9.65808,,154,86,92.4
4584,9.66049,,154,85,92.6
4585,9.66308,,153,84,92.2
4586,9.66617,,153,84,92.2
4587,9.66881,,153,84,92.4
4588,9.67153,,152,84,92.4
4589,9.67442,,152,85,92.4
4590,9.67668,,152,84,92.4
4591,9.67844,,151,84,92.4
4592,9.68021,,151,73,92.4
4593,9.68213,,151,64,92.6
4594,9.68393,,150,63,92.4
4595,9.68562,,150,61,92.6
4596,9.68782,,149,60,92.8
4597,9.69009,,149,85,92.6
4598,9.69224,,148,84,92.8
4599,9.69477,,148,85,92.8
4600,9.69734,,147,85,92.6
4601,9.7,,146,85,92.6
4602,9.70251,,146,85,92.6
4603,9.70458,,145,84,92.4
4604,9.70646,,144,69,92.2
4605,9.70794,,143,69,92
4606,9.7092,,143,65,92
4607,9.71033,,142,65,92.2
4608,9.71173,,141,64,91.8
4609,9.71359,,141,83,91.8
4610,9.71549,,140,88,91.6
4611,9.71765,,140,87,91.4
4612,9.7199,,139,88,91.2
4613,9.72194,,138,95,91.2
4614,9.72394,,137,83,90.8
4615,9.7259,,136,67,91
4616,9.72838,,135,69,90.6
4617,9.73128,,134,84,90.2
4618,9.73425,,133,84,90
4619,9.7376,,132,85,89.6
4620,9.7405,,132,86,89.2
4621,9.74415,,132,86,89.2
4622,9.74697,,131,86,88.8
4623,9.75013,,131,86,88.8
4624,9.75286,,131,86,88.6
4625,9.75553,,131,87,88.6
4626,9.75837,,130,87,88.6
4627,9.76056,,130,87,88.6
4628,9.7636,,130,87,88.6
4629,9.76662,,130,88,88.6
4630,9.77003,,130,94,88.6
4631,9.77268,,131,86,88.6
4632,9.77542,,131,79,89.2
4633,9.77787,,131,79,89.6
4634,9.78038,,131,84,89.8
4635,9.78332,,132,85,89.8
4636,9.78674,,132,85,90
4637,9.79013,,133,85,90.2
4638,9.79348,,133,85,90.4
4639,9.79645,,134,85,90.6
4640,9.79905,,134,85,90.6
4641,9.80104,,134,85,90.8
4642,9.80262,,135,72,90.8
4643,9.80461,,135,73,91
4644,9.80701,,135,78,90.8
4645,9.80951,,135,83,90.6
4646,9.81179,,135,84,90.4
4647,9.81433,,135,85,90.4
4648,9.81651,,136,85,90.2
4649,9.81849,,136,86,90
4650,9.82066,,136,105,89.8
4651,9.82304,,136,101,89.4
4652,9.82562,,137,99,89
4653,9.82877,,137,100,88.4
4654,9.83167,,138,85,88
4655,9.83501,,138,87,87.2
4656,9.83879,,138,88,86.6
4657,9.8426,,139,89,86.4
4658,9.84629,,139,88,86
4659,9.84992,,139,87,85.8
4660,9.85354,,140,87,85.4
4661,9.8564,,140,87,85
4662,9.85985,,141,87,84.2
4663,9.86283,,141,87,83.8
4664,9.86592,,141,87,83.6
4665,9.86902,,142,87,83.2
4666,9.87221,,142,86,82.6
4667,9.87499,,141,86,82.6
4668,9.87798,,141,85,82.4
4669,9.88099,,141,85,82
4670,9.88354,,140,85,82
4671,9.88588,,140,85,81.8
4672,9.88816,,139,84,81.8
4673,9.88998,,138,59,81.8
4674,9.89121,,138,58,81.8
4675,9.89223,,136,58,81.8
4676,9.89312,,135,60,81.8
4677,9.8947,,135,60,81.8
4678,9.89629,,134,60,81.6
4679,9.89824,,133,60,81.6
4680,9.90021,,132,86,81.6
4681,9.90296,,132,87,81.8
4682,9.90571,,131,87,82
4683,9.90827,,130,86,82.2
4684,9.91088,,129,86,82.2
4685,9.91338,,129,87,82.4
4686,9.91656,,128,87,82.6
4687,9.91984,,128,87,82.6
4688,9.92246,,128,87,82.6
4689,9.9251,,128,87,82.6
4690,9.92787,,127,87,82.8
4691,9.93026,,127,87,83
4692,9.93306,,127,87,83
4693,9.93603,,127,86,83.2
4694,9.93864,,127,86,83
4695,9.94104,,128,86,83.4
4696,9.94364,,128,86,83.4
4697,9.94655,,128,86,83.6
4698,9.94918,,128,84,83.4
4699,9.95079,,128,64,83.4
4700,9.95249,,128,59,83.2
4701,9.95403,,128,63,83.2
4702,9.95563,,128,66,83.4
4703,9.95692,,128,66,83.2
4704,9.95843,,128,64,83
4705,9.95932,,128,60,83
4706,9.96021,,128,61,82.8
4707,9.96132,,129,62,83
4708,9.96339,,129,63,82.8
4709,9.96497,,128,63,82.6
4710,9.96724,,128,63,83
4711,9.96914,,128,62,83.2
4712,9.97051,,127,62,82.6
4713,9.97161,,127,63,82.6
4714,9.97287,,126,62,82.6
4715,9.97461,,125,62,82.6
4716,9.97586,,124,62,82.6
4717,9.9773,,123,63,82.6
4718,9.97957,,123,63,83
4719,9.98096,,122,63,82.8
4720,9.98255,,121,62,82.6
4721,9.9841,,120,62,82.8
4722,9.98587,,119,62,82.6
4723,9.98794,,119,74,82.8
4724,9.99007,,119,85,82.4
4725,9.99224,,119,85,82.4
4726,9.99435,,119,85,82.2
4727,9.99633,,119,85,82.4
4728,9.99897,,118,87,82.4
4729,10.0016,,118,92,82
4730,10.0045,,118,93,81.6
4731,10.008,,117,94,81.2
4732,10.0109,,118,97,80.8
4733,10.014,,118,104,80.2
4734,10.0171,,118,108,79.6
4735,10.0203,,118,107,79
4736,10.0238,,119,92,78.4
4737,10.0272,,120,91,77.8
4738,10.0303,,121,89,77.2
4739,10.0334,,121,88,77
4740,10.0361,,121,87,76.6
4741,10.0387,,122,86,76.4
4742,10.0419,,122,86,76
4743,10.0445,,121,85,75.8
4744,10.0472,,121,87,75.6
4745,10.0502,,121,88,75.4
4746,10.053,,121,88,75.2
4747,10.0562,,122,88,75
4748,10.0595,,122,88,75
4749,10.0631,,123,89,74.6
4750,10.066,,123,90,74.8
4751,10.0689,,123,90,74.8
4752,10.0716,,124,89,74.8
4753,10.0747,,123,89,74.6
4754,10.0772,,124,89,74.8
4755,10.08,,124,89,74.6
4756,10.0832,,125,89,74.6
4757,10.0855,,125,88,74.6
4758,10.0881,,126,87,74.6
4759,10.0907,,126,88,74.6
4760,10.0931,,127,88,74.4
4761,10.0954,,127,88,74.2
4762,10.0984,,128,88,74.2
4763,10.1021,,128,88,74
4764,10.1058,,129,88,73.8
4765,10.1087,,130,88,73.8
4766,10.111,,130,87,74
4767,10.1142,,130,87,74.2
4768,10.1174,,131,87,74
4769,10.121,,131,87,74.2
4770,10.1238,,132,87,74.2
4771,10.1268,,132,87,74.2
4772,10.1297,,133,87,74.4
4773,10.1348,,133,87,74.2
4774,10.1385,,134,87,74.4
4775,10.1417,,134,87,74.4
4776,10.1446,,134,87,74.4
4777,10.1478,,134,87,74.6
4778,10.1507,,135,87,74.6
4779,10.1532,,135,88,74.6
4780,10.1559,,135,88,74.6
4781,10.1588,,135,88,74.8
4782,10.1616,,135,87,74.8
4783,10.1643,,136,87,74.8
4784,10.1669,,136,87,74.6
4785,10.1693,,136,86,74.6
4786,10.1716,,136,86,74.6
4787,10.1739,,136,86,74.4
4788,10.1764,,136,86,74.4
4789,10.1788,,135,86,74
4790,10.1819,,135,86,74.4
4791,10.1842,,134,86,74
4792,10.1868,,134,86,73.6
4793,10.1892,,134,86,73.4
4794,10.1921,,134,87,73.2
4795,10.1955,,134,87,73
4796,10.1985,,134,87,73
4797,10.2009,,134,87,73
4798,10.2035,,134,87,73
4799,10.2059,,134,87,72.6
4800,10.2081,,133,88,72.8
4801,10.2106,,133,87,72.6
4802,10.2131,,133,87,72.8
4803,10.2151,,132,86,72.8
4804,10.2184,,132,87,72.8
4805,10.2206,,132,87,72.6
4806,10.2226,,132,86,72.6
4807,10.2241,,131,60,72.6
4808,10.2257,,131,74,72.8
4809,10.2279,,131,84,72.8
4810,10.2309,,131,86,73
4811,10.2337,,131,87,73
4812,10.2362,,131,87,73
4813,10.2386,,130,87,73
4814,10.2409,,130,87,73
4815,10.2439,,131,87,73
4816,10.2464,,131,85,73.2
4817,10.2501,,131,86,73
4818,10.253,,132,86,73.4
4819,10.2565,,132,87,73.4
4820,10.2598,,132,87,73.6
4821,10.2631,,132,88,73.8
4822,10.2665,,133,88,74
4823,10.2699,,133,88,74
4824,10.2728,,133,88,74.4
4825,10.2758,,133,88,74.4
4826,10.2786,,133,86,74.8
4827,10.281,,133,82,75
4828,10.2838,,133,83,75
4829,10.2868,,133,84,75.2
4830,10.2895,,133,84,75.2
4831,10.2924,,133,85,75.2
4832,10.2952,,134,85,75.4
4833,10.2983,,134,85,75.4
4834,10.3012,,135,85,75.4
4835,10.304,,135,85,75.6
4836,10.3068,,136,85,75.4
4837,10.3094,,136,85,75.4
4838,10.3126,,137,85,75.4
4839,10.3146,,138,85,75.4
4840,10.3173,,139,85,75.2
4841,10.3193,,139,84,75.4
4842,10.3218,,140,85,75.6
4843,10.325,,141,85,75.4
4844,10.328,,141,85,75.4
4845,10.3309,,142,85,75.6
4846,10.3338,,142,85,75.4
4847,10.3367,,142,85,75.4
4848,10.339,,143,86,75.2
4849,10.3418,,143,85,75.2
4850,10.3446,,143,85,75
4851,10.3475,,143,85,75
4852,10.3508,,144,85,75
4853,10.3534,,143,85,75
4854,10.3564,,143,86,75
4855,10.3585,,143,86,74.6
4856,10.3607,,143,86,74.8
4857,10.3641,,143,86,75
4858,10.3667,,143,86,75
4859,10.3698,,142,86,74.6
4860,10.3728,,142,86,74.8
4861,10.3757,,142,86,75
4862,10.3791,,141,86,75
4863,10.3818,,141,86,75
4864,10.3845,,141,86,75.2
4865,10.3872,,141,86,75.2
4866,10.3908,,141,87,75.2
4867,10.3941,,141,86,75.4
4868,10.3969,,140,85,75.4
4869,10.3996,,140,85,75.4
4870,10.4016,,140,85,75.4
4871,10.4031,,139,91,75.4
4872,10.4046,,139,83,75.4
4873,10.4061,,138,78,75.4
4874,10.4071,,137,66,75.4
4875,10.4085,,137,59,75.4
4876,10.41,,136,59,75.4
4877,10.412,,136,60,75.4
4878,10.4138,,136,60,75.4
4879,10.4156,,135,61,75.4
4880,10.4175,,135,61,75.4
4881,10.4198,,134,78,75.4
4882,10.4227,,133,87,75.4
4883,10.4254,,133,88,75.6
4884,10.4278,,133,88,75.6
4885,10.4305,,132,89,75.8
4886,10.4333,,132,88,76
4887,10.4361,,132,88,76.2
4888,10.4387,,132,88,76.4
4889,10.4409,,132,86,77
4890,10.4442,,133,84,76.8
4891,10.4471,,133,80,77
4892,10.4498,,133,81,77.2
4893,10.4525,,134,82,77.4
4894,10.4559,,134,83,77.4
4895,10.4593,,135,83,77.4
4896,10.4624,,135,83,77.2
4897,10.4652,,136,83,77.4
4898,10.468,,136,84,77.4
4899,10.471,,136,84,77.4
4900,10.4735,,136,85,77.6
4901,10.4758,,136,85,77.2
4902,10.4775,,136,85,77.2
4903,10.4789,,136,85,77
4904,10.481,,136,85,77
4905,10.4838,,136,85,76.8
4906,10.4869,,136,85,76.6
4907,10.4905,,136,85,76.4
4908,10.4927,,136,86,76.4
4909,10.4955,,136,86,76.2
4910,10.4988,,136,85,76
4911,10.5018,,137,85,76
4912,10.505,,137,86,76.2
4913,10.5077,,138,85,76.2
4914,10.5106,,138,85,76
4915,10.5135,,138,85,76
4916,10.517,,138,85,76.2
4917,10.5209,,138,85,76.6
4918,10.5241,,138,86,76.4
4919,10.527,,139,86,76.2
4920,10.5299,,138,87,76.4
4921,10.5333,,138,87,76.2
4922,10.5365,,138,87,76.6
4923,10.5397,,138,87,76.4
4924,10.5426,,139,86,76.6
4925,10.5462,,139,86,76.8
4926,10.5494,,139,86,76.8
4927,10.5532,,139,87,77
4928,10.5567,,139,87,77
4929,10.5594,,139,87,77
4930,10.5632,,140,87,77.2
4931,10.5667,,140,87,77.4
4932,10.5703,,140,87,77.6
4933,10.5741,,141,87,77.6
4934,10.5775,,141,86,77.8
4935,10.5806,,141,85,78
4936,10.5839,,142,85,78
4937,10.5868,,142,85,78
4938,10.59,,142,85,77.8
4939,10.5929,,142,85,77.8
4940,10.5962,,143,85,77.6
4941,10.5994,,143,85,77.6
4942,10.6029,,143,85,77.2
4943,10.6056,,143,85,77
4944,10.6088,,143,85,77
4945,10.6119,,143,85,76.6
4946,10.615,,144,85,76.4
4947,10.6182,,144,85,76.2
4948,10.6214,,143,85,76.2
4949,10.6248,,144,86,76
4950,10.6277,,143,86,76
4951,10.6309,,144,86,75.8
4952,10.6337,,143,86,75.8
4953,10.6369,,143,86,75.8
4954,10.64,,143,87,75.6
4955,10.6433,,143,87,75.8
4956,10.6462,,142,87,75.8
4957,10.6491,,142,87,75.8
4958,10.6519,,142,87,75.8
4959,10.6548,,141,87,75.8
4960,10.6584,,141,87,75.6
4961,10.6612,,140,87,75.8
4962,10.6645,,140,87,75.6
4963,10.6678,,139,87,75.8
4964,10.6705,,139,88,75.4
4965,10.6729,,139,87,75.4
4966,10.676,,138,87,75.4
4967,10.6787,,138,87,75.4
4968,10.6812,,137,87,75.6
4969,10.6835,,137,87,75.4
4970,10.6862,,136,86,75.6
4971,10.689,,136,86,75.4
4972,10.6918,,136,86,75.6
4973,10.6951,,136,86,75.4
4974,10.6981,,135,86,75.4
4975,10.7005,,135,86,75.4
4976,10.7024,,134,86,75.2
4977,10.7049,,133,98,75.2
4978,10.7076,,133,84,75.8
4979,10.7094,,132,72,75.4
4980,10.7115,,132,64,75.4
4981,10.7133,,132,74,75.2
4982,10.7158,,132,86,75.2
4983,10.7187,,132,88,75.4
4984,10.7213,,132,88,75.2
4985,10.7244,,132,88,75.2
4986,10.7273,,132,89,75.4
4987,10.7306,,132,89,75.4
4988,10.7333,,132,89,75.8
4989,10.7367,,132,89,76
4990,10.74,,132,88,76.2
4991,10.7434,,133,89,76.2
4992,10.7466,,133,89,76.6
4993,10.7495,,134,89,76.8
4994,10.7523,,134,88,77
4995,10.755,,134,88,77.2
4996,10.7572,,135,88,77.4
4997,10.7596,,135,88,77.4
4998,10.762,,136,88,77.4
4999,10.7642,,136,88,77.8
5000,10.7662,,136,88,77.8
5001,10.7689,,136,88,78
5002,10.7721,,137,87,78.2
5003,10.7755,,137,87,78.4
5004,10.7788,,137,88,78.4
5005,10.7816,,138,88,78.8
5006,10.7843,,138,88,79
5007,10.7866,,138,88,79.2
5008,10.7889,,139,88,79.4
5009,10.7914,,139,87,79.4
5010,10.7936,,140,87,79.6
5011,10.7963,,140,87,79.8
5012,10.7988,,141,86,79.8
5013,10.8013,,142,85,79.8
5014,10.8045,,142,85,79.4
5015,10.8073,,143,84,79.4
5016,10.8104,,143,84,79.2
5017,10.8134,,144,84,79.2
5018,10.8166,,144,84,79.2
5019,10.8193,,144,83,78.8
5020,10.8227,,144,84,78.6
5021,10.8259,,144,84,78.4
5022,10.8292,,144,84,78.4
5023,10.8321,,144,84,78.6
5024,10.8348,,144,84,78.4
5025,10.8376,,144,84,78.2
5026,10.8403,,144,84,78.2
5027,10.8429,,144,84,78
5028,10.8452,,144,84,77.8
5029,10.8481,,144,84,77.8
5030,10.8512,,143,84,77.6
5031,10.8545,,143,84,77.2
5032,10.8575,,143,84,76.8
5033,10.8607,,143,84,76.8
5034,10.8636,,143,85,76.6
5035,10.866,,142,86,76.2
5036,10.8691,,142,93,76
5037,10.8714,,141,90,75.6
5038,10.8732,,140,88,75.4
5039,10.8747,,140,82,75.2
5040,10.8759,,139,82,75
5041,10.8771,,138,80,75
5042,10.8783,,137,77,74.8
5043,10.8796,,137,73,74.8
5044,10.881,,136,66,74.8
5045,10.8821,,136,69,74.6
5046,10.883,,135,66,74.6
5047,10.8848,,135,50,74.8
5048,10.8864,,134,50,74.8
5049,10.8878,,134,52,74.8
5050,10.8892,,133,56,74.4
5051,10.8902,,133,66,74.4
5052,10.8907,,132,66,74.4
5053,10.8907,,131,0,74.4
5054,10.8908,,130,0,74.4
5055,10.8912,,129,66,74.4
5056,10.8912,,129,66,74.4
5057,10.8919,,128,67,74.2
5058,10.8931,,127,65,74
5059,10.8937,,127,63,74
5060,10.8945,,126,59,74
5061,10.896,,125,51,73.8
5062,10.8994,,124,85,73.8
5063,10.9027,,124,85,73.8
5064,10.906,,123,84,73.8
5065,10.9092,,122,84,73.8
5066,10.9116,,121,84,73.8
5067,10.9143,,120,84,73.6
5068,10.9172,,120,84,73.6
5069,10.9202,,120,85,73.6
5070,10.9233,,119,85,73.2
5071,10.926,,120,85,73.2
5072,10.929,,120,85,73.2
5073,10.9318,,120,85,73.2
5074,10.935,,120,85,72.8
5075,10.9382,,120,85,72.8
5076,10.9414,,120,85,72.6
5077,10.9444,,121,85,72.4
5078,10.9474,,121,85,72.4
5079,10.9502,,121,85,72.2
5080,10.9527,,121,85,72.2
5081,10.9554,,121,86,72
5082,10.9579,,122,86,71.8
5083,10.9604,,122,87,71.6
5084,10.9629,,122,87,71.4
5085,10.9654,,123,87,71.6
5086,10.9678,,123,87,71.6
5087,10.9711,,124,88,71.4
5088,10.974,,124,88,71.4
5089,10.9772,,125,88,71.4
5090,10.9794,,125,87,71.2
5091,10.9825,,125,87,71.4
5092,10.9855,,125,87,71.2
5093,10.988,,125,87,71
5094,10.9906,,126,87,71
5095,10.9931,,126,87,71.2
5096,10.9955,,126,87,71.2
5097,10.9981,,126,87,71
5098,11.0001,,126,87,71
5099,11.0025,,126,86,71
5100,11.0048,,127,86,71
5101,11.0074,,128,86,70.8
5102,11.0094,,128,86,70.6
5103,11.0123,,129,86,70.6
5104,11.0155,,130,86,70.4
5105,11.0193,,130,86,70.2
5106,11.0216,,131,86,70.4
5107,11.0246,,131,86,70.4
5108,11.0269,,130,86,70
5109,11.029,,130,86,70
5110,11.0313,,130,86,70
5111,11.0335,,130,86,70
5112,11.0359,,129,87,70.2
5113,11.0392,,129,88,70
5114,11.0425,,129,88,70.2
5115,11.0456,,129,88,70
5116,11.0487,,129,88,70
5117,11.0511,,129,88,70
5118,11.0537,,129,87,69.8
5119,11.0563,,129,87,69.8
5120,11.0585,,129,87,70
5121,11.0614,,129,87,69.8
5122,11.065,,130,87,69.8
5123,11.0681,,130,87,70
5124,11.072,,130,87,69.8
5125,11.0755,,130,87,69.8
5126,11.0782,,130,87,69.8
5127,11.0814,,130,86,69.8
5128,11.0848,,130,85,69.6
5129,11.0881,,130,86,69.2
5130,11.0908,,130,86,69.2
5131,11.094,,130,86,69.2
5132,11.0968,,130,86,69.2
5133,11.0992,,131,87,69
5134,11.1028,,131,87,69
5135,11.1053,,130,88,69
5136,11.1082,,130,89,69.2
5137,11.1109,,131,89,69.2
5138,11.1142,,131,89,69
5139,11.1173,,131,89,69
5140,11.1202,,131,88,69
5141,11.1226,,131,88,69.4
5142,11.1249,,131,87,69.6
5143,11.1277,,131,87,69.8
5144,11.1309,,132,86,70
5145,11.1349,,132,86,70
5146,11.1388,,133,86,70
5147,11.1426,,134,86,70
5148,11.1461,,134,85,70
5149,11.1492,,135,85,70.2
5150,11.1524,,136,85,70.2
5151,11.1551,,136,85,70.2
5152,11.1583,,137,85,70.2
5153,11.1612,,137,85,70.2
5154,11.1643,,138,85,70.4
5155,11.1671,,138,85,70.4
5156,11.1703,,139,85,70.6
5157,11.1734,,139,85,70.6
5158,11.1765,,139,86,70.6
5159,11.1797,,139,86,70.6
5160,11.1835,,139,86,70.6
5161,11.187,,140,86,70.6
5162,11.1904,,140,86,70.6
5163,11.1938,,140,86,70.6
5164,11.1966,,140,86,70.4
