secs,km,power,hr,cad,alt
0,0,,136,,36.8
1,0.00305,,136,,37
2,0.006055,,136,,37.4
3,0.00906,,136,,37.8
4,0.0123233,,137,,37.9333
5,0.0155867,,138,,38.0667
6,0.01885,,139,,38.2
7,0.0219929,,139,,38.1429
8,0.0251357,,139,,38.0857
9,0.0282786,,139,,38.0286
10,0.0314214,,139,,37.9714
11,0.0345643,,139,,37.9143
12,0.0377071,,139,,37.8571
13,0.04085,,139,,37.8
14,0.0441571,,139,,37.6857
15,0.0474643,,139,,37.5714
16,0.0507714,,139,,37.4571
17,0.0540786,,139,,37.3429
18,0.0573857,,139,,37.2286
19,0.0606929,,139,,37.1143
20,0.064,,139,,37
21,0.067385,,141,,37.1
22,0.07077,,143,,37.2
23,0.07363,,144,,37.0667
24,0.07649,,145,,36.9333
25,0.07935,,146,,36.8
26,0.0825267,,146.667,,36.8667
27,0.0857033,,147.333,,36.9333
28,0.08888,,148,,37
29,0.0920567,,148.667,,37.0667
30,0.0952333,,149.333,,37.1333
31,0.09841,,150,,37.2
32,0.101255,,150.25,,37.1
33,0.1041,,150.5,,37
34,0.106945,,150.75,,36.9
35,0.10979,,151,,36.8
36,0.112559,,151.714,,36.7714
37,0.115327,,152.429,,36.7429
38,0.118096,,153.143,,36.7143
39,0.120864,,153.857,,36.6857
40,0.123633,,154.571,,36.6571
41,0.126401,,155.286,,36.6286
42,0.12917,,156,,36.6
43,0.132093,,156,,36.6286
44,0.135016,,156,,36.6571
45,0.137939,,156,,36.6857
46,0.140861,,156,,36.7143
47,0.143784,,156,,36.7429
48,0.146707,,156,,36.7714
49,0.14963,,156,,36.8
50,0.152198,,156,,36.725
51,0.154765,,156,,36.65
52,0.157333,,156,,36.575
53,0.1599,,156,,36.5
54,0.162467,,156,,36.425
55,0.165035,,156,,36.35
56,0.167602,,156,,36.275
57,0.17017,,156,,36.2
58,0.17374,,156,,35.6
59,0.17757,,156,,35.2
60,0.178138,,156.333,,34.9667
61,0.178707,,156.667,,34.7333
62,0.179275,,157,,34.5
63,0.179843,,157.333,,34.2667
64,0.180412,,157.667,,34.0333
65,0.18098,,158,,33.8
66,0.184682,,158.167,,33.5667
67,0.188383,,158.333,,33.3333
68,0.192085,,158.5,,33.1
69,0.195787,,158.667,,32.8667
70,0.199488,,158.833,,32.6333
71,0.20319,,159,,32.4
72,0.207073,,159,,32.2333
73,0.210957,,159,,32.0667
74,0.21484,,159,,31.9
75,0.218723,,159,,31.7333
76,0.222607,,159,,31.5667
77,0.22649,,159,,31.4
78,0.230492,,159.4,,31.16
79,0.234494,,159.8,,30.92
80,0.238496,,160.2,,30.68
81,0.242498,,160.6,,30.44
82,0.2465,,161,,30.2
83,0.25083,,162,,29.8667
84,0.25516,,163,,29.5333
85,0.25949,,164,,29.2
86,0.264,,164,,29
87,0.268515,,164,,28.7
88,0.27303,,164,,28.4
89,0.277545,,164,,28.1
90,0.28206,,164,,27.8
91,0.28659,,164,,27.5
92,0.29112,,164,,27.2
93,0.29565,,164,,26.9
94,0.30018,,164,,26.6
95,0.304755,,167.5,,26.5
96,0.30933,,171,,26.4
97,0.31492,,174,,26.2
98,0.32,,174,,26.4
99,0.324398,,174.2,,26.24
100,0.328796,,174.4,,26.08
101,0.333194,,174.6,,25.92
102,0.337592,,174.8,,25.76
103,0.34199,,175,,25.6
104,0.346337,,176.667,,25.5333
105,0.350683,,178.333,,25.4667
106,0.35503,,180,,25.4
107,0.35936,,180,,25.4
108,0.363446,,179.8,,25.2
109,0.367532,,179.6,,25
110,0.371618,,179.4,,24.8
111,0.375704,,179.2,,24.6
112,0.37979,,179,,24.4
113,0.383572,,179,,24.5
114,0.387353,,179,,24.6
115,0.391135,,179,,24.7
116,0.394917,,179,,24.8
117,0.398698,,179,,24.9
118,0.40248,,179,,25
119,0.406047,,178.667,,25.2
120,0.409613,,178.333,,25.4
121,0.41318,,178,,25.6
122,0.416568,,178.167,,25.7
123,0.419957,,178.333,,25.8
124,0.423345,,178.5,,25.9
125,0.426733,,178.667,,26
126,0.430122,,178.833,,26.1
127,0.43351,,179,,26.2
128,0.436918,,178.833,,26.1333
129,0.440327,,178.667,,26.0667
130,0.443735,,178.5,,26
131,0.447143,,178.333,,25.9333
132,0.450552,,178.167,,25.8667
133,0.45396,,178,,25.8
134,0.45715,,178,,26.0667
135,0.46034,,178,,26.3333
136,0.46353,,178,,26.6
137,0.46694,,177.667,,26.7333
138,0.47035,,177.333,,26.8667
139,0.47376,,177,,27
140,0.47717,,176.667,,27.1333
141,0.48058,,176.333,,27.2667
142,0.48399,,176,,27.4
143,0.487307,,176.333,,27.5333
144,0.490623,,176.667,,27.6667
145,0.49394,,177,,27.8
146,0.497725,,177,,28
147,0.50151,,177,,28.2
148,0.505085,,176.5,,28.3
149,0.50866,,176,,28.4
150,0.512235,,175.5,,28.5
151,0.51581,,175,,28.6
152,0.519385,,174.5,,28.7
153,0.52296,,174,,28.8
154,0.52676,,175,,29
155,0.530097,,175.167,,29.1333
156,0.533433,,175.333,,29.2667
157,0.53677,,175.5,,29.4
158,0.540107,,175.667,,29.5333
159,0.543443,,175.833,,29.6667
160,0.54678,,176,,29.8
161,0.55016,,175.5,,29.9
162,0.55354,,175,,30
163,0.557077,,175.167,,30.1
164,0.560613,,175.333,,30.2
165,0.56415,,175.5,,30.3
166,0.567687,,175.667,,30.4
167,0.571223,,175.833,,30.5
168,0.57476,,176,,30.6
169,0.578315,,175.667,,30.6667
170,0.58187,,175.333,,30.7333
171,0.585425,,175,,30.8
172,0.58898,,174.667,,30.8667
173,0.592535,,174.333,,30.9333
174,0.59609,,174,,31
175,0.59966,,174,,31
176,0.603188,,174,,31.1
177,0.606717,,174,,31.2
178,0.610245,,174,,31.3
179,0.613773,,174,,31.4
180,0.617302,,174,,31.5
181,0.62083,,174,,31.6
182,0.624313,,174,,31.7333
183,0.627797,,174,,31.8667
184,0.63128,,174,,32
185,0.6348,,174.167,,32.0667
186,0.63832,,174.333,,32.1333
187,0.64184,,174.5,,32.2
188,0.64536,,174.667,,32.2667
189,0.64888,,174.833,,32.3333
190,0.6524,,175,,32.4
191,0.655908,,175,,32.4667
192,0.659417,,175,,32.5333
193,0.662925,,175,,32.6
194,0.666433,,175,,32.6667
195,0.669942,,175,,32.7333
196,0.67345,,175,,32.8
197,0.676793,,175,,32.8286
198,0.680136,,175,,32.8571
199,0.683479,,175,,32.8857
200,0.686821,,175,,32.9143
201,0.690164,,175,,32.9429
202,0.693507,,175,,32.9714
203,0.69685,,175,,33
204,0.69995,,175,,33.2
205,0.70337,,175,,33.2333
206,0.70679,,175,,33.2667
207,0.71021,,175,,33.3
208,0.71363,,175,,33.3333
209,0.71705,,175,,33.3667
210,0.72047,,175,,33.4
211,0.723761,,175,,33.4857
212,0.727053,,175,,33.5714
213,0.730344,,175,,33.6571
214,0.733636,,175,,33.7429
215,0.736927,,175,,33.8286
216,0.740219,,175,,33.9143
217,0.74351,,175,,34
218,0.74671,,178,,34
219,0.750155,,178.5,,34.1
220,0.7536,,179,,34.2
221,0.756886,,178.714,,34.2857
222,0.760171,,178.429,,34.3714
223,0.763457,,178.143,,34.4571
224,0.766743,,177.857,,34.5429
225,0.770029,,177.571,,34.6286
226,0.773314,,177.286,,34.7143
227,0.7766,,177,,34.8
228,0.780097,,177,,34.7
229,0.783593,,177,,34.6
230,0.78709,,177,,34.5
231,0.790587,,177,,34.4
232,0.794083,,177,,34.3
233,0.79758,,177,,34.2
234,0.800863,,176.75,,34.65
235,0.804145,,176.5,,35.1
236,0.807427,,176.25,,35.55
237,0.81071,,176,,36
238,0.81397,,176,,36
239,0.81723,,176,,36
240,0.82049,,176,,36
241,0.82375,,176,,36
242,0.82701,,176,,36
243,0.83027,,176,,36
244,0.83353,,176,,36
245,0.836952,,176,,36.1
246,0.840373,,176,,36.2
247,0.843795,,176,,36.3
248,0.847217,,176,,36.4
249,0.850638,,176,,36.5
250,0.85406,,176,,36.6
251,0.857293,,175.667,,36.8
252,0.860527,,175.333,,37
253,0.86376,,175,,37.2
254,0.866497,,175,,37.45
255,0.869235,,175,,37.7
256,0.871973,,175,,37.95
257,0.87471,,175,,38.2
258,0.877817,,174.857,,38.3714
259,0.880924,,174.714,,38.5429
260,0.884031,,174.571,,38.7143
261,0.887139,,174.429,,38.8857
262,0.890246,,174.286,,39.0571
263,0.893353,,174.143,,39.2286
264,0.89646,,174,,39.4
265,0.899725,,174,,39.7
266,0.90299,,174,,40
267,0.906255,,174,,40.3
268,0.90952,,174,,40.6
269,0.912623,,174,,40.8
270,0.915727,,174,,41
271,0.91883,,174,,41.2
272,0.92168,,174.5,,41.5
273,0.92453,,175,,41.8
274,0.927467,,175.333,,41.9333
275,0.930403,,175.667,,42.0667
276,0.93334,,176,,42.2
277,0.93682,,176,,42.5
278,0.9403,,176,,42.8
279,0.943708,,175.8,,43
280,0.947116,,175.6,,43.2
281,0.950524,,175.4,,43.4
282,0.953932,,175.2,,43.6
283,0.95734,,175,,43.8
284,0.960948,,175.333,,43.9333
285,0.964557,,175.667,,44.0667
286,0.968165,,176,,44.2
287,0.971773,,176.333,,44.3333
288,0.975382,,176.667,,44.4667
289,0.97899,,177,,44.6
290,0.982075,,177,,44.7
291,0.98516,,177,,44.8
292,0.98813,,175.5,,44.9
293,0.9911,,174,,45
294,0.99423,,174.667,,45.2
295,0.99736,,175.333,,45.4
296,1.00049,,176,,45.6
297,1.00369,,176.286,,45.5714
298,1.00689,,176.571,,45.5429
299,1.01009,,176.857,,45.5143
300,1.0133,,177.143,,45.4857
301,1.0165,,177.429,,45.4571
302,1.0197,,177.714,,45.4286
303,1.0229,,178,,45.4
304,1.02737,,178.2,,45.36
305,1.03183,,178.4,,45.32
306,1.0363,,178.6,,45.28
307,1.04076,,178.8,,45.24
308,1.04523,,179,,45.2
309,1.049,,179,,45.1667
310,1.05277,,179,,45.1333
311,1.05654,,179,,45.1
312,1.06031,,179,,45.0667
313,1.06408,,179,,45.0333
314,1.06785,,179,,45
315,1.07124,,179.333,,44.9667
316,1.07463,,179.667,,44.9333
317,1.07803,,180,,44.9
318,1.08142,,180.333,,44.8667
319,1.08481,,180.667,,44.8333
320,1.0882,,181,,44.8
321,1.09162,,180.833,,44.8
322,1.09503,,180.667,,44.8
323,1.09844,,180.5,,44.8
324,1.10186,,180.333,,44.8
325,1.10528,,180.167,,44.8
326,1.10869,,180,,44.8
327,1.1121,,178.5,,44.7
328,1.11551,,177,,44.6
329,1.11859,,176.714,,44.5714
330,1.12167,,176.429,,44.5429
331,1.12475,,176.143,,44.5143
332,1.12782,,175.857,,44.4857
333,1.1309,,175.571,,44.4571
334,1.13398,,175.286,,44.4286
335,1.13706,,175,,44.4
336,1.13994,,175,,44.4
337,1.14282,,175,,44.4
338,1.14571,,175,,44.4
339,1.14859,,175,,44.4
340,1.15147,,175,,44.4
341,1.15436,,175,,44.4
342,1.15724,,175,,44.4
343,1.16012,,175,,44.4
344,1.1634,,175.286,,44.3714
345,1.16668,,175.571,,44.3429
346,1.16996,,175.857,,44.3143
347,1.17323,,176.143,,44.2857
348,1.17651,,176.429,,44.2571
349,1.17979,,176.714,,44.2286
350,1.18307,,177,,44.2
351,1.18634,,177.5,,44
352,1.18961,,178,,43.8
353,1.19287,,177.25,,43.7
354,1.19612,,176.5,,43.6
355,1.19938,,175.75,,43.5
356,1.20263,,175,,43.4
357,1.20588,,174.714,,43.3143
358,1.20913,,174.429,,43.2286
359,1.21238,,174.143,,43.1429
360,1.21562,,173.857,,43.0571
361,1.21887,,173.571,,42.9714
362,1.22212,,173.286,,42.8857
363,1.22537,,173,,42.8
364,1.22861,,173,,42.8
365,1.23183,,173,,42.7143
366,1.23505,,173,,42.6286
367,1.23827,,173,,42.5429
368,1.24149,,173,,42.4571
369,1.24471,,173,,42.3714
370,1.24793,,173,,42.2857
371,1.25115,,173,,42.2
372,1.25437,,173,,42.0667
373,1.25759,,173,,41.9333
374,1.26081,,173,,41.8
375,1.26405,,172.4,,41.68
376,1.26729,,171.8,,41.56
377,1.27053,,171.2,,41.44
378,1.27377,,170.6,,41.32
379,1.27701,,170,,41.2
380,1.28028,,170.2,,41.08
381,1.28356,,170.4,,40.96
382,1.28683,,170.6,,40.84
383,1.29011,,170.8,,40.72
384,1.29338,,171,,40.6
385,1.2967,,171.333,,40.5
386,1.30003,,171.667,,40.4
387,1.30335,,172,,40.3
388,1.30667,,172.333,,40.2
389,1.31,,172.667,,40.1
390,1.31332,,173,,40
391,1.31557,,173,,39.92
392,1.31781,,173,,39.84
393,1.32006,,173,,39.76
394,1.3223,,173,,39.68
395,1.32455,,173,,39.6
396,1.3279,,172.833,,39.5
397,1.33125,,172.667,,39.4
398,1.33459,,172.5,,39.3
399,1.33794,,172.333,,39.2
400,1.34129,,172.167,,39.1
401,1.34464,,172,,39
402,1.34863,,172,,38.8667
403,1.35263,,172,,38.7333
404,1.35662,,172,,38.6
405,1.36023,,172.2,,38.36
406,1.36384,,172.4,,38.12
407,1.36745,,172.6,,37.88
408,1.37106,,172.8,,37.64
409,1.37467,,173,,37.4
410,1.37804,,172.833,,37.3
411,1.3814,,172.667,,37.2
412,1.38477,,172.5,,37.1
413,1.38814,,172.333,,37
414,1.3915,,172.167,,36.9
415,1.39487,,172,,36.8
416,1.39821,,172,,36.6
417,1.40156,,172,,36.4
418,1.40495,,172,,36.1333
419,1.40833,,172,,35.8667
420,1.41172,,172,,35.6
421,1.41533,,172,,35.4
422,1.41893,,172,,35.2
423,1.42306,,171.8,,34.92
424,1.42718,,171.6,,34.64
425,1.43131,,171.4,,34.36
426,1.43543,,171.2,,34.08
427,1.43956,,171,,33.8
428,1.44407,,173,,33.4667
429,1.44857,,175,,33.1333
430,1.45308,,177,,32.8
431,1.45752,,177,,32.6
432,1.46181,,175.5,,32.2
433,1.4661,,174,,31.8
434,1.47039,,173,,31.4
435,1.47476,,172.333,,30.9333
436,1.47912,,171.667,,30.4667
437,1.48349,,171,,30
438,1.4872,,171,,29.7
439,1.49092,,171,,29.4
440,1.49464,,171,,29.1
441,1.49835,,171,,28.8
442,1.50283,,171,,28.3333
443,1.5073,,171,,27.8667
444,1.51178,,171,,27.4
445,1.51647,,171,,26.9
446,1.52116,,171,,26.4
447,1.5258,,171,,26.1
448,1.53043,,171,,25.8
449,1.53507,,171,,25.5
450,1.53971,,171,,25.2
451,1.54379,,171.25,,24.9
452,1.54787,,171.5,,24.6
453,1.55196,,171.75,,24.3
454,1.55604,,172,,24
455,1.55981,,172,,23.7
456,1.56358,,172,,23.4
457,1.56734,,172,,23.1
458,1.57111,,172,,22.8
459,1.57492,,172,,22.6333
460,1.57872,,172,,22.4667
461,1.58253,,172,,22.3
462,1.58634,,172,,22.1333
463,1.59014,,172,,21.9667
464,1.59395,,172,,21.8
465,1.59764,,172,,21.6
466,1.60133,,172,,21.4
467,1.6051,,171.8,,21.16
468,1.60887,,171.6,,20.92
469,1.61265,,171.4,,20.68
470,1.61642,,171.2,,20.44
471,1.62019,,171,,20.2
472,1.62423,,171,,20
473,1.62827,,171,,19.8
474,1.63232,,171,,19.6
475,1.63636,,171,,19.4
476,1.6404,,171,,19.2
477,1.64377,,170.833,,19.1
478,1.64714,,170.667,,19
479,1.65051,,170.5,,18.9
480,1.65388,,170.333,,18.8
481,1.65725,,170.167,,18.7
482,1.66062,,170,,18.6
483,1.66421,,169.833,,18.5333
484,1.66779,,169.667,,18.4667
485,1.67138,,169.5,,18.4
486,1.67497,,169.333,,18.3333
487,1.67855,,169.167,,18.2667
488,1.68214,,169,,18.2
489,1.68605,,169,,18.1
490,1.68996,,169,,18
491,1.69386,,169,,17.9
492,1.69777,,169,,17.8
493,1.70168,,169,,17.7
494,1.70559,,169,,17.6
495,1.70903,,169.167,,17.5333
496,1.71247,,169.333,,17.4667
497,1.71591,,169.5,,17.4
498,1.71935,,169.667,,17.3333
499,1.72279,,169.833,,17.2667
500,1.72623,,170,,17.2
501,1.72997,,170,,17.2
502,1.73371,,170,,17.2
503,1.73709,,169.833,,17.1667
504,1.74047,,169.667,,17.1333
505,1.74385,,169.5,,17.1
506,1.74722,,169.333,,17.0667
507,1.7506,,169.167,,17.0333
508,1.75398,,169,,17
509,1.75724,,169.143,,17.0286
510,1.76051,,169.286,,17.0571
511,1.76377,,169.429,,17.0857
512,1.76704,,169.571,,17.1143
513,1.7703,,169.714,,17.1429
514,1.77357,,169.857,,17.1714
515,1.77683,,170,,17.2
516,1.77988,,169.857,,17.1714
517,1.78294,,169.714,,17.1429
518,1.78599,,169.571,,17.1143
519,1.78905,,169.429,,17.0857
520,1.7921,,169.286,,17.0571
521,1.79516,,169.143,,17.0286
522,1.79821,,169,,17
523,1.80127,,169.6,,16.96
524,1.80432,,170.2,,16.92
525,1.80738,,170.8,,16.88
526,1.81043,,171.4,,16.84
527,1.81349,,172,,16.8
528,1.81691,,172.333,,16.8667
529,1.82033,,172.667,,16.9333
530,1.82375,,173,,17
531,1.82716,,173.333,,17.0667
532,1.83058,,173.667,,17.1333
533,1.834,,174,,17.2
534,1.83729,,174,,17.2571
535,1.84058,,174,,17.3143
536,1.84387,,174,,17.3714
537,1.84716,,174,,17.4286
538,1.85045,,174,,17.4857
539,1.85374,,174,,17.5429
540,1.85703,,174,,17.6
541,1.86027,,174.333,,17.7
542,1.86351,,174.667,,17.8
543,1.86674,,175,,17.9
544,1.86998,,175.333,,18
545,1.87322,,175.667,,18.1
546,1.87646,,176,,18.2
547,1.87941,,176.286,,18.3143
548,1.88235,,176.571,,18.4286
549,1.8853,,176.857,,18.5429
550,1.88824,,177.143,,18.6571
551,1.89119,,177.429,,18.7714
552,1.89413,,177.714,,18.8857
553,1.89708,,178,,19
554,1.90025,,178,,19.2
555,1.90362,,178.143,,19.3143
556,1.90699,,178.286,,19.4286
557,1.91036,,178.429,,19.5429
558,1.91372,,178.571,,19.6571
559,1.91709,,178.714,,19.7714
560,1.92046,,178.857,,19.8857
561,1.92383,,179,,20
562,1.9275,,179,,20.1
563,1.93117,,179,,20.2
564,1.93487,,179.167,,20.3333
565,1.93858,,179.333,,20.4667
566,1.94228,,179.5,,20.6
567,1.94598,,179.667,,20.7333
568,1.94969,,179.833,,20.8667
569,1.95339,,180,,21
570,1.95649,,180,,21.1333
571,1.9596,,180,,21.2667
572,1.9627,,180,,21.4
573,1.96601,,180.167,,21.5667
574,1.96932,,180.333,,21.7333
575,1.97262,,180.5,,21.9
576,1.97593,,180.667,,22.0667
577,1.97924,,180.833,,22.2333
578,1.98255,,181,,22.4
579,1.9857,,180.833,,22.5667
580,1.98885,,180.667,,22.7333
581,1.992,,180.5,,22.9
582,1.99515,,180.333,,23.0667
583,1.9983,,180.167,,23.2333
584,2.00145,,180,,23.4
585,2.00494,,181,,23.6
586,2.00815,,181,,23.7143
587,2.01137,,181,,23.8286
588,2.01458,,181,,23.9429
589,2.01779,,181,,24.0571
590,2.021,,181,,24.1714
591,2.02422,,181,,24.2857
592,2.02743,,181,,24.4
593,2.03043,,181,,24.6
594,2.03345,,181,,24.8
595,2.03647,,181,,25
596,2.03948,,181,,25.2
597,2.0425,,181,,25.4
598,2.04552,,181,,25.6
599,2.04854,,181,,25.8
600,2.05167,,181.143,,25.8857
601,2.05479,,181.286,,25.9714
602,2.05792,,181.429,,26.0571
603,2.06104,,181.571,,26.1429
604,2.06417,,181.714,,26.2286
605,2.06729,,181.857,,26.3143
606,2.07042,,182,,26.4
607,2.0735,,181.5,,26.6
608,2.07659,,181,,26.8
609,2.07981,,181.143,,26.9143
610,2.08302,,181.286,,27.0286
611,2.08624,,181.429,,27.1429
612,2.08946,,181.571,,27.2571
613,2.09268,,181.714,,27.3714
614,2.09589,,181.857,,27.4857
615,2.09911,,182,,27.6
616,2.10208,,181.5,,27.7
617,2.10506,,181,,27.8
618,2.10826,,180.857,,27.9429
619,2.11147,,180.714,,28.0857
620,2.11467,,180.571,,28.2286
621,2.11787,,180.429,,28.3714
622,2.12107,,180.286,,28.5143
623,2.12428,,180.143,,28.6571
624,2.12748,,180,,28.8
625,2.13028,,180,,28.9
626,2.13309,,180,,29
627,2.13583,,179.875,,29.1
628,2.13856,,179.75,,29.2
629,2.1413,,179.625,,29.3
630,2.14404,,179.5,,29.4
631,2.14677,,179.375,,29.5
632,2.14951,,179.25,,29.6
633,2.15224,,179.125,,29.7
634,2.15498,,179,,29.8
635,2.15791,,179,,30
636,2.16102,,179,,30.1143
637,2.16413,,179,,30.2286
638,2.16724,,179,,30.3429
639,2.17036,,179,,30.4571
640,2.17347,,179,,30.5714
641,2.17658,,179,,30.6857
642,2.17969,,179,,30.8
643,2.18254,,179,,31
644,2.18531,,179,,31.1714
645,2.18807,,179,,31.3429
646,2.19084,,179,,31.5143
647,2.1936,,179,,31.6857
648,2.19637,,179,,31.8571
649,2.19913,,179,,32.0286
650,2.2019,,179,,32.2
651,2.20525,,179.2,,32.4
652,2.20861,,179.4,,32.6
653,2.21196,,179.6,,32.8
654,2.21532,,179.8,,33
655,2.21867,,180,,33.2
656,2.22258,,180.167,,33.4
657,2.2265,,180.333,,33.6
658,2.23041,,180.5,,33.8
659,2.23432,,180.667,,34
660,2.23824,,180.833,,34.2
661,2.24215,,181,,34.4
662,2.24506,,181,,34.6
663,2.24797,,181,,34.8
664,2.25087,,181,,35
665,2.25378,,181,,35.2
666,2.25669,,181,,35.4
667,2.25965,,181.25,,35.65
668,2.2626,,181.5,,35.9
669,2.26556,,181.75,,36.15
670,2.26852,,182,,36.4
671,2.27147,,182,,36.64
672,2.27442,,182,,36.88
673,2.27737,,182,,37.12
674,2.28032,,182,,37.36
675,2.28327,,182,,37.6
676,2.28641,,182.2,,37.8
677,2.28954,,182.4,,38
678,2.29268,,182.6,,38.2
679,2.29581,,182.8,,38.4
680,2.29895,,183,,38.6
681,2.30134,,183,,38.85
682,2.30373,,183,,39.1
683,2.30611,,183,,39.35
684,2.3085,,183,,39.6
685,2.31095,,183,,39.84
686,2.31341,,183,,40.08
687,2.31586,,183,,40.32
688,2.31832,,183,,40.56
689,2.32077,,183,,40.8
690,2.32317,,183,,41.05
691,2.32557,,183,,41.3
692,2.32798,,183,,41.55
693,2.33038,,183,,41.8
694,2.33337,,183,,41.96
695,2.33636,,183,,42.12
696,2.33935,,183,,42.28
697,2.34234,,183,,42.44
698,2.34533,,183,,42.6
699,2.34832,,183,,42.8
700,2.35131,,183,,43
701,2.35428,,183,,43.1429
702,2.35724,,183,,43.2857
703,2.36021,,183,,43.4286
704,2.36317,,183,,43.5714
705,2.36614,,183,,43.7143
706,2.3691,,183,,43.8571
707,2.37207,,183,,44
708,2.375,,183,,44.1429
709,2.37793,,183,,44.2857
710,2.38086,,183,,44.4286
711,2.38378,,183,,44.5714
712,2.38671,,183,,44.7143
713,2.38964,,183,,44.8571
714,2.39257,,183,,45
715,2.39546,,183,,45
716,2.3983,,182.875,,45.125
717,2.40115,,182.75,,45.25
718,2.40399,,182.625,,45.375
719,2.40683,,182.5,,45.5
720,2.40967,,182.375,,45.625
721,2.41251,,182.25,,45.75
722,2.41536,,182.125,,45.875
723,2.4182,,182,,46
724,2.42136,,182.5,,46.1
725,2.42452,,183,,46.2
726,2.42731,,183,,46.325
727,2.43009,,183,,46.45
728,2.43288,,183,,46.575
729,2.43567,,183,,46.7
730,2.43846,,183,,46.825
731,2.44125,,183,,46.95
732,2.44403,,183,,47.075
733,2.44682,,183,,47.2
734,2.44973,,182,,47.4
735,2.45255,,182.125,,47.525
736,2.45538,,182.25,,47.65
737,2.4582,,182.375,,47.775
738,2.46102,,182.5,,47.9
739,2.46384,,182.625,,48.025
740,2.46666,,182.75,,48.15
741,2.46949,,182.875,,48.275
742,2.47231,,183,,48.4
743,2.47566,,183,,48.5429
744,2.479,,183,,48.6857
745,2.48235,,183,,48.8286
746,2.4857,,183,,48.9714
747,2.48905,,183,,49.1143
748,2.49239,,183,,49.2571
749,2.49574,,183,,49.4
750,2.49899,,183.25,,49.6
751,2.50223,,183.5,,49.8
752,2.50547,,183.75,,50
753,2.50872,,184,,50.2
754,2.51174,,183.8,,50.28
755,2.51476,,183.6,,50.36
756,2.51777,,183.4,,50.44
757,2.52079,,183.2,,50.52
758,2.52381,,183,,50.6
759,2.52692,,183,,50.6857
760,2.53004,,183,,50.7714
761,2.53315,,183,,50.8571
762,2.53626,,183,,50.9429
763,2.53937,,183,,51.0286
764,2.54249,,183,,51.1143
765,2.5456,,183,,51.2
766,2.54846,,182.857,,51.1429
767,2.55133,,182.714,,51.0857
768,2.55419,,182.571,,51.0286
769,2.55705,,182.429,,50.9714
770,2.55991,,182.286,,50.9143
771,2.56278,,182.143,,50.8571
772,2.56564,,182,,50.8
773,2.56842,,181.75,,50.7
774,2.57121,,181.5,,50.6
775,2.57399,,181.25,,50.5
776,2.57678,,181,,50.4
777,2.57956,,180.75,,50.3
778,2.58234,,180.5,,50.2
779,2.58513,,180.25,,50.1
780,2.58791,,180,,50
781,2.5906,,179.8,,49.88
782,2.59328,,179.6,,49.76
783,2.59597,,179.4,,49.64
784,2.59865,,179.2,,49.52
785,2.60134,,179,,49.4
786,2.60446,,178.714,,49.2571
787,2.60757,,178.429,,49.1143
788,2.61069,,178.143,,48.9714
789,2.6138,,177.857,,48.8286
790,2.61692,,177.571,,48.6857
791,2.62003,,177.286,,48.5429
792,2.62315,,177,,48.4
793,2.62651,,176.6,,48.12
794,2.62987,,176.2,,47.84
795,2.63324,,175.8,,47.56
796,2.6366,,175.4,,47.28
797,2.63996,,175,,47
798,2.6431,,174.75,,46.75
799,2.64623,,174.5,,46.5
800,2.64937,,174.25,,46.25
801,2.65251,,174,,46
802,2.6564,,173.5,,45.7
803,2.66029,,173,,45.4
804,2.66418,,172.5,,45.1
805,2.66807,,172,,44.8
806,2.67236,,172.25,,44.5
807,2.67664,,172.5,,44.2
808,2.68093,,172.75,,43.9
809,2.68521,,173,,43.6
810,2.68899,,173.333,,43.2
811,2.69278,,173.667,,42.8
812,2.69656,,174,,42.4
813,2.70016,,174,,42.0667
814,2.70376,,174,,41.7333
815,2.70736,,174,,41.4
816,2.71136,,174,,41.0667
817,2.71537,,174,,40.7333
818,2.71937,,174,,40.4
819,2.72308,,174,,40.12
820,2.72678,,174,,39.84
821,2.73049,,174,,39.56
822,2.73419,,174,,39.28
823,2.7379,,174,,39
824,2.74144,,174,,38.6
825,2.74498,,174,,38.2
826,2.74852,,174,,37.8
827,2.75182,,173.667,,37.4
828,2.75511,,173.333,,37
829,2.75841,,173,,36.6
830,2.76189,,172.75,,36.35
831,2.76537,,172.5,,36.1
832,2.76884,,172.25,,35.85
833,2.77232,,172,,35.6
834,2.77567,,172,,35.25
835,2.77902,,172,,34.9
836,2.78236,,172,,34.55
837,2.78571,,172,,34.2
838,2.78914,,171.75,,33.9
839,2.79257,,171.5,,33.6
840,2.796,,171.25,,33.3
841,2.79943,,171,,33
842,2.80315,,170.5,,32.75
843,2.80687,,170,,32.5
844,2.81058,,169.5,,32.25
845,2.8143,,169,,32
846,2.81783,,168.75,,31.75
847,2.82136,,168.5,,31.5
848,2.82489,,168.25,,31.25
849,2.82842,,168,,31
850,2.83216,,167.8,,30.76
851,2.8359,,167.6,,30.52
852,2.83964,,167.4,,30.28
853,2.84338,,167.2,,30.04
854,2.84712,,167,,29.8
855,2.85096,,167,,29.5
856,2.85481,,167,,29.2
857,2.85865,,167,,28.9
858,2.8625,,167,,28.6
859,2.86656,,166.5,,28.35
860,2.87062,,166,,28.1
861,2.87468,,165.5,,27.85
862,2.87874,,165,,27.6
863,2.88274,,165,,27.36
864,2.88674,,165,,27.12
865,2.89074,,165,,26.88
866,2.89474,,165,,26.64
867,2.89874,,165,,26.4
868,2.90239,,165.333,,26
869,2.90605,,165.667,,25.6
870,2.9097,,166,,25.2
871,2.91326,,166,,24.9
872,2.91681,,166,,24.6
873,2.92037,,166,,24.3
874,2.92393,,166,,24
875,2.92738,,165.6,,23.76
876,2.93083,,165.2,,23.52
877,2.93429,,164.8,,23.28
878,2.93774,,164.4,,23.04
879,2.94119,,164,,22.8
880,2.94484,,164,,22.55
881,2.94849,,164,,22.3
882,2.95214,,164,,22.05
883,2.95579,,164,,21.8
884,2.95943,,164,,21.5
885,2.96307,,164,,21.2
886,2.96671,,164,,20.9
887,2.97035,,164,,20.6
888,2.97422,,164,,20.2667
889,2.97809,,164,,19.9333
890,2.98196,,164,,19.6
891,2.98551,,164.333,,19.4667
892,2.98905,,164.667,,19.3333
893,2.9926,,165,,19.2
894,2.99615,,165.333,,19.0667
895,2.99969,,165.667,,18.9333
896,3.00324,,166,,18.8
897,3.00678,,167,,18.6
898,3.01033,,168,,18.4
899,3.01391,,168,,18.2
900,3.0175,,168,,18
901,3.02108,,168,,17.8
902,3.02467,,168,,17.6
903,3.02825,,168,,17.4
904,3.03162,,168.167,,17.2667
905,3.03498,,168.333,,17.1333
906,3.03835,,168.5,,17
907,3.04172,,168.667,,16.8667
908,3.04508,,168.833,,16.7333
909,3.04845,,169,,16.6
910,3.0516,,168.75,,16.5
911,3.05475,,168.5,,16.4
912,3.05789,,168.25,,16.3
913,3.06104,,168,,16.2
914,3.06421,,168,,16.1429
915,3.06738,,168,,16.0857
916,3.07055,,168,,16.0286
917,3.07373,,168,,15.9714
918,3.0769,,168,,15.9143
919,3.08007,,168,,15.8571
920,3.08324,,168,,15.8
921,3.0868,,168.167,,15.7333
922,3.09036,,168.333,,15.6667
923,3.09393,,168.5,,15.6
924,3.09749,,168.667,,15.5333
925,3.10105,,168.833,,15.4667
926,3.10461,,169,,15.4
927,3.10827,,169.167,,15.4
928,3.11193,,169.333,,15.4
929,3.11559,,169.5,,15.4
930,3.11924,,169.667,,15.4
931,3.1229,,169.833,,15.4
932,3.12656,,170,,15.4
933,3.13077,,170,,15.2667
934,3.13498,,170,,15.1333
935,3.13919,,170,,15
936,3.14295,,170.167,,14.9667
937,3.14672,,170.333,,14.9333
938,3.15048,,170.5,,14.9
939,3.15424,,170.667,,14.8667
940,3.15801,,170.833,,14.8333
941,3.16177,,171,,14.8
942,3.16505,,171.143,,14.7714
943,3.16834,,171.286,,14.7429
944,3.17162,,171.429,,14.7143
945,3.1749,,171.571,,14.6857
946,3.17818,,171.714,,14.6571
947,3.18147,,171.857,,14.6286
948,3.18475,,172,,14.6
949,3.18821,,172.167,,14.5667
950,3.19168,,172.333,,14.5333
951,3.19514,,172.5,,14.5
952,3.1986,,172.667,,14.4667
953,3.20207,,172.833,,14.4333
954,3.20553,,173,,14.4
955,3.2089,,173.167,,14.4
956,3.21226,,173.333,,14.4
957,3.21563,,173.5,,14.4
958,3.21899,,173.667,,14.4
959,3.22235,,173.833,,14.4
960,3.22572,,174,,14.4
961,3.22906,,174.167,,14.4
962,3.2324,,174.333,,14.4
963,3.23574,,174.5,,14.4
964,3.23909,,174.667,,14.4
965,3.24243,,174.833,,14.4
966,3.24577,,175,,14.4
967,3.24884,,175.143,,14.3714
968,3.2519,,175.286,,14.3429
969,3.25497,,175.429,,14.3143
970,3.25804,,175.571,,14.2857
971,3.26111,,175.714,,14.2571
972,3.26417,,175.857,,14.2286
973,3.26724,,176,,14.2
974,3.27,,176,,14.225
975,3.27276,,176,,14.25
976,3.27552,,176,,14.275
977,3.27827,,176,,14.3
978,3.28103,,176,,14.325
979,3.28379,,176,,14.35
980,3.28655,,176,,14.375
981,3.28931,,176,,14.4
982,3.29183,,176,,14.45
983,3.29434,,176,,14.5
984,3.29686,,176,,14.55
985,3.29937,,176,,14.6
986,3.30189,,176,,14.65
987,3.30441,,176,,14.7
988,3.30692,,176,,14.75
989,3.30944,,176,,14.8
990,3.31219,,176,,14.925
991,3.31494,,176,,15.05
992,3.31769,,176,,15.175
993,3.32043,,176,,15.3
994,3.32318,,176,,15.425
995,3.32593,,176,,15.55
996,3.32868,,176,,15.675
997,3.33143,,176,,15.8
998,3.33499,,176,,15.88
999,3.33855,,176,,15.96
1000,3.34212,,176,,16.04
1001,3.34568,,176,,16.12
1002,3.34924,,176,,16.2
1003,3.3527,,176.167,,16.3
1004,3.35616,,176.333,,16.4
1005,3.35962,,176.5,,16.5
1006,3.36308,,176.667,,16.6
1007,3.36654,,176.833,,16.7
1008,3.37,,177,,16.8
1009,3.37357,,177.5,,16.9
1010,3.37713,,178,,17
1011,3.38069,,178.5,,17.1
1012,3.38426,,179,,17.2
1013,3.38747,,179.143,,17.3143
1014,3.39068,,179.286,,17.4286
1015,3.39389,,179.429,,17.5429
1016,3.3971,,179.571,,17.6571
1017,3.40031,,179.714,,17.7714
1018,3.40352,,179.857,,17.8857
1019,3.40673,,180,,18
1020,3.40976,,180,,18.0667
1021,3.41279,,180,,18.1333
1022,3.41582,,180,,18.2
1023,3.41921,,180,,18.3143
1024,3.42259,,180,,18.4286
1025,3.42598,,180,,18.5429
1026,3.42937,,180,,18.6571
1027,3.43276,,180,,18.7714
1028,3.43614,,180,,18.8857
1029,3.43953,,180,,19
1030,3.44275,,180,,19.0667
1031,3.44598,,180,,19.1333
1032,3.4492,,180,,19.2
1033,3.45254,,180,,19.3667
1034,3.45588,,180,,19.5333
1035,3.45922,,180,,19.7
1036,3.46256,,180,,19.8667
1037,3.4659,,180,,20.0333
1038,3.46924,,180,,20.2
1039,3.47277,,180,,20.4
1040,3.47597,,180,,20.5143
1041,3.47917,,180,,20.6286
1042,3.48237,,180,,20.7429
1043,3.48557,,180,,20.8571
1044,3.48877,,180,,20.9714
1045,3.49197,,180,,21.0857
1046,3.49517,,180,,21.2
1047,3.49856,,180.5,,21.25
1048,3.50195,,181,,21.3
1049,3.50534,,181.5,,21.35
1050,3.50873,,182,,21.4
1051,3.51189,,182.143,,21.4857
1052,3.51506,,182.286,,21.5714
1053,3.51822,,182.429,,21.6571
1054,3.52139,,182.571,,21.7429
1055,3.52455,,182.714,,21.8286
1056,3.52772,,182.857,,21.9143
1057,3.53088,,183,,22
1058,3.53361,,183.167,,22.1
1059,3.53634,,183.333,,22.2
1060,3.53906,,183.5,,22.3
1061,3.54179,,183.667,,22.4
1062,3.54452,,183.833,,22.5
1063,3.54725,,184,,22.6
1064,3.55045,,183.857,,22.6571
1065,3.55365,,183.714,,22.7143
1066,3.55685,,183.571,,22.7714
1067,3.56004,,183.429,,22.8286
1068,3.56324,,183.286,,22.8857
1069,3.56644,,183.143,,22.9429
1070,3.56964,,183,,23
1071,3.57252,,183,,23.0857
1072,3.57541,,183,,23.1714
1073,3.57829,,183,,23.2571
1074,3.58118,,183,,23.3429
1075,3.58406,,183,,23.4286
1076,3.58695,,183,,23.5143
1077,3.58983,,183,,23.6
1078,3.59284,,183.5,,23.6
1079,3.59584,,184,,23.6
1080,3.59917,,183.857,,23.7143
1081,3.60249,,183.714,,23.8286
1082,3.60582,,183.571,,23.9429
1083,3.60914,,183.429,,24.0571
1084,3.61247,,183.286,,24.1714
1085,3.61579,,183.143,,24.2857
1086,3.61912,,183,,24.4
1087,3.62296,,183,,24.6
1088,3.6268,,183,,24.8
1089,3.62999,,183.143,,24.9143
1090,3.63317,,183.286,,25.0286
1091,3.63636,,183.429,,25.1429
1092,3.63954,,183.571,,25.2571
1093,3.64273,,183.714,,25.3714
1094,3.64591,,183.857,,25.4857
1095,3.6491,,184,,25.6
1096,3.65217,,184,,25.8
1097,3.65522,,184,,25.9143
1098,3.65826,,184,,26.0286
1099,3.66131,,184,,26.1429
1100,3.66435,,184,,26.2571
1101,3.6674,,184,,26.3714
1102,3.67044,,184,,26.4857
1103,3.67349,,184,,26.6
1104,3.67622,,184,,26.8
1105,3.67875,,184,,26.875
1106,3.68129,,184,,26.95
1107,3.68382,,184,,27.025
1108,3.68635,,184,,27.1
1109,3.68889,,184,,27.175
1110,3.69142,,184,,27.25
1111,3.69396,,184,,27.325
1112,3.69649,,184,,27.4
1113,3.69896,,183.5,,27.6
1114,3.70143,,183,,27.8
1115,3.70432,,183,,27.8571
1116,3.7072,,183,,27.9143
1117,3.71009,,183,,27.9714
1118,3.71297,,183,,28.0286
1119,3.71586,,183,,28.0857
1120,3.71874,,183,,28.1429
1121,3.72163,,183,,28.2
1122,3.72429,,182.8,,28.32
1123,3.72695,,182.6,,28.44
1124,3.72962,,182.4,,28.56
1125,3.73228,,182.2,,28.68
1126,3.73494,,182,,28.8
1127,3.73758,,182.125,,28.95
1128,3.74022,,182.25,,29.1
1129,3.74286,,182.375,,29.25
1130,3.7455,,182.5,,29.4
1131,3.74815,,182.625,,29.55
1132,3.75079,,182.75,,29.7
1133,3.75343,,182.875,,29.85
1134,3.75607,,183,,30
1135,3.75875,,182,,29.8
1136,3.76235,,182,,29.9
1137,3.76594,,182,,30
1138,3.76954,,182,,30.1
1139,3.77314,,182,,30.2
1140,3.77673,,182,,30.3
1141,3.78033,,182,,30.4
1142,3.7833,,182,,30.6
1143,3.78628,,182,,30.8
1144,3.78925,,182,,31
1145,3.79185,,182.125,,31.125
1146,3.79445,,182.25,,31.25
1147,3.79705,,182.375,,31.375
1148,3.79965,,182.5,,31.5
1149,3.80225,,182.625,,31.625
1150,3.80485,,182.75,,31.75
1151,3.80745,,182.875,,31.875
1152,3.81005,,183,,32
1153,3.81358,,182.833,,32.1
1154,3.8171,,182.667,,32.2
1155,3.82063,,182.5,,32.3
1156,3.82416,,182.333,,32.4
1157,3.82768,,182.167,,32.5
1158,3.83121,,182,,32.6
1159,3.83513,,181.75,,32.7
1160,3.83904,,181.5,,32.8
1161,3.84295,,181.25,,32.9
1162,3.84687,,181,,33
1163,3.85052,,180.833,,33.1
1164,3.85418,,180.667,,33.2
1165,3.85783,,180.5,,33.3
1166,3.86148,,180.333,,33.4
1167,3.86514,,180.167,,33.5
1168,3.86879,,180,,33.6
1169,3.87214,,180.333,,33.6667
1170,3.87549,,180.667,,33.7333
1171,3.87884,,181,,33.8
1172,3.88219,,181.333,,33.8667
1173,3.88554,,181.667,,33.9333
1174,3.88889,,182,,34
1175,3.89219,,182,,34
1176,3.89548,,182,,34
1177,3.89878,,182,,34
1178,3.90208,,182,,34
1179,3.90538,,182,,34
1180,3.90867,,182,,34
1181,3.91197,,182,,34
1182,3.91536,,182.167,,33.9333
1183,3.91875,,182.333,,33.8667
1184,3.92213,,182.5,,33.8
1185,3.92552,,182.667,,33.7333
1186,3.92891,,182.833,,33.6667
1187,3.9323,,183,,33.6
1188,3.93537,,182.857,,33.5714
1189,3.93843,,182.714,,33.5429
1190,3.9415,,182.571,,33.5143
1191,3.94457,,182.429,,33.4857
1192,3.94764,,182.286,,33.4571
1193,3.9507,,182.143,,33.4286
1194,3.95377,,182,,33.4
1195,3.95679,,181.857,,33.4
1196,3.95982,,181.714,,33.4
1197,3.96284,,181.571,,33.4
1198,3.96586,,181.429,,33.4
1199,3.96888,,181.286,,33.4
1200,3.97191,,181.143,,33.4
1201,3.97493,,181,,33.4
1202,3.97787,,181,,33.1
1203,3.98081,,181,,32.8
1204,3.98327,,180.8,,32.72
1205,3.98573,,180.6,,32.64
1206,3.98818,,180.4,,32.56
1207,3.99064,,180.2,,32.48
1208,3.9931,,180,,32.4
1209,3.99403,,179.625,,32.35
1210,3.99496,,179.25,,32.3
1211,3.99588,,178.875,,32.25
1212,3.99681,,178.5,,32.2
1213,3.99774,,178.125,,32.15
1214,3.99866,,177.75,,32.1
1215,3.99959,,177.375,,32.05
1216,4.00052,,177,,32
1217,4.00308,,177,,31.9
1218,4.00564,,177,,31.8
1219,4.00853,,176.714,,31.7429
1220,4.01142,,176.429,,31.6857
1221,4.01431,,176.143,,31.6286
1222,4.01719,,175.857,,31.5714
1223,4.02008,,175.571,,31.5143
1224,4.02297,,175.286,,31.4571
1225,4.02586,,175,,31.4
1226,4.02952,,174.833,,31.3333
1227,4.03318,,174.667,,31.2667
1228,4.03683,,174.5,,31.2
1229,4.04049,,174.333,,31.1333
1230,4.04415,,174.167,,31.0667
1231,4.04781,,174,,31
1232,4.05142,,173.667,,30.9333
1233,4.05502,,173.333,,30.8667
1234,4.05863,,173,,30.8
1235,4.06181,,172.857,,30.8
1236,4.065,,172.714,,30.8
1237,4.06818,,172.571,,30.8
1238,4.07137,,172.429,,30.8
1239,4.07455,,172.286,,30.8
1240,4.07774,,172.143,,30.8
1241,4.08092,,172,,30.8
1242,4.08409,,171.857,,30.7429
1243,4.08726,,171.714,,30.6857
1244,4.09043,,171.571,,30.6286
1245,4.09359,,171.429,,30.5714
1246,4.09676,,171.286,,30.5143
1247,4.09993,,171.143,,30.4571
1248,4.1031,,171,,30.4
1249,4.1061,,171,,30.3429
1250,4.1091,,171,,30.2857
1251,4.1121,,171,,30.2286
1252,4.11511,,171,,30.1714
1253,4.11811,,171,,30.1143
1254,4.12111,,171,,30.0571
1255,4.12411,,171,,30
1256,4.1273,,171,,29.9
1257,4.13049,,171,,29.8
1258,4.13318,,170.875,,29.85
1259,4.13587,,170.75,,29.9
1260,4.13856,,170.625,,29.95
1261,4.14124,,170.5,,30
1262,4.14393,,170.375,,30.05
1263,4.14662,,170.25,,30.1
1264,4.14931,,170.125,,30.15
1265,4.152,,170,,30.2
1266,4.15504,,170.143,,30.2
1267,4.15808,,170.286,,30.2
1268,4.16112,,170.429,,30.2
1269,4.16417,,170.571,,30.2
1270,4.16721,,170.714,,30.2
1271,4.17025,,170.857,,30.2
1272,4.17329,,171,,30.2
1273,4.17644,,171,,30.2
1274,4.17958,,171,,30.2
1275,4.18273,,171,,30.2
1276,4.18588,,171,,30.2
1277,4.18903,,171,,30.2
1278,4.19217,,171,,30.2
1279,4.19532,,171,,30.2
1280,4.19873,,171,,30.1
1281,4.20214,,171,,30
1282,4.20555,,171,,29.9
1283,4.20896,,171,,29.8
1284,4.21237,,171,,29.7
1285,4.21578,,171,,29.6
1286,4.21904,,171.286,,29.6
1287,4.22229,,171.571,,29.6
1288,4.22555,,171.857,,29.6
1289,4.22881,,172.143,,29.6
1290,4.23207,,172.429,,29.6
1291,4.23532,,172.714,,29.6
1292,4.23858,,173,,29.6
1293,4.24184,,172.714,,29.5429
1294,4.2451,,172.429,,29.4857
1295,4.24836,,172.143,,29.4286
1296,4.25162,,171.857,,29.3714
1297,4.25488,,171.571,,29.3143
1298,4.25814,,171.286,,29.2571
1299,4.2614,,171,,29.2
1300,4.26494,,171,,29.08
1301,4.26848,,171,,28.96
1302,4.27201,,171,,28.84
1303,4.27555,,171,,28.72
1304,4.27909,,171,,28.6
1305,4.28289,,171.25,,28.3
1306,4.28669,,171.5,,28
1307,4.29049,,171.75,,27.7
1308,4.29429,,172,,27.4
1309,4.29803,,172,,27.3333
1310,4.30177,,172,,27.2667
1311,4.30551,,172,,27.2
1312,4.30926,,172,,27.1333
1313,4.313,,172,,27.0667
1314,4.31674,,172,,27
1315,4.32013,,172.167,,26.9
1316,4.32352,,172.333,,26.8
1317,4.32691,,172.5,,26.7
1318,4.33031,,172.667,,26.6
1319,4.3337,,172.833,,26.5
1320,4.33709,,173,,26.4
1321,4.3405,,173.167,,26.2667
1322,4.34391,,173.333,,26.1333
1323,4.34732,,173.5,,26
1324,4.35073,,173.667,,25.8667
1325,4.35414,,173.833,,25.7333
1326,4.35755,,174,,25.6
1327,4.36137,,174,,25.2
1328,4.36557,,174,,25.12
1329,4.36977,,174,,25.04
1330,4.37396,,174,,24.96
1331,4.37816,,174,,24.88
1332,4.38236,,174,,24.8
1333,4.386,,174,,24.65
1334,4.38964,,174,,24.5
1335,4.39327,,174,,24.35
1336,4.39691,,174,,24.2
1337,4.40021,,174,,24.1714
1338,4.40351,,174,,24.1429
1339,4.40681,,174,,24.1143
1340,4.41012,,174,,24.0857
1341,4.41342,,174,,24.0571
1342,4.41672,,174,,24.0286
1343,4.42002,,174,,24
1344,4.42335,,174,,23.9429
1345,4.42668,,174,,23.8857
1346,4.43001,,174,,23.8286
1347,4.43333,,174,,23.7714
1348,4.43666,,174,,23.7143
1349,4.43999,,174,,23.6571
1350,4.44332,,174,,23.6
1351,4.44668,,174,,23.5667
1352,4.45004,,174,,23.5333
1353,4.4534,,174,,23.5
1354,4.45676,,174,,23.4667
1355,4.46012,,174,,23.4333
1356,4.46348,,174,,23.4
1357,4.46714,,173.75,,23.3
1358,4.47079,,173.5,,23.2
1359,4.47445,,173.25,,23.1
1360,4.47811,,173,,23
1361,4.48161,,173.167,,22.8333
1362,4.48511,,173.333,,22.6667
1363,4.48861,,173.5,,22.5
1364,4.49212,,173.667,,22.3333
1365,4.49562,,173.833,,22.1667
1366,4.49912,,174,,22
1367,4.50272,,174,,21.8
1368,4.50633,,174,,21.6
1369,4.50993,,174,,21.4
1370,4.51354,,174,,21.2
1371,4.51714,,174,,21
1372,4.52083,,174,,20.8333
1373,4.52452,,174,,20.6667
1374,4.52822,,174,,20.5
1375,4.53191,,174,,20.3333
1376,4.5356,,174,,20.1667
1377,4.53929,,174,,20
1378,4.54275,,174.333,,19.7667
1379,4.54621,,174.667,,19.5333
1380,4.54967,,175,,19.3
1381,4.55312,,175.333,,19.0667
1382,4.55658,,175.667,,18.8333
1383,4.56004,,176,,18.6
1384,4.56362,,175.8,,18.4
1385,4.5672,,175.6,,18.2
1386,4.57077,,175.4,,18
1387,4.57435,,175.2,,17.8
1388,4.57793,,175,,17.6
1389,4.58158,,174.75,,17.35
1390,4.58523,,174.5,,17.1
1391,4.58887,,174.25,,16.85
1392,4.59252,,174,,16.6
1393,4.59604,,174,,16.36
1394,4.59956,,174,,16.12
1395,4.60308,,174,,15.88
1396,4.6066,,174,,15.64
1397,4.61012,,174,,15.4
1398,4.61359,,174,,15.2333
1399,4.61707,,174,,15.0667
1400,4.62054,,174,,14.9
1401,4.62401,,174,,14.7333
1402,4.62749,,174,,14.5667
1403,4.63096,,174,,14.4
1404,4.6342,,174,,14.2
1405,4.6376,,174,,14.1
1406,4.64099,,174,,14
1407,4.64438,,174,,13.9
1408,4.64778,,174,,13.8
1409,4.65117,,174,,13.7
1410,4.65457,,174,,13.6
1411,4.65811,,174,,13.4
1412,4.66165,,174,,13.2
1413,4.66482,,173.571,,13.1429
1414,4.66799,,173.143,,13.0857
1415,4.67116,,172.714,,13.0286
1416,4.67434,,172.286,,12.9714
1417,4.67751,,171.857,,12.9143
1418,4.68068,,171.429,,12.8571
1419,4.68385,,171,,12.8
1420,4.68703,,171.143,,12.7429
1421,4.69021,,171.286,,12.6857
1422,4.69339,,171.429,,12.6286
1423,4.69657,,171.571,,12.5714
1424,4.69975,,171.714,,12.5143
1425,4.70293,,171.857,,12.4571
1426,4.70611,,172,,12.4
1427,4.70937,,172.143,,12.3714
1428,4.71264,,172.286,,12.3429
1429,4.7159,,172.429,,12.3143
1430,4.71916,,172.571,,12.2857
1431,4.72242,,172.714,,12.2571
1432,4.72569,,172.857,,12.2286
1433,4.72895,,173,,12.2
1434,4.73212,,173,,12.2
1435,4.73529,,173,,12.2
1436,4.73846,,173,,12.2
1437,4.74162,,173,,12.2
1438,4.74479,,173,,12.2
1439,4.74796,,173,,12.2
1440,4.75113,,173,,12.2
1441,4.75546,,173,,12.2
1442,4.75886,,173.6,,12.2
1443,4.76226,,174.2,,12.2
1444,4.76566,,174.8,,12.2
1445,4.76906,,175.4,,12.2
1446,4.77246,,176,,12.2
1447,4.77608,,176,,12.1333
1448,4.7797,,176,,12.0667
1449,4.78331,,176,,12
1450,4.78693,,176,,11.9333
1451,4.79055,,176,,11.8667
1452,4.79417,,176,,11.8
1453,4.79767,,176.167,,11.8333
1454,4.80116,,176.333,,11.8667
1455,4.80466,,176.5,,11.9
1456,4.80816,,176.667,,11.9333
1457,4.81165,,176.833,,11.9667
1458,4.81515,,177,,12
1459,4.81849,,177.167,,12
1460,4.82183,,177.333,,12
1461,4.82517,,177.5,,12
1462,4.82852,,177.667,,12
1463,4.83186,,177.833,,12
1464,4.8352,,178,,12
1465,4.83826,,178.143,,12.0286
1466,4.84132,,178.286,,12.0571
1467,4.84438,,178.429,,12.0857
1468,4.84745,,178.571,,12.1143
1469,4.85051,,178.714,,12.1429
1470,4.85357,,178.857,,12.1714
1471,4.85663,,179,,12.2
1472,4.86011,,178.833,,12.1667
1473,4.86359,,178.667,,12.1333
1474,4.86707,,178.5,,12.1
1475,4.87056,,178.333,,12.0667
1476,4.87404,,178.167,,12.0333
1477,4.87752,,178,,12
1478,4.8809,,178.167,,12.0333
1479,4.88428,,178.333,,12.0667
1480,4.88766,,178.5,,12.1
1481,4.89104,,178.667,,12.1333
1482,4.89442,,178.833,,12.1667
1483,4.8978,,179,,12.2
1484,4.901,,179,,12.2571
1485,4.9042,,179,,12.3143
1486,4.9074,,179,,12.3714
1487,4.91059,,179,,12.4286
1488,4.91379,,179,,12.4857
1489,4.91699,,179,,12.5429
1490,4.92019,,179,,12.6
1491,4.92368,,178.833,,12.6
1492,4.92716,,178.667,,12.6
1493,4.93065,,178.5,,12.6
1494,4.93414,,178.333,,12.6
1495,4.93762,,178.167,,12.6
1496,4.94111,,178,,12.6
1497,4.94476,,178,,12.5667
1498,4.94842,,178,,12.5333
1499,4.95207,,178,,12.5
1500,4.95572,,178,,12.4667
1501,4.95938,,178,,12.4333
1502,4.96303,,178,,12.4
1503,4.96664,,178.167,,12.3667
1504,4.97026,,178.333,,12.3333
1505,4.97387,,178.5,,12.3
1506,4.97749,,178.667,,12.2667
1507,4.98111,,178.833,,12.2333
1508,4.98472,,179,,12.2
1509,4.98797,,179.2,,12.16
1510,4.99122,,179.4,,12.12
1511,4.99446,,179.6,,12.08
1512,4.99771,,179.8,,12.04
1513,5.00096,,180,,12
1514,5.00448,,179.833,,12.0333
1515,5.00801,,179.667,,12.0667
1516,5.01154,,179.5,,12.1
1517,5.01506,,179.333,,12.1333
1518,5.01858,,179.167,,12.1667
1519,5.02211,,179,,12.2
1520,5.02567,,173.5,,12.2
1521,5.02922,,168,,12.2
1522,5.03288,,168,,12.2
1523,5.03635,,172,,12.4
1524,5.03989,,174,,12.3
1525,5.04343,,176,,12.2
1526,5.04667,,176.5,,12.2333
1527,5.04991,,177,,12.2667
1528,5.05314,,177.5,,12.3
1529,5.05638,,178,,12.3333
1530,5.05962,,178.5,,12.3667
1531,5.06286,,179,,12.4
1532,5.06622,,179.143,,12.4
1533,5.06957,,179.286,,12.4
1534,5.07293,,179.429,,12.4
1535,5.07628,,179.571,,12.4
1536,5.07964,,179.714,,12.4
1537,5.08299,,179.857,,12.4
1538,5.08635,,180,,12.4
1539,5.08951,,180,,12.4
1540,5.09267,,180,,12.4
1541,5.09583,,180,,12.4
1542,5.099,,180,,12.4
1543,5.10216,,180,,12.4
1544,5.10532,,180,,12.4
1545,5.10848,,180,,12.4
1546,5.11156,,180,,12.3714
1547,5.11463,,180,,12.3429
1548,5.11771,,180,,12.3143
1549,5.12079,,180,,12.2857
1550,5.12387,,180,,12.2571
1551,5.12694,,180,,12.2286
1552,5.13002,,180,,12.2
1553,5.1333,,180,,12.2
1554,5.13658,,180,,12.2
1555,5.13986,,180,,12.2
1556,5.14314,,180,,12.2
1557,5.14642,,180,,12.2
1558,5.1497,,180,,12.2
1559,5.15298,,180,,12.2
1560,5.15617,,180,,12.2
1561,5.15935,,180,,12.2
1562,5.16254,,180,,12.2
1563,5.16572,,180,,12.2
1564,5.16891,,180,,12.2
1565,5.17209,,180,,12.2
1566,5.17528,,180,,12.2
1567,5.17864,,180,,12.1667
1568,5.18199,,180,,12.1333
1569,5.18535,,180,,12.1
1570,5.18871,,180,,12.0667
1571,5.19206,,180,,12.0333
1572,5.19542,,180,,12
1573,5.1989,,180,,12
1574,5.20238,,180,,12
1575,5.20586,,180,,12
1576,5.20934,,180,,12
1577,5.21282,,180,,12
1578,5.2163,,180,,12
1579,5.21962,,180,,12
1580,5.22294,,180,,12
1581,5.22626,,180,,12
1582,5.22958,,180,,12
1583,5.2329,,180,,12
1584,5.23622,,180,,12
1585,5.23954,,180,,12
1586,5.24292,,179.833,,11.9667
1587,5.2463,,179.667,,11.9333
1588,5.24967,,179.5,,11.9
1589,5.25305,,179.333,,11.8667
1590,5.25643,,179.167,,11.8333
1591,5.25981,,179,,11.8
1592,5.26346,,179,,11.7333
1593,5.26712,,179,,11.6667
1594,5.27077,,179,,11.6
1595,5.27442,,179,,11.5333
1596,5.27808,,179,,11.4667
1597,5.28173,,179,,11.4
1598,5.28514,,179,,11.4333
1599,5.28856,,179,,11.4667
1600,5.29197,,179,,11.5
1601,5.29539,,179,,11.5333
1602,5.2988,,179,,11.5667
1603,5.30222,,179,,11.6
1604,5.30554,,179,,11.5714
1605,5.30885,,179,,11.5429
1606,5.31217,,179,,11.5143
1607,5.31549,,179,,11.4857
1608,5.31881,,179,,11.4571
1609,5.32212,,179,,11.4286
1610,5.32544,,179,,11.4
1611,5.32878,,179.143,,11.4286
1612,5.33212,,179.286,,11.4571
1613,5.33546,,179.429,,11.4857
1614,5.33879,,179.571,,11.5143
1615,5.34213,,179.714,,11.5429
1616,5.34547,,179.857,,11.5714
1617,5.34881,,180,,11.6
1618,5.35197,,180,,11.5429
1619,5.35513,,180,,11.4857
1620,5.35829,,180,,11.4286
1621,5.36146,,180,,11.3714
1622,5.36462,,180,,11.3143
1623,5.36778,,180,,11.2571
1624,5.37094,,180,,11.2
1625,5.37416,,180,,11.2
1626,5.37739,,180,,11.2
1627,5.38057,,179.857,,11.2
1628,5.38374,,179.714,,11.2
1629,5.38692,,179.571,,11.2
1630,5.39009,,179.429,,11.2
1631,5.39327,,179.286,,11.2
1632,5.39644,,179.143,,11.2
1633,5.39962,,179,,11.2
1634,5.40261,,178.857,,11.2
1635,5.4056,,178.714,,11.2
1636,5.40859,,178.571,,11.2
1637,5.41157,,178.429,,11.2
1638,5.41456,,178.286,,11.2
1639,5.41755,,178.143,,11.2
1640,5.42054,,178,,11.2
1641,5.42324,,178.125,,11.225
1642,5.42595,,178.25,,11.25
1643,5.42865,,178.375,,11.275
1644,5.43135,,178.5,,11.3
1645,5.43406,,178.625,,11.325
1646,5.43676,,178.75,,11.35
1647,5.43947,,178.875,,11.375
1648,5.44217,,179,,11.4
1649,5.44486,,178.875,,11.425
1650,5.44756,,178.75,,11.45
1651,5.45025,,178.625,,11.475
1652,5.45294,,178.5,,11.5
1653,5.45564,,178.375,,11.525
1654,5.45833,,178.25,,11.55
1655,5.46103,,178.125,,11.575
1656,5.46372,,178,,11.6
1657,5.46683,,177.857,,11.6857
1658,5.46994,,177.714,,11.7714
1659,5.47305,,177.571,,11.8571
1660,5.47616,,177.429,,11.9429
1661,5.47927,,177.286,,12.0286
1662,5.48238,,177.143,,12.1143
1663,5.48549,,177,,12.2
1664,5.48817,,177,,12.225
1665,5.49085,,177,,12.25
1666,5.49352,,177,,12.275
1667,5.4962,,177,,12.3
1668,5.49888,,177,,12.325
1669,5.50156,,177,,12.35
1670,5.50423,,177,,12.375
1671,5.50691,,177,,12.4
1672,5.50859,,177.333,,12.4
1673,5.51027,,177.667,,12.4
1674,5.51195,,178,,12.4
1675,5.51421,,177.8,,12.4
1676,5.51648,,177.6,,12.4
1677,5.51874,,177.4,,12.4
1678,5.52101,,177.2,,12.4
1679,5.52327,,177,,12.4
1680,5.52553,,176.8,,12.4
1681,5.5278,,176.6,,12.4
1682,5.53006,,176.4,,12.4
1683,5.53233,,176.2,,12.4
1684,5.53459,,176,,12.4
1685,5.53756,,175.857,,12.4286
1686,5.54053,,175.714,,12.4571
1687,5.5435,,175.571,,12.4857
1688,5.54648,,175.429,,12.5143
1689,5.54945,,175.286,,12.5429
1690,5.55242,,175.143,,12.5714
1691,5.55539,,175,,12.6
1692,5.55841,,174.857,,12.6286
1693,5.56142,,174.714,,12.6571
1694,5.56444,,174.571,,12.6857
1695,5.56746,,174.429,,12.7143
1696,5.57048,,174.286,,12.7429
1697,5.57349,,174.143,,12.7714
1698,5.57651,,174,,12.8
1699,5.57956,,174,,12.8
1700,5.58261,,174,,12.8
1701,5.58566,,174,,12.8
1702,5.58871,,174,,12.8
1703,5.59176,,174,,12.8
1704,5.59481,,174,,12.8
1705,5.59786,,174,,12.8
1706,5.60112,,174.143,,12.7429
1707,5.60438,,174.286,,12.6857
1708,5.60764,,174.429,,12.6286
1709,5.61089,,174.571,,12.5714
1710,5.61415,,174.714,,12.5143
1711,5.61741,,174.857,,12.4571
1712,5.62067,,175,,12.4
1713,5.62349,,175,,12.375
1714,5.6263,,175,,12.35
1715,5.62912,,175,,12.325
1716,5.63194,,175,,12.3
1717,5.63476,,175,,12.275
1718,5.63758,,175,,12.25
1719,5.64039,,175,,12.225
1720,5.64321,,175,,12.2
1721,5.64655,,175,,12.2
1722,5.6499,,175,,12.2
1723,5.65324,,175,,12.2
1724,5.65658,,175,,12.2
1725,5.65993,,175,,12.2
1726,5.66327,,175,,12.2
1727,5.66674,,175,,12.1333
1728,5.67021,,175,,12.0667
1729,5.67368,,175,,12
1730,5.67715,,175,,11.9333
1731,5.68062,,175,,11.8667
1732,5.68409,,175,,11.8
1733,5.68705,,174.857,,11.7714
1734,5.69001,,174.714,,11.7429
1735,5.69297,,174.571,,11.7143
1736,5.69594,,174.429,,11.6857
1737,5.6989,,174.286,,11.6571
1738,5.70186,,174.143,,11.6286
1739,5.70482,,174,,11.6
1740,5.70791,,173.857,,11.6286
1741,5.71101,,173.714,,11.6571
1742,5.7141,,173.571,,11.6857
1743,5.71719,,173.429,,11.7143
1744,5.72028,,173.286,,11.7429
1745,5.72338,,173.143,,11.7714
1746,5.72647,,173,,11.8
1747,5.72918,,172.75,,11.825
1748,5.73189,,172.5,,11.85
1749,5.73459,,172.25,,11.875
1750,5.7373,,172,,11.9
1751,5.74001,,171.75,,11.925
1752,5.74271,,171.5,,11.95
1753,5.74542,,171.25,,11.975
1754,5.74813,,171,,12
1755,5.75112,,170.714,,11.9714
1756,5.75411,,170.429,,11.9429
1757,5.7571,,170.143,,11.9143
1758,5.76008,,169.857,,11.8857
1759,5.76307,,169.571,,11.8571
1760,5.76606,,169.286,,11.8286
1761,5.76905,,169,,11.8
1762,5.77212,,168.857,,11.8571
1763,5.7752,,168.714,,11.9143
1764,5.77827,,168.571,,11.9714
1765,5.78135,,168.429,,12.0286
1766,5.78442,,168.286,,12.0857
1767,5.7875,,168.143,,12.1429
1768,5.79057,,168,,12.2
1769,5.79375,,168,,12.1714
1770,5.79694,,168,,12.1429
1771,5.80012,,168,,12.1143
1772,5.80331,,168,,12.0857
1773,5.80649,,168,,12.0571
1774,5.80968,,168,,12.0286
1775,5.81286,,168,,12
1776,5.81593,,168,,12
1777,5.819,,168,,12
1778,5.82207,,168,,12
1779,5.82515,,168,,12
1780,5.82822,,168,,12
1781,5.83129,,168,,12
1782,5.83436,,168,,12
1783,5.83735,,168.6,,12
1784,5.84034,,169.2,,12
1785,5.84334,,169.8,,12
1786,5.84633,,170.4,,12
1787,5.84932,,171,,12
1788,5.85233,,171.143,,12
1789,5.85534,,171.286,,12
1790,5.85835,,171.429,,12
1791,5.86136,,171.571,,12
1792,5.86437,,171.714,,12
1793,5.86738,,171.857,,12
1794,5.87039,,172,,12
1795,5.87325,,171.875,,11.975
1796,5.87611,,171.75,,11.95
1797,5.87897,,171.625,,11.925
1798,5.88183,,171.5,,11.9
1799,5.88469,,171.375,,11.875
1800,5.88755,,171.25,,11.85
1801,5.89041,,171.125,,11.825
1802,5.89327,,171,,11.8
1803,5.89609,,171,,11.8
1804,5.89891,,171,,11.8
1805,5.90173,,171,,11.8
1806,5.90455,,171,,11.8
1807,5.90736,,171,,11.8
1808,5.91018,,171,,11.8
1809,5.913,,171,,11.8
1810,5.91582,,171,,11.8
1811,5.91869,,171.143,,11.7714
1812,5.92156,,171.286,,11.7429
1813,5.92443,,171.429,,11.7143
1814,5.92731,,171.571,,11.6857
1815,5.93018,,171.714,,11.6571
1816,5.93305,,171.857,,11.6286
1817,5.93592,,172,,11.6
1818,5.93891,,172.286,,11.6286
1819,5.9419,,172.571,,11.6571
1820,5.94489,,172.857,,11.6857
1821,5.94789,,173.143,,11.7143
1822,5.95088,,173.429,,11.7429
1823,5.95387,,173.714,,11.7714
1824,5.95686,,174,,11.8
1825,5.95977,,174,,11.8286
1826,5.96268,,174,,11.8571
1827,5.96559,,174,,11.8857
1828,5.96851,,174,,11.9143
1829,5.97142,,174,,11.9429
1830,5.97433,,174,,11.9714
1831,5.97724,,174,,12
1832,5.98042,,174.143,,12.0286
1833,5.9836,,174.286,,12.0571
1834,5.98678,,174.429,,12.0857
1835,5.98997,,174.571,,12.1143
1836,5.99315,,174.714,,12.1429
1837,5.99633,,174.857,,12.1714
1838,5.99951,,175,,12.2
1839,6.00275,,175,,12.2
1840,6.00581,,174.857,,12.2
1841,6.00886,,174.714,,12.2
1842,6.01192,,174.571,,12.2
1843,6.01498,,174.429,,12.2
1844,6.01804,,174.286,,12.2
1845,6.02109,,174.143,,12.2
1846,6.02415,,174,,12.2
1847,6.02705,,174,,12.1714
1848,6.02994,,174,,12.1429
1849,6.03284,,174,,12.1143
1850,6.03574,,174,,12.0857
1851,6.03864,,174,,12.0571
1852,6.04153,,174,,12.0286
1853,6.04443,,174,,12
1854,6.04756,,173.857,,11.9714
1855,6.0507,,173.714,,11.9429
1856,6.05383,,173.571,,11.9143
1857,6.05696,,173.429,,11.8857
1858,6.06009,,173.286,,11.8571
1859,6.06323,,173.143,,11.8286
1860,6.06636,,173,,11.8
1861,6.06947,,173.143,,11.7714
1862,6.07257,,173.286,,11.7429
1863,6.07568,,173.429,,11.7143
1864,6.07878,,173.571,,11.6857
1865,6.08189,,173.714,,11.6571
1866,6.08499,,173.857,,11.6286
1867,6.0881,,174,,11.6
1868,6.09128,,173.857,,11.5429
1869,6.09447,,173.714,,11.4857
1870,6.09765,,173.571,,11.4286
1871,6.10084,,173.429,,11.3714
1872,6.10402,,173.286,,11.3143
1873,6.10721,,173.143,,11.2571
1874,6.11039,,173,,11.2
1875,6.11352,,173,,11.2
1876,6.11651,,172.857,,11.1143
1877,6.1195,,172.714,,11.0286
1878,6.12249,,172.571,,10.9429
1879,6.12548,,172.429,,10.8571
1880,6.12847,,172.286,,10.7714
1881,6.13146,,172.143,,10.6857
1882,6.13445,,172,,10.6
1883,6.13737,,172.125,,10.675
1884,6.14029,,172.25,,10.75
1885,6.14321,,172.375,,10.825
1886,6.14614,,172.5,,10.9
1887,6.14906,,172.625,,10.975
1888,6.15198,,172.75,,11.05
1889,6.1549,,172.875,,11.125
1890,6.15782,,173,,11.2
1891,6.16105,,173,,11.2
1892,6.16428,,173,,11.2
1893,6.16751,,173,,11.2
1894,6.17074,,173,,11.2
1895,6.17397,,173,,11.2
1896,6.1772,,173,,11.2
1897,6.18043,,173,,11.2
1898,6.1836,,173.143,,11.2571
1899,6.18676,,173.286,,11.3143
1900,6.18993,,173.429,,11.3714
1901,6.19309,,173.571,,11.4286
1902,6.19626,,173.714,,11.4857
1903,6.19942,,173.857,,11.5429
1904,6.20259,,174,,11.6
1905,6.20495,,174.25,,11.75
1906,6.20731,,174.5,,11.9
1907,6.20967,,174.75,,12.05
1908,6.21203,,175,,12.2
1909,6.21445,,174.889,,12.3111
1910,6.21688,,174.778,,12.4222
1911,6.2193,,174.667,,12.5333
1912,6.22173,,174.556,,12.6444
1913,6.22415,,174.444,,12.7556
1914,6.22658,,174.333,,12.8667
1915,6.229,,174.222,,12.9778
1916,6.23143,,174.111,,13.0889
1917,6.23385,,174,,13.2
1918,6.23666,,174.143,,13.3429
1919,6.23946,,174.286,,13.4857
1920,6.24227,,174.429,,13.6286
1921,6.24507,,174.571,,13.7714
1922,6.24788,,174.714,,13.9143
1923,6.25068,,174.857,,14.0571
1924,6.25349,,175,,14.2
1925,6.25611,,175.429,,14.3429
1926,6.25873,,175.857,,14.4857
1927,6.26135,,176.286,,14.6286
1928,6.26396,,176.714,,14.7714
1929,6.26658,,177.143,,14.9143
1930,6.2692,,177.571,,15.0571
1931,6.27182,,178,,15.2
1932,6.27447,,178,,15.4
1933,6.27705,,178,,15.6
1934,6.27963,,178,,15.8
1935,6.28222,,178,,16
1936,6.2848,,178,,16.2
1937,6.28738,,178,,16.4
1938,6.28987,,178.167,,16.5667
1939,6.29236,,178.333,,16.7333
1940,6.29486,,178.5,,16.9
1941,6.29735,,178.667,,17.0667
1942,6.29984,,178.833,,17.2333
1943,6.30233,,179,,17.4
1944,6.3054,,179.167,,17.5667
1945,6.30847,,179.333,,17.7333
1946,6.31154,,179.5,,17.9
1947,6.3146,,179.667,,18.0667
1948,6.31767,,179.833,,18.2333
1949,6.32074,,180,,18.4
1950,6.32348,,180,,18.55
1951,6.32622,,180,,18.7
1952,6.32896,,180,,18.85
1953,6.33169,,180,,19
1954,6.33443,,180,,19.15
1955,6.33717,,180,,19.3
1956,6.33991,,180,,19.45
1957,6.34265,,180,,19.6
1958,6.34532,,179.875,,19.65
1959,6.34799,,179.75,,19.7
1960,6.35066,,179.625,,19.75
1961,6.35333,,179.5,,19.8
1962,6.356,,179.375,,19.85
1963,6.35867,,179.25,,19.9
1964,6.36134,,179.125,,19.95
1965,6.36401,,179,,20
1966,6.36661,,179.2,,20.16
1967,6.36922,,179.4,,20.32
1968,6.37182,,179.6,,20.48
1969,6.37443,,179.8,,20.64
1970,6.37703,,180,,20.8
1971,6.37962,,180,,20.875
1972,6.38221,,180,,20.95
1973,6.3848,,180,,21.025
1974,6.38739,,180,,21.1
1975,6.38998,,180,,21.175
1976,6.39257,,180,,21.25
1977,6.39516,,180,,21.325
1978,6.39775,,180,,21.4
1979,6.40026,,180,,21.5333
1980,6.40277,,180,,21.6667
1981,6.40528,,180,,21.8
1982,6.40789,,180,,22.05
1983,6.41051,,180,,22.3
1984,6.41313,,180,,22.55
1985,6.41574,,180,,22.8
1986,6.41863,,180,,22.9667
1987,6.42151,,180,,23.1333
1988,6.4244,,180,,23.3
1989,6.42728,,180,,23.4667
1990,6.43016,,180,,23.6333
1991,6.43305,,180,,23.8
1992,6.43577,,180,,24.08
1993,6.43849,,180,,24.36
1994,6.44122,,180,,24.64
1995,6.44394,,180,,24.92
1996,6.44666,,180,,25.2
1997,6.44959,,180.25,,25.45
1998,6.45252,,180.5,,25.7
1999,6.45544,,180.75,,25.95
2000,6.45837,,181,,26.2
2001,6.46106,,181.2,,26.44
2002,6.46374,,181.4,,26.68
2003,6.46643,,181.6,,26.92
2004,6.46911,,181.8,,27.16
2005,6.4718,,182,,27.4
2006,6.47443,,182,,27.6
2007,6.47707,,182,,27.8
2008,6.4797,,182,,28
2009,6.48233,,182,,28.2
2010,6.48497,,182,,28.4
2011,6.4876,,182,,28.6
2012,6.49016,,182,,28.7429
2013,6.49273,,182,,28.8857
2014,6.49529,,182,,29.0286
2015,6.49786,,182,,29.1714
2016,6.50042,,182,,29.3143
2017,6.50299,,182,,29.4571
2018,6.50555,,182,,29.6
2019,6.50787,,182.143,,29.7714
2020,6.5102,,182.286,,29.9429
2021,6.51252,,182.429,,30.1143
2022,6.51484,,182.571,,30.2857
2023,6.51716,,182.714,,30.4571
2024,6.51949,,182.857,,30.6286
2025,6.52181,,183,,30.8
2026,6.52453,,182.75,,31.15
2027,6.52726,,182.5,,31.5
2028,6.52998,,182.25,,31.85
2029,6.5327,,182,,32.2
2030,6.53534,,181.667,,32.6
2031,6.53797,,181.333,,33
2032,6.54061,,181,,33.4
2033,6.54303,,181,,33.6
2034,6.54545,,181,,33.8
2035,6.54786,,181,,34
2036,6.55028,,181,,34.2
2037,6.5527,,181,,34.4
2038,6.55512,,181,,34.6
2039,6.55739,,181,,34.775
2040,6.55965,,181,,34.95
2041,6.56192,,181,,35.125
2042,6.56419,,181,,35.3
2043,6.56645,,181,,35.475
2044,6.56872,,181,,35.65
2045,6.57098,,181,,35.825
2046,6.57325,,181,,36
2047,6.57572,,180.889,,36.0222
2048,6.5782,,180.778,,36.0444
2049,6.58067,,180.667,,36.0667
2050,6.58314,,180.556,,36.0889
2051,6.58562,,180.444,,36.1111
2052,6.58809,,180.333,,36.1333
2053,6.59056,,180.222,,36.1556
2054,6.59304,,180.111,,36.1778
2055,6.59551,,180,,36.2
2056,6.59816,,180,,36.3429
2057,6.60081,,180,,36.4857
2058,6.60346,,180,,36.6286
2059,6.60611,,180,,36.7714
2060,6.60876,,180,,36.9143
2061,6.61141,,180,,37.0571
2062,6.61406,,180,,37.2
2063,6.61633,,180,,37.44
2064,6.6186,,180,,37.68
2065,6.62088,,180,,37.92
2066,6.62315,,180,,38.16
2067,6.62542,,180,,38.4
2068,6.62754,,179.9,,38.48
2069,6.62967,,179.8,,38.56
2070,6.63179,,179.7,,38.64
2071,6.63392,,179.6,,38.72
2072,6.63604,,179.5,,38.8
2073,6.63816,,179.4,,38.88
2074,6.64029,,179.3,,38.96
2075,6.64241,,179.2,,39.04
2076,6.64454,,179.1,,39.12
2077,6.64666,,179,,39.2
2078,6.64861,,179.5,,39.4
2079,6.65057,,180,,39.6
2080,6.65254,,179.6,,39.92
2081,6.6545,,179.2,,40.24
2082,6.65647,,178.8,,40.56
2083,6.65843,,178.4,,40.88
2084,6.6604,,178,,41.2
2085,6.66254,,178.143,,41.2857
2086,6.66468,,178.286,,41.3714
2087,6.66682,,178.429,,41.4571
2088,6.66896,,178.571,,41.5429
2089,6.6711,,178.714,,41.6286
2090,6.67324,,178.857,,41.7143
2091,6.67538,,179,,41.8
2092,6.6776,,179,,42.1
2093,6.67982,,179,,42.4
2094,6.68268,,179,,42.7
2095,6.68553,,179,,43
2096,6.68839,,179,,43.3
2097,6.69125,,179,,43.6
2098,6.69411,,179,,43.725
2099,6.69697,,179,,43.85
2100,6.69983,,179,,43.975
2101,6.70269,,179,,44.1
2102,6.70554,,179,,44.225
2103,6.7084,,179,,44.35
2104,6.71126,,179,,44.475
2105,6.71412,,179,,44.6
2106,6.71717,,179,,44.9333
2107,6.72021,,179,,45.2667
2108,6.72326,,179,,45.6
2109,6.72617,,179.333,,45.9333
2110,6.72908,,179.667,,46.2667
2111,6.73199,,180,,46.6
2112,6.73461,,180.125,,46.7
2113,6.73722,,180.25,,46.8
2114,6.73984,,180.375,,46.9
2115,6.74246,,180.5,,47
2116,6.74508,,180.625,,47.1
2117,6.7477,,180.75,,47.2
2118,6.75031,,180.875,,47.3
2119,6.75293,,181,,47.4
2120,6.75515,,181,,47.4667
2121,6.75736,,181,,47.5333
2122,6.75958,,181,,47.6
2123,6.76193,,180.875,,47.775
2124,6.76428,,180.75,,47.95
2125,6.76663,,180.625,,48.125
2126,6.76897,,180.5,,48.3
2127,6.77132,,180.375,,48.475
2128,6.77367,,180.25,,48.65
2129,6.77602,,180.125,,48.825
2130,6.77837,,180,,49
2131,6.78067,,180.111,,49.0889
2132,6.78297,,180.222,,49.1778
2133,6.78527,,180.333,,49.2667
2134,6.78757,,180.444,,49.3556
2135,6.78986,,180.556,,49.4444
2136,6.79216,,180.667,,49.5333
2137,6.79446,,180.778,,49.6222
2138,6.79676,,180.889,,49.7111
2139,6.79906,,181,,49.8
2140,6.80183,,180.75,,50.1
2141,6.80459,,180.5,,50.4
2142,6.80736,,180.25,,50.7
2143,6.81012,,180,,51
2144,6.81232,,180,,51.24
2145,6.81452,,180,,51.48
2146,6.81671,,180,,51.72
2147,6.81891,,180,,51.96
2148,6.82111,,180,,52.2
2149,6.8225,,180,,52.35
2150,6.8239,,180,,52.5
2151,6.8253,,180,,52.65
2152,6.82669,,180,,52.8
2153,6.82824,,180,,53
2154,6.82978,,180,,53.2
2155,6.83235,,179.875,,53.3
2156,6.83493,,179.75,,53.4
2157,6.8375,,179.625,,53.5
2158,6.84008,,179.5,,53.6
2159,6.84265,,179.375,,53.7
2160,6.84522,,179.25,,53.8
2161,6.8478,,179.125,,53.9
2162,6.85037,,179,,54
2163,6.85266,,179.5,,54.2
2164,6.85494,,180,,54.4
2165,6.85745,,179.857,,54.5429
2166,6.85997,,179.714,,54.6857
2167,6.86248,,179.571,,54.8286
2168,6.865,,179.429,,54.9714
2169,6.86751,,179.286,,55.1143
2170,6.87003,,179.143,,55.2571
2171,6.87254,,179,,55.4
2172,6.8752,,178.857,,55.5429
2173,6.87787,,178.714,,55.6857
2174,6.88053,,178.571,,55.8286
2175,6.8832,,178.429,,55.9714
2176,6.88586,,178.286,,56.1143
2177,6.88853,,178.143,,56.2571
2178,6.89119,,178,,56.4
2179,6.89416,,178,,56.4286
2180,6.89714,,178,,56.4571
2181,6.90011,,178,,56.4857
2182,6.90309,,178,,56.5143
2183,6.90606,,178,,56.5429
2184,6.90904,,178,,56.5714
2185,6.91201,,178,,56.6
2186,6.91491,,178.25,,56.85
2187,6.91781,,178.5,,57.1
2188,6.92071,,178.75,,57.35
2189,6.92361,,179,,57.6
2190,6.92656,,179,,57.6857
2191,6.9295,,179,,57.7714
2192,6.93245,,179,,57.8571
2193,6.93539,,179,,57.9429
2194,6.93834,,179,,58.0286
2195,6.94128,,179,,58.1143
2196,6.94423,,179,,58.2
2197,6.9465,,179.143,,58.2571
2198,6.94877,,179.286,,58.3143
2199,6.95104,,179.429,,58.3714
2200,6.9533,,179.571,,58.4286
2201,6.95557,,179.714,,58.4857
2202,6.95784,,179.857,,58.5429
2203,6.96011,,180,,58.6
2204,6.96219,,179.5,,59.2
2205,6.96427,,179,,59.8
2206,6.96668,,178.889,,59.8667
2207,6.9691,,178.778,,59.9333
2208,6.97151,,178.667,,60
2209,6.97393,,178.556,,60.0667
2210,6.97634,,178.444,,60.1333
2211,6.97876,,178.333,,60.2
2212,6.98117,,178.222,,60.2667
2213,6.98359,,178.111,,60.3333
2214,6.986,,178,,60.4
2215,6.98866,,178,,60.6
2216,6.99133,,178,,60.8
2217,6.99399,,178,,61
2218,6.9969,,178,,61.0667
2219,6.99981,,178,,61.1333
2220,7.00272,,178,,61.2
2221,7.00554,,178,,61.325
2222,7.00837,,178,,61.45
2223,7.01119,,178,,61.575
2224,7.01402,,178,,61.7
2225,7.01684,,178,,61.825
2226,7.01966,,178,,61.95
2227,7.02249,,178,,62.075
2228,7.02531,,178,,62.2
2229,7.0284,,178,,62.45
2230,7.03149,,178,,62.7
2231,7.03459,,178,,62.95
2232,7.03768,,178,,63.2
2233,7.04021,,178.111,,63.3111
2234,7.04274,,178.222,,63.4222
2235,7.04528,,178.333,,63.5333
2236,7.04781,,178.444,,63.6444
2237,7.05034,,178.556,,63.7556
2238,7.05287,,178.667,,63.8667
2239,7.05541,,178.778,,63.9778
2240,7.05794,,178.889,,64.0889
2241,7.06047,,179,,64.2
2242,7.06227,,179,,64.4
2243,7.06482,,179,,64.64
2244,7.06737,,179,,64.88
2245,7.06993,,179,,65.12
2246,7.07248,,179,,65.36
2247,7.07503,,179,,65.6
2248,7.07744,,179,,65.6667
2249,7.07985,,179,,65.7333
2250,7.08226,,179,,65.8
2251,7.08467,,179,,65.8667
2252,7.08708,,179,,65.9333
2253,7.08949,,179,,66
2254,7.0919,,179,,66.0667
2255,7.09431,,179,,66.1333
2256,7.09672,,179,,66.2
2257,7.09899,,178.5,,66.5
2258,7.10126,,178,,66.8
2259,7.10363,,178,,67.15
2260,7.10601,,178,,67.5
2261,7.10839,,178,,67.85
2262,7.11076,,178,,68.2
2263,7.11341,,178.125,,68.25
2264,7.11606,,178.25,,68.3
2265,7.11871,,178.375,,68.35
2266,7.12136,,178.5,,68.4
2267,7.12402,,178.625,,68.45
2268,7.12667,,178.75,,68.5
2269,7.12932,,178.875,,68.55
2270,7.13197,,179,,68.6
2271,7.13472,,179,,68.9
2272,7.13747,,179,,69.2
2273,7.14009,,179,,69.35
2274,7.14271,,179,,69.5
2275,7.14533,,179,,69.65
2276,7.14795,,179,,69.8
2277,7.15058,,179,,69.95
2278,7.1532,,179,,70.1
2279,7.15582,,179,,70.25
2280,7.15844,,179,,70.4
2281,7.16053,,178.8,,70.64
2282,7.16261,,178.6,,70.88
2283,7.1647,,178.4,,71.12
2284,7.16678,,178.2,,71.36
2285,7.16887,,178,,71.6
2286,7.17108,,178,,71.9
2287,7.17328,,178,,72.2
2288,7.17549,,178,,72.5
2289,7.1777,,178,,72.8
2290,7.17992,,178.111,,72.8667
2291,7.18215,,178.222,,72.9333
2292,7.18437,,178.333,,73
2293,7.18659,,178.444,,73.0667
2294,7.18882,,178.556,,73.1333
2295,7.19104,,178.667,,73.2
2296,7.19326,,178.778,,73.2667
2297,7.19549,,178.889,,73.3333
2298,7.19771,,179,,73.4
2299,7.20034,,178.833,,73.5
2300,7.20297,,178.667,,73.6
2301,7.20561,,178.5,,73.7
2302,7.20824,,178.333,,73.8
2303,7.21087,,178.167,,73.9
2304,7.2135,,178,,74
2305,7.21614,,178.125,,74.1
2306,7.21879,,178.25,,74.2
2307,7.22143,,178.375,,74.3
2308,7.22408,,178.5,,74.4
2309,7.22672,,178.625,,74.5
2310,7.22936,,178.75,,74.6
2311,7.23201,,178.875,,74.7
2312,7.23465,,179,,74.8
2313,7.23706,,179,,74.8
2314,7.23999,,178.857,,74.8857
2315,7.24292,,178.714,,74.9714
2316,7.24585,,178.571,,75.0571
2317,7.24879,,178.429,,75.1429
2318,7.25172,,178.286,,75.2286
2319,7.25465,,178.143,,75.3143
2320,7.25758,,178,,75.4
2321,7.26016,,178,,75.52
2322,7.26273,,178,,75.64
2323,7.26531,,178,,75.76
2324,7.26788,,178,,75.88
2325,7.27046,,178,,76
2326,7.27328,,178.125,,76
2327,7.27609,,178.25,,76
2328,7.27891,,178.375,,76
2329,7.28172,,178.5,,76
2330,7.28454,,178.625,,76
2331,7.28736,,178.75,,76
2332,7.29017,,178.875,,76
2333,7.29299,,179,,76
2334,7.29563,,178.875,,76.05
2335,7.29828,,178.75,,76.1
2336,7.30092,,178.625,,76.15
2337,7.30357,,178.5,,76.2
2338,7.30621,,178.375,,76.25
2339,7.30886,,178.25,,76.3
2340,7.3115,,178.125,,76.35
2341,7.31415,,178,,76.4
2342,7.31709,,177.667,,76.6
2343,7.32003,,177.333,,76.8
2344,7.32297,,177,,77
2345,7.32572,,177,,76.975
2346,7.32846,,177,,76.95
2347,7.33121,,177,,76.925
2348,7.33395,,177,,76.9
2349,7.3367,,177,,76.875
2350,7.33945,,177,,76.85
2351,7.34219,,177,,76.825
2352,7.34494,,177,,76.8
2353,7.34754,,177,,76.95
2354,7.35015,,177,,77.1
2355,7.35275,,177,,77.25
2356,7.35536,,177,,77.4
2357,7.35796,,177,,77.55
2358,7.36056,,177,,77.7
2359,7.36317,,177,,77.85
2360,7.36577,,177,,78
2361,7.36841,,177,,78.125
2362,7.37106,,177,,78.25
2363,7.3737,,177,,78.375
2364,7.37635,,177,,78.5
2365,7.37899,,177,,78.625
2366,7.38163,,177,,78.75
2367,7.38428,,177,,78.875
2368,7.38692,,177,,79
2369,7.38948,,177,,79.1714
2370,7.39203,,177,,79.3429
2371,7.39459,,177,,79.5143
2372,7.39714,,177,,79.6857
2373,7.3997,,177,,79.8571
2374,7.40225,,177,,80.0286
2375,7.40481,,177,,80.2
2376,7.40706,,177,,80.3714
2377,7.40931,,177,,80.5429
2378,7.41156,,177,,80.7143
2379,7.4138,,177,,80.8857
2380,7.41605,,177,,81.0571
2381,7.4183,,177,,81.2286
2382,7.42055,,177,,81.4
2383,7.42322,,177.143,,81.5714
2384,7.42589,,177.286,,81.7429
2385,7.42856,,177.429,,81.9143
2386,7.43124,,177.571,,82.0857
2387,7.43391,,177.714,,82.2571
2388,7.43658,,177.857,,82.4286
2389,7.43925,,178,,82.6
2390,7.44205,,178,,82.7429
2391,7.44485,,178,,82.8857
2392,7.44765,,178,,83.0286
2393,7.45044,,178,,83.1714
2394,7.45324,,178,,83.3143
2395,7.45604,,178,,83.4571
2396,7.45884,,178,,83.6
2397,7.46165,,178,,83.7667
2398,7.46446,,178,,83.9333
2399,7.46727,,178,,84.1
2400,7.47008,,178,,84.2667
2401,7.47289,,178,,84.4333
2402,7.4757,,178,,84.6
2403,7.47823,,178,,84.675
2404,7.48076,,178,,84.75
2405,7.48329,,178,,84.825
2406,7.48583,,178,,84.9
2407,7.48836,,178,,84.975
2408,7.49089,,178,,85.05
2409,7.49342,,178,,85.125
2410,7.49595,,178,,85.2
2411,7.4989,,178.167,,85.3333
2412,7.50185,,178.333,,85.4667
2413,7.50479,,178.5,,85.6
2414,7.50774,,178.667,,85.7333
2415,7.51069,,178.833,,85.8667
2416,7.51364,,179,,86
2417,7.51641,,178.857,,86.1714
2418,7.51917,,178.714,,86.3429
2419,7.52194,,178.571,,86.5143
2420,7.5247,,178.429,,86.6857
2421,7.52747,,178.286,,86.8571
2422,7.53023,,178.143,,87.0286
2423,7.533,,178,,87.2
2424,7.53565,,178,,87.275
2425,7.53829,,178,,87.35
2426,7.54094,,178,,87.425
2427,7.54359,,178,,87.5
2428,7.54623,,178,,87.575
2429,7.54888,,178,,87.65
2430,7.55152,,178,,87.725
2431,7.55417,,178,,87.8
2432,7.5572,,178.286,,87.7714
2433,7.56023,,178.571,,87.7429
2434,7.56326,,178.857,,87.7143
2435,7.56629,,179.143,,87.6857
2436,7.56932,,179.429,,87.6571
2437,7.57235,,179.714,,87.6286
2438,7.57538,,180,,87.6
2439,7.57804,,180,,87.625
2440,7.5807,,180,,87.65
2441,7.58336,,180,,87.675
2442,7.58602,,180,,87.7
2443,7.58869,,180,,87.725
2444,7.59135,,180,,87.75
2445,7.59401,,180,,87.775
2446,7.59667,,180,,87.8
2447,7.59956,,180.143,,87.7714
2448,7.60246,,180.286,,87.7429
2449,7.60535,,180.429,,87.7143
2450,7.60825,,180.571,,87.6857
2451,7.61114,,180.714,,87.6571
2452,7.61404,,180.857,,87.6286
2453,7.61693,,181,,87.6
2454,7.61864,,180.7,,87.64
2455,7.62035,,180.4,,87.68
2456,7.62205,,180.1,,87.72
2457,7.62376,,179.8,,87.76
2458,7.62547,,179.5,,87.8
2459,7.62718,,179.2,,87.84
2460,7.62889,,178.9,,87.88
2461,7.63059,,178.6,,87.92
2462,7.6323,,178.3,,87.96
2463,7.63401,,178,,88
2464,7.63659,,177.875,,88
2465,7.63917,,177.75,,88
2466,7.64175,,177.625,,88
2467,7.64433,,177.5,,88
2468,7.64692,,177.375,,88
2469,7.6495,,177.25,,88
2470,7.65208,,177.125,,88
2471,7.65466,,177,,88
2472,7.65756,,176.8,,88.04
2473,7.66046,,176.6,,88.08
2474,7.66335,,176.4,,88.12
2475,7.66625,,176.2,,88.16
2476,7.66915,,176,,88.2
2477,7.6721,,176,,88.2286
2478,7.67506,,176,,88.2571
2479,7.67801,,176,,88.2857
2480,7.68097,,176,,88.3143
2481,7.68392,,176,,88.3429
2482,7.68688,,176,,88.3714
2483,7.68983,,176,,88.4
2484,7.69262,,175.875,,88.475
2485,7.69541,,175.75,,88.55
2486,7.6982,,175.625,,88.625
2487,7.70098,,175.5,,88.7
2488,7.70377,,175.375,,88.775
2489,7.70656,,175.25,,88.85
2490,7.70935,,175.125,,88.925
2491,7.71214,,175,,89
2492,7.71468,,176,,89.2
2493,7.7172,,175.75,,89.275
2494,7.71972,,175.5,,89.35
2495,7.72224,,175.25,,89.425
2496,7.72476,,175,,89.5
2497,7.72729,,174.75,,89.575
2498,7.72981,,174.5,,89.65
2499,7.73233,,174.25,,89.725
2500,7.73485,,174,,89.8
2501,7.73771,,173.857,,89.8286
2502,7.74058,,173.714,,89.8571
2503,7.74344,,173.571,,89.8857
2504,7.7463,,173.429,,89.9143
2505,7.74916,,173.286,,89.9429
2506,7.75203,,173.143,,89.9714
2507,7.75489,,173,,90
2508,7.7578,,173.286,,89.9429
2509,7.76071,,173.571,,89.8857
2510,7.76362,,173.857,,89.8286
2511,7.76653,,174.143,,89.7714
2512,7.76944,,174.429,,89.7143
2513,7.77235,,174.714,,89.6571
2514,7.77526,,175,,89.6
2515,7.77825,,175,,89.5429
2516,7.78124,,175,,89.4857
2517,7.78423,,175,,89.4286
2518,7.78722,,175,,89.3714
2519,7.79021,,175,,89.3143
2520,7.7932,,175,,89.2571
2521,7.79619,,175,,89.2
2522,7.79919,,175.143,,89.2
2523,7.80218,,175.286,,89.2
2524,7.80518,,175.429,,89.2
2525,7.80817,,175.571,,89.2
2526,7.81117,,175.714,,89.2
2527,7.81416,,175.857,,89.2
2528,7.81716,,176,,89.2
2529,7.82029,,175.857,,89.2
2530,7.82342,,175.714,,89.2
2531,7.82655,,175.571,,89.2
2532,7.82967,,175.429,,89.2
2533,7.8328,,175.286,,89.2
2534,7.83593,,175.143,,89.2
2535,7.83906,,175,,89.2
2536,7.8418,,174.4,,89.08
2537,7.84455,,173.8,,88.96
2538,7.84729,,173.2,,88.84
2539,7.85004,,172.6,,88.72
2540,7.85278,,172,,88.6
2541,7.85552,,172,,88.3
2542,7.85826,,172,,88
2543,7.86073,,171.25,,88.1
2544,7.86319,,170.5,,88.2
2545,7.86566,,169.75,,88.3
2546,7.86813,,169,,88.4
2547,7.87089,,168.875,,88.35
2548,7.87366,,168.75,,88.3
2549,7.87642,,168.625,,88.25
2550,7.87918,,168.5,,88.2
2551,7.88195,,168.375,,88.15
2552,7.88471,,168.25,,88.1
2553,7.88748,,168.125,,88.05
2554,7.89024,,168,,88
2555,7.89323,,167.8,,87.76
2556,7.89622,,167.6,,87.52
2557,7.89922,,167.4,,87.28
2558,7.90221,,167.2,,87.04
2559,7.9052,,167,,86.8
2560,7.90811,,167.143,,86.7143
2561,7.91101,,167.286,,86.6286
2562,7.91392,,167.429,,86.5429
2563,7.91682,,167.571,,86.4571
2564,7.91973,,167.714,,86.3714
2565,7.92263,,167.857,,86.2857
2566,7.92554,,168,,86.2
2567,7.92849,,168,,86
2568,7.93145,,168,,85.8
2569,7.934,,167.8,,85.68
2570,7.93655,,167.6,,85.56
2571,7.93911,,167.4,,85.44
2572,7.94166,,167.2,,85.32
2573,7.94421,,167,,85.2
2574,7.94764,,167,,85
2575,7.95106,,167,,84.8
2576,7.95449,,167,,84.6
2577,7.95775,,166.571,,84.4857
2578,7.96102,,166.143,,84.3714
2579,7.96428,,165.714,,84.2571
2580,7.96754,,165.286,,84.1429
2581,7.9708,,164.857,,84.0286
2582,7.97407,,164.429,,83.9143
2583,7.97733,,164,,83.8
2584,7.9803,,164.286,,83.8571
2585,7.98326,,164.571,,83.9143
2586,7.98623,,164.857,,83.9714
2587,7.98919,,165.143,,84.0286
2588,7.99216,,165.429,,84.0857
2589,7.99512,,165.714,,84.1429
2590,7.99809,,166,,84.2
2591,8.00106,,165,,83.8
2592,8.00375,,165.125,,84.025
2593,8.00643,,165.25,,84.25
2594,8.00912,,165.375,,84.475
2595,8.01181,,165.5,,84.7
2596,8.0145,,165.625,,84.925
2597,8.01719,,165.75,,85.15
2598,8.01987,,165.875,,85.375
2599,8.02256,,166,,85.6
2600,8.02515,,166.667,,85.6
2601,8.02775,,167.333,,85.6
2602,8.03034,,168,,85.6
2603,8.0334,,168.286,,85.6
2604,8.03646,,168.571,,85.6
2605,8.03952,,168.857,,85.6
2606,8.04257,,169.143,,85.6
2607,8.04563,,169.429,,85.6
2608,8.04869,,169.714,,85.6
2609,8.05175,,170,,85.6
2610,8.05431,,170.111,,85.6
2611,8.05687,,170.222,,85.6
2612,8.05942,,170.333,,85.6
2613,8.06198,,170.444,,85.6
2614,8.06454,,170.556,,85.6
2615,8.0671,,170.667,,85.6
2616,8.06965,,170.778,,85.6
2617,8.07221,,170.889,,85.6
2618,8.07477,,171,,85.6
2619,8.0777,,170.857,,85.6857
2620,8.08063,,170.714,,85.7714
2621,8.08356,,170.571,,85.8571
2622,8.0865,,170.429,,85.9429
2623,8.08943,,170.286,,86.0286
2624,8.09236,,170.143,,86.1143
2625,8.09529,,170,,86.2
2626,8.09826,,170.143,,86.2
2627,8.10124,,170.286,,86.2
2628,8.10421,,170.429,,86.2
2629,8.10718,,170.571,,86.2
2630,8.11015,,170.714,,86.2
2631,8.11313,,170.857,,86.2
2632,8.1161,,171,,86.2
2633,8.11912,,171.143,,86.0857
2634,8.12215,,171.286,,85.9714
2635,8.12517,,171.429,,85.8571
2636,8.1282,,171.571,,85.7429
2637,8.13122,,171.714,,85.6286
2638,8.13425,,171.857,,85.5143
2639,8.13727,,172,,85.4
2640,8.14008,,171.875,,85.375
2641,8.14289,,171.75,,85.35
2642,8.1457,,171.625,,85.325
2643,8.14851,,171.5,,85.3
2644,8.15133,,171.375,,85.275
2645,8.15414,,171.25,,85.25
2646,8.15695,,171.125,,85.225
2647,8.15976,,171,,85.2
2648,8.16241,,171,,85.275
2649,8.16507,,171,,85.35
2650,8.16772,,171,,85.425
2651,8.17037,,171,,85.5
2652,8.17303,,171,,85.575
2653,8.17568,,171,,85.65
2654,8.17834,,171,,85.725
2655,8.18099,,171,,85.8
2656,8.18399,,171,,86.4
2657,8.187,,171,,87
2658,8.19008,,171,,87.0571
2659,8.19316,,171,,87.1143
2660,8.19624,,171,,87.1714
2661,8.19931,,171,,87.2286
2662,8.20239,,171,,87.2857
2663,8.20547,,171,,87.3429
2664,8.20855,,171,,87.4
2665,8.21135,,171.125,,87.4
2666,8.21415,,171.25,,87.4
2667,8.21695,,171.375,,87.4
2668,8.21974,,171.5,,87.4
2669,8.22254,,171.625,,87.4
2670,8.22534,,171.75,,87.4
2671,8.22814,,171.875,,87.4
2672,8.23094,,172,,87.4
2673,8.23378,,173,,88
2674,8.23679,,173.143,,88.0286
2675,8.23981,,173.286,,88.0571
2676,8.24282,,173.429,,88.0857
2677,8.24583,,173.571,,88.1143
2678,8.24884,,173.714,,88.1429
2679,8.25186,,173.857,,88.1714
2680,8.25487,,174,,88.2
2681,8.25818,,174.286,,88.2571
2682,8.26149,,174.571,,88.3143
2683,8.2648,,174.857,,88.3714
2684,8.26812,,175.143,,88.4286
2685,8.27143,,175.429,,88.4857
2686,8.27474,,175.714,,88.5429
2687,8.27805,,176,,88.6
2688,8.28102,,176,,88.9
2689,8.284,,176,,89.2
2690,8.28691,,175.857,,89.3143
2691,8.28982,,175.714,,89.4286
2692,8.29273,,175.571,,89.5429
2693,8.29563,,175.429,,89.6571
2694,8.29854,,175.286,,89.7714
2695,8.30145,,175.143,,89.8857
2696,8.30436,,175,,90
2697,8.30714,,175,,89.95
2698,8.30992,,175,,89.9
2699,8.31271,,175,,89.85
2700,8.31549,,175,,89.8
2701,8.31827,,175,,89.75
2702,8.32106,,175,,89.7
2703,8.32384,,175,,89.65
2704,8.32662,,175,,89.6
2705,8.32912,,175,,89.5778
2706,8.33163,,175,,89.5556
2707,8.33413,,175,,89.5333
2708,8.33664,,175,,89.5111
2709,8.33914,,175,,89.4889
2710,8.34165,,175,,89.4667
2711,8.34415,,175,,89.4444
2712,8.34666,,175,,89.4222
2713,8.34916,,175,,89.4
2714,8.35193,,175.125,,89.375
2715,8.3547,,175.25,,89.35
2716,8.35748,,175.375,,89.325
2717,8.36025,,175.5,,89.3
2718,8.36302,,175.625,,89.275
2719,8.3658,,175.75,,89.25
2720,8.36857,,175.875,,89.225
2721,8.37134,,176,,89.2
2722,8.37442,,175.857,,89.1143
2723,8.37749,,175.714,,89.0286
2724,8.38057,,175.571,,88.9429
2725,8.38364,,175.429,,88.8571
2726,8.38672,,175.286,,88.7714
2727,8.38979,,175.143,,88.6857
2728,8.39287,,175,,88.6
2729,8.3959,,174.714,,88.6286
2730,8.39893,,174.429,,88.6571
2731,8.40196,,174.143,,88.6857
2732,8.405,,173.857,,88.7143
2733,8.40803,,173.571,,88.7429
2734,8.41106,,173.286,,88.7714
2735,8.41409,,173,,88.8
2736,8.41679,,172.857,,88.7143
2737,8.41948,,172.714,,88.6286
2738,8.42218,,172.571,,88.5429
2739,8.42488,,172.429,,88.4571
2740,8.42758,,172.286,,88.3714
2741,8.43027,,172.143,,88.2857
2742,8.43297,,172,,88.2
2743,8.43621,,172,,88.1429
2744,8.43944,,172,,88.0857
2745,8.44268,,172,,88.0286
2746,8.44591,,172,,87.9714
2747,8.44915,,172,,87.9143
2748,8.45238,,172,,87.8571
2749,8.45562,,172,,87.8
2750,8.45899,,172.167,,87.8
2751,8.46235,,172.333,,87.8
2752,8.46572,,172.5,,87.8
2753,8.46909,,172.667,,87.8
2754,8.47245,,172.833,,87.8
2755,8.47582,,173,,87.8
2756,8.47834,,173.2,,88.08
2757,8.48086,,173.4,,88.36
2758,8.48338,,173.6,,88.64
2759,8.4859,,173.8,,88.92
2760,8.48842,,174,,89.2
2761,8.49105,,174,,89.325
2762,8.49367,,174,,89.45
2763,8.4963,,174,,89.575
2764,8.49892,,174,,89.7
2765,8.50155,,174,,89.825
2766,8.50418,,174,,89.95
2767,8.5068,,174,,90.075
2768,8.50943,,174,,90.2
2769,8.51249,,174.286,,90.2
2770,8.51554,,174.571,,90.2
2771,8.5186,,174.857,,90.2
2772,8.52166,,175.143,,90.2
2773,8.52472,,175.429,,90.2
2774,8.52777,,175.714,,90.2
2775,8.53083,,176,,90.2
2776,8.53381,,176,,90.2571
2777,8.53678,,176,,90.3143
2778,8.53976,,176,,90.3714
2779,8.54273,,176,,90.4286
2780,8.54571,,176,,90.4857
2781,8.54868,,176,,90.5429
2782,8.55166,,176,,90.6
2783,8.55435,,175.875,,90.55
2784,8.55704,,175.75,,90.5
2785,8.55973,,175.625,,90.45
2786,8.56241,,175.5,,90.4
2787,8.5651,,175.375,,90.35
2788,8.56779,,175.25,,90.3
2789,8.57048,,175.125,,90.25
2790,8.57317,,175,,90.2
2791,8.57606,,175,,90.2857
2792,8.57895,,175,,90.3714
2793,8.58184,,175,,90.4571
2794,8.58472,,175,,90.5429
2795,8.58761,,175,,90.6286
2796,8.5905,,175,,90.7143
2797,8.59339,,175,,90.8
2798,8.59616,,175.25,,90.95
2799,8.59892,,175.5,,91.1
2800,8.60169,,175.75,,91.25
2801,8.60446,,176,,91.4
2802,8.60705,,176,,91.16
2803,8.60964,,176,,90.92
2804,8.61222,,176,,90.68
2805,8.61481,,176,,90.44
2806,8.6174,,176,,90.2
2807,8.62059,,176,,90.2286
2808,8.62377,,176,,90.2571
2809,8.62696,,176,,90.2857
2810,8.63015,,176,,90.3143
2811,8.63334,,176,,90.3429
2812,8.63652,,176,,90.3714
2813,8.63971,,176,,90.4
2814,8.64316,,176,,90.2667
2815,8.6466,,176,,90.1333
2816,8.65004,,176,,90
2817,8.65349,,176,,89.8667
2818,8.65694,,176,,89.7333
2819,8.66038,,176,,89.6
2820,8.66373,,175.5,,89.5
2821,8.66708,,175,,89.4
2822,8.67042,,174.5,,89.3
2823,8.67377,,174,,89.2
2824,8.67672,,173.667,,88.8
2825,8.67968,,173.333,,88.4
2826,8.68263,,173,,88
2827,8.6855,,172.75,,87.75
2828,8.68838,,172.5,,87.5
2829,8.69125,,172.25,,87.25
2830,8.69413,,172,,87
2831,8.69707,,172,,86.7
2832,8.70002,,172,,86.4
2833,8.70296,,172,,86.1
2834,8.7059,,172,,85.8
2835,8.70942,,172.333,,85.4667
2836,8.71295,,172.667,,85.1333
2837,8.71647,,173,,84.8
2838,8.71996,,169.333,,84.6
2839,8.72346,,165.667,,84.4
2840,8.72695,,162,,84.2
2841,8.73033,,162,,84.6
2842,8.7337,,163.5,,84.2
2843,8.73706,,165,,83.8
2844,8.74054,,165,,83.4
2845,8.74383,,165.5,,83.15
2846,8.74712,,166,,82.9
2847,8.7504,,166.5,,82.65
2848,8.75369,,167,,82.4
2849,8.75678,,167,,82.05
2850,8.75987,,167,,81.7
2851,8.76296,,167,,81.35
2852,8.76605,,167,,81
2853,8.76888,,167.143,,80.7714
2854,8.7717,,167.286,,80.5429
2855,8.77453,,167.429,,80.3143
2856,8.77736,,167.571,,80.0857
2857,8.78019,,167.714,,79.8571
2858,8.78301,,167.857,,79.6286
2859,8.78584,,168,,79.4
2860,8.789,,167.75,,79.4
2861,8.79217,,167.5,,79.4
2862,8.79533,,167.25,,79.4
2863,8.79849,,167,,79.4
2864,8.80068,,167,,79
2865,8.80286,,167,,78.6
2866,8.8061,,167,,78.55
2867,8.80933,,167,,78.5
2868,8.81256,,167,,78.45
2869,8.8158,,167,,78.4
2870,8.81896,,166.857,,78.4857
2871,8.82212,,166.714,,78.5714
2872,8.82528,,166.571,,78.6571
2873,8.82844,,166.429,,78.7429
2874,8.8316,,166.286,,78.8286
2875,8.83476,,166.143,,78.9143
2876,8.83792,,166,,79
2877,8.84103,,166,,78.9143
2878,8.84414,,166,,78.8286
2879,8.84725,,166,,78.7429
2880,8.85035,,166,,78.6571
2881,8.85346,,166,,78.5714
2882,8.85657,,166,,78.4857
2883,8.85968,,166,,78.4
2884,8.86324,,166.333,,78.3667
2885,8.86681,,166.667,,78.3333
2886,8.87037,,167,,78.3
2887,8.87393,,167.333,,78.2667
2888,8.8775,,167.667,,78.2333
2889,8.88106,,168,,78.2
2890,8.88453,,169,,77.6
2891,8.88799,,170,,77
2892,8.8915,,170.167,,76.9333
2893,8.89501,,170.333,,76.8667
2894,8.89851,,170.5,,76.8
2895,8.90202,,170.667,,76.7333
2896,8.90553,,170.833,,76.6667
2897,8.90904,,171,,76.6
2898,8.91207,,171.286,,76.5714
2899,8.91511,,171.571,,76.5429
2900,8.91814,,171.857,,76.5143
2901,8.92117,,172.143,,76.4857
2902,8.9242,,172.429,,76.4571
2903,8.92724,,172.714,,76.4286
2904,8.93027,,173,,76.4
2905,8.93362,,173,,76.3
2906,8.93697,,173,,76.2
2907,8.94031,,173,,76.1
2908,8.94366,,173,,76
2909,8.94718,,173,,75.9
2910,8.9507,,173,,75.8
2911,8.95423,,173,,75.7
2912,8.95775,,173,,75.6
2913,8.96127,,173,,75.5
2914,8.96479,,173,,75.4
2915,8.96802,,173.5,,75.25
2916,8.97124,,174,,75.1
2917,8.97447,,174.5,,74.95
2918,8.9777,,175,,74.8
2919,8.98121,,174.833,,74.6667
2920,8.98471,,174.667,,74.5333
2921,8.98822,,174.5,,74.4
2922,8.99173,,174.333,,74.2667
2923,8.99523,,174.167,,74.1333
2924,8.99874,,174,,74
2925,9.00227,,174,,73.8
2926,9.00559,,174.143,,73.7429
2927,9.00892,,174.286,,73.6857
2928,9.01224,,174.429,,73.6286
2929,9.01556,,174.571,,73.5714
2930,9.01888,,174.714,,73.5143
2931,9.02221,,174.857,,73.4571
2932,9.02553,,175,,73.4
2933,9.02845,,175,,73.28
2934,9.03137,,175,,73.16
2935,9.03429,,175,,73.04
2936,9.03721,,175,,72.92
2937,9.04013,,175,,72.8
2938,9.04303,,175,,72.775
2939,9.04593,,175,,72.75
2940,9.04882,,175,,72.725
2941,9.05172,,175,,72.7
2942,9.05462,,175,,72.675
2943,9.05751,,175,,72.65
2944,9.06041,,175,,72.625
2945,9.06331,,175,,72.6
2946,9.06686,,174.833,,72.6
2947,9.07041,,174.667,,72.6
2948,9.07396,,174.5,,72.6
2949,9.07752,,174.333,,72.6
2950,9.08107,,174.167,,72.6
2951,9.08462,,174,,72.6
2952,9.08808,,174.167,,72.7333
2953,9.09154,,174.333,,72.8667
2954,9.095,,174.5,,73
2955,9.09845,,174.667,,73.1333
2956,9.10191,,174.833,,73.2667
2957,9.10537,,175,,73.4
2958,9.10849,,175,,73.8
2959,9.11141,,175.167,,74.0333
2960,9.11434,,175.333,,74.2667
2961,9.11726,,175.5,,74.5
2962,9.12019,,175.667,,74.7333
2963,9.12312,,175.833,,74.9667
2964,9.12604,,176,,75.2
2965,9.12902,,176,,75.0857
2966,9.13199,,176,,74.9714
2967,9.13497,,176,,74.8571
2968,9.13794,,176,,74.7429
2969,9.14092,,176,,74.6286
2970,9.14389,,176,,74.5143
2971,9.14687,,176,,74.4
2972,9.14996,,177,,73.8
2973,9.15306,,177,,73.8286
2974,9.15615,,177,,73.8571
2975,9.15925,,177,,73.8857
2976,9.16235,,177,,73.9143
2977,9.16545,,177,,73.9429
2978,9.16854,,177,,73.9714
2979,9.17164,,177,,74
2980,9.17464,,177,,73.9714
2981,9.17763,,177,,73.9429
2982,9.18063,,177,,73.9143
2983,9.18362,,177,,73.8857
2984,9.18662,,177,,73.8571
2985,9.18961,,177,,73.8286
2986,9.19261,,177,,73.8
2987,9.19533,,177,,73.8
2988,9.19806,,177,,73.8
2989,9.20078,,177,,73.8
2990,9.2035,,177,,73.8
2991,9.20622,,177,,73.8
2992,9.20894,,177,,73.8
2993,9.21167,,177,,73.8
2994,9.21439,,177,,73.8
2995,9.21725,,177,,73.75
2996,9.22011,,177,,73.7
2997,9.22297,,177,,73.65
2998,9.22584,,177,,73.6
2999,9.2287,,177,,73.55
3000,9.23156,,177,,73.5
3001,9.23442,,177,,73.45
3002,9.23728,,177,,73.4
3003,9.2408,,177,,73.25
3004,9.24432,,177,,73.1
3005,9.24783,,177,,72.95
3006,9.25135,,177,,72.8
3007,9.25443,,177,,72.4667
3008,9.25751,,177,,72.1333
3009,9.26059,,177,,71.8
3010,9.26416,,177,,71.4667
3011,9.26774,,177,,71.1333
3012,9.27131,,177,,70.8
3013,9.27459,,176.75,,70.5
3014,9.27787,,176.5,,70.2
3015,9.28116,,176.25,,69.9
3016,9.28444,,176,,69.6
3017,9.2866,,176,,69.45
3018,9.28875,,176,,69.3
3019,9.29091,,176,,69.15
3020,9.29306,,176,,69
3021,9.29541,,175.6,,68.92
3022,9.29775,,175.2,,68.84
3023,9.3001,,174.8,,68.76
3024,9.30244,,174.4,,68.68
3025,9.30479,,174,,68.6
3026,9.30762,,173.6,,68.4
3027,9.31045,,173.2,,68.2
3028,9.31329,,172.8,,68
3029,9.31612,,172.4,,67.8
3030,9.31895,,172,,67.6
3031,9.32234,,171.8,,67.36
3032,9.32573,,171.6,,67.12
3033,9.32911,,171.4,,66.88
3034,9.3325,,171.2,,66.64
3035,9.33589,,171,,66.4
3036,9.33921,,171.25,,66.1
3037,9.34254,,171.5,,65.8
3038,9.34586,,171.75,,65.5
3039,9.34919,,172,,65.2
3040,9.35268,,172,,65
3041,9.35617,,172,,64.8
3042,9.35966,,172,,64.6
3043,9.36315,,172,,64.4
3044,9.36664,,172,,64.2
3045,9.36983,,171.714,,64.0571
3046,9.37302,,171.429,,63.9143
3047,9.37621,,171.143,,63.7714
3048,9.3794,,170.857,,63.6286
3049,9.38259,,170.571,,63.4857
3050,9.38578,,170.286,,63.3429
3051,9.38897,,170,,63.2
3052,9.39209,,170,,63
3053,9.39526,,169.857,,62.8857
3054,9.39844,,169.714,,62.7714
3055,9.40161,,169.571,,62.6571
3056,9.40478,,169.429,,62.5429
3057,9.40795,,169.286,,62.4286
3058,9.41113,,169.143,,62.3143
3059,9.4143,,169,,62.2
3060,9.41732,,169,,62.1
3061,9.42033,,169,,62
3062,9.4235,,168.857,,61.8571
3063,9.42668,,168.714,,61.7143
3064,9.42985,,168.571,,61.5714
3065,9.43303,,168.429,,61.4286
3066,9.4362,,168.286,,61.2857
3067,9.43938,,168.143,,61.1429
3068,9.44255,,168,,61
3069,9.44556,,168.5,,60.9
3070,9.44857,,169,,60.8
3071,9.45161,,168.25,,60.65
3072,9.45465,,167.5,,60.5
3073,9.45769,,166.75,,60.35
3074,9.46073,,166,,60.2
3075,9.4639,,166,,59.9
3076,9.46706,,166,,59.6
3077,9.46995,,166,,59.5143
3078,9.47283,,166,,59.4286
3079,9.47572,,166,,59.3429
3080,9.47861,,166,,59.2571
3081,9.4815,,166,,59.1714
3082,9.48438,,166,,59.0857
3083,9.48727,,166,,59
3084,9.48939,,166.1,,59.08
3085,9.49151,,166.2,,59.16
3086,9.49362,,166.3,,59.24
3087,9.49574,,166.4,,59.32
3088,9.49786,,166.5,,59.4
3089,9.49998,,166.6,,59.48
3090,9.5021,,166.7,,59.56
3091,9.50421,,166.8,,59.64
3092,9.50633,,166.9,,59.72
3093,9.50845,,167,,59.8
3094,9.51132,,167.286,,59.9429
3095,9.51418,,167.571,,60.0857
3096,9.51705,,167.857,,60.2286
3097,9.51992,,168.143,,60.3714
3098,9.52279,,168.429,,60.5143
3099,9.52565,,168.714,,60.6571
3100,9.52852,,169,,60.8
3101,9.53106,,169,,61.1333
3102,9.5336,,169,,61.4667
3103,9.53614,,169,,61.8
3104,9.53882,,169,,62.2
3105,9.5415,,169,,62.6
3106,9.54418,,169,,63
3107,9.54721,,165.667,,63.2
3108,9.55024,,162.333,,63.4
3109,9.55327,,159,,63.6
3110,9.55615,,159,,63.6
3111,9.55974,,165,,63.6
3112,9.56398,,168,,63.6
3113,9.5675,,171,,63.6
3114,9.57062,,173,,63.7
3115,9.57375,,175,,63.8
3116,9.57616,,175,,64
3117,9.57845,,175.25,,64.25
3118,9.58075,,175.5,,64.5
3119,9.58305,,175.75,,64.75
3120,9.58534,,176,,65
3121,9.58758,,176.6,,64.88
3122,9.58982,,177.2,,64.76
3123,9.59206,,177.8,,64.64
3124,9.5943,,178.4,,64.52
3125,9.59654,,179,,64.4
3126,9.59909,,179,,64
3127,9.60164,,179,,63.6
3128,9.60476,,179,,63.95
3129,9.60787,,179,,64.3
3130,9.61098,,179,,64.65
3131,9.6141,,179,,65
3132,9.61701,,179,,64.5
3133,9.61992,,179,,64
3134,9.62282,,179,,64.0571
3135,9.62572,,179,,64.1143
3136,9.62862,,179,,64.1714
3137,9.63151,,179,,64.2286
3138,9.63441,,179,,64.2857
3139,9.63731,,179,,64.3429
3140,9.64021,,179,,64.4
3141,9.64316,,179,,64.8
3142,9.64611,,179,,65.2
3143,9.64906,,179,,65.6
3144,9.65209,,178.714,,65.4857
3145,9.65513,,178.429,,65.3714
3146,9.65816,,178.143,,65.2571
3147,9.66119,,177.857,,65.1429
3148,9.66422,,177.571,,65.0286
3149,9.66726,,177.286,,64.9143
3150,9.67029,,177,,64.8
3151,9.67315,,177.143,,64.9429
3152,9.67601,,177.286,,65.0857
3153,9.67887,,177.429,,65.2286
3154,9.68174,,177.571,,65.3714
3155,9.6846,,177.714,,65.5143
3156,9.68746,,177.857,,65.6571
3157,9.69032,,178,,65.8
3158,9.69326,,178.143,,65.8571
3159,9.69619,,178.286,,65.9143
3160,9.69913,,178.429,,65.9714
3161,9.70206,,178.571,,66.0286
3162,9.705,,178.714,,66.0857
3163,9.70793,,178.857,,66.1429
3164,9.71087,,179,,66.2
3165,9.71369,,179,,66.5
3166,9.71651,,179,,66.8
3167,9.71987,,179,,66.9143
3168,9.72323,,179,,67.0286
3169,9.72659,,179,,67.1429
3170,9.72994,,179,,67.2571
3171,9.7333,,179,,67.3714
3172,9.73666,,179,,67.4857
3173,9.74002,,179,,67.6
3174,9.74331,,179,,67.9
3175,9.74661,,179,,68.2
3176,9.7496,,179.167,,68.4333
3177,9.75258,,179.333,,68.6667
3178,9.75557,,179.5,,68.9
3179,9.75856,,179.667,,69.1333
3180,9.76154,,179.833,,69.3667
3181,9.76453,,180,,69.6
3182,9.76782,,180,,70.2
3183,9.7711,,180,,70.8
3184,9.77451,,180.2,,71
3185,9.77792,,180.4,,71.2
3186,9.78134,,180.6,,71.4
3187,9.78475,,180.8,,71.6
3188,9.78816,,181,,71.8
3189,9.79126,,181.25,,72.05
3190,9.79436,,181.5,,72.3
3191,9.79746,,181.75,,72.55
3192,9.80056,,182,,72.8
3193,9.80336,,182,,73.1
3194,9.80616,,182,,73.4
3195,9.80896,,182,,73.7
3196,9.81176,,182,,74
3197,9.81466,,182.143,,74.0857
3198,9.81755,,182.286,,74.1714
3199,9.82045,,182.429,,74.2571
3200,9.82334,,182.571,,74.3429
3201,9.82624,,182.714,,74.4286
3202,9.82913,,182.857,,74.5143
3203,9.83203,,183,,74.6
3204,9.83535,,183,,74.5714
3205,9.83867,,183,,74.5429
3206,9.84199,,183,,74.5143
3207,9.84531,,183,,74.4857
3208,9.84863,,183,,74.4571
3209,9.85195,,183,,74.4286
3210,9.85527,,183,,74.4
3211,9.85846,,183,,74.2857
3212,9.86165,,183,,74.1714
3213,9.86484,,183,,74.0571
3214,9.86802,,183,,73.9429
3215,9.87121,,183,,73.8286
3216,9.8744,,183,,73.7143
3217,9.87759,,183,,73.6
3218,9.88086,,182.857,,73.5143
3219,9.88414,,182.714,,73.4286
3220,9.88741,,182.571,,73.3429
3221,9.89069,,182.429,,73.2571
3222,9.89396,,182.286,,73.1714
3223,9.89724,,182.143,,73.0857
3224,9.90051,,182,,73
3225,9.90362,,182,,72.9333
3226,9.90672,,182,,72.8667
3227,9.90983,,182,,72.8
3228,9.91293,,182,,72.7333
3229,9.91604,,182,,72.6667
3230,9.91914,,182,,72.6
3231,9.92222,,181.714,,72.5143
3232,9.9253,,181.429,,72.4286
3233,9.92838,,181.143,,72.3429
3234,9.93147,,180.857,,72.2571
3235,9.93455,,180.571,,72.1714
3236,9.93763,,180.286,,72.0857
3237,9.94071,,180,,72
3238,9.94397,,179.857,,72.1429
3239,9.94723,,179.714,,72.2857
3240,9.95049,,179.571,,72.4286
3241,9.95374,,179.429,,72.5714
3242,9.957,,179.286,,72.7143
3243,9.96026,,179.143,,72.8571
3244,9.96352,,179,,73
3245,9.96626,,179,,73.1
3246,9.96901,,179,,73.2
3247,9.97176,,179,,73.3
3248,9.9745,,179,,73.4
3249,9.97724,,179,,73.5
3250,9.97999,,179,,73.6
3251,9.98235,,179,,74.3
3252,9.98471,,179,,75
3253,9.98741,,179,,75.3333
3254,9.99012,,179,,75.6667
3255,9.99282,,179,,76
3256,9.99497,,179.25,,76.2
3257,9.99711,,179.5,,76.4
3258,9.99925,,179.75,,76.6
3259,10.0014,,180,,76.8
3260,10.0035,,180,,77.2
3261,10.0056,,180.167,,77.4
3262,10.0078,,180.333,,77.6
3263,10.01,,180.5,,77.8
3264,10.0122,,180.667,,78
3265,10.0143,,180.833,,78.2
3266,10.0165,,181,,78.4
3267,10.0194,,181.5,,79.3
3268,10.0222,,182,,80.2
3269,10.025,,182.125,,80.325
3270,10.0279,,182.25,,80.45
3271,10.0307,,182.375,,80.575
3272,10.0335,,182.5,,80.7
3273,10.0363,,182.625,,80.825
3274,10.0391,,182.75,,80.95
3275,10.042,,182.875,,81.075
3276,10.0448,,183,,81.2
3277,10.0474,,183.125,,81.375
3278,10.05,,183.25,,81.55
3279,10.0526,,183.375,,81.725
3280,10.0552,,183.5,,81.9
3281,10.0578,,183.625,,82.075
3282,10.0605,,183.75,,82.25
3283,10.0631,,183.875,,82.425
3284,10.0657,,184,,82.6
3285,10.0682,,184,,82.3
3286,10.0707,,184,,82
3287,10.0732,,184,,81.7
3288,10.0758,,184,,81.4
3289,10.0782,,183.778,,81.3778
3290,10.0807,,183.556,,81.3556
3291,10.0831,,183.333,,81.3333
3292,10.0856,,183.111,,81.3111
3293,10.088,,182.889,,81.2889
3294,10.0905,,182.667,,81.2667
3295,10.093,,182.444,,81.2444
3296,10.0954,,182.222,,81.2222
3297,10.0979,,182,,81.2
3298,10.1028,,182,,80.8667
3299,10.1076,,182,,80.5333
3300,10.1125,,182,,80.2
3301,10.1161,,177.5,,80.4
3302,10.1197,,173,,80.6
3303,10.1226,,175,,80.6
3304,10.1252,,174.75,,80.575
3305,10.1277,,174.5,,80.55
3306,10.1303,,174.25,,80.525
3307,10.1329,,174,,80.5
3308,10.1355,,173.75,,80.475
3309,10.138,,173.5,,80.45
3310,10.1406,,173.25,,80.425
3311,10.1432,,173,,80.4
3312,10.1455,,168,,80.4
3313,10.1481,,168,,80.6
3314,10.1506,,168,,80.8
3315,10.1531,,168,,81
3316,10.1555,,168,,81.2
3317,10.158,,168,,81.4
3318,10.1609,,168.286,,81.5143
3319,10.1638,,168.571,,81.6286
3320,10.1667,,168.857,,81.7429
3321,10.1696,,169.143,,81.8571
3322,10.1725,,169.429,,81.9714
3323,10.1754,,169.714,,82.0857
3324,10.1783,,170,,82.2
3325,10.1815,,170.6,,82.2
3326,10.1848,,171.2,,82.2
3327,10.188,,171.8,,82.2
3328,10.1913,,172.4,,82.2
3329,10.1945,,173,,82.2
3330,10.1977,,175,,82.8
3331,10.1999,,175.222,,82.7111
3332,10.2022,,175.444,,82.6222
3333,10.2045,,175.667,,82.5333
3334,10.2067,,175.889,,82.4444
3335,10.209,,176.111,,82.3556
3336,10.2112,,176.333,,82.2667
3337,10.2135,,176.556,,82.1778
3338,10.2157,,176.778,,82.0889
3339,10.218,,177,,82
3340,10.2209,,177.143,,82.1429
3341,10.2237,,177.286,,82.2857
3342,10.2266,,177.429,,82.4286
3343,10.2295,,177.571,,82.5714
3344,10.2323,,177.714,,82.7143
3345,10.2352,,177.857,,82.8571
3346,10.2381,,178,,83
3347,10.241,,178,,83.0286
3348,10.2439,,178,,83.0571
3349,10.2468,,178,,83.0857
3350,10.2497,,178,,83.1143
3351,10.2526,,178,,83.1429
3352,10.2556,,178,,83.1714
3353,10.2585,,178,,83.2
3354,10.2614,,178,,83.2857
3355,10.2643,,178,,83.3714
3356,10.2672,,178,,83.4571
3357,10.2701,,178,,83.5429
3358,10.273,,178,,83.6286
3359,10.2759,,178,,83.7143
3360,10.2788,,178,,83.8
3361,10.2815,,178,,83.8286
3362,10.2842,,178,,83.8571
3363,10.2869,,178,,83.8857
3364,10.2896,,178,,83.9143
3365,10.2924,,178,,83.9429
3366,10.2951,,178,,83.9714
3367,10.2978,,178,,84
3368,10.3003,,178,,84.0444
3369,10.3029,,178,,84.0889
3370,10.3054,,178,,84.1333
3371,10.308,,178,,84.1778
3372,10.3105,,178,,84.2222
3373,10.3131,,178,,84.2667
3374,10.3156,,178,,84.3111
3375,10.3182,,178,,84.3556
3376,10.3207,,178,,84.4
3377,10.3234,,178,,84.6
3378,10.3261,,178,,84.8
3379,10.3288,,178,,85
3380,10.332,,178,,85.4
3381,10.3353,,178,,85.8
3382,10.3386,,178,,86.2
3383,10.3419,,178,,86.2
3384,10.3453,,178,,86.2
3385,10.3487,,178,,86.2
3386,10.3521,,178,,86.2
3387,10.3554,,178,,86.2
3388,10.3588,,178,,86.2
3389,10.3622,,178,,86.2
3390,10.3654,,178,,86.44
3391,10.3686,,178,,86.68
3392,10.3719,,178,,86.92
3393,10.3751,,178,,87.16
3394,10.3783,,178,,87.4
3395,10.3813,,178.25,,87.7
3396,10.3842,,178.5,,88
3397,10.3872,,178.75,,88.3
3398,10.3901,,179,,88.6
3399,10.3929,,178.875,,88.6
3400,10.3957,,178.75,,88.6
3401,10.3984,,178.625,,88.6
3402,10.4012,,178.5,,88.6
3403,10.4039,,178.375,,88.6
3404,10.4067,,178.25,,88.6
3405,10.4095,,178.125,,88.6
3406,10.4122,,178,,88.6
3407,10.4145,,178.222,,88.6
3408,10.4168,,178.444,,88.6
3409,10.4192,,178.667,,88.6
3410,10.4215,,178.889,,88.6
3411,10.4238,,179.111,,88.6
3412,10.4261,,179.333,,88.6
3413,10.4284,,179.556,,88.6
3414,10.4307,,179.778,,88.6
3415,10.433,,180,,88.6
3416,10.4349,,180,,89.2
3417,10.4369,,180,,89.8
3418,10.4392,,179.667,,89.4
3419,10.4415,,179.333,,89
3420,10.4439,,179,,88.6
3421,10.4464,,178.75,,88.475
3422,10.449,,178.5,,88.35
3423,10.4515,,178.25,,88.225
3424,10.4541,,178,,88.1
3425,10.4567,,177.75,,87.975
3426,10.4592,,177.5,,87.85
3427,10.4618,,177.25,,87.725
3428,10.4643,,177,,87.6
3429,10.4677,,177,,87.6333
3430,10.4711,,177,,87.6667
3431,10.4746,,177,,87.7
3432,10.478,,177,,87.7333
3433,10.4814,,177,,87.7667
3434,10.4848,,177,,87.8
3435,10.4876,,176.667,,87.6
3436,10.4904,,176.333,,87.4
3437,10.4932,,176,,87.2
3438,10.496,,175.667,,87
3439,10.4988,,175.333,,86.8
3440,10.5017,,175,,86.6
3441,10.5041,,175,,86.6
3442,10.5066,,175,,86.6
3443,10.5091,,175,,86.6
3444,10.5116,,175,,86.6
3445,10.514,,175,,86.6
3446,10.5165,,175,,86.6
3447,10.519,,175,,86.6
3448,10.5215,,175,,86.6
3449,10.5239,,175,,86.6
3450,10.5274,,175,,86.6
3451,10.5309,,175,,86.6
3452,10.5343,,175,,86.6
3453,10.5378,,175,,86.6
3454,10.5413,,175,,86.6
3455,10.5448,,175,,86.6
3456,10.548,,175,,86.6571
3457,10.5512,,175,,86.7143
3458,10.5544,,175,,86.7714
3459,10.5576,,175,,86.8286
3460,10.5607,,175,,86.8857
3461,10.5639,,175,,86.9429
3462,10.5671,,175,,87
3463,10.5706,,174.6,,86.68
3464,10.5741,,174.2,,86.36
3465,10.5776,,173.8,,86.04
3466,10.5811,,173.4,,85.72
3467,10.5846,,173,,85.4
3468,10.5875,,173,,85.4857
3469,10.5904,,173,,85.5714
3470,10.5934,,173,,85.6571
3471,10.5963,,173,,85.7429
3472,10.5992,,173,,85.8286
3473,10.6022,,173,,85.9143
3474,10.6051,,173,,86
3475,10.6082,,173,,85.9429
3476,10.6112,,173,,85.8857
3477,10.6142,,173,,85.8286
3478,10.6173,,173,,85.7714
3479,10.6203,,173,,85.7143
3480,10.6233,,173,,85.6571
3481,10.6264,,173,,85.6
3482,10.6291,,173,,85.625
3483,10.6319,,173,,85.65
3484,10.6347,,173,,85.675
3485,10.6375,,173,,85.7
3486,10.6403,,173,,85.725
3487,10.6431,,173,,85.75
3488,10.6458,,173,,85.775
3489,10.6486,,173,,85.8
3490,10.652,,173.167,,85.6667
3491,10.6553,,173.333,,85.5333
3492,10.6586,,173.5,,85.4
3493,10.662,,173.667,,85.2667
3494,10.6653,,173.833,,85.1333
3495,10.6687,,174,,85
3496,10.6718,,174,,84.6
3497,10.675,,174,,84.2
3498,10.6777,,174.333,,84.6
3499,10.6804,,174.667,,85
3500,10.6832,,175,,85.4
3501,10.6867,,175,,85.8
3502,10.6902,,175,,86.2
3503,10.6938,,175,,86.6
3504,10.6972,,175,,86.8
3505,10.7005,,175,,87
3506,10.7039,,175,,87.2
3507,10.7073,,175,,87.4
3508,10.7107,,175,,87.6
3509,10.7141,,175,,87.8
3510,10.7172,,175.143,,87.7714
3511,10.7203,,175.286,,87.7429
3512,10.7234,,175.429,,87.7143
3513,10.7265,,175.571,,87.6857
3514,10.7296,,175.714,,87.6571
3515,10.7327,,175.857,,87.6286
3516,10.7358,,176,,87.6
3517,10.7383,,176.25,,87.725
3518,10.7408,,176.5,,87.85
3519,10.7434,,176.75,,87.975
3520,10.7459,,177,,88.1
3521,10.7484,,177.25,,88.225
3522,10.7509,,177.5,,88.35
3523,10.7535,,177.75,,88.475
3524,10.756,,178,,88.6
3525,10.7587,,178,,88.1
3526,10.7615,,178,,87.6
3527,10.7643,,178,,87.1
3528,10.767,,178,,86.6
3529,10.7702,,177.833,,86.8
3530,10.7733,,177.667,,87
3531,10.7765,,177.5,,87.2
3532,10.7797,,177.333,,87.4
3533,10.7828,,177.167,,87.6
3534,10.786,,177,,87.8
3535,10.7889,,177,,87.5
3536,10.7918,,177,,87.2
3537,10.7947,,177,,86.9
3538,10.7976,,177,,86.6
3539,10.801,,176.667,,86.5
3540,10.8044,,176.333,,86.4
3541,10.8078,,176,,86.3
3542,10.8111,,175.667,,86.2
3543,10.8145,,175.333,,86.1
3544,10.8179,,175,,86
3545,10.8213,,175,,85.8667
3546,10.8247,,175,,85.7333
3547,10.8281,,175,,85.6
3548,10.8311,,175,,85.4
3549,10.8341,,175,,85.2
3550,10.8371,,175,,85
3551,10.8401,,175,,84.8
3552,10.8431,,175,,84.6
3553,10.8461,,175,,84.4
3554,10.8498,,174.667,,84.3667
3555,10.8535,,174.333,,84.3333
3556,10.8571,,174,,84.3
3557,10.8608,,173.667,,84.2667
3558,10.8645,,173.333,,84.2333
3559,10.8681,,173,,84.2
3560,10.8711,,173.125,,84.1
3561,10.8742,,173.25,,84
3562,10.8772,,173.375,,83.9
3563,10.8802,,173.5,,83.8
3564,10.8833,,173.625,,83.7
3565,10.8863,,173.75,,83.6
3566,10.8893,,173.875,,83.5
3567,10.8924,,174,,83.4
3568,10.8953,,174,,83.4
3569,10.8986,,173.667,,83.3667
3570,10.902,,173.333,,83.3333
3571,10.9053,,173,,83.3
3572,10.9087,,172.667,,83.2667
3573,10.912,,172.333,,83.2333
3574,10.9154,,172,,83.2
3575,10.9187,,172.143,,83.0857
3576,10.922,,172.286,,82.9714
3577,10.9253,,172.429,,82.8571
3578,10.9286,,172.571,,82.7429
3579,10.9319,,172.714,,82.6286
3580,10.9352,,172.857,,82.5143
3581,10.9385,,173,,82.4
3582,10.9414,,173,,82.8
3583,10.9444,,173,,83.2
3584,10.9474,,173,,83.6
3585,10.9504,,173,,83.2
3586,10.9533,,173,,82.8
3587,10.9563,,173,,82.4
3588,10.9592,,173,,82
3589,10.9618,,172.875,,81.975
3590,10.9643,,172.75,,81.95
3591,10.9668,,172.625,,81.925
3592,10.9694,,172.5,,81.9
3593,10.9719,,172.375,,81.875
3594,10.9744,,172.25,,81.85
3595,10.977,,172.125,,81.825
3596,10.9795,,172,,81.8
3597,10.9825,,172,,81.6286
3598,10.9854,,172,,81.4571
3599,10.9884,,172,,81.2857
3600,10.9914,,172,,81.1143
3601,10.9944,,172,,80.9429
3602,10.9973,,172,,80.7714
3603,11.0003,,172,,80.6
3604,11.0032,,171.714,,80.6
3605,11.006,,171.429,,80.6
3606,11.0089,,171.143,,80.6
3607,11.0118,,170.857,,80.6
3608,11.0147,,170.571,,80.6
3609,11.0175,,170.286,,80.6
3610,11.0204,,170,,80.6
3611,11.0233,,170.125,,80.525
3612,11.0261,,170.25,,80.45
3613,11.029,,170.375,,80.375
3614,11.0319,,170.5,,80.3
3615,11.0347,,170.625,,80.225
3616,11.0376,,170.75,,80.15
3617,11.0404,,170.875,,80.075
3618,11.0433,,171,,80
3619,11.0473,,171,,80.6
3620,11.0512,,171,,81.2
3621,11.0552,,171,,81.8
3622,11.0583,,171,,81.4667
3623,11.0614,,171,,81.1333
3624,11.0645,,171,,80.8
3625,11.0673,,171,,80.8
3626,11.0702,,171,,80.8
3627,11.0731,,171,,80.8
3628,11.0759,,171,,80.8
3629,11.0788,,171,,80.8
3630,11.0817,,171,,80.8
3631,11.0846,,171,,80.8
3632,11.0881,,171,,81
3633,11.0917,,171,,81.2
3634,11.0952,,171,,81.4
3635,11.0988,,171,,81.6
3636,11.1023,,171,,81.8
3637,11.1059,,171,,82
3638,11.1086,,171.25,,82
3639,11.1112,,171.5,,82
3640,11.1139,,171.75,,82
3641,11.1166,,172,,82
3642,11.1193,,172.25,,82
3643,11.122,,172.5,,82
3644,11.1246,,172.75,,82
3645,11.1273,,173,,82
3646,11.1301,,173.333,,82.4
3647,11.1329,,173.667,,82.8
3648,11.1357,,174,,83.2
3649,11.1384,,174,,83.25
3650,11.1411,,174,,83.3
3651,11.1439,,174,,83.35
3652,11.1466,,174,,83.4
3653,11.1493,,174,,83.45
3654,11.152,,174,,83.5
3655,11.1548,,174,,83.55
3656,11.1575,,174,,83.6
3657,11.1608,,174.167,,83.5333
3658,11.1642,,174.333,,83.4667
3659,11.1675,,174.5,,83.4
3660,11.1708,,174.667,,83.3333
3661,11.1742,,174.833,,83.2667
3662,11.1775,,175,,83.2
3663,11.1809,,174.833,,83.1667
3664,11.1843,,174.667,,83.1333
3665,11.1876,,174.5,,83.1
3666,11.191,,174.333,,83.0667
3667,11.1944,,174.167,,83.0333
3668,11.1977,,174,,83
3669,11.2009,,174,,82.8857
3670,11.204,,174,,82.7714
3671,11.2072,,174,,82.6571
3672,11.2103,,174,,82.5429
3673,11.2135,,174,,82.4286
3674,11.2166,,174,,82.3143
3675,11.2198,,174,,82.2
3676,11.2226,,174.143,,82.2
3677,11.2255,,174.286,,82.2
3678,11.2284,,174.429,,82.2
3679,11.2313,,174.571,,82.2
3680,11.2342,,174.714,,82.2
3681,11.2371,,174.857,,82.2
3682,11.24,,175,,82.2
3683,11.2428,,175,,81.8
3684,11.2458,,175,,81.7429
3685,11.2488,,175,,81.6857
3686,11.2517,,175,,81.6286
3687,11.2547,,175,,81.5714
3688,11.2577,,175,,81.5143
3689,11.2606,,175,,81.4571
3690,11.2636,,175,,81.4
3691,11.2666,,174.6,,81.2
3692,11.2697,,174.2,,81
3693,11.2728,,173.8,,80.8
3694,11.2758,,173.4,,80.6
3695,11.2789,,173,,80.4
3696,11.2812,,172.5,,80.3
3697,11.2836,,172,,80.2
3698,11.2859,,171.5,,80.1
3699,11.2883,,171,,80
3700,11.2907,,170.5,,79.9
3701,11.293,,170,,79.8
3702,11.2956,,170,,79.4
3703,11.2985,,169.857,,79.3143
3704,11.3015,,169.714,,79.2286
3705,11.3045,,169.571,,79.1429
3706,11.3074,,169.429,,79.0571
3707,11.3104,,169.286,,78.9714
3708,11.3134,,169.143,,78.8857
3709,11.3164,,169,,78.8
3710,11.3195,,169,,78.6
3711,11.3226,,169,,78.4
3712,11.3265,,169,,78.5
3713,11.3304,,169,,78.6
3714,11.3344,,169,,78.7
3715,11.3383,,169,,78.8
3716,11.3422,,169,,78.9
3717,11.3461,,169,,79
3718,11.3497,,169,,79.4
3719,11.3532,,169,,79.8
3720,11.3565,,169.2,,80.04
3721,11.3597,,169.4,,80.28
3722,11.3629,,169.6,,80.52
3723,11.3661,,169.8,,80.76
3724,11.3693,,170,,81
3725,11.3723,,170.429,,81.0286
3726,11.3754,,170.857,,81.0571
3727,11.3784,,171.286,,81.0857
3728,11.3814,,171.714,,81.1143
3729,11.3844,,172.143,,81.1429
3730,11.3874,,172.571,,81.1714
3731,11.3904,,173,,81.2
3732,11.3933,,173,,81.4
3733,11.3962,,173,,81.6
3734,11.3991,,173,,81.8
3735,11.402,,173,,82
3736,11.4049,,173.333,,82.2
3737,11.4078,,173.667,,82.4
3738,11.4107,,174,,82.6
3739,11.4137,,174.333,,82.8
3740,11.4166,,174.667,,83
3741,11.4195,,175,,83.2
3742,11.4225,,175,,83.1714
3743,11.4255,,175,,83.1429
3744,11.4285,,175,,83.1143
3745,11.4314,,175,,83.0857
3746,11.4344,,175,,83.0571
3747,11.4374,,175,,83.0286
3748,11.4404,,175,,83
3749,11.4435,,175,,83.2
3750,11.4466,,175,,83.4
3751,11.4497,,175,,83.6
3752,11.4528,,175,,83.8
3753,11.4559,,175,,84
3754,11.459,,175,,84.2
3755,11.462,,175,,84.4
3756,11.4651,,175.143,,84.3143
3757,11.4682,,175.286,,84.2286
3758,11.4713,,175.429,,84.1429
3759,11.4744,,175.571,,84.0571
3760,11.4775,,175.714,,83.9714
3761,11.4805,,175.857,,83.8857
3762,11.4836,,176,,83.8
3763,11.4866,,175.8,,83.64
3764,11.4895,,175.6,,83.48
3765,11.4925,,175.4,,83.32
3766,11.4954,,175.2,,83.16
3767,11.4984,,175,,83
3768,11.501,,175,,83
3769,11.5036,,175,,83
3770,11.5062,,175,,83
3771,11.5089,,175,,83
3772,11.5115,,175,,83
3773,11.5141,,175,,83
3774,11.5167,,175,,83
3775,11.5193,,175,,83
3776,11.5221,,154,,83
3777,11.5249,,138,,82.8
3778,11.5272,,138,,82.2
3779,11.5289,,146,,82
3780,11.5318,,149,,81.8
3781,11.5349,,149,,81.2
3782,11.5387,,151,,81
3783,11.5429,,152.667,,80.6667
3784,11.5471,,154.333,,80.3333
3785,11.5513,,156,,80
3786,11.5547,,157,,79.8
3787,11.5581,,157,,79.56
3788,11.5616,,157,,79.32
3789,11.565,,157,,79.08
3790,11.5684,,157,,78.84
3791,11.5718,,157,,78.6
3792,11.575,,160,,78.6
3793,11.5786,,162.5,,78.5
3794,11.5821,,165,,78.4
3795,11.5854,,165.25,,78.2
3796,11.5888,,165.5,,78
3797,11.5922,,165.75,,77.8
3798,11.5955,,166,,77.6
3799,11.5991,,166,,77.6333
3800,11.6028,,166,,77.6667
3801,11.6064,,166,,77.7
3802,11.61,,166,,77.7333
3803,11.6136,,166,,77.7667
3804,11.6172,,166,,77.8
3805,11.6205,,166,,77
3806,11.6237,,166,,76.2
3807,11.627,,166.143,,76.1429
3808,11.6303,,166.286,,76.0857
3809,11.6335,,166.429,,76.0286
3810,11.6368,,166.571,,75.9714
3811,11.6401,,166.714,,75.9143
3812,11.6433,,166.857,,75.8571
3813,11.6466,,167,,75.8
3814,11.6498,,167,,75.2
3815,11.6534,,167,,74.9
3816,11.657,,167,,74.6
3817,11.6606,,167,,74.3
3818,11.6642,,167,,74
3819,11.6678,,166.833,,73.9667
3820,11.6714,,166.667,,73.9333
3821,11.6751,,166.5,,73.9
3822,11.6787,,166.333,,73.8667
3823,11.6824,,166.167,,73.8333
3824,11.686,,166,,73.8
3825,11.6893,,166,,73.6
3826,11.6926,,166,,73.4
3827,11.6959,,166,,73.2
3828,11.6991,,166,,73
3829,11.7024,,166,,72.8
3830,11.7054,,165.714,,72.6857
3831,11.7084,,165.429,,72.5714
3832,11.7113,,165.143,,72.4571
3833,11.7143,,164.857,,72.3429
3834,11.7173,,164.571,,72.2286
3835,11.7202,,164.286,,72.1143
3836,11.7232,,164,,72
3837,11.7259,,164,,71.8
3838,11.7285,,164,,71.75
3839,11.7312,,164,,71.7
3840,11.7338,,164,,71.65
3841,11.7364,,164,,71.6
3842,11.739,,164,,71.55
3843,11.7417,,164,,71.5
3844,11.7443,,164,,71.45
3845,11.7469,,164,,71.4
3846,11.7496,,164,,71.24
3847,11.7523,,164,,71.08
3848,11.7549,,164,,70.92
3849,11.7576,,164,,70.76
3850,11.7603,,164,,70.6
3851,11.7632,,164.143,,70.4857
3852,11.7661,,164.286,,70.3714
3853,11.7691,,164.429,,70.2571
3854,11.772,,164.571,,70.1429
3855,11.7749,,164.714,,70.0286
3856,11.7778,,164.857,,69.9143
3857,11.7808,,165,,69.8
3858,11.7837,,165.25,,69.75
3859,11.7867,,165.5,,69.7
3860,11.7897,,165.75,,69.65
3861,11.7927,,166,,69.6
3862,11.7955,,166,,69.4571
3863,11.7984,,166,,69.3143
3864,11.8013,,166,,69.1714
3865,11.8041,,166,,69.0286
3866,11.807,,166,,68.8857
3867,11.8099,,166,,68.7429
3868,11.8127,,166,,68.6
3869,11.8162,,166,,68.5
3870,11.8196,,166,,68.4
3871,11.8229,,166.286,,68.2
3872,11.8261,,166.571,,68
3873,11.8294,,166.857,,67.8
3874,11.8327,,167.143,,67.6
3875,11.8359,,167.429,,67.4
3876,11.8392,,167.714,,67.2
3877,11.8424,,168,,67
3878,11.8464,,168,,66.8
3879,11.8503,,168,,66.6
3880,11.8543,,168,,66.4
3881,11.8582,,168,,66.2
3882,11.8622,,168,,66
3883,11.8655,,169.5,,65.8
3884,11.8689,,171,,65.6
3885,11.8732,,178,,65.6
3886,11.8763,,178,,65.4
3887,11.8807,,178,,65.2
3888,11.8851,,178,,65
3889,11.889,,178,,64.6
3890,11.893,,178,,64.2
3891,11.897,,178,,63.8
3892,11.9005,,178,,63.5
3893,11.9041,,178,,63.2
3894,11.9077,,178,,62.9
3895,11.9112,,178,,62.6
3896,11.9143,,177.6,,62.4
3897,11.9175,,177.2,,62.2
3898,11.9206,,176.8,,62
3899,11.9238,,176.4,,61.8
3900,11.9269,,176,,61.6
3901,11.9303,,175.714,,61.5143
3902,11.9336,,175.429,,61.4286
3903,11.937,,175.143,,61.3429
3904,11.9404,,174.857,,61.2571
3905,11.9437,,174.571,,61.1714
3906,11.9471,,174.286,,61.0857
3907,11.9504,,174,,61
3908,11.9547,,174,,60.7
3909,11.959,,174,,60.4
3910,11.9635,,174.333,,59.9333
3911,11.968,,174.667,,59.4667
3912,11.9724,,175,,59
3913,11.9762,,171,,58.9
3914,11.9801,,167,,58.8
3915,11.9836,,167,,58.6
3916,11.9877,,167,,58.3333
3917,11.9918,,167,,58.0667
3918,11.9958,,167,,57.8
3919,11.9993,,167,,57.8
3920,12.0028,,167,,57.8
3921,12.006,,165.714,,57.7429
3922,12.0092,,164.429,,57.6857
3923,12.0124,,163.143,,57.6286
3924,12.0156,,161.857,,57.5714
3925,12.0188,,160.571,,57.5143
3926,12.022,,159.286,,57.4571
3927,12.0252,,158,,57.4
3928,12.028,,149,,56.6
3929,12.0315,,149,,56.4
3930,12.0346,,152,,56.6
3931,12.0381,,152.4,,56.24
3932,12.0416,,152.8,,55.88
3933,12.0451,,153.2,,55.52
3934,12.0486,,153.6,,55.16
3935,12.0522,,154,,54.8
3936,12.0557,,154,,54.7
3937,12.0592,,154,,54.6
3938,12.0627,,154,,54.5
3939,12.0663,,154,,54.4
3940,12.0698,,154,,54.3
3941,12.0733,,154,,54.2
3942,12.0764,,145,,53.6
3943,12.0795,,145,,53.8
3944,12.0828,,146.5,,54.2
3945,12.0862,,148,,54.6
3946,12.0892,,153,,54.2
3947,12.0926,,159,,53.6
3948,12.0963,,162,,53
3949,12.1002,,162,,53
3950,12.1038,,163,,53.1333
3951,12.1074,,164,,53.2667
3952,12.111,,165,,53.4
3953,12.1144,,165.4,,53.16
3954,12.1177,,165.8,,52.92
3955,12.1211,,166.2,,52.68
3956,12.1245,,166.6,,52.44
3957,12.1278,,167,,52.2
3958,12.1312,,159,,52
3959,12.1349,,159,,51.8
3960,12.1383,,159,,51.68
3961,12.1417,,159,,51.56
3962,12.1451,,159,,51.44
3963,12.1485,,159,,51.32
3964,12.152,,159,,51.2
3965,12.1555,,159.167,,51.1333
3966,12.159,,159.333,,51.0667
3967,12.1626,,159.5,,51
3968,12.1661,,159.667,,50.9333
3969,12.1696,,159.833,,50.8667
3970,12.1732,,160,,50.8
3971,12.1766,,160.167,,50.6667
3972,12.18,,160.333,,50.5333
3973,12.1834,,160.5,,50.4
3974,12.1868,,160.667,,50.2667
3975,12.1902,,160.833,,50.1333
3976,12.1936,,161,,50
3977,12.1971,,161,,49.9667
3978,12.2007,,161,,49.9333
3979,12.2042,,161,,49.9
3980,12.2078,,161,,49.8667
3981,12.2113,,161,,49.8333
3982,12.2149,,161,,49.8
3983,12.2182,,161.167,,49.7
3984,12.2216,,161.333,,49.6
3985,12.2249,,161.5,,49.5
3986,12.2283,,161.667,,49.4
3987,12.2317,,161.833,,49.3
3988,12.235,,162,,49.2
3989,12.2381,,162.143,,49.0857
3990,12.2412,,162.286,,48.9714
3991,12.2443,,162.429,,48.8571
3992,12.2473,,162.571,,48.7429
3993,12.2504,,162.714,,48.6286
3994,12.2535,,162.857,,48.5143
3995,12.2566,,163,,48.4
3996,12.2598,,164.5,,48.5
3997,12.2631,,166,,48.6
3998,12.2662,,166.25,,48.35
3999,12.2693,,166.5,,48.1
4000,12.2724,,166.75,,47.85
4001,12.2755,,167,,47.6
4002,12.2789,,167.2,,47.4
4003,12.2823,,167.4,,47.2
4004,12.2857,,167.6,,47
4005,12.2891,,167.8,,46.8
4006,12.2925,,168,,46.6
4007,12.2954,,168,,46.4
4008,12.2984,,168,,46.2
4009,12.3013,,168,,46
4010,12.3043,,168,,45.8
4011,12.3073,,168,,45.6
4012,12.3096,,168.125,,45.475
4013,12.3118,,168.25,,45.35
4014,12.3141,,168.375,,45.225
4015,12.3164,,168.5,,45.1
4016,12.3187,,168.625,,44.975
4017,12.321,,168.75,,44.85
4018,12.3233,,168.875,,44.725
4019,12.3255,,169,,44.6
4020,12.328,,169,,44.36
4021,12.3304,,169,,44.12
4022,12.3329,,169,,43.88
4023,12.3353,,169,,43.64
4024,12.3377,,169,,43.4
4025,12.3407,,169.143,,43.2857
4026,12.3437,,169.286,,43.1714
4027,12.3467,,169.429,,43.0571
4028,12.3496,,169.571,,42.9429
4029,12.3526,,169.714,,42.8286
4030,12.3556,,169.857,,42.7143
4031,12.3586,,170,,42.6
4032,12.3617,,170.143,,42.5429
4033,12.3647,,170.286,,42.4857
4034,12.3678,,170.429,,42.4286
4035,12.3709,,170.571,,42.3714
4036,12.374,,170.714,,42.3143
4037,12.3771,,170.857,,42.2571
4038,12.3802,,171,,42.2
4039,12.3835,,160,,42
4040,12.387,,160,,42
4041,12.3907,,160,,41.75
4042,12.3944,,160,,41.5
4043,12.3982,,160,,41.25
4044,12.4019,,160,,41
4045,12.4056,,151,,40.6
4046,12.409,,151,,40.2
4047,12.4126,,154,,40
4048,12.4156,,160,,39.6
4049,12.4184,,165,,39.8
4050,12.422,,167.5,,39.7
4051,12.4256,,170,,39.6
4052,12.4294,,170,,39.2
4053,12.4336,,170,,39.36
4054,12.4379,,170,,39.52
4055,12.4422,,170,,39.68
4056,12.4464,,170,,39.84
4057,12.4507,,170,,40
4058,12.455,,169.8,,39.92
4059,12.4593,,169.6,,39.84
4060,12.4636,,169.4,,39.76
4061,12.468,,169.2,,39.68
4062,12.4723,,169,,39.6
4063,12.4752,,169,,39.1333
4064,12.4781,,169,,38.6667
4065,12.481,,169,,38.2
4066,12.4834,,169,,38.65
4067,12.4857,,169,,39.1
4068,12.488,,169,,39.55
4069,12.4904,,169,,40
4070,12.493,,169.333,,39.4667
4071,12.4956,,169.667,,38.9333
4072,12.4983,,170,,38.4
4073,12.5003,,169.8,,38.08
4074,12.5024,,169.6,,37.76
4075,12.5045,,169.4,,37.44
4076,12.5065,,169.2,,37.12
4077,12.5086,,169,,36.8
4078,12.5117,,169,,36
4079,12.5147,,169,,35.2
4080,12.5176,,168.375,,35.175
4081,12.5204,,167.75,,35.15
4082,12.5232,,167.125,,35.125
4083,12.5261,,166.5,,35.1
4084,12.5289,,165.875,,35.075
4085,12.5317,,165.25,,35.05
4086,12.5346,,164.625,,35.025
4087,12.5374,,164,,35
4088,12.5415,,164.4,,35.12
4089,12.5456,,164.8,,35.24
4090,12.5496,,165.2,,35.36
4091,12.5537,,165.6,,35.48
4092,12.5578,,166,,35.6
4093,12.5614,,167,,34.3
4094,12.5651,,168,,33
4095,12.5687,,168,,32.9
4096,12.5723,,168,,32.8
4097,12.576,,168,,32.7
4098,12.5796,,168,,32.6
4099,12.5832,,168,,32.5
4100,12.5868,,168,,32.4
4101,12.5903,,168.2,,32.28
4102,12.5937,,168.4,,32.16
4103,12.5972,,168.6,,32.04
4104,12.6006,,168.8,,31.92
4105,12.604,,169,,31.8
4106,12.607,,169,,31.7714
4107,12.6099,,169,,31.7429
4108,12.6129,,169,,31.7143
4109,12.6159,,169,,31.6857
4110,12.6188,,169,,31.6571
4111,12.6218,,169,,31.6286
4112,12.6247,,169,,31.6
4113,12.628,,169,,31.4
4114,12.6314,,169,,31.2
4115,12.6347,,169,,31
4116,12.638,,169,,30.8
4117,12.6415,,169,,30.2
4118,12.645,,169,,29.6
4119,12.6486,,168.5,,29.3
4120,12.6522,,168,,29
4121,12.6559,,167.5,,28.7
4122,12.6595,,167,,28.4
4123,12.6628,,167,,28.0667
4124,12.6661,,167,,27.7333
4125,12.6694,,167,,27.4
4126,12.6728,,167.333,,27.3667
4127,12.6762,,167.667,,27.3333
4128,12.6796,,168,,27.3
4129,12.683,,168.333,,27.2667
4130,12.6864,,168.667,,27.2333
4131,12.6898,,169,,27.2
4132,12.6931,,169,,27.0571
4133,12.6964,,169,,26.9143
4134,12.6997,,169,,26.7714
4135,12.703,,169,,26.6286
4136,12.7063,,169,,26.4857
4137,12.7096,,169,,26.3429
4138,12.7129,,169,,26.2
4139,12.7169,,169.333,,25.8667
4140,12.7208,,169.667,,25.5333
4141,12.7248,,170,,25.2
4142,12.7279,,170,,25.0286
4143,12.731,,170,,24.8571
4144,12.7342,,170,,24.6857
4145,12.7373,,170,,24.5143
4146,12.7405,,170,,24.3429
4147,12.7436,,170,,24.1714
4148,12.7467,,170,,24
4149,12.749,,170,,23.76
4150,12.7512,,170,,23.52
4151,12.7535,,170,,23.28
4152,12.7557,,170,,23.04
4153,12.758,,170,,22.8
4154,12.761,,170.5,,22.8
4155,12.7641,,171,,22.8
4156,12.7671,,171.5,,22.8
4157,12.7702,,172,,22.8
4158,12.7732,,172.5,,22.8
4159,12.7763,,173,,22.8
4160,12.7802,,172.833,,22.5667
4161,12.7841,,172.667,,22.3333
4162,12.7881,,172.5,,22.1
4163,12.792,,172.333,,21.8667
4164,12.7959,,172.167,,21.6333
4165,12.7999,,172,,21.4
4166,12.8036,,172,,21.0667
4167,12.8074,,172,,20.7333
4168,12.8112,,172,,20.4
4169,12.815,,172,,20.2
4170,12.8188,,172,,20
4171,12.8226,,172,,19.8
4172,12.8264,,172,,19.6
4173,12.8302,,172,,19.4
4174,12.834,,172,,19.2
4175,12.8377,,172,,18.6667
4176,12.8414,,172,,18.1333
4177,12.8451,,172,,17.6
4178,12.8487,,172,,17.4
4179,12.8523,,172,,17.2
4180,12.8559,,172,,17
4181,12.8595,,172,,16.8
4182,12.8631,,172,,16.6
4183,12.8666,,172,,16.4
4184,12.8702,,172.167,,16.3667
4185,12.8738,,172.333,,16.3333
4186,12.8774,,172.5,,16.3
4187,12.881,,172.667,,16.2667
4188,12.8846,,172.833,,16.2333
4189,12.8882,,173,,16.2
4190,12.8917,,173,,16
4191,12.8951,,173,,15.8
4192,12.8986,,173,,15.6
4193,12.9021,,173,,15.4
4194,12.9056,,173,,15.2
4195,12.9087,,162,,15.2
4196,12.912,,162,,14.4
4197,12.9157,,162,,13.8
4198,12.919,,165,,13.8
4199,12.9225,,167,,13.6
4200,12.9259,,169,,13.4
4201,12.9294,,169.5,,13.2
4202,12.9329,,170,,13
4203,12.9364,,170.5,,12.8
4204,12.9399,,171,,12.6
4205,12.943,,171,,12.5714
4206,12.9462,,171,,12.5429
4207,12.9493,,171,,12.5143
4208,12.9525,,171,,12.4857
4209,12.9556,,171,,12.4571
4210,12.9588,,171,,12.4286
4211,12.962,,171,,12.4
4212,12.9649,,171.143,,12.3429
4213,12.9677,,171.286,,12.2857
4214,12.9706,,171.429,,12.2286
4215,12.9735,,171.571,,12.1714
4216,12.9764,,171.714,,12.1143
4217,12.9793,,171.857,,12.0571
4218,12.9822,,172,,12
4219,12.9855,,172,,11.4
4220,12.9887,,172,,11.48
4221,12.9918,,172,,11.56
4222,12.9949,,172,,11.64
4223,12.998,,172,,11.72
4224,13.0011,,172,,11.8
4225,13.0042,,172,,11.9429
4226,13.0072,,172,,12.0857
4227,13.0103,,172,,12.2286
4228,13.0134,,172,,12.3714
4229,13.0164,,172,,12.5143
4230,13.0195,,172,,12.6571
4231,13.0225,,172,,12.8
4232,13.0254,,172,,12.7429
4233,13.0283,,172,,12.6857
4234,13.0312,,172,,12.6286
4235,13.0341,,172,,12.5714
4236,13.037,,172,,12.5143
4237,13.04,,172,,12.4571
4238,13.0429,,172,,12.4
4239,13.0457,,172,,12.0667
4240,13.0485,,172,,11.7333
4241,13.0512,,172,,11.4
4242,13.0541,,172.125,,11.45
4243,13.0569,,172.25,,11.5
4244,13.0597,,172.375,,11.55
4245,13.0625,,172.5,,11.6
4246,13.0653,,172.625,,11.65
4247,13.0681,,172.75,,11.7
4248,13.0709,,172.875,,11.75
4249,13.0737,,173,,11.8
4250,13.0767,,173.429,,11.8857
4251,13.0796,,173.857,,11.9714
4252,13.0826,,174.286,,12.0571
4253,13.0855,,174.714,,12.1429
4254,13.0884,,175.143,,12.2286
4255,13.0914,,175.571,,12.3143
4256,13.0943,,176,,12.4
4257,13.0975,,176.4,,12.64
4258,13.1006,,176.8,,12.88
4259,13.1037,,177.2,,13.12
4260,13.1069,,177.6,,13.36
4261,13.11,,178,,13.6
4262,13.1131,,178.286,,13.8
4263,13.1163,,178.571,,14
4264,13.1194,,178.857,,14.2
4265,13.1225,,179.143,,14.4
4266,13.1256,,179.429,,14.6
4267,13.1288,,179.714,,14.8
4268,13.1319,,180,,15
4269,13.1349,,180,,14.9429
4270,13.1379,,180,,14.8857
4271,13.141,,180,,14.8286
4272,13.144,,180,,14.7714
4273,13.147,,180,,14.7143
4274,13.15,,180,,14.6571
4275,13.1531,,180,,14.6
4276,13.1559,,180,,14.6857
4277,13.1588,,180,,14.7714
4278,13.1617,,180,,14.8571
4279,13.1646,,180,,14.9429
4280,13.1674,,180,,15.0286
4281,13.1703,,180,,15.1143
4282,13.1732,,180,,15.2
4283,13.1763,,180.333,,15.6
4284,13.1794,,180.667,,16
4285,13.1825,,181,,16.4
4286,13.1852,,181,,16.325
4287,13.188,,181,,16.25
4288,13.1907,,181,,16.175
4289,13.1935,,181,,16.1
4290,13.1963,,181,,16.025
4291,13.199,,181,,15.95
4292,13.2018,,181,,15.875
4293,13.2045,,181,,15.8
4294,13.2074,,181,,15.5
4295,13.2102,,181,,15.2
4296,13.2132,,181,,15.4
4297,13.2163,,181,,15.6
4298,13.2193,,181,,15.8
4299,13.2223,,181,,16
4300,13.2253,,181,,16.2
4301,13.2283,,181,,16.4
4302,13.2311,,181,,16.68
4303,13.2339,,181,,16.96
4304,13.2367,,181,,17.24
4305,13.2395,,181,,17.52
4306,13.2423,,181,,17.8
4307,13.2451,,180.875,,17.85
4308,13.2479,,180.75,,17.9
4309,13.2506,,180.625,,17.95
4310,13.2534,,180.5,,18
4311,13.2561,,180.375,,18.05
4312,13.2589,,180.25,,18.1
4313,13.2616,,180.125,,18.15
4314,13.2644,,180,,18.2
4315,13.2671,,180,,18.1
4316,13.2698,,180,,18
4317,13.2725,,180,,17.9
4318,13.2752,,180,,17.8
4319,13.2779,,180,,17.7
4320,13.2806,,180,,17.6
4321,13.2833,,180,,17.5
4322,13.286,,180,,17.4
4323,13.2888,,180,,17.425
4324,13.2917,,180,,17.45
4325,13.2945,,180,,17.475
4326,13.2973,,180,,17.5
4327,13.3001,,180,,17.525
4328,13.3029,,180,,17.55
4329,13.3057,,180,,17.575
4330,13.3085,,180,,17.6
4331,13.3113,,180,,17.625
4332,13.3141,,180,,17.65
4333,13.3168,,180,,17.675
4334,13.3196,,180,,17.7
4335,13.3224,,180,,17.725
4336,13.3252,,180,,17.75
4337,13.328,,180,,17.775
4338,13.3308,,180,,17.8
4339,13.3337,,180,,17.55
4340,13.3367,,180,,17.3
4341,13.3397,,180,,17.05
4342,13.3427,,180,,16.8
4343,13.3455,,179.857,,17.0571
4344,13.3483,,179.714,,17.3143
4345,13.3512,,179.571,,17.5714
4346,13.354,,179.429,,17.8286
4347,13.3568,,179.286,,18.0857
4348,13.3596,,179.143,,18.3429
4349,13.3624,,179,,18.6
4350,13.3653,,179,,19.1
4351,13.3682,,179,,19.6
4352,13.3711,,179,,19
4353,13.3739,,179,,18.4
4354,13.3766,,178.8,,18.64
4355,13.3793,,178.6,,18.88
4356,13.382,,178.4,,19.12
4357,13.3847,,178.2,,19.36
4358,13.3874,,178,,19.6
4359,13.3906,,178,,19.3667
4360,13.3939,,178,,19.1333
4361,13.3972,,178,,18.9
4362,13.4004,,178,,18.6667
4363,13.4037,,178,,18.4333
4364,13.407,,178,,18.2
4365,13.4096,,178,,18.15
4366,13.4123,,178,,18.1
4367,13.415,,178,,18.05
4368,13.4177,,178,,18
4369,13.4204,,178,,17.95
4370,13.4231,,178,,17.9
4371,13.4257,,178,,17.85
4372,13.4284,,178,,17.8
4373,13.4309,,178,,17.7778
4374,13.4334,,178,,17.7556
4375,13.4359,,178,,17.7333
4376,13.4383,,178,,17.7111
4377,13.4408,,178,,17.6889
4378,13.4433,,178,,17.6667
4379,13.4458,,178,,17.6444
4380,13.4483,,178,,17.6222
4381,13.4507,,178,,17.6
4382,13.4535,,177.875,,17.675
4383,13.4563,,177.75,,17.75
4384,13.4591,,177.625,,17.825
4385,13.4619,,177.5,,17.9
4386,13.4647,,177.375,,17.975
4387,13.4675,,177.25,,18.05
4388,13.4703,,177.125,,18.125
4389,13.4731,,177,,18.2
4390,13.4754,,177,,18.225
4391,13.4776,,177,,18.25
4392,13.4798,,177,,18.275
4393,13.482,,177,,18.3
4394,13.4842,,177,,18.325
4395,13.4864,,177,,18.35
4396,13.4886,,177,,18.375
4397,13.4908,,177,,18.4
4398,13.4938,,176.714,,18.4
4399,13.4969,,176.429,,18.4
4400,13.4999,,176.143,,18.4
4401,13.5029,,175.857,,18.4
4402,13.5059,,175.571,,18.4
4403,13.5089,,175.286,,18.4
4404,13.5119,,175,,18.4
4405,13.5152,,175,,18.3667
4406,13.5185,,175,,18.3333
4407,13.5219,,175,,18.3
4408,13.5252,,175,,18.2667
4409,13.5285,,175,,18.2333
4410,13.5319,,175,,18.2
4411,13.5347,,175,,18.0571
4412,13.5375,,175,,17.9143
4413,13.5404,,175,,17.7714
4414,13.5432,,175,,17.6286
4415,13.546,,175,,17.4857
4416,13.5488,,175,,17.3429
4417,13.5517,,175,,17.2
4418,13.5546,,175.167,,17.0333
4419,13.5575,,175.333,,16.8667
4420,13.5604,,175.5,,16.7
4421,13.5633,,175.667,,16.5333
4422,13.5662,,175.833,,16.3667
4423,13.5691,,176,,16.2
4424,13.5722,,176,,16.2
4425,13.5752,,176,,16.2
4426,13.5783,,176,,16.2
4427,13.5814,,176,,16.2
4428,13.5845,,176,,16.2
4429,13.5876,,176,,16.2
4430,13.5907,,176,,16.2
4431,13.5938,,176,,16.2857
4432,13.5969,,176,,16.3714
4433,13.6001,,176,,16.4571
4434,13.6032,,176,,16.5429
4435,13.6064,,176,,16.6286
4436,13.6095,,176,,16.7143
4437,13.6126,,176,,16.8
4438,13.6164,,176.2,,16.88
4439,13.6202,,176.4,,16.96
4440,13.624,,176.6,,17.04
4441,13.6278,,176.8,,17.12
4442,13.6316,,177,,17.2
4443,13.6347,,177.143,,17.2
4444,13.6378,,177.286,,17.2
4445,13.6409,,177.429,,17.2
4446,13.644,,177.571,,17.2
4447,13.6471,,177.714,,17.2
4448,13.6502,,177.857,,17.2
4449,13.6533,,178,,17.2
4450,13.6563,,178,,17.2286
4451,13.6592,,178,,17.2571
4452,13.6621,,178,,17.2857
4453,13.6651,,178,,17.3143
4454,13.668,,178,,17.3429
4455,13.6709,,178,,17.3714
4456,13.6739,,178,,17.4
4457,13.6771,,178,,17.3429
4458,13.6803,,178,,17.2857
4459,13.6835,,178,,17.2286
4460,13.6867,,178,,17.1714
4461,13.6899,,178,,17.1143
4462,13.6931,,178,,17.0571
4463,13.6963,,178,,17
4464,13.6998,,175,,17.05
4465,13.7033,,172,,17.1
4466,13.7068,,169,,17.15
4467,13.7104,,166,,17.2
4468,13.7137,,168,,16.6
4469,13.7172,,171,,16.4
4470,13.7207,,174,,16.2
4471,13.724,,174,,16.2
4472,13.7271,,174.75,,16.1
4473,13.7302,,175.5,,16
4474,13.7334,,176.25,,15.9
4475,13.7365,,177,,15.8
4476,13.7398,,177.143,,15.6571
4477,13.743,,177.286,,15.5143
4478,13.7463,,177.429,,15.3714
4479,13.7496,,177.571,,15.2286
4480,13.7529,,177.714,,15.0857
4481,13.7562,,177.857,,14.9429
4482,13.7595,,178,,14.8
4483,13.7631,,178,,14.7
4484,13.7668,,178,,14.6
4485,13.7705,,178,,14.5
4486,13.7742,,178,,14.4
4487,13.7779,,178,,14.3
4488,13.7815,,178,,14.2
4489,13.7853,,178.5,,13.9
4490,13.789,,179,,13.6
4491,13.7923,,178.857,,13.6
4492,13.7955,,178.714,,13.6
4493,13.7987,,178.571,,13.6
4494,13.8019,,178.429,,13.6
4495,13.8051,,178.286,,13.6
4496,13.8083,,178.143,,13.6
4497,13.8115,,178,,13.6
4498,13.8148,,177.6,,13.4
4499,13.8182,,177.2,,13.2
4500,13.8215,,176.8,,13
4501,13.8248,,176.4,,12.8
4502,13.8281,,176,,12.6
4503,13.8314,,175.714,,12.5429
4504,13.8347,,175.429,,12.4857
4505,13.838,,175.143,,12.4286
4506,13.8413,,174.857,,12.3714
4507,13.8446,,174.571,,12.3143
4508,13.8479,,174.286,,12.2571
4509,13.8512,,174,,12.2
4510,13.8545,,172.286,,12.2286
4511,13.8578,,170.571,,12.2571
4512,13.8611,,168.857,,12.2857
4513,13.8645,,167.143,,12.3143
4514,13.8678,,165.429,,12.3429
4515,13.8711,,163.714,,12.3714
4516,13.8744,,162,,12.4
4517,13.8774,,162,,12.4
4518,13.8806,,163.5,,12.1
4519,13.8837,,165,,11.8
4520,13.887,,167.5,,11.6
4521,13.8902,,170,,11.4
4522,13.8933,,171.5,,11.3
4523,13.8963,,173,,11.2
4524,13.8993,,173.286,,11.1714
4525,13.9024,,173.571,,11.1429
4526,13.9054,,173.857,,11.1143
4527,13.9084,,174.143,,11.0857
4528,13.9114,,174.429,,11.0571
4529,13.9144,,174.714,,11.0286
4530,13.9174,,175,,11
4531,13.92,,175,,11.4
4532,13.9227,,175,,11.35
4533,13.9255,,175,,11.3
4534,13.9283,,175,,11.25
4535,13.931,,175,,11.2
4536,13.9338,,175,,11.15
4537,13.9365,,175,,11.1
4538,13.9393,,175,,11.05
4539,13.9421,,175,,11
4540,13.9455,,175.143,,11.0571
4541,13.9489,,175.286,,11.1143
4542,13.9523,,175.429,,11.1714
4543,13.9557,,175.571,,11.2286
4544,13.9591,,175.714,,11.2857
4545,13.9625,,175.857,,11.3429
4546,13.9659,,176,,11.4
4547,13.9698,,176,,11.3
4548,13.9736,,176,,11.2
4549,13.9775,,176,,11.1
4550,13.9814,,176,,11
4551,13.9853,,176,,10.9
4552,13.9892,,176,,10.8
4553,13.9929,,176,,10.8
4554,13.9965,,176,,10.8
4555,14.0002,,176,,10.8
4556,14.0034,,176,,10.9714
4557,14.0066,,176,,11.1429
4558,14.0098,,176,,11.3143
4559,14.0131,,176,,11.4857
4560,14.0163,,176,,11.6571
4561,14.0195,,176,,11.8286
4562,14.0227,,176,,12
4563,14.0259,,175.857,,12.0286
4564,14.0292,,175.714,,12.0571
4565,14.0324,,175.571,,12.0857
4566,14.0357,,175.429,,12.1143
4567,14.0389,,175.286,,12.1429
4568,14.0422,,175.143,,12.1714
4569,14.0454,,175,,12.2
4570,14.0478,,175,,11.8333
4571,14.0502,,175,,11.4667
4572,14.0526,,175,,11.1
4573,14.055,,175,,10.7333
4574,14.0574,,175,,10.3667
4575,14.0598,,175,,10
4576,14.0605,,174.5,,9.96667
4577,14.0611,,174,,9.93333
4578,14.0617,,173.5,,9.9
4579,14.0624,,173,,9.86667
4580,14.063,,172.5,,9.83333
4581,14.0637,,172,,9.8
4582,14.064,,171.25,,9.85
4583,14.0643,,170.5,,9.9
4584,14.0646,,169.75,,9.95
4585,14.065,,169,,10
4586,14.0652,,168.25,,10.1
4587,14.0654,,167.5,,10.2
4588,14.0656,,166.75,,10.3
4589,14.0658,,166,,10.4
4590,14.0661,,165,,10.4
4591,14.0663,,164,,10.4
4592,14.0665,,163,,10.4
4593,14.0667,,161.667,,10.3333
4594,14.0669,,160.333,,10.2667
4595,14.0671,,159,,10.2
4596,14.0671,,158,,10.2
4597,14.0672,,157,,10.2
